cohort,station,date,confidence,rpf,true_start,true_end,true_slots,required_mwh,proposed_mwh,correct_mwh,input_ok,sigma,best_start,best_end,best_score,runner_start,runner_end,runner_score,margin_window,r_best,p,outcome
beta,beta_A,2023-10-01,sure,0,-1,-1,0,0.0,0.0,0.0,True,0.43765817093110115,-1,-1,0.0,45,45,-35.66832904721403,,-35.66832904721403,0.00012799563027683885,AUTO_KEEP
beta,beta_A,2023-10-02,sure,0,-1,-1,0,0.0,3.3557739999999994,0.0,True,0.43765817093110115,46,57,9.627903022860297,58,58,-7.983496722010554,9.627903022860297,9.627903022860297,0.11699105821122771,AUTO_KEEP
beta,beta_A,2023-10-03,sure,0,-1,-1,0,0.0,0.0,0.0,True,0.43765817093110115,-1,-1,0.0,45,45,-148.23221192152033,,-148.23221192152033,2.49953608067182e-05,AUTO_KEEP
beta,beta_A,2023-10-04,sure,0,-1,-1,0,0.0,0.0,0.0,True,0.43765817093110115,-1,-1,0.0,46,47,-63.602743877293214,,-63.602743877293214,6.622005851555557e-05,AUTO_KEEP
beta,beta_A,2023-10-05,sure,1,41,62,22,38.4781155,38.4781155,38.4781155,True,0.43765817093110115,41,62,244.68907049591135,40,40,-7.074169316842059,244.68907049591135,244.68907049591135,0.8366586327788369,AUTO_CORRECT
beta,beta_A,2023-10-06,sure,0,-1,-1,0,0.0,0.022760499999999996,0.0,True,0.43765817093110115,43,57,0.032971258882708424,59,59,-0.2576809386043256,0.032971258882708424,0.032971258882708424,0.008714986665793732,AUTO_KEEP
beta,beta_A,2023-10-07,sure,1,45,62,18,38.603265,39.173149499999994,38.603265,True,0.43765817093110115,44,62,366.8462064423525,63,63,-4.367856580353043,366.8462064423525,366.8462064423525,0.8912192113640481,AUTO_CORRECT
beta,beta_A,2023-10-08,sure,1,45,61,17,36.1102095,36.231432,36.1095275,True,0.43765817093110115,46,62,291.8786822819768,42,43,1.7970588288365015,290.0816234531403,291.8786822819768,0.8627158653578996,AUTO_CORRECT
beta,beta_A,2023-10-09,sure,0,-1,-1,0,0.0,0.0,0.0,False,,-1,-1,,-1,-1,,,,,UNCERTAIN
beta,beta_A,2023-10-10,sure,0,-1,-1,0,0.0,1.215816,0.0,True,0.43765817093110115,44,58,0.7257670407517204,43,43,-12.675537707429163,0.7257670407517204,0.7257670407517204,0.0157244212712891,AUTO_KEEP
beta,beta_A,2023-10-11,unsure,0,-1,-1,0,0.0,6.568228,0.0,True,0.43765817093110115,44,60,12.004597836069754,61,61,-1.7379503946864445,12.004597836069754,12.004597836069754,0.1435180459534338,AUTO_KEEP
beta,beta_A,2023-10-12,sure,0,-1,-1,0,0.0,0.3843945,0.0,True,0.43765817093110115,48,52,0.802718729142652,45,45,0.10970392824211429,0.6930148009005377,0.802718729142652,0.016529780666396987,AUTO_KEEP
beta,beta_A,2023-10-13,sure,0,-1,-1,0,0.0,0.0,0.0,False,,-1,-1,,-1,-1,,,,,UNCERTAIN
beta,beta_A,2023-10-14,sure,1,43,57,15,18.438575500000006,0.0,0.0,False,,-1,-1,,-1,-1,,,,,UNCERTAIN
beta,beta_A,2023-10-15,sure,1,43,59,17,25.982577,27.4316085,25.982577,True,0.43765817093110115,40,61,134.76547264306896,39,39,-27.411185349556256,134.76547264306896,134.76547264306896,0.7197693405645968,AUTO_CORRECT
beta,beta_A,2023-10-16,unsure,0,-1,-1,0,0.0,1.636384,0.0,True,0.43765817093110115,41,41,69.4322969531047,44,44,47.392664186775576,22.03963276632912,69.4322969531047,0.5447758108340052,UNCERTAIN
beta,beta_A,2023-10-17,unsure,1,48,58,11,5.229094,1.094432,1.094432,True,0.43765817093110115,52,52,60.78701739649039,45,50,31.07804912276665,29.70896827372374,60.78701739649039,0.50679532797316,UNCERTAIN
beta,beta_A,2023-10-18,sure,1,47,63,17,31.803866499999998,31.76145649999999,31.655807499999998,True,0.43765817093110115,41,62,190.67061302103147,40,40,-6.569248984031319,190.67061302103147,190.67061302103147,0.7932505665194248,AUTO_CORRECT
beta,beta_A,2023-10-19,unsure,0,-1,-1,0,0.0,0.3101115,0.0,True,0.43765817093110115,56,60,2.5699492133974426,62,63,-0.059530115726958176,2.5699492133974426,2.5699492133974426,0.03588834523440074,AUTO_KEEP
beta,beta_A,2023-10-20,sure,0,-1,-1,0,0.0,0.0,0.0,False,,-1,-1,,-1,-1,,,,,UNCERTAIN
beta,beta_A,2023-10-21,sure,0,-1,-1,0,0.0,0.5533465,0.0,True,0.43765817093110115,43,57,0.7184770561263876,42,42,-8.213108768899506,0.7184770561263876,0.7184770561263876,0.015648358246381645,AUTO_KEEP
beta,beta_A,2023-10-22,sure,0,-1,-1,0,0.0,2.9339899999999997,0.0,True,0.43765817093110115,41,57,1.2268872813736948,58,58,-14.981743364644954,1.2268872813736948,1.2268872813736948,0.021041018864040605,AUTO_KEEP
beta,beta_A,2023-10-23,sure,0,-1,-1,0,0.0,0.0,0.0,False,,-1,-1,,-1,-1,,,,,UNCERTAIN
beta,beta_A,2023-10-24,sure,0,-1,-1,0,0.0,0.0,0.0,False,,-1,-1,,-1,-1,,,,,UNCERTAIN
beta,beta_A,2023-10-25,sure,0,-1,-1,0,0.0,0.0,0.0,False,,-1,-1,,-1,-1,,,,,UNCERTAIN
beta,beta_A,2023-10-26,sure,0,-1,-1,0,0.0,0.0,0.0,True,0.43765817093110115,-1,-1,0.0,24,24,-3060.885973991166,,-3060.885973991166,7.428492622255128e-07,AUTO_KEEP
beta,beta_A,2023-10-27,sure,0,-1,-1,0,0.0,3.535121,0.0,True,0.43765817093110115,57,57,80.0721410114896,62,63,21.638020644379377,58.434120367110225,80.0721410114896,0.5849937184881631,UNCERTAIN
beta,beta_A,2023-10-28,sure,0,-1,-1,0,0.0,0.1923145,0.0,True,0.43765817093110115,56,57,4.881714213562244,51,51,0.14273844067512823,4.738975772887116,4.881714213562244,0.062400793721742454,AUTO_KEEP
beta,beta_A,2023-10-29,sure,1,41,57,17,33.4171485,37.5011125,33.4171485,True,0.43765817093110115,37,64,246.32732394561313,36,36,-139.24126861481406,246.32732394561313,246.32732394561313,0.8377128228876646,AUTO_CORRECT
beta,beta_A,2023-10-30,sure,0,-1,-1,0,0.0,0.0825345,0.0,True,0.43765817093110115,43,53,0.07897973762361447,42,42,-1.0007491076532422,0.07897973762361447,0.07897973762361447,0.009164180925915269,AUTO_KEEP
beta,beta_A,2023-10-31,unsure,0,-1,-1,0,0.0,11.814007500000002,0.0,True,0.43765817093110115,43,61,12.961997621504574,62,62,-128.86837802769725,12.961997621504574,12.961997621504574,0.15398198402629773,AUTO_KEEP
beta,beta_A,2023-11-01,sure,0,-1,-1,0,0.0,0.258816,0.0,True,0.43765817093110115,57,57,31.324233791879518,40,40,24.094557543237773,7.229676248641745,31.324233791879518,0.32590306550863773,UNCERTAIN
beta,beta_A,2023-11-02,sure,0,-1,-1,0,0.0,0.6445825000000001,0.0,True,0.43765817093110115,41,44,3.045179277009356,53,53,2.8027494339662127,0.2424298430431433,3.045179277009356,0.04127460992891843,AUTO_KEEP
beta,beta_A,2023-11-03,sure,0,-1,-1,0,0.0,0.223711,0.0,True,0.43765817093110115,58,58,8.200941504460156,50,55,2.0111099003577317,6.189831604102424,8.200941504460156,0.10074066341484582,AUTO_KEEP
beta,beta_A,2023-11-04,sure,0,-1,-1,0,0.0,0.248779,0.0,True,0.43765817093110115,62,62,17.38826862233675,63,63,-34.650822770493214,17.38826862233675,17.38826862233675,0.20048872010411928,AUTO_KEEP
beta,beta_A,2023-11-05,sure,0,-1,-1,0,0.0,0.0,0.0,True,0.43765817093110115,-1,-1,0.0,61,61,-611.6817595883455,,-611.6817595883455,4.831304733056744e-06,AUTO_KEEP
beta,beta_A,2023-11-06,sure,0,-1,-1,0,0.0,0.3156785,0.0,True,0.43765817093110115,41,41,3.3965117540284364,43,43,-1.8773041877336034,3.3965117540284364,3.3965117540284364,0.04528510031881964,AUTO_KEEP
beta,beta_A,2023-11-07,sure,0,-1,-1,0,0.0,0.0,0.0,False,,-1,-1,,-1,-1,,,,,UNCERTAIN
beta,beta_A,2023-11-08,sure,0,-1,-1,0,0.0,2.755549,0.0,True,0.43765817093110115,55,55,98.18659074487293,51,51,90.64189396398095,7.544696780891982,98.18659074487293,0.6406048975021127,UNCERTAIN
beta,beta_A,2023-11-09,sure,0,-1,-1,0,0.0,2.1159895,0.0,True,0.43765817093110115,48,58,12.878683793453854,59,59,-265.7365175248865,12.878683793453854,12.878683793453854,0.15307682373277215,AUTO_KEEP
beta,beta_A,2023-11-10,sure,0,-1,-1,0,0.0,0.0,0.0,False,,-1,-1,,-1,-1,,,,,UNCERTAIN
beta,beta_A,2023-11-11,sure,0,-1,-1,0,0.0,3.5780030000000003,0.0,True,0.43765817093110115,42,54,1.0572242792921756,41,41,-23.470646413502873,1.0572242792921756,1.0572242792921756,0.019222979857331495,AUTO_KEEP
beta,beta_A,2023-11-12,unsure,0,-1,-1,0,0.0,6.9036395,0.0,True,0.43765817093110115,41,56,13.74575313620837,57,57,-42.20885593429262,13.74575313620837,13.74575313620837,0.16244512977346923,AUTO_KEEP
beta,beta_A,2023-11-13,sure,0,-1,-1,0,0.0,0.0,0.0,True,0.43765817093110115,-1,-1,0.0,60,60,-7.944419340570316,,-7.944419340570316,0.0006607395475486219,AUTO_KEEP
beta,beta_A,2023-11-14,sure,0,-1,-1,0,0.0,0.0,0.0,False,,-1,-1,,-1,-1,,,,,UNCERTAIN
beta,beta_A,2023-11-15,sure,0,-1,-1,0,0.0,0.0,0.0,True,0.43765817093110115,-1,-1,0.0,46,46,-0.7217228865903933,,-0.7217228865903933,0.0044784203362400726,AUTO_KEEP
beta,beta_A,2023-11-16,sure,0,-1,-1,0,0.0,0.3700535,0.0,True,0.43765817093110115,47,55,0.49371608031859665,56,56,-3.7783821758241882,0.49371608031859665,0.49371608031859665,0.01332446031137113,AUTO_KEEP
beta,beta_A,2023-11-17,sure,1,49,64,16,26.758999,18.841344,18.841344,True,0.43765817093110115,55,63,324.8606308550748,50,50,16.55158412807973,308.30904672699506,324.8606308550748,0.8767726253738516,AUTO_CORRECT
beta,beta_A,2023-11-18,sure,0,-1,-1,0,0.0,0.0,0.0,False,,-1,-1,,-1,-1,,,,,UNCERTAIN
beta,beta_A,2023-11-19,sure,1,38,61,24,32.108514,33.25524000000001,32.108514,True,0.43765817093110115,36,61,189.27510352011404,62,62,-10.855125388968425,189.27510352011404,189.27510352011404,0.7918524152367923,AUTO_CORRECT
beta,beta_A,2023-11-20,sure,0,-1,-1,0,0.0,0.0,0.0,True,0.43765817093110115,-1,-1,0.0,53,53,-783.4514901147103,,-783.4514901147103,3.623763145371062e-06,AUTO_KEEP
beta,beta_A,2023-11-21,unsure,0,-1,-1,0,0.0,0.2441305,0.0,True,0.43765817093110115,60,61,2.422139619166358,55,55,-2.165621993049203,2.422139619166358,2.422139619166358,0.03422403981971824,AUTO_KEEP
beta,beta_A,2023-11-22,sure,1,53,55,3,0.026421,0.3705205,0.0,True,0.43765817093110115,49,49,8.326586386905525,46,46,3.3323517165402157,4.9942346703653095,8.326586386905525,0.10217961051826249,AUTO_KEEP
beta,beta_A,2023-11-23,sure,0,-1,-1,0,0.0,0.0,0.0,False,,-1,-1,,-1,-1,,,,,UNCERTAIN
beta,beta_A,2023-11-24,sure,0,-1,-1,0,0.0,0.0,0.0,True,0.43765817093110115,-1,-1,0.0,42,42,-1210.488953979335,,-1210.488953979335,2.185250722887646e-06,AUTO_KEEP
beta,beta_A,2023-11-25,sure,0,-1,-1,0,0.0,0.0,0.0,True,0.43765817093110115,-1,-1,0.0,56,56,-2057.901813926241,,-2057.901813926241,1.1788930274341582e-06,AUTO_KEEP
beta,beta_A,2023-11-26,sure,0,-1,-1,0,0.0,0.0,0.0,True,0.43765817093110115,-1,-1,0.0,39,47,-12.428437977945585,,-12.428437977945585,0.00041187932183730207,AUTO_KEEP
beta,beta_A,2023-11-27,sure,0,-1,-1,0,0.0,0.0,0.0,True,0.43765817093110115,-1,-1,0.0,47,48,-0.7061128660807585,,-0.7061128660807585,0.0045259242606117585,AUTO_KEEP
beta,beta_A,2023-11-28,sure,0,-1,-1,0,0.0,0.0,0.0,True,0.43765817093110115,-1,-1,0.0,57,57,-2902.9314974882536,,-2902.9314974882536,7.900774952837911e-07,AUTO_KEEP
beta,beta_A,2023-11-29,sure,0,-1,-1,0,0.0,2.557691,0.0,True,0.43765817093110115,46,47,99.58934013746064,49,52,3.733686143396214,95.85565399406443,99.58934013746064,0.644358814047211,UNCERTAIN
beta,beta_A,2023-11-30,sure,0,-1,-1,0,0.0,0.0,0.0,True,0.43765817093110115,-1,-1,0.0,49,49,-15.390837378177455,,-15.390837378177455,0.00032662979722152913,AUTO_KEEP
beta,beta_A,2023-12-01,sure,0,-1,-1,0,0.0,0.0,0.0,True,0.43765817093110115,-1,-1,0.0,48,51,-0.48957849868134057,,-0.48957849868134057,0.005296229431749746,AUTO_KEEP
beta,beta_A,2023-12-02,sure,0,-1,-1,0,0.0,0.0,0.0,False,,-1,-1,,-1,-1,,,,,UNCERTAIN
beta,beta_A,2023-12-03,sure,0,-1,-1,0,0.0,12.5742235,0.0,True,0.43765817093110115,39,60,18.28886507486417,38,38,-66.9792473705657,18.28886507486417,18.28886507486417,0.20955688232404568,AUTO_KEEP
beta,beta_A,2023-12-04,sure,0,-1,-1,0,0.0,0.0,0.0,False,,-1,-1,,-1,-1,,,,,UNCERTAIN
beta,beta_A,2023-12-05,sure,0,-1,-1,0,0.0,0.0,0.0,True,0.43765817093110115,-1,-1,0.0,43,45,-41.197814829207466,,-41.197814829207466,0.00010869684909134327,AUTO_KEEP
beta,beta_A,2023-12-06,sure,0,-1,-1,0,0.0,0.0,0.0,True,0.43765817093110115,-1,-1,0.0,49,49,-26.44708932811974,,-26.44708932811974,0.000179293635080479,AUTO_KEEP
beta,beta_A,2023-12-07,sure,0,-1,-1,0,0.0,0.0,0.0,True,0.43765817093110115,-1,-1,0.0,45,45,-130.0280119683067,,-130.0280119683067,2.908083730607223e-05,AUTO_KEEP
beta,beta_A,2023-12-08,sure,0,-1,-1,0,0.0,0.0,0.0,True,0.43765817093110115,-1,-1,0.0,45,45,-1065.283941263585,,-1065.283941263585,2.535282353902272e-06,AUTO_KEEP
beta,beta_A,2023-12-09,sure,0,-1,-1,0,0.0,0.0,0.0,False,,-1,-1,,-1,-1,,,,,UNCERTAIN
beta,beta_A,2023-12-10,sure,0,-1,-1,0,0.0,0.0,0.0,True,0.43765817093110115,-1,-1,0.0,56,56,-271.8324773257118,,-271.8324773257118,1.238588335642424e-05,AUTO_KEEP
beta,beta_A,2023-12-11,sure,0,-1,-1,0,0.0,0.0,0.0,True,0.43765817093110115,-1,-1,0.0,43,49,-304.5347268308534,,-304.5347268308534,1.0857082021113444e-05,AUTO_KEEP
beta,beta_A,2023-12-12,sure,0,-1,-1,0,0.0,0.0,0.0,True,0.43765817093110115,-1,-1,0.0,47,49,-686.9021529050743,,-686.9021529050743,4.222196051635968e-06,AUTO_KEEP
beta,beta_A,2023-12-13,sure,0,-1,-1,0,0.0,0.0,0.0,True,0.43765817093110115,-1,-1,0.0,52,53,-438.2225687716072,,-438.2225687716072,7.11675283433374e-06,AUTO_KEEP
beta,beta_A,2023-12-14,sure,0,-1,-1,0,0.0,0.0,0.0,True,0.43765817093110115,-1,-1,0.0,38,38,-2599.0600057688785,,-2599.0600057688785,8.98529782367464e-07,AUTO_KEEP
beta,beta_A,2023-12-15,sure,0,-1,-1,0,0.0,0.0,0.0,True,0.43765817093110115,-1,-1,0.0,49,49,-448.38520522494287,,-448.38520522494287,6.929808992626429e-06,AUTO_KEEP
beta,beta_A,2023-12-16,sure,0,-1,-1,0,0.0,0.0,0.0,True,0.43765817093110115,-1,-1,0.0,37,39,-1744.3216810517226,,-1744.3216810517226,1.428841940151952e-06,AUTO_KEEP
beta,beta_A,2023-12-17,sure,0,-1,-1,0,0.0,0.0,0.0,True,0.43765817093110115,-1,-1,0.0,50,51,-85.43009502166272,,-85.43009502166272,4.719383008684078e-05,AUTO_KEEP
beta,beta_A,2023-12-18,sure,0,-1,-1,0,0.0,0.0,0.0,True,0.43765817093110115,-1,-1,0.0,55,56,-725.8739784094727,,-725.8739784094727,3.959929401950339e-06,AUTO_KEEP
beta,beta_A,2023-12-19,sure,0,-1,-1,0,0.0,0.0,0.0,True,0.43765817093110115,-1,-1,0.0,24,24,-3933.3269515882453,,-3933.3269515882453,5.548703178991355e-07,AUTO_KEEP
beta,beta_A,2023-12-20,sure,0,-1,-1,0,0.0,0.0,0.0,True,0.43765817093110115,-1,-1,0.0,24,24,-3791.13185368541,,-3791.13185368541,5.791567969226949e-07,AUTO_KEEP
beta,beta_A,2023-12-21,sure,0,-1,-1,0,0.0,0.0,0.0,True,0.43765817093110115,-1,-1,0.0,36,36,-527.7116418136699,,-527.7116418136699,5.735375753475205e-06,AUTO_KEEP
beta,beta_A,2023-12-22,sure,0,-1,-1,0,0.0,7.8520985,0.0,True,0.43765817093110115,41,59,11.353552210974929,61,62,-4.945252750279559,11.353552210974929,11.353552210974929,0.13632660378784855,AUTO_KEEP
beta,beta_A,2023-12-23,sure,0,-1,-1,0,0.0,12.6496155,0.0,True,0.43765817093110115,45,62,10.28173433591091,44,44,-93.11653054843393,10.28173433591091,10.28173433591091,0.1243615384604744,AUTO_KEEP
beta,beta_A,2023-12-24,sure,0,-1,-1,0,0.0,0.0,0.0,True,0.43765817093110115,-1,-1,0.0,61,61,-267.6863913425678,,-267.6863913425678,1.2608580531202662e-05,AUTO_KEEP
beta,beta_A,2023-12-25,unsure,0,-1,-1,0,0.0,7.227845500000001,0.0,True,0.43765817093110115,41,52,42.50020633010462,60,60,-4.133525893418973,42.50020633010462,42.50020633010462,0.4058364897463987,UNCERTAIN
beta,beta_A,2023-12-26,sure,0,-1,-1,0,0.0,0.0,0.0,True,0.43765817093110115,-1,-1,0.0,47,47,-379.9674550108343,,-379.9674550108343,8.39839845831247e-06,AUTO_KEEP
beta,beta_A,2023-12-27,sure,0,-1,-1,0,0.0,0.0,0.0,True,0.43765817093110115,-1,-1,0.0,43,46,-43.20987555398329,,-43.20987555398329,0.00010296220587612526,AUTO_KEEP
beta,beta_A,2023-12-28,sure,0,-1,-1,0,0.0,0.0,0.0,True,0.43765817093110115,-1,-1,0.0,45,45,-130.48181498088377,,-130.48181498088377,2.8964068251303774e-05,AUTO_KEEP
beta,beta_A,2023-12-29,sure,0,-1,-1,0,0.0,0.0,0.0,True,0.43765817093110115,-1,-1,0.0,48,49,-582.1154609510486,,-582.1154609510486,5.117546800030549e-06,AUTO_KEEP
beta,beta_A,2023-12-30,sure,0,-1,-1,0,0.0,19.116032,0.0,True,0.43765817093110115,45,61,23.005859271556293,40,40,-183.73665308004126,23.005859271556293,23.005859271556293,0.2548314785727213,AUTO_KEEP
beta,beta_A,2023-12-31,sure,0,-1,-1,0,0.0,0.0,0.0,True,0.43765817093110115,-1,-1,0.0,61,61,-2146.045265175702,,-2146.045265175702,1.122762622455669e-06,AUTO_KEEP
beta,beta_A,2024-01-01,sure,0,-1,-1,0,0.0,0.0,0.0,True,0.43765817093110115,-1,-1,0.0,62,62,-1409.4247747978995,,-1409.4247747978995,1.8308778407810738e-06,AUTO_KEEP
beta,beta_A,2024-01-02,sure,0,-1,-1,0,0.0,0.0,0.0,True,0.43765817093110115,-1,-1,0.0,49,49,-80.292189828226,,-80.292189828226,5.068248631218383e-05,AUTO_KEEP
beta,beta_A,2024-01-03,sure,0,-1,-1,0,0.0,0.0,0.0,True,0.43765817093110115,-1,-1,0.0,45,47,-190.2326316558132,,-190.2326316558132,1.872959531422211e-05,AUTO_KEEP
beta,beta_A,2024-01-04,sure,0,-1,-1,0,0.0,0.0,0.0,True,0.43765817093110115,-1,-1,0.0,43,51,-501.8447482895103,,-501.8447482895103,6.080141270381313e-06,AUTO_KEEP
beta,beta_A,2024-01-05,sure,0,-1,-1,0,0.0,1.7237080000000002,0.0,True,0.43765817093110115,49,51,20.686725253342985,47,47,-53.952245163093515,20.686725253342985,20.686725253342985,0.2330370998132664,AUTO_KEEP
beta,beta_A,2024-01-06,sure,0,-1,-1,0,0.0,16.62706,0.0,True,0.43765817093110115,40,61,4.4780678675206795,62,62,-107.34532968267287,4.4780678675206795,4.4780678675206795,0.05773182519959514,AUTO_KEEP
beta,beta_A,2024-01-07,sure,0,-1,-1,0,0.0,0.0,0.0,True,0.43765817093110115,-1,-1,0.0,46,46,-41.92694216702041,,-41.92694216702041,0.00010655153199486365,AUTO_KEEP
beta,beta_A,2024-01-08,sure,0,-1,-1,0,0.0,0.0,0.0,True,0.43765817093110115,-1,-1,0.0,35,35,-1565.908646936966,,-1565.908646936966,1.6198842488804467e-06,AUTO_KEEP
beta,beta_A,2024-01-09,sure,0,-1,-1,0,0.0,0.0,0.0,True,0.43765817093110115,-1,-1,0.0,47,54,-50.62947747321053,,-50.62947747321053,8.595566160042062e-05,AUTO_KEEP
beta,beta_A,2024-01-10,sure,0,-1,-1,0,0.0,0.0,0.0,True,0.43765817093110115,-1,-1,0.0,56,57,-595.572135460171,,-595.572135460171,4.983461490134355e-06,AUTO_KEEP
beta,beta_A,2024-01-11,sure,0,-1,-1,0,0.0,0.0,0.0,True,0.43765817093110115,-1,-1,0.0,46,48,-1328.2351395026053,,-1328.2351395026053,1.961658156624899e-06,AUTO_KEEP
beta,beta_A,2024-01-12,sure,0,-1,-1,0,0.0,0.0,0.0,False,,-1,-1,,-1,-1,,,,,UNCERTAIN
beta,beta_A,2024-01-13,sure,0,-1,-1,0,0.0,0.0,0.0,True,0.43765817093110115,-1,-1,0.0,44,44,-860.3952710533914,,-860.3952710533914,3.2498994206029507e-06,AUTO_KEEP
beta,beta_A,2024-01-14,sure,0,-1,-1,0,0.0,0.0,0.0,True,0.43765817093110115,-1,-1,0.0,63,63,-1046.4679976734963,,-1046.4679976734963,2.588358587729056e-06,AUTO_KEEP
beta,beta_A,2024-01-15,sure,0,-1,-1,0,0.0,0.0,0.0,True,0.43765817093110115,-1,-1,0.0,45,45,-582.8443632612425,,-582.8443632612425,5.1101124665739865e-06,AUTO_KEEP
beta,beta_A,2024-01-16,sure,0,-1,-1,0,0.0,0.0,0.0,True,0.43765817093110115,-1,-1,0.0,48,48,-2058.5216954677994,,-2058.5216954677994,1.178480112945087e-06,AUTO_KEEP
beta,beta_A,2024-01-17,sure,0,-1,-1,0,0.0,0.0,0.0,True,0.43765817093110115,-1,-1,0.0,43,43,-657.9592980674881,,-657.9592980674881,4.438773890010552e-06,AUTO_KEEP
beta,beta_A,2024-01-18,sure,0,-1,-1,0,0.0,0.0,0.0,True,0.43765817093110115,-1,-1,0.0,40,42,-1728.564522836899,,-1728.564522836899,1.444002047511893e-06,AUTO_KEEP
beta,beta_A,2024-01-19,sure,0,-1,-1,0,0.0,3.5779765,0.0,True,0.43765817093110115,46,54,6.36846508200043,55,55,-30.437104764940653,6.36846508200043,6.36846508200043,0.07962276401800243,AUTO_KEEP
beta,beta_A,2024-01-20,sure,0,-1,-1,0,0.0,0.0,0.0,True,0.43765817093110115,-1,-1,0.0,60,60,-698.0884632836685,,-698.0884632836685,4.143677175733726e-06,AUTO_KEEP
beta,beta_A,2024-01-21,sure,0,-1,-1,0,0.0,0.0,0.0,True,0.43765817093110115,-1,-1,0.0,38,38,-1456.490944576402,,-1456.490944576402,1.7622570055900796e-06,AUTO_KEEP
beta,beta_A,2024-01-22,unsure,0,-1,-1,0,0.0,0.0,0.0,True,0.43765817093110115,-1,-1,0.0,50,50,-105.21923156433785,,-105.21923156433785,3.7127078697445145e-05,AUTO_KEEP
beta,beta_A,2024-01-23,unsure,0,-1,-1,0,0.0,1.39194,0.0,True,0.43765817093110115,59,59,19.63843390532946,54,54,-85.63175422076249,19.63843390532946,19.63843390532946,0.2228908896258865,AUTO_KEEP
beta,beta_A,2024-01-24,sure,0,-1,-1,0,0.0,0.0,0.0,True,0.43765817093110115,-1,-1,0.0,45,45,-194.92780606121914,,-194.92780606121914,1.820831405662496e-05,AUTO_KEEP
beta,beta_A,2024-01-25,sure,0,-1,-1,0,0.0,0.0,0.0,True,0.43765817093110115,-1,-1,0.0,24,24,-4842.614503239223,,-4842.614503239223,4.3561935966430595e-07,AUTO_KEEP
beta,beta_A,2024-01-26,sure,0,-1,-1,0,0.0,0.0,0.0,True,0.43765817093110115,-1,-1,0.0,30,30,-4509.542662546876,,-4509.542662546876,4.7327554260741833e-07,AUTO_KEEP
beta,beta_A,2024-01-27,sure,0,-1,-1,0,0.0,0.0,0.0,True,0.43765817093110115,-1,-1,0.0,69,69,-3122.2603478851875,,-3122.2603478851875,7.25889070327868e-07,AUTO_KEEP
beta,beta_A,2024-01-28,unsure,0,-1,-1,0,0.0,0.0,0.0,True,0.43765817093110115,-1,-1,0.0,52,52,-59.82361096751507,,-59.82361096751507,7.103177225098079e-05,AUTO_KEEP
beta,beta_A,2024-01-29,sure,0,-1,-1,0,0.0,0.0,0.0,True,0.43765817093110115,-1,-1,0.0,49,49,-1160.4974111891324,,-1160.4974111891324,2.2950862516158387e-06,AUTO_KEEP
beta,beta_A,2024-01-30,sure,0,-1,-1,0,0.0,0.0,0.0,True,0.43765817093110115,-1,-1,0.0,49,50,-2128.6296930082635,,-2128.6296930082635,1.1334547889808541e-06,AUTO_KEEP
beta,beta_A,2024-01-31,sure,0,-1,-1,0,0.0,0.0,0.0,True,0.43765817093110115,-1,-1,0.0,63,63,-1582.981562908826,,-1582.981562908826,1.5995835533465655e-06,AUTO_KEEP
beta,beta_A,2024-02-01,sure,0,-1,-1,0,0.0,0.0,0.0,True,0.43765817093110115,-1,-1,0.0,60,60,-635.4410724567106,,-635.4410724567106,4.6220625427475236e-06,AUTO_KEEP
beta,beta_A,2024-02-02,sure,0,-1,-1,0,0.0,0.0,0.0,True,0.43765817093110115,-1,-1,0.0,41,53,-1144.053802308017,,-1144.053802308017,2.3334863297122514e-06,AUTO_KEEP
beta,beta_A,2024-02-03,sure,0,-1,-1,0,0.0,0.0,0.0,True,0.43765817093110115,-1,-1,0.0,62,62,-635.8057021667556,,-635.8057021667556,4.618982809066603e-06,AUTO_KEEP
beta,beta_A,2024-02-04,sure,0,-1,-1,0,0.0,0.0,0.0,True,0.43765817093110115,-1,-1,0.0,41,42,-718.433921352699,,-718.433921352699,4.007626520707041e-06,AUTO_KEEP
beta,beta_A,2024-02-05,sure,0,-1,-1,0,0.0,0.0,0.0,True,0.43765817093110115,-1,-1,0.0,24,24,-5388.94021074849,,-5388.94021074849,3.846742329466471e-07,AUTO_KEEP
beta,beta_A,2024-02-06,sure,0,-1,-1,0,0.0,0.0,0.0,True,0.43765817093110115,-1,-1,0.0,49,49,-3024.4347256265473,,-3024.4347256265473,7.532749887106836e-07,AUTO_KEEP
beta,beta_A,2024-02-07,sure,0,-1,-1,0,0.0,0.0,0.0,True,0.43765817093110115,-1,-1,0.0,55,55,-1961.940606753514,,-1961.940606753514,1.246226127846884e-06,AUTO_KEEP
beta,beta_A,2024-02-08,sure,0,-1,-1,0,0.0,0.0,0.0,True,0.43765817093110115,-1,-1,0.0,44,45,-8.940818898386821,,-8.940818898386821,0.0005843632471167999,AUTO_KEEP
beta,beta_A,2024-02-09,sure,0,-1,-1,0,0.0,0.0,0.0,True,0.43765817093110115,-1,-1,0.0,57,57,-276.1946848110667,,-276.1946848110667,1.2159348327283495e-05,AUTO_KEEP
beta,beta_A,2024-02-10,unsure,0,-1,-1,0,0.0,2.2255165,0.0,True,0.43765817093110115,58,58,88.82388491786006,49,51,5.686439113086487,83.13744580477356,88.82388491786006,0.6136316995057434,UNCERTAIN
beta,beta_A,2024-02-11,sure,0,-1,-1,0,0.0,0.0,0.0,True,0.43765817093110115,-1,-1,0.0,45,45,-1193.7327628341975,,-1193.7327628341975,2.2209579300730274e-06,AUTO_KEEP
beta,beta_A,2024-02-12,sure,0,-1,-1,0,0.0,0.0,0.0,True,0.43765817093110115,-1,-1,0.0,52,52,-109.06938718825131,,-109.06938718825131,3.562018083689619e-05,AUTO_KEEP
beta,beta_A,2024-02-13,sure,0,-1,-1,0,0.0,0.0,0.0,True,0.43765817093110115,-1,-1,0.0,44,44,-1109.5524562498215,,-1109.5524562498215,2.4180627979026528e-06,AUTO_KEEP
beta,beta_A,2024-02-14,sure,0,-1,-1,0,0.0,0.0,0.0,True,0.43765817093110115,-1,-1,0.0,41,41,-2224.1320570403245,,-2224.1320570403245,1.0770430771014575e-06,AUTO_KEEP
beta,beta_A,2024-02-15,sure,0,-1,-1,0,0.0,0.0,0.0,True,0.43765817093110115,-1,-1,0.0,54,54,-3483.94289479608,,-3483.94289479608,6.389855188112598e-07,AUTO_KEEP
beta,beta_A,2024-02-16,sure,0,-1,-1,0,0.0,0.0,0.0,True,0.43765817093110115,-1,-1,0.0,51,51,-169.9606207917845,,-169.9606207917845,2.133838546859634e-05,AUTO_KEEP
beta,beta_A,2024-02-17,sure,0,-1,-1,0,0.0,0.0,0.0,True,0.43765817093110115,-1,-1,0.0,50,50,-1170.3018029983245,,-1170.3018029983245,2.2727450738946364e-06,AUTO_KEEP
beta,beta_A,2024-02-18,sure,0,-1,-1,0,0.0,0.0,0.0,True,0.43765817093110115,-1,-1,0.0,44,44,-397.764157850392,,-397.764157850392,7.963827083579252e-06,AUTO_KEEP
beta,beta_A,2024-02-19,sure,0,-1,-1,0,0.0,0.0,0.0,True,0.43765817093110115,-1,-1,0.0,24,24,-3923.542797570532,,-3923.542797570532,5.564804764307254e-07,AUTO_KEEP
beta,beta_A,2024-02-20,sure,0,-1,-1,0,0.0,0.0,0.0,True,0.43765817093110115,-1,-1,0.0,56,56,-827.4271052782052,,-827.4271052782052,3.400893811018755e-06,AUTO_KEEP
beta,beta_A,2024-02-21,unsure,0,-1,-1,0,0.0,0.0,0.0,True,0.43765817093110115,-1,-1,0.0,60,60,-38.33156688494257,,-38.33156688494257,0.00011796782637230158,AUTO_KEEP
beta,beta_A,2024-02-22,sure,0,-1,-1,0,0.0,0.0,0.0,True,0.43765817093110115,-1,-1,0.0,47,48,-498.92604385463096,,-498.92604385463096,6.12147048617873e-06,AUTO_KEEP
beta,beta_A,2024-02-23,sure,0,-1,-1,0,0.0,0.0,0.0,True,0.43765817093110115,-1,-1,0.0,24,24,-4054.2756081200187,,-4054.2756081200187,5.35659057647372e-07,AUTO_KEEP
beta,beta_A,2024-02-24,sure,0,-1,-1,0,0.0,0.0,0.0,True,0.43765817093110115,-1,-1,0.0,24,24,-4033.508373833485,,-4033.508373833485,5.388691208226991e-07,AUTO_KEEP
beta,beta_A,2024-02-25,unsure,0,-1,-1,0,0.0,0.0,0.0,True,0.43765817093110115,-1,-1,0.0,43,43,-49.01949878215452,,-49.01949878215452,8.91834418464111e-05,AUTO_KEEP
beta,beta_A,2024-02-26,sure,0,-1,-1,0,0.0,0.0,0.0,True,0.43765817093110115,-1,-1,0.0,48,48,-214.32621273855028,,-214.32621273855028,1.631384777630856e-05,AUTO_KEEP
beta,beta_A,2024-02-27,sure,0,-1,-1,0,0.0,0.0,0.0,True,0.43765817093110115,-1,-1,0.0,49,49,-3233.6166913311554,,-3233.6166913311554,6.96890340810651e-07,AUTO_KEEP
beta,beta_A,2024-02-28,sure,0,-1,-1,0,0.0,0.0,0.0,True,0.43765817093110115,-1,-1,0.0,60,60,-1051.001964282773,,-1051.001964282773,2.57538123085653e-06,AUTO_KEEP
beta,beta_A,2024-02-29,sure,0,-1,-1,0,0.0,0.0,0.0,True,0.43765817093110115,-1,-1,0.0,24,24,-4568.56093017118,,-4568.56093017118,4.6616963868771215e-07,AUTO_KEEP
beta,beta_A,2024-03-01,sure,0,-1,-1,0,0.0,0.0,0.0,True,0.43765817093110115,-1,-1,0.0,53,53,-2269.2759490230706,,-2269.2759490230706,1.052160461372547e-06,AUTO_KEEP
beta,beta_A,2024-03-02,sure,0,-1,-1,0,0.0,0.0,0.0,True,0.43765817093110115,-1,-1,0.0,42,42,-4063.992995358729,,-4063.992995358729,5.341691907378104e-07,AUTO_KEEP
beta,beta_A,2024-03-03,sure,0,-1,-1,0,0.0,0.0,0.0,True,0.43765817093110115,-1,-1,0.0,39,39,-329.77887320568726,,-329.77887320568726,9.89899674841417e-06,AUTO_KEEP
beta,beta_A,2024-03-04,sure,0,-1,-1,0,0.0,0.0,0.0,True,0.43765817093110115,-1,-1,0.0,66,66,-429.8851806986063,,-429.8851806986063,7.277256714812673e-06,AUTO_KEEP
beta,beta_A,2024-03-05,unsure,0,-1,-1,0,0.0,0.0,0.0,True,0.43765817093110115,-1,-1,0.0,58,58,-15.039390730901111,,-15.039390730901111,0.0003349706432139691,AUTO_KEEP
beta,beta_A,2024-03-06,sure,0,-1,-1,0,0.0,0.0,0.0,True,0.43765817093110115,-1,-1,0.0,47,47,-52.927010521712624,,-52.927010521712624,8.170933724740494e-05,AUTO_KEEP
beta,beta_A,2024-03-07,sure,0,-1,-1,0,0.0,0.0,0.0,True,0.43765817093110115,-1,-1,0.0,49,49,-409.8133285035845,,-409.8133285035845,7.692662497083018e-06,AUTO_KEEP
beta,beta_A,2024-03-08,sure,0,-1,-1,0,0.0,0.0,0.0,True,0.43765817093110115,-1,-1,0.0,52,52,-258.2162848978398,,-258.2162848978398,1.3146220699064998e-05,AUTO_KEEP
beta,beta_A,2024-03-09,sure,0,-1,-1,0,0.0,0.0,0.0,True,0.43765817093110115,-1,-1,0.0,53,53,-195.69333906801066,,-195.69333906801066,1.8125871361110975e-05,AUTO_KEEP
beta,beta_A,2024-03-10,sure,0,-1,-1,0,0.0,0.0,0.0,True,0.43765817093110115,-1,-1,0.0,48,48,-256.3727004270937,,-256.3727004270937,1.3255869637191761e-05,AUTO_KEEP
beta,beta_A,2024-03-11,sure,0,-1,-1,0,0.0,0.0,0.0,True,0.43765817093110115,-1,-1,0.0,52,52,-37.81275290895067,,-37.81275290895067,0.0001198046887342455,AUTO_KEEP
beta,beta_A,2024-03-12,sure,0,-1,-1,0,0.0,0.0,0.0,True,0.43765817093110115,-1,-1,0.0,47,48,-211.26014277218664,,-211.26014277218664,1.6588402326260304e-05,AUTO_KEEP
beta,beta_A,2024-03-13,sure,0,-1,-1,0,0.0,0.0,0.0,True,0.43765817093110115,-1,-1,0.0,50,50,-131.5011272251145,,-131.5011272251145,2.8704939755326798e-05,AUTO_KEEP
beta,beta_A,2024-03-14,sure,0,-1,-1,0,0.0,0.0,0.0,True,0.43765817093110115,-1,-1,0.0,45,46,-578.0832107078751,,-578.0832107078751,5.159039119710844e-06,AUTO_KEEP
beta,beta_A,2024-03-15,unsure,0,-1,-1,0,0.0,3.2734164999999997,0.0,True,0.43765817093110115,47,55,21.272633226882046,46,46,-4.090910906255893,21.272633226882046,21.272633226882046,0.2386277783601115,AUTO_KEEP
beta,beta_A,2024-03-16,sure,0,-1,-1,0,0.0,0.0,0.0,True,0.43765817093110115,-1,-1,0.0,45,45,-190.6059782337843,,-190.6059782337843,1.8687132509162947e-05,AUTO_KEEP
beta,beta_A,2024-03-17,sure,0,-1,-1,0,0.0,0.0,0.0,True,0.43765817093110115,-1,-1,0.0,48,48,-166.39839778882086,,-166.39839778882086,2.1867717262260852e-05,AUTO_KEEP
beta,beta_A,2024-03-18,sure,0,-1,-1,0,0.0,0.0,0.0,True,0.43765817093110115,-1,-1,0.0,59,64,-486.21346745626056,,-486.21346745626056,6.307740088093529e-06,AUTO_KEEP
beta,beta_A,2024-03-19,sure,0,-1,-1,0,0.0,0.0,0.0,True,0.43765817093110115,-1,-1,0.0,54,54,-84.24499178726016,,-84.24499178726016,4.795819091806842e-05,AUTO_KEEP
beta,beta_A,2024-03-20,sure,0,-1,-1,0,0.0,0.0,0.0,True,0.43765817093110115,-1,-1,0.0,24,24,-3676.626914991434,,-3676.626914991434,6.001947370369445e-07,AUTO_KEEP
beta,beta_A,2024-03-21,unsure,0,-1,-1,0,0.0,0.9620635,0.0,True,0.43765817093110115,45,46,57.698839911118114,54,63,13.113735099361092,44.58510481175702,57.698839911118114,0.4918793083950123,UNCERTAIN
beta,beta_A,2024-03-22,sure,0,-1,-1,0,0.0,0.0,0.0,True,0.43765817093110115,-1,-1,0.0,58,58,-180.5951752046285,,-180.5951752046285,1.9891279815682963e-05,AUTO_KEEP
beta,beta_A,2024-03-23,sure,0,-1,-1,0,0.0,1.661983,0.0,True,0.43765817093110115,53,53,0.2681886520919478,56,56,-0.87631565820828,0.2681886520919478,0.2681886520919478,0.011039036119355791,AUTO_KEEP
beta,beta_A,2024-03-24,unsure,0,-1,-1,0,0.0,18.787717,0.0,True,0.43765817093110115,45,61,3.160900030680093,43,43,-40.3071596146863,3.160900030680093,3.160900030680093,0.04259321732331308,AUTO_KEEP
beta,beta_A,2024-03-25,sure,0,-1,-1,0,0.0,0.0,0.0,True,0.43765817093110115,-1,-1,0.0,50,50,-6.306260616474564,,-6.306260616474564,0.0008359812077277397,AUTO_KEEP
beta,beta_A,2024-03-26,sure,0,-1,-1,0,0.0,0.0,0.0,True,0.43765817093110115,-1,-1,0.0,52,53,-11.321873524430409,,-11.321873524430409,0.0004552136334012333,AUTO_KEEP
beta,beta_A,2024-03-27,unsure,0,-1,-1,0,0.0,0.38956799999999997,0.0,True,0.43765817093110115,50,53,0.555936428769559,49,49,-14.94652479167989,0.555936428769559,0.555936428769559,0.013963493333303658,AUTO_KEEP
beta,beta_A,2024-03-28,sure,0,-1,-1,0,0.0,0.0,0.0,True,0.43765817093110115,-1,-1,0.0,53,53,-139.17529747944732,,-139.17529747944732,2.6884492923163348e-05,AUTO_KEEP
beta,beta_A,2024-03-29,sure,0,-1,-1,0,0.0,2.216027,0.0,True,0.43765817093110115,56,58,46.94050759246454,61,61,3.6947290987187538,43.24577849374579,46.94050759246454,0.4333749046035606,UNCERTAIN
beta,beta_A,2024-03-30,sure,0,-1,-1,0,0.0,6.1316895,0.0,True,0.43765817093110115,43,57,3.967275862894396,58,58,-48.96285188238149,3.967275862894396,3.967275862894396,0.05183863996388918,AUTO_KEEP
beta,beta_A,2024-03-31,sure,0,-1,-1,0,0.0,0.1525815,0.0,True,0.43765817093110115,52,52,3.016868995435527,54,54,-2.3992280458328583,3.016868995435527,3.016868995435527,0.04095240307951671,AUTO_KEEP
beta,beta_A,2024-04-01,sure,0,-1,-1,0,0.0,0.0,0.0,True,0.43765817093110115,-1,-1,0.0,45,56,-7.567321341264618,,-7.567321341264618,0.0006946814114022607,AUTO_KEEP
beta,beta_A,2024-04-02,sure,0,-1,-1,0,0.0,0.0,0.0,True,0.43765817093110115,-1,-1,0.0,43,43,-167.00643536965958,,-167.00643536965958,2.1775645962214373e-05,AUTO_KEEP
beta,beta_A,2024-04-03,sure,0,-1,-1,0,0.0,0.3622555,0.0,True,0.43765817093110115,49,49,10.129353187128878,51,60,0.08782550876849912,10.041527678360378,10.129353187128878,0.12264841996300567,AUTO_KEEP
beta,beta_A,2024-04-04,sure,0,-1,-1,0,0.0,0.0,0.0,True,0.43765817093110115,-1,-1,0.0,24,24,-3460.374710163451,,-3460.374710163451,6.440515098945803e-07,AUTO_KEEP
beta,beta_A,2024-04-05,sure,0,-1,-1,0,0.0,0.0,0.0,True,0.43765817093110115,-1,-1,0.0,24,24,-3358.531779279941,,-3358.531779279941,6.668284085720929e-07,AUTO_KEEP
beta,beta_A,2024-04-06,sure,0,-1,-1,0,0.0,1.7651795,0.0,True,0.43765817093110115,47,54,4.943405902743702,46,46,-13.750507330174814,4.943405902743702,4.943405902743702,0.0631150029002941,AUTO_KEEP
beta,beta_A,2024-04-07,sure,0,-1,-1,0,0.0,9.261916,0.0,True,0.43765817093110115,39,55,29.363071999350765,57,57,-193.98877451816216,29.363071999350765,29.363071999350765,0.3101084600235813,UNCERTAIN
beta,beta_A,2024-04-08,sure,0,-1,-1,0,0.0,0.325576,0.0,True,0.43765817093110115,52,52,9.36407094504778,54,54,-2.1853311809725473,9.36407094504778,9.36407094504778,0.11400271856064917,AUTO_KEEP
beta,beta_A,2024-04-09,sure,0,-1,-1,0,0.0,0.9530385,0.0,True,0.43765817093110115,49,49,8.5621257275579,47,47,-10.314390280879687,8.5621257275579,8.5621257275579,0.10487322164222332,AUTO_KEEP
beta,beta_A,2024-04-10,sure,0,-1,-1,0,0.0,0.183773,0.0,True,0.43765817093110115,44,44,4.023656270151033,39,39,-33.48177125037479,4.023656270151033,4.023656270151033,0.05248802898608346,AUTO_KEEP
beta,beta_A,2024-04-11,sure,0,-1,-1,0,0.0,0.0664995,0.0,True,0.43765817093110115,56,56,1.0799708318841748,41,55,0.3754757420234934,0.7044950898606814,1.0799708318841748,0.019465732396186285,AUTO_KEEP
beta,beta_A,2024-04-12,unsure,0,-1,-1,0,0.0,1.4549365,0.0,True,0.43765817093110115,41,54,2.0624556254102253,55,55,-8.587914050368283,2.0624556254102253,2.0624556254102253,0.030200373248167545,AUTO_KEEP
beta,beta_A,2024-04-13,unsure,0,-1,-1,0,0.0,0.2469555,0.0,True,0.43765817093110115,47,47,2.0107571496388954,50,50,1.2039702547436462,0.8067868948952492,2.0107571496388954,0.029625448814268936,AUTO_KEEP
beta,beta_A,2024-04-14,unsure,0,-1,-1,0,0.0,3.396343,0.0,True,0.43765817093110115,46,54,1.0028527571151333,44,44,-1.1500769380374838,1.0028527571151333,1.0028527571151333,0.01864402594310702,AUTO_KEEP
beta,beta_A,2024-04-15,unsure,0,-1,-1,0,0.0,2.585006,0.0,True,0.43765817093110115,49,52,6.369861187222087,48,48,-5.112294227447477,6.369861187222087,6.369861187222087,0.079638922403155,AUTO_KEEP
beta,beta_A,2024-04-16,sure,0,-1,-1,0,0.0,5.2340990000000005,0.0,True,0.43765817093110115,44,52,36.770801431174405,53,53,-15.48988882585593,36.770801431174405,36.770801431174405,0.36689562066687575,UNCERTAIN
beta,beta_A,2024-04-17,sure,0,-1,-1,0,0.0,0.0,0.0,True,0.43765817093110115,-1,-1,0.0,42,42,-85.30979787063114,,-85.30979787063114,4.727038341488132e-05,AUTO_KEEP
beta,beta_A,2024-04-18,sure,0,-1,-1,0,0.0,4.625259,0.0,True,0.43765817093110115,48,54,4.88069709064319,47,47,-6.163581951594524,4.88069709064319,4.88069709064319,0.06238901953889325,AUTO_KEEP
beta,beta_A,2024-04-19,sure,0,-1,-1,0,0.0,0.0606865,0.0,True,0.43765817093110115,44,44,0.2981251607452187,46,47,0.0016398355473835077,0.2964853251978352,0.2981251607452187,0.011339424616147105,AUTO_KEEP
beta,beta_A,2024-04-20,sure,0,-1,-1,0,0.0,0.0,0.0,True,0.43765817093110115,-1,-1,0.0,57,57,-2107.9325501705457,,-2107.9325501705457,1.1464102795574992e-06,AUTO_KEEP
beta,beta_A,2024-04-21,sure,0,-1,-1,0,0.0,2.6195425,0.0,True,0.43765817093110115,44,45,27.489521028300636,47,48,17.256296934053946,10.23322409424669,27.489521028300636,0.2944784303596419,AUTO_KEEP
beta,beta_A,2024-04-22,sure,0,-1,-1,0,0.0,2.135971,0.0,True,0.43765817093110115,42,45,8.529949212100094,47,55,2.004348102476139,6.525601109623955,8.529949212100094,0.10450556120700742,AUTO_KEEP
beta,beta_A,2024-04-23,sure,0,-1,-1,0,0.0,0.2887265,0.0,True,0.43765817093110115,44,52,0.402371071966898,43,43,-1.8852578255687418,0.402371071966898,0.402371071966898,0.01239273650918742,AUTO_KEEP
beta,beta_A,2024-04-24,sure,0,-1,-1,0,0.0,0.0,0.0,True,0.43765817093110115,-1,-1,0.0,58,58,-353.460097721964,,-353.460097721964,9.133663109162385e-06,AUTO_KEEP
beta,beta_A,2024-04-25,sure,0,-1,-1,0,0.0,6.563372,0.0,True,0.43765817093110115,39,46,24.031857345885275,52,52,-0.08846828896934975,24.031857345885275,24.031857345885275,0.2641898864831472,AUTO_KEEP
beta,beta_A,2024-04-26,sure,0,-1,-1,0,0.0,1.1091995,0.0,True,0.43765817093110115,44,56,1.5821790883511249,57,57,-41.25859816316512,1.5821790883511249,1.5821790883511249,0.02489812767136682,AUTO_KEEP
beta,beta_A,2024-04-27,unsure,1,46,56,11,13.8100535,21.52767,13.8100535,True,0.43765817093110115,40,55,142.67737340633607,56,56,0.0,142.67737340633607,142.67737340633607,0.7328700976625069,AUTO_CORRECT
beta,beta_A,2024-04-28,sure,0,-1,-1,0,0.0,5.1677865,0.0,True,0.43765817093110115,41,55,11.438955556283839,40,40,-55.26904357371973,11.438955556283839,11.438955556283839,0.13727335684651945,AUTO_KEEP
beta,beta_A,2024-04-29,sure,0,-1,-1,0,0.0,7.0925085,0.0,True,0.43765817093110115,46,54,4.103680117604721,56,56,-267.56257379471026,4.103680117604721,4.103680117604721,0.05341025990740027,AUTO_KEEP
beta,beta_A,2024-04-30,sure,0,-1,-1,0,0.0,0.0,0.0,True,0.43765817093110115,-1,-1,0.0,39,39,-572.3513254696526,,-572.3513254696526,5.219108360368239e-06,AUTO_KEEP
beta,beta_A,2024-05-01,sure,0,-1,-1,0,0.0,0.0,0.0,True,0.43765817093110115,-1,-1,0.0,49,49,-36.591940207038405,,-36.591940207038405,0.0001243438077146921,AUTO_KEEP
beta,beta_A,2024-05-02,sure,0,-1,-1,0,0.0,0.368544,0.0,True,0.43765817093110115,47,49,4.2662775540890845,46,46,-2.5490529474575565,4.2662775540890845,4.2662775540890845,0.05528582158992118,AUTO_KEEP
beta,beta_A,2024-05-03,sure,0,-1,-1,0,0.0,0.0,0.0,True,0.43765817093110115,-1,-1,0.0,47,47,-58.84235721986261,,-58.84235721986261,7.238892404243626e-05,AUTO_KEEP
beta,beta_A,2024-05-04,sure,0,-1,-1,0,0.0,1.360884,0.0,True,0.43765817093110115,50,51,57.66547088750409,43,43,-41.34341277764113,57.66547088750409,57.66547088750409,0.4917139161497536,UNCERTAIN
beta,beta_A,2024-05-05,sure,0,-1,-1,0,0.0,0.0,0.0,True,0.43765817093110115,-1,-1,0.0,53,53,-93.19280825756442,,-93.19280825756442,4.269907018466088e-05,AUTO_KEEP
beta,beta_A,2024-05-06,sure,0,-1,-1,0,0.0,0.0,0.0,True,0.43765817093110115,-1,-1,0.0,52,52,-3698.7574070690894,,-3698.7574070690894,5.960188257144987e-07,AUTO_KEEP
beta,beta_A,2024-05-07,sure,0,-1,-1,0,0.0,0.0,0.0,True,0.43765817093110115,-1,-1,0.0,55,55,-79.02687788441287,,-79.02687788441287,5.161619451472684e-05,AUTO_KEEP
beta,beta_A,2024-05-08,sure,0,-1,-1,0,0.0,0.0,0.0,True,0.43765817093110115,-1,-1,0.0,52,52,-7.776603389460564,,-7.776603389460564,0.0006754550110960278,AUTO_KEEP
beta,beta_A,2024-05-09,sure,0,-1,-1,0,0.0,0.0,0.0,True,0.43765817093110115,-1,-1,0.0,49,49,-12.436018611411587,,-12.436018611411587,0.00041160901275689044,AUTO_KEEP
beta,beta_A,2024-05-10,sure,0,-1,-1,0,0.0,0.0,0.0,True,0.43765817093110115,-1,-1,0.0,49,49,-511.7701304588613,,-511.7701304588613,5.943400601805081e-06,AUTO_KEEP
beta,beta_A,2024-05-11,sure,0,-1,-1,0,0.0,0.0,0.0,True,0.43765817093110115,-1,-1,0.0,47,47,-2548.1841442234913,,-2548.1841442234913,9.194324810235917e-07,AUTO_KEEP
beta,beta_A,2024-05-12,sure,0,-1,-1,0,0.0,0.0,0.0,True,0.43765817093110115,-1,-1,0.0,56,56,-289.6629764736465,,-289.6629764736465,1.1506202352719433e-05,AUTO_KEEP
beta,beta_A,2024-05-13,sure,0,-1,-1,0,0.0,0.0,0.0,True,0.43765817093110115,-1,-1,0.0,41,41,-382.8372653632326,,-382.8372653632326,8.325370853399822e-06,AUTO_KEEP
beta,beta_A,2024-05-14,sure,0,-1,-1,0,0.0,0.0,0.0,True,0.43765817093110115,-1,-1,0.0,50,50,-4.15990309793116,,-4.15990309793116,0.0012525699447133393,AUTO_KEEP
beta,beta_A,2024-05-15,sure,0,-1,-1,0,0.0,0.0,0.0,True,0.43765817093110115,-1,-1,0.0,48,48,-214.0372952753735,,-214.0372952753735,1.6339357847343728e-05,AUTO_KEEP
beta,beta_A,2024-05-16,sure,0,-1,-1,0,0.0,0.0,0.0,True,0.43765817093110115,-1,-1,0.0,45,45,-193.34619076590334,,-193.34619076590334,1.8380869943964247e-05,AUTO_KEEP
beta,beta_A,2024-05-17,sure,0,-1,-1,0,0.0,0.0,0.0,True,0.43765817093110115,-1,-1,0.0,48,48,-4.690188330513784,,-4.690188330513784,0.0011179414906229426,AUTO_KEEP
beta,beta_A,2024-05-18,sure,0,-1,-1,0,0.0,0.0,0.0,True,0.43765817093110115,-1,-1,0.0,39,41,-1057.0753036519468,,-1057.0753036519468,2.558186256544259e-06,AUTO_KEEP
beta,beta_A,2024-05-19,unsure,0,-1,-1,0,0.0,0.0,0.0,True,0.43765817093110115,-1,-1,0.0,47,49,-31.07328983064828,,-31.07328983064828,0.00014957336363250682,AUTO_KEEP
beta,beta_A,2024-05-20,sure,0,-1,-1,0,0.0,0.0,0.0,True,0.43765817093110115,-1,-1,0.0,46,46,-679.5328136620265,,-679.5328136620265,4.275450306438815e-06,AUTO_KEEP
beta,beta_A,2024-05-21,sure,0,-1,-1,0,0.0,0.0,0.0,False,,-1,-1,,-1,-1,,,,,UNCERTAIN
beta,beta_A,2024-05-22,sure,0,-1,-1,0,0.0,0.0,0.0,False,,-1,-1,,-1,-1,,,,,UNCERTAIN
beta,beta_A,2024-05-23,sure,0,-1,-1,0,0.0,0.0,0.0,False,,-1,-1,,-1,-1,,,,,UNCERTAIN
beta,beta_A,2024-05-24,sure,0,-1,-1,0,0.0,0.0,0.0,True,0.43765817093110115,-1,-1,0.0,50,50,-71.50653994753952,,-71.50653994753952,5.789745500235183e-05,AUTO_KEEP
beta,beta_A,2024-05-25,sure,0,-1,-1,0,0.0,0.0,0.0,True,0.43765817093110115,-1,-1,0.0,48,48,-103.59664119738883,,-103.59664119738883,3.77981504585025e-05,AUTO_KEEP
beta,beta_A,2024-05-26,sure,0,-1,-1,0,0.0,0.0,0.0,True,0.43765817093110115,-1,-1,0.0,46,52,-47.28961527217178,,-47.28961527217178,9.291182845190874e-05,AUTO_KEEP
beta,beta_A,2024-05-27,sure,0,-1,-1,0,0.0,0.0,0.0,True,0.43765817093110115,-1,-1,0.0,52,52,-141.09513765736247,,-141.09513765736247,2.6462263638257193e-05,AUTO_KEEP
beta,beta_A,2024-05-28,sure,0,-1,-1,0,0.0,0.0,0.0,True,0.43765817093110115,-1,-1,0.0,48,51,-54.65394666462741,,-54.65394666462741,7.876655572810437e-05,AUTO_KEEP
beta,beta_A,2024-05-29,sure,0,-1,-1,0,0.0,0.0,0.0,True,0.43765817093110115,-1,-1,0.0,48,48,-132.15948869684004,,-132.15948869684004,2.853985192101081e-05,AUTO_KEEP
beta,beta_A,2024-05-30,sure,0,-1,-1,0,0.0,0.0,0.0,True,0.43765817093110115,-1,-1,0.0,52,52,-122.61256822382728,,-122.61256822382728,3.1120769152413107e-05,AUTO_KEEP
beta,beta_A,2024-05-31,sure,0,-1,-1,0,0.0,0.0,0.0,True,0.43765817093110115,-1,-1,0.0,24,24,-3816.8775641339635,,-3816.8775641339635,5.746143159733614e-07,AUTO_KEEP
beta,beta_A,2024-06-01,sure,0,-1,-1,0,0.0,0.0,0.0,True,0.43765817093110115,-1,-1,0.0,24,24,-3266.1121533336823,,-3266.1121533336823,6.888305706746229e-07,AUTO_KEEP
beta,beta_A,2024-06-02,sure,0,-1,-1,0,0.0,0.0,0.0,True,0.43765817093110115,-1,-1,0.0,54,54,-271.11272092652064,,-271.11272092652064,1.2424016872416387e-05,AUTO_KEEP
beta,beta_A,2024-06-03,sure,0,-1,-1,0,0.0,0.0,0.0,True,0.43765817093110115,-1,-1,0.0,46,46,-313.56286905372764,,-313.56286905372764,1.0495319010331011e-05,AUTO_KEEP
beta,beta_A,2024-06-04,sure,0,-1,-1,0,0.0,0.0,0.0,True,0.43765817093110115,-1,-1,0.0,53,53,-197.18651833880278,,-197.18651833880278,1.7967047769387495e-05,AUTO_KEEP
beta,beta_A,2024-06-05,sure,0,-1,-1,0,0.0,0.0,0.0,True,0.43765817093110115,-1,-1,0.0,49,49,-104.14404796385277,,-104.14404796385277,3.756924882645923e-05,AUTO_KEEP
beta,beta_A,2024-06-06,sure,0,-1,-1,0,0.0,0.0,0.0,True,0.43765817093110115,-1,-1,0.0,50,50,-110.17441699938571,,-110.17441699938571,3.5208510061815246e-05,AUTO_KEEP
beta,beta_A,2024-06-07,sure,0,-1,-1,0,0.0,0.0,0.0,True,0.43765817093110115,-1,-1,0.0,58,58,-1683.6914993443243,,-1683.6914993443243,1.488858588802392e-06,AUTO_KEEP
beta,beta_A,2024-06-08,sure,0,-1,-1,0,0.0,0.0,0.0,True,0.43765817093110115,-1,-1,0.0,44,46,-88.33530803264622,,-88.33530803264622,4.5412655545368475e-05,AUTO_KEEP
beta,beta_A,2024-06-09,sure,0,-1,-1,0,0.0,0.0,0.0,True,0.43765817093110115,-1,-1,0.0,53,55,-111.47224142602319,,-111.47224142602319,3.473617958695684e-05,AUTO_KEEP
beta,beta_A,2024-06-10,sure,0,-1,-1,0,0.0,0.0,0.0,True,0.43765817093110115,-1,-1,0.0,50,52,-232.08448885153126,,-232.08448885153126,1.4876656334262932e-05,AUTO_KEEP
beta,beta_A,2024-06-11,sure,0,-1,-1,0,0.0,0.0,0.0,True,0.43765817093110115,-1,-1,0.0,47,47,-454.4055101280617,,-454.4055101280617,6.823315985983851e-06,AUTO_KEEP
beta,beta_A,2024-06-12,sure,0,-1,-1,0,0.0,0.0,0.0,True,0.43765817093110115,-1,-1,0.0,49,51,-82.49467048392498,,-82.49467048392498,4.9130104221196986e-05,AUTO_KEEP
beta,beta_A,2024-06-13,sure,0,-1,-1,0,0.0,0.0,0.0,True,0.43765817093110115,-1,-1,0.0,47,47,-441.6622009125602,,-441.6622009125602,7.0524402410694035e-06,AUTO_KEEP
beta,beta_A,2024-06-14,sure,0,-1,-1,0,0.0,0.0,0.0,False,,-1,-1,,-1,-1,,,,,UNCERTAIN
beta,beta_A,2024-06-15,sure,0,-1,-1,0,0.0,0.0,0.0,True,0.43765817093110115,-1,-1,0.0,52,52,-2888.3944720658096,,-2888.3944720658096,7.947052598747394e-07,AUTO_KEEP
beta,beta_A,2024-06-16,sure,0,-1,-1,0,0.0,0.0,0.0,True,0.43765817093110115,-1,-1,0.0,48,52,-278.79547260050197,,-278.79547260050197,1.2027918954688624e-05,AUTO_KEEP
beta,beta_A,2024-06-17,sure,0,-1,-1,0,0.0,0.0,0.0,True,0.43765817093110115,-1,-1,0.0,48,48,-1328.8277805596083,,-1328.8277805596083,1.960640836659061e-06,AUTO_KEEP
beta,beta_A,2024-06-18,sure,0,-1,-1,0,0.0,0.0,0.0,True,0.43765817093110115,-1,-1,0.0,51,51,-222.7727203077202,,-222.7727203077202,1.559949008767892e-05,AUTO_KEEP
beta,beta_A,2024-06-19,sure,0,-1,-1,0,0.0,0.0,0.0,True,0.43765817093110115,-1,-1,0.0,50,52,-356.8976809254634,,-356.8976809254634,9.031652004760568e-06,AUTO_KEEP
beta,beta_A,2024-06-20,sure,0,-1,-1,0,0.0,0.0,0.0,True,0.43765817093110115,-1,-1,0.0,48,48,-862.9894464965117,,-862.9894464965117,3.2385465113465964e-06,AUTO_KEEP
beta,beta_A,2024-06-21,sure,0,-1,-1,0,0.0,0.0,0.0,True,0.43765817093110115,-1,-1,0.0,49,49,-274.39932916560434,,-274.39932916560434,1.2251643396844012e-05,AUTO_KEEP
beta,beta_A,2024-06-22,sure,0,-1,-1,0,0.0,0.0,0.0,False,,-1,-1,,-1,-1,,,,,UNCERTAIN
beta,beta_A,2024-06-23,sure,0,-1,-1,0,0.0,0.0,0.0,True,0.43765817093110115,-1,-1,0.0,51,51,-1065.371084987149,,-1065.371084987149,2.535041249753214e-06,AUTO_KEEP
beta,beta_A,2024-06-24,sure,0,-1,-1,0,0.0,0.0,0.0,True,0.43765817093110115,-1,-1,0.0,54,54,-347.4946350001446,,-347.4946350001446,9.315863332592315e-06,AUTO_KEEP
beta,beta_A,2024-06-25,sure,0,-1,-1,0,0.0,0.0,0.0,True,0.43765817093110115,-1,-1,0.0,51,52,-317.874191907717,,-317.874191907717,1.0330368323827229e-05,AUTO_KEEP
beta,beta_A,2024-06-26,sure,0,-1,-1,0,0.0,0.0,0.0,True,0.43765817093110115,-1,-1,0.0,50,50,-205.30780833431928,,-205.30780833431928,1.7146666635324794e-05,AUTO_KEEP
beta,beta_A,2024-06-27,sure,0,-1,-1,0,0.0,0.0,0.0,True,0.43765817093110115,-1,-1,0.0,50,50,-121.51575573633096,,-121.51575573633096,3.144522014582313e-05,AUTO_KEEP
beta,beta_A,2024-06-28,sure,0,-1,-1,0,0.0,0.0,0.0,True,0.43765817093110115,-1,-1,0.0,52,52,-196.65355501631788,,-196.65355501631788,1.8023439053171298e-05,AUTO_KEEP
beta,beta_A,2024-06-29,sure,0,-1,-1,0,0.0,0.0,0.0,True,0.43765817093110115,-1,-1,0.0,52,52,-293.50125162811736,,-293.50125162811736,1.1331875088088058e-05,AUTO_KEEP
beta,beta_A,2024-06-30,sure,0,-1,-1,0,0.0,0.0,0.0,True,0.43765817093110115,-1,-1,0.0,48,48,-2093.303763869322,,-2093.303763869322,1.155734458427258e-06,AUTO_KEEP
beta,beta_A,2024-07-01,sure,0,-1,-1,0,0.0,0.0,0.0,True,0.43765817093110115,-1,-1,0.0,49,49,-750.7057583103726,,-750.7057583103726,3.8081149045077275e-06,AUTO_KEEP
beta,beta_A,2024-07-02,sure,0,-1,-1,0,0.0,0.0,0.0,True,0.43765817093110115,-1,-1,0.0,24,24,-6965.137768546869,,-6965.137768546869,2.853931001912529e-07,AUTO_KEEP
beta,beta_A,2024-07-03,sure,0,-1,-1,0,0.0,0.0,0.0,True,0.43765817093110115,-1,-1,0.0,49,49,-1080.2907942520433,,-1080.2907942520433,2.4943815994122925e-06,AUTO_KEEP
beta,beta_A,2024-07-04,sure,0,-1,-1,0,0.0,0.0,0.0,True,0.43765817093110115,-1,-1,0.0,51,51,-270.26220605813916,,-270.26220605813916,1.2469360390160521e-05,AUTO_KEEP
beta,beta_A,2024-07-05,sure,0,-1,-1,0,0.0,0.0,0.0,True,0.43765817093110115,-1,-1,0.0,48,48,-1595.8612918020224,,-1595.8612918020224,1.584579352857639e-06,AUTO_KEEP
beta,beta_A,2024-07-06,sure,0,-1,-1,0,0.0,0.0,0.0,True,0.43765817093110115,-1,-1,0.0,49,49,-222.7344957208164,,-222.7344957208164,1.5602591604609066e-05,AUTO_KEEP
beta,beta_A,2024-07-07,sure,0,-1,-1,0,0.0,0.0,0.0,True,0.43765817093110115,-1,-1,0.0,54,54,-136.93097352263675,,-136.93097352263675,2.7394227202724414e-05,AUTO_KEEP
beta,beta_A,2024-07-08,sure,0,-1,-1,0,0.0,0.0,0.0,True,0.43765817093110115,-1,-1,0.0,54,54,-1439.0168733145715,,-1439.0168733145715,1.7871673296356904e-06,AUTO_KEEP
beta,beta_A,2024-07-09,sure,0,-1,-1,0,0.0,0.0,0.0,True,0.43765817093110115,-1,-1,0.0,49,49,-480.0072218617686,,-480.0072218617686,6.402551331994222e-06,AUTO_KEEP
beta,beta_A,2024-07-10,sure,0,-1,-1,0,0.0,0.0,0.0,True,0.43765817093110115,-1,-1,0.0,50,53,-98.3250837642357,,-98.3250837642357,4.014261423531536e-05,AUTO_KEEP
beta,beta_A,2024-07-11,sure,0,-1,-1,0,0.0,0.0,0.0,True,0.43765817093110115,-1,-1,0.0,50,50,-127.2057695428542,,-127.2057695428542,2.9827135750417252e-05,AUTO_KEEP
beta,beta_A,2024-07-12,sure,0,-1,-1,0,0.0,0.0,0.0,True,0.43765817093110115,-1,-1,0.0,52,52,-81.29019774555478,,-81.29019774555478,4.9967917910980594e-05,AUTO_KEEP
beta,beta_A,2024-07-13,sure,0,-1,-1,0,0.0,0.0,0.0,True,0.43765817093110115,-1,-1,0.0,47,47,-280.08268360210235,,-280.08268360210235,1.1963843382688538e-05,AUTO_KEEP
beta,beta_A,2024-07-14,sure,0,-1,-1,0,0.0,0.0,0.0,True,0.43765817093110115,-1,-1,0.0,50,50,-76.23499853290735,,-76.23499853290735,5.379375567022017e-05,AUTO_KEEP
beta,beta_A,2024-07-15,sure,0,-1,-1,0,0.0,0.0,0.0,True,0.43765817093110115,-1,-1,0.0,50,52,-345.4127124479999,,-345.4127124479999,9.381049832257069e-06,AUTO_KEEP
beta,beta_A,2024-07-16,sure,0,-1,-1,0,0.0,0.0,0.0,True,0.43765817093110115,-1,-1,0.0,57,57,-2709.201810189187,,-2709.201810189187,8.561778551053641e-07,AUTO_KEEP
beta,beta_A,2024-07-17,sure,0,-1,-1,0,0.0,0.0,0.0,True,0.43765817093110115,-1,-1,0.0,49,51,-48.46138054696907,,-48.46138054696907,9.035552744066276e-05,AUTO_KEEP
beta,beta_A,2024-07-18,sure,0,-1,-1,0,0.0,0.0,0.0,True,0.43765817093110115,-1,-1,0.0,51,51,-29.76442098609865,,-29.76442098609865,0.0001570032226373387,AUTO_KEEP
beta,beta_A,2024-07-19,sure,0,-1,-1,0,0.0,0.0,0.0,True,0.43765817093110115,-1,-1,0.0,53,53,-75.741773978502,,-75.741773978502,5.41962908422151e-05,AUTO_KEEP
beta,beta_A,2024-07-20,sure,0,-1,-1,0,0.0,0.0,0.0,True,0.43765817093110115,-1,-1,0.0,52,53,-41.33451529393563,,-41.33451529393563,0.00010828854380796017,AUTO_KEEP
beta,beta_A,2024-07-21,sure,0,-1,-1,0,0.0,0.0,0.0,True,0.43765817093110115,-1,-1,0.0,53,53,-52.651616230148186,,-52.651616230148186,8.219759024954603e-05,AUTO_KEEP
beta,beta_A,2024-07-22,sure,0,-1,-1,0,0.0,0.0,0.0,True,0.43765817093110115,-1,-1,0.0,50,50,-116.69371591582308,,-116.69371591582308,3.294943703290985e-05,AUTO_KEEP
beta,beta_A,2024-07-23,sure,0,-1,-1,0,0.0,0.0,0.0,True,0.43765817093110115,-1,-1,0.0,51,51,-32.67777256204161,,-32.67777256204161,0.00014131452732605337,AUTO_KEEP
beta,beta_A,2024-07-24,sure,0,-1,-1,0,0.0,0.0,0.0,True,0.43765817093110115,-1,-1,0.0,50,50,-30.56020814245036,,-30.56020814245036,0.00015240647971899497,AUTO_KEEP
beta,beta_A,2024-07-25,sure,0,-1,-1,0,0.0,0.0,0.0,True,0.43765817093110115,-1,-1,0.0,46,47,-350.2553078607497,,-350.2553078607497,9.230713145247355e-06,AUTO_KEEP
beta,beta_A,2024-07-26,sure,0,-1,-1,0,0.0,0.351107,0.0,True,0.43765817093110115,48,48,27.463994027163466,50,51,-1.179698209613207,27.463994027163466,27.463994027163466,0.2942617425208958,AUTO_KEEP
beta,beta_A,2024-07-27,sure,0,-1,-1,0,0.0,0.0,0.0,True,0.43765817093110115,-1,-1,0.0,61,61,-3265.5302493717795,,-3265.5302493717795,6.889733737898596e-07,AUTO_KEEP
beta,beta_A,2024-07-28,sure,0,-1,-1,0,0.0,0.0,0.0,True,0.43765817093110115,-1,-1,0.0,51,51,-110.07333967475681,,-110.07333967475681,3.5245797555963837e-05,AUTO_KEEP
beta,beta_A,2024-07-29,sure,0,-1,-1,0,0.0,0.0,0.0,True,0.43765817093110115,-1,-1,0.0,47,47,-891.7530739470051,,-891.7530739470051,3.117442602328922e-06,AUTO_KEEP
beta,beta_A,2024-07-30,sure,0,-1,-1,0,0.0,0.0,0.0,True,0.43765817093110115,-1,-1,0.0,52,52,-146.32265606444741,,-146.32265606444741,2.5372780690629612e-05,AUTO_KEEP
beta,beta_A,2024-07-31,sure,0,-1,-1,0,0.0,0.0,0.0,True,0.43765817093110115,-1,-1,0.0,57,57,-1742.0083474438482,,-1742.0083474438482,1.4310490509798737e-06,AUTO_KEEP
beta,beta_A,2024-08-01,sure,0,-1,-1,0,0.0,0.0,0.0,True,0.43765817093110115,-1,-1,0.0,51,51,-1267.8766016312443,,-1267.8766016312443,2.0706671925044195e-06,AUTO_KEEP
beta,beta_A,2024-08-02,sure,0,-1,-1,0,0.0,0.0,0.0,True,0.43765817093110115,-1,-1,0.0,51,51,-11.8403419745362,,-11.8403419745362,0.00043390416636186654,AUTO_KEEP
beta,beta_A,2024-08-03,sure,0,-1,-1,0,0.0,0.0,0.0,True,0.43765817093110115,-1,-1,0.0,49,49,-93.16486661713213,,-93.16486661713213,4.2713814615916656e-05,AUTO_KEEP
beta,beta_A,2024-08-04,sure,0,-1,-1,0,0.0,0.0,0.0,False,,-1,-1,,-1,-1,,,,,UNCERTAIN
beta,beta_A,2024-08-05,sure,0,-1,-1,0,0.0,0.0,0.0,False,,-1,-1,,-1,-1,,,,,UNCERTAIN
beta,beta_A,2024-08-06,sure,0,-1,-1,0,0.0,0.0,0.0,True,0.43765817093110115,-1,-1,0.0,44,44,-161.6981754620694,,-161.6981754620694,2.260460571597785e-05,AUTO_KEEP
beta,beta_A,2024-08-07,sure,0,-1,-1,0,0.0,0.207322,0.0,True,0.43765817093110115,47,47,0.5416261517842195,52,52,0.4969274303225865,0.04469872146163295,0.5416261517842195,0.013816216389735146,AUTO_KEEP
beta,beta_A,2024-08-08,sure,0,-1,-1,0,0.0,0.0,0.0,True,0.43765817093110115,-1,-1,0.0,47,53,-0.9640199330342255,,-0.9640199330342255,0.0038446404834388682,AUTO_KEEP
beta,beta_A,2024-08-09,sure,0,-1,-1,0,0.0,0.0,0.0,True,0.43765817093110115,-1,-1,0.0,52,52,-9.992437256871842,,-9.992437256871842,0.0005198624160338681,AUTO_KEEP
beta,beta_A,2024-08-10,sure,0,-1,-1,0,0.0,1.7404185,0.0,True,0.43765817093110115,50,53,4.021568996577303,44,46,-10.283459267281668,4.021568996577303,4.021568996577303,0.052463982297441744,AUTO_KEEP
beta,beta_A,2024-08-11,sure,0,-1,-1,0,0.0,0.0,0.0,True,0.43765817093110115,-1,-1,0.0,54,54,-1818.428570721453,,-1818.428570721453,1.3613434026218428e-06,AUTO_KEEP
beta,beta_A,2024-08-12,sure,0,-1,-1,0,0.0,0.0,0.0,True,0.43765817093110115,-1,-1,0.0,51,51,-2556.179911573434,,-2556.179911573434,9.160877466782029e-07,AUTO_KEEP
beta,beta_A,2024-08-13,sure,0,-1,-1,0,0.0,0.0,0.0,True,0.43765817093110115,-1,-1,0.0,55,55,-815.5550232153377,,-815.5550232153377,3.458504379948983e-06,AUTO_KEEP
beta,beta_A,2024-08-14,sure,0,-1,-1,0,0.0,0.0,0.0,True,0.43765817093110115,-1,-1,0.0,24,24,-4150.344597736203,,-4150.344597736203,5.212608539195268e-07,AUTO_KEEP
beta,beta_A,2024-08-15,sure,0,-1,-1,0,0.0,0.0,0.0,True,0.43765817093110115,-1,-1,0.0,52,52,-300.25290892030523,,-300.25290892030523,1.1036870951756691e-05,AUTO_KEEP
beta,beta_A,2024-08-16,sure,0,-1,-1,0,0.0,0.0,0.0,True,0.43765817093110115,-1,-1,0.0,56,56,-709.420424222893,,-709.420424222893,4.066860001232217e-06,AUTO_KEEP
beta,beta_A,2024-08-17,unsure,0,-1,-1,0,0.0,1.1682555,0.0,True,0.43765817093110115,51,51,114.34675810833427,42,46,30.648633524666554,83.69812458366772,114.34675810833427,0.6799723979310045,UNCERTAIN
beta,beta_A,2024-08-18,sure,0,-1,-1,0,0.0,0.0,0.0,True,0.43765817093110115,-1,-1,0.0,43,44,-5.996004897353655,,-5.996004897353655,0.0008792419207915915,AUTO_KEEP
beta,beta_A,2024-08-19,sure,0,-1,-1,0,0.0,0.0,0.0,True,0.43765817093110115,-1,-1,0.0,51,51,-137.92346795023536,,-137.92346795023536,2.716661280614635e-05,AUTO_KEEP
beta,beta_A,2024-08-20,unsure,0,-1,-1,0,0.0,0.7445835000000001,0.0,True,0.43765817093110115,45,47,6.063709910484773,49,56,1.616631836198988,4.447078074285785,6.063709910484773,0.07609415731064519,AUTO_KEEP
beta,beta_A,2024-08-21,unsure,0,-1,-1,0,0.0,2.1164445,0.0,True,0.43765817093110115,43,56,3.286125135605117,57,57,-16.19746485642783,3.286125135605117,3.286125135605117,0.044022791225358654,AUTO_KEEP
beta,beta_A,2024-08-22,sure,0,-1,-1,0,0.0,0.0928955,0.0,True,0.43765817093110115,52,52,6.7054649938602,48,48,3.9644050718623953,2.7410599219978042,6.7054649938602,0.08352101656995964,AUTO_KEEP
beta,beta_A,2024-08-23,sure,0,-1,-1,0,0.0,2.3464670000000005,0.0,True,0.43765817093110115,46,56,14.791685455130661,42,42,-1.321901823770007,14.791685455130661,14.791685455130661,0.17358962266998207,AUTO_KEEP
beta,beta_A,2024-08-24,sure,0,-1,-1,0,0.0,2.9930095000000003,0.0,True,0.43765817093110115,46,50,80.16654559245156,41,41,42.685604895025804,37.48094069742575,80.16654559245156,0.5853224785961048,UNCERTAIN
beta,beta_A,2024-08-25,sure,0,-1,-1,0,0.0,0.0,0.0,True,0.43765817093110115,-1,-1,0.0,24,24,-2377.7357070294916,,-2377.7357070294916,9.965427283033158e-07,AUTO_KEEP
beta,beta_A,2024-08-26,sure,1,41,55,15,17.162097499999998,17.318675,17.162097499999998,True,0.43765817093110115,40,57,146.20538669086656,58,58,-4.7142625881594995,146.20538669086656,146.20538669086656,0.7383603620440107,AUTO_CORRECT
beta,beta_A,2024-08-27,sure,1,41,53,13,15.716909,15.7362285,15.716909,True,0.43765817093110115,41,57,137.15224101980328,40,40,-3.0864740873606973,137.15224101980328,137.15224101980328,0.723841722725967,AUTO_CORRECT
beta,beta_A,2024-08-28,sure,0,-1,-1,0,0.0,2.4459865,0.0,True,0.43765817093110115,38,56,8.062290859506835,57,57,-6.400220379341256,8.062290859506835,8.062290859506835,0.09915115592741787,AUTO_KEEP
beta,beta_A,2024-08-29,sure,0,-1,-1,0,0.0,1.4385685,0.0,True,0.43765817093110115,46,58,16.449721702248233,45,45,-22.438676786306,16.449721702248233,16.449721702248233,0.19089427474127124,AUTO_KEEP
beta,beta_A,2024-08-30,sure,0,-1,-1,0,0.0,3.1248700000000005,0.0,True,0.43765817093110115,39,56,4.090641913119229,38,38,-55.835354022501164,4.090641913119229,4.090641913119229,0.05325996181227214,AUTO_KEEP
beta,beta_A,2024-08-31,sure,1,44,55,12,18.6386685,20.701983500000004,18.6386685,True,0.43765817093110115,39,59,176.45961051697134,38,38,-29.312294383753034,176.45961051697134,176.45961051697134,0.7781612097785284,AUTO_CORRECT
beta,beta_A,2024-09-01,sure,0,-1,-1,0,0.0,2.2326695,0.0,True,0.43765817093110115,38,57,7.236572144315684,58,58,-28.48968375661669,7.236572144315684,7.236572144315684,0.08965353349931143,AUTO_KEEP
beta,beta_A,2024-09-02,sure,0,-1,-1,0,0.0,0.7472105,0.0,True,0.43765817093110115,39,58,1.3236320945927789,38,38,-22.934682586305495,1.3236320945927789,1.3236320945927789,0.02208495896369285,AUTO_KEEP
beta,beta_A,2024-09-03,sure,1,39,58,20,31.537669999999995,31.535816,31.535816,True,0.43765817093110115,40,58,264.294921776949,39,39,-0.09953113688009242,264.294921776949,264.294921776949,0.8485045800375471,AUTO_CORRECT
beta,beta_A,2024-09-04,sure,1,40,59,20,27.519648999999998,27.3145605,27.3145605,True,0.43765817093110115,40,58,210.91099072058776,59,59,-11.956818764958541,210.91099072058776,210.91099072058776,0.8117553729053921,AUTO_CORRECT
beta,beta_A,2024-09-05,sure,1,42,56,15,20.605358499999998,20.919084,20.605358499999998,True,0.43765817093110115,41,57,161.8650835221032,39,39,25.03021384758092,136.83486967452228,161.8650835221032,0.7604430190574207,AUTO_CORRECT
beta,beta_A,2024-09-06,sure,0,-1,-1,0,0.0,0.30466899999999997,0.0,True,0.43765817093110115,39,56,0.5105470703965594,57,57,-14.438772804908545,0.5105470703965594,0.5105470703965594,0.01349698190068898,AUTO_KEEP
beta,beta_A,2024-09-07,unsure,1,44,50,7,2.0262470000000006,7.346005000000001,2.0262470000000006,True,0.43765817093110115,39,56,25.616229746072257,38,38,-127.45953258516641,25.616229746072257,25.616229746072257,0.27830533544676833,AUTO_KEEP
beta,beta_A,2024-09-08,sure,0,-1,-1,0,0.0,0.0,0.0,True,0.43765817093110115,-1,-1,0.0,24,24,-2357.8494847071893,,-2357.8494847071893,1.0063263824616683e-06,AUTO_KEEP
beta,beta_A,2024-09-09,sure,0,-1,-1,0,0.0,0.582302,0.0,True,0.43765817093110115,51,53,21.991280286145972,55,55,3.634327754950538,18.356952531195436,21.991280286145972,0.24540681723874738,AUTO_KEEP
beta,beta_A,2024-09-10,sure,1,42,58,17,25.503778,27.481893499999998,25.503778,True,0.43765817093110115,39,58,185.06270576861513,38,38,-15.607415874986643,185.06270576861513,185.06270576861513,0.7875256838468856,AUTO_CORRECT
beta,beta_A,2024-09-11,sure,1,39,51,13,16.115204,17.5866895,16.115204,True,0.43765817093110115,39,54,185.42733098453533,56,58,19.47918191355169,165.94814907098365,185.42733098453533,0.7879066648775209,AUTO_CORRECT
beta,beta_A,2024-09-12,sure,0,-1,-1,0,0.0,0.1441195,0.0,True,0.43765817093110115,58,58,6.242141168815874,59,59,-0.3924631697534888,6.242141168815874,6.242141168815874,0.0781604426754693,AUTO_KEEP
beta,beta_A,2024-09-13,sure,0,-1,-1,0,0.0,0.0,0.0,True,0.43765817093110115,-1,-1,0.0,38,38,-144.51980405836105,,-144.51980405836105,2.5738955298350255e-05,AUTO_KEEP
beta,beta_A,2024-09-14,sure,1,41,59,19,35.1315915,34.182089,33.8024515,True,0.43765817093110115,39,57,340.3048702202261,59,59,-3.6587501946193157,340.3048702202261,340.3048702202261,0.8824776415290532,AUTO_CORRECT
beta,beta_A,2024-09-15,sure,0,-1,-1,0,0.0,1.3299615,0.0,True,0.43765817093110115,38,39,10.19800658141412,55,55,8.735152460846422,1.4628541205676981,10.19800658141412,0.12342060042182808,AUTO_KEEP
beta,beta_A,2024-09-16,sure,1,39,59,21,46.0384475,46.231632999999995,46.0384475,True,0.43765817093110115,38,59,366.93600519884205,60,60,-9.725125216796927,366.93600519884205,366.93600519884205,0.891246746937212,AUTO_CORRECT
beta,beta_A,2024-09-17,sure,1,39,59,21,38.57891,39.123262,38.57891,True,0.43765817093110115,38,60,290.9869089235076,37,37,-25.684660961391703,290.9869089235076,290.9869089235076,0.8622950123585619,AUTO_CORRECT
beta,beta_A,2024-09-18,sure,1,37,59,23,46.8739045,46.8739045,46.8739045,True,0.43765817093110115,37,59,377.61781473799516,60,60,-17.308192568380708,377.61781473799516,377.61781473799516,0.8944329700011334,AUTO_CORRECT
beta,beta_A,2024-09-19,sure,1,37,58,22,17.3392815,0.0,0.0,False,,-1,-1,,-1,-1,,,,,UNCERTAIN
beta,beta_A,2024-09-20,sure,1,37,53,17,31.593706,31.966713499999997,31.593706,True,0.43765817093110115,36,59,283.54049041500707,60,60,-16.210451756724424,283.54049041500707,283.54049041500707,0.8586861949941262,AUTO_CORRECT
beta,beta_A,2024-09-21,sure,1,38,58,21,46.8995715,48.5462045,46.8995715,True,0.43765817093110115,36,60,422.5328378750225,35,35,-55.89729435666431,422.5328378750225,422.5328378750225,0.9061326487345575,AUTO_CORRECT
beta,beta_A,2024-09-22,sure,0,-1,-1,0,0.0,0.8254925000000001,0.0,True,0.43765817093110115,37,58,3.79062151988228,36,36,-13.941362133723432,3.79062151988228,3.79062151988228,0.04980606107064112,AUTO_KEEP
beta,beta_A,2024-09-23,sure,1,37,57,21,38.014471500000006,38.014471500000006,38.014471500000006,True,0.43765817093110115,37,57,293.63429275389024,36,36,-5.352000362451352,293.63429275389024,293.63429275389024,0.8635375189786969,AUTO_CORRECT
beta,beta_A,2024-09-24,sure,0,-1,-1,0,0.0,4.4847935,0.0,True,0.43765817093110115,39,53,26.590934834033128,55,55,-7.307417988742162,26.590934834033128,26.590934834033128,0.28678947185653914,AUTO_KEEP
beta,beta_A,2024-09-25,sure,0,-1,-1,0,0.0,0.0,0.0,True,0.43765817093110115,-1,-1,0.0,52,52,-51.54958571850394,,-51.54958571850394,8.420687793143405e-05,AUTO_KEEP
beta,beta_A,2024-09-26,sure,0,-1,-1,0,0.0,0.0,0.0,True,0.43765817093110115,-1,-1,0.0,24,24,-3313.400275001819,,-3313.400275001819,6.774069381967324e-07,AUTO_KEEP
beta,beta_A,2024-09-27,sure,0,-1,-1,0,0.0,0.139343,0.0,True,0.43765817093110115,53,53,20.15645833790472,49,50,7.796067814376004,12.360390523528716,20.15645833790472,0.22792779389520648,AUTO_KEEP
beta,beta_A,2024-09-28,sure,0,-1,-1,0,0.0,0.752323,0.0,True,0.43765817093110115,46,47,27.903759760303224,55,56,14.348071063506191,13.555688696797032,27.903759760303224,0.29798060134813015,AUTO_KEEP
beta,beta_A,2024-09-29,sure,0,-1,-1,0,0.0,0.0,0.0,True,0.43765817093110115,-1,-1,0.0,42,42,-156.95618705156434,,-156.95618705156434,2.3396236214022447e-05,AUTO_KEEP
beta,beta_A,2024-09-30,sure,0,-1,-1,0,0.0,10.679789999999999,0.0,True,0.43765817093110115,52,58,166.39538085242896,45,45,-30.664286508999552,166.39538085242896,166.39538085242896,0.7662110075591374,AUTO_CORRECT
beta,beta_B,2023-10-01,unsure,0,-1,-1,0,0.0,14.2843615,0.0,True,0.257174957377976,36,56,56.41395266956188,57,57,-38.04425057841154,56.41395266956188,56.41395266956188,0.40065883181205736,UNCERTAIN
beta,beta_B,2023-10-02,sure,1,40,63,24,31.005809,33.3532815,31.005809,True,0.257174957377976,37,63,346.3917570600984,64,64,-127.03647332689367,346.3917570600984,346.3917570600984,0.8558034599648817,AUTO_CORRECT
beta,beta_B,2023-10-03,sure,1,39,54,16,16.909328000000002,18.833612,16.909328000000002,True,0.257174957377976,37,55,116.39880730391583,56,56,-18.126013183957845,116.39880730391583,116.39880730391583,0.6141803587206399,UNCERTAIN
beta,beta_B,2023-10-04,unsure,0,-1,-1,0,0.0,23.817327,0.0,True,0.257174957377976,36,56,174.72788350930932,58,58,-150.79974712152136,174.72788350930932,174.72788350930932,0.7219571291524426,AUTO_CORRECT
beta,beta_B,2023-10-05,sure,1,38,66,29,67.80448,74.8758755,67.80448,True,0.257174957377976,35,68,867.2383785531061,34,34,-470.6738660884834,867.2383785531061,867.2383785531061,0.9474484997327036,AUTO_CORRECT
beta,beta_B,2023-10-06,sure,1,38,62,25,57.037152000000006,60.059513,57.037152000000006,True,0.257174957377976,36,63,976.2238511334469,35,35,-297.5988821114159,976.2238511334469,976.2238511334469,0.9541486309771545,AUTO_CORRECT
beta,beta_B,2023-10-07,sure,1,43,65,23,32.788823,36.8753645,32.788823,True,0.257174957377976,42,68,265.15572562961245,39,40,-190.39082886347907,265.15572562961245,265.15572562961245,0.8111894220856958,AUTO_CORRECT
beta,beta_B,2023-10-08,sure,1,37,65,29,36.68585349999999,40.944187,36.68585349999999,True,0.257174957377976,34,66,306.500775335385,67,67,-233.57058496152968,306.500775335385,306.500775335385,0.8365676648372041,AUTO_CORRECT
beta,beta_B,2023-10-09,sure,1,38,65,28,61.450131999999996,63.979016,61.450131999999996,True,0.257174957377976,36,66,805.6181253057894,67,67,-242.92589193150772,805.6181253057894,805.6181253057894,0.9428206617735768,AUTO_CORRECT
beta,beta_B,2023-10-10,sure,1,37,62,26,40.643607499999995,35.08865300000001,34.130300000000005,True,0.257174957377976,36,56,447.29349968089764,62,62,-65.60609902931978,447.29349968089764,447.29349968089764,0.8899440866151237,AUTO_CORRECT
beta,beta_B,2023-10-11,sure,1,40,64,25,34.10406,34.11648,33.486507,True,0.257174957377976,41,65,360.41738507635796,39,39,-95.49005161727776,360.41738507635796,360.41738507635796,0.8616275475963406,AUTO_CORRECT
beta,beta_B,2023-10-12,sure,1,36,62,27,43.34318599999999,42.91292299999999,42.91292299999999,True,0.257174957377976,36,61,464.9139588128926,62,62,-66.80452860590151,464.9139588128926,464.9139588128926,0.8944415110463979,AUTO_CORRECT
beta,beta_B,2023-10-13,sure,1,37,65,29,63.223760500000004,65.802058,63.223760500000004,True,0.257174957377976,35,66,862.375563927106,67,67,-225.21611630631264,862.375563927106,862.375563927106,0.9471082559565658,AUTO_CORRECT
beta,beta_B,2023-10-14,sure,1,37,63,27,51.671279,53.72358750000001,51.671279,True,0.257174957377976,36,65,631.1833354052349,35,35,-278.6715071564228,631.1833354052349,631.1833354052349,0.9246389611752512,AUTO_CORRECT
beta,beta_B,2023-10-15,sure,1,37,62,26,41.651832999999996,43.873751000000006,41.651832999999996,True,0.257174957377976,35,63,551.4229239483001,64,64,-53.75200255487877,551.4229239483001,551.4229239483001,0.9124179679271552,AUTO_CORRECT
beta,beta_B,2023-10-16,sure,1,37,63,27,42.688805,43.80355399999999,42.0263085,True,0.257174957377976,35,62,425.1007256992737,64,64,-203.0101202661374,425.1007256992737,425.1007256992737,0.8837656655707302,AUTO_CORRECT
beta,beta_B,2023-10-17,sure,1,37,58,22,44.141783,55.41830800000001,44.141783,True,0.257174957377976,37,66,496.4210136405633,36,36,-232.82938826730515,496.4210136405633,496.4210136405633,0.9017043860435069,AUTO_CORRECT
beta,beta_B,2023-10-18,sure,1,47,66,20,35.3547015,48.65348049999999,35.3547015,True,0.257174957377976,38,67,496.86989931316043,35,36,-189.77472328743576,496.86989931316043,496.86989931316043,0.901801321044786,AUTO_CORRECT
beta,beta_B,2023-10-19,sure,1,46,61,16,17.137946,21.024404999999994,17.137946,True,0.257174957377976,46,66,141.0940029201657,45,45,-114.56701990153485,141.0940029201657,141.0940029201657,0.6674098091379376,UNCERTAIN
beta,beta_B,2023-10-20,sure,1,37,65,29,54.06279400000001,54.33073350000001,53.59695250000001,True,0.257174957377976,36,64,711.0428466040929,65,65,-75.43553363008411,711.0428466040929,711.0428466040929,0.9340977594966975,AUTO_CORRECT
beta,beta_B,2023-10-21,sure,1,39,61,23,29.029303,31.649093999999998,29.029303,True,0.257174957377976,36,61,298.04660234382226,62,62,-65.32080845737738,298.04660234382226,298.04660234382226,0.8318914938496856,AUTO_CORRECT
beta,beta_B,2023-10-22,sure,1,40,57,18,9.6250955,12.870386500000002,9.5695735,True,0.257174957377976,36,56,84.7689422407167,57,57,-9.870215638158585,84.7689422407167,84.7689422407167,0.5210218142882256,UNCERTAIN
beta,beta_B,2023-10-23,sure,1,36,64,29,56.452897,58.4445015,56.452897,True,0.257174957377976,34,64,751.5921872062785,65,65,-85.68108613827239,751.5921872062785,751.5921872062785,0.9381147634710958,AUTO_CORRECT
beta,beta_B,2023-10-24,sure,1,37,60,24,39.071214499999996,40.9869875,39.071214499999996,True,0.257174957377976,35,60,407.62229920242936,61,61,-23.66847539887477,407.62229920242936,407.62229920242936,0.878444112163029,AUTO_CORRECT
beta,beta_B,2023-10-25,sure,1,39,63,25,47.416140500000004,46.291788,46.291788,True,0.257174957377976,40,63,747.572494772496,64,64,-83.67607307311103,747.572494772496,747.572494772496,0.9377365541335606,AUTO_CORRECT
beta,beta_B,2023-10-26,sure,0,-1,-1,0,0.0,0.0,0.0,True,0.257174957377976,-1,-1,0.0,61,61,-407.12745713390717,,-407.12745713390717,3.3462358828546996e-06,AUTO_KEEP
beta,beta_B,2023-10-27,sure,1,43,53,11,20.334346999999998,28.161607500000002,20.334346999999998,True,0.257174957377976,39,54,261.65111228615007,61,61,-269.4684175602659,261.65111228615007,261.65111228615007,0.8087145404293294,AUTO_CORRECT
beta,beta_B,2023-10-28,unsure,0,-1,-1,0,0.0,17.232979999999998,0.0,True,0.257174957377976,54,67,40.45768879182167,41,44,-6.779014961602321,40.45768879182167,40.45768879182167,0.3105204122940055,UNCERTAIN
beta,beta_B,2023-10-29,sure,1,35,65,31,57.730408000000004,59.513021,57.730408000000004,True,0.257174957377976,34,66,783.0745218025966,67,67,-290.7323760724066,783.0745218025966,783.0745218025966,0.940938566000816,AUTO_CORRECT
beta,beta_B,2023-10-30,sure,1,36,61,26,48.40753350000001,49.256357,48.40753350000001,True,0.257174957377976,35,61,574.9954161167317,62,62,-28.573685279425238,574.9954161167317,574.9954161167317,0.9163845733117478,AUTO_CORRECT
beta,beta_B,2023-10-31,sure,1,42,63,22,24.587217000000003,21.7091725,21.7091725,True,0.257174957377976,45,63,426.52972339411815,64,64,-46.145172723936845,426.52972339411815,426.52972339411815,0.8841821934839698,AUTO_CORRECT
beta,beta_B,2023-11-01,sure,1,39,65,27,33.017134500000004,26.943054999999994,26.943054999999994,True,0.257174957377976,44,65,242.1343857856439,38,42,-188.81546500576889,242.1343857856439,242.1343857856439,0.79380595997572,AUTO_CORRECT
beta,beta_B,2023-11-02,unsure,1,37,66,30,48.620223499999994,51.59273149999999,48.620223499999994,True,0.257174957377976,34,66,354.1212330689837,67,67,-223.29330665437223,354.1212330689837,354.1212330689837,0.8590663222141274,AUTO_CORRECT
beta,beta_B,2023-11-03,unsure,1,46,65,20,30.64956,30.1200495,30.1200495,True,0.257174957377976,46,64,321.4956847021444,65,65,-103.26435863223361,321.4956847021444,321.4956847021444,0.8443111263496229,AUTO_CORRECT
beta,beta_B,2023-11-04,unsure,1,39,65,27,41.162901500000004,31.425037000000003,29.786647000000002,True,0.257174957377976,47,66,360.0199025379899,40,44,152.66207976067318,207.3578227773167,360.0199025379899,0.8614683325084675,AUTO_CORRECT
beta,beta_B,2023-11-05,sure,0,-1,-1,0,0.0,0.0,0.0,True,0.257174957377976,-1,-1,0.0,30,30,-1529.4804780949755,,-1529.4804780949755,6.733832196834134e-07,AUTO_KEEP
beta,beta_B,2023-11-06,unsure,0,-1,-1,0,0.0,0.0,0.0,True,0.257174957377976,-1,-1,0.0,36,42,-1.8701740126471873,,-1.8701740126471873,0.0013658308813234198,AUTO_KEEP
beta,beta_B,2023-11-07,sure,1,42,63,22,40.1321285,48.18247749999999,40.1321285,True,0.257174957377976,38,66,547.5773596812031,37,37,-346.16887657149726,547.5773596812031,547.5773596812031,0.9117384695163089,AUTO_CORRECT
beta,beta_B,2023-11-08,sure,1,36,65,30,55.38522400000001,49.60826,48.79837500000001,True,0.257174957377976,35,58,872.9407471853044,61,63,120.99815454575878,751.9425926395456,872.9407471853044,0.9478424574638569,AUTO_CORRECT
beta,beta_B,2023-11-09,unsure,1,36,60,25,43.803332499999996,25.467216999999998,25.467216999999998,True,0.257174957377976,45,60,635.3353911411408,44,44,-356.57438995218257,635.3353911411408,635.3353911411408,0.9251904162599754,AUTO_CORRECT
beta,beta_B,2023-11-10,sure,1,47,64,18,28.0652695,43.5699635,27.7866765,True,0.257174957377976,34,63,538.1972959438353,64,64,-34.2228741209624,538.1972959438353,538.1972959438353,0.9100404296525673,AUTO_CORRECT
beta,beta_B,2023-11-11,sure,1,37,56,20,20.467409500000002,22.2649535,20.467409500000002,True,0.257174957377976,35,56,161.73615249323637,57,57,-46.757013230233504,161.73615249323637,161.73615249323637,0.7028747393512795,AUTO_CORRECT
beta,beta_B,2023-11-12,unsure,0,-1,-1,0,0.0,6.967474499999998,0.0,True,0.257174957377976,37,56,31.77327726473949,36,36,-185.80008792913793,31.77327726473949,31.77327726473949,0.2529740695631671,AUTO_KEEP
beta,beta_B,2023-11-13,unsure,0,-1,-1,0,0.0,5.2146215,0.0,True,0.257174957377976,61,64,33.102667493669614,47,48,-109.05519324079646,33.102667493669614,33.102667493669614,0.2621967912962315,AUTO_KEEP
beta,beta_B,2023-11-14,sure,1,36,60,25,44.54146050000001,56.476252,44.54146050000001,True,0.257174957377976,34,65,400.09299635944274,33,33,-258.33178781466376,400.09299635944274,400.09299635944274,0.8760146082783531,AUTO_CORRECT
beta,beta_B,2023-11-15,unsure,0,-1,-1,0,0.0,25.39865,0.0,True,0.257174957377976,38,61,238.27601010919986,37,37,-282.86387500926537,238.27601010919986,238.27601010919986,0.7906118910487511,AUTO_CORRECT
beta,beta_B,2023-11-16,sure,1,42,58,17,17.920948000000003,20.519314,17.920948000000003,True,0.257174957377976,42,61,227.62008385049194,41,41,-100.45844815471207,227.62008385049194,227.62008385049194,0.7813171279563978,AUTO_CORRECT
beta,beta_B,2023-11-17,unsure,1,40,67,28,42.0536075,29.6412445,29.6412445,True,0.257174957377976,50,67,401.612878882095,40,46,14.800751672820265,386.81212720927476,401.612878882095,0.8765120399211731,AUTO_CORRECT
beta,beta_B,2023-11-18,sure,1,41,67,27,44.736284500000004,47.98200550000001,44.736284500000004,True,0.257174957377976,38,67,653.4292989768409,68,68,-153.7839546637656,653.4292989768409,653.4292989768409,0.9275105506178395,AUTO_CORRECT
beta,beta_B,2023-11-19,sure,1,36,62,27,45.7815105,50.102481499999996,45.7815105,True,0.257174957377976,33,64,508.1876562031637,65,65,-337.74701732058594,508.1876562031637,508.1876562031637,0.9041895159103125,AUTO_CORRECT
beta,beta_B,2023-11-20,sure,0,-1,-1,0,0.0,0.0,0.0,True,0.257174957377976,-1,-1,0.0,54,54,-132.37891996120328,,-132.37891996120328,1.2993087731992968e-05,AUTO_KEEP
beta,beta_B,2023-11-21,unsure,0,-1,-1,0,0.0,0.0,0.0,True,0.257174957377976,-1,-1,0.0,63,63,-53.376138533994066,,-53.376138533994066,3.858140479457407e-05,AUTO_KEEP
beta,beta_B,2023-11-22,sure,1,49,64,16,16.769994,20.1853855,16.769994,True,0.257174957377976,47,65,209.43504961216982,34,34,-368.91650306208686,209.43504961216982,209.43504961216982,0.7636544250454926,AUTO_CORRECT
beta,beta_B,2023-11-23,sure,0,-1,-1,0,0.0,0.0,0.0,True,0.257174957377976,-1,-1,0.0,54,54,-28.283814290851254,,-28.283814290851254,8.17311846924751e-05,AUTO_KEEP
beta,beta_B,2023-11-24,sure,0,-1,-1,0,0.0,0.0,0.0,True,0.257174957377976,-1,-1,0.0,44,44,-155.6311468134441,,-155.6311468134441,1.0691967339256574e-05,AUTO_KEEP
beta,beta_B,2023-11-25,sure,0,-1,-1,0,0.0,0.0,0.0,True,0.257174957377976,-1,-1,0.0,55,55,-211.98109277404424,,-211.98109277404424,7.364949799572108e-06,AUTO_KEEP
beta,beta_B,2023-11-26,unsure,0,-1,-1,0,0.0,16.769185,0.0,True,0.257174957377976,36,51,298.00255076772316,60,61,101.53920439049672,196.46334637722646,298.00255076772316,0.8318665022446553,AUTO_CORRECT
beta,beta_B,2023-11-27,sure,1,41,56,16,13.799742499999999,25.462115500000003,13.799742499999999,True,0.257174957377976,38,59,7.8421165987678005,37,37,-67.00445406162738,7.8421165987678005,7.8421165987678005,0.06464977517740053,AUTO_KEEP
beta,beta_B,2023-11-28,unsure,0,-1,-1,0,0.0,0.0,0.0,True,0.257174957377976,-1,-1,0.0,65,65,-1016.4918782353607,,-1016.4918782353607,1.1048962877706447e-06,AUTO_KEEP
beta,beta_B,2023-11-29,unsure,0,-1,-1,0,0.0,36.913423,0.0,True,0.257174957377976,35,60,271.73319394223995,61,61,-153.67546223706992,271.73319394223995,271.73319394223995,0.8156831006485774,AUTO_CORRECT
beta,beta_B,2023-11-30,unsure,0,-1,-1,0,0.0,2.3618335,0.0,True,0.257174957377976,58,58,53.21879855400489,51,51,28.159932540105196,25.058866013899696,53.21879855400489,0.3841013035503722,UNCERTAIN
beta,beta_B,2023-12-01,unsure,0,-1,-1,0,0.0,1.987003,0.0,True,0.257174957377976,56,57,35.23748161630866,38,46,17.16675592256195,18.070725693746713,35.23748161630866,0.27669183719288953,AUTO_KEEP
beta,beta_B,2023-12-02,sure,0,-1,-1,0,0.0,2.493785,0.0,True,0.257174957377976,44,46,22.615090112726666,66,66,-86.33538315417533,22.615090112726666,22.615090112726666,0.1853755633415557,AUTO_KEEP
beta,beta_B,2023-12-03,unsure,0,-1,-1,0,0.0,28.235524500000004,0.0,True,0.257174957377976,35,61,303.05636921747873,63,63,121.8532148315936,181.2031543858851,303.05636921747873,0.8346909277063813,AUTO_CORRECT
beta,beta_B,2023-12-04,unsure,0,-1,-1,0,0.0,20.270795,0.0,True,0.257174957377976,39,65,45.874913847369065,66,66,-82.47956268703209,45.874913847369065,45.874913847369065,0.3432778289983466,UNCERTAIN
beta,beta_B,2023-12-05,sure,1,36,56,21,23.2027875,23.7519245,23.036924,True,0.257174957377976,35,55,178.8733630490479,56,56,-12.027580388321043,178.8733630490479,178.8733630490479,0.7275986378329229,AUTO_CORRECT
beta,beta_B,2023-12-06,sure,1,40,61,22,15.811198999999997,15.881334499999998,15.721710499999997,True,0.257174957377976,39,60,189.74183163868838,61,61,-6.106677317820726,189.74183163868838,189.74183163868838,0.7414725897127064,AUTO_CORRECT
beta,beta_B,2023-12-07,sure,1,38,48,11,8.0526475,9.181331000000002,8.0526475,True,0.257174957377976,37,50,99.27330526893276,52,52,-18.99816117434891,99.27330526893276,99.27330526893276,0.567990620421487,UNCERTAIN
beta,beta_B,2023-12-08,sure,0,-1,-1,0,0.0,0.0,0.0,True,0.257174957377976,-1,-1,0.0,42,42,-142.89554061064587,,-142.89554061064587,1.1850386830534014e-05,AUTO_KEEP
beta,beta_B,2023-12-09,sure,0,-1,-1,0,0.0,0.0,0.0,True,0.257174957377976,-1,-1,0.0,29,29,-3199.910543977639,,-3199.910543977639,2.751469953738331e-07,AUTO_KEEP
beta,beta_B,2023-12-10,sure,0,-1,-1,0,0.0,0.0,0.0,True,0.257174957377976,-1,-1,0.0,54,54,-98.57170101934693,,-98.57170101934693,1.8522545586837447e-05,AUTO_KEEP
beta,beta_B,2023-12-11,unsure,0,-1,-1,0,0.0,0.6426789999999999,0.0,True,0.257174957377976,42,46,3.6649699992817157,47,47,-4.528715236839334,3.6649699992817157,3.6649699992817157,0.030841198822756658,AUTO_KEEP
beta,beta_B,2023-12-12,sure,0,-1,-1,0,0.0,0.0,0.0,True,0.257174957377976,-1,-1,0.0,53,53,-4.1259797261296285,,-4.1259797261296285,0.000676366891494475,AUTO_KEEP
beta,beta_B,2023-12-13,unsure,0,-1,-1,0,0.0,3.243125,0.0,True,0.257174957377976,45,47,30.303063167080936,43,43,9.814292917524806,20.48877024955613,30.303063167080936,0.24259841338741686,AUTO_KEEP
beta,beta_B,2023-12-14,sure,0,-1,-1,0,0.0,0.0,0.0,True,0.257174957377976,-1,-1,0.0,43,44,-374.2398238432633,,-374.2398238432633,3.7052255674512397e-06,AUTO_KEEP
beta,beta_B,2023-12-15,unsure,0,-1,-1,0,0.0,0.0,0.0,True,0.257174957377976,-1,-1,0.0,44,44,-11.986276383552505,,-11.986276383552505,0.00021912265177068712,AUTO_KEEP
beta,beta_B,2023-12-16,sure,0,-1,-1,0,0.0,0.0,0.0,True,0.257174957377976,-1,-1,0.0,40,40,-240.34857472104062,,-240.34857472104062,6.328494052039633e-06,AUTO_KEEP
beta,beta_B,2023-12-17,sure,0,-1,-1,0,0.0,0.0,0.0,True,0.257174957377976,-1,-1,0.0,53,53,-62.310593612749635,,-62.310593612749635,3.208048809429939e-05,AUTO_KEEP
beta,beta_B,2023-12-18,unsure,1,48,59,12,29.195366999999997,0.0,0.0,True,0.257174957377976,-1,-1,0.0,48,48,-365.7211014709549,,-365.7211014709549,3.8098843290099085e-06,AUTO_KEEP
beta,beta_B,2023-12-19,sure,0,-1,-1,0,0.0,0.0,0.0,True,0.257174957377976,-1,-1,0.0,37,37,-1477.393577987792,,-1477.393577987792,7.022680322676445e-07,AUTO_KEEP
beta,beta_B,2023-12-20,sure,0,-1,-1,0,0.0,0.0,0.0,True,0.257174957377976,-1,-1,0.0,58,58,-1657.1988333769064,,-1657.1988333769064,6.109976711835672e-07,AUTO_KEEP
beta,beta_B,2023-12-21,sure,0,-1,-1,0,0.0,0.0,0.0,True,0.257174957377976,-1,-1,0.0,58,58,-34.40347015061271,,-34.40347015061271,6.492659108058549e-05,AUTO_KEEP
beta,beta_B,2023-12-22,sure,1,37,65,29,43.706059,46.917330500000006,43.706059,True,0.257174957377976,36,68,420.49269011977975,35,35,-287.8746554268974,420.49269011977975,420.49269011977975,0.8824039418457413,AUTO_CORRECT
beta,beta_B,2023-12-23,sure,1,41,59,19,20.5679075,31.655163,20.5679075,True,0.257174957377976,36,66,126.75616872378984,35,35,-205.03035215701337,126.75616872378984,126.75616872378984,0.638179892012441,UNCERTAIN
beta,beta_B,2023-12-24,sure,0,-1,-1,0,0.0,7.4934579999999995,0.0,True,0.257174957377976,55,62,36.870568947441335,42,43,-36.256919453308996,36.870568947441335,36.870568947441335,0.2875194695468479,AUTO_KEEP
beta,beta_B,2023-12-25,unsure,0,-1,-1,0,0.0,20.031493499999996,0.0,True,0.257174957377976,37,60,125.24258865199357,61,61,-12.404269736183352,125.24258865199357,125.24258865199357,0.6348351467062894,UNCERTAIN
beta,beta_B,2023-12-26,sure,0,-1,-1,0,0.0,0.0,0.0,True,0.257174957377976,-1,-1,0.0,63,64,-28.263492006008846,,-28.263492006008846,8.180003219898395e-05,AUTO_KEEP
beta,beta_B,2023-12-27,unsure,0,-1,-1,0,0.0,9.854288,0.0,True,0.257174957377976,38,54,167.04603980440208,55,55,-132.23567767668524,167.04603980440208,167.04603980440208,0.7109436146528026,AUTO_CORRECT
beta,beta_B,2023-12-28,sure,0,-1,-1,0,0.0,3.7190855,0.0,True,0.257174957377976,38,47,47.101718411067175,48,48,-26.4103880577306,47.101718411067175,47.101718411067175,0.35037687782443966,UNCERTAIN
beta,beta_B,2023-12-29,sure,0,-1,-1,0,0.0,0.0,0.0,True,0.257174957377976,-1,-1,0.0,42,42,-133.1409265234475,,-133.1409265234475,1.290361340833634e-05,AUTO_KEEP
beta,beta_B,2023-12-30,sure,1,39,61,23,21.060048500000004,26.502987,21.060048500000004,True,0.257174957377976,37,64,257.1833294795569,36,36,-148.19025771415218,257.1833294795569,257.1833294795569,0.8054744952118313,AUTO_CORRECT
beta,beta_B,2023-12-31,sure,0,-1,-1,0,0.0,0.0,0.0,True,0.257174957377976,-1,-1,0.0,62,62,-313.49556919322936,,-313.49556919322936,4.5903293641670155e-06,AUTO_KEEP
beta,beta_B,2024-01-01,sure,0,-1,-1,0,0.0,0.0,0.0,True,0.257174957377976,-1,-1,0.0,60,60,-165.3598619546079,,-165.3598619546079,9.938331338095916e-06,AUTO_KEEP
beta,beta_B,2024-01-02,sure,0,-1,-1,0,0.0,6.8008535000000006,0.0,True,0.257174957377976,50,57,132.79084294942692,59,60,0.6297925586464208,132.1610503907805,132.79084294942692,0.6510045302467946,UNCERTAIN
beta,beta_B,2024-01-03,unsure,1,40,50,11,3.915009999999999,4.79176,3.915009999999999,True,0.257174957377976,38,54,32.27524835592701,55,55,-9.5148951672291,32.27524835592701,32.27524835592701,0.256474272992015,AUTO_KEEP
beta,beta_B,2024-01-04,unsure,0,-1,-1,0,0.0,0.0,0.0,True,0.257174957377976,-1,-1,0.0,42,42,-44.61810256796215,,-44.61810256796215,4.7740860794328897e-05,AUTO_KEEP
beta,beta_B,2024-01-05,unsure,0,-1,-1,0,0.0,21.510162499999996,0.0,True,0.257174957377976,39,58,151.00496549200443,38,38,-577.9170347539077,151.00496549200443,151.00496549200443,0.6853089304758447,UNCERTAIN
beta,beta_B,2024-01-06,sure,1,42,64,23,23.0136975,34.2967515,23.0136975,True,0.257174957377976,37,66,211.6620879254956,67,67,-446.4467931825068,211.6620879254956,211.6620879254956,0.7659514081990157,AUTO_CORRECT
beta,beta_B,2024-01-07,unsure,0,-1,-1,0,0.0,18.107127499999997,0.0,True,0.257174957377976,35,58,83.69037675993495,34,34,-304.14062458107054,83.69037675993495,83.69037675993495,0.5171898426335952,UNCERTAIN
beta,beta_B,2024-01-08,sure,0,-1,-1,0,0.0,0.0,0.0,True,0.257174957377976,-1,-1,0.0,34,34,-143.06789773242778,,-143.06789773242778,1.1833192253356649e-05,AUTO_KEEP
beta,beta_B,2024-01-09,sure,0,-1,-1,0,0.0,0.0,0.0,True,0.257174957377976,-1,-1,0.0,61,61,-75.73783494329783,,-75.73783494329783,2.5404984205819246e-05,AUTO_KEEP
beta,beta_B,2024-01-10,unsure,0,-1,-1,0,0.0,0.0,0.0,True,0.257174957377976,-1,-1,0.0,52,52,-259.67321486684386,,-259.67321486684386,5.764001153585175e-06,AUTO_KEEP
beta,beta_B,2024-01-11,unsure,0,-1,-1,0,0.0,0.0,0.0,True,0.257174957377976,-1,-1,0.0,49,49,-537.7007031027064,,-537.7007031027064,2.38962001858198e-06,AUTO_KEEP
beta,beta_B,2024-01-12,unsure,0,-1,-1,0,0.0,0.0,0.0,True,0.257174957377976,-1,-1,0.0,47,47,-0.2643447055680479,,-0.2643447055680479,0.003683530926300323,AUTO_KEEP
beta,beta_B,2024-01-13,sure,0,-1,-1,0,0.0,0.0,0.0,True,0.257174957377976,-1,-1,0.0,41,45,-75.73211224177027,,-75.73211224177027,2.5407282431841277e-05,AUTO_KEEP
beta,beta_B,2024-01-14,sure,0,-1,-1,0,0.0,0.0,0.0,True,0.257174957377976,-1,-1,0.0,38,38,-327.1948559723599,,-327.1948559723599,4.358958270249446e-06,AUTO_KEEP
beta,beta_B,2024-01-15,sure,0,-1,-1,0,0.0,0.0,0.0,True,0.257174957377976,-1,-1,0.0,41,41,-145.4092401801564,,-145.4092401801564,1.1604048829101598e-05,AUTO_KEEP
beta,beta_B,2024-01-16,sure,0,-1,-1,0,0.0,0.0,0.0,True,0.257174957377976,-1,-1,0.0,53,53,-604.6784568450757,,-604.6784568450757,2.0729762704434484e-06,AUTO_KEEP
beta,beta_B,2024-01-17,sure,0,-1,-1,0,0.0,0.717629,0.0,True,0.257174957377976,43,44,13.63121125279662,41,41,-9.127674075118433,13.63121125279662,13.63121125279662,0.11294189050517886,AUTO_KEEP
beta,beta_B,2024-01-18,sure,0,-1,-1,0,0.0,0.0,0.0,True,0.257174957377976,-1,-1,0.0,42,42,-157.57020299698064,,-157.57020299698064,1.0533583250920816e-05,AUTO_KEEP
beta,beta_B,2024-01-19,unsure,1,38,63,26,24.358690499999998,20.147810500000006,20.147810500000006,True,0.257174957377976,42,60,307.02269421930475,62,62,-22.008810380797176,307.02269421930475,307.02269421930475,0.8368487152822902,AUTO_CORRECT
beta,beta_B,2024-01-20,sure,1,43,61,19,24.743228000000002,4.9054155,4.9054155,True,0.257174957377976,56,57,162.75916889310412,44,49,-29.76733173992975,162.75916889310412,162.75916889310412,0.7044597810802183,AUTO_CORRECT
beta,beta_B,2024-01-21,sure,0,-1,-1,0,0.0,0.0,0.0,True,0.257174957377976,-1,-1,0.0,39,39,-221.6788714780401,,-221.6788714780401,6.97771446612302e-06,AUTO_KEEP
beta,beta_B,2024-01-22,sure,0,-1,-1,0,0.0,0.0,0.0,True,0.257174957377976,-1,-1,0.0,48,54,-52.787314549703616,,-52.787314549703616,3.90943000879548e-05,AUTO_KEEP
beta,beta_B,2024-01-23,unsure,0,-1,-1,0,0.0,26.232268499999996,0.0,True,0.257174957377976,39,66,102.62329019194935,38,38,-99.40269694296754,102.62329019194935,102.62329019194935,0.5777441307759621,UNCERTAIN
beta,beta_B,2024-01-24,sure,1,39,52,14,11.1443365,12.364098499999999,11.1443365,True,0.257174957377976,37,53,81.79092409100339,54,54,-20.043770765444133,81.79092409100339,81.79092409100339,0.5103164262582327,UNCERTAIN
beta,beta_B,2024-01-25,sure,0,-1,-1,0,0.0,0.0,0.0,True,0.257174957377976,-1,-1,0.0,38,38,-2951.5412827187247,,-2951.5412827187247,3.034684262740092e-07,AUTO_KEEP
beta,beta_B,2024-01-26,sure,0,-1,-1,0,0.0,0.0,0.0,True,0.257174957377976,-1,-1,0.0,30,30,-3339.314462788577,,-3339.314462788577,2.6128091842844945e-07,AUTO_KEEP
beta,beta_B,2024-01-27,sure,0,-1,-1,0,0.0,0.0,0.0,True,0.257174957377976,-1,-1,0.0,47,47,-1359.4094447832215,,-1359.4094447832215,7.768132228694537e-07,AUTO_KEEP
beta,beta_B,2024-01-28,sure,0,-1,-1,0,0.0,0.0,0.0,True,0.257174957377976,-1,-1,0.0,41,42,-28.364111528024644,,-28.364111528024644,8.146018610855391e-05,AUTO_KEEP
beta,beta_B,2024-01-29,sure,0,-1,-1,0,0.0,0.0,0.0,True,0.257174957377976,-1,-1,0.0,42,42,-48.972613806611946,,-48.972613806611946,4.274292467229954e-05,AUTO_KEEP
beta,beta_B,2024-01-30,sure,0,-1,-1,0,0.0,0.0,0.0,True,0.257174957377976,-1,-1,0.0,47,49,-1020.6090882747519,,-1020.6090882747519,1.099497327499535e-06,AUTO_KEEP
beta,beta_B,2024-01-31,sure,0,-1,-1,0,0.0,0.0,0.0,True,0.257174957377976,-1,-1,0.0,43,43,-190.1363455100189,,-190.1363455100189,8.398025734984908e-06,AUTO_KEEP
beta,beta_B,2024-02-01,sure,0,-1,-1,0,0.0,0.0,0.0,True,0.257174957377976,-1,-1,0.0,55,55,-109.39181768287123,,-109.39181768287123,1.634400458839728e-05,AUTO_KEEP
beta,beta_B,2024-02-02,sure,0,-1,-1,0,0.0,0.0,0.0,True,0.257174957377976,-1,-1,0.0,46,46,-115.0446762119422,,-115.0446762119422,1.5383357865316623e-05,AUTO_KEEP
beta,beta_B,2024-02-03,unsure,0,-1,-1,0,0.0,1.736507,0.0,True,0.257174957377976,58,62,24.68956093164489,63,63,-11.367002642368748,24.68956093164489,24.68956093164489,0.20129647529907033,AUTO_KEEP
beta,beta_B,2024-02-04,sure,0,-1,-1,0,0.0,0.0,0.0,True,0.257174957377976,-1,-1,0.0,38,38,-0.9091279238524873,,-0.9091279238524873,0.002237719881288522,AUTO_KEEP
beta,beta_B,2024-02-05,sure,0,-1,-1,0,0.0,0.0,0.0,True,0.257174957377976,-1,-1,0.0,33,33,-3567.3170638254096,,-3567.3170638254096,2.4117033270185496e-07,AUTO_KEEP
beta,beta_B,2024-02-06,sure,0,-1,-1,0,0.0,0.0,0.0,True,0.257174957377976,-1,-1,0.0,46,52,-1129.468108393732,,-1129.468108393732,9.724218474818363e-07,AUTO_KEEP
beta,beta_B,2024-02-07,sure,0,-1,-1,0,0.0,0.0,0.0,True,0.257174957377976,-1,-1,0.0,42,42,-1024.6896514752648,,-1024.6896514752648,1.094193723892865e-06,AUTO_KEEP
beta,beta_B,2024-02-08,sure,0,-1,-1,0,0.0,0.0,0.0,True,0.257174957377976,-1,-1,0.0,40,43,-34.65674385005059,,-34.65674385005059,6.436764328203483e-05,AUTO_KEEP
beta,beta_B,2024-02-09,unsure,0,-1,-1,0,0.0,20.772671000000003,0.0,True,0.257174957377976,39,59,146.4151451288383,61,61,-76.56346808618348,146.4151451288383,146.4151451288383,0.6772336051274473,UNCERTAIN
beta,beta_B,2024-02-10,unsure,0,-1,-1,0,0.0,23.230508,0.0,True,0.257174957377976,45,67,106.18430077745407,68,68,-255.60547963076812,106.18430077745407,106.18430077745407,0.5877093037926018,UNCERTAIN
beta,beta_B,2024-02-11,sure,0,-1,-1,0,0.0,0.0,0.0,True,0.257174957377976,-1,-1,0.0,45,45,-1405.3849358277023,,-1405.3849358277023,7.461181890991154e-07,AUTO_KEEP
beta,beta_B,2024-02-12,sure,1,46,53,3,0.9829325,4.414104,0.0,True,0.257174957377976,40,45,84.87785066138794,48,57,22.53699776403167,62.34085289735627,84.87785066138794,0.5214059376979044,UNCERTAIN
beta,beta_B,2024-02-13,unsure,0,-1,-1,0,0.0,0.0,0.0,True,0.257174957377976,-1,-1,0.0,44,47,-0.46319685214718415,,-0.46319685214718415,0.0030872751916092753,AUTO_KEEP
beta,beta_B,2024-02-14,sure,0,-1,-1,0,0.0,0.0,0.0,True,0.257174957377976,-1,-1,0.0,45,45,-29.484148205520935,,-29.484148205520935,7.784435733181272e-05,AUTO_KEEP
beta,beta_B,2024-02-15,sure,0,-1,-1,0,0.0,0.0,0.0,True,0.257174957377976,-1,-1,0.0,44,44,-629.5794514387915,,-629.5794514387915,1.974103153013144e-06,AUTO_KEEP
beta,beta_B,2024-02-16,unsure,0,-1,-1,0,0.0,40.968852999999996,0.0,True,0.257174957377976,43,64,96.2122740900777,66,66,-178.02598653990947,96.2122740900777,96.2122740900777,0.5587404556076705,UNCERTAIN
beta,beta_B,2024-02-17,sure,0,-1,-1,0,0.0,0.0,0.0,True,0.257174957377976,-1,-1,0.0,44,44,-80.17153452577374,,-80.17153452577374,2.3731746589246247e-05,AUTO_KEEP
beta,beta_B,2024-02-18,sure,0,-1,-1,0,0.0,0.0,0.0,True,0.257174957377976,-1,-1,0.0,48,48,-175.18864925270972,,-175.18864925270972,9.269891772571114e-06,AUTO_KEEP
beta,beta_B,2024-02-19,sure,0,-1,-1,0,0.0,0.0,0.0,True,0.257174957377976,-1,-1,0.0,62,62,-836.9927431692284,,-836.9927431692284,1.3981868389007523e-06,AUTO_KEEP
beta,beta_B,2024-02-20,unsure,0,-1,-1,0,0.0,13.1269675,0.0,True,0.257174957377976,45,60,42.04777337316864,61,61,-174.46074361050225,42.04777337316864,42.04777337316864,0.3203782760100851,UNCERTAIN
beta,beta_B,2024-02-21,unsure,0,-1,-1,0,0.0,7.2188435,0.0,True,0.257174957377976,42,51,80.93397733108621,63,63,-19.422122207918466,80.93397733108621,80.93397733108621,0.5071622074459542,UNCERTAIN
beta,beta_B,2024-02-22,unsure,1,46,54,9,4.330811000000001,4.695164,4.330811000000001,True,0.257174957377976,45,54,55.85157539869739,55,55,-14.72510205981673,55.85157539869739,55.85157539869739,0.3977951000611406,UNCERTAIN
beta,beta_B,2024-02-23,sure,0,-1,-1,0,0.0,0.0,0.0,True,0.257174957377976,-1,-1,0.0,39,42,-888.0469087830361,,-888.0469087830361,1.301398471981648e-06,AUTO_KEEP
beta,beta_B,2024-02-24,sure,0,-1,-1,0,0.0,0.0,0.0,True,0.257174957377976,-1,-1,0.0,62,62,-1327.5448624640198,,-1327.5448624640198,7.994704475510205e-07,AUTO_KEEP
beta,beta_B,2024-02-25,sure,0,-1,-1,0,0.0,0.0,0.0,True,0.257174957377976,-1,-1,0.0,42,45,-37.88231352313189,,-37.88231352313189,5.794944919939774e-05,AUTO_KEEP
beta,beta_B,2024-02-26,unsure,1,40,51,12,8.9378485,8.9378485,8.9378485,True,0.257174957377976,40,51,67.29910710624524,52,52,-19.104920577575726,67.29910710624524,67.29910710624524,0.4521136670528617,UNCERTAIN
beta,beta_B,2024-02-27,sure,0,-1,-1,0,0.0,0.0,0.0,True,0.257174957377976,-1,-1,0.0,46,49,-790.4350396433526,,-790.4350396433526,1.4985720874485838e-06,AUTO_KEEP
beta,beta_B,2024-02-28,unsure,0,-1,-1,0,0.0,1.1927955000000001,0.0,True,0.257174957377976,45,50,14.797292771101914,51,51,-1.5788976399295886,14.797292771101914,14.797292771101914,0.1226013932705382,AUTO_KEEP
beta,beta_B,2024-02-29,sure,0,-1,-1,0,0.0,0.0,0.0,True,0.257174957377976,-1,-1,0.0,42,42,-1389.6213940867717,,-1389.6213940867717,7.563896461651472e-07,AUTO_KEEP
beta,beta_B,2024-03-01,sure,0,-1,-1,0,0.0,0.0,0.0,True,0.257174957377976,-1,-1,0.0,45,46,-49.06405663589506,,-49.06405663589506,4.2648248158793484e-05,AUTO_KEEP
beta,beta_B,2024-03-02,sure,0,-1,-1,0,0.0,0.0,0.0,True,0.257174957377976,-1,-1,0.0,45,45,-1869.0127281537116,,-1869.0127281537116,5.280947221947808e-07,AUTO_KEEP
beta,beta_B,2024-03-03,unsure,0,-1,-1,0,0.0,0.6322035,0.0,True,0.257174957377976,45,45,1.8298032049546982,55,55,-6.228516482487595,1.8298032049546982,1.8298032049546982,0.017058184196148084,AUTO_KEEP
beta,beta_B,2024-03-04,unsure,0,-1,-1,0,0.0,0.0,0.0,True,0.257174957377976,-1,-1,0.0,44,45,-49.33867637621694,,-49.33867637621694,4.236620377453147e-05,AUTO_KEEP
beta,beta_B,2024-03-05,sure,1,50,57,6,5.475709500000001,23.311105500000004,5.475709500000001,True,0.257174957377976,38,65,118.97609269673247,66,66,-82.0912752769963,118.97609269673247,118.97609269673247,0.6204031211123983,UNCERTAIN
beta,beta_B,2024-03-06,sure,1,39,59,21,26.653652,27.33316,26.4307345,True,0.257174957377976,38,58,327.75370220598546,59,59,-51.81510662251034,327.75370220598546,327.75370220598546,0.8473510226483935,AUTO_CORRECT
beta,beta_B,2024-03-07,unsure,0,-1,-1,0,0.0,3.5917675000000004,0.0,True,0.257174957377976,41,55,18.13875073625496,56,56,-9.011089740711078,18.13875073625496,18.13875073625496,0.14991363683008987,AUTO_KEEP
beta,beta_B,2024-03-08,unsure,0,-1,-1,0,0.0,4.945722500000001,0.0,True,0.257174957377976,47,58,15.533461475310798,59,59,-6.028415289973688,15.533461475310798,15.533461475310798,0.12866952133270027,AUTO_KEEP
beta,beta_B,2024-03-09,unsure,0,-1,-1,0,0.0,0.0,0.0,True,0.257174957377976,-1,-1,0.0,58,58,-1.67607757894985,,-1.67607757894985,0.0014867256100062338,AUTO_KEEP
beta,beta_B,2024-03-10,unsure,0,-1,-1,0,0.0,0.0,0.0,True,0.257174957377976,-1,-1,0.0,50,50,-32.64484942598194,,-32.64484942598194,6.906546543496652e-05,AUTO_KEEP
beta,beta_B,2024-03-11,unsure,1,43,59,17,10.689302000000001,11.2018065,10.546264,True,0.257174957377976,42,58,84.04824276778892,59,59,-24.346122024024513,84.04824276778892,84.04824276778892,0.5184669138875933,UNCERTAIN
beta,beta_B,2024-03-12,sure,1,40,57,18,17.0963155,18.135827,17.053365,True,0.257174957377976,38,56,183.20184293268522,57,57,-2.1847642407717665,183.20184293268522,183.20184293268522,0.7332777665131648,AUTO_CORRECT
beta,beta_B,2024-03-13,unsure,0,-1,-1,0,0.0,20.554492,0.0,True,0.257174957377976,39,56,217.41023895608603,58,58,-74.09418172141791,217.41023895608603,217.41023895608603,0.7717010433641633,AUTO_CORRECT
beta,beta_B,2024-03-14,unsure,1,41,60,20,13.904038,14.393425,13.904038,True,0.257174957377976,40,61,198.03212252049042,62,62,-0.004131508083367131,198.03212252049042,198.03212252049042,0.7512413129387788,AUTO_CORRECT
beta,beta_B,2024-03-15,unsure,0,-1,-1,0,0.0,8.259814,0.0,True,0.257174957377976,53,60,199.87082234295826,43,48,52.84219097893352,147.02863136402473,199.87082234295826,0.7533199783138791,AUTO_CORRECT
beta,beta_B,2024-03-16,sure,0,-1,-1,0,0.0,0.0,0.0,True,0.257174957377976,-1,-1,0.0,56,56,-39.28842560938753,,-39.28842560938753,5.550551203799718e-05,AUTO_KEEP
beta,beta_B,2024-03-17,sure,0,-1,-1,0,0.0,5.4809095,0.0,True,0.257174957377976,46,52,75.69489370488111,53,53,-161.28497293727682,75.69489370488111,75.69489370488111,0.4871273504011052,UNCERTAIN
beta,beta_B,2024-03-18,unsure,0,-1,-1,0,0.0,2.5679814999999997,0.0,True,0.257174957377976,59,62,79.34722673903022,58,58,-60.803285957317804,79.34722673903022,79.34722673903022,0.5012323255055927,UNCERTAIN
beta,beta_B,2024-03-19,sure,1,49,62,14,14.315040499999999,14.184607999999999,14.184607999999999,True,0.257174957377976,49,61,300.19951291853107,62,62,-9.763608805977515,300.19951291853107,300.19951291853107,0.8331048469144048,AUTO_CORRECT
beta,beta_B,2024-03-20,sure,0,-1,-1,0,0.0,0.0,0.0,True,0.257174957377976,-1,-1,0.0,60,60,-1271.3307326890188,,-1271.3307326890188,8.425152277851178e-07,AUTO_KEEP
beta,beta_B,2024-03-21,unsure,1,40,66,27,34.565946999999994,36.099546,33.9688075,True,0.257174957377976,41,68,443.7225471986937,40,40,-182.4759626042683,443.7225471986937,443.7225471986937,0.8889903395090141,AUTO_CORRECT
beta,beta_B,2024-03-22,unsure,0,-1,-1,0,0.0,0.0,0.0,True,0.257174957377976,-1,-1,0.0,58,59,-90.53372286635474,,-90.53372286635474,2.0513531758161265e-05,AUTO_KEEP
beta,beta_B,2024-03-23,unsure,0,-1,-1,0,0.0,6.0989450000000005,0.0,True,0.257174957377976,47,51,43.0949641896284,53,58,-91.44069783814022,43.0949641896284,43.0949641896284,0.32675918627986567,UNCERTAIN
beta,beta_B,2024-03-24,unsure,1,44,60,17,18.870060499999997,10.7763565,8.249531000000001,True,0.257174957377976,41,50,139.07377230122452,54,54,-47.11049744958154,139.07377230122452,139.07377230122452,0.6635430762760544,UNCERTAIN
beta,beta_B,2024-03-25,sure,1,40,62,23,29.810543500000005,29.1716935,28.4219815,True,0.257174957377976,39,59,319.82070436582455,61,61,-21.08512079823344,319.82070436582455,319.82070436582455,0.8434790221544776,AUTO_CORRECT
beta,beta_B,2024-03-26,sure,1,43,61,19,22.0373505,22.0373505,22.0373505,True,0.257174957377976,43,61,218.15601967516423,62,62,-45.915595733996916,218.15601967516423,218.15601967516423,0.7724286890575008,AUTO_CORRECT
beta,beta_B,2024-03-27,unsure,0,-1,-1,0,0.0,22.841614000000003,0.0,True,0.257174957377976,43,64,3.9089727594992514,42,42,-119.34096100924282,3.9089727594992514,3.9089727594992514,0.032744274503083676,AUTO_KEEP
beta,beta_B,2024-03-28,unsure,0,-1,-1,0,0.0,7.260661499999999,0.0,True,0.257174957377976,46,56,54.89720830795557,39,43,-55.92408479407624,54.89720830795557,54.89720830795557,0.39288625473979316,UNCERTAIN
beta,beta_B,2024-03-29,unsure,0,-1,-1,0,0.0,4.2726595000000005,0.0,True,0.257174957377976,54,57,100.70227918150674,60,64,-30.72282492892524,100.70227918150674,100.70227918150674,0.5721972792100384,UNCERTAIN
beta,beta_B,2024-03-30,sure,1,41,61,21,14.274229,25.8626795,14.274229,True,0.257174957377976,34,69,243.44760090274653,33,33,-332.0321502403875,243.44760090274653,243.44760090274653,0.7948733735362175,AUTO_CORRECT
beta,beta_B,2024-03-31,unsure,0,-1,-1,0,0.0,10.160956,0.0,True,0.257174957377976,54,59,130.92579160172215,39,52,-42.79298332186862,130.92579160172215,130.92579160172215,0.6471259028740889,UNCERTAIN
beta,beta_B,2024-04-01,sure,1,39,61,23,25.758409999999998,25.42532,25.42532,True,0.257174957377976,39,60,236.11504475836173,61,61,-40.19357089123982,236.11504475836173,236.11504475836173,0.7887843096847591,AUTO_CORRECT
beta,beta_B,2024-04-02,sure,0,-1,-1,0,0.0,0.0,0.0,True,0.257174957377976,-1,-1,0.0,43,45,-20.548746679811654,,-20.548746679811654,0.00011856294481316979,AUTO_KEEP
beta,beta_B,2024-04-03,sure,1,39,63,25,35.059832,36.658752500000006,35.059832,True,0.257174957377976,38,64,341.56919959939773,65,65,-217.29246567667184,341.56919959939773,341.56919959939773,0.8536982568465551,AUTO_CORRECT
beta,beta_B,2024-04-04,sure,0,-1,-1,0,0.0,0.0,0.0,True,0.257174957377976,-1,-1,0.0,48,48,-1690.7847731464938,,-1690.7847731464938,5.963156733816904e-07,AUTO_KEEP
beta,beta_B,2024-04-05,sure,0,-1,-1,0,0.0,0.0,0.0,True,0.257174957377976,-1,-1,0.0,24,24,-2194.581648002,,-2194.581648002,4.346706524770072e-07,AUTO_KEEP
beta,beta_B,2024-04-06,sure,1,41,64,24,31.053282,31.812291000000002,31.053282,True,0.257174957377976,40,64,355.27536606794666,65,65,-139.1083667938039,355.27536606794666,355.27536606794666,0.8595421606349157,AUTO_CORRECT
beta,beta_B,2024-04-07,sure,1,37,58,22,32.69853199999999,32.69853199999999,32.69853199999999,True,0.257174957377976,37,58,420.3000350440544,59,59,-176.242517602502,420.3000350440544,420.3000350440544,0.8823463846756021,AUTO_CORRECT
beta,beta_B,2024-04-08,unsure,0,-1,-1,0,0.0,5.3144754999999995,0.0,True,0.257174957377976,45,47,207.65755189388798,38,43,48.153670730506384,159.5038811633816,207.65755189388798,0.7617922976575195,AUTO_CORRECT
beta,beta_B,2024-04-09,sure,1,35,58,24,40.618090499999994,40.486446,39.6499185,True,0.257174957377976,34,57,517.6623275232433,59,61,-238.19801167865492,517.6623275232433,517.6623275232433,0.9061094255570513,AUTO_CORRECT
beta,beta_B,2024-04-10,unsure,1,36,60,25,39.9435375,19.974680499999998,19.974680499999998,True,0.257174957377976,48,57,382.40254022652925,35,42,54.43109090920239,327.97144931732686,382.40254022652925,0.8699485137640766,AUTO_CORRECT
beta,beta_B,2024-04-11,sure,1,35,61,27,53.031768,53.753251,53.031768,True,0.257174957377976,35,62,784.2009205267187,34,34,-217.23495425339638,784.2009205267187,784.2009205267187,0.9410352628467761,AUTO_CORRECT
beta,beta_B,2024-04-12,sure,1,35,52,18,22.988468999999995,35.088837,22.988468999999995,True,0.257174957377976,35,62,212.92212608625664,34,34,-243.45517970989127,212.92212608625664,212.92212608625664,0.76723357978429,AUTO_CORRECT
beta,beta_B,2024-04-13,unsure,1,37,60,24,31.568571499999997,32.4121105,31.568571499999997,True,0.257174957377976,36,60,231.91602584666893,61,61,-170.4515154682179,231.91602584666893,231.91602584666893,0.7851509004165379,AUTO_CORRECT
beta,beta_B,2024-04-14,sure,1,37,57,21,31.4945365,33.8202535,30.9586805,True,0.257174957377976,34,56,426.1419293903784,57,57,-162.19066864983472,426.1419293903784,426.1419293903784,0.8840694244084804,AUTO_CORRECT
beta,beta_B,2024-04-15,sure,1,38,56,19,29.104353,32.0936395,29.104353,True,0.257174957377976,37,57,422.0238948013149,36,36,-239.5066464231412,422.0238948013149,422.0238948013149,0.8828596036315338,AUTO_CORRECT
beta,beta_B,2024-04-16,unsure,0,-1,-1,0,0.0,20.426952,0.0,True,0.257174957377976,42,58,138.97487946194855,62,62,-367.1848334458997,138.97487946194855,138.97487946194855,0.66335179245404,UNCERTAIN
beta,beta_B,2024-04-17,unsure,0,-1,-1,0,0.0,16.26915,0.0,True,0.257174957377976,48,60,12.66121345448605,38,46,-235.31975051508962,12.66121345448605,12.66121345448605,0.10487034977258833,AUTO_KEEP
beta,beta_B,2024-04-18,sure,1,40,55,16,27.5263605,25.895345999999996,25.895345999999996,True,0.257174957377976,41,54,483.79228312223677,37,37,33.37582424891528,450.4164588733215,483.79228312223677,0.8989047325568345,AUTO_CORRECT
beta,beta_B,2024-04-19,sure,1,37,50,14,26.233731499999998,26.9326455,26.233731499999998,True,0.257174957377976,36,50,535.676883992414,35,35,-161.59061173418814,535.676883992414,535.676883992414,0.9095740727353933,AUTO_CORRECT
beta,beta_B,2024-04-20,sure,0,-1,-1,0,0.0,0.0,0.0,True,0.257174957377976,-1,-1,0.0,45,45,-1065.2468333146173,,-1065.2468333146173,1.0439154350381979e-06,AUTO_KEEP
beta,beta_B,2024-04-21,sure,0,-1,-1,0,0.0,0.0,0.0,True,0.257174957377976,-1,-1,0.0,56,59,-82.0413050545334,,-82.0413050545334,2.3085166371208006e-05,AUTO_KEEP
beta,beta_B,2024-04-22,sure,1,37,60,24,33.150054499999996,35.88638350000001,33.150054499999996,True,0.257174957377976,35,61,240.6949009769042,62,62,-279.13098268655347,240.6949009769042,240.6949009769042,0.7926245092982245,AUTO_CORRECT
beta,beta_B,2024-04-23,sure,1,37,59,23,42.387837,43.686881500000005,42.387837,True,0.257174957377976,36,60,605.8074288961674,61,61,-122.02883080272649,605.8074288961674,605.8074288961674,0.9211023120678506,AUTO_CORRECT
beta,beta_B,2024-04-24,unsure,0,-1,-1,0,0.0,0.0,0.0,True,0.257174957377976,-1,-1,0.0,40,44,-39.75845738459215,,-39.75845738459215,5.4730079611040666e-05,AUTO_KEEP
beta,beta_B,2024-04-25,unsure,0,-1,-1,0,0.0,27.375125499999996,0.0,True,0.257174957377976,37,53,414.365751958477,55,60,-3.336586572586894,414.365751958477,414.365751958477,0.8805482952053117,AUTO_CORRECT
beta,beta_B,2024-04-26,sure,1,37,60,24,39.9371675,41.621302500000006,39.9371675,True,0.257174957377976,36,61,478.59549943786027,62,62,-287.98482422129774,478.59549943786027,478.59549943786027,0.8977105146407858,AUTO_CORRECT
beta,beta_B,2024-04-27,sure,1,38,58,21,27.348129,30.12725,27.348129,True,0.257174957377976,38,61,265.56129981013765,37,37,-341.9621892608314,265.56129981013765,265.56129981013765,0.8114721444651725,AUTO_CORRECT
beta,beta_B,2024-04-28,sure,1,39,59,21,34.158351999999994,36.8696245,34.158351999999994,True,0.257174957377976,37,60,498.8157420929564,61,61,-182.25224070608837,498.8157420929564,498.8157420929564,0.9022195295467105,AUTO_CORRECT
beta,beta_B,2024-04-29,sure,1,40,56,17,28.841848499999998,38.99636149999999,27.9136675,True,0.257174957377976,41,61,437.35905863746,34,39,-289.8401125202712,437.35905863746,437.35905863746,0.8872533408045713,AUTO_CORRECT
beta,beta_B,2024-04-30,sure,0,-1,-1,0,0.0,0.0,0.0,True,0.257174957377976,-1,-1,0.0,46,46,-165.31910680269374,,-165.31910680269374,9.941285391283244e-06,AUTO_KEEP
beta,beta_B,2024-05-01,sure,0,-1,-1,0,0.0,0.0,0.0,True,0.257174957377976,-1,-1,0.0,41,41,-1018.1564033303338,,-1018.1564033303338,1.1027077581957544e-06,AUTO_KEEP
beta,beta_B,2024-05-02,sure,0,-1,-1,0,0.0,0.0,0.0,True,0.257174957377976,-1,-1,0.0,44,49,-137.26724097522106,,-137.26724097522106,1.2438013398219827e-05,AUTO_KEEP
beta,beta_B,2024-05-03,unsure,0,-1,-1,0,0.0,26.911684500000003,0.0,True,0.257174957377976,39,58,100.4241978319938,38,38,-305.4116391122098,100.4241978319938,100.4241978319938,0.5713841002677258,UNCERTAIN
beta,beta_B,2024-05-04,sure,0,-1,-1,0,0.0,0.0,0.0,True,0.257174957377976,-1,-1,0.0,42,42,-63.17024257435102,,-63.17024257435102,3.1559953076445476e-05,AUTO_KEEP
beta,beta_B,2024-05-05,sure,0,-1,-1,0,0.0,0.0,0.0,True,0.257174957377976,-1,-1,0.0,24,24,-2022.667088710198,,-2022.667088710198,4.798582136329578e-07,AUTO_KEEP
beta,beta_B,2024-05-06,sure,0,-1,-1,0,0.0,0.0,0.0,True,0.257174957377976,-1,-1,0.0,39,39,-372.2687913073388,,-372.2687913073388,3.7289713460517336e-06,AUTO_KEEP
beta,beta_B,2024-05-07,unsure,0,-1,-1,0,0.0,0.0,0.0,True,0.257174957377976,-1,-1,0.0,43,58,-30.277033545321913,,-30.277033545321913,7.545734484482088e-05,AUTO_KEEP
beta,beta_B,2024-05-08,unsure,0,-1,-1,0,0.0,13.956173999999999,0.0,True,0.257174957377976,44,54,213.3448961934184,56,59,-36.18619743094363,213.3448961934184,213.3448961934184,0.7676609921638304,AUTO_CORRECT
beta,beta_B,2024-05-09,unsure,0,-1,-1,0,0.0,0.0,0.0,True,0.257174957377976,-1,-1,0.0,43,48,-122.27886683599253,,-122.27886683599253,1.4295335155645844e-05,AUTO_KEEP
beta,beta_B,2024-05-10,unsure,0,-1,-1,0,0.0,3.9480575,0.0,True,0.257174957377976,54,57,52.23403135225081,47,47,-296.49974131661514,52.23403135225081,52.23403135225081,0.37885522412446626,UNCERTAIN
beta,beta_B,2024-05-11,sure,0,-1,-1,0,0.0,0.0,0.0,True,0.257174957377976,-1,-1,0.0,56,56,-1507.4361331490136,,-1507.4361331490136,6.85338575965566e-07,AUTO_KEEP
beta,beta_B,2024-05-12,sure,0,-1,-1,0,0.0,0.0,0.0,True,0.257174957377976,-1,-1,0.0,54,57,-71.8178393533077,,-71.8178393533077,2.7073233487123546e-05,AUTO_KEEP
beta,beta_B,2024-05-13,sure,0,-1,-1,0,0.0,0.0,0.0,True,0.257174957377976,-1,-1,0.0,40,43,-109.58723398042913,,-109.58723398042913,1.6308979208410625e-05,AUTO_KEEP
beta,beta_B,2024-05-14,sure,1,40,58,19,29.114088999999996,34.288402000000005,29.114088999999996,True,0.257174957377976,38,61,281.0351610014343,37,37,-215.97656500500878,281.0351610014343,281.0351610014343,0.8217208757475839,AUTO_CORRECT
beta,beta_B,2024-05-15,unsure,1,40,56,17,18.7168885,24.424017,18.7168885,True,0.257174957377976,37,60,35.387444815220206,61,61,-313.702529547653,35.387444815220206,35.387444815220206,0.27769550952327643,AUTO_KEEP
beta,beta_B,2024-05-16,unsure,1,40,55,16,16.163852000000002,0.0,0.0,True,0.257174957377976,-1,-1,0.0,41,57,-30.92445772018592,,-30.92445772018592,7.36053133230137e-05,AUTO_KEEP
beta,beta_B,2024-05-17,sure,1,37,58,22,32.3077285,33.1256405,32.3077285,True,0.257174957377976,37,59,424.05360227384057,60,60,-200.96380526553696,424.05360227384057,424.05360227384057,0.8834587307393835,AUTO_CORRECT
beta,beta_B,2024-05-18,sure,0,-1,-1,0,0.0,0.0,0.0,True,0.257174957377976,-1,-1,0.0,43,43,-78.3227668919287,,-78.3227668919287,2.440430675099147e-05,AUTO_KEEP
beta,beta_B,2024-05-19,unsure,0,-1,-1,0,0.0,13.391664500000001,0.0,True,0.257174957377976,45,58,46.30566833079482,44,44,-253.64539097188455,46.30566833079482,46.30566833079482,0.3457835791116901,UNCERTAIN
beta,beta_B,2024-05-20,unsure,0,-1,-1,0,0.0,0.0,0.0,True,0.257174957377976,-1,-1,0.0,50,50,-187.84332994681338,,-187.84332994681338,8.521875662120483e-06,AUTO_KEEP
beta,beta_B,2024-05-21,sure,0,-1,-1,0,0.0,0.0,0.0,True,0.257174957377976,-1,-1,0.0,43,43,-149.83825595372042,,-149.83825595372042,1.1192058456147152e-05,AUTO_KEEP
beta,beta_B,2024-05-22,sure,1,41,58,18,23.710461,25.1302655,23.710461,True,0.257174957377976,40,59,199.08281787604002,39,39,-129.35345134247532,199.08281787604002,199.08281787604002,0.7524329039702762,AUTO_CORRECT
beta,beta_B,2024-05-23,sure,1,46,58,13,15.609454499999998,16.417198499999998,15.609454499999998,True,0.257174957377976,46,59,64.51941113853107,60,60,-189.79059209338854,64.51941113853107,64.51941113853107,0.4396619136001974,UNCERTAIN
beta,beta_B,2024-05-24,sure,1,41,52,12,13.7514485,17.197338,13.7514485,True,0.257174957377976,41,55,58.90572943183719,40,40,-113.84557608998954,58.90572943183719,58.90572943183719,0.41309459086739747,UNCERTAIN
beta,beta_B,2024-05-25,sure,0,-1,-1,0,0.0,0.0,0.0,True,0.257174957377976,-1,-1,0.0,51,51,-279.0197510545745,,-279.0197510545745,5.284569943220559e-06,AUTO_KEEP
beta,beta_B,2024-05-26,unsure,1,41,55,15,13.254786500000002,14.7956845,13.254786500000002,True,0.257174957377976,41,57,45.7071776266907,40,40,-182.01277871053423,45.7071776266907,45.7071776266907,0.3422982196827519,UNCERTAIN
beta,beta_B,2024-05-27,unsure,1,44,54,11,12.9661,15.494498499999999,12.2570245,True,0.257174957377976,40,53,6.176091056953822,54,54,-159.0906423268744,6.176091056953822,6.176091056953822,0.05092304851254292,AUTO_KEEP
beta,beta_B,2024-05-28,sure,1,41,58,18,21.635304999999995,22.344222499999994,21.635304999999995,True,0.257174957377976,41,59,174.6482797012187,40,40,-108.48426367881748,174.6482797012187,174.6482797012187,0.7218467911425027,AUTO_CORRECT
beta,beta_B,2024-05-29,sure,1,42,56,15,19.8286845,24.066148999999996,19.8286845,True,0.257174957377976,40,59,126.29478781491352,39,39,-256.61657039368924,126.29478781491352,126.29478781491352,0.637165935936656,UNCERTAIN
beta,beta_B,2024-05-30,sure,1,42,56,15,18.461276499999997,19.513969,17.871639999999996,True,0.257174957377976,40,55,163.7816827281724,56,56,-126.41516280379187,163.7816827281724,163.7816827281724,0.7060293105459393,AUTO_CORRECT
beta,beta_B,2024-05-31,sure,0,-1,-1,0,0.0,0.0,0.0,True,0.257174957377976,-1,-1,0.0,43,43,-1921.7408979481415,,-1921.7408979481415,5.105796663783898e-07,AUTO_KEEP
beta,beta_B,2024-06-01,sure,0,-1,-1,0,0.0,0.0,0.0,True,0.257174957377976,-1,-1,0.0,24,24,-2322.611115616575,,-2322.611115616575,4.057924455866921e-07,AUTO_KEEP
beta,beta_B,2024-06-02,sure,0,-1,-1,0,0.0,0.0,0.0,True,0.257174957377976,-1,-1,0.0,41,41,-2189.957698404889,,-2189.957698404889,4.3578365007000876e-07,AUTO_KEEP
beta,beta_B,2024-06-03,unsure,0,-1,-1,0,0.0,0.0,0.0,True,0.257174957377976,-1,-1,0.0,42,48,-21.08223915047419,,-21.08223915047419,0.00011509784595171013,AUTO_KEEP
beta,beta_B,2024-06-04,unsure,0,-1,-1,0,0.0,0.7542355,0.0,True,0.257174957377976,53,53,63.63817948937639,41,43,-72.6732369452647,63.63817948937639,63.63817948937639,0.43561947252548777,UNCERTAIN
beta,beta_B,2024-06-05,unsure,0,-1,-1,0,0.0,4.866133,0.0,True,0.257174957377976,46,49,37.7579259089736,41,44,-135.0702823601898,37.7579259089736,37.7579259089736,0.29330877837322733,AUTO_KEEP
beta,beta_B,2024-06-06,unsure,0,-1,-1,0,0.0,0.0,0.0,True,0.257174957377976,-1,-1,0.0,41,55,-66.41993757048007,,-66.41993757048007,2.9724382279574107e-05,AUTO_KEEP
beta,beta_B,2024-06-07,sure,0,-1,-1,0,0.0,0.0,0.0,True,0.257174957377976,-1,-1,0.0,57,57,-314.8422508919222,,-314.8422508919222,4.566599427385232e-06,AUTO_KEEP
beta,beta_B,2024-06-08,unsure,0,-1,-1,0,0.0,6.186315,0.0,True,0.257174957377976,47,50,86.75776419145879,56,60,-22.21593133403109,86.75776419145879,86.75776419145879,0.5279564865178555,UNCERTAIN
beta,beta_B,2024-06-09,unsure,0,-1,-1,0,0.0,8.693525,0.0,True,0.257174957377976,48,56,8.690920957716163,42,46,-21.390445055173537,8.690920957716163,8.690920957716163,0.07170761384579169,AUTO_KEEP
beta,beta_B,2024-06-10,unsure,0,-1,-1,0,0.0,0.0,0.0,True,0.257174957377976,-1,-1,0.0,52,52,-0.32241538292796385,,-0.32241538292796385,0.003488935252323895,AUTO_KEEP
beta,beta_B,2024-06-11,sure,0,-1,-1,0,0.0,0.0,0.0,True,0.257174957377976,-1,-1,0.0,48,49,-212.57047448007634,,-212.57047448007634,7.340303498626528e-06,AUTO_KEEP
beta,beta_B,2024-06-12,unsure,0,-1,-1,0,0.0,0.0,0.0,True,0.257174957377976,-1,-1,0.0,49,55,-16.79801517290129,,-16.79801517290129,0.00014951161939769086,AUTO_KEEP
beta,beta_B,2024-06-13,unsure,0,-1,-1,0,0.0,0.0,0.0,True,0.257174957377976,-1,-1,0.0,52,52,-14.111768227247946,,-14.111768227247946,0.00018232713378003726,AUTO_KEEP
beta,beta_B,2024-06-14,sure,0,-1,-1,0,0.0,0.0,0.0,True,0.257174957377976,-1,-1,0.0,47,47,-1807.8934527593299,,-1807.8934527593299,5.49815759582754e-07,AUTO_KEEP
beta,beta_B,2024-06-15,sure,0,-1,-1,0,0.0,0.0,0.0,True,0.257174957377976,-1,-1,0.0,52,52,-566.7451334456451,,-566.7451334456451,2.2421548106210883e-06,AUTO_KEEP
beta,beta_B,2024-06-16,sure,0,-1,-1,0,0.0,0.0,0.0,True,0.257174957377976,-1,-1,0.0,43,56,-8.40647981245786,,-8.40647981245786,0.0003239889316979686,AUTO_KEEP
beta,beta_B,2024-06-17,unsure,0,-1,-1,0,0.0,0.0,0.0,True,0.257174957377976,-1,-1,0.0,45,45,-148.0456450763858,,-148.0456450763858,1.1355545518893347e-05,AUTO_KEEP
beta,beta_B,2024-06-18,unsure,0,-1,-1,0,0.0,0.0,0.0,True,0.257174957377976,-1,-1,0.0,42,56,-21.78265608615901,,-21.78265608615901,0.00011082031749480761,AUTO_KEEP
beta,beta_B,2024-06-19,unsure,0,-1,-1,0,0.0,0.0,0.0,True,0.257174957377976,-1,-1,0.0,44,58,-2.64271468526163,,-2.64271468526163,0.0010232478049087364,AUTO_KEEP
beta,beta_B,2024-06-20,unsure,0,-1,-1,0,0.0,0.0,0.0,True,0.257174957377976,-1,-1,0.0,53,58,-6.552815197520854,,-6.552815197520854,0.00042277317676484423,AUTO_KEEP
beta,beta_B,2024-06-21,unsure,0,-1,-1,0,0.0,5.221779,0.0,True,0.257174957377976,45,50,7.005411685699957,44,44,-172.96473757141095,7.005411685699957,7.005411685699957,0.057729831056514545,AUTO_KEEP
beta,beta_B,2024-06-22,sure,0,-1,-1,0,0.0,0.0,0.0,False,,-1,-1,,-1,-1,,,,,UNCERTAIN
beta,beta_B,2024-06-23,sure,0,-1,-1,0,0.0,0.0,0.0,True,0.257174957377976,-1,-1,0.0,53,53,-906.7799078641924,,-906.7799078641924,1.2688947393332195e-06,AUTO_KEEP
beta,beta_B,2024-06-24,unsure,0,-1,-1,0,0.0,0.0,0.0,True,0.257174957377976,-1,-1,0.0,43,58,-32.32987771162521,,-32.32987771162521,6.985789681004702e-05,AUTO_KEEP
beta,beta_B,2024-06-25,unsure,1,45,57,13,11.011958,0.0,0.0,True,0.257174957377976,-1,-1,0.0,43,58,-4.948359765164091,,-4.948359765164091,0.0005647379573211549,AUTO_KEEP
beta,beta_B,2024-06-26,sure,1,44,55,12,10.382327,13.052655499999998,10.382327,True,0.257174957377976,42,57,7.574205146788943,58,58,-193.82809367295005,7.574205146788943,7.574205146788943,0.06242928636865126,AUTO_KEEP
beta,beta_B,2024-06-27,sure,1,44,56,13,15.935429500000001,20.0904285,15.935429500000001,True,0.257174957377976,42,59,91.2502709349668,41,41,-170.1103412883405,91.2502709349668,91.2502709349668,0.5430186563336294,UNCERTAIN
beta,beta_B,2024-06-28,unsure,1,43,56,14,13.321801500000001,0.0,0.0,True,0.257174957377976,-1,-1,0.0,43,58,-3.1405428070723254,,-3.1405428070723254,0.0008761198804262937,AUTO_KEEP
beta,beta_B,2024-06-29,unsure,0,-1,-1,0,0.0,0.0,0.0,True,0.257174957377976,-1,-1,0.0,47,57,-72.86072480308144,,-72.86072480308144,2.6610263220750847e-05,AUTO_KEEP
beta,beta_B,2024-06-30,sure,0,-1,-1,0,0.0,0.0,0.0,True,0.257174957377976,-1,-1,0.0,24,24,-2853.654766028631,,-2853.654766028631,3.1613645817601883e-07,AUTO_KEEP
beta,beta_B,2024-07-01,unsure,0,-1,-1,0,0.0,8.2763965,0.0,True,0.257174957377976,48,56,34.632381730673295,44,44,-116.47608253801806,34.632381730673295,34.632381730673295,0.27262266349937286,AUTO_KEEP
beta,beta_B,2024-07-02,sure,0,-1,-1,0,0.0,0.0,0.0,True,0.257174957377976,-1,-1,0.0,44,44,-3815.6523912192674,,-3815.6523912192674,2.2227023562623035e-07,AUTO_KEEP
beta,beta_B,2024-07-03,sure,0,-1,-1,0,0.0,0.0,0.0,True,0.257174957377976,-1,-1,0.0,51,51,-512.1052046888152,,-512.1052046888152,2.534969675345313e-06,AUTO_KEEP
beta,beta_B,2024-07-04,unsure,0,-1,-1,0,0.0,0.0,0.0,True,0.257174957377976,-1,-1,0.0,45,55,-24.214199249787512,,-24.214199249787512,9.799498495639911e-05,AUTO_KEEP
beta,beta_B,2024-07-05,sure,0,-1,-1,0,0.0,0.0,0.0,True,0.257174957377976,-1,-1,0.0,56,56,-211.37582919274666,,-211.37582919274666,7.3904178195522155e-06,AUTO_KEEP
beta,beta_B,2024-07-06,unsure,0,-1,-1,0,0.0,0.0,0.0,True,0.257174957377976,-1,-1,0.0,45,45,-101.59503542833924,,-101.59503542833924,1.786256004857385e-05,AUTO_KEEP
beta,beta_B,2024-07-07,sure,0,-1,-1,0,0.0,0.0,0.0,True,0.257174957377976,-1,-1,0.0,43,43,-1197.645517525794,,-1197.645517525794,9.05743887533473e-07,AUTO_KEEP
beta,beta_B,2024-07-08,sure,0,-1,-1,0,0.0,0.0,0.0,True,0.257174957377976,-1,-1,0.0,53,53,-2414.253424848768,,-2414.253424848768,3.871922171653406e-07,AUTO_KEEP
beta,beta_B,2024-07-09,sure,0,-1,-1,0,0.0,0.0,0.0,True,0.257174957377976,-1,-1,0.0,59,59,-434.7468959854395,,-434.7468959854395,3.090729818037413e-06,AUTO_KEEP
beta,beta_B,2024-07-10,unsure,1,43,54,12,13.801617,19.581223,13.801617,True,0.257174957377976,42,59,33.32688344649767,41,41,-168.39842145139772,33.32688344649767,33.32688344649767,0.2637374241790216,AUTO_KEEP
beta,beta_B,2024-07-11,sure,1,43,52,10,10.9695085,10.9695085,10.9695085,True,0.257174957377976,43,52,20.526428887145574,42,42,-93.61676395736029,20.526428887145574,20.526428887145574,0.16900833493825704,AUTO_KEEP
beta,beta_B,2024-07-12,sure,1,43,57,15,17.261164000000004,20.95669,17.261164000000004,True,0.257174957377976,42,60,96.3610377127228,41,41,-206.1979223337194,96.3610377127228,96.3610377127228,0.559197709905997,UNCERTAIN
beta,beta_B,2024-07-13,unsure,1,46,53,8,9.5349175,0.0,0.0,True,0.257174957377976,-1,-1,0.0,42,58,-60.681410158499425,,-60.681410158499425,3.3111138270903315e-05,AUTO_KEEP
beta,beta_B,2024-07-14,unsure,1,44,56,13,11.395057999999999,0.0,0.0,True,0.257174957377976,-1,-1,0.0,43,55,-47.63869735011066,,-47.63869735011066,4.4168882812793064e-05,AUTO_KEEP
beta,beta_B,2024-07-15,unsure,1,46,55,10,8.146989,12.563769,8.146989,True,0.257174957377976,43,58,11.725480538084708,42,42,-216.37997962397733,11.725480538084708,11.725480538084708,0.09706140614015703,AUTO_KEEP
beta,beta_B,2024-07-16,sure,0,-1,-1,0,0.0,0.0,0.0,True,0.257174957377976,-1,-1,0.0,57,57,-1300.016333426553,,-1300.016333426553,8.2003559932259e-07,AUTO_KEEP
beta,beta_B,2024-07-17,unsure,0,-1,-1,0,0.0,12.531453999999998,0.0,True,0.257174957377976,43,54,23.810856000262092,42,42,-151.77258340266064,23.810856000262092,23.810856000262092,0.1945946177440245,AUTO_KEEP
beta,beta_B,2024-07-18,unsure,0,-1,-1,0,0.0,0.0,0.0,True,0.257174957377976,-1,-1,0.0,41,56,-32.0663046227606,,-32.0663046227606,7.053386376816039e-05,AUTO_KEEP
beta,beta_B,2024-07-19,sure,1,44,56,13,12.957520999999998,15.563538499999998,12.957520999999998,True,0.257174957377976,44,58,77.01901522556365,41,42,-162.37810412804114,77.01901522556365,77.01901522556365,0.49231593709099825,UNCERTAIN
beta,beta_B,2024-07-20,unsure,0,-1,-1,0,0.0,0.0,0.0,True,0.257174957377976,-1,-1,0.0,42,48,-89.81173331078845,,-89.81173331078845,2.0711522386529438e-05,AUTO_KEEP
beta,beta_B,2024-07-21,unsure,1,44,58,15,14.385107999999999,0.0,0.0,True,0.257174957377976,-1,-1,0.0,44,57,-4.702460657677157,,-4.702460657677157,0.000594393689571698,AUTO_KEEP
beta,beta_B,2024-07-22,sure,1,43,56,14,16.594701999999998,18.6610575,16.594701999999998,True,0.257174957377976,42,57,77.52614382520966,41,41,-220.06939200719083,77.52614382520966,77.52614382520966,0.4942803322026839,UNCERTAIN
beta,beta_B,2024-07-23,sure,1,42,58,17,22.385236000000003,24.726631999999995,22.385236000000003,True,0.257174957377976,41,60,185.07532779461047,40,40,-177.53828983734633,185.07532779461047,185.07532779461047,0.7356716053338068,AUTO_CORRECT
beta,beta_B,2024-07-24,sure,1,41,59,19,25.0500535,25.0500535,25.0500535,True,0.257174957377976,41,59,141.96670046985415,60,60,-157.32978584277805,141.96670046985415,141.96670046985415,0.6690563616578704,UNCERTAIN
beta,beta_B,2024-07-25,sure,1,44,55,12,16.8337595,21.6926305,16.8337595,True,0.257174957377976,43,58,87.39162489248406,40,40,-213.372435492618,87.39162489248406,87.39162489248406,0.5301315575064272,UNCERTAIN
beta,beta_B,2024-07-26,unsure,0,-1,-1,0,0.0,15.98977,0.0,True,0.257174957377976,49,60,158.04952609125584,61,61,-256.3502314825502,158.04952609125584,158.04952609125584,0.6970374106571998,UNCERTAIN
beta,beta_B,2024-07-27,sure,0,-1,-1,0,0.0,0.0,0.0,True,0.257174957377976,-1,-1,0.0,59,59,-1020.380475370344,,-1020.380475370344,1.0997958483655004e-06,AUTO_KEEP
beta,beta_B,2024-07-28,sure,1,43,56,14,13.082795000000003,15.378461999999999,13.082795000000003,True,0.257174957377976,42,58,46.80576834490868,41,41,-149.1239595167234,46.80576834490868,46.80576834490868,0.34867486249989704,UNCERTAIN
beta,beta_B,2024-07-29,unsure,0,-1,-1,0,0.0,6.916297,0.0,True,0.257174957377976,44,50,52.77868847857544,43,43,-86.66758757705485,52.77868847857544,52.77868847857544,0.3817652020584366,UNCERTAIN
beta,beta_B,2024-07-30,unsure,0,-1,-1,0,0.0,0.0,0.0,True,0.257174957377976,-1,-1,0.0,42,49,-14.003242734246058,,-14.003242734246058,0.0001839278313699597,AUTO_KEEP
beta,beta_B,2024-07-31,unsure,0,-1,-1,0,0.0,0.0,0.0,True,0.257174957377976,-1,-1,0.0,51,51,-161.76083802518758,,-161.76083802518758,1.0205519337445613e-05,AUTO_KEEP
beta,beta_B,2024-08-01,unsure,0,-1,-1,0,0.0,7.623075,0.0,True,0.257174957377976,44,50,21.13419056066919,52,54,-113.31058416383279,21.13419056066919,21.13419056066919,0.17380460887277507,AUTO_KEEP
beta,beta_B,2024-08-02,unsure,0,-1,-1,0,0.0,21.733521500000002,0.0,True,0.257174957377976,39,55,119.41194915014316,59,59,-232.21165385175922,119.41194915014316,119.41194915014316,0.6214384647167519,UNCERTAIN
beta,beta_B,2024-08-03,sure,1,42,60,19,23.407354000000005,23.407354000000005,23.407354000000005,True,0.257174957377976,42,60,41.96391451162945,41,41,-162.34900027538936,41.96391451162945,41.96391451162945,0.31986349239543915,UNCERTAIN
beta,beta_B,2024-08-04,unsure,0,-1,-1,0,0.0,0.0,0.0,False,,-1,-1,,-1,-1,,,,,UNCERTAIN
beta,beta_B,2024-08-05,unsure,0,-1,-1,0,0.0,0.0,0.0,False,,-1,-1,,-1,-1,,,,,UNCERTAIN
beta,beta_B,2024-08-06,unsure,0,-1,-1,0,0.0,24.822344999999995,0.0,True,0.257174957377976,39,57,157.15061560345364,38,38,-269.93806691396406,157.15061560345364,157.15061560345364,0.6955836136514891,UNCERTAIN
beta,beta_B,2024-08-07,sure,1,40,60,21,34.558283,35.444024000000006,34.558283,True,0.257174957377976,40,61,297.1391978628017,39,39,-200.93095183043675,297.1391978628017,297.1391978628017,0.8313753547521485,AUTO_CORRECT
beta,beta_B,2024-08-08,sure,1,42,60,19,32.6304665,35.191502500000006,32.6304665,True,0.257174957377976,40,61,344.5429970483434,39,39,-205.53062023825706,344.5429970483434,344.5429970483434,0.8550028788377121,AUTO_CORRECT
beta,beta_B,2024-08-09,unsure,0,-1,-1,0,0.0,27.858016000000003,0.0,True,0.257174957377976,41,61,203.3736876684098,62,62,-265.24721505473667,203.3736876684098,203.3736876684098,0.7571961342986314,AUTO_CORRECT
beta,beta_B,2024-08-10,unsure,0,-1,-1,0,0.0,10.16557,0.0,True,0.257174957377976,48,56,1.8605475785000676,57,57,-325.1179844083261,1.8605475785000676,1.8605475785000676,0.01727935638532689,AUTO_KEEP
beta,beta_B,2024-08-11,unsure,0,-1,-1,0,0.0,20.6040885,0.0,True,0.257174957377976,41,59,81.22877133791152,40,40,-224.7202904778456,81.22877133791152,81.22877133791152,0.5082510588077979,UNCERTAIN
beta,beta_B,2024-08-12,sure,0,-1,-1,0,0.0,0.0,0.0,True,0.257174957377976,-1,-1,0.0,50,50,-1552.8571257740114,,-1552.8571257740114,6.611147195436555e-07,AUTO_KEEP
beta,beta_B,2024-08-13,sure,0,-1,-1,0,0.0,0.0,0.0,True,0.257174957377976,-1,-1,0.0,51,55,-268.90546463804844,,-268.90546463804844,5.525727730157624e-06,AUTO_KEEP
beta,beta_B,2024-08-14,sure,0,-1,-1,0,0.0,0.0,0.0,True,0.257174957377976,-1,-1,0.0,49,55,-2787.34046925581,,-2787.34046925581,3.2527938100445125e-07,AUTO_KEEP
beta,beta_B,2024-08-15,sure,0,-1,-1,0,0.0,0.0,0.0,True,0.257174957377976,-1,-1,0.0,52,52,-593.4012179045648,,-593.4012179045648,2.1207782879894067e-06,AUTO_KEEP
beta,beta_B,2024-08-16,unsure,0,-1,-1,0,0.0,0.0,0.0,True,0.257174957377976,-1,-1,0.0,41,42,-150.1388791772516,,-150.1388791772516,1.1165061372615522e-05,AUTO_KEEP
beta,beta_B,2024-08-17,unsure,0,-1,-1,0,0.0,49.837317,0.0,True,0.257174957377976,34,61,250.50642600498458,63,63,-632.3063298568868,250.50642600498458,250.50642600498458,0.8004463257341454,AUTO_CORRECT
beta,beta_B,2024-08-18,unsure,0,-1,-1,0,0.0,13.0588325,0.0,True,0.257174957377976,41,49,53.350009325322745,37,37,-286.87448313315707,53.350009325322745,53.350009325322745,0.38479513572217117,UNCERTAIN
beta,beta_B,2024-08-19,unsure,0,-1,-1,0,0.0,0.0,0.0,True,0.257174957377976,-1,-1,0.0,40,48,-31.02901376291046,,-31.02901376291046,7.331398063795399e-05,AUTO_KEEP
beta,beta_B,2024-08-20,sure,1,38,61,24,48.142221,49.121837,48.142221,True,0.257174957377976,38,62,610.9078691110587,37,37,-166.29218130094935,610.9078691110587,610.9078691110587,0.9218370136316338,AUTO_CORRECT
beta,beta_B,2024-08-21,sure,1,38,61,24,45.4045355,48.176229500000005,45.4045355,True,0.257174957377976,38,62,697.814502280092,37,37,-284.736618541094,697.814502280092,697.814502280092,0.932683575682192,AUTO_CORRECT
beta,beta_B,2024-08-22,sure,1,43,61,19,35.077068000000004,36.029495000000004,35.077068000000004,True,0.257174957377976,43,62,497.7778454378179,63,63,-268.07181817307406,497.7778454378179,497.7778454378179,0.9019968615837477,AUTO_CORRECT
beta,beta_B,2024-08-23,sure,1,38,59,22,44.7663195,51.352899,44.7663195,True,0.257174957377976,36,63,586.6606167049714,35,35,-393.8062141107917,586.6606167049714,586.6606167049714,0.9182293200742926,AUTO_CORRECT
beta,beta_B,2024-08-24,unsure,0,-1,-1,0,0.0,5.8519825,0.0,True,0.257174957377976,52,54,183.87742110612552,40,41,1.3836932510188016,182.49372785510673,183.87742110612552,0.7341453699572922,AUTO_CORRECT
beta,beta_B,2024-08-25,sure,0,-1,-1,0,0.0,0.0,0.0,True,0.257174957377976,-1,-1,0.0,55,55,-1831.9434831284036,,-1831.9434831284036,5.410773664992104e-07,AUTO_KEEP
beta,beta_B,2024-08-26,sure,1,36,62,27,61.2966185,62.066536,61.2966185,True,0.257174957377976,35,62,1044.2576037590832,63,63,-180.4369490582841,1044.2576037590832,1044.2576037590832,0.9575906764921494,AUTO_CORRECT
beta,beta_B,2024-08-27,sure,1,36,62,27,69.2188645,70.86386449999999,69.2188645,True,0.257174957377976,35,63,1201.225857264437,64,64,-310.04050617473166,1201.225857264437,1201.225857264437,0.9639719136785538,AUTO_CORRECT
beta,beta_B,2024-08-28,sure,1,38,61,24,59.4007115,62.51692200000001,59.4007115,True,0.257174957377976,37,63,1079.5350738836144,64,64,-511.44435122081694,1079.5350738836144,1079.5350738836144,0.9591959865391251,AUTO_CORRECT
beta,beta_B,2024-08-29,sure,1,35,62,28,66.96300550000001,66.96300550000001,66.96300550000001,True,0.257174957377976,35,62,1269.9555455797904,63,63,-164.5075517251034,1269.9555455797904,1269.9555455797904,0.9662420592313576,AUTO_CORRECT
beta,beta_B,2024-08-30,sure,1,36,61,26,58.7288495,59.4823375,58.7288495,True,0.257174957377976,35,61,946.4746282756951,62,62,-181.35158965259947,946.4746282756951,946.4746282756951,0.9524798029759781,AUTO_CORRECT
beta,beta_B,2024-08-31,sure,1,36,62,27,61.977565500000004,63.585311,61.977565500000004,True,0.257174957377976,34,62,1109.4176102404165,63,63,-193.54751765848883,1109.4176102404165,1109.4176102404165,0.9604716045021888,AUTO_CORRECT
beta,beta_B,2024-09-01,sure,1,36,61,26,57.289564999999996,60.97022949999999,57.289564999999996,True,0.257174957377976,33,62,981.2061208325811,63,63,-307.22437953870747,981.2061208325811,981.2061208325811,0.9544177459606826,AUTO_CORRECT
beta,beta_B,2024-09-02,sure,1,35,62,28,70.86092250000002,71.65185149999999,70.86092250000002,True,0.257174957377976,34,62,1334.6936528476422,63,63,-167.05582903621305,1334.6936528476422,1334.6936528476422,0.9681534698542216,AUTO_CORRECT
beta,beta_B,2024-09-03,sure,1,34,63,30,78.3217455,78.3217455,78.3217455,True,0.257174957377976,34,63,1411.211074061198,64,64,-284.1397742746576,1411.211074061198,1411.211074061198,0.9701722041589573,AUTO_CORRECT
beta,beta_B,2024-09-04,sure,1,36,62,27,67.81115000000001,68.62484050000002,67.81115000000001,True,0.257174957377976,36,63,1167.4427834866776,35,35,-185.4165038643431,1167.4427834866776,1167.4427834866776,0.9627517169605343,AUTO_CORRECT
beta,beta_B,2024-09-05,sure,1,35,62,28,70.2673555,72.04800699999998,70.2673555,True,0.257174957377976,34,63,1179.3923695811295,64,64,-368.5225852535695,1179.3923695811295,1179.3923695811295,0.9631917985917038,AUTO_CORRECT
beta,beta_B,2024-09-06,sure,1,35,61,27,66.04075850000001,67.65416650000002,66.04075850000001,True,0.257174957377976,34,62,1176.3406252395282,63,63,-207.2137196044883,1176.3406252395282,1176.3406252395282,0.9630803100189091,AUTO_CORRECT
beta,beta_B,2024-09-07,sure,1,36,61,26,41.83118799999999,42.972632499999996,41.18406149999999,True,0.257174957377976,34,60,664.0324612062137,61,61,-214.1726414624201,664.0324612062137,664.0324612062137,0.9288104530695697,AUTO_CORRECT
beta,beta_B,2024-09-08,unsure,0,-1,-1,0,0.0,0.0,0.0,True,0.257174957377976,-1,-1,0.0,43,46,-49.32967565309248,,-49.32967565309248,4.237539387247517e-05,AUTO_KEEP
beta,beta_B,2024-09-09,sure,1,35,62,28,55.603001000000006,36.962351,36.962351,True,0.257174957377976,35,50,823.4884911711339,53,58,448.29879763371554,375.18969353741835,823.4884911711339,0.9442368369629794,AUTO_CORRECT
beta,beta_B,2024-09-10,sure,1,35,62,28,67.1556175,68.0480655,67.1556175,True,0.257174957377976,34,62,995.5811141542741,63,63,-153.8135132543555,995.5811141542741,995.5811141542741,0.955178356841965,AUTO_CORRECT
beta,beta_B,2024-09-11,sure,1,35,62,28,68.722311,68.96338150000001,67.976224,True,0.257174957377976,34,61,1119.5052130225463,62,62,-205.6335894747421,1119.5052130225463,1119.5052130225463,0.9608859809079351,AUTO_CORRECT
beta,beta_B,2024-09-12,unsure,0,-1,-1,0,0.0,28.023647999999998,0.0,True,0.257174957377976,42,60,329.3738350228863,41,41,-324.89537101378517,329.3738350228863,329.3738350228863,0.8481207321433305,AUTO_CORRECT
beta,beta_B,2024-09-13,unsure,0,-1,-1,0,0.0,0.0,0.0,True,0.257174957377976,-1,-1,0.0,36,37,-23.919791826692553,,-23.919791826692553,9.94009251966617e-05,AUTO_KEEP
beta,beta_B,2024-09-14,sure,1,35,61,27,68.66035049999999,72.60232999999998,68.66035049999999,True,0.257174957377976,35,63,1246.438903783948,34,34,-179.4048112501437,1246.438903783948,1246.438903783948,0.9654952557583425,AUTO_CORRECT
beta,beta_B,2024-09-15,sure,1,35,58,24,34.530709,43.405471500000004,34.530709,True,0.257174957377976,31,62,336.93775363636865,63,63,-1257.815124344443,336.93775363636865,336.93775363636865,0.8516239840938208,AUTO_CORRECT
beta,beta_B,2024-09-16,sure,1,35,63,29,81.06142200000001,81.81595800000001,81.06142200000001,True,0.257174957377976,34,63,1404.5578254042784,33,33,-320.7673274844199,1404.5578254042784,1404.5578254042784,0.9700059943424966,AUTO_CORRECT
beta,beta_B,2024-09-17,sure,1,35,62,28,60.19627299999999,62.95625599999999,60.19627299999999,True,0.257174957377976,33,63,778.6209971710615,64,64,-254.51002268953533,778.6209971710615,778.6209971710615,0.940553416834543,AUTO_CORRECT
beta,beta_B,2024-09-18,sure,1,34,63,30,88.6942615,89.677607,88.6942615,True,0.257174957377976,34,64,1712.252340251024,33,33,-194.7672009583948,1712.252340251024,1712.252340251024,0.9762567523488576,AUTO_CORRECT
beta,beta_B,2024-09-19,sure,1,33,63,31,87.08534750000003,87.08534750000003,87.08534750000003,True,0.257174957377976,33,63,1641.8130611031786,64,64,-224.77762004008545,1641.8130611031786,1641.8130611031786,0.9750472498393311,AUTO_CORRECT
beta,beta_B,2024-09-20,sure,1,33,63,31,85.9794935,86.9421,85.9794935,True,0.257174957377976,32,63,1592.347241225246,64,64,-249.41115668476203,1592.347241225246,1592.347241225246,0.9741288980794633,AUTO_CORRECT
beta,beta_B,2024-09-21,sure,1,34,62,29,76.58684099999999,79.351064,76.58684099999999,True,0.257174957377976,32,63,1495.395894436413,64,64,-269.6747870611812,1495.395894436413,1495.395894436413,0.9721389344188552,AUTO_CORRECT
beta,beta_B,2024-09-22,sure,1,32,61,30,74.7552045,77.48326,74.7552045,True,0.257174957377976,31,63,1407.5609179419537,64,64,-368.60966875251114,1407.5609179419537,1407.5609179419537,0.9700812249254094,AUTO_CORRECT
beta,beta_B,2024-09-23,sure,1,34,62,29,79.43878250000002,82.23445699999999,79.43878250000002,True,0.257174957377976,32,63,1532.2410786847383,31,31,-324.6698086109968,1532.2410786847383,1532.2410786847383,0.9729270424832034,AUTO_CORRECT
beta,beta_B,2024-09-24,sure,1,36,56,21,36.98415399999999,34.353114,34.353114,True,0.257174957377976,36,53,696.2571754007733,56,56,-108.11259835719248,696.2571754007733,696.2571754007733,0.9325134681208566,AUTO_CORRECT
beta,beta_B,2024-09-25,sure,1,48,61,14,25.537891499999994,21.548824499999995,21.548824499999995,True,0.257174957377976,50,60,360.03361660917375,46,46,-4.2373421814369125,360.03361660917375,360.03361660917375,0.8614738312790863,AUTO_CORRECT
beta,beta_B,2024-09-26,sure,0,-1,-1,0,0.0,0.0,0.0,True,0.257174957377976,-1,-1,0.0,56,56,-2247.334328377356,,-2247.334328377356,4.223308579107435e-07,AUTO_KEEP
beta,beta_B,2024-09-27,unsure,0,-1,-1,0,0.0,12.606739999999999,0.0,True,0.257174957377976,44,51,310.27624907057776,41,41,-256.33700626352925,310.27624907057776,310.27624907057776,0.8385814030105448,AUTO_CORRECT
beta,beta_B,2024-09-28,unsure,0,-1,-1,0,0.0,36.901798,0.0,True,0.257174957377976,34,57,258.7769722669892,59,60,-323.6554291289324,258.7769722669892,258.7769722669892,0.8066413600113256,AUTO_CORRECT
beta,beta_B,2024-09-29,unsure,0,-1,-1,0,0.0,0.0,0.0,True,0.257174957377976,-1,-1,0.0,51,52,-103.1731422016135,,-103.1731422016135,1.7534864801024823e-05,AUTO_KEEP
beta,beta_B,2024-09-30,unsure,0,-1,-1,0,0.0,5.82833,0.0,True,0.257174957377976,40,42,161.65425552061262,48,48,-72.8700018234838,161.65425552061262,161.65425552061262,0.7027472065625245,AUTO_CORRECT
beta,beta_C,2023-10-01,sure,0,-1,-1,0,0.0,0.0,0.0,True,0.1473092579212425,-1,-1,0.0,51,51,-261.8969644107686,,-261.8969644107686,4.3457512021283295e-06,AUTO_KEEP
beta,beta_C,2023-10-02,sure,0,-1,-1,0,0.0,0.0,0.0,True,0.1473092579212425,-1,-1,0.0,57,57,-117.96436287827288,,-117.96436287827288,1.1844128979429324e-05,AUTO_KEEP
beta,beta_C,2023-10-03,sure,0,-1,-1,0,0.0,0.0,0.0,True,0.1473092579212425,-1,-1,0.0,47,47,-368.47238434628844,,-368.47238434628844,2.826066640921113e-06,AUTO_KEEP
beta,beta_C,2023-10-04,sure,0,-1,-1,0,0.0,0.0,0.0,True,0.1473092579212425,-1,-1,0.0,51,51,-426.74732445255495,,-426.74732445255495,2.348313220571267e-06,AUTO_KEEP
beta,beta_C,2023-10-05,sure,0,-1,-1,0,0.0,0.0,0.0,True,0.1473092579212425,-1,-1,0.0,44,62,-100.99258176499411,,-100.99258176499411,1.438895431630493e-05,AUTO_KEEP
beta,beta_C,2023-10-06,sure,0,-1,-1,0,0.0,0.0,0.0,True,0.1473092579212425,-1,-1,0.0,44,54,-188.23264241728936,,-188.23264241728936,6.5859127534563525e-06,AUTO_KEEP
beta,beta_C,2023-10-07,sure,0,-1,-1,0,0.0,0.0,0.0,True,0.1473092579212425,-1,-1,0.0,45,47,-237.92366406315205,,-237.92366406315205,4.90425706690723e-06,AUTO_KEEP
beta,beta_C,2023-10-08,sure,0,-1,-1,0,0.0,0.0,0.0,True,0.1473092579212425,-1,-1,0.0,59,59,-210.8524148347318,,-210.8524148347318,5.709662155021375e-06,AUTO_KEEP
beta,beta_C,2023-10-09,sure,0,-1,-1,0,0.0,0.0,0.0,True,0.1473092579212425,-1,-1,0.0,45,61,-92.98359951848057,,-92.98359951848057,1.5956508701800286e-05,AUTO_KEEP
beta,beta_C,2023-10-10,sure,0,-1,-1,0,0.0,0.0,0.0,True,0.1473092579212425,-1,-1,0.0,53,59,-231.64241953839436,,-231.64241953839436,5.07228119487513e-06,AUTO_KEEP
beta,beta_C,2023-10-11,sure,0,-1,-1,0,0.0,0.0,0.0,True,0.1473092579212425,-1,-1,0.0,48,61,-115.50524264586043,,-115.50524264586043,1.216111680501802e-05,AUTO_KEEP
beta,beta_C,2023-10-12,sure,0,-1,-1,0,0.0,0.0,0.0,True,0.1473092579212425,-1,-1,0.0,51,54,-122.43399736437456,,-122.43399736437456,1.1304446538621846e-05,AUTO_KEEP
beta,beta_C,2023-10-13,sure,0,-1,-1,0,0.0,0.0,0.0,True,0.1473092579212425,-1,-1,0.0,59,59,-87.08711924788918,,-87.08711924788918,1.7318842168099352e-05,AUTO_KEEP
beta,beta_C,2023-10-14,sure,0,-1,-1,0,0.0,0.0,0.0,True,0.1473092579212425,-1,-1,0.0,49,55,-141.8407748281006,,-141.8407748281006,9.39855658300857e-06,AUTO_KEEP
beta,beta_C,2023-10-15,sure,0,-1,-1,0,0.0,0.0,0.0,True,0.1473092579212425,-1,-1,0.0,49,59,-104.41613598995473,,-104.41613598995473,1.380063195865361e-05,AUTO_KEEP
beta,beta_C,2023-10-16,sure,0,-1,-1,0,0.0,0.0,0.0,True,0.1473092579212425,-1,-1,0.0,44,45,-109.69017571301106,,-109.69017571301106,1.2974487299006258e-05,AUTO_KEEP
beta,beta_C,2023-10-17,sure,0,-1,-1,0,0.0,0.0,0.0,True,0.1473092579212425,-1,-1,0.0,57,57,-365.59967346123,,-365.59967346123,2.854097480446071e-06,AUTO_KEEP
beta,beta_C,2023-10-18,sure,0,-1,-1,0,0.0,0.0,0.0,True,0.1473092579212425,-1,-1,0.0,52,61,-175.5119651755463,,-175.5119651755463,7.1916773428045876e-06,AUTO_KEEP
beta,beta_C,2023-10-19,sure,0,-1,-1,0,0.0,0.0,0.0,True,0.1473092579212425,-1,-1,0.0,61,63,-212.6574989000028,,-212.6574989000028,5.648735549782774e-06,AUTO_KEEP
beta,beta_C,2023-10-20,sure,0,-1,-1,0,0.0,0.0,0.0,True,0.1473092579212425,-1,-1,0.0,46,60,-78.26287620932706,,-78.26287620932706,1.979174261367501e-05,AUTO_KEEP
beta,beta_C,2023-10-21,sure,0,-1,-1,0,0.0,0.0,0.0,True,0.1473092579212425,-1,-1,0.0,56,56,-118.18412759736297,,-118.18412759736297,1.1816520799215228e-05,AUTO_KEEP
beta,beta_C,2023-10-22,sure,0,-1,-1,0,0.0,0.0,0.0,True,0.1473092579212425,-1,-1,0.0,53,53,-142.36650083332202,,-142.36650083332202,9.354998954071663e-06,AUTO_KEEP
beta,beta_C,2023-10-23,sure,0,-1,-1,0,0.0,0.0,0.0,True,0.1473092579212425,-1,-1,0.0,43,60,-87.41879899445621,,-87.41879899445621,1.723673591750624e-05,AUTO_KEEP
beta,beta_C,2023-10-24,sure,0,-1,-1,0,0.0,0.0,0.0,True,0.1473092579212425,-1,-1,0.0,44,60,-82.18755396538067,,-82.18755396538067,1.861852723534264e-05,AUTO_KEEP
beta,beta_C,2023-10-25,sure,0,-1,-1,0,0.0,0.0,0.0,True,0.1473092579212425,-1,-1,0.0,49,60,-60.15808154090449,,-60.15808154090449,2.747131515460756e-05,AUTO_KEEP
beta,beta_C,2023-10-26,sure,0,-1,-1,0,0.0,0.0,0.0,True,0.1473092579212425,-1,-1,0.0,43,43,-1014.9329935777713,,-1014.9329935777713,7.865493994332459e-07,AUTO_KEEP
beta,beta_C,2023-10-27,sure,0,-1,-1,0,0.0,0.0,0.0,True,0.1473092579212425,-1,-1,0.0,56,59,-320.1898508643796,,-320.1898508643796,3.373549023734847e-06,AUTO_KEEP
beta,beta_C,2023-10-28,sure,0,-1,-1,0,0.0,0.0,0.0,True,0.1473092579212425,-1,-1,0.0,53,53,-359.345953762756,,-359.345953762756,2.916872055600452e-06,AUTO_KEEP
beta,beta_C,2023-10-29,sure,0,-1,-1,0,0.0,0.0,0.0,True,0.1473092579212425,-1,-1,0.0,45,60,-133.12056167793656,,-133.12056167793656,1.0177767623630519e-05,AUTO_KEEP
beta,beta_C,2023-10-30,sure,0,-1,-1,0,0.0,0.0,0.0,True,0.1473092579212425,-1,-1,0.0,53,53,-111.69270197762492,,-111.69270197762492,1.2683651979920563e-05,AUTO_KEEP
beta,beta_C,2023-10-31,sure,0,-1,-1,0,0.0,0.0,0.0,True,0.1473092579212425,-1,-1,0.0,39,61,-64.82742372380844,,-64.82742372380844,2.5030937339001013e-05,AUTO_KEEP
beta,beta_C,2023-11-01,sure,0,-1,-1,0,0.0,0.0,0.0,True,0.1473092579212425,-1,-1,0.0,47,63,-128.1999747259041,,-128.1999747259041,1.0670340180122013e-05,AUTO_KEEP
beta,beta_C,2023-11-02,sure,0,-1,-1,0,0.0,0.0,0.0,True,0.1473092579212425,-1,-1,0.0,57,62,-98.78802800969615,,-98.78802800969615,1.4792071508391836e-05,AUTO_KEEP
beta,beta_C,2023-11-03,sure,0,-1,-1,0,0.0,0.0,0.0,True,0.1473092579212425,-1,-1,0.0,55,57,-123.82984469155502,,-123.82984469155502,1.1144849165456657e-05,AUTO_KEEP
beta,beta_C,2023-11-04,sure,0,-1,-1,0,0.0,0.0,0.0,True,0.1473092579212425,-1,-1,0.0,38,38,-791.7733821463381,,-791.7733821463381,1.0762887467116176e-06,AUTO_KEEP
beta,beta_C,2023-11-05,sure,0,-1,-1,0,0.0,0.0,0.0,True,0.1473092579212425,-1,-1,0.0,57,57,-1363.6786472340104,,-1363.6786472340104,5.415839281832399e-07,AUTO_KEEP
beta,beta_C,2023-11-06,sure,0,-1,-1,0,0.0,0.0,0.0,True,0.1473092579212425,-1,-1,0.0,42,42,-311.6880120142276,,-311.6880120142276,3.4899460024252525e-06,AUTO_KEEP
beta,beta_C,2023-11-07,sure,0,-1,-1,0,0.0,0.0,0.0,True,0.1473092579212425,-1,-1,0.0,48,62,-105.38511956541794,,-105.38511956541794,1.3641883246096494e-05,AUTO_KEEP
beta,beta_C,2023-11-08,sure,0,-1,-1,0,0.0,5.054396500000001,0.0,True,0.1473092579212425,53,63,16.033890720221027,49,49,-86.79835262520206,16.033890720221027,16.033890720221027,0.15238617218114586,AUTO_KEEP
beta,beta_C,2023-11-09,sure,0,-1,-1,0,0.0,0.0,0.0,True,0.1473092579212425,-1,-1,0.0,53,53,-87.89539134069405,,-87.89539134069405,1.7119970779417065e-05,AUTO_KEEP
beta,beta_C,2023-11-10,sure,0,-1,-1,0,0.0,0.0,0.0,True,0.1473092579212425,-1,-1,0.0,47,53,-36.11928441202017,,-36.11928441202017,5.165033876840148e-05,AUTO_KEEP
beta,beta_C,2023-11-11,sure,0,-1,-1,0,0.0,0.0,0.0,True,0.1473092579212425,-1,-1,0.0,51,56,-88.75004562070775,,-88.75004562070775,1.6914093146470166e-05,AUTO_KEEP
beta,beta_C,2023-11-12,sure,0,-1,-1,0,0.0,0.0,0.0,True,0.1473092579212425,-1,-1,0.0,48,54,-126.4950597915897,,-126.4950597915897,1.0851080007432e-05,AUTO_KEEP
beta,beta_C,2023-11-13,sure,0,-1,-1,0,0.0,0.0,0.0,True,0.1473092579212425,-1,-1,0.0,52,53,-75.32690871602588,,-75.32690871602588,2.0759213206333528e-05,AUTO_KEEP
beta,beta_C,2023-11-14,sure,0,-1,-1,0,0.0,0.0,0.0,True,0.1473092579212425,-1,-1,0.0,44,58,-52.37342222295488,,-52.37342222295488,3.26319783946874e-05,AUTO_KEEP
beta,beta_C,2023-11-15,sure,0,-1,-1,0,0.0,0.0,0.0,True,0.1473092579212425,-1,-1,0.0,50,52,-137.94223483395865,,-137.94223483395865,9.733235442276488e-06,AUTO_KEEP
beta,beta_C,2023-11-16,sure,0,-1,-1,0,0.0,0.0,0.0,True,0.1473092579212425,-1,-1,0.0,46,55,-6.699189204860042,,-6.699189204860042,0.00037735970992822717,AUTO_KEEP
beta,beta_C,2023-11-17,unsure,1,51,63,13,7.462265,0.0,0.0,True,0.1473092579212425,-1,-1,0.0,48,64,-34.844249762484054,,-34.844249762484054,5.398422098917539e-05,AUTO_KEEP
beta,beta_C,2023-11-18,sure,0,-1,-1,0,0.0,0.0,0.0,True,0.1473092579212425,-1,-1,0.0,37,65,-21.410263861822656,,-21.410263861822656,9.776053556530216e-05,AUTO_KEEP
beta,beta_C,2023-11-19,sure,0,-1,-1,0,0.0,0.0,0.0,True,0.1473092579212425,-1,-1,0.0,44,62,-53.42134668440303,,-53.42134668440303,3.183950633484513e-05,AUTO_KEEP
beta,beta_C,2023-11-20,sure,0,-1,-1,0,0.0,0.0,0.0,True,0.1473092579212425,-1,-1,0.0,64,64,-960.0257415981691,,-960.0257415981691,8.437961338297167e-07,AUTO_KEEP
beta,beta_C,2023-11-21,sure,0,-1,-1,0,0.0,0.0,0.0,True,0.1473092579212425,-1,-1,0.0,57,57,-243.6745757777139,,-243.6745757777139,4.758957130694425e-06,AUTO_KEEP
beta,beta_C,2023-11-22,sure,0,-1,-1,0,0.0,0.0,0.0,True,0.1473092579212425,-1,-1,0.0,50,52,-115.22151466043378,,-115.22151466043378,1.219866854638492e-05,AUTO_KEEP
beta,beta_C,2023-11-23,sure,0,-1,-1,0,0.0,0.0,0.0,True,0.1473092579212425,-1,-1,0.0,47,47,-356.85140648299745,,-356.85140648299745,2.942606260508172e-06,AUTO_KEEP
beta,beta_C,2023-11-24,sure,0,-1,-1,0,0.0,0.0,0.0,True,0.1473092579212425,-1,-1,0.0,53,53,-1630.5574002883018,,-1630.5574002883018,4.320946878156957e-07,AUTO_KEEP
beta,beta_C,2023-11-25,sure,0,-1,-1,0,0.0,0.0,0.0,True,0.1473092579212425,-1,-1,0.0,56,56,-1260.7404570692108,,-1260.7404570692108,5.980449452328786e-07,AUTO_KEEP
beta,beta_C,2023-11-26,unsure,0,-1,-1,0,0.0,0.0,0.0,True,0.1473092579212425,-1,-1,0.0,41,50,-62.68362887446659,,-62.68362887446659,2.6101077415642266e-05,AUTO_KEEP
beta,beta_C,2023-11-27,sure,0,-1,-1,0,0.0,0.0,0.0,True,0.1473092579212425,-1,-1,0.0,48,48,-317.9855054980326,,-317.9855054980326,3.403054078430208e-06,AUTO_KEEP
beta,beta_C,2023-11-28,sure,0,-1,-1,0,0.0,0.0,0.0,True,0.1473092579212425,-1,-1,0.0,24,24,-2342.4845191941304,,-2342.4845191941304,2.7335678398400467e-07,AUTO_KEEP
beta,beta_C,2023-11-29,sure,0,-1,-1,0,0.0,0.0,0.0,True,0.1473092579212425,-1,-1,0.0,53,53,-58.617930745372554,,-58.617930745372554,2.8371706755592194e-05,AUTO_KEEP
beta,beta_C,2023-11-30,sure,0,-1,-1,0,0.0,0.0,0.0,True,0.1473092579212425,-1,-1,0.0,57,57,-203.31162111781177,,-203.31162111781177,5.977414694700282e-06,AUTO_KEEP
beta,beta_C,2023-12-01,unsure,0,-1,-1,0,0.0,0.0,0.0,True,0.1473092579212425,-1,-1,0.0,58,59,-89.90775538079312,,-89.90775538079312,1.6642191284360524e-05,AUTO_KEEP
beta,beta_C,2023-12-02,sure,0,-1,-1,0,0.0,0.0,0.0,True,0.1473092579212425,-1,-1,0.0,50,59,-538.5554130418168,,-538.5554130418168,1.750800851102829e-06,AUTO_KEEP
beta,beta_C,2023-12-03,sure,0,-1,-1,0,0.0,0.0,0.0,True,0.1473092579212425,-1,-1,0.0,44,61,-76.50840259486168,,-76.50840259486168,2.035990213824207e-05,AUTO_KEEP
beta,beta_C,2023-12-04,sure,0,-1,-1,0,0.0,0.0,0.0,True,0.1473092579212425,-1,-1,0.0,56,62,-87.05152537240143,,-87.05152537240143,1.732769493684995e-05,AUTO_KEEP
beta,beta_C,2023-12-05,sure,0,-1,-1,0,0.0,0.0,0.0,True,0.1473092579212425,-1,-1,0.0,47,47,-107.21351551104551,,-107.21351551104551,1.3351087525617562e-05,AUTO_KEEP
beta,beta_C,2023-12-06,sure,0,-1,-1,0,0.0,0.0,0.0,True,0.1473092579212425,-1,-1,0.0,54,54,-63.15425151276163,,-63.15425151276163,2.5859209355888336e-05,AUTO_KEEP
beta,beta_C,2023-12-07,sure,0,-1,-1,0,0.0,0.0,0.0,True,0.1473092579212425,-1,-1,0.0,54,54,-79.12728143174876,,-79.12728143174876,1.9522156757235905e-05,AUTO_KEEP
beta,beta_C,2023-12-08,sure,0,-1,-1,0,0.0,0.0,0.0,True,0.1473092579212425,-1,-1,0.0,41,41,-1585.8169851740886,,-1585.8169851740886,4.4755660100889043e-07,AUTO_KEEP
beta,beta_C,2023-12-09,sure,0,-1,-1,0,0.0,0.0,0.0,True,0.1473092579212425,-1,-1,0.0,24,24,-2629.6922437467783,,-2629.6922437467783,2.361803499669047e-07,AUTO_KEEP
beta,beta_C,2023-12-10,sure,0,-1,-1,0,0.0,0.0,0.0,True,0.1473092579212425,-1,-1,0.0,58,58,-859.278375078305,,-859.278375078305,9.706286704584927e-07,AUTO_KEEP
beta,beta_C,2023-12-11,sure,0,-1,-1,0,0.0,0.0,0.0,True,0.1473092579212425,-1,-1,0.0,50,50,-633.2176666478459,,-633.2176666478459,1.427146936742376e-06,AUTO_KEEP
beta,beta_C,2023-12-12,sure,0,-1,-1,0,0.0,0.0,0.0,True,0.1473092579212425,-1,-1,0.0,53,53,-381.9232783755524,,-381.9232783755524,2.7011307773487552e-06,AUTO_KEEP
beta,beta_C,2023-12-13,sure,0,-1,-1,0,0.0,0.0,0.0,True,0.1473092579212425,-1,-1,0.0,54,54,-206.50847754060922,,-206.50847754060922,5.861212235303736e-06,AUTO_KEEP
beta,beta_C,2023-12-14,sure,0,-1,-1,0,0.0,0.0,0.0,True,0.1473092579212425,-1,-1,0.0,42,43,-2065.179125317721,,-2065.179125317721,3.2054465230385054e-07,AUTO_KEEP
beta,beta_C,2023-12-15,sure,0,-1,-1,0,0.0,0.0,0.0,True,0.1473092579212425,-1,-1,0.0,49,60,-544.3427045568855,,-544.3427045568855,1.7273403879718098e-06,AUTO_KEEP
beta,beta_C,2023-12-16,sure,0,-1,-1,0,0.0,0.0,0.0,True,0.1473092579212425,-1,-1,0.0,44,44,-913.43072018298,,-913.43072018298,8.985245545604065e-07,AUTO_KEEP
beta,beta_C,2023-12-17,unsure,0,-1,-1,0,0.0,0.0,0.0,True,0.1473092579212425,-1,-1,0.0,58,58,-110.2108496360576,,-110.2108496360576,1.2897726374141037e-05,AUTO_KEEP
beta,beta_C,2023-12-18,sure,0,-1,-1,0,0.0,0.0,0.0,True,0.1473092579212425,-1,-1,0.0,58,58,-328.7839009568568,,-328.7839009568568,3.262771565350635e-06,AUTO_KEEP
beta,beta_C,2023-12-19,sure,0,-1,-1,0,0.0,0.0,0.0,True,0.1473092579212425,-1,-1,0.0,46,46,-2229.0532495965385,,-2229.0532495965385,2.9105499319047956e-07,AUTO_KEEP
beta,beta_C,2023-12-20,sure,0,-1,-1,0,0.0,0.0,0.0,True,0.1473092579212425,-1,-1,0.0,24,24,-2685.8315106720183,,-2685.8315106720183,2.2995780033459299e-07,AUTO_KEEP
beta,beta_C,2023-12-21,sure,0,-1,-1,0,0.0,0.0,0.0,True,0.1473092579212425,-1,-1,0.0,65,65,-914.1614381194661,,-914.1614381194661,8.976174821922895e-07,AUTO_KEEP
beta,beta_C,2023-12-22,unsure,0,-1,-1,0,0.0,0.0,0.0,True,0.1473092579212425,-1,-1,0.0,50,66,-51.530424291276205,,-51.530424291276205,3.3295519368599484e-05,AUTO_KEEP
beta,beta_C,2023-12-23,unsure,0,-1,-1,0,0.0,9.020541999999999,0.0,True,0.1473092579212425,45,62,70.55573105983359,64,64,-39.77859415753436,70.55573105983359,70.55573105983359,0.5246901374083813,UNCERTAIN
beta,beta_C,2023-12-24,sure,0,-1,-1,0,0.0,0.0,0.0,True,0.1473092579212425,-1,-1,0.0,60,60,-424.4162595671875,,-424.4162595671875,2.3645955147839364e-06,AUTO_KEEP
beta,beta_C,2023-12-25,sure,0,-1,-1,0,0.0,0.0,0.0,True,0.1473092579212425,-1,-1,0.0,54,54,-98.18644147228511,,-98.18644147228511,1.4905604521470085e-05,AUTO_KEEP
beta,beta_C,2023-12-26,sure,0,-1,-1,0,0.0,0.0,0.0,True,0.1473092579212425,-1,-1,0.0,52,52,-83.03901684571021,,-83.03901684571021,1.8380325676082243e-05,AUTO_KEEP
beta,beta_C,2023-12-27,sure,0,-1,-1,0,0.0,0.0,0.0,True,0.1473092579212425,-1,-1,0.0,55,55,-86.10391077330854,,-86.10391077330854,1.7566396957114044e-05,AUTO_KEEP
beta,beta_C,2023-12-28,sure,0,-1,-1,0,0.0,0.0,0.0,True,0.1473092579212425,-1,-1,0.0,60,61,-26.10116835670535,,-26.10116835670535,7.687808048916852e-05,AUTO_KEEP
beta,beta_C,2023-12-29,sure,0,-1,-1,0,0.0,0.0,0.0,True,0.1473092579212425,-1,-1,0.0,53,53,-448.3537953366161,,-448.3537953366161,2.2064554649068942e-06,AUTO_KEEP
beta,beta_C,2023-12-30,unsure,0,-1,-1,0,0.0,0.0,0.0,True,0.1473092579212425,-1,-1,0.0,45,61,-14.45321377444741,,-14.45321377444741,0.00015640767473364058,AUTO_KEEP
beta,beta_C,2023-12-31,sure,0,-1,-1,0,0.0,0.0,0.0,True,0.1473092579212425,-1,-1,0.0,24,24,-2012.4466663263308,,-2012.4466663263308,3.311964863093587e-07,AUTO_KEEP
beta,beta_C,2024-01-01,sure,0,-1,-1,0,0.0,0.0,0.0,True,0.1473092579212425,-1,-1,0.0,55,55,-983.41950563325,,-983.41950563325,8.185212981268668e-07,AUTO_KEEP
beta,beta_C,2024-01-02,sure,0,-1,-1,0,0.0,0.0,0.0,True,0.1473092579212425,-1,-1,0.0,53,54,-71.03723842272629,,-71.03723842272629,2.2334400600219907e-05,AUTO_KEEP
beta,beta_C,2024-01-03,unsure,0,-1,-1,0,0.0,0.0,0.0,True,0.1473092579212425,-1,-1,0.0,51,57,-37.93132796366759,,-37.93132796366759,4.8629586380354075e-05,AUTO_KEEP
beta,beta_C,2024-01-04,sure,0,-1,-1,0,0.0,0.0,0.0,True,0.1473092579212425,-1,-1,0.0,44,45,-497.3141785750466,,-497.3141785750466,1.9359856536073422e-06,AUTO_KEEP
beta,beta_C,2024-01-05,sure,0,-1,-1,0,0.0,0.0,0.0,True,0.1473092579212425,-1,-1,0.0,59,61,-57.72554268771326,,-57.72554268771326,2.891793526528853e-05,AUTO_KEEP
beta,beta_C,2024-01-06,sure,0,-1,-1,0,0.0,0.0,0.0,True,0.1473092579212425,-1,-1,0.0,55,60,-97.318913230461,,-97.318913230461,1.507209949199467e-05,AUTO_KEEP
beta,beta_C,2024-01-07,sure,0,-1,-1,0,0.0,0.0,0.0,True,0.1473092579212425,-1,-1,0.0,59,59,-37.366770077409534,,-37.366770077409534,4.95361111474812e-05,AUTO_KEEP
beta,beta_C,2024-01-08,sure,0,-1,-1,0,0.0,0.0,0.0,True,0.1473092579212425,-1,-1,0.0,35,35,-1412.2044689121287,,-1412.2044689121287,5.18176899202415e-07,AUTO_KEEP
beta,beta_C,2024-01-09,sure,0,-1,-1,0,0.0,0.0,0.0,True,0.1473092579212425,-1,-1,0.0,55,56,-29.955544409678946,,-29.955544409678946,6.498070272716914e-05,AUTO_KEEP
beta,beta_C,2024-01-10,sure,0,-1,-1,0,0.0,0.0,0.0,True,0.1473092579212425,-1,-1,0.0,55,55,-158.63992788979883,,-158.63992788979883,8.165854205493822e-06,AUTO_KEEP
beta,beta_C,2024-01-11,sure,0,-1,-1,0,0.0,0.0,0.0,True,0.1473092579212425,-1,-1,0.0,50,50,-1710.2661468130743,,-1710.2661468130743,4.0680410674505927e-07,AUTO_KEEP
beta,beta_C,2024-01-12,sure,0,-1,-1,0,0.0,0.0,0.0,True,0.1473092579212425,-1,-1,0.0,58,58,-660.7764119493157,,-660.7764119493157,1.3524161859777137e-06,AUTO_KEEP
beta,beta_C,2024-01-13,sure,0,-1,-1,0,0.0,0.0,0.0,True,0.1473092579212425,-1,-1,0.0,45,45,-669.9976274839163,,-669.9976274839163,1.328958208742263e-06,AUTO_KEEP
beta,beta_C,2024-01-14,sure,0,-1,-1,0,0.0,0.0,0.0,True,0.1473092579212425,-1,-1,0.0,59,59,-534.7241022102221,,-534.7241022102221,1.7666482561976347e-06,AUTO_KEEP
beta,beta_C,2024-01-15,sure,0,-1,-1,0,0.0,0.0,0.0,True,0.1473092579212425,-1,-1,0.0,60,61,-432.0864612598029,,-432.0864612598029,2.3117666236980566e-06,AUTO_KEEP
beta,beta_C,2024-01-16,sure,0,-1,-1,0,0.0,0.0,0.0,True,0.1473092579212425,-1,-1,0.0,51,51,-688.3349005422051,,-688.3349005422051,1.2844150534166784e-06,AUTO_KEEP
beta,beta_C,2024-01-17,sure,0,-1,-1,0,0.0,0.0,0.0,True,0.1473092579212425,-1,-1,0.0,43,43,-459.74301915706565,,-459.74301915706565,2.137716154088329e-06,AUTO_KEEP
beta,beta_C,2024-01-18,sure,0,-1,-1,0,0.0,0.0,0.0,True,0.1473092579212425,-1,-1,0.0,41,43,-664.0984392457755,,-664.0984392457755,1.343880352275169e-06,AUTO_KEEP
beta,beta_C,2024-01-19,sure,0,-1,-1,0,0.0,0.0,0.0,True,0.1473092579212425,-1,-1,0.0,48,55,-18.72208206820176,,-18.72208206820176,0.00011490171474486237,AUTO_KEEP
beta,beta_C,2024-01-20,sure,0,-1,-1,0,0.0,0.0,0.0,True,0.1473092579212425,-1,-1,0.0,64,64,-710.3478369941398,,-710.3478369941398,1.2343640812687498e-06,AUTO_KEEP
beta,beta_C,2024-01-21,sure,0,-1,-1,0,0.0,0.0,0.0,True,0.1473092579212425,-1,-1,0.0,41,43,-1009.0863652258157,,-1009.0863652258157,7.923105686627461e-07,AUTO_KEEP
beta,beta_C,2024-01-22,sure,0,-1,-1,0,0.0,0.0,0.0,True,0.1473092579212425,-1,-1,0.0,52,52,-699.3516378073466,,-699.3516378073466,1.258920931205349e-06,AUTO_KEEP
beta,beta_C,2024-01-23,sure,0,-1,-1,0,0.0,0.0,0.0,True,0.1473092579212425,-1,-1,0.0,51,51,-84.53911252032356,,-84.53911252032356,1.7973701538105506e-05,AUTO_KEEP
beta,beta_C,2024-01-24,sure,0,-1,-1,0,0.0,0.0,0.0,True,0.1473092579212425,-1,-1,0.0,48,53,-91.02028541981919,,-91.02028541981919,1.6388187129935164e-05,AUTO_KEEP
beta,beta_C,2024-01-25,sure,0,-1,-1,0,0.0,0.0,0.0,True,0.1473092579212425,-1,-1,0.0,30,30,-2311.4155355676708,,-2311.4155355676708,2.780090598827188e-07,AUTO_KEEP
beta,beta_C,2024-01-26,sure,0,-1,-1,0,0.0,0.0,0.0,True,0.1473092579212425,-1,-1,0.0,24,25,-3110.51772689627,,-3110.51772689627,1.9101241235592698e-07,AUTO_KEEP
beta,beta_C,2024-01-27,sure,0,-1,-1,0,0.0,0.0,0.0,True,0.1473092579212425,-1,-1,0.0,64,64,-1512.18445577467,,-1512.18445577467,4.7526968470869527e-07,AUTO_KEEP
beta,beta_C,2024-01-28,sure,0,-1,-1,0,0.0,0.0,0.0,True,0.1473092579212425,-1,-1,0.0,47,50,-425.66303031143804,,-425.66303031143804,2.35586186747185e-06,AUTO_KEEP
beta,beta_C,2024-01-29,sure,0,-1,-1,0,0.0,0.0,0.0,True,0.1473092579212425,-1,-1,0.0,45,45,-502.9880681257841,,-502.9880681257841,1.9084674981311157e-06,AUTO_KEEP
beta,beta_C,2024-01-30,sure,0,-1,-1,0,0.0,0.0,0.0,True,0.1473092579212425,-1,-1,0.0,57,57,-942.6538159636599,,-942.6538159636599,8.634854118194732e-07,AUTO_KEEP
beta,beta_C,2024-01-31,sure,0,-1,-1,0,0.0,0.0,0.0,True,0.1473092579212425,-1,-1,0.0,46,46,-765.8976794526894,,-765.8976794526894,1.122410608914825e-06,AUTO_KEEP
beta,beta_C,2024-02-01,sure,0,-1,-1,0,0.0,0.0,0.0,True,0.1473092579212425,-1,-1,0.0,56,56,-359.9441566989904,,-359.9441566989904,2.9107607274806883e-06,AUTO_KEEP
beta,beta_C,2024-02-02,sure,0,-1,-1,0,0.0,0.0,0.0,True,0.1473092579212425,-1,-1,0.0,55,55,-722.7644230022927,,-722.7644230022927,1.2076485753138613e-06,AUTO_KEEP
beta,beta_C,2024-02-03,sure,0,-1,-1,0,0.0,0.0,0.0,True,0.1473092579212425,-1,-1,0.0,62,62,-278.5691915431144,,-278.5691915431144,4.020676257736248e-06,AUTO_KEEP
beta,beta_C,2024-02-04,sure,0,-1,-1,0,0.0,0.0,0.0,True,0.1473092579212425,-1,-1,0.0,43,46,-961.6646517228013,,-961.6646517228013,8.4198009284972e-07,AUTO_KEEP
beta,beta_C,2024-02-05,sure,0,-1,-1,0,0.0,0.0,0.0,True,0.1473092579212425,-1,-1,0.0,24,24,-3497.731112646553,,-3497.731112646553,1.646842294779641e-07,AUTO_KEEP
beta,beta_C,2024-02-06,sure,0,-1,-1,0,0.0,0.0,0.0,True,0.1473092579212425,-1,-1,0.0,41,41,-2260.838912498937,,-2260.838912498937,2.858927300828611e-07,AUTO_KEEP
beta,beta_C,2024-02-07,sure,0,-1,-1,0,0.0,0.0,0.0,True,0.1473092579212425,-1,-1,0.0,58,58,-179.5693857653602,,-179.5693857653602,6.98795449936624e-06,AUTO_KEEP
beta,beta_C,2024-02-08,sure,0,-1,-1,0,0.0,0.0,0.0,True,0.1473092579212425,-1,-1,0.0,63,63,-532.2094589434553,,-532.2094589434553,1.7771898062798076e-06,AUTO_KEEP
beta,beta_C,2024-02-09,sure,0,-1,-1,0,0.0,0.0,0.0,True,0.1473092579212425,-1,-1,0.0,52,52,-808.0850210394292,,-808.0850210394292,1.0489251701581695e-06,AUTO_KEEP
beta,beta_C,2024-02-10,sure,0,-1,-1,0,0.0,0.0,0.0,True,0.1473092579212425,-1,-1,0.0,57,57,-260.5565439287808,,-260.5565439287808,4.373931037121664e-06,AUTO_KEEP
beta,beta_C,2024-02-11,sure,0,-1,-1,0,0.0,0.0,0.0,True,0.1473092579212425,-1,-1,0.0,63,63,-612.1634590434056,,-612.1634590434056,1.4893895767429036e-06,AUTO_KEEP
beta,beta_C,2024-02-12,sure,0,-1,-1,0,0.0,0.0,0.0,True,0.1473092579212425,-1,-1,0.0,54,54,-49.78419168988686,,-49.78419168988686,3.474965291600524e-05,AUTO_KEEP
beta,beta_C,2024-02-13,sure,0,-1,-1,0,0.0,0.0,0.0,True,0.1473092579212425,-1,-1,0.0,47,52,-673.593667425852,,-673.593667425852,1.3200067761073204e-06,AUTO_KEEP
beta,beta_C,2024-02-14,sure,0,-1,-1,0,0.0,0.0,0.0,True,0.1473092579212425,-1,-1,0.0,53,56,-831.4022338077438,,-831.4022338077438,1.0119107641366172e-06,AUTO_KEEP
beta,beta_C,2024-02-15,sure,0,-1,-1,0,0.0,0.0,0.0,True,0.1473092579212425,-1,-1,0.0,24,24,-2503.5568518868254,,-2503.5568518868254,2.5131957961469674e-07,AUTO_KEEP
beta,beta_C,2024-02-16,sure,0,-1,-1,0,0.0,0.0,0.0,True,0.1473092579212425,-1,-1,0.0,57,57,-194.21146674959033,,-194.21146674959033,6.331900883579509e-06,AUTO_KEEP
beta,beta_C,2024-02-17,sure,0,-1,-1,0,0.0,0.0,0.0,True,0.1473092579212425,-1,-1,0.0,52,52,-1466.6459351389112,,-1466.6459351389112,4.939923905851705e-07,AUTO_KEEP
beta,beta_C,2024-02-18,sure,0,-1,-1,0,0.0,0.0,0.0,True,0.1473092579212425,-1,-1,0.0,45,45,-922.2346937911725,,-922.2346937911725,8.877039106600078e-07,AUTO_KEEP
beta,beta_C,2024-02-19,sure,0,-1,-1,0,0.0,0.0,0.0,True,0.1473092579212425,-1,-1,0.0,48,48,-1729.02748536225,,-1729.02748536225,4.0123382360288925e-07,AUTO_KEEP
beta,beta_C,2024-02-20,sure,0,-1,-1,0,0.0,0.0,0.0,True,0.1473092579212425,-1,-1,0.0,62,62,-567.0891039378358,,-567.0891039378358,1.6403540615869541e-06,AUTO_KEEP
beta,beta_C,2024-02-21,sure,0,-1,-1,0,0.0,0.0,0.0,True,0.1473092579212425,-1,-1,0.0,63,63,-201.07258461395293,,-201.07258461395293,6.061284348774342e-06,AUTO_KEEP
beta,beta_C,2024-02-22,sure,0,-1,-1,0,0.0,0.0,0.0,True,0.1473092579212425,-1,-1,0.0,55,55,-430.33368998684017,,-430.33368998684017,2.3236514845287816e-06,AUTO_KEEP
beta,beta_C,2024-02-23,sure,0,-1,-1,0,0.0,0.0,0.0,True,0.1473092579212425,-1,-1,0.0,40,40,-2688.810495698846,,-2688.810495698846,2.296358141442774e-07,AUTO_KEEP
beta,beta_C,2024-02-24,sure,0,-1,-1,0,0.0,0.0,0.0,True,0.1473092579212425,-1,-1,0.0,24,25,-2455.9800172650916,,-2455.9800172650916,2.5748882006799834e-07,AUTO_KEEP
beta,beta_C,2024-02-25,sure,0,-1,-1,0,0.0,0.0,0.0,True,0.1473092579212425,-1,-1,0.0,59,59,-68.69561842594149,,-68.69561842594149,2.3287396171450618e-05,AUTO_KEEP
beta,beta_C,2024-02-26,sure,0,-1,-1,0,0.0,0.0,0.0,True,0.1473092579212425,-1,-1,0.0,53,53,-193.58378460600133,,-193.58378460600133,6.357738694932977e-06,AUTO_KEEP
beta,beta_C,2024-02-27,sure,0,-1,-1,0,0.0,0.0,0.0,True,0.1473092579212425,-1,-1,0.0,62,63,-1271.3210284027273,,-1271.3210284027273,5.917633006192783e-07,AUTO_KEEP
beta,beta_C,2024-02-28,sure,0,-1,-1,0,0.0,0.0,0.0,True,0.1473092579212425,-1,-1,0.0,60,62,-962.4959608165199,,-962.4959608165199,8.410616107102343e-07,AUTO_KEEP
beta,beta_C,2024-02-29,sure,0,-1,-1,0,0.0,0.0,0.0,True,0.1473092579212425,-1,-1,0.0,24,24,-2782.838181745262,,-2782.838181745262,2.19872504391638e-07,AUTO_KEEP
beta,beta_C,2024-03-01,sure,0,-1,-1,0,0.0,0.0,0.0,True,0.1473092579212425,-1,-1,0.0,55,55,-1313.5009147204948,,-1313.5009147204948,5.678556415612482e-07,AUTO_KEEP
beta,beta_C,2024-03-02,sure,0,-1,-1,0,0.0,0.0,0.0,True,0.1473092579212425,-1,-1,0.0,24,24,-2579.13815717809,,-2579.13815717809,2.4204688348263153e-07,AUTO_KEEP
beta,beta_C,2024-03-03,sure,0,-1,-1,0,0.0,0.0,0.0,True,0.1473092579212425,-1,-1,0.0,54,55,-87.10680492682529,,-87.10680492682529,1.731394950136406e-05,AUTO_KEEP
beta,beta_C,2024-03-04,sure,0,-1,-1,0,0.0,0.0,0.0,True,0.1473092579212425,-1,-1,0.0,61,61,-530.0268514984016,,-530.0268514984016,1.7864311284179102e-06,AUTO_KEEP
beta,beta_C,2024-03-05,unsure,0,-1,-1,0,0.0,0.0,0.0,True,0.1473092579212425,-1,-1,0.0,45,63,-13.590392702831801,,-13.590392702831801,0.00016819133319344122,AUTO_KEEP
beta,beta_C,2024-03-06,sure,0,-1,-1,0,0.0,0.0,0.0,True,0.1473092579212425,-1,-1,0.0,54,54,-83.29074947010338,,-83.29074947010338,1.8310944867201864e-05,AUTO_KEEP
beta,beta_C,2024-03-07,sure,0,-1,-1,0,0.0,0.0,0.0,True,0.1473092579212425,-1,-1,0.0,57,57,-522.2705089911083,,-522.2705089911083,1.819979367450245e-06,AUTO_KEEP
beta,beta_C,2024-03-08,sure,0,-1,-1,0,0.0,0.0,0.0,True,0.1473092579212425,-1,-1,0.0,54,54,-342.55840008641985,,-342.55840008641985,3.0982453926070026e-06,AUTO_KEEP
beta,beta_C,2024-03-09,sure,0,-1,-1,0,0.0,0.0,0.0,True,0.1473092579212425,-1,-1,0.0,53,56,-339.2731240407349,,-339.2731240407349,3.13611734096753e-06,AUTO_KEEP
beta,beta_C,2024-03-10,sure,0,-1,-1,0,0.0,0.0,0.0,True,0.1473092579212425,-1,-1,0.0,55,55,-288.9520343093349,,-288.9520343093349,3.8394946873443385e-06,AUTO_KEEP
beta,beta_C,2024-03-11,sure,0,-1,-1,0,0.0,0.0,0.0,True,0.1473092579212425,-1,-1,0.0,47,56,-96.06652558545765,,-96.06652558545765,1.531840865440929e-05,AUTO_KEEP
beta,beta_C,2024-03-12,sure,0,-1,-1,0,0.0,0.0,0.0,True,0.1473092579212425,-1,-1,0.0,48,48,-224.4196985697897,,-224.4196985697897,5.2786471960730535e-06,AUTO_KEEP
beta,beta_C,2024-03-13,sure,0,-1,-1,0,0.0,0.0,0.0,True,0.1473092579212425,-1,-1,0.0,53,53,-155.40287503961497,,-155.40287503961497,8.380138435626746e-06,AUTO_KEEP
beta,beta_C,2024-03-14,sure,0,-1,-1,0,0.0,0.0,0.0,True,0.1473092579212425,-1,-1,0.0,49,49,-631.5428047476693,,-631.5428047476693,1.4319267977733346e-06,AUTO_KEEP
beta,beta_C,2024-03-15,sure,0,-1,-1,0,0.0,0.0,0.0,True,0.1473092579212425,-1,-1,0.0,54,59,-186.84690101838285,,-186.84690101838285,6.6474049633190955e-06,AUTO_KEEP
beta,beta_C,2024-03-16,sure,0,-1,-1,0,0.0,0.0,0.0,True,0.1473092579212425,-1,-1,0.0,58,58,-236.51926388454072,,-236.51926388454072,4.94095218057873e-06,AUTO_KEEP
beta,beta_C,2024-03-17,sure,0,-1,-1,0,0.0,0.0,0.0,True,0.1473092579212425,-1,-1,0.0,46,46,-866.6674663507281,,-866.6674663507281,9.601885322943254e-07,AUTO_KEEP
beta,beta_C,2024-03-18,sure,0,-1,-1,0,0.0,0.0,0.0,True,0.1473092579212425,-1,-1,0.0,58,58,-576.4969481666521,,-576.4969481666521,1.6066375064337093e-06,AUTO_KEEP
beta,beta_C,2024-03-19,sure,0,-1,-1,0,0.0,0.0,0.0,True,0.1473092579212425,-1,-1,0.0,59,59,-123.6705679288692,,-123.6705679288692,1.1162855999198935e-05,AUTO_KEEP
beta,beta_C,2024-03-20,sure,0,-1,-1,0,0.0,0.0,0.0,True,0.1473092579212425,-1,-1,0.0,63,63,-1526.7366238191776,,-1526.7366238191776,4.6955257319021515e-07,AUTO_KEEP
beta,beta_C,2024-03-21,sure,0,-1,-1,0,0.0,0.0,0.0,True,0.1473092579212425,-1,-1,0.0,58,58,-283.53717627670517,,-283.53717627670517,3.932116453322245e-06,AUTO_KEEP
beta,beta_C,2024-03-22,sure,0,-1,-1,0,0.0,0.0,0.0,True,0.1473092579212425,-1,-1,0.0,56,57,-182.58511727702287,,-182.58511727702287,6.8431239191563595e-06,AUTO_KEEP
beta,beta_C,2024-03-23,sure,0,-1,-1,0,0.0,0.0,0.0,True,0.1473092579212425,-1,-1,0.0,60,60,-166.92144915462808,,-166.92144915462808,7.659992590239635e-06,AUTO_KEEP
beta,beta_C,2024-03-24,sure,0,-1,-1,0,0.0,0.0,0.0,True,0.1473092579212425,-1,-1,0.0,60,60,-153.09157049113816,,-153.09157049113816,8.53939207100366e-06,AUTO_KEEP
beta,beta_C,2024-03-25,sure,0,-1,-1,0,0.0,0.0,0.0,True,0.1473092579212425,-1,-1,0.0,57,57,-74.27793661216037,,-74.27793661216037,2.1125651553866763e-05,AUTO_KEEP
beta,beta_C,2024-03-26,sure,0,-1,-1,0,0.0,0.0,0.0,True,0.1473092579212425,-1,-1,0.0,50,56,-59.573581245121254,,-59.573581245121254,2.7806919465102056e-05,AUTO_KEEP
beta,beta_C,2024-03-27,sure,0,-1,-1,0,0.0,0.0,0.0,True,0.1473092579212425,-1,-1,0.0,54,54,-64.6674018922939,,-64.6674018922939,2.5108088352236904e-05,AUTO_KEEP
beta,beta_C,2024-03-28,sure,0,-1,-1,0,0.0,0.0,0.0,True,0.1473092579212425,-1,-1,0.0,65,65,-880.0481767920867,,-880.0481767920867,9.417865126671182e-07,AUTO_KEEP
beta,beta_C,2024-03-29,unsure,0,-1,-1,0,0.0,0.0,0.0,True,0.1473092579212425,-1,-1,0.0,54,63,-74.97487260162143,,-74.97487260162143,2.0880913312619225e-05,AUTO_KEEP
beta,beta_C,2024-03-30,sure,0,-1,-1,0,0.0,0.0,0.0,True,0.1473092579212425,-1,-1,0.0,57,57,-83.56856103048366,,-83.56856103048366,1.8234918970739673e-05,AUTO_KEEP
beta,beta_C,2024-03-31,sure,0,-1,-1,0,0.0,0.0,0.0,True,0.1473092579212425,-1,-1,0.0,56,56,-161.99917982549277,,-161.99917982549277,7.953642018328532e-06,AUTO_KEEP
beta,beta_C,2024-04-01,sure,0,-1,-1,0,0.0,0.0,0.0,True,0.1473092579212425,-1,-1,0.0,52,56,-86.79533658446758,,-86.79533658446758,1.739165303189213e-05,AUTO_KEEP
beta,beta_C,2024-04-02,sure,0,-1,-1,0,0.0,0.0,0.0,True,0.1473092579212425,-1,-1,0.0,63,63,-624.9671457018943,,-624.9671457018943,1.4509733082803267e-06,AUTO_KEEP
beta,beta_C,2024-04-03,sure,0,-1,-1,0,0.0,0.0,0.0,True,0.1473092579212425,-1,-1,0.0,54,54,-119.08311139647289,,-119.08311139647289,1.1704775379072877e-05,AUTO_KEEP
beta,beta_C,2024-04-04,sure,0,-1,-1,0,0.0,0.0,0.0,True,0.1473092579212425,-1,-1,0.0,24,24,-2634.914813126869,,-2634.914813126869,2.3558880353192547e-07,AUTO_KEEP
beta,beta_C,2024-04-05,sure,0,-1,-1,0,0.0,0.0,0.0,True,0.1473092579212425,-1,-1,0.0,24,24,-2403.1963313460033,,-2403.1963313460033,2.6465762084573215e-07,AUTO_KEEP
beta,beta_C,2024-04-06,sure,0,-1,-1,0,0.0,0.0,0.0,True,0.1473092579212425,-1,-1,0.0,53,56,-183.14219708086128,,-183.14219708086128,6.816957287173336e-06,AUTO_KEEP
beta,beta_C,2024-04-07,sure,0,-1,-1,0,0.0,0.0,0.0,True,0.1473092579212425,-1,-1,0.0,46,46,-208.75381597035087,,-208.75381597035087,5.781990151226773e-06,AUTO_KEEP
beta,beta_C,2024-04-08,sure,0,-1,-1,0,0.0,0.0,0.0,True,0.1473092579212425,-1,-1,0.0,54,55,-100.51982414874897,,-100.51982414874897,1.4473732450230308e-05,AUTO_KEEP
beta,beta_C,2024-04-09,sure,0,-1,-1,0,0.0,0.0,0.0,True,0.1473092579212425,-1,-1,0.0,46,46,-544.1036225930571,,-544.1036225930571,1.7282984117620928e-06,AUTO_KEEP
beta,beta_C,2024-04-10,sure,0,-1,-1,0,0.0,0.0,0.0,True,0.1473092579212425,-1,-1,0.0,47,49,-37.540218977572856,,-37.540218977572856,4.925439920159577e-05,AUTO_KEEP
beta,beta_C,2024-04-11,sure,0,-1,-1,0,0.0,0.0,0.0,True,0.1473092579212425,-1,-1,0.0,45,54,-88.87426066907986,,-88.87426066907986,1.6884539773894665e-05,AUTO_KEEP
beta,beta_C,2024-04-12,sure,0,-1,-1,0,0.0,0.0,0.0,True,0.1473092579212425,-1,-1,0.0,46,46,-160.83639180187913,,-160.83639180187913,8.025969742149219e-06,AUTO_KEEP
beta,beta_C,2024-04-13,sure,0,-1,-1,0,0.0,0.0,0.0,True,0.1473092579212425,-1,-1,0.0,52,52,-309.9123851238167,,-309.9123851238167,3.5151671269311884e-06,AUTO_KEEP
beta,beta_C,2024-04-14,sure,0,-1,-1,0,0.0,0.0,0.0,True,0.1473092579212425,-1,-1,0.0,56,56,-344.12210748038774,,-344.12210748038774,3.0805058341341478e-06,AUTO_KEEP
beta,beta_C,2024-04-15,sure,0,-1,-1,0,0.0,0.0,0.0,True,0.1473092579212425,-1,-1,0.0,49,52,-87.14140421762086,,-87.14140421762086,1.7305356210668768e-05,AUTO_KEEP
beta,beta_C,2024-04-16,sure,0,-1,-1,0,0.0,0.0,0.0,True,0.1473092579212425,-1,-1,0.0,48,58,-215.30379647279992,,-215.30379647279992,5.561493817061684e-06,AUTO_KEEP
beta,beta_C,2024-04-17,sure,0,-1,-1,0,0.0,0.0,0.0,True,0.1473092579212425,-1,-1,0.0,56,57,-530.6939893383573,,-530.6939893383573,1.7835973008002404e-06,AUTO_KEEP
beta,beta_C,2024-04-18,sure,0,-1,-1,0,0.0,0.0,0.0,True,0.1473092579212425,-1,-1,0.0,47,47,-93.07990057414874,,-93.07990057414874,1.5935859059404598e-05,AUTO_KEEP
beta,beta_C,2024-04-19,sure,0,-1,-1,0,0.0,0.0,0.0,True,0.1473092579212425,-1,-1,0.0,44,44,-213.0937653506881,,-213.0937653506881,5.6341847896036795e-06,AUTO_KEEP
beta,beta_C,2024-04-20,sure,0,-1,-1,0,0.0,0.0,0.0,True,0.1473092579212425,-1,-1,0.0,24,24,-2244.763118155211,,-2244.763118155211,2.884828975129852e-07,AUTO_KEEP
beta,beta_C,2024-04-21,sure,0,-1,-1,0,0.0,0.0,0.0,True,0.1473092579212425,-1,-1,0.0,57,57,-586.4217847205582,,-586.4217847205582,1.572390603287181e-06,AUTO_KEEP
beta,beta_C,2024-04-22,sure,0,-1,-1,0,0.0,0.0,0.0,True,0.1473092579212425,-1,-1,0.0,43,43,-355.44185241667077,,-355.44185241667077,2.9573279252067324e-06,AUTO_KEEP
beta,beta_C,2024-04-23,sure,0,-1,-1,0,0.0,0.0,0.0,True,0.1473092579212425,-1,-1,0.0,46,53,-114.92700023425031,,-114.92700023425031,1.2237868094210958e-05,AUTO_KEEP
beta,beta_C,2024-04-24,sure,0,-1,-1,0,0.0,0.0,0.0,True,0.1473092579212425,-1,-1,0.0,54,55,-300.50658179207795,,-300.50658179207795,3.6543943085603087e-06,AUTO_KEEP
beta,beta_C,2024-04-25,sure,0,-1,-1,0,0.0,0.0,0.0,True,0.1473092579212425,-1,-1,0.0,46,46,-323.5836956079441,,-323.5836956079441,3.329008572595793e-06,AUTO_KEEP
beta,beta_C,2024-04-26,sure,0,-1,-1,0,0.0,0.0,0.0,True,0.1473092579212425,-1,-1,0.0,49,51,-176.05565222448945,,-176.05565222448945,7.1637650218688965e-06,AUTO_KEEP
beta,beta_C,2024-04-27,sure,0,-1,-1,0,0.0,0.0,0.0,True,0.1473092579212425,-1,-1,0.0,51,51,-343.1569015970914,,-343.1569015970914,3.091434100564881e-06,AUTO_KEEP
beta,beta_C,2024-04-28,sure,0,-1,-1,0,0.0,0.0,0.0,True,0.1473092579212425,-1,-1,0.0,49,49,-285.4374284724461,,-285.4374284724461,3.899160750867567e-06,AUTO_KEEP
beta,beta_C,2024-04-29,sure,0,-1,-1,0,0.0,0.0,0.0,True,0.1473092579212425,-1,-1,0.0,45,51,-178.74247553737888,,-178.74247553737888,7.028629228201704e-06,AUTO_KEEP
beta,beta_C,2024-04-30,sure,0,-1,-1,0,0.0,0.0,0.0,True,0.1473092579212425,-1,-1,0.0,24,24,-2552.6708094403325,,-2552.6708094403325,2.4522335070299134e-07,AUTO_KEEP
beta,beta_C,2024-05-01,sure,0,-1,-1,0,0.0,0.0,0.0,True,0.1473092579212425,-1,-1,0.0,51,53,-1616.6982431719355,,-1616.6982431719355,4.367808240936277e-07,AUTO_KEEP
beta,beta_C,2024-05-02,sure,0,-1,-1,0,0.0,0.0,0.0,True,0.1473092579212425,-1,-1,0.0,58,58,-1047.1723142886374,,-1047.1723142886374,7.560843723587805e-07,AUTO_KEEP
beta,beta_C,2024-05-03,sure,0,-1,-1,0,0.0,0.0,0.0,True,0.1473092579212425,-1,-1,0.0,24,24,-2899.4468185706337,,-2899.4468185706337,2.0875506966090834e-07,AUTO_KEEP
beta,beta_C,2024-05-04,sure,0,-1,-1,0,0.0,0.0,0.0,True,0.1473092579212425,-1,-1,0.0,53,53,-1195.0021646684777,,-1195.0021646684777,6.399079132904475e-07,AUTO_KEEP
beta,beta_C,2024-05-05,sure,0,-1,-1,0,0.0,0.0,0.0,True,0.1473092579212425,-1,-1,0.0,50,50,-1340.0426292167635,,-1340.0426292167635,5.536818312180924e-07,AUTO_KEEP
beta,beta_C,2024-05-06,sure,0,-1,-1,0,0.0,0.0,0.0,True,0.1473092579212425,-1,-1,0.0,46,46,-443.9204024856908,,-443.9204024856908,2.2342926132756064e-06,AUTO_KEEP
beta,beta_C,2024-05-07,sure,0,-1,-1,0,0.0,0.0,0.0,True,0.1473092579212425,-1,-1,0.0,52,53,-431.5097694179827,,-431.5097694179827,2.315664908779169e-06,AUTO_KEEP
beta,beta_C,2024-05-08,sure,0,-1,-1,0,0.0,0.0,0.0,True,0.1473092579212425,-1,-1,0.0,58,58,-869.2733437575282,,-869.2733437575282,9.565545026291337e-07,AUTO_KEEP
beta,beta_C,2024-05-09,sure,0,-1,-1,0,0.0,0.0,0.0,True,0.1473092579212425,-1,-1,0.0,48,48,-424.240920534052,,-424.240920534052,2.3658284187628068e-06,AUTO_KEEP
beta,beta_C,2024-05-10,sure,0,-1,-1,0,0.0,0.0,0.0,True,0.1473092579212425,-1,-1,0.0,49,49,-964.8472227372833,,-964.8472227372833,8.384734794387002e-07,AUTO_KEEP
beta,beta_C,2024-05-11,sure,0,-1,-1,0,0.0,0.0,0.0,True,0.1473092579212425,-1,-1,0.0,24,24,-2495.6670721046826,,-2495.6670721046826,2.5232423692570085e-07,AUTO_KEEP
beta,beta_C,2024-05-12,sure,0,-1,-1,0,0.0,0.0,0.0,True,0.1473092579212425,-1,-1,0.0,50,50,-1649.1588381736105,,-1649.1588381736105,4.259449576595697e-07,AUTO_KEEP
beta,beta_C,2024-05-13,sure,0,-1,-1,0,0.0,0.0,0.0,True,0.1473092579212425,-1,-1,0.0,45,45,-1143.6698567269793,,-1143.6698567269793,6.764063287852283e-07,AUTO_KEEP
beta,beta_C,2024-05-14,sure,0,-1,-1,0,0.0,0.0,0.0,True,0.1473092579212425,-1,-1,0.0,50,50,-385.3613587130854,,-385.3613587130854,2.6707736601212384e-06,AUTO_KEEP
beta,beta_C,2024-05-15,sure,0,-1,-1,0,0.0,0.0,0.0,True,0.1473092579212425,-1,-1,0.0,50,53,-528.6332308225815,,-528.6332308225815,1.7923769520826755e-06,AUTO_KEEP
beta,beta_C,2024-05-16,sure,0,-1,-1,0,0.0,0.0,0.0,True,0.1473092579212425,-1,-1,0.0,45,45,-885.46453613274,,-885.46453613274,9.345162049044015e-07,AUTO_KEEP
beta,beta_C,2024-05-17,sure,0,-1,-1,0,0.0,0.0,0.0,True,0.1473092579212425,-1,-1,0.0,49,50,-570.9882135743571,,-570.9882135743571,1.626227738241759e-06,AUTO_KEEP
beta,beta_C,2024-05-18,sure,0,-1,-1,0,0.0,0.0,0.0,True,0.1473092579212425,-1,-1,0.0,24,24,-2830.265987906066,,-2830.265987906066,2.1522561503783064e-07,AUTO_KEEP
beta,beta_C,2024-05-19,sure,0,-1,-1,0,0.0,0.0,0.0,True,0.1473092579212425,-1,-1,0.0,50,51,-886.2152535415171,,-886.2152535415171,9.335164547042278e-07,AUTO_KEEP
beta,beta_C,2024-05-20,sure,0,-1,-1,0,0.0,0.0,0.0,True,0.1473092579212425,-1,-1,0.0,45,45,-1884.0075901094112,,-1884.0075901094112,3.5998427452921906e-07,AUTO_KEEP
beta,beta_C,2024-05-21,sure,0,-1,-1,0,0.0,0.0,0.0,True,0.1473092579212425,-1,-1,0.0,51,51,-685.8209414934655,,-685.8209414934655,1.2903625697708892e-06,AUTO_KEEP
beta,beta_C,2024-05-22,sure,0,-1,-1,0,0.0,0.0,0.0,True,0.1473092579212425,-1,-1,0.0,51,51,-614.6013902666456,,-614.6013902666456,1.4819352572454871e-06,AUTO_KEEP
beta,beta_C,2024-05-23,sure,0,-1,-1,0,0.0,0.0,0.0,True,0.1473092579212425,-1,-1,0.0,52,52,-711.7316426442453,,-711.7316426442453,1.2313344733955995e-06,AUTO_KEEP
beta,beta_C,2024-05-24,sure,0,-1,-1,0,0.0,0.0,0.0,True,0.1473092579212425,-1,-1,0.0,49,49,-797.7159016265182,,-797.7159016265182,1.066173312088873e-06,AUTO_KEEP
beta,beta_C,2024-05-25,sure,0,-1,-1,0,0.0,0.0,0.0,True,0.1473092579212425,-1,-1,0.0,51,52,-2038.2751645321368,,-2038.2751645321368,3.259012559682835e-07,AUTO_KEEP
beta,beta_C,2024-05-26,sure,0,-1,-1,0,0.0,0.0,0.0,True,0.1473092579212425,-1,-1,0.0,52,52,-1004.9065890527945,,-1004.9065890527945,7.964757602148944e-07,AUTO_KEEP
beta,beta_C,2024-05-27,sure,0,-1,-1,0,0.0,0.0,0.0,True,0.1473092579212425,-1,-1,0.0,50,51,-762.0021908738346,,-762.0021908738346,1.1296614158033812e-06,AUTO_KEEP
beta,beta_C,2024-05-28,sure,0,-1,-1,0,0.0,0.0,0.0,True,0.1473092579212425,-1,-1,0.0,52,52,-802.9658334754287,,-802.9658334754287,1.057377542602827e-06,AUTO_KEEP
beta,beta_C,2024-05-29,sure,0,-1,-1,0,0.0,0.0,0.0,True,0.1473092579212425,-1,-1,0.0,51,51,-711.7293185888639,,-711.7293185888639,1.231339550355416e-06,AUTO_KEEP
beta,beta_C,2024-05-30,sure,0,-1,-1,0,0.0,0.0,0.0,True,0.1473092579212425,-1,-1,0.0,50,50,-556.4970613225037,,-556.4970613225037,1.679860226795098e-06,AUTO_KEEP
beta,beta_C,2024-05-31,sure,0,-1,-1,0,0.0,0.0,0.0,True,0.1473092579212425,-1,-1,0.0,24,24,-3150.9356172704456,,-3150.9356172704456,1.8792051806508043e-07,AUTO_KEEP
beta,beta_C,2024-06-01,sure,0,-1,-1,0,0.0,0.0,0.0,True,0.1473092579212425,-1,-1,0.0,24,24,-2694.4182076171655,,-2694.4182076171655,2.2903188541072963e-07,AUTO_KEEP
beta,beta_C,2024-06-02,sure,0,-1,-1,0,0.0,0.0,0.0,True,0.1473092579212425,-1,-1,0.0,24,24,-3155.6189871062047,,-3155.6189871062047,1.8756804060250892e-07,AUTO_KEEP
beta,beta_C,2024-06-03,sure,0,-1,-1,0,0.0,0.0,0.0,True,0.1473092579212425,-1,-1,0.0,47,49,-1303.362193654315,,-1303.362193654315,5.73442583502355e-07,AUTO_KEEP
beta,beta_C,2024-06-04,sure,0,-1,-1,0,0.0,0.0,0.0,True,0.1473092579212425,-1,-1,0.0,46,46,-1659.633548670987,,-1659.633548670987,4.2255054405471245e-07,AUTO_KEEP
beta,beta_C,2024-06-05,sure,0,-1,-1,0,0.0,0.0,0.0,True,0.1473092579212425,-1,-1,0.0,50,50,-1309.9753767498255,,-1309.9753767498255,5.697872942950521e-07,AUTO_KEEP
beta,beta_C,2024-06-06,sure,0,-1,-1,0,0.0,0.0,0.0,True,0.1473092579212425,-1,-1,0.0,41,41,-2918.841095047794,,-2918.841095047794,2.0700330703824324e-07,AUTO_KEEP
beta,beta_C,2024-06-07,sure,0,-1,-1,0,0.0,0.0,0.0,True,0.1473092579212425,-1,-1,0.0,45,53,-2502.400603128578,,-2502.400603128578,2.514663639967593e-07,AUTO_KEEP
beta,beta_C,2024-06-08,sure,0,-1,-1,0,0.0,0.0,0.0,True,0.1473092579212425,-1,-1,0.0,54,54,-2065.6971298707736,,-2065.6971298707736,3.204430655860335e-07,AUTO_KEEP
beta,beta_C,2024-06-09,sure,0,-1,-1,0,0.0,0.0,0.0,True,0.1473092579212425,-1,-1,0.0,53,53,-894.2485374284322,,-894.2485374284322,9.229370677670342e-07,AUTO_KEEP
beta,beta_C,2024-06-10,sure,0,-1,-1,0,0.0,0.0,0.0,True,0.1473092579212425,-1,-1,0.0,50,50,-1353.8003954343505,,-1353.8003954343505,5.465819053518294e-07,AUTO_KEEP
beta,beta_C,2024-06-11,sure,0,-1,-1,0,0.0,0.0,0.0,True,0.1473092579212425,-1,-1,0.0,46,46,-3504.3659100843033,,-3504.3659100843033,1.642901864238335e-07,AUTO_KEEP
beta,beta_C,2024-06-12,sure,0,-1,-1,0,0.0,0.0,0.0,True,0.1473092579212425,-1,-1,0.0,49,49,-1033.0660892891904,,-1033.0660892891904,7.691496521907174e-07,AUTO_KEEP
beta,beta_C,2024-06-13,sure,0,-1,-1,0,0.0,0.0,0.0,True,0.1473092579212425,-1,-1,0.0,47,49,-2440.631581483718,,-2440.631581483718,2.595371915983182e-07,AUTO_KEEP
beta,beta_C,2024-06-14,sure,0,-1,-1,0,0.0,0.0,0.0,True,0.1473092579212425,-1,-1,0.0,24,24,-5059.361732470086,,-5059.361732470086,1.0327501490920559e-07,AUTO_KEEP
beta,beta_C,2024-06-15,sure,0,-1,-1,0,0.0,0.0,0.0,True,0.1473092579212425,-1,-1,0.0,24,24,-3889.621492105713,,-3889.621492105713,1.4399573497018696e-07,AUTO_KEEP
beta,beta_C,2024-06-16,sure,0,-1,-1,0,0.0,0.0,0.0,True,0.1473092579212425,-1,-1,0.0,51,54,-2276.0884497898232,,-2276.0884497898232,2.8347392680581853e-07,AUTO_KEEP
beta,beta_C,2024-06-17,sure,0,-1,-1,0,0.0,0.0,0.0,True,0.1473092579212425,-1,-1,0.0,42,44,-5828.3078762630885,,-5828.3078762630885,8.635996032983853e-08,AUTO_KEEP
beta,beta_C,2024-06-18,sure,0,-1,-1,0,0.0,0.0,0.0,True,0.1473092579212425,-1,-1,0.0,51,51,-1514.6685046272373,,-1514.6685046272373,4.742849758753117e-07,AUTO_KEEP
beta,beta_C,2024-06-19,sure,0,-1,-1,0,0.0,0.0,0.0,True,0.1473092579212425,-1,-1,0.0,51,53,-2000.4769742861322,,-2000.4769742861322,3.337029818948637e-07,AUTO_KEEP
beta,beta_C,2024-06-20,sure,0,-1,-1,0,0.0,0.0,0.0,True,0.1473092579212425,-1,-1,0.0,53,56,-2603.7176832669925,,-2603.7176832669925,2.3916235448651206e-07,AUTO_KEEP
beta,beta_C,2024-06-21,sure,0,-1,-1,0,0.0,0.0,0.0,True,0.1473092579212425,-1,-1,0.0,51,53,-1571.6378935153928,,-1571.6378935153928,4.5266506052828536e-07,AUTO_KEEP
beta,beta_C,2024-06-22,sure,0,-1,-1,0,0.0,0.0,0.0,False,,-1,-1,,-1,-1,,,,,UNCERTAIN
beta,beta_C,2024-06-23,sure,0,-1,-1,0,0.0,0.0,0.0,True,0.1473092579212425,-1,-1,0.0,24,24,-4343.748957123783,,-4343.748957123783,1.252345204664332e-07,AUTO_KEEP
beta,beta_C,2024-06-24,sure,0,-1,-1,0,0.0,0.0,0.0,True,0.1473092579212425,-1,-1,0.0,50,50,-1837.2899322578114,,-1837.2899322578114,3.715908643658634e-07,AUTO_KEEP
beta,beta_C,2024-06-25,sure,0,-1,-1,0,0.0,0.0,0.0,True,0.1473092579212425,-1,-1,0.0,52,54,-1430.895562961487,,-1430.895562961487,5.096389276260014e-07,AUTO_KEEP
beta,beta_C,2024-06-26,sure,0,-1,-1,0,0.0,0.0,0.0,True,0.1473092579212425,-1,-1,0.0,53,53,-1061.7129935838316,,-1061.7129935838316,7.430270025168325e-07,AUTO_KEEP
beta,beta_C,2024-06-27,sure,0,-1,-1,0,0.0,0.0,0.0,True,0.1473092579212425,-1,-1,0.0,50,53,-1118.0253293536632,,-1118.0253293536632,6.960659476894914e-07,AUTO_KEEP
beta,beta_C,2024-06-28,sure,0,-1,-1,0,0.0,0.0,0.0,True,0.1473092579212425,-1,-1,0.0,52,53,-1559.829937341558,,-1559.829937341558,4.56999525899826e-07,AUTO_KEEP
beta,beta_C,2024-06-29,sure,0,-1,-1,0,0.0,0.0,0.0,True,0.1473092579212425,-1,-1,0.0,51,51,-1621.6905622620768,,-1621.6905622620768,4.35082348394414e-07,AUTO_KEEP
beta,beta_C,2024-06-30,sure,0,-1,-1,0,0.0,0.0,0.0,True,0.1473092579212425,-1,-1,0.0,25,25,-3401.9094906250893,,-3401.9094906250893,1.7056960714001873e-07,AUTO_KEEP
beta,beta_C,2024-07-01,sure,0,-1,-1,0,0.0,0.0,0.0,True,0.1473092579212425,-1,-1,0.0,48,48,-2964.8873318041046,,-2964.8873318041046,2.0294796996888077e-07,AUTO_KEEP
beta,beta_C,2024-07-02,sure,0,-1,-1,0,0.0,0.0,0.0,True,0.1473092579212425,-1,-1,0.0,45,45,-4807.376673926139,,-4807.376673926139,1.1016533328018862e-07,AUTO_KEEP
beta,beta_C,2024-07-03,sure,0,-1,-1,0,0.0,0.0,0.0,True,0.1473092579212425,-1,-1,0.0,52,52,-3156.075594141694,,-3156.075594141694,1.8753373901196323e-07,AUTO_KEEP
beta,beta_C,2024-07-04,sure,0,-1,-1,0,0.0,0.0,0.0,True,0.1473092579212425,-1,-1,0.0,52,52,-2060.283241592983,,-2060.283241592983,3.215076479064638e-07,AUTO_KEEP
beta,beta_C,2024-07-05,sure,0,-1,-1,0,0.0,0.0,0.0,True,0.1473092579212425,-1,-1,0.0,57,57,-3192.1256901391953,,-3192.1256901391953,1.8486057694895423e-07,AUTO_KEEP
beta,beta_C,2024-07-06,sure,0,-1,-1,0,0.0,0.0,0.0,True,0.1473092579212425,-1,-1,0.0,55,55,-2414.569861547953,,-2414.569861547953,2.6308292975992946e-07,AUTO_KEEP
beta,beta_C,2024-07-07,sure,0,-1,-1,0,0.0,0.0,0.0,True,0.1473092579212425,-1,-1,0.0,47,47,-1897.7208548582432,,-1897.7208548582432,3.566998929842142e-07,AUTO_KEEP
beta,beta_C,2024-07-08,sure,0,-1,-1,0,0.0,0.0,0.0,True,0.1473092579212425,-1,-1,0.0,55,55,-3093.820013387961,,-3093.820013387961,1.9231647551097195e-07,AUTO_KEEP
beta,beta_C,2024-07-09,sure,0,-1,-1,0,0.0,0.0,0.0,True,0.1473092579212425,-1,-1,0.0,51,51,-925.846711783959,,-925.846711783959,8.833317928616329e-07,AUTO_KEEP
beta,beta_C,2024-07-10,sure,0,-1,-1,0,0.0,0.0,0.0,True,0.1473092579212425,-1,-1,0.0,50,50,-703.0927908980645,,-703.0927908980645,1.250468648062059e-06,AUTO_KEEP
beta,beta_C,2024-07-11,sure,0,-1,-1,0,0.0,0.0,0.0,True,0.1473092579212425,-1,-1,0.0,47,47,-1007.651187967145,,-1007.651187967145,7.937363322070325e-07,AUTO_KEEP
beta,beta_C,2024-07-12,sure,0,-1,-1,0,0.0,0.0,0.0,True,0.1473092579212425,-1,-1,0.0,51,51,-863.5179997127047,,-863.5179997127047,9.646137457858169e-07,AUTO_KEEP
beta,beta_C,2024-07-13,sure,0,-1,-1,0,0.0,0.0,0.0,True,0.1473092579212425,-1,-1,0.0,49,49,-638.5670278864595,,-638.5670278864595,1.4120701586581077e-06,AUTO_KEEP
beta,beta_C,2024-07-14,sure,0,-1,-1,0,0.0,0.0,0.0,True,0.1473092579212425,-1,-1,0.0,51,53,-1051.6198762839058,,-1051.6198762839058,7.520471413384232e-07,AUTO_KEEP
beta,beta_C,2024-07-15,sure,0,-1,-1,0,0.0,0.0,0.0,True,0.1473092579212425,-1,-1,0.0,51,51,-1671.1312373304318,,-1671.1312373304318,4.188800110708942e-07,AUTO_KEEP
beta,beta_C,2024-07-16,sure,0,-1,-1,0,0.0,0.0,0.0,True,0.1473092579212425,-1,-1,0.0,56,56,-2413.140933844599,,-2413.140933844599,2.6327984546868824e-07,AUTO_KEEP
beta,beta_C,2024-07-17,sure,0,-1,-1,0,0.0,0.0,0.0,True,0.1473092579212425,-1,-1,0.0,49,49,-951.9294027482086,,-951.9294027482086,8.528713698629263e-07,AUTO_KEEP
beta,beta_C,2024-07-18,sure,0,-1,-1,0,0.0,0.0,0.0,True,0.1473092579212425,-1,-1,0.0,49,49,-861.4028753692254,,-861.4028753692254,9.676061872179119e-07,AUTO_KEEP
beta,beta_C,2024-07-19,sure,0,-1,-1,0,0.0,0.0,0.0,True,0.1473092579212425,-1,-1,0.0,49,49,-1577.7844172489179,,-1577.7844172489179,4.504378265231872e-07,AUTO_KEEP
beta,beta_C,2024-07-20,sure,0,-1,-1,0,0.0,0.0,0.0,True,0.1473092579212425,-1,-1,0.0,47,55,-1005.7934660532192,,-1005.7934660532192,7.955887046868764e-07,AUTO_KEEP
beta,beta_C,2024-07-21,sure,0,-1,-1,0,0.0,0.0,0.0,True,0.1473092579212425,-1,-1,0.0,51,51,-1094.036203103816,,-1094.036203103816,7.154030678037672e-07,AUTO_KEEP
beta,beta_C,2024-07-22,sure,0,-1,-1,0,0.0,0.0,0.0,True,0.1473092579212425,-1,-1,0.0,48,48,-2030.6975925811512,,-2030.6975925811512,3.2743897510328324e-07,AUTO_KEEP
beta,beta_C,2024-07-23,sure,0,-1,-1,0,0.0,0.0,0.0,True,0.1473092579212425,-1,-1,0.0,51,51,-699.7052556484465,,-699.7052556484465,1.2581176383544305e-06,AUTO_KEEP
beta,beta_C,2024-07-24,sure,0,-1,-1,0,0.0,0.0,0.0,True,0.1473092579212425,-1,-1,0.0,49,49,-640.6384028868287,,-640.6384028868287,1.4063085380846534e-06,AUTO_KEEP
beta,beta_C,2024-07-25,sure,0,-1,-1,0,0.0,0.0,0.0,True,0.1473092579212425,-1,-1,0.0,57,57,-946.3811455700708,,-946.3811455700708,8.59191949431252e-07,AUTO_KEEP
beta,beta_C,2024-07-26,sure,0,-1,-1,0,0.0,0.0,0.0,True,0.1473092579212425,-1,-1,0.0,51,51,-406.6374912704013,,-406.6374912704013,2.495743260930399e-06,AUTO_KEEP
beta,beta_C,2024-07-27,sure,0,-1,-1,0,0.0,0.0,0.0,True,0.1473092579212425,-1,-1,0.0,59,59,-2674.815960416759,,-2674.815960416759,2.3115547895659078e-07,AUTO_KEEP
beta,beta_C,2024-07-28,sure,0,-1,-1,0,0.0,0.0,0.0,True,0.1473092579212425,-1,-1,0.0,51,51,-1259.0538732171358,,-1259.0538732171358,5.990573062401354e-07,AUTO_KEEP
beta,beta_C,2024-07-29,sure,0,-1,-1,0,0.0,0.0,0.0,True,0.1473092579212425,-1,-1,0.0,58,58,-2831.621876265644,,-2831.621876265644,2.150953559942345e-07,AUTO_KEEP
beta,beta_C,2024-07-30,sure,0,-1,-1,0,0.0,0.0,0.0,True,0.1473092579212425,-1,-1,0.0,50,50,-2616.427703555673,,-2616.427703555673,2.3769481036586663e-07,AUTO_KEEP
beta,beta_C,2024-07-31,sure,0,-1,-1,0,0.0,0.0,0.0,True,0.1473092579212425,-1,-1,0.0,46,49,-2837.7285202365515,,-2837.7285202365515,2.1451044168442292e-07,AUTO_KEEP
beta,beta_C,2024-08-01,sure,0,-1,-1,0,0.0,0.0,0.0,True,0.1473092579212425,-1,-1,0.0,49,49,-3873.4813633684353,,-3873.4813633684353,1.4475464115026555e-07,AUTO_KEEP
beta,beta_C,2024-08-02,sure,0,-1,-1,0,0.0,0.0,0.0,True,0.1473092579212425,-1,-1,0.0,56,56,-2762.7171273938557,,-2762.7171273938557,2.2189855976002727e-07,AUTO_KEEP
beta,beta_C,2024-08-03,sure,0,-1,-1,0,0.0,0.0,0.0,True,0.1473092579212425,-1,-1,0.0,49,49,-885.0713673942905,,-885.0713673942905,9.350405634754368e-07,AUTO_KEEP
beta,beta_C,2024-08-04,sure,0,-1,-1,0,0.0,0.0,0.0,False,,-1,-1,,-1,-1,,,,,UNCERTAIN
beta,beta_C,2024-08-05,sure,0,-1,-1,0,0.0,0.0,0.0,False,,-1,-1,,-1,-1,,,,,UNCERTAIN
beta,beta_C,2024-08-06,sure,0,-1,-1,0,0.0,0.0,0.0,True,0.1473092579212425,-1,-1,0.0,56,56,-635.0338085834321,,-635.0338085834321,1.4219960770678314e-06,AUTO_KEEP
beta,beta_C,2024-08-07,sure,0,-1,-1,0,0.0,0.0,0.0,True,0.1473092579212425,-1,-1,0.0,50,54,-437.8631851545757,,-437.8631851545757,2.273356773069089e-06,AUTO_KEEP
beta,beta_C,2024-08-08,sure,0,-1,-1,0,0.0,0.0,0.0,True,0.1473092579212425,-1,-1,0.0,54,54,-487.5227400008641,,-487.5227400008641,1.9851797603049885e-06,AUTO_KEEP
beta,beta_C,2024-08-09,sure,0,-1,-1,0,0.0,0.0,0.0,True,0.1473092579212425,-1,-1,0.0,50,56,-445.5810230224229,,-445.5810230224229,2.2237923154388325e-06,AUTO_KEEP
beta,beta_C,2024-08-10,sure,0,-1,-1,0,0.0,0.0,0.0,True,0.1473092579212425,-1,-1,0.0,47,47,-568.4984393878675,,-568.4984393878675,1.6352228173425449e-06,AUTO_KEEP
beta,beta_C,2024-08-11,sure,0,-1,-1,0,0.0,0.0,0.0,True,0.1473092579212425,-1,-1,0.0,51,52,-406.34256703236895,,-406.34256703236895,2.4980283190358617e-06,AUTO_KEEP
beta,beta_C,2024-08-12,sure,0,-1,-1,0,0.0,0.0,0.0,True,0.1473092579212425,-1,-1,0.0,57,57,-3008.0750459406477,,-3008.0750459406477,1.992718466116051e-07,AUTO_KEEP
beta,beta_C,2024-08-13,sure,0,-1,-1,0,0.0,0.0,0.0,True,0.1473092579212425,-1,-1,0.0,51,51,-1903.2872030145145,,-1903.2872030145145,3.553820037454033e-07,AUTO_KEEP
beta,beta_C,2024-08-14,sure,0,-1,-1,0,0.0,0.0,0.0,True,0.1473092579212425,-1,-1,0.0,24,24,-3436.444570897673,,-3436.444570897673,1.684056245750643e-07,AUTO_KEEP
beta,beta_C,2024-08-15,sure,0,-1,-1,0,0.0,0.0,0.0,True,0.1473092579212425,-1,-1,0.0,58,62,-3299.8042046907663,,-3299.8042046907663,1.7726838823211088e-07,AUTO_KEEP
beta,beta_C,2024-08-16,sure,0,-1,-1,0,0.0,0.0,0.0,True,0.1473092579212425,-1,-1,0.0,53,54,-272.93741357830504,,-272.93741357830504,4.125478558895e-06,AUTO_KEEP
beta,beta_C,2024-08-17,sure,0,-1,-1,0,0.0,0.0,0.0,True,0.1473092579212425,-1,-1,0.0,52,52,-489.22877225543016,,-489.22877225543016,1.9764481662020668e-06,AUTO_KEEP
beta,beta_C,2024-08-18,sure,0,-1,-1,0,0.0,0.0,0.0,True,0.1473092579212425,-1,-1,0.0,39,39,-1420.876350156521,,-1420.876350156521,5.141840345319421e-07,AUTO_KEEP
beta,beta_C,2024-08-19,sure,0,-1,-1,0,0.0,0.0,0.0,True,0.1473092579212425,-1,-1,0.0,60,60,-1480.9035926665863,,-1480.9035926665863,4.879903313197849e-07,AUTO_KEEP
beta,beta_C,2024-08-20,sure,0,-1,-1,0,0.0,0.0,0.0,True,0.1473092579212425,-1,-1,0.0,49,49,-104.10417359825053,,-104.10417359825053,1.3852446507184762e-05,AUTO_KEEP
beta,beta_C,2024-08-21,sure,0,-1,-1,0,0.0,0.0,0.0,True,0.1473092579212425,-1,-1,0.0,50,53,-150.8178740996808,,-150.8178740996808,8.701421912345122e-06,AUTO_KEEP
beta,beta_C,2024-08-22,sure,0,-1,-1,0,0.0,0.0,0.0,True,0.1473092579212425,-1,-1,0.0,48,48,-138.01006335716687,,-138.01006335716687,9.727230659717765e-06,AUTO_KEEP
beta,beta_C,2024-08-23,sure,0,-1,-1,0,0.0,0.0,0.0,True,0.1473092579212425,-1,-1,0.0,48,48,-82.99598208659538,,-82.99598208659538,1.839223375441755e-05,AUTO_KEEP
beta,beta_C,2024-08-24,sure,0,-1,-1,0,0.0,0.0,0.0,True,0.1473092579212425,-1,-1,0.0,50,50,-125.3351395731274,,-125.3351395731274,1.0977205854687485e-05,AUTO_KEEP
beta,beta_C,2024-08-25,sure,0,-1,-1,0,0.0,0.0,0.0,True,0.1473092579212425,-1,-1,0.0,45,45,-1250.157357054968,,-1250.157357054968,6.044485600201819e-07,AUTO_KEEP
beta,beta_C,2024-08-26,unsure,1,47,53,7,2.990926,0.0,0.0,True,0.1473092579212425,-1,-1,0.0,45,56,-64.89206249464937,,-64.89206249464937,2.499989345318719e-05,AUTO_KEEP
beta,beta_C,2024-08-27,sure,0,-1,-1,0,0.0,0.0,0.0,True,0.1473092579212425,-1,-1,0.0,41,57,-64.4853476292936,,-64.4853476292936,2.519638111816631e-05,AUTO_KEEP
beta,beta_C,2024-08-28,unsure,0,-1,-1,0,0.0,7.637849500000001,0.0,True,0.1473092579212425,42,59,2.324388406963634,40,40,-384.70704552530907,2.324388406963634,2.324388406963634,0.022269023788830444,AUTO_KEEP
beta,beta_C,2024-08-29,sure,0,-1,-1,0,0.0,9.625219999999999,0.0,True,0.1473092579212425,39,58,16.654143022728448,59,59,-195.62323777561787,16.654143022728448,16.654143022728448,0.1583198118044478,AUTO_KEEP
beta,beta_C,2024-08-30,unsure,1,46,54,9,3.65562,0.0,0.0,True,0.1473092579212425,-1,-1,0.0,45,55,-68.17875401731277,,-68.17875401731277,2.3507612172253485e-05,AUTO_KEEP
beta,beta_C,2024-08-31,sure,0,-1,-1,0,0.0,0.0,0.0,True,0.1473092579212425,-1,-1,0.0,43,57,-42.045313389805465,,-42.045313389805465,4.282908485671149e-05,AUTO_KEEP
beta,beta_C,2024-09-01,unsure,1,45,55,11,4.7536815,0.0,0.0,True,0.1473092579212425,-1,-1,0.0,44,56,-58.76204855857925,,-58.76204855857925,2.8285223314749435e-05,AUTO_KEEP
beta,beta_C,2024-09-02,unsure,1,43,55,13,5.997672499999999,0.0,0.0,True,0.1473092579212425,-1,-1,0.0,40,60,-14.852831830495091,,-14.852831830495091,0.00015143972038427397,AUTO_KEEP
beta,beta_C,2024-09-03,unsure,1,43,58,16,8.0961865,0.0,0.0,True,0.1473092579212425,-1,-1,0.0,42,58,-46.11825367573416,,-46.11825367573416,3.820267659060607e-05,AUTO_KEEP
beta,beta_C,2024-09-04,unsure,0,-1,-1,0,0.0,0.0,0.0,True,0.1473092579212425,-1,-1,0.0,43,58,-37.1489387137713,,-37.1489387137713,4.989401939538009e-05,AUTO_KEEP
beta,beta_C,2024-09-05,sure,0,-1,-1,0,0.0,0.0,0.0,True,0.1473092579212425,-1,-1,0.0,51,51,-42.0541082698468,,-42.0541082698468,4.281802295042238e-05,AUTO_KEEP
beta,beta_C,2024-09-06,unsure,1,43,55,13,5.5393605,0.0,0.0,True,0.1473092579212425,-1,-1,0.0,42,56,-42.92398841540969,,-42.92398841540969,4.174865310549092e-05,AUTO_KEEP
beta,beta_C,2024-09-07,sure,0,-1,-1,0,0.0,0.0,0.0,True,0.1473092579212425,-1,-1,0.0,51,51,-94.01467360408532,,-94.01467360408532,1.5737878018336993e-05,AUTO_KEEP
beta,beta_C,2024-09-08,sure,0,-1,-1,0,0.0,0.0,0.0,True,0.1473092579212425,-1,-1,0.0,64,64,-1551.0470784323738,,-1551.0470784323738,4.6027200706793454e-07,AUTO_KEEP
beta,beta_C,2024-09-09,sure,0,-1,-1,0,0.0,0.0,0.0,True,0.1473092579212425,-1,-1,0.0,44,56,-5.283305989109623,,-5.283305989109623,0.0004878709576076726,AUTO_KEEP
beta,beta_C,2024-09-10,sure,0,-1,-1,0,0.0,0.0,0.0,True,0.1473092579212425,-1,-1,0.0,43,43,-133.6776837496454,,-133.6776837496454,1.0124560328795146e-05,AUTO_KEEP
beta,beta_C,2024-09-11,sure,0,-1,-1,0,0.0,0.0,0.0,True,0.1473092579212425,-1,-1,0.0,57,57,-76.30485220806635,,-76.30485220806635,2.042771143904563e-05,AUTO_KEEP
beta,beta_C,2024-09-12,sure,0,-1,-1,0,0.0,0.0,0.0,True,0.1473092579212425,-1,-1,0.0,57,57,-200.17270651646194,,-200.17270651646194,6.095587920792699e-06,AUTO_KEEP
beta,beta_C,2024-09-13,sure,0,-1,-1,0,0.0,0.0,0.0,True,0.1473092579212425,-1,-1,0.0,41,59,-60.769353919471115,,-60.769353919471115,2.7128021713907973e-05,AUTO_KEEP
beta,beta_C,2024-09-14,unsure,0,-1,-1,0,0.0,0.0,0.0,True,0.1473092579212425,-1,-1,0.0,49,54,-39.4329327086502,,-39.4329327086502,4.6357372665089194e-05,AUTO_KEEP
beta,beta_C,2024-09-15,sure,0,-1,-1,0,0.0,0.0,0.0,True,0.1473092579212425,-1,-1,0.0,53,53,-456.9843443370628,,-456.9843443370628,2.154011006702286e-06,AUTO_KEEP
beta,beta_C,2024-09-16,unsure,1,45,53,9,4.8529040000000006,0.0,0.0,True,0.1473092579212425,-1,-1,0.0,41,59,-95.37866131004655,,-95.37866131004655,1.5456779293770877e-05,AUTO_KEEP
beta,beta_C,2024-09-17,unsure,1,45,56,12,6.778774000000001,0.0,0.0,True,0.1473092579212425,-1,-1,0.0,41,59,-44.66742853686673,,-44.66742853686673,3.974365971958073e-05,AUTO_KEEP
beta,beta_C,2024-09-18,unsure,1,44,59,16,9.852413,0.0,0.0,True,0.1473092579212425,-1,-1,0.0,40,60,-1.1047996196288676,,-1.1047996196288676,0.0019420667265778995,AUTO_KEEP
beta,beta_C,2024-09-19,unsure,1,43,58,16,10.1444245,13.845087,10.1444245,True,0.1473092579212425,39,61,35.91014189363615,38,38,-260.8745829030685,35.91014189363615,35.91014189363615,0.32339320976662944,UNCERTAIN
beta,beta_C,2024-09-20,unsure,1,43,59,17,10.206740499999999,14.7632575,10.206740499999999,True,0.1473092579212425,37,61,10.819144222165512,62,62,-451.1319245706451,10.819144222165512,10.819144222165512,0.10172997658691793,AUTO_KEEP
beta,beta_C,2024-09-21,unsure,0,-1,-1,0,0.0,0.0,0.0,True,0.1473092579212425,-1,-1,0.0,40,57,-11.319783041148554,,-11.319783041148554,0.00020829489037872215,AUTO_KEEP
beta,beta_C,2024-09-22,unsure,0,-1,-1,0,0.0,0.0,0.0,True,0.1473092579212425,-1,-1,0.0,51,58,-26.71276873182281,,-26.71276873182281,7.473919317648485e-05,AUTO_KEEP
beta,beta_C,2024-09-23,unsure,1,42,57,16,7.902014,9.4690115,7.902014,True,0.1473092579212425,39,58,23.566344852059935,59,59,-150.45407014357568,23.566344852059935,23.566344852059935,0.22218201373089366,AUTO_KEEP
beta,beta_C,2024-09-24,sure,0,-1,-1,0,0.0,0.0,0.0,True,0.1473092579212425,-1,-1,0.0,38,54,-48.929882231631744,,-48.929882231631744,3.5503135664252004e-05,AUTO_KEEP
beta,beta_C,2024-09-25,sure,0,-1,-1,0,0.0,0.0,0.0,True,0.1473092579212425,-1,-1,0.0,54,54,-418.0571667492514,,-418.0571667492514,2.4100577990223404e-06,AUTO_KEEP
beta,beta_C,2024-09-26,sure,0,-1,-1,0,0.0,0.0,0.0,True,0.1473092579212425,-1,-1,0.0,24,24,-2790.666419700169,,-2790.666419700169,2.1909318347154154e-07,AUTO_KEEP
beta,beta_C,2024-09-27,sure,0,-1,-1,0,0.0,0.0,0.0,True,0.1473092579212425,-1,-1,0.0,57,57,-166.5004086354619,,-166.5004086354619,7.684347328188825e-06,AUTO_KEEP
beta,beta_C,2024-09-28,sure,0,-1,-1,0,0.0,0.0,0.0,True,0.1473092579212425,-1,-1,0.0,48,48,-128.8294258850638,,-128.8294258850638,1.0604968461789486e-05,AUTO_KEEP
beta,beta_C,2024-09-29,sure,0,-1,-1,0,0.0,0.0,0.0,True,0.1473092579212425,-1,-1,0.0,37,37,-1342.820728206105,,-1342.820728206105,5.522348802893601e-07,AUTO_KEEP
beta,beta_C,2024-09-30,sure,0,-1,-1,0,0.0,0.0,0.0,True,0.1473092579212425,-1,-1,0.0,48,52,-300.760672659583,,-300.760672659583,3.6505038745293108e-06,AUTO_KEEP
beta,beta_D,2023-10-01,unsure,0,-1,-1,0,0.0,0.0,0.0,False,,-1,-1,,-1,-1,,,,,UNCERTAIN
beta,beta_D,2023-10-02,unsure,0,-1,-1,0,0.0,0.0,0.0,False,,-1,-1,,-1,-1,,,,,UNCERTAIN
beta,beta_D,2023-10-03,unsure,0,-1,-1,0,0.0,0.0,0.0,False,,-1,-1,,-1,-1,,,,,UNCERTAIN
beta,beta_D,2023-10-04,unsure,1,49,60,12,8.0075105,0.0,0.0,False,,-1,-1,,-1,-1,,,,,UNCERTAIN
beta,beta_D,2023-10-05,sure,1,45,60,16,17.1586475,0.0,0.0,False,,-1,-1,,-1,-1,,,,,UNCERTAIN
beta,beta_D,2023-10-06,sure,1,46,59,14,14.810474000000001,0.0,0.0,False,,-1,-1,,-1,-1,,,,,UNCERTAIN
beta,beta_D,2023-10-07,unsure,1,55,57,3,0.9733990000000001,0.0,0.0,False,,-1,-1,,-1,-1,,,,,UNCERTAIN
beta,beta_D,2023-10-08,unsure,1,53,57,5,0.612846,0.0,0.0,False,,-1,-1,,-1,-1,,,,,UNCERTAIN
beta,beta_D,2023-10-09,sure,1,45,59,15,14.264188500000001,15.482093000000003,14.264188500000001,True,0.17456298239614432,36,66,403.79272250390284,67,67,-4.2090694601224525,403.79272250390284,403.79272250390284,0.9273394234664876,AUTO_CORRECT
beta,beta_D,2023-10-10,unsure,1,48,54,7,1.9575015000000002,0.0,0.0,False,,-1,-1,,-1,-1,,,,,UNCERTAIN
beta,beta_D,2023-10-11,sure,1,51,59,9,9.782665,0.0,0.0,False,,-1,-1,,-1,-1,,,,,UNCERTAIN
beta,beta_D,2023-10-12,sure,1,45,52,8,2.6717839999999997,0.0,0.0,False,,-1,-1,,-1,-1,,,,,UNCERTAIN
beta,beta_D,2023-10-13,sure,1,43,59,17,16.676634,17.43017,16.676634,True,0.17456298239614432,35,67,503.400762625138,68,68,-1.9320307475336913,503.400762625138,503.400762625138,0.9440430422963034,AUTO_CORRECT
beta,beta_D,2023-10-14,sure,1,48,55,8,1.7044409999999997,0.0,0.0,False,,-1,-1,,-1,-1,,,,,UNCERTAIN
beta,beta_D,2023-10-15,unsure,0,-1,-1,0,0.0,0.0,0.0,False,,-1,-1,,-1,-1,,,,,UNCERTAIN
beta,beta_D,2023-10-16,unsure,1,45,58,14,5.623791500000001,0.0,0.0,False,,-1,-1,,-1,-1,,,,,UNCERTAIN
beta,beta_D,2023-10-17,unsure,1,50,63,14,3.64656,1.1067925,0.0,True,0.17456298239614432,43,43,275.2970976589586,51,55,150.84561169104953,124.45148596790906,275.2970976589586,0.8871622225126069,AUTO_CORRECT
beta,beta_D,2023-10-18,sure,1,41,60,20,21.311069500000002,21.959397000000003,21.311069500000002,True,0.17456298239614432,36,67,587.4162253933731,68,68,-2.888888038149522,587.4162253933731,587.4162253933731,0.9535147943653686,AUTO_CORRECT
beta,beta_D,2023-10-19,unsure,1,58,60,3,1.0790545,0.0,0.0,False,,-1,-1,,-1,-1,,,,,UNCERTAIN
beta,beta_D,2023-10-20,sure,1,46,58,13,10.0611675,0.0,0.0,False,,-1,-1,,-1,-1,,,,,UNCERTAIN
beta,beta_D,2023-10-21,unsure,0,-1,-1,0,0.0,0.0,0.0,False,,-1,-1,,-1,-1,,,,,UNCERTAIN
beta,beta_D,2023-10-22,unsure,0,-1,-1,0,0.0,0.0,0.0,False,,-1,-1,,-1,-1,,,,,UNCERTAIN
beta,beta_D,2023-10-23,sure,1,44,58,15,14.089282,0.0,0.0,False,,-1,-1,,-1,-1,,,,,UNCERTAIN
beta,beta_D,2023-10-24,unsure,1,46,55,10,5.0534105,0.0,0.0,False,,-1,-1,,-1,-1,,,,,UNCERTAIN
beta,beta_D,2023-10-25,sure,1,46,58,13,9.181403,9.430059499999999,9.181403,True,0.17456298239614432,40,65,299.2621664273772,39,39,-20.4949561917182,299.2621664273772,299.2621664273772,0.8973011697061857,AUTO_CORRECT
beta,beta_D,2023-10-26,sure,0,-1,-1,0,0.0,0.0,0.0,True,0.17456298239614432,-1,-1,0.0,46,46,-335.4212144989437,,-335.4212144989437,3.919519017294746e-06,AUTO_KEEP
beta,beta_D,2023-10-27,unsure,1,45,54,10,5.554623500000001,5.850789000000001,5.4862865,True,0.17456298239614432,43,52,329.201321743784,54,54,2.7321550434580977,326.4691667003259,329.201321743784,0.9078916004232486,AUTO_CORRECT
beta,beta_D,2023-10-28,unsure,0,-1,-1,0,0.0,0.0,0.0,False,,-1,-1,,-1,-1,,,,,UNCERTAIN
beta,beta_D,2023-10-29,unsure,1,48,57,10,2.7387645,0.0,0.0,False,,-1,-1,,-1,-1,,,,,UNCERTAIN
beta,beta_D,2023-10-30,unsure,1,44,54,11,5.1661909999999995,0.0,0.0,False,,-1,-1,,-1,-1,,,,,UNCERTAIN
beta,beta_D,2023-10-31,unsure,0,-1,-1,0,0.0,0.0,0.0,False,,-1,-1,,-1,-1,,,,,UNCERTAIN
beta,beta_D,2023-11-01,unsure,1,50,60,11,6.0132780000000015,7.4979355000000005,6.0132780000000015,True,0.17456298239614432,41,66,223.12211045426636,35,38,34.72852096887379,188.39358948539257,223.12211045426636,0.8577338851116172,AUTO_CORRECT
beta,beta_D,2023-11-02,unsure,1,42,61,20,14.758794000000002,14.838961,14.758794000000002,True,0.17456298239614432,35,67,418.74235401366315,34,34,-2.4951190207913334,418.74235401366315,418.74235401366315,0.93037892293994,AUTO_CORRECT
beta,beta_D,2023-11-03,unsure,1,46,59,14,10.3619805,0.0,0.0,False,,-1,-1,,-1,-1,,,,,UNCERTAIN
beta,beta_D,2023-11-04,unsure,0,-1,-1,0,0.0,1.8337284999999999,0.0,True,0.17456298239614432,53,54,422.96761162977106,40,51,36.771941549317425,386.1956700804536,422.96761162977106,0.9311974176260661,AUTO_CORRECT
beta,beta_D,2023-11-05,sure,0,-1,-1,0,0.0,0.0,0.0,True,0.17456298239614432,-1,-1,0.0,27,27,-1246.7276080363122,,-1246.7276080363122,7.432740850542336e-07,AUTO_KEEP
beta,beta_D,2023-11-06,sure,0,-1,-1,0,0.0,2.8354845,0.0,True,0.17456298239614432,55,60,84.90999719014034,37,52,62.04754462350992,22.862452566630424,84.90999719014034,0.6411195754145054,UNCERTAIN
beta,beta_D,2023-11-07,sure,1,44,61,18,16.640987,17.885402999999993,16.640987,True,0.17456298239614432,37,66,491.8143828407493,69,69,-136.49823978773364,491.8143828407493,491.8143828407493,0.9424652838183064,AUTO_CORRECT
beta,beta_D,2023-11-08,unsure,1,42,60,19,9.147137,8.6876745,8.6779025,True,0.17456298239614432,35,58,231.8147645360312,62,62,13.27093133181988,218.54383320421132,231.8147645360312,0.8635229742891121,AUTO_CORRECT
beta,beta_D,2023-11-09,sure,1,49,58,10,9.655859,10.2998275,9.655859,True,0.17456298239614432,48,60,615.144232140705,47,47,-198.75062223867693,615.144232140705,615.144232140705,0.9560362984211994,AUTO_CORRECT
beta,beta_D,2023-11-10,sure,1,43,56,14,5.3903799999999995,0.0,0.0,False,,-1,-1,,-1,-1,,,,,UNCERTAIN
beta,beta_D,2023-11-11,unsure,0,-1,-1,0,0.0,0.0,0.0,False,,-1,-1,,-1,-1,,,,,UNCERTAIN
beta,beta_D,2023-11-12,sure,0,-1,-1,0,0.0,0.0,0.0,False,,-1,-1,,-1,-1,,,,,UNCERTAIN
beta,beta_D,2023-11-13,sure,0,-1,-1,0,0.0,3.7392889999999994,0.0,True,0.17456298239614432,47,59,130.95916969062637,38,38,7.235766018159234,123.72340367246713,130.95916969062637,0.7548527867717852,AUTO_CORRECT
beta,beta_D,2023-11-14,unsure,1,40,54,15,8.628078499999999,0.0,0.0,False,,-1,-1,,-1,-1,,,,,UNCERTAIN
beta,beta_D,2023-11-15,sure,0,-1,-1,0,0.0,2.911886,0.0,True,0.17456298239614432,39,55,70.65375361722165,57,58,1.0176591074463024,69.63609450977535,70.65375361722165,0.5866293867697513,UNCERTAIN
beta,beta_D,2023-11-16,sure,0,-1,-1,0,0.0,0.0,0.0,False,,-1,-1,,-1,-1,,,,,UNCERTAIN
beta,beta_D,2023-11-17,unsure,1,56,61,6,2.9806755,8.459635499999996,2.9806755,True,0.17456298239614432,40,68,145.52311207421417,69,69,-12.790851810451798,145.52311207421417,145.52311207421417,0.7785895018713068,AUTO_CORRECT
beta,beta_D,2023-11-18,sure,1,47,59,13,9.290930499999998,0.0,0.0,False,,-1,-1,,-1,-1,,,,,UNCERTAIN
beta,beta_D,2023-11-19,unsure,1,49,53,5,0.8278780000000001,0.0,0.0,False,,-1,-1,,-1,-1,,,,,UNCERTAIN
beta,beta_D,2023-11-20,sure,0,-1,-1,0,0.0,0.747949,0.0,True,0.17456298239614432,53,54,10.728780802633985,46,46,-0.41523890389096296,10.728780802633985,10.728780802633985,0.12502186127607529,AUTO_KEEP
beta,beta_D,2023-11-21,unsure,0,-1,-1,0,0.0,0.0,0.0,False,,-1,-1,,-1,-1,,,,,UNCERTAIN
beta,beta_D,2023-11-22,sure,1,52,58,7,2.533563,2.9374995,2.533563,True,0.17456298239614432,48,61,108.30873877797771,63,65,0.6453065918765524,107.66343218610116,108.30873877797771,0.7080189237752216,AUTO_CORRECT
beta,beta_D,2023-11-23,sure,0,-1,-1,0,0.0,0.0,0.0,False,,-1,-1,,-1,-1,,,,,UNCERTAIN
beta,beta_D,2023-11-24,sure,0,-1,-1,0,0.0,4.976824000000001,0.0,True,0.17456298239614432,37,44,118.4151207702624,46,48,5.172026313821659,113.24309445644074,118.4151207702624,0.730656513834529,AUTO_CORRECT
beta,beta_D,2023-11-25,sure,0,-1,-1,0,0.0,0.0,0.0,True,0.17456298239614432,-1,-1,0.0,50,50,-1039.6932007882,,-1039.6932007882,9.356301380796169e-07,AUTO_KEEP
beta,beta_D,2023-11-26,sure,0,-1,-1,0,0.0,0.0,0.0,False,,-1,-1,,-1,-1,,,,,UNCERTAIN
beta,beta_D,2023-11-27,sure,0,-1,-1,0,0.0,0.0,0.0,False,,-1,-1,,-1,-1,,,,,UNCERTAIN
beta,beta_D,2023-11-28,sure,0,-1,-1,0,0.0,0.0,0.0,True,0.17456298239614432,-1,-1,0.0,57,57,-4.016010298881023,,-4.016010298881023,0.0008125620113646664,AUTO_KEEP
beta,beta_D,2023-11-29,sure,0,-1,-1,0,0.0,9.611111000000001,0.0,True,0.17456298239614432,44,60,181.22478256870627,37,37,0.06113783042045587,181.16364473828583,181.22478256870627,0.8226017850525074,AUTO_CORRECT
beta,beta_D,2023-11-30,sure,0,-1,-1,0,0.0,1.641262,0.0,True,0.17456298239614432,48,49,287.5657217852754,42,43,180.07084816847353,107.49487361680187,287.5657217852754,0.8925626442422222,AUTO_CORRECT
beta,beta_D,2023-12-01,sure,0,-1,-1,0,0.0,0.0,0.0,False,,-1,-1,,-1,-1,,,,,UNCERTAIN
beta,beta_D,2023-12-02,sure,0,-1,-1,0,0.0,13.830630999999999,0.0,True,0.17456298239614432,45,56,5.276986588058803,44,44,-0.2884167747194972,5.276986588058803,5.276986588058803,0.06072630593587398,AUTO_KEEP
beta,beta_D,2023-12-03,unsure,0,-1,-1,0,0.0,0.0,0.0,False,,-1,-1,,-1,-1,,,,,UNCERTAIN
beta,beta_D,2023-12-04,unsure,1,54,56,3,0.6185934999999999,0.0,0.0,False,,-1,-1,,-1,-1,,,,,UNCERTAIN
beta,beta_D,2023-12-05,sure,0,-1,-1,0,0.0,0.0,0.0,False,,-1,-1,,-1,-1,,,,,UNCERTAIN
beta,beta_D,2023-12-06,sure,0,-1,-1,0,0.0,0.0,0.0,False,,-1,-1,,-1,-1,,,,,UNCERTAIN
beta,beta_D,2023-12-07,unsure,1,55,58,4,2.8461345,0.0,0.0,False,,-1,-1,,-1,-1,,,,,UNCERTAIN
beta,beta_D,2023-12-08,sure,0,-1,-1,0,0.0,5.878165999999999,0.0,True,0.17456298239614432,36,40,30.100683830105492,42,42,-9.348743104267369,30.100683830105492,30.100683830105492,0.329891851743132,UNCERTAIN
beta,beta_D,2023-12-09,unsure,0,-1,-1,0,0.0,0.0,0.0,True,0.17456298239614432,-1,-1,0.0,24,24,-2243.991538181073,,-2243.991538181073,3.5282334750876105e-07,AUTO_KEEP
beta,beta_D,2023-12-10,unsure,0,-1,-1,0,0.0,0.019635,0.0,True,0.17456298239614432,52,57,0.7569821989789157,58,58,-0.3323183534393553,0.7569821989789157,0.7569821989789157,0.0126931186724984,AUTO_KEEP
beta,beta_D,2023-12-11,unsure,0,-1,-1,0,0.0,0.0,0.0,False,,-1,-1,,-1,-1,,,,,UNCERTAIN
beta,beta_D,2023-12-12,unsure,0,-1,-1,0,0.0,0.0,0.0,False,,-1,-1,,-1,-1,,,,,UNCERTAIN
beta,beta_D,2023-12-13,unsure,1,53,55,3,1.021503,1.266276,1.021503,True,0.17456298239614432,50,55,24.72214560622329,45,48,2.2357052840407396,22.48644032218255,24.72214560622329,0.2789779929708764,AUTO_KEEP
beta,beta_D,2023-12-14,unsure,0,-1,-1,0,0.0,0.0,0.0,True,0.17456298239614432,-1,-1,0.0,45,45,-95.22323167917754,,-95.22323167917754,1.9177654492014234e-05,AUTO_KEEP
beta,beta_D,2023-12-15,unsure,0,-1,-1,0,0.0,0.0,0.0,False,,-1,-1,,-1,-1,,,,,UNCERTAIN
beta,beta_D,2023-12-16,unsure,0,-1,-1,0,0.0,0.001241,0.0,True,0.17456298239614432,39,40,0.00944392704846042,38,38,-0.007711652342170766,0.00944392704846042,0.00944392704846042,0.006324814343090702,AUTO_KEEP
beta,beta_D,2023-12-17,unsure,0,-1,-1,0,0.0,0.0,0.0,False,,-1,-1,,-1,-1,,,,,UNCERTAIN
beta,beta_D,2023-12-18,unsure,0,-1,-1,0,0.0,0.1302885,0.0,True,0.17456298239614432,56,56,3.0778016379216893,57,57,-6.693588244710613,3.0778016379216893,3.0778016379216893,0.03605873541589174,AUTO_KEEP
beta,beta_D,2023-12-19,sure,0,-1,-1,0,0.0,0.0,0.0,True,0.17456298239614432,-1,-1,0.0,37,37,-1101.8577678283343,,-1101.8577678283343,8.692440283056294e-07,AUTO_KEEP
beta,beta_D,2023-12-20,sure,0,-1,-1,0,0.0,0.0,0.0,True,0.17456298239614432,-1,-1,0.0,24,24,-2012.9966899512535,,-2012.9966899512535,4.049257085501255e-07,AUTO_KEEP
beta,beta_D,2023-12-21,sure,0,-1,-1,0,0.0,1.3063085,0.0,True,0.17456298239614432,56,58,67.8947374473196,37,37,-23.540796485284968,67.8947374473196,67.8947374473196,0.5745010608689863,UNCERTAIN
beta,beta_D,2023-12-22,sure,1,48,59,12,7.1071535,0.0,0.0,False,,-1,-1,,-1,-1,,,,,UNCERTAIN
beta,beta_D,2023-12-23,unsure,0,-1,-1,0,0.0,0.0,0.0,False,,-1,-1,,-1,-1,,,,,UNCERTAIN
beta,beta_D,2023-12-24,unsure,0,-1,-1,0,0.0,0.90108,0.0,True,0.17456298239614432,44,44,33.91105753237243,58,58,17.96437265228335,15.946684880089084,33.91105753237243,0.36306931235214784,UNCERTAIN
beta,beta_D,2023-12-25,unsure,0,-1,-1,0,0.0,0.0,0.0,False,,-1,-1,,-1,-1,,,,,UNCERTAIN
beta,beta_D,2023-12-26,unsure,0,-1,-1,0,0.0,3.6121565,0.0,True,0.17456298239614432,45,48,109.73001928495817,50,51,90.09391916067885,19.636100124279324,109.73001928495817,0.7113950939866496,AUTO_CORRECT
beta,beta_D,2023-12-27,unsure,0,-1,-1,0,0.0,0.0,0.0,False,,-1,-1,,-1,-1,,,,,UNCERTAIN
beta,beta_D,2023-12-28,unsure,0,-1,-1,0,0.0,0.0,0.0,False,,-1,-1,,-1,-1,,,,,UNCERTAIN
beta,beta_D,2023-12-29,unsure,0,-1,-1,0,0.0,2.1766405,0.0,True,0.17456298239614432,49,50,18.11747353785712,43,43,-36.677224266871455,18.11747353785712,18.11747353785712,0.2098270630519327,AUTO_KEEP
beta,beta_D,2023-12-30,unsure,0,-1,-1,0,0.0,0.0,0.0,False,,-1,-1,,-1,-1,,,,,UNCERTAIN
beta,beta_D,2023-12-31,sure,0,-1,-1,0,0.0,0.0,0.0,True,0.17456298239614432,-1,-1,0.0,60,60,-1339.930907369496,,-1339.930907369496,6.783619249430669e-07,AUTO_KEEP
beta,beta_D,2024-01-01,unsure,0,-1,-1,0,0.0,0.346036,0.0,True,0.17456298239614432,55,55,60.24193420103067,58,62,10.520056293967068,49.72187790706361,60.24193420103067,0.5376473102361715,UNCERTAIN
beta,beta_D,2024-01-02,unsure,0,-1,-1,0,0.0,0.0,0.0,False,,-1,-1,,-1,-1,,,,,UNCERTAIN
beta,beta_D,2024-01-03,unsure,0,-1,-1,0,0.0,0.0,0.0,False,,-1,-1,,-1,-1,,,,,UNCERTAIN
beta,beta_D,2024-01-04,unsure,0,-1,-1,0,0.0,0.0,0.0,False,,-1,-1,,-1,-1,,,,,UNCERTAIN
beta,beta_D,2024-01-05,unsure,0,-1,-1,0,0.0,0.0,0.0,False,,-1,-1,,-1,-1,,,,,UNCERTAIN
beta,beta_D,2024-01-06,unsure,0,-1,-1,0,0.0,0.0,0.0,False,,-1,-1,,-1,-1,,,,,UNCERTAIN
beta,beta_D,2024-01-07,unsure,0,-1,-1,0,0.0,0.0,0.0,False,,-1,-1,,-1,-1,,,,,UNCERTAIN
beta,beta_D,2024-01-08,sure,0,-1,-1,0,0.0,0.0762225,0.0,True,0.17456298239614432,35,35,7.077874015938988,34,34,-23.877754778912568,7.077874015938988,7.077874015938988,0.08175319964803558,AUTO_KEEP
beta,beta_D,2024-01-09,sure,0,-1,-1,0,0.0,8.5723815,0.0,True,0.17456298239614432,39,46,40.96622061531065,60,62,37.79110342212729,3.175117193183354,40.96622061531065,0.41858560082506585,UNCERTAIN
beta,beta_D,2024-01-10,sure,0,-1,-1,0,0.0,1.7360075,0.0,True,0.17456298239614432,51,51,149.4905377647416,54,61,28.125374951627578,121.36516281311401,149.4905377647416,0.7843766995716646,AUTO_CORRECT
beta,beta_D,2024-01-11,sure,0,-1,-1,0,0.0,0.07733,0.0,True,0.17456298239614432,50,53,0.9046600936201298,48,48,-0.13435391002857208,0.9046600936201298,0.9046600936201298,0.014042230872509817,AUTO_KEEP
beta,beta_D,2024-01-12,unsure,0,-1,-1,0,0.0,0.0,0.0,False,,-1,-1,,-1,-1,,,,,UNCERTAIN
beta,beta_D,2024-01-13,unsure,0,-1,-1,0,0.0,0.0016,0.0,True,0.17456298239614432,40,44,0.012877998348888649,46,46,0.005440084704767391,0.007437913644121258,0.012877998348888649,0.006351947565570808,AUTO_KEEP
beta,beta_D,2024-01-14,sure,0,-1,-1,0,0.0,0.0,0.0,True,0.17456298239614432,-1,-1,0.0,67,67,-140.852362489274,,-140.852362489274,1.1721468862430036e-05,AUTO_KEEP
beta,beta_D,2024-01-15,sure,0,-1,-1,0,0.0,5.131521,0.0,True,0.17456298239614432,55,63,30.85486868801095,65,67,4.393465590246913,26.461403097764038,30.85486868801095,0.3366452821686742,UNCERTAIN
beta,beta_D,2024-01-16,sure,0,-1,-1,0,0.0,1.1602045,0.0,True,0.17456298239614432,52,52,52.323109261312,43,49,19.74629336821975,32.576815893092245,52.323109261312,0.49380860837395946,UNCERTAIN
beta,beta_D,2024-01-17,sure,0,-1,-1,0,0.0,5.899824999999999,0.0,True,0.17456298239614432,37,49,38.862404817066796,36,36,-1.8048871210375093,38.862404817066796,38.862404817066796,0.4027971288179888,UNCERTAIN
beta,beta_D,2024-01-18,sure,0,-1,-1,0,0.0,0.0,0.0,True,0.17456298239614432,-1,-1,0.0,40,40,-273.5077963628536,,-273.5077963628536,5.073160254671889e-06,AUTO_KEEP
beta,beta_D,2024-01-19,sure,0,-1,-1,0,0.0,0.0,0.0,False,,-1,-1,,-1,-1,,,,,UNCERTAIN
beta,beta_D,2024-01-20,unsure,0,-1,-1,0,0.0,0.0,0.0,False,,-1,-1,,-1,-1,,,,,UNCERTAIN
beta,beta_D,2024-01-21,unsure,0,-1,-1,0,0.0,0.0,0.0,True,0.17456298239614432,-1,-1,0.0,40,40,-0.15023981941526726,,-0.15023981941526726,0.005238812029124271,AUTO_KEEP
beta,beta_D,2024-01-22,sure,0,-1,-1,0,0.0,0.0,0.0,False,,-1,-1,,-1,-1,,,,,UNCERTAIN
beta,beta_D,2024-01-23,unsure,0,-1,-1,0,0.0,0.0,0.0,False,,-1,-1,,-1,-1,,,,,UNCERTAIN
beta,beta_D,2024-01-24,unsure,0,-1,-1,0,0.0,0.0,0.0,False,,-1,-1,,-1,-1,,,,,UNCERTAIN
beta,beta_D,2024-01-25,sure,0,-1,-1,0,0.0,0.0,0.0,True,0.17456298239614432,-1,-1,0.0,34,34,-2102.3172456793377,,-2102.3172456793377,3.832382780742363e-07,AUTO_KEEP
beta,beta_D,2024-01-26,sure,0,-1,-1,0,0.0,0.0,0.0,True,0.17456298239614432,-1,-1,0.0,24,24,-2947.486882812877,,-2947.486882812877,2.4968060486254203e-07,AUTO_KEEP
beta,beta_D,2024-01-27,sure,0,-1,-1,0,0.0,0.0,0.0,True,0.17456298239614432,-1,-1,0.0,47,47,-830.5061983242688,,-830.5061983242688,1.2437413208525482e-06,AUTO_KEEP
beta,beta_D,2024-01-28,unsure,0,-1,-1,0,0.0,0.466431,0.0,True,0.17456298239614432,41,42,16.74086300168727,43,43,-38.2485929863786,16.74086300168727,16.74086300168727,0.1945413676263374,AUTO_KEEP
beta,beta_D,2024-01-29,unsure,0,-1,-1,0,0.0,0.0,0.0,True,0.17456298239614432,-1,-1,0.0,38,38,-2.43799422492864,,-2.43799422492864,0.001311425854868293,AUTO_KEEP
beta,beta_D,2024-01-30,unsure,0,-1,-1,0,0.0,0.0,0.0,True,0.17456298239614432,-1,-1,0.0,44,44,-168.86831786099813,,-168.86831786099813,9.32586238942469e-06,AUTO_KEEP
beta,beta_D,2024-01-31,sure,0,-1,-1,0,0.0,1.1610485000000001,0.0,True,0.17456298239614432,49,51,44.32565890366981,52,52,-0.11052921272394448,44.32565890366981,44.32565890366981,0.4425310525482491,UNCERTAIN
beta,beta_D,2024-02-01,sure,0,-1,-1,0,0.0,11.1518985,0.0,True,0.17456298239614432,47,54,60.41579001729438,56,57,25.59328397875862,34.82250603853576,60.41579001729438,0.5385410929820852,UNCERTAIN
beta,beta_D,2024-02-02,unsure,0,-1,-1,0,0.0,0.1537905,0.0,True,0.17456298239614432,40,41,1.7742366260020441,43,50,0.04935797273307957,1.7248786532689646,1.7742366260020441,0.022433936444580502,AUTO_KEEP
beta,beta_D,2024-02-03,sure,0,-1,-1,0,0.0,0.0,0.0,False,,-1,-1,,-1,-1,,,,,UNCERTAIN
beta,beta_D,2024-02-04,sure,0,-1,-1,0,0.0,0.282817,0.0,True,0.17456298239614432,42,43,8.921719585237668,44,44,-13.490256803124113,8.921719585237668,8.921719585237668,0.10358995204768029,AUTO_KEEP
beta,beta_D,2024-02-05,sure,0,-1,-1,0,0.0,0.0,0.0,True,0.17456298239614432,-1,-1,0.0,24,24,-2999.1483554803094,,-2999.1483554803094,2.442394003162417e-07,AUTO_KEEP
beta,beta_D,2024-02-06,sure,0,-1,-1,0,0.0,0.0,0.0,True,0.17456298239614432,-1,-1,0.0,52,53,-343.0426252117769,,-343.0426252117769,3.8097071339377884e-06,AUTO_KEEP
beta,beta_D,2024-02-07,sure,0,-1,-1,0,0.0,0.0,0.0,True,0.17456298239614432,-1,-1,0.0,57,57,-805.4838928040243,,-805.4838928040243,1.2928941748408396e-06,AUTO_KEEP
beta,beta_D,2024-02-08,unsure,0,-1,-1,0,0.0,0.0,0.0,False,,-1,-1,,-1,-1,,,,,UNCERTAIN
beta,beta_D,2024-02-09,unsure,0,-1,-1,0,0.0,0.0,0.0,False,,-1,-1,,-1,-1,,,,,UNCERTAIN
beta,beta_D,2024-02-10,unsure,0,-1,-1,0,0.0,0.0,0.0,False,,-1,-1,,-1,-1,,,,,UNCERTAIN
beta,beta_D,2024-02-11,sure,0,-1,-1,0,0.0,0.0,0.0,True,0.17456298239614432,-1,-1,0.0,25,69,-1240.9716850119603,,-1240.9716850119603,7.476464614099125e-07,AUTO_KEEP
beta,beta_D,2024-02-12,unsure,0,-1,-1,0,0.0,0.0,0.0,False,,-1,-1,,-1,-1,,,,,UNCERTAIN
beta,beta_D,2024-02-13,unsure,0,-1,-1,0,0.0,0.0,0.0,False,,-1,-1,,-1,-1,,,,,UNCERTAIN
beta,beta_D,2024-02-14,sure,0,-1,-1,0,0.0,1.613089,0.0,True,0.17456298239614432,39,45,7.247334158178384,46,46,-8.179139282877665,7.247334158178384,7.247334158178384,0.08375213736906094,AUTO_KEEP
beta,beta_D,2024-02-15,sure,0,-1,-1,0,0.0,0.0,0.0,True,0.17456298239614432,-1,-1,0.0,44,44,-157.77386175471906,,-157.77386175471906,1.016011171054537e-05,AUTO_KEEP
beta,beta_D,2024-02-16,unsure,0,-1,-1,0,0.0,2.596079,0.0,True,0.17456298239614432,50,57,95.0164731005465,59,60,4.610681258299952,90.40579184224656,95.0164731005465,0.6728955256074395,UNCERTAIN
beta,beta_D,2024-02-17,unsure,0,-1,-1,0,0.0,0.22433599999999998,0.0,True,0.17456298239614432,40,46,1.4515550103738628,47,47,-1.1116743628639802,1.4515550103738628,1.4515550103738628,0.019239800595300924,AUTO_KEEP
beta,beta_D,2024-02-18,sure,0,-1,-1,0,0.0,0.1361705,0.0,True,0.17456298239614432,48,48,0.010811029815752106,50,50,-8.84953612225764,0.010811029815752106,0.010811029815752106,0.006335613283724542,AUTO_KEEP
beta,beta_D,2024-02-19,sure,0,-1,-1,0,0.0,0.0,0.0,True,0.17456298239614432,-1,-1,0.0,63,63,-43.97814814936289,,-43.97814814936289,5.032052544504942e-05,AUTO_KEEP
beta,beta_D,2024-02-20,sure,0,-1,-1,0,0.0,3.1651245,0.0,True,0.17456298239614432,49,51,159.4096645373979,55,59,2.867371163328299,156.5422933740696,159.4096645373979,0.7977558159825756,AUTO_CORRECT
beta,beta_D,2024-02-21,unsure,1,51,55,5,4.630256,0.0,0.0,False,,-1,-1,,-1,-1,,,,,UNCERTAIN
beta,beta_D,2024-02-22,unsure,1,42,44,3,1.1764020000000002,0.0,0.0,False,,-1,-1,,-1,-1,,,,,UNCERTAIN
beta,beta_D,2024-02-23,unsure,0,-1,-1,0,0.0,0.0,0.0,True,0.17456298239614432,-1,-1,0.0,41,41,-1038.2933915936305,,-1038.2933915936305,9.372289917679538e-07,AUTO_KEEP
beta,beta_D,2024-02-24,sure,0,-1,-1,0,0.0,0.0,0.0,True,0.17456298239614432,-1,-1,0.0,24,24,-1974.5373539430668,,-1974.5373539430668,4.149514329757881e-07,AUTO_KEEP
beta,beta_D,2024-02-25,unsure,1,43,62,20,14.037317999999999,14.253106,14.037317999999999,True,0.17456298239614432,38,65,164.5296465297449,66,66,-2.83796832558384,164.5296465297449,164.5296465297449,0.8041099854509542,AUTO_CORRECT
beta,beta_D,2024-02-26,unsure,0,-1,-1,0,0.0,0.0,0.0,False,,-1,-1,,-1,-1,,,,,UNCERTAIN
beta,beta_D,2024-02-27,sure,0,-1,-1,0,0.0,0.0,0.0,True,0.17456298239614432,-1,-1,0.0,54,54,-624.470671299004,,-624.470671299004,1.7848124799004067e-06,AUTO_KEEP
beta,beta_D,2024-02-28,unsure,0,-1,-1,0,0.0,2.8754215,0.0,True,0.17456298239614432,46,58,54.88576713474005,41,42,4.79042841965308,50.09533871508697,54.88576713474005,0.508693421326115,UNCERTAIN
beta,beta_D,2024-02-29,sure,0,-1,-1,0,0.0,0.0,0.0,True,0.17456298239614432,-1,-1,0.0,41,42,-1126.3281072149127,,-1126.3281072149127,8.453795206798355e-07,AUTO_KEEP
beta,beta_D,2024-03-01,unsure,0,-1,-1,0,0.0,1.27477,0.0,True,0.17456298239614432,46,46,20.743228594146867,48,49,9.091040765597839,11.652187828549028,20.743228594146867,0.23817508645721291,AUTO_KEEP
beta,beta_D,2024-03-02,sure,0,-1,-1,0,0.0,0.0,0.0,True,0.17456298239614432,-1,-1,0.0,24,24,-2182.4896106365923,,-2182.4896106365923,3.6547707971194396e-07,AUTO_KEEP
beta,beta_D,2024-03-03,sure,0,-1,-1,0,0.0,0.108583,0.0,True,0.17456298239614432,46,47,5.194695083181654,54,54,2.4276154838389554,2.7670795993426984,5.194695083181654,0.05977845712719825,AUTO_KEEP
beta,beta_D,2024-03-04,sure,0,-1,-1,0,0.0,2.074324,0.0,True,0.17456298239614432,43,49,74.30932211767107,60,60,7.916343991698975,66.39297812597209,74.30932211767107,0.601847255396808,UNCERTAIN
beta,beta_D,2024-03-05,unsure,0,-1,-1,0,0.0,0.0,0.0,False,,-1,-1,,-1,-1,,,,,UNCERTAIN
beta,beta_D,2024-03-06,unsure,0,-1,-1,0,0.0,0.0,0.0,False,,-1,-1,,-1,-1,,,,,UNCERTAIN
beta,beta_D,2024-03-07,unsure,0,-1,-1,0,0.0,0.0,0.0,False,,-1,-1,,-1,-1,,,,,UNCERTAIN
beta,beta_D,2024-03-08,unsure,0,-1,-1,0,0.0,0.0,0.0,False,,-1,-1,,-1,-1,,,,,UNCERTAIN
beta,beta_D,2024-03-09,unsure,0,-1,-1,0,0.0,0.0,0.0,False,,-1,-1,,-1,-1,,,,,UNCERTAIN
beta,beta_D,2024-03-10,unsure,0,-1,-1,0,0.0,0.0,0.0,False,,-1,-1,,-1,-1,,,,,UNCERTAIN
beta,beta_D,2024-03-11,unsure,0,-1,-1,0,0.0,0.0,0.0,False,,-1,-1,,-1,-1,,,,,UNCERTAIN
beta,beta_D,2024-03-12,unsure,0,-1,-1,0,0.0,0.0,0.0,False,,-1,-1,,-1,-1,,,,,UNCERTAIN
beta,beta_D,2024-03-13,unsure,0,-1,-1,0,0.0,4.358292500000001,0.0,True,0.17456298239614432,40,58,28.047914474987724,59,59,-26.213138207238806,28.047914474987724,28.047914474987724,0.3110334147504955,UNCERTAIN
beta,beta_D,2024-03-14,sure,0,-1,-1,0,0.0,0.0,0.0,False,,-1,-1,,-1,-1,,,,,UNCERTAIN
beta,beta_D,2024-03-15,unsure,0,-1,-1,0,0.0,1.8718085,0.0,True,0.17456298239614432,52,57,113.10598651210027,42,46,11.056767465462643,102.04921904663763,113.10598651210027,0.7191534486860479,AUTO_CORRECT
beta,beta_D,2024-03-16,sure,0,-1,-1,0,0.0,0.0,0.0,False,,-1,-1,,-1,-1,,,,,UNCERTAIN
beta,beta_D,2024-03-17,sure,0,-1,-1,0,0.0,0.5152865,0.0,True,0.17456298239614432,64,64,71.12697532952585,47,48,13.856689477406947,57.2702858521189,71.12697532952585,0.588652770015827,UNCERTAIN
beta,beta_D,2024-03-18,sure,0,-1,-1,0,0.0,0.162414,0.0,True,0.17456298239614432,58,60,16.915696874550477,62,62,5.485248410092807,11.430448464457669,16.915696874550477,0.19649804106720445,AUTO_KEEP
beta,beta_D,2024-03-19,sure,0,-1,-1,0,0.0,0.0,0.0,False,,-1,-1,,-1,-1,,,,,UNCERTAIN
beta,beta_D,2024-03-20,sure,0,-1,-1,0,0.0,0.0,0.0,True,0.17456298239614432,-1,-1,0.0,60,60,-1277.8077662963601,,-1277.8077662963601,7.204341718043111e-07,AUTO_KEEP
beta,beta_D,2024-03-21,sure,0,-1,-1,0,0.0,0.0,0.0,False,,-1,-1,,-1,-1,,,,,UNCERTAIN
beta,beta_D,2024-03-22,unsure,0,-1,-1,0,0.0,0.0,0.0,False,,-1,-1,,-1,-1,,,,,UNCERTAIN
beta,beta_D,2024-03-23,unsure,0,-1,-1,0,0.0,0.994862,0.0,True,0.17456298239614432,51,51,105.82182688231694,53,53,7.039541471905434,98.7822854104115,105.82182688231694,0.7019473244268767,AUTO_CORRECT
beta,beta_D,2024-03-24,unsure,0,-1,-1,0,0.0,0.0,0.0,False,,-1,-1,,-1,-1,,,,,UNCERTAIN
beta,beta_D,2024-03-25,unsure,0,-1,-1,0,0.0,0.0,0.0,False,,-1,-1,,-1,-1,,,,,UNCERTAIN
beta,beta_D,2024-03-26,unsure,0,-1,-1,0,0.0,0.0,0.0,False,,-1,-1,,-1,-1,,,,,UNCERTAIN
beta,beta_D,2024-03-27,unsure,0,-1,-1,0,0.0,0.0,0.0,False,,-1,-1,,-1,-1,,,,,UNCERTAIN
beta,beta_D,2024-03-28,sure,1,47,61,15,1.3593680000000001,0.0,0.0,False,,-1,-1,,-1,-1,,,,,UNCERTAIN
beta,beta_D,2024-03-29,sure,0,-1,-1,0,0.0,0.0,0.0,False,,-1,-1,,-1,-1,,,,,UNCERTAIN
beta,beta_D,2024-03-30,sure,0,-1,-1,0,0.0,0.0,0.0,False,,-1,-1,,-1,-1,,,,,UNCERTAIN
beta,beta_D,2024-03-31,unsure,0,-1,-1,0,0.0,1.770742,0.0,True,0.17456298239614432,65,65,311.6546077016286,41,61,97.81746555968334,213.83714214194526,311.6546077016286,0.9019333732845827,AUTO_CORRECT
beta,beta_D,2024-04-01,sure,0,-1,-1,0,0.0,0.0,0.0,False,,-1,-1,,-1,-1,,,,,UNCERTAIN
beta,beta_D,2024-04-02,sure,0,-1,-1,0,0.0,1.4671805,0.0,True,0.17456298239614432,44,45,288.5298805160286,38,39,35.84438068734972,252.68549982867887,288.5298805160286,0.8929677305875691,AUTO_CORRECT
beta,beta_D,2024-04-03,unsure,0,-1,-1,0,0.0,0.0,0.0,False,,-1,-1,,-1,-1,,,,,UNCERTAIN
beta,beta_D,2024-04-04,sure,0,-1,-1,0,0.0,0.0,0.0,True,0.17456298239614432,-1,-1,0.0,58,58,-1495.7426736609766,,-1495.7426736609766,5.900674216527216e-07,AUTO_KEEP
beta,beta_D,2024-04-05,sure,0,-1,-1,0,0.0,0.0,0.0,True,0.17456298239614432,-1,-1,0.0,24,24,-1603.36433394594,,-1603.36433394594,5.403168213800941e-07,AUTO_KEEP
beta,beta_D,2024-04-06,unsure,0,-1,-1,0,0.0,0.0,0.0,False,,-1,-1,,-1,-1,,,,,UNCERTAIN
beta,beta_D,2024-04-07,sure,0,-1,-1,0,0.0,0.0,0.0,False,,-1,-1,,-1,-1,,,,,UNCERTAIN
beta,beta_D,2024-04-08,unsure,0,-1,-1,0,0.0,0.5177905,0.0,True,0.17456298239614432,45,46,109.68941073558398,41,43,44.79980592033553,64.88960481524845,109.68941073558398,0.7112995540858591,AUTO_CORRECT
beta,beta_D,2024-04-09,unsure,1,46,50,5,1.5937845000000002,0.0,0.0,False,,-1,-1,,-1,-1,,,,,UNCERTAIN
beta,beta_D,2024-04-10,unsure,0,-1,-1,0,0.0,0.8053165,0.0,True,0.17456298239614432,54,54,182.98096675876485,50,51,36.25141916860334,146.7295475901615,182.98096675876485,0.8243702899382955,AUTO_CORRECT
beta,beta_D,2024-04-11,sure,1,45,52,8,5.6107145,0.0,0.0,False,,-1,-1,,-1,-1,,,,,UNCERTAIN
beta,beta_D,2024-04-12,unsure,0,-1,-1,0,0.0,0.0,0.0,False,,-1,-1,,-1,-1,,,,,UNCERTAIN
beta,beta_D,2024-04-13,unsure,0,-1,-1,0,0.0,0.0,0.0,False,,-1,-1,,-1,-1,,,,,UNCERTAIN
beta,beta_D,2024-04-14,sure,0,-1,-1,0,0.0,0.0,0.0,False,,-1,-1,,-1,-1,,,,,UNCERTAIN
beta,beta_D,2024-04-15,sure,0,-1,-1,0,0.0,0.0,0.0,False,,-1,-1,,-1,-1,,,,,UNCERTAIN
beta,beta_D,2024-04-16,unsure,1,49,52,4,1.1261989999999997,0.0,0.0,False,,-1,-1,,-1,-1,,,,,UNCERTAIN
beta,beta_D,2024-04-17,unsure,0,-1,-1,0,0.0,0.87157,0.0,True,0.17456298239614432,51,51,65.42649802539589,37,48,50.73352928239104,14.692968743004847,65.42649802539589,0.5631507752674978,UNCERTAIN
beta,beta_D,2024-04-18,unsure,0,-1,-1,0,0.0,0.0,0.0,False,,-1,-1,,-1,-1,,,,,UNCERTAIN
beta,beta_D,2024-04-19,unsure,0,-1,-1,0,0.0,0.0,0.0,False,,-1,-1,,-1,-1,,,,,UNCERTAIN
beta,beta_D,2024-04-20,sure,0,-1,-1,0,0.0,0.0,0.0,True,0.17456298239614432,-1,-1,0.0,24,24,-1504.9591296070446,,-1504.9591296070446,5.854903218914877e-07,AUTO_KEEP
beta,beta_D,2024-04-21,unsure,0,-1,-1,0,0.0,0.1444305,0.0,True,0.17456298239614432,56,58,7.7181452473361505,60,60,0.1693959159486032,7.548749331387548,7.7181452473361505,0.08931710845265331,AUTO_KEEP
beta,beta_D,2024-04-22,unsure,0,-1,-1,0,0.0,0.0,0.0,False,,-1,-1,,-1,-1,,,,,UNCERTAIN
beta,beta_D,2024-04-23,sure,0,-1,-1,0,0.0,0.0,0.0,False,,-1,-1,,-1,-1,,,,,UNCERTAIN
beta,beta_D,2024-04-24,sure,0,-1,-1,0,0.0,0.0,0.0,False,,-1,-1,,-1,-1,,,,,UNCERTAIN
beta,beta_D,2024-04-25,unsure,0,-1,-1,0,0.0,0.0,0.0,False,,-1,-1,,-1,-1,,,,,UNCERTAIN
beta,beta_D,2024-04-26,sure,0,-1,-1,0,0.0,0.0,0.0,False,,-1,-1,,-1,-1,,,,,UNCERTAIN
beta,beta_D,2024-04-27,sure,0,-1,-1,0,0.0,0.0,0.0,False,,-1,-1,,-1,-1,,,,,UNCERTAIN
beta,beta_D,2024-04-28,unsure,0,-1,-1,0,0.0,0.0,0.0,False,,-1,-1,,-1,-1,,,,,UNCERTAIN
beta,beta_D,2024-04-29,unsure,0,-1,-1,0,0.0,0.0,0.0,False,,-1,-1,,-1,-1,,,,,UNCERTAIN
beta,beta_D,2024-04-30,sure,0,-1,-1,0,0.0,0.0,0.0,True,0.17456298239614432,-1,-1,0.0,55,55,-76.56543311303082,,-76.56543311303082,2.5208138557948982e-05,AUTO_KEEP
beta,beta_D,2024-05-01,sure,0,-1,-1,0,0.0,0.0,0.0,True,0.17456298239614432,-1,-1,0.0,54,54,-982.9276977769917,,-982.9276977769917,1.0046264619499191e-06,AUTO_KEEP
beta,beta_D,2024-05-02,sure,0,-1,-1,0,0.0,1.11457,0.0,True,0.17456298239614432,47,47,76.1240020748129,56,58,22.372731895647977,53.75127017916493,76.1240020748129,0.6090622422004349,UNCERTAIN
beta,beta_D,2024-05-03,sure,0,-1,-1,0,0.0,3.3747999999999996,0.0,True,0.17456298239614432,49,56,32.61609427715664,42,47,3.112256680769042,29.503837596387598,32.61609427715664,0.35205571475022235,UNCERTAIN
beta,beta_D,2024-05-04,sure,0,-1,-1,0,0.0,1.3798125,0.0,True,0.17456298239614432,43,43,214.76248790533018,40,40,7.137619250590608,207.62486865473957,214.76248790533018,0.8517476844963784,AUTO_CORRECT
beta,beta_D,2024-05-05,sure,0,-1,-1,0,0.0,0.0,0.0,True,0.17456298239614432,-1,-1,0.0,24,24,-1521.105686770204,,-1521.105686770204,5.776229483799087e-07,AUTO_KEEP
beta,beta_D,2024-05-06,sure,0,-1,-1,0,0.0,0.0,0.0,True,0.17456298239614432,-1,-1,0.0,42,42,-317.4576481455212,,-317.4576481455212,4.202072300779553e-06,AUTO_KEEP
beta,beta_D,2024-05-07,sure,1,47,49,3,2.4630235,2.4335199999999997,2.4114164999999996,True,0.17456298239614432,48,50,208.03039403683252,45,46,9.756178810299579,198.27421522653293,208.03039403683252,0.8465980717735764,AUTO_CORRECT
beta,beta_D,2024-05-08,sure,0,-1,-1,0,0.0,6.3311445,0.0,True,0.17456298239614432,44,58,43.48398004291202,43,43,-24.093118768948745,43.48398004291202,43.48398004291202,0.4366735445269561,UNCERTAIN
beta,beta_D,2024-05-09,unsure,0,-1,-1,0,0.0,1.4809275000000002,0.0,True,0.17456298239614432,38,55,15.521152086901814,56,56,-4.491057916822113,15.521152086901814,15.521152086901814,0.18077253496024748,AUTO_KEEP
beta,beta_D,2024-05-10,sure,0,-1,-1,0,0.0,0.53148,0.0,True,0.17456298239614432,54,57,37.59990413076786,58,58,-18.388362101721555,37.59990413076786,37.59990413076786,0.3930166095551301,UNCERTAIN
beta,beta_D,2024-05-11,sure,0,-1,-1,0,0.0,0.0,0.0,True,0.17456298239614432,-1,-1,0.0,24,24,-1704.893791580139,,-1704.893791580139,4.998547821447498e-07,AUTO_KEEP
beta,beta_D,2024-05-12,sure,0,-1,-1,0,0.0,0.0,0.0,True,0.17456298239614432,-1,-1,0.0,50,53,-26.45870290875279,,-26.45870290875279,9.41014566696797e-05,AUTO_KEEP
beta,beta_D,2024-05-13,sure,0,-1,-1,0,0.0,0.0,0.0,True,0.17456298239614432,-1,-1,0.0,42,42,-47.43395768747458,,-47.43395768747458,4.5810644398631566e-05,AUTO_KEEP
beta,beta_D,2024-05-14,unsure,0,-1,-1,0,0.0,0.0,0.0,False,,-1,-1,,-1,-1,,,,,UNCERTAIN
beta,beta_D,2024-05-15,unsure,0,-1,-1,0,0.0,0.0,0.0,False,,-1,-1,,-1,-1,,,,,UNCERTAIN
beta,beta_D,2024-05-16,unsure,1,44,48,5,3.2838510000000003,0.0,0.0,False,,-1,-1,,-1,-1,,,,,UNCERTAIN
beta,beta_D,2024-05-17,sure,0,-1,-1,0,0.0,0.0,0.0,False,,-1,-1,,-1,-1,,,,,UNCERTAIN
beta,beta_D,2024-05-18,sure,0,-1,-1,0,0.0,0.0,0.0,True,0.17456298239614432,-1,-1,0.0,42,42,-0.9670129426527044,,-0.9670129426527044,0.0026593135989846244,AUTO_KEEP
beta,beta_D,2024-05-19,unsure,0,-1,-1,0,0.0,0.0,0.0,False,,-1,-1,,-1,-1,,,,,UNCERTAIN
beta,beta_D,2024-05-20,sure,0,-1,-1,0,0.0,0.0,0.0,True,0.17456298239614432,-1,-1,0.0,46,47,-4.327202519111876,,-4.327202519111876,0.0007528742863006437,AUTO_KEEP
beta,beta_D,2024-05-21,sure,0,-1,-1,0,0.0,0.0,0.0,True,0.17456298239614432,-1,-1,0.0,47,47,-51.21299300510771,,-51.21299300510771,4.164647880941604e-05,AUTO_KEEP
beta,beta_D,2024-05-22,sure,0,-1,-1,0,0.0,0.0,0.0,False,,-1,-1,,-1,-1,,,,,UNCERTAIN
beta,beta_D,2024-05-23,unsure,0,-1,-1,0,0.0,0.0,0.0,False,,-1,-1,,-1,-1,,,,,UNCERTAIN
beta,beta_D,2024-05-24,unsure,0,-1,-1,0,0.0,0.0,0.0,False,,-1,-1,,-1,-1,,,,,UNCERTAIN
beta,beta_D,2024-05-25,sure,0,-1,-1,0,0.0,0.0,0.0,True,0.17456298239614432,-1,-1,0.0,52,52,-405.1545428541164,,-405.1545428541164,3.0864447223238156e-06,AUTO_KEEP
beta,beta_D,2024-05-26,unsure,0,-1,-1,0,0.0,0.0,0.0,False,,-1,-1,,-1,-1,,,,,UNCERTAIN
beta,beta_D,2024-05-27,unsure,0,-1,-1,0,0.0,0.0,0.0,False,,-1,-1,,-1,-1,,,,,UNCERTAIN
beta,beta_D,2024-05-28,unsure,0,-1,-1,0,0.0,0.0,0.0,False,,-1,-1,,-1,-1,,,,,UNCERTAIN
beta,beta_D,2024-05-29,unsure,0,-1,-1,0,0.0,0.0,0.0,False,,-1,-1,,-1,-1,,,,,UNCERTAIN
beta,beta_D,2024-05-30,unsure,0,-1,-1,0,0.0,0.0,0.0,False,,-1,-1,,-1,-1,,,,,UNCERTAIN
beta,beta_D,2024-05-31,sure,0,-1,-1,0,0.0,0.0,0.0,True,0.17456298239614432,-1,-1,0.0,24,24,-2051.408192327623,,-2051.408192327623,3.953367633642089e-07,AUTO_KEEP
beta,beta_D,2024-06-01,sure,0,-1,-1,0,0.0,0.0,0.0,True,0.17456298239614432,-1,-1,0.0,24,24,-1790.2216364091412,,-1790.2216364091412,4.698451135113346e-07,AUTO_KEEP
beta,beta_D,2024-06-02,sure,0,-1,-1,0,0.0,0.0,0.0,True,0.17456298239614432,-1,-1,0.0,24,24,-2105.9211263578445,,-2105.9211263578445,3.8240692251934253e-07,AUTO_KEEP
beta,beta_D,2024-06-03,unsure,0,-1,-1,0,0.0,0.5614055,0.0,True,0.17456298239614432,43,45,13.926422038664757,46,46,-7.400947368794135,13.926422038664757,13.926422038664757,0.16248037924540532,AUTO_KEEP
beta,beta_D,2024-06-04,unsure,0,-1,-1,0,0.0,2.583042,0.0,True,0.17456298239614432,53,54,109.05057714701465,42,42,-0.7804852370504374,109.05057714701465,109.05057714701465,0.7097894529820927,AUTO_CORRECT
beta,beta_D,2024-06-05,sure,0,-1,-1,0,0.0,1.8782465,0.0,True,0.17456298239614432,48,50,63.35139770366919,46,46,0.06352650559699771,63.287871198072196,63.35139770366919,0.5532225879090686,UNCERTAIN
beta,beta_D,2024-06-06,sure,0,-1,-1,0,0.0,0.0,0.0,False,,-1,-1,,-1,-1,,,,,UNCERTAIN
beta,beta_D,2024-06-07,unsure,0,-1,-1,0,0.0,0.0,0.0,True,0.17456298239614432,-1,-1,0.0,57,58,-930.6785232586356,,-930.6785232586356,1.0766256468508468e-06,AUTO_KEEP
beta,beta_D,2024-06-08,sure,0,-1,-1,0,0.0,0.0014105,0.0,True,0.17456298239614432,58,58,0.1265425229203959,57,57,-0.00440071598996177,0.1265425229203959,0.1265425229203959,0.007262763982150624,AUTO_KEEP
beta,beta_D,2024-06-09,sure,0,-1,-1,0,0.0,1.271476,0.0,True,0.17456298239614432,49,50,164.45547835043814,55,55,0.18207088924553905,164.2734074611926,164.45547835043814,0.8040204205750097,AUTO_CORRECT
beta,beta_D,2024-06-10,sure,0,-1,-1,0,0.0,1.21614,0.0,True,0.17456298239614432,52,55,13.704483695253698,56,56,-1.6279798179907423,13.704483695253698,13.704483695253698,0.15991100364337768,AUTO_KEEP
beta,beta_D,2024-06-11,sure,0,-1,-1,0,0.0,0.830362,0.0,True,0.17456298239614432,48,48,59.120957840558624,50,50,-1.3490881364073215,59.120957840558624,59.120957840558624,0.5318171173059143,UNCERTAIN
beta,beta_D,2024-06-12,unsure,0,-1,-1,0,0.0,0.0340825,0.0,True,0.17456298239614432,41,45,0.8922582957016251,49,56,0.5036700578075066,0.38858823789411845,0.8922582957016251,0.013927962183660669,AUTO_KEEP
beta,beta_D,2024-06-13,unsure,1,43,50,8,1.9892789999999998,0.9596965,0.9596965,True,0.17456298239614432,45,47,24.14100046030006,43,43,-0.01459586734427206,24.14100046030006,24.14100046030006,0.2731844984906109,AUTO_KEEP
beta,beta_D,2024-06-14,sure,0,-1,-1,0,0.0,0.0,0.0,True,0.17456298239614432,-1,-1,0.0,48,48,-1566.4804909173242,,-1566.4804909173242,5.564953901239189e-07,AUTO_KEEP
beta,beta_D,2024-06-15,sure,0,-1,-1,0,0.0,0.0,0.0,True,0.17456298239614432,-1,-1,0.0,53,54,-1828.3256297162122,,-1828.3256297162122,4.574654944488512e-07,AUTO_KEEP
beta,beta_D,2024-06-16,unsure,0,-1,-1,0,0.0,0.0,0.0,False,,-1,-1,,-1,-1,,,,,UNCERTAIN
beta,beta_D,2024-06-17,sure,0,-1,-1,0,0.0,0.0,0.0,True,0.17456298239614432,-1,-1,0.0,54,54,-1111.4670025815462,,-1111.4670025815462,8.597306721780409e-07,AUTO_KEEP
beta,beta_D,2024-06-18,unsure,0,-1,-1,0,0.0,1.2866875000000004,0.0,True,0.17456298239614432,43,56,16.155669011708884,42,42,-2.512696616018383,16.155669011708884,16.155669011708884,0.18796075224261213,AUTO_KEEP
beta,beta_D,2024-06-19,unsure,0,-1,-1,0,0.0,0.0,0.0,False,,-1,-1,,-1,-1,,,,,UNCERTAIN
beta,beta_D,2024-06-20,unsure,0,-1,-1,0,0.0,0.001073,0.0,True,0.17456298239614432,54,54,0.0776344508543265,56,56,0.003372260327543815,0.07426219052678269,0.0776344508543265,0.006867878278622887,AUTO_KEEP
beta,beta_D,2024-06-21,sure,0,-1,-1,0,0.0,0.0249465,0.0,True,0.17456298239614432,46,48,1.756140564512454,49,49,-1.2880288265718676,1.756140564512454,1.756140564512454,0.02225259905412552,AUTO_KEEP
beta,beta_D,2024-06-22,sure,0,-1,-1,0,0.0,0.0,0.0,False,,-1,-1,,-1,-1,,,,,UNCERTAIN
beta,beta_D,2024-06-23,sure,0,-1,-1,0,0.0,0.0,0.0,True,0.17456298239614432,-1,-1,0.0,54,54,-1540.9176601754623,,-1540.9176601754623,5.682245402865876e-07,AUTO_KEEP
beta,beta_D,2024-06-24,unsure,1,47,50,4,1.2343325000000003,1.2343325000000003,1.2343325000000003,True,0.17456298239614432,47,50,16.416754124297313,52,55,1.9270648188349853,14.489689305462328,16.416754124297313,0.1909026079186172,AUTO_KEEP
beta,beta_D,2024-06-25,unsure,0,-1,-1,0,0.0,0.0,0.0,False,,-1,-1,,-1,-1,,,,,UNCERTAIN
beta,beta_D,2024-06-26,unsure,0,-1,-1,0,0.0,0.0,0.0,False,,-1,-1,,-1,-1,,,,,UNCERTAIN
beta,beta_D,2024-06-27,unsure,0,-1,-1,0,0.0,0.0,0.0,False,,-1,-1,,-1,-1,,,,,UNCERTAIN
beta,beta_D,2024-06-28,unsure,0,-1,-1,0,0.0,0.0,0.0,False,,-1,-1,,-1,-1,,,,,UNCERTAIN
beta,beta_D,2024-06-29,unsure,0,-1,-1,0,0.0,0.0,0.0,True,0.17456298239614432,-1,-1,0.0,49,49,-1.824091150377071,,-1.824091150377071,0.0016824691335042094,AUTO_KEEP
beta,beta_D,2024-06-30,sure,0,-1,-1,0,0.0,0.0,0.0,True,0.17456298239614432,-1,-1,0.0,24,24,-1995.9384015983558,,-1995.9384015983558,4.093184785380956e-07,AUTO_KEEP
beta,beta_D,2024-07-01,sure,0,-1,-1,0,0.0,0.0,0.0,True,0.17456298239614432,-1,-1,0.0,51,51,-12.328379286370527,,-12.328379286370527,0.00023535605405489835,AUTO_KEEP
beta,beta_D,2024-07-02,sure,0,-1,-1,0,0.0,0.0,0.0,True,0.17456298239614432,-1,-1,0.0,53,53,-3510.1354620822576,,-3510.1354620822576,2.000644770058873e-07,AUTO_KEEP
beta,beta_D,2024-07-03,sure,0,-1,-1,0,0.0,0.0,0.0,True,0.17456298239614432,-1,-1,0.0,47,47,-258.0885081988762,,-258.0885081988762,5.459167730933245e-06,AUTO_KEEP
beta,beta_D,2024-07-04,unsure,0,-1,-1,0,0.0,0.252222,0.0,True,0.17456298239614432,51,52,8.096062161799544,49,49,3.538498655003512,4.557563506796033,8.096062161799544,0.09379345761823435,AUTO_KEEP
beta,beta_D,2024-07-05,sure,0,-1,-1,0,0.0,0.0,0.0,True,0.17456298239614432,-1,-1,0.0,55,58,-86.35020530197544,,-86.35020530197544,2.168165139466311e-05,AUTO_KEEP
beta,beta_D,2024-07-06,sure,0,-1,-1,0,0.0,0.01502,0.0,True,0.17456298239614432,50,50,2.3752060649503095,51,51,-1.585111042021755,2.3752060649503095,2.3752060649503095,0.028588112716495445,AUTO_KEEP
beta,beta_D,2024-07-07,sure,0,-1,-1,0,0.0,0.0,0.0,True,0.17456298239614432,-1,-1,0.0,53,53,-1168.68395109888,,-1168.68395109888,8.067378086778233e-07,AUTO_KEEP
beta,beta_D,2024-07-08,sure,0,-1,-1,0,0.0,0.0,0.0,True,0.17456298239614432,-1,-1,0.0,24,24,-2556.851296898952,,-2556.851296898952,2.9900779788417236e-07,AUTO_KEEP
beta,beta_D,2024-07-09,sure,0,-1,-1,0,0.0,0.0,0.0,True,0.17456298239614432,-1,-1,0.0,60,60,-615.7426153479869,,-615.7426153479869,1.8169137835642383e-06,AUTO_KEEP
beta,beta_D,2024-07-10,unsure,0,-1,-1,0,0.0,0.0,0.0,False,,-1,-1,,-1,-1,,,,,UNCERTAIN
beta,beta_D,2024-07-11,unsure,0,-1,-1,0,0.0,0.0,0.0,False,,-1,-1,,-1,-1,,,,,UNCERTAIN
beta,beta_D,2024-07-12,unsure,0,-1,-1,0,0.0,0.0,0.0,False,,-1,-1,,-1,-1,,,,,UNCERTAIN
beta,beta_D,2024-07-13,unsure,0,-1,-1,0,0.0,3.6139085,0.0,True,0.17456298239614432,46,58,59.43192704669747,44,44,16.74671230847297,42.6852147382245,59.43192704669747,0.5334462346226165,UNCERTAIN
beta,beta_D,2024-07-14,sure,0,-1,-1,0,0.0,0.0,0.0,False,,-1,-1,,-1,-1,,,,,UNCERTAIN
beta,beta_D,2024-07-15,sure,0,-1,-1,0,0.0,0.0,0.0,False,,-1,-1,,-1,-1,,,,,UNCERTAIN
beta,beta_D,2024-07-16,sure,0,-1,-1,0,0.0,0.0,0.0,True,0.17456298239614432,-1,-1,0.0,61,61,-4061.2634344832973,,-4061.2634344832973,1.662826622442799e-07,AUTO_KEEP
beta,beta_D,2024-07-17,unsure,0,-1,-1,0,0.0,0.0614455,0.0,True,0.17456298239614432,48,48,3.317744036709068,47,47,-6.386880838300474,3.317744036709068,3.317744036709068,0.03866627600346206,AUTO_KEEP
beta,beta_D,2024-07-18,unsure,1,48,58,11,10.2615615,4.91803,4.897128,True,0.17456298239614432,44,54,166.78430649480566,56,59,127.87868925805584,38.90561723674982,166.78430649480566,0.8067991437868723,AUTO_CORRECT
beta,beta_D,2024-07-19,unsure,0,-1,-1,0,0.0,0.0,0.0,False,,-1,-1,,-1,-1,,,,,UNCERTAIN
beta,beta_D,2024-07-20,unsure,0,-1,-1,0,0.0,0.303748,0.0,True,0.17456298239614432,44,47,2.2856966230392906,43,43,-25.097719659036976,2.2856966230392906,2.2856966230392906,0.02765633917187538,AUTO_KEEP
beta,beta_D,2024-07-21,unsure,0,-1,-1,0,0.0,0.0,0.0,False,,-1,-1,,-1,-1,,,,,UNCERTAIN
beta,beta_D,2024-07-22,unsure,0,-1,-1,0,0.0,0.0,0.0,False,,-1,-1,,-1,-1,,,,,UNCERTAIN
beta,beta_D,2024-07-23,unsure,0,-1,-1,0,0.0,0.0,0.0,False,,-1,-1,,-1,-1,,,,,UNCERTAIN
beta,beta_D,2024-07-24,unsure,0,-1,-1,0,0.0,0.0,0.0,False,,-1,-1,,-1,-1,,,,,UNCERTAIN
beta,beta_D,2024-07-25,unsure,0,-1,-1,0,0.0,0.0,0.0,False,,-1,-1,,-1,-1,,,,,UNCERTAIN
beta,beta_D,2024-07-26,unsure,0,-1,-1,0,0.0,0.0,0.0,False,,-1,-1,,-1,-1,,,,,UNCERTAIN
beta,beta_D,2024-07-27,sure,0,-1,-1,0,0.0,0.0,0.0,True,0.17456298239614432,-1,-1,0.0,24,24,-2421.4533314744367,,-2421.4533314744367,3.2036471674542203e-07,AUTO_KEEP
beta,beta_D,2024-07-28,unsure,0,-1,-1,0,0.0,0.0,0.0,False,,-1,-1,,-1,-1,,,,,UNCERTAIN
beta,beta_D,2024-07-29,sure,0,-1,-1,0,0.0,0.184025,0.0,True,0.17456298239614432,44,45,3.7178961121578107,46,46,-19.36731669798189,3.7178961121578107,3.7178961121578107,0.04306909879592317,AUTO_KEEP
beta,beta_D,2024-07-30,unsure,0,-1,-1,0,0.0,7.803417999999999,0.0,True,0.17456298239614432,43,49,152.73785192114886,51,53,17.66073600120831,135.07711591994055,152.73785192114886,0.7889216489364368,AUTO_CORRECT
beta,beta_D,2024-07-31,sure,0,-1,-1,0,0.0,0.0,0.0,True,0.17456298239614432,-1,-1,0.0,51,51,-39.8545592516876,,-39.8545592516876,5.68482181533193e-05,AUTO_KEEP
beta,beta_D,2024-08-01,sure,0,-1,-1,0,0.0,0.2369115,0.0,True,0.17456298239614432,52,52,11.6973027531605,46,46,-1.920758943590807,11.6973027531605,11.6973027531605,0.13645379259410922,AUTO_KEEP
beta,beta_D,2024-08-02,sure,0,-1,-1,0,0.0,0.300214,0.0,True,0.17456298239614432,41,49,12.24097947319809,58,58,-4.129835218213432,12.24097947319809,12.24097947319809,0.14284282534280685,AUTO_KEEP
beta,beta_D,2024-08-03,unsure,0,-1,-1,0,0.0,0.0,0.0,False,,-1,-1,,-1,-1,,,,,UNCERTAIN
beta,beta_D,2024-08-04,sure,0,-1,-1,0,0.0,0.0,0.0,False,,-1,-1,,-1,-1,,,,,UNCERTAIN
beta,beta_D,2024-08-05,sure,0,-1,-1,0,0.0,0.0,0.0,False,,-1,-1,,-1,-1,,,,,UNCERTAIN
beta,beta_D,2024-08-06,unsure,0,-1,-1,0,0.0,0.0,0.0,False,,-1,-1,,-1,-1,,,,,UNCERTAIN
beta,beta_D,2024-08-07,unsure,0,-1,-1,0,0.0,0.0,0.0,False,,-1,-1,,-1,-1,,,,,UNCERTAIN
beta,beta_D,2024-08-08,unsure,0,-1,-1,0,0.0,0.0,0.0,False,,-1,-1,,-1,-1,,,,,UNCERTAIN
beta,beta_D,2024-08-09,unsure,0,-1,-1,0,0.0,0.0,0.0,False,,-1,-1,,-1,-1,,,,,UNCERTAIN
beta,beta_D,2024-08-10,sure,0,-1,-1,0,0.0,1.6150669999999998,0.0,True,0.17456298239614432,43,44,135.54905759084346,53,58,14.00680755383386,121.5422500370096,135.54905759084346,0.7627898578283066,AUTO_CORRECT
beta,beta_D,2024-08-11,unsure,0,-1,-1,0,0.0,0.0,0.0,False,,-1,-1,,-1,-1,,,,,UNCERTAIN
beta,beta_D,2024-08-12,sure,0,-1,-1,0,0.0,0.0,0.0,True,0.17456298239614432,-1,-1,0.0,55,55,-1985.1048038571516,,-1985.1048038571516,4.121527730649456e-07,AUTO_KEEP
beta,beta_D,2024-08-13,sure,0,-1,-1,0,0.0,3.038561,0.0,True,0.17456298239614432,51,53,238.80593227175385,54,54,-111.42757353955689,238.80593227175385,238.80593227175385,0.86788604571608,AUTO_CORRECT
beta,beta_D,2024-08-14,sure,0,-1,-1,0,0.0,0.0,0.0,True,0.17456298239614432,-1,-1,0.0,24,24,-2136.6344992647864,,-2136.6344992647864,3.7545069349591213e-07,AUTO_KEEP
beta,beta_D,2024-08-15,sure,0,-1,-1,0,0.0,0.0,0.0,True,0.17456298239614432,-1,-1,0.0,52,52,-362.6207207152171,,-362.6207207152171,3.5514131369439604e-06,AUTO_KEEP
beta,beta_D,2024-08-16,sure,0,-1,-1,0,0.0,0.5081175,0.0,True,0.17456298239614432,49,49,103.91912882852245,41,42,30.98700226920076,72.93212655932169,103.91912882852245,0.6971556729161424,UNCERTAIN
beta,beta_D,2024-08-17,unsure,0,-1,-1,0,0.0,2.1394830000000002,0.0,True,0.17456298239614432,50,52,160.27757907947102,42,48,21.46286570258989,138.81471337688114,160.27757907947102,0.7988579388410901,AUTO_CORRECT
beta,beta_D,2024-08-18,unsure,0,-1,-1,0,0.0,0.015834,0.0,True,0.17456298239614432,41,47,0.7366563761366297,48,48,-0.6445848574543823,0.7366563761366297,0.7366563761366297,0.0125094644856943,AUTO_KEEP
beta,beta_D,2024-08-19,unsure,0,-1,-1,0,0.0,0.0,0.0,False,,-1,-1,,-1,-1,,,,,UNCERTAIN
beta,beta_D,2024-08-20,unsure,0,-1,-1,0,0.0,0.0,0.0,False,,-1,-1,,-1,-1,,,,,UNCERTAIN
beta,beta_D,2024-08-21,sure,1,46,53,8,1.0092465,1.3239594999999995,1.0092465,True,0.17456298239614432,39,60,46.655301499740936,62,62,15.54539195296755,31.109909546773387,46.655301499740936,0.458267956259856,UNCERTAIN
beta,beta_D,2024-08-22,sure,1,49,54,6,2.3012205,0.0,0.0,False,,-1,-1,,-1,-1,,,,,UNCERTAIN
beta,beta_D,2024-08-23,sure,1,43,54,12,4.158259000000001,4.221907500000001,3.9867955000000004,True,0.17456298239614432,45,58,186.55386783158067,37,43,5.885080883335619,180.66878694824504,186.55386783158067,0.8278748701773708,AUTO_CORRECT
beta,beta_D,2024-08-24,sure,0,-1,-1,0,0.0,0.6722465,0.0,True,0.17456298239614432,40,40,97.29696170557999,47,47,45.1978027439212,52.09915896165879,97.29696170557999,0.6794154547143991,UNCERTAIN
beta,beta_D,2024-08-25,sure,0,-1,-1,0,0.0,0.0,0.0,True,0.17456298239614432,-1,-1,0.0,24,24,-1362.861909494479,,-1362.861909494479,6.639266833708712e-07,AUTO_KEEP
beta,beta_D,2024-08-26,sure,1,46,54,9,3.9048419999999995,0.0,0.0,False,,-1,-1,,-1,-1,,,,,UNCERTAIN
beta,beta_D,2024-08-27,sure,1,43,55,13,12.5391915,12.782388999999998,12.5391915,True,0.17456298239614432,36,62,452.545918956318,63,63,-1.5561307917754206,452.545918956318,452.545918956318,0.9364802774547817,AUTO_CORRECT
beta,beta_D,2024-08-28,sure,1,43,54,12,9.6429625,10.098547000000003,9.6429625,True,0.17456298239614432,41,61,391.5360248818402,62,62,-2.071840054633873,391.5360248818402,391.5360248818402,0.9246671729533429,AUTO_CORRECT
beta,beta_D,2024-08-29,sure,1,42,55,14,12.675378,14.161434499999999,12.675378,True,0.17456298239614432,36,62,439.9376573068777,63,63,-4.946623189539996,439.9376573068777,439.9376573068777,0.9343193989259505,AUTO_CORRECT
beta,beta_D,2024-08-30,sure,1,45,52,8,5.697359500000001,0.0,0.0,False,,-1,-1,,-1,-1,,,,,UNCERTAIN
beta,beta_D,2024-08-31,sure,1,47,50,4,0.721482,0.0,0.0,False,,-1,-1,,-1,-1,,,,,UNCERTAIN
beta,beta_D,2024-09-01,unsure,0,-1,-1,0,0.0,0.0,0.0,False,,-1,-1,,-1,-1,,,,,UNCERTAIN
beta,beta_D,2024-09-02,sure,1,43,55,13,12.415635000000002,0.0,0.0,False,,-1,-1,,-1,-1,,,,,UNCERTAIN
beta,beta_D,2024-09-03,sure,1,41,56,16,17.684725,18.4319555,17.684725,True,0.17456298239614432,35,63,644.834643532874,34,34,-9.621791273899941,644.834643532874,644.834643532874,0.9584783087394247,AUTO_CORRECT
beta,beta_D,2024-09-04,sure,1,42,56,15,14.744229500000001,15.278841500000002,14.744229500000001,True,0.17456298239614432,36,62,508.24394074198744,63,63,-0.8367824407220638,508.24394074198744,508.24394074198744,0.9446799594383976,AUTO_CORRECT
beta,beta_D,2024-09-05,sure,1,42,55,14,14.563567499999998,15.058302999999999,14.563567499999998,True,0.17456298239614432,35,62,521.8846400893281,63,63,-1.7778444522945354,521.8846400893281,521.8846400893281,0.9464064057833939,AUTO_CORRECT
beta,beta_D,2024-09-06,sure,1,44,54,11,10.333927000000003,0.0,0.0,False,,-1,-1,,-1,-1,,,,,UNCERTAIN
beta,beta_D,2024-09-07,unsure,0,-1,-1,0,0.0,0.0,0.0,False,,-1,-1,,-1,-1,,,,,UNCERTAIN
beta,beta_D,2024-09-08,unsure,0,-1,-1,0,0.0,0.0,0.0,True,0.17456298239614432,-1,-1,0.0,46,46,-176.79670190395552,,-176.79670190395552,8.801532006664014e-06,AUTO_KEEP
beta,beta_D,2024-09-09,sure,1,39,56,18,4.8168995,2.5506209999999996,2.5506209999999996,True,0.17456298239614432,40,44,180.76162623386392,52,58,154.4492265934314,26.312399640432517,180.76162623386392,0.8221302006137519,AUTO_CORRECT
beta,beta_D,2024-09-10,sure,1,42,55,14,8.5044795,8.540585500000002,8.5044795,True,0.17456298239614432,35,62,293.5541996649068,63,63,-0.17107003158023032,293.5541996649068,293.5541996649068,0.8950357899370115,AUTO_CORRECT
beta,beta_D,2024-09-11,sure,1,42,55,14,13.319476,14.826224000000002,13.319476,True,0.17456298239614432,35,62,484.58956095090946,34,34,-0.7230916004976305,484.58956095090946,484.58956095090946,0.9414409532027012,AUTO_CORRECT
beta,beta_D,2024-09-12,unsure,0,-1,-1,0,0.0,4.499331000000001,0.0,True,0.17456298239614432,49,63,33.82552729606478,42,47,14.170076383278447,19.65545091278633,33.82552729606478,0.362350059943254,UNCERTAIN
beta,beta_D,2024-09-13,unsure,0,-1,-1,0,0.0,0.450838,0.0,True,0.17456298239614432,59,60,56.184192850296824,55,55,-32.337346319874136,56.184192850296824,56.184192850296824,0.5159726055552939,UNCERTAIN
beta,beta_D,2024-09-14,unsure,1,48,52,5,1.116629,0.0,0.0,False,,-1,-1,,-1,-1,,,,,UNCERTAIN
beta,beta_D,2024-09-15,unsure,0,-1,-1,0,0.0,1.5406959999999998,0.0,True,0.17456298239614432,55,57,55.69155221761544,44,44,19.242265423081673,36.44928679453376,55.69155221761544,0.5132310577579263,UNCERTAIN
beta,beta_D,2024-09-16,sure,1,42,57,16,15.4794755,16.1999965,15.4794755,True,0.17456298239614432,35,63,518.962780666517,64,64,-21.041619566453775,518.962780666517,518.962780666517,0.9460447175014594,AUTO_CORRECT
beta,beta_D,2024-09-17,sure,1,41,54,14,15.088373,0.0,0.0,False,,-1,-1,,-1,-1,,,,,UNCERTAIN
beta,beta_D,2024-09-18,sure,1,41,57,17,21.0170575,22.338694500000003,21.0170575,True,0.17456298239614432,34,63,732.6119092210149,64,64,-12.2547630992701,732.6119092210149,732.6119092210149,0.9644557762858302,AUTO_CORRECT
beta,beta_D,2024-09-19,sure,1,39,57,19,20.051989499999998,20.381680500000012,20.051989499999998,True,0.17456298239614432,33,63,716.47181730386,64,64,-0.16399680406699302,716.47181730386,716.47181730386,0.9634755885891438,AUTO_CORRECT
beta,beta_D,2024-09-20,sure,1,38,56,19,21.715664500000003,22.538417000000006,21.715664500000003,True,0.17456298239614432,33,63,770.6100615527007,64,64,-10.648262480197584,770.6100615527007,770.6100615527007,0.9665876144942882,AUTO_CORRECT
beta,beta_D,2024-09-21,sure,1,44,56,13,11.992907999999998,0.0,0.0,False,,-1,-1,,-1,-1,,,,,UNCERTAIN
beta,beta_D,2024-09-22,sure,1,44,54,11,9.114010500000001,0.0,0.0,False,,-1,-1,,-1,-1,,,,,UNCERTAIN
beta,beta_D,2024-09-23,sure,1,39,56,18,19.887723,20.165495999999994,19.887723,True,0.17456298239614432,33,62,694.4553716219214,63,63,-4.288207926845269,694.4553716219214,694.4553716219214,0.9620585346594941,AUTO_CORRECT
beta,beta_D,2024-09-24,unsure,0,-1,-1,0,0.0,0.467467,0.0,True,0.17456298239614432,46,46,126.92045733172553,37,44,80.34914753031443,46.571309801411104,126.92045733172553,0.7474830823340134,AUTO_CORRECT
beta,beta_D,2024-09-25,sure,0,-1,-1,0,0.0,3.0721785,0.0,True,0.17456298239614432,52,54,508.6934835420409,58,58,19.03012254285904,489.66336099918186,508.6934835420409,0.9447384250295491,AUTO_CORRECT
beta,beta_D,2024-09-26,sure,0,-1,-1,0,0.0,0.0,0.0,True,0.17456298239614432,-1,-1,0.0,24,24,-1849.04572103847,,-1849.04572103847,4.5097604602555015e-07,AUTO_KEEP
beta,beta_D,2024-09-27,unsure,0,-1,-1,0,0.0,0.35525350000000006,0.0,True,0.17456298239614432,44,49,19.232009135026768,43,43,0.0,19.232009135026768,19.232009135026768,0.2219929424398728,AUTO_KEEP
beta,beta_D,2024-09-28,unsure,0,-1,-1,0,0.0,6.752109499999999,0.0,True,0.17456298239614432,41,57,86.40985067819778,59,59,-13.702763244764359,86.40985067819778,86.40985067819778,0.6461553356663979,UNCERTAIN
beta,beta_D,2024-09-29,sure,0,-1,-1,0,0.0,9.515875999999999,0.0,True,0.17456298239614432,39,48,226.75336235378546,52,52,152.33309741661313,74.42026493717233,226.75336235378546,0.8602036510667731,AUTO_CORRECT
beta,beta_D,2024-09-30,sure,0,-1,-1,0,0.0,1.229012,0.0,True,0.17456298239614432,55,57,67.5183451886413,40,41,25.271968863553944,42.24637632508736,67.5183451886413,0.5728014405840155,UNCERTAIN
beta,beta_E,2023-10-01,sure,0,-1,-1,0,0.0,0.0,0.0,True,0.2841672441558072,-1,-1,0.0,45,45,-243.58769578124247,,-243.58769578124247,6.634867406508928e-07,AUTO_KEEP
beta,beta_E,2023-10-02,sure,0,-1,-1,0,0.0,0.367673,0.0,True,0.2841672441558072,52,53,2.14203656779447,55,55,-3.2955538008303904,2.14203656779447,2.14203656779447,0.009425978616532505,AUTO_KEEP
beta,beta_E,2023-10-03,sure,0,-1,-1,0,0.0,0.0,0.0,True,0.2841672441558072,-1,-1,0.0,46,46,-81.2076307500686,,-81.2076307500686,3.190899001361142e-06,AUTO_KEEP
beta,beta_E,2023-10-04,sure,0,-1,-1,0,0.0,0.0,0.0,True,0.2841672441558072,-1,-1,0.0,49,49,-20.80899490505649,,-20.80899490505649,2.157735574063349e-05,AUTO_KEEP
beta,beta_E,2023-10-05,unsure,1,44,58,15,4.829665,6.4518085,4.829665,True,0.2841672441558072,42,62,18.907626536074662,63,63,-34.01160256624054,18.907626536074662,18.907626536074662,0.11968417355239225,AUTO_KEEP
beta,beta_E,2023-10-06,unsure,1,46,53,8,1.2601425000000002,2.6453879999999996,1.2601425000000002,True,0.2841672441558072,44,59,5.905545953055339,43,43,-21.234296808781885,5.905545953055339,5.905545953055339,0.028733609423979782,AUTO_KEEP
beta,beta_E,2023-10-07,unsure,1,49,55,7,1.397373,2.3788585,1.397373,True,0.2841672441558072,49,61,2.7786945382794195,62,62,-19.78548923364049,2.7786945382794195,2.7786945382794195,0.01226042217182112,AUTO_KEEP
beta,beta_E,2023-10-08,unsure,1,47,55,9,1.9828025000000002,4.0615255,1.9828025000000002,True,0.2841672441558072,45,61,16.938675593971535,62,62,-21.06319294267065,16.938675593971535,16.938675593971535,0.1047583313083799,AUTO_KEEP
beta,beta_E,2023-10-09,unsure,1,45,58,14,3.681749,5.114774499999999,3.681749,True,0.2841672441558072,43,62,14.028929356779232,63,63,-24.022086891129543,14.028929356779232,14.028929356779232,0.08314447883999203,AUTO_KEEP
beta,beta_E,2023-10-10,unsure,0,-1,-1,0,0.0,0.8751739999999999,0.0,True,0.2841672441558072,51,56,6.6583778077145785,48,49,-2.8711359730091264,6.6583778077145785,6.6583778077145785,0.03319867659185865,AUTO_KEEP
beta,beta_E,2023-10-11,unsure,1,49,60,12,2.9313409999999998,2.9313409999999998,2.9313409999999998,True,0.2841672441558072,49,60,15.414588880941135,45,47,5.501077661424118,9.913511219517018,15.414588880941135,0.09335577570319858,AUTO_KEEP
beta,beta_E,2023-10-12,unsure,0,-1,-1,0,0.0,1.3663865000000002,0.0,True,0.2841672441558072,45,56,0.6516920705922282,44,44,-4.522171200304413,0.6516920705922282,0.6516920705922282,0.003754189038505957,AUTO_KEEP
beta,beta_E,2023-10-13,unsure,1,44,55,11,2.58246,4.778569499999998,2.58246,True,0.2841672441558072,42,62,19.123060082267347,41,41,-17.499609590841303,19.123060082267347,19.123060082267347,0.12132735414744546,AUTO_KEEP
beta,beta_E,2023-10-14,unsure,1,46,55,10,1.3197485,1.918326,1.3197485,True,0.2841672441558072,44,56,2.092594521931145,57,57,-3.876043001902742,2.092594521931145,2.092594521931145,0.009215030843481855,AUTO_KEEP
beta,beta_E,2023-10-15,unsure,0,-1,-1,0,0.0,2.2279975,0.0,True,0.2841672441558072,45,59,0.8807379105492843,60,60,-9.879837181582511,0.8807379105492843,0.8807379105492843,0.004522938525730883,AUTO_KEEP
beta,beta_E,2023-10-16,sure,0,-1,-1,0,0.0,1.3259465000000001,0.0,True,0.2841672441558072,47,51,3.359778088036086,53,54,0.9994399330857846,2.360338154950301,3.359778088036086,0.015023559598613583,AUTO_KEEP
beta,beta_E,2023-10-17,sure,0,-1,-1,0,0.0,9.5611395,0.0,True,0.2841672441558072,45,62,34.61439702447282,66,66,-171.18397914687193,34.61439702447282,34.61439702447282,0.23910452750911956,AUTO_KEEP
beta,beta_E,2023-10-18,unsure,1,45,62,18,5.175553000000001,5.5916630000000005,5.175553000000001,True,0.2841672441558072,42,62,27.608707010912315,63,63,-7.911648081530259,27.608707010912315,27.608707010912315,0.18647066321091452,AUTO_KEEP
beta,beta_E,2023-10-19,unsure,0,-1,-1,0,0.0,1.0586445,0.0,True,0.2841672441558072,54,60,7.8149326995652935,62,62,-5.756691435696103,7.8149326995652935,7.8149326995652935,0.04035341335779688,AUTO_KEEP
beta,beta_E,2023-10-20,unsure,0,-1,-1,0,0.0,2.6764470000000005,0.0,True,0.2841672441558072,44,61,6.304699332377933,43,43,-9.375231198635213,6.304699332377933,6.304699332377933,0.031080815540843687,AUTO_KEEP
beta,beta_E,2023-10-21,unsure,0,-1,-1,0,0.0,2.4398,0.0,True,0.2841672441558072,44,59,1.6166385344275704,43,43,-20.507149131438798,1.6166385344275704,1.6166385344275704,0.007257843692167654,AUTO_KEEP
beta,beta_E,2023-10-22,unsure,0,-1,-1,0,0.0,1.169944,0.0,True,0.2841672441558072,47,56,0.5594253352576654,57,57,-2.605203603596555,0.5594253352576654,0.5594253352576654,0.0034568918630912175,AUTO_KEEP
beta,beta_E,2023-10-23,unsure,1,46,59,14,2.5496279999999993,3.3938454999999994,2.5496279999999993,True,0.2841672441558072,42,61,12.889820016479304,63,63,-2.1910076133755405,12.889820016479304,12.889820016479304,0.0748889879289692,AUTO_KEEP
beta,beta_E,2023-10-24,unsure,1,43,55,13,1.7367205000000003,2.1340425,1.7367205000000003,True,0.2841672441558072,43,59,5.386704874629387,60,60,-7.030651514456755,5.386704874629387,5.386704874629387,0.025754824178644737,AUTO_KEEP
beta,beta_E,2023-10-25,unsure,1,48,61,14,3.6494194999999996,4.8792884999999995,3.6494194999999996,True,0.2841672441558072,42,61,18.081008049427485,62,62,-23.167382905179718,18.081008049427485,18.081008049427485,0.1133959655357228,AUTO_KEEP
beta,beta_E,2023-10-26,sure,0,-1,-1,0,0.0,0.0,0.0,True,0.2841672441558072,-1,-1,0.0,40,40,-1868.8623434276205,,-1868.8623434276205,3.5430849298282106e-08,AUTO_KEEP
beta,beta_E,2023-10-27,sure,0,-1,-1,0,0.0,0.8596905,0.0,True,0.2841672441558072,44,44,26.31339004905406,62,62,-16.833243284102895,26.31339004905406,26.31339004905406,0.17655713912540127,AUTO_KEEP
beta,beta_E,2023-10-28,unsure,1,55,60,6,1.4902035,4.0735185,1.4902035,True,0.2841672441558072,50,63,7.443313264392027,48,48,-60.78501972426579,7.443313264392027,7.443313264392027,0.038018132512373445,AUTO_KEEP
beta,beta_E,2023-10-29,unsure,1,48,58,11,2.5762625000000003,4.2490945,2.5762625000000003,True,0.2841672441558072,43,61,13.667991087127378,42,42,-14.780571055327252,13.667991087127378,13.667991087127378,0.08051381123082517,AUTO_KEEP
beta,beta_E,2023-10-30,unsure,0,-1,-1,0,0.0,2.413853,0.0,True,0.2841672441558072,40,56,3.7516562811017913,57,57,-4.714422481572959,3.7516562811017913,3.7516562811017913,0.016972942008651726,AUTO_KEEP
beta,beta_E,2023-10-31,unsure,0,-1,-1,0,0.0,4.5497274999999995,0.0,True,0.2841672441558072,43,60,10.989095662048014,61,61,-14.982327977075032,10.989095662048014,10.989095662048014,0.061463371341184084,AUTO_KEEP
beta,beta_E,2023-11-01,sure,0,-1,-1,0,0.0,2.7061525,0.0,True,0.2841672441558072,55,59,43.18777824818642,48,52,19.60465572749486,23.58312252069156,43.18777824818642,0.300084771929126,UNCERTAIN
beta,beta_E,2023-11-02,unsure,0,-1,-1,0,0.0,1.6532499999999999,0.0,True,0.2841672441558072,53,62,11.488573020993828,41,48,6.201457080390418,5.287115940603409,11.488573020993828,0.06494366269626553,AUTO_KEEP
beta,beta_E,2023-11-03,sure,0,-1,-1,0,0.0,0.753706,0.0,True,0.2841672441558072,51,55,8.818098575527316,57,58,4.391734520335508,4.426364055191808,8.818098575527316,0.04681355294462453,AUTO_KEEP
beta,beta_E,2023-11-04,sure,0,-1,-1,0,0.0,0.0,0.0,True,0.2841672441558072,-1,-1,0.0,62,62,-20.080669776163926,,-20.080669776163926,2.2659278311910496e-05,AUTO_KEEP
beta,beta_E,2023-11-05,sure,0,-1,-1,0,0.0,0.0,0.0,True,0.2841672441558072,-1,-1,0.0,61,61,-861.2944270194027,,-861.2944270194027,1.0804187903192046e-07,AUTO_KEEP
beta,beta_E,2023-11-06,sure,0,-1,-1,0,0.0,0.275985,0.0,True,0.2841672441558072,44,45,8.52565514171756,53,54,6.384741086183538,2.140914055534023,8.52565514171756,0.044907859601716185,AUTO_KEEP
beta,beta_E,2023-11-07,unsure,1,50,59,10,1.9411634999999998,2.5258140000000004,1.9411634999999998,True,0.2841672441558072,46,60,12.48508204486571,43,44,4.0090271464588225,8.476054898406886,12.48508204486571,0.07199076205215697,AUTO_KEEP
beta,beta_E,2023-11-08,sure,0,-1,-1,0,0.0,0.787968,0.0,True,0.2841672441558072,59,60,21.76133191834133,51,51,11.679435928809838,10.081895989531493,21.76133191834133,0.14155158965290654,AUTO_KEEP
beta,beta_E,2023-11-09,unsure,0,-1,-1,0,0.0,3.0634300000000003,0.0,True,0.2841672441558072,48,58,13.021066333704463,60,60,-42.69765197766386,13.021066333704463,13.021066333704463,0.07583295333694073,AUTO_KEEP
beta,beta_E,2023-11-10,unsure,1,47,58,12,2.3106695000000004,3.060004,2.3106695000000004,True,0.2841672441558072,44,60,8.78332562145408,61,61,-4.218907050026234,8.78332562145408,8.78332562145408,0.046586030545989,AUTO_KEEP
beta,beta_E,2023-11-11,unsure,0,-1,-1,0,0.0,0.0,0.0,True,0.2841672441558072,-1,-1,0.0,47,56,-4.283167459601996,,-4.283167459601996,0.00016629350308480326,AUTO_KEEP
beta,beta_E,2023-11-12,sure,0,-1,-1,0,0.0,0.0,0.0,True,0.2841672441558072,-1,-1,0.0,49,51,-9.763856394936248,,-9.763856394936248,5.9664905416655404e-05,AUTO_KEEP
beta,beta_E,2023-11-13,sure,0,-1,-1,0,0.0,0.0,0.0,True,0.2841672441558072,-1,-1,0.0,61,63,-0.44332422708414876,,-0.44332422708414876,0.0010769927618989948,AUTO_KEEP
beta,beta_E,2023-11-14,unsure,1,45,58,14,2.855484,3.6233325,2.855484,True,0.2841672441558072,42,61,16.28829931284375,62,62,-18.560805823281672,16.28829931284375,16.28829931284375,0.09987341636832449,AUTO_KEEP
beta,beta_E,2023-11-15,sure,0,-1,-1,0,0.0,0.0,0.0,True,0.2841672441558072,-1,-1,0.0,46,46,-2.037631161782891,,-2.037631161782891,0.0003689869786747774,AUTO_KEEP
beta,beta_E,2023-11-16,unsure,0,-1,-1,0,0.0,2.4764615,0.0,True,0.2841672441558072,42,59,7.6759440336037,60,61,-48.93933292601967,7.6759440336037,7.6759440336037,0.03947615071232733,AUTO_KEEP
beta,beta_E,2023-11-17,unsure,0,-1,-1,0,0.0,1.4861855,0.0,True,0.2841672441558072,55,62,26.5967648868045,50,50,7.123722646892918,19.47304223991158,26.5967648868045,0.17872905291769212,AUTO_KEEP
beta,beta_E,2023-11-18,unsure,1,45,61,17,4.7310715000000005,5.392001499999999,4.7310715000000005,True,0.2841672441558072,43,63,35.510579950314415,64,64,-32.01809958556214,35.510579950314415,35.510579950314415,0.24567808431000984,AUTO_KEEP
beta,beta_E,2023-11-19,unsure,1,44,58,15,2.603739999999999,3.8918164999999996,2.603739999999999,True,0.2841672441558072,40,60,9.116727695161831,61,61,-4.607997630685204,9.116727695161831,9.116727695161831,0.048777535068280614,AUTO_KEEP
beta,beta_E,2023-11-20,sure,0,-1,-1,0,0.0,0.0,0.0,True,0.2841672441558072,-1,-1,0.0,54,54,-268.82337892282123,,-268.82337892282123,5.759763570734979e-07,AUTO_KEEP
beta,beta_E,2023-11-21,sure,0,-1,-1,0,0.0,0.16752,0.0,True,0.2841672441558072,60,60,3.542774372268102,55,57,2.6752657793374444,0.8675085929306579,3.542774372268102,0.015925628916219115,AUTO_KEEP
beta,beta_E,2023-11-22,sure,0,-1,-1,0,0.0,0.8288490000000002,0.0,True,0.2841672441558072,44,47,7.965222518308367,49,52,2.6734042058484766,5.29181831245989,7.965222518308367,0.04130706275216084,AUTO_KEEP
beta,beta_E,2023-11-23,sure,0,-1,-1,0,0.0,0.6275795,0.0,True,0.2841672441558072,56,58,12.156846033612357,44,49,-6.176806526022965,12.156846033612357,12.156846033612357,0.06965513040235649,AUTO_KEEP
beta,beta_E,2023-11-24,sure,0,-1,-1,0,0.0,0.0,0.0,True,0.2841672441558072,-1,-1,0.0,42,42,-129.34851850070768,,-129.34851850070768,1.642652981915314e-06,AUTO_KEEP
beta,beta_E,2023-11-25,sure,0,-1,-1,0,0.0,0.0,0.0,True,0.2841672441558072,-1,-1,0.0,48,48,-1536.5097050024256,,-1536.5097050024256,4.6968567758711485e-08,AUTO_KEEP
beta,beta_E,2023-11-26,sure,0,-1,-1,0,0.0,0.0,0.0,True,0.2841672441558072,-1,-1,0.0,45,47,-27.098772903185377,,-27.098772903185377,1.4978831460404272e-05,AUTO_KEEP
beta,beta_E,2023-11-27,sure,0,-1,-1,0,0.0,0.0,0.0,True,0.2841672441558072,-1,-1,0.0,46,55,-2.2239968294103916,,-2.2239968294103916,0.00033866864700789586,AUTO_KEEP
beta,beta_E,2023-11-28,sure,0,-1,-1,0,0.0,0.0,0.0,True,0.2841672441558072,-1,-1,0.0,59,59,-688.5957474098911,,-688.5957474098911,1.490743448732031e-07,AUTO_KEEP
beta,beta_E,2023-11-29,sure,0,-1,-1,0,0.0,0.664345,0.0,True,0.2841672441558072,47,47,9.517743354526514,51,52,-0.34623423003356385,9.517743354526514,9.517743354526514,0.051442233817091274,AUTO_KEEP
beta,beta_E,2023-11-30,sure,0,-1,-1,0,0.0,0.0,0.0,True,0.2841672441558072,-1,-1,0.0,42,42,-41.918371448139524,,-41.918371448139524,8.137725445292307e-06,AUTO_KEEP
beta,beta_E,2023-12-01,sure,0,-1,-1,0,0.0,1.967004,0.0,True,0.2841672441558072,43,51,7.762802006981663,59,61,-5.01668544704857,7.762802006981663,7.762802006981663,0.04002384573200937,AUTO_KEEP
beta,beta_E,2023-12-02,sure,0,-1,-1,0,0.0,0.0,0.0,True,0.2841672441558072,-1,-1,0.0,48,51,-95.77469298782368,,-95.77469298782368,2.522658543964589e-06,AUTO_KEEP
beta,beta_E,2023-12-03,sure,0,-1,-1,0,0.0,1.4468079999999996,0.0,True,0.2841672441558072,45,58,0.8493041218422472,59,59,-5.927858419312118,0.8493041218422472,0.8493041218422472,0.004414930267211571,AUTO_KEEP
beta,beta_E,2023-12-04,sure,0,-1,-1,0,0.0,1.9398654999999998,0.0,True,0.2841672441558072,52,61,14.003686502308627,49,49,1.6047405878526277,12.398945914455998,14.003686502308627,0.08296007613257826,AUTO_KEEP
beta,beta_E,2023-12-05,sure,0,-1,-1,0,0.0,2.5458939999999997,0.0,True,0.2841672441558072,43,57,0.9763013877636004,42,42,-11.318954707155617,0.9763013877636004,0.9763013877636004,0.004856022869471387,AUTO_KEEP
beta,beta_E,2023-12-06,sure,0,-1,-1,0,0.0,0.0,0.0,True,0.2841672441558072,-1,-1,0.0,47,50,-11.671352290452473,,-11.671352290452473,4.71695493428637e-05,AUTO_KEEP
beta,beta_E,2023-12-07,sure,0,-1,-1,0,0.0,0.0,0.0,True,0.2841672441558072,-1,-1,0.0,47,48,-20.06971591557168,,-20.06971591557168,2.2676248646444394e-05,AUTO_KEEP
beta,beta_E,2023-12-08,sure,0,-1,-1,0,0.0,0.0,0.0,True,0.2841672441558072,-1,-1,0.0,46,46,-172.85403126860624,,-172.85403126860624,1.0848693493717512e-06,AUTO_KEEP
beta,beta_E,2023-12-09,sure,0,-1,-1,0,0.0,0.0,0.0,True,0.2841672441558072,-1,-1,0.0,24,24,-2233.0038050531093,,-2233.0038050531093,2.7420313604347043e-08,AUTO_KEEP
beta,beta_E,2023-12-10,sure,0,-1,-1,0,0.0,0.0,0.0,True,0.2841672441558072,-1,-1,0.0,59,59,-83.14146126841602,,-83.14146126841602,3.0857989929969776e-06,AUTO_KEEP
beta,beta_E,2023-12-11,sure,0,-1,-1,0,0.0,0.0,0.0,True,0.2841672441558072,-1,-1,0.0,46,46,-29.463688634816698,,-29.463688634816698,1.3332946186091975e-05,AUTO_KEEP
beta,beta_E,2023-12-12,sure,0,-1,-1,0,0.0,0.0,0.0,True,0.2841672441558072,-1,-1,0.0,47,47,-84.10794840424249,,-84.10794840424249,3.035449114269603e-06,AUTO_KEEP
beta,beta_E,2023-12-13,sure,0,-1,-1,0,0.0,0.0,0.0,True,0.2841672441558072,-1,-1,0.0,53,53,-129.36377750048737,,-129.36377750048737,1.642376033437505e-06,AUTO_KEEP
beta,beta_E,2023-12-14,sure,0,-1,-1,0,0.0,0.0,0.0,True,0.2841672441558072,-1,-1,0.0,38,38,-1154.4168947188848,,-1154.4168947188848,7.088203769689907e-08,AUTO_KEEP
beta,beta_E,2023-12-15,sure,0,-1,-1,0,0.0,0.0,0.0,True,0.2841672441558072,-1,-1,0.0,49,49,-112.07325514426539,,-112.07325514426539,2.0159860529165892e-06,AUTO_KEEP
beta,beta_E,2023-12-16,sure,0,-1,-1,0,0.0,0.0,0.0,True,0.2841672441558072,-1,-1,0.0,39,39,-921.6526019387281,,-921.6526019387281,9.800949266039096e-08,AUTO_KEEP
beta,beta_E,2023-12-17,sure,0,-1,-1,0,0.0,0.0,0.0,True,0.2841672441558072,-1,-1,0.0,50,51,-78.80959075377254,,-78.80959075377254,3.329912612878924e-06,AUTO_KEEP
beta,beta_E,2023-12-18,sure,0,-1,-1,0,0.0,0.0,0.0,True,0.2841672441558072,-1,-1,0.0,53,53,-246.54178086515722,,-246.54178086515722,6.521115946811829e-07,AUTO_KEEP
beta,beta_E,2023-12-19,sure,0,-1,-1,0,0.0,0.0,0.0,True,0.2841672441558072,-1,-1,0.0,35,35,-2465.3531297863233,,-2465.3531297863233,2.377796366803203e-08,AUTO_KEEP
beta,beta_E,2023-12-20,sure,0,-1,-1,0,0.0,0.0,0.0,True,0.2841672441558072,-1,-1,0.0,24,24,-2362.767860367282,,-2362.767860367282,2.5278508737866593e-08,AUTO_KEEP
beta,beta_E,2023-12-21,sure,0,-1,-1,0,0.0,0.0,0.0,True,0.2841672441558072,-1,-1,0.0,36,36,-453.7016257478216,,-453.7016257478216,2.7160196782171964e-07,AUTO_KEEP
beta,beta_E,2023-12-22,unsure,0,-1,-1,0,0.0,1.9073440000000002,0.0,True,0.2841672441558072,46,58,9.057721825628835,43,43,1.1268562505341568,7.930865575094678,9.057721825628835,0.048388066849879174,AUTO_KEEP
beta,beta_E,2023-12-23,sure,0,-1,-1,0,0.0,2.982066,0.0,True,0.2841672441558072,46,57,4.609615224705159,58,58,-13.245321325516885,4.609615224705159,4.609615224705159,0.021458995311164134,AUTO_KEEP
beta,beta_E,2023-12-24,sure,0,-1,-1,0,0.0,0.0,0.0,True,0.2841672441558072,-1,-1,0.0,62,62,-111.45568719337746,,-111.45568719337746,2.031952573095695e-06,AUTO_KEEP
beta,beta_E,2023-12-25,sure,0,-1,-1,0,0.0,0.0,0.0,True,0.2841672441558072,-1,-1,0.0,60,60,-68.29921922270049,,-68.29921922270049,4.081033480626107e-06,AUTO_KEEP
beta,beta_E,2023-12-26,sure,0,-1,-1,0,0.0,0.0,0.0,True,0.2841672441558072,-1,-1,0.0,47,47,-494.6155373924982,,-494.6155373924982,2.3990199684203414e-07,AUTO_KEEP
beta,beta_E,2023-12-27,sure,0,-1,-1,0,0.0,0.0,0.0,True,0.2841672441558072,-1,-1,0.0,43,47,-84.60150286926729,,-84.60150286926729,3.0102712495915598e-06,AUTO_KEEP
beta,beta_E,2023-12-28,sure,0,-1,-1,0,0.0,0.0,0.0,True,0.2841672441558072,-1,-1,0.0,45,46,-298.6753168983325,,-298.6753168983325,4.951784248705292e-07,AUTO_KEEP
beta,beta_E,2023-12-29,sure,0,-1,-1,0,0.0,0.0,0.0,True,0.2841672441558072,-1,-1,0.0,48,49,-655.9591707220906,,-655.9591707220906,1.598575467005224e-07,AUTO_KEEP
beta,beta_E,2023-12-30,sure,0,-1,-1,0,0.0,0.0,0.0,True,0.2841672441558072,-1,-1,0.0,45,52,-57.659700363792034,,-57.659700363792034,5.188492010308508e-06,AUTO_KEEP
beta,beta_E,2023-12-31,sure,0,-1,-1,0,0.0,0.0,0.0,True,0.2841672441558072,-1,-1,0.0,24,24,-1980.102807777602,,-1980.102807777602,3.2600948338973684e-08,AUTO_KEEP
beta,beta_E,2024-01-01,sure,0,-1,-1,0,0.0,0.0,0.0,True,0.2841672441558072,-1,-1,0.0,62,62,-651.3596646110678,,-651.3596646110678,1.614835672265232e-07,AUTO_KEEP
beta,beta_E,2024-01-02,sure,0,-1,-1,0,0.0,0.0,0.0,True,0.2841672441558072,-1,-1,0.0,46,55,-129.70241948538757,,-129.70241948538757,1.636250033246737e-06,AUTO_KEEP
beta,beta_E,2024-01-03,sure,0,-1,-1,0,0.0,0.0,0.0,True,0.2841672441558072,-1,-1,0.0,47,47,-208.03263591266997,,-208.03263591266997,8.319551158252421e-07,AUTO_KEEP
beta,beta_E,2024-01-04,sure,0,-1,-1,0,0.0,0.0,0.0,True,0.2841672441558072,-1,-1,0.0,44,44,-618.6818369018929,,-618.6818369018929,1.7389080028429975e-07,AUTO_KEEP
beta,beta_E,2024-01-05,sure,0,-1,-1,0,0.0,0.0,0.0,True,0.2841672441558072,-1,-1,0.0,49,51,-12.730415252168328,,-12.730415252168328,4.2019329657202786e-05,AUTO_KEEP
beta,beta_E,2024-01-06,sure,0,-1,-1,0,0.0,0.0,0.0,True,0.2841672441558072,-1,-1,0.0,49,54,-27.52784130560328,,-27.52784130560328,1.4655401538958927e-05,AUTO_KEEP
beta,beta_E,2024-01-07,sure,0,-1,-1,0,0.0,0.0,0.0,True,0.2841672441558072,-1,-1,0.0,45,51,-58.72602448330536,,-58.72602448330536,5.055586230520664e-06,AUTO_KEEP
beta,beta_E,2024-01-08,sure,0,-1,-1,0,0.0,0.0,0.0,True,0.2841672441558072,-1,-1,0.0,35,35,-923.9846013554052,,-923.9846013554052,9.765376579583198e-08,AUTO_KEEP
beta,beta_E,2024-01-09,sure,0,-1,-1,0,0.0,0.0,0.0,True,0.2841672441558072,-1,-1,0.0,49,49,-110.56748322593688,,-110.56748322593688,2.0552948544393943e-06,AUTO_KEEP
beta,beta_E,2024-01-10,sure,0,-1,-1,0,0.0,0.0,0.0,True,0.2841672441558072,-1,-1,0.0,56,57,-321.7789592786242,,-321.7789592786242,4.4493989869319796e-07,AUTO_KEEP
beta,beta_E,2024-01-11,sure,0,-1,-1,0,0.0,0.0,0.0,True,0.2841672441558072,-1,-1,0.0,42,51,-738.0393173952278,,-738.0393173952278,1.3492254731583658e-07,AUTO_KEEP
beta,beta_E,2024-01-12,sure,0,-1,-1,0,0.0,0.0,0.0,True,0.2841672441558072,-1,-1,0.0,42,55,-478.67673513911836,,-478.67673513911836,2.514680135504189e-07,AUTO_KEEP
beta,beta_E,2024-01-13,sure,0,-1,-1,0,0.0,0.0,0.0,True,0.2841672441558072,-1,-1,0.0,45,49,-740.1707408619474,,-740.1707408619474,1.3436400432020872e-07,AUTO_KEEP
beta,beta_E,2024-01-14,sure,0,-1,-1,0,0.0,0.0,0.0,True,0.2841672441558072,-1,-1,0.0,63,63,-1112.0604716755233,,-1112.0604716755233,7.479974261214392e-08,AUTO_KEEP
beta,beta_E,2024-01-15,sure,0,-1,-1,0,0.0,0.0,0.0,True,0.2841672441558072,-1,-1,0.0,47,47,-262.7053238759731,,-262.7053238759731,5.953226874221833e-07,AUTO_KEEP
beta,beta_E,2024-01-16,sure,0,-1,-1,0,0.0,0.0,0.0,True,0.2841672441558072,-1,-1,0.0,47,48,-303.7613725529455,,-303.7613725529455,4.833187017829404e-07,AUTO_KEEP
beta,beta_E,2024-01-17,sure,0,-1,-1,0,0.0,0.0,0.0,True,0.2841672441558072,-1,-1,0.0,44,44,-337.43298394425017,,-337.43298394425017,4.155995910123057e-07,AUTO_KEEP
beta,beta_E,2024-01-18,sure,0,-1,-1,0,0.0,0.0,0.0,False,,-1,-1,,-1,-1,,,,,UNCERTAIN
beta,beta_E,2024-01-19,sure,0,-1,-1,0,0.0,0.0,0.0,False,,-1,-1,,-1,-1,,,,,UNCERTAIN
beta,beta_E,2024-01-20,sure,0,-1,-1,0,0.0,0.0,0.0,True,0.2841672441558072,-1,-1,0.0,46,47,-437.9160385747742,,-437.9160385747742,2.857831227560572e-07,AUTO_KEEP
beta,beta_E,2024-01-21,sure,0,-1,-1,0,0.0,0.0,0.0,True,0.2841672441558072,-1,-1,0.0,40,40,-1378.9796062944397,,-1378.9796062944397,5.4881904339878327e-08,AUTO_KEEP
beta,beta_E,2024-01-22,unsure,0,-1,-1,0,0.0,0.0,0.0,True,0.2841672441558072,-1,-1,0.0,50,51,-85.27219046609865,,-85.27219046609865,2.9766197454450844e-06,AUTO_KEEP
beta,beta_E,2024-01-23,sure,0,-1,-1,0,0.0,0.3840725,0.0,True,0.2841672441558072,59,59,18.41807433351364,61,61,-27.208486248760284,18.41807433351364,18.41807433351364,0.11595668376635339,AUTO_KEEP
beta,beta_E,2024-01-24,sure,0,-1,-1,0,0.0,0.0,0.0,True,0.2841672441558072,-1,-1,0.0,46,46,-76.56128855249122,,-76.56128855249122,3.469834539516368e-06,AUTO_KEEP
beta,beta_E,2024-01-25,sure,0,-1,-1,0,0.0,0.0,0.0,True,0.2841672441558072,-1,-1,0.0,34,34,-2663.0291028651586,,-2663.0291028651586,2.1278612492460423e-08,AUTO_KEEP
beta,beta_E,2024-01-26,sure,0,-1,-1,0,0.0,0.0,0.0,True,0.2841672441558072,-1,-1,0.0,24,24,-3203.683201647397,,-3203.683201647397,1.6306222229970992e-08,AUTO_KEEP
beta,beta_E,2024-01-27,sure,0,-1,-1,0,0.0,0.0,0.0,True,0.2841672441558072,-1,-1,0.0,69,69,-2612.0717086645577,,-2612.0717086645577,2.1878886453504752e-08,AUTO_KEEP
beta,beta_E,2024-01-28,sure,0,-1,-1,0,0.0,0.0,0.0,True,0.2841672441558072,-1,-1,0.0,52,52,-276.194480443249,,-276.194480443249,5.540440356059877e-07,AUTO_KEEP
beta,beta_E,2024-01-29,sure,0,-1,-1,0,0.0,0.0,0.0,True,0.2841672441558072,-1,-1,0.0,49,50,-275.02309660418035,,-275.02309660418035,5.574340313263573e-07,AUTO_KEEP
beta,beta_E,2024-01-30,sure,0,-1,-1,0,0.0,0.0,0.0,True,0.2841672441558072,-1,-1,0.0,50,50,-907.3452597963669,,-907.3452597963669,1.0024086214321088e-07,AUTO_KEEP
beta,beta_E,2024-01-31,sure,0,-1,-1,0,0.0,0.0,0.0,True,0.2841672441558072,-1,-1,0.0,64,64,-935.2103723815761,,-935.2103723815761,9.597156930644288e-08,AUTO_KEEP
beta,beta_E,2024-02-01,sure,0,-1,-1,0,0.0,0.0,0.0,True,0.2841672441558072,-1,-1,0.0,60,61,-237.1555681419396,,-237.1555681419396,6.894515071883778e-07,AUTO_KEEP
beta,beta_E,2024-02-02,sure,0,-1,-1,0,0.0,0.0,0.0,True,0.2841672441558072,-1,-1,0.0,46,46,-504.6707614457868,,-504.6707614457868,2.3306066783042738e-07,AUTO_KEEP
beta,beta_E,2024-02-03,sure,0,-1,-1,0,0.0,0.0,0.0,True,0.2841672441558072,-1,-1,0.0,62,62,-198.66785076979306,,-198.66785076979306,8.887369862332033e-07,AUTO_KEEP
beta,beta_E,2024-02-04,sure,0,-1,-1,0,0.0,0.0,0.0,True,0.2841672441558072,-1,-1,0.0,47,47,-454.86620283663706,,-454.86620283663706,2.7060308381184774e-07,AUTO_KEEP
beta,beta_E,2024-02-05,sure,0,-1,-1,0,0.0,0.0,0.0,True,0.2841672441558072,-1,-1,0.0,35,35,-2849.112936218343,,-2849.112936218343,1.9306567152760403e-08,AUTO_KEEP
beta,beta_E,2024-02-06,sure,0,-1,-1,0,0.0,0.0,0.0,True,0.2841672441558072,-1,-1,0.0,39,39,-717.200813315313,,-717.200813315313,1.4059737233732094e-07,AUTO_KEEP
beta,beta_E,2024-02-07,sure,0,-1,-1,0,0.0,0.0,0.0,True,0.2841672441558072,-1,-1,0.0,48,48,-852.0698116494084,,-852.0698116494084,1.0972875291089984e-07,AUTO_KEEP
beta,beta_E,2024-02-08,unsure,0,-1,-1,0,0.0,0.2230025,0.0,True,0.2841672441558072,55,55,7.384771159211357,56,56,-13.140801908591952,7.384771159211357,7.384771159211357,0.037653286826024916,AUTO_KEEP
beta,beta_E,2024-02-09,sure,0,-1,-1,0,0.0,0.0,0.0,True,0.2841672441558072,-1,-1,0.0,54,54,-102.14013487154978,,-102.14013487154978,2.301481233367204e-06,AUTO_KEEP
beta,beta_E,2024-02-10,unsure,0,-1,-1,0,0.0,0.273014,0.0,True,0.2841672441558072,49,49,3.751288850687899,50,50,-8.779694983059029,3.751288850687899,3.751288850687899,0.01697108359647235,AUTO_KEEP
beta,beta_E,2024-02-11,sure,0,-1,-1,0,0.0,0.0,0.0,True,0.2841672441558072,-1,-1,0.0,45,46,-767.4367999699446,,-767.4367999699446,1.275506155163649e-07,AUTO_KEEP
beta,beta_E,2024-02-12,unsure,0,-1,-1,0,0.0,0.0,0.0,True,0.2841672441558072,-1,-1,0.0,46,48,-6.41714322857044,,-6.41714322857044,0.00010201525113103416,AUTO_KEEP
beta,beta_E,2024-02-13,sure,0,-1,-1,0,0.0,0.0,0.0,True,0.2841672441558072,-1,-1,0.0,45,48,-375.9058681986495,,-375.9058681986495,3.558932357523726e-07,AUTO_KEEP
beta,beta_E,2024-02-14,sure,0,-1,-1,0,0.0,0.0,0.0,True,0.2841672441558072,-1,-1,0.0,42,42,-969.2392059853071,,-969.2392059853071,9.116077361104711e-08,AUTO_KEEP
beta,beta_E,2024-02-15,sure,0,-1,-1,0,0.0,0.0,0.0,True,0.2841672441558072,-1,-1,0.0,54,54,-1819.2276659400973,,-1819.2276659400973,3.68308366126343e-08,AUTO_KEEP
beta,beta_E,2024-02-16,sure,0,-1,-1,0,0.0,0.0,0.0,True,0.2841672441558072,-1,-1,0.0,50,57,-28.99094284724341,,-28.99094284724341,1.3636722751950652e-05,AUTO_KEEP
beta,beta_E,2024-02-17,sure,0,-1,-1,0,0.0,0.0,0.0,True,0.2841672441558072,-1,-1,0.0,49,54,-639.784759976036,,-639.784759976036,1.657019684272407e-07,AUTO_KEEP
beta,beta_E,2024-02-18,sure,0,-1,-1,0,0.0,0.0,0.0,True,0.2841672441558072,-1,-1,0.0,44,54,-316.44296670091904,,-316.44296670091904,4.5575290094895036e-07,AUTO_KEEP
beta,beta_E,2024-02-19,sure,0,-1,-1,0,0.0,0.0,0.0,True,0.2841672441558072,-1,-1,0.0,43,43,-1791.0347306243355,,-1791.0347306243355,3.766836407675607e-08,AUTO_KEEP
beta,beta_E,2024-02-20,sure,0,-1,-1,0,0.0,0.0,0.0,True,0.2841672441558072,-1,-1,0.0,56,56,-366.14670559120566,,-366.14670559120566,3.695992396441046e-07,AUTO_KEEP
beta,beta_E,2024-02-21,sure,0,-1,-1,0,0.0,0.298347,0.0,True,0.2841672441558072,54,54,0.37111450911473176,60,60,-52.85747615521646,0.37111450911473176,0.37111450911473176,0.002873639810187762,AUTO_KEEP
beta,beta_E,2024-02-22,sure,0,-1,-1,0,0.0,0.0,0.0,True,0.2841672441558072,-1,-1,0.0,52,52,-144.7566973351172,,-144.7566973351172,1.3984668488719123e-06,AUTO_KEEP
beta,beta_E,2024-02-23,sure,0,-1,-1,0,0.0,0.0,0.0,True,0.2841672441558072,-1,-1,0.0,40,40,-1986.2919403437443,,-1986.2919403437443,3.24547992433886e-08,AUTO_KEEP
beta,beta_E,2024-02-24,sure,0,-1,-1,0,0.0,0.0,0.0,True,0.2841672441558072,-1,-1,0.0,24,24,-2464.981682365373,,-2464.981682365373,2.3783122988319894e-08,AUTO_KEEP
beta,beta_E,2024-02-25,sure,0,-1,-1,0,0.0,0.0,0.0,True,0.2841672441558072,-1,-1,0.0,57,57,-28.98405196271222,,-28.98405196271222,1.3641237220688746e-05,AUTO_KEEP
beta,beta_E,2024-02-26,sure,0,-1,-1,0,0.0,0.0,0.0,True,0.2841672441558072,-1,-1,0.0,48,48,-15.532809920906846,,-15.532809920906846,3.2156071600985186e-05,AUTO_KEEP
beta,beta_E,2024-02-27,sure,0,-1,-1,0,0.0,0.0,0.0,True,0.2841672441558072,-1,-1,0.0,49,49,-1019.6931984974134,,-1019.6931984974134,8.474120683458005e-08,AUTO_KEEP
beta,beta_E,2024-02-28,sure,0,-1,-1,0,0.0,0.0,0.0,True,0.2841672441558072,-1,-1,0.0,56,56,-283.1506053316567,,-283.1506053316567,5.346128072408194e-07,AUTO_KEEP
beta,beta_E,2024-02-29,sure,0,-1,-1,0,0.0,0.0,0.0,True,0.2841672441558072,-1,-1,0.0,45,45,-1917.054329428115,,-1917.054329428115,3.4155672883580427e-08,AUTO_KEEP
beta,beta_E,2024-03-01,sure,0,-1,-1,0,0.0,0.0,0.0,True,0.2841672441558072,-1,-1,0.0,55,55,-774.2211557799002,,-774.2211557799002,1.259458105659652e-07,AUTO_KEEP
beta,beta_E,2024-03-02,sure,0,-1,-1,0,0.0,0.0,0.0,True,0.2841672441558072,-1,-1,0.0,49,49,-2453.2599222522927,,-2453.2599222522927,2.3946915190710803e-08,AUTO_KEEP
beta,beta_E,2024-03-03,sure,0,-1,-1,0,0.0,0.0,0.0,True,0.2841672441558072,-1,-1,0.0,45,45,-397.02968380153084,,-397.02968380153084,3.290079373153754e-07,AUTO_KEEP
beta,beta_E,2024-03-04,sure,0,-1,-1,0,0.0,0.0,0.0,True,0.2841672441558072,-1,-1,0.0,57,57,-58.899085802496835,,-58.899085802496835,5.034559656251336e-06,AUTO_KEEP
beta,beta_E,2024-03-05,unsure,0,-1,-1,0,0.0,0.4854885,0.0,True,0.2841672441558072,51,52,10.040461159028276,55,55,6.89502360864831,3.145437550379966,10.040461159028276,0.05496022868036428,AUTO_KEEP
beta,beta_E,2024-03-06,unsure,0,-1,-1,0,0.0,0.0,0.0,True,0.2841672441558072,-1,-1,0.0,47,49,-3.152356952926488,,-3.152356952926488,0.00023524217331848728,AUTO_KEEP
beta,beta_E,2024-03-07,sure,0,-1,-1,0,0.0,0.0,0.0,True,0.2841672441558072,-1,-1,0.0,51,51,-125.13390095217048,,-125.13390095217048,1.7222930946197674e-06,AUTO_KEEP
beta,beta_E,2024-03-08,sure,0,-1,-1,0,0.0,0.0,0.0,True,0.2841672441558072,-1,-1,0.0,48,48,-192.0640576986312,,-192.0640576986312,9.328533308353778e-07,AUTO_KEEP
beta,beta_E,2024-03-09,sure,0,-1,-1,0,0.0,0.0,0.0,True,0.2841672441558072,-1,-1,0.0,53,53,-269.68010434162204,,-269.68010434162204,5.733522432870061e-07,AUTO_KEEP
beta,beta_E,2024-03-10,sure,0,-1,-1,0,0.0,0.0,0.0,True,0.2841672441558072,-1,-1,0.0,46,48,-307.8275885681383,,-307.8275885681383,4.7417884331720263e-07,AUTO_KEEP
beta,beta_E,2024-03-11,sure,0,-1,-1,0,0.0,0.0,0.0,True,0.2841672441558072,-1,-1,0.0,54,54,-22.98222023720063,,-22.98222023720063,1.881810054309777e-05,AUTO_KEEP
beta,beta_E,2024-03-12,sure,0,-1,-1,0,0.0,0.0,0.0,True,0.2841672441558072,-1,-1,0.0,45,50,-57.92837535473618,,-57.92837535473618,5.154451115160716e-06,AUTO_KEEP
beta,beta_E,2024-03-13,sure,0,-1,-1,0,0.0,0.0,0.0,True,0.2841672441558072,-1,-1,0.0,50,50,-88.4029862069991,,-88.4029862069991,2.8276369225705493e-06,AUTO_KEEP
beta,beta_E,2024-03-14,sure,0,-1,-1,0,0.0,0.0,0.0,True,0.2841672441558072,-1,-1,0.0,47,47,-149.54725935018055,,-149.54725935018055,1.3348182830989737e-06,AUTO_KEEP
beta,beta_E,2024-03-15,unsure,0,-1,-1,0,0.0,1.105147,0.0,True,0.2841672441558072,46,48,20.40115127583396,54,54,1.6193751971071024,18.781776078726857,20.40115127583396,0.13110541463079753,AUTO_KEEP
beta,beta_E,2024-03-16,sure,0,-1,-1,0,0.0,0.0,0.0,True,0.2841672441558072,-1,-1,0.0,56,56,-172.56647053116677,,-172.56647053116677,1.0874593211707374e-06,AUTO_KEEP
beta,beta_E,2024-03-17,sure,0,-1,-1,0,0.0,0.0,0.0,True,0.2841672441558072,-1,-1,0.0,48,48,-242.8473291640764,,-242.8473291640764,6.663904078633803e-07,AUTO_KEEP
beta,beta_E,2024-03-18,sure,0,-1,-1,0,0.0,0.0,0.0,True,0.2841672441558072,-1,-1,0.0,61,61,-2.7614851546408468,,-2.7614851546408468,0.0002712348063784641,AUTO_KEEP
beta,beta_E,2024-03-19,sure,0,-1,-1,0,0.0,0.0,0.0,True,0.2841672441558072,-1,-1,0.0,53,57,-6.194562684632465,,-6.194562684632465,0.00010659171062641163,AUTO_KEEP
beta,beta_E,2024-03-20,sure,0,-1,-1,0,0.0,0.0,0.0,True,0.2841672441558072,-1,-1,0.0,37,37,-1901.5925561336257,,-1901.5925561336257,3.45562145026983e-08,AUTO_KEEP
beta,beta_E,2024-03-21,sure,0,-1,-1,0,0.0,0.2993435,0.0,True,0.2841672441558072,56,56,10.163710932101027,45,46,7.472688539776989,2.6910223923240384,10.163710932101027,0.05579674234325961,AUTO_KEEP
beta,beta_E,2024-03-22,sure,0,-1,-1,0,0.0,0.0,0.0,True,0.2841672441558072,-1,-1,0.0,62,62,-94.4074232531231,,-94.4074232531231,2.574896977483413e-06,AUTO_KEEP
beta,beta_E,2024-03-23,unsure,0,-1,-1,0,0.0,0.0,0.0,True,0.2841672441558072,-1,-1,0.0,48,49,-20.352835161591003,,-20.352835161591003,2.2244433172313698e-05,AUTO_KEEP
beta,beta_E,2024-03-24,unsure,0,-1,-1,0,0.0,0.131546,0.0,True,0.2841672441558072,52,52,2.3840540109994337,48,48,-3.6872190877715285,2.3840540109994337,2.3840540109994337,0.010478151605755154,AUTO_KEEP
beta,beta_E,2024-03-25,unsure,0,-1,-1,0,0.0,1.532143,0.0,True,0.2841672441558072,46,51,2.6773185488727926,54,55,-4.6583683544005146,2.6773185488727926,2.6773185488727926,0.011794991303213875,AUTO_KEEP
beta,beta_E,2024-03-26,sure,0,-1,-1,0,0.0,0.0,0.0,True,0.2841672441558072,-1,-1,0.0,52,52,-10.465274148372078,,-10.465274148372078,5.447901493567769e-05,AUTO_KEEP
beta,beta_E,2024-03-27,sure,0,-1,-1,0,0.0,0.0,0.0,True,0.2841672441558072,-1,-1,0.0,50,54,-17.719509666265804,,-17.719509666265804,2.688788087926984e-05,AUTO_KEEP
beta,beta_E,2024-03-28,sure,0,-1,-1,0,0.0,0.0,0.0,True,0.2841672441558072,-1,-1,0.0,48,49,-55.29691909963214,,-55.29691909963214,5.505039270212598e-06,AUTO_KEEP
beta,beta_E,2024-03-29,sure,0,-1,-1,0,0.0,0.0,0.0,True,0.2841672441558072,-1,-1,0.0,56,56,-121.65082544146777,,-121.65082544146777,1.7931835995964515e-06,AUTO_KEEP
beta,beta_E,2024-04-01,sure,0,-1,-1,0,0.0,0.0,0.0,True,0.2841672441558072,-1,-1,0.0,51,53,-33.86287401735766,,-33.86287401735766,1.0978550888530713e-05,AUTO_KEEP
beta,beta_E,2024-04-02,sure,0,-1,-1,0,0.0,0.0,0.0,True,0.2841672441558072,-1,-1,0.0,43,43,-203.50924580020066,,-203.50924580020066,8.585898409695392e-07,AUTO_KEEP
beta,beta_E,2024-04-03,sure,0,-1,-1,0,0.0,0.6351785,0.0,True,0.2841672441558072,55,59,3.430122852575654,60,60,-5.395308119409114,3.430122852575654,3.430122852575654,0.01536858072613683,AUTO_KEEP
beta,beta_E,2024-04-04,sure,0,-1,-1,0,0.0,0.0,0.0,True,0.2841672441558072,-1,-1,0.0,24,24,-2317.023508367879,,-2317.023508367879,2.6000186726545218e-08,AUTO_KEEP
beta,beta_E,2024-04-05,sure,0,-1,-1,0,0.0,0.0,0.0,True,0.2841672441558072,-1,-1,0.0,24,24,-2203.5547744605883,,-2203.5547744605883,2.7949478483446233e-08,AUTO_KEEP
beta,beta_E,2024-04-06,sure,0,-1,-1,0,0.0,0.0,0.0,True,0.2841672441558072,-1,-1,0.0,51,51,-41.67453743906221,,-41.67453743906221,8.204785887127137e-06,AUTO_KEEP
beta,beta_E,2024-04-07,sure,0,-1,-1,0,0.0,0.0,0.0,True,0.2841672441558072,-1,-1,0.0,45,54,-9.627406393271517,,-9.627406393271517,6.077142238741379e-05,AUTO_KEEP
beta,beta_E,2024-04-08,sure,0,-1,-1,0,0.0,0.198701,0.0,True,0.2841672441558072,52,52,6.560369266069618,54,54,-8.89724267229542,6.560369266069618,6.560369266069618,0.032608315737244445,AUTO_KEEP
beta,beta_E,2024-04-09,sure,0,-1,-1,0,0.0,0.0,0.0,True,0.2841672441558072,-1,-1,0.0,49,49,-9.634947504716953,,-9.634947504716953,6.0709363905824166e-05,AUTO_KEEP
beta,beta_E,2024-04-10,sure,0,-1,-1,0,0.0,0.0,0.0,True,0.2841672441558072,-1,-1,0.0,45,45,-133.16098944915487,,-133.16098944915487,1.5758370042545986e-06,AUTO_KEEP
beta,beta_E,2024-04-11,unsure,1,46,55,10,2.5194959999999997,3.0676979999999996,2.5194959999999997,True,0.2841672441558072,43,56,6.808993413130799,57,57,-12.619916799116721,6.808993413130799,6.808993413130799,0.03411099655946473,AUTO_KEEP
beta,beta_E,2024-04-12,sure,0,-1,-1,0,0.0,1.3766289999999999,0.0,True,0.2841672441558072,43,51,4.084813924011582,53,54,-6.440359712853026,4.084813924011582,4.084813924011582,0.018680748162939225,AUTO_KEEP
beta,beta_E,2024-04-13,sure,0,-1,-1,0,0.0,0.0,0.0,True,0.2841672441558072,-1,-1,0.0,47,47,-5.643344111289561,,-5.643344111289561,0.00011955907274576015,AUTO_KEEP
beta,beta_E,2024-04-14,sure,0,-1,-1,0,0.0,0.0,0.0,True,0.2841672441558072,-1,-1,0.0,47,47,-16.671967282649778,,-16.671967282649778,2.9213286204534796e-05,AUTO_KEEP
beta,beta_E,2024-04-15,sure,0,-1,-1,0,0.0,3.412296,0.0,True,0.2841672441558072,43,52,6.719999698250362,54,54,-25.83709916924396,6.719999698250362,6.719999698250362,0.03357119910909672,AUTO_KEEP
beta,beta_E,2024-04-16,sure,0,-1,-1,0,0.0,0.0,0.0,True,0.2841672441558072,-1,-1,0.0,48,53,-5.8896337400814565,,-5.8896337400814565,0.0001134521363376615,AUTO_KEEP
beta,beta_E,2024-04-17,sure,0,-1,-1,0,0.0,0.0,0.0,True,0.2841672441558072,-1,-1,0.0,45,45,-24.49633986781486,,-24.49633986781486,1.7229684955891435e-05,AUTO_KEEP
beta,beta_E,2024-04-18,sure,0,-1,-1,0,0.0,1.9068045,0.0,True,0.2841672441558072,47,52,8.823146574397473,53,53,-48.28763883615929,8.823146574397473,8.823146574397473,0.046846602937095264,AUTO_KEEP
beta,beta_E,2024-04-19,sure,0,-1,-1,0,0.0,0.0,0.0,True,0.2841672441558072,-1,-1,0.0,47,47,-3.3739227983962556,,-3.3739227983962556,0.00021827424735839613,AUTO_KEEP
beta,beta_E,2024-04-20,sure,0,-1,-1,0,0.0,0.0,0.0,True,0.2841672441558072,-1,-1,0.0,24,24,-2326.842226780891,,-2326.842226780891,2.5842363928357064e-08,AUTO_KEEP
beta,beta_E,2024-04-21,sure,0,-1,-1,0,0.0,0.0,0.0,True,0.2841672441558072,-1,-1,0.0,47,47,-69.8963889337833,,-69.8963889337833,3.94926177550536e-06,AUTO_KEEP
beta,beta_E,2024-04-22,unsure,0,-1,-1,0,0.0,1.3662505,0.0,True,0.2841672441558072,47,53,4.662203072720029,54,54,-14.067320296397577,4.662203072720029,4.662203072720029,0.021743051788685335,AUTO_KEEP
beta,beta_E,2024-04-23,unsure,0,-1,-1,0,0.0,0.0,0.0,True,0.2841672441558072,-1,-1,0.0,50,50,-3.308835129288424,,-3.308835129288424,0.00022303832340545075,AUTO_KEEP
beta,beta_E,2024-04-24,sure,0,-1,-1,0,0.0,0.0,0.0,True,0.2841672441558072,-1,-1,0.0,48,48,-448.2415586225026,,-448.2415586225026,2.763696251170858e-07,AUTO_KEEP
beta,beta_E,2024-04-25,sure,0,-1,-1,0,0.0,1.541224,0.0,True,0.2841672441558072,51,53,19.985245292477174,54,54,-143.54421012262904,19.985245292477174,19.985245292477174,0.12791856066002136,AUTO_KEEP
beta,beta_E,2024-04-26,sure,0,-1,-1,0,0.0,0.0,0.0,True,0.2841672441558072,-1,-1,0.0,47,56,-16.027716174016323,,-16.027716174016323,3.0818527773489403e-05,AUTO_KEEP
beta,beta_E,2024-04-27,sure,0,-1,-1,0,0.0,0.0,0.0,True,0.2841672441558072,-1,-1,0.0,49,49,-32.11193958939302,,-32.11193958939302,1.1824415696112492e-05,AUTO_KEEP
beta,beta_E,2024-04-28,unsure,0,-1,-1,0,0.0,0.0,0.0,True,0.2841672441558072,-1,-1,0.0,47,51,-24.49738653316553,,-24.49738653316553,1.7228666190831993e-05,AUTO_KEEP
beta,beta_E,2024-04-29,unsure,0,-1,-1,0,0.0,0.0,0.0,True,0.2841672441558072,-1,-1,0.0,48,51,-11.19454082977192,,-11.19454082977192,4.984880524886891e-05,AUTO_KEEP
beta,beta_E,2024-04-30,sure,0,-1,-1,0,0.0,0.0,0.0,True,0.2841672441558072,-1,-1,0.0,41,41,-254.7783483239913,,-254.7783483239913,6.220791696816951e-07,AUTO_KEEP
beta,beta_E,2024-05-01,sure,0,-1,-1,0,0.0,0.0,0.0,True,0.2841672441558072,-1,-1,0.0,49,49,-566.4627184013224,,-566.4627184013224,1.9739983148832617e-07,AUTO_KEEP
beta,beta_E,2024-05-02,sure,0,-1,-1,0,0.0,0.0,0.0,True,0.2841672441558072,-1,-1,0.0,46,51,-19.624486242407524,,-19.624486242407524,2.338469911862198e-05,AUTO_KEEP
beta,beta_E,2024-05-03,sure,0,-1,-1,0,0.0,0.0,0.0,True,0.2841672441558072,-1,-1,0.0,47,47,-266.3521588364713,,-266.3521588364713,5.836607522696388e-07,AUTO_KEEP
beta,beta_E,2024-05-04,sure,0,-1,-1,0,0.0,0.0,0.0,True,0.2841672441558072,-1,-1,0.0,50,52,-163.82566789877046,,-163.82566789877046,1.1714882500608012e-06,AUTO_KEEP
beta,beta_E,2024-05-05,sure,0,-1,-1,0,0.0,0.0,0.0,True,0.2841672441558072,-1,-1,0.0,53,53,-378.8505834052606,,-378.8505834052606,3.519258642563663e-07,AUTO_KEEP
beta,beta_E,2024-05-06,sure,0,-1,-1,0,0.0,0.0,0.0,True,0.2841672441558072,-1,-1,0.0,60,60,-2780.346524861636,,-2780.346524861636,1.999787220029446e-08,AUTO_KEEP
beta,beta_E,2024-05-07,sure,0,-1,-1,0,0.0,0.0,0.0,True,0.2841672441558072,-1,-1,0.0,51,51,-111.45986013926853,,-111.45986013926853,2.031843967979606e-06,AUTO_KEEP
beta,beta_E,2024-05-08,sure,0,-1,-1,0,0.0,0.0,0.0,True,0.2841672441558072,-1,-1,0.0,51,51,-290.40176346662554,,-290.40176346662554,5.155558917315457e-07,AUTO_KEEP
beta,beta_E,2024-05-09,unsure,0,-1,-1,0,0.0,0.0,0.0,True,0.2841672441558072,-1,-1,0.0,47,52,-11.526813035341755,,-11.526813035341755,4.7955475664716346e-05,AUTO_KEEP
beta,beta_E,2024-05-10,sure,0,-1,-1,0,0.0,0.0,0.0,True,0.2841672441558072,-1,-1,0.0,49,49,-334.7604706448415,,-334.7604706448415,4.2037291203838957e-07,AUTO_KEEP
beta,beta_E,2024-05-11,sure,0,-1,-1,0,0.0,0.0,0.0,True,0.2841672441558072,-1,-1,0.0,24,24,-2204.5952759182496,,-2204.5952759182496,2.7930487765864684e-08,AUTO_KEEP
beta,beta_E,2024-05-12,sure,0,-1,-1,0,0.0,0.0,0.0,True,0.2841672441558072,-1,-1,0.0,49,49,-273.6586035267259,,-273.6586035267259,5.614274214508338e-07,AUTO_KEEP
beta,beta_E,2024-05-13,sure,0,-1,-1,0,0.0,0.0,0.0,True,0.2841672441558072,-1,-1,0.0,54,54,-340.60774238693,,-340.60774238693,4.100474237290275e-07,AUTO_KEEP
beta,beta_E,2024-05-14,sure,0,-1,-1,0,0.0,0.0,0.0,True,0.2841672441558072,-1,-1,0.0,50,50,-26.69258465740988,,-26.69258465740988,1.529631985713314e-05,AUTO_KEEP
beta,beta_E,2024-05-15,sure,0,-1,-1,0,0.0,0.0,0.0,True,0.2841672441558072,-1,-1,0.0,46,49,-5.492841564305478,,-5.492841564305478,0.00012357083963641886,AUTO_KEEP
beta,beta_E,2024-05-16,sure,0,-1,-1,0,0.0,0.0,0.0,True,0.2841672441558072,-1,-1,0.0,52,53,-111.63684580718555,,-111.63684580718555,2.0272467756189128e-06,AUTO_KEEP
beta,beta_E,2024-05-17,sure,0,-1,-1,0,0.0,0.0,0.0,True,0.2841672441558072,-1,-1,0.0,53,53,-82.48470835699365,,-82.48470835699365,3.1208263941991646e-06,AUTO_KEEP
beta,beta_E,2024-05-18,sure,0,-1,-1,0,0.0,0.0,0.0,True,0.2841672441558072,-1,-1,0.0,40,40,-1140.0889880360698,,-1140.0889880360698,7.216759600152047e-08,AUTO_KEEP
beta,beta_E,2024-05-19,sure,0,-1,-1,0,0.0,0.0,0.0,True,0.2841672441558072,-1,-1,0.0,48,54,-351.41398887403307,,-351.41398887403307,3.920590518022851e-07,AUTO_KEEP
beta,beta_E,2024-05-20,sure,0,-1,-1,0,0.0,0.0,0.0,True,0.2841672441558072,-1,-1,0.0,46,46,-340.41762678237893,,-340.41762678237893,4.103763623877459e-07,AUTO_KEEP
beta,beta_E,2024-05-21,sure,0,-1,-1,0,0.0,0.0,0.0,True,0.2841672441558072,-1,-1,0.0,59,59,-1492.4715429089244,,-1492.4715429089244,4.897641784448636e-08,AUTO_KEEP
beta,beta_E,2024-05-22,sure,0,-1,-1,0,0.0,0.0,0.0,True,0.2841672441558072,-1,-1,0.0,47,53,-81.01791535614373,,-81.01791535614373,3.2015360837240098e-06,AUTO_KEEP
beta,beta_E,2024-05-23,sure,0,-1,-1,0,0.0,0.0,0.0,True,0.2841672441558072,-1,-1,0.0,51,51,-89.83760180058741,,-89.83760180058741,2.7635350576327564e-06,AUTO_KEEP
beta,beta_E,2024-05-24,sure,0,-1,-1,0,0.0,0.0,0.0,True,0.2841672441558072,-1,-1,0.0,51,51,-139.70655242659245,,-139.70655242659245,1.4713343178693231e-06,AUTO_KEEP
beta,beta_E,2024-05-25,sure,0,-1,-1,0,0.0,0.0,0.0,True,0.2841672441558072,-1,-1,0.0,48,48,-592.2976739372207,,-592.2976739372207,1.8513791909504337e-07,AUTO_KEEP
beta,beta_E,2024-05-26,sure,0,-1,-1,0,0.0,0.0,0.0,True,0.2841672441558072,-1,-1,0.0,47,51,-300.5761029373342,,-300.5761029373342,4.906890093430378e-07,AUTO_KEEP
beta,beta_E,2024-05-27,sure,0,-1,-1,0,0.0,0.0,0.0,True,0.2841672441558072,-1,-1,0.0,47,52,-124.36684395054317,,-124.36684395054317,1.7374926647285343e-06,AUTO_KEEP
beta,beta_E,2024-05-28,sure,0,-1,-1,0,0.0,0.0,0.0,True,0.2841672441558072,-1,-1,0.0,48,48,-128.39906793899084,,-128.39906793899084,1.660042297070194e-06,AUTO_KEEP
beta,beta_E,2024-05-29,sure,0,-1,-1,0,0.0,0.0,0.0,True,0.2841672441558072,-1,-1,0.0,49,50,-124.36053216865787,,-124.36053216865787,1.7376186773742994e-06,AUTO_KEEP
beta,beta_E,2024-05-30,sure,0,-1,-1,0,0.0,0.0,0.0,True,0.2841672441558072,-1,-1,0.0,50,51,-119.28775950657472,,-119.28775950657472,1.8441451127894622e-06,AUTO_KEEP
beta,beta_E,2024-05-31,sure,0,-1,-1,0,0.0,0.0,0.0,True,0.2841672441558072,-1,-1,0.0,24,24,-2778.821483026892,,-2778.821483026892,2.001367729219986e-08,AUTO_KEEP
beta,beta_E,2024-06-01,sure,0,-1,-1,0,0.0,0.0,0.0,True,0.2841672441558072,-1,-1,0.0,24,24,-2591.454258179023,,-2591.454258179023,2.2129961659718782e-08,AUTO_KEEP
beta,beta_E,2024-06-02,sure,0,-1,-1,0,0.0,0.0,0.0,True,0.2841672441558072,-1,-1,0.0,54,54,-2369.6980596713925,,-2369.6980596713925,2.5172134361706678e-08,AUTO_KEEP
beta,beta_E,2024-06-03,sure,0,-1,-1,0,0.0,0.0,0.0,True,0.2841672441558072,-1,-1,0.0,46,46,-293.2257855526156,,-293.2257855526156,5.084431305726027e-07,AUTO_KEEP
beta,beta_E,2024-06-04,sure,0,-1,-1,0,0.0,0.0,0.0,True,0.2841672441558072,-1,-1,0.0,53,53,-349.2904221058619,,-349.2904221058619,3.95487232216661e-07,AUTO_KEEP
beta,beta_E,2024-06-05,sure,0,-1,-1,0,0.0,0.0,0.0,True,0.2841672441558072,-1,-1,0.0,49,49,-125.16123714127485,,-125.16123714127485,1.7217555759500703e-06,AUTO_KEEP
beta,beta_E,2024-06-06,sure,0,-1,-1,0,0.0,0.0,0.0,True,0.2841672441558072,-1,-1,0.0,49,49,-271.7077050090761,,-271.7077050090761,5.672218328666146e-07,AUTO_KEEP
beta,beta_E,2024-06-07,sure,0,-1,-1,0,0.0,0.0,0.0,True,0.2841672441558072,-1,-1,0.0,57,57,-1337.432092698136,,-1337.432092698136,5.735257970296661e-08,AUTO_KEEP
beta,beta_E,2024-06-08,sure,0,-1,-1,0,0.0,0.0,0.0,True,0.2841672441558072,-1,-1,0.0,55,55,-548.6223864247959,,-548.6223864247959,2.066949749850698e-07,AUTO_KEEP
beta,beta_E,2024-06-09,sure,0,-1,-1,0,0.0,0.0,0.0,True,0.2841672441558072,-1,-1,0.0,54,54,-418.6995071552065,,-418.6995071552065,3.0481973494362746e-07,AUTO_KEEP
beta,beta_E,2024-06-10,sure,0,-1,-1,0,0.0,0.0,0.0,True,0.2841672441558072,-1,-1,0.0,51,51,-828.7006818935143,,-828.7006818935143,1.1420804088327795e-07,AUTO_KEEP
beta,beta_E,2024-06-11,sure,0,-1,-1,0,0.0,0.0,0.0,True,0.2841672441558072,-1,-1,0.0,47,47,-826.0640523614766,,-826.0640523614766,1.1473285697467597e-07,AUTO_KEEP
beta,beta_E,2024-06-12,sure,0,-1,-1,0,0.0,0.0,0.0,True,0.2841672441558072,-1,-1,0.0,48,51,-105.02589184066424,,-105.02589184066424,2.2117949851757924e-06,AUTO_KEEP
beta,beta_E,2024-06-13,sure,0,-1,-1,0,0.0,0.0,0.0,True,0.2841672441558072,-1,-1,0.0,49,49,-651.9647259826418,,-651.9647259826418,1.6126806822782075e-07,AUTO_KEEP
beta,beta_E,2024-06-14,sure,0,-1,-1,0,0.0,0.0,0.0,True,0.2841672441558072,-1,-1,0.0,24,24,-3904.418510580774,,-3904.418510580774,1.226435145218266e-08,AUTO_KEEP
beta,beta_E,2024-06-15,sure,0,-1,-1,0,0.0,0.0,0.0,True,0.2841672441558072,-1,-1,0.0,52,52,-2816.085045662212,,-2816.085045662212,1.9633455388462214e-08,AUTO_KEEP
beta,beta_E,2024-06-16,sure,0,-1,-1,0,0.0,0.0,0.0,True,0.2841672441558072,-1,-1,0.0,51,52,-770.602373265913,,-770.602373265913,1.2679752981421673e-07,AUTO_KEEP
beta,beta_E,2024-06-17,sure,0,-1,-1,0,0.0,0.0,0.0,True,0.2841672441558072,-1,-1,0.0,48,48,-1778.4111909039436,,-1778.4111909039436,3.8053890886557386e-08,AUTO_KEEP
beta,beta_E,2024-06-18,sure,0,-1,-1,0,0.0,0.0,0.0,True,0.2841672441558072,-1,-1,0.0,49,51,-352.89457041115094,,-352.89457041115094,3.896985461123889e-07,AUTO_KEEP
beta,beta_E,2024-06-19,sure,0,-1,-1,0,0.0,0.0,0.0,True,0.2841672441558072,-1,-1,0.0,50,52,-456.6437901127076,,-456.6437901127076,2.690903587592205e-07,AUTO_KEEP
beta,beta_E,2024-06-20,sure,0,-1,-1,0,0.0,0.0,0.0,True,0.2841672441558072,-1,-1,0.0,48,48,-840.0520796993409,,-840.0520796993409,1.1199431934644147e-07,AUTO_KEEP
beta,beta_E,2024-06-21,sure,0,-1,-1,0,0.0,0.0,0.0,True,0.2841672441558072,-1,-1,0.0,49,51,-472.4547111176875,,-472.4547111176875,2.5624202913065327e-07,AUTO_KEEP
beta,beta_E,2024-06-22,sure,0,-1,-1,0,0.0,0.0,0.0,False,,-1,-1,,-1,-1,,,,,UNCERTAIN
beta,beta_E,2024-06-23,sure,0,-1,-1,0,0.0,0.0,0.0,True,0.2841672441558072,-1,-1,0.0,51,51,-1812.9883885023796,,-1812.9883885023796,3.7013451391529615e-08,AUTO_KEEP
beta,beta_E,2024-06-24,sure,0,-1,-1,0,0.0,0.0,0.0,True,0.2841672441558072,-1,-1,0.0,54,54,-485.64118735140914,,-485.64118735140914,2.463004944749852e-07,AUTO_KEEP
beta,beta_E,2024-06-25,sure,0,-1,-1,0,0.0,0.0,0.0,True,0.2841672441558072,-1,-1,0.0,53,53,-309.7467357351278,,-309.7467357351278,4.6996626632555576e-07,AUTO_KEEP
beta,beta_E,2024-06-26,sure,0,-1,-1,0,0.0,0.0,0.0,True,0.2841672441558072,-1,-1,0.0,52,52,-269.39437136445093,,-269.39437136445093,5.742251763735321e-07,AUTO_KEEP
beta,beta_E,2024-06-27,sure,0,-1,-1,0,0.0,0.0,0.0,True,0.2841672441558072,-1,-1,0.0,49,52,-223.8988191352915,,-223.8988191352915,7.487427669530252e-07,AUTO_KEEP
beta,beta_E,2024-06-28,sure,0,-1,-1,0,0.0,0.0,0.0,True,0.2841672441558072,-1,-1,0.0,52,52,-335.5018158693588,,-335.5018158693588,4.1903953579289995e-07,AUTO_KEEP
beta,beta_E,2024-06-29,sure,0,-1,-1,0,0.0,0.0,0.0,True,0.2841672441558072,-1,-1,0.0,52,52,-591.1750125013185,,-591.1750125013185,1.856437101854615e-07,AUTO_KEEP
beta,beta_E,2024-06-30,sure,0,-1,-1,0,0.0,0.0,0.0,True,0.2841672441558072,-1,-1,0.0,24,26,-2872.122188438696,,-2872.122188438696,1.9084245566061434e-08,AUTO_KEEP
beta,beta_E,2024-07-01,sure,0,-1,-1,0,0.0,0.0,0.0,True,0.2841672441558072,-1,-1,0.0,52,52,-994.0689487297235,,-994.0689487297235,8.790226721921691e-08,AUTO_KEEP
beta,beta_E,2024-07-02,sure,0,-1,-1,0,0.0,0.0,0.0,True,0.2841672441558072,-1,-1,0.0,24,24,-5100.168159701622,,-5100.168159701622,8.347382010170126e-09,AUTO_KEEP
beta,beta_E,2024-07-03,sure,0,-1,-1,0,0.0,0.0,0.0,True,0.2841672441558072,-1,-1,0.0,56,57,-1253.898439396907,,-1253.898439396907,6.293144699737605e-08,AUTO_KEEP
beta,beta_E,2024-07-04,sure,0,-1,-1,0,0.0,0.0,0.0,True,0.2841672441558072,-1,-1,0.0,48,53,-330.74231232955043,,-330.74231232955043,4.2772669719546695e-07,AUTO_KEEP
beta,beta_E,2024-07-05,sure,0,-1,-1,0,0.0,0.0,0.0,True,0.2841672441558072,-1,-1,0.0,51,51,-880.6863713938882,,-880.6863713938882,1.0463561860807063e-07,AUTO_KEEP
beta,beta_E,2024-07-06,sure,0,-1,-1,0,0.0,0.0,0.0,True,0.2841672441558072,-1,-1,0.0,53,53,-466.62745029066826,,-466.62745029066826,2.6085412235754535e-07,AUTO_KEEP
beta,beta_E,2024-07-07,sure,0,-1,-1,0,0.0,0.0,0.0,True,0.2841672441558072,-1,-1,0.0,51,51,-573.3635000938109,,-573.3635000938109,1.9399260602148222e-07,AUTO_KEEP
beta,beta_E,2024-07-08,sure,0,-1,-1,0,0.0,0.0,0.0,True,0.2841672441558072,-1,-1,0.0,54,54,-1450.8733957339637,,-1450.8733957339637,5.1010391902955664e-08,AUTO_KEEP
beta,beta_E,2024-07-09,sure,0,-1,-1,0,0.0,0.0,0.0,True,0.2841672441558072,-1,-1,0.0,49,49,-1055.904086232077,,-1055.904086232077,8.05908680489706e-08,AUTO_KEEP
beta,beta_E,2024-07-10,sure,0,-1,-1,0,0.0,0.0,0.0,True,0.2841672441558072,-1,-1,0.0,49,50,-247.27284412043085,,-247.27284412043085,6.493474457390285e-07,AUTO_KEEP
beta,beta_E,2024-07-11,sure,0,-1,-1,0,0.0,0.0,0.0,True,0.2841672441558072,-1,-1,0.0,50,50,-275.6480266161233,,-275.6480266161233,5.556211190685389e-07,AUTO_KEEP
beta,beta_E,2024-07-12,sure,0,-1,-1,0,0.0,0.0,0.0,True,0.2841672441558072,-1,-1,0.0,52,52,-205.4032184411926,,-205.4032184411926,8.472643108084339e-07,AUTO_KEEP
beta,beta_E,2024-07-13,sure,0,-1,-1,0,0.0,0.0,0.0,True,0.2841672441558072,-1,-1,0.0,47,47,-364.5231373479959,,-364.5231373479959,3.7196628605184153e-07,AUTO_KEEP
beta,beta_E,2024-07-14,sure,0,-1,-1,0,0.0,0.0,0.0,True,0.2841672441558072,-1,-1,0.0,50,50,-404.0576785012206,,-404.0576785012206,3.2081671537669385e-07,AUTO_KEEP
beta,beta_E,2024-07-15,sure,0,-1,-1,0,0.0,0.0,0.0,True,0.2841672441558072,-1,-1,0.0,53,53,-559.4412013568293,,-559.4412013568293,2.009720444044739e-07,AUTO_KEEP
beta,beta_E,2024-07-16,sure,0,-1,-1,0,0.0,0.0,0.0,True,0.2841672441558072,-1,-1,0.0,57,57,-3485.3165372689696,,-3485.3165372689696,1.444306959417482e-08,AUTO_KEEP
beta,beta_E,2024-07-17,sure,0,-1,-1,0,0.0,0.0,0.0,True,0.2841672441558072,-1,-1,0.0,50,50,-286.6972822534193,,-286.6972822534193,5.251452583430036e-07,AUTO_KEEP
beta,beta_E,2024-07-18,sure,0,-1,-1,0,0.0,0.0,0.0,True,0.2841672441558072,-1,-1,0.0,51,51,-122.54090833568412,,-122.54090833568412,1.7746034571598591e-06,AUTO_KEEP
beta,beta_E,2024-07-19,sure,0,-1,-1,0,0.0,0.0,0.0,True,0.2841672441558072,-1,-1,0.0,53,53,-304.85891037127806,,-304.85891037127806,4.808224745279566e-07,AUTO_KEEP
beta,beta_E,2024-07-20,sure,0,-1,-1,0,0.0,0.0,0.0,True,0.2841672441558072,-1,-1,0.0,52,53,-361.50310564576694,,-361.50310564576694,3.7643820523585384e-07,AUTO_KEEP
beta,beta_E,2024-07-21,sure,0,-1,-1,0,0.0,0.0,0.0,True,0.2841672441558072,-1,-1,0.0,52,52,-252.2815539944479,,-252.2815539944479,6.30931560690649e-07,AUTO_KEEP
beta,beta_E,2024-07-22,sure,0,-1,-1,0,0.0,0.0,0.0,True,0.2841672441558072,-1,-1,0.0,50,50,-112.67385729170095,,-112.67385729170095,2.0006609727781963e-06,AUTO_KEEP
beta,beta_E,2024-07-23,sure,0,-1,-1,0,0.0,0.0,0.0,True,0.2841672441558072,-1,-1,0.0,51,51,-110.29768466973977,,-110.29768466973977,2.06247534875723e-06,AUTO_KEEP
beta,beta_E,2024-07-24,sure,0,-1,-1,0,0.0,0.0,0.0,True,0.2841672441558072,-1,-1,0.0,52,52,-73.95255755755524,,-73.95255755755524,3.645117982740415e-06,AUTO_KEEP
beta,beta_E,2024-07-25,sure,0,-1,-1,0,0.0,0.0,0.0,True,0.2841672441558072,-1,-1,0.0,46,47,-254.8679343331032,,-254.8679343331032,6.217654569384322e-07,AUTO_KEEP
beta,beta_E,2024-07-26,sure,0,-1,-1,0,0.0,0.0,0.0,True,0.2841672441558072,-1,-1,0.0,53,53,-52.65093354369624,,-52.65093354369624,5.900326965467584e-06,AUTO_KEEP
beta,beta_E,2024-07-27,sure,0,-1,-1,0,0.0,0.0,0.0,True,0.2841672441558072,-1,-1,0.0,24,24,-3312.84580075751,,-3312.84580075751,1.5538137595349294e-08,AUTO_KEEP
beta,beta_E,2024-07-28,sure,0,-1,-1,0,0.0,0.0,0.0,True,0.2841672441558072,-1,-1,0.0,51,51,-576.7847683456871,,-576.7847683456871,1.9234013160107884e-07,AUTO_KEEP
beta,beta_E,2024-07-29,sure,0,-1,-1,0,0.0,0.0,0.0,True,0.2841672441558072,-1,-1,0.0,47,47,-1067.5377177366934,,-1067.5377177366934,7.9330020677543e-08,AUTO_KEEP
beta,beta_E,2024-07-30,sure,0,-1,-1,0,0.0,0.0,0.0,True,0.2841672441558072,-1,-1,0.0,52,52,-443.90448486216053,,-443.90448486216053,2.8025869547591904e-07,AUTO_KEEP
beta,beta_E,2024-07-31,sure,0,-1,-1,0,0.0,0.0,0.0,True,0.2841672441558072,-1,-1,0.0,49,49,-1272.2567083299487,,-1272.2567083299487,6.162859686931683e-08,AUTO_KEEP
beta,beta_E,2024-08-01,sure,0,-1,-1,0,0.0,0.0,0.0,True,0.2841672441558072,-1,-1,0.0,51,51,-1127.9224770661745,,-1127.9224770661745,7.329056437342624e-08,AUTO_KEEP
beta,beta_E,2024-08-02,sure,0,-1,-1,0,0.0,0.0,0.0,True,0.2841672441558072,-1,-1,0.0,50,53,-95.12531622184586,,-95.12531622184586,2.5472428003123538e-06,AUTO_KEEP
beta,beta_E,2024-08-03,sure,0,-1,-1,0,0.0,0.0,0.0,True,0.2841672441558072,-1,-1,0.0,51,53,-246.59566240397956,,-246.59566240397956,6.519071886448811e-07,AUTO_KEEP
beta,beta_E,2024-08-04,sure,0,-1,-1,0,0.0,0.0,0.0,False,,-1,-1,,-1,-1,,,,,UNCERTAIN
beta,beta_E,2024-08-05,sure,0,-1,-1,0,0.0,0.0,0.0,False,,-1,-1,,-1,-1,,,,,UNCERTAIN
beta,beta_E,2024-08-06,sure,0,-1,-1,0,0.0,0.0,0.0,True,0.2841672441558072,-1,-1,0.0,48,48,-75.99059188153129,,-75.99059188153129,3.5069434536776664e-06,AUTO_KEEP
beta,beta_E,2024-08-07,sure,0,-1,-1,0,0.0,0.0,0.0,True,0.2841672441558072,-1,-1,0.0,52,52,-19.807096408633186,,-19.807096408633186,2.308965321154022e-05,AUTO_KEEP
beta,beta_E,2024-08-08,sure,0,-1,-1,0,0.0,0.0,0.0,True,0.2841672441558072,-1,-1,0.0,53,53,-26.90205659859897,,-26.90205659859897,1.5131182114993995e-05,AUTO_KEEP
beta,beta_E,2024-08-09,sure,0,-1,-1,0,0.0,0.0,0.0,True,0.2841672441558072,-1,-1,0.0,52,52,-60.547846093288484,,-60.547846093288484,4.841444069376533e-06,AUTO_KEEP
beta,beta_E,2024-08-10,sure,0,-1,-1,0,0.0,0.0,0.0,True,0.2841672441558072,-1,-1,0.0,51,51,-39.74282888968015,,-39.74282888968015,8.77092331283855e-06,AUTO_KEEP
beta,beta_E,2024-08-11,sure,0,-1,-1,0,0.0,0.0,0.0,True,0.2841672441558072,-1,-1,0.0,60,60,-1751.898363546303,,-1751.898363546303,3.8885720596764045e-08,AUTO_KEEP
beta,beta_E,2024-08-12,sure,0,-1,-1,0,0.0,0.0,0.0,True,0.2841672441558072,-1,-1,0.0,51,52,-2234.7368531862803,,-2234.7368531862803,2.7389702138604044e-08,AUTO_KEEP
beta,beta_E,2024-08-13,sure,0,-1,-1,0,0.0,0.0,0.0,True,0.2841672441558072,-1,-1,0.0,55,55,-451.3354844710242,,-451.3354844710242,2.7365080883142804e-07,AUTO_KEEP
beta,beta_E,2024-08-14,sure,0,-1,-1,0,0.0,0.0,0.0,True,0.2841672441558072,-1,-1,0.0,24,24,-2786.9193511555104,,-2786.9193511555104,1.9929994671777505e-08,AUTO_KEEP
beta,beta_E,2024-08-15,sure,0,-1,-1,0,0.0,0.0,0.0,True,0.2841672441558072,-1,-1,0.0,51,53,-76.05420112483384,,-76.05420112483384,3.502774106008908e-06,AUTO_KEEP
beta,beta_E,2024-08-16,sure,0,-1,-1,0,0.0,0.0,0.0,True,0.2841672441558072,-1,-1,0.0,56,56,-179.7958281875615,,-179.7958281875615,1.0253796630510399e-06,AUTO_KEEP
beta,beta_E,2024-08-17,sure,0,-1,-1,0,0.0,0.2130735,0.0,True,0.2841672441558072,51,51,2.510235233768855,53,54,-12.016766688479876,2.510235233768855,2.510235233768855,0.011039257021179456,AUTO_KEEP
beta,beta_E,2024-08-18,sure,0,-1,-1,0,0.0,0.0,0.0,True,0.2841672441558072,-1,-1,0.0,44,44,-88.50263574682097,,-88.50263574682097,2.8231032379516114e-06,AUTO_KEEP
beta,beta_E,2024-08-19,sure,0,-1,-1,0,0.0,0.0,0.0,True,0.2841672441558072,-1,-1,0.0,51,51,-154.78937800713118,,-154.78937800713118,1.270603394670043e-06,AUTO_KEEP
beta,beta_E,2024-08-20,sure,0,-1,-1,0,0.0,1.9649124999999998,0.0,True,0.2841672441558072,44,55,4.36372917370968,56,56,-4.783633076088079,4.36372917370968,4.36372917370968,0.02014431411193955,AUTO_KEEP
beta,beta_E,2024-08-21,unsure,0,-1,-1,0,0.0,1.135413,0.0,True,0.2841672441558072,45,51,8.830368688979782,54,54,-0.23228616647479894,8.830368688979782,8.830368688979782,0.04689389620669643,AUTO_KEEP
beta,beta_E,2024-08-22,sure,0,-1,-1,0,0.0,0.254241,0.0,True,0.2841672441558072,48,48,15.4641286107351,52,52,9.197904445162123,6.266224165572977,15.4641286107351,0.093723828142231,AUTO_KEEP
beta,beta_E,2024-08-23,unsure,0,-1,-1,0,0.0,0.192753,0.0,True,0.2841672441558072,48,48,3.7729495546036027,51,52,1.617245120139769,2.155704434463834,3.7729495546036027,0.01708073644429473,AUTO_KEEP
beta,beta_E,2024-08-24,sure,0,-1,-1,0,0.0,0.281589,0.0,True,0.2841672441558072,48,48,0.00747807136386077,50,50,-3.4149535456261373,0.00747807136386077,0.00747807136386077,0.0018454140156271399,AUTO_KEEP
beta,beta_E,2024-08-25,sure,0,-1,-1,0,0.0,0.0,0.0,True,0.2841672441558072,-1,-1,0.0,24,24,-1738.6426930550736,,-1738.6426930550736,3.9313239015722436e-08,AUTO_KEEP
beta,beta_E,2024-08-26,sure,1,45,56,12,2.8297295,4.1982955,2.8297295,True,0.2841672441558072,40,58,24.848012024976516,59,59,-20.556748258216157,24.848012024976516,24.848012024976516,0.16530412846229234,AUTO_KEEP
beta,beta_E,2024-08-27,sure,1,44,56,13,4.8042535,6.102469999999999,4.8042535,True,0.2841672441558072,41,58,40.78154810298367,59,59,-16.788930008278502,40.78154810298367,40.78154810298367,0.28342212467781847,AUTO_KEEP
beta,beta_E,2024-08-28,sure,1,43,56,14,3.8192485,5.273779,3.8192485,True,0.2841672441558072,40,58,28.231643527362667,39,39,-33.7191492298338,28.231643527362667,28.231643527362667,0.1912234654881244,AUTO_KEEP
beta,beta_E,2024-08-29,sure,1,46,55,10,3.229397,4.806570499999999,3.229397,True,0.2841672441558072,45,58,38.41671257859841,59,59,-22.440533896972042,38.41671257859841,38.41671257859841,0.26669094108792557,AUTO_KEEP
beta,beta_E,2024-08-30,sure,1,46,55,10,1.5871254999999997,2.787174,1.5871254999999997,True,0.2841672441558072,41,56,6.942898933085571,57,57,-20.93412867519954,6.942898933085571,6.942898933085571,0.03492717587401343,AUTO_KEEP
beta,beta_E,2024-08-31,sure,1,46,55,10,2.2036925,3.4202085,2.2036925,True,0.2841672441558072,41,57,16.38165218739364,58,58,-14.552898024828105,16.38165218739364,16.38165218739364,0.10057294070044957,AUTO_KEEP
beta,beta_E,2024-09-01,sure,1,47,55,9,1.511958,2.282741,1.511958,True,0.2841672441558072,44,56,8.700089921663364,43,43,-9.339015303527175,8.700089921663364,8.700089921663364,0.04604241975965735,AUTO_KEEP
beta,beta_E,2024-09-02,sure,1,44,55,12,3.7746614999999997,5.236601500000002,3.7746614999999997,True,0.2841672441558072,40,58,36.456743333987966,39,39,-16.980672166141186,36.456743333987966,36.456743333987966,0.25257157257478946,AUTO_KEEP
beta,beta_E,2024-09-03,sure,1,42,59,18,6.143551999999999,6.645649999999999,5.962605499999999,True,0.2841672441558072,39,58,48.608426511321774,59,59,-11.127009845266299,48.608426511321774,48.608426511321774,0.33621285931708556,UNCERTAIN
beta,beta_E,2024-09-04,sure,1,45,56,12,3.335648,4.8665720000000015,3.335648,True,0.2841672441558072,40,59,27.149960026823006,60,60,-29.31443396853576,27.149960026823006,27.149960026823006,0.18296410048749137,AUTO_KEEP
beta,beta_E,2024-09-05,sure,1,44,57,14,4.0321215,4.9121425,4.0321215,True,0.2841672441558072,41,57,29.62696302142255,58,58,-5.149887177248164,29.62696302142255,29.62696302142255,0.2018271409064973,AUTO_KEEP
beta,beta_E,2024-09-06,sure,1,40,53,14,3.551898499999999,4.954974,3.551898499999999,True,0.2841672441558072,39,57,21.460904595078112,58,58,-48.016975099895895,21.460904595078112,21.460904595078112,0.13924183284304917,AUTO_KEEP
beta,beta_E,2024-09-07,unsure,0,-1,-1,0,0.0,5.804745,0.0,True,0.2841672441558072,39,56,7.318622034074865,57,57,-130.92641313869333,7.318622034074865,7.318622034074865,0.037242049497515806,AUTO_KEEP
beta,beta_E,2024-09-08,unsure,0,-1,-1,0,0.0,0.0,0.0,True,0.2841672441558072,-1,-1,0.0,24,24,-1732.4797899157716,,-1732.4797899157716,3.95147232037459e-08,AUTO_KEEP
beta,beta_E,2024-09-09,unsure,1,50,58,9,2.3204394999999995,0.88337,0.88337,True,0.2841672441558072,51,53,35.576929987807205,55,55,15.471034652278545,20.105895335528658,35.576929987807205,0.2461630778009195,AUTO_KEEP
beta,beta_E,2024-09-10,unsure,1,43,55,13,2.6256835,3.5833755,2.6256835,True,0.2841672441558072,41,58,26.80529233867701,39,39,-0.6951495311070728,26.80529233867701,26.80529233867701,0.18032624904411476,AUTO_KEEP
beta,beta_E,2024-09-11,sure,1,45,52,8,2.7567304999999998,4.3546785,2.7567304999999998,True,0.2841672441558072,40,54,17.66159455220278,57,57,-4.125180645549667,17.66159455220278,17.66159455220278,0.11021687645469926,AUTO_KEEP
beta,beta_E,2024-09-12,sure,0,-1,-1,0,0.0,0.0,0.0,True,0.2841672441558072,-1,-1,0.0,48,48,-0.5601341362409776,,-0.5601341362409776,0.0009628935040213488,AUTO_KEEP
beta,beta_E,2024-09-13,sure,0,-1,-1,0,0.0,0.0,0.0,True,0.2841672441558072,-1,-1,0.0,58,58,-18.464249930681387,,-18.464249930681387,2.5418592710126235e-05,AUTO_KEEP
beta,beta_E,2024-09-14,unsure,1,47,55,9,1.6252515,2.9304419999999998,1.6252515,True,0.2841672441558072,43,57,16.87221266094113,42,42,-9.283144804911561,16.87221266094113,16.87221266094113,0.10425794910476927,AUTO_KEEP
beta,beta_E,2024-09-15,sure,0,-1,-1,0,0.0,0.0,0.0,True,0.2841672441558072,-1,-1,0.0,49,49,-57.960924474103955,,-57.960924474103955,5.150352866796037e-06,AUTO_KEEP
beta,beta_E,2024-09-16,sure,1,43,56,14,4.550455500000001,5.304168500000001,4.550455500000001,True,0.2841672441558072,41,58,29.1690917961601,40,40,-12.417401665450614,29.1690917961601,29.1690917961601,0.19835449041435946,AUTO_KEEP
beta,beta_E,2024-09-17,sure,1,42,57,16,5.40334,6.211324499999999,5.40334,True,0.2841672441558072,39,59,34.16599195082046,60,60,-34.87923139387097,34.16599195082046,34.16599195082046,0.23579986531852384,AUTO_KEEP
beta,beta_E,2024-09-18,sure,1,42,59,18,7.690305,8.434548000000001,7.690305,True,0.2841672441558072,39,60,57.363861908322264,38,38,-16.07457519740404,57.363861908322264,57.363861908322264,0.39029008549885347,UNCERTAIN
beta,beta_E,2024-09-19,sure,1,42,57,16,6.861732,8.043679999999998,6.861732,True,0.2841672441558072,38,59,54.15239368995574,37,37,-13.196652855127947,54.15239368995574,54.15239368995574,0.371072766602538,UNCERTAIN
beta,beta_E,2024-09-20,sure,1,42,59,18,7.3398495,8.2572215,7.3398495,True,0.2841672441558072,37,59,59.10286369747237,60,60,-15.229474971631715,59.10286369747237,59.10286369747237,0.40039950648464634,UNCERTAIN
beta,beta_E,2024-09-21,sure,1,44,57,14,3.441631,5.2034815000000005,3.441631,True,0.2841672441558072,38,58,22.92193651320669,59,59,-11.849849362431556,22.92193651320669,22.92193651320669,0.1504820622357994,AUTO_KEEP
beta,beta_E,2024-09-22,sure,1,43,56,14,3.1780344999999994,5.2253955,3.1780344999999994,True,0.2841672441558072,37,58,16.314452421308967,59,59,-34.90980570901587,16.314452421308967,16.314452421308967,0.10006933265964461,AUTO_KEEP
beta,beta_E,2024-09-23,sure,1,40,55,16,5.0692255,6.1106574999999985,5.0692255,True,0.2841672441558072,38,58,36.80907302230901,37,37,-21.089936449286377,36.80907302230901,36.80907302230901,0.2551259179481988,AUTO_KEEP
beta,beta_E,2024-09-24,unsure,0,-1,-1,0,0.0,1.072065,0.0,True,0.2841672441558072,45,48,23.81584286728897,39,43,5.5489312161576825,18.266911651131288,23.81584286728897,0.1573630652259975,AUTO_KEEP
beta,beta_E,2024-09-25,sure,0,-1,-1,0,0.0,0.0,0.0,True,0.2841672441558072,-1,-1,0.0,59,59,-20.069129780211142,,-20.069129780211142,2.267715732709558e-05,AUTO_KEEP
beta,beta_E,2024-09-26,sure,0,-1,-1,0,0.0,0.0,0.0,True,0.2841672441558072,-1,-1,0.0,24,24,-2276.6677923698353,,-2276.6677923698353,2.666633789385113e-08,AUTO_KEEP
beta,beta_E,2024-09-27,sure,0,-1,-1,0,0.0,0.2009235,0.0,True,0.2841672441558072,53,53,22.30564682004666,49,49,-10.670409697118222,22.30564682004666,22.30564682004666,0.14573880231720335,AUTO_KEEP
beta,beta_E,2024-09-28,sure,0,-1,-1,0,0.0,1.630843,0.0,True,0.2841672441558072,46,47,17.4509899450471,54,56,9.777354695252509,7.673635249794593,17.4509899450471,0.10862378315471032,AUTO_KEEP
beta,beta_E,2024-09-29,sure,0,-1,-1,0,0.0,0.0,0.0,True,0.2841672441558072,-1,-1,0.0,47,47,-14.036988004570976,,-14.036988004570976,3.686266661630646e-05,AUTO_KEEP
beta,beta_E,2024-09-30,sure,0,-1,-1,0,0.0,0.6340684999999999,0.0,True,0.2841672441558072,53,55,18.859921745686187,52,52,-49.95186052909394,18.859921745686187,18.859921745686187,0.11932054022017438,AUTO_KEEP
beta,beta_F,2023-10-01,sure,1,39,59,21,6.289676,6.3979005,6.259861000000001,True,0.07493447107810136,40,60,216.34702887459935,39,39,-9.597110809837941,216.34702887459935,216.34702887459935,0.8137809115371446,AUTO_CORRECT
beta,beta_F,2023-10-02,sure,1,39,64,26,10.658316,10.629173999999999,10.629173999999999,True,0.07493447107810136,39,63,562.5209188300511,64,64,-7.657460612865451,562.5209188300511,562.5209188300511,0.9332717933680493,AUTO_CORRECT
beta,beta_F,2023-10-03,sure,1,37,62,26,11.4087805,11.3345075,11.3345075,True,0.07493447107810136,37,61,575.6056287263599,62,62,-30.153426958388355,575.6056287263599,575.6056287263599,0.9349961985816869,AUTO_CORRECT
beta,beta_F,2023-10-04,unsure,1,37,52,16,3.2843834999999997,3.877917,3.2843834999999997,True,0.07493447107810136,36,55,238.05184314448246,57,57,-107.08496578220415,238.05184314448246,238.05184314448246,0.8307557273150904,AUTO_CORRECT
beta,beta_F,2023-10-05,sure,1,37,66,30,18.191566999999996,16.159177500000002,16.159177500000002,True,0.07493447107810136,37,59,939.7015776986007,62,65,27.650238320155275,912.0513393784454,939.7015776986007,0.9631643798662824,AUTO_CORRECT
beta,beta_F,2023-10-06,sure,1,37,60,24,10.9260625,8.9232825,8.9232825,True,0.07493447107810136,38,53,737.2015514062984,37,37,-12.2037260141645,737.2015514062984,737.2015514062984,0.9510964849350635,AUTO_CORRECT
beta,beta_F,2023-10-07,sure,0,-1,-1,0,0.0,0.0861135,0.0,True,0.07493447107810136,52,52,50.26486182314542,45,45,-2.946067826472126,50.26486182314542,50.26486182314542,0.4282436488423145,UNCERTAIN
beta,beta_F,2023-10-08,sure,1,48,66,19,6.9720675000000005,6.773174,6.69036,True,0.07493447107810136,47,63,308.62883445397165,38,45,40.63471140230772,267.9941230516639,308.62883445397165,0.8706670673373007,AUTO_CORRECT
beta,beta_F,2023-10-09,sure,1,38,67,30,18.993105500000002,18.993105500000002,18.993105500000002,True,0.07493447107810136,38,67,1179.4642390908948,37,37,-7.831062411903248,1179.4642390908948,1179.4642390908948,0.97183159178338,AUTO_CORRECT
beta,beta_F,2023-10-10,sure,1,38,64,27,8.689570999999999,8.626107999999999,8.626107999999999,True,0.07493447107810136,38,63,334.43176420957695,65,65,-18.378426367256864,334.43176420957695,334.43176420957695,0.8812799803989884,AUTO_CORRECT
beta,beta_F,2023-10-11,sure,1,40,66,27,11.0811765,11.034864500000001,11.034864500000001,True,0.07493447107810136,41,66,514.5066743990924,39,39,-17.3455445393179,514.5066743990924,514.5066743990924,0.9261725173864238,AUTO_CORRECT
beta,beta_F,2023-10-12,sure,1,36,65,30,17.205979000000003,17.085372500000002,17.085372500000002,True,0.07493447107810136,37,64,929.3175244264302,36,36,-17.397216247674024,929.3175244264302,929.3175244264302,0.962680484281669,AUTO_CORRECT
beta,beta_F,2023-10-13,sure,1,36,67,32,21.041597,20.948216,20.948216,True,0.07493447107810136,37,66,1346.2524715899988,36,36,-9.937742998922026,1346.2524715899988,1346.2524715899988,0.9759283477635908,AUTO_CORRECT
beta,beta_F,2023-10-14,sure,1,37,66,30,16.9816645,16.863872,16.863872,True,0.07493447107810136,38,65,982.342166951778,37,37,-19.038362904667693,982.342166951778,982.342166951778,0.9650374419883094,AUTO_CORRECT
beta,beta_F,2023-10-15,sure,1,38,65,28,14.791442499999999,14.946717,14.7440115,True,0.07493447107810136,36,64,838.8911183107651,65,65,-17.401587990948958,838.8911183107651,838.8911183107651,0.9579263297361438,AUTO_CORRECT
beta,beta_F,2023-10-16,sure,1,36,59,24,11.3763185,11.122151000000002,11.122151000000002,True,0.07493447107810136,36,56,743.1229236380294,58,62,20.34888480778363,722.7740388302458,743.1229236380294,0.9515482343066499,AUTO_CORRECT
beta,beta_F,2023-10-17,sure,1,36,53,18,8.838405999999999,13.708835000000004,8.738539999999999,True,0.07493447107810136,37,67,455.44572540395023,36,36,-70.44425573060971,455.44572540395023,455.44572540395023,0.9153477281182588,AUTO_CORRECT
beta,beta_F,2023-10-18,sure,1,43,66,24,6.1145205,6.846178,6.1145205,True,0.07493447107810136,43,69,165.51165819894348,40,41,23.09921536793109,142.41244283101238,165.51165819894348,0.7594093741123952,AUTO_CORRECT
beta,beta_F,2023-10-19,sure,1,49,68,20,8.003155000000001,7.887659,7.887659,True,0.07493447107810136,50,67,516.5183056298737,47,48,2.3929139845063623,514.1253916453674,516.5183056298737,0.9264970287052132,AUTO_CORRECT
beta,beta_F,2023-10-20,sure,1,36,65,30,18.416688,18.416688,18.416688,True,0.07493447107810136,36,65,1070.074164635784,66,66,-33.93232495334335,1070.074164635784,1070.074164635784,0.9683924054401518,AUTO_CORRECT
beta,beta_F,2023-10-21,sure,1,37,60,24,10.2670755,10.210452499999999,10.210452499999999,True,0.07493447107810136,38,60,423.8614484936531,37,37,-19.4733439170398,423.8614484936531,423.8614484936531,0.9083118761516036,AUTO_CORRECT
beta,beta_F,2023-10-22,sure,1,38,60,23,7.0476659999999995,6.537554,6.537554,True,0.07493447107810136,38,56,336.4945588057728,58,58,-0.013314770502784677,336.4945588057728,336.4945588057728,0.882060978085355,AUTO_CORRECT
beta,beta_F,2023-10-23,sure,1,36,65,30,17.320222499999996,17.262740999999995,17.262740999999995,True,0.07493447107810136,36,64,1015.9617571298838,65,65,-18.82212828667517,1015.9617571298838,1015.9617571298838,0.9663963015521211,AUTO_CORRECT
beta,beta_F,2023-10-24,sure,1,35,63,29,16.748397,17.1417355,16.748397,True,0.07493447107810136,35,65,870.0016781631301,34,34,-99.66911988823114,870.0016781631301,870.0016781631301,0.9596803057946132,AUTO_CORRECT
beta,beta_F,2023-10-25,sure,1,37,63,27,13.727044500000002,13.8367725,13.727044500000002,True,0.07493447107810136,36,63,925.7733471932083,64,64,-37.951046701690615,925.7733471932083,925.7733471932083,0.9625126813259255,AUTO_CORRECT
beta,beta_F,2023-10-26,sure,0,-1,-1,0,0.0,0.0,0.0,True,0.07493447107810136,-1,-1,0.0,47,47,-528.7897430673665,,-528.7897430673665,2.8870595570057543e-06,AUTO_KEEP
beta,beta_F,2023-10-27,unsure,0,-1,-1,0,0.0,1.090101,0.0,True,0.07493447107810136,47,48,217.09093265744113,55,62,151.01165467794524,66.07927797949588,217.09093265744113,0.8144123277120061,AUTO_CORRECT
beta,beta_F,2023-10-28,unsure,0,-1,-1,0,0.0,7.151278,0.0,True,0.07493447107810136,37,64,146.01688964039397,66,66,-112.36901511770911,146.01688964039397,146.01688964039397,0.7305475071796986,AUTO_CORRECT
beta,beta_F,2023-10-29,sure,1,37,66,30,15.9579185,15.884896000000001,15.884896000000001,True,0.07493447107810136,38,65,993.4972380803559,37,37,-5.128866257123132,993.4972380803559,993.4972380803559,0.9654992011072288,AUTO_CORRECT
beta,beta_F,2023-10-30,sure,1,35,65,31,19.1237945,19.074274999999997,19.074274999999997,True,0.07493447107810136,36,65,1155.2413944995008,35,35,-17.837707562361647,1155.2413944995008,1155.2413944995008,0.9711302215689239,AUTO_CORRECT
beta,beta_F,2023-10-31,sure,1,42,65,24,14.819193,15.229852999999999,14.819193,True,0.07493447107810136,39,66,1152.9751146587625,67,67,-99.1814235312539,1152.9751146587625,1152.9751146587625,0.9710629805849823,AUTO_CORRECT
beta,beta_F,2023-11-01,sure,1,38,60,23,5.219312,3.4919024999999992,3.4919024999999992,True,0.07493447107810136,47,59,286.36499215139565,39,45,128.42865291343026,157.9363392379654,286.36499215139565,0.8600558505883228,AUTO_CORRECT
beta,beta_F,2023-11-02,sure,1,36,67,32,10.444968500000002,9.150174999999999,9.150174999999999,True,0.07493447107810136,44,66,270.826753817348,41,42,18.422568027937455,252.40418578941055,270.826753817348,0.8516849751533593,AUTO_CORRECT
beta,beta_F,2023-11-03,sure,1,39,65,27,9.711282500000001,9.6414015,9.413751,True,0.07493447107810136,43,66,533.616175850782,38,38,21.038605378421764,512.5775704723603,533.616175850782,0.9291545324282171,AUTO_CORRECT
beta,beta_F,2023-11-04,unsure,0,-1,-1,0,0.0,3.5863375000000004,0.0,True,0.07493447107810136,45,63,202.35744546735472,65,66,5.956732573597975,196.40071289375675,202.35744546735472,0.801155362252524,AUTO_CORRECT
beta,beta_F,2023-11-05,sure,0,-1,-1,0,0.0,0.0,0.0,True,0.07493447107810136,-1,-1,0.0,30,30,-746.5507300592805,,-746.5507300592805,1.896114302217666e-06,AUTO_KEEP
beta,beta_F,2023-11-06,sure,0,-1,-1,0,0.0,1.0522845,0.0,True,0.07493447107810136,51,56,86.54272295560328,37,42,13.732141918746397,72.81058103685689,86.54272295560328,0.5901019884352445,UNCERTAIN
beta,beta_F,2023-11-07,sure,1,35,65,31,12.976374999999999,12.596062499999999,12.596062499999999,True,0.07493447107810136,39,65,702.2575289303707,35,35,-15.980710087048465,702.2575289303707,702.2575289303707,0.9482676345043461,AUTO_CORRECT
beta,beta_F,2023-11-08,sure,1,35,62,28,15.483488999999999,17.400534,15.4404495,True,0.07493447107810136,36,65,750.5890567180801,35,35,-14.666946407114475,750.5890567180801,750.5890567180801,0.9521071731863686,AUTO_CORRECT
beta,beta_F,2023-11-09,sure,1,43,58,16,8.922716999999999,11.0480575,8.922716999999999,True,0.07493447107810136,41,61,738.4708100791587,38,39,-28.191904106776285,738.4708100791587,738.4708100791587,0.9511939587003221,AUTO_CORRECT
beta,beta_F,2023-11-10,sure,1,36,66,31,13.005103000000002,12.961899500000001,12.961899500000001,True,0.07493447107810136,36,65,669.862507216351,66,66,-13.55482700348952,669.862507216351,669.862507216351,0.9453687986214168,AUTO_CORRECT
beta,beta_F,2023-11-11,sure,1,36,59,24,9.336224,9.2745915,9.2745915,True,0.07493447107810136,36,58,602.2854293410331,59,59,-20.195764522533455,602.2854293410331,602.2854293410331,0.938273428390508,AUTO_CORRECT
beta,beta_F,2023-11-12,unsure,0,-1,-1,0,0.0,0.0,0.0,True,0.07493447107810136,-1,-1,0.0,39,39,-2.7860990092435003,,-2.7860990092435003,0.0012027915823764584,AUTO_KEEP
beta,beta_F,2023-11-13,sure,0,-1,-1,0,0.0,0.9599675,0.0,True,0.07493447107810136,59,62,162.53349991897338,41,57,99.4681398866964,63.06536003227697,162.53349991897338,0.7553601214872858,AUTO_CORRECT
beta,beta_F,2023-11-14,sure,1,34,64,31,16.535510000000002,16.401697000000002,16.401697000000002,True,0.07493447107810136,35,63,1131.9999252153295,64,64,-26.148583175856505,1131.9999252153295,1131.9999252153295,0.970426906028685,AUTO_CORRECT
beta,beta_F,2023-11-15,unsure,1,35,65,31,9.867216500000001,7.549039,7.549039,True,0.07493447107810136,36,57,461.42226489847445,35,35,-16.173515826601772,461.42226489847445,461.42226489847445,0.9165704411153749,AUTO_CORRECT
beta,beta_F,2023-11-16,sure,1,37,60,24,10.9986605,10.740505000000002,10.740505000000002,True,0.07493447107810136,38,59,912.6327585207106,37,37,-52.70426947958054,912.6327585207106,912.6327585207106,0.9618784219581014,AUTO_CORRECT
beta,beta_F,2023-11-17,sure,1,51,67,17,5.1979869999999995,6.5901605000000005,5.065947499999999,True,0.07493447107810136,44,65,248.33787121980532,67,67,-1.80450686377649,248.33787121980532,248.33787121980532,0.8378657900620301,AUTO_CORRECT
beta,beta_F,2023-11-18,sure,1,40,67,28,11.57908,11.4060285,11.4060285,True,0.07493447107810136,42,67,617.2320540084108,40,40,4.60814330742252,612.6239107009883,617.2320540084108,0.9399816557174088,AUTO_CORRECT
beta,beta_F,2023-11-19,sure,1,35,63,29,15.637226499999999,15.602237999999998,15.602237999999998,True,0.07493447107810136,36,63,872.5834243321183,35,35,-11.070584479104333,872.5834243321183,872.5834243321183,0.9598199124316176,AUTO_CORRECT
beta,beta_F,2023-11-20,sure,0,-1,-1,0,0.0,1.1941305,0.0,True,0.07493447107810136,54,57,61.49565704779642,48,48,-17.326037272735302,61.49565704779642,61.49565704779642,0.4882167174111253,UNCERTAIN
beta,beta_F,2023-11-21,sure,0,-1,-1,0,0.0,3.3026385,0.0,True,0.07493447107810136,54,65,275.59840768358055,40,44,105.58998405412673,170.00842362945383,275.59840768358055,0.8543490047879461,AUTO_CORRECT
beta,beta_F,2023-11-22,sure,0,-1,-1,0,0.0,0.8840585000000001,0.0,True,0.07493447107810136,59,64,45.0211096981216,53,54,7.99689974554432,37.02420995257728,45.0211096981216,0.39633059312280927,UNCERTAIN
beta,beta_F,2023-11-23,sure,0,-1,-1,0,0.0,3.1596195000000007,0.0,True,0.07493447107810136,47,58,61.76424990672858,60,60,27.114373115499,34.64987679122958,61.76424990672858,0.4895252046687768,UNCERTAIN
beta,beta_F,2023-11-24,sure,0,-1,-1,0,0.0,0.0,0.0,False,,-1,-1,,-1,-1,,,,,UNCERTAIN
beta,beta_F,2023-11-25,sure,0,-1,-1,0,0.0,0.0,0.0,True,0.07493447107810136,-1,-1,0.0,51,51,-44.96504597093413,,-44.96504597093413,5.711982866495246e-05,AUTO_KEEP
beta,beta_F,2023-11-26,sure,1,37,61,25,8.736921500000001,7.2099535,7.2099535,True,0.07493447107810136,37,55,541.3926593076685,60,63,12.029946870755612,529.362712436913,541.3926593076685,0.9303065210314295,AUTO_CORRECT
beta,beta_F,2023-11-27,sure,1,37,54,18,7.441797000000001,7.192476,7.192476,True,0.07493447107810136,40,53,607.7171142126134,55,58,463.8117495694025,143.90536464321093,607.7171142126134,0.9389042621340333,AUTO_CORRECT
beta,beta_F,2023-11-28,sure,0,-1,-1,0,0.0,0.0,0.0,True,0.07493447107810136,-1,-1,0.0,60,60,-10.912194805504015,,-10.912194805504015,0.0002969940428709046,AUTO_KEEP
beta,beta_F,2023-11-29,unsure,1,37,59,23,7.134394,14.623223000000001,7.134394,True,0.07493447107810136,34,66,814.0874794732229,68,68,-22.267389129880556,814.0874794732229,814.0874794732229,0.9564261207233344,AUTO_CORRECT
beta,beta_F,2023-11-30,unsure,1,36,66,31,8.7001135,0.9826110000000001,0.9826110000000001,True,0.07493447107810136,48,49,266.1607609665196,35,40,78.27551423229306,187.88524673422654,266.1607609665196,0.848994511786243,AUTO_CORRECT
beta,beta_F,2023-12-01,unsure,1,36,59,24,7.2521700000000004,3.8807370000000008,3.8807370000000008,True,0.07493447107810136,36,47,273.05581669205293,49,61,98.95627099898832,174.0995456930646,273.05581669205293,0.8529402173629135,AUTO_CORRECT
beta,beta_F,2023-12-02,sure,0,-1,-1,0,0.0,0.0,0.0,True,0.07493447107810136,-1,-1,0.0,44,46,-6.255941596293653,,-6.255941596293653,0.0005439126520709115,AUTO_KEEP
beta,beta_F,2023-12-03,unsure,1,36,65,30,9.809323500000001,5.1706205,5.1706205,True,0.07493447107810136,37,50,515.9540892805428,57,65,192.0576252844097,323.8964639961331,515.9540892805428,0.9264062708227936,AUTO_CORRECT
beta,beta_F,2023-12-04,sure,1,50,67,18,5.3025575,5.1577635,5.1577635,True,0.07493447107810136,52,66,263.8094072134823,37,39,23.655275062959507,240.1541321505228,263.8094072134823,0.8476054295523471,AUTO_CORRECT
beta,beta_F,2023-12-05,sure,1,36,60,25,13.242836000000002,13.400123000000002,13.242836000000002,True,0.07493447107810136,35,61,644.0342225062703,34,34,-26.14908341978643,644.0342225062703,644.0342225062703,0.9428393761354632,AUTO_CORRECT
beta,beta_F,2023-12-06,sure,1,36,64,29,8.7579435,8.196173,8.196173,True,0.07493447107810136,37,62,405.44148903858587,35,35,-44.739900356483346,405.44148903858587,405.44148903858587,0.9037039368805222,AUTO_CORRECT
beta,beta_F,2023-12-07,sure,1,36,55,20,7.755242,13.3992585,7.755242,True,0.07493447107810136,36,62,485.0098827597207,35,35,-39.40103923288333,485.0098827597207,485.0098827597207,0.921099745367794,AUTO_CORRECT
beta,beta_F,2023-12-08,unsure,0,-1,-1,0,0.0,0.0,0.0,True,0.07493447107810136,-1,-1,0.0,40,42,-45.09148140462607,,-45.09148140462607,5.69285747051746e-05,AUTO_KEEP
beta,beta_F,2023-12-09,sure,0,-1,-1,0,0.0,0.0,0.0,True,0.07493447107810136,-1,-1,0.0,32,32,-1553.8833550094548,,-1553.8833550094548,7.753587610531977e-07,AUTO_KEEP
beta,beta_F,2023-12-10,unsure,0,-1,-1,0,0.0,0.0,0.0,True,0.07493447107810136,-1,-1,0.0,54,54,-37.25470835967357,,-37.25470835967357,7.147435867034662e-05,AUTO_KEEP
beta,beta_F,2023-12-11,sure,1,38,54,17,4.542932999999999,4.0773415,4.0773415,True,0.07493447107810136,39,52,198.9264267820682,38,38,-44.001579848584086,198.9264267820682,198.9264267820682,0.7978247391095724,AUTO_CORRECT
beta,beta_F,2023-12-12,sure,1,42,59,18,5.444183000000001,6.985303499999999,5.444183000000001,True,0.07493447107810136,36,60,142.6884292437237,61,61,-203.04079979168293,142.6884292437237,142.6884292437237,0.7250078577226393,AUTO_CORRECT
beta,beta_F,2023-12-13,sure,1,38,59,22,5.581597,1.3307930000000001,1.3307930000000001,True,0.07493447107810136,39,44,145.13125429216254,46,54,75.51155644033446,69.61969785182808,145.13125429216254,0.7290927213592646,AUTO_CORRECT
beta,beta_F,2023-12-14,sure,0,-1,-1,0,0.0,0.0,0.0,True,0.07493447107810136,-1,-1,0.0,38,50,-171.61583968825414,,-171.61583968825414,1.1353487210399659e-05,AUTO_KEEP
beta,beta_F,2023-12-15,unsure,0,-1,-1,0,0.0,2.416049,0.0,True,0.07493447107810136,54,60,133.1517783205322,51,52,-42.55332056204405,133.1517783205322,133.1517783205322,0.7079780509062552,AUTO_CORRECT
beta,beta_F,2023-12-16,unsure,0,-1,-1,0,0.0,0.0,0.0,True,0.07493447107810136,-1,-1,0.0,41,41,-19.371995423870064,,-19.371995423870064,0.00015426062204669505,AUTO_KEEP
beta,beta_F,2023-12-17,unsure,0,-1,-1,0,0.0,1.1091229999999999,0.0,True,0.07493447107810136,48,54,36.53093494717265,55,55,-93.90460014348142,36.53093494717265,36.53093494717265,0.3385435142920096,UNCERTAIN
beta,beta_F,2023-12-18,unsure,0,-1,-1,0,0.0,0.8136755,0.0,True,0.07493447107810136,46,49,35.22529965484529,51,51,-39.51545176501935,35.22529965484529,35.22529965484529,0.32893053584197657,UNCERTAIN
beta,beta_F,2023-12-19,sure,0,-1,-1,0,0.0,0.0,0.0,True,0.07493447107810136,-1,-1,0.0,62,62,-182.62617361492414,,-182.62617361492414,1.0527851419117634e-05,AUTO_KEEP
beta,beta_F,2023-12-20,sure,0,-1,-1,0,0.0,0.0,0.0,True,0.07493447107810136,-1,-1,0.0,57,61,-1200.203865634174,,-1200.203865634174,1.06257283436072e-06,AUTO_KEEP
beta,beta_F,2023-12-21,sure,0,-1,-1,0,0.0,1.1429464999999999,0.0,True,0.07493447107810136,59,63,12.0780002339095,37,41,-78.65977391456761,12.0780002339095,12.0780002339095,0.12378562611972253,AUTO_KEEP
beta,beta_F,2023-12-22,sure,1,38,64,27,11.147763500000002,12.427784500000001,11.147763500000002,True,0.07493447107810136,36,69,632.2665116815124,35,35,-113.06825601855012,632.2665116815124,632.2665116815124,0.9416156203175003,AUTO_CORRECT
beta,beta_F,2023-12-23,sure,1,36,65,30,7.584909,6.931265,6.931265,True,0.07493447107810136,41,64,218.20007385872967,36,39,28.202509164215495,189.99756469451418,218.20007385872967,0.8153467135353343,AUTO_CORRECT
beta,beta_F,2023-12-24,unsure,0,-1,-1,0,0.0,2.6416345,0.0,True,0.07493447107810136,53,59,564.7757089497532,61,65,16.985508894938654,547.7902000548145,564.7757089497532,0.933574806032361,AUTO_CORRECT
beta,beta_F,2023-12-25,unsure,0,-1,-1,0,0.0,3.670371,0.0,True,0.07493447107810136,40,52,303.8708789945522,57,62,-11.926730584115957,303.8708789945522,303.8708789945522,0.8685228334582944,AUTO_CORRECT
beta,beta_F,2023-12-26,sure,0,-1,-1,0,0.0,5.706322,0.0,True,0.07493447107810136,35,54,407.2770444844261,61,64,124.74417950569544,282.53286497873063,407.2770444844261,0.9041816779599277,AUTO_CORRECT
beta,beta_F,2023-12-27,unsure,1,37,60,24,6.092543,5.431713,5.431713,True,0.07493447107810136,37,56,389.8206951096028,58,62,61.92983605223462,327.8908590573682,389.8206951096028,0.8994583099498672,AUTO_CORRECT
beta,beta_F,2023-12-28,unsure,0,-1,-1,0,0.0,4.194457,0.0,True,0.07493447107810136,36,51,253.32317851858022,53,54,2.648061980750401,250.6751165378298,253.32317851858022,0.8411228461053669,AUTO_CORRECT
beta,beta_F,2023-12-29,unsure,0,-1,-1,0,0.0,8.799857500000002,0.0,True,0.07493447107810136,39,56,164.28025655027423,36,36,-11.121831736224957,164.28025655027423,164.28025655027423,0.757749512771827,AUTO_CORRECT
beta,beta_F,2023-12-30,unsure,0,-1,-1,0,0.0,3.1735395000000004,0.0,True,0.07493447107810136,38,50,132.20988836456127,37,37,-24.76022609391652,132.20988836456127,132.20988836456127,0.7061961846127359,AUTO_CORRECT
beta,beta_F,2023-12-31,sure,0,-1,-1,0,0.0,0.0,0.0,True,0.07493447107810136,-1,-1,0.0,60,65,-820.2909864164758,,-820.2909864164758,1.6903517560916876e-06,AUTO_KEEP
beta,beta_F,2024-01-01,sure,0,-1,-1,0,0.0,1.3762064999999999,0.0,True,0.07493447107810136,55,57,2.3247092579368944,59,62,-126.91003735546497,2.3247092579368944,2.3247092579368944,0.025847809440295126,AUTO_KEEP
beta,beta_F,2024-01-02,unsure,0,-1,-1,0,0.0,2.0541175000000003,0.0,True,0.07493447107810136,45,54,107.01163930079274,59,60,89.09058893941557,17.92105036137717,107.01163930079274,0.6504330855848135,UNCERTAIN
beta,beta_F,2024-01-03,sure,1,37,58,22,7.453118,7.453118,7.453118,True,0.07493447107810136,37,58,252.1639422651721,36,36,-11.21091714593674,252.1639422651721,252.1639422651721,0.8403759562529665,AUTO_CORRECT
beta,beta_F,2024-01-04,sure,0,-1,-1,0,0.0,1.9775740000000002,0.0,True,0.07493447107810136,39,49,78.05665355415935,36,37,-22.27238562650646,78.05665355415935,78.05665355415935,0.5596856773670752,UNCERTAIN
beta,beta_F,2024-01-05,unsure,0,-1,-1,0,0.0,2.7770755,0.0,True,0.07493447107810136,50,58,136.49103735221618,48,48,12.281164779114269,124.20987257310192,136.49103735221618,0.7141459221728836,AUTO_CORRECT
beta,beta_F,2024-01-06,unsure,0,-1,-1,0,0.0,3.5122159999999996,0.0,True,0.07493447107810136,41,58,154.06111068635278,38,39,35.6659516288366,118.39515905751617,154.06111068635278,0.7431583696011163,AUTO_CORRECT
beta,beta_F,2024-01-07,sure,1,38,63,26,7.746340999999999,7.744365,6.9028670000000005,True,0.07493447107810136,33,59,329.95875589634295,61,61,-78.49644663550217,329.95875589634295,329.95875589634295,0.8795541811240222,AUTO_CORRECT
beta,beta_F,2024-01-08,sure,0,-1,-1,0,0.0,0.0,0.0,True,0.07493447107810136,-1,-1,0.0,48,53,-113.44333888494967,,-113.44333888494967,1.8752995869096852e-05,AUTO_KEEP
beta,beta_F,2024-01-09,unsure,0,-1,-1,0,0.0,2.464849,0.0,True,0.07493447107810136,57,64,336.4466331733192,36,42,40.41128034800164,296.03535282531755,336.4466331733192,0.8820429375786926,AUTO_CORRECT
beta,beta_F,2024-01-10,sure,0,-1,-1,0,0.0,0.8770855,0.0,True,0.07493447107810136,50,54,81.5594775567809,49,49,-47.3568454010208,81.5594775567809,81.5594775567809,0.5726873556899997,UNCERTAIN
beta,beta_F,2024-01-11,sure,0,-1,-1,0,0.0,2.6238465000000004,0.0,True,0.07493447107810136,45,55,50.92739080064842,57,64,-109.47071667390277,50.92739080064842,50.92739080064842,0.4320869779484981,UNCERTAIN
beta,beta_F,2024-01-12,sure,0,-1,-1,0,0.0,6.3778225,0.0,True,0.07493447107810136,37,60,28.56098388343303,36,36,-307.9759515394206,28.56098388343303,28.56098388343303,0.2766244806206125,AUTO_KEEP
beta,beta_F,2024-01-13,sure,1,39,52,14,2.9549980000000002,4.146768,2.9549980000000002,True,0.07493447107810136,36,55,57.544625710005064,35,35,-388.8530827270838,57.544625710005064,57.544625710005064,0.46832108340357953,UNCERTAIN
beta,beta_F,2024-01-14,sure,0,-1,-1,0,0.0,0.0,0.0,True,0.07493447107810136,-1,-1,0.0,63,66,-242.3344668552266,,-242.3344668552266,7.465260881687395e-06,AUTO_KEEP
beta,beta_F,2024-01-15,sure,0,-1,-1,0,0.0,2.832821,0.0,True,0.07493447107810136,35,44,35.820472767625326,45,45,-237.5820686011204,35.820472767625326,35.820472767625326,0.3333376864967379,UNCERTAIN
beta,beta_F,2024-01-16,sure,0,-1,-1,0,0.0,0.0,0.0,True,0.07493447107810136,-1,-1,0.0,47,55,-18.39225578153156,,-18.39225578153156,0.0001638278370255153,AUTO_KEEP
beta,beta_F,2024-01-17,sure,0,-1,-1,0,0.0,3.3285775,0.0,True,0.07493447107810136,39,50,231.2157950956986,36,36,24.160981587875348,207.05481350782327,231.2157950956986,0.8257161959911212,AUTO_CORRECT
beta,beta_F,2024-01-18,sure,0,-1,-1,0,0.0,6.203969999999999,0.0,True,0.07493447107810136,39,58,231.6384612295251,38,38,-95.59071683221772,231.6384612295251,231.6384612295251,0.8260355087972115,AUTO_CORRECT
beta,beta_F,2024-01-19,sure,1,40,64,25,12.05277,12.980207000000002,12.05277,True,0.07493447107810136,38,66,848.0018062561903,37,37,-14.534279260424686,848.0018062561903,848.0018062561903,0.9584540932345179,AUTO_CORRECT
beta,beta_F,2024-01-20,unsure,0,-1,-1,0,0.0,4.9128925,0.0,True,0.07493447107810136,39,58,148.28322820041666,60,61,16.153674373127423,132.12955382728924,148.28322820041666,0.7342086373083884,AUTO_CORRECT
beta,beta_F,2024-01-21,sure,0,-1,-1,0,0.0,0.0,0.0,True,0.07493447107810136,-1,-1,0.0,39,41,-39.92280305905074,,-39.92280305905074,6.582637185982148e-05,AUTO_KEEP
beta,beta_F,2024-01-22,unsure,0,-1,-1,0,0.0,3.26221,0.0,True,0.07493447107810136,44,67,97.95074663277715,68,68,-83.91604449999635,97.95074663277715,97.95074663277715,0.6257341767796694,UNCERTAIN
beta,beta_F,2024-01-23,sure,1,49,58,10,2.4565105000000003,2.284656,2.284656,True,0.07493447107810136,51,57,308.6774487224738,42,44,48.05440277760277,260.623045944871,308.6774487224738,0.8706886522631292,AUTO_CORRECT
beta,beta_F,2024-01-24,sure,1,37,59,23,9.4408705,9.2545985,9.2545985,True,0.07493447107810136,37,58,500.8397062355552,36,36,-17.92707766750033,500.8397062355552,500.8397062355552,0.9238975400227369,AUTO_CORRECT
beta,beta_F,2024-01-25,sure,0,-1,-1,0,0.0,0.0,0.0,True,0.07493447107810136,-1,-1,0.0,39,40,-436.6946510565132,,-436.6946510565132,3.6451847825671376e-06,AUTO_KEEP
beta,beta_F,2024-01-26,sure,0,-1,-1,0,0.0,0.0,0.0,True,0.07493447107810136,-1,-1,0.0,42,42,-1729.1638993576862,,-1729.1638993576862,6.80548568290399e-07,AUTO_KEEP
beta,beta_F,2024-01-27,sure,0,-1,-1,0,0.0,0.0,0.0,True,0.07493447107810136,-1,-1,0.0,67,68,-1805.2876400124578,,-1805.2876400124578,6.456928773114935e-07,AUTO_KEEP
beta,beta_F,2024-01-28,sure,0,-1,-1,0,0.0,2.802702,0.0,True,0.07493447107810136,39,44,114.26974025514772,54,56,-36.40109103732475,114.26974025514772,114.26974025514772,0.6682665419383942,UNCERTAIN
beta,beta_F,2024-01-29,unsure,0,-1,-1,0,0.0,3.0205635,0.0,True,0.07493447107810136,39,51,86.33772428013825,38,38,-84.92573227547973,86.33772428013825,86.33772428013825,0.5894093819848661,UNCERTAIN
beta,beta_F,2024-01-30,sure,0,-1,-1,0,0.0,0.0,0.0,True,0.07493447107810136,-1,-1,0.0,43,46,-180.30557266784277,,-180.30557266784277,1.0692617658444707e-05,AUTO_KEEP
beta,beta_F,2024-01-31,sure,0,-1,-1,0,0.0,2.817818,0.0,True,0.07493447107810136,41,47,15.672797075971397,58,58,-91.94240977234158,15.672797075971397,15.672797075971397,0.15969056576317286,AUTO_KEEP
beta,beta_F,2024-02-01,sure,0,-1,-1,0,0.0,1.4029615,0.0,True,0.07493447107810136,56,62,25.72821408356199,46,46,18.300235083415306,7.427979000146685,25.72821408356199,0.2526987330179176,AUTO_KEEP
beta,beta_F,2024-02-02,unsure,0,-1,-1,0,0.0,2.8735370000000002,0.0,True,0.07493447107810136,38,53,7.181155231977465,37,37,-130.55265888390534,7.181155231977465,7.181155231977465,0.07379191733740635,AUTO_KEEP
beta,beta_F,2024-02-03,unsure,0,-1,-1,0,0.0,0.5507435,0.0,True,0.07493447107810136,48,54,15.08434041286432,57,58,13.639889679350695,1.4444507335136247,15.08434041286432,0.15389053250080548,AUTO_KEEP
beta,beta_F,2024-02-04,unsure,0,-1,-1,0,0.0,1.0861230000000002,0.0,True,0.07493447107810136,41,47,43.34894754692883,40,40,-60.02812190138259,43.34894754692883,43.34894754692883,0.3855704371824138,UNCERTAIN
beta,beta_F,2024-02-05,sure,0,-1,-1,0,0.0,0.0,0.0,True,0.07493447107810136,-1,-1,0.0,32,32,-2244.2360253741613,,-2244.2360253741613,4.950711951380072e-07,AUTO_KEEP
beta,beta_F,2024-02-06,sure,0,-1,-1,0,0.0,0.0,0.0,True,0.07493447107810136,-1,-1,0.0,45,47,-512.3653013792714,,-512.3653013792714,3.0002398702469864e-06,AUTO_KEEP
beta,beta_F,2024-02-07,sure,0,-1,-1,0,0.0,0.0,0.0,True,0.07493447107810136,-1,-1,0.0,57,58,-384.4642041238014,,-384.4642041238014,4.257016733012684e-06,AUTO_KEEP
beta,beta_F,2024-02-08,sure,0,-1,-1,0,0.0,0.45784899999999995,0.0,True,0.07493447107810136,39,42,28.391286062578324,44,44,7.914642509118745,20.476643553459578,28.391286062578324,0.2752200184428125,AUTO_KEEP
beta,beta_F,2024-02-09,unsure,1,49,57,9,2.624401,2.5282525,2.5282525,True,0.07493447107810136,50,56,326.9577762391692,38,47,72.87366703355005,254.08410920561917,326.9577762391692,0.8783709089233359,AUTO_CORRECT
beta,beta_F,2024-02-10,unsure,0,-1,-1,0,0.0,6.4435495000000005,0.0,True,0.07493447107810136,40,64,116.31124266465328,66,66,-5.089638304857671,116.31124266465328,116.31124266465328,0.6730014058035914,UNCERTAIN
beta,beta_F,2024-02-11,sure,0,-1,-1,0,0.0,0.0,0.0,True,0.07493447107810136,-1,-1,0.0,48,49,-657.3988989164793,,-657.3988989164793,2.2141496324701056e-06,AUTO_KEEP
beta,beta_F,2024-02-12,sure,1,39,62,24,9.018759,8.975092,8.8677135,True,0.07493447107810136,37,61,385.6091120684509,36,36,-60.34845320718844,385.6091120684509,385.6091120684509,0.8982555681693523,AUTO_CORRECT
beta,beta_F,2024-02-13,sure,1,38,54,17,5.029422499999999,5.2403145,4.987907,True,0.07493447107810136,39,55,132.36877550386913,38,38,-10.018155268041285,132.36877550386913,132.36877550386913,0.7064980947633526,AUTO_CORRECT
beta,beta_F,2024-02-14,sure,0,-1,-1,0,0.0,5.2904725,0.0,True,0.07493447107810136,54,63,78.09250302205427,40,43,-5.242308616754382,78.09250302205427,78.09250302205427,0.5598220949636853,UNCERTAIN
beta,beta_F,2024-02-15,sure,0,-1,-1,0,0.0,0.0,0.0,True,0.07493447107810136,-1,-1,0.0,44,44,-203.63164894737147,,-203.63164894737147,9.223685766262047e-06,AUTO_KEEP
beta,beta_F,2024-02-16,sure,0,-1,-1,0,0.0,2.8480945,0.0,True,0.07493447107810136,55,62,198.0464534827292,41,53,39.28252956590047,158.76392391682873,198.0464534827292,0.7969545364031738,AUTO_CORRECT
beta,beta_F,2024-02-17,sure,0,-1,-1,0,0.0,0.0,0.0,True,0.07493447107810136,-1,-1,0.0,40,51,-1.8824387198050208,,-1.8824387198050208,0.001677238309537656,AUTO_KEEP
beta,beta_F,2024-02-18,sure,0,-1,-1,0,0.0,1.4497079999999998,0.0,True,0.07493447107810136,46,52,27.390691989863768,41,42,6.157877379104902,21.232814610758865,27.390691989863768,0.26686430109514303,AUTO_KEEP
beta,beta_F,2024-02-19,sure,0,-1,-1,0,0.0,0.11126,0.0,True,0.07493447107810136,51,51,0.7174530549902648,50,50,-21.920739354999697,0.7174530549902648,0.7174530549902648,0.011705857866835482,AUTO_KEEP
beta,beta_F,2024-02-20,unsure,1,47,66,20,4.262023999999999,4.160162,4.113232,True,0.07493447107810136,46,64,123.32072265310241,66,68,-15.9710274661906,123.32072265310241,123.32072265310241,0.688400876708642,UNCERTAIN
beta,beta_F,2024-02-21,unsure,1,48,62,15,3.3917565000000005,3.4328924999999995,3.3917565000000005,True,0.07493447107810136,47,62,213.52588214696004,44,44,21.829816209880846,191.6960659370792,213.52588214696004,0.8113512843532451,AUTO_CORRECT
beta,beta_F,2024-02-22,sure,1,43,61,19,8.520331500000001,8.520331500000001,8.520331500000001,True,0.07493447107810136,43,61,611.8834261489335,62,62,-145.21161547826227,611.8834261489335,611.8834261489335,0.9393802886873746,AUTO_CORRECT
beta,beta_F,2024-02-23,sure,0,-1,-1,0,0.0,0.0,0.0,True,0.07493447107810136,-1,-1,0.0,37,47,-18.815350964727283,,-18.815350964727283,0.00015956739386394544,AUTO_KEEP
beta,beta_F,2024-02-24,sure,0,-1,-1,0,0.0,0.0,0.0,True,0.07493447107810136,-1,-1,0.0,64,66,-1390.571819695331,,-1390.571819695331,8.878661809569875e-07,AUTO_KEEP
beta,beta_F,2024-02-25,unsure,0,-1,-1,0,0.0,2.8235645000000003,0.0,True,0.07493447107810136,52,66,76.4654306687944,40,46,19.463257013946116,57.00217365484828,76.4654306687944,0.5535584928060913,UNCERTAIN
beta,beta_F,2024-02-26,unsure,0,-1,-1,0,0.0,7.1042925,0.0,True,0.07493447107810136,38,60,292.0283342899806,37,37,-46.238298991968456,292.0283342899806,292.0283342899806,0.8628995041104214,AUTO_CORRECT
beta,beta_F,2024-02-27,sure,0,-1,-1,0,0.0,0.0,0.0,True,0.07493447107810136,-1,-1,0.0,56,56,-38.82837773839835,,-38.82837773839835,6.804152359812443e-05,AUTO_KEEP
beta,beta_F,2024-02-28,sure,1,42,58,17,4.8714775,4.5654319999999995,4.5654319999999995,True,0.07493447107810136,44,57,256.5999466535185,42,42,-38.47650459218721,256.5999466535185,256.5999466535185,0.8432006818976279,AUTO_CORRECT
beta,beta_F,2024-02-29,sure,0,-1,-1,0,0.0,0.0,0.0,True,0.07493447107810136,-1,-1,0.0,42,42,-166.03037780656823,,-166.03037780656823,1.181876051277596e-05,AUTO_KEEP
beta,beta_F,2024-03-01,sure,0,-1,-1,0,0.0,0.2985735,0.0,True,0.07493447107810136,44,45,28.336153306356785,42,42,5.168617988040515,23.16753531831627,28.336153306356785,0.274762937679146,AUTO_KEEP
beta,beta_F,2024-03-02,sure,0,-1,-1,0,0.0,0.0,0.0,True,0.07493447107810136,-1,-1,0.0,36,52,-437.5738328359659,,-437.5738328359659,3.63626427509761e-06,AUTO_KEEP
beta,beta_F,2024-03-03,sure,0,-1,-1,0,0.0,0.0,0.0,False,,-1,-1,,-1,-1,,,,,UNCERTAIN
beta,beta_F,2024-03-04,unsure,0,-1,-1,0,0.0,0.0,0.0,False,,-1,-1,,-1,-1,,,,,UNCERTAIN
beta,beta_F,2024-03-05,unsure,0,-1,-1,0,0.0,4.289521000000001,0.0,True,0.07493447107810136,54,67,201.81156867926617,38,45,64.23430472118264,137.57726395808353,201.81156867926617,0.8006319911720826,AUTO_CORRECT
beta,beta_F,2024-03-06,sure,1,38,59,22,11.344965000000002,12.3107255,11.344965000000002,True,0.07493447107810136,38,63,735.0436902120244,37,37,-38.78250860692563,735.0436902120244,735.0436902120244,0.9509299593303966,AUTO_CORRECT
beta,beta_F,2024-03-07,sure,1,39,59,21,5.432002000000001,5.292752500000001,5.292752500000001,True,0.07493447107810136,39,58,268.0321572042364,38,38,-108.70981307425063,268.0321572042364,268.0321572042364,0.8500839771109041,AUTO_CORRECT
beta,beta_F,2024-03-08,unsure,0,-1,-1,0,0.0,2.379295,0.0,True,0.07493447107810136,42,57,63.91689049433785,59,63,-32.93517315530592,63.91689049433785,63.91689049433785,0.4998177590148984,UNCERTAIN
beta,beta_F,2024-03-09,unsure,1,44,63,20,3.3885579999999997,0.3689455,0.3689455,True,0.07493447107810136,55,55,134.53327269596102,47,47,109.12186766900915,25.41140502695187,134.53327269596102,0.7105576909463571,AUTO_CORRECT
beta,beta_F,2024-03-12,sure,1,38,61,24,10.722202,10.722202,10.722202,True,0.07493447107810136,38,61,543.3936499690282,37,37,-53.2792852004768,543.3936499690282,543.3936499690282,0.9305974864051604,AUTO_CORRECT
beta,beta_F,2024-03-13,unsure,1,38,58,21,6.744372500000001,9.333920999999998,6.695058000000001,True,0.07493447107810136,39,64,368.8768308377017,66,66,114.04888515977451,254.82794567792718,368.8768308377017,0.8932108644031844,AUTO_CORRECT
beta,beta_F,2024-03-14,sure,1,39,58,20,7.5285470000000005,7.4289325,7.4289325,True,0.07493447107810136,39,57,323.55927610574184,38,38,-28.69879269564025,323.55927610574184,323.55927610574184,0.8770054900262153,AUTO_CORRECT
beta,beta_F,2024-03-15,unsure,0,-1,-1,0,0.0,4.2201835,0.0,True,0.07493447107810136,49,62,197.05888726164463,48,48,-8.88305225508018,197.05888726164463,197.05888726164463,0.7959699977890659,AUTO_CORRECT
beta,beta_F,2024-03-16,unsure,0,-1,-1,0,0.0,0.359637,0.0,True,0.07493447107810136,47,49,43.34742087459326,59,59,-10.280049886070692,43.34742087459326,43.34742087459326,0.38556047910159175,UNCERTAIN
beta,beta_F,2024-03-17,sure,0,-1,-1,0,0.0,0.878826,0.0,True,0.07493447107810136,46,48,147.83665201039838,51,55,52.657922329829844,95.17872968056854,147.83665201039838,0.7334941426585733,AUTO_CORRECT
beta,beta_F,2024-03-18,sure,0,-1,-1,0,0.0,0.711033,0.0,True,0.07493447107810136,58,61,112.25644538861222,55,56,15.538708685027116,96.7177367035851,112.25644538861222,0.6634797796568769,UNCERTAIN
beta,beta_F,2024-03-19,sure,1,45,64,20,9.447666,9.447666,9.447666,True,0.07493447107810136,45,64,732.9582565971884,44,44,-29.07384999964395,732.9582565971884,732.9582565971884,0.95076804541423,AUTO_CORRECT
beta,beta_F,2024-03-20,unsure,0,-1,-1,0,0.0,2.115756,0.0,True,0.07493447107810136,45,51,133.29072083877475,52,52,-365.0083136523372,133.29072083877475,133.29072083877475,0.708239307292798,AUTO_CORRECT
beta,beta_F,2024-03-21,sure,1,43,62,20,4.838768000000001,5.799439499999999,4.838768000000001,True,0.07493447107810136,42,67,297.69100414397775,68,68,-103.62844528805516,297.69100414397775,297.69100414397775,0.8656410303071084,AUTO_CORRECT
beta,beta_F,2024-03-22,sure,1,49,63,15,4.048279999999999,4.5801335,3.6017129999999997,True,0.07493447107810136,52,67,184.98114574361816,49,50,-12.626403123674176,184.98114574361816,184.98114574361816,0.783209258942838,AUTO_CORRECT
beta,beta_F,2024-03-23,unsure,0,-1,-1,0,0.0,3.8934345,0.0,True,0.07493447107810136,45,61,191.65628376041977,63,63,23.590444919461618,168.06583884095815,191.65628376041977,0.7904308361365711,AUTO_CORRECT
beta,beta_F,2024-03-24,unsure,1,43,64,22,3.4993585,4.433956,3.4993585,True,0.07493447107810136,39,66,175.52732255527806,38,38,-480.7177287283464,175.52732255527806,175.52732255527806,0.7721982956706649,AUTO_CORRECT
beta,beta_F,2024-03-25,sure,1,39,64,26,10.6919895,10.807521,10.6919895,True,0.07493447107810136,39,65,652.5438055625367,38,38,-35.28874871054049,652.5438055625367,652.5438055625367,0.9436957568702156,AUTO_CORRECT
beta,beta_F,2024-03-26,sure,1,39,63,25,10.1248305,10.080792,10.080792,True,0.07493447107810136,39,62,821.1322960372505,64,64,-9.032123580068479,821.1322960372505,821.1322960372505,0.9568619566086893,AUTO_CORRECT
beta,beta_F,2024-03-27,sure,0,-1,-1,0,0.0,1.073909,0.0,True,0.07493447107810136,50,57,73.12461273062009,45,48,16.841074822995214,56.283537907624876,73.12461273062009,0.5402204787093136,UNCERTAIN
beta,beta_F,2024-03-28,unsure,1,42,58,17,3.553662,0.9474819999999999,0.9474819999999999,True,0.07493447107810136,49,50,155.10069940728752,46,46,118.18062596623933,36.92007344104819,155.10069940728752,0.7447126251269625,AUTO_CORRECT
beta,beta_F,2024-03-29,sure,0,-1,-1,0,0.0,0.458173,0.0,True,0.07493447107810136,56,58,143.76018145195184,65,65,-5.01962604349756,143.76018145195184,143.76018145195184,0.7268132188172618,AUTO_CORRECT
beta,beta_F,2024-03-30,sure,1,41,62,22,9.1029885,9.083598499999999,9.083598499999999,True,0.07493447107810136,42,62,430.60602446924423,41,41,-6.546726786808512,430.60602446924423,430.60602446924423,0.9099009807795967,AUTO_CORRECT
beta,beta_F,2024-03-31,unsure,0,-1,-1,0,0.0,3.0620454999999995,0.0,True,0.07493447107810136,48,60,155.3058962108819,62,63,13.861113338959743,141.44478287192217,155.3058962108819,0.7450174566591986,AUTO_CORRECT
beta,beta_F,2024-04-01,sure,1,41,63,23,9.2809765,9.2041065,9.2041065,True,0.07493447107810136,41,62,490.7944372552592,40,40,-12.949195048955291,490.7944372552592,490.7944372552592,0.9221433316745367,AUTO_CORRECT
beta,beta_F,2024-04-02,sure,0,-1,-1,0,0.0,0.5260075,0.0,True,0.07493447107810136,42,44,115.69248010881192,41,41,-94.70000002963188,115.69248010881192,115.69248010881192,0.6715787168175358,UNCERTAIN
beta,beta_F,2024-04-03,sure,1,42,64,23,10.834639000000001,10.9891055,9.7031445,True,0.07493447107810136,37,59,864.8307572903611,61,63,194.02451738702337,670.8062399033378,864.8307572903611,0.9593980330326864,AUTO_CORRECT
beta,beta_F,2024-04-04,unsure,0,-1,-1,0,0.0,0.0,0.0,True,0.07493447107810136,-1,-1,0.0,48,48,-1307.1428304607582,,-1307.1428304607582,9.574875198671717e-07,AUTO_KEEP
beta,beta_F,2024-04-05,unsure,0,-1,-1,0,0.0,0.0,0.0,True,0.07493447107810136,-1,-1,0.0,24,24,-1718.5937811380402,,-1718.5937811380402,6.856599603512857e-07,AUTO_KEEP
beta,beta_F,2024-04-06,sure,1,41,65,25,8.9266415,8.873716,8.873716,True,0.07493447107810136,41,64,389.23226044757257,65,65,-19.55490534589708,389.23226044757257,389.23226044757257,0.8992918053826593,AUTO_CORRECT
beta,beta_F,2024-04-07,sure,1,37,60,24,9.254576499999999,9.537474500000002,9.254576499999999,True,0.07493447107810136,35,61,793.5461858287845,62,62,-141.9149643110472,793.5461858287845,793.5461858287845,0.9551086211353349,AUTO_CORRECT
beta,beta_F,2024-04-08,sure,1,36,56,21,4.8735254999999995,1.1267865,1.1267865,True,0.07493447107810136,43,45,287.7035827926272,38,41,130.9043563649467,156.79922642768048,287.7035827926272,0.8607374513876843,AUTO_CORRECT
beta,beta_F,2024-04-09,sure,1,37,62,26,8.4223755,8.631140999999998,8.292817999999999,True,0.07493447107810136,33,61,522.010134247577,62,62,-135.84188045389814,522.010134247577,522.010134247577,0.927369982029321,AUTO_CORRECT
beta,beta_F,2024-04-10,sure,1,36,63,28,13.769298000000001,13.908817,13.6790625,True,0.07493447107810136,35,62,915.9547408644329,63,63,-39.124787580281726,915.9547408644329,915.9547408644329,0.9620405923270865,AUTO_CORRECT
beta,beta_F,2024-04-11,sure,1,36,62,27,14.725424499999999,14.725424499999999,14.725424499999999,True,0.07493447107810136,36,62,807.2783296968225,63,63,-40.25363408077176,807.2783296968225,807.2783296968225,0.9559972266814276,AUTO_CORRECT
beta,beta_F,2024-04-12,sure,1,36,62,27,12.006713499999998,12.156303499999998,11.975349999999999,True,0.07493447107810136,37,63,471.5068366114905,36,36,-10.661928302884505,471.5068366114905,471.5068366114905,0.9185628510792475,AUTO_CORRECT
beta,beta_F,2024-04-13,sure,1,37,60,24,8.6046355,8.439538500000003,8.439538500000003,True,0.07493447107810136,38,59,666.2862842797273,37,37,-13.228707486491924,666.2862842797273,666.2862842797273,0.9450307432829792,AUTO_CORRECT
beta,beta_F,2024-04-14,sure,1,41,58,18,7.304390000000001,7.304390000000001,7.304390000000001,True,0.07493447107810136,41,58,384.3302020982416,40,40,-29.2673546728619,384.3302020982416,384.3302020982416,0.8978852035912206,AUTO_CORRECT
beta,beta_F,2024-04-15,sure,1,36,58,23,11.539518,11.387452,11.387452,True,0.07493447107810136,36,57,845.2680106078265,35,35,-83.68273291438973,845.2680106078265,845.2680106078265,0.9582969942768883,AUTO_CORRECT
beta,beta_F,2024-04-16,sure,1,38,57,20,7.7499595,7.7499595,7.7499595,True,0.07493447107810136,38,57,665.7501988590232,37,37,-56.40611653178181,665.7501988590232,665.7501988590232,0.9449797416948277,AUTO_CORRECT
beta,beta_F,2024-04-17,sure,1,44,55,12,4.572064500000001,5.7762035,4.572064500000001,True,0.07493447107810136,43,58,172.8567569470317,40,40,7.856300205628665,165.00045674140304,172.8567569470317,0.7689074433867732,AUTO_CORRECT
beta,beta_F,2024-04-18,sure,1,39,61,23,9.718923499999999,8.7821335,8.7821335,True,0.07493447107810136,40,57,1068.8810170036995,60,61,43.32870766321094,1025.5523093404886,1068.8810170036995,0.9683507215492453,AUTO_CORRECT
beta,beta_F,2024-04-19,sure,1,37,55,19,7.356944,7.1481605,7.1481605,True,0.07493447107810136,37,53,710.0831391476536,36,36,-15.461350747384921,710.0831391476536,710.0831391476536,0.9489264966708044,AUTO_CORRECT
beta,beta_F,2024-04-20,sure,0,-1,-1,0,0.0,0.0,0.0,True,0.07493447107810136,-1,-1,0.0,24,59,-1508.8101623949065,,-1508.8101623949065,8.037150835225992e-07,AUTO_KEEP
beta,beta_F,2024-04-21,sure,0,-1,-1,0,0.0,4.744128,0.0,True,0.07493447107810136,36,58,155.9070353918342,60,60,-0.1261004657384838,155.9070353918342,155.9070353918342,0.7459068122410846,AUTO_CORRECT
beta,beta_F,2024-04-22,sure,1,37,60,24,6.480875,6.6445955,6.3523265,True,0.07493447107810136,35,58,285.5539126321862,60,61,23.61726471078634,261.93664792139987,285.5539126321862,0.859639943734464,AUTO_CORRECT
beta,beta_F,2024-04-23,sure,1,38,61,24,12.5784965,12.663639,12.5784965,True,0.07493447107810136,37,61,751.7885023600126,62,62,-48.48942678928643,751.7885023600126,751.7885023600126,0.9521958805673094,AUTO_CORRECT
beta,beta_F,2024-04-24,sure,0,-1,-1,0,0.0,5.2147725,0.0,True,0.07493447107810136,34,54,46.151891611267416,59,61,7.7100299888139645,38.44186162245345,46.151891611267416,0.4034432751087075,UNCERTAIN
beta,beta_F,2024-04-25,unsure,1,41,50,10,2.7626399999999998,3.0378149999999997,2.6769404999999997,True,0.07493447107810136,42,51,321.74440664747965,60,60,-5.296766936274535,321.74440664747965,321.74440664747965,0.8762650170467987,AUTO_CORRECT
beta,beta_F,2024-04-26,sure,1,38,60,23,9.002752,8.850085,8.850085,True,0.07493447107810136,38,59,664.6218051290627,37,37,-73.54036072784578,664.6218051290627,664.6218051290627,0.9448721095443573,AUTO_CORRECT
beta,beta_F,2024-04-27,sure,1,39,55,17,3.5610635,3.5485794999999998,3.5485794999999998,True,0.07493447107810136,40,55,189.71036135139727,39,39,-3.0992337687256466,189.71036135139727,189.71036135139727,0.7883700693372401,AUTO_CORRECT
beta,beta_F,2024-04-28,sure,1,41,59,19,6.279657,6.279657,6.279657,True,0.07493447107810136,41,59,524.9260010051751,60,60,-23.316172743983202,524.9260010051751,524.9260010051751,0.9278259045050641,AUTO_CORRECT
beta,beta_F,2024-04-29,sure,1,42,58,17,6.5092245,6.612005999999999,6.405265,True,0.07493447107810136,40,57,605.0606931324686,39,39,-92.22596158862696,605.0606931324686,605.0606931324686,0.9385972093917101,AUTO_CORRECT
beta,beta_F,2024-04-30,unsure,1,50,54,5,0.78539,0.5896915,0.5896915,True,0.07493447107810136,50,53,92.40157489164135,48,48,-42.76572105386005,92.40157489164135,92.40157489164135,0.6090898123666301,UNCERTAIN
beta,beta_F,2024-05-01,sure,0,-1,-1,0,0.0,0.0,0.0,True,0.07493447107810136,-1,-1,0.0,58,58,-400.6053609559296,,-400.6053609559296,4.049039114230518e-06,AUTO_KEEP
beta,beta_F,2024-05-02,sure,0,-1,-1,0,0.0,1.6728679999999998,0.0,True,0.07493447107810136,47,53,142.2838798837055,55,55,-3.1555052498283573,142.2838798837055,142.2838798837055,0.7243209587999633,AUTO_CORRECT
beta,beta_F,2024-05-03,sure,0,-1,-1,0,0.0,2.669693,0.0,True,0.07493447107810136,37,50,145.64507515500148,52,54,105.19901063910186,40.44606451589962,145.64507515500148,0.7299384181655721,AUTO_CORRECT
beta,beta_F,2024-05-04,sure,0,-1,-1,0,0.0,0.0,0.0,True,0.07493447107810136,-1,-1,0.0,40,40,-147.18841622887336,,-147.18841622887336,1.3678628445900415e-05,AUTO_KEEP
beta,beta_F,2024-05-05,sure,0,-1,-1,0,0.0,0.0,0.0,True,0.07493447107810136,-1,-1,0.0,41,41,-460.9844173439723,,-460.9844173439723,3.412547419132894e-06,AUTO_KEEP
beta,beta_F,2024-05-06,sure,0,-1,-1,0,0.0,0.0,0.0,True,0.07493447107810136,-1,-1,0.0,47,47,-208.3800352499522,,-208.3800352499522,8.968916588649379e-06,AUTO_KEEP
beta,beta_F,2024-05-07,unsure,0,-1,-1,0,0.0,4.569414,0.0,True,0.07493447107810136,42,53,374.12458016687515,40,40,-4.358978434466811,374.12458016687515,374.12458016687515,0.894840639894771,AUTO_CORRECT
beta,beta_F,2024-05-08,unsure,0,-1,-1,0,0.0,2.9354955000000005,0.0,True,0.07493447107810136,48,54,128.5943982163129,41,44,111.63561190181782,16.95878631449507,128.5943982163129,0.6991770277673169,UNCERTAIN
beta,beta_F,2024-05-09,unsure,0,-1,-1,0,0.0,2.7798225,0.0,True,0.07493447107810136,45,53,14.283657136039432,54,54,-369.9651037393161,14.283657136039432,14.283657136039432,0.14594617518959688,AUTO_KEEP
beta,beta_F,2024-05-10,unsure,0,-1,-1,0,0.0,1.6886280000000002,0.0,True,0.07493447107810136,52,58,4.592874858217306,59,59,-99.52970098394188,4.592874858217306,4.592874858217306,0.04768576469822023,AUTO_KEEP
beta,beta_F,2024-05-11,sure,0,-1,-1,0,0.0,0.0,0.0,True,0.07493447107810136,-1,-1,0.0,59,59,-1747.5332188006596,,-1747.5332188006596,6.718288192520359e-07,AUTO_KEEP
beta,beta_F,2024-05-12,sure,0,-1,-1,0,0.0,0.386152,0.0,True,0.07493447107810136,53,54,37.06979777460983,55,55,-37.02610831704593,37.06979777460983,37.06979777460983,0.34245236017908276,UNCERTAIN
beta,beta_F,2024-05-13,sure,0,-1,-1,0,0.0,0.0,0.0,True,0.07493447107810136,-1,-1,0.0,51,51,-64.19631999240003,,-64.19631999240003,3.727746886882558e-05,AUTO_KEEP
beta,beta_F,2024-05-14,sure,1,39,60,22,8.207672999999998,8.207672999999998,8.207672999999998,True,0.07493447107810136,39,60,429.9174028478063,38,38,-26.35276760692847,429.9174028478063,429.9174028478063,0.9097410128086751,AUTO_CORRECT
beta,beta_F,2024-05-15,sure,1,39,59,21,5.3082905,5.3082905,5.3082905,True,0.07493447107810136,39,59,202.11267825872315,38,38,-21.747078686630907,202.11267825872315,202.11267825872315,0.800920988219423,AUTO_CORRECT
beta,beta_F,2024-05-16,sure,1,40,59,20,3.7522430000000004,3.7182275000000002,3.7182275000000002,True,0.07493447107810136,41,59,167.8046308801304,40,40,-16.512367314612227,167.8046308801304,167.8046308801304,0.7624473209391877,AUTO_CORRECT
beta,beta_F,2024-05-17,sure,1,44,59,16,5.671029,5.601116,5.601116,True,0.07493447107810136,45,59,449.8926392148694,44,44,-48.12656844859407,449.8926392148694,449.8926392148694,0.9141823857998369,AUTO_CORRECT
beta,beta_F,2024-05-18,sure,0,-1,-1,0,0.0,0.0,0.0,True,0.07493447107810136,-1,-1,0.0,50,50,-3.3130925207827393,,-3.3130925207827393,0.0010260297304117306,AUTO_KEEP
beta,beta_F,2024-05-19,sure,1,44,56,13,2.5070265000000003,2.6046525000000003,2.5070265000000003,True,0.07493447107810136,43,57,270.12067587696237,58,58,-16.577817412513316,270.12067587696237,270.12067587696237,0.8512833636779036,AUTO_CORRECT
beta,beta_F,2024-05-20,unsure,0,-1,-1,0,0.0,1.6867255,0.0,True,0.07493447107810136,44,49,2.3446350446566493,41,41,-3.3901845242952415,2.3446350446566493,2.3446350446566493,0.026032162014548253,AUTO_KEEP
beta,beta_F,2024-05-21,sure,0,-1,-1,0,0.0,0.1144245,0.0,True,0.07493447107810136,42,42,42.436710806004946,43,43,-10.575906161046948,42.436710806004946,42.436710806004946,0.37957591257247886,UNCERTAIN
beta,beta_F,2024-05-22,sure,1,41,56,16,5.2591485,5.8290945,5.2591485,True,0.07493447107810136,41,59,238.24625340573408,40,40,-15.679674841420063,238.24625340573408,238.24625340573408,0.8308952443346096,AUTO_CORRECT
beta,beta_F,2024-05-23,sure,1,43,59,17,5.2087935,5.473672499999999,5.2087935,True,0.07493447107810136,42,59,426.61784066642673,40,40,-28.39563239627949,426.61784066642673,426.61784066642673,0.9089673697455732,AUTO_CORRECT
beta,beta_F,2024-05-24,sure,1,42,52,11,2.509268,2.580058,2.509268,True,0.07493447107810136,42,53,186.27003957409028,41,41,-13.313901478623674,186.27003957409028,186.27003957409028,0.7846376909517558,AUTO_CORRECT
beta,beta_F,2024-05-25,sure,0,-1,-1,0,0.0,0.0,0.0,True,0.07493447107810136,-1,-1,0.0,52,56,-477.00879267777293,,-477.00879267777293,3.273383050604944e-06,AUTO_KEEP
beta,beta_F,2024-05-26,sure,1,44,56,13,1.8082595000000001,1.8082595000000001,1.8082595000000001,True,0.07493447107810136,44,56,60.06962848014338,57,57,-15.2112166764542,60.06962848014338,60.06962848014338,0.48117726734627025,UNCERTAIN
beta,beta_F,2024-05-27,sure,1,42,58,17,4.7918259999999995,4.8926395,4.7918259999999995,True,0.07493447107810136,42,59,246.2895706009784,41,41,-21.450149625792694,246.2895706009784,246.2895706009784,0.8364928447327039,AUTO_CORRECT
beta,beta_F,2024-05-28,sure,1,41,58,18,5.4063045,5.491795,5.3698435,True,0.07493447107810136,42,59,216.09855096707554,41,41,-8.840869790998703,216.09855096707554,216.09855096707554,0.8135691552290041,AUTO_CORRECT
beta,beta_F,2024-05-29,sure,1,42,58,17,4.5878405,4.5878405,4.5878405,True,0.07493447107810136,42,58,165.48646719373875,41,41,-27.827533834839365,165.48646719373875,165.48646719373875,0.7593756188813515,AUTO_CORRECT
beta,beta_F,2024-05-30,sure,1,41,57,17,4.876068499999999,4.825385,4.825385,True,0.07493447107810136,42,57,207.90849915642926,41,41,-15.118743858911879,207.90849915642926,207.90849915642926,0.8063421471743798,AUTO_CORRECT
beta,beta_F,2024-05-31,sure,0,-1,-1,0,0.0,0.0,0.0,True,0.07493447107810136,-1,-1,0.0,43,43,-947.9781329993232,,-947.9781329993232,1.416920293620131e-06,AUTO_KEEP
beta,beta_F,2024-06-01,sure,0,-1,-1,0,0.0,0.0,0.0,True,0.07493447107810136,-1,-1,0.0,24,24,-2049.269942149912,,-2049.269942149912,5.531450801614735e-07,AUTO_KEEP
beta,beta_F,2024-06-02,sure,0,-1,-1,0,0.0,0.0,0.0,True,0.07493447107810136,-1,-1,0.0,24,24,-2560.0837537843486,,-2560.0837537843486,4.215708240402795e-07,AUTO_KEEP
beta,beta_F,2024-06-03,unsure,0,-1,-1,0,0.0,1.1062475,0.0,True,0.07493447107810136,48,53,67.93203933910146,43,46,23.90662587050111,44.025413468600355,67.93203933910146,0.5181295339328325,UNCERTAIN
beta,beta_F,2024-06-04,unsure,0,-1,-1,0,0.0,0.5906465,0.0,True,0.07493447107810136,46,46,61.52432091121755,52,54,32.28690361355401,29.23741729766354,61.52432091121755,0.4883566177667306,UNCERTAIN
beta,beta_F,2024-06-05,sure,0,-1,-1,0,0.0,1.8241205000000003,0.0,True,0.07493447107810136,44,51,121.02413519438562,43,43,-31.963620307510855,121.02413519438562,121.02413519438562,0.6834963212513256,UNCERTAIN
beta,beta_F,2024-06-06,unsure,0,-1,-1,0,0.0,1.6473695,0.0,True,0.07493447107810136,43,55,70.6227139891592,42,42,-12.977886859099332,70.6227139891592,70.6227139891592,0.5297909760381032,UNCERTAIN
beta,beta_F,2024-06-07,sure,0,-1,-1,0,0.0,0.0,0.0,True,0.07493447107810136,-1,-1,0.0,55,56,-2464.20405127324,,-2464.20405127324,4.416765828785374e-07,AUTO_KEEP
beta,beta_F,2024-06-08,sure,0,-1,-1,0,0.0,2.573768,0.0,True,0.07493447107810136,43,55,77.04011145316726,58,58,-47.22440182745559,77.04011145316726,77.04011145316726,0.5557877488613515,UNCERTAIN
beta,beta_F,2024-06-09,unsure,0,-1,-1,0,0.0,0.0,0.0,True,0.07493447107810136,-1,-1,0.0,54,54,-1.9066993872141302,,-1.9066993872141302,0.0016601890305724444,AUTO_KEEP
beta,beta_F,2024-06-10,sure,0,-1,-1,0,0.0,0.0,0.0,True,0.07493447107810136,-1,-1,0.0,52,52,-118.30037566607658,,-118.30037566607658,1.782500291907845e-05,AUTO_KEEP
beta,beta_F,2024-06-11,sure,0,-1,-1,0,0.0,0.0,0.0,True,0.07493447107810136,-1,-1,0.0,48,52,-62.74530949397947,,-62.74530949397947,3.83161179757621e-05,AUTO_KEEP
beta,beta_F,2024-06-12,unsure,0,-1,-1,0,0.0,2.854171,0.0,True,0.07493447107810136,41,56,76.44956271545098,40,40,-35.04287560253915,76.44956271545098,76.44956271545098,0.5534966736217337,UNCERTAIN
beta,beta_F,2024-06-13,unsure,0,-1,-1,0,0.0,0.6897435,0.0,True,0.07493447107810136,50,52,103.34299396547642,44,48,22.570215844216282,80.77277812126015,103.34299396547642,0.640779634048051,UNCERTAIN
beta,beta_F,2024-06-14,sure,0,-1,-1,0,0.0,0.0,0.0,True,0.07493447107810136,-1,-1,0.0,47,47,-1184.8489736126098,,-1184.8489736126098,1.07939672881224e-06,AUTO_KEEP
beta,beta_F,2024-06-15,sure,0,-1,-1,0,0.0,0.0,0.0,True,0.07493447107810136,-1,-1,0.0,52,52,-374.150021563608,,-374.150021563608,4.400358775483447e-06,AUTO_KEEP
beta,beta_F,2024-06-16,sure,1,46,54,9,0.47807700000000003,0.47807700000000003,0.47807700000000003,True,0.07493447107810136,46,54,8.3551719210288,45,45,-4.777119738681434,8.3551719210288,8.3551719210288,0.08579356419201525,AUTO_KEEP
beta,beta_F,2024-06-17,sure,0,-1,-1,0,0.0,0.0,0.0,True,0.07493447107810136,-1,-1,0.0,46,46,-12.155701258752252,,-12.155701258752252,0.000263092380353548,AUTO_KEEP
beta,beta_F,2024-06-18,sure,1,43,56,14,2.5626975,2.7423755,2.5349275000000002,True,0.07493447107810136,44,58,86.8170249796207,43,43,-5.940296169803582,86.8170249796207,86.8170249796207,0.5910256529715944,UNCERTAIN
beta,beta_F,2024-06-19,sure,1,44,57,14,2.529637,2.6541315,2.529637,True,0.07493447107810136,44,58,67.59659566577703,43,43,-20.888029329079004,67.59659566577703,67.59659566577703,0.5166422170238624,UNCERTAIN
beta,beta_F,2024-06-20,sure,0,-1,-1,0,0.0,0.810549,0.0,True,0.07493447107810136,51,53,77.5093722252806,45,45,15.309494248703135,62.19987797657747,77.5093722252806,0.5575942825341208,UNCERTAIN
beta,beta_F,2024-06-21,unsure,0,-1,-1,0,0.0,0.072653,0.0,True,0.07493447107810136,45,46,2.4514539357457275,44,44,-6.645326668008861,2.4514539357457275,2.4514539357457275,0.027023362893071865,AUTO_KEEP
beta,beta_F,2024-06-22,sure,0,-1,-1,0,0.0,0.0,0.0,False,,-1,-1,,-1,-1,,,,,UNCERTAIN
beta,beta_F,2024-06-23,sure,0,-1,-1,0,0.0,0.0,0.0,True,0.07493447107810136,-1,-1,0.0,56,56,-269.89153306019404,,-269.89153306019404,6.548693553529238e-06,AUTO_KEEP
beta,beta_F,2024-06-24,sure,1,46,55,10,1.390992,1.4550965,1.390992,True,0.07493447107810136,46,56,129.43364714392257,45,45,-15.59233556554808,129.43364714392257,129.43364714392257,0.7008322208251414,AUTO_CORRECT
beta,beta_F,2024-06-25,sure,1,44,57,14,1.9183635,1.9183635,1.9183635,True,0.07493447107810136,44,57,42.154741068915946,43,43,-27.337222606830327,42.154741068915946,42.154741068915946,0.3777049709864432,UNCERTAIN
beta,beta_F,2024-06-26,sure,1,44,57,14,2.3353859999999997,2.2907714999999995,2.2907714999999995,True,0.07493447107810136,44,56,67.46459542529738,57,57,-9.414763338421778,67.46459542529738,67.46459542529738,0.516054866083515,UNCERTAIN
beta,beta_F,2024-06-27,sure,1,43,58,16,3.661206,3.661206,3.661206,True,0.07493447107810136,43,58,103.88859670907016,42,42,-37.32833117988293,103.88859670907016,103.88859670907016,0.642244140174626,UNCERTAIN
beta,beta_F,2024-06-28,sure,1,45,56,12,1.6581565,1.6581565,1.6581565,True,0.07493447107810136,45,56,37.57892217554383,44,44,-7.547788067048123,37.57892217554383,37.57892217554383,0.34611434432199506,UNCERTAIN
beta,beta_F,2024-06-29,unsure,0,-1,-1,0,0.0,0.19889649999999998,0.0,True,0.07493447107810136,53,55,2.570736838935723,49,49,-2.0617691508322387,2.570736838935723,2.570736838935723,0.028135847707644775,AUTO_KEEP
beta,beta_F,2024-06-30,sure,0,-1,-1,0,0.0,0.0,0.0,True,0.07493447107810136,-1,-1,0.0,24,24,-3235.894017191336,,-3235.894017191336,3.167265784961961e-07,AUTO_KEEP
beta,beta_F,2024-07-01,sure,0,-1,-1,0,0.0,0.06819,0.0,True,0.07493447107810136,52,52,6.640863989496622,48,48,1.8818338864461295,4.759030103050493,6.640863989496622,0.06828894582829086,AUTO_KEEP
beta,beta_F,2024-07-02,sure,0,-1,-1,0,0.0,0.0,0.0,True,0.07493447107810136,-1,-1,0.0,43,52,-1287.0518605001107,,-1287.0518605001107,9.757549395752628e-07,AUTO_KEEP
beta,beta_F,2024-07-03,sure,0,-1,-1,0,0.0,0.1178585,0.0,True,0.07493447107810136,55,55,12.724003690586096,54,54,-35.418321955378055,12.724003690586096,12.724003690586096,0.13031382146400997,AUTO_KEEP
beta,beta_F,2024-07-04,unsure,0,-1,-1,0,0.0,0.252663,0.0,True,0.07493447107810136,54,54,75.67458151736916,45,45,-34.05132151584917,75.67458151736916,75.67458151736916,0.5504599469835898,UNCERTAIN
beta,beta_F,2024-07-05,sure,0,-1,-1,0,0.0,0.0,0.0,True,0.07493447107810136,-1,-1,0.0,55,55,-294.5394715110014,,-294.5394715110014,5.88809668140837e-06,AUTO_KEEP
beta,beta_F,2024-07-06,sure,0,-1,-1,0,0.0,0.0,0.0,True,0.07493447107810136,-1,-1,0.0,50,51,-2.4712015412335626,,-2.4712015412335626,0.0013371502090382095,AUTO_KEEP
beta,beta_F,2024-07-07,sure,0,-1,-1,0,0.0,0.0,0.0,True,0.07493447107810136,-1,-1,0.0,45,45,-105.8827078733625,,-105.8827078733625,2.0385169908964518e-05,AUTO_KEEP
beta,beta_F,2024-07-08,sure,0,-1,-1,0,0.0,0.0,0.0,True,0.07493447107810136,-1,-1,0.0,62,62,-190.66896812782477,,-190.66896812782477,9.990966525002127e-06,AUTO_KEEP
beta,beta_F,2024-07-09,sure,0,-1,-1,0,0.0,0.0,0.0,True,0.07493447107810136,-1,-1,0.0,58,58,-1.5293648807292786,,-1.5293648807292786,0.001966805517256085,AUTO_KEEP
beta,beta_F,2024-07-10,sure,1,44,55,12,2.1284845,1.8702265,1.8702265,True,0.07493447107810136,44,53,37.08025782911773,43,43,-20.83127908950592,37.08025782911773,37.08025782911773,0.3425279000030287,UNCERTAIN
beta,beta_F,2024-07-11,sure,1,44,51,8,0.6278395,0.0,0.0,False,,-1,-1,,-1,-1,,,,,UNCERTAIN
beta,beta_F,2024-07-12,sure,1,44,55,12,1.9552755,1.7341015,1.7341015,True,0.07493447107810136,45,53,50.431944067352276,44,44,-4.8911374224537285,50.431944067352276,50.431944067352276,0.42921675640000073,UNCERTAIN
beta,beta_F,2024-07-13,unsure,0,-1,-1,0,0.0,1.114036,0.0,True,0.07493447107810136,45,54,55.39513377578827,44,44,-31.302372144270016,55.39513377578827,55.39513377578827,0.45696658632135684,UNCERTAIN
beta,beta_F,2024-07-14,unsure,1,47,53,7,0.47069700000000003,0.4287885,0.4287885,True,0.07493447107810136,47,52,2.6230119042527895,53,53,-10.096849853826738,2.6230119042527895,2.6230119042527895,0.028625192509702545,AUTO_KEEP
beta,beta_F,2024-07-15,sure,1,46,56,11,1.0488175,0.9357764999999999,0.9357764999999999,True,0.07493447107810136,46,54,27.723650849309657,56,57,-5.999436389197667,27.723650849309657,27.723650849309657,0.2696589263117484,AUTO_KEEP
beta,beta_F,2024-07-16,sure,0,-1,-1,0,0.0,0.0,0.0,True,0.07493447107810136,-1,-1,0.0,47,48,-218.26476155357807,,-218.26476155357807,8.477704825316765e-06,AUTO_KEEP
beta,beta_F,2024-07-17,sure,1,43,48,6,0.7511925,0.656589,0.656589,True,0.07493447107810136,44,47,18.66439049823913,43,43,-13.641269679459095,18.66439049823913,18.66439049823913,0.1886169677129231,AUTO_KEEP
beta,beta_F,2024-07-18,unsure,0,-1,-1,0,0.0,0.2246485,0.0,True,0.07493447107810136,53,54,48.4213330083495,43,50,26.02974909117193,22.39158391717757,48.4213330083495,0.4173310326117929,UNCERTAIN
beta,beta_F,2024-07-19,sure,1,43,56,14,2.702383,3.24154,2.702383,True,0.07493447107810136,43,58,43.87745917130306,42,42,-421.9455613391026,43.87745917130306,43.87745917130306,0.3890029790132149,UNCERTAIN
beta,beta_F,2024-07-20,sure,0,-1,-1,0,0.0,0.7435365,0.0,True,0.07493447107810136,53,57,62.94746688679955,59,59,-67.1096099744083,62.94746688679955,62.94746688679955,0.4952249629577561,UNCERTAIN
beta,beta_F,2024-07-21,sure,1,45,58,14,1.8161150000000001,1.7120320000000002,1.7120320000000002,True,0.07493447107810136,46,57,31.019729922304915,45,45,-4.223007588460003,31.019729922304915,31.019729922304915,0.296564845098984,AUTO_KEEP
beta,beta_F,2024-07-22,sure,1,44,55,12,2.6959874999999998,2.6959874999999998,2.6959874999999998,True,0.07493447107810136,44,55,79.77155303116442,43,43,-13.531262982109093,79.77155303116442,79.77155303116442,0.5661328204594542,UNCERTAIN
beta,beta_F,2024-07-23,sure,1,43,59,17,4.625432000000001,4.761178000000001,4.625432000000001,True,0.07493447107810136,43,60,170.46347162217944,42,42,-18.65111299579213,170.46347162217944,170.46347162217944,0.7658862948217064,AUTO_CORRECT
beta,beta_F,2024-07-24,sure,1,42,60,19,5.2421074999999995,5.181616999999999,5.181616999999999,True,0.07493447107810136,43,60,226.48802817020479,42,42,-29.12428929752385,226.48802817020479,226.48802817020479,0.8220721197398215,AUTO_CORRECT
beta,beta_F,2024-07-25,sure,0,-1,-1,0,0.0,0.1624845,0.0,True,0.07493447107810136,51,51,40.19878987691735,53,55,6.818379320491642,33.38041055642571,40.19878987691735,0.36448804153800657,UNCERTAIN
beta,beta_F,2024-07-26,sure,1,42,58,17,6.5630155,4.785798499999999,4.53733,True,0.07493447107810136,47,60,424.21913439567925,61,61,-99.65371384998527,424.21913439567925,424.21913439567925,0.9083974162065629,AUTO_CORRECT
beta,beta_F,2024-07-27,sure,0,-1,-1,0,0.0,0.0,0.0,True,0.07493447107810136,-1,-1,0.0,58,58,-1795.54083793173,,-1795.54083793173,6.499728662530116e-07,AUTO_KEEP
beta,beta_F,2024-07-28,sure,1,47,56,10,1.0082865,1.8196850000000002,1.0082865,True,0.07493447107810136,42,56,31.844358470157967,57,57,-22.6017168156332,31.844358470157967,31.844358470157967,0.30308262713172096,UNCERTAIN
beta,beta_F,2024-07-29,unsure,1,44,60,17,3.629678,3.2794319999999995,3.2794319999999995,True,0.07493447107810136,44,58,155.60855073224258,43,43,-20.683603396986268,155.60855073224258,155.60855073224258,0.7454659014885037,AUTO_CORRECT
beta,beta_F,2024-07-30,sure,0,-1,-1,0,0.0,0.0,0.0,True,0.07493447107810136,-1,-1,0.0,47,47,-152.3022863039036,,-152.3022863039036,1.312355357858276e-05,AUTO_KEEP
beta,beta_F,2024-07-31,sure,0,-1,-1,0,0.0,0.0904395,0.0,True,0.07493447107810136,43,43,71.23302832301509,40,40,16.038329859460305,55.194698463554786,71.23302832301509,0.5323711470145759,UNCERTAIN
beta,beta_F,2024-08-01,sure,0,-1,-1,0,0.0,1.5656965,0.0,True,0.07493447107810136,54,56,161.35005845747511,44,44,22.058993882126547,139.29106457534857,161.35005845747511,0.7537175993173758,AUTO_CORRECT
beta,beta_F,2024-08-02,unsure,0,-1,-1,0,0.0,2.3520795,0.0,True,0.07493447107810136,46,57,198.00739062221405,42,43,11.530251189625067,186.47713943258898,198.00739062221405,0.7969157533609362,AUTO_CORRECT
beta,beta_F,2024-08-03,sure,1,43,57,15,2.2416705,2.0966834999999997,2.0966834999999997,True,0.07493447107810136,44,56,43.50233753292598,57,57,-17.865553271698108,43.50233753292598,43.50233753292598,0.38656970151812586,UNCERTAIN
beta,beta_F,2024-08-04,sure,0,-1,-1,0,0.0,0.0,0.0,False,,-1,-1,,-1,-1,,,,,UNCERTAIN
beta,beta_F,2024-08-05,sure,0,-1,-1,0,0.0,0.0,0.0,False,,-1,-1,,-1,-1,,,,,UNCERTAIN
beta,beta_F,2024-08-06,sure,1,40,52,13,4.575089999999999,5.163942499999999,4.575089999999999,True,0.07493447107810136,40,55,195.0507896452123,57,59,-9.650851362703383,195.0507896452123,195.0507896452123,0.7939417506179575,AUTO_CORRECT
beta,beta_F,2024-08-07,sure,1,41,61,21,8.056875999999999,8.056875999999999,8.056875999999999,True,0.07493447107810136,41,61,372.80790856441604,40,40,-37.00497920119302,372.80790856441604,372.80790856441604,0.8944359457169149,AUTO_CORRECT
beta,beta_F,2024-08-08,sure,1,41,61,21,8.600901499999999,8.5629715,8.5629715,True,0.07493447107810136,42,61,396.82983640877865,41,41,-14.593606578804646,396.82983640877865,396.82983640877865,0.9014041839676593,AUTO_CORRECT
beta,beta_F,2024-08-09,sure,1,41,59,19,3.9453015000000002,2.985187,2.8075745,True,0.07493447107810136,45,60,219.06164186357015,42,43,38.863296604887296,180.19834525868285,219.06164186357015,0.8160667785480544,AUTO_CORRECT
beta,beta_F,2024-08-10,sure,0,-1,-1,0,0.0,1.9046445,0.0,True,0.07493447107810136,43,55,14.032494191571656,57,57,-30.153149761163295,14.032494191571656,14.032494191571656,0.1434422771854379,AUTO_KEEP
beta,beta_F,2024-08-11,sure,0,-1,-1,0,0.0,0.0,0.0,True,0.07493447107810136,-1,-1,0.0,59,59,-214.22222581716764,,-214.22222581716764,8.67254094738404e-06,AUTO_KEEP
beta,beta_F,2024-08-12,sure,0,-1,-1,0,0.0,0.0,0.0,True,0.07493447107810136,-1,-1,0.0,49,49,-506.1003024119774,,-506.1003024119774,3.0455613852774555e-06,AUTO_KEEP
beta,beta_F,2024-08-13,sure,0,-1,-1,0,0.0,0.1344185,0.0,True,0.07493447107810136,49,50,17.846295758922704,52,53,-53.2859688950417,17.846295758922704,17.846295758922704,0.1808042911098423,AUTO_KEEP
beta,beta_F,2024-08-14,sure,0,-1,-1,0,0.0,0.0,0.0,True,0.07493447107810136,-1,-1,0.0,58,58,-1724.988737642498,,-1724.988737642498,6.82559244345052e-07,AUTO_KEEP
beta,beta_F,2024-08-15,sure,0,-1,-1,0,0.0,0.0,0.0,True,0.07493447107810136,-1,-1,0.0,47,47,-345.0225170373828,,-345.0225170373828,4.856767829947568e-06,AUTO_KEEP
beta,beta_F,2024-08-16,sure,0,-1,-1,0,0.0,0.3846275,0.0,True,0.07493447107810136,54,55,5.619861293170831,50,50,-85.75749275720399,5.619861293170831,5.619861293170831,0.0579533146053501,AUTO_KEEP
beta,beta_F,2024-08-17,sure,0,-1,-1,0,0.0,4.936196499999999,0.0,True,0.07493447107810136,41,57,416.53702189073067,59,61,65.28332650867407,351.2536953820566,416.53702189073067,0.9065280920092808,AUTO_CORRECT
beta,beta_F,2024-08-18,sure,1,40,49,10,2.8101735000000003,3.1638605,2.7685015,True,0.07493447107810136,41,50,245.35363383461174,55,56,77.75152692222738,167.60210691238436,245.35363383461174,0.835858579138669,AUTO_CORRECT
beta,beta_F,2024-08-19,sure,1,41,51,11,3.7821570000000007,4.2785005,3.7821570000000007,True,0.07493447107810136,38,51,205.8963769844289,37,37,-195.3160389187045,205.8963769844289,205.8963769844289,0.804490089241665,AUTO_CORRECT
beta,beta_F,2024-08-20,sure,1,40,62,23,12.485994999999999,12.5723535,12.485994999999999,True,0.07493447107810136,39,62,691.3893080475848,38,38,-54.983837597297686,691.3893080475848,691.3893080475848,0.9473267162953681,AUTO_CORRECT
beta,beta_F,2024-08-21,sure,1,38,62,25,13.265659500000002,13.2870165,13.1797955,True,0.07493447107810136,37,61,1070.008294511647,63,63,0.531763624498287,1069.4765308871486,1070.008294511647,0.9683901067930533,AUTO_CORRECT
beta,beta_F,2024-08-22,sure,1,42,62,21,8.533091500000001,8.533091500000001,8.533091500000001,True,0.07493447107810136,42,62,584.6850418304024,63,63,-73.8881032186884,584.6850418304024,584.6850418304024,0.9361460988761597,AUTO_CORRECT
beta,beta_F,2024-08-23,sure,1,38,61,24,10.563671,10.735026,10.563671,True,0.07493447107810136,38,62,568.9262218320606,37,37,-30.605268938688468,568.9262218320606,568.9262218320606,0.9341261251160522,AUTO_CORRECT
beta,beta_F,2024-08-24,unsure,0,-1,-1,0,0.0,1.6366285,0.0,True,0.07493447107810136,40,43,388.1156822168212,54,60,232.46292279664638,155.65275942017482,388.1156822168212,0.8989744892713692,AUTO_CORRECT
beta,beta_F,2024-08-25,sure,0,-1,-1,0,0.0,0.0,0.0,True,0.07493447107810136,-1,-1,0.0,24,24,-1928.2829216558002,,-1928.2829216558002,5.957898629602536e-07,AUTO_KEEP
beta,beta_F,2024-08-26,sure,1,36,63,28,16.587621,16.450950500000005,16.450950500000005,True,0.07493447107810136,37,62,1139.9020752828242,36,36,-21.684713132103553,1139.9020752828242,1139.9020752828242,0.9706694909343933,AUTO_CORRECT
beta,beta_F,2024-08-27,sure,1,37,63,27,17.316084500000002,17.316084500000002,17.316084500000002,True,0.07493447107810136,37,63,1156.529205520291,36,36,-70.88898962108384,1156.529205520291,1156.529205520291,0.9711683050485153,AUTO_CORRECT
beta,beta_F,2024-08-28,sure,1,37,62,26,17.399071000000003,17.727378000000005,17.399071000000003,True,0.07493447107810136,35,62,1271.2109737269805,63,63,-44.60212167262028,1271.2109737269805,1271.2109737269805,0.974228456839606,AUTO_CORRECT
beta,beta_F,2024-08-29,sure,1,35,63,29,18.071892499999997,17.9152015,17.9152015,True,0.07493447107810136,36,62,1263.6252415030153,63,63,-30.729184426247304,1263.6252415030153,1263.6252415030153,0.9740444753363582,AUTO_CORRECT
beta,beta_F,2024-08-30,sure,1,36,62,27,16.7827965,16.7326975,16.7326975,True,0.07493447107810136,37,62,1132.9892616084408,36,36,-23.918740228534084,1132.9892616084408,1132.9892616084408,0.9704574762328941,AUTO_CORRECT
beta,beta_F,2024-08-31,sure,1,36,62,27,15.457373,15.419537,15.419537,True,0.07493447107810136,37,62,1105.2115046320307,36,36,-11.570509248986383,1105.2115046320307,1105.2115046320307,0.9695767993357995,AUTO_CORRECT
beta,beta_F,2024-09-01,sure,1,37,62,26,13.668908,13.636346,13.636346,True,0.07493447107810136,38,62,915.6925667518376,37,37,-8.561580382080466,915.6925667518376,915.6925667518376,0.9620278391379135,AUTO_CORRECT
beta,beta_F,2024-09-02,sure,1,35,63,29,18.967365,18.896731999999997,18.896731999999997,True,0.07493447107810136,36,63,1380.0306687762888,35,35,-30.0235759509307,1380.0306687762888,1380.0306687762888,0.9766285398773328,AUTO_CORRECT
beta,beta_F,2024-09-03,sure,1,36,63,28,19.829486000000003,19.829486000000003,19.829486000000003,True,0.07493447107810136,36,63,1387.7682204012026,35,35,-52.297591288107334,1387.7682204012026,1387.7682204012026,0.9767837507256935,AUTO_CORRECT
beta,beta_F,2024-09-04,sure,1,37,63,27,18.7995855,18.7995855,18.7995855,True,0.07493447107810136,37,63,1270.0754775007233,36,36,-14.484887321664539,1270.0754775007233,1270.0754775007233,0.9742010677145118,AUTO_CORRECT
beta,beta_F,2024-09-05,sure,1,36,63,28,17.692870999999997,17.572651,17.572651,True,0.07493447107810136,37,62,1186.7834504547834,36,36,-20.11097173941858,1186.7834504547834,1186.7834504547834,0.9720374688114015,AUTO_CORRECT
beta,beta_F,2024-09-06,sure,1,36,63,28,18.2241575,18.1462165,18.1462165,True,0.07493447107810136,36,62,1305.737123113781,35,35,-27.88256781490253,1305.737123113781,1305.737123113781,0.9750367601005357,AUTO_CORRECT
beta,beta_F,2024-09-07,sure,1,36,58,23,10.532243500000002,10.437785000000002,10.437785000000002,True,0.07493447107810136,37,57,713.3357108872232,36,36,-9.760138500391383,713.3357108872232,713.3357108872232,0.9491958913807471,AUTO_CORRECT
beta,beta_F,2024-09-08,sure,0,-1,-1,0,0.0,0.0,0.0,True,0.07493447107810136,-1,-1,0.0,24,64,-1371.5190831753923,,-1371.5190831753923,9.029385464880408e-07,AUTO_KEEP
beta,beta_F,2024-09-09,unsure,0,-1,-1,0,0.0,6.195969000000001,0.0,True,0.07493447107810136,52,63,428.5609189645262,35,49,347.6861205075866,80.87479845693957,428.5609189645262,0.9094243986965149,AUTO_CORRECT
beta,beta_F,2024-09-10,sure,1,35,62,28,17.2185575,17.171133500000003,17.171133500000003,True,0.07493447107810136,36,62,1092.1785374935848,35,35,-20.737335606359938,1092.1785374935848,1092.1785374935848,0.9691470167668575,AUTO_CORRECT
beta,beta_F,2024-09-11,sure,1,36,62,27,18.545455999999998,18.767990499999996,18.545455999999998,True,0.07493447107810136,36,63,1376.8057353655072,35,35,-33.527950072441925,1376.8057353655072,1376.8057353655072,0.976563292481528,AUTO_CORRECT
beta,beta_F,2024-09-12,unsure,0,-1,-1,0,0.0,3.3000485,0.0,True,0.07493447107810136,41,52,264.01124049038384,54,58,91.12913583454869,172.88210465583515,264.01124049038384,0.8477255587548338,AUTO_CORRECT
beta,beta_F,2024-09-13,unsure,0,-1,-1,0,0.0,4.5681365,0.0,True,0.07493447107810136,37,47,462.2905179409138,49,56,95.12994937543128,367.1605685654825,462.2905179409138,0.91674542719619,AUTO_CORRECT
beta,beta_F,2024-09-14,sure,1,37,60,24,15.4410585,16.073534,15.421219500000001,True,0.07493447107810136,38,62,1253.0193093409189,37,37,-7.2222016880958,1253.0193093409189,1253.0193093409189,0.9737832149829179,AUTO_CORRECT
beta,beta_F,2024-09-15,sure,1,37,61,25,8.4736185,10.852094000000001,8.399408000000001,True,0.07493447107810136,31,60,301.5804805105883,61,61,-30.62133385741231,301.5804805105883,301.5804805105883,0.8674677951751656,AUTO_CORRECT
beta,beta_F,2024-09-16,sure,1,36,64,29,20.361437,20.215983999999995,20.215983999999995,True,0.07493447107810136,37,63,1436.404977145038,36,36,-23.770776961305394,1436.404977145038,1436.404977145038,0.977718039950025,AUTO_CORRECT
beta,beta_F,2024-09-17,sure,1,35,63,29,20.127312500000002,20.062512,20.062512,True,0.07493447107810136,36,63,1282.2360920498604,35,35,-31.95000394671769,1282.2360920498604,1282.2360920498604,0.9744916736647699,AUTO_CORRECT
beta,beta_F,2024-09-18,sure,1,35,64,30,21.7057815,21.643722999999998,21.643722999999998,True,0.07493447107810136,36,64,1502.3266862248297,35,35,-27.314169832784906,1502.3266862248297,1502.3266862248297,0.9788801719020215,AUTO_CORRECT
beta,beta_F,2024-09-19,sure,1,35,64,30,22.248048499999996,22.170903999999997,22.170903999999997,True,0.07493447107810136,35,63,1651.835716278888,64,64,-41.694123949717515,1651.835716278888,1651.835716278888,0.9811454542686565,AUTO_CORRECT
beta,beta_F,2024-09-20,sure,1,34,64,31,22.278900000000004,22.120328,22.120328,True,0.07493447107810136,35,63,1632.9247916424804,34,34,-29.73503723749488,1632.9247916424804,1632.9247916424804,0.9808837566581244,AUTO_CORRECT
beta,beta_F,2024-09-21,sure,1,36,63,28,18.486407,18.486407,18.486407,True,0.07493447107810136,36,63,1239.2957841869033,35,35,-31.897245615100804,1239.2957841869033,1239.2957841869033,0.9734380002557491,AUTO_CORRECT
beta,beta_F,2024-09-22,sure,1,35,63,29,17.399148999999998,17.281336,17.281336,True,0.07493447107810136,36,62,1210.5422789570325,35,35,-16.848365670948446,1210.5422789570325,1210.5422789570325,0.9726873305149875,AUTO_CORRECT
beta,beta_F,2024-09-23,sure,1,34,63,30,22.1469425,22.090401500000002,22.090401500000002,True,0.07493447107810136,35,63,1704.6055349990133,34,34,-23.684028469163422,1704.6055349990133,1704.6055349990133,0.9818423968993495,AUTO_CORRECT
beta,beta_F,2024-09-24,sure,1,37,53,17,8.409711999999999,8.628577,8.3085165,True,0.07493447107810136,36,52,728.5810093991744,54,55,65.72708181745362,662.8539275817208,728.5810093991744,0.9504250314138782,AUTO_CORRECT
beta,beta_F,2024-09-25,sure,1,40,63,24,13.207270999999999,12.9602815,12.9602815,True,0.07493447107810136,41,62,998.2391306230354,39,39,-47.85332793886905,998.2391306230354,998.2391306230354,0.9656921551662786,AUTO_CORRECT
beta,beta_F,2024-09-26,sure,0,-1,-1,0,0.0,0.0,0.0,True,0.07493447107810136,-1,-1,0.0,24,24,-1850.3274733715416,,-1850.3274733715416,6.265637849702962e-07,AUTO_KEEP
beta,beta_F,2024-09-27,unsure,1,36,59,24,4.6884835,4.745154,4.5522735,True,0.07493447107810136,37,60,130.29705878362523,61,61,-88.36095345228686,130.29705878362523,130.29705878362523,0.7025185841442556,AUTO_CORRECT
beta,beta_F,2024-09-28,sure,0,-1,-1,0,0.0,1.646502,0.0,True,0.07493447107810136,51,58,32.75929749977209,43,48,25.748574256436942,7.010723243335146,32.75929749977209,0.31021548059721976,UNCERTAIN
beta,beta_F,2024-09-29,sure,0,-1,-1,0,0.0,0.0,0.0,True,0.07493447107810136,-1,-1,0.0,48,51,-103.37781985776164,,-103.37781985776164,2.0984078472908528e-05,AUTO_KEEP
beta,beta_F,2024-09-30,sure,1,39,63,25,8.435193499999999,7.875221,7.875221,True,0.07493447107810136,39,59,767.0170434330175,63,63,-3.5045985152233428,767.0170434330175,767.0170434330175,0.9532967987867291,AUTO_CORRECT
beta,beta_G,2023-10-01,sure,1,41,58,18,10.1705875,11.391292000000002,10.1705875,True,0.17631759444112127,38,59,103.6453286452893,37,37,-74.61857644165107,103.6453286452893,103.6453286452893,0.668315071687162,UNCERTAIN
beta,beta_G,2023-10-02,sure,1,38,61,24,17.161708500000003,17.869277,17.161708500000003,True,0.17631759444112127,36,61,293.5153625183631,62,62,-39.90649175577897,293.5153625183631,293.5153625183631,0.8829682158654382,AUTO_CORRECT
beta,beta_G,2023-10-03,unsure,1,37,58,22,19.276895499999995,18.678353499999997,18.678353499999997,True,0.17631759444112127,38,58,31.41482187709897,37,37,-216.52746154579486,31.41482187709897,31.41482187709897,0.31114737171131596,UNCERTAIN
beta,beta_G,2023-10-04,sure,0,-1,-1,0,0.0,0.0,0.0,True,0.17631759444112127,-1,-1,0.0,39,39,-175.940293800558,,-175.940293800558,7.230711482618435e-06,AUTO_KEEP
beta,beta_G,2023-10-05,unsure,1,37,65,29,37.54072599999999,38.97942799999999,37.54072599999999,True,0.17631759444112127,36,66,787.1022864063832,35,35,-358.4248507222372,787.1022864063832,787.1022864063832,0.9636219294288914,AUTO_CORRECT
beta,beta_G,2023-10-06,unsure,1,38,60,23,28.645032999999994,29.259767000000004,28.645032999999994,True,0.17631759444112127,37,60,640.8281699873411,62,62,-78.38173984962403,640.8281699873411,640.8281699873411,0.9532372163878436,AUTO_CORRECT
beta,beta_G,2023-10-07,sure,1,45,59,15,7.8640255,3.8154749999999993,3.8154749999999993,True,0.17631759444112127,53,58,63.69803560071758,43,44,-4.377097915389871,63.69803560071758,63.69803560071758,0.5217489184588349,UNCERTAIN
beta,beta_G,2023-10-08,sure,1,38,66,29,27.9157175,29.400472,27.9157175,True,0.17631759444112127,35,66,452.92686345401313,67,67,-93.83068650440094,452.92686345401313,452.92686345401313,0.9290913926999427,AUTO_CORRECT
beta,beta_G,2023-10-09,sure,1,37,66,30,31.833367499999998,31.833367499999998,31.833367499999998,True,0.17631759444112127,37,66,473.3978159974191,67,67,-166.82509457351085,473.3978159974191,473.3978159974191,0.9327108699675061,AUTO_CORRECT
beta,beta_G,2023-10-10,sure,1,38,64,27,29.342443499999998,30.120331,28.836131499999997,True,0.17631759444112127,36,63,355.8648927546931,65,65,-181.03762339707876,355.8648927546931,355.8648927546931,0.9060093763991468,AUTO_CORRECT
beta,beta_G,2023-10-11,sure,1,38,65,28,24.635105000000003,25.336028,24.635105000000003,True,0.17631759444112127,37,65,249.63274125152424,66,66,-168.93516559234237,249.63274125152424,249.63274125152424,0.8599629971266033,AUTO_CORRECT
beta,beta_G,2023-10-12,sure,1,37,63,27,26.644828000000004,26.644828000000004,26.644828000000004,True,0.17631759444112127,37,63,234.96800563730397,36,36,-287.1770923168009,234.96800563730397,234.96800563730397,0.8504397166173503,AUTO_CORRECT
beta,beta_G,2023-10-13,sure,1,36,66,31,35.34572500000001,35.08470750000001,35.08470750000001,True,0.17631759444112127,36,65,601.5561054590952,66,66,-53.4537473945216,601.5561054590952,601.5561054590952,0.9495120917009313,AUTO_CORRECT
beta,beta_G,2023-10-14,sure,1,37,65,29,32.735463499999994,32.735463499999994,32.735463499999994,True,0.17631759444112127,37,65,642.3973692857361,66,66,-43.127667064899065,642.3973692857361,642.3973692857361,0.9533759055141524,AUTO_CORRECT
beta,beta_G,2023-10-15,sure,1,38,63,26,24.5381865,24.723464000000003,24.393434499999998,True,0.17631759444112127,37,62,451.5283957541511,63,63,-19.621047351682872,451.5283957541511,451.5283957541511,0.928831584518541,AUTO_CORRECT
beta,beta_G,2023-10-16,sure,1,36,65,30,31.643438,31.643438,31.643438,True,0.17631759444112127,36,65,538.7606389791805,66,66,-227.97989761139087,538.7606389791805,538.7606389791805,0.9423394548283478,AUTO_CORRECT
beta,beta_G,2023-10-17,sure,0,-1,-1,0,0.0,0.0,0.0,True,0.17631759444112127,-1,-1,0.0,60,67,-37.303676899771645,,-37.303676899771645,5.094770192758256e-05,AUTO_KEEP
beta,beta_G,2023-10-18,sure,0,-1,-1,0,0.0,14.9063395,0.0,True,0.17631759444112127,50,67,98.59428667404609,36,48,-2.8888976780651907,98.59428667404609,98.59428667404609,0.6541771694338552,UNCERTAIN
beta,beta_G,2023-10-19,sure,1,43,67,25,28.274124,27.314525,27.314525,True,0.17631759444112127,44,66,445.56176981772416,67,67,-73.21291241740663,445.56176981772416,445.56176981772416,0.9277039547325053,AUTO_CORRECT
beta,beta_G,2023-10-20,sure,1,37,64,28,29.978626,30.341731,29.6985785,True,0.17631759444112127,36,63,486.9087168201162,64,64,-59.69977718290584,486.9087168201162,486.9087168201162,0.9349250816552485,AUTO_CORRECT
beta,beta_G,2023-10-21,sure,1,37,57,21,14.776774999999999,15.016240999999999,14.5967855,True,0.17631759444112127,38,58,189.69289363975125,37,37,-30.89239379735107,189.69289363975125,189.69289363975125,0.8124853730003384,AUTO_CORRECT
beta,beta_G,2023-10-22,sure,1,38,53,16,6.8372915,8.359532999999999,6.8372915,True,0.17631759444112127,38,56,79.69426074282862,37,37,-21.22389494845516,79.69426074282862,79.69426074282862,0.5912050570699636,UNCERTAIN
beta,beta_G,2023-10-23,sure,1,35,63,29,31.012396499999998,30.427822999999997,30.427822999999997,True,0.17631759444112127,36,63,450.6610606316223,64,64,-129.98396623743204,450.6610606316223,450.6610606316223,0.9286696038807098,AUTO_CORRECT
beta,beta_G,2023-10-24,sure,1,37,60,24,22.9686795,23.5290065,22.9686795,True,0.17631759444112127,36,60,180.0795368797974,35,35,-222.39509089627393,180.0795368797974,180.0795368797974,0.8022219918400855,AUTO_CORRECT
beta,beta_G,2023-10-25,sure,0,-1,-1,0,0.0,12.461198,0.0,True,0.17631759444112127,38,50,30.194382850153314,54,59,-85.76774889867445,30.194382850153314,30.194382850153314,0.3007502413004991,UNCERTAIN
beta,beta_G,2023-10-26,sure,0,-1,-1,0,0.0,0.0,0.0,True,0.17631759444112127,-1,-1,0.0,42,43,-865.2140190414101,,-865.2140190414101,9.529109925026579e-07,AUTO_KEEP
beta,beta_G,2023-10-27,unsure,1,54,64,11,7.064475000000001,3.5268065,3.5268065,True,0.17631759444112127,59,63,84.33007197168739,54,54,-131.60049565608747,84.33007197168739,84.33007197168739,0.6083118776067548,UNCERTAIN
beta,beta_G,2023-10-28,unsure,1,41,60,20,12.555910000000003,5.7135630000000015,5.7135630000000015,True,0.17631759444112127,50,56,164.10829818285558,42,46,96.8395777014098,67.26872048144578,164.10829818285558,0.7828627707730057,AUTO_CORRECT
beta,beta_G,2023-10-29,sure,1,36,64,29,34.667449500000004,35.34608150000001,34.667449500000004,True,0.17631759444112127,35,65,830.9819450799956,34,34,-92.16136953117335,830.9819450799956,830.9819450799956,0.9659692072806247,AUTO_CORRECT
beta,beta_G,2023-10-30,sure,1,35,63,29,30.690937,30.124900500000003,30.124900500000003,True,0.17631759444112127,35,62,364.8118601954647,63,63,-190.17048393574663,364.8118601954647,364.8118601954647,0.9086655428778077,AUTO_CORRECT
beta,beta_G,2023-10-31,unsure,1,46,61,16,14.775124000000002,15.478903000000003,14.775124000000002,True,0.17631759444112127,46,62,253.82847847506525,39,44,67.08341464606603,186.7450638289992,253.82847847506525,0.8624945861684327,AUTO_CORRECT
beta,beta_G,2023-11-01,unsure,1,46,67,22,19.290882000000003,28.3032125,18.976254500000003,True,0.17631759444112127,34,66,383.1273316441202,67,67,-96.65276307060478,383.1273316441202,383.1273316441202,0.913708793605318,AUTO_CORRECT
beta,beta_G,2023-11-02,sure,1,41,67,27,25.492336,31.460851,25.190910000000002,True,0.17631759444112127,33,66,263.4303539842861,67,67,-65.3039777391601,263.4303539842861,263.4303539842861,0.867996416591229,AUTO_CORRECT
beta,beta_G,2023-11-03,unsure,0,-1,-1,0,0.0,25.393490999999997,0.0,True,0.17631759444112127,32,65,148.04960404314102,66,66,-683.1685157196929,148.04960404314102,148.04960404314102,0.7598526897325031,AUTO_CORRECT
beta,beta_G,2023-11-04,sure,1,45,66,22,15.392342500000002,7.882170499999999,7.882170499999999,True,0.17631759444112127,46,55,302.61028676647834,57,66,172.82032614917088,129.78996061730746,302.61028676647834,0.8869190056427227,AUTO_CORRECT
beta,beta_G,2023-11-05,unsure,0,-1,-1,0,0.0,2.3200255,0.0,True,0.17631759444112127,45,52,22.605193239316716,40,43,-25.59751892927062,22.605193239316716,22.605193239316716,0.2315785482441211,AUTO_KEEP
beta,beta_G,2023-11-06,sure,0,-1,-1,0,0.0,9.4851545,0.0,True,0.17631759444112127,42,54,110.84331336152306,56,65,21.047278569529688,89.79603479199338,110.84331336152306,0.6868538358102024,UNCERTAIN
beta,beta_G,2023-11-07,unsure,1,37,67,31,31.394819999999996,30.698892499999996,28.684418499999996,True,0.17631759444112127,34,62,384.3444461911622,66,66,-12.579353193998728,384.3444461911622,384.3444461911622,0.9140265128738188,AUTO_CORRECT
beta,beta_G,2023-11-08,unsure,1,35,60,26,26.561952,27.342268500000003,26.561952,True,0.17631759444112127,35,61,190.42631260486982,34,34,-322.58505526601454,190.42631260486982,190.42631260486982,0.8132304390049051,AUTO_CORRECT
beta,beta_G,2023-11-09,sure,0,-1,-1,0,0.0,8.947380999999998,0.0,True,0.17631759444112127,49,57,147.2415002408029,39,46,-21.94604830470976,147.2415002408029,147.2415002408029,0.7585846568884486,AUTO_CORRECT
beta,beta_G,2023-11-10,unsure,1,37,64,28,27.337290999999997,28.602645999999996,27.337290999999997,True,0.17631759444112127,35,64,305.4970628052587,65,65,-103.41314994432446,305.4970628052587,305.4970628052587,0.8881243454111954,AUTO_CORRECT
beta,beta_G,2023-11-11,unsure,1,37,56,20,14.49232,15.4060315,14.49232,True,0.17631759444112127,37,58,196.438456934176,36,36,-105.46528685850686,196.438456934176,196.438456934176,0.8191494645505125,AUTO_CORRECT
beta,beta_G,2023-11-12,sure,0,-1,-1,0,0.0,0.0,0.0,True,0.17631759444112127,-1,-1,0.0,39,39,-55.52319536945429,,-55.52319536945429,3.1011259984475495e-05,AUTO_KEEP
beta,beta_G,2023-11-13,sure,1,43,65,23,20.849995000000003,23.281437,20.849995000000003,True,0.17631759444112127,40,65,257.18820458487073,38,38,-117.71318409510774,257.18820458487073,257.18820458487073,0.8644646348867526,AUTO_CORRECT
beta,beta_G,2023-11-14,sure,1,36,60,25,24.980507499999998,25.781237499999996,24.980507499999998,True,0.17631759444112127,35,60,164.84943387839488,61,61,-360.43124760652904,164.84943387839488,164.84943387839488,0.7838326072985291,AUTO_CORRECT
beta,beta_G,2023-11-15,sure,1,37,56,20,17.576432,20.3256395,17.576432,True,0.17631759444112127,37,59,254.31778759118197,36,36,-615.1610527115588,254.31778759118197,254.31778759118197,0.8627846107633922,AUTO_CORRECT
beta,beta_G,2023-11-16,sure,1,40,53,14,13.670714,19.232808000000002,13.670714,True,0.17631759444112127,40,59,308.2882907351717,39,39,-585.5692954174137,308.2882907351717,308.2882907351717,0.8892684964940691,AUTO_CORRECT
beta,beta_G,2023-11-17,sure,0,-1,-1,0,0.0,12.4970885,0.0,True,0.17631759444112127,54,65,91.56961772919584,67,67,-28.253730152109185,91.56961772919584,91.56961772919584,0.632771606829526,UNCERTAIN
beta,beta_G,2023-11-18,sure,1,36,66,31,32.895497,33.555873,32.895497,True,0.17631759444112127,34,66,589.0924975107799,67,67,-24.517514825731965,589.0924975107799,589.0924975107799,0.948218187995187,AUTO_CORRECT
beta,beta_G,2023-11-19,sure,1,35,60,26,25.140008,25.140008,25.140008,True,0.17631759444112127,35,60,343.80865526846594,34,34,-58.74774463441694,343.80865526846594,343.80865526846594,0.902208157961913,AUTO_CORRECT
beta,beta_G,2023-11-20,sure,0,-1,-1,0,0.0,0.0,0.0,True,0.17631759444112127,-1,-1,0.0,60,60,-233.65227075205755,,-233.65227075205755,5.043779023330283e-06,AUTO_KEEP
beta,beta_G,2023-11-21,sure,1,44,63,20,15.852603,8.219542,7.407058000000001,True,0.17631759444112127,55,64,62.12726956522646,43,43,-64.11815205404545,62.12726956522646,62.12726956522646,0.5139191298697987,UNCERTAIN
beta,beta_G,2023-11-22,sure,0,-1,-1,0,0.0,0.0,0.0,True,0.17631759444112127,-1,-1,0.0,50,63,-16.01637066541357,,-16.01637066541357,0.0001434454509130354,AUTO_KEEP
beta,beta_G,2023-11-23,sure,0,-1,-1,0,0.0,0.0,0.0,True,0.17631759444112127,-1,-1,0.0,36,41,-40.6535192566677,,-40.6535192566677,4.5779265701833084e-05,AUTO_KEEP
beta,beta_G,2023-11-24,sure,0,-1,-1,0,0.0,0.0,0.0,True,0.17631759444112127,-1,-1,0.0,40,54,-99.25543486404737,,-99.25543486404737,1.492699931118438e-05,AUTO_KEEP
beta,beta_G,2023-11-25,sure,0,-1,-1,0,0.0,0.0,0.0,True,0.17631759444112127,-1,-1,0.0,58,58,-350.8226719983047,,-350.8226719983047,3.008311780670187e-06,AUTO_KEEP
beta,beta_G,2023-11-26,sure,1,38,56,19,12.465798500000002,13.272777000000001,12.465798500000002,True,0.17631759444112127,35,56,163.34797519604882,58,58,-88.02488091071797,163.34797519604882,163.34797519604882,0.7818600058110895,AUTO_CORRECT
beta,beta_G,2023-11-27,sure,0,-1,-1,0,0.0,19.919412,0.0,True,0.17631759444112127,35,54,39.056600984001534,56,59,-162.50812173678844,39.056600984001534,39.056600984001534,0.3717595428269742,UNCERTAIN
beta,beta_G,2023-11-28,sure,0,-1,-1,0,0.0,1.4319575,0.0,True,0.17631759444112127,62,63,28.314103111477085,47,47,-245.03327054248462,28.314103111477085,28.314103111477085,0.2843365930957651,AUTO_KEEP
beta,beta_G,2023-11-29,sure,0,-1,-1,0,0.0,0.0,0.0,True,0.17631759444112127,-1,-1,0.0,34,63,-12.05603192076173,,-12.05603192076173,0.00020112417070172596,AUTO_KEEP
beta,beta_G,2023-11-30,unsure,1,37,62,26,24.2782895,37.11367549999999,24.2782895,True,0.17631759444112127,30,67,111.72292351866456,29,29,-1253.7434624028388,111.72292351866456,111.72292351866456,0.6889996926141467,UNCERTAIN
beta,beta_G,2023-12-01,sure,0,-1,-1,0,0.0,0.0,0.0,True,0.17631759444112127,-1,-1,0.0,37,46,-77.68243017595326,,-77.68243017595326,2.033461735926158e-05,AUTO_KEEP
beta,beta_G,2023-12-02,sure,0,-1,-1,0,0.0,4.066371999999999,0.0,True,0.17631759444112127,43,50,115.0544648220745,62,62,-79.83582699864938,115.0544648220745,115.0544648220745,0.6969066342853533,UNCERTAIN
beta,beta_G,2023-12-03,unsure,1,37,46,10,4.499874,4.924129000000001,4.460516500000001,True,0.17631759444112127,38,47,77.46122245480838,37,37,-3.1534396275528134,77.46122245480838,77.46122245480838,0.5825239308784602,UNCERTAIN
beta,beta_G,2023-12-04,sure,0,-1,-1,0,0.0,0.0,0.0,True,0.17631759444112127,-1,-1,0.0,45,64,-38.503470458322305,,-38.503470458322305,4.898179599520708e-05,AUTO_KEEP
beta,beta_G,2023-12-05,sure,0,-1,-1,0,0.0,0.0,0.0,True,0.17631759444112127,-1,-1,0.0,35,54,-98.7254512679317,,-98.7254512679317,1.5028289085747525e-05,AUTO_KEEP
beta,beta_G,2023-12-06,sure,0,-1,-1,0,0.0,0.0,0.0,True,0.17631759444112127,-1,-1,0.0,33,60,-730.3929278616584,,-730.3929278616584,1.1824973074207545e-06,AUTO_KEEP
beta,beta_G,2023-12-07,sure,0,-1,-1,0,0.0,0.0,0.0,True,0.17631759444112127,-1,-1,0.0,37,45,-172.43536450826147,,-172.43536450826147,7.417671197572424e-06,AUTO_KEEP
beta,beta_G,2023-12-08,sure,0,-1,-1,0,0.0,0.0,0.0,True,0.17631759444112127,-1,-1,0.0,45,45,-766.4826153085645,,-766.4826153085645,1.1120150117989592e-06,AUTO_KEEP
beta,beta_G,2023-12-09,sure,0,-1,-1,0,0.0,0.0,0.0,True,0.17631759444112127,-1,-1,0.0,27,27,-1811.9754463509016,,-1811.9754463509016,3.713455058004507e-07,AUTO_KEEP
beta,beta_G,2023-12-10,sure,0,-1,-1,0,0.0,0.0,0.0,True,0.17631759444112127,-1,-1,0.0,47,47,-319.2026863734421,,-319.2026863734421,3.392396164225984e-06,AUTO_KEEP
beta,beta_G,2023-12-11,sure,0,-1,-1,0,0.0,0.0,0.0,True,0.17631759444112127,-1,-1,0.0,41,47,-330.122059069499,,-330.122059069499,3.2503126672724773e-06,AUTO_KEEP
beta,beta_G,2023-12-12,sure,0,-1,-1,0,0.0,0.0,0.0,True,0.17631759444112127,-1,-1,0.0,47,53,-373.42766642104027,,-373.42766642104027,2.778540155048535e-06,AUTO_KEEP
beta,beta_G,2023-12-13,sure,0,-1,-1,0,0.0,0.0,0.0,True,0.17631759444112127,-1,-1,0.0,39,43,-416.3571122392517,,-416.3571122392517,2.4191892886043798e-06,AUTO_KEEP
beta,beta_G,2023-12-14,sure,0,-1,-1,0,0.0,0.0,0.0,True,0.17631759444112127,-1,-1,0.0,38,46,-1867.7352581143575,,-1867.7352581143575,3.572664915227225e-07,AUTO_KEEP
beta,beta_G,2023-12-15,sure,0,-1,-1,0,0.0,0.0,0.0,True,0.17631759444112127,-1,-1,0.0,40,41,-470.48307870858235,,-470.48307870858235,2.0706141106165734e-06,AUTO_KEEP
beta,beta_G,2023-12-16,sure,0,-1,-1,0,0.0,0.0,0.0,True,0.17631759444112127,-1,-1,0.0,40,40,-227.26514573311746,,-227.26514573311746,5.224540990368997e-06,AUTO_KEEP
beta,beta_G,2023-12-17,unsure,0,-1,-1,0,0.0,0.0,0.0,True,0.17631759444112127,-1,-1,0.0,43,43,-38.43558435499134,,-38.43558435499134,4.9089401472135075e-05,AUTO_KEEP
beta,beta_G,2023-12-18,sure,0,-1,-1,0,0.0,0.0,0.0,True,0.17631759444112127,-1,-1,0.0,45,47,-675.9079402854582,,-675.9079402854582,1.3052634771514128e-06,AUTO_KEEP
beta,beta_G,2023-12-19,sure,0,-1,-1,0,0.0,0.0,0.0,True,0.17631759444112127,-1,-1,0.0,29,29,-2305.2832218796875,,-2305.2832218796875,2.731602935688605e-07,AUTO_KEEP
beta,beta_G,2023-12-20,sure,0,-1,-1,0,0.0,0.0,0.0,True,0.17631759444112127,-1,-1,0.0,44,44,-1624.0820610372382,,-1624.0820610372382,4.2697831704926996e-07,AUTO_KEEP
beta,beta_G,2023-12-21,sure,0,-1,-1,0,0.0,0.0,0.0,True,0.17631759444112127,-1,-1,0.0,63,64,-146.1462895951278,,-146.1462895951278,9.148566088104394e-06,AUTO_KEEP
beta,beta_G,2023-12-22,unsure,1,43,62,20,16.547760500000003,22.251748999999997,16.547760500000003,True,0.17631759444112127,36,64,197.35128766626698,35,35,-263.35237102113376,197.35128766626698,197.35128766626698,0.8200197234912503,AUTO_CORRECT
beta,beta_G,2023-12-23,unsure,1,36,60,25,21.072682,23.090933000000007,21.072682,True,0.17631759444112127,35,63,161.22686657498804,34,34,-70.02058396139363,161.22686657498804,161.22686657498804,0.7790199325376138,AUTO_CORRECT
beta,beta_G,2023-12-24,unsure,1,51,59,9,9.4040845,8.653956500000001,8.653956500000001,True,0.17631759444112127,52,58,620.6550523435587,60,67,-53.01340107711884,620.6550523435587,620.6550523435587,0.9513869619939309,AUTO_CORRECT
beta,beta_G,2023-12-25,unsure,1,40,51,12,6.5222365,28.198423000000002,6.5222365,True,0.17631759444112127,39,66,180.90530491334707,38,38,-111.81928530812529,180.90530491334707,180.90530491334707,0.8031414578331396,AUTO_CORRECT
beta,beta_G,2023-12-26,unsure,1,37,52,16,6.978816999999999,0.0,0.0,True,0.17631759444112127,-1,-1,0.0,37,40,-1.3068385070518407,,-1.3068385070518407,0.001833427277647393,AUTO_KEEP
beta,beta_G,2023-12-27,sure,0,-1,-1,0,0.0,12.6470985,0.0,True,0.17631759444112127,36,53,82.86354843146704,35,35,-76.73244127665241,82.86354843146704,82.86354843146704,0.6030291051695194,UNCERTAIN
beta,beta_G,2023-12-28,sure,0,-1,-1,0,0.0,25.860066,0.0,True,0.17631759444112127,33,62,7.266725999694236,32,32,-359.6683024921698,7.266725999694236,7.266725999694236,0.07322620274029264,AUTO_KEEP
beta,beta_G,2023-12-29,unsure,0,-1,-1,0,0.0,0.0,0.0,True,0.17631759444112127,-1,-1,0.0,38,44,-41.62156247237424,,-41.62156247237424,4.445684497063092e-05,AUTO_KEEP
beta,beta_G,2023-12-30,sure,1,38,48,11,2.9963565,5.097847,2.9087275,True,0.17631759444112127,39,52,31.17841449801985,38,38,-7.78663317068903,31.17841449801985,31.17841449801985,0.3091490970373953,UNCERTAIN
beta,beta_G,2023-12-31,sure,0,-1,-1,0,0.0,0.0,0.0,True,0.17631759444112127,-1,-1,0.0,57,57,-574.0464256173155,,-574.0464256173155,1.6071915669737048e-06,AUTO_KEEP
beta,beta_G,2024-01-01,unsure,0,-1,-1,0,0.0,4.4830625,0.0,True,0.17631759444112127,54,61,50.40528522131505,51,52,47.4567536953626,2.948531525952447,50.40528522131505,0.44858258078218743,UNCERTAIN
beta,beta_G,2024-01-02,sure,0,-1,-1,0,0.0,0.0,0.0,True,0.17631759444112127,-1,-1,0.0,46,50,-146.57533227808028,,-146.57533227808028,9.114643673848425e-06,AUTO_KEEP
beta,beta_G,2024-01-03,sure,0,-1,-1,0,0.0,0.0,0.0,True,0.17631759444112127,-1,-1,0.0,37,50,-176.59673413916047,,-176.59673413916047,7.1966281717113066e-06,AUTO_KEEP
beta,beta_G,2024-01-04,sure,0,-1,-1,0,0.0,0.0,0.0,True,0.17631759444112127,-1,-1,0.0,38,38,-278.970571331804,,-278.970571331804,4.026324773957689e-06,AUTO_KEEP
beta,beta_G,2024-01-05,sure,0,-1,-1,0,0.0,0.0,0.0,True,0.17631759444112127,-1,-1,0.0,59,59,-183.6845281281053,,-183.6845281281053,6.846114777746826e-06,AUTO_KEEP
beta,beta_G,2024-01-06,unsure,0,-1,-1,0,0.0,13.9336295,0.0,True,0.17631759444112127,36,66,84.59475376121851,67,67,-102.01757979721233,84.59475376121851,84.59475376121851,0.6092530189568474,UNCERTAIN
beta,beta_G,2024-01-07,unsure,0,-1,-1,0,0.0,12.958051500000002,0.0,True,0.17631759444112127,36,57,140.19445676101154,35,35,-196.82512803796945,140.19445676101154,140.19445676101154,0.7470219896852576,AUTO_CORRECT
beta,beta_G,2024-01-08,sure,0,-1,-1,0,0.0,0.0,0.0,True,0.17631759444112127,-1,-1,0.0,48,48,-688.4255294988146,,-688.4255294988146,1.275101332966818e-06,AUTO_KEEP
beta,beta_G,2024-01-09,sure,0,-1,-1,0,0.0,6.1883040000000005,0.0,True,0.17631759444112127,56,62,6.785394248022206,39,39,-318.20879710558876,6.785394248022206,6.785394248022206,0.06819846326732357,AUTO_KEEP
beta,beta_G,2024-01-10,sure,0,-1,-1,0,0.0,0.0,0.0,True,0.17631759444112127,-1,-1,0.0,47,47,-327.73090095016084,,-327.73090095016084,3.2805088212136385e-06,AUTO_KEEP
beta,beta_G,2024-01-11,sure,0,-1,-1,0,0.0,0.0,0.0,True,0.17631759444112127,-1,-1,0.0,47,47,-448.07977675970517,,-448.07977675970517,2.203309512250868e-06,AUTO_KEEP
beta,beta_G,2024-01-12,sure,0,-1,-1,0,0.0,0.0,0.0,True,0.17631759444112127,-1,-1,0.0,44,44,-502.3459798306927,,-502.3459798306927,1.9048567818404301e-06,AUTO_KEEP
beta,beta_G,2024-01-13,sure,0,-1,-1,0,0.0,0.0,0.0,True,0.17631759444112127,-1,-1,0.0,41,47,-36.52701605429509,,-36.52701605429509,5.2296809912067115e-05,AUTO_KEEP
beta,beta_G,2024-01-14,sure,0,-1,-1,0,0.0,0.0,0.0,True,0.17631759444112127,-1,-1,0.0,48,48,-142.56034811478892,,-142.56034811478892,9.441134941593722e-06,AUTO_KEEP
beta,beta_G,2024-01-15,sure,0,-1,-1,0,0.0,0.0,0.0,True,0.17631759444112127,-1,-1,0.0,54,54,-356.7549610999474,,-356.7549610999474,2.9448101577013607e-06,AUTO_KEEP
beta,beta_G,2024-01-16,sure,0,-1,-1,0,0.0,0.0,0.0,True,0.17631759444112127,-1,-1,0.0,61,61,-193.31939284843335,,-193.31939284843335,6.416005746290195e-06,AUTO_KEEP
beta,beta_G,2024-01-17,sure,0,-1,-1,0,0.0,0.0,0.0,True,0.17631759444112127,-1,-1,0.0,39,39,-350.6569206585581,,-350.6569206585581,3.0101210905565106e-06,AUTO_KEEP
beta,beta_G,2024-01-18,sure,0,-1,-1,0,0.0,0.0,0.0,True,0.17631759444112127,-1,-1,0.0,39,44,-295.5486300097568,,-295.5486300097568,3.7413797752135915e-06,AUTO_KEEP
beta,beta_G,2024-01-19,unsure,0,-1,-1,0,0.0,0.0,0.0,True,0.17631759444112127,-1,-1,0.0,43,60,-97.52348673010472,,-97.52348673010472,1.5262608521241457e-05,AUTO_KEEP
beta,beta_G,2024-01-20,sure,0,-1,-1,0,0.0,0.0,0.0,True,0.17631759444112127,-1,-1,0.0,39,39,-27.076353377148802,,-27.076353377148802,7.5724407415176e-05,AUTO_KEEP
beta,beta_G,2024-01-21,sure,0,-1,-1,0,0.0,0.0,0.0,True,0.17631759444112127,-1,-1,0.0,39,39,-272.8574801697787,,-272.8574801697787,4.141350998860807e-06,AUTO_KEEP
beta,beta_G,2024-01-22,sure,0,-1,-1,0,0.0,0.0,0.0,True,0.17631759444112127,-1,-1,0.0,43,63,-135.74009420880444,,-135.74009420880444,1.0046048163291331e-05,AUTO_KEEP
beta,beta_G,2024-01-23,sure,0,-1,-1,0,0.0,0.0,0.0,True,0.17631759444112127,-1,-1,0.0,61,63,-75.5248517521211,,-75.5248517521211,2.106894685559165e-05,AUTO_KEEP
beta,beta_G,2024-01-24,unsure,0,-1,-1,0,0.0,0.0,0.0,True,0.17631759444112127,-1,-1,0.0,37,53,-157.26239691872917,,-157.26239691872917,8.336770988909754e-06,AUTO_KEEP
beta,beta_G,2024-01-25,sure,0,-1,-1,0,0.0,0.0,0.0,True,0.17631759444112127,-1,-1,0.0,24,24,-2936.102177592821,,-2936.102177592821,2.006491124523438e-07,AUTO_KEEP
beta,beta_G,2024-01-26,sure,0,-1,-1,0,0.0,0.0,0.0,True,0.17631759444112127,-1,-1,0.0,37,37,-2751.89288582703,,-2751.89288582703,2.1793585631546448e-07,AUTO_KEEP
beta,beta_G,2024-01-27,sure,0,-1,-1,0,0.0,0.0,0.0,True,0.17631759444112127,-1,-1,0.0,41,41,-939.515665351127,,-939.515665351127,8.579258408189318e-07,AUTO_KEEP
beta,beta_G,2024-01-28,sure,0,-1,-1,0,0.0,0.0,0.0,True,0.17631759444112127,-1,-1,0.0,58,58,-123.49916245343069,,-123.49916245343069,1.1323024243014075e-05,AUTO_KEEP
beta,beta_G,2024-01-29,sure,0,-1,-1,0,0.0,0.0,0.0,True,0.17631759444112127,-1,-1,0.0,38,38,-346.4433129961381,,-346.4433129961381,3.0567764989542845e-06,AUTO_KEEP
beta,beta_G,2024-01-30,sure,0,-1,-1,0,0.0,0.0,0.0,True,0.17631759444112127,-1,-1,0.0,46,47,-960.0324175091054,,-960.0324175091054,8.346257523891327e-07,AUTO_KEEP
beta,beta_G,2024-01-31,sure,0,-1,-1,0,0.0,0.0,0.0,True,0.17631759444112127,-1,-1,0.0,42,42,-743.5137358282886,,-743.5137358282886,1.1559725710179664e-06,AUTO_KEEP
beta,beta_G,2024-02-01,sure,0,-1,-1,0,0.0,0.0,0.0,True,0.17631759444112127,-1,-1,0.0,50,51,-322.1841116240249,,-322.1841116240249,3.3525166365306025e-06,AUTO_KEEP
beta,beta_G,2024-02-02,sure,0,-1,-1,0,0.0,0.0,0.0,True,0.17631759444112127,-1,-1,0.0,40,41,-999.587558939135,,-999.587558939135,7.927592801312218e-07,AUTO_KEEP
beta,beta_G,2024-02-03,sure,0,-1,-1,0,0.0,0.0,0.0,True,0.17631759444112127,-1,-1,0.0,42,53,-4.56156537578509,,-4.56156537578509,0.0005972665507149293,AUTO_KEEP
beta,beta_G,2024-02-04,sure,0,-1,-1,0,0.0,0.0,0.0,True,0.17631759444112127,-1,-1,0.0,39,39,-176.49536143812733,,-176.49536143812733,7.201872857377779e-06,AUTO_KEEP
beta,beta_G,2024-02-05,sure,0,-1,-1,0,0.0,0.0,0.0,True,0.17631759444112127,-1,-1,0.0,24,24,-4197.328945731216,,-4197.328945731216,1.271943990757192e-07,AUTO_KEEP
beta,beta_G,2024-02-06,sure,0,-1,-1,0,0.0,0.0,0.0,True,0.17631759444112127,-1,-1,0.0,43,43,-1443.3121475472544,,-1443.3121475472544,4.963080665295836e-07,AUTO_KEEP
beta,beta_G,2024-02-07,sure,0,-1,-1,0,0.0,0.0,0.0,True,0.17631759444112127,-1,-1,0.0,63,64,-1234.6519834420353,,-1234.6519834420353,6.056395652633149e-07,AUTO_KEEP
beta,beta_G,2024-02-08,sure,0,-1,-1,0,0.0,0.0,0.0,True,0.17631759444112127,-1,-1,0.0,64,64,-365.1540738381802,,-365.1540738381802,2.858895629960799e-06,AUTO_KEEP
beta,beta_G,2024-02-09,sure,0,-1,-1,0,0.0,26.612462,0.0,True,0.17631759444112127,37,63,151.46444640906623,64,64,-331.33754990909995,151.46444640906623,151.46444640906623,0.7650870613784375,AUTO_CORRECT
beta,beta_G,2024-02-10,sure,0,-1,-1,0,0.0,0.0,0.0,True,0.17631759444112127,-1,-1,0.0,64,64,-33.16089871789527,,-33.16089871789527,5.8958832770241004e-05,AUTO_KEEP
beta,beta_G,2024-02-11,sure,0,-1,-1,0,0.0,0.0,0.0,True,0.17631759444112127,-1,-1,0.0,48,48,-121.80667514217109,,-121.80667514217109,1.1522508407777785e-05,AUTO_KEEP
beta,beta_G,2024-02-12,sure,0,-1,-1,0,0.0,0.0,0.0,True,0.17631759444112127,-1,-1,0.0,41,43,-68.60012846690789,,-68.60012846690789,2.377935954609708e-05,AUTO_KEEP
beta,beta_G,2024-02-13,sure,0,-1,-1,0,0.0,0.0,0.0,True,0.17631759444112127,-1,-1,0.0,39,51,-325.3911101398601,,-325.3911101398601,3.3105441474817733e-06,AUTO_KEEP
beta,beta_G,2024-02-14,sure,0,-1,-1,0,0.0,0.0,0.0,True,0.17631759444112127,-1,-1,0.0,40,44,-368.47388050025154,,-368.47388050025154,2.8261606894068487e-06,AUTO_KEEP
beta,beta_G,2024-02-15,sure,0,-1,-1,0,0.0,0.0,0.0,True,0.17631759444112127,-1,-1,0.0,61,61,-489.3471974292335,,-489.3471974292335,1.9695205769167976e-06,AUTO_KEEP
beta,beta_G,2024-02-16,sure,0,-1,-1,0,0.0,0.0,0.0,True,0.17631759444112127,-1,-1,0.0,43,61,-55.804811541034155,,-55.804811541034155,3.081523731531391e-05,AUTO_KEEP
beta,beta_G,2024-02-17,sure,0,-1,-1,0,0.0,0.0,0.0,True,0.17631759444112127,-1,-1,0.0,40,51,-17.207133633769878,,-17.207133633769878,0.00013158672452327687,AUTO_KEEP
beta,beta_G,2024-02-18,sure,0,-1,-1,0,0.0,0.0,0.0,True,0.17631759444112127,-1,-1,0.0,41,44,-111.24531009328854,,-111.24531009328854,1.2923380280207372e-05,AUTO_KEEP
beta,beta_G,2024-02-19,sure,0,-1,-1,0,0.0,0.0,0.0,True,0.17631759444112127,-1,-1,0.0,68,68,-139.9354239551156,,-139.9354239551156,9.666067049842195e-06,AUTO_KEEP
beta,beta_G,2024-02-20,sure,0,-1,-1,0,0.0,0.0,0.0,True,0.17631759444112127,-1,-1,0.0,63,63,-226.1901403050764,,-226.1901403050764,5.256103783785027e-06,AUTO_KEEP
beta,beta_G,2024-02-21,sure,0,-1,-1,0,0.0,0.0,0.0,True,0.17631759444112127,-1,-1,0.0,52,57,-91.93923604157831,,-91.93923604157831,1.6442243089310965e-05,AUTO_KEEP
beta,beta_G,2024-02-22,sure,0,-1,-1,0,0.0,0.0,0.0,True,0.17631759444112127,-1,-1,0.0,46,47,-55.71540708620818,,-55.71540708620818,3.0877228497700866e-05,AUTO_KEEP
beta,beta_G,2024-02-23,sure,0,-1,-1,0,0.0,0.0,0.0,True,0.17631759444112127,-1,-1,0.0,40,41,-1065.3420651047466,,-1065.3420651047466,7.309252091666908e-07,AUTO_KEEP
beta,beta_G,2024-02-24,sure,0,-1,-1,0,0.0,0.0,0.0,True,0.17631759444112127,-1,-1,0.0,60,61,-850.8457647958422,,-850.8457647958422,9.734663780376041e-07,AUTO_KEEP
beta,beta_G,2024-02-25,unsure,1,50,61,12,5.602723500000001,4.938402999999999,4.269305999999999,True,0.17631759444112127,54,63,66.34948620001612,45,47,7.097079581110994,59.25240661890512,66.34948620001612,0.5345193559143251,UNCERTAIN
beta,beta_G,2024-02-26,sure,0,-1,-1,0,0.0,0.0,0.0,True,0.17631759444112127,-1,-1,0.0,38,54,-159.55033421506587,,-159.55033421506587,8.185486334396796e-06,AUTO_KEEP
beta,beta_G,2024-02-27,sure,0,-1,-1,0,0.0,0.0,0.0,True,0.17631759444112127,-1,-1,0.0,52,56,-21.90544877976397,,-21.90544877976397,9.817939660416849e-05,AUTO_KEEP
beta,beta_G,2024-02-28,sure,0,-1,-1,0,0.0,0.0,0.0,True,0.17631759444112127,-1,-1,0.0,43,56,-141.2434221209132,,-141.2434221209132,9.552802667610662e-06,AUTO_KEEP
beta,beta_G,2024-02-29,sure,0,-1,-1,0,0.0,0.0,0.0,True,0.17631759444112127,-1,-1,0.0,41,43,-1964.9114688147502,,-1964.9114688147502,3.34889317614631e-07,AUTO_KEEP
beta,beta_G,2024-03-01,sure,0,-1,-1,0,0.0,0.0,0.0,True,0.17631759444112127,-1,-1,0.0,45,45,-633.0079980345439,,-633.0079980345439,1.4189886240607415e-06,AUTO_KEEP
beta,beta_G,2024-03-02,sure,0,-1,-1,0,0.0,0.0,0.0,True,0.17631759444112127,-1,-1,0.0,41,41,-1650.0240177169896,,-1650.0240177169896,4.184368157558166e-07,AUTO_KEEP
beta,beta_G,2024-03-03,sure,0,-1,-1,0,0.0,5.644394499999999,0.0,True,0.17631759444112127,49,58,27.573043083835383,44,45,-96.29040465530059,27.573043083835383,27.573043083835383,0.2777356758468794,AUTO_KEEP
beta,beta_G,2024-03-04,sure,0,-1,-1,0,0.0,0.0,0.0,True,0.17631759444112127,-1,-1,0.0,52,60,-98.2602788730877,,-98.2602788730877,1.5118207182448487e-05,AUTO_KEEP
beta,beta_G,2024-03-05,unsure,0,-1,-1,0,0.0,30.397708000000005,0.0,True,0.17631759444112127,36,65,145.5414604831294,66,66,-185.57595535105625,145.5414604831294,145.5414604831294,0.7558792427214499,AUTO_CORRECT
beta,beta_G,2024-03-06,sure,0,-1,-1,0,0.0,25.142909,0.0,True,0.17631759444112127,38,60,97.43062354528784,37,37,-304.71101947938973,97.43062354528784,97.43062354528784,0.6507768956632679,UNCERTAIN
beta,beta_G,2024-03-07,sure,0,-1,-1,0,0.0,0.0,0.0,True,0.17631759444112127,-1,-1,0.0,51,55,-331.5081931948145,,-331.5081931948145,3.2330343340476156e-06,AUTO_KEEP
beta,beta_G,2024-03-08,sure,0,-1,-1,0,0.0,0.0,0.0,True,0.17631759444112127,-1,-1,0.0,38,62,-118.38666725957039,,-118.38666725957039,1.1945313065693154e-05,AUTO_KEEP
beta,beta_G,2024-03-09,sure,0,-1,-1,0,0.0,9.112833999999998,0.0,True,0.17631759444112127,39,58,8.363537151539642,38,38,-115.48261203535655,8.363537151539642,8.363537151539642,0.0847729580279886,AUTO_KEEP
beta,beta_G,2024-03-10,sure,0,-1,-1,0,0.0,6.410179500000001,0.0,True,0.17631759444112127,39,52,10.18030145166392,54,54,-30.128160216767572,10.18030145166392,10.18030145166392,0.10405724802623847,AUTO_KEEP
beta,beta_G,2024-03-11,sure,0,-1,-1,0,0.0,0.0,0.0,True,0.17631759444112127,-1,-1,0.0,38,62,-37.11839870489576,,-37.11839870489576,5.1263862778971714e-05,AUTO_KEEP
beta,beta_G,2024-03-12,unsure,0,-1,-1,0,0.0,0.0,0.0,True,0.17631759444112127,-1,-1,0.0,38,58,-104.9991307454279,,-104.9991307454279,1.3902814680541681e-05,AUTO_KEEP
beta,beta_G,2024-03-13,sure,0,-1,-1,0,0.0,18.079183,0.0,True,0.17631759444112127,41,55,138.80188390182897,58,58,-393.53823413184057,138.80188390182897,138.80188390182897,0.7446245630228497,AUTO_CORRECT
beta,beta_G,2024-03-14,sure,0,-1,-1,0,0.0,0.0,0.0,True,0.17631759444112127,-1,-1,0.0,38,56,-176.46968486842405,,-176.46968486842405,7.203202359755684e-06,AUTO_KEEP
beta,beta_G,2024-03-15,sure,0,-1,-1,0,0.0,0.0,0.0,True,0.17631759444112127,-1,-1,0.0,58,58,-143.66101834898737,,-143.66101834898737,9.34957738582952e-06,AUTO_KEEP
beta,beta_G,2024-03-16,sure,0,-1,-1,0,0.0,0.0,0.0,True,0.17631759444112127,-1,-1,0.0,45,45,-93.89572795882368,,-93.89572795882368,1.6010954948687686e-05,AUTO_KEEP
beta,beta_G,2024-03-17,sure,0,-1,-1,0,0.0,9.1922115,0.0,True,0.17631759444112127,45,58,87.55821758221187,66,66,-38.16425492622592,87.55821758221187,87.55821758221187,0.6195411308556623,UNCERTAIN
beta,beta_G,2024-03-18,sure,0,-1,-1,0,0.0,5.860918,0.0,True,0.17631759444112127,56,62,91.3554697493352,64,66,-107.55144221653451,91.3554697493352,91.3554697493352,0.6320846538793411,UNCERTAIN
beta,beta_G,2024-03-19,sure,0,-1,-1,0,0.0,19.500615999999997,0.0,True,0.17631759444112127,45,63,99.75984064594913,64,64,-361.9451489210458,99.75984064594913,99.75984064594913,0.6575279229968862,UNCERTAIN
beta,beta_G,2024-03-20,sure,0,-1,-1,0,0.0,0.0,0.0,True,0.17631759444112127,-1,-1,0.0,45,45,-466.6232878729243,,-466.6232878729243,2.0924456568211126e-06,AUTO_KEEP
beta,beta_G,2024-03-21,sure,0,-1,-1,0,0.0,25.081263,0.0,True,0.17631759444112127,40,67,71.15560014606804,38,38,-375.23654012326205,71.15560014606804,71.15560014606804,0.5563215813524165,UNCERTAIN
beta,beta_G,2024-03-22,unsure,0,-1,-1,0,0.0,12.474073500000003,0.0,True,0.17631759444112127,53,66,121.03762063613219,47,51,-144.61009246905894,121.03762063613219,121.03762063613219,0.7102813781397359,AUTO_CORRECT
beta,beta_G,2024-03-23,unsure,1,47,61,15,7.029669999999999,1.8959555,1.8959555,True,0.17631759444112127,54,56,101.21581394496215,47,51,36.44027981057776,64.77553413438439,101.21581394496215,0.6616379906447235,UNCERTAIN
beta,beta_G,2024-03-24,sure,1,43,64,22,15.493143500000002,16.916003999999997,15.493143500000002,True,0.17631759444112127,41,65,261.3588702118871,66,66,-194.99868414479153,261.3588702118871,261.3588702118871,0.8668424084310207,AUTO_CORRECT
beta,beta_G,2024-03-25,sure,1,38,64,27,28.8808245,28.8808245,28.8808245,True,0.17631759444112127,38,64,258.8316237130737,37,37,-299.84192185377213,258.8316237130737,258.8316237130737,0.8654103855454554,AUTO_CORRECT
beta,beta_G,2024-03-26,sure,1,38,63,26,28.0140685,28.865658500000002,28.0140685,True,0.17631759444112127,38,64,225.35981104519044,37,37,-326.32605023390676,225.35981104519044,225.35981104519044,0.8435672262939758,AUTO_CORRECT
beta,beta_G,2024-03-27,sure,0,-1,-1,0,0.0,24.156238,0.0,True,0.17631759444112127,40,66,51.40692258828601,39,39,-295.7218937149447,51.40692258828601,51.40692258828601,0.45468050410982624,UNCERTAIN
beta,beta_G,2024-03-28,sure,0,-1,-1,0,0.0,22.900214499999997,0.0,True,0.17631759444112127,40,65,46.335152519914644,66,66,-278.1413408980248,46.335152519914644,46.335152519914644,0.42271263670103826,UNCERTAIN
beta,beta_G,2024-03-29,sure,1,48,65,18,12.572189499999999,9.689290499999998,9.689290499999998,True,0.17631759444112127,53,65,277.4886468912776,66,66,-22.508585660349816,277.4886468912776,277.4886468912776,0.8753867312521766,AUTO_CORRECT
beta,beta_G,2024-03-30,sure,1,39,64,26,24.984,24.780441,24.780441,True,0.17631759444112127,40,64,530.3915385677249,39,39,-38.75802962021123,530.3915385677249,530.3915385677249,0.9412464788289284,AUTO_CORRECT
beta,beta_G,2024-03-31,sure,1,41,58,18,11.699851500000001,18.0105345,11.480145,True,0.17631759444112127,42,66,249.8892171708101,41,41,-59.60271135756659,249.8892171708101,249.8892171708101,0.8601200806110139,AUTO_CORRECT
beta,beta_G,2024-04-01,sure,1,41,62,22,20.6637085,21.9686045,20.6637085,True,0.17631759444112127,39,62,368.64651036476533,63,63,-54.6191576391158,368.64651036476533,368.64651036476533,0.9097638003651675,AUTO_CORRECT
beta,beta_G,2024-04-02,sure,0,-1,-1,0,0.0,0.0,0.0,True,0.17631759444112127,-1,-1,0.0,40,43,-183.74655188154628,,-183.74655188154628,6.843182344781771e-06,AUTO_KEEP
beta,beta_G,2024-04-03,sure,1,38,65,28,32.6838595,32.6838595,32.6838595,True,0.17631759444112127,38,65,504.3600075128447,37,37,-321.8867152211212,504.3600075128447,504.3600075128447,0.9376005009494698,AUTO_CORRECT
beta,beta_G,2024-04-04,sure,0,-1,-1,0,0.0,0.0,0.0,True,0.17631759444112127,-1,-1,0.0,55,55,-829.8924178355585,,-829.8924178355585,1.0048970531053714e-06,AUTO_KEEP
beta,beta_G,2024-04-05,sure,0,-1,-1,0,0.0,0.0,0.0,True,0.17631759444112127,-1,-1,0.0,24,24,-1609.7882250180278,,-1609.7882250180278,4.3181860852963085e-07,AUTO_KEEP
beta,beta_G,2024-04-06,sure,1,41,66,26,18.784964500000005,19.426496999999998,18.784964500000005,True,0.17631759444112127,39,66,278.29495156994,67,67,-123.30713090139342,278.29495156994,278.29495156994,0.8757885700158174,AUTO_CORRECT
beta,beta_G,2024-04-07,sure,1,36,61,26,21.2142665,22.1297925,20.9973585,True,0.17631759444112127,33,60,531.576278879717,61,61,-66.79275717771947,531.576278879717,531.576278879717,0.9414034221880314,AUTO_CORRECT
beta,beta_G,2024-04-08,sure,0,-1,-1,0,0.0,27.7355155,0.0,True,0.17631759444112127,33,62,115.62417550379685,63,63,-334.3910686046356,115.62417550379685,115.62417550379685,0.6982247988778051,UNCERTAIN
beta,beta_G,2024-04-09,sure,0,-1,-1,0,0.0,30.621160500000002,0.0,True,0.17631759444112127,32,63,10.8056082887694,64,64,-942.1328183840939,10.8056082887694,10.8056082887694,0.11071112163331082,AUTO_KEEP
beta,beta_G,2024-04-10,sure,0,-1,-1,0,0.0,24.463957500000006,0.0,True,0.17631759444112127,35,63,204.44534882045198,64,64,-229.91028934790376,204.44534882045198,204.44534882045198,0.8265423496226655,AUTO_CORRECT
beta,beta_G,2024-04-11,sure,1,35,62,28,31.009022499999997,31.623209999999997,31.009022499999997,True,0.17631759444112127,35,63,459.9126190734893,64,64,-265.96996251934985,459.9126190734893,459.9126190734893,0.9303644846024725,AUTO_CORRECT
beta,beta_G,2024-04-12,sure,1,36,63,28,28.914313500000002,29.591286000000004,28.914313500000002,True,0.17631759444112127,35,63,460.2881024962259,64,64,-224.82464109763006,460.2881024962259,460.2881024962259,0.9304317683788869,AUTO_CORRECT
beta,beta_G,2024-04-13,sure,1,37,62,26,23.967042000000003,26.514455499999997,23.778643000000002,True,0.17631759444112127,33,61,513.9963816361229,62,62,-32.131246262344604,513.9963816361229,513.9963816361229,0.9389957502452427,AUTO_CORRECT
beta,beta_G,2024-04-14,sure,1,40,60,21,20.066929499999997,22.287832,20.066929499999997,True,0.17631759444112127,37,60,447.72660152351455,61,61,-41.006517262463476,447.72660152351455,447.72660152351455,0.9281167125118176,AUTO_CORRECT
beta,beta_G,2024-04-15,sure,1,37,58,22,21.6787775,22.45336,21.6787775,True,0.17631759444112127,36,58,295.1786259142256,35,35,-389.35029688918144,295.1786259142256,295.1786259142256,0.8837086876359788,AUTO_CORRECT
beta,beta_G,2024-04-16,unsure,0,-1,-1,0,0.0,21.6448735,0.0,True,0.17631759444112127,36,60,202.89287834209514,61,61,-234.99399841101888,202.89287834209514,202.89287834209514,0.8251503846683361,AUTO_CORRECT
beta,beta_G,2024-04-17,unsure,0,-1,-1,0,0.0,25.3586555,0.0,True,0.17631759444112127,34,62,113.94833016494925,63,63,-558.2353448230549,113.94833016494925,113.94833016494925,0.6943193675697231,UNCERTAIN
beta,beta_G,2024-04-18,unsure,0,-1,-1,0,0.0,4.0233635,0.0,True,0.17631759444112127,49,52,121.09440730354083,56,59,28.121612439787253,92.97279486375358,121.09440730354083,0.7104035101632444,AUTO_CORRECT
beta,beta_G,2024-04-19,sure,1,36,54,19,19.6481225,20.332845499999998,19.6481225,True,0.17631759444112127,35,54,428.16653105207223,55,55,-278.39214905338235,428.16653105207223,428.16653105207223,0.9242292119137713,AUTO_CORRECT
beta,beta_G,2024-04-20,sure,0,-1,-1,0,0.0,0.0,0.0,True,0.17631759444112127,-1,-1,0.0,48,48,-414.7945875840201,,-414.7945875840201,2.4307948738252723e-06,AUTO_KEEP
beta,beta_G,2024-04-21,unsure,0,-1,-1,0,0.0,8.558133,0.0,True,0.17631759444112127,49,57,44.35154506282269,42,42,-145.71495605071487,44.35154506282269,44.35154506282269,0.40944296441805506,UNCERTAIN
beta,beta_G,2024-04-22,unsure,0,-1,-1,0,0.0,24.4477755,0.0,True,0.17631759444112127,34,61,45.48867888784375,62,62,-333.6650483664644,45.48867888784375,45.48867888784375,0.4171045672316971,UNCERTAIN
beta,beta_G,2024-04-23,sure,1,37,62,26,27.451334000000003,28.832062500000003,27.451334000000003,True,0.17631759444112127,35,62,407.03455243374884,63,63,-315.43130846505454,407.03455243374884,407.03455243374884,0.9195923939891244,AUTO_CORRECT
beta,beta_G,2024-04-24,unsure,0,-1,-1,0,0.0,0.0,0.0,True,0.17631759444112127,-1,-1,0.0,37,51,-149.46092630984975,,-149.46092630984975,8.89220175310455e-06,AUTO_KEEP
beta,beta_G,2024-04-25,unsure,0,-1,-1,0,0.0,4.9062085,0.0,True,0.17631759444112127,40,46,238.21736245720584,55,56,16.033219050250544,222.1841434069553,238.21736245720584,0.8526456762937106,AUTO_CORRECT
beta,beta_G,2024-04-26,unsure,1,41,62,22,18.243646500000004,20.529889500000003,18.243646500000004,True,0.17631759444112127,37,62,231.22289734833723,36,36,-120.82495129572388,231.22289734833723,231.22289734833723,0.8478247358954979,AUTO_CORRECT
beta,beta_G,2024-04-27,sure,1,38,61,24,20.2870685,21.54788,20.2870685,True,0.17631759444112127,36,62,298.6089192458745,35,35,-192.20091759851113,298.6089192458745,298.6089192458745,0.8852101243121973,AUTO_CORRECT
beta,beta_G,2024-04-28,sure,1,46,60,15,11.6966905,11.450987500000002,11.450987500000002,True,0.17631759444112127,47,60,256.0572009678414,61,61,-66.34001864626202,256.0572009678414,256.0572009678414,0.8638069889693035,AUTO_CORRECT
beta,beta_G,2024-04-29,sure,1,38,61,24,22.6415105,22.829905,22.0503425,True,0.17631759444112127,39,62,281.3158127685342,38,38,-259.9139604119002,281.3158127685342,281.3158127685342,0.8772740762022516,AUTO_CORRECT
beta,beta_G,2024-04-30,unsure,0,-1,-1,0,0.0,0.0,0.0,True,0.17631759444112127,-1,-1,0.0,41,48,-92.58636146370625,,-92.58636146370625,1.629731919684533e-05,AUTO_KEEP
beta,beta_G,2024-05-01,sure,0,-1,-1,0,0.0,0.0,0.0,True,0.17631759444112127,-1,-1,0.0,58,58,-1314.5180640742904,,-1314.5180640742904,5.591241659067952e-07,AUTO_KEEP
beta,beta_G,2024-05-02,sure,0,-1,-1,0,0.0,0.0,0.0,True,0.17631759444112127,-1,-1,0.0,51,58,-58.394457846559895,,-58.394457846559895,2.911141531814488e-05,AUTO_KEEP
beta,beta_G,2024-05-03,unsure,0,-1,-1,0,0.0,21.255278,0.0,True,0.17631759444112127,36,62,187.16138843161013,63,63,-270.6664428148503,187.16138843161013,187.16138843161013,0.8098736398669684,AUTO_CORRECT
beta,beta_G,2024-05-04,unsure,0,-1,-1,0,0.0,5.2197095000000004,0.0,True,0.17631759444112127,43,49,61.988707944954584,40,40,-29.101527739364286,61.988707944954584,61.988707944954584,0.5132187263915868,UNCERTAIN
beta,beta_G,2024-05-05,sure,0,-1,-1,0,0.0,0.0,0.0,True,0.17631759444112127,-1,-1,0.0,56,56,-138.06409036198005,,-138.06409036198005,9.83233554959143e-06,AUTO_KEEP
beta,beta_G,2024-05-06,sure,0,-1,-1,0,0.0,0.0,0.0,True,0.17631759444112127,-1,-1,0.0,47,47,-669.2244706372284,,-669.2244706372284,1.3218937839277016e-06,AUTO_KEEP
beta,beta_G,2024-05-07,sure,0,-1,-1,0,0.0,6.315955000000001,0.0,True,0.17631759444112127,47,54,25.84465259972474,58,58,-147.45599237385903,25.84465259972474,25.84465259972474,0.2620510452908083,AUTO_KEEP
beta,beta_G,2024-05-08,sure,0,-1,-1,0,0.0,0.0,0.0,True,0.17631759444112127,-1,-1,0.0,38,60,-18.220719671856656,,-18.220719671856656,0.0001227992844845223,AUTO_KEEP
beta,beta_G,2024-05-09,sure,0,-1,-1,0,0.0,9.3902235,0.0,True,0.17631759444112127,48,58,101.41672699515017,39,45,17.56988607344303,83.84684092170714,101.41672699515017,0.6621986703629918,UNCERTAIN
beta,beta_G,2024-05-10,sure,0,-1,-1,0,0.0,0.0,0.0,True,0.17631759444112127,-1,-1,0.0,55,55,-182.33000910104286,,-182.33000910104286,6.910718821757763e-06,AUTO_KEEP
beta,beta_G,2024-05-11,sure,0,-1,-1,0,0.0,0.0,0.0,True,0.17631759444112127,-1,-1,0.0,51,51,-575.738134065331,,-575.738134065331,1.6011789547729905e-06,AUTO_KEEP
beta,beta_G,2024-05-12,sure,0,-1,-1,0,0.0,6.6487205000000005,0.0,True,0.17631759444112127,48,57,32.276152075096014,47,47,-111.92207483607095,32.276152075096014,32.276152075096014,0.3183642432567322,UNCERTAIN
beta,beta_G,2024-05-13,sure,0,-1,-1,0,0.0,0.0,0.0,True,0.17631759444112127,-1,-1,0.0,46,46,-200.7067008759002,,-200.7067008759002,6.117719300605163e-06,AUTO_KEEP
beta,beta_G,2024-05-14,sure,1,38,61,24,20.904466999999997,21.61864,20.904466999999997,True,0.17631759444112127,37,61,167.6446143411126,62,62,-311.31341839086946,167.6446143411126,167.6446143411126,0.7874240032331339,AUTO_CORRECT
beta,beta_G,2024-05-15,sure,1,38,61,24,20.1802495,20.871326500000002,20.1802495,True,0.17631759444112127,37,61,172.4840758448668,62,62,-313.79307284092454,172.4840758448668,172.4840758448668,0.7934037823917799,AUTO_CORRECT
beta,beta_G,2024-05-16,unsure,1,38,62,25,20.548344999999998,17.885553499999997,17.885553499999997,True,0.17631759444112127,39,59,145.92428828824225,61,61,-205.90439376423248,145.92428828824225,145.92428828824225,0.7564929885471504,AUTO_CORRECT
beta,beta_G,2024-05-17,unsure,1,45,59,15,11.417935,12.6633385,11.417935,True,0.17631759444112127,44,60,189.29160938709066,61,61,-179.8731746647629,189.29160938709066,189.29160938709066,0.8120755317900132,AUTO_CORRECT
beta,beta_G,2024-05-18,sure,0,-1,-1,0,0.0,0.0,0.0,True,0.17631759444112127,-1,-1,0.0,24,24,-1513.3615219139374,,-1513.3615219139374,4.672049880542851e-07,AUTO_KEEP
beta,beta_G,2024-05-19,sure,0,-1,-1,0,0.0,7.9716575,0.0,True,0.17631759444112127,46,58,167.72158370957783,41,41,-11.640387391306136,167.72158370957783,167.72158370957783,0.7875214397737054,AUTO_CORRECT
beta,beta_G,2024-05-20,sure,0,-1,-1,0,0.0,0.0,0.0,True,0.17631759444112127,-1,-1,0.0,40,51,-19.354879933631143,,-19.354879933631143,0.00011413805235951474,AUTO_KEEP
beta,beta_G,2024-05-21,sure,0,-1,-1,0,0.0,0.0,0.0,True,0.17631759444112127,-1,-1,0.0,43,47,-197.16363532524414,,-197.16363532524414,6.257624140543499e-06,AUTO_KEEP
beta,beta_G,2024-05-22,unsure,0,-1,-1,0,0.0,18.3401125,0.0,True,0.17631759444112127,39,59,35.952106559735995,60,60,-296.7645808071695,35.952106559735995,35.952106559735995,0.3480536390553537,UNCERTAIN
beta,beta_G,2024-05-23,sure,0,-1,-1,0,0.0,0.0,0.0,True,0.17631759444112127,-1,-1,0.0,49,60,-118.61257160600363,,-118.61257160600363,1.1916535623045551e-05,AUTO_KEEP
beta,beta_G,2024-05-24,sure,0,-1,-1,0,0.0,0.0,0.0,True,0.17631759444112127,-1,-1,0.0,41,52,-6.732688067335625,,-6.732688067335625,0.000392310238573926,AUTO_KEEP
beta,beta_G,2024-05-25,sure,0,-1,-1,0,0.0,0.0,0.0,True,0.17631759444112127,-1,-1,0.0,55,57,-30.776551577017337,,-30.776551577017337,6.46605206136054e-05,AUTO_KEEP
beta,beta_G,2024-05-26,unsure,1,45,57,13,6.48249,7.147999,6.48249,True,0.17631759444112127,44,58,74.72050105205658,43,43,-89.48041375644168,74.72050105205658,74.72050105205658,0.5714517643560489,UNCERTAIN
beta,beta_G,2024-05-27,unsure,0,-1,-1,0,0.0,0.0,0.0,True,0.17631759444112127,-1,-1,0.0,39,60,-12.771812170930122,,-12.771812170930122,0.0001878859080168699,AUTO_KEEP
beta,beta_G,2024-05-28,unsure,0,-1,-1,0,0.0,0.0,0.0,True,0.17631759444112127,-1,-1,0.0,41,60,-74.46111533602543,,-74.46111533602543,2.1448620598358705e-05,AUTO_KEEP
beta,beta_G,2024-05-29,unsure,0,-1,-1,0,0.0,0.0,0.0,True,0.17631759444112127,-1,-1,0.0,40,60,-26.637665741656942,,-26.637665741656942,7.726124529864724e-05,AUTO_KEEP
beta,beta_G,2024-05-30,unsure,0,-1,-1,0,0.0,18.506875,0.0,True,0.17631759444112127,39,59,11.491967809293204,60,60,-513.9280369215645,11.491967809293204,11.491967809293204,0.1180118273813022,AUTO_KEEP
beta,beta_G,2024-05-31,sure,0,-1,-1,0,0.0,3.402082,0.0,True,0.17631759444112127,41,44,24.512111294901235,45,45,-462.5049912065904,24.512111294901235,24.512111294901235,0.2496842531782828,AUTO_KEEP
beta,beta_G,2024-06-01,sure,0,-1,-1,0,0.0,0.0,0.0,True,0.17631759444112127,-1,-1,0.0,25,25,-1543.0868146607454,,-1543.0868146607454,4.557597035075097e-07,AUTO_KEEP
beta,beta_G,2024-06-02,sure,0,-1,-1,0,0.0,0.0,0.0,True,0.17631759444112127,-1,-1,0.0,24,24,-1874.4080950844582,,-1874.4080950844582,3.556453581763988e-07,AUTO_KEEP
beta,beta_G,2024-06-03,sure,0,-1,-1,0,0.0,0.0,0.0,True,0.17631759444112127,-1,-1,0.0,41,58,-102.59558274083481,,-102.59558274083481,1.431568495555894e-05,AUTO_KEEP
beta,beta_G,2024-06-04,sure,0,-1,-1,0,0.0,0.0,0.0,True,0.17631759444112127,-1,-1,0.0,46,46,-304.3280068950709,,-304.3280068950709,3.604665404466702e-06,AUTO_KEEP
beta,beta_G,2024-06-05,sure,0,-1,-1,0,0.0,0.0,0.0,True,0.17631759444112127,-1,-1,0.0,44,48,-158.1097172415524,,-158.1097172415524,8.280166497683095e-06,AUTO_KEEP
beta,beta_G,2024-06-06,sure,0,-1,-1,0,0.0,0.0,0.0,True,0.17631759444112127,-1,-1,0.0,39,56,-5.422229241509441,,-5.422229241509441,0.0004971422854329143,AUTO_KEEP
beta,beta_G,2024-06-07,sure,0,-1,-1,0,0.0,0.0,0.0,True,0.17631759444112127,-1,-1,0.0,57,57,-1405.3820697926594,,-1405.3820697926594,5.134499844884538e-07,AUTO_KEEP
beta,beta_G,2024-06-08,unsure,0,-1,-1,0,0.0,5.712533,0.0,True,0.17631759444112127,44,57,58.817018846276376,43,43,-69.95361210548718,58.817018846276376,58.817018846276376,0.4967416000121867,UNCERTAIN
beta,beta_G,2024-06-09,sure,0,-1,-1,0,0.0,0.3026105,0.0,True,0.17631759444112127,44,44,14.740843501756505,46,46,-32.00873147082369,14.740843501756505,14.740843501756505,0.15233101630316323,AUTO_KEEP
beta,beta_G,2024-06-10,sure,0,-1,-1,0,0.0,0.0,0.0,True,0.17631759444112127,-1,-1,0.0,44,44,-20.062624302907217,,-20.062624302907217,0.00010926795536727961,AUTO_KEEP
beta,beta_G,2024-06-11,sure,0,-1,-1,0,0.0,0.0,0.0,True,0.17631759444112127,-1,-1,0.0,51,51,-330.1210499020984,,-330.1210499020984,3.2503253066485885e-06,AUTO_KEEP
beta,beta_G,2024-06-12,sure,0,-1,-1,0,0.0,0.0,0.0,True,0.17631759444112127,-1,-1,0.0,39,48,-55.7089955923609,,-55.7089955923609,3.088168264168115e-05,AUTO_KEEP
beta,beta_G,2024-06-13,sure,0,-1,-1,0,0.0,0.0,0.0,True,0.17631759444112127,-1,-1,0.0,44,51,-124.36619358744674,,-124.36619358744674,1.1223203259296126e-05,AUTO_KEEP
beta,beta_G,2024-06-14,sure,0,-1,-1,0,0.0,0.0,0.0,True,0.17631759444112127,-1,-1,0.0,46,46,-75.74959457262452,,-75.74959457262452,2.099026163961149e-05,AUTO_KEEP
beta,beta_G,2024-06-15,sure,0,-1,-1,0,0.0,0.0,0.0,True,0.17631759444112127,-1,-1,0.0,56,56,-471.72482702869837,,-471.72482702869837,2.0636767985750504e-06,AUTO_KEEP
beta,beta_G,2024-06-16,sure,1,44,55,12,4.2136575,4.73376,4.2136575,True,0.17631759444112127,43,56,17.683183388102606,57,57,-51.19907376942005,17.683183388102606,17.683183388102606,0.18275606379910778,AUTO_KEEP
beta,beta_G,2024-06-17,unsure,0,-1,-1,0,0.0,0.0,0.0,True,0.17631759444112127,-1,-1,0.0,52,53,-200.50140880168746,,-200.50140880168746,6.1256729658712705e-06,AUTO_KEEP
beta,beta_G,2024-06-18,unsure,0,-1,-1,0,0.0,0.0,0.0,True,0.17631759444112127,-1,-1,0.0,41,59,-59.064395581822424,,-59.064395581822424,2.8697774987346978e-05,AUTO_KEEP
beta,beta_G,2024-06-19,unsure,0,-1,-1,0,0.0,0.0,0.0,True,0.17631759444112127,-1,-1,0.0,41,59,-87.72672258733697,,-87.72672258733697,1.7444708308913906e-05,AUTO_KEEP
beta,beta_G,2024-06-20,unsure,0,-1,-1,0,0.0,0.0,0.0,True,0.17631759444112127,-1,-1,0.0,43,43,-534.4559095293386,,-534.4559095293386,1.7603325464939746e-06,AUTO_KEEP
beta,beta_G,2024-06-21,unsure,0,-1,-1,0,0.0,0.0,0.0,True,0.17631759444112127,-1,-1,0.0,41,61,-54.14258966221943,,-54.14258966221943,3.200529556067989e-05,AUTO_KEEP
beta,beta_G,2024-06-22,unsure,0,-1,-1,0,0.0,0.0,0.0,False,,-1,-1,,-1,-1,,,,,UNCERTAIN
beta,beta_G,2024-06-23,sure,0,-1,-1,0,0.0,0.0,0.0,True,0.17631759444112127,-1,-1,0.0,53,53,-438.16925272594017,,-438.16925272594017,2.2669461543748262e-06,AUTO_KEEP
beta,beta_G,2024-06-24,unsure,0,-1,-1,0,0.0,0.0,0.0,True,0.17631759444112127,-1,-1,0.0,49,61,-94.9145114059466,,-94.9145114059466,1.5794286979521152e-05,AUTO_KEEP
beta,beta_G,2024-06-25,unsure,0,-1,-1,0,0.0,0.0,0.0,True,0.17631759444112127,-1,-1,0.0,44,59,-160.60605750634411,,-160.60605750634411,8.117320536681428e-06,AUTO_KEEP
beta,beta_G,2024-06-26,unsure,0,-1,-1,0,0.0,0.0,0.0,True,0.17631759444112127,-1,-1,0.0,43,60,-76.07964109070262,,-76.07964109070262,2.0875654238737413e-05,AUTO_KEEP
beta,beta_G,2024-06-27,unsure,0,-1,-1,0,0.0,0.0,0.0,True,0.17631759444112127,-1,-1,0.0,41,59,-104.215931565777,,-104.215931565777,1.4034992211841785e-05,AUTO_KEEP
beta,beta_G,2024-06-28,sure,1,46,56,11,2.744835,2.5973740000000003,2.5973740000000003,True,0.17631759444112127,47,56,2.623076603856239,46,46,-17.780660773303776,2.623076603856239,2.623076603856239,0.02683918929180114,AUTO_KEEP
beta,beta_G,2024-06-29,sure,0,-1,-1,0,0.0,0.0,0.0,True,0.17631759444112127,-1,-1,0.0,49,58,-16.227686234191257,,-16.227686234191257,0.00014120457636018253,AUTO_KEEP
beta,beta_G,2024-06-30,sure,0,-1,-1,0,0.0,0.0,0.0,True,0.17631759444112127,-1,-1,0.0,24,24,-2131.9594240106876,,-2131.9594240106876,3.0179342064474705e-07,AUTO_KEEP
beta,beta_G,2024-07-01,sure,0,-1,-1,0,0.0,0.0,0.0,True,0.17631759444112127,-1,-1,0.0,48,48,-217.60560861284668,,-217.60560861284668,5.5208726223070706e-06,AUTO_KEEP
beta,beta_G,2024-07-02,sure,0,-1,-1,0,0.0,0.0,0.0,True,0.17631759444112127,-1,-1,0.0,58,58,-1474.1077301523649,,-1474.1077301523649,4.831260435697481e-07,AUTO_KEEP
beta,beta_G,2024-07-03,sure,0,-1,-1,0,0.0,0.0,0.0,True,0.17631759444112127,-1,-1,0.0,44,44,-171.08202463561864,,-171.08202463561864,7.492184028832272e-06,AUTO_KEEP
beta,beta_G,2024-07-04,sure,0,-1,-1,0,0.0,0.0,0.0,True,0.17631759444112127,-1,-1,0.0,53,53,-126.50827062370051,,-126.50827062370051,1.0983197183901253e-05,AUTO_KEEP
beta,beta_G,2024-07-05,sure,0,-1,-1,0,0.0,0.0,0.0,True,0.17631759444112127,-1,-1,0.0,48,48,-294.76929580424047,,-294.76929580424047,3.753962765616737e-06,AUTO_KEEP
beta,beta_G,2024-07-06,sure,0,-1,-1,0,0.0,0.0,0.0,True,0.17631759444112127,-1,-1,0.0,58,59,-11.851203126311253,,-11.851203126311253,0.00020522241594231745,AUTO_KEEP
beta,beta_G,2024-07-07,sure,0,-1,-1,0,0.0,0.0,0.0,True,0.17631759444112127,-1,-1,0.0,47,47,-12.70860381218195,,-12.70860381218195,0.00018899175384908166,AUTO_KEEP
beta,beta_G,2024-07-08,sure,0,-1,-1,0,0.0,0.0,0.0,True,0.17631759444112127,-1,-1,0.0,58,58,-1195.6258208762495,,-1195.6258208762495,6.309541815498787e-07,AUTO_KEEP
beta,beta_G,2024-07-09,sure,0,-1,-1,0,0.0,0.0,0.0,True,0.17631759444112127,-1,-1,0.0,58,58,-397.268462048856,,-397.268462048856,2.56809909230821e-06,AUTO_KEEP
beta,beta_G,2024-07-10,unsure,0,-1,-1,0,0.0,0.0,0.0,True,0.17631759444112127,-1,-1,0.0,41,60,-7.657072836412912,,-7.657072836412912,0.00033968813657858307,AUTO_KEEP
beta,beta_G,2024-07-11,unsure,0,-1,-1,0,0.0,0.0,0.0,True,0.17631759444112127,-1,-1,0.0,41,54,-83.76374188511343,,-83.76374188511343,1.8491967843666874e-05,AUTO_KEEP
beta,beta_G,2024-07-12,unsure,0,-1,-1,0,0.0,0.0,0.0,True,0.17631759444112127,-1,-1,0.0,41,56,-34.865232696926675,,-34.865232696926675,5.540791212525938e-05,AUTO_KEEP
beta,beta_G,2024-07-13,sure,0,-1,-1,0,0.0,0.0,0.0,True,0.17631759444112127,-1,-1,0.0,49,50,-3.590121422563897,,-3.590121422563897,0.0007629108240866843,AUTO_KEEP
beta,beta_G,2024-07-14,sure,0,-1,-1,0,0.0,0.0,0.0,True,0.17631759444112127,-1,-1,0.0,44,57,-6.123738244693168,,-6.123738244693168,0.0004355746019964103,AUTO_KEEP
beta,beta_G,2024-07-15,unsure,1,44,56,13,10.219865500000001,0.0,0.0,True,0.17631759444112127,-1,-1,0.0,44,56,-152.02520141128898,,-152.02520141128898,8.702521031753279e-06,AUTO_KEEP
beta,beta_G,2024-07-16,sure,0,-1,-1,0,0.0,0.0,0.0,True,0.17631759444112127,-1,-1,0.0,48,48,-1323.9082175789915,,-1323.9082175789915,5.540729650842873e-07,AUTO_KEEP
beta,beta_G,2024-07-17,unsure,0,-1,-1,0,0.0,0.0,0.0,True,0.17631759444112127,-1,-1,0.0,45,54,-5.284193693656112,,-5.284193693656112,0.0005111102322819106,AUTO_KEEP
beta,beta_G,2024-07-18,sure,0,-1,-1,0,0.0,0.0,0.0,True,0.17631759444112127,-1,-1,0.0,41,61,-77.50503743556548,,-77.50503743556548,2.039326169392423e-05,AUTO_KEEP
beta,beta_G,2024-07-19,sure,0,-1,-1,0,0.0,15.1236395,0.0,True,0.17631759444112127,41,58,19.35412683872497,60,60,-159.19475170421643,19.35412683872497,19.35412683872497,0.1996489668049065,AUTO_KEEP
beta,beta_G,2024-07-20,sure,0,-1,-1,0,0.0,1.624069,0.0,True,0.17631759444112127,53,56,69.40817085435921,58,58,-28.62539199133335,69.40817085435921,69.40817085435921,0.5485877977340881,UNCERTAIN
beta,beta_G,2024-07-21,sure,1,46,57,12,4.322953,4.763428500000001,4.322953,True,0.17631759444112127,45,58,32.88865976725286,44,44,-36.81896739368496,32.88865976725286,32.88865976725286,0.3234357117126964,UNCERTAIN
beta,beta_G,2024-07-22,unsure,0,-1,-1,0,0.0,0.0,0.0,True,0.17631759444112127,-1,-1,0.0,42,58,-63.42663557908787,,-63.42663557908787,2.6242153921112e-05,AUTO_KEEP
beta,beta_G,2024-07-23,unsure,0,-1,-1,0,0.0,0.0,0.0,True,0.17631759444112127,-1,-1,0.0,41,61,-24.08923778619227,,-24.08923778619227,8.741055760927835e-05,AUTO_KEEP
beta,beta_G,2024-07-24,unsure,0,-1,-1,0,0.0,0.0,0.0,True,0.17631759444112127,-1,-1,0.0,41,61,-56.08696747012754,,-56.08696747012754,3.062104451136359e-05,AUTO_KEEP
beta,beta_G,2024-07-25,unsure,0,-1,-1,0,0.0,0.0,0.0,True,0.17631759444112127,-1,-1,0.0,42,58,-82.0931310015777,,-82.0931310015777,1.8967639821958137e-05,AUTO_KEEP
beta,beta_G,2024-07-26,unsure,0,-1,-1,0,0.0,11.5965975,0.0,True,0.17631759444112127,47,61,240.1241779700315,62,62,-175.19324595789547,240.1241779700315,240.1241779700315,0.8539138980451306,AUTO_CORRECT
beta,beta_G,2024-07-27,sure,0,-1,-1,0,0.0,0.0,0.0,True,0.17631759444112127,-1,-1,0.0,55,55,-988.5887112679995,,-988.5887112679995,8.040188656461605e-07,AUTO_KEEP
beta,beta_G,2024-07-28,sure,1,44,58,15,6.0081275000000005,5.9180725,5.9180725,True,0.17631759444112127,45,58,87.32805593522552,44,44,-13.719586007559842,87.32805593522552,87.32805593522552,0.6187581624395686,UNCERTAIN
beta,beta_G,2024-07-29,sure,0,-1,-1,0,0.0,0.0,0.0,True,0.17631759444112127,-1,-1,0.0,42,53,-198.8070379404826,,-198.8070379404826,6.192029069331208e-06,AUTO_KEEP
beta,beta_G,2024-07-30,sure,0,-1,-1,0,0.0,0.0,0.0,True,0.17631759444112127,-1,-1,0.0,40,40,-537.8043246386883,,-537.8043246386883,1.7463863939601874e-06,AUTO_KEEP
beta,beta_G,2024-07-31,sure,0,-1,-1,0,0.0,0.0,0.0,True,0.17631759444112127,-1,-1,0.0,41,42,-252.95708266986497,,-252.95708266986497,4.559808834518181e-06,AUTO_KEEP
beta,beta_G,2024-08-01,sure,0,-1,-1,0,0.0,0.0,0.0,True,0.17631759444112127,-1,-1,0.0,48,48,-173.92934064004052,,-173.92934064004052,7.336936983853676e-06,AUTO_KEEP
beta,beta_G,2024-08-02,sure,0,-1,-1,0,0.0,0.0,0.0,True,0.17631759444112127,-1,-1,0.0,58,58,-82.13006049232825,,-82.13006049232825,1.895688956200423e-05,AUTO_KEEP
beta,beta_G,2024-08-03,sure,1,43,60,18,12.548822,12.548822,12.548822,True,0.17631759444112127,43,60,138.54491661771792,42,42,-64.5866264861397,138.54491661771792,138.54491661771792,0.7441779254090346,AUTO_CORRECT
beta,beta_G,2024-08-04,sure,0,-1,-1,0,0.0,0.0,0.0,False,,-1,-1,,-1,-1,,,,,UNCERTAIN
beta,beta_G,2024-08-05,sure,0,-1,-1,0,0.0,0.0,0.0,False,,-1,-1,,-1,-1,,,,,UNCERTAIN
beta,beta_G,2024-08-06,unsure,1,42,55,14,14.214361500000003,20.725184000000002,14.214361500000003,True,0.17631759444112127,39,59,20.091494311658455,61,61,-360.2614924441639,20.091494311658455,20.091494311658455,0.2070032754139341,AUTO_KEEP
beta,beta_G,2024-08-07,unsure,1,41,61,21,20.103435,21.606148,20.103435,True,0.17631759444112127,40,62,86.03358507342317,63,63,-384.8640137648266,86.03358507342317,86.03358507342317,0.614304655472954,UNCERTAIN
beta,beta_G,2024-08-08,unsure,1,40,62,23,21.5969245,20.769317,20.769317,True,0.17631759444112127,41,62,45.82844676021779,63,63,-417.2541564054347,45.82844676021779,45.82844676021779,0.4193652794066759,UNCERTAIN
beta,beta_G,2024-08-09,unsure,0,-1,-1,0,0.0,18.902649000000004,0.0,True,0.17631759444112127,41,62,115.15911379782878,63,63,-283.1318843359048,115.15911379782878,115.15911379782878,0.6971494939258104,UNCERTAIN
beta,beta_G,2024-08-10,unsure,0,-1,-1,0,0.0,10.1133335,0.0,True,0.17631759444112127,41,61,79.08612219833773,40,40,-112.3056389562371,79.08612219833773,79.08612219833773,0.5888702574547969,UNCERTAIN
beta,beta_G,2024-08-11,sure,0,-1,-1,0,0.0,0.0,0.0,True,0.17631759444112127,-1,-1,0.0,56,56,-100.58792728044736,,-100.58792728044736,1.4677640357498976e-05,AUTO_KEEP
beta,beta_G,2024-08-12,sure,0,-1,-1,0,0.0,0.0,0.0,True,0.17631759444112127,-1,-1,0.0,38,38,-2673.5543253787287,,-2673.5543253787287,2.26113294877197e-07,AUTO_KEEP
beta,beta_G,2024-08-13,sure,0,-1,-1,0,0.0,0.0,0.0,True,0.17631759444112127,-1,-1,0.0,48,53,-155.9742794773469,,-155.9742794773469,8.424155990943049e-06,AUTO_KEEP
beta,beta_G,2024-08-14,sure,0,-1,-1,0,0.0,0.0,0.0,True,0.17631759444112127,-1,-1,0.0,54,54,-1429.953482686912,,-1429.953482686912,5.02227384830692e-07,AUTO_KEEP
beta,beta_G,2024-08-15,sure,0,-1,-1,0,0.0,0.0,0.0,True,0.17631759444112127,-1,-1,0.0,46,46,-613.0325666931386,,-613.0325666931386,1.4781499805557202e-06,AUTO_KEEP
beta,beta_G,2024-08-16,sure,0,-1,-1,0,0.0,0.0,0.0,True,0.17631759444112127,-1,-1,0.0,53,56,-109.1166317658233,,-109.1166317658233,1.3242978359760129e-05,AUTO_KEEP
beta,beta_G,2024-08-17,unsure,1,45,60,16,19.629240000000003,29.289912000000005,19.629240000000003,True,0.17631759444112127,34,63,426.12896174763904,64,64,-417.72233814904104,426.12896174763904,426.12896174763904,0.9238028826026075,AUTO_CORRECT
beta,beta_G,2024-08-18,sure,0,-1,-1,0,0.0,10.379449999999999,0.0,True,0.17631759444112127,41,53,283.81470489408093,40,40,-306.23106314388957,283.81470489408093,283.81470489408093,0.8784795318381768,AUTO_CORRECT
beta,beta_G,2024-08-19,sure,0,-1,-1,0,0.0,21.527685499999997,0.0,True,0.17631759444112127,37,62,142.13350771141936,63,63,-240.6327497854386,142.13350771141936,142.13350771141936,0.7502967075691722,AUTO_CORRECT
beta,beta_G,2024-08-20,sure,0,-1,-1,0,0.0,19.963993999999996,0.0,True,0.17631759444112127,44,63,219.65918397122093,64,64,-308.32024459969597,219.65918397122093,219.65918397122093,0.83922445008251,AUTO_CORRECT
beta,beta_G,2024-08-21,sure,0,-1,-1,0,0.0,22.925413,0.0,True,0.17631759444112127,38,60,289.42280457550265,62,63,-298.8693817619433,289.42280457550265,289.42280457550265,0.8811105640476159,AUTO_CORRECT
beta,beta_G,2024-08-22,unsure,0,-1,-1,0,0.0,18.831431499999997,0.0,True,0.17631759444112127,44,63,212.17740612427355,65,65,-310.4018007642008,212.17740612427355,212.17740612427355,0.8331969540407328,AUTO_CORRECT
beta,beta_G,2024-08-23,sure,0,-1,-1,0,0.0,19.647914,0.0,True,0.17631759444112127,39,57,260.5520272259798,62,62,-89.5533818104334,260.5520272259798,260.5520272259798,0.8663881329232207,AUTO_CORRECT
beta,beta_G,2024-08-24,unsure,0,-1,-1,0,0.0,11.254653499999998,0.0,True,0.17631759444112127,51,62,184.69304673144873,41,41,-21.84099309477159,184.69304673144873,184.69304673144873,0.8072657635560776,AUTO_CORRECT
beta,beta_G,2024-08-25,sure,0,-1,-1,0,0.0,0.0,0.0,True,0.17631759444112127,-1,-1,0.0,24,24,-1065.98790643435,,-1065.98790643435,7.303607559016697e-07,AUTO_KEEP
beta,beta_G,2024-08-26,sure,1,37,64,28,34.901249,34.9320765,34.352589,True,0.17631759444112127,36,63,700.2837030978675,64,64,-197.67257031176203,700.2837030978675,700.2837030978675,0.9580255271916335,AUTO_CORRECT
beta,beta_G,2024-08-27,sure,1,36,64,29,36.816044500000004,36.816044500000004,36.816044500000004,True,0.17631759444112127,36,64,662.1166101568729,35,35,-272.4668334937148,662.1166101568729,662.1166101568729,0.9550584537765141,AUTO_CORRECT
beta,beta_G,2024-08-28,sure,1,36,64,29,35.633984999999996,35.659827,34.988231999999996,True,0.17631759444112127,35,63,626.1301781080034,64,64,-260.0952223151935,626.1301781080034,626.1301781080034,0.9519018136325725,AUTO_CORRECT
beta,beta_G,2024-08-29,sure,1,35,64,30,37.91932649999998,37.301763499999986,37.301763499999986,True,0.17631759444112127,35,63,694.0227103511672,64,64,-234.1123151470183,694.0227103511672,694.0227103511672,0.9575629754202787,AUTO_CORRECT
beta,beta_G,2024-08-30,sure,1,35,63,29,36.23890900000001,36.23890900000001,36.23890900000001,True,0.17631759444112127,35,63,670.6504545080226,64,64,-222.99492084804976,670.6504545080226,670.6504545080226,0.9557535682659317,AUTO_CORRECT
beta,beta_G,2024-08-31,sure,1,36,63,28,35.404942999999996,37.759456,35.404942999999996,True,0.17631759444112127,32,63,929.6732407094995,64,64,-109.89358565014908,929.6732407094995,929.6732407094995,0.9703701192261147,AUTO_CORRECT
beta,beta_G,2024-09-01,sure,1,36,62,27,32.6628385,33.913514500000005,32.6628385,True,0.17631759444112127,33,62,831.3644011359921,63,63,-54.086817627228726,831.3644011359921,831.3644011359921,0.9659884785279664,AUTO_CORRECT
beta,beta_G,2024-09-02,sure,1,37,64,28,36.5569545,39.341716000000005,36.5569545,True,0.17631759444112127,33,64,735.0421088832836,65,65,-347.0392645622717,735.0421088832836,735.0421088832836,0.9604385725156831,AUTO_CORRECT
beta,beta_G,2024-09-03,sure,1,35,64,30,38.6965605,38.6965605,38.6965605,True,0.17631759444112127,35,64,654.8393775155661,34,34,-337.85501768154296,654.8393775155661,654.8393775155661,0.9544502376472785,AUTO_CORRECT
beta,beta_G,2024-09-04,sure,1,36,63,28,34.910371,34.910371,34.910371,True,0.17631759444112127,36,63,484.31503357011115,64,64,-292.2628445735705,484.31503357011115,484.31503357011115,0.9345100933980123,AUTO_CORRECT
beta,beta_G,2024-09-05,sure,1,35,64,30,38.235606000000004,38.235606000000004,38.235606000000004,True,0.17631759444112127,35,64,581.5365869324334,65,65,-403.17965783925314,581.5365869324334,581.5365869324334,0.9474048411280214,AUTO_CORRECT
beta,beta_G,2024-09-06,sure,1,35,63,29,36.80806750000001,37.48157500000001,36.80806750000001,True,0.17631759444112127,34,63,713.9356355353082,64,64,-197.15701061467473,713.9356355353082,713.9356355353082,0.9590036807698357,AUTO_CORRECT
beta,beta_G,2024-09-07,sure,1,36,61,26,27.7823515,31.659235,27.7823515,True,0.17631759444112127,32,64,600.9609986532304,31,31,-426.44497196185597,600.9609986532304,600.9609986532304,0.949451617338355,AUTO_CORRECT
beta,beta_G,2024-09-08,sure,0,-1,-1,0,0.0,0.0,0.0,True,0.17631759444112127,-1,-1,0.0,42,43,-49.24503215486778,,-49.24503215486778,3.603793199654367e-05,AUTO_KEEP
beta,beta_G,2024-09-09,sure,0,-1,-1,0,0.0,21.9392745,0.0,True,0.17631759444112127,33,57,82.86651362081611,60,61,-71.32726505591816,82.86651362081611,82.86651362081611,0.6030399043734987,UNCERTAIN
beta,beta_G,2024-09-10,sure,1,35,63,29,37.13256599999999,37.81471299999999,37.13256599999999,True,0.17631759444112127,35,64,571.0502437764394,34,34,-350.07183269883376,571.0502437764394,571.0502437764394,0.9462378879241133,AUTO_CORRECT
beta,beta_G,2024-09-11,sure,1,35,61,27,33.087913500000006,33.087913500000006,33.087913500000006,True,0.17631759444112127,35,61,502.30435053752626,34,34,-304.91543912589333,502.30435053752626,502.30435053752626,0.9372955378265736,AUTO_CORRECT
beta,beta_G,2024-09-12,sure,0,-1,-1,0,0.0,19.379773999999998,0.0,True,0.17631759444112127,39,55,219.78956694390195,38,38,-557.4623368199444,219.78956694390195,219.78956694390195,0.8393261177796457,AUTO_CORRECT
beta,beta_G,2024-09-13,sure,0,-1,-1,0,0.0,24.449711999999998,0.0,True,0.17631759444112127,35,63,134.24265065172864,64,64,-191.13613462245894,134.24265065172864,134.24265065172864,0.7364971431699949,AUTO_CORRECT
beta,beta_G,2024-09-14,sure,1,35,64,30,38.68906549999999,38.387598999999994,38.387598999999994,True,0.17631759444112127,35,63,932.4921968544537,64,64,-75.10573828619746,932.4921968544537,932.4921968544537,0.9704808679441262,AUTO_CORRECT
beta,beta_G,2024-09-15,sure,1,35,62,28,24.198771999999998,24.581081499999996,23.952111499999997,True,0.17631759444112127,33,61,359.6404244060613,62,62,-66.33872083023667,359.6404244060613,359.6404244060613,0.9071466415475811,AUTO_CORRECT
beta,beta_G,2024-09-16,sure,1,35,64,30,41.0820225,41.0820225,41.0820225,True,0.17631759444112127,35,64,698.1412842514648,65,65,-297.2366047578874,698.1412842514648,698.1412842514648,0.957868259613358,AUTO_CORRECT
beta,beta_G,2024-09-17,sure,1,35,62,28,37.55027249999999,38.290098500000006,36.8395335,True,0.17631759444112127,36,64,576.0675721443705,65,65,-331.76569956834,576.0675721443705,576.0675721443705,0.9468018945968129,AUTO_CORRECT
beta,beta_G,2024-09-18,sure,1,34,64,31,45.56716050000001,46.46571349999999,45.56716050000001,True,0.17631759444112127,33,64,842.8863799286015,65,65,-260.93394275076065,842.8863799286015,842.8863799286015,0.9665600910850757,AUTO_CORRECT
beta,beta_G,2024-09-19,sure,1,35,64,30,44.774828500000005,45.44972650000001,44.774828500000005,True,0.17631759444112127,34,64,868.2121520581682,65,65,-270.08091049878686,868.2121520581682,868.2121520581682,0.9677582997162801,AUTO_CORRECT
beta,beta_G,2024-09-20,sure,1,33,64,32,45.916672500000004,45.2598945,45.2598945,True,0.17631759444112127,34,64,937.6977861757605,65,65,-191.65294950231433,937.6977861757605,937.6977861757605,0.9706834578405358,AUTO_CORRECT
beta,beta_G,2024-09-21,sure,1,35,63,29,42.14493249999999,43.3297505,42.14493249999999,True,0.17631759444112127,32,63,1055.2352578457476,64,64,-100.52546753937659,1055.2352578457476,1055.2352578457476,0.974676499419774,AUTO_CORRECT
beta,beta_G,2024-09-22,sure,1,34,63,30,41.0785675,42.333520500000006,41.0785675,True,0.17631759444112127,31,63,1080.92575304012,64,64,-98.90477338010352,1080.92575304012,1080.92575304012,0.9754224043206188,AUTO_CORRECT
beta,beta_G,2024-09-23,sure,1,33,64,32,42.8451465,42.8451465,42.8451465,True,0.17631759444112127,33,64,804.9593534954246,32,32,-360.05455249378093,804.9593534954246,804.9593534954246,0.9646108863288587,AUTO_CORRECT
beta,beta_G,2024-09-24,sure,1,37,55,19,17.367364,24.179324,17.367364,True,0.17631759444112127,33,59,87.13228822965254,60,60,-408.5374156880578,87.13228822965254,87.13228822965254,0.6180901006222796,UNCERTAIN
beta,beta_G,2024-09-25,sure,1,38,60,23,27.8862235,30.995266,27.8862235,True,0.17631759444112127,37,62,532.843956651349,64,65,-1123.0673302298496,532.843956651349,532.843956651349,0.9415705322402763,AUTO_CORRECT
beta,beta_G,2024-09-26,sure,0,-1,-1,0,0.0,0.0,0.0,True,0.17631759444112127,-1,-1,0.0,24,24,-1689.0166805341396,,-1689.0166805341396,4.0615805607515805e-07,AUTO_KEEP
beta,beta_G,2024-09-27,sure,0,-1,-1,0,0.0,0.0,0.0,True,0.17631759444112127,-1,-1,0.0,54,54,-120.24536624546676,,-120.24536624546676,1.1712161282552112e-05,AUTO_KEEP
beta,beta_G,2024-09-28,unsure,1,50,62,13,9.8193585,25.4072475,9.8193585,True,0.17631759444112127,36,62,126.06742597707391,35,35,-156.7392470696454,126.06742597707391,126.06742597707391,0.7207698905478046,AUTO_CORRECT
beta,beta_G,2024-09-29,unsure,1,48,61,14,7.332973,6.6545595,6.6545595,True,0.17631759444112127,48,59,79.53575016559049,61,61,-69.98740634453767,79.53575016559049,79.53575016559049,0.5905985852650797,UNCERTAIN
beta,beta_G,2024-09-30,unsure,1,37,61,25,25.6213395,24.1525275,24.1525275,True,0.17631759444112127,38,60,413.22642672452037,62,62,-344.21308678551094,413.22642672452037,413.22642672452037,0.9210019017547258,AUTO_CORRECT
beta,beta_H,2023-10-01,sure,0,-1,-1,0,0.0,0.0,0.0,True,0.33677948970371707,-1,-1,0.0,49,49,-432.9527694710254,,-432.9527694710254,1.0764167284906846e-06,AUTO_KEEP
beta,beta_H,2023-10-02,sure,0,-1,-1,0,0.0,0.0,0.0,True,0.33677948970371707,-1,-1,0.0,52,52,-45.72993339380189,,-45.72993339380189,2.096108008590375e-05,AUTO_KEEP
beta,beta_H,2023-10-03,sure,0,-1,-1,0,0.0,0.0,0.0,True,0.33677948970371707,-1,-1,0.0,45,45,-243.38637521970958,,-243.38637521970958,2.3131515380034283e-06,AUTO_KEEP
beta,beta_H,2023-10-04,sure,0,-1,-1,0,0.0,0.0,0.0,True,0.33677948970371707,-1,-1,0.0,47,47,-161.81146978461697,,-161.81146978461697,3.973805160008197e-06,AUTO_KEEP
beta,beta_H,2023-10-05,sure,1,47,61,15,7.8314675,9.392617500000002,7.8314675,True,0.33677948970371707,44,62,6.63828913091119,43,43,-31.58934270617029,6.63828913091119,6.63828913091119,0.05010269431053298,AUTO_KEEP
beta,beta_H,2023-10-06,sure,0,-1,-1,0,0.0,11.0508995,0.0,True,0.33677948970371707,44,59,5.787774775961443,43,43,-44.51305039027915,5.787774775961443,5.787774775961443,0.04312560755431506,AUTO_KEEP
beta,beta_H,2023-10-07,unsure,0,-1,-1,0,0.0,0.0,0.0,True,0.33677948970371707,-1,-1,0.0,48,60,-3.434625389788036,,-3.434625389788036,0.00048281955918604334,AUTO_KEEP
beta,beta_H,2023-10-08,sure,0,-1,-1,0,0.0,0.0,0.0,True,0.33677948970371707,-1,-1,0.0,58,58,-15.83609161110689,,-15.83609161110689,8.166914313770305e-05,AUTO_KEEP
beta,beta_H,2023-10-09,sure,1,44,60,17,8.013381,8.862525999999999,8.013381,True,0.33677948970371707,43,61,3.431676138661687,62,62,-36.423455768626816,3.431676138661687,3.431676138661687,0.024902586460221334,AUTO_KEEP
beta,beta_H,2023-10-10,sure,0,-1,-1,0,0.0,10.691938500000001,0.0,True,0.33677948970371707,43,60,4.807904749690543,42,42,-54.21843813602338,4.807904749690543,4.807904749690543,0.03532290798381627,AUTO_KEEP
beta,beta_H,2023-10-11,sure,0,-1,-1,0,0.0,0.0,0.0,True,0.33677948970371707,-1,-1,0.0,53,58,-10.019045207650795,,-10.019045207650795,0.00014364811040304604,AUTO_KEEP
beta,beta_H,2023-10-12,sure,0,-1,-1,0,0.0,0.0,0.0,True,0.33677948970371707,-1,-1,0.0,49,49,-21.541281290815686,,-21.541281290815686,5.536305653146149e-05,AUTO_KEEP
beta,beta_H,2023-10-13,sure,1,44,60,17,8.889883,10.1350235,8.889883,True,0.33677948970371707,42,61,10.826874209836834,62,62,-36.20458516313922,10.826874209836834,10.826874209836834,0.08628948610320095,AUTO_KEEP
beta,beta_H,2023-10-14,unsure,1,49,56,8,2.7935974999999997,0.0,0.0,True,0.33677948970371707,-1,-1,0.0,49,55,-11.09057072021502,,-11.09057072021502,0.00012694411795369774,AUTO_KEEP
beta,beta_H,2023-10-15,sure,0,-1,-1,0,0.0,0.0,0.0,True,0.33677948970371707,-1,-1,0.0,49,57,-11.834219375269246,,-11.834219375269246,0.00011724129489789786,AUTO_KEEP
beta,beta_H,2023-10-16,sure,0,-1,-1,0,0.0,0.0,0.0,True,0.33677948970371707,-1,-1,0.0,51,54,-9.09499206099915,,-9.09499206099915,0.00016142447087631834,AUTO_KEEP
beta,beta_H,2023-10-17,sure,0,-1,-1,0,0.0,0.0,0.0,True,0.33677948970371707,-1,-1,0.0,47,53,-16.2967998623018,,-16.2967998623018,7.878417343035352e-05,AUTO_KEEP
beta,beta_H,2023-10-18,sure,0,-1,-1,0,0.0,0.0,0.0,True,0.33677948970371707,-1,-1,0.0,45,62,-54.909917845815386,,-54.909917845815386,1.650591198014031e-05,AUTO_KEEP
beta,beta_H,2023-10-19,sure,0,-1,-1,0,0.0,0.0,0.0,True,0.33677948970371707,-1,-1,0.0,63,63,-106.69685809418162,,-106.69685809418162,6.891681653127967e-06,AUTO_KEEP
beta,beta_H,2023-10-20,sure,0,-1,-1,0,0.0,0.0,0.0,True,0.33677948970371707,-1,-1,0.0,44,59,-13.348435819744845,,-13.348435819744845,0.00010105518648774693,AUTO_KEEP
beta,beta_H,2023-10-21,sure,0,-1,-1,0,0.0,0.0,0.0,True,0.33677948970371707,-1,-1,0.0,49,55,-42.32092575887236,,-42.32092575887236,2.3186821754198123e-05,AUTO_KEEP
beta,beta_H,2023-10-22,sure,0,-1,-1,0,0.0,0.0,0.0,True,0.33677948970371707,-1,-1,0.0,51,53,-68.0633927394249,,-68.0633927394249,1.2456404289439385e-05,AUTO_KEEP
beta,beta_H,2023-10-23,sure,0,-1,-1,0,0.0,0.0,0.0,True,0.33677948970371707,-1,-1,0.0,41,60,-9.073198639237482,,-9.073198639237482,0.00016188985118536253,AUTO_KEEP
beta,beta_H,2023-10-24,sure,0,-1,-1,0,0.0,0.0,0.0,True,0.33677948970371707,-1,-1,0.0,53,53,-18.383223925724742,,-18.383223925724742,6.769381399222912e-05,AUTO_KEEP
beta,beta_H,2023-10-25,unsure,1,49,56,8,2.9617060000000004,0.0,0.0,True,0.33677948970371707,-1,-1,0.0,47,59,-4.551838513835441,,-4.551838513835441,0.0003579608651718881,AUTO_KEEP
beta,beta_H,2023-10-26,sure,0,-1,-1,0,0.0,0.0,0.0,True,0.33677948970371707,-1,-1,0.0,39,43,-1579.5549261203437,,-1579.5549261203437,1.9234621263958248e-07,AUTO_KEEP
beta,beta_H,2023-10-27,sure,0,-1,-1,0,0.0,0.0,0.0,True,0.33677948970371707,-1,-1,0.0,42,42,-323.6221861122273,,-323.6221861122273,1.584648305432969e-06,AUTO_KEEP
beta,beta_H,2023-10-28,sure,0,-1,-1,0,0.0,0.0,0.0,True,0.33677948970371707,-1,-1,0.0,56,56,-15.531098579927994,,-15.531098579927994,8.368253603978308e-05,AUTO_KEEP
beta,beta_H,2023-10-29,unsure,1,51,56,6,2.2259179999999996,0.0,0.0,True,0.33677948970371707,-1,-1,0.0,44,58,-7.011072798853216,,-7.011072798853216,0.00021964696158362557,AUTO_KEEP
beta,beta_H,2023-10-30,sure,0,-1,-1,0,0.0,0.0,0.0,True,0.33677948970371707,-1,-1,0.0,48,49,-7.985265080352594,,-7.985265080352594,0.0001885114318612666,AUTO_KEEP
beta,beta_H,2023-10-31,sure,0,-1,-1,0,0.0,0.0,0.0,True,0.33677948970371707,-1,-1,0.0,44,49,-8.514322070495126,,-8.514322070495126,0.00017467897900003205,AUTO_KEEP
beta,beta_H,2023-11-01,unsure,1,41,62,22,12.329606,12.446489,11.96415,True,0.33677948970371707,40,61,3.0049235124876037,62,62,-26.71262974643866,3.0049235124876037,3.0049235124876037,0.021828610325292645,AUTO_KEEP
beta,beta_H,2023-11-02,sure,0,-1,-1,0,0.0,0.0,0.0,True,0.33677948970371707,-1,-1,0.0,53,61,-2.218457265095188,,-2.218457265095188,0.0007398412381299701,AUTO_KEEP
beta,beta_H,2023-11-03,sure,0,-1,-1,0,0.0,1.89449,0.0,True,0.33677948970371707,56,60,2.2914506476624323,50,54,-15.759555635549567,2.2914506476624323,2.2914506476624323,0.016892459754848425,AUTO_KEEP
beta,beta_H,2023-11-04,sure,0,-1,-1,0,0.0,0.0,0.0,True,0.33677948970371707,-1,-1,0.0,40,40,-366.4682702567453,,-366.4682702567453,1.3433863873512688e-06,AUTO_KEEP
beta,beta_H,2023-11-05,sure,0,-1,-1,0,0.0,0.0,0.0,True,0.33677948970371707,-1,-1,0.0,24,24,-1314.6501382683352,,-1314.6501382683352,2.4559816820707886e-07,AUTO_KEEP
beta,beta_H,2023-11-06,sure,0,-1,-1,0,0.0,0.0,0.0,True,0.33677948970371707,-1,-1,0.0,40,45,-7.575270254003087,,-7.575270254003087,0.00020061118299224872,AUTO_KEEP
beta,beta_H,2023-11-07,unsure,0,-1,-1,0,0.0,11.445130999999998,0.0,True,0.33677948970371707,43,61,16.09469919754659,62,62,-24.646265905315367,16.09469919754659,16.09469919754659,0.13365715709768844,AUTO_KEEP
beta,beta_H,2023-11-08,sure,0,-1,-1,0,0.0,0.0,0.0,True,0.33677948970371707,-1,-1,0.0,44,44,-15.530942581324686,,-15.530942581324686,8.368358804327438e-05,AUTO_KEEP
beta,beta_H,2023-11-09,sure,0,-1,-1,0,0.0,5.056272,0.0,True,0.33677948970371707,47,55,15.01932349806144,44,44,-40.39852970250813,15.01932349806144,15.01932349806144,0.12394787680835354,AUTO_KEEP
beta,beta_H,2023-11-10,sure,0,-1,-1,0,0.0,4.718238,0.0,True,0.33677948970371707,41,54,0.8866331457739415,60,60,-31.77736753708485,0.8866331457739415,0.8866331457739415,0.008119693653706014,AUTO_KEEP
beta,beta_H,2023-11-11,sure,0,-1,-1,0,0.0,0.0,0.0,True,0.33677948970371707,-1,-1,0.0,48,48,-66.02689397952422,,-66.02689397952422,1.2963148988209607e-05,AUTO_KEEP
beta,beta_H,2023-11-12,sure,0,-1,-1,0,0.0,0.0,0.0,True,0.33677948970371707,-1,-1,0.0,51,51,-39.938883865450634,,-39.938883865450634,2.500135193622595e-05,AUTO_KEEP
beta,beta_H,2023-11-13,sure,0,-1,-1,0,0.0,0.0,0.0,True,0.33677948970371707,-1,-1,0.0,58,60,-5.920225476470651,,-5.920225476470651,0.00026693047668619195,AUTO_KEEP
beta,beta_H,2023-11-14,unsure,0,-1,-1,0,0.0,5.9930725,0.0,True,0.33677948970371707,41,58,18.968086726152908,59,59,-34.422259025082504,18.968086726152908,18.968086726152908,0.15949225740578013,AUTO_KEEP
beta,beta_H,2023-11-15,sure,0,-1,-1,0,0.0,0.0,0.0,True,0.33677948970371707,-1,-1,0.0,47,47,-15.941048581130447,,-15.941048581130447,8.099579313137269e-05,AUTO_KEEP
beta,beta_H,2023-11-16,unsure,0,-1,-1,0,0.0,0.0,0.0,True,0.33677948970371707,-1,-1,0.0,45,57,-14.776878873022582,,-14.776878873022582,8.905369299780183e-05,AUTO_KEEP
beta,beta_H,2023-11-17,sure,0,-1,-1,0,0.0,0.0,0.0,True,0.33677948970371707,-1,-1,0.0,55,62,-1.8674938256759046,,-1.8674938256759046,0.0008627650369219185,AUTO_KEEP
beta,beta_H,2023-11-18,unsure,0,-1,-1,0,0.0,0.0,0.0,True,0.33677948970371707,-1,-1,0.0,55,61,-3.6938761450833613,,-3.6938761450833613,0.0004476376370529829,AUTO_KEEP
beta,beta_H,2023-11-19,unsure,0,-1,-1,0,0.0,0.0,0.0,True,0.33677948970371707,-1,-1,0.0,43,57,-5.8623187899709475,,-5.8623187899709475,0.0002699347604476304,AUTO_KEEP
beta,beta_H,2023-11-20,sure,0,-1,-1,0,0.0,0.0,0.0,True,0.33677948970371707,-1,-1,0.0,53,53,-392.41045691112635,,-392.41045691112635,1.2266787666437636e-06,AUTO_KEEP
beta,beta_H,2023-11-21,sure,0,-1,-1,0,0.0,0.0,0.0,True,0.33677948970371707,-1,-1,0.0,60,60,-25.20052731799811,,-25.20052731799811,4.530903174803687e-05,AUTO_KEEP
beta,beta_H,2023-11-22,unsure,0,-1,-1,0,0.0,3.6318224999999997,0.0,True,0.33677948970371707,48,58,7.755470204029666,60,60,-18.133724695386267,7.755470204029666,7.755470204029666,0.05950105849489617,AUTO_KEEP
beta,beta_H,2023-11-23,sure,0,-1,-1,0,0.0,0.0,0.0,True,0.33677948970371707,-1,-1,0.0,50,50,-31.071035935717298,,-31.071035935717298,3.461078614124343e-05,AUTO_KEEP
beta,beta_H,2023-11-24,sure,0,-1,-1,0,0.0,0.0,0.0,True,0.33677948970371707,-1,-1,0.0,36,36,-1213.2665233708688,,-1213.2665233708688,2.732898839500679e-07,AUTO_KEEP
beta,beta_H,2023-11-25,sure,0,-1,-1,0,0.0,0.0,0.0,True,0.33677948970371707,-1,-1,0.0,24,24,-1331.09736951676,,-1331.09736951676,2.415665210404982e-07,AUTO_KEEP
beta,beta_H,2023-11-26,sure,0,-1,-1,0,0.0,0.0,0.0,True,0.33677948970371707,-1,-1,0.0,42,50,-40.39880857502032,,-40.39880857502032,2.463199838038406e-05,AUTO_KEEP
beta,beta_H,2023-11-27,unsure,0,-1,-1,0,0.0,0.0,0.0,True,0.33677948970371707,-1,-1,0.0,48,53,-24.7306296791105,,-24.7306296791105,4.641469474054738e-05,AUTO_KEEP
beta,beta_H,2023-11-28,sure,0,-1,-1,0,0.0,0.0,0.0,True,0.33677948970371707,-1,-1,0.0,59,59,-1313.1653286652272,,-1313.1653286652272,2.4596793013500417e-07,AUTO_KEEP
beta,beta_H,2023-11-29,sure,0,-1,-1,0,0.0,0.0,0.0,True,0.33677948970371707,-1,-1,0.0,53,56,-12.083227703400448,,-12.083227703400448,0.00011427821379404542,AUTO_KEEP
beta,beta_H,2023-11-30,sure,0,-1,-1,0,0.0,0.0,0.0,True,0.33677948970371707,-1,-1,0.0,56,57,-36.61631673759211,,-36.61631673759211,2.7985713474970582e-05,AUTO_KEEP
beta,beta_H,2023-12-01,sure,0,-1,-1,0,0.0,0.0,0.0,True,0.33677948970371707,-1,-1,0.0,53,53,-34.285355340016345,,-34.285355340016345,3.047532549719213e-05,AUTO_KEEP
beta,beta_H,2023-12-02,sure,0,-1,-1,0,0.0,0.0,0.0,True,0.33677948970371707,-1,-1,0.0,50,50,-538.6840667452977,,-538.6840667452977,8.050403200768627e-07,AUTO_KEEP
beta,beta_H,2023-12-03,sure,0,-1,-1,0,0.0,0.0,0.0,True,0.33677948970371707,-1,-1,0.0,53,54,-19.060757160691722,,-19.060757160691722,6.466525078580207e-05,AUTO_KEEP
beta,beta_H,2023-12-04,sure,0,-1,-1,0,0.0,0.0,0.0,True,0.33677948970371707,-1,-1,0.0,52,54,-4.066608464565448,,-4.066608464565448,0.00040432705556581785,AUTO_KEEP
beta,beta_H,2023-12-05,sure,0,-1,-1,0,0.0,0.0,0.0,True,0.33677948970371707,-1,-1,0.0,45,45,-29.87058252942051,,-29.87058252942051,3.641531603128193e-05,AUTO_KEEP
beta,beta_H,2023-12-06,sure,0,-1,-1,0,0.0,0.0,0.0,True,0.33677948970371707,-1,-1,0.0,50,50,-50.525420334405986,,-50.525420334405986,1.8403101675179963e-05,AUTO_KEEP
beta,beta_H,2023-12-07,sure,0,-1,-1,0,0.0,0.0,0.0,True,0.33677948970371707,-1,-1,0.0,43,43,-109.91181338882102,,-109.91181338882102,6.62682912325995e-06,AUTO_KEEP
beta,beta_H,2023-12-08,sure,0,-1,-1,0,0.0,0.0,0.0,True,0.33677948970371707,-1,-1,0.0,38,38,-1037.9127591450724,,-1037.9127591450724,3.3640722523781146e-07,AUTO_KEEP
beta,beta_H,2023-12-09,sure,0,-1,-1,0,0.0,0.0,0.0,True,0.33677948970371707,-1,-1,0.0,24,24,-1845.201710434336,,-1845.201710434336,1.5638512313661189e-07,AUTO_KEEP
beta,beta_H,2023-12-10,sure,0,-1,-1,0,0.0,0.0,0.0,True,0.33677948970371707,-1,-1,0.0,51,51,-285.0310150919678,,-285.0310150919678,1.8756920135675415e-06,AUTO_KEEP
beta,beta_H,2023-12-11,sure,0,-1,-1,0,0.0,0.0,0.0,True,0.33677948970371707,-1,-1,0.0,44,46,-173.71863190429963,,-173.71863190429963,3.6171520978246535e-06,AUTO_KEEP
beta,beta_H,2023-12-12,sure,0,-1,-1,0,0.0,0.0,0.0,True,0.33677948970371707,-1,-1,0.0,46,46,-607.8132850212905,,-607.8132850212905,6.856148508041769e-07,AUTO_KEEP
beta,beta_H,2023-12-13,sure,0,-1,-1,0,0.0,0.0,0.0,True,0.33677948970371707,-1,-1,0.0,46,47,-641.5141129456437,,-641.5141129456437,6.381266138044721e-07,AUTO_KEEP
beta,beta_H,2023-12-14,sure,0,-1,-1,0,0.0,0.0,0.0,True,0.33677948970371707,-1,-1,0.0,29,29,-2055.920507841683,,-2055.920507841683,1.3541304159486935e-07,AUTO_KEEP
beta,beta_H,2023-12-15,sure,0,-1,-1,0,0.0,0.0,0.0,True,0.33677948970371707,-1,-1,0.0,49,49,-383.64609776755793,,-383.64609776755793,1.2640568278068686e-06,AUTO_KEEP
beta,beta_H,2023-12-16,sure,0,-1,-1,0,0.0,0.0,0.0,True,0.33677948970371707,-1,-1,0.0,37,38,-1297.8131084144243,,-1297.8131084144243,2.4984896574375134e-07,AUTO_KEEP
beta,beta_H,2023-12-17,sure,0,-1,-1,0,0.0,0.0,0.0,True,0.33677948970371707,-1,-1,0.0,57,57,-328.17842733603715,,-328.17842733603715,1.5554942125071112e-06,AUTO_KEEP
beta,beta_H,2023-12-18,sure,0,-1,-1,0,0.0,0.0,0.0,True,0.33677948970371707,-1,-1,0.0,53,53,-448.3623079617301,,-448.3623079617301,1.0275214105095598e-06,AUTO_KEEP
beta,beta_H,2023-12-19,sure,0,-1,-1,0,0.0,0.0,0.0,True,0.33677948970371707,-1,-1,0.0,24,24,-2227.9028697902454,,-2227.9028697902454,1.216743725763005e-07,AUTO_KEEP
beta,beta_H,2023-12-20,sure,0,-1,-1,0,0.0,0.0,0.0,True,0.33677948970371707,-1,-1,0.0,24,24,-1765.014725183924,,-1765.014725183924,1.659159693755845e-07,AUTO_KEEP
beta,beta_H,2023-12-21,sure,0,-1,-1,0,0.0,0.0,0.0,True,0.33677948970371707,-1,-1,0.0,56,56,-173.5995187664158,,-173.5995187664158,3.6204400535007545e-06,AUTO_KEEP
beta,beta_H,2023-12-22,sure,0,-1,-1,0,0.0,4.514713499999999,0.0,True,0.33677948970371707,51,63,3.1959294385692507,64,64,-36.67507482276544,3.1959294385692507,3.1959294385692507,0.023194054679224405,AUTO_KEEP
beta,beta_H,2023-12-23,sure,0,-1,-1,0,0.0,0.0,0.0,True,0.33677948970371707,-1,-1,0.0,49,58,-5.144024387902256,,-5.144024387902256,0.00031276164439936215,AUTO_KEEP
beta,beta_H,2023-12-24,sure,0,-1,-1,0,0.0,0.0,0.0,True,0.33677948970371707,-1,-1,0.0,55,55,-471.87311268468545,,-471.87311268468545,9.600274240877779e-07,AUTO_KEEP
beta,beta_H,2023-12-25,sure,0,-1,-1,0,0.0,0.0,0.0,True,0.33677948970371707,-1,-1,0.0,47,47,-318.99932294553884,,-318.99932294553884,1.6152205183909022e-06,AUTO_KEEP
beta,beta_H,2023-12-26,sure,0,-1,-1,0,0.0,0.0,0.0,True,0.33677948970371707,-1,-1,0.0,53,58,-592.3226737088345,,-592.3226737088345,7.095657254629897e-07,AUTO_KEEP
beta,beta_H,2023-12-27,sure,0,-1,-1,0,0.0,0.0,0.0,True,0.33677948970371707,-1,-1,0.0,46,46,-203.6222930197004,,-203.6222930197004,2.9305861795317888e-06,AUTO_KEEP
beta,beta_H,2023-12-28,sure,0,-1,-1,0,0.0,0.0,0.0,True,0.33677948970371707,-1,-1,0.0,44,48,-306.0455559075348,,-306.0455559075348,1.7066370595257434e-06,AUTO_KEEP
beta,beta_H,2023-12-29,sure,0,-1,-1,0,0.0,0.0,0.0,True,0.33677948970371707,-1,-1,0.0,38,38,-1202.5793790086786,,-1202.5793790086786,2.7652764089740363e-07,AUTO_KEEP
beta,beta_H,2023-12-30,sure,0,-1,-1,0,0.0,0.0,0.0,True,0.33677948970371707,-1,-1,0.0,50,50,-108.58377924825416,,-108.58377924825416,6.734038292223034e-06,AUTO_KEEP
beta,beta_H,2023-12-31,sure,0,-1,-1,0,0.0,0.0,0.0,True,0.33677948970371707,-1,-1,0.0,24,24,-1365.7843745572259,,-1365.7843745572259,2.3343348222701833e-07,AUTO_KEEP
beta,beta_H,2024-01-01,sure,0,-1,-1,0,0.0,0.0,0.0,True,0.33677948970371707,-1,-1,0.0,33,33,-1205.458436613169,,-1205.458436613169,2.7564882272761266e-07,AUTO_KEEP
beta,beta_H,2024-01-02,sure,0,-1,-1,0,0.0,0.0,0.0,True,0.33677948970371707,-1,-1,0.0,51,51,-494.27233293700266,,-494.27233293700266,9.02621365469247e-07,AUTO_KEEP
beta,beta_H,2024-01-03,sure,0,-1,-1,0,0.0,0.0,0.0,True,0.33677948970371707,-1,-1,0.0,46,46,-592.1952257562419,,-592.1952257562419,7.097688385736944e-07,AUTO_KEEP
beta,beta_H,2024-01-04,sure,0,-1,-1,0,0.0,0.0,0.0,True,0.33677948970371707,-1,-1,0.0,45,46,-722.1116702189871,,-722.1116702189871,5.451685389589441e-07,AUTO_KEEP
beta,beta_H,2024-01-05,sure,0,-1,-1,0,0.0,0.0,0.0,True,0.33677948970371707,-1,-1,0.0,47,47,-251.82632162965606,,-251.82632162965606,2.210850075613445e-06,AUTO_KEEP
beta,beta_H,2024-01-06,sure,0,-1,-1,0,0.0,0.0,0.0,True,0.33677948970371707,-1,-1,0.0,50,50,-62.5229345478499,,-62.5229345478499,1.3924412479802609e-05,AUTO_KEEP
beta,beta_H,2024-01-07,sure,0,-1,-1,0,0.0,0.0,0.0,True,0.33677948970371707,-1,-1,0.0,50,50,-331.68752754561194,,-331.68752754561194,1.533674029708832e-06,AUTO_KEEP
beta,beta_H,2024-01-08,sure,0,-1,-1,0,0.0,0.0,0.0,True,0.33677948970371707,-1,-1,0.0,30,30,-1404.7981633678478,,-1404.7981633678478,2.2484268392491057e-07,AUTO_KEEP
beta,beta_H,2024-01-09,sure,0,-1,-1,0,0.0,0.0,0.0,True,0.33677948970371707,-1,-1,0.0,51,51,-106.67224037163773,,-106.67224037163773,6.893780968818774e-06,AUTO_KEEP
beta,beta_H,2024-01-10,sure,0,-1,-1,0,0.0,0.0,0.0,True,0.33677948970371707,-1,-1,0.0,55,55,-629.53776006853,,-629.53776006853,6.543252167107597e-07,AUTO_KEEP
beta,beta_H,2024-01-11,sure,0,-1,-1,0,0.0,0.0,0.0,True,0.33677948970371707,-1,-1,0.0,24,24,-2005.8880071959825,,-2005.8880071959825,1.399292053394425e-07,AUTO_KEEP
beta,beta_H,2024-01-12,sure,0,-1,-1,0,0.0,0.0,0.0,True,0.33677948970371707,-1,-1,0.0,55,55,-1533.306551136736,,-1533.306551136736,2.0010900462379971e-07,AUTO_KEEP
beta,beta_H,2024-01-13,sure,0,-1,-1,0,0.0,0.0,0.0,True,0.33677948970371707,-1,-1,0.0,44,44,-1234.067710254113,,-1234.067710254113,2.6717491596503694e-07,AUTO_KEEP
beta,beta_H,2024-01-14,sure,0,-1,-1,0,0.0,0.0,0.0,True,0.33677948970371707,-1,-1,0.0,50,51,-485.6275087511864,,-485.6275087511864,9.240470407730207e-07,AUTO_KEEP
beta,beta_H,2024-01-15,sure,0,-1,-1,0,0.0,0.0,0.0,True,0.33677948970371707,-1,-1,0.0,64,64,-927.2009157187114,,-927.2009157187114,3.908976914485917e-07,AUTO_KEEP
beta,beta_H,2024-01-16,sure,0,-1,-1,0,0.0,0.0,0.0,True,0.33677948970371707,-1,-1,0.0,45,45,-378.3711715357638,,-378.3711715357638,1.2875267707962898e-06,AUTO_KEEP
beta,beta_H,2024-01-17,sure,0,-1,-1,0,0.0,0.0,0.0,True,0.33677948970371707,-1,-1,0.0,43,43,-633.9042046782812,,-633.9042046782812,6.483368170209266e-07,AUTO_KEEP
beta,beta_H,2024-01-18,sure,0,-1,-1,0,0.0,0.0,0.0,True,0.33677948970371707,-1,-1,0.0,43,43,-1403.3449278777298,,-1403.3449278777298,2.2515271871423373e-07,AUTO_KEEP
beta,beta_H,2024-01-19,sure,0,-1,-1,0,0.0,0.0,0.0,True,0.33677948970371707,-1,-1,0.0,49,49,-67.77557515207239,,-67.77557515207239,1.252590141454912e-05,AUTO_KEEP
beta,beta_H,2024-01-20,sure,0,-1,-1,0,0.0,0.0,0.0,True,0.33677948970371707,-1,-1,0.0,40,40,-843.9552212481277,,-843.9552212481277,4.430279124045529e-07,AUTO_KEEP
beta,beta_H,2024-01-21,sure,0,-1,-1,0,0.0,0.0,0.0,True,0.33677948970371707,-1,-1,0.0,38,39,-1324.2483818786438,,-1324.2483818786438,2.4323120948285614e-07,AUTO_KEEP
beta,beta_H,2024-01-22,sure,0,-1,-1,0,0.0,0.0,0.0,True,0.33677948970371707,-1,-1,0.0,60,60,-125.30368001263562,,-125.30368001263562,5.573331155731567e-06,AUTO_KEEP
beta,beta_H,2024-01-23,sure,0,-1,-1,0,0.0,0.0,0.0,True,0.33677948970371707,-1,-1,0.0,58,58,-135.41712581462295,,-135.41712581462295,5.029751491246382e-06,AUTO_KEEP
beta,beta_H,2024-01-24,sure,0,-1,-1,0,0.0,0.0,0.0,True,0.33677948970371707,-1,-1,0.0,45,46,-447.5798770523537,,-447.5798770523537,1.0299098670786847e-06,AUTO_KEEP
beta,beta_H,2024-01-25,sure,0,-1,-1,0,0.0,0.0,0.0,True,0.33677948970371707,-1,-1,0.0,24,24,-2692.826885333116,,-2692.826885333116,9.453251737081554e-08,AUTO_KEEP
beta,beta_H,2024-01-26,sure,0,-1,-1,0,0.0,0.0,0.0,True,0.33677948970371707,-1,-1,0.0,24,24,-2256.5759041724264,,-2256.5759041724264,1.1961987660488829e-07,AUTO_KEEP
beta,beta_H,2024-01-27,sure,0,-1,-1,0,0.0,0.0,0.0,True,0.33677948970371707,-1,-1,0.0,69,69,-1590.4901274228062,,-1590.4901274228062,1.9058746107774877e-07,AUTO_KEEP
beta,beta_H,2024-01-28,sure,0,-1,-1,0,0.0,0.0,0.0,True,0.33677948970371707,-1,-1,0.0,52,52,-259.79590337671067,,-259.79590337671067,2.1213007622959244e-06,AUTO_KEEP
beta,beta_H,2024-01-29,sure,0,-1,-1,0,0.0,0.0,0.0,True,0.33677948970371707,-1,-1,0.0,43,43,-635.7181541385343,,-635.7181541385343,6.458771997371517e-07,AUTO_KEEP
beta,beta_H,2024-01-30,sure,0,-1,-1,0,0.0,0.0,0.0,True,0.33677948970371707,-1,-1,0.0,61,61,-1736.0980437757155,,-1736.0980437757155,1.6960576397663055e-07,AUTO_KEEP
beta,beta_H,2024-01-31,sure,0,-1,-1,0,0.0,0.0,0.0,True,0.33677948970371707,-1,-1,0.0,60,60,-332.21645043863066,,-332.21645043863066,1.5304315395796462e-06,AUTO_KEEP
beta,beta_H,2024-02-01,sure,0,-1,-1,0,0.0,0.0,0.0,True,0.33677948970371707,-1,-1,0.0,57,57,-418.5602351858695,,-418.5602351858695,1.1258896324787485e-06,AUTO_KEEP
beta,beta_H,2024-02-02,sure,0,-1,-1,0,0.0,0.0,0.0,True,0.33677948970371707,-1,-1,0.0,41,56,-1031.7582272712698,,-1031.7582272712698,3.3908075887003904e-07,AUTO_KEEP
beta,beta_H,2024-02-03,sure,0,-1,-1,0,0.0,0.0,0.0,True,0.33677948970371707,-1,-1,0.0,54,57,-624.8383044161548,,-624.8383044161548,6.608793349023625e-07,AUTO_KEEP
beta,beta_H,2024-02-04,sure,0,-1,-1,0,0.0,0.0,0.0,True,0.33677948970371707,-1,-1,0.0,40,43,-1033.018950073886,,-1033.018950073886,3.385300766897322e-07,AUTO_KEEP
beta,beta_H,2024-02-05,sure,0,-1,-1,0,0.0,0.0,0.0,True,0.33677948970371707,-1,-1,0.0,24,24,-2770.325228119562,,-2770.325228119562,9.102705076675193e-08,AUTO_KEEP
beta,beta_H,2024-02-06,sure,0,-1,-1,0,0.0,0.0,0.0,True,0.33677948970371707,-1,-1,0.0,39,39,-874.6050720301166,,-874.6050720301166,4.2248827404267887e-07,AUTO_KEEP
beta,beta_H,2024-02-07,sure,0,-1,-1,0,0.0,0.0,0.0,True,0.33677948970371707,-1,-1,0.0,59,59,-513.6767343118273,,-513.6767343118273,8.575694105694915e-07,AUTO_KEEP
beta,beta_H,2024-02-08,unsure,0,-1,-1,0,0.0,0.0,0.0,True,0.33677948970371707,-1,-1,0.0,50,50,-35.00789920213942,,-35.00789920213942,2.96633554427092e-05,AUTO_KEEP
beta,beta_H,2024-02-09,sure,0,-1,-1,0,0.0,0.0,0.0,True,0.33677948970371707,-1,-1,0.0,48,48,-494.66194802325754,,-494.66194802325754,9.016762310211055e-07,AUTO_KEEP
beta,beta_H,2024-02-10,unsure,0,-1,-1,0,0.0,0.0,0.0,True,0.33677948970371707,-1,-1,0.0,59,60,-15.235513580361605,,-15.235513580361605,8.571824300068414e-05,AUTO_KEEP
beta,beta_H,2024-02-11,sure,0,-1,-1,0,0.0,0.0,0.0,True,0.33677948970371707,-1,-1,0.0,63,63,-577.3814994337355,,-577.3814994337355,7.340906081554608e-07,AUTO_KEEP
beta,beta_H,2024-02-12,sure,0,-1,-1,0,0.0,0.0,0.0,True,0.33677948970371707,-1,-1,0.0,48,49,-82.46939599118502,,-82.46939599118502,9.677761231286887e-06,AUTO_KEEP
beta,beta_H,2024-02-13,sure,0,-1,-1,0,0.0,0.0,0.0,True,0.33677948970371707,-1,-1,0.0,44,44,-729.147496857749,,-729.147496857749,5.381808645347815e-07,AUTO_KEEP
beta,beta_H,2024-02-14,sure,0,-1,-1,0,0.0,0.0,0.0,True,0.33677948970371707,-1,-1,0.0,59,59,-749.4300238222386,,-749.4300238222386,5.188892602217455e-07,AUTO_KEEP
beta,beta_H,2024-02-15,sure,0,-1,-1,0,0.0,0.0,0.0,True,0.33677948970371707,-1,-1,0.0,61,61,-1249.011772482977,,-1249.011772482977,2.6292794512669797e-07,AUTO_KEEP
beta,beta_H,2024-02-16,sure,0,-1,-1,0,0.0,0.0,0.0,True,0.33677948970371707,-1,-1,0.0,51,51,-151.80684175672624,,-151.80684175672624,4.32414537181802e-06,AUTO_KEEP
beta,beta_H,2024-02-17,sure,0,-1,-1,0,0.0,0.0,0.0,True,0.33677948970371707,-1,-1,0.0,49,49,-1458.0182780232449,,-1458.0182780232449,2.1398275683194727e-07,AUTO_KEEP
beta,beta_H,2024-02-18,sure,0,-1,-1,0,0.0,0.0,0.0,True,0.33677948970371707,-1,-1,0.0,44,44,-809.5062496008873,,-809.5062496008873,4.6829023903214695e-07,AUTO_KEEP
beta,beta_H,2024-02-19,sure,0,-1,-1,0,0.0,0.0,0.0,True,0.33677948970371707,-1,-1,0.0,24,24,-1914.5016861381741,,-1914.5016861381741,1.4889306588724036e-07,AUTO_KEEP
beta,beta_H,2024-02-20,sure,0,-1,-1,0,0.0,0.0,0.0,True,0.33677948970371707,-1,-1,0.0,56,56,-2.1290612806391116,,-2.1290612806391116,0.0007681126372102836,AUTO_KEEP
beta,beta_H,2024-02-21,sure,0,-1,-1,0,0.0,0.0,0.0,True,0.33677948970371707,-1,-1,0.0,60,60,-68.90966055989738,,-68.90966055989738,1.2255921891293776e-05,AUTO_KEEP
beta,beta_H,2024-02-22,sure,0,-1,-1,0,0.0,0.0,0.0,True,0.33677948970371707,-1,-1,0.0,45,46,-307.74620004205144,,-307.74620004205144,1.6941244159891826e-06,AUTO_KEEP
beta,beta_H,2024-02-23,sure,0,-1,-1,0,0.0,0.0,0.0,True,0.33677948970371707,-1,-1,0.0,24,24,-1880.4195024650835,,-1880.4195024650835,1.5249728334555624e-07,AUTO_KEEP
beta,beta_H,2024-02-24,sure,0,-1,-1,0,0.0,0.0,0.0,True,0.33677948970371707,-1,-1,0.0,24,24,-1767.2995264992355,,-1767.2995264992355,1.6563041923377775e-07,AUTO_KEEP
beta,beta_H,2024-02-25,sure,0,-1,-1,0,0.0,0.0,0.0,True,0.33677948970371707,-1,-1,0.0,45,46,-88.34503230369856,,-88.34503230369856,8.839253453690745e-06,AUTO_KEEP
beta,beta_H,2024-02-26,sure,0,-1,-1,0,0.0,0.0,0.0,True,0.33677948970371707,-1,-1,0.0,47,51,-248.30624594623686,,-248.30624594623686,2.2525357156958724e-06,AUTO_KEEP
beta,beta_H,2024-02-27,sure,0,-1,-1,0,0.0,0.0,0.0,True,0.33677948970371707,-1,-1,0.0,57,57,-1572.9657939290612,,-1572.9657939290612,1.9341973989853496e-07,AUTO_KEEP
beta,beta_H,2024-02-28,sure,0,-1,-1,0,0.0,0.0,0.0,True,0.33677948970371707,-1,-1,0.0,55,55,-1026.0366207240093,,-1026.0366207240093,3.415997768068635e-07,AUTO_KEEP
beta,beta_H,2024-02-29,sure,0,-1,-1,0,0.0,0.0,0.0,True,0.33677948970371707,-1,-1,0.0,24,24,-1926.4628875969909,,-1926.4628875969909,1.4766333665503413e-07,AUTO_KEEP
beta,beta_H,2024-03-01,sure,0,-1,-1,0,0.0,0.0,0.0,True,0.33677948970371707,-1,-1,0.0,48,48,-1285.5815922928616,,-1285.5815922928616,2.5301852809649006e-07,AUTO_KEEP
beta,beta_H,2024-03-02,sure,0,-1,-1,0,0.0,0.0,0.0,True,0.33677948970371707,-1,-1,0.0,24,24,-1835.9519375729874,,-1835.9519375729874,1.5743511594437937e-07,AUTO_KEEP
beta,beta_H,2024-03-03,sure,0,-1,-1,0,0.0,0.0,0.0,True,0.33677948970371707,-1,-1,0.0,48,48,-310.6876500663338,,-310.6876500663338,1.6728577956405467e-06,AUTO_KEEP
beta,beta_H,2024-03-04,sure,0,-1,-1,0,0.0,0.0,0.0,True,0.33677948970371707,-1,-1,0.0,59,59,-51.517789321464484,,-51.517789321464484,1.7941280801645607e-05,AUTO_KEEP
beta,beta_H,2024-03-05,unsure,1,45,61,17,10.699755,0.0,0.0,True,0.33677948970371707,-1,-1,0.0,45,45,-14.032518826733044,,-14.032518826733044,9.497580755994878e-05,AUTO_KEEP
beta,beta_H,2024-03-06,sure,0,-1,-1,0,0.0,0.0,0.0,True,0.33677948970371707,-1,-1,0.0,46,46,-57.130869305341264,,-57.130869305341264,1.5671135062287763e-05,AUTO_KEEP
beta,beta_H,2024-03-07,sure,0,-1,-1,0,0.0,0.0,0.0,True,0.33677948970371707,-1,-1,0.0,46,46,-325.8618419287505,,-325.8618419287505,1.5701989406953956e-06,AUTO_KEEP
beta,beta_H,2024-03-08,sure,0,-1,-1,0,0.0,0.0,0.0,True,0.33677948970371707,-1,-1,0.0,53,53,-431.22509990826745,,-431.22509990826745,1.0821527879227314e-06,AUTO_KEEP
beta,beta_H,2024-03-09,sure,0,-1,-1,0,0.0,0.0,0.0,True,0.33677948970371707,-1,-1,0.0,52,54,-758.7091609937567,,-758.7091609937567,5.104628030553829e-07,AUTO_KEEP
beta,beta_H,2024-03-10,sure,0,-1,-1,0,0.0,0.0,0.0,True,0.33677948970371707,-1,-1,0.0,50,50,-558.7221295941671,,-558.7221295941671,7.668737043580238e-07,AUTO_KEEP
beta,beta_H,2024-03-11,sure,0,-1,-1,0,0.0,0.0,0.0,True,0.33677948970371707,-1,-1,0.0,51,52,-107.86140806863204,,-107.86140806863204,6.793636312384327e-06,AUTO_KEEP
beta,beta_H,2024-03-12,sure,0,-1,-1,0,0.0,0.0,0.0,True,0.33677948970371707,-1,-1,0.0,47,47,-163.80599246752334,,-163.80599246752334,3.9098627050040736e-06,AUTO_KEEP
beta,beta_H,2024-03-13,sure,0,-1,-1,0,0.0,0.0,0.0,True,0.33677948970371707,-1,-1,0.0,45,50,-327.85206395441395,,-327.85206395441395,1.5575512162426612e-06,AUTO_KEEP
beta,beta_H,2024-03-14,sure,0,-1,-1,0,0.0,0.0,0.0,True,0.33677948970371707,-1,-1,0.0,46,46,-474.6450748737118,,-474.6450748737118,9.525807697168102e-07,AUTO_KEEP
beta,beta_H,2024-03-15,sure,0,-1,-1,0,0.0,0.0,0.0,True,0.33677948970371707,-1,-1,0.0,44,48,-37.50990562639049,,-37.50990562639049,2.7123929184916216e-05,AUTO_KEEP
beta,beta_H,2024-03-16,sure,0,-1,-1,0,0.0,0.0,0.0,True,0.33677948970371707,-1,-1,0.0,54,54,-240.7230256971072,,-240.7230256971072,2.3471688867222342e-06,AUTO_KEEP
beta,beta_H,2024-03-17,sure,0,-1,-1,0,0.0,0.0,0.0,True,0.33677948970371707,-1,-1,0.0,47,49,-936.6851707040705,,-936.6851707040705,3.8563906929039107e-07,AUTO_KEEP
beta,beta_H,2024-03-18,sure,0,-1,-1,0,0.0,0.0,0.0,True,0.33677948970371707,-1,-1,0.0,60,60,-134.2261662465292,,-134.2261662465292,5.088854458051757e-06,AUTO_KEEP
beta,beta_H,2024-03-19,sure,0,-1,-1,0,0.0,0.0,0.0,True,0.33677948970371707,-1,-1,0.0,48,48,-78.98861319699066,,-78.98861319699066,1.0242845214123154e-05,AUTO_KEEP
beta,beta_H,2024-03-20,sure,0,-1,-1,0,0.0,0.0,0.0,True,0.33677948970371707,-1,-1,0.0,46,46,-1609.4998861893623,,-1609.4998861893623,1.8759622762590677e-07,AUTO_KEEP
beta,beta_H,2024-03-21,unsure,0,-1,-1,0,0.0,8.749037,0.0,True,0.33677948970371707,49,62,10.979075194445413,46,46,-63.905574732171814,10.979075194445413,10.979075194445413,0.0876421516042712,AUTO_KEEP
beta,beta_H,2024-03-22,sure,0,-1,-1,0,0.0,0.0,0.0,True,0.33677948970371707,-1,-1,0.0,50,50,-276.8490852842621,,-276.8490852842621,1.94963691499926e-06,AUTO_KEEP
beta,beta_H,2024-03-23,sure,0,-1,-1,0,0.0,0.0,0.0,True,0.33677948970371707,-1,-1,0.0,54,58,-4.290353037354202,,-4.290353037354202,0.0003817151079103318,AUTO_KEEP
beta,beta_H,2024-03-24,sure,0,-1,-1,0,0.0,0.0,0.0,True,0.33677948970371707,-1,-1,0.0,55,55,-73.98669579688257,,-73.98669579688257,1.1163041856984978e-05,AUTO_KEEP
beta,beta_H,2024-03-25,sure,0,-1,-1,0,0.0,0.0,0.0,True,0.33677948970371707,-1,-1,0.0,47,50,-30.453726415495236,,-30.453726415495236,3.551866830726565e-05,AUTO_KEEP
beta,beta_H,2024-03-26,sure,0,-1,-1,0,0.0,0.0,0.0,True,0.33677948970371707,-1,-1,0.0,50,52,-24.544713305170085,,-24.544713305170085,4.6865273426762364e-05,AUTO_KEEP
beta,beta_H,2024-03-27,sure,0,-1,-1,0,0.0,0.0,0.0,True,0.33677948970371707,-1,-1,0.0,58,58,-53.394389154940185,,-53.394389154940185,1.7121415421662728e-05,AUTO_KEEP
beta,beta_H,2024-03-28,sure,0,-1,-1,0,0.0,0.0,0.0,True,0.33677948970371707,-1,-1,0.0,62,62,-615.9602580297221,,-615.9602580297221,6.735795409393685e-07,AUTO_KEEP
beta,beta_H,2024-03-29,sure,0,-1,-1,0,0.0,0.0,0.0,True,0.33677948970371707,-1,-1,0.0,60,60,-347.70714357885925,,-347.70714357885925,1.440529715280666e-06,AUTO_KEEP
beta,beta_H,2024-04-01,sure,0,-1,-1,0,0.0,0.0,0.0,True,0.33677948970371707,-1,-1,0.0,50,50,-282.96018278260186,,-282.96018278260186,1.8939380330156377e-06,AUTO_KEEP
beta,beta_H,2024-04-02,sure,0,-1,-1,0,0.0,0.0,0.0,True,0.33677948970371707,-1,-1,0.0,65,65,-1093.3822958588694,,-1093.3822958588694,3.138840073362715e-07,AUTO_KEEP
beta,beta_H,2024-04-03,sure,0,-1,-1,0,0.0,0.0,0.0,True,0.33677948970371707,-1,-1,0.0,54,60,-18.349979927034664,,-18.349979927034664,6.784879235561523e-05,AUTO_KEEP
beta,beta_H,2024-04-04,sure,0,-1,-1,0,0.0,0.0,0.0,True,0.33677948970371707,-1,-1,0.0,24,24,-1832.6592396011577,,-1832.6592396011577,1.578118711125062e-07,AUTO_KEEP
beta,beta_H,2024-04-05,sure,0,-1,-1,0,0.0,0.0,0.0,True,0.33677948970371707,-1,-1,0.0,24,24,-1548.0371467190976,,-1548.0371467190976,1.975777735511774e-07,AUTO_KEEP
beta,beta_H,2024-04-06,sure,0,-1,-1,0,0.0,0.0,0.0,True,0.33677948970371707,-1,-1,0.0,51,54,-139.31635153477094,,-139.31635153477094,4.8444038203723155e-06,AUTO_KEEP
beta,beta_H,2024-04-07,sure,0,-1,-1,0,0.0,0.0,0.0,True,0.33677948970371707,-1,-1,0.0,45,45,-175.33853038971384,,-175.33853038971384,3.5729506973181283e-06,AUTO_KEEP
beta,beta_H,2024-04-08,sure,0,-1,-1,0,0.0,0.0,0.0,True,0.33677948970371707,-1,-1,0.0,51,51,-171.16074026173908,,-171.16074026173908,3.6889274442183765e-06,AUTO_KEEP
beta,beta_H,2024-04-09,sure,0,-1,-1,0,0.0,0.0,0.0,True,0.33677948970371707,-1,-1,0.0,47,49,-142.2364217812825,,-142.2364217812825,4.713276601174697e-06,AUTO_KEEP
beta,beta_H,2024-04-10,sure,0,-1,-1,0,0.0,0.0,0.0,True,0.33677948970371707,-1,-1,0.0,56,56,-85.18627735611773,,-85.18627735611773,9.273463226357587e-06,AUTO_KEEP
beta,beta_H,2024-04-11,sure,0,-1,-1,0,0.0,0.0,0.0,True,0.33677948970371707,-1,-1,0.0,44,50,-10.651881777684975,,-10.651881777684975,0.00013335025183872255,AUTO_KEEP
beta,beta_H,2024-04-12,sure,0,-1,-1,0,0.0,0.0,0.0,True,0.33677948970371707,-1,-1,0.0,48,49,-11.508287485005226,,-11.508287485005226,0.00012132841265483572,AUTO_KEEP
beta,beta_H,2024-04-13,sure,0,-1,-1,0,0.0,0.0,0.0,True,0.33677948970371707,-1,-1,0.0,53,53,-75.74980280094567,,-75.74980280094567,1.0822708201720418e-05,AUTO_KEEP
beta,beta_H,2024-04-14,sure,0,-1,-1,0,0.0,0.0,0.0,True,0.33677948970371707,-1,-1,0.0,48,48,-119.55230449230093,,-119.55230449230093,5.930354484463625e-06,AUTO_KEEP
beta,beta_H,2024-04-15,sure,0,-1,-1,0,0.0,0.0,0.0,True,0.33677948970371707,-1,-1,0.0,49,49,-84.7258168209775,,-84.7258168209775,9.33988347890146e-06,AUTO_KEEP
beta,beta_H,2024-04-16,sure,0,-1,-1,0,0.0,0.0,0.0,True,0.33677948970371707,-1,-1,0.0,52,52,-137.72227059867495,,-137.72227059867495,4.918709759759505e-06,AUTO_KEEP
beta,beta_H,2024-04-17,sure,0,-1,-1,0,0.0,0.0,0.0,True,0.33677948970371707,-1,-1,0.0,52,52,-109.29682944164058,,-109.29682944164058,6.6761011203659675e-06,AUTO_KEEP
beta,beta_H,2024-04-18,sure,0,-1,-1,0,0.0,0.0,0.0,True,0.33677948970371707,-1,-1,0.0,47,55,-48.7855552056709,,-48.7855552056709,1.926485873124819e-05,AUTO_KEEP
beta,beta_H,2024-04-19,sure,0,-1,-1,0,0.0,0.0,0.0,True,0.33677948970371707,-1,-1,0.0,45,45,-39.277849659568574,,-39.277849659568574,2.5549481524924862e-05,AUTO_KEEP
beta,beta_H,2024-04-20,sure,0,-1,-1,0,0.0,0.0,0.0,True,0.33677948970371707,-1,-1,0.0,24,24,-1531.7084730334445,,-1531.7084730334445,2.0038702403112e-07,AUTO_KEEP
beta,beta_H,2024-04-21,sure,0,-1,-1,0,0.0,0.0,0.0,True,0.33677948970371707,-1,-1,0.0,56,56,-655.8324683190531,,-655.8324683190531,6.196613051717455e-07,AUTO_KEEP
beta,beta_H,2024-04-22,sure,0,-1,-1,0,0.0,0.0,0.0,True,0.33677948970371707,-1,-1,0.0,47,49,-38.66520515647597,,-38.66520515647597,2.6076558121733192e-05,AUTO_KEEP
beta,beta_H,2024-04-23,sure,0,-1,-1,0,0.0,0.0,0.0,True,0.33677948970371707,-1,-1,0.0,50,50,-24.188767777501443,,-24.188767777501443,4.7749609184197356e-05,AUTO_KEEP
beta,beta_H,2024-04-24,sure,0,-1,-1,0,0.0,0.0,0.0,True,0.33677948970371707,-1,-1,0.0,56,56,-180.64338289818255,,-180.64338289818255,3.4346106564329637e-06,AUTO_KEEP
beta,beta_H,2024-04-25,sure,0,-1,-1,0,0.0,0.0,0.0,True,0.33677948970371707,-1,-1,0.0,45,45,-120.8777936053223,,-120.8777936053223,5.844584113662228e-06,AUTO_KEEP
beta,beta_H,2024-04-26,sure,0,-1,-1,0,0.0,0.0,0.0,True,0.33677948970371707,-1,-1,0.0,48,48,-52.05336602786852,,-52.05336602786852,1.7700390806518115e-05,AUTO_KEEP
beta,beta_H,2024-04-27,sure,0,-1,-1,0,0.0,0.0,0.0,True,0.33677948970371707,-1,-1,0.0,50,50,-78.21140937723905,,-78.21140937723905,1.0376956104474003e-05,AUTO_KEEP
beta,beta_H,2024-04-28,sure,0,-1,-1,0,0.0,0.0,0.0,True,0.33677948970371707,-1,-1,0.0,50,50,-112.86359966110777,,-112.86359966110777,6.398945865009462e-06,AUTO_KEEP
beta,beta_H,2024-04-29,sure,0,-1,-1,0,0.0,0.0,0.0,True,0.33677948970371707,-1,-1,0.0,50,50,-30.89941634650782,,-30.89941634650782,3.4859078248536644e-05,AUTO_KEEP
beta,beta_H,2024-04-30,sure,0,-1,-1,0,0.0,0.0,0.0,True,0.33677948970371707,-1,-1,0.0,45,45,-481.00260421677757,,-481.00260421677757,9.358783357940893e-07,AUTO_KEEP
beta,beta_H,2024-05-01,sure,0,-1,-1,0,0.0,0.0,0.0,True,0.33677948970371707,-1,-1,0.0,44,44,-574.1556397834837,,-574.1556397834837,7.395810632471794e-07,AUTO_KEEP
beta,beta_H,2024-05-02,sure,0,-1,-1,0,0.0,0.0,0.0,True,0.33677948970371707,-1,-1,0.0,42,42,-478.1929986935761,,-478.1929986935761,9.431959764807843e-07,AUTO_KEEP
beta,beta_H,2024-05-03,sure,0,-1,-1,0,0.0,0.0,0.0,True,0.33677948970371707,-1,-1,0.0,44,44,-1612.4755307315695,,-1612.4755307315695,1.871354361220171e-07,AUTO_KEEP
beta,beta_H,2024-05-04,sure,0,-1,-1,0,0.0,0.0,0.0,True,0.33677948970371707,-1,-1,0.0,51,52,-347.63814556001915,,-347.63814556001915,1.440909548121432e-06,AUTO_KEEP
beta,beta_H,2024-05-05,sure,0,-1,-1,0,0.0,0.0,0.0,True,0.33677948970371707,-1,-1,0.0,52,52,-759.0491862259668,,-759.0491862259668,5.101585773110905e-07,AUTO_KEEP
beta,beta_H,2024-05-06,sure,0,-1,-1,0,0.0,0.0,0.0,True,0.33677948970371707,-1,-1,0.0,50,50,-1107.8652226702804,,-1107.8652226702804,3.0843402159906203e-07,AUTO_KEEP
beta,beta_H,2024-05-07,sure,0,-1,-1,0,0.0,0.0,0.0,True,0.33677948970371707,-1,-1,0.0,51,52,-173.0257806657134,,-173.0257806657134,3.636350869060045e-06,AUTO_KEEP
beta,beta_H,2024-05-08,sure,0,-1,-1,0,0.0,0.0,0.0,True,0.33677948970371707,-1,-1,0.0,52,52,-272.5606166343005,,-272.5606166343005,1.9904615385076525e-06,AUTO_KEEP
beta,beta_H,2024-05-09,sure,0,-1,-1,0,0.0,0.0,0.0,True,0.33677948970371707,-1,-1,0.0,51,51,-243.15338110943864,,-243.15338110943864,2.3160929037709723e-06,AUTO_KEEP
beta,beta_H,2024-05-10,sure,0,-1,-1,0,0.0,0.0,0.0,True,0.33677948970371707,-1,-1,0.0,50,50,-934.3973320956538,,-934.3973320956538,3.8689620273111505e-07,AUTO_KEEP
beta,beta_H,2024-05-11,sure,0,-1,-1,0,0.0,0.0,0.0,True,0.33677948970371707,-1,-1,0.0,24,24,-2047.9472798007926,,-2047.9472798007926,1.3611553005929206e-07,AUTO_KEEP
beta,beta_H,2024-05-12,sure,0,-1,-1,0,0.0,0.0,0.0,True,0.33677948970371707,-1,-1,0.0,53,53,-987.5175535935799,,-987.5175535935799,3.594474815629586e-07,AUTO_KEEP
beta,beta_H,2024-05-13,sure,0,-1,-1,0,0.0,0.0,0.0,True,0.33677948970371707,-1,-1,0.0,47,47,-496.5851537416969,,-496.5851537416969,8.970361638183993e-07,AUTO_KEEP
beta,beta_H,2024-05-14,sure,0,-1,-1,0,0.0,0.0,0.0,True,0.33677948970371707,-1,-1,0.0,51,51,-69.43714343771289,,-69.43714343771289,1.2133797984137399e-05,AUTO_KEEP
beta,beta_H,2024-05-15,sure,0,-1,-1,0,0.0,0.0,0.0,True,0.33677948970371707,-1,-1,0.0,43,43,-589.9180216255922,,-589.9180216255922,7.134152359356043e-07,AUTO_KEEP
beta,beta_H,2024-05-16,sure,0,-1,-1,0,0.0,0.0,0.0,True,0.33677948970371707,-1,-1,0.0,45,45,-390.0364019857265,,-390.0364019857265,1.2366107515233362e-06,AUTO_KEEP
beta,beta_H,2024-05-17,sure,0,-1,-1,0,0.0,0.0,0.0,True,0.33677948970371707,-1,-1,0.0,46,47,-153.20856869467687,,-153.20856869467687,4.271858751184434e-06,AUTO_KEEP
beta,beta_H,2024-05-18,sure,0,-1,-1,0,0.0,0.0,0.0,True,0.33677948970371707,-1,-1,0.0,47,47,-880.5494046965091,,-880.5494046965091,4.1869705997086523e-07,AUTO_KEEP
beta,beta_H,2024-05-19,sure,0,-1,-1,0,0.0,0.0,0.0,True,0.33677948970371707,-1,-1,0.0,49,51,-551.5390563500789,,-551.5390563500789,7.801843780237987e-07,AUTO_KEEP
beta,beta_H,2024-05-20,sure,0,-1,-1,0,0.0,0.0,0.0,True,0.33677948970371707,-1,-1,0.0,50,50,-998.9345522822085,,-998.9345522822085,3.539901056677326e-07,AUTO_KEEP
beta,beta_H,2024-05-21,sure,0,-1,-1,0,0.0,0.0,0.0,True,0.33677948970371707,-1,-1,0.0,54,54,-826.7293508040527,,-826.7293508040527,4.5535358853072766e-07,AUTO_KEEP
beta,beta_H,2024-05-22,sure,0,-1,-1,0,0.0,0.0,0.0,True,0.33677948970371707,-1,-1,0.0,47,47,-176.09021631415422,,-176.09021631415422,3.5527598015991745e-06,AUTO_KEEP
beta,beta_H,2024-05-23,sure,0,-1,-1,0,0.0,0.0,0.0,True,0.33677948970371707,-1,-1,0.0,47,52,-234.89242372255725,,-234.89242372255725,2.4247771049268243e-06,AUTO_KEEP
beta,beta_H,2024-05-24,sure,0,-1,-1,0,0.0,0.0,0.0,True,0.33677948970371707,-1,-1,0.0,52,52,-254.2350323403281,,-254.2350323403281,2.1830967695672774e-06,AUTO_KEEP
beta,beta_H,2024-05-25,sure,0,-1,-1,0,0.0,0.0,0.0,True,0.33677948970371707,-1,-1,0.0,45,45,-1687.1595761975293,,-1687.1595761975293,1.7618757935976864e-07,AUTO_KEEP
beta,beta_H,2024-05-26,sure,0,-1,-1,0,0.0,0.0,0.0,True,0.33677948970371707,-1,-1,0.0,47,47,-522.5721269187552,,-522.5721269187552,8.382132082525886e-07,AUTO_KEEP
beta,beta_H,2024-05-27,sure,0,-1,-1,0,0.0,0.0,0.0,True,0.33677948970371707,-1,-1,0.0,49,49,-261.0505773129689,,-261.0505773129689,2.1077801600289384e-06,AUTO_KEEP
beta,beta_H,2024-05-28,sure,0,-1,-1,0,0.0,0.0,0.0,True,0.33677948970371707,-1,-1,0.0,47,47,-247.6585948191233,,-247.6585948191233,2.260355433010649e-06,AUTO_KEEP
beta,beta_H,2024-05-29,sure,0,-1,-1,0,0.0,0.0,0.0,True,0.33677948970371707,-1,-1,0.0,48,52,-263.0828544228219,,-263.0828544228219,2.0861974750551934e-06,AUTO_KEEP
beta,beta_H,2024-05-30,sure,0,-1,-1,0,0.0,0.0,0.0,True,0.33677948970371707,-1,-1,0.0,45,45,-395.06117524748754,,-395.06117524748754,1.2157532330068988e-06,AUTO_KEEP
beta,beta_H,2024-05-31,sure,0,-1,-1,0,0.0,0.0,0.0,True,0.33677948970371707,-1,-1,0.0,24,24,-2516.462348467652,,-2516.462348467652,1.0345681953968604e-07,AUTO_KEEP
beta,beta_H,2024-06-01,sure,0,-1,-1,0,0.0,0.0,0.0,True,0.33677948970371707,-1,-1,0.0,24,24,-2154.1518406632067,,-2154.1518406632067,1.2725300700877487e-07,AUTO_KEEP
beta,beta_H,2024-06-02,sure,0,-1,-1,0,0.0,0.0,0.0,True,0.33677948970371707,-1,-1,0.0,24,24,-2603.067702826593,,-2603.067702826593,9.889831859596206e-08,AUTO_KEEP
beta,beta_H,2024-06-03,sure,0,-1,-1,0,0.0,0.0,0.0,True,0.33677948970371707,-1,-1,0.0,50,50,-525.6894259560231,,-525.6894259560231,8.316101504631426e-07,AUTO_KEEP
beta,beta_H,2024-06-04,sure,0,-1,-1,0,0.0,0.0,0.0,True,0.33677948970371707,-1,-1,0.0,53,54,-921.9197965830907,,-921.9197965830907,3.9388054554787615e-07,AUTO_KEEP
beta,beta_H,2024-06-05,sure,0,-1,-1,0,0.0,0.0,0.0,True,0.33677948970371707,-1,-1,0.0,52,52,-383.1089013460987,,-383.1089013460987,1.266412639507164e-06,AUTO_KEEP
beta,beta_H,2024-06-06,sure,0,-1,-1,0,0.0,0.0,0.0,True,0.33677948970371707,-1,-1,0.0,49,49,-1161.617701793449,,-1161.617701793449,2.895830150421692e-07,AUTO_KEEP
beta,beta_H,2024-06-07,sure,0,-1,-1,0,0.0,0.0,0.0,True,0.33677948970371707,-1,-1,0.0,45,45,-1441.663722478998,,-1441.663722478998,2.1722064894894422e-07,AUTO_KEEP
beta,beta_H,2024-06-08,sure,0,-1,-1,0,0.0,0.0,0.0,True,0.33677948970371707,-1,-1,0.0,52,52,-1064.2226403073912,,-1064.2226403073912,3.253831320998427e-07,AUTO_KEEP
beta,beta_H,2024-06-09,sure,0,-1,-1,0,0.0,0.0,0.0,True,0.33677948970371707,-1,-1,0.0,53,53,-608.9293740037747,,-608.9293740037747,6.839439063811353e-07,AUTO_KEEP
beta,beta_H,2024-06-10,sure,0,-1,-1,0,0.0,0.0,0.0,True,0.33677948970371707,-1,-1,0.0,55,55,-1020.860941687019,,-1020.860941687019,3.4390680431826116e-07,AUTO_KEEP
beta,beta_H,2024-06-11,sure,0,-1,-1,0,0.0,0.0,0.0,True,0.33677948970371707,-1,-1,0.0,47,48,-1562.5615745902594,,-1562.5615745902594,1.9513634060632294e-07,AUTO_KEEP
beta,beta_H,2024-06-12,sure,0,-1,-1,0,0.0,0.0,0.0,True,0.33677948970371707,-1,-1,0.0,48,52,-475.0210872942113,,-475.0210872942113,9.515784291522306e-07,AUTO_KEEP
beta,beta_H,2024-06-13,sure,0,-1,-1,0,0.0,0.0,0.0,True,0.33677948970371707,-1,-1,0.0,48,48,-1272.5706835158335,,-1272.5706835158335,2.5646811066468596e-07,AUTO_KEEP
beta,beta_H,2024-06-14,sure,0,-1,-1,0,0.0,0.0,0.0,True,0.33677948970371707,-1,-1,0.0,24,24,-3336.771216283097,,-3336.771216283097,7.104992278554232e-08,AUTO_KEEP
beta,beta_H,2024-06-15,sure,0,-1,-1,0,0.0,0.0,0.0,True,0.33677948970371707,-1,-1,0.0,24,24,-2631.1539147373564,,-2631.1539147373564,9.749488056048043e-08,AUTO_KEEP
beta,beta_H,2024-06-16,sure,0,-1,-1,0,0.0,0.0,0.0,True,0.33677948970371707,-1,-1,0.0,51,51,-1221.726221911516,,-1221.726221911516,2.7077369209672066e-07,AUTO_KEEP
beta,beta_H,2024-06-17,sure,0,-1,-1,0,0.0,0.0,0.0,True,0.33677948970371707,-1,-1,0.0,45,45,-1698.670993365622,,-1698.670993365622,1.7459960175759524e-07,AUTO_KEEP
beta,beta_H,2024-06-18,sure,0,-1,-1,0,0.0,0.0,0.0,True,0.33677948970371707,-1,-1,0.0,51,51,-806.8352234405365,,-806.8352234405365,4.7035420961649434e-07,AUTO_KEEP
beta,beta_H,2024-06-19,sure,0,-1,-1,0,0.0,0.0,0.0,True,0.33677948970371707,-1,-1,0.0,50,50,-1118.7360233098464,,-1118.7360233098464,3.0445111275763986e-07,AUTO_KEEP
beta,beta_H,2024-06-20,sure,0,-1,-1,0,0.0,0.0,0.0,True,0.33677948970371707,-1,-1,0.0,54,54,-1134.241459261531,,-1134.241459261531,2.9892374368431353e-07,AUTO_KEEP
beta,beta_H,2024-06-21,sure,0,-1,-1,0,0.0,0.0,0.0,True,0.33677948970371707,-1,-1,0.0,50,50,-654.7899304752298,,-654.7899304752298,6.209740815734624e-07,AUTO_KEEP
beta,beta_H,2024-06-22,sure,0,-1,-1,0,0.0,0.0,0.0,False,,-1,-1,,-1,-1,,,,,UNCERTAIN
beta,beta_H,2024-06-23,sure,0,-1,-1,0,0.0,0.0,0.0,True,0.33677948970371707,-1,-1,0.0,48,48,-1961.4433179204202,,-1961.4433179204202,1.4416708755061834e-07,AUTO_KEEP
beta,beta_H,2024-06-24,sure,0,-1,-1,0,0.0,0.0,0.0,True,0.33677948970371707,-1,-1,0.0,55,55,-995.7887007802111,,-995.7887007802111,3.554792901270066e-07,AUTO_KEEP
beta,beta_H,2024-06-25,sure,0,-1,-1,0,0.0,0.0,0.0,True,0.33677948970371707,-1,-1,0.0,54,54,-685.1238045414755,,-685.1238045414755,5.846696529561145e-07,AUTO_KEEP
beta,beta_H,2024-06-26,sure,0,-1,-1,0,0.0,0.0,0.0,True,0.33677948970371707,-1,-1,0.0,52,52,-414.38717538283714,,-414.38717538283714,1.1409839825660102e-06,AUTO_KEEP
beta,beta_H,2024-06-27,sure,0,-1,-1,0,0.0,0.0,0.0,True,0.33677948970371707,-1,-1,0.0,51,51,-532.5104272423661,,-532.5104272423661,8.174752273667918e-07,AUTO_KEEP
beta,beta_H,2024-06-28,sure,0,-1,-1,0,0.0,0.0,0.0,True,0.33677948970371707,-1,-1,0.0,52,53,-708.8632187753841,,-708.8632187753841,5.587659089116971e-07,AUTO_KEEP
beta,beta_H,2024-06-29,sure,0,-1,-1,0,0.0,0.0,0.0,True,0.33677948970371707,-1,-1,0.0,52,52,-1140.9073556785195,,-1140.9073556785195,2.966012157606258e-07,AUTO_KEEP
beta,beta_H,2024-06-30,sure,0,-1,-1,0,0.0,0.0,0.0,True,0.33677948970371707,-1,-1,0.0,24,24,-2050.694952313681,,-2050.694952313681,1.3587272482248042e-07,AUTO_KEEP
beta,beta_H,2024-07-01,sure,0,-1,-1,0,0.0,0.0,0.0,True,0.33677948970371707,-1,-1,0.0,48,49,-1146.6332267095308,,-1146.6332267095308,2.94631309218047e-07,AUTO_KEEP
beta,beta_H,2024-07-02,sure,0,-1,-1,0,0.0,0.0,0.0,True,0.33677948970371707,-1,-1,0.0,24,24,-3768.7600225657757,,-3768.7600225657757,6.041478033868085e-08,AUTO_KEEP
beta,beta_H,2024-07-03,sure,0,-1,-1,0,0.0,0.0,0.0,True,0.33677948970371707,-1,-1,0.0,54,54,-844.6618198063085,,-844.6618198063085,4.4253480498611236e-07,AUTO_KEEP
beta,beta_H,2024-07-04,sure,0,-1,-1,0,0.0,0.0,0.0,True,0.33677948970371707,-1,-1,0.0,51,52,-1035.7568456699605,,-1035.7568456699605,3.373395440529543e-07,AUTO_KEEP
beta,beta_H,2024-07-05,sure,0,-1,-1,0,0.0,0.0,0.0,True,0.33677948970371707,-1,-1,0.0,50,50,-1405.5877895733022,,-1405.5877895733022,2.2467453744492968e-07,AUTO_KEEP
beta,beta_H,2024-07-06,sure,0,-1,-1,0,0.0,0.0,0.0,True,0.33677948970371707,-1,-1,0.0,50,50,-908.9531828292769,,-908.9531828292769,4.0137587142277354e-07,AUTO_KEEP
beta,beta_H,2024-07-07,sure,0,-1,-1,0,0.0,0.0,0.0,True,0.33677948970371707,-1,-1,0.0,46,46,-1768.68345161696,,-1768.68345161696,1.6545787696209102e-07,AUTO_KEEP
beta,beta_H,2024-07-08,sure,0,-1,-1,0,0.0,0.0,0.0,True,0.33677948970371707,-1,-1,0.0,54,54,-1556.5825715607696,,-1556.5825715607696,1.961349308788335e-07,AUTO_KEEP
beta,beta_H,2024-07-09,sure,0,-1,-1,0,0.0,0.0,0.0,True,0.33677948970371707,-1,-1,0.0,59,59,-1275.7227825101609,,-1275.7227825101609,2.556248668832907e-07,AUTO_KEEP
beta,beta_H,2024-07-10,sure,0,-1,-1,0,0.0,0.0,0.0,True,0.33677948970371707,-1,-1,0.0,53,53,-492.2844414528236,,-492.2844414528236,9.074707408534907e-07,AUTO_KEEP
beta,beta_H,2024-07-11,sure,0,-1,-1,0,0.0,0.0,0.0,True,0.33677948970371707,-1,-1,0.0,47,47,-616.4061358826609,,-616.4061358826609,6.72931538925838e-07,AUTO_KEEP
beta,beta_H,2024-07-12,sure,0,-1,-1,0,0.0,0.0,0.0,True,0.33677948970371707,-1,-1,0.0,53,53,-490.8739018490697,,-490.8739018490697,9.109394300753015e-07,AUTO_KEEP
beta,beta_H,2024-07-13,sure,0,-1,-1,0,0.0,0.0,0.0,True,0.33677948970371707,-1,-1,0.0,52,52,-534.5728008946702,,-534.5728008946702,8.132840134149106e-07,AUTO_KEEP
beta,beta_H,2024-07-14,sure,0,-1,-1,0,0.0,0.0,0.0,True,0.33677948970371707,-1,-1,0.0,47,56,-790.8886416217773,,-790.8886416217773,4.830151905439707e-07,AUTO_KEEP
beta,beta_H,2024-07-15,sure,0,-1,-1,0,0.0,0.0,0.0,True,0.33677948970371707,-1,-1,0.0,49,49,-1110.5936186030572,,-1110.5936186030572,3.074258344016197e-07,AUTO_KEEP
beta,beta_H,2024-07-16,sure,0,-1,-1,0,0.0,0.0,0.0,True,0.33677948970371707,-1,-1,0.0,55,55,-1607.5234971146342,,-1607.5234971146342,1.879033790935968e-07,AUTO_KEEP
beta,beta_H,2024-07-17,sure,0,-1,-1,0,0.0,0.0,0.0,True,0.33677948970371707,-1,-1,0.0,50,52,-403.2376651469337,,-403.2376651469337,1.1831018621496738e-06,AUTO_KEEP
beta,beta_H,2024-07-18,sure,0,-1,-1,0,0.0,0.0,0.0,True,0.33677948970371707,-1,-1,0.0,51,53,-282.5474869145122,,-282.5474869145122,1.8976114408616206e-06,AUTO_KEEP
beta,beta_H,2024-07-19,sure,0,-1,-1,0,0.0,0.0,0.0,True,0.33677948970371707,-1,-1,0.0,52,52,-564.0403771065066,,-564.0403771065066,7.572724844016205e-07,AUTO_KEEP
beta,beta_H,2024-07-20,sure,0,-1,-1,0,0.0,0.0,0.0,True,0.33677948970371707,-1,-1,0.0,55,55,-1045.8312398407663,,-1045.8312398407663,3.330212932809411e-07,AUTO_KEEP
beta,beta_H,2024-07-21,sure,0,-1,-1,0,0.0,0.0,0.0,True,0.33677948970371707,-1,-1,0.0,53,53,-640.7247503818651,,-640.7247503818651,6.39172580737894e-07,AUTO_KEEP
beta,beta_H,2024-07-22,sure,0,-1,-1,0,0.0,0.0,0.0,True,0.33677948970371707,-1,-1,0.0,47,47,-938.3764454349237,,-938.3764454349237,3.8471432790513674e-07,AUTO_KEEP
beta,beta_H,2024-07-23,sure,0,-1,-1,0,0.0,0.0,0.0,True,0.33677948970371707,-1,-1,0.0,48,53,-291.6489141965367,,-291.6489141965367,1.8193949388393884e-06,AUTO_KEEP
beta,beta_H,2024-07-24,sure,0,-1,-1,0,0.0,0.0,0.0,True,0.33677948970371707,-1,-1,0.0,52,52,-270.6937915760706,,-270.6937915760706,2.0087032875236634e-06,AUTO_KEEP
beta,beta_H,2024-07-25,sure,0,-1,-1,0,0.0,0.0,0.0,True,0.33677948970371707,-1,-1,0.0,50,50,-512.8969276097587,,-512.8969276097587,8.593035507736416e-07,AUTO_KEEP
beta,beta_H,2024-07-26,sure,0,-1,-1,0,0.0,0.0,0.0,True,0.33677948970371707,-1,-1,0.0,47,54,-166.72316015328786,,-166.72316015328786,3.819526580225546e-06,AUTO_KEEP
beta,beta_H,2024-07-27,sure,0,-1,-1,0,0.0,0.0,0.0,True,0.33677948970371707,-1,-1,0.0,57,57,-2249.790959582161,,-2249.790959582161,1.201005240788401e-07,AUTO_KEEP
beta,beta_H,2024-07-28,sure,0,-1,-1,0,0.0,0.0,0.0,True,0.33677948970371707,-1,-1,0.0,53,53,-887.4241458415105,,-887.4241458415105,4.1438612977397925e-07,AUTO_KEEP
beta,beta_H,2024-07-29,sure,0,-1,-1,0,0.0,0.0,0.0,True,0.33677948970371707,-1,-1,0.0,47,48,-1566.2524876051611,,-1566.2524876051611,1.9452433163499094e-07,AUTO_KEEP
beta,beta_H,2024-07-30,sure,0,-1,-1,0,0.0,0.0,0.0,True,0.33677948970371707,-1,-1,0.0,51,51,-1167.6064532447972,,-1167.6064532447972,2.876075673041293e-07,AUTO_KEEP
beta,beta_H,2024-07-31,sure,0,-1,-1,0,0.0,0.0,0.0,True,0.33677948970371707,-1,-1,0.0,42,42,-2224.946689522982,,-2224.946689522982,1.218897032609077e-07,AUTO_KEEP
beta,beta_H,2024-08-01,sure,0,-1,-1,0,0.0,0.0,0.0,True,0.33677948970371707,-1,-1,0.0,49,54,-1618.038281899111,,-1618.038281899111,1.8627931498394764e-07,AUTO_KEEP
beta,beta_H,2024-08-02,sure,0,-1,-1,0,0.0,0.0,0.0,True,0.33677948970371707,-1,-1,0.0,43,43,-934.8786465714555,,-934.8786465714555,3.866311321744732e-07,AUTO_KEEP
beta,beta_H,2024-08-03,sure,0,-1,-1,0,0.0,0.0,0.0,True,0.33677948970371707,-1,-1,0.0,50,50,-526.0412749051017,,-526.0412749051017,8.308705830086896e-07,AUTO_KEEP
beta,beta_H,2024-08-04,sure,0,-1,-1,0,0.0,0.0,0.0,False,,-1,-1,,-1,-1,,,,,UNCERTAIN
beta,beta_H,2024-08-05,sure,0,-1,-1,0,0.0,0.0,0.0,False,,-1,-1,,-1,-1,,,,,UNCERTAIN
beta,beta_H,2024-08-06,sure,0,-1,-1,0,0.0,0.0,0.0,True,0.33677948970371707,-1,-1,0.0,43,43,-619.9724847910879,,-619.9724847910879,6.677875281804917e-07,AUTO_KEEP
beta,beta_H,2024-08-07,sure,0,-1,-1,0,0.0,0.0,0.0,True,0.33677948970371707,-1,-1,0.0,51,51,-142.3255739303525,,-142.3255739303525,4.709371079623932e-06,AUTO_KEEP
beta,beta_H,2024-08-08,sure,0,-1,-1,0,0.0,0.0,0.0,True,0.33677948970371707,-1,-1,0.0,55,55,-288.62967914310354,,-288.62967914310354,1.8447068382892983e-06,AUTO_KEEP
beta,beta_H,2024-08-09,sure,0,-1,-1,0,0.0,0.0,0.0,True,0.33677948970371707,-1,-1,0.0,50,50,-276.97446023333265,,-276.97446023333265,1.948465472061491e-06,AUTO_KEEP
beta,beta_H,2024-08-10,sure,0,-1,-1,0,0.0,0.0,0.0,True,0.33677948970371707,-1,-1,0.0,50,50,-286.59993255389537,,-286.59993255389537,1.8620721521871355e-06,AUTO_KEEP
beta,beta_H,2024-08-11,sure,0,-1,-1,0,0.0,0.0,0.0,True,0.33677948970371707,-1,-1,0.0,48,48,-576.4724967354551,,-576.4724967354551,7.35630505100107e-07,AUTO_KEEP
beta,beta_H,2024-08-12,sure,0,-1,-1,0,0.0,0.0,0.0,True,0.33677948970371707,-1,-1,0.0,55,55,-2366.2116243411197,,-2366.2116243411197,1.1229630125171402e-07,AUTO_KEEP
beta,beta_H,2024-08-13,sure,0,-1,-1,0,0.0,0.0,0.0,False,,-1,-1,,-1,-1,,,,,UNCERTAIN
beta,beta_H,2024-08-14,sure,0,-1,-1,0,0.0,0.0,0.0,True,0.33677948970371707,-1,-1,0.0,24,24,-2102.4515190423317,,-2102.4515190423317,1.314369322852381e-07,AUTO_KEEP
beta,beta_H,2024-08-15,sure,0,-1,-1,0,0.0,0.0,0.0,True,0.33677948970371707,-1,-1,0.0,43,44,-1378.2156882538525,,-1378.2156882538525,2.306345610688025e-07,AUTO_KEEP
beta,beta_H,2024-08-16,sure,0,-1,-1,0,0.0,0.0,0.0,True,0.33677948970371707,-1,-1,0.0,54,59,-609.7007088540878,,-609.7007088540878,6.8279326902384e-07,AUTO_KEEP
beta,beta_H,2024-08-17,sure,0,-1,-1,0,0.0,0.0,0.0,True,0.33677948970371707,-1,-1,0.0,46,46,-82.04332297426616,,-82.04332297426616,9.743969849273194e-06,AUTO_KEEP
beta,beta_H,2024-08-18,sure,0,-1,-1,0,0.0,0.0,0.0,True,0.33677948970371707,-1,-1,0.0,40,40,-795.4219109058873,,-795.4219109058873,4.793557693237569e-07,AUTO_KEEP
beta,beta_H,2024-08-19,sure,0,-1,-1,0,0.0,0.0,0.0,True,0.33677948970371707,-1,-1,0.0,49,49,-88.74701327671988,,-88.74701327671988,8.786546421652163e-06,AUTO_KEEP
beta,beta_H,2024-08-20,sure,0,-1,-1,0,0.0,0.0,0.0,True,0.33677948970371707,-1,-1,0.0,48,53,-16.191044071041276,,-16.191044071041276,7.943048860079177e-05,AUTO_KEEP
beta,beta_H,2024-08-21,sure,0,-1,-1,0,0.0,0.0,0.0,True,0.33677948970371707,-1,-1,0.0,50,54,-3.463699547894358,,-3.463699547894358,0.0004786363157103898,AUTO_KEEP
beta,beta_H,2024-08-22,sure,0,-1,-1,0,0.0,0.0,0.0,True,0.33677948970371707,-1,-1,0.0,48,52,-28.185788739761556,,-28.185788739761556,3.924234863287832e-05,AUTO_KEEP
beta,beta_H,2024-08-23,sure,0,-1,-1,0,0.0,0.0,0.0,True,0.33677948970371707,-1,-1,0.0,48,50,-7.497349481465763,,-7.497349481465763,0.00020306527831610873,AUTO_KEEP
beta,beta_H,2024-08-24,sure,0,-1,-1,0,0.0,14.716180999999999,0.0,True,0.33677948970371707,45,52,57.9602804486059,55,55,-67.12334111956216,57.9602804486059,57.9602804486059,0.4453405646026494,UNCERTAIN
beta,beta_H,2024-08-25,sure,0,-1,-1,0,0.0,0.0,0.0,True,0.33677948970371707,-1,-1,0.0,46,46,-1203.513646568155,,-1203.513646568155,2.762419233495994e-07,AUTO_KEEP
beta,beta_H,2024-08-26,unsure,0,-1,-1,0,0.0,2.599083,0.0,True,0.33677948970371707,46,55,0.9231886852338048,56,56,-10.682111120291962,0.9231886852338048,0.9231886852338048,0.008328218637364979,AUTO_KEEP
beta,beta_H,2024-08-27,sure,0,-1,-1,0,0.0,0.0,0.0,True,0.33677948970371707,-1,-1,0.0,51,56,-8.465738199155014,,-8.465738199155014,0.00017587425048798028,AUTO_KEEP
beta,beta_H,2024-08-28,unsure,0,-1,-1,0,0.0,3.796017,0.0,True,0.33677948970371707,45,55,3.5519336291075585,56,56,-25.20579312499078,3.5519336291075585,3.5519336291075585,0.025783596459485126,AUTO_KEEP
beta,beta_H,2024-08-29,unsure,0,-1,-1,0,0.0,3.3319534999999996,0.0,True,0.33677948970371707,45,55,23.454029397627675,56,56,-10.364399570493344,23.454029397627675,23.454029397627675,0.19908678985165282,AUTO_KEEP
beta,beta_H,2024-08-30,sure,0,-1,-1,0,0.0,0.0,0.0,True,0.33677948970371707,-1,-1,0.0,46,49,-5.984075381570409,,-5.984075381570409,0.00026368507546408945,AUTO_KEEP
beta,beta_H,2024-08-31,sure,0,-1,-1,0,0.0,0.0,0.0,True,0.33677948970371707,-1,-1,0.0,46,54,-3.0328293096110315,,-3.0328293096110315,0.0005479099432358826,AUTO_KEEP
beta,beta_H,2024-09-01,sure,0,-1,-1,0,0.0,0.0,0.0,True,0.33677948970371707,-1,-1,0.0,50,50,-9.518004645073356,,-9.518004645073356,0.00015283473828173172,AUTO_KEEP
beta,beta_H,2024-09-02,unsure,1,44,55,12,3.977933,6.2680925,3.977933,True,0.33677948970371707,41,57,9.540350384230214,58,58,-37.05913419901247,9.540350384230214,9.540350384230214,0.07493547855156325,AUTO_KEEP
beta,beta_H,2024-09-03,unsure,1,45,56,12,3.185236,4.2417985,3.185236,True,0.33677948970371707,42,56,5.707735227513258,57,57,-14.45252604467111,5.707735227513258,5.707735227513258,0.042478163653016925,AUTO_KEEP
beta,beta_H,2024-09-04,unsure,1,45,56,12,4.934668499999999,5.999025499999999,4.934668499999999,True,0.33677948970371707,43,57,4.0890100312596775,58,58,-33.85202632425321,4.0890100312596775,4.0890100312596775,0.029791023157798746,AUTO_KEEP
beta,beta_H,2024-09-05,sure,0,-1,-1,0,0.0,6.0315765,0.0,True,0.33677948970371707,43,52,23.403297805672945,56,56,-10.29482332824358,23.403297805672945,23.403297805672945,0.1986459914048927,AUTO_KEEP
beta,beta_H,2024-09-06,sure,0,-1,-1,0,0.0,0.0,0.0,True,0.33677948970371707,-1,-1,0.0,41,54,-5.895984251460961,,-5.895984251460961,0.0002681809898385986,AUTO_KEEP
beta,beta_H,2024-09-07,sure,0,-1,-1,0,0.0,0.0,0.0,True,0.33677948970371707,-1,-1,0.0,49,49,-25.572771408641767,,-25.572771408641767,4.446543239817424e-05,AUTO_KEEP
beta,beta_H,2024-09-08,sure,0,-1,-1,0,0.0,0.0,0.0,True,0.33677948970371707,-1,-1,0.0,24,24,-1265.3023982464574,,-1265.3023982464574,2.584311822331833e-07,AUTO_KEEP
beta,beta_H,2024-09-09,sure,0,-1,-1,0,0.0,2.7870955,0.0,True,0.33677948970371707,48,57,4.8006497474908585,58,58,-36.313340716469504,4.8006497474908585,4.8006497474908585,0.035266207500858744,AUTO_KEEP
beta,beta_H,2024-09-10,sure,0,-1,-1,0,0.0,0.0,0.0,True,0.33677948970371707,-1,-1,0.0,51,56,-2.471022673680408,,-2.471022673680408,0.0006690485728667335,AUTO_KEEP
beta,beta_H,2024-09-11,unsure,0,-1,-1,0,0.0,6.681845000000001,0.0,True,0.33677948970371707,41,54,18.746260800821535,56,57,-1.7063881074781937,18.746260800821535,18.746260800821535,0.15750720361398404,AUTO_KEEP
beta,beta_H,2024-09-12,sure,0,-1,-1,0,0.0,0.0,0.0,True,0.33677948970371707,-1,-1,0.0,49,49,-293.865833349267,,-293.865833349267,1.8011936226780962e-06,AUTO_KEEP
beta,beta_H,2024-09-13,unsure,0,-1,-1,0,0.0,0.0,0.0,True,0.33677948970371707,-1,-1,0.0,56,56,-18.75254428409472,,-18.75254428409472,6.60129267325373e-05,AUTO_KEEP
beta,beta_H,2024-09-14,sure,0,-1,-1,0,0.0,0.0,0.0,True,0.33677948970371707,-1,-1,0.0,48,54,-4.141929989697049,,-4.141929989697049,0.00039645864970023413,AUTO_KEEP
beta,beta_H,2024-09-15,sure,0,-1,-1,0,0.0,0.0,0.0,True,0.33677948970371707,-1,-1,0.0,54,54,-254.34178710193825,,-254.34178710193825,2.181880857552275e-06,AUTO_KEEP
beta,beta_H,2024-09-16,sure,0,-1,-1,0,0.0,0.0,0.0,True,0.33677948970371707,-1,-1,0.0,50,57,-8.01169657003456,,-8.01169657003456,0.0001877753022000743,AUTO_KEEP
beta,beta_H,2024-09-17,unsure,1,41,58,18,10.233906,10.6936225,10.233906,True,0.33677948970371707,40,58,26.648863968592007,59,59,-32.50300186725908,26.648863968592007,26.648863968592007,0.22645777156447813,AUTO_KEEP
beta,beta_H,2024-09-18,unsure,1,42,57,16,9.099976999999999,10.1805995,9.099976999999999,True,0.33677948970371707,40,58,31.528336728990837,59,59,-31.583903043619998,31.528336728990837,31.528336728990837,0.2666100127021554,AUTO_KEEP
beta,beta_H,2024-09-19,unsure,1,43,55,13,5.726352,9.056051,5.726352,True,0.33677948970371707,40,58,24.737869759734128,39,39,-38.3305673986058,24.737869759734128,24.737869759734128,0.21017993778482208,AUTO_KEEP
beta,beta_H,2024-09-20,sure,1,43,56,14,5.444896,7.489248999999999,5.444896,True,0.33677948970371707,40,58,16.54267394322089,39,39,-25.971117615050517,16.54267394322089,16.54267394322089,0.1376983934132514,AUTO_KEEP
beta,beta_H,2024-09-21,unsure,0,-1,-1,0,0.0,0.0,0.0,True,0.33677948970371707,-1,-1,0.0,41,57,-1.8099070351914193,,-1.8099070351914193,0.0008863808446788406,AUTO_KEEP
beta,beta_H,2024-09-22,sure,0,-1,-1,0,0.0,0.0,0.0,True,0.33677948970371707,-1,-1,0.0,55,55,-3.6999310345854393,,-3.6999310345854393,0.0004468698352232531,AUTO_KEEP
beta,beta_H,2024-09-23,unsure,0,-1,-1,0,0.0,7.364596,0.0,True,0.33677948970371707,41,56,3.6863159640334895,57,57,-28.081978799212763,3.6863159640334895,3.6863159640334895,0.026775361776845825,AUTO_KEEP
beta,beta_H,2024-09-24,sure,0,-1,-1,0,0.0,0.0,0.0,True,0.33677948970371707,-1,-1,0.0,39,49,-15.489647631111138,,-15.489647631111138,8.396288414400078e-05,AUTO_KEEP
beta,beta_H,2024-09-25,sure,0,-1,-1,0,0.0,0.0,0.0,True,0.33677948970371707,-1,-1,0.0,45,45,-153.02145204735945,,-153.02145204735945,4.278774333958377e-06,AUTO_KEEP
beta,beta_H,2024-09-26,sure,0,-1,-1,0,0.0,0.0,0.0,True,0.33677948970371707,-1,-1,0.0,24,24,-1835.5322487250853,,-1835.5322487250853,1.5748304973969227e-07,AUTO_KEEP
beta,beta_H,2024-09-27,sure,0,-1,-1,0,0.0,0.0,0.0,True,0.33677948970371707,-1,-1,0.0,49,57,-237.09484405635027,,-237.09484405635027,2.394940693101728e-06,AUTO_KEEP
beta,beta_H,2024-09-28,sure,0,-1,-1,0,0.0,2.8883095,0.0,True,0.33677948970371707,45,47,1.601245542698825,52,52,-9.57330354820412,1.601245542698825,1.601245542698825,0.012402381234413146,AUTO_KEEP
beta,beta_H,2024-09-29,sure,0,-1,-1,0,0.0,0.0,0.0,True,0.33677948970371707,-1,-1,0.0,34,34,-894.1863428669376,,-894.1863428669376,4.102210049767999e-07,AUTO_KEEP
beta,beta_H,2024-09-30,sure,0,-1,-1,0,0.0,0.0,0.0,True,0.33677948970371707,-1,-1,0.0,60,60,-215.9342598144981,,-215.9342598144981,2.711113943335277e-06,AUTO_KEEP
