cohort,station,date,confidence,rpf,true_start,true_end,true_slots,required_mwh,proposed_mwh,correct_mwh,input_ok,n_admissible,sigma,best_start,best_end,best_score,runner_start,runner_end,runner_score,margin_window,r_best,p,outcome
beta,beta_A,2023-10-01,sure,0,-1,-1,0,0.0,0.0,0.0,True,1176,0.3537599999999994,-1,-1,0.0,44,44,-1.7727325280370922,,-1.7727325280370922,0.001526305586566173,AUTO_KEEP
beta,beta_A,2023-10-02,sure,0,-1,-1,0,0.0,3.3557739999999994,0.0,True,1176,0.4267823051814066,46,57,6.5948680679095855,45,45,-0.9855689371406994,6.5948680679095855,6.5948680679095855,0.4337806305301416,UNCERTAIN
beta,beta_A,2023-10-03,sure,0,-1,-1,0,0.0,0.0,0.0,True,1176,0.3214307120467037,-1,-1,0.0,68,68,-3.0458547143573678,,-3.0458547143573678,0.0007066526121268463,AUTO_KEEP
beta,beta_A,2023-10-04,sure,0,-1,-1,0,0.0,0.0,0.0,True,1176,0.28492190210647905,-1,-1,0.0,46,47,-0.5164936791688179,,-0.5164936791688179,0.0052082463325319,AUTO_KEEP
beta,beta_A,2023-10-05,sure,1,41,62,22,38.4781155,38.4781155,38.4781155,True,1176,0.40534372826236265,41,62,47.692072458563004,40,40,-1.370500799203676,47.692072458563004,47.692072458563004,0.9713693402763053,AUTO_CORRECT
beta,beta_A,2023-10-06,sure,0,-1,-1,0,0.0,0.021373999999999997,0.0,True,1176,0.3812498606410255,51,57,0.07741884250017465,46,49,0.018431924706102606,0.058986917794072044,0.07741884250017465,0.014054701956487342,AUTO_KEEP
beta,beta_A,2023-10-07,sure,1,45,62,18,38.603265,39.812946,38.603265,True,1176,0.4053956893028836,44,64,41.7871408100598,43,43,-1.6001205711645337,41.7871408100598,41.7871408100598,0.9630479452202189,AUTO_CORRECT
beta,beta_A,2023-10-08,sure,1,45,61,17,36.1102095,39.490775500000005,36.1102095,True,1176,0.47302763261025405,41,64,41.55954201297661,39,39,-2.937400775699291,41.55954201297661,41.55954201297661,0.9626587652258518,AUTO_CORRECT
beta,beta_A,2023-10-09,sure,0,-1,-1,0,0.0,0.0,0.0,True,171,0.34437796433687495,-1,-1,0.0,41,41,-1.11444462281425,,-1.11444462281425,0.002650334785975374,AUTO_KEEP
beta,beta_A,2023-10-10,sure,0,-1,-1,0,0.0,0.007417,0.0,True,1176,0.3362165820315006,54,54,0.4340851807048312,45,45,0.2841045133544496,0.14998066735038162,0.4340851807048312,0.02491032009100214,AUTO_KEEP
beta,beta_A,2023-10-11,unsure,0,-1,-1,0,0.0,6.6799755,0.0,True,1176,0.44794793914253894,44,61,3.7729795625451406,43,43,-0.858617158001024,3.7729795625451406,3.7729795625451406,0.2289777538349332,AUTO_KEEP
beta,beta_A,2023-10-12,sure,0,-1,-1,0,0.0,0.130911,0.0,True,1176,0.2949266470433116,49,50,3.112350246288709,45,45,1.4049801867781901,1.707370059510519,3.112350246288709,0.17975259469066002,AUTO_KEEP
beta,beta_A,2023-10-13,sure,0,-1,-1,0,0.0,0.0019005,0.0,True,373,0.3903416603754586,44,44,0.8746313464735813,43,43,0.24882147671296576,0.6258098697606156,0.8746313464735813,0.04226044850509037,AUTO_KEEP
beta,beta_A,2023-10-14,sure,1,43,57,15,18.438575500000006,0.0,0.0,True,570,0.406401092257326,-1,-1,0.0,43,43,-0.0013473301757780907,,-0.0013473301757780907,0.01206247013804637,AUTO_KEEP
beta,beta_A,2023-10-15,sure,1,43,59,17,25.982577,27.958798,25.982577,True,1176,0.2489296603571436,39,61,37.58183723498592,62,62,-3.401887691205928,37.58183723498592,37.58183723498592,0.9547573552905468,AUTO_CORRECT
beta,beta_A,2023-10-16,unsure,0,-1,-1,0,0.0,7.799801500000001,0.0,True,1176,0.40421323816392096,43,57,8.598205237816003,41,41,0.6420067942814068,7.956198443534596,8.598205237816003,0.5525950407238412,UNCERTAIN
beta,beta_A,2023-10-17,unsure,1,48,58,11,5.229094,2.9639505,2.9639505,True,1176,0.47116715527884523,52,58,3.9955666390817584,46,49,3.026707942469546,0.9688586966122124,3.9955666390817584,0.245806829763188,AUTO_KEEP
beta,beta_A,2023-10-18,sure,1,47,63,17,31.803866499999998,32.74634400000001,31.803866499999998,True,1176,0.40254537531578194,39,63,31.855328387972392,37,37,-1.832659971727781,31.855328387972392,31.855328387972392,0.938291114413767,AUTO_CORRECT
beta,beta_A,2023-10-19,unsure,0,-1,-1,0,0.0,0.1847415,0.0,True,1176,0.339540436119659,56,58,2.412584017531982,59,60,0.6053050809663507,1.8072789365656312,2.412584017531982,0.1302713398896285,AUTO_KEEP
beta,beta_A,2023-10-20,sure,0,-1,-1,0,0.0,0.0097225,0.0,True,515,0.40810962800758865,44,44,1.3086378182578216,47,47,0.02122360954266864,1.287414208715153,1.3086378182578216,0.06321727776563071,AUTO_KEEP
beta,beta_A,2023-10-21,sure,0,-1,-1,0,0.0,0.37868300000000005,0.0,True,1176,0.22219646328144194,50,57,3.4078809850694864,44,46,0.31067831973518173,3.0972026653343048,3.4078809850694864,0.2015813512619299,AUTO_KEEP
beta,beta_A,2023-10-22,sure,0,-1,-1,0,0.0,0.2940915,0.0,True,1176,0.18295927753663044,50,54,3.3629746737449744,47,48,0.5251274359235139,2.8378472378214603,3.3629746737449744,0.19823997268266924,AUTO_KEEP
beta,beta_A,2023-10-23,sure,0,-1,-1,0,0.0,0.051073,0.0,True,296,0.3288721779334569,60,61,3.9309939700149052,59,59,0.0034976354305171404,3.9274963345843883,3.9309939700149052,0.24091943762395918,AUTO_KEEP
beta,beta_A,2023-10-24,sure,0,-1,-1,0,0.0,0.000106,0.0,True,352,0.2568777500788677,49,49,0.010336457847348138,48,48,0.003180755992545625,0.007155701854802513,0.010336457847348138,0.012348516047121144,AUTO_KEEP
beta,beta_A,2023-10-25,sure,0,-1,-1,0,0.0,0.0003985,0.0,True,368,0.388383822704796,44,44,0.03818542979314099,57,60,0.019164725362031065,0.019020704431109925,0.03818542979314099,0.013043700190230104,AUTO_KEEP
beta,beta_A,2023-10-26,sure,0,-1,-1,0,0.0,0.0,0.0,True,1176,0.2949590836566216,-1,-1,0.0,41,41,-2.9609899654630287,,-2.9609899654630287,0.000737861838679407,AUTO_KEEP
beta,beta_A,2023-10-27,sure,0,-1,-1,0,0.0,0.055924,0.0,True,1176,0.4678950000000004,62,62,0.551986678293247,57,57,0.1537116882613894,0.3982749900318576,0.551986678293247,0.029140342759778174,AUTO_KEEP
beta,beta_A,2023-10-28,sure,0,-1,-1,0,0.0,0.1820455,0.0,True,1176,0.39369179233599816,57,57,2.607455688043341,54,54,0.5848395875107785,2.0226161005325625,2.607455688043341,0.14365401933550243,AUTO_KEEP
beta,beta_A,2023-10-29,sure,1,41,57,17,33.4171485,35.470661500000006,33.4171485,True,1176,0.32931868567626843,38,63,43.62244421025131,67,67,-2.020784345098559,43.62244421025131,43.62244421025131,0.9659790805595512,AUTO_CORRECT
beta,beta_A,2023-10-30,sure,0,-1,-1,0,0.0,0.0663465,0.0,True,1176,0.41775171086662155,48,53,0.2601401653588321,43,46,0.17357263271345091,0.0865675326453812,0.2601401653588321,0.019245477943286907,AUTO_KEEP
beta,beta_A,2023-10-31,unsure,0,-1,-1,0,0.0,11.814007500000002,0.0,True,1176,0.3572513236624495,43,61,4.9638549879236304,42,42,-1.4833514133814425,4.9638549879236304,4.9638549879236304,0.31872043777781955,UNCERTAIN
beta,beta_A,2023-11-01,sure,0,-1,-1,0,0.0,0.7564165,0.0,True,1176,0.3064594809821415,40,40,1.109670226863474,42,42,1.0511322308629656,0.05853799600050835,1.109670226863474,0.05316404486817229,AUTO_KEEP
beta,beta_A,2023-11-02,sure,0,-1,-1,0,0.0,0.6545369999999999,0.0,True,1176,0.37831568592032916,40,44,2.547937924032552,53,53,0.3420444359817653,2.2058934880507866,2.547937924032552,0.1395290743148017,AUTO_KEEP
beta,beta_A,2023-11-03,sure,0,-1,-1,0,0.0,0.38135549999999996,0.0,True,1176,0.39151186135531013,57,61,2.0075229474470535,52,54,0.39560970781572935,1.611913239631324,2.0075229474470535,0.10374028539479985,AUTO_KEEP
beta,beta_A,2023-11-04,sure,0,-1,-1,0,0.0,0.8183549999999999,0.0,True,1176,0.31380054737928553,62,63,0.6232783536743438,61,61,-0.9151583165160275,0.6232783536743438,0.6232783536743438,0.03184747153243576,AUTO_KEEP
beta,beta_A,2023-11-05,sure,0,-1,-1,0,0.0,0.0,0.0,True,1176,0.301786752142025,-1,-1,0.0,61,61,-2.1612719567904883,,-2.1612719567904883,0.00116843123970068,AUTO_KEEP
beta,beta_A,2023-11-06,sure,0,-1,-1,0,0.0,0.3156785,0.0,True,1176,0.36382516261280706,41,41,0.866493404228618,42,42,-0.32789437171007857,0.866493404228618,0.866493404228618,0.041902664297787565,AUTO_KEEP
beta,beta_A,2023-11-07,sure,0,-1,-1,0,0.0,0.0716865,0.0,True,244,0.37048620539293964,62,62,1.7503812103811947,59,59,0.0,1.7503812103811947,1.7503812103811947,0.08796960326591749,AUTO_KEEP
beta,beta_A,2023-11-08,sure,0,-1,-1,0,0.0,6.4443649999999995,0.0,True,1176,0.2860070044020162,42,55,6.187046148680231,57,62,3.820436163752567,2.3666099849276643,6.187046148680231,0.4063576994911206,UNCERTAIN
beta,beta_A,2023-11-09,sure,0,-1,-1,0,0.0,0.1695,0.0,True,1176,0.3092562892032955,51,56,1.8419874230997673,48,49,0.4547648228510513,1.387222600248716,1.8419874230997673,0.09348228422931135,AUTO_KEEP
beta,beta_A,2023-11-10,sure,0,-1,-1,0,0.0,0.6418904999999999,0.0,True,326,0.3860306118271595,40,42,1.3197569999920091,57,60,0.34332353790389103,0.9764334620881181,1.3197569999920091,0.06380027717950237,AUTO_KEEP
beta,beta_A,2023-11-11,sure,0,-1,-1,0,0.0,3.5780030000000003,0.0,True,1176,0.2916234170317171,42,54,2.509115412493825,55,55,-2.205946793470482,2.509115412493825,2.509115412493825,0.13685583549663505,AUTO_KEEP
beta,beta_A,2023-11-12,unsure,0,-1,-1,0,0.0,4.582186,0.0,True,1176,0.22563661870504603,45,56,13.0024106005366,57,57,-0.7096306202646192,13.0024106005366,13.0024106005366,0.727431039269474,AUTO_CORRECT
beta,beta_A,2023-11-13,sure,0,-1,-1,0,0.0,0.0,0.0,True,1176,0.4040315589627017,-1,-1,0.0,59,59,-1.2456431956721894,,-1.2456431956721894,0.0023447440224630043,AUTO_KEEP
beta,beta_A,2023-11-14,sure,0,-1,-1,0,0.0,0.0,0.0,True,268,0.35597477101090824,-1,-1,0.0,42,42,0.0,,0.0,0.012095248694553846,AUTO_KEEP
beta,beta_A,2023-11-15,sure,0,-1,-1,0,0.0,0.0,0.0,True,1176,0.37565309046583906,-1,-1,0.0,47,47,-0.1832523349146295,,-0.1832523349146295,0.008611040751490263,AUTO_KEEP
beta,beta_A,2023-11-16,sure,0,-1,-1,0,0.0,0.10738249999999999,0.0,True,1176,0.3220612263988425,48,51,3.5804345102755244,47,47,0.20515503680670957,3.3752794734688147,3.5804345102755244,0.21448511760420466,AUTO_KEEP
beta,beta_A,2023-11-17,sure,1,49,64,16,26.758999,18.9573165,18.9573165,True,1176,0.40020636888721306,55,64,25.48731034130735,50,50,0.33423624474020147,25.15307409656715,25.48731034130735,0.9073826374098755,AUTO_CORRECT
beta,beta_A,2023-11-18,sure,0,-1,-1,0,0.0,0.253555,0.0,True,531,0.29336960832138814,48,49,1.39141541915476,50,50,0.1497964708736508,1.2416189482811093,1.39141541915476,0.06760944249392317,AUTO_KEEP
beta,beta_A,2023-11-19,sure,1,38,61,24,32.108514,32.1048365,32.1048365,True,1176,0.24903279461564942,39,61,67.18239199290544,38,38,-0.014632024366219049,67.18239199290544,67.18239199290544,0.98538642837698,AUTO_CORRECT
beta,beta_A,2023-11-20,sure,0,-1,-1,0,0.0,0.0,0.0,True,1176,0.3090934764333486,-1,-1,0.0,53,53,-1.579828093382024,,-1.579828093382024,0.0017677790520393857,AUTO_KEEP
beta,beta_A,2023-11-21,unsure,0,-1,-1,0,0.0,0.2441305,0.0,True,1176,0.42261456530684427,60,61,0.19630018580310243,55,55,-0.06709526110074311,0.19630018580310243,0.19630018580310243,0.01734230950085139,AUTO_KEEP
beta,beta_A,2023-11-22,sure,1,53,55,3,0.026421,0.4095444999999999,0.009756,True,1176,0.3214312467410121,49,53,4.277305307200235,58,58,1.2662216079577684,3.0110836992424668,4.277305307200235,0.2671421815878681,AUTO_KEEP
beta,beta_A,2023-11-23,sure,0,-1,-1,0,0.0,0.0,0.0,True,198,0.3151004787920044,-1,-1,0.0,40,40,-1.7132669046651414,,-1.7132669046651414,0.001595219268374723,AUTO_KEEP
beta,beta_A,2023-11-24,sure,0,-1,-1,0,0.0,0.0,0.0,True,1176,0.3019931454467262,-1,-1,0.0,44,44,-2.6688219810312113,,-2.6688219810312113,0.0008626027219991704,AUTO_KEEP
beta,beta_A,2023-11-25,sure,0,-1,-1,0,0.0,0.0,0.0,True,1176,0.2930699984798526,-1,-1,0.0,55,55,-2.0256023807644747,,-2.0256023807644747,0.0012776748944206364,AUTO_KEEP
beta,beta_A,2023-11-26,sure,0,-1,-1,0,0.0,0.0,0.0,True,1176,0.16151871336954748,-1,-1,0.0,58,58,-0.9739588641680083,,-0.9739588641680083,0.0030481928382778524,AUTO_KEEP
beta,beta_A,2023-11-27,sure,0,-1,-1,0,0.0,0.0,0.0,True,1176,0.3215446281135552,-1,-1,0.0,47,48,-0.5999825572511489,,-0.5999825572511489,0.004671348667393604,AUTO_KEEP
beta,beta_A,2023-11-28,sure,0,-1,-1,0,0.0,0.0,0.0,True,1176,0.3380141249506412,-1,-1,0.0,57,57,-2.2746965536921184,,-2.2746965536921184,0.0010874403260237306,AUTO_KEEP
beta,beta_A,2023-11-29,sure,0,-1,-1,0,0.0,1.9132580000000001,0.0,True,1176,0.35357279357965865,49,54,2.222887480012912,46,47,2.181520820268908,0.04136665974400433,2.222887480012912,0.11761190440636389,AUTO_KEEP
beta,beta_A,2023-11-30,sure,0,-1,-1,0,0.0,0.0,0.0,True,1176,0.34488976842694363,-1,-1,0.0,49,49,-0.3041773024863071,,-0.3041773024863071,0.007071550440374788,AUTO_KEEP
beta,beta_A,2023-12-01,sure,0,-1,-1,0,0.0,0.0,0.0,True,1176,0.30303051713878837,-1,-1,0.0,48,51,-0.02545159314107016,,-0.02545159314107016,0.011497646675685372,AUTO_KEEP
beta,beta_A,2023-12-02,sure,0,-1,-1,0,0.0,0.0,0.0,True,511,0.2758004162969456,-1,-1,0.0,49,49,-1.226543941966879,,-1.226543941966879,0.002385862476485557,AUTO_KEEP
beta,beta_A,2023-12-03,sure,0,-1,-1,0,0.0,12.5742235,0.0,True,1176,0.326843610754203,39,60,10.47574149947142,63,63,-1.7702571458347454,10.47574149947142,10.47574149947142,0.6400661838604025,UNCERTAIN
beta,beta_A,2023-12-04,sure,0,-1,-1,0,0.0,0.102047,0.0,True,450,0.32059146138818484,52,52,0.8753704152576803,46,46,-0.6729581667046249,0.8753704152576803,0.8753704152576803,0.04229300855277447,AUTO_KEEP
beta,beta_A,2023-12-05,sure,0,-1,-1,0,0.0,0.0,0.0,True,1176,0.369867218141259,-1,-1,0.0,41,41,-2.118844474159362,,-2.118844474159362,0.0012010492396620322,AUTO_KEEP
beta,beta_A,2023-12-06,sure,0,-1,-1,0,0.0,0.0,0.0,True,1176,0.28663019822485225,-1,-1,0.0,53,53,-1.931195603456919,,-1.931195603456919,0.0013629189316206576,AUTO_KEEP
beta,beta_A,2023-12-07,sure,0,-1,-1,0,0.0,0.0,0.0,True,1176,0.3881609404780697,-1,-1,0.0,63,63,-1.416365679358303,,-1.416365679358303,0.002019833957676621,AUTO_KEEP
beta,beta_A,2023-12-08,sure,0,-1,-1,0,0.0,0.0,0.0,True,1176,0.31739999999999924,-1,-1,0.0,46,46,-2.0669665193737856,,-2.0669665193737856,0.0012428091389636992,AUTO_KEEP
beta,beta_A,2023-12-09,sure,0,-1,-1,0,0.0,0.0,0.0,True,36,0.30540973885836387,-1,-1,0.0,70,70,-3.3030703366708423,,-3.3030703366708423,0.0006232056770043484,AUTO_KEEP
beta,beta_A,2023-12-10,sure,0,-1,-1,0,0.0,0.0,0.0,True,1176,0.3714701610805875,-1,-1,0.0,59,59,-2.3589273303910727,,-2.3589273303910727,0.0010325888946571163,AUTO_KEEP
beta,beta_A,2023-12-11,sure,0,-1,-1,0,0.0,0.0,0.0,True,1176,0.3272509999999986,-1,-1,0.0,42,42,-2.6196123625477967,,-2.6196123625477967,0.0008866759422199924,AUTO_KEEP
beta,beta_A,2023-12-12,sure,0,-1,-1,0,0.0,0.0,0.0,True,1176,0.33425186757193437,-1,-1,0.0,63,63,-2.1667330531847977,,-2.1667330531847977,0.001164328857032612,AUTO_KEEP
beta,beta_A,2023-12-13,sure,0,-1,-1,0,0.0,0.0,0.0,True,1176,0.21588365023950473,-1,-1,0.0,51,51,-1.0114043230616026,,-1.0114043230616026,0.0029338781093475267,AUTO_KEEP
beta,beta_A,2023-12-14,sure,0,-1,-1,0,0.0,0.0,0.0,True,1176,0.36063200000000073,-1,-1,0.0,51,51,-2.2447443794878623,,-2.2447443794878623,0.0011079950806716457,AUTO_KEEP
beta,beta_A,2023-12-15,sure,0,-1,-1,0,0.0,0.0,0.0,True,1176,0.3161586868498176,-1,-1,0.0,50,50,-2.1934111142336303,,-2.1934111142336303,0.0011445934004067839,AUTO_KEEP
beta,beta_A,2023-12-16,sure,0,-1,-1,0,0.0,0.0,0.0,True,1176,0.21637454832910663,-1,-1,0.0,70,70,-2.7534165428358293,,-2.7534165428358293,0.0008234366547786427,AUTO_KEEP
beta,beta_A,2023-12-17,sure,0,-1,-1,0,0.0,0.0,0.0,True,1176,0.27594599999999936,-1,-1,0.0,44,44,-1.5749844866097518,,-1.5749844866097518,0.0017745575861734478,AUTO_KEEP
beta,beta_A,2023-12-18,sure,0,-1,-1,0,0.0,0.0,0.0,True,1176,0.2881126960123961,-1,-1,0.0,56,56,-1.8799266880931416,,-1.8799266880931416,0.0014128064927789211,AUTO_KEEP
beta,beta_A,2023-12-19,sure,0,-1,-1,0,0.0,0.0,0.0,True,1176,0.3902292719970397,-1,-1,0.0,68,68,-2.5294254644559917,,-2.5294254644559917,0.0009334703988031115,AUTO_KEEP
beta,beta_A,2023-12-20,sure,0,-1,-1,0,0.0,0.0,0.0,True,1176,0.3823950000000007,-1,-1,0.0,42,42,-3.5251839440887918,,-3.5251839440887918,0.0005624252726493397,AUTO_KEEP
beta,beta_A,2023-12-21,sure,0,-1,-1,0,0.0,0.0,0.0,True,1176,0.35750999999999955,-1,-1,0.0,58,58,-1.5682458828388997,,-1.5682458828388997,0.0017840527051976754,AUTO_KEEP
beta,beta_A,2023-12-22,sure,0,-1,-1,0,0.0,4.098876,0.0,True,1176,0.28064600000000084,45,58,6.258743979917961,43,43,0.7656435601091007,5.49310041980886,6.258743979917961,0.4112521210302151,UNCERTAIN
beta,beta_A,2023-12-23,sure,0,-1,-1,0,0.0,9.512599499999999,0.0,True,1176,0.3183273326373861,46,60,5.505053812093452,40,40,-1.2971393639758082,5.505053812093452,5.505053812093452,0.3583697290262691,UNCERTAIN
beta,beta_A,2023-12-24,sure,0,-1,-1,0,0.0,0.0,0.0,True,1176,0.23478113800684852,-1,-1,0.0,59,59,-0.9025482134252951,,-0.9025482134252951,0.0032853853160636094,AUTO_KEEP
beta,beta_A,2023-12-25,unsure,0,-1,-1,0,0.0,5.539559500000001,0.0,True,1176,0.3989562845874417,41,51,5.398187573583734,57,57,-0.5430591360442983,5.398187573583734,5.398187573583734,0.3506368144467975,UNCERTAIN
beta,beta_A,2023-12-26,sure,0,-1,-1,0,0.0,0.0,0.0,True,1176,0.1492042640452702,-1,-1,0.0,64,64,-0.39199737388122524,,-0.39199737388122524,0.006196657817974405,AUTO_KEEP
beta,beta_A,2023-12-27,sure,0,-1,-1,0,0.0,0.0,0.0,True,1176,0.39650434652166133,-1,-1,0.0,57,57,-0.36868970219400693,,-0.36868970219400693,0.006412456111324772,AUTO_KEEP
beta,beta_A,2023-12-28,sure,0,-1,-1,0,0.0,0.0,0.0,True,1176,0.33423517121653923,-1,-1,0.0,44,44,-1.4418841182891868,,-1.4418841182891868,0.001977089576650523,AUTO_KEEP
beta,beta_A,2023-12-29,sure,0,-1,-1,0,0.0,0.0,0.0,True,1176,0.31976785911823136,-1,-1,0.0,39,39,-1.4199115393494297,,-1.4199115393494297,0.00201381264100064,AUTO_KEEP
beta,beta_A,2023-12-30,sure,0,-1,-1,0,0.0,19.116032,0.0,True,1176,0.15800499252324585,45,61,4.779369944465621,44,44,-1.060007527829304,4.779369944465621,4.779369944465621,0.304965135060086,UNCERTAIN
beta,beta_A,2023-12-31,sure,0,-1,-1,0,0.0,0.0,0.0,True,1176,0.3053232635932108,-1,-1,0.0,60,60,-3.0397024028801716,,-3.0397024028801716,0.0007088484034042904,AUTO_KEEP
beta,beta_A,2024-01-01,sure,0,-1,-1,0,0.0,0.0,0.0,True,1176,0.2406708510327462,-1,-1,0.0,36,36,-2.306636599111441,,-2.306636599111441,0.0010661410637502634,AUTO_KEEP
beta,beta_A,2024-01-02,sure,0,-1,-1,0,0.0,0.0,0.0,True,1176,0.3014977534652008,-1,-1,0.0,48,48,-1.3813565472194507,,-1.3813565472194507,0.0020807507121508913,AUTO_KEEP
beta,beta_A,2024-01-03,sure,0,-1,-1,0,0.0,0.0,0.0,True,1176,0.2819300000000009,-1,-1,0.0,63,63,-2.5629307223038142,,-2.5629307223038142,0.0009156654960448382,AUTO_KEEP
beta,beta_A,2024-01-04,sure,0,-1,-1,0,0.0,0.0,0.0,True,1176,0.26241333354630214,-1,-1,0.0,52,52,-1.243717927844126,,-1.243717927844126,0.002348840881872811,AUTO_KEEP
beta,beta_A,2024-01-05,sure,0,-1,-1,0,0.0,1.7237080000000002,0.0,True,1176,0.386412,49,51,2.671298232688078,48,48,-0.8449517728954394,2.671298232688078,2.671298232688078,0.148113137562894,AUTO_KEEP
beta,beta_A,2024-01-06,sure,0,-1,-1,0,0.0,16.62706,0.0,True,1176,0.2800322842392191,40,61,1.7738474091924272,39,39,-2.1205581886035634,1.7738474091924272,1.7738474091924272,0.08937018231373337,AUTO_KEEP
beta,beta_A,2024-01-07,sure,0,-1,-1,0,0.0,0.0,0.0,True,1176,0.3245463941659601,-1,-1,0.0,56,56,-1.4163644662285437,,-1.4163644662285437,0.0020198360223091147,AUTO_KEEP
beta,beta_A,2024-01-08,sure,0,-1,-1,0,0.0,0.0,0.0,True,1176,0.27440894347252787,-1,-1,0.0,52,52,-1.5593367119678523,,-1.5593367119678523,0.001796722872576587,AUTO_KEEP
beta,beta_A,2024-01-09,sure,0,-1,-1,0,0.0,0.0,0.0,True,1176,0.3427816816967031,-1,-1,0.0,54,54,-1.2470394025511171,,-1.2470394025511171,0.002341779626620773,AUTO_KEEP
beta,beta_A,2024-01-10,sure,0,-1,-1,0,0.0,0.0,0.0,True,1176,0.361534501907693,-1,-1,0.0,56,56,-1.6468767702269107,,-1.6468767702269107,0.0016777758404052231,AUTO_KEEP
beta,beta_A,2024-01-11,sure,0,-1,-1,0,0.0,0.0,0.0,True,1176,0.26549580712688936,-1,-1,0.0,40,40,-3.3645972685406256,,-3.3645972685406256,0.000605424740197457,AUTO_KEEP
beta,beta_A,2024-01-12,sure,0,-1,-1,0,0.0,0.0,0.0,True,227,0.3555437380144628,-1,-1,0.0,39,39,-3.192940266968378,,-3.192940266968378,0.0006570345701010314,AUTO_KEEP
beta,beta_A,2024-01-13,sure,0,-1,-1,0,0.0,0.0,0.0,True,1176,0.23892420214896326,-1,-1,0.0,38,38,-3.8452605728698552,,-3.8452605728698552,0.0004892641409272984,AUTO_KEEP
beta,beta_A,2024-01-14,sure,0,-1,-1,0,0.0,0.0,0.0,True,1176,0.24681048879496537,-1,-1,0.0,71,71,-2.715136104175554,,-2.715136104175554,0.0008408246170636781,AUTO_KEEP
beta,beta_A,2024-01-15,sure,0,-1,-1,0,0.0,0.0,0.0,True,1176,0.3269360777615109,-1,-1,0.0,50,50,-1.7343589338054415,,-1.7343589338054415,0.001570255196842964,AUTO_KEEP
beta,beta_A,2024-01-16,sure,0,-1,-1,0,0.0,0.0,0.0,True,1176,0.29465182110735455,-1,-1,0.0,55,55,-2.6397832316505245,,-2.6397832316505245,0.0008766888293672008,AUTO_KEEP
beta,beta_A,2024-01-17,sure,0,-1,-1,0,0.0,0.0,0.0,True,1176,0.33657215174652144,-1,-1,0.0,41,41,-1.3164250567347255,,-1.3164250567347255,0.0022012121880604814,AUTO_KEEP
beta,beta_A,2024-01-18,sure,0,-1,-1,0,0.0,0.0,0.0,True,1176,0.31895425971635305,-1,-1,0.0,58,58,-1.9635661501934694,,-1.9635661501934694,0.0013327602228711888,AUTO_KEEP
beta,beta_A,2024-01-19,sure,0,-1,-1,0,0.0,3.5779765,0.0,True,1176,0.22574391902914748,46,54,3.9600201142411855,45,45,-1.0111466310140238,3.9600201142411855,3.9600201142411855,0.24311600184699117,AUTO_KEEP
beta,beta_A,2024-01-20,sure,0,-1,-1,0,0.0,0.0,0.0,True,1176,0.36510705629675044,-1,-1,0.0,60,60,-1.2618909819907558,,-1.2618909819907558,0.002310589496928127,AUTO_KEEP
beta,beta_A,2024-01-21,sure,0,-1,-1,0,0.0,0.0,0.0,True,1176,0.33287030843978016,-1,-1,0.0,32,32,-4.4660947239112,,-4.4660947239112,0.00038262019693600507,AUTO_KEEP
beta,beta_A,2024-01-22,unsure,0,-1,-1,0,0.0,0.0,0.0,True,1176,0.3452435204760995,-1,-1,0.0,48,48,-1.1354588626728401,,-1.1354588626728401,0.002597535767752,AUTO_KEEP
beta,beta_A,2024-01-23,unsure,0,-1,-1,0,0.0,1.39194,0.0,True,1176,0.21435395254297163,59,59,0.24388842390660898,58,58,-0.7795858868068634,0.24388842390660898,0.24388842390660898,0.018751933125657858,AUTO_KEEP
beta,beta_A,2024-01-24,sure,0,-1,-1,0,0.0,0.0,0.0,True,1176,0.2814449999999997,-1,-1,0.0,56,56,-2.298505571630025,,-2.298505571630025,0.0010715038928959602,AUTO_KEEP
beta,beta_A,2024-01-25,sure,0,-1,-1,0,0.0,0.0,0.0,True,1176,0.31402218489116684,-1,-1,0.0,40,40,-2.526766329230526,,-2.526766329230526,0.0009349055200381804,AUTO_KEEP
beta,beta_A,2024-01-26,sure,0,-1,-1,0,0.0,0.0,0.0,True,1176,0.2942530000000012,-1,-1,0.0,45,45,-2.0991537437036003,,-2.0991537437036003,0.0012166499316644593,AUTO_KEEP
beta,beta_A,2024-01-27,sure,0,-1,-1,0,0.0,0.0,0.0,True,1176,0.21453541939820653,-1,-1,0.0,71,71,-2.778195352150318,,-2.778195352150318,0.0008124655647999664,AUTO_KEEP
beta,beta_A,2024-01-28,unsure,0,-1,-1,0,0.0,0.0,0.0,True,1176,0.24463772647364657,-1,-1,0.0,52,52,-1.246373294401458,,-1.246373294401458,0.002343193196338474,AUTO_KEEP
beta,beta_A,2024-01-29,sure,0,-1,-1,0,0.0,0.0,0.0,True,1176,0.30346101560891725,-1,-1,0.0,48,48,-2.5344039273756978,,-2.5344039273756978,0.0009307923578487223,AUTO_KEEP
beta,beta_A,2024-01-30,sure,0,-1,-1,0,0.0,0.0,0.0,True,1176,0.4329664708090242,-1,-1,0.0,46,46,-2.100909655111213,,-2.100909655111213,0.0012152465255552561,AUTO_KEEP
beta,beta_A,2024-01-31,sure,0,-1,-1,0,0.0,0.0,0.0,True,1176,0.21056617166372504,-1,-1,0.0,60,60,-1.6400491863503535,,-1.6400491863503535,0.001686624955614923,AUTO_KEEP
beta,beta_A,2024-02-01,sure,0,-1,-1,0,0.0,0.0,0.0,True,1176,0.33025973459277225,-1,-1,0.0,55,55,-1.8462250569300436,,-1.8462250569300436,0.0014470960854510394,AUTO_KEEP
beta,beta_A,2024-02-02,sure,0,-1,-1,0,0.0,0.0,0.0,True,1176,0.2315576802507593,-1,-1,0.0,41,41,-2.5612402355294277,,-2.5612402355294277,0.0009165516650839546,AUTO_KEEP
beta,beta_A,2024-02-03,sure,0,-1,-1,0,0.0,0.0,0.0,True,1176,0.2790069088622076,-1,-1,0.0,61,61,-1.8102478183774267,,-1.8102478183774267,0.0014850868324062414,AUTO_KEEP
beta,beta_A,2024-02-04,sure,0,-1,-1,0,0.0,0.0,0.0,True,1176,0.3145775485802478,-1,-1,0.0,44,44,-1.7911642067419056,,-1.7911642067419056,0.0015058443050400567,AUTO_KEEP
beta,beta_A,2024-02-05,sure,0,-1,-1,0,0.0,0.0,0.0,True,1176,0.3302048256489396,-1,-1,0.0,63,63,-2.3030886676559303,,-2.3030886676559303,0.0010684761781963453,AUTO_KEEP
beta,beta_A,2024-02-06,sure,0,-1,-1,0,0.0,0.0,0.0,True,1176,0.278315000000001,-1,-1,0.0,39,39,-1.7022574028767536,,-1.7022574028767536,0.001608485322266886,AUTO_KEEP
beta,beta_A,2024-02-07,sure,0,-1,-1,0,0.0,0.0,0.0,True,1176,0.3562010691126911,-1,-1,0.0,55,55,-2.202843954886675,,-2.202843954886675,0.0011377344426636393,AUTO_KEEP
beta,beta_A,2024-02-08,sure,0,-1,-1,0,0.0,0.0,0.0,True,1176,0.28286554602728486,-1,-1,0.0,55,55,-0.38187538834793183,,-0.38187538834793183,0.006289026790001994,AUTO_KEEP
beta,beta_A,2024-02-09,sure,0,-1,-1,0,0.0,0.0,0.0,True,1176,0.37438214960388017,-1,-1,0.0,50,50,-1.2429882954410274,,-1.2429882954410274,0.0023503962831592667,AUTO_KEEP
beta,beta_A,2024-02-10,unsure,0,-1,-1,0,0.0,5.1108080000000005,0.0,True,1176,0.2354058496189566,48,58,7.180009215955365,59,59,-0.474029701422114,7.180009215955365,7.180009215955365,0.47127608602511445,UNCERTAIN
beta,beta_A,2024-02-11,sure,0,-1,-1,0,0.0,0.0,0.0,True,1176,0.32008676426834093,-1,-1,0.0,45,45,-2.9149882499882036,,-2.9149882499882036,0.0007556445034039323,AUTO_KEEP
beta,beta_A,2024-02-12,sure,0,-1,-1,0,0.0,0.0,0.0,True,1176,0.3413247489037232,-1,-1,0.0,43,43,-2.3784056923359524,,-2.3784056923359524,0.0010204918070115252,AUTO_KEEP
beta,beta_A,2024-02-13,sure,0,-1,-1,0,0.0,0.0,0.0,True,1176,0.33106217238400504,-1,-1,0.0,65,65,-2.2347113888195627,,-2.2347113888195627,0.001115009770280735,AUTO_KEEP
beta,beta_A,2024-02-14,sure,0,-1,-1,0,0.0,0.0,0.0,True,1176,0.2915050000000008,-1,-1,0.0,60,60,-2.078279170441428,,-2.078279170441428,0.0012335204539958584,AUTO_KEEP
beta,beta_A,2024-02-15,sure,0,-1,-1,0,0.0,0.0,0.0,True,1176,0.36084600000000044,-1,-1,0.0,47,47,-3.242115137535393,,-3.242115137535393,0.0006415996363475976,AUTO_KEEP
beta,beta_A,2024-02-16,sure,0,-1,-1,0,0.0,0.0,0.0,True,1176,0.38579200000000036,-1,-1,0.0,53,53,-1.0949456957409611,,-1.0949456957409611,0.0027007686050259895,AUTO_KEEP
beta,beta_A,2024-02-17,sure,0,-1,-1,0,0.0,0.0,0.0,True,1176,0.2170840312678486,-1,-1,0.0,68,68,-2.637630119516258,,-2.637630119516258,0.0008777468792310428,AUTO_KEEP
beta,beta_A,2024-02-18,sure,0,-1,-1,0,0.0,0.0,0.0,True,1176,0.2911673252935092,-1,-1,0.0,43,43,-1.4994546613655422,,-1.4994546613655422,0.001885469661936707,AUTO_KEEP
beta,beta_A,2024-02-19,sure,0,-1,-1,0,0.0,0.0,0.0,True,1176,0.2935202254522409,-1,-1,0.0,46,46,-3.0552914771710022,,-3.0552914771710022,0.0007033042243928641,AUTO_KEEP
beta,beta_A,2024-02-20,sure,0,-1,-1,0,0.0,0.0,0.0,True,1176,0.2867300000000004,-1,-1,0.0,55,55,-2.0026438718178943,,-2.0026438718178943,0.001297658795012814,AUTO_KEEP
beta,beta_A,2024-02-21,unsure,0,-1,-1,0,0.0,0.0,0.0,True,1176,0.27639937114128443,-1,-1,0.0,59,59,-1.14215967734783,,-1.14215967734783,0.002581028769119041,AUTO_KEEP
beta,beta_A,2024-02-22,sure,0,-1,-1,0,0.0,0.0,0.0,True,1176,0.3752658534804425,-1,-1,0.0,48,48,-1.8192113563079477,,-1.8192113563079477,0.0014754838978713785,AUTO_KEEP
beta,beta_A,2024-02-23,sure,0,-1,-1,0,0.0,0.0,0.0,True,1176,0.3953317569847137,-1,-1,0.0,55,55,-2.497515401371439,,-2.497515401371439,0.0009509114128511588,AUTO_KEEP
beta,beta_A,2024-02-24,sure,0,-1,-1,0,0.0,0.0,0.0,True,1176,0.22465787467432285,-1,-1,0.0,57,57,-3.444041728531527,,-3.444041728531527,0.0005835623922629277,AUTO_KEEP
beta,beta_A,2024-02-25,unsure,0,-1,-1,0,0.0,0.0,0.0,True,1176,0.3328275672162242,-1,-1,0.0,59,59,-1.1122321148256396,,-1.1122321148256396,0.002655986571900243,AUTO_KEEP
beta,beta_A,2024-02-26,sure,0,-1,-1,0,0.0,0.0,0.0,True,1176,0.37012366718444767,-1,-1,0.0,55,55,-1.444204042161841,,-1.444204042161841,0.0019732705682299952,AUTO_KEEP
beta,beta_A,2024-02-27,sure,0,-1,-1,0,0.0,0.0,0.0,True,1176,0.38743077497165856,-1,-1,0.0,51,51,-2.232083993674288,,-2.232083993674288,0.0011168576765202543,AUTO_KEEP
beta,beta_A,2024-02-28,sure,0,-1,-1,0,0.0,0.0,0.0,True,1176,0.26641700000000057,-1,-1,0.0,58,58,-1.2950433160961279,,-1.2950433160961279,0.002243158953743734,AUTO_KEEP
beta,beta_A,2024-02-29,sure,0,-1,-1,0,0.0,0.0,0.0,True,1176,0.31327626845181555,-1,-1,0.0,65,65,-3.9143053752285795,,-3.9143053752285795,0.0004753491919682417,AUTO_KEEP
beta,beta_A,2024-03-01,sure,0,-1,-1,0,0.0,0.0,0.0,True,1176,0.278816932802199,-1,-1,0.0,53,53,-1.9051753324653076,,-1.9051753324653076,0.0013879042600348436,AUTO_KEEP
beta,beta_A,2024-03-02,sure,0,-1,-1,0,0.0,0.0,0.0,True,1176,0.2028294874458929,-1,-1,0.0,54,54,-2.5386784535188887,,-2.5386784535188887,0.0009285021041555094,AUTO_KEEP
beta,beta_A,2024-03-03,sure,0,-1,-1,0,0.0,0.0,0.0,True,1176,0.2544115056123655,-1,-1,0.0,38,38,-1.2491802168361121,,-1.2491802168361121,0.0023372451231380193,AUTO_KEEP
beta,beta_A,2024-03-04,sure,0,-1,-1,0,0.0,0.0,0.0,True,1176,0.21796429461945444,-1,-1,0.0,54,54,-1.8785219311552515,,-1.8785219311552515,0.0014142114728618986,AUTO_KEEP
beta,beta_A,2024-03-05,unsure,0,-1,-1,0,0.0,0.0,0.0,True,1176,0.30548772379426303,-1,-1,0.0,58,58,-0.5228926931518579,,-0.5228926931518579,0.005163926612322287,AUTO_KEEP
beta,beta_A,2024-03-06,sure,0,-1,-1,0,0.0,0.0,0.0,True,1176,0.2905387133054429,-1,-1,0.0,54,54,-0.8209700133482101,,-0.8209700133482101,0.003591556009813052,AUTO_KEEP
beta,beta_A,2024-03-07,sure,0,-1,-1,0,0.0,0.0,0.0,True,1176,0.32597969469452437,-1,-1,0.0,47,47,-2.8516269967062873,,-2.8516269967062873,0.0007812020105261459,AUTO_KEEP
beta,beta_A,2024-03-08,sure,0,-1,-1,0,0.0,0.0,0.0,True,1176,0.27844617768484525,-1,-1,0.0,45,45,-2.094663072661534,,-2.094663072661534,0.0012202500859986524,AUTO_KEEP
beta,beta_A,2024-03-09,sure,0,-1,-1,0,0.0,0.0,0.0,True,1176,0.24054304007371385,-1,-1,0.0,52,52,-2.0340517514256207,,-2.0340517514256207,0.0012704355295329692,AUTO_KEEP
beta,beta_A,2024-03-10,sure,0,-1,-1,0,0.0,0.0,0.0,True,1176,0.21519354367473476,-1,-1,0.0,46,46,-2.6175923702996307,,-2.6175923702996307,0.0008876854174375501,AUTO_KEEP
beta,beta_A,2024-03-11,sure,0,-1,-1,0,0.0,0.0,0.0,True,1176,0.3126106767991441,-1,-1,0.0,47,47,-0.6782998575115958,,-0.6782998575115958,0.004239250278138406,AUTO_KEEP
beta,beta_A,2024-03-12,sure,0,-1,-1,0,0.0,0.0,0.0,True,1176,0.27319600000000044,-1,-1,0.0,48,48,-3.411816260847733,,-3.411816260847733,0.000592286456989089,AUTO_KEEP
beta,beta_A,2024-03-13,sure,0,-1,-1,0,0.0,0.0,0.0,True,1176,0.40228047858778915,-1,-1,0.0,61,61,-0.8840614698193611,,-0.8840614698193611,0.0033512670316384733,AUTO_KEEP
beta,beta_A,2024-03-14,sure,0,-1,-1,0,0.0,0.0,0.0,True,1176,0.2464840000000006,-1,-1,0.0,66,66,-2.487898029476332,,-2.487898029476332,0.0009562632119923774,AUTO_KEEP
beta,beta_A,2024-03-15,unsure,0,-1,-1,0,0.0,3.387936,0.0,True,1176,0.39346344959513324,46,55,3.3287386714563247,56,56,-1.0650372168991278,3.3287386714563247,3.3287386714563247,0.1956978571694648,AUTO_KEEP
beta,beta_A,2024-03-16,sure,0,-1,-1,0,0.0,0.0,0.0,True,1176,0.20146536318047303,-1,-1,0.0,61,61,-0.9760147254535714,,-0.9760147254535714,0.0030417459782246864,AUTO_KEEP
beta,beta_A,2024-03-17,sure,0,-1,-1,0,0.0,0.0,0.0,True,1176,0.2754730658377671,-1,-1,0.0,49,49,-0.7116700265589502,,-0.7116700265589502,0.004073027519616449,AUTO_KEEP
beta,beta_A,2024-03-18,sure,0,-1,-1,0,0.0,0.0,0.0,True,1176,0.30585800000000063,-1,-1,0.0,58,58,-1.92641739800305,,-1.92641739800305,0.0013674566044215187,AUTO_KEEP
beta,beta_A,2024-03-19,sure,0,-1,-1,0,0.0,0.0,0.0,True,1176,0.325939148885249,-1,-1,0.0,52,52,-1.4437314377649229,,-1.4437314377649229,0.0019740476678272935,AUTO_KEEP
beta,beta_A,2024-03-20,sure,0,-1,-1,0,0.0,0.0,0.0,True,1176,0.2668040000000005,-1,-1,0.0,62,62,-2.7241950233838272,,-2.7241950233838272,0.0008366607543903486,AUTO_KEEP
beta,beta_A,2024-03-21,unsure,0,-1,-1,0,0.0,0.561113,0.0,True,1176,0.35301899999999975,46,46,3.271132620690351,45,45,3.213142081781977,0.05799053890837369,3.271132620690351,0.1914315296265607,AUTO_KEEP
beta,beta_A,2024-03-22,sure,0,-1,-1,0,0.0,0.0,0.0,True,1176,0.29297168706660237,-1,-1,0.0,52,52,-0.8808579560440558,,-0.8808579560440558,0.0033628831618859978,AUTO_KEEP
beta,beta_A,2024-03-23,sure,0,-1,-1,0,0.0,1.661983,0.0,True,1176,0.3310410000000008,53,53,0.002324703308965608,56,56,-0.12808018106195232,0.002324703308965608,0.002324703308965608,0.012151984533840237,AUTO_KEEP
beta,beta_A,2024-03-24,unsure,0,-1,-1,0,0.0,18.787717,0.0,True,1176,0.21085179623942807,45,61,0.678725064444734,44,44,-0.5427857301241249,0.678725064444734,0.678725064444734,0.034029359881755504,AUTO_KEEP
beta,beta_A,2024-03-25,sure,0,-1,-1,0,0.0,0.0,0.0,True,1176,0.3516709605650501,-1,-1,0.0,50,50,-0.5506547072967259,,-0.5506547072967259,0.004977997596502977,AUTO_KEEP
beta,beta_A,2024-03-26,sure,0,-1,-1,0,0.0,0.0,0.0,True,1176,0.25662195147435973,-1,-1,0.0,52,52,-0.8172522068395767,,-0.8172522068395767,0.003606508282286017,AUTO_KEEP
beta,beta_A,2024-03-27,unsure,0,-1,-1,0,0.0,0.38956799999999997,0.0,True,1176,0.39553548060733235,50,53,2.8628445779590606,59,59,-1.1464039204403949,2.8628445779590606,2.8628445779590606,0.16168841129330305,AUTO_KEEP
beta,beta_A,2024-03-28,sure,0,-1,-1,0,0.0,0.0,0.0,True,1176,0.3614191215750928,-1,-1,0.0,59,59,-2.023626647893909,,-2.023626647893909,0.0012793765523172343,AUTO_KEEP
beta,beta_A,2024-03-29,sure,0,-1,-1,0,0.0,2.216027,0.0,True,1176,0.32008730707496724,56,58,4.871590680643335,61,62,0.7594896623623925,4.112101018280942,4.871590680643335,0.3118537082364566,UNCERTAIN
beta,beta_A,2024-03-30,sure,0,-1,-1,0,0.0,6.1316895,0.0,True,1176,0.24612380972244807,43,57,3.2512834770056616,42,42,-2.3767332620698394,3.2512834770056616,3.2512834770056616,0.18996488319994648,AUTO_KEEP
beta,beta_A,2024-03-31,sure,0,-1,-1,0,0.0,0.1525815,0.0,True,1176,0.29611849382037647,52,52,1.5320436404848758,49,49,-0.36643928211579213,1.5320436404848758,1.5320436404848758,0.07533910481667576,AUTO_KEEP
beta,beta_A,2024-04-01,sure,0,-1,-1,0,0.0,0.0,0.0,True,1176,0.3006157233578648,-1,-1,0.0,43,43,-2.7736725080870217,,-2.7736725080870217,0.0008144517941156363,AUTO_KEEP
beta,beta_A,2024-04-02,sure,0,-1,-1,0,0.0,0.0,0.0,True,1176,0.3004909999999992,-1,-1,0.0,44,44,-1.650671211581043,,-1.650671211581043,0.001672887790884356,AUTO_KEEP
beta,beta_A,2024-04-03,sure,0,-1,-1,0,0.0,0.365609,0.0,True,1176,0.24665110545050517,49,50,4.719630284403174,51,60,0.041166901347727075,4.678463383055448,4.719630284403174,0.30049062413338434,UNCERTAIN
beta,beta_A,2024-04-04,sure,0,-1,-1,0,0.0,0.0,0.0,True,1176,0.376916532659477,-1,-1,0.0,41,41,-3.8366674170990396,,-3.8366674170990396,0.0004910383218214359,AUTO_KEEP
beta,beta_A,2024-04-05,sure,0,-1,-1,0,0.0,0.0,0.0,True,1176,0.36325699999999905,-1,-1,0.0,59,59,-4.039356188791939,,-4.039356188791939,0.00045160546204075353,AUTO_KEEP
beta,beta_A,2024-04-06,sure,0,-1,-1,0,0.0,1.2351524999999999,0.0,True,1176,0.2708749999999984,49,54,8.789277740945087,60,60,-1.5628335783258007,8.789277740945087,8.789277740945087,0.5625150676980744,UNCERTAIN
beta,beta_A,2024-04-07,sure,0,-1,-1,0,0.0,1.8780014999999999,0.0,True,1176,0.17674966980718665,41,50,6.855797586386284,39,39,-0.17116768573448196,6.855797586386284,6.855797586386284,0.4507777853617194,UNCERTAIN
beta,beta_A,2024-04-08,sure,0,-1,-1,0,0.0,0.325576,0.0,True,1176,0.2932092498101362,52,52,3.576242117194414,45,45,-0.12213231692432489,3.576242117194414,3.576242117194414,0.21417053531841093,AUTO_KEEP
beta,beta_A,2024-04-09,sure,0,-1,-1,0,0.0,0.9530385,0.0,True,1176,0.2524160000000002,49,49,0.2266703612009524,47,47,-0.37989737136080837,0.2266703612009524,0.2266703612009524,0.018235779244760855,AUTO_KEEP
beta,beta_A,2024-04-10,sure,0,-1,-1,0,0.0,0.183773,0.0,True,1176,0.3236947299566122,44,44,1.7390005007390035,43,43,-0.4531948782141377,1.7390005007390035,1.7390005007390035,0.08729326331587535,AUTO_KEEP
beta,beta_A,2024-04-11,sure,0,-1,-1,0,0.0,0.13184099999999999,0.0,True,1176,0.44162233982268084,48,56,1.4248746849355505,42,42,0.0,1.4248746849355505,1.4248746849355505,0.06941841820289786,AUTO_KEEP
beta,beta_A,2024-04-12,unsure,0,-1,-1,0,0.0,0.056767,0.0,True,1176,0.28290261916803416,43,44,2.1819035483936817,53,54,1.41866019598199,0.7632433524116917,2.1819035483936817,0.11492917553595573,AUTO_KEEP
beta,beta_A,2024-04-13,unsure,0,-1,-1,0,0.0,0.46787449999999997,0.0,True,1176,0.212299235512452,47,52,4.7724968357991475,46,46,-1.291085237244483,4.7724968357991475,4.7724968357991475,0.3044508045081488,UNCERTAIN
beta,beta_A,2024-04-14,unsure,0,-1,-1,0,0.0,3.396343,0.0,True,1176,0.22528254764142552,46,54,0.936993793957797,44,44,-0.18377789745089138,0.936993793957797,0.936993793957797,0.04504680333857309,AUTO_KEEP
beta,beta_A,2024-04-15,unsure,0,-1,-1,0,0.0,3.5491605,0.0,True,1176,0.25124269926655884,46,52,1.1913013845860227,53,53,-1.190795398765831,1.1913013845860227,1.1913013845860227,0.057200463108686046,AUTO_KEEP
beta,beta_A,2024-04-16,sure,0,-1,-1,0,0.0,5.653987000000001,0.0,True,1176,0.3806758320811312,44,53,8.011607040371565,43,43,-1.0570547833683182,8.011607040371565,8.011607040371565,0.520614424422296,UNCERTAIN
beta,beta_A,2024-04-17,sure,0,-1,-1,0,0.0,0.0,0.0,True,1176,0.3972110000000004,-1,-1,0.0,52,52,-0.8113052203318656,,-0.8113052203318656,0.003630619205567049,AUTO_KEEP
beta,beta_A,2024-04-18,sure,0,-1,-1,0,0.0,0.197057,0.0,True,1176,0.23124199999999995,50,52,2.2476111557773155,48,49,0.9761333712423264,1.2714777845349892,2.2476111557773155,0.1192395753668586,AUTO_KEEP
beta,beta_A,2024-04-19,sure,0,-1,-1,0,0.0,0.060960999999999994,0.0,True,1176,0.3231327393091359,44,45,5.549793034424606,46,46,0.021857253582090095,5.527935780842515,5.549793034424606,0.3615913809882417,UNCERTAIN
beta,beta_A,2024-04-20,sure,0,-1,-1,0,0.0,0.0,0.0,True,1176,0.3178843282358219,-1,-1,0.0,57,57,-2.0804464003213687,,-2.0804464003213687,0.0012317527736920146,AUTO_KEEP
beta,beta_A,2024-04-21,sure,0,-1,-1,0,0.0,0.425345,0.0,True,1176,0.24862759059244866,47,47,3.5667667917606702,44,45,0.5698096807880053,2.996957110972665,3.5667667917606702,0.21345971770192507,AUTO_KEEP
beta,beta_A,2024-04-22,sure,0,-1,-1,0,0.0,3.2022335000000006,0.0,True,1176,0.2918289999999999,42,54,3.5569102915574278,41,41,-0.9404132922121247,3.5569102915574278,3.5569102915574278,0.21272056998072614,AUTO_KEEP
beta,beta_A,2024-04-23,sure,0,-1,-1,0,0.0,0.005928,0.0,True,1176,0.2537099999999999,44,44,2.068520596054581,48,50,1.7539340611782719,0.3145865348763093,2.068520596054581,0.10761129306357849,AUTO_KEEP
beta,beta_A,2024-04-24,sure,0,-1,-1,0,0.0,0.0,0.0,True,1176,0.20671397247841483,-1,-1,0.0,58,58,-1.7157725365049965,,-1.7157725365049965,0.0015922228391450435,AUTO_KEEP
beta,beta_A,2024-04-25,sure,0,-1,-1,0,0.0,6.563372,0.0,True,1176,0.2410819999999987,39,46,2.1582792542475318,52,52,-0.2017198323862694,2.1582792542475318,2.1582792542475318,0.11339167897615422,AUTO_KEEP
beta,beta_A,2024-04-26,sure,0,-1,-1,0,0.0,0.0652415,0.0,True,1176,0.28682680670119254,44,44,3.275077778236115,52,53,1.9829776812412294,1.2921000969948857,3.275077778236115,0.19172324793058151,AUTO_KEEP
beta,beta_A,2024-04-27,unsure,1,46,56,11,13.8100535,20.127541,13.8100535,True,1176,0.3238259907399197,41,55,20.45129629554184,56,56,0.0,20.45129629554184,20.45129629554184,0.8643454819951727,AUTO_CORRECT
beta,beta_A,2024-04-28,sure,0,-1,-1,0,0.0,3.8647015000000002,0.0,True,1176,0.25577403919136543,42,54,5.697552042261643,63,63,-2.5102724906473646,5.697552042261643,5.697552042261643,0.37216245670239184,UNCERTAIN
beta,beta_A,2024-04-29,sure,0,-1,-1,0,0.0,0.1959455,0.0,True,1176,0.33525000000000027,49,49,0.7312203501623293,48,48,-0.36496694366813776,0.7312203501623293,0.7312203501623293,0.03615588539747025,AUTO_KEEP
beta,beta_A,2024-04-30,sure,0,-1,-1,0,0.0,0.0,0.0,True,1176,0.32737439281284963,-1,-1,0.0,47,47,-1.213718197844147,,-1.213718197844147,0.0024140802626094406,AUTO_KEEP
beta,beta_A,2024-05-01,sure,0,-1,-1,0,0.0,0.0,0.0,True,1176,0.23227299999999929,-1,-1,0.0,49,49,-0.3413046392890379,,-0.3413046392890379,0.006680587851636784,AUTO_KEEP
beta,beta_A,2024-05-02,sure,0,-1,-1,0,0.0,0.321866,0.0,True,1176,0.3256379516680017,47,48,2.073926418742473,49,49,0.4435695277311671,1.6303568910113058,2.073926418742473,0.10795662326297452,AUTO_KEEP
beta,beta_A,2024-05-03,sure,0,-1,-1,0,0.0,0.0,0.0,True,1176,0.2503732034209385,-1,-1,0.0,49,49,-1.7323603288607214,,-1.7323603288607214,0.001572595656442005,AUTO_KEEP
beta,beta_A,2024-05-04,sure,0,-1,-1,0,0.0,0.2617795,0.0,True,1176,0.36405598015981866,50,50,1.947369509858139,51,51,0.21622225563498398,1.731147254223155,1.947369509858139,0.09996998240764596,AUTO_KEEP
beta,beta_A,2024-05-05,sure,0,-1,-1,0,0.0,0.0,0.0,True,1176,0.3583753291763969,-1,-1,0.0,54,54,-1.2345954536964856,,-1.2345954536964856,0.0023683986327927,AUTO_KEEP
beta,beta_A,2024-05-06,sure,0,-1,-1,0,0.0,0.0,0.0,True,1176,0.2610546897381649,-1,-1,0.0,52,52,-2.5059866016656653,,-2.5059866016656653,0.0009462343004232461,AUTO_KEEP
beta,beta_A,2024-05-07,sure,0,-1,-1,0,0.0,0.0,0.0,True,1176,0.2911710686728597,-1,-1,0.0,55,55,-0.6577510448695526,,-0.6577510448695526,0.0043466779262100715,AUTO_KEEP
beta,beta_A,2024-05-08,sure,0,-1,-1,0,0.0,0.0,0.0,True,1176,0.32364889906729566,-1,-1,0.0,52,52,-0.3087466075104251,,-0.3087466075104251,0.007021625217308902,AUTO_KEEP
beta,beta_A,2024-05-09,sure,0,-1,-1,0,0.0,0.0,0.0,True,1176,0.3083728490151252,-1,-1,0.0,55,55,-0.6565635528434194,,-0.6565635528434194,0.004353009440292537,AUTO_KEEP
beta,beta_A,2024-05-10,sure,0,-1,-1,0,0.0,0.0,0.0,True,1176,0.38718876872162866,-1,-1,0.0,51,51,-1.270251793968166,,-1.270251793968166,0.002293302171737795,AUTO_KEEP
beta,beta_A,2024-05-11,sure,0,-1,-1,0,0.0,0.0,0.0,True,1176,0.2737276664174928,-1,-1,0.0,54,54,-2.995722972703026,,-2.995722972703026,0.0007248451699358838,AUTO_KEEP
beta,beta_A,2024-05-12,sure,0,-1,-1,0,0.0,0.0,0.0,True,1176,0.286122383094515,-1,-1,0.0,50,50,-1.4367852820597693,,-1.4367852820597693,0.001985521945630915,AUTO_KEEP
beta,beta_A,2024-05-13,sure,0,-1,-1,0,0.0,0.0,0.0,True,1176,0.3413836442302287,-1,-1,0.0,57,57,-1.3271849998783964,,-1.3271849998783964,0.002180543747955123,AUTO_KEEP
beta,beta_A,2024-05-14,sure,0,-1,-1,0,0.0,0.0,0.0,True,1176,0.3175298064929102,-1,-1,0.0,52,52,-2.107772481324097,,-2.107772481324097,0.0012097845008504232,AUTO_KEEP
beta,beta_A,2024-05-15,sure,0,-1,-1,0,0.0,0.0,0.0,True,1176,0.3282811959174854,-1,-1,0.0,54,54,-1.8889343331787662,,-1.8889343331787662,0.0014038466242851588,AUTO_KEEP
beta,beta_A,2024-05-16,sure,0,-1,-1,0,0.0,0.0,0.0,True,1176,0.3480868943580102,-1,-1,0.0,53,53,-1.99119035961595,,-1.99119035961595,0.0013078028381437077,AUTO_KEEP
beta,beta_A,2024-05-17,sure,0,-1,-1,0,0.0,0.0,0.0,True,1176,0.31705616118676616,-1,-1,0.0,53,53,-1.2787996458848094,,-1.2787996458848094,0.0022758264602397798,AUTO_KEEP
beta,beta_A,2024-05-18,sure,0,-1,-1,0,0.0,0.0,0.0,True,1176,0.22650919371218947,-1,-1,0.0,40,40,-1.4861027764796075,,-1.4861027764796075,0.0019061465941022974,AUTO_KEEP
beta,beta_A,2024-05-19,unsure,0,-1,-1,0,0.0,0.0,0.0,True,1176,0.29706857616131366,-1,-1,0.0,49,49,-0.8399255876423286,,-0.8399255876423286,0.0035167361780375976,AUTO_KEEP
beta,beta_A,2024-05-20,sure,0,-1,-1,0,0.0,0.0,0.0,True,1176,0.5405171212496036,-1,-1,0.0,42,42,-1.66613765288638,,-1.66613765288638,0.0016531815312569949,AUTO_KEEP
beta,beta_A,2024-05-21,sure,0,-1,-1,0,0.0,0.0,0.0,True,146,0.3405798534898654,-1,-1,0.0,34,34,-3.6517175910834894,,-3.6517175910834894,0.0005316712890248376,AUTO_KEEP
beta,beta_A,2024-05-22,sure,0,-1,-1,0,0.0,0.0,0.0,True,36,0.44785383570615345,-1,-1,0.0,70,70,-3.393070728608345,,-3.393070728608345,0.0005974509161683515,AUTO_KEEP
beta,beta_A,2024-05-23,sure,0,-1,-1,0,0.0,0.0,0.0,True,246,0.4165743224973095,-1,-1,0.0,51,51,-3.462638649027654,,-3.462638649027654,0.0005786146929636384,AUTO_KEEP
beta,beta_A,2024-05-24,sure,0,-1,-1,0,0.0,0.0,0.0,True,1176,0.4614343155675886,-1,-1,0.0,52,52,-2.4663181936356646,,-2.4663181936356646,0.0009684362953653278,AUTO_KEEP
beta,beta_A,2024-05-25,sure,0,-1,-1,0,0.0,0.0,0.0,True,1176,0.3084654585285129,-1,-1,0.0,47,47,-1.6475135834545145,,-1.6475135834545145,0.0016769540050296473,AUTO_KEEP
beta,beta_A,2024-05-26,sure,0,-1,-1,0,0.0,0.0,0.0,True,1176,0.24140119328928655,-1,-1,0.0,49,49,-2.7828237941266547,,-2.7828237941266547,0.0008104404232921705,AUTO_KEEP
beta,beta_A,2024-05-27,sure,0,-1,-1,0,0.0,0.0,0.0,True,1176,0.4296185240864716,-1,-1,0.0,51,51,-2.084572131116189,,-2.084572131116189,0.0012283980732961343,AUTO_KEEP
beta,beta_A,2024-05-28,sure,0,-1,-1,0,0.0,0.0,0.0,True,1176,0.4806813025259711,-1,-1,0.0,49,49,-2.576313920384485,,-2.576313920384485,0.0009086947293339734,AUTO_KEEP
beta,beta_A,2024-05-29,sure,0,-1,-1,0,0.0,0.0,0.0,True,1176,0.43173814255348475,-1,-1,0.0,45,45,-2.8369213588266406,,-2.8369213588266406,0.000787317727134884,AUTO_KEEP
beta,beta_A,2024-05-30,sure,0,-1,-1,0,0.0,0.0,0.0,True,1176,0.3803074802371107,-1,-1,0.0,47,47,-2.5061884902789813,,-2.5061884902789813,0.0009461232522531907,AUTO_KEEP
beta,beta_A,2024-05-31,sure,0,-1,-1,0,0.0,0.0,0.0,True,1176,0.197096421134221,-1,-1,0.0,28,28,-4.342681135686784,,-4.342681135686784,0.00040086106861303753,AUTO_KEEP
beta,beta_A,2024-06-01,sure,0,-1,-1,0,0.0,0.0,0.0,True,1176,0.23110480019249557,-1,-1,0.0,50,50,-3.9379954159696235,,-3.9379954159696235,0.000470710465181216,AUTO_KEEP
beta,beta_A,2024-06-02,sure,0,-1,-1,0,0.0,0.0,0.0,True,1176,0.30568756150029763,-1,-1,0.0,54,54,-1.1335361065391338,,-1.1335361065391338,0.0026023013707646057,AUTO_KEEP
beta,beta_A,2024-06-03,sure,0,-1,-1,0,0.0,0.0,0.0,True,1176,0.49269207059067455,-1,-1,0.0,45,45,-1.158285314695715,,-1.158285314695715,0.0025419388192781446,AUTO_KEEP
beta,beta_A,2024-06-04,sure,0,-1,-1,0,0.0,0.0,0.0,True,1176,0.4626641701886012,-1,-1,0.0,48,48,-1.7456313379310575,,-1.7456313379310575,0.0015571513205167103,AUTO_KEEP
beta,beta_A,2024-06-05,sure,0,-1,-1,0,0.0,0.0,0.0,True,1176,0.486938550996209,-1,-1,0.0,49,49,-1.7071141803671532,,-1.7071141803671532,0.0016026129034110799,AUTO_KEEP
beta,beta_A,2024-06-06,sure,0,-1,-1,0,0.0,0.0,0.0,True,1176,0.44159126261221715,-1,-1,0.0,50,50,-2.0978739091267076,,-2.0978739091267076,0.001217674356595953,AUTO_KEEP
beta,beta_A,2024-06-07,sure,0,-1,-1,0,0.0,0.0,0.0,True,1176,0.33726506567056447,-1,-1,0.0,58,58,-2.5492239407115593,,-2.5492239407115593,0.0009228876981204893,AUTO_KEEP
beta,beta_A,2024-06-08,sure,0,-1,-1,0,0.0,0.0,0.0,True,1176,0.29180501304459483,-1,-1,0.0,44,44,-1.0898217059932713,,-1.0898217059932713,0.002714258846046766,AUTO_KEEP
beta,beta_A,2024-06-09,sure,0,-1,-1,0,0.0,0.0,0.0,True,1176,0.3118796235301744,-1,-1,0.0,55,55,-1.2400129874466443,,-1.2400129874466443,0.002356754830478098,AUTO_KEEP
beta,beta_A,2024-06-10,sure,0,-1,-1,0,0.0,0.0,0.0,True,1176,0.30453710337107864,-1,-1,0.0,43,43,-1.742033039053009,,-1.742033039053009,0.0015613164961302188,AUTO_KEEP
beta,beta_A,2024-06-11,sure,0,-1,-1,0,0.0,0.0,0.0,True,1176,0.47133834209190084,-1,-1,0.0,43,43,-1.4427601891104282,,-1.4427601891104282,0.0019756461154749718,AUTO_KEEP
beta,beta_A,2024-06-12,sure,0,-1,-1,0,0.0,0.0,0.0,True,1176,0.34816009524878133,-1,-1,0.0,48,48,-1.2745647476902306,,-1.2745647476902306,0.00228445964691262,AUTO_KEEP
beta,beta_A,2024-06-13,sure,0,-1,-1,0,0.0,0.0,0.0,True,1176,0.45551069084923235,-1,-1,0.0,45,45,-1.1126902158887515,,-1.1126902158887515,0.002654814894314751,AUTO_KEEP
beta,beta_A,2024-06-14,sure,0,-1,-1,0,0.0,0.0,0.0,True,355,0.45664136865143234,-1,-1,0.0,49,49,-3.428978305834544,,-3.428978305834544,0.0005876163566168272,AUTO_KEEP
beta,beta_A,2024-06-15,sure,0,-1,-1,0,0.0,0.0,0.0,True,1176,0.402852223288221,-1,-1,0.0,55,55,-2.074430798930455,,-2.074430798930455,0.0012366686669230582,AUTO_KEEP
beta,beta_A,2024-06-16,sure,0,-1,-1,0,0.0,0.0,0.0,True,1176,0.17912116281416246,-1,-1,0.0,47,47,-3.3053235960681033,,-3.3053235960681033,0.0006225408504345209,AUTO_KEEP
beta,beta_A,2024-06-17,sure,0,-1,-1,0,0.0,0.0,0.0,True,1176,0.37793753891168613,-1,-1,0.0,47,47,-2.0595212269515555,,-2.0595212269515555,0.001248979342918271,AUTO_KEEP
beta,beta_A,2024-06-18,sure,0,-1,-1,0,0.0,0.0,0.0,True,1176,0.4324333131407272,-1,-1,0.0,60,60,-3.4355265822943952,,-3.4355265822943952,0.0005858489036276768,AUTO_KEEP
beta,beta_A,2024-06-19,sure,0,-1,-1,0,0.0,0.0,0.0,True,1176,0.5363711717851878,-1,-1,0.0,53,53,-3.585837474586496,,-3.585837474586496,0.0005473617134355734,AUTO_KEEP
beta,beta_A,2024-06-20,sure,0,-1,-1,0,0.0,0.0,0.0,True,1176,0.4862225440796166,-1,-1,0.0,58,58,-2.0887515516289556,,-2.0887515516289556,0.00122501357416627,AUTO_KEEP
beta,beta_A,2024-06-21,sure,0,-1,-1,0,0.0,0.0,0.0,True,1176,0.45848061855624245,-1,-1,0.0,41,41,-1.8494517431224615,,-1.8494517431224615,0.0014437597498000204,AUTO_KEEP
beta,beta_A,2024-06-22,sure,0,-1,-1,0,0.0,0.0,0.0,False,0,,-1,-1,,-1,-1,,,,,UNCERTAIN
beta,beta_A,2024-06-23,sure,0,-1,-1,0,0.0,0.0,0.0,True,1176,0.3237881710555861,-1,-1,0.0,42,42,-1.8595288629902451,,-1.8595288629902451,0.0014334136300142152,AUTO_KEEP
beta,beta_A,2024-06-24,sure,0,-1,-1,0,0.0,0.0,0.0,True,1176,0.414124299613853,-1,-1,0.0,52,52,-1.143569286505261,,-1.143569286505261,0.002577576180313522,AUTO_KEEP
beta,beta_A,2024-06-25,sure,0,-1,-1,0,0.0,0.0,0.0,True,1176,0.5703881971206002,-1,-1,0.0,53,53,-3.269960295394923,,-3.269960295394923,0.0006330980514258798,AUTO_KEEP
beta,beta_A,2024-06-26,sure,0,-1,-1,0,0.0,0.0,0.0,True,1176,0.3762936255415834,-1,-1,0.0,41,41,-2.2610242681774526,,-2.2610242681774526,0.0010967518804179295,AUTO_KEEP
beta,beta_A,2024-06-27,sure,0,-1,-1,0,0.0,0.0,0.0,True,1176,0.44830025534219686,-1,-1,0.0,47,47,-2.939156696425844,,-2.939156696425844,0.0007462231958933584,AUTO_KEEP
beta,beta_A,2024-06-28,sure,0,-1,-1,0,0.0,0.0,0.0,True,1176,0.5155793603927066,-1,-1,0.0,49,49,-3.2436940573765978,,-3.2436940573765978,0.0006411130299542048,AUTO_KEEP
beta,beta_A,2024-06-29,sure,0,-1,-1,0,0.0,0.0,0.0,True,1176,0.4437789327255963,-1,-1,0.0,58,58,-1.2238579890532184,,-1.2238579890532184,0.002391731012261236,AUTO_KEEP
beta,beta_A,2024-06-30,sure,0,-1,-1,0,0.0,0.0,0.0,True,1176,0.36288367498118745,-1,-1,0.0,48,48,-2.382992847726455,,-2.382992847726455,0.001017673660365599,AUTO_KEEP
beta,beta_A,2024-07-01,sure,0,-1,-1,0,0.0,0.0,0.0,True,1176,0.4214372429781754,-1,-1,0.0,50,50,-1.8637753683170404,,-1.8637753683170404,0.001429086814540428,AUTO_KEEP
beta,beta_A,2024-07-02,sure,0,-1,-1,0,0.0,0.0,0.0,True,1176,0.3612901252254819,-1,-1,0.0,58,58,-3.0509677275970257,,-3.0509677275970257,0.0007048354529517303,AUTO_KEEP
beta,beta_A,2024-07-03,sure,0,-1,-1,0,0.0,0.0,0.0,True,1176,0.5806007130564517,-1,-1,0.0,49,49,-1.9899212125978212,,-1.9899212125978212,0.0013089341484494494,AUTO_KEEP
beta,beta_A,2024-07-04,sure,0,-1,-1,0,0.0,0.0,0.0,True,1176,0.4681201476515522,-1,-1,0.0,43,43,-2.0492146720676114,,-2.0492146720676114,0.0012575963671416655,AUTO_KEEP
beta,beta_A,2024-07-05,sure,0,-1,-1,0,0.0,0.0,0.0,True,1176,0.4795858707781484,-1,-1,0.0,48,48,-1.9632440128743742,,-1.9632440128743742,0.0013330554329124848,AUTO_KEEP
beta,beta_A,2024-07-06,sure,0,-1,-1,0,0.0,0.0,0.0,True,1176,0.3388208563523296,-1,-1,0.0,53,53,-1.7133172638906913,,-1.7133172638906913,0.0015951589622269348,AUTO_KEEP
beta,beta_A,2024-07-07,sure,0,-1,-1,0,0.0,0.0,0.0,True,1176,0.249448800315486,-1,-1,0.0,56,56,-1.8341292731256957,,-1.8341292731256957,0.0014597056626471908,AUTO_KEEP
beta,beta_A,2024-07-08,sure,0,-1,-1,0,0.0,0.0,0.0,True,1176,0.4145369293398993,-1,-1,0.0,53,53,-2.9787532396426677,,-2.9787532396426677,0.0007311616941665964,AUTO_KEEP
beta,beta_A,2024-07-09,sure,0,-1,-1,0,0.0,0.0,0.0,True,1176,0.3774004406955722,-1,-1,0.0,49,49,-1.8603659456459558,,-1.8603659456459558,0.0014325591737806614,AUTO_KEEP
beta,beta_A,2024-07-10,sure,0,-1,-1,0,0.0,0.0,0.0,True,1176,0.478612108918826,-1,-1,0.0,53,53,-1.537563091157103,,-1.537563091157103,0.0018282579835558871,AUTO_KEEP
beta,beta_A,2024-07-11,sure,0,-1,-1,0,0.0,0.0,0.0,True,1176,0.5370767588928516,-1,-1,0.0,52,52,-1.0394160526217304,,-1.0394160526217304,0.00285248587253509,AUTO_KEEP
beta,beta_A,2024-07-12,sure,0,-1,-1,0,0.0,0.0,0.0,True,1176,0.4011538585634735,-1,-1,0.0,44,44,-1.8351947387096363,,-1.8351947387096363,0.0014585883794488094,AUTO_KEEP
beta,beta_A,2024-07-13,sure,0,-1,-1,0,0.0,0.0,0.0,True,1176,0.33782860572779505,-1,-1,0.0,51,51,-1.6044341125801622,,-1.6044341125801622,0.0017339317828419531,AUTO_KEEP
beta,beta_A,2024-07-14,sure,0,-1,-1,0,0.0,0.0,0.0,True,1176,0.41343719654473254,-1,-1,0.0,52,52,-1.9170817370188755,,-1.9170817370188755,0.001376387487006962,AUTO_KEEP
beta,beta_A,2024-07-15,sure,0,-1,-1,0,0.0,0.0,0.0,True,1176,0.445763940407808,-1,-1,0.0,48,48,-3.7957496710051166,,-3.7957496710051166,0.0004996193009060391,AUTO_KEEP
beta,beta_A,2024-07-16,sure,0,-1,-1,0,0.0,0.0,0.0,True,1176,0.4443550893569821,-1,-1,0.0,56,56,-3.2574965169533283,,-3.2574965169533283,0.0006368825705169981,AUTO_KEEP
beta,beta_A,2024-07-17,sure,0,-1,-1,0,0.0,0.0,0.0,True,1176,0.5086798532757122,-1,-1,0.0,51,51,-1.8843291665514528,,-1.8843291665514528,0.0014084167570476611,AUTO_KEEP
beta,beta_A,2024-07-18,sure,0,-1,-1,0,0.0,0.0,0.0,True,1176,0.5068251134173174,-1,-1,0.0,54,54,-1.1726981852911855,,-1.1726981852911855,0.002507742039638813,AUTO_KEEP
beta,beta_A,2024-07-19,sure,0,-1,-1,0,0.0,0.0,0.0,True,1176,0.39139319734246314,-1,-1,0.0,44,44,-1.9767735934644493,,-1.9767735934644493,0.001320740124139553,AUTO_KEEP
beta,beta_A,2024-07-20,sure,0,-1,-1,0,0.0,0.0,0.0,True,1176,0.395350827611761,-1,-1,0.0,51,51,-1.1865958285700302,,-1.1865958285700302,0.0024754123484361135,AUTO_KEEP
beta,beta_A,2024-07-21,sure,0,-1,-1,0,0.0,0.0,0.0,True,1176,0.4783947924395804,-1,-1,0.0,45,45,-2.0001902194089842,,-2.0001902194089842,0.0012998220355967217,AUTO_KEEP
beta,beta_A,2024-07-22,sure,0,-1,-1,0,0.0,0.0,0.0,True,1176,0.5648134994876663,-1,-1,0.0,50,50,-0.8924544575811416,,-0.8924544575811416,0.0033211152556948263,AUTO_KEEP
beta,beta_A,2024-07-23,sure,0,-1,-1,0,0.0,0.0,0.0,True,1176,0.377370472434011,-1,-1,0.0,49,49,-2.08495991290948,,-2.08495991290948,0.0012280834613590348,AUTO_KEEP
beta,beta_A,2024-07-24,sure,0,-1,-1,0,0.0,0.0,0.0,True,1176,0.37478724744873837,-1,-1,0.0,43,43,-1.1730119126280971,,-1.1730119126280971,0.0025070053058119414,AUTO_KEEP
beta,beta_A,2024-07-25,sure,0,-1,-1,0,0.0,0.0,0.0,True,1176,0.45588812527888045,-1,-1,0.0,47,47,-1.4997911725176332,,-1.4997911725176332,0.0018849528581020587,AUTO_KEEP
beta,beta_A,2024-07-26,sure,0,-1,-1,0,0.0,2.2881565000000004,0.0,True,1176,0.41222636902287846,48,55,2.495856370394463,47,47,-0.35621441230506656,2.495856370394463,2.495856370394463,0.1359460799757827,AUTO_KEEP
beta,beta_A,2024-07-27,sure,0,-1,-1,0,0.0,0.0,0.0,True,1176,0.46899958464052993,-1,-1,0.0,56,56,-2.379517873409547,,-2.379517873409547,0.0010198074652145771,AUTO_KEEP
beta,beta_A,2024-07-28,sure,0,-1,-1,0,0.0,0.0,0.0,True,1176,0.4629138525494394,-1,-1,0.0,52,52,-2.3522976436210072,,-2.3522976436210072,0.0010367550370619025,AUTO_KEEP
beta,beta_A,2024-07-29,sure,0,-1,-1,0,0.0,0.0,0.0,True,1176,0.5284473330260973,-1,-1,0.0,46,46,-1.7240813460242614,,-1.7240813460242614,0.0015823462804716011,AUTO_KEEP
beta,beta_A,2024-07-30,sure,0,-1,-1,0,0.0,0.0,0.0,True,1176,0.5722275679883264,-1,-1,0.0,48,48,-1.6732501643345294,,-1.6732501643345294,0.001644235134217821,AUTO_KEEP
beta,beta_A,2024-07-31,sure,0,-1,-1,0,0.0,0.0,0.0,True,1176,0.4224716412692864,-1,-1,0.0,49,49,-1.9194297803665719,,-1.9194297803665719,0.0013741330912446557,AUTO_KEEP
beta,beta_A,2024-08-01,sure,0,-1,-1,0,0.0,0.0,0.0,True,1176,0.5711120694449718,-1,-1,0.0,41,41,-2.17221718544611,,-2.17221718544611,0.0011602307235159769,AUTO_KEEP
beta,beta_A,2024-08-02,sure,0,-1,-1,0,0.0,0.0,0.0,True,1176,0.3948941967163222,-1,-1,0.0,55,55,-0.670162675001142,,-0.670162675001142,0.004281313289066327,AUTO_KEEP
beta,beta_A,2024-08-03,sure,0,-1,-1,0,0.0,0.0,0.0,True,1176,0.331388842496505,-1,-1,0.0,51,51,-1.4834840027950673,,-1.4834840027950673,0.0019102416596166478,AUTO_KEEP
beta,beta_A,2024-08-04,sure,0,-1,-1,0,0.0,0.0,0.0,True,136,0.3918114132285684,-1,-1,0.0,38,38,-3.7565752671298522,,-3.7565752671298522,0.0005080457226767719,AUTO_KEEP
beta,beta_A,2024-08-05,sure,0,-1,-1,0,0.0,0.0,0.0,True,465,0.35287300000000066,-1,-1,0.0,43,43,-2.4767902665595223,,-2.4767902665595223,0.0009625003970011345,AUTO_KEEP
beta,beta_A,2024-08-06,sure,0,-1,-1,0,0.0,0.0,0.0,True,1176,0.4771661780560912,-1,-1,0.0,52,52,-1.6303846592938458,,-1.6303846592938458,0.001699270298758728,AUTO_KEEP
beta,beta_A,2024-08-07,sure,0,-1,-1,0,0.0,0.069286,0.0,True,1176,0.4689824795367876,52,52,2.2364600683869034,47,47,0.30402991954849196,1.9324301488384115,2.2364600683869034,0.11850459162832587,AUTO_KEEP
beta,beta_A,2024-08-08,sure,0,-1,-1,0,0.0,0.0,0.0,True,1176,0.48790700283579014,-1,-1,0.0,50,50,-1.0041311081083215,,-1.0041311081083215,0.002955576927059026,AUTO_KEEP
beta,beta_A,2024-08-09,sure,0,-1,-1,0,0.0,0.0,0.0,True,1176,0.3734436083374124,-1,-1,0.0,52,52,-0.2277487344326365,,-0.2277487344326365,0.007991333079417283,AUTO_KEEP
beta,beta_A,2024-08-10,sure,0,-1,-1,0,0.0,1.7404185,0.0,True,1176,0.3156331073648264,50,53,1.6125611571140022,46,46,-0.6799852464370253,1.6125611571140022,1.6125611571140022,0.07991058145773358,AUTO_KEEP
beta,beta_A,2024-08-11,sure,0,-1,-1,0,0.0,0.0,0.0,True,1176,0.3576775298055388,-1,-1,0.0,54,54,-2.702207995311412,,-2.702207995311412,0.0008468205941844748,AUTO_KEEP
beta,beta_A,2024-08-12,sure,0,-1,-1,0,0.0,0.0,0.0,True,1176,0.46699342465244875,-1,-1,0.0,40,40,-3.3242913133347454,,-3.3242913133347454,0.0006169860506658774,AUTO_KEEP
beta,beta_A,2024-08-13,sure,0,-1,-1,0,0.0,0.0,0.0,True,1176,0.4347537328640616,-1,-1,0.0,58,58,-2.4892623624124415,,-2.4892623624124415,0.0009555012716902795,AUTO_KEEP
beta,beta_A,2024-08-14,sure,0,-1,-1,0,0.0,0.0,0.0,True,1176,0.44082943139296127,-1,-1,0.0,28,28,-3.898788355635905,,-3.898788355635905,0.0004784245783379514,AUTO_KEEP
beta,beta_A,2024-08-15,sure,0,-1,-1,0,0.0,0.0,0.0,True,1176,0.4227691538061116,-1,-1,0.0,57,57,-1.491095766509372,,-1.491095766509372,0.0018983750260405919,AUTO_KEEP
beta,beta_A,2024-08-16,sure,0,-1,-1,0,0.0,0.0,0.0,True,1176,0.4013427187318577,-1,-1,0.0,53,53,-1.6896083725348452,,-1.6896083725348452,0.0016239307767500284,AUTO_KEEP
beta,beta_A,2024-08-17,unsure,0,-1,-1,0,0.0,1.1682555,0.0,True,1176,0.32181967131023725,51,51,6.505825045132728,42,46,3.766719521471804,2.7391055236609243,6.505825045132728,0.4278807819546117,UNCERTAIN
beta,beta_A,2024-08-18,sure,0,-1,-1,0,0.0,0.0,0.0,True,1176,0.3732418710822305,-1,-1,0.0,44,44,-1.8007223739650566,,-1.8007223739650566,0.001495394131787254,AUTO_KEEP
beta,beta_A,2024-08-19,sure,0,-1,-1,0,0.0,0.0,0.0,True,1176,0.407347645663112,-1,-1,0.0,51,51,-1.8660556424095314,,-1.8660556424095314,0.0014267714387889362,AUTO_KEEP
beta,beta_A,2024-08-20,unsure,0,-1,-1,0,0.0,0.8763154999999999,0.0,True,1176,0.41013490489052273,44,51,8.402845574167534,52,52,2.261787001422076,6.141058572745458,8.402845574167534,0.5422014380428698,UNCERTAIN
beta,beta_A,2024-08-21,unsure,0,-1,-1,0,0.0,0.0901695,0.0,True,1176,0.41817462089314894,54,54,2.5190088193258715,45,48,2.2683618884878163,0.2506469308380552,2.5190088193258715,0.1375357420677434,AUTO_KEEP
beta,beta_A,2024-08-22,sure,0,-1,-1,0,0.0,4.6613915,0.0,True,1176,0.24115926222827788,48,56,0.978245282620541,47,47,-0.5159008754692499,0.978245282620541,0.978245282620541,0.04693281420614807,AUTO_KEEP
beta,beta_A,2024-08-23,sure,0,-1,-1,0,0.0,2.1084915000000004,0.0,True,1176,0.4090352871560974,48,56,5.046450931793137,46,47,0.4935933419899503,4.552857589803187,5.046450931793137,0.3248442690029967,UNCERTAIN
beta,beta_A,2024-08-24,sure,0,-1,-1,0,0.0,2.9930095000000003,0.0,True,1176,0.2855834743966703,46,50,3.44733358712793,41,41,1.8301634613027256,1.6171701258252043,3.44733358712793,0.2045230698215283,AUTO_KEEP
beta,beta_A,2024-08-25,sure,0,-1,-1,0,0.0,0.0,0.0,True,1176,0.21052193471772895,-1,-1,0.0,49,49,-2.82082321134019,,-2.82082321134019,0.0007940946862842421,AUTO_KEEP
beta,beta_A,2024-08-26,sure,1,41,55,15,17.162097499999998,17.193638,17.162097499999998,True,1176,0.38447219484378614,41,56,33.5080008321554,40,40,0.09517031984822717,33.412830512307174,33.5080008321554,0.9438402644721652,AUTO_CORRECT
beta,beta_A,2024-08-27,sure,1,41,53,13,15.716909,15.831046,15.716909,True,1176,0.493851336287193,40,55,29.175706123830505,56,56,0.19898162118315207,28.976724502647354,29.175706123830505,0.9274433242407819,AUTO_CORRECT
beta,beta_A,2024-08-28,sure,0,-1,-1,0,0.0,0.2458475,0.0,True,1176,0.3836427290618829,51,54,3.170890969912476,55,55,3.0470471633742804,0.12384380653819571,3.170890969912476,0.1840437505942041,AUTO_KEEP
beta,beta_A,2024-08-29,sure,0,-1,-1,0,0.0,0.5514555,0.0,True,1176,0.4580562148588889,49,54,8.642883582092608,46,48,0.3235888089445049,8.319294773148103,8.642883582092608,0.5549362844188259,UNCERTAIN
beta,beta_A,2024-08-30,sure,0,-1,-1,0,0.0,3.1248700000000005,0.0,True,1176,0.3295644429746236,39,56,1.2522904193100044,57,57,-2.4744621385178376,1.2522904193100044,1.2522904193100044,0.060296767937830086,AUTO_KEEP
beta,beta_A,2024-08-31,sure,1,44,55,12,18.6386685,20.1195835,18.6386685,True,1176,0.30657491253724345,42,59,25.020497536251384,41,41,0.0803164112190621,24.94018112503232,25.020497536251384,0.9042886317103366,AUTO_CORRECT
beta,beta_A,2024-09-01,sure,0,-1,-1,0,0.0,0.1857325,0.0,True,1176,0.2684526678601049,44,47,2.9388903099262245,52,54,2.2995582372954697,0.6393320726307548,2.9388903099262245,0.16715224381313756,AUTO_KEEP
beta,beta_A,2024-09-02,sure,0,-1,-1,0,0.0,0.0028375,0.0,True,1176,0.3223027952009705,52,52,0.917193927124274,46,49,0.40472400962236077,0.5124699175019133,0.917193927124274,0.044153638230763056,AUTO_KEEP
beta,beta_A,2024-09-03,sure,1,39,58,20,31.537669999999995,31.657388499999996,31.537669999999995,True,1176,0.4003066599826486,39,59,46.61954366565449,60,60,-2.3136188682230916,46.61954366565449,46.61954366565449,0.9700781771446667,AUTO_CORRECT
beta,beta_A,2024-09-04,sure,1,40,59,20,27.519648999999998,27.833467499999998,27.519648999999998,True,1176,0.42509567613388555,39,59,44.93616190595418,60,60,-2.971690520217497,44.93616190595418,44.93616190595418,0.9678717118615644,AUTO_CORRECT
beta,beta_A,2024-09-05,sure,1,42,56,15,20.605358499999998,21.3369155,20.605358499999998,True,1176,0.39518812904186795,41,58,29.440402997534914,39,39,0.6279872449172648,28.81241575261765,29.440402997534914,0.9286332285037374,AUTO_CORRECT
beta,beta_A,2024-09-06,sure,0,-1,-1,0,0.0,0.0203125,0.0,True,1176,0.3355302960157296,43,47,0.3720724302979731,49,49,0.31560124217436586,0.05647118812360724,0.3720724302979731,0.02281113056308469,AUTO_KEEP
beta,beta_A,2024-09-07,unsure,1,44,50,7,2.0262470000000006,4.9771905,2.0262470000000006,True,1176,0.23879190751176793,39,51,11.470346908402176,56,56,-0.8869520461399897,11.470346908402176,11.470346908402176,0.6781372086164145,UNCERTAIN
beta,beta_A,2024-09-08,sure,0,-1,-1,0,0.0,0.0,0.0,True,1176,0.3017777185085251,-1,-1,0.0,42,42,-2.732097374556734,,-2.732097374556734,0.0008330535348805965,AUTO_KEEP
beta,beta_A,2024-09-09,sure,0,-1,-1,0,0.0,0.8332539999999999,0.0,True,1176,0.43320622069145287,51,58,1.0463631758520195,50,50,-0.37027348055362574,1.0463631758520195,1.0463631758520195,0.050120667364947774,AUTO_KEEP
beta,beta_A,2024-09-10,sure,1,42,58,17,25.503778,28.193507999999998,25.503778,True,1176,0.4286531454094771,38,59,34.10684261242452,36,36,-2.7122764155216297,34.10684261242452,34.10684261242452,0.9456720607282637,AUTO_CORRECT
beta,beta_A,2024-09-11,sure,1,39,51,13,16.115204,16.3987145,16.0511995,True,1176,0.42800695528192456,38,50,27.887491179496802,56,57,4.113351633029407,23.774139546467396,27.887491179496802,0.9212211375622436,AUTO_CORRECT
beta,beta_A,2024-09-12,sure,0,-1,-1,0,0.0,0.1441195,0.0,True,1176,0.36215898100446964,58,58,0.5709113658155708,59,59,-0.01408399696068778,0.5709113658155708,0.5709113658155708,0.029848095032762274,AUTO_KEEP
beta,beta_A,2024-09-13,sure,0,-1,-1,0,0.0,0.0,0.0,True,1176,0.4394128333642442,-1,-1,0.0,38,38,-1.3760059950663002,,-1.3760059950663002,0.002090301318785495,AUTO_KEEP
beta,beta_A,2024-09-14,sure,1,41,59,19,35.1315915,33.8856505,33.8024515,True,1176,0.3282549581678147,40,57,47.986738115121554,59,59,-0.2719560685245248,47.986738115121554,47.986738115121554,0.9717096845889645,AUTO_CORRECT
beta,beta_A,2024-09-15,sure,0,-1,-1,0,0.0,1.3299615,0.0,True,1176,0.2752374074837327,38,39,0.9960355198069231,55,55,0.18873278765344556,0.8073027321534775,0.9960355198069231,0.04775659773713871,AUTO_KEEP
beta,beta_A,2024-09-16,sure,1,39,59,21,46.0384475,46.521452499999995,46.0384475,True,1176,0.3964374506124635,38,60,53.22266826615865,37,37,-2.157498764212297,53.22266826615865,53.22266826615865,0.9768810612007738,AUTO_CORRECT
beta,beta_A,2024-09-17,sure,1,39,59,21,38.57891,39.123262,38.57891,True,1176,0.45405271179076045,38,60,55.96060626638815,37,37,-1.949627384057999,55.96060626638815,55.96060626638815,0.9790452368533221,AUTO_CORRECT
beta,beta_A,2024-09-18,sure,1,37,59,23,46.8739045,46.8739045,46.8739045,True,1176,0.38891132029807807,37,59,63.14240846504079,60,60,-2.097340212881852,63.14240846504079,63.14240846504079,0.9834791001419151,AUTO_CORRECT
beta,beta_A,2024-09-19,sure,1,37,58,22,17.3392815,18.161061500000002,17.238695000000003,True,529,0.3485203032817683,49,60,4.590859015385559,37,42,0.16267043936389947,4.428188576021659,4.590859015385559,0.2908170501948445,AUTO_KEEP
beta,beta_A,2024-09-20,sure,1,37,53,17,31.593706,31.884199500000005,31.593706,True,1176,0.4401067249641617,36,56,35.042896946142335,58,58,0.007467817298551549,35.03542912884378,35.042896946142335,0.9483650628273725,AUTO_CORRECT
beta,beta_A,2024-09-21,sure,1,38,58,21,46.8995715,48.087138,46.8995715,True,1176,0.24647444264956953,37,60,59.30955136688672,61,61,-2.373106948054665,59.30955136688672,59.30955136688672,0.9813075519147205,AUTO_CORRECT
beta,beta_A,2024-09-22,sure,0,-1,-1,0,0.0,0.8231825,0.0,True,1176,0.3114637982817001,43,58,0.9085315188029787,39,39,0.08998945426780396,0.8185420645351748,0.9085315188029787,0.043765360779710175,AUTO_KEEP
beta,beta_A,2024-09-23,sure,1,37,57,21,38.014471500000006,38.491138500000005,38.014471500000006,True,1176,0.38450857822437357,36,58,57.62038689776079,35,35,-2.830355381109728,57.62038689776079,57.62038689776079,0.9802142673525979,AUTO_CORRECT
beta,beta_A,2024-09-24,sure,0,-1,-1,0,0.0,4.741815,0.0,True,1176,0.3834756529358856,38,53,4.273527338821634,54,54,-0.744624490704833,4.273527338821634,4.273527338821634,0.2668562407160632,AUTO_KEEP
beta,beta_A,2024-09-25,sure,0,-1,-1,0,0.0,0.0,0.0,True,1176,0.34900657520924305,-1,-1,0.0,45,45,-1.1191479893209269,,-1.1191479893209269,0.0026383795100428102,AUTO_KEEP
beta,beta_A,2024-09-26,sure,0,-1,-1,0,0.0,0.0,0.0,True,1176,0.27140540301661,-1,-1,0.0,40,40,-3.7087567085474284,,-3.7087567085474284,0.0005186215891871082,AUTO_KEEP
beta,beta_A,2024-09-27,sure,0,-1,-1,0,0.0,1.859225,0.0,True,1176,0.39112682579522584,49,56,1.302589631088258,48,48,-0.5111114027872963,1.302589631088258,1.302589631088258,0.06290108000304077,AUTO_KEEP
beta,beta_A,2024-09-28,sure,0,-1,-1,0,0.0,0.752323,0.0,True,1176,0.28284984878729347,46,47,1.40057892862408,55,55,1.1118743554870503,0.2887045731370297,1.40057892862408,0.06810296504106293,AUTO_KEEP
beta,beta_A,2024-09-29,sure,0,-1,-1,0,0.0,0.0,0.0,True,1176,0.38881567857193744,-1,-1,0.0,42,42,-0.895235184848435,,-0.895235184848435,0.003311214518273824,AUTO_KEEP
beta,beta_A,2024-09-30,sure,0,-1,-1,0,0.0,10.679789999999999,0.0,True,1176,0.34268833152168376,52,58,2.3083409328833673,45,45,-0.1527214904495472,2.3083409328833673,2.3083409328833673,0.12326665400124001,AUTO_KEEP
beta,beta_B,2023-10-01,unsure,0,-1,-1,0,0.0,14.2843615,0.0,True,1176,0.04435885630747993,36,56,14.010215164405679,33,33,-2.1791608827896796,14.010215164405679,14.010215164405679,0.6776537324198293,UNCERTAIN
beta,beta_B,2023-10-02,sure,1,40,63,24,31.005809,33.3532815,31.005809,True,1176,0.18005148993020992,37,63,44.880365013612845,26,26,-1.5449338378032897,44.880365013612845,44.880365013612845,0.9570901791669673,AUTO_CORRECT
beta,beta_B,2023-10-03,sure,1,39,54,16,16.909328000000002,18.833612,16.909328000000002,True,1176,0.003923539950589472,37,55,14.743584002940938,56,56,-1.3741620429832668,14.743584002940938,14.743584002940938,0.6992740874974103,UNCERTAIN
beta,beta_B,2023-10-04,unsure,0,-1,-1,0,0.0,21.154017000000003,0.0,True,1176,0.1364060222088721,38,56,12.447186905178013,58,58,-0.143962594616699,12.447186905178013,12.447186905178013,0.6249405553082001,UNCERTAIN
beta,beta_B,2023-10-05,sure,1,38,66,29,67.80448,76.257511,67.80448,True,1176,0.06885119056237965,34,68,41.0795470107386,69,69,-1.84887069019305,41.0795470107386,41.0795470107386,0.9489234760013127,AUTO_CORRECT
beta,beta_B,2023-10-06,sure,1,38,62,25,57.037152000000006,60.059513,57.037152000000006,True,1176,0.09111927134585507,36,63,50.843184919190605,64,64,-1.4620056186453454,50.843184919190605,50.843184919190605,0.9665304547403312,AUTO_CORRECT
beta,beta_B,2023-10-07,sure,1,43,65,23,32.788823,36.8753645,32.788823,True,1176,0.10105069531088606,42,68,26.348257372290604,41,41,-1.3738094952548447,26.348257372290604,26.348257372290604,0.8819615651251933,AUTO_CORRECT
beta,beta_B,2023-10-08,sure,1,37,65,29,36.68585349999999,40.944187,36.68585349999999,True,1176,0.1012235946564708,34,66,38.11656883135192,33,33,-1.8549894522001156,38.11656883135192,38.11656883135192,0.9409030635891681,AUTO_CORRECT
beta,beta_B,2023-10-09,sure,1,38,65,28,61.450131999999996,63.979016,61.450131999999996,True,1176,0.02474367557848467,36,66,47.27544996435156,67,67,-2.6825362885776562,47.27544996435156,47.27544996435156,0.9612967895606224,AUTO_CORRECT
beta,beta_B,2023-10-10,sure,1,37,62,26,40.643607499999995,35.08865300000001,34.130300000000005,True,1176,0.13556408374098394,36,56,25.81712388809821,57,57,-0.7893947944477592,25.81712388809821,25.81712388809821,0.8775769026142212,AUTO_CORRECT
beta,beta_B,2023-10-11,sure,1,40,64,25,34.10406,34.11648,33.486507,True,1176,0.13778211723041345,41,65,34.49085386830237,40,40,-0.9411702713404011,34.49085386830237,34.49085386830237,0.9283786996120172,AUTO_CORRECT
beta,beta_B,2023-10-12,sure,1,36,62,27,43.34318599999999,42.91292299999999,42.91292299999999,True,1176,0.05837366852887804,36,61,34.71013265707513,62,62,-1.6228865753161659,34.71013265707513,34.71013265707513,0.9292396064622674,AUTO_CORRECT
beta,beta_B,2023-10-13,sure,1,37,65,29,63.223760500000004,66.740628,63.223760500000004,True,1176,0.12981449529181344,35,67,54.75318032467342,34,34,-3.2863343440704376,54.75318032467342,54.75318032467342,0.9711613167927579,AUTO_CORRECT
beta,beta_B,2023-10-14,sure,1,37,63,27,51.671279,53.72358750000001,51.671279,True,1176,0.0002815756783212109,36,65,46.24479672081107,66,66,-3.5304048270750337,46.24479672081107,46.24479672081107,0.9595633987076678,AUTO_CORRECT
beta,beta_B,2023-10-15,sure,1,37,62,26,41.651832999999996,43.365698,41.651832999999996,True,1176,0.022332237976629088,36,64,55.25054690590968,65,65,-2.777453061577225,55.25054690590968,55.25054690590968,0.9716824814922022,AUTO_CORRECT
beta,beta_B,2023-10-16,sure,1,37,63,27,42.688805,43.80355399999999,42.0263085,True,1176,0.04004489154811619,35,62,29.38047730522694,63,63,-1.1539928298829627,29.38047730522694,29.38047730522694,0.9032090985146702,AUTO_CORRECT
beta,beta_B,2023-10-17,sure,1,37,58,22,44.141783,59.6253985,44.141783,True,1176,0.004634124313491306,34,66,31.089429213254622,67,67,-1.6773962484186644,31.089429213254622,31.089429213254622,0.9128613194471484,AUTO_CORRECT
beta,beta_B,2023-10-18,sure,1,47,66,20,35.3547015,48.65348049999999,35.3547015,True,1176,0.042329045788389585,38,67,34.24731691727002,37,37,-1.5509489190098007,34.24731691727002,34.24731691727002,0.92740486057661,AUTO_CORRECT
beta,beta_B,2023-10-19,sure,1,46,61,16,17.137946,22.392602499999995,17.137946,True,1176,0.18542558529494624,45,67,19.3979185622455,44,44,-1.9586733951557438,19.3979185622455,19.3979185622455,0.8008034253201438,AUTO_CORRECT
beta,beta_B,2023-10-20,sure,1,37,65,29,54.06279400000001,54.79657500000001,54.06279400000001,True,1176,0.01716552162124607,36,65,51.368317821780956,66,66,-3.236578033315619,51.368317821780956,51.368317821780956,0.9672128086970453,AUTO_CORRECT
beta,beta_B,2023-10-21,sure,1,39,61,23,29.029303,31.649093999999998,29.029303,True,1176,0.0896715961663137,36,61,39.08418380100052,65,65,-1.8677744391222713,39.08418380100052,39.08418380100052,0.9437106243872947,AUTO_CORRECT
beta,beta_B,2023-10-22,sure,1,40,57,18,9.6250955,12.870386500000002,9.5695735,True,1176,0.03777273169526918,36,56,16.549868649427005,57,57,-0.15139957259092793,16.549868649427005,16.549868649427005,0.7452492761538921,AUTO_CORRECT
beta,beta_B,2023-10-23,sure,1,36,64,29,56.452897,58.9858945,56.452897,True,1176,0.04013536485403435,34,65,53.99715204510755,33,33,-2.591053840573455,53.99715204510755,53.99715204510755,0.9703419461520643,AUTO_CORRECT
beta,beta_B,2023-10-24,sure,1,37,60,24,39.071214499999996,40.9869875,39.071214499999996,True,1176,0.05007595694567346,35,60,32.429780627480554,61,61,-1.2488689542848943,32.429780627480554,32.429780627480554,0.9195006538613218,AUTO_CORRECT
beta,beta_B,2023-10-25,sure,1,39,63,25,47.416140500000004,47.6850715,46.291788,True,1176,0.15129681988327803,40,65,49.49899080284821,39,39,-1.096786947026878,49.49899080284821,49.49899080284821,0.9646867940943936,AUTO_CORRECT
beta,beta_B,2023-10-26,sure,0,-1,-1,0,0.0,0.0,0.0,True,1176,0.019067654030707537,-1,-1,0.0,47,47,-1.6780528246450364,,-1.6780528246450364,0.0008537051476703065,AUTO_KEEP
beta,beta_B,2023-10-27,sure,1,43,53,11,20.334346999999998,31.184511,20.334346999999998,True,1176,0.1288072896884529,37,54,8.158448928428424,62,62,-1.644443149949133,8.158448928428424,8.158448928428424,0.4252317708031864,UNCERTAIN
beta,beta_B,2023-10-28,unsure,0,-1,-1,0,0.0,17.232979999999998,0.0,True,1176,0.03622396371403891,54,67,2.4332344978979386,42,44,-0.09438567597163103,2.4332344978979386,2.4332344978979386,0.08507102632380098,AUTO_KEEP
beta,beta_B,2023-10-29,sure,1,35,65,31,57.730408000000004,59.513021,57.730408000000004,True,1176,0.016868281242517824,34,66,60.69423667623115,67,67,-1.6754705133212455,60.69423667623115,60.69423667623115,0.9765879107606917,AUTO_CORRECT
beta,beta_B,2023-10-30,sure,1,36,61,26,48.40753350000001,49.543683,48.40753350000001,True,1176,0.01592919043983443,35,62,39.10513274789768,63,63,-2.655965568188477,39.10513274789768,39.10513274789768,0.9437692647434454,AUTO_CORRECT
beta,beta_B,2023-10-31,sure,1,42,63,22,24.587217000000003,21.3401685,21.3401685,True,1176,0.0044898675090720985,45,62,33.065310753753096,44,44,-0.7331231746525406,33.065310753753096,33.065310753753096,0.9223984681197639,AUTO_CORRECT
beta,beta_B,2023-11-01,sure,1,39,65,27,33.017134500000004,26.943054999999994,26.943054999999994,True,1176,0.06653960923427338,44,65,19.961450917863203,43,43,-1.310278878671642,19.961450917863203,19.961450917863203,0.8098336582768518,AUTO_CORRECT
beta,beta_B,2023-11-02,unsure,1,37,66,30,48.620223499999994,52.53833899999999,48.620223499999994,True,1176,0.03137787349651511,34,67,35.38147884018887,70,70,-3.079574167988146,35.38147884018887,35.38147884018887,0.9317850154480666,AUTO_CORRECT
beta,beta_B,2023-11-03,unsure,1,46,65,20,30.64956,44.0314105,30.64956,True,1176,0.017200736447860798,33,66,30.162248831864883,70,70,-1.9982850614957248,30.162248831864883,30.162248831864883,0.9078036318473401,AUTO_CORRECT
beta,beta_B,2023-11-04,unsure,1,39,65,27,41.162901500000004,41.77871000000001,40.14032000000001,True,1176,0.004284625234708628,40,66,23.323821434132892,39,39,-1.2036925544190247,23.323821434132892,23.323821434132892,0.8536356420876697,AUTO_CORRECT
beta,beta_B,2023-11-05,sure,0,-1,-1,0,0.0,0.0,0.0,True,1176,4.2961452878742534e-05,-1,-1,0.0,69,69,-3.0528196764649422,,-3.0528196764649422,0.00035576813268991235,AUTO_KEEP
beta,beta_B,2023-11-06,unsure,0,-1,-1,0,0.0,0.0,0.0,True,1176,0.0093253372944304,-1,-1,0.0,36,42,-0.0887664405190451,,-0.0887664405190451,0.005694541867958822,AUTO_KEEP
beta,beta_B,2023-11-07,sure,1,42,63,22,40.1321285,46.50114649999999,40.1321285,True,1176,0.017610437920303035,38,65,34.7896508884112,34,34,-2.0160182293817814,34.7896508884112,34.7896508884112,0.9295481398477425,AUTO_CORRECT
beta,beta_B,2023-11-08,sure,1,36,65,30,55.38522400000001,57.942542499999995,55.38522400000001,True,1176,0.054905110377149846,34,66,43.576733251187534,67,67,-1.8194794536063044,43.576733251187534,43.576733251187534,0.954516944470425,AUTO_CORRECT
beta,beta_B,2023-11-09,unsure,1,36,60,25,43.803332499999996,25.467216999999998,25.467216999999998,True,1176,0.01757781180914364,45,60,24.18098759728345,44,44,-1.073069316999258,24.18098759728345,24.18098759728345,0.8625476993137747,AUTO_CORRECT
beta,beta_B,2023-11-10,sure,1,47,64,18,28.0652695,44.41183550000001,28.0652695,True,1176,0.08468755001331552,34,65,60.83258452139055,33,33,-1.8943645271695762,60.83258452139055,60.83258452139055,0.9766959251337295,AUTO_CORRECT
beta,beta_B,2023-11-11,sure,1,37,56,20,20.467409500000002,22.2649535,20.467409500000002,True,1176,0.019360871807111657,35,56,23.37633979885306,57,57,-1.6857564925062118,23.37633979885306,23.37633979885306,0.8542043468987587,AUTO_CORRECT
beta,beta_B,2023-11-12,unsure,0,-1,-1,0,0.0,4.942682,0.0,True,1176,0.06921835515001096,40,56,10.118392574126704,57,57,-0.615840129363943,10.118392574126704,10.118392574126704,0.5271203842015073,UNCERTAIN
beta,beta_B,2023-11-13,unsure,0,-1,-1,0,0.0,5.2146215,0.0,True,1176,0.0984677129210425,61,64,0.5685349725951604,48,48,-0.7858750765429429,0.5685349725951604,0.5685349725951604,0.017442564974272455,AUTO_KEEP
beta,beta_B,2023-11-14,sure,1,36,60,25,44.54146050000001,47.2704975,44.54146050000001,True,1176,0.0394480259269665,34,61,25.79140990325849,62,62,-1.8886167271349574,25.79140990325849,25.79140990325849,0.8773588732503765,AUTO_CORRECT
beta,beta_B,2023-11-15,unsure,0,-1,-1,0,0.0,25.39865,0.0,True,1176,0.07996364942817724,38,61,22.2891558144485,63,63,-1.4199618096117315,22.2891558144485,22.2891558144485,0.8417785043511802,AUTO_CORRECT
beta,beta_B,2023-11-16,sure,1,42,58,17,17.920948000000003,18.541147000000002,17.920948000000003,True,1176,0.11255359698860001,42,59,30.79020179866212,60,60,-0.9294567959414489,30.79020179866212,30.79020179866212,0.911273111000514,AUTO_CORRECT
beta,beta_B,2023-11-17,unsure,1,40,67,28,42.0536075,30.4735025,29.6412445,True,1176,0.09494036731085576,50,68,19.902459725408175,40,46,0.39281895253438975,19.509640772873784,19.902459725408175,0.8089145288965548,AUTO_CORRECT
beta,beta_B,2023-11-18,sure,1,41,67,27,44.736284500000004,47.675835500000005,44.736284500000004,True,1176,0.04187672204556847,39,68,55.14327235098606,37,37,-2.3193302313819166,55.14327235098606,55.14327235098606,0.9715712419428956,AUTO_CORRECT
beta,beta_B,2023-11-19,sure,1,36,62,27,45.7815105,50.102481499999996,45.7815105,True,1176,0.06890774949784273,33,64,46.94383976997784,65,65,-2.1763885328873678,46.94383976997784,46.94383976997784,0.9607510424133133,AUTO_CORRECT
beta,beta_B,2023-11-20,sure,0,-1,-1,0,0.0,0.0,0.0,True,1176,0.08639148985734035,-1,-1,0.0,54,54,-0.942862914875458,,-0.942862914875458,0.0016809945767006145,AUTO_KEEP
beta,beta_B,2023-11-21,unsure,0,-1,-1,0,0.0,0.0,0.0,True,1176,0.12452914363655765,-1,-1,0.0,52,52,-0.7714603087056794,,-0.7714603087056794,0.002042659166543419,AUTO_KEEP
beta,beta_B,2023-11-22,sure,1,49,64,16,16.769994,20.1853855,16.769994,True,1176,0.06833510615524574,47,65,19.082516327364097,44,44,-1.41768369524638,19.082516327364097,19.082516327364097,0.7954967850554256,AUTO_CORRECT
beta,beta_B,2023-11-23,sure,0,-1,-1,0,0.0,0.0,0.0,True,1176,0.004017567156410884,-1,-1,0.0,54,54,-0.7910321288558472,,-0.7910321288558472,0.001995856071841076,AUTO_KEEP
beta,beta_B,2023-11-24,sure,0,-1,-1,0,0.0,0.0,0.0,True,1176,0.0668307739263252,-1,-1,0.0,45,45,-1.4455448386674137,,-1.4455448386674137,0.001034203497277487,AUTO_KEEP
beta,beta_B,2023-11-25,sure,0,-1,-1,0,0.0,0.0,0.0,True,1176,0.06770863027574947,-1,-1,0.0,54,54,-1.3544106272574443,,-1.3544106272574443,0.0011205535574650616,AUTO_KEEP
beta,beta_B,2023-11-26,unsure,0,-1,-1,0,0.0,16.8419835,0.0,True,1176,0.003663720737994147,36,52,26.092949646631222,60,61,0.5305248852908955,25.562424761340328,26.092949646631222,0.8798818781990597,AUTO_CORRECT
beta,beta_B,2023-11-27,sure,1,41,56,16,13.799742499999999,25.462115500000003,13.799742499999999,True,1176,0.0036423121239570477,38,59,0.41937675111258593,66,66,-0.9378258799089119,0.41937675111258593,0.41937675111258593,0.01416845801278669,AUTO_KEEP
beta,beta_B,2023-11-28,unsure,0,-1,-1,0,0.0,0.0,0.0,True,1176,0.004297861647558854,-1,-1,0.0,47,47,-1.8691192725023587,,-1.8691192725023587,0.0007380615810703269,AUTO_KEEP
beta,beta_B,2023-11-29,unsure,0,-1,-1,0,0.0,36.913423,0.0,True,1176,0.026262422230706406,35,60,16.44871565107329,61,61,-0.33619970752291445,16.44871565107329,16.44871565107329,0.7429225627407452,AUTO_CORRECT
beta,beta_B,2023-11-30,unsure,0,-1,-1,0,0.0,20.4018025,0.0,True,1176,0.01320461071577661,45,58,1.9825087439456535,60,62,-0.22098677322558086,1.9825087439456535,1.9825087439456535,0.06459424600338436,AUTO_KEEP
beta,beta_B,2023-12-01,unsure,0,-1,-1,0,0.0,5.784235000000001,0.0,True,1176,0.16393726307132006,37,46,3.1119781734089385,56,57,0.43333342779223516,2.6786447456167033,3.1119781734089385,0.11983185188135051,AUTO_KEEP
beta,beta_B,2023-12-02,sure,0,-1,-1,0,0.0,2.493785,0.0,True,1176,0.06041810950115423,44,46,0.7117741897095818,47,47,-0.8481823606415853,0.7117741897095818,0.7117741897095818,0.02090742301884788,AUTO_KEEP
beta,beta_B,2023-12-03,unsure,0,-1,-1,0,0.0,29.076865500000004,0.0,True,1176,0.041166123591439785,34,61,19.62084223220774,63,64,0.8251036666406806,18.79573856556706,19.62084223220774,0.8044431956264378,AUTO_CORRECT
beta,beta_B,2023-12-04,unsure,0,-1,-1,0,0.0,20.270795,0.0,True,1176,0.08235313572888625,39,65,13.290895057995684,38,38,-2.2259044254382165,13.290895057995684,13.290895057995684,0.6545734505794348,UNCERTAIN
beta,beta_B,2023-12-05,sure,1,36,56,21,23.2027875,23.7519245,23.036924,True,1176,0.043339381432229374,35,55,19.917863036466123,56,56,-1.2463428188714525,19.917863036466123,19.917863036466123,0.8091551017037588,AUTO_CORRECT
beta,beta_B,2023-12-06,sure,1,40,61,22,15.811198999999997,15.723669999999998,15.564045999999998,True,1176,0.024677426361204624,39,59,58.03056232419021,61,61,-0.6571572899341698,58.03056232419021,58.03056232419021,0.9743572784004358,AUTO_CORRECT
beta,beta_B,2023-12-07,sure,1,38,48,11,8.0526475,9.181331000000002,8.0526475,True,1176,0.004393654512688805,37,50,20.08228175936205,51,51,-0.8839010174444872,20.08228175936205,20.08228175936205,0.8116977552835698,AUTO_CORRECT
beta,beta_B,2023-12-08,sure,0,-1,-1,0,0.0,0.0,0.0,True,1176,0.04818646068039456,-1,-1,0.0,40,40,-1.0265119914855503,,-1.0265119914855503,0.0015379094647337498,AUTO_KEEP
beta,beta_B,2023-12-09,sure,0,-1,-1,0,0.0,0.0,0.0,True,1176,0.10402077897440876,-1,-1,0.0,64,64,-3.366132118776187,,-3.366132118776187,0.0003039690734568811,AUTO_KEEP
beta,beta_B,2023-12-10,sure,0,-1,-1,0,0.0,0.0,0.0,True,1176,0.19731840712779825,-1,-1,0.0,52,52,-0.7488717968894564,,-0.7488717968894564,0.002098711777005153,AUTO_KEEP
beta,beta_B,2023-12-11,unsure,0,-1,-1,0,0.0,0.488351,0.0,True,1176,0.017234043487346362,43,46,7.8591436480665875,47,47,-0.9192116781395101,7.8591436480665875,7.8591436480665875,0.40816221365023997,UNCERTAIN
beta,beta_B,2023-12-12,sure,0,-1,-1,0,0.0,0.0,0.0,True,1176,0.08624518992833963,-1,-1,0.0,51,51,-0.7385520642677272,,-0.7385520642677272,0.002125075802251184,AUTO_KEEP
beta,beta_B,2023-12-13,unsure,0,-1,-1,0,0.0,0.36028550000000004,0.0,True,1176,0.07000521796901182,43,45,1.6458328939131153,46,47,0.04409799250830914,1.6017349014048061,1.6458328939131153,0.050880915985409496,AUTO_KEEP
beta,beta_B,2023-12-14,sure,0,-1,-1,0,0.0,0.0,0.0,True,1176,0.11295862537166101,-1,-1,0.0,42,42,-1.2958173809575115,,-1.2958173809575115,0.0011817932387664359,AUTO_KEEP
beta,beta_B,2023-12-15,unsure,0,-1,-1,0,0.0,0.0,0.0,True,1176,0.15549428676628452,-1,-1,0.0,43,43,-0.6094872630164048,,-0.6094872630164048,0.0025004857551256367,AUTO_KEEP
beta,beta_B,2023-12-16,sure,0,-1,-1,0,0.0,0.0,0.0,True,1176,0.02174524682078438,-1,-1,0.0,47,47,-2.077928868384583,,-2.077928868384583,0.0006362739902621963,AUTO_KEEP
beta,beta_B,2023-12-17,sure,0,-1,-1,0,0.0,0.0,0.0,True,1176,0.00037380482366433654,-1,-1,0.0,45,45,-0.7550925555599135,,-0.7550925555599135,0.002083051444163779,AUTO_KEEP
beta,beta_B,2023-12-18,unsure,1,48,59,12,29.195366999999997,0.0,0.0,True,1176,0.014622066858085425,-1,-1,0.0,48,48,-1.4006989848846336,,-1.4006989848846336,0.0010754217566756197,AUTO_KEEP
beta,beta_B,2023-12-19,sure,0,-1,-1,0,0.0,0.0,0.0,True,1176,0.009922856366332944,-1,-1,0.0,36,36,-1.773670901308648,,-1.773670901308648,0.0007927361205795698,AUTO_KEEP
beta,beta_B,2023-12-20,sure,0,-1,-1,0,0.0,0.0,0.0,True,1176,0.000985657547980523,-1,-1,0.0,40,40,-2.9544812187506078,,-2.9544812187506078,0.000374721460138055,AUTO_KEEP
beta,beta_B,2023-12-21,sure,0,-1,-1,0,0.0,0.0,0.0,True,1176,0.05702194173355757,-1,-1,0.0,58,58,-0.16269290021073657,,-0.16269290021073657,0.004959884768584689,AUTO_KEEP
beta,beta_B,2023-12-22,sure,1,37,65,29,43.706059,46.917330500000006,43.706059,True,1176,0.0951110344743924,36,68,49.53976474072602,35,35,-1.5865741348332891,49.53976474072602,49.53976474072602,0.9647448668390363,AUTO_CORRECT
beta,beta_B,2023-12-23,sure,1,41,59,19,20.5679075,32.490444,20.5679075,True,1176,0.004565643576105671,35,66,18.164326996771184,67,67,-1.9890207904473325,18.164326996771184,18.164326996771184,0.7789328434726771,AUTO_CORRECT
beta,beta_B,2023-12-24,sure,0,-1,-1,0,0.0,7.4934579999999995,0.0,True,1176,0.0007625296912259216,55,62,1.7938280877104749,42,43,-0.5838235106806562,1.7938280877104749,1.7938280877104749,0.05673276441773988,AUTO_KEEP
beta,beta_B,2023-12-25,unsure,0,-1,-1,0,0.0,20.031493499999996,0.0,True,1176,0.000391970406738551,37,60,14.763441828366483,36,36,-0.831217595150037,14.763441828366483,14.763441828366483,0.6998341161898707,UNCERTAIN
beta,beta_B,2023-12-26,sure,0,-1,-1,0,0.0,0.0,0.0,True,1176,0.04838452901517698,-1,-1,0.0,64,64,-0.5937285370334137,,-0.5937285370334137,0.002552903137579394,AUTO_KEEP
beta,beta_B,2023-12-27,unsure,0,-1,-1,0,0.0,8.021534,0.0,True,1176,0.12063067382684878,40,53,11.491387962879967,54,54,0.4525956915763374,11.03879227130363,11.491387962879967,0.5877614201610409,UNCERTAIN
beta,beta_B,2023-12-28,sure,0,-1,-1,0,0.0,3.8829599999999997,0.0,True,1176,0.08872076385307714,38,48,7.256418929410955,51,51,-0.8093595592165774,7.256418929410955,7.256418929410955,0.37273391255717614,UNCERTAIN
beta,beta_B,2023-12-29,sure,0,-1,-1,0,0.0,0.0,0.0,True,1176,0.00032849106697163677,-1,-1,0.0,51,51,-0.6081884339698098,,-0.6081884339698098,0.0025047457986314735,AUTO_KEEP
beta,beta_B,2023-12-30,sure,1,39,61,23,21.060048500000004,22.13109,20.757790000000004,True,1176,0.034754831508299944,37,60,43.91753143790817,64,64,-0.5865332219482099,43.91753143790817,43.91753143790817,0.9552107859783995,AUTO_CORRECT
beta,beta_B,2023-12-31,sure,0,-1,-1,0,0.0,0.0,0.0,True,1176,0.024976731632979643,-1,-1,0.0,62,62,-1.0757151916780832,,-1.0757151916780832,0.0014619777323644748,AUTO_KEEP
beta,beta_B,2024-01-01,sure,0,-1,-1,0,0.0,0.0,0.0,True,1176,0.042613690799767845,-1,-1,0.0,55,55,-0.8001130684797717,,-0.8001130684797717,0.0019746749655407507,AUTO_KEEP
beta,beta_B,2024-01-02,sure,0,-1,-1,0,0.0,7.605802000000001,0.0,True,1176,0.01739808471973525,50,61,9.37926318734782,49,49,-0.4142252331262193,9.37926318734782,9.37926318734782,0.4907951698166019,UNCERTAIN
beta,beta_B,2024-01-03,unsure,1,40,50,11,3.915009999999999,4.9627745,3.915009999999999,True,1176,0.09507362161043442,38,55,17.416035058488028,64,64,-1.626424522994774,17.416035058488028,17.416035058488028,0.764095775100751,AUTO_CORRECT
beta,beta_B,2024-01-04,unsure,0,-1,-1,0,0.0,0.0,0.0,True,1176,0.0325157020635336,-1,-1,0.0,43,43,-1.1363863971320969,,-1.1363863971320969,0.0013757199777910875,AUTO_KEEP
beta,beta_B,2024-01-05,unsure,0,-1,-1,0,0.0,21.510162499999996,0.0,True,1176,0.03477007025364642,39,58,16.239028110570192,63,63,-1.6308316014723967,16.239028110570192,16.239028110570192,0.7380113511515496,AUTO_CORRECT
beta,beta_B,2024-01-06,sure,1,42,64,23,23.0136975,34.2967515,23.0136975,True,1176,9.413304512673193e-05,37,66,20.755803563929664,36,36,-1.7167291870307928,20.755803563929664,20.755803563929664,0.8216481986354475,AUTO_CORRECT
beta,beta_B,2024-01-07,unsure,0,-1,-1,0,0.0,18.107127499999997,0.0,True,1176,0.02658892799238277,35,58,14.187906168091438,59,59,-0.984754556685247,14.187906168091438,14.187906168091438,0.6830635431100293,UNCERTAIN
beta,beta_B,2024-01-08,sure,0,-1,-1,0,0.0,0.0,0.0,True,1176,0.04303613350412139,-1,-1,0.0,36,36,-1.0838447636002388,,-1.0838447636002388,0.001449965135442771,AUTO_KEEP
beta,beta_B,2024-01-09,sure,0,-1,-1,0,0.0,0.0,0.0,True,1176,0.05386754454013687,-1,-1,0.0,59,59,-0.9108982876042665,,-0.9108982876042665,0.0017408825630968697,AUTO_KEEP
beta,beta_B,2024-01-10,unsure,0,-1,-1,0,0.0,0.0,0.0,True,1176,0.032133554669287356,-1,-1,0.0,52,52,-0.9287018859984287,,-0.9287018859984287,0.0017071459877362875,AUTO_KEEP
beta,beta_B,2024-01-11,unsure,0,-1,-1,0,0.0,0.0,0.0,True,1176,0.1305019728894008,-1,-1,0.0,47,47,-1.0944765683962163,,-1.0944765683962163,0.001434473229812277,AUTO_KEEP
beta,beta_B,2024-01-12,unsure,0,-1,-1,0,0.0,0.0,0.0,True,1176,0.12113709749021329,-1,-1,0.0,46,46,-0.685398245630488,,-0.685398245630488,0.0022689089096294994,AUTO_KEEP
beta,beta_B,2024-01-13,sure,0,-1,-1,0,0.0,0.0,0.0,True,1176,0.10364841385845303,-1,-1,0.0,47,47,-1.6087256534718863,,-1.6087256534718863,0.0009023286421725607,AUTO_KEEP
beta,beta_B,2024-01-14,sure,0,-1,-1,0,0.0,0.0,0.0,True,1176,0.11898045839463744,-1,-1,0.0,51,51,-0.7793621918057014,,-0.7793621918057014,0.002023570497020873,AUTO_KEEP
beta,beta_B,2024-01-15,sure,0,-1,-1,0,0.0,0.0,0.0,True,1176,0.11496192657175897,-1,-1,0.0,40,40,-0.9042608044034235,,-0.9042608044034235,0.0017537116271069194,AUTO_KEEP
beta,beta_B,2024-01-16,sure,0,-1,-1,0,0.0,0.0,0.0,True,1176,0.0005545030838662868,-1,-1,0.0,42,42,-1.6364380145238662,,-1.6364380145238662,0.0008824147101904985,AUTO_KEEP
beta,beta_B,2024-01-17,sure,0,-1,-1,0,0.0,0.717629,0.0,True,1176,0.09457037044489702,43,44,1.5687381487668757,41,41,-0.4100877630453183,1.5687381487668757,1.5687381487668757,0.047945631519784475,AUTO_KEEP
beta,beta_B,2024-01-18,sure,0,-1,-1,0,0.0,0.0,0.0,True,1176,0.05189656766089712,-1,-1,0.0,43,43,-1.5938505500409348,,-1.5938505500409348,0.0009132918220805804,AUTO_KEEP
beta,beta_B,2024-01-19,unsure,1,38,63,26,24.358690499999998,20.872361000000005,20.872361000000005,True,1176,0.052483895044838746,42,62,35.22359651754696,63,63,-0.5381376065259686,35.22359651754696,35.22359651754696,0.9311983568378943,AUTO_CORRECT
beta,beta_B,2024-01-20,sure,1,43,61,19,24.743228000000002,20.2792995,16.304288500000002,True,1176,0.07553057734643431,39,57,13.139796063957023,58,58,-0.5011431612702943,13.139796063957023,13.139796063957023,0.6494756432772201,UNCERTAIN
beta,beta_B,2024-01-21,sure,0,-1,-1,0,0.0,0.0,0.0,True,1176,0.10528166217054036,-1,-1,0.0,63,63,-2.270755211291194,,-2.270755211291194,0.0005596220873985044,AUTO_KEEP
beta,beta_B,2024-01-22,sure,0,-1,-1,0,0.0,0.0,0.0,True,1176,0.10486273115127887,-1,-1,0.0,47,47,-0.7646592153611693,,-0.7646592153611693,0.0020593016553953334,AUTO_KEEP
beta,beta_B,2024-01-23,unsure,0,-1,-1,0,0.0,26.232268499999996,0.0,True,1176,0.1486799339286744,39,66,13.394659589575278,68,68,-1.7895731273211923,13.394659589575278,13.394659589575278,0.6580230310547003,UNCERTAIN
beta,beta_B,2024-01-24,sure,1,39,52,14,11.1443365,12.364098499999999,11.1443365,True,1176,0.0946833851310318,37,53,17.259714141204896,54,54,-1.8335822783728426,17.259714141204896,17.259714141204896,0.7608322830495636,AUTO_CORRECT
beta,beta_B,2024-01-25,sure,0,-1,-1,0,0.0,0.0,0.0,True,1176,0.1101750888608537,-1,-1,0.0,37,37,-1.490539300280528,,-1.490539300280528,0.00099514468060764,AUTO_KEEP
beta,beta_B,2024-01-26,sure,0,-1,-1,0,0.0,0.0,0.0,True,1176,0.1292247634321324,-1,-1,0.0,38,38,-1.981508819318011,,-1.981508819318011,0.0006805236250723793,AUTO_KEEP
beta,beta_B,2024-01-27,sure,0,-1,-1,0,0.0,0.0,0.0,True,1176,0.09566234335392654,-1,-1,0.0,37,37,-2.728372495475025,,-2.728372495475025,0.0004243633803338835,AUTO_KEEP
beta,beta_B,2024-01-28,sure,0,-1,-1,0,0.0,0.0,0.0,True,1176,0.09329314796639387,-1,-1,0.0,41,41,-0.6948391588573397,,-0.6948391588573397,0.0022423355159279235,AUTO_KEEP
beta,beta_B,2024-01-29,sure,0,-1,-1,0,0.0,0.0,0.0,True,1176,0.06890099699193186,-1,-1,0.0,44,44,-0.8597599774642175,,-0.8597599774642175,0.001843431943346637,AUTO_KEEP
beta,beta_B,2024-01-30,sure,0,-1,-1,0,0.0,0.0,0.0,True,1176,0.1395403452761661,-1,-1,0.0,44,44,-1.6329870356358946,,-1.6329870356358946,0.0008848590817322347,AUTO_KEEP
beta,beta_B,2024-01-31,sure,0,-1,-1,0,0.0,0.0,0.0,True,1176,0.15464002750737293,-1,-1,0.0,51,51,-0.8572854864354057,,-0.8572854864354057,0.0018486178098059704,AUTO_KEEP
beta,beta_B,2024-02-01,sure,0,-1,-1,0,0.0,0.0,0.0,True,1176,0.10440628050001255,-1,-1,0.0,61,61,-0.624941108108311,,-0.624941108108311,0.002450606417103132,AUTO_KEEP
beta,beta_B,2024-02-02,sure,0,-1,-1,0,0.0,0.0,0.0,True,1176,0.11176359800425395,-1,-1,0.0,46,46,-2.075020567828485,,-2.075020567828485,0.0006375458980103119,AUTO_KEEP
beta,beta_B,2024-02-03,unsure,0,-1,-1,0,0.0,1.929996,0.0,True,1176,0.07804093771083132,58,63,6.804532596054097,57,57,-0.9834508555003346,6.804532596054097,6.804532596054097,0.3453629125097068,UNCERTAIN
beta,beta_B,2024-02-04,sure,0,-1,-1,0,0.0,0.0,0.0,True,1176,0.17390792622782048,-1,-1,0.0,38,38,-0.0021069127852287838,,-0.0021069127852287838,0.006778387858068538,AUTO_KEEP
beta,beta_B,2024-02-05,sure,0,-1,-1,0,0.0,0.0,0.0,True,1176,0.1734358841166035,-1,-1,0.0,43,43,-2.0143577779425446,,-2.0143577779425446,0.0006649529676442955,AUTO_KEEP
beta,beta_B,2024-02-06,sure,0,-1,-1,0,0.0,0.0,0.0,True,1176,0.06779095283382475,-1,-1,0.0,52,52,-1.2420058049960896,,-1.2420058049960896,0.0012424781642724825,AUTO_KEEP
beta,beta_B,2024-02-07,sure,0,-1,-1,0,0.0,0.0,0.0,True,1176,0.07826738582063442,-1,-1,0.0,42,42,-2.2878530129740344,,-2.2878530129740344,0.0005534916508557802,AUTO_KEEP
beta,beta_B,2024-02-08,sure,0,-1,-1,0,0.0,0.0,0.0,True,1176,0.025167267944055993,-1,-1,0.0,44,44,-0.8555167593121175,,-0.8555167593121175,0.0018523377574953335,AUTO_KEEP
beta,beta_B,2024-02-09,unsure,0,-1,-1,0,0.0,26.034326999999998,0.0,True,1176,0.06855521353311644,36,62,22.726289171331548,63,63,-1.8234627023006102,22.726289171331548,22.726289171331548,0.8469438182467952,AUTO_CORRECT
beta,beta_B,2024-02-10,unsure,0,-1,-1,0,0.0,23.230508,0.0,True,1176,0.025257707855662836,45,67,15.5237129010872,68,68,-1.367944580596322,15.5237129010872,15.5237129010872,0.7203252493729824,AUTO_CORRECT
beta,beta_B,2024-02-11,sure,0,-1,-1,0,0.0,0.0,0.0,True,1176,0.12395133634888822,-1,-1,0.0,45,45,-1.9254209307683299,,-1.9254209307683299,0.0007083784557612026,AUTO_KEEP
beta,beta_B,2024-02-12,sure,1,46,53,3,0.9829325,2.7692145000000004,0.5980920000000001,True,1176,0.1296348347739853,48,57,11.622702382784507,39,45,8.02004234334514,3.6026600394393657,11.622702382784507,0.5931069126113087,UNCERTAIN
beta,beta_B,2024-02-13,unsure,0,-1,-1,0,0.0,0.0,0.0,True,1176,0.11262423617532225,-1,-1,0.0,48,48,-0.5751623409764963,,-0.5751623409764963,0.002616759654134737,AUTO_KEEP
beta,beta_B,2024-02-14,sure,0,-1,-1,0,0.0,0.0,0.0,True,1176,0.147685561782958,-1,-1,0.0,45,45,-0.8396633751074888,,-0.8396633751074888,0.0018861779080292507,AUTO_KEEP
beta,beta_B,2024-02-15,sure,0,-1,-1,0,0.0,0.0,0.0,True,1176,0.09209381415609741,-1,-1,0.0,45,45,-1.6467840170924481,,-1.6467840170924481,0.0008751458096651391,AUTO_KEEP
beta,beta_B,2024-02-16,unsure,0,-1,-1,0,0.0,40.968852999999996,0.0,True,1176,0.16909220107983636,43,64,2.958127968788475,65,65,-0.718774456767241,2.958127968788475,2.958127968788475,0.1115872238785866,AUTO_KEEP
beta,beta_B,2024-02-17,sure,0,-1,-1,0,0.0,0.0,0.0,True,1176,0.160202604737667,-1,-1,0.0,52,52,-1.6778644121551145,,-1.6778644121551145,0.0008538320131609638,AUTO_KEEP
beta,beta_B,2024-02-18,sure,0,-1,-1,0,0.0,0.0,0.0,True,1176,0.04687850633285073,-1,-1,0.0,48,48,-0.8466455367810027,,-0.8466455367810027,0.0018711627898939484,AUTO_KEEP
beta,beta_B,2024-02-19,sure,0,-1,-1,0,0.0,0.0,0.0,True,1176,0.09287305421058267,-1,-1,0.0,63,63,-2.669637415610816,,-2.669637415610816,0.0004388426446125996,AUTO_KEEP
beta,beta_B,2024-02-20,unsure,0,-1,-1,0,0.0,13.1269675,0.0,True,1176,0.10355418150899531,45,60,6.014407411999853,61,61,-1.6458079637932992,6.014407411999853,6.014407411999853,0.2962725563337238,AUTO_KEEP
beta,beta_B,2024-02-21,unsure,0,-1,-1,0,0.0,9.227961,0.0,True,1176,0.06612650907573947,38,51,10.393704111315628,58,58,-0.44170725463161586,10.393704111315628,10.393704111315628,0.5399875770414561,UNCERTAIN
beta,beta_B,2024-02-22,unsure,1,46,54,9,4.330811000000001,4.695164,4.330811000000001,True,1176,0.1719364065598299,45,54,15.299104825606868,43,43,-0.44996614148697944,15.299104825606868,15.299104825606868,0.7144600437011834,AUTO_CORRECT
beta,beta_B,2024-02-23,sure,0,-1,-1,0,0.0,0.0,0.0,True,1176,0.08946844688036837,-1,-1,0.0,58,58,-2.1566979851302612,,-2.1566979851302612,0.0006031988418829053,AUTO_KEEP
beta,beta_B,2024-02-24,sure,0,-1,-1,0,0.0,0.0,0.0,True,1176,0.055039679750068515,-1,-1,0.0,45,45,-1.7207710504753768,,-1.7207710504753768,0.0008256426068869038,AUTO_KEEP
beta,beta_B,2024-02-25,sure,0,-1,-1,0,0.0,0.0,0.0,True,1176,0.02955971103382371,-1,-1,0.0,61,61,-0.8247799248822699,,-0.8247799248822699,0.0019187825147173954,AUTO_KEEP
beta,beta_B,2024-02-26,unsure,1,40,51,12,8.9378485,9.972987499999999,8.9378485,True,1176,0.07911188449191364,38,51,11.540510488210968,59,59,-1.0555092784034497,11.540510488210968,11.540510488210968,0.5897701291855627,UNCERTAIN
beta,beta_B,2024-02-27,sure,0,-1,-1,0,0.0,0.0,0.0,True,1176,0.06487593425252669,-1,-1,0.0,50,50,-1.6554195844852622,,-1.6554195844852622,0.0008691459402622767,AUTO_KEEP
beta,beta_B,2024-02-28,unsure,0,-1,-1,0,0.0,0.786492,0.0,True,1176,0.06012422015446095,46,49,6.62849527307487,51,51,-0.14102775487930122,6.62849527307487,6.62849527307487,0.33454266981583203,UNCERTAIN
beta,beta_B,2024-02-29,sure,0,-1,-1,0,0.0,0.0,0.0,True,1176,0.10892458303149599,-1,-1,0.0,68,68,-3.2578137673768195,,-3.2578137673768195,0.0003205416344425953,AUTO_KEEP
beta,beta_B,2024-03-01,sure,0,-1,-1,0,0.0,0.0,0.0,True,1176,0.1318833970410349,-1,-1,0.0,46,46,-0.6066747523239276,,-0.6066747523239276,0.0025097240310674655,AUTO_KEEP
beta,beta_B,2024-03-02,sure,0,-1,-1,0,0.0,0.0,0.0,True,1176,0.12020046268423101,-1,-1,0.0,42,42,-1.4202140180745515,,-1.4202140180745515,0.0010571933211120021,AUTO_KEEP
beta,beta_B,2024-03-03,unsure,0,-1,-1,0,0.0,0.6322035,0.0,True,1176,0.060110604823846,45,45,0.03785382872828795,46,46,-0.9637342079700806,0.03785382872828795,0.03785382872828795,0.00736059567415872,AUTO_KEEP
beta,beta_B,2024-03-04,unsure,0,-1,-1,0,0.0,0.0,0.0,True,1176,0.05759637917778093,-1,-1,0.0,44,44,-1.219254791741089,,-1.219254791741089,0.001269522262392564,AUTO_KEEP
beta,beta_B,2024-03-05,sure,1,50,57,6,5.475709500000001,23.311105500000004,5.475709500000001,True,1176,0.08106802248136091,38,65,28.16353613276013,66,66,-0.777336243661589,28.16353613276013,28.16353613276013,0.8953867785295493,AUTO_CORRECT
beta,beta_B,2024-03-06,sure,1,39,59,21,26.653652,27.33316,26.4307345,True,1176,0.1032184123503006,38,58,28.293953328078548,59,59,-0.4726118367182164,28.293953328078548,28.293953328078548,0.8962669582380889,AUTO_CORRECT
beta,beta_B,2024-03-07,unsure,0,-1,-1,0,0.0,2.8442865,0.0,True,1176,0.11176286158345139,43,55,13.44092006240709,56,56,-1.4078365678627307,13.44092006240709,13.44092006240709,0.6595476147826256,UNCERTAIN
beta,beta_B,2024-03-08,unsure,0,-1,-1,0,0.0,2.196434,0.0,True,1176,0.11150575649224059,50,58,6.624244787628919,46,46,-0.8422783995168844,6.624244787628919,6.624244787628919,0.33428044356919157,UNCERTAIN
beta,beta_B,2024-03-09,unsure,0,-1,-1,0,0.0,0.0,0.0,True,1176,0.05410556369951447,-1,-1,0.0,58,58,-0.6589311905436741,,-0.6589311905436741,0.002345925939409706,AUTO_KEEP
beta,beta_B,2024-03-10,unsure,0,-1,-1,0,0.0,0.0,0.0,True,1176,0.07734584811307066,-1,-1,0.0,58,58,-0.5762643495146754,,-0.5762643495146754,0.0026129041353922574,AUTO_KEEP
beta,beta_B,2024-03-11,unsure,1,43,59,17,10.689302000000001,11.2018065,10.546264,True,1176,0.16274500673410142,42,58,20.38063556244198,59,59,-0.41234321918965333,20.38063556244198,20.38063556244198,0.8161959986285439,AUTO_CORRECT
beta,beta_B,2024-03-12,sure,1,40,57,18,17.0963155,18.1787775,17.0963155,True,1176,0.016191973820138372,38,57,29.837794196608918,58,58,-1.6084223794045025,29.837794196608918,29.837794196608918,0.9059351522394122,AUTO_CORRECT
beta,beta_B,2024-03-13,unsure,0,-1,-1,0,0.0,12.1798365,0.0,True,1176,0.18769467098962878,39,50,13.16556199627884,53,56,-0.06423949320959298,13.16556199627884,13.16556199627884,0.650351244908906,UNCERTAIN
beta,beta_B,2024-03-14,unsure,1,41,60,20,13.904038,13.904057,13.904038,True,1176,0.0849043076732574,41,61,18.367423952543657,62,62,-4.2275740209094666e-05,18.367423952543657,18.367423952543657,0.7827461564653978,AUTO_CORRECT
beta,beta_B,2024-03-15,unsure,0,-1,-1,0,0.0,8.259814,0.0,True,1176,0.042849012237644146,53,60,8.727418780933359,43,48,6.38006305509964,2.3473557258337188,8.727418780933359,0.4566270930995803,UNCERTAIN
beta,beta_B,2024-03-16,sure,0,-1,-1,0,0.0,0.0,0.0,True,1176,0.000809043817632471,-1,-1,0.0,46,46,-0.4560794486705179,,-0.4560794486705179,0.0030883382410363475,AUTO_KEEP
beta,beta_B,2024-03-17,sure,0,-1,-1,0,0.0,5.4809095,0.0,True,1176,0.07453916693524487,46,52,6.265408369894769,64,64,-0.8449406350289218,6.265408369894769,6.265408369894769,0.31199842965590346,UNCERTAIN
beta,beta_B,2024-03-18,unsure,0,-1,-1,0,0.0,2.5679814999999997,0.0,True,1176,0.07694542106293767,59,62,7.748937340848773,58,58,-0.6931876735157336,7.748937340848773,7.748937340848773,0.40178612033610644,UNCERTAIN
beta,beta_B,2024-03-19,sure,1,49,62,14,14.315040499999999,14.315040499999999,14.315040499999999,True,1176,0.01705774087993195,49,62,33.460169066601296,48,48,-1.7986997727760494,33.460169066601296,33.460169066601296,0.9241243617169924,AUTO_CORRECT
beta,beta_B,2024-03-20,sure,0,-1,-1,0,0.0,0.0,0.0,True,1176,0.16322465362943905,-1,-1,0.0,60,60,-2.414575930643413,,-2.414575930643413,0.0005109887299625887,AUTO_KEEP
beta,beta_B,2024-03-21,unsure,1,40,66,27,34.565946999999994,36.099546,33.9688075,True,1176,0.17017102561846542,41,68,42.92048276701578,40,40,-1.0271474600227584,42.92048276701578,42.92048276701578,0.9531363167801938,AUTO_CORRECT
beta,beta_B,2024-03-22,unsure,0,-1,-1,0,0.0,0.0,0.0,True,1176,0.16325516753456437,-1,-1,0.0,49,49,-1.3486875019077957,,-1.3486875019077957,0.0011263266520422875,AUTO_KEEP
beta,beta_B,2024-03-23,unsure,0,-1,-1,0,0.0,17.35613,0.0,True,1176,0.1054829230427412,47,60,2.316774072520788,65,65,-0.861059635877064,2.316774072520788,2.316774072520788,0.07956234818761303,AUTO_KEEP
beta,beta_B,2024-03-24,unsure,1,44,60,17,18.870060499999997,25.160987499999997,18.870060499999997,True,1176,0.06050341598691489,41,64,14.56092164335378,40,40,-1.462395317646838,14.56092164335378,14.56092164335378,0.6940611570896068,UNCERTAIN
beta,beta_B,2024-03-25,sure,1,40,62,23,29.810543500000005,30.002447500000002,28.4219815,True,1176,0.034783655788539036,38,59,23.726065937068537,60,60,-1.025409600683823,23.726065937068537,23.726065937068537,0.857914548604279,AUTO_CORRECT
beta,beta_B,2024-03-26,sure,1,43,61,19,22.0373505,24.456155499999998,22.0373505,True,1176,0.08611614779679488,40,62,24.680804975135736,37,37,-2.875435139069669,24.680804975135736,24.680804975135736,0.8673996114872328,AUTO_CORRECT
beta,beta_B,2024-03-27,unsure,0,-1,-1,0,0.0,22.841614000000003,0.0,True,1176,0.12535268538392685,43,64,0.48247490887056477,42,42,-1.3201609736032711,0.48247490887056477,0.48247490887056477,0.015511715191351787,AUTO_KEEP
beta,beta_B,2024-03-28,unsure,0,-1,-1,0,0.0,7.260661499999999,0.0,True,1176,0.13785057039998616,46,56,8.45729227927442,58,58,-0.693725713921876,8.45729227927442,8.45729227927442,0.4418988503666674,UNCERTAIN
beta,beta_B,2024-03-29,unsure,0,-1,-1,0,0.0,4.2726595000000005,0.0,True,1176,0.0008263662897460833,54,57,2.388625049130093,53,53,-0.9610900574781431,2.388625049130093,2.388625049130093,0.08294378391994375,AUTO_KEEP
beta,beta_B,2024-03-30,sure,1,41,61,21,14.274229,13.9114025,13.9114025,True,1176,2.518447209487462e-05,42,61,41.750807286162214,62,62,-2.589176129365684,41.750807286162214,41.750807286162214,0.9505207740077501,AUTO_CORRECT
beta,beta_B,2024-03-31,unsure,0,-1,-1,0,0.0,29.361418999999998,0.0,True,1176,0.01732969232330639,39,61,8.036296796391111,64,64,-0.9859856335440628,8.036296796391111,8.036296796391111,0.4183098163326601,UNCERTAIN
beta,beta_B,2024-04-01,sure,1,39,61,23,25.758409999999998,25.758409999999998,25.758409999999998,True,1176,0.0005860785745079866,39,61,30.10795313140492,62,62,-3.1413322192029765,30.10795313140492,30.10795313140492,0.9074946433500423,AUTO_CORRECT
beta,beta_B,2024-04-02,sure,0,-1,-1,0,0.0,0.0,0.0,True,1176,0.07541106130325126,-1,-1,0.0,43,45,-0.49683743489156335,,-0.49683743489156335,0.002913782226376222,AUTO_KEEP
beta,beta_B,2024-04-03,sure,1,39,63,25,35.059832,36.658752500000006,35.059832,True,1176,0.12370393335375507,38,64,34.32894634702121,65,65,-1.7487620668365715,34.32894634702121,34.32894634702121,0.9277333762594464,AUTO_CORRECT
beta,beta_B,2024-04-04,sure,0,-1,-1,0,0.0,0.0,0.0,True,1176,0.08609929692721341,-1,-1,0.0,41,41,-2.971387527638987,,-2.971387527638987,0.0003713587334734132,AUTO_KEEP
beta,beta_B,2024-04-05,sure,0,-1,-1,0,0.0,0.0,0.0,True,1176,0.11114485539638341,-1,-1,0.0,52,52,-2.918027638569745,,-2.918027638569745,0.0003821265275469686,AUTO_KEEP
beta,beta_B,2024-04-06,sure,1,41,64,24,31.053282,31.812291000000002,31.053282,True,1176,0.08154931674021615,40,64,42.39251178207365,39,39,-3.441022505837266,42.39251178207365,42.39251178207365,0.9519811020500835,AUTO_CORRECT
beta,beta_B,2024-04-07,sure,1,37,58,22,32.69853199999999,32.69853199999999,32.69853199999999,True,1176,0.08852740114631974,37,58,30.825813466143096,59,59,-1.861119714351404,30.825813466143096,30.825813466143096,0.9114642747096268,AUTO_CORRECT
beta,beta_B,2024-04-08,unsure,0,-1,-1,0,0.0,18.7274065,0.0,True,1176,0.042194730284729864,37,51,10.575615480182721,35,35,-1.0685088407760386,10.575615480182721,10.575615480182721,0.5482927937828258,UNCERTAIN
beta,beta_B,2024-04-09,sure,1,35,58,24,40.618090499999994,40.486446,39.6499185,True,1176,0.0775337432983596,34,57,27.37030499443869,58,58,-0.897654328246668,27.37030499443869,27.37030499443869,0.8897994999384129,AUTO_CORRECT
beta,beta_B,2024-04-10,unsure,1,36,60,25,39.9435375,19.974680499999998,19.974680499999998,True,1176,0.08796099373776833,48,57,7.0412432127597935,35,42,1.660142823199282,5.381100389560512,7.0412432127597935,0.3597783562123266,UNCERTAIN
beta,beta_B,2024-04-11,sure,1,35,61,27,53.031768,54.750021499999995,53.031768,True,1176,0.17994597325186934,35,63,49.06331928514586,34,34,-2.4058136229739913,49.06331928514586,49.06331928514586,0.9640575075140693,AUTO_CORRECT
beta,beta_B,2024-04-12,sure,1,35,52,18,22.988468999999995,35.088837,22.988468999999995,True,1176,0.12914786868220496,35,62,20.824670941511748,63,63,-3.855742683662758,20.824670941511748,20.824670941511748,0.8226250983335375,AUTO_CORRECT
beta,beta_B,2024-04-13,unsure,1,37,60,24,31.568571499999997,32.4121105,31.568571499999997,True,1176,0.11366287255304819,36,60,20.261089742742033,61,61,-1.4344302789636947,20.261089742742033,20.261089742742033,0.8144112618980689,AUTO_CORRECT
beta,beta_B,2024-04-14,sure,1,37,57,21,31.4945365,37.04623900000001,31.4945365,True,1176,0.0010353748780733696,34,59,34.861849324160836,60,60,-1.1402356041755415,34.861849324160836,34.861849324160836,0.9298266049837173,AUTO_CORRECT
beta,beta_B,2024-04-15,sure,1,38,56,19,29.104353,34.154027,29.104353,True,1176,0.0689192508701737,35,57,28.05963251560657,58,58,-0.9052691336984522,28.05963251560657,28.05963251560657,0.894677974183594,AUTO_CORRECT
beta,beta_B,2024-04-16,unsure,0,-1,-1,0,0.0,20.426952,0.0,True,1176,0.07158455439341793,42,58,11.055145820522316,41,41,-0.9769301066194238,11.055145820522316,11.055145820522316,0.5694425299445854,UNCERTAIN
beta,beta_B,2024-04-17,unsure,0,-1,-1,0,0.0,16.26915,0.0,True,1176,0.019647134085798434,48,60,0.6858425291218653,44,44,-1.162297402172764,0.6858425291218653,0.6858425291218653,0.020257012466654786,AUTO_KEEP
beta,beta_B,2024-04-18,sure,1,40,55,16,27.5263605,26.774494999999995,26.774494999999995,True,1176,0.0031397143780154124,40,54,15.41596005569247,37,37,0.27213805042173855,15.143822005270732,15.41596005569247,0.7175307131892754,AUTO_CORRECT
beta,beta_B,2024-04-19,sure,1,37,50,14,26.233731499999998,30.9780455,26.233731499999998,True,1176,0.11255561795401459,33,51,20.26061737563308,55,55,-1.9756799989282234,20.26061737563308,20.26061737563308,0.8144041633551913,AUTO_CORRECT
beta,beta_B,2024-04-20,sure,0,-1,-1,0,0.0,0.0,0.0,True,1176,0.00015415084532843792,-1,-1,0.0,42,42,-2.0780153585666534,,-2.0780153585666534,0.0006362362221345589,AUTO_KEEP
beta,beta_B,2024-04-21,sure,0,-1,-1,0,0.0,0.0,0.0,True,1176,0.049594949460692206,-1,-1,0.0,52,52,-1.2993077965696769,,-1.2993077965696769,0.001178008718881365,AUTO_KEEP
beta,beta_B,2024-04-22,sure,1,37,60,24,33.150054499999996,35.88638350000001,33.150054499999996,True,1176,0.14526741710261604,35,61,24.603327462856814,34,34,-2.734072738154416,24.603327462856814,24.603327462856814,0.8666632784838701,AUTO_CORRECT
beta,beta_B,2024-04-23,sure,1,37,59,23,42.387837,44.31871700000001,42.387837,True,1176,0.06978168648862049,36,61,42.41837320024799,35,35,-2.6773765886202505,42.41837320024799,42.41837320024799,0.9520386420591305,AUTO_CORRECT
beta,beta_B,2024-04-24,unsure,0,-1,-1,0,0.0,0.0,0.0,True,1176,0.1116356075592293,-1,-1,0.0,47,47,-0.4963352132714066,,-0.4963352132714066,0.0029158438293816692,AUTO_KEEP
beta,beta_B,2024-04-25,unsure,0,-1,-1,0,0.0,27.375125499999996,0.0,True,1176,0.07528456025258556,37,53,13.318096192770227,55,60,-0.1150936734490044,13.318096192770227,13.318096192770227,0.655481745364026,UNCERTAIN
beta,beta_B,2024-04-26,sure,1,37,60,24,39.9371675,42.692846,39.9371675,True,1176,0.11356687529118936,36,62,35.50263331362804,35,35,-1.283708498180456,35.50263331362804,35.50263331362804,0.9322303468636199,AUTO_CORRECT
beta,beta_B,2024-04-27,sure,1,38,58,21,27.348129,30.12725,27.348129,True,1176,0.06049975512145522,38,61,26.16617980173968,37,37,-1.5627693619395568,26.16617980173968,26.16617980173968,0.8804836159383294,AUTO_CORRECT
beta,beta_B,2024-04-28,sure,1,39,59,21,34.158351999999994,36.8696245,34.158351999999994,True,1176,0.08270283850134152,37,60,38.689600760793304,64,64,-2.164909161923979,38.689600760793304,38.689600760793304,0.942589437665863,AUTO_CORRECT
beta,beta_B,2024-04-29,sure,1,40,56,17,28.841848499999998,27.9136675,27.9136675,True,1176,0.12982339454195024,41,56,18.341204773776095,40,40,-1.4029715214678329,18.341204773776095,18.341204773776095,0.782258796662644,AUTO_CORRECT
beta,beta_B,2024-04-30,sure,0,-1,-1,0,0.0,0.0,0.0,True,1176,0.16459495605632934,-1,-1,0.0,45,45,-1.1240769507393251,,-1.1240769507393251,0.0013926034298023997,AUTO_KEEP
beta,beta_B,2024-05-01,sure,0,-1,-1,0,0.0,0.0,0.0,True,1176,0.06893867826041955,-1,-1,0.0,44,44,-3.005728831130426,,-3.005728831130426,0.0003646635708291665,AUTO_KEEP
beta,beta_B,2024-05-02,sure,0,-1,-1,0,0.0,0.0,0.0,True,1176,0.18005588846692966,-1,-1,0.0,45,45,-0.6247805860506108,,-0.6247805860506108,0.002451116969240541,AUTO_KEEP
beta,beta_B,2024-05-03,unsure,0,-1,-1,0,0.0,26.911684500000003,0.0,True,1176,0.158917907315824,39,58,7.559911739323138,59,59,-1.0366430298590334,7.559911739323138,7.559911739323138,0.39074081143310985,UNCERTAIN
beta,beta_B,2024-05-04,sure,0,-1,-1,0,0.0,0.0,0.0,True,1176,0.0232452120646931,-1,-1,0.0,42,42,-0.7319651391145802,,-0.7319651391145802,0.0021421591955427524,AUTO_KEEP
beta,beta_B,2024-05-05,sure,0,-1,-1,0,0.0,0.0,0.0,True,1176,0.0002937342428737111,-1,-1,0.0,48,48,-2.528714294364938,,-2.528714294364938,0.00047669591335146907,AUTO_KEEP
beta,beta_B,2024-05-06,sure,0,-1,-1,0,0.0,0.0,0.0,True,1176,0.028445509760611998,-1,-1,0.0,36,36,-0.9380380019088508,,-0.9380380019088508,0.0016898381795885959,AUTO_KEEP
beta,beta_B,2024-05-07,unsure,0,-1,-1,0,0.0,0.0,0.0,True,1176,0.13954782899508356,-1,-1,0.0,44,48,-0.8572388251006134,,-0.8572388251006134,0.0018487158056002383,AUTO_KEEP
beta,beta_B,2024-05-08,unsure,0,-1,-1,0,0.0,19.487891,0.0,True,1176,0.07804313883534775,44,61,16.075771688224638,36,36,-1.2893671257077979,16.075771688224638,16.075771688224638,0.7341037933049238,AUTO_CORRECT
beta,beta_B,2024-05-09,unsure,0,-1,-1,0,0.0,0.0,0.0,True,1176,0.15225645463089066,-1,-1,0.0,45,45,-1.0204157771924383,,-1.0204157771924383,0.0015477196059158773,AUTO_KEEP
beta,beta_B,2024-05-10,unsure,0,-1,-1,0,0.0,3.9480575,0.0,True,1176,0.1898861676139303,54,57,1.4941885742551706,51,51,-0.9225437281175755,1.4941885742551706,1.4941885742551706,0.045182545434999916,AUTO_KEEP
beta,beta_B,2024-05-11,sure,0,-1,-1,0,0.0,0.0,0.0,True,1176,0.05704606502898191,-1,-1,0.0,51,51,-2.500908231385054,,-2.500908231385054,0.0004847307201316918,AUTO_KEEP
beta,beta_B,2024-05-12,sure,0,-1,-1,0,0.0,0.0,0.0,True,1176,0.0008743227595369163,-1,-1,0.0,47,47,-1.2421861302130608,,-1.2421861302130608,0.001242267212721161,AUTO_KEEP
beta,beta_B,2024-05-13,sure,0,-1,-1,0,0.0,0.0,0.0,True,1176,0.006474049327188425,-1,-1,0.0,40,40,-0.7812713387840249,,-0.7812713387840249,0.0020189979407587207,AUTO_KEEP
beta,beta_B,2024-05-14,sure,1,40,58,19,29.114088999999996,35.1571235,29.114088999999996,True,1176,0.10372697892529814,37,61,22.663841287186052,62,62,-2.497754288523169,22.663841287186052,22.663841287186052,0.8462202606708923,AUTO_CORRECT
beta,beta_B,2024-05-15,unsure,1,40,56,17,18.7168885,24.424017,18.7168885,True,1176,0.055085157600507806,37,60,5.4145100628271505,61,61,-2.911269730452577,5.4145100628271505,5.4145100628271505,0.2584395926496467,AUTO_KEEP
beta,beta_B,2024-05-16,unsure,1,40,55,16,16.163852000000002,0.0,0.0,True,1176,0.13987704150342584,-1,-1,0.0,40,40,-1.4641113961135688,,-1.4641113961135688,0.001017817323851176,AUTO_KEEP
beta,beta_B,2024-05-17,sure,1,37,58,22,32.3077285,33.1256405,32.3077285,True,1176,0.048796970109434845,37,59,36.87887152295018,36,36,-1.2980522336360365,36.87887152295018,36.87887152295018,0.9370087054293692,AUTO_CORRECT
beta,beta_B,2024-05-18,sure,0,-1,-1,0,0.0,0.0,0.0,True,1176,0.0023346840639995037,-1,-1,0.0,43,43,-0.5726943445689907,,-0.5726943445689907,0.002625424686483292,AUTO_KEEP
beta,beta_B,2024-05-19,unsure,0,-1,-1,0,0.0,13.391664500000001,0.0,True,1176,0.01691847248692202,45,58,4.816305744574961,44,44,-0.8969800139008693,4.816305744574961,4.816305744574961,0.22079626357202525,AUTO_KEEP
beta,beta_B,2024-05-20,unsure,0,-1,-1,0,0.0,0.0,0.0,True,1176,0.18371352506360683,-1,-1,0.0,40,40,-1.5280733744849548,,-1.5280733744849548,0.0009642012858027843,AUTO_KEEP
beta,beta_B,2024-05-21,sure,0,-1,-1,0,0.0,0.0,0.0,True,1176,0.03807197984782196,-1,-1,0.0,45,45,-1.4542083586581571,,-1.4542083586581571,0.0010265094145628026,AUTO_KEEP
beta,beta_B,2024-05-22,sure,1,41,58,18,23.710461,26.043771,23.710461,True,1176,0.22158006266046648,40,60,18.585203301980055,39,39,-1.9641177271878618,18.585203301980055,18.585203301980055,0.7867387808479723,AUTO_CORRECT
beta,beta_B,2024-05-23,sure,1,46,58,13,15.609454499999998,16.417198499999998,15.609454499999998,True,1176,0.17385586798724706,46,59,4.626447555879207,45,45,-1.4592012484542967,4.626447555879207,4.626447555879207,0.20896363827117773,AUTO_KEEP
beta,beta_B,2024-05-24,sure,1,41,52,12,13.7514485,15.7941875,13.7514485,True,1176,0.1822803224216507,41,54,4.2552304518959945,60,60,-1.314869246629208,4.2552304518959945,4.2552304518959945,0.18611393504050883,AUTO_KEEP
beta,beta_B,2024-05-25,sure,0,-1,-1,0,0.0,0.0,0.0,True,1176,0.18015483849259972,-1,-1,0.0,50,50,-1.4148024076219288,,-1.4148024076219288,0.0010622022857483624,AUTO_KEEP
beta,beta_B,2024-05-26,unsure,1,41,55,15,13.254786500000002,14.7956845,13.254786500000002,True,1176,0.15537308438777941,41,57,7.296472720927575,58,58,-2.3382799086801542,7.296472720927575,7.296472720927575,0.3751287815652592,UNCERTAIN
beta,beta_B,2024-05-27,unsure,1,44,54,11,12.9661,15.494498499999999,12.2570245,True,1176,0.08055340541108791,40,53,0.47054378528435586,54,54,-2.014127499564356,0.47054378528435586,0.47054378528435586,0.01525301508484931,AUTO_KEEP
beta,beta_B,2024-05-28,sure,1,41,58,18,21.635304999999995,22.9574115,21.635304999999995,True,1176,0.14266417865894443,40,59,18.82451030557498,60,60,-2.0220235296357854,18.82451030557498,18.82451030557498,0.7910143064750084,AUTO_CORRECT
beta,beta_B,2024-05-29,sure,1,42,56,15,19.8286845,24.066148999999996,19.8286845,True,1176,0.04827083588829861,40,59,12.284307519116727,39,39,-2.547938333626409,12.284307519116727,12.284307519116727,0.6188835012129859,UNCERTAIN
beta,beta_B,2024-05-30,sure,1,42,56,15,18.461276499999997,19.513969,17.871639999999996,True,1176,0.06932857313596319,40,55,13.07175845183225,56,56,-1.6046065296276681,13.07175845183225,13.07175845183225,0.6471509748400475,UNCERTAIN
beta,beta_B,2024-05-31,sure,0,-1,-1,0,0.0,0.0,0.0,True,1176,0.07029822641008554,-1,-1,0.0,43,43,-3.059257866939586,,-3.059257866939586,0.00035457684979437284,AUTO_KEEP
beta,beta_B,2024-06-01,sure,0,-1,-1,0,0.0,0.0,0.0,True,1176,0.03715033363250697,-1,-1,0.0,47,47,-2.7337594843343704,,-2.7337594843343704,0.0004230707532834288,AUTO_KEEP
beta,beta_B,2024-06-02,sure,0,-1,-1,0,0.0,0.0,0.0,True,1176,0.1494645732688804,-1,-1,0.0,44,44,-2.921847467252167,,-2.921847467252167,0.00038134051847989815,AUTO_KEEP
beta,beta_B,2024-06-03,unsure,0,-1,-1,0,0.0,0.0,0.0,True,1176,0.2128420058692182,-1,-1,0.0,51,52,-0.6884180470234382,,-0.6884180470234382,0.002260358865245375,AUTO_KEEP
beta,beta_B,2024-06-04,unsure,0,-1,-1,0,0.0,0.7542355,0.0,True,1176,0.25567185269309967,53,53,1.000782666400424,46,46,-0.6467344828786111,1.000782666400424,1.000782666400424,0.02883942019470688,AUTO_KEEP
beta,beta_B,2024-06-05,unsure,0,-1,-1,0,0.0,4.866133,0.0,True,1176,0.09503840015950704,46,49,0.8184617286161642,45,45,-0.9914178844085048,0.8184617286161642,0.8184617286161642,0.023690187281016708,AUTO_KEEP
beta,beta_B,2024-06-06,unsure,0,-1,-1,0,0.0,0.0,0.0,True,1176,0.1078060570424908,-1,-1,0.0,56,56,-1.4369606154214063,,-1.4369606154214063,0.0010419112089930557,AUTO_KEEP
beta,beta_B,2024-06-07,sure,0,-1,-1,0,0.0,0.0,0.0,True,1176,0.18317367554208097,-1,-1,0.0,56,56,-2.2133762310377265,,-2.2133762310377265,0.0005809428391198335,AUTO_KEEP
beta,beta_B,2024-06-08,unsure,0,-1,-1,0,0.0,10.917555499999999,0.0,True,1176,0.04890315741226203,42,50,2.1818941621547765,56,56,-0.7193872237915941,2.1818941621547765,2.1818941621547765,0.07336819998503678,AUTO_KEEP
beta,beta_B,2024-06-09,unsure,0,-1,-1,0,0.0,8.693525,0.0,True,1176,0.002772025828057245,48,56,0.6327424950326942,42,46,-0.8389004920123744,0.6327424950326942,0.6327424950326942,0.018957042649532137,AUTO_KEEP
beta,beta_B,2024-06-10,unsure,0,-1,-1,0,0.0,0.0,0.0,True,1176,0.00022016306645156192,-1,-1,0.0,52,52,-0.0008619427040143331,,-0.0008619427040143331,0.006796101945634913,AUTO_KEEP
beta,beta_B,2024-06-11,sure,0,-1,-1,0,0.0,0.0,0.0,True,1176,0.23604688668753493,-1,-1,0.0,49,49,-1.128638582418631,,-1.128638582418631,0.0013863113656820997,AUTO_KEEP
beta,beta_B,2024-06-12,unsure,0,-1,-1,0,0.0,0.0,0.0,True,1176,0.12908586481539785,-1,-1,0.0,49,55,-0.4767399338590984,,-0.4767399338590984,0.002997987734046528,AUTO_KEEP
beta,beta_B,2024-06-13,unsure,0,-1,-1,0,0.0,0.0,0.0,True,1176,0.12196083801315272,-1,-1,0.0,52,52,-0.04810671630038394,,-0.04810671630038394,0.006168669280462478,AUTO_KEEP
beta,beta_B,2024-06-14,sure,0,-1,-1,0,0.0,0.0,0.0,True,1176,0.18379761710229747,-1,-1,0.0,46,46,-2.0768571824112416,,-2.0768571824112416,0.0006367422431304199,AUTO_KEEP
beta,beta_B,2024-06-15,sure,0,-1,-1,0,0.0,0.0,0.0,True,1176,0.038940855897588555,-1,-1,0.0,51,51,-1.341740170945151,,-1.341740170945151,0.0011333936770097385,AUTO_KEEP
beta,beta_B,2024-06-16,sure,0,-1,-1,0,0.0,0.0,0.0,True,1176,0.04572641954459922,-1,-1,0.0,43,56,-1.5595405266845521,,-1.5595405266845521,0.0009393389951397131,AUTO_KEEP
beta,beta_B,2024-06-17,unsure,0,-1,-1,0,0.0,0.0,0.0,True,1176,0.08636996753500181,-1,-1,0.0,55,55,-0.7965334530242208,,-0.7965334530242208,0.0019829846545591392,AUTO_KEEP
beta,beta_B,2024-06-18,unsure,0,-1,-1,0,0.0,0.0,0.0,True,1176,0.21602900921684132,-1,-1,0.0,53,53,-1.3446439399382362,,-1.3446439399382362,0.0011304319600274632,AUTO_KEEP
beta,beta_B,2024-06-19,unsure,0,-1,-1,0,0.0,0.0,0.0,True,1176,0.19942388858017512,-1,-1,0.0,44,58,-0.3828061858356615,,-0.3828061858356615,0.0034432618537372753,AUTO_KEEP
beta,beta_B,2024-06-20,unsure,0,-1,-1,0,0.0,0.0,0.0,True,1176,0.16576452369784356,-1,-1,0.0,53,58,-0.3986973894548862,,-0.3986973894548862,0.0033613675299419463,AUTO_KEEP
beta,beta_B,2024-06-21,unsure,0,-1,-1,0,0.0,5.221779,0.0,True,1176,0.07374894923858655,45,50,0.33103198454615806,44,44,-0.9004250920348126,0.33103198454615806,0.33103198454615806,0.012391098134770592,AUTO_KEEP
beta,beta_B,2024-06-22,sure,0,-1,-1,0,0.0,0.0,0.0,False,0,,-1,-1,,-1,-1,,,,,UNCERTAIN
beta,beta_B,2024-06-23,sure,0,-1,-1,0,0.0,0.0,0.0,True,1176,0.0001816904297102795,-1,-1,0.0,49,49,-1.3416520288663027,,-1.3416520288663027,0.0011334837566677124,AUTO_KEEP
beta,beta_B,2024-06-24,unsure,0,-1,-1,0,0.0,0.0,0.0,True,1176,0.15657482932317635,-1,-1,0.0,65,65,-1.191002692879096,,-1.191002692879096,0.0013043286414809116,AUTO_KEEP
beta,beta_B,2024-06-25,unsure,1,45,57,13,11.011958,0.0,0.0,True,1176,0.07841969504002488,-1,-1,0.0,43,58,-0.8083274150911705,,-0.8083274150911705,0.0019557989668485863,AUTO_KEEP
beta,beta_B,2024-06-26,sure,1,44,55,12,10.382327,13.052655499999998,10.382327,True,1176,0.0672503612862787,42,57,1.2718079163460907,61,61,-2.1490488998720005,1.2718079163460907,1.2718079163460907,0.0373911213683677,AUTO_KEEP
beta,beta_B,2024-06-27,sure,1,44,56,13,15.935429500000001,20.0904285,15.935429500000001,True,1176,0.17466320416013392,42,59,9.592911744592415,41,41,-2.4533510764766118,9.592911744592415,9.592911744592415,0.5015615030331873,UNCERTAIN
beta,beta_B,2024-06-28,unsure,1,43,56,14,13.321801500000001,0.0,0.0,True,1176,0.20871695226387033,-1,-1,0.0,43,58,-0.4011707312527052,,-0.4011707312527052,0.00334887951021699,AUTO_KEEP
beta,beta_B,2024-06-29,unsure,0,-1,-1,0,0.0,0.0,0.0,True,1176,0.06175096814550329,-1,-1,0.0,58,58,-1.0356325074468993,,-1.0356325074468993,0.001523402641417007,AUTO_KEEP
beta,beta_B,2024-06-30,sure,0,-1,-1,0,0.0,0.0,0.0,True,1176,0.016882703410730393,-1,-1,0.0,55,55,-2.5774744182350964,,-2.5774744182350964,0.0004630723850909776,AUTO_KEEP
beta,beta_B,2024-07-01,unsure,0,-1,-1,0,0.0,8.2763965,0.0,True,1176,0.1914316408078438,48,56,2.642340488510902,44,44,-0.7083417854233913,2.642340488510902,2.642340488510902,0.09531642903294263,AUTO_KEEP
beta,beta_B,2024-07-02,sure,0,-1,-1,0,0.0,0.0,0.0,True,1176,0.03168822256979276,-1,-1,0.0,44,44,-2.3123106847314623,,-2.3123106847314623,0.0005448928518146757,AUTO_KEEP
beta,beta_B,2024-07-03,sure,0,-1,-1,0,0.0,0.0,0.0,True,1176,0.13152612742367253,-1,-1,0.0,52,52,-1.9697465307441677,,-1.9697465307441677,0.0006862297728808305,AUTO_KEEP
beta,beta_B,2024-07-04,unsure,0,-1,-1,0,0.0,0.0,0.0,True,1176,0.10778471692169855,-1,-1,0.0,47,47,-1.1373099499138313,,-1.1373099499138313,0.0013744654194698285,AUTO_KEEP
beta,beta_B,2024-07-05,sure,0,-1,-1,0,0.0,0.0,0.0,True,1176,0.035014025557156714,-1,-1,0.0,56,56,-1.0305977857867912,,-1.0305977857867912,0.0015313856842501447,AUTO_KEEP
beta,beta_B,2024-07-06,unsure,0,-1,-1,0,0.0,0.0,0.0,True,1176,0.12183208384558863,-1,-1,0.0,59,59,-1.5383049618495308,,-1.5383049618495308,0.0009560120359454477,AUTO_KEEP
beta,beta_B,2024-07-07,sure,0,-1,-1,0,0.0,0.0,0.0,True,1176,0.00044523993867340295,-1,-1,0.0,42,42,-2.083959790795478,,-2.083959790795478,0.0006336483261022227,AUTO_KEEP
beta,beta_B,2024-07-08,sure,0,-1,-1,0,0.0,0.0,0.0,True,1176,0.050778962870539956,-1,-1,0.0,53,53,-2.671628084613095,,-2.671628084613095,0.00043834007515927427,AUTO_KEEP
beta,beta_B,2024-07-09,sure,0,-1,-1,0,0.0,0.0,0.0,True,1176,0.05168604583676917,-1,-1,0.0,60,60,-1.2428731874843402,,-1.2428731874843402,0.001241463949085016,AUTO_KEEP
beta,beta_B,2024-07-10,unsure,1,43,54,12,13.801617,19.581223,13.801617,True,1176,0.19258286643321654,42,59,3.4731345224490675,61,61,-2.3543526287677694,3.4731345224490675,3.4731345224490675,0.1399059969393743,AUTO_KEEP
beta,beta_B,2024-07-11,sure,1,43,52,10,10.9695085,10.9695085,10.9695085,True,1176,0.16457341187918129,43,52,1.2615079939292935,58,58,-1.622001501719126,1.2615079939292935,1.2615079939292935,0.03704692470536205,AUTO_KEEP
beta,beta_B,2024-07-12,sure,1,43,57,15,17.261164000000004,20.95669,17.261164000000004,True,1176,0.15581185163642353,42,60,10.53553848654637,39,39,-1.253120520977073,10.53553848654637,10.53553848654637,0.5464764678377317,UNCERTAIN
beta,beta_B,2024-07-13,unsure,1,46,53,8,9.5349175,0.0,0.0,True,1176,0.027496276686335364,-1,-1,0.0,47,47,-1.3307064421303503,,-1.3307064421303503,0.0011447524186339445,AUTO_KEEP
beta,beta_B,2024-07-14,unsure,1,44,56,13,11.395057999999999,0.0,0.0,True,1176,0.11296066747800637,-1,-1,0.0,60,60,-1.9017635029155289,,-1.9017635029155289,0.0007206329172181543,AUTO_KEEP
beta,beta_B,2024-07-15,unsure,1,46,55,10,8.146989,12.563769,8.146989,True,1176,0.15395326784076957,43,58,2.089146202000479,59,59,-2.6780636624162413,2.089146202000479,2.089146202000479,0.0692287939573548,AUTO_KEEP
beta,beta_B,2024-07-16,sure,0,-1,-1,0,0.0,0.0,0.0,True,1176,0.17010641857405062,-1,-1,0.0,47,47,-1.8453210466284073,,-1.8453210466284073,0.0007511614483123917,AUTO_KEEP
beta,beta_B,2024-07-17,unsure,0,-1,-1,0,0.0,12.531453999999998,0.0,True,1176,0.14035439707769637,43,54,1.8343759691470645,60,60,-1.2109330630611987,1.8343759691470645,1.8343759691470645,0.058384887371171555,AUTO_KEEP
beta,beta_B,2024-07-18,unsure,0,-1,-1,0,0.0,0.0,0.0,True,1176,0.2148002097326449,-1,-1,0.0,61,61,-1.247490693147016,,-1.247490693147016,0.0012360852433348165,AUTO_KEEP
beta,beta_B,2024-07-19,sure,1,44,56,13,12.957520999999998,13.932801999999999,12.957520999999998,True,1176,0.11338822065128262,44,57,6.926451865950425,42,42,-0.699577340884824,6.926451865950425,6.926451865950425,0.35280795095345374,UNCERTAIN
beta,beta_B,2024-07-20,unsure,0,-1,-1,0,0.0,0.0,0.0,True,1176,0.001602358372239543,-1,-1,0.0,58,58,-1.2500848180266357,,-1.2500848180266357,0.001233078515668638,AUTO_KEEP
beta,beta_B,2024-07-21,unsure,1,44,58,15,14.385107999999999,0.0,0.0,True,1176,0.18593421029106594,-1,-1,0.0,44,57,-0.5247816550636096,,-0.5247816550636096,0.0028023684459349374,AUTO_KEEP
beta,beta_B,2024-07-22,sure,1,43,56,14,16.594701999999998,18.6610575,16.594701999999998,True,1176,0.16626678651401416,42,57,6.267314264446641,58,58,-1.9849041785251391,6.267314264446641,6.267314264446641,0.3121174544484581,UNCERTAIN
beta,beta_B,2024-07-23,sure,1,42,58,17,22.385236000000003,24.726631999999995,22.385236000000003,True,1176,0.15711998457079535,41,60,17.757983867756785,40,40,-2.0277492840262297,17.757983867756785,17.757983867756785,0.7710336094923231,AUTO_CORRECT
beta,beta_B,2024-07-24,sure,1,41,59,19,25.0500535,27.693178999999997,25.0500535,True,1176,0.18394022748359973,40,61,12.001525177611711,62,62,-2.204340595887534,12.001525177611711,12.001525177611711,0.6080992051453422,UNCERTAIN
beta,beta_B,2024-07-25,sure,1,44,55,12,16.8337595,21.6926305,16.8337595,True,1176,0.11767603506530921,43,58,5.327123253481905,40,40,-1.6758005670433165,5.327123253481905,5.327123253481905,0.2529217390597071,AUTO_KEEP
beta,beta_B,2024-07-26,unsure,0,-1,-1,0,0.0,15.98977,0.0,True,1176,0.20509126414078516,49,60,8.009052501002724,45,45,-1.737642788222813,8.009052501002724,8.009052501002724,0.41675753298650103,UNCERTAIN
beta,beta_B,2024-07-27,sure,0,-1,-1,0,0.0,0.0,0.0,True,1176,0.11147989657339252,-1,-1,0.0,59,59,-1.1560983287613644,,-1.1560983287613644,0.0013493046114617128,AUTO_KEEP
beta,beta_B,2024-07-28,sure,1,43,56,14,13.082795000000003,16.1123985,13.082795000000003,True,1176,0.017504906637495488,41,58,6.965062609653716,40,40,-3.316498006669891,6.965062609653716,6.965062609653716,0.35515686436779187,UNCERTAIN
beta,beta_B,2024-07-29,unsure,0,-1,-1,0,0.0,8.0615485,0.0,True,1176,0.1904448272410022,42,50,3.634076366443499,53,53,-0.7191796212258281,3.634076366443499,3.634076366443499,0.1491412110199267,AUTO_KEEP
beta,beta_B,2024-07-30,unsure,0,-1,-1,0,0.0,0.0,0.0,True,1176,0.16210772875795953,-1,-1,0.0,42,42,-0.312484874091976,,-0.312484874091976,0.00384334775776763,AUTO_KEEP
beta,beta_B,2024-07-31,unsure,0,-1,-1,0,0.0,0.0,0.0,True,1176,0.10397192490433405,-1,-1,0.0,59,59,-1.3777140850199978,,-1.3777140850199978,0.001097490926096299,AUTO_KEEP
beta,beta_B,2024-08-01,unsure,0,-1,-1,0,0.0,7.623075,0.0,True,1176,0.14626873597082835,44,50,0.7750222109322278,51,51,-0.8323092571350329,0.7750222109322278,0.7750222109322278,0.022536449109843273,AUTO_KEEP
beta,beta_B,2024-08-02,unsure,0,-1,-1,0,0.0,21.733521500000002,0.0,True,1176,0.05356628395896745,39,55,7.8837119571763425,56,56,-1.169720899139653,7.8837119571763425,7.8837119571763425,0.4095770892864914,UNCERTAIN
beta,beta_B,2024-08-03,sure,1,42,60,19,23.407354000000005,24.144961500000004,23.407354000000005,True,1176,0.22582717328446478,41,60,3.998101737812585,61,61,-2.1660899120161297,3.998101737812585,3.998101737812585,0.17058277512440984,AUTO_KEEP
beta,beta_B,2024-08-04,unsure,0,-1,-1,0,0.0,0.0,0.0,True,136,0.12095629467414781,-1,-1,0.0,36,36,-2.282500921383812,,-2.282500921383812,0.0005553999705661144,AUTO_KEEP
beta,beta_B,2024-08-05,unsure,0,-1,-1,0,0.0,1.5900005,0.0,True,465,0.21509200000000028,51,51,0.22018976501279697,50,50,-1.0627734133260547,0.22018976501279697,0.22018976501279697,0.01033222722003223,AUTO_KEEP
beta,beta_B,2024-08-06,unsure,0,-1,-1,0,0.0,24.822344999999995,0.0,True,1176,0.10380124579495043,39,57,10.01749626228761,58,58,-0.622475967001004,10.01749626228761,10.01749626228761,0.5223147161679806,UNCERTAIN
beta,beta_B,2024-08-07,sure,1,40,60,21,34.558283,35.444024000000006,34.558283,True,1176,0.17283153019855035,40,61,18.79977803097343,39,39,-2.1986956537014537,18.79977803097343,18.79977803097343,0.7905777550958549,AUTO_CORRECT
beta,beta_B,2024-08-08,sure,1,42,60,19,32.6304665,35.191502500000006,32.6304665,True,1176,0.16909150161668585,40,61,21.779661332114216,39,39,-1.9587138093459961,21.779661332114216,21.779661332114216,0.8354510671500699,AUTO_CORRECT
beta,beta_B,2024-08-09,unsure,0,-1,-1,0,0.0,27.858016000000003,0.0,True,1176,0.19062038171510132,41,61,16.340977191440533,40,40,-1.2792117118258537,16.340977191440533,16.340977191440533,0.7404141168166078,AUTO_CORRECT
beta,beta_B,2024-08-10,unsure,0,-1,-1,0,0.0,10.16557,0.0,True,1176,0.12081689196689993,48,56,0.10093539384681759,47,47,-1.0712881479382421,0.10093539384681759,0.10093539384681759,0.008330222089224591,AUTO_KEEP
beta,beta_B,2024-08-11,unsure,0,-1,-1,0,0.0,20.6040885,0.0,True,1176,0.22627384880578294,41,59,8.676846397236762,40,40,-1.2356710169643907,8.676846397236762,8.676846397236762,0.45389457263975064,UNCERTAIN
beta,beta_B,2024-08-12,sure,0,-1,-1,0,0.0,0.0,0.0,True,1176,0.07736030896904289,-1,-1,0.0,49,49,-2.4806921922053182,,-2.4806921922053182,0.0004906981742191697,AUTO_KEEP
beta,beta_B,2024-08-13,sure,0,-1,-1,0,0.0,0.0,0.0,True,1176,0.19549337348235785,-1,-1,0.0,56,56,-1.323006159906226,,-1.323006159906226,0.0011527791080575627,AUTO_KEEP
beta,beta_B,2024-08-14,sure,0,-1,-1,0,0.0,0.0,0.0,True,1176,0.14695072173417234,-1,-1,0.0,63,63,-3.317863144735744,,-3.317863144735744,0.0003111944153205857,AUTO_KEEP
beta,beta_B,2024-08-15,sure,0,-1,-1,0,0.0,0.0,0.0,True,1176,0.06937581555821115,-1,-1,0.0,52,52,-2.222289267344233,,-2.222289267344233,0.0005775532843685085,AUTO_KEEP
beta,beta_B,2024-08-16,unsure,0,-1,-1,0,0.0,0.0,0.0,True,1176,0.08596614581091089,-1,-1,0.0,54,54,-1.0804623946979584,,-1.0804623946979584,0.0014549453475965035,AUTO_KEEP
beta,beta_B,2024-08-17,unsure,0,-1,-1,0,0.0,49.837317,0.0,True,1176,0.08204643751231622,34,61,12.789311422428588,62,62,-1.3066770992810115,12.789311422428588,12.789311422428588,0.6373034313232026,UNCERTAIN
beta,beta_B,2024-08-18,unsure,0,-1,-1,0,0.0,13.0588325,0.0,True,1176,0.009460177519708957,41,49,1.689415613250856,36,36,-1.4823658726405444,1.689415613250856,1.689415613250856,0.05257481896655093,AUTO_KEEP
beta,beta_B,2024-08-19,unsure,0,-1,-1,0,0.0,0.0,0.0,True,1176,0.08431675190902954,-1,-1,0.0,40,48,-1.0559775381186023,,-1.0559775381186023,0.0014917597829035443,AUTO_KEEP
beta,beta_B,2024-08-20,sure,1,38,61,24,48.142221,50.981303499999996,48.142221,True,1176,0.2261438007014238,37,63,32.934423268733156,36,36,-3.0423549971309023,32.934423268733156,32.934423268733156,0.9218139853518674,AUTO_CORRECT
beta,beta_B,2024-08-21,sure,1,38,61,24,45.4045355,48.176229500000005,45.4045355,True,1176,0.031463684887154564,38,62,32.78432636813734,63,63,-0.88897432575397,32.78432636813734,32.78432636813734,0.9211359518897616,AUTO_CORRECT
beta,beta_B,2024-08-22,sure,1,43,61,19,35.077068000000004,37.01831550000001,35.077068000000004,True,1176,0.1123145249836135,43,63,24.290128808524468,42,42,-1.5832035972101215,24.290128808524468,24.290128808524468,0.8636279885319428,AUTO_CORRECT
beta,beta_B,2024-08-23,sure,1,38,59,22,44.7663195,51.352899,44.7663195,True,1176,0.1556522264383169,36,63,33.075002959419784,64,64,-1.2595343091956726,33.075002959419784,33.075002959419784,0.9224415005131315,AUTO_CORRECT
beta,beta_B,2024-08-24,unsure,0,-1,-1,0,0.0,5.8519825,0.0,True,1176,0.11253085378714545,52,54,1.054050306469532,40,41,0.01017464810828123,1.0438756583612507,1.054050306469532,0.030436376967041164,AUTO_KEEP
beta,beta_B,2024-08-25,sure,0,-1,-1,0,0.0,0.0,0.0,True,1176,0.05857235562031349,-1,-1,0.0,54,54,-2.5177398660640185,,-2.5177398660640185,0.00047984347039213023,AUTO_KEEP
beta,beta_B,2024-08-26,sure,1,36,62,27,61.2966185,63.834956500000004,61.2966185,True,1176,0.12104789165286789,34,63,53.93639722359421,64,64,-3.3072990272141656,53.93639722359421,53.93639722359421,0.9702746339552873,AUTO_CORRECT
beta,beta_B,2024-08-27,sure,1,36,62,27,69.2188645,71.9818445,69.2188645,True,1176,0.14494140628070973,35,64,48.77238914678589,34,34,-2.6452693470302693,48.77238914678589,48.77238914678589,0.9636281707125113,AUTO_CORRECT
beta,beta_B,2024-08-28,sure,1,38,61,24,59.4007115,62.51692200000001,59.4007115,True,1176,0.17232833623707577,37,63,41.47319637770165,31,31,-1.9671611395283601,41.47319637770165,41.47319637770165,0.9498690630100808,AUTO_CORRECT
beta,beta_B,2024-08-29,sure,1,35,62,28,66.96300550000001,67.706675,66.96300550000001,True,1176,0.08590474710606699,35,63,58.274074757769355,34,34,-1.0498308578189222,58.274074757769355,58.274074757769355,0.9745738038978162,AUTO_CORRECT
beta,beta_B,2024-08-30,sure,1,36,61,26,58.7288495,61.16972799999999,58.7288495,True,1176,0.08610529731125283,34,62,48.43738639205307,63,63,-2.8445350831429046,48.43738639205307,48.43738639205307,0.963124501761591,AUTO_CORRECT
beta,beta_B,2024-08-31,sure,1,36,62,27,61.977565500000004,64.4259,61.977565500000004,True,1176,0.0866977763485064,34,63,59.76634379273792,64,64,-3.4138683661932903,59.76634379273792,59.76634379273792,0.9758442008564182,AUTO_CORRECT
beta,beta_B,2024-09-01,sure,1,36,61,26,57.289564999999996,60.97022949999999,57.289564999999996,True,1176,0.005091452640049177,33,62,54.74785128514108,32,32,-2.9861909576304155,54.74785128514108,54.74785128514108,0.9711556573111422,AUTO_CORRECT
beta,beta_B,2024-09-02,sure,1,35,62,28,70.86092250000002,72.405435,70.86092250000002,True,1176,0.0415454367803445,34,63,59.19454726617905,33,33,-2.542931041062689,59.19454726617905,59.19454726617905,0.9753686080696825,AUTO_CORRECT
beta,beta_B,2024-09-03,sure,1,34,63,30,78.3217455,79.3097355,78.3217455,True,1176,0.07729658688368968,34,64,53.592898962267725,33,33,-2.880726257201028,53.592898962267725,53.592898962267725,0.9698898420143477,AUTO_CORRECT
beta,beta_B,2024-09-04,sure,1,36,62,27,67.81115000000001,68.62484050000002,67.81115000000001,True,1176,0.1737805844072211,36,63,45.8440147902717,35,35,-1.8484634309412762,45.8440147902717,45.8440147902717,0.9588588405355111,AUTO_CORRECT
beta,beta_B,2024-09-05,sure,1,35,62,28,70.2673555,72.04800699999998,70.2673555,True,1176,0.11142608908057472,34,63,49.57340670495184,33,33,-2.841279537953835,49.57340670495184,49.57340670495184,0.9647926773110486,AUTO_CORRECT
beta,beta_B,2024-09-06,sure,1,35,61,27,66.04075850000001,67.65416650000002,66.04075850000001,True,1176,0.094955808882629,34,62,53.87478411362652,63,63,-2.2821286041325948,53.87478411362652,53.87478411362652,0.970206143274802,AUTO_CORRECT
beta,beta_B,2024-09-07,sure,1,36,61,26,41.83118799999999,42.972632499999996,41.18406149999999,True,1176,0.05436833934372576,34,60,43.815650046744864,61,61,-1.0279003874548716,43.815650046744864,43.815650046744864,0.955004977986454,AUTO_CORRECT
beta,beta_B,2024-09-08,unsure,0,-1,-1,0,0.0,0.0,0.0,True,1176,0.017097785664841325,-1,-1,0.0,43,46,-0.8388342876487715,,-0.8388342876487715,0.0018879726300357824,AUTO_KEEP
beta,beta_B,2024-09-09,sure,1,35,62,28,55.603001000000006,56.34894800000001,55.603001000000006,True,1176,0.13907630608178057,35,63,37.32693697806133,34,34,-2.5090813480671446,37.32693697806133,37.32693697806133,0.9384600368904206,AUTO_CORRECT
beta,beta_B,2024-09-10,sure,1,35,62,28,67.1556175,68.79979650000001,67.1556175,True,1176,0.10436817000062426,34,63,42.608570286991025,33,33,-2.5462943203381236,42.608570286991025,42.608570286991025,0.9524587705520743,AUTO_CORRECT
beta,beta_B,2024-09-11,sure,1,35,62,28,68.722311,68.96338150000001,67.976224,True,1176,0.07671755060852004,34,61,41.81355728380201,62,62,-1.5675165703404403,41.81355728380201,41.81355728380201,0.9506663860441512,AUTO_CORRECT
beta,beta_B,2024-09-12,unsure,0,-1,-1,0,0.0,28.023647999999998,0.0,True,1176,0.07267445519284799,42,60,19.379755042103028,61,61,-1.3095430144318874,19.379755042103028,19.379755042103028,0.8005028662856231,AUTO_CORRECT
beta,beta_B,2024-09-13,unsure,0,-1,-1,0,0.0,0.0,0.0,True,1176,0.09494313991167935,-1,-1,0.0,36,37,-0.40651742680372616,,-0.40651742680372616,0.0033221160118423227,AUTO_KEEP
beta,beta_B,2024-09-14,sure,1,35,61,27,68.66035049999999,71.522116,68.66035049999999,True,1176,0.12966321739975495,34,62,46.68694644733381,63,63,-2.3567933125827185,46.68694644733381,46.68694644733381,0.9603205481622651,AUTO_CORRECT
beta,beta_B,2024-09-15,sure,1,35,58,24,34.530709,41.85917799999999,34.530709,True,1176,0.06208767202893828,32,62,30.208532307296107,30,30,-2.595222592909057,30.208532307296107,30.208532307296107,0.9080658685143572,AUTO_CORRECT
beta,beta_B,2024-09-16,sure,1,35,63,29,81.06142200000001,82.9119045,81.06142200000001,True,1176,0.1056193749970431,34,64,48.56772563012724,33,33,-3.249024371283301,48.56772563012724,48.56772563012724,0.9633216611561011,AUTO_CORRECT
beta,beta_B,2024-09-17,sure,1,35,62,28,60.19627299999999,63.919569499999994,60.19627299999999,True,1176,0.12928940075819373,33,64,41.65064063300969,31,31,-2.5285028531888356,41.65064063300969,41.65064063300969,0.9502870456168332,AUTO_CORRECT
beta,beta_B,2024-09-18,sure,1,34,63,30,88.6942615,90.471186,88.6942615,True,1176,0.058693949766194464,33,64,56.71935488805748,65,65,-2.5875930147746695,56.71935488805748,56.71935488805748,0.973143822152634,AUTO_CORRECT
beta,beta_B,2024-09-19,sure,1,33,63,31,87.08534750000003,88.96069700000001,87.08534750000003,True,1176,0.10504451396784376,32,64,62.5912388467604,65,65,-3.198739250060959,62.5912388467604,62.5912388467604,0.9780077990135331,AUTO_CORRECT
beta,beta_B,2024-09-20,sure,1,33,63,31,85.9794935,87.90455899999999,85.9794935,True,1176,0.09461498910396138,32,64,60.7391300171069,65,65,-3.5073376183954688,60.7391300171069,60.7391300171069,0.9766230410002077,AUTO_CORRECT
beta,beta_B,2024-09-21,sure,1,34,62,29,76.58684099999999,80.30668349999999,76.58684099999999,True,1176,0.12024466671689904,32,64,70.10670582197402,65,65,-2.70441468013441,70.10670582197402,70.10670582197402,0.982552480221621,AUTO_CORRECT
beta,beta_B,2024-09-22,sure,1,32,61,30,74.7552045,77.48326,74.7552045,True,1176,0.10393753041688214,31,63,70.12965019796158,64,64,-3.001736282427361,70.12965019796158,70.12965019796158,0.9825641674257355,AUTO_CORRECT
beta,beta_B,2024-09-23,sure,1,34,62,29,79.43878250000002,82.23445699999999,79.43878250000002,True,1176,0.003332913449090924,32,63,65.51910926991043,31,31,-2.1892743324328716,65.51910926991043,65.51910926991043,0.9799639063347609,AUTO_CORRECT
beta,beta_B,2024-09-24,sure,1,36,56,21,36.98415399999999,39.12382149999999,36.98415399999999,True,1176,0.039687106090057434,36,58,29.626036514998408,34,34,-1.7813344850334656,29.626036514998408,29.626036514998408,0.904686585157536,AUTO_CORRECT
beta,beta_B,2024-09-25,sure,1,48,61,14,25.537891499999994,31.634053999999995,25.537891499999994,True,1176,0.00021579383790637507,44,62,9.445257826653197,43,43,-1.2606533237399882,9.445257826653197,9.445257826653197,0.49414384791745214,UNCERTAIN
beta,beta_B,2024-09-26,sure,0,-1,-1,0,0.0,0.0,0.0,True,1176,0.08943788676968367,-1,-1,0.0,59,59,-3.138039385069074,,-3.138039385069074,0.0003404633482043604,AUTO_KEEP
beta,beta_B,2024-09-27,unsure,0,-1,-1,0,0.0,12.606739999999999,0.0,True,1176,0.12230461454782215,44,51,7.0003540999149365,41,41,-1.154227491084828,7.0003540999149365,7.0003540999149365,0.35729999320458045,UNCERTAIN
beta,beta_B,2024-09-28,unsure,0,-1,-1,0,0.0,50.392123,0.0,True,1176,0.17990581155990348,34,64,13.315994884742514,33,33,-1.2062197477108616,13.315994884742514,13.315994884742514,0.6554116807789966,UNCERTAIN
beta,beta_B,2024-09-29,unsure,0,-1,-1,0,0.0,0.0,0.0,True,1176,0.002358953385628304,-1,-1,0.0,53,53,-1.1226364385437764,,-1.1226364385437764,0.0013945991298200977,AUTO_KEEP
beta,beta_B,2024-09-30,unsure,0,-1,-1,0,0.0,38.38627700000001,0.0,True,1176,0.02079646152582626,40,64,5.839994051883641,39,39,-0.884233934739379,5.839994051883641,5.839994051883641,0.28529706360313406,AUTO_KEEP
beta,beta_C,2023-10-01,sure,0,-1,-1,0,0.0,0.0,0.0,True,1176,0.05178164662157503,-1,-1,0.0,56,56,-1.928948994365945,,-1.928948994365945,0.0009194046115273808,AUTO_KEEP
beta,beta_C,2023-10-02,sure,0,-1,-1,0,0.0,0.0,0.0,True,1176,0.09017917285514976,-1,-1,0.0,50,50,-1.8677297141458038,,-1.8677297141458038,0.0009614881686643626,AUTO_KEEP
beta,beta_C,2023-10-03,sure,0,-1,-1,0,0.0,0.0,0.0,True,1176,0.0876559100405192,-1,-1,0.0,48,48,-3.4099081092245234,,-3.4099081092245234,0.0003862163372867685,AUTO_KEEP
beta,beta_C,2023-10-04,sure,0,-1,-1,0,0.0,0.0,0.0,True,1176,0.08313969387645903,-1,-1,0.0,52,52,-1.6182962065420032,,-1.6182962065420032,0.0011659200755104353,AUTO_KEEP
beta,beta_C,2023-10-05,sure,0,-1,-1,0,0.0,0.0,0.0,True,1176,0.1078263958957697,-1,-1,0.0,69,69,-2.2524297097906247,,-2.2524297097906247,0.0007363716536166125,AUTO_KEEP
beta,beta_C,2023-10-06,sure,0,-1,-1,0,0.0,0.0,0.0,True,1176,0.10733190735485643,-1,-1,0.0,55,55,-1.1295525506772215,,-1.1295525506772215,0.0018058958690198351,AUTO_KEEP
beta,beta_C,2023-10-07,sure,0,-1,-1,0,0.0,0.0,0.0,True,1176,0.09529903792309469,-1,-1,0.0,48,48,-1.5097399285581554,,-1.5097399285581554,0.0012753319772673642,AUTO_KEEP
beta,beta_C,2023-10-08,sure,0,-1,-1,0,0.0,0.0,0.0,True,1176,0.09220056074834693,-1,-1,0.0,51,51,-1.6847251990890444,,-1.6847251990890444,0.0011056513050217171,AUTO_KEEP
beta,beta_C,2023-10-09,sure,0,-1,-1,0,0.0,0.0,0.0,True,1176,0.11991064367105686,-1,-1,0.0,62,62,-2.956587299371264,,-2.956587299371264,0.00048606755144797856,AUTO_KEEP
beta,beta_C,2023-10-10,sure,0,-1,-1,0,0.0,0.0,0.0,True,1176,0.10654910005755136,-1,-1,0.0,51,51,-1.6706053409621529,,-1.6706053409621529,0.001118071901048886,AUTO_KEEP
beta,beta_C,2023-10-11,sure,0,-1,-1,0,0.0,0.0,0.0,True,1176,0.10490433311307079,-1,-1,0.0,46,46,-1.7248541895399552,,-1.7248541895399552,0.0010714395897566881,AUTO_KEEP
beta,beta_C,2023-10-12,sure,0,-1,-1,0,0.0,0.0,0.0,True,1176,0.09484513079638823,-1,-1,0.0,45,45,-2.7097345152520296,,-2.7097345152520296,0.0005571882253602796,AUTO_KEEP
beta,beta_C,2023-10-13,sure,0,-1,-1,0,0.0,0.0,0.0,True,1176,0.08764892841796668,-1,-1,0.0,48,48,-2.691455191481928,,-2.691455191481928,0.0005630526838408501,AUTO_KEEP
beta,beta_C,2023-10-14,sure,0,-1,-1,0,0.0,0.0,0.0,True,1176,0.08602196279743257,-1,-1,0.0,45,45,-3.2269711879577025,,-3.2269711879577025,0.0004225115052970207,AUTO_KEEP
beta,beta_C,2023-10-15,sure,0,-1,-1,0,0.0,0.0,0.0,True,1176,0.0955100896504888,-1,-1,0.0,60,60,-3.105142571742766,,-3.105142571742766,0.0004495349419439851,AUTO_KEEP
beta,beta_C,2023-10-16,sure,0,-1,-1,0,0.0,0.0,0.0,True,1176,0.07332791986039977,-1,-1,0.0,56,56,-1.0114181601130845,,-1.0114181601130845,0.0020377856306864456,AUTO_KEEP
beta,beta_C,2023-10-17,sure,0,-1,-1,0,0.0,0.0,0.0,True,1176,0.13149201323627757,-1,-1,0.0,52,52,-1.3246394802073949,,-1.3246394802073949,0.0015000022134981166,AUTO_KEEP
beta,beta_C,2023-10-18,sure,0,-1,-1,0,0.0,0.0,0.0,True,1176,0.10678723111251331,-1,-1,0.0,48,48,-1.7771827059319345,,-1.7771827059319345,0.0010291189682781479,AUTO_KEEP
beta,beta_C,2023-10-19,sure,0,-1,-1,0,0.0,0.0,0.0,True,1176,0.10074367277428786,-1,-1,0.0,60,60,-1.6656866989367387,,-1.6656866989367387,0.0011224468328649474,AUTO_KEEP
beta,beta_C,2023-10-20,sure,0,-1,-1,0,0.0,0.0,0.0,True,1176,0.10823488229872913,-1,-1,0.0,61,61,-2.8397948955118286,,-2.8397948955118286,0.0005179412022050971,AUTO_KEEP
beta,beta_C,2023-10-21,sure,0,-1,-1,0,0.0,0.0,0.0,True,1176,0.08095053386951001,-1,-1,0.0,56,56,-1.330240417398239,,-1.330240417398239,0.001492377522796929,AUTO_KEEP
beta,beta_C,2023-10-22,sure,0,-1,-1,0,0.0,0.0,0.0,True,1176,0.09273691242829862,-1,-1,0.0,55,55,-2.315744213247287,,-2.315744213247287,0.0007068902882002955,AUTO_KEEP
beta,beta_C,2023-10-23,sure,0,-1,-1,0,0.0,0.0,0.0,True,1176,0.07614890899720006,-1,-1,0.0,55,55,-3.269772111364072,,-3.269772111364072,0.0004135832617093572,AUTO_KEEP
beta,beta_C,2023-10-24,sure,0,-1,-1,0,0.0,0.0,0.0,True,1176,0.08757170852878815,-1,-1,0.0,43,43,-3.0747201437540737,,-3.0747201437540737,0.0004566795655595883,AUTO_KEEP
beta,beta_C,2023-10-25,sure,0,-1,-1,0,0.0,0.0,0.0,True,1176,0.09908767849629774,-1,-1,0.0,61,61,-2.0957958537626276,,-2.0957958537626276,0.0008175661175993059,AUTO_KEEP
beta,beta_C,2023-10-26,sure,0,-1,-1,0,0.0,0.0,0.0,True,1176,0.11398369005953723,-1,-1,0.0,44,44,-1.9105098856231129,,-1.9105098856231129,0.0009317901973132201,AUTO_KEEP
beta,beta_C,2023-10-27,sure,0,-1,-1,0,0.0,0.0,0.0,True,1176,0.10624433474399009,-1,-1,0.0,60,60,-1.216040505796532,,-1.216040505796532,0.0016599255283348646,AUTO_KEEP
beta,beta_C,2023-10-28,sure,0,-1,-1,0,0.0,0.0,0.0,True,1176,0.08819428954338049,-1,-1,0.0,63,63,-1.1602405828024838,,-1.1602405828024838,0.0017520151888707701,AUTO_KEEP
beta,beta_C,2023-10-29,sure,0,-1,-1,0,0.0,0.0,0.0,True,1176,0.07305667830174123,-1,-1,0.0,64,64,-3.039711168852265,,-3.039711168852265,0.0004651099573940979,AUTO_KEEP
beta,beta_C,2023-10-30,sure,0,-1,-1,0,0.0,0.0,0.0,True,1176,0.09769027224628157,-1,-1,0.0,56,56,-1.0282871767337762,,-1.0282871767337762,0.0020020810022413813,AUTO_KEEP
beta,beta_C,2023-10-31,sure,0,-1,-1,0,0.0,0.0,0.0,True,1176,0.07863839076964041,-1,-1,0.0,38,38,-2.119866400932767,,-2.119866400932767,0.0008042570851836689,AUTO_KEEP
beta,beta_C,2023-11-01,sure,0,-1,-1,0,0.0,0.0,0.0,True,1176,0.10715314370720996,-1,-1,0.0,46,46,-2.338396446734756,,-2.338396446734756,0.0006967634797506741,AUTO_KEEP
beta,beta_C,2023-11-02,sure,0,-1,-1,0,0.0,0.0,0.0,True,1176,0.09411044358240206,-1,-1,0.0,56,56,-1.210857979597745,,-1.210857979597745,0.001668174858528078,AUTO_KEEP
beta,beta_C,2023-11-03,sure,0,-1,-1,0,0.0,0.0,0.0,True,1176,0.10555267124404999,-1,-1,0.0,54,54,-1.5543165178416736,,-1.5543165178416736,0.0012286487926293941,AUTO_KEEP
beta,beta_C,2023-11-04,sure,0,-1,-1,0,0.0,0.0,0.0,True,1176,0.08304927397715645,-1,-1,0.0,55,55,-2.0506245274715895,,-2.0506245274715895,0.000843431917558049,AUTO_KEEP
beta,beta_C,2023-11-05,sure,0,-1,-1,0,0.0,0.0,0.0,True,1176,0.07288207148627279,-1,-1,0.0,47,47,-2.053780863305472,,-2.053780863305472,0.0008415857020060521,AUTO_KEEP
beta,beta_C,2023-11-06,sure,0,-1,-1,0,0.0,0.0,0.0,True,1176,0.12033466297269335,-1,-1,0.0,65,65,-1.5879945736897676,,-1.5879945736897676,0.0011950271220723455,AUTO_KEEP
beta,beta_C,2023-11-07,sure,0,-1,-1,0,0.0,0.0,0.0,True,1176,0.08135642194973247,-1,-1,0.0,41,41,-1.8361068454679317,,-1.8361068454679317,0.0009843444585414809,AUTO_KEEP
beta,beta_C,2023-11-08,sure,0,-1,-1,0,0.0,5.054396500000001,0.0,True,1176,0.09492951712849695,53,63,1.806844189141443,49,49,-0.9311400126006653,1.806844189141443,1.806844189141443,0.07426705020051942,AUTO_KEEP
beta,beta_C,2023-11-09,sure,0,-1,-1,0,0.0,0.0,0.0,True,1176,0.0692855770548686,-1,-1,0.0,56,56,-1.1627339962201984,,-1.1627339962201984,0.0017477415975836745,AUTO_KEEP
beta,beta_C,2023-11-10,sure,0,-1,-1,0,0.0,0.0,0.0,True,1176,0.0815505413624047,-1,-1,0.0,54,54,-1.4743242253383402,,-1.4743242253383402,0.0013143052926633853,AUTO_KEEP
beta,beta_C,2023-11-11,sure,0,-1,-1,0,0.0,0.0,0.0,True,1176,0.09771219171989864,-1,-1,0.0,57,57,-2.22841736623495,,-2.22841736623495,0.0007480270828597063,AUTO_KEEP
beta,beta_C,2023-11-12,sure,0,-1,-1,0,0.0,0.0,0.0,True,1176,0.12015259580395288,-1,-1,0.0,54,54,-0.9820845307336975,,-0.9820845307336975,0.0021021405446963065,AUTO_KEEP
beta,beta_C,2023-11-13,sure,0,-1,-1,0,0.0,0.0,0.0,True,1176,0.08648241871999174,-1,-1,0.0,52,53,-0.3822183256393388,,-0.3822183256393388,0.004504227708159342,AUTO_KEEP
beta,beta_C,2023-11-14,sure,0,-1,-1,0,0.0,0.0,0.0,True,1176,0.09351911221479448,-1,-1,0.0,37,37,-1.5146114432960534,,-1.5146114432960534,0.0012701044414601139,AUTO_KEEP
beta,beta_C,2023-11-15,sure,0,-1,-1,0,0.0,0.0,0.0,True,1176,0.09089800199801079,-1,-1,0.0,52,52,-1.0857429867577986,,-1.0857429867577986,0.0018871361285243385,AUTO_KEEP
beta,beta_C,2023-11-16,sure,0,-1,-1,0,0.0,0.0,0.0,True,1176,0.07231688142292514,-1,-1,0.0,46,55,-0.4085577852618743,,-0.4085577852618743,0.004328232306990847,AUTO_KEEP
beta,beta_C,2023-11-17,unsure,1,51,63,13,7.462265,0.0,0.0,True,1176,0.08773899796041107,-1,-1,0.0,53,53,-1.8052114826062355,,-1.8052114826062355,0.0010074552492853322,AUTO_KEEP
beta,beta_C,2023-11-18,sure,0,-1,-1,0,0.0,0.0,0.0,True,1176,0.06911521428752065,-1,-1,0.0,37,65,-1.6948414995280665,,-1.6948414995280665,0.0010968768555279019,AUTO_KEEP
beta,beta_C,2023-11-19,sure,0,-1,-1,0,0.0,0.0,0.0,True,1176,0.1080130827309187,-1,-1,0.0,63,63,-2.926686137296669,,-2.926686137296669,0.0004939470430101137,AUTO_KEEP
beta,beta_C,2023-11-20,sure,0,-1,-1,0,0.0,0.0,0.0,True,1176,0.08588359092697617,-1,-1,0.0,64,64,-2.449326632436831,,-2.449326632436831,0.0006501260649878474,AUTO_KEEP
beta,beta_C,2023-11-21,sure,0,-1,-1,0,0.0,0.0,0.0,True,1176,0.06831835612529069,-1,-1,0.0,64,64,-1.448374328092925,,-1.448374328092925,0.0013439841619871738,AUTO_KEEP
beta,beta_C,2023-11-22,sure,0,-1,-1,0,0.0,0.0,0.0,True,1176,0.07694217437141537,-1,-1,0.0,38,38,-1.6452977482381599,,-1.6452977482381599,0.0011408531582774522,AUTO_KEEP
beta,beta_C,2023-11-23,sure,0,-1,-1,0,0.0,0.0,0.0,True,1176,0.07030305367953948,-1,-1,0.0,38,38,-1.963294257636449,,-1.963294257636449,0.0008969717546153046,AUTO_KEEP
beta,beta_C,2023-11-24,sure,0,-1,-1,0,0.0,0.0,0.0,True,1176,0.07799048776432027,-1,-1,0.0,40,40,-2.278625474900182,,-2.278625474900182,0.0007239586242164392,AUTO_KEEP
beta,beta_C,2023-11-25,sure,0,-1,-1,0,0.0,0.0,0.0,True,1176,0.07647854058807146,-1,-1,0.0,56,56,-1.180821927771464,,-1.180821927771464,0.0017171937124502582,AUTO_KEEP
beta,beta_C,2023-11-26,unsure,0,-1,-1,0,0.0,0.0,0.0,True,1176,0.10959492252147118,-1,-1,0.0,50,50,-0.528425629887637,,-0.528425629887637,0.0036423762285221583,AUTO_KEEP
beta,beta_C,2023-11-27,sure,0,-1,-1,0,0.0,0.0,0.0,True,1176,0.10175249219008542,-1,-1,0.0,48,48,-1.4795141140739125,,-1.4795141140739125,0.0013084854170676776,AUTO_KEEP
beta,beta_C,2023-11-28,sure,0,-1,-1,0,0.0,0.0,0.0,True,1176,0.08589262685126364,-1,-1,0.0,37,37,-3.3081462921137033,,-3.3081462921137033,0.00040581243707914346,AUTO_KEEP
beta,beta_C,2023-11-29,sure,0,-1,-1,0,0.0,0.0,0.0,True,1176,0.07638676316105286,-1,-1,0.0,50,50,-1.0553103136614863,,-1.0553103136614863,0.0019467730114049522,AUTO_KEEP
beta,beta_C,2023-11-30,sure,0,-1,-1,0,0.0,0.0,0.0,True,1176,0.08926597577106588,-1,-1,0.0,60,60,-1.1342348628708345,,-1.1342348628708345,0.0017975186557740298,AUTO_KEEP
beta,beta_C,2023-12-01,unsure,0,-1,-1,0,0.0,0.0,0.0,True,1176,0.09906584774195748,-1,-1,0.0,66,66,-1.11907142696631,,-1.11907142696631,0.0018248571809792102,AUTO_KEEP
beta,beta_C,2023-12-02,sure,0,-1,-1,0,0.0,0.0,0.0,True,1176,0.06512002009461026,-1,-1,0.0,63,63,-0.9350076946285297,,-0.9350076946285297,0.002211842897627113,AUTO_KEEP
beta,beta_C,2023-12-03,sure,0,-1,-1,0,0.0,0.0,0.0,True,1176,0.07305751455174647,-1,-1,0.0,62,62,-2.4022275803629047,,-2.4022275803629047,0.000669348927322812,AUTO_KEEP
beta,beta_C,2023-12-04,sure,0,-1,-1,0,0.0,0.0,0.0,True,1176,0.0908136918680178,-1,-1,0.0,55,55,-1.5848343590998053,,-1.5848343590998053,0.0011981241330603306,AUTO_KEEP
beta,beta_C,2023-12-05,sure,0,-1,-1,0,0.0,0.0,0.0,True,1176,0.10841330071300082,-1,-1,0.0,49,49,-3.0381950719242443,,-3.0381950719242443,0.00046548020203535735,AUTO_KEEP
beta,beta_C,2023-12-06,sure,0,-1,-1,0,0.0,0.0,0.0,True,1176,0.10076926583985069,-1,-1,0.0,57,57,-2.1670373562929557,,-2.1670373562929557,0.0007790835533034804,AUTO_KEEP
beta,beta_C,2023-12-07,sure,0,-1,-1,0,0.0,0.0,0.0,True,1176,0.08474274276242255,-1,-1,0.0,52,52,-0.5057121355814822,,-0.5057121355814822,0.003759448356121091,AUTO_KEEP
beta,beta_C,2023-12-08,sure,0,-1,-1,0,0.0,0.0,0.0,True,1176,0.11069916105600175,-1,-1,0.0,65,65,-2.262043089131786,,-2.262043089131786,0.0007317801803411038,AUTO_KEEP
beta,beta_C,2023-12-09,sure,0,-1,-1,0,0.0,0.0,0.0,True,1176,0.09377096859735534,-1,-1,0.0,57,57,-3.378673510329799,,-3.378673510329799,0.000392080299708621,AUTO_KEEP
beta,beta_C,2023-12-10,sure,0,-1,-1,0,0.0,0.0,0.0,True,1176,0.10400008342553324,-1,-1,0.0,61,61,-2.2405100252637244,,-2.2405100252637244,0.0007421237320210453,AUTO_KEEP
beta,beta_C,2023-12-11,sure,0,-1,-1,0,0.0,0.0,0.0,True,1176,0.07377364679516907,-1,-1,0.0,37,37,-2.613817902944857,,-2.613817902944857,0.0005890006605789103,AUTO_KEEP
beta,beta_C,2023-12-12,sure,0,-1,-1,0,0.0,0.0,0.0,True,1176,0.10312267215226267,-1,-1,0.0,33,33,-2.1976983673860446,,-2.1976983673860446,0.0007633376847608175,AUTO_KEEP
beta,beta_C,2023-12-13,sure,0,-1,-1,0,0.0,0.0,0.0,True,1176,0.07306431528273283,-1,-1,0.0,53,53,-0.852367744239803,,-0.852367744239803,0.002425841062546229,AUTO_KEEP
beta,beta_C,2023-12-14,sure,0,-1,-1,0,0.0,0.0,0.0,True,1176,0.08011884565826044,-1,-1,0.0,57,57,-1.7008015655314548,,-1.7008015655314548,0.0010917552185610517,AUTO_KEEP
beta,beta_C,2023-12-15,sure,0,-1,-1,0,0.0,0.0,0.0,True,1176,0.08077439808471887,-1,-1,0.0,48,48,-1.5846933666586196,,-1.5846933666586196,0.0011982625806786407,AUTO_KEEP
beta,beta_C,2023-12-16,sure,0,-1,-1,0,0.0,0.0,0.0,True,1176,0.08847678756989419,-1,-1,0.0,41,41,-2.0617931309220854,,-2.0617931309220854,0.0008369257511905514,AUTO_KEEP
beta,beta_C,2023-12-17,unsure,0,-1,-1,0,0.0,0.0,0.0,True,1176,0.09948908824500746,-1,-1,0.0,51,51,-1.6715265842574154,,-1.6715265842574154,0.0011172552820961988,AUTO_KEEP
beta,beta_C,2023-12-18,sure,0,-1,-1,0,0.0,0.0,0.0,True,1176,0.07327250567842025,-1,-1,0.0,53,53,-1.5153135303383525,,-1.5153135303383525,0.0012693536436295897,AUTO_KEEP
beta,beta_C,2023-12-19,sure,0,-1,-1,0,0.0,0.0,0.0,True,1176,0.10697906192883977,-1,-1,0.0,60,60,-2.342239347618009,,-2.342239347618009,0.0006950666845267297,AUTO_KEEP
beta,beta_C,2023-12-20,sure,0,-1,-1,0,0.0,0.0,0.0,True,1176,0.05965060602510208,-1,-1,0.0,57,57,-3.4674415681917425,,-3.4674415681917425,0.00037574772238802684,AUTO_KEEP
beta,beta_C,2023-12-21,sure,0,-1,-1,0,0.0,0.0,0.0,True,1176,0.05951985484780886,-1,-1,0.0,53,53,-1.6088312546659171,,-1.6088312546659171,0.0011748988526779826,AUTO_KEEP
beta,beta_C,2023-12-22,unsure,0,-1,-1,0,0.0,0.0,0.0,True,1176,0.0987774813106519,-1,-1,0.0,41,41,-1.7575667934451824,,-1.7575667934451824,0.0010446903366793665,AUTO_KEEP
beta,beta_C,2023-12-23,unsure,0,-1,-1,0,0.0,9.020541999999999,0.0,True,1176,0.09346427409790303,45,62,10.079034789785013,64,64,-0.7378677501920795,10.079034789785013,10.079034789785013,0.5960317295642784,UNCERTAIN
beta,beta_C,2023-12-24,sure,0,-1,-1,0,0.0,0.0,0.0,True,1176,0.05838919648989549,-1,-1,0.0,56,56,-1.3767847170048373,,-1.3767847170048373,0.001431163772551083,AUTO_KEEP
beta,beta_C,2023-12-25,sure,0,-1,-1,0,0.0,0.0,0.0,True,1176,0.07638199383215483,-1,-1,0.0,53,53,-1.2420142830692478,,-1.2420142830692478,0.0016194718253263862,AUTO_KEEP
beta,beta_C,2023-12-26,sure,0,-1,-1,0,0.0,0.0,0.0,True,1176,0.08169381876432391,-1,-1,0.0,51,51,-0.6387577360833665,,-0.6387577360833665,0.003143431457568772,AUTO_KEEP
beta,beta_C,2023-12-27,sure,0,-1,-1,0,0.0,0.0,0.0,True,1176,0.08036071504333542,-1,-1,0.0,54,54,-0.5577292450413004,,-0.5577292450413004,0.0034990925305084138,AUTO_KEEP
beta,beta_C,2023-12-28,sure,0,-1,-1,0,0.0,0.0,0.0,True,1176,0.07330059832162483,-1,-1,0.0,60,60,-0.5742532387882925,,-0.5742532387882925,0.0034219221957909897,AUTO_KEEP
beta,beta_C,2023-12-29,sure,0,-1,-1,0,0.0,0.0,0.0,True,1176,0.058244387995472824,-1,-1,0.0,52,52,-1.3943365255934623,,-1.3943365255934623,0.0014090363578700188,AUTO_KEEP
beta,beta_C,2023-12-30,unsure,0,-1,-1,0,0.0,0.0,0.0,True,1176,0.060241104315655214,-1,-1,0.0,65,65,-2.0169096282811316,,-2.0169096282811316,0.0008635298476713118,AUTO_KEEP
beta,beta_C,2023-12-31,sure,0,-1,-1,0,0.0,0.0,0.0,True,1176,0.09867629755718399,-1,-1,0.0,42,42,-2.6339974050665313,,-2.6339974050665313,0.0005820896788725709,AUTO_KEEP
beta,beta_C,2024-01-01,sure,0,-1,-1,0,0.0,0.0,0.0,True,1176,0.07861621412228015,-1,-1,0.0,55,55,-1.4745294660794488,,-1.4745294660794488,0.0013140744158871072,AUTO_KEEP
beta,beta_C,2024-01-02,sure,0,-1,-1,0,0.0,0.0,0.0,True,1176,0.08476602599777472,-1,-1,0.0,47,47,-1.2925353640610324,,-1.2925353640610324,0.001544831964908098,AUTO_KEEP
beta,beta_C,2024-01-03,unsure,0,-1,-1,0,0.0,0.0,0.0,True,1176,0.07689921807502209,-1,-1,0.0,60,60,-0.9619894628946355,,-0.9619894628946355,0.0021479665161805495,AUTO_KEEP
beta,beta_C,2024-01-04,sure,0,-1,-1,0,0.0,0.0,0.0,True,1176,0.06889815898051532,-1,-1,0.0,45,45,-1.6066350150790274,,-1.6066350150790274,0.0011769968157279785,AUTO_KEEP
beta,beta_C,2024-01-05,sure,0,-1,-1,0,0.0,0.0,0.0,True,1176,0.05542729403388513,-1,-1,0.0,59,59,-1.2996039399205468,,-1.2996039399205468,0.0015347939300961702,AUTO_KEEP
beta,beta_C,2024-01-06,sure,0,-1,-1,0,0.0,0.0,0.0,True,1176,0.06348090274938878,-1,-1,0.0,51,51,-1.2212338112316712,,-1.2212338112316712,0.001651719080413677,AUTO_KEEP
beta,beta_C,2024-01-07,sure,0,-1,-1,0,0.0,0.0,0.0,True,1176,0.05078524777830662,-1,-1,0.0,58,58,-1.4626670834537787,,-1.4626670834537787,0.0013275170559280342,AUTO_KEEP
beta,beta_C,2024-01-08,sure,0,-1,-1,0,0.0,0.0,0.0,True,1176,0.08610171133358824,-1,-1,0.0,33,33,-2.1160721383522554,,-2.1160721383522554,0.0008063337433827211,AUTO_KEEP
beta,beta_C,2024-01-09,sure,0,-1,-1,0,0.0,0.0,0.0,True,1176,0.07781134314453197,-1,-1,0.0,56,56,-0.8281249177749925,,-0.8281249177749925,0.002494401986912447,AUTO_KEEP
beta,beta_C,2024-01-10,sure,0,-1,-1,0,0.0,0.0,0.0,True,1176,0.05083659540466057,-1,-1,0.0,50,50,-1.8197584226590422,,-1.8197584226590422,0.0009964753164957625,AUTO_KEEP
beta,beta_C,2024-01-11,sure,0,-1,-1,0,0.0,0.0,0.0,True,1176,0.07788503573447692,-1,-1,0.0,43,43,-2.645115133420326,,-2.645115133420326,0.0005783329928285957,AUTO_KEEP
beta,beta_C,2024-01-12,sure,0,-1,-1,0,0.0,0.0,0.0,True,1176,0.07150219746016528,-1,-1,0.0,35,35,-1.9289846287371875,,-1.9289846287371875,0.0009193809108605866,AUTO_KEEP
beta,beta_C,2024-01-13,sure,0,-1,-1,0,0.0,0.0,0.0,True,1176,0.05992388740661214,-1,-1,0.0,48,48,-1.7631266468749518,,-1.7631266468749518,0.0010402418482475537,AUTO_KEEP
beta,beta_C,2024-01-14,sure,0,-1,-1,0,0.0,0.0,0.0,True,1176,0.06909830808609563,-1,-1,0.0,57,57,-1.4592107384981976,,-1.4592107384981976,0.001331471897271632,AUTO_KEEP
beta,beta_C,2024-01-15,sure,0,-1,-1,0,0.0,0.0,0.0,True,1176,0.08310254375434001,-1,-1,0.0,60,60,-1.5644399737840866,,-1.5644399737840866,0.001218397534749955,AUTO_KEEP
beta,beta_C,2024-01-16,sure,0,-1,-1,0,0.0,0.0,0.0,True,1176,0.08255776394751502,-1,-1,0.0,39,39,-1.6078533028801703,,-1.6078533028801703,0.0011758323635390419,AUTO_KEEP
beta,beta_C,2024-01-17,sure,0,-1,-1,0,0.0,0.0,0.0,True,1176,0.0810684297485329,-1,-1,0.0,42,42,-1.709824453041045,,-1.709824453041045,0.0010840683073108429,AUTO_KEEP
beta,beta_C,2024-01-18,sure,0,-1,-1,0,0.0,0.0,0.0,True,1176,0.08275473182440996,-1,-1,0.0,55,55,-0.8490048559648036,,-0.8490048559648036,0.002435184885939611,AUTO_KEEP
beta,beta_C,2024-01-19,sure,0,-1,-1,0,0.0,0.0,0.0,True,1176,0.06352240384357266,-1,-1,0.0,61,61,-1.280572529088691,,-1.280572529088691,0.0015620416107589245,AUTO_KEEP
beta,beta_C,2024-01-20,sure,0,-1,-1,0,0.0,0.0,0.0,True,1176,0.0697757598384281,-1,-1,0.0,64,64,-1.406066898260995,,-1.406066898260995,0.001394527387513769,AUTO_KEEP
beta,beta_C,2024-01-21,sure,0,-1,-1,0,0.0,0.0,0.0,True,1176,0.09066188966014144,-1,-1,0.0,32,32,-3.6609433705149517,,-3.6609433705149517,0.0003434437061001149,AUTO_KEEP
beta,beta_C,2024-01-22,sure,0,-1,-1,0,0.0,0.0,0.0,True,1176,0.10513490549787896,-1,-1,0.0,55,55,-2.286998568372828,,-2.286998568372828,0.0007200558692185652,AUTO_KEEP
beta,beta_C,2024-01-23,sure,0,-1,-1,0,0.0,0.0,0.0,True,1176,0.09485618785415673,-1,-1,0.0,58,58,-1.2516236591717482,,-1.2516236591717482,0.0016048722649655432,AUTO_KEEP
beta,beta_C,2024-01-24,sure,0,-1,-1,0,0.0,0.0,0.0,True,1176,0.06049882726644018,-1,-1,0.0,56,56,-1.0982280146950163,,-1.0982280146950163,0.0018634450919038023,AUTO_KEEP
beta,beta_C,2024-01-25,sure,0,-1,-1,0,0.0,0.0,0.0,True,1176,0.08879739240305273,-1,-1,0.0,62,62,-1.4396228901095578,,-1.4396228901095578,0.0013542156539339887,AUTO_KEEP
beta,beta_C,2024-01-26,sure,0,-1,-1,0,0.0,0.0,0.0,True,1176,0.11121259068539402,-1,-1,0.0,40,40,-2.255963945241533,,-2.255963945241533,0.0007346787438032324,AUTO_KEEP
beta,beta_C,2024-01-27,sure,0,-1,-1,0,0.0,0.0,0.0,True,1176,0.062054466734636105,-1,-1,0.0,69,69,-2.153339438254167,,-2.153339438254167,0.0007862728551443596,AUTO_KEEP
beta,beta_C,2024-01-28,sure,0,-1,-1,0,0.0,0.0,0.0,True,1176,0.06469556745574945,-1,-1,0.0,63,63,-1.461808083609086,,-1.461808083609086,0.0013284983312595786,AUTO_KEEP
beta,beta_C,2024-01-29,sure,0,-1,-1,0,0.0,0.0,0.0,True,1176,0.07799130873641058,-1,-1,0.0,47,47,-1.9543056514668415,,-1.9543056514668415,0.0009027642770302724,AUTO_KEEP
beta,beta_C,2024-01-30,sure,0,-1,-1,0,0.0,0.0,0.0,True,1176,0.060945863942071465,-1,-1,0.0,62,62,-2.051089033172379,,-2.051089033172379,0.0008431598435112022,AUTO_KEEP
beta,beta_C,2024-01-31,sure,0,-1,-1,0,0.0,0.0,0.0,True,1176,0.0773041633961169,-1,-1,0.0,46,46,-1.9732828643971227,,-1.9732828643971227,0.0008905987165648164,AUTO_KEEP
beta,beta_C,2024-02-01,sure,0,-1,-1,0,0.0,0.0,0.0,True,1176,0.08587018175581296,-1,-1,0.0,48,48,-1.626983774888337,,-1.626983774888337,0.0011577673033424656,AUTO_KEEP
beta,beta_C,2024-02-02,sure,0,-1,-1,0,0.0,0.0,0.0,True,1176,0.07333858980350927,-1,-1,0.0,54,54,-2.6058197942601082,,-2.6058197942601082,0.0005917732518733813,AUTO_KEEP
beta,beta_C,2024-02-03,sure,0,-1,-1,0,0.0,0.0,0.0,True,1176,0.07535810346252347,-1,-1,0.0,55,55,-2.083797731682806,,-2.083797731682806,0.000824321384071584,AUTO_KEEP
beta,beta_C,2024-02-04,sure,0,-1,-1,0,0.0,0.0,0.0,True,1176,0.06971193353207683,-1,-1,0.0,42,42,-1.6102236509507903,,-1.6102236509507903,0.0011735716107305763,AUTO_KEEP
beta,beta_C,2024-02-05,sure,0,-1,-1,0,0.0,0.0,0.0,True,1176,0.10379245773190071,-1,-1,0.0,44,44,-1.7812209966202062,,-1.7812209966202062,0.001025955724524307,AUTO_KEEP
beta,beta_C,2024-02-06,sure,0,-1,-1,0,0.0,0.0,0.0,True,1176,0.07640612781640765,-1,-1,0.0,41,41,-1.9011952434219461,,-1.9011952434219461,0.0009381403600378892,AUTO_KEEP
beta,beta_C,2024-02-07,sure,0,-1,-1,0,0.0,0.0,0.0,True,1176,0.0763870883421438,-1,-1,0.0,54,54,-1.6324943556905545,,-1.6324943556905545,0.001152639340022507,AUTO_KEEP
beta,beta_C,2024-02-08,sure,0,-1,-1,0,0.0,0.0,0.0,True,1176,0.06293654047337727,-1,-1,0.0,41,41,-2.081925849693569,,-2.081925849693569,0.0008253827040717518,AUTO_KEEP
beta,beta_C,2024-02-09,sure,0,-1,-1,0,0.0,0.0,0.0,True,1176,0.06789524964255467,-1,-1,0.0,45,45,-2.205867585812137,,-2.205867585812137,0.0007592213990175161,AUTO_KEEP
beta,beta_C,2024-02-10,sure,0,-1,-1,0,0.0,0.0,0.0,True,1176,0.06778703571730516,-1,-1,0.0,68,68,-1.9489705736427585,,-1.9489705736427585,0.000906228416468302,AUTO_KEEP
beta,beta_C,2024-02-11,sure,0,-1,-1,0,0.0,0.0,0.0,True,1176,0.09380916999575817,-1,-1,0.0,39,39,-2.0278169378967634,,-2.0278169378967634,0.0008569514542617581,AUTO_KEEP
beta,beta_C,2024-02-12,sure,0,-1,-1,0,0.0,0.0,0.0,True,1176,0.06828222644634385,-1,-1,0.0,47,47,-2.222073034682814,,-2.222073034682814,0.0007511519012080263,AUTO_KEEP
beta,beta_C,2024-02-13,sure,0,-1,-1,0,0.0,0.0,0.0,True,1176,0.07028192742451456,-1,-1,0.0,64,64,-1.916134162682038,,-1.916134162682038,0.0009279864748861667,AUTO_KEEP
beta,beta_C,2024-02-14,sure,0,-1,-1,0,0.0,0.0,0.0,True,1176,0.08276381089437734,-1,-1,0.0,52,52,-1.0293662077568893,,-1.0293662077568893,0.0019998285237754214,AUTO_KEEP
beta,beta_C,2024-02-15,sure,0,-1,-1,0,0.0,0.0,0.0,True,1176,0.05878700303480411,-1,-1,0.0,62,62,-3.018806722905387,,-3.018806722905387,0.00047025349154267767,AUTO_KEEP
beta,beta_C,2024-02-16,sure,0,-1,-1,0,0.0,0.0,0.0,True,1176,0.04282438961152657,-1,-1,0.0,48,48,-1.5261640732173591,,-1.5261640732173591,0.0012578328137395262,AUTO_KEEP
beta,beta_C,2024-02-17,sure,0,-1,-1,0,0.0,0.0,0.0,True,1176,0.09606249295996161,-1,-1,0.0,51,51,-2.190597406811947,,-2.190597406811947,0.0007669424275258704,AUTO_KEEP
beta,beta_C,2024-02-18,sure,0,-1,-1,0,0.0,0.0,0.0,True,1176,0.07380599405651234,-1,-1,0.0,58,58,-1.811215280165112,,-1.811215280165112,0.0010029021598509011,AUTO_KEEP
beta,beta_C,2024-02-19,sure,0,-1,-1,0,0.0,0.0,0.0,True,1176,0.09026155773629041,-1,-1,0.0,48,48,-1.6396274731635478,,-1.6396274731635478,0.0011460509645043638,AUTO_KEEP
beta,beta_C,2024-02-20,sure,0,-1,-1,0,0.0,0.0,0.0,True,1176,0.08652168201753296,-1,-1,0.0,63,63,-2.007235806871235,,-2.007235806871235,0.0008694266533135214,AUTO_KEEP
beta,beta_C,2024-02-21,sure,0,-1,-1,0,0.0,0.0,0.0,True,1176,0.0823779109777556,-1,-1,0.0,62,62,-1.3565770541472815,,-1.3565770541472815,0.0014572780170564275,AUTO_KEEP
beta,beta_C,2024-02-22,sure,0,-1,-1,0,0.0,0.0,0.0,True,1176,0.0811213846205896,-1,-1,0.0,50,50,-2.1827464163611774,,-2.1827464163611774,0.0007709571408269032,AUTO_KEEP
beta,beta_C,2024-02-23,sure,0,-1,-1,0,0.0,0.0,0.0,True,1176,0.06023988871877428,-1,-1,0.0,48,48,-2.27649391889781,,-2.27649391889781,0.000724957125861903,AUTO_KEEP
beta,beta_C,2024-02-24,sure,0,-1,-1,0,0.0,0.0,0.0,True,1176,0.10439356110622455,-1,-1,0.0,59,59,-3.572107070488322,,-3.572107070488322,0.00035774533756202024,AUTO_KEEP
beta,beta_C,2024-02-25,sure,0,-1,-1,0,0.0,0.0,0.0,True,1176,0.07921298919783792,-1,-1,0.0,53,53,-1.0239268450815382,,-1.0239268450815382,0.002011221301056359,AUTO_KEEP
beta,beta_C,2024-02-26,sure,0,-1,-1,0,0.0,0.0,0.0,True,1176,0.06519967970688878,-1,-1,0.0,55,55,-1.296591981082206,,-1.296591981082206,0.0015390594280911205,AUTO_KEEP
beta,beta_C,2024-02-27,sure,0,-1,-1,0,0.0,0.0,0.0,True,1176,0.08463989315494391,-1,-1,0.0,53,53,-1.7669263752500461,,-1.7669263752500461,0.0010372176619340729,AUTO_KEEP
beta,beta_C,2024-02-28,sure,0,-1,-1,0,0.0,0.0,0.0,True,1176,0.06388809523395533,-1,-1,0.0,59,59,-2.2412185849002757,,-2.2412185849002757,0.0007417799578565878,AUTO_KEEP
beta,beta_C,2024-02-29,sure,0,-1,-1,0,0.0,0.0,0.0,True,1176,0.06825489570008036,-1,-1,0.0,59,59,-1.507283378535133,,-1.507283378535133,0.0012779800674653148,AUTO_KEEP
beta,beta_C,2024-03-01,sure,0,-1,-1,0,0.0,0.0,0.0,True,1176,0.09665637406073291,-1,-1,0.0,53,53,-2.076054655808292,,-2.076054655808292,0.0008287246260966884,AUTO_KEEP
beta,beta_C,2024-03-02,sure,0,-1,-1,0,0.0,0.0,0.0,True,1176,0.09150922405852802,-1,-1,0.0,43,43,-3.044219513873148,,-3.044219513873148,0.00046401153490533044,AUTO_KEEP
beta,beta_C,2024-03-03,sure,0,-1,-1,0,0.0,0.0,0.0,True,1176,0.07074390372327866,-1,-1,0.0,54,55,-0.918727441340349,,-0.918727441340349,0.002251744315397648,AUTO_KEEP
beta,beta_C,2024-03-04,sure,0,-1,-1,0,0.0,0.0,0.0,True,1176,0.08404397784955808,-1,-1,0.0,47,47,-1.821639352789069,,-1.821639352789069,0.000995068467854662,AUTO_KEEP
beta,beta_C,2024-03-05,unsure,0,-1,-1,0,0.0,0.0,0.0,True,1176,0.09819271969225296,-1,-1,0.0,46,46,-1.7240302855586571,,-1.7240302855586571,0.0010721262539555108,AUTO_KEEP
beta,beta_C,2024-03-06,sure,0,-1,-1,0,0.0,0.0,0.0,True,1176,0.07772905681721554,-1,-1,0.0,52,52,-1.102770633338156,,-1.102770633338156,0.0018549336548410226,AUTO_KEEP
beta,beta_C,2024-03-07,sure,0,-1,-1,0,0.0,0.0,0.0,True,1176,0.06193359043951885,-1,-1,0.0,50,50,-2.1340949367667097,,-2.1340949367667097,0.0007965392580178507,AUTO_KEEP
beta,beta_C,2024-03-08,sure,0,-1,-1,0,0.0,0.0,0.0,True,1176,0.07577067683448524,-1,-1,0.0,46,46,-1.8157526643116109,,-1.8157526643116109,0.0009994812054522763,AUTO_KEEP
beta,beta_C,2024-03-09,sure,0,-1,-1,0,0.0,0.0,0.0,True,1176,0.04831764081238754,-1,-1,0.0,46,46,-2.0471330957676885,,-2.0471330957676885,0.0008454810872125912,AUTO_KEEP
beta,beta_C,2024-03-10,sure,0,-1,-1,0,0.0,0.0,0.0,True,1176,0.09285129397970326,-1,-1,0.0,52,52,-2.505718426399218,,-2.505718426399218,0.0006281607364866191,AUTO_KEEP
beta,beta_C,2024-03-11,sure,0,-1,-1,0,0.0,0.0,0.0,True,1176,0.09925058844492884,-1,-1,0.0,46,46,-1.184311812428112,,-1.184311812428112,0.0017113902504311326,AUTO_KEEP
beta,beta_C,2024-03-12,sure,0,-1,-1,0,0.0,0.0,0.0,True,1176,0.0866448825775441,-1,-1,0.0,38,38,-2.74830606279549,,-2.74830606279549,0.0005451047812218384,AUTO_KEEP
beta,beta_C,2024-03-13,sure,0,-1,-1,0,0.0,0.0,0.0,True,1176,0.09005878770490572,-1,-1,0.0,53,53,-0.8639354820562225,,-0.8639354820562225,0.002394099338777688,AUTO_KEEP
beta,beta_C,2024-03-14,sure,0,-1,-1,0,0.0,0.0,0.0,True,1176,0.08755591331809898,-1,-1,0.0,59,59,-2.196040760960309,,-2.196040760960309,0.0007641769211959539,AUTO_KEEP
beta,beta_C,2024-03-15,sure,0,-1,-1,0,0.0,0.0,0.0,True,1176,0.07095106882102176,-1,-1,0.0,56,56,-1.3402271087972415,,-1.3402271087972415,0.0014789231274307522,AUTO_KEEP
beta,beta_C,2024-03-16,sure,0,-1,-1,0,0.0,0.0,0.0,True,1176,0.08271058109252483,-1,-1,0.0,62,62,-1.2590363476179642,,-1.2590363476179642,0.0015937420040578066,AUTO_KEEP
beta,beta_C,2024-03-17,sure,0,-1,-1,0,0.0,0.0,0.0,True,1176,0.05368611618514807,-1,-1,0.0,68,68,-1.9536804926142943,,-1.9536804926142943,0.0009031691927467543,AUTO_KEEP
beta,beta_C,2024-03-18,sure,0,-1,-1,0,0.0,0.0,0.0,True,1176,0.07808619878186907,-1,-1,0.0,58,58,-1.3407054539754755,,-1.3407054539754755,0.0014782831681898416,AUTO_KEEP
beta,beta_C,2024-03-19,sure,0,-1,-1,0,0.0,0.0,0.0,True,1176,0.08401825355471892,-1,-1,0.0,46,46,-1.5292145875273908,,-1.5292145875273908,0.0012546215515566712,AUTO_KEEP
beta,beta_C,2024-03-20,sure,0,-1,-1,0,0.0,0.0,0.0,True,1176,0.0830002434243573,-1,-1,0.0,63,63,-1.401961044153455,,-1.401961044153455,0.0013995807041929406,AUTO_KEEP
beta,beta_C,2024-03-21,sure,0,-1,-1,0,0.0,0.0,0.0,True,1176,0.0806849889951522,-1,-1,0.0,50,50,-1.0410965548462798,,-1.0410965548462798,0.0019755800243357624,AUTO_KEEP
beta,beta_C,2024-03-22,sure,0,-1,-1,0,0.0,0.0,0.0,True,1176,0.06499519285465105,-1,-1,0.0,57,57,-0.5682350002073955,,-0.5682350002073955,0.003449736298221096,AUTO_KEEP
beta,beta_C,2024-03-23,sure,0,-1,-1,0,0.0,0.0,0.0,True,1176,0.08549497893116476,-1,-1,0.0,58,58,-1.077867598639294,,-1.077867598639294,0.0019023085989091388,AUTO_KEEP
beta,beta_C,2024-03-24,sure,0,-1,-1,0,0.0,0.0,0.0,True,1176,0.1114208576034792,-1,-1,0.0,54,54,-1.1724820424175209,,-1.1724820424175209,0.0017311801930207451,AUTO_KEEP
beta,beta_C,2024-03-25,sure,0,-1,-1,0,0.0,0.0,0.0,True,1176,0.12759251982193653,-1,-1,0.0,52,52,-2.1648340630119294,,-2.1648340630119294,0.0007802334005118354,AUTO_KEEP
beta,beta_C,2024-03-26,sure,0,-1,-1,0,0.0,0.0,0.0,True,1176,0.06615089952431408,-1,-1,0.0,51,51,-2.425657449474295,,-2.425657449474295,0.0006596833266052144,AUTO_KEEP
beta,beta_C,2024-03-27,sure,0,-1,-1,0,0.0,0.0,0.0,True,1176,0.0681469396573009,-1,-1,0.0,60,60,-1.4706241302210696,,-1.4706241302210696,0.0013184778100582579,AUTO_KEEP
beta,beta_C,2024-03-28,sure,0,-1,-1,0,0.0,0.0,0.0,True,1176,0.07275079914577898,-1,-1,0.0,65,65,-1.8759915413844765,,-1.8759915413844765,0.0009556453571270618,AUTO_KEEP
beta,beta_C,2024-03-29,unsure,0,-1,-1,0,0.0,0.0,0.0,True,1176,0.0905659424396994,-1,-1,0.0,51,52,-0.5210200329321469,,-0.5210200329321469,0.0036799510329476245,AUTO_KEEP
beta,beta_C,2024-03-30,sure,0,-1,-1,0,0.0,0.0,0.0,True,1176,0.046216687707642645,-1,-1,0.0,61,61,-3.312711081320395,,-3.312711081320395,0.00040490238454288295,AUTO_KEEP
beta,beta_C,2024-03-31,sure,0,-1,-1,0,0.0,0.0,0.0,True,1176,0.08439112470969867,-1,-1,0.0,54,54,-1.823138176401206,,-1.823138176401206,0.0009939495078858788,AUTO_KEEP
beta,beta_C,2024-04-01,sure,0,-1,-1,0,0.0,0.0,0.0,True,1176,0.0866713254535787,-1,-1,0.0,57,57,-2.808892088314007,,-2.808892088314007,0.0005268892019188368,AUTO_KEEP
beta,beta_C,2024-04-02,sure,0,-1,-1,0,0.0,0.0,0.0,True,1176,0.12033054136869836,-1,-1,0.0,66,66,-1.8333505607938292,,-1.8333505607938292,0.0009863743989334446,AUTO_KEEP
beta,beta_C,2024-04-03,sure,0,-1,-1,0,0.0,0.0,0.0,True,1176,0.08407396658760291,-1,-1,0.0,60,60,-1.157936407337547,,-1.157936407337547,0.0017559781116253394,AUTO_KEEP
beta,beta_C,2024-04-04,sure,0,-1,-1,0,0.0,0.0,0.0,True,1176,0.09366258233326619,-1,-1,0.0,51,51,-3.5390390014377613,,-3.5390390014377613,0.00036329332442223256,AUTO_KEEP
beta,beta_C,2024-04-05,sure,0,-1,-1,0,0.0,0.0,0.0,True,1176,0.08355372297151487,-1,-1,0.0,28,28,-4.337230314049768,,-4.337230314049768,0.00025769092991189,AUTO_KEEP
beta,beta_C,2024-04-06,sure,0,-1,-1,0,0.0,0.0,0.0,True,1176,0.08698951381312003,-1,-1,0.0,50,50,-2.7390935506604115,,-2.7390935506604115,0.0005479555192061659,AUTO_KEEP
beta,beta_C,2024-04-07,sure,0,-1,-1,0,0.0,0.0,0.0,True,1176,0.05775331038215281,-1,-1,0.0,57,57,-1.1787090446246216,,-1.1787090446246216,0.0017207213817857492,AUTO_KEEP
beta,beta_C,2024-04-08,sure,0,-1,-1,0,0.0,0.0,0.0,True,1176,0.08223479715413173,-1,-1,0.0,54,55,-0.557735109900958,,-0.557735109900958,0.003499064688501114,AUTO_KEEP
beta,beta_C,2024-04-09,sure,0,-1,-1,0,0.0,0.0,0.0,True,1176,0.08746431289370449,-1,-1,0.0,54,54,-1.224071239579579,,-1.224071239579579,0.001647260566608877,AUTO_KEEP
beta,beta_C,2024-04-10,sure,0,-1,-1,0,0.0,0.0,0.0,True,1176,0.07113665142072945,-1,-1,0.0,46,46,-1.1973117634268498,,-1.1973117634268498,0.0016900240731248105,AUTO_KEEP
beta,beta_C,2024-04-11,sure,0,-1,-1,0,0.0,0.0,0.0,True,1176,0.09947586730530089,-1,-1,0.0,44,44,-2.100852909771911,,-2.100852909771911,0.0008147432355888561,AUTO_KEEP
beta,beta_C,2024-04-12,sure,0,-1,-1,0,0.0,0.0,0.0,True,1176,0.08252594260896062,-1,-1,0.0,53,53,-2.481026872441136,,-2.481026872441136,0.0006376419201377702,AUTO_KEEP
beta,beta_C,2024-04-13,sure,0,-1,-1,0,0.0,0.0,0.0,True,1176,0.07171774401439546,-1,-1,0.0,50,50,-1.5977391227693316,,-1.5977391227693316,0.001185551247531624,AUTO_KEEP
beta,beta_C,2024-04-14,sure,0,-1,-1,0,0.0,0.0,0.0,True,1176,0.09244971477272923,-1,-1,0.0,45,45,-2.271108100150774,,-2.271108100150774,0.0007274890924761795,AUTO_KEEP
beta,beta_C,2024-04-15,sure,0,-1,-1,0,0.0,0.0,0.0,True,1176,0.08335092673281919,-1,-1,0.0,58,58,-2.523837851281839,,-2.523837851281839,0.000621334510752888,AUTO_KEEP
beta,beta_C,2024-04-16,sure,0,-1,-1,0,0.0,0.0,0.0,True,1176,0.06893448002685343,-1,-1,0.0,47,47,-1.0567562467751945,,-1.0567562467751945,0.0019438772096073175,AUTO_KEEP
beta,beta_C,2024-04-17,sure,0,-1,-1,0,0.0,0.0,0.0,True,1176,0.09444913719632586,-1,-1,0.0,57,57,-1.1683662128808172,,-1.1683662128808172,0.0017381444945628302,AUTO_KEEP
beta,beta_C,2024-04-18,sure,0,-1,-1,0,0.0,0.0,0.0,True,1176,0.09446709200051817,-1,-1,0.0,47,47,-0.9286867505470908,,-0.9286867505470908,0.002227210549421367,AUTO_KEEP
beta,beta_C,2024-04-19,sure,0,-1,-1,0,0.0,0.0,0.0,True,1176,0.06718132210741423,-1,-1,0.0,49,49,-1.7867723025636375,,-1.7867723025636375,0.001021630609813109,AUTO_KEEP
beta,beta_C,2024-04-20,sure,0,-1,-1,0,0.0,0.0,0.0,True,1176,0.08101973012820629,-1,-1,0.0,48,48,-2.6448155108408424,,-2.6448155108408424,0.0005784337671741278,AUTO_KEEP
beta,beta_C,2024-04-21,sure,0,-1,-1,0,0.0,0.0,0.0,True,1176,0.10307579720524718,-1,-1,0.0,55,55,-1.6899938123253389,,-1.6899938123253389,0.00110106870280755,AUTO_KEEP
beta,beta_C,2024-04-22,sure,0,-1,-1,0,0.0,0.0,0.0,True,1176,0.06702873462102232,-1,-1,0.0,50,50,-1.327810569320449,,-1.327810569320449,0.0014956783168467676,AUTO_KEEP
beta,beta_C,2024-04-23,sure,0,-1,-1,0,0.0,0.0,0.0,True,1176,0.08250744432722534,-1,-1,0.0,45,45,-3.4834625736509284,,-3.4834625736509284,0.00037290689753641585,AUTO_KEEP
beta,beta_C,2024-04-24,sure,0,-1,-1,0,0.0,0.0,0.0,True,1176,0.08809321631788913,-1,-1,0.0,54,54,-1.2406469088905057,,-1.2406469088905057,0.0016215651440120188,AUTO_KEEP
beta,beta_C,2024-04-25,sure,0,-1,-1,0,0.0,0.0,0.0,True,1176,0.07468059044845443,-1,-1,0.0,52,52,-1.079284635026635,,-1.079284635026635,0.0018995653786067156,AUTO_KEEP
beta,beta_C,2024-04-26,sure,0,-1,-1,0,0.0,0.0,0.0,True,1176,0.07616966982461015,-1,-1,0.0,48,48,-3.605610468038784,,-3.605610468038784,0.0003522505191616761,AUTO_KEEP
beta,beta_C,2024-04-27,sure,0,-1,-1,0,0.0,0.0,0.0,True,1176,0.09719968769305432,-1,-1,0.0,52,52,-1.1713024997491017,,-1.1713024997491017,0.0017331718692614342,AUTO_KEEP
beta,beta_C,2024-04-28,sure,0,-1,-1,0,0.0,0.0,0.0,True,1176,0.0941903516492113,-1,-1,0.0,62,62,-2.3825034456701126,,-2.3825034456701126,0.0006776481885093794,AUTO_KEEP
beta,beta_C,2024-04-29,sure,0,-1,-1,0,0.0,0.0,0.0,True,1176,0.08463576784201887,-1,-1,0.0,44,44,-1.698098148902881,,-1.698098148902881,0.0010940739647518302,AUTO_KEEP
beta,beta_C,2024-04-30,sure,0,-1,-1,0,0.0,0.0,0.0,True,1176,0.06365042825601375,-1,-1,0.0,46,46,-2.685273685623131,,-2.685273685623131,0.0005650564197605621,AUTO_KEEP
beta,beta_C,2024-05-01,sure,0,-1,-1,0,0.0,0.0,0.0,True,1176,0.08697161291833533,-1,-1,0.0,50,50,-1.63799155778259,,-1.63799155778259,0.0011475570440695735,AUTO_KEEP
beta,beta_C,2024-05-02,sure,0,-1,-1,0,0.0,0.0,0.0,True,1176,0.10396378399790152,-1,-1,0.0,61,61,-2.092530755652997,,-2.092530755652997,0.0008193963670830543,AUTO_KEEP
beta,beta_C,2024-05-03,sure,0,-1,-1,0,0.0,0.0,0.0,True,1176,0.08099143386958696,-1,-1,0.0,58,58,-2.830048120123566,,-2.830048120123566,0.000520739115615214,AUTO_KEEP
beta,beta_C,2024-05-04,sure,0,-1,-1,0,0.0,0.0,0.0,True,1176,0.10726023273515928,-1,-1,0.0,54,54,-1.1507750144634867,,-1.1507750144634867,0.0017683794051344959,AUTO_KEEP
beta,beta_C,2024-05-05,sure,0,-1,-1,0,0.0,0.0,0.0,True,1176,0.09831371918436105,-1,-1,0.0,50,50,-2.7234177544717713,,-2.7234177544717713,0.0005528569278222805,AUTO_KEEP
beta,beta_C,2024-05-06,sure,0,-1,-1,0,0.0,0.0,0.0,True,1176,0.12328678853845565,-1,-1,0.0,50,50,-1.387630971847014,,-1.387630971847014,0.001417430203965834,AUTO_KEEP
beta,beta_C,2024-05-07,sure,0,-1,-1,0,0.0,0.0,0.0,True,1176,0.10270389360539856,-1,-1,0.0,55,55,-1.359479443707998,,-1.359479443707998,0.0014534843863525059,AUTO_KEEP
beta,beta_C,2024-05-08,sure,0,-1,-1,0,0.0,0.0,0.0,True,1176,0.1102508562232356,-1,-1,0.0,50,50,-1.365799956972079,,-1.365799956972079,0.001445273118268995,AUTO_KEEP
beta,beta_C,2024-05-09,sure,0,-1,-1,0,0.0,0.0,0.0,True,1176,0.10519110746084115,-1,-1,0.0,50,50,-1.6267605911421594,,-1.6267605911421594,0.0011579756973096,AUTO_KEEP
beta,beta_C,2024-05-10,sure,0,-1,-1,0,0.0,0.0,0.0,True,1176,0.10849015610913604,-1,-1,0.0,49,49,-1.366759706649047,,-1.366759706649047,0.0014440322326667008,AUTO_KEEP
beta,beta_C,2024-05-11,sure,0,-1,-1,0,0.0,0.0,0.0,True,1176,0.08680191616429722,-1,-1,0.0,62,62,-4.240731724807861,,-4.240731724807861,0.000267855240079849,AUTO_KEEP
beta,beta_C,2024-05-12,sure,0,-1,-1,0,0.0,0.0,0.0,True,1176,0.1007900269938995,-1,-1,0.0,47,47,-2.3451023648725813,,-2.3451023648725813,0.0006938064958873361,AUTO_KEEP
beta,beta_C,2024-05-13,sure,0,-1,-1,0,0.0,0.0,0.0,True,1176,0.10522527428236472,-1,-1,0.0,50,50,-1.7664953007761377,,-1.7664953007761377,0.0010375601012819397,AUTO_KEEP
beta,beta_C,2024-05-14,sure,0,-1,-1,0,0.0,0.0,0.0,True,1176,0.07922069762660433,-1,-1,0.0,28,28,-3.6423309281693372,,-3.6423309281693372,0.0003463695526292084,AUTO_KEEP
beta,beta_C,2024-05-15,sure,0,-1,-1,0,0.0,0.0,0.0,True,1176,0.10529201261311805,-1,-1,0.0,49,49,-1.9768017461933465,,-1.9768017461933465,0.0008883694224647868,AUTO_KEEP
beta,beta_C,2024-05-16,sure,0,-1,-1,0,0.0,0.0,0.0,True,1176,0.07968469625589814,-1,-1,0.0,52,52,-1.7355408716689495,,-1.7355408716689495,0.0010625913219156635,AUTO_KEEP
beta,beta_C,2024-05-17,sure,0,-1,-1,0,0.0,0.0,0.0,True,1176,0.11146552474827143,-1,-1,0.0,50,50,-3.9169265782319735,,-3.9169265782319735,0.00030663821185221755,AUTO_KEEP
beta,beta_C,2024-05-18,sure,0,-1,-1,0,0.0,0.0,0.0,True,1176,0.07396619344665689,-1,-1,0.0,50,50,-2.5190663129443247,,-2.5190663129443247,0.000623121491795958,AUTO_KEEP
beta,beta_C,2024-05-19,sure,0,-1,-1,0,0.0,0.0,0.0,True,1176,0.13681954806300922,-1,-1,0.0,47,47,-2.1275623215551853,,-2.1275623215551853,0.0008000690823967769,AUTO_KEEP
beta,beta_C,2024-05-20,sure,0,-1,-1,0,0.0,0.0,0.0,True,1176,0.12756412211569668,-1,-1,0.0,48,48,-2.426294473447898,,-2.426294473447898,0.0006594234069192318,AUTO_KEEP
beta,beta_C,2024-05-21,sure,0,-1,-1,0,0.0,0.0,0.0,True,1176,0.11954288788854228,-1,-1,0.0,46,46,-2.240177228136699,,-2.240177228136699,0.0007422852771755047,AUTO_KEEP
beta,beta_C,2024-05-22,sure,0,-1,-1,0,0.0,0.0,0.0,True,1176,0.11325251134944203,-1,-1,0.0,50,50,-3.7436423004339408,,-3.7436423004339408,0.00033087347673529737,AUTO_KEEP
beta,beta_C,2024-05-23,sure,0,-1,-1,0,0.0,0.0,0.0,True,1176,0.11606373690304839,-1,-1,0.0,30,30,-3.994949406277645,,-3.994949406277645,0.0002965717626839239,AUTO_KEEP
beta,beta_C,2024-05-24,sure,0,-1,-1,0,0.0,0.0,0.0,True,1176,0.10723198403316925,-1,-1,0.0,52,52,-2.9499926991888055,,-2.9499926991888055,0.00048778937002242386,AUTO_KEEP
beta,beta_C,2024-05-25,sure,0,-1,-1,0,0.0,0.0,0.0,True,1176,0.08534639492371099,-1,-1,0.0,55,55,-3.158934919792078,,-3.158934919792078,0.0004372984082580789,AUTO_KEEP
beta,beta_C,2024-05-26,sure,0,-1,-1,0,0.0,0.0,0.0,True,1176,0.10820495242848693,-1,-1,0.0,40,40,-3.6361784099900922,,-3.6361784099900922,0.00034734478652453975,AUTO_KEEP
beta,beta_C,2024-05-27,sure,0,-1,-1,0,0.0,0.0,0.0,True,1176,0.11771043692977479,-1,-1,0.0,49,49,-3.5611025971522143,,-3.5611025971522143,0.0003595776873622044,AUTO_KEEP
beta,beta_C,2024-05-28,sure,0,-1,-1,0,0.0,0.0,0.0,True,1176,0.14122702207405258,-1,-1,0.0,56,56,-3.5377821517757426,,-3.5377821517757426,0.0003635066834003406,AUTO_KEEP
beta,beta_C,2024-05-29,sure,0,-1,-1,0,0.0,0.0,0.0,True,1176,0.12653222771092043,-1,-1,0.0,45,45,-3.9013878116123593,,-3.9013878116123593,0.000308702949970753,AUTO_KEEP
beta,beta_C,2024-05-30,sure,0,-1,-1,0,0.0,0.0,0.0,True,1176,0.13602564895067104,-1,-1,0.0,59,59,-2.7727569575872453,,-2.7727569575872453,0.0005376436124615007,AUTO_KEEP
beta,beta_C,2024-05-31,sure,0,-1,-1,0,0.0,0.0,0.0,True,1176,0.07298103061022632,-1,-1,0.0,51,51,-3.613935361991367,,-3.613935361991367,0.0003509044375128058,AUTO_KEEP
beta,beta_C,2024-06-01,sure,0,-1,-1,0,0.0,0.0,0.0,True,1176,0.09877087398632911,-1,-1,0.0,38,38,-4.551757795965702,,-4.551757795965702,0.0002370342745853811,AUTO_KEEP
beta,beta_C,2024-06-02,sure,0,-1,-1,0,0.0,0.0,0.0,True,1176,0.13680277444729771,-1,-1,0.0,42,42,-2.4007325219541733,,-2.4007325219541733,0.0006699727461630739,AUTO_KEEP
beta,beta_C,2024-06-03,sure,0,-1,-1,0,0.0,0.0,0.0,True,1176,0.12973411297013282,-1,-1,0.0,54,54,-2.506438373287839,,-2.506438373287839,0.0006278874069319409,AUTO_KEEP
beta,beta_C,2024-06-04,sure,0,-1,-1,0,0.0,0.0,0.0,True,1176,0.1199746353979938,-1,-1,0.0,51,51,-2.0405111960200037,,-2.0405111960200037,0.000849387741153233,AUTO_KEEP
beta,beta_C,2024-06-05,sure,0,-1,-1,0,0.0,0.0,0.0,True,1176,0.12582277271830922,-1,-1,0.0,54,54,-2.6088321980604876,,-2.6088321980604876,0.0005907267348206345,AUTO_KEEP
beta,beta_C,2024-06-06,sure,0,-1,-1,0,0.0,0.0,0.0,True,1176,0.12213514008270998,-1,-1,0.0,42,42,-3.244511069650578,,-3.244511069650578,0.0004188187276583069,AUTO_KEEP
beta,beta_C,2024-06-07,sure,0,-1,-1,0,0.0,0.0,0.0,True,1176,0.12290741416120277,-1,-1,0.0,54,54,-2.200400638462613,,-2.200400638462613,0.0007619724448250574,AUTO_KEEP
beta,beta_C,2024-06-08,sure,0,-1,-1,0,0.0,0.0,0.0,True,1176,0.1521623552612672,-1,-1,0.0,49,49,-2.4499509337929357,,-2.4499509337929357,0.0006498767451304017,AUTO_KEEP
beta,beta_C,2024-06-09,sure,0,-1,-1,0,0.0,0.0,0.0,True,1176,0.12687781870250703,-1,-1,0.0,44,44,-1.9684843979563162,,-1.9684843979563162,0.000893651943254137,AUTO_KEEP
beta,beta_C,2024-06-10,sure,0,-1,-1,0,0.0,0.0,0.0,True,1176,0.10922205298466192,-1,-1,0.0,54,54,-1.8649452168823493,,-1.8649452168823493,0.0009634692239108479,AUTO_KEEP
beta,beta_C,2024-06-11,sure,0,-1,-1,0,0.0,0.0,0.0,True,1176,0.11565381616021231,-1,-1,0.0,48,48,-2.336194904059285,,-2.336194904059285,0.0006977382961616542,AUTO_KEEP
beta,beta_C,2024-06-12,sure,0,-1,-1,0,0.0,0.0,0.0,True,1176,0.1611262753669962,-1,-1,0.0,51,51,-2.0520818104926684,,-2.0520818104926684,0.0008425787786114055,AUTO_KEEP
beta,beta_C,2024-06-13,sure,0,-1,-1,0,0.0,0.0,0.0,True,1176,0.12489322591279173,-1,-1,0.0,53,53,-2.559511696967788,,-2.559511696967788,0.0006082100954957179,AUTO_KEEP
beta,beta_C,2024-06-14,sure,0,-1,-1,0,0.0,0.0,0.0,True,1176,0.10429618363306492,-1,-1,0.0,45,45,-3.9119377764765764,,-3.9119377764765764,0.0003072988864705077,AUTO_KEEP
beta,beta_C,2024-06-15,sure,0,-1,-1,0,0.0,0.0,0.0,True,1176,0.1380463735761177,-1,-1,0.0,56,56,-2.783083831812228,,-2.783083831812228,0.000534537446198273,AUTO_KEEP
beta,beta_C,2024-06-16,sure,0,-1,-1,0,0.0,0.0,0.0,True,1176,0.15428658623036995,-1,-1,0.0,50,50,-3.871509041293146,,-3.871509041293146,0.0003127310386440335,AUTO_KEEP
beta,beta_C,2024-06-17,sure,0,-1,-1,0,0.0,0.0,0.0,True,1176,0.15105471581072383,-1,-1,0.0,44,44,-3.1063626182533746,,-3.1063626182533746,0.00044925185529892415,AUTO_KEEP
beta,beta_C,2024-06-18,sure,0,-1,-1,0,0.0,0.0,0.0,True,1176,0.1098201907048777,-1,-1,0.0,63,63,-3.774034376786737,,-3.774034376786737,0.0003264236046853064,AUTO_KEEP
beta,beta_C,2024-06-19,sure,0,-1,-1,0,0.0,0.0,0.0,True,1176,0.17550008699665387,-1,-1,0.0,48,48,-4.0469731598566625,,-4.0469731598566625,0.00029012764038327266,AUTO_KEEP
beta,beta_C,2024-06-20,sure,0,-1,-1,0,0.0,0.0,0.0,True,1176,0.1555126788586314,-1,-1,0.0,61,61,-3.208063397199965,,-3.208063397199965,0.00042654617951527356,AUTO_KEEP
beta,beta_C,2024-06-21,sure,0,-1,-1,0,0.0,0.0,0.0,True,1176,0.1361642616025689,-1,-1,0.0,54,54,-1.9950186436197332,,-1.9950186436197332,0.0008769588023961799,AUTO_KEEP
beta,beta_C,2024-06-22,sure,0,-1,-1,0,0.0,0.0,0.0,False,0,,-1,-1,,-1,-1,,,,,UNCERTAIN
beta,beta_C,2024-06-23,sure,0,-1,-1,0,0.0,0.0,0.0,True,1176,0.16109120857063264,-1,-1,0.0,48,48,-1.9770808824743513,,-1.9770808824743513,0.0008881929346066322,AUTO_KEEP
beta,beta_C,2024-06-24,sure,0,-1,-1,0,0.0,0.0,0.0,True,1176,0.14290255067057434,-1,-1,0.0,55,55,-1.9092264821633533,,-1.9092264821633533,0.00093266138200416,AUTO_KEEP
beta,beta_C,2024-06-25,sure,0,-1,-1,0,0.0,0.0,0.0,True,1176,0.15597589428450043,-1,-1,0.0,51,51,-3.6186252642067482,,-3.6186252642067482,0.00035014944102242085,AUTO_KEEP
beta,beta_C,2024-06-26,sure,0,-1,-1,0,0.0,0.0,0.0,True,1176,0.1389406301477516,-1,-1,0.0,57,57,-3.761042239413389,,-3.761042239413389,0.0003283150140887269,AUTO_KEEP
beta,beta_C,2024-06-27,sure,0,-1,-1,0,0.0,0.0,0.0,True,1176,0.12554097364385974,-1,-1,0.0,42,42,-3.6766477918313396,,-3.6766477918313396,0.00034100319342284674,AUTO_KEEP
beta,beta_C,2024-06-28,sure,0,-1,-1,0,0.0,0.0,0.0,True,1176,0.13575518204808024,-1,-1,0.0,25,25,-3.9819350124664536,,-3.9819350124664536,0.0002982167625010808,AUTO_KEEP
beta,beta_C,2024-06-29,sure,0,-1,-1,0,0.0,0.0,0.0,True,1176,0.11730699913225529,-1,-1,0.0,53,53,-2.1289311553496844,,-2.1289311553496844,0.0007993275455481405,AUTO_KEEP
beta,beta_C,2024-06-30,sure,0,-1,-1,0,0.0,0.0,0.0,True,1176,0.11826741088208692,-1,-1,0.0,41,41,-2.479133386315295,,-2.479133386315295,0.0006383776651458133,AUTO_KEEP
beta,beta_C,2024-07-01,sure,0,-1,-1,0,0.0,0.0,0.0,True,1176,0.1103621491062814,-1,-1,0.0,50,50,-2.4709297404103716,,-2.4709297404103716,0.0006415797974214986,AUTO_KEEP
beta,beta_C,2024-07-02,sure,0,-1,-1,0,0.0,0.0,0.0,True,1176,0.14131826922371626,-1,-1,0.0,45,45,-2.4043805832248664,,-2.4043805832248664,0.0006684520789313564,AUTO_KEEP
beta,beta_C,2024-07-03,sure,0,-1,-1,0,0.0,0.0,0.0,True,1176,0.116688936712106,-1,-1,0.0,52,52,-2.045708915438031,,-2.045708915438031,0.0008463190618577795,AUTO_KEEP
beta,beta_C,2024-07-04,sure,0,-1,-1,0,0.0,0.0,0.0,True,1176,0.11843016658488281,-1,-1,0.0,43,43,-2.1644181015870942,,-2.1644181015870942,0.0007804507611770863,AUTO_KEEP
beta,beta_C,2024-07-05,sure,0,-1,-1,0,0.0,0.0,0.0,True,1176,0.10622671495920155,-1,-1,0.0,51,51,-2.2528344857676252,,-2.2528344857676252,0.0007361774738344366,AUTO_KEEP
beta,beta_C,2024-07-06,sure,0,-1,-1,0,0.0,0.0,0.0,True,1176,0.11868059812863407,-1,-1,0.0,54,54,-3.1395113533874417,,-3.1395113533874417,0.00044165965818769777,AUTO_KEEP
beta,beta_C,2024-07-07,sure,0,-1,-1,0,0.0,0.0,0.0,True,1176,0.11883220576134601,-1,-1,0.0,47,47,-2.6004448074961073,,-2.6004448074961073,0.0005936473235335626,AUTO_KEEP
beta,beta_C,2024-07-08,sure,0,-1,-1,0,0.0,0.0,0.0,True,1176,0.09244023847687544,-1,-1,0.0,54,54,-1.8927730356415955,,-1.8927730356415955,0.0009439370715189066,AUTO_KEEP
beta,beta_C,2024-07-09,sure,0,-1,-1,0,0.0,0.0,0.0,True,1176,0.08644722604422395,-1,-1,0.0,50,50,-1.1794757383761922,,-1.1794757383761922,0.001719440079102218,AUTO_KEEP
beta,beta_C,2024-07-10,sure,0,-1,-1,0,0.0,0.0,0.0,True,1176,0.1122991002940461,-1,-1,0.0,56,56,-2.112568940221798,,-2.112568940221798,0.0008082581088363467,AUTO_KEEP
beta,beta_C,2024-07-11,sure,0,-1,-1,0,0.0,0.0,0.0,True,1176,0.10318928373751568,-1,-1,0.0,49,49,-2.283529437638483,,-2.283529437638483,0.0007216690899650324,AUTO_KEEP
beta,beta_C,2024-07-12,sure,0,-1,-1,0,0.0,0.0,0.0,True,1176,0.10388011828881805,-1,-1,0.0,44,44,-1.704878662338276,,-1.704878662338276,0.0010882719020168458,AUTO_KEEP
beta,beta_C,2024-07-13,sure,0,-1,-1,0,0.0,0.0,0.0,True,1176,0.12916240688264047,-1,-1,0.0,49,49,-2.0667444022887267,,-2.0667444022887267,0.0008340650341159978,AUTO_KEEP
beta,beta_C,2024-07-14,sure,0,-1,-1,0,0.0,0.0,0.0,True,1176,0.09750842057183728,-1,-1,0.0,49,49,-2.1467037451653592,,-2.1467037451653592,0.0007897907095966045,AUTO_KEEP
beta,beta_C,2024-07-15,sure,0,-1,-1,0,0.0,0.0,0.0,True,1176,0.1277350118863474,-1,-1,0.0,61,61,-4.015223847643301,,-4.015223847643301,0.000294035582472444,AUTO_KEEP
beta,beta_C,2024-07-16,sure,0,-1,-1,0,0.0,0.0,0.0,True,1176,0.15367223913986638,-1,-1,0.0,53,53,-2.5266985937022826,,-2.5266985937022826,0.0006202667516849418,AUTO_KEEP
beta,beta_C,2024-07-17,sure,0,-1,-1,0,0.0,0.0,0.0,True,1176,0.10917143377556382,-1,-1,0.0,56,56,-2.2262068235602666,,-2.2262068235602666,0.0007491136826153769,AUTO_KEEP
beta,beta_C,2024-07-18,sure,0,-1,-1,0,0.0,0.0,0.0,True,1176,0.15481919147788492,-1,-1,0.0,53,53,-1.8025208238268837,,-1.8025208238268837,0.0010095056314624587,AUTO_KEEP
beta,beta_C,2024-07-19,sure,0,-1,-1,0,0.0,0.0,0.0,True,1176,0.13979098284917058,-1,-1,0.0,51,51,-1.6475095877603576,,-1.6475095877603576,0.0011388350155263761,AUTO_KEEP
beta,beta_C,2024-07-20,sure,0,-1,-1,0,0.0,0.0,0.0,True,1176,0.1461604744597489,-1,-1,0.0,46,46,-1.3931315404462061,,-1.3931315404462061,0.0014105393307354296,AUTO_KEEP
beta,beta_C,2024-07-21,sure,0,-1,-1,0,0.0,0.0,0.0,True,1176,0.114970541210063,-1,-1,0.0,44,44,-3.7719370412666415,,-3.7719370412666415,0.0003267278501473193,AUTO_KEEP
beta,beta_C,2024-07-22,sure,0,-1,-1,0,0.0,0.0,0.0,True,1176,0.1239298723543456,-1,-1,0.0,49,49,-2.597975354240296,,-2.597975354240296,0.0005945112647500425,AUTO_KEEP
beta,beta_C,2024-07-23,sure,0,-1,-1,0,0.0,0.0,0.0,True,1176,0.1130348784708346,-1,-1,0.0,51,51,-3.49081257810703,,-3.49081257810703,0.00037161416857657846,AUTO_KEEP
beta,beta_C,2024-07-24,sure,0,-1,-1,0,0.0,0.0,0.0,True,1176,0.11273778797590417,-1,-1,0.0,51,51,-1.6579249446991717,,-1.6579249446991717,0.0011294019864947391,AUTO_KEEP
beta,beta_C,2024-07-25,sure,0,-1,-1,0,0.0,0.0,0.0,True,1176,0.1109212451998749,-1,-1,0.0,52,52,-2.2123932136256226,,-2.2123932136256226,0.0007559566991118226,AUTO_KEEP
beta,beta_C,2024-07-26,sure,0,-1,-1,0,0.0,0.0,0.0,True,1176,0.11395760329414717,-1,-1,0.0,37,37,-3.4501534321212235,,-3.4501534321212235,0.0003788490947515577,AUTO_KEEP
beta,beta_C,2024-07-27,sure,0,-1,-1,0,0.0,0.0,0.0,True,1176,0.09519132457087931,-1,-1,0.0,62,62,-3.0547339903630264,,-3.0547339903630264,0.00046146454987697753,AUTO_KEEP
beta,beta_C,2024-07-28,sure,0,-1,-1,0,0.0,0.0,0.0,True,1176,0.12309661798261917,-1,-1,0.0,35,35,-2.334281112540716,,-2.334281112540716,0.0006985873308955942,AUTO_KEEP
beta,beta_C,2024-07-29,sure,0,-1,-1,0,0.0,0.0,0.0,True,1176,0.14387159569197916,-1,-1,0.0,48,48,-2.496198232896607,,-2.496198232896607,0.0006317916228196476,AUTO_KEEP
beta,beta_C,2024-07-30,sure,0,-1,-1,0,0.0,0.0,0.0,True,1176,0.12662933029944057,-1,-1,0.0,49,49,-1.961913838258988,,-1.961913838258988,0.0008978577776394191,AUTO_KEEP
beta,beta_C,2024-07-31,sure,0,-1,-1,0,0.0,0.0,0.0,True,1176,0.13411990223475367,-1,-1,0.0,45,45,-1.8124591723108874,,-1.8124591723108874,0.0010019626175206146,AUTO_KEEP
beta,beta_C,2024-08-01,sure,0,-1,-1,0,0.0,0.0,0.0,True,1176,0.16149615066923495,-1,-1,0.0,58,58,-2.018151855249543,,-2.018151855249543,0.000862776897074647,AUTO_KEEP
beta,beta_C,2024-08-02,sure,0,-1,-1,0,0.0,0.0,0.0,True,1176,0.1027397720189489,-1,-1,0.0,60,60,-2.2855020554163814,,-2.2855020554163814,0.000720751128754385,AUTO_KEEP
beta,beta_C,2024-08-03,sure,0,-1,-1,0,0.0,0.0,0.0,True,1176,0.13800352127613102,-1,-1,0.0,53,53,-2.065506323981392,,-2.065506323981392,0.0008347790135697516,AUTO_KEEP
beta,beta_C,2024-08-04,sure,0,-1,-1,0,0.0,0.0,0.0,True,136,0.12308190434520938,-1,-1,0.0,34,34,-3.99036891922873,,-3.99036891922873,0.0002971492033770395,AUTO_KEEP
beta,beta_C,2024-08-05,sure,0,-1,-1,0,0.0,0.0,0.0,True,465,0.10487800000000025,-1,-1,0.0,61,61,-3.248510701938338,,-3.248510701938338,0.00041798331124314424,AUTO_KEEP
beta,beta_C,2024-08-06,sure,0,-1,-1,0,0.0,0.0,0.0,True,1176,0.12850092634321708,-1,-1,0.0,53,53,-1.6962830282448127,,-1.6962830282448127,0.001095634877902653,AUTO_KEEP
beta,beta_C,2024-08-07,sure,0,-1,-1,0,0.0,0.0,0.0,True,1176,0.13856539768344245,-1,-1,0.0,43,43,-3.499180936171559,,-3.499180936171559,0.00037015034178147066,AUTO_KEEP
beta,beta_C,2024-08-08,sure,0,-1,-1,0,0.0,0.0,0.0,True,1176,0.11600781333751886,-1,-1,0.0,54,54,-3.9520798475388546,,-3.9520798475388546,0.00030204150492807745,AUTO_KEEP
beta,beta_C,2024-08-09,sure,0,-1,-1,0,0.0,0.0,0.0,True,1176,0.10599382986461237,-1,-1,0.0,56,56,-1.2685862429432009,,-1.2685862429432009,0.0015795692740996025,AUTO_KEEP
beta,beta_C,2024-08-10,sure,0,-1,-1,0,0.0,0.0,0.0,True,1176,0.11312920313756258,-1,-1,0.0,50,50,-1.946152269998938,,-1.946152269998938,0.0009080662780354526,AUTO_KEEP
beta,beta_C,2024-08-11,sure,0,-1,-1,0,0.0,0.0,0.0,True,1176,0.0805342230683328,-1,-1,0.0,58,58,-1.7748449788960499,,-1.7748449788960499,0.0010309566995062274,AUTO_KEEP
beta,beta_C,2024-08-12,sure,0,-1,-1,0,0.0,0.0,0.0,True,1176,0.10943425375768623,-1,-1,0.0,59,59,-3.2481193562535506,,-3.2481193562535506,0.00041806494464715043,AUTO_KEEP
beta,beta_C,2024-08-13,sure,0,-1,-1,0,0.0,0.0,0.0,True,1176,0.10816768026519874,-1,-1,0.0,51,51,-2.814271882693252,,-2.814271882693252,0.0005253151971656366,AUTO_KEEP
beta,beta_C,2024-08-14,sure,0,-1,-1,0,0.0,0.0,0.0,True,1176,0.10390052785528159,-1,-1,0.0,28,28,-3.832276502386188,,-3.832276502386188,0.00031813863040677586,AUTO_KEEP
beta,beta_C,2024-08-15,sure,0,-1,-1,0,0.0,0.0,0.0,True,1176,0.1153671045252489,-1,-1,0.0,57,57,-3.4131257790477894,,-3.4131257790477894,0.0003856195973158305,AUTO_KEEP
beta,beta_C,2024-08-16,sure,0,-1,-1,0,0.0,0.0,0.0,True,1176,0.10763239669472746,-1,-1,0.0,58,58,-1.3621747454274054,,-1.3621747454274054,0.0014499744269977776,AUTO_KEEP
beta,beta_C,2024-08-17,sure,0,-1,-1,0,0.0,0.0,0.0,True,1176,0.08776639330035962,-1,-1,0.0,47,47,-1.2171719554486002,,-1.2171719554486002,0.0016581325136999833,AUTO_KEEP
beta,beta_C,2024-08-18,sure,0,-1,-1,0,0.0,0.0,0.0,True,1176,0.11001460131418472,-1,-1,0.0,59,59,-2.3274644644592035,,-2.3274644644592035,0.0007016238498134693,AUTO_KEEP
beta,beta_C,2024-08-19,sure,0,-1,-1,0,0.0,0.0,0.0,True,1176,0.10152967027162951,-1,-1,0.0,55,55,-1.4727938648573444,,-1.4727938648573444,0.0013160286886316106,AUTO_KEEP
beta,beta_C,2024-08-20,sure,0,-1,-1,0,0.0,0.0,0.0,True,1176,0.11128933294979948,-1,-1,0.0,48,48,-2.100768582536471,,-2.100768582536471,0.0008147901899777768,AUTO_KEEP
beta,beta_C,2024-08-21,sure,0,-1,-1,0,0.0,0.0,0.0,True,1176,0.12284323909725359,-1,-1,0.0,48,48,-0.46157789277209454,,-0.46157789277209454,0.0040033061057794025,AUTO_KEEP
beta,beta_C,2024-08-22,sure,0,-1,-1,0,0.0,0.0,0.0,True,1176,0.11119206783228552,-1,-1,0.0,51,51,-1.0798417267950993,,-1.0798417267950993,0.0018984885055179461,AUTO_KEEP
beta,beta_C,2024-08-23,sure,0,-1,-1,0,0.0,0.0,0.0,True,1176,0.09293633592689865,-1,-1,0.0,56,56,-0.7136096082233255,,-0.7136096082233255,0.0028601546409618333,AUTO_KEEP
beta,beta_C,2024-08-24,sure,0,-1,-1,0,0.0,0.0,0.0,True,1176,0.09792666729840782,-1,-1,0.0,40,40,-1.3957216250212967,,-1.3957216250212967,0.001407311637267989,AUTO_KEEP
beta,beta_C,2024-08-25,sure,0,-1,-1,0,0.0,0.0,0.0,True,1176,0.07804992789617948,-1,-1,0.0,43,43,-1.8247289281380448,,-1.8247289281380448,0.0009927639416811658,AUTO_KEEP
beta,beta_C,2024-08-26,unsure,1,47,53,7,2.990926,0.0,0.0,True,1176,0.06306653513879157,-1,-1,0.0,50,50,-2.767453387751569,,-2.767453387751569,0.0005392491758181577,AUTO_KEEP
beta,beta_C,2024-08-27,sure,0,-1,-1,0,0.0,0.0,0.0,True,1176,0.09586407502288985,-1,-1,0.0,58,58,-2.4147401122975585,,-2.4147401122975585,0.0006641613656245911,AUTO_KEEP
beta,beta_C,2024-08-28,unsure,0,-1,-1,0,0.0,7.637849500000001,0.0,True,1176,0.09323188900705759,42,59,0.46597395780160406,40,40,-1.6808584955924792,0.46597395780160406,0.46597395780160406,0.019830984656051237,AUTO_KEEP
beta,beta_C,2024-08-29,sure,0,-1,-1,0,0.0,9.625219999999999,0.0,True,1176,0.06538721584818985,39,58,3.21746496518983,38,38,-2.258742689396335,3.21746496518983,3.21746496518983,0.15984579856605963,AUTO_KEEP
beta,beta_C,2024-08-30,unsure,1,46,54,9,3.65562,0.0,0.0,True,1176,0.0815057743653469,-1,-1,0.0,53,53,-2.91715398924808,,-2.91715398924808,0.0004964984577663676,AUTO_KEEP
beta,beta_C,2024-08-31,sure,0,-1,-1,0,0.0,0.0,0.0,True,1176,0.0792977259439307,-1,-1,0.0,41,41,-2.991882036397233,,-2.991882036397233,0.0004770025162594197,AUTO_KEEP
beta,beta_C,2024-09-01,unsure,1,45,55,11,4.7536815,0.0,0.0,True,1176,0.08006887416480168,-1,-1,0.0,48,48,-2.495433587402861,,-2.495433587402861,0.0006320845879204801,AUTO_KEEP
beta,beta_C,2024-09-02,unsure,1,43,55,13,5.997672499999999,0.0,0.0,True,1176,0.1018637164870233,-1,-1,0.0,57,57,-2.159992165067972,,-2.159992165067972,0.0007827690613958626,AUTO_KEEP
beta,beta_C,2024-09-03,unsure,1,43,58,16,8.0961865,0.0,0.0,True,1176,0.11106593607627113,-1,-1,0.0,54,54,-3.245238794883597,,-3.245238794883597,0.00041866654256216305,AUTO_KEEP
beta,beta_C,2024-09-04,unsure,0,-1,-1,0,0.0,0.0,0.0,True,1176,0.09698392985252369,-1,-1,0.0,44,44,-2.3949701350290726,,-2.3949701350290726,0.00067238514284917,AUTO_KEEP
beta,beta_C,2024-09-05,sure,0,-1,-1,0,0.0,0.0,0.0,True,1176,0.09892654249766686,-1,-1,0.0,51,51,-0.3103195129384815,,-0.3103195129384815,0.005041823426098423,AUTO_KEEP
beta,beta_C,2024-09-06,unsure,1,43,55,13,5.5393605,0.0,0.0,True,1176,0.07763601469022285,-1,-1,0.0,48,48,-3.3133728566266405,,-3.3133728566266405,0.00040477069993058483,AUTO_KEEP
beta,beta_C,2024-09-07,sure,0,-1,-1,0,0.0,0.0,0.0,True,1176,0.08824452043256548,-1,-1,0.0,45,45,-0.695313831284861,,-0.695313831284861,0.0029258208357695937,AUTO_KEEP
beta,beta_C,2024-09-08,sure,0,-1,-1,0,0.0,0.0,0.0,True,1176,0.06879450415361976,-1,-1,0.0,63,63,-2.157132494509803,,-2.157132494509803,0.0007842723446489054,AUTO_KEEP
beta,beta_C,2024-09-09,sure,0,-1,-1,0,0.0,0.0,0.0,True,1176,0.1009232706257337,-1,-1,0.0,44,44,-0.6009375551653835,,-0.6009375551653835,0.0033024831030222883,AUTO_KEEP
beta,beta_C,2024-09-10,sure,0,-1,-1,0,0.0,0.0,0.0,True,1176,0.057690907129582136,-1,-1,0.0,48,48,-1.570229969227492,,-1.570229969227492,0.001212590906201332,AUTO_KEEP
beta,beta_C,2024-09-11,sure,0,-1,-1,0,0.0,0.0,0.0,True,1176,0.0934330495222877,-1,-1,0.0,50,50,-0.8326626768823269,,-0.8326626768823269,0.0024813538745867493,AUTO_KEEP
beta,beta_C,2024-09-12,sure,0,-1,-1,0,0.0,0.0,0.0,True,1176,0.0917725585611251,-1,-1,0.0,56,56,-1.3182100092727704,,-1.3182100092727704,0.0015088256438831448,AUTO_KEEP
beta,beta_C,2024-09-13,sure,0,-1,-1,0,0.0,0.0,0.0,True,1176,0.05854830270424749,-1,-1,0.0,45,45,-0.9963517160132216,,-0.9963517160132216,0.0020704722402835906,AUTO_KEEP
beta,beta_C,2024-09-14,unsure,0,-1,-1,0,0.0,0.0,0.0,True,1176,0.06798709775576706,-1,-1,0.0,50,50,-2.437887217995214,,-2.437887217995214,0.0006547195131623236,AUTO_KEEP
beta,beta_C,2024-09-15,sure,0,-1,-1,0,0.0,0.0,0.0,True,1176,0.11803018648430985,-1,-1,0.0,50,50,-1.7979713084555642,,-1.7979713084555642,0.0010129865219722118,AUTO_KEEP
beta,beta_C,2024-09-16,unsure,1,45,53,9,4.8529040000000006,0.0,0.0,True,1176,0.09697131860811137,-1,-1,0.0,50,50,-1.9886688408444282,,-1.9886688408444282,0.0008809115586088813,AUTO_KEEP
beta,beta_C,2024-09-17,unsure,1,45,56,12,6.778774000000001,0.0,0.0,True,1176,0.10141508576721847,-1,-1,0.0,40,40,-3.331509042629022,,-3.331509042629022,0.0004011862232364638,AUTO_KEEP
beta,beta_C,2024-09-18,unsure,1,44,59,16,9.852413,0.0,0.0,True,1176,0.0797024918016005,-1,-1,0.0,40,60,-0.15519464099201902,,-0.15519464099201902,0.0065761712628443015,AUTO_KEEP
beta,beta_C,2024-09-19,unsure,1,43,58,16,10.1444245,13.845087,10.1444245,True,1176,0.07593054118453502,39,61,5.055602408867268,38,38,-2.9430369956053584,5.055602408867268,5.055602408867268,0.29066239930076887,AUTO_KEEP
beta,beta_C,2024-09-20,unsure,1,43,59,17,10.206740499999999,14.7632575,10.206740499999999,True,1176,0.10168225969091393,37,61,1.6266119252290439,62,62,-3.3635849866759346,1.6266119252290439,1.6266119252290439,0.06515151274473703,AUTO_KEEP
beta,beta_C,2024-09-21,unsure,0,-1,-1,0,0.0,0.0,0.0,True,1176,0.08436359476022481,-1,-1,0.0,40,57,-2.217579494495857,,-2.217579494495857,0.0007533767673973058,AUTO_KEEP
beta,beta_C,2024-09-22,unsure,0,-1,-1,0,0.0,0.0,0.0,True,1176,0.06165212625665717,-1,-1,0.0,52,52,-0.8039182365165384,,-0.8039182365165384,0.0025657412979557155,AUTO_KEEP
beta,beta_C,2024-09-23,unsure,1,42,57,16,7.902014,9.4690115,7.902014,True,1176,0.0588771240742787,39,58,4.672193679651878,59,59,-3.3376131353567975,4.672193679651878,4.672193679651878,0.26291203723178747,AUTO_KEEP
beta,beta_C,2024-09-24,sure,0,-1,-1,0,0.0,0.0,0.0,True,1176,0.09734177171231106,-1,-1,0.0,54,54,-1.180223388873992,,-1.180223388873992,0.001718191952406827,AUTO_KEEP
beta,beta_C,2024-09-25,sure,0,-1,-1,0,0.0,0.0,0.0,True,1176,0.08482166229396482,-1,-1,0.0,54,54,-1.3772594703830137,,-1.3772594703830137,0.0014305585504460776,AUTO_KEEP
beta,beta_C,2024-09-26,sure,0,-1,-1,0,0.0,0.0,0.0,True,1176,0.06447245178671324,-1,-1,0.0,47,47,-4.037463301392429,,-4.037463301392429,0.0002912901279153922,AUTO_KEEP
beta,beta_C,2024-09-27,sure,0,-1,-1,0,0.0,0.0,0.0,True,1176,0.10902586838092265,-1,-1,0.0,49,49,-1.1529349778356692,,-1.1529349778356692,0.001764625494354723,AUTO_KEEP
beta,beta_C,2024-09-28,sure,0,-1,-1,0,0.0,0.0,0.0,True,1176,0.08998704736490071,-1,-1,0.0,37,37,-1.3013359753199154,,-1.3013359753199154,0.001532348912965194,AUTO_KEEP
beta,beta_C,2024-09-29,sure,0,-1,-1,0,0.0,0.0,0.0,True,1176,0.1007464212444793,-1,-1,0.0,40,40,-1.8157739441883887,,-1.8157739441883887,0.0009994652019829342,AUTO_KEEP
beta,beta_C,2024-09-30,sure,0,-1,-1,0,0.0,0.0,0.0,True,1176,0.0882333481651223,-1,-1,0.0,41,41,-1.2620829686956885,,-1.2620829686956885,0.0015892003546345889,AUTO_KEEP
beta,beta_D,2023-10-01,unsure,0,-1,-1,0,0.0,0.0,0.0,True,132,0.05833487056632913,-1,-1,0.0,34,34,-1.6168089345521703,,-1.6168089345521703,0.00018954976881905907,AUTO_KEEP
beta,beta_D,2023-10-02,unsure,0,-1,-1,0,0.0,0.0,0.0,True,93,0.09779946558058761,-1,-1,0.0,35,35,-1.1881646050314745,,-1.1881646050314745,0.0003024979086093157,AUTO_KEEP
beta,beta_D,2023-10-03,unsure,0,-1,-1,0,0.0,0.0,0.0,True,132,0.06691868814349933,-1,-1,0.0,34,34,-1.241463926218254,,-1.241463926218254,0.0002840630115685166,AUTO_KEEP
beta,beta_D,2023-10-04,unsure,1,49,60,12,8.0075105,3.9822365,3.9822365,True,344,0.06953612246018404,50,56,3.448473614019811,58,58,0.209230512306693,3.239243101713118,3.448473614019811,0.1037916144217762,AUTO_KEEP
beta,beta_D,2023-10-05,sure,1,45,60,16,17.1586475,18.850011499999997,16.9614835,True,417,0.06704454076904431,46,66,14.43645119557783,67,67,-0.5760437933036356,14.43645119557783,14.43645119557783,0.7494823501161618,AUTO_CORRECT
beta,beta_D,2023-10-06,sure,1,46,59,14,14.810474000000001,14.961593,14.727732,True,403,0.10958371878374118,47,61,11.944770911303074,62,62,-0.3950004993509604,11.944770911303074,11.944770911303074,0.6537973892779542,UNCERTAIN
beta,beta_D,2023-10-07,unsure,1,55,57,3,0.9733990000000001,0.099498,0.0,True,567,0.0975597023071888,52,53,2.092419696227012,54,54,1.721483532001502,0.37093616422551,2.092419696227012,0.042857342306225336,AUTO_KEEP
beta,beta_D,2023-10-08,unsure,1,53,57,5,0.612846,0.597039,0.597039,True,165,0.1112847791077316,54,56,0.1516112168422747,37,37,0.13174705530992367,0.019864161532351016,0.1516112168422747,0.003376039058658429,AUTO_KEEP
beta,beta_D,2023-10-09,sure,1,45,59,15,14.264188500000001,15.6040405,14.264188500000001,True,1176,0.09584194733901974,35,67,35.493004428753004,68,68,-0.9100564815453022,35.493004428753004,35.493004428753004,0.9659236312886295,AUTO_CORRECT
beta,beta_D,2023-10-10,unsure,1,48,54,7,1.9575015000000002,3.8404545000000003,1.9575015000000002,True,366,0.15030584050122853,48,60,8.625731912350092,62,62,2.5082310853318894,6.117500827018203,8.625731912350092,0.46543483143370196,UNCERTAIN
beta,beta_D,2023-10-11,sure,1,51,59,9,9.782665,0.036678,0.0,True,301,0.1159528294545753,61,63,5.008101911787976,64,65,4.944351829662654,0.0637500821253214,5.008101911787976,0.20257046213748592,AUTO_KEEP
beta,beta_D,2023-10-12,sure,1,45,52,8,2.6717839999999997,2.6495785000000005,2.6495785000000005,True,115,0.0876462287036186,46,51,0.8199666457860866,34,34,-1.4155561824558462,0.8199666457860866,0.8199666457860866,0.011078752840904878,AUTO_KEEP
beta,beta_D,2023-10-13,sure,1,43,59,17,16.676634,17.169868000000005,16.676634,True,1176,0.09647990568797749,39,68,40.82419868809657,34,34,-0.18778679016150637,40.82419868809657,40.82419868809657,0.9758928250992525,AUTO_CORRECT
beta,beta_D,2023-10-14,sure,1,48,55,8,1.7044409999999997,1.175443,1.175443,True,109,0.1099981322944883,52,54,0.16314866244591342,51,51,-0.1097669742261598,0.16314866244591342,0.16314866244591342,0.003464842482850231,AUTO_KEEP
beta,beta_D,2023-10-15,unsure,0,-1,-1,0,0.0,0.0,0.0,True,76,0.0776220297942456,-1,-1,0.0,68,68,-1.9710007658158404,,-1.9710007658158404,0.00013603862542142694,AUTO_KEEP
beta,beta_D,2023-10-16,unsure,1,45,58,14,5.623791500000001,5.811907,5.585349000000001,True,406,0.10108942720752312,46,62,6.8415372078255094,64,64,-0.6749879067855236,6.8415372078255094,6.8415372078255094,0.33754307474644446,UNCERTAIN
beta,beta_D,2023-10-17,unsure,1,50,63,14,3.64656,5.702030000000001,3.64656,True,1176,0.09815741720341675,41,65,17.905952906641904,40,40,1.2178013670392454,16.688151539602657,17.905952906641904,0.8355835880717744,AUTO_CORRECT
beta,beta_D,2023-10-18,sure,1,41,60,20,21.311069500000002,21.4355175,21.311069500000002,True,1176,0.10217410839548036,37,68,50.52275059435274,36,36,-0.1170867116873984,50.52275059435274,50.52275059435274,0.9858791959614142,AUTO_CORRECT
beta,beta_D,2023-10-19,unsure,1,58,60,3,1.0790545,0.099584,0.0,True,344,0.10992046484109164,61,64,7.9457928622351695,68,68,-0.10288845043461481,7.9457928622351695,7.9457928622351695,0.418255788548977,UNCERTAIN
beta,beta_D,2023-10-20,sure,1,46,58,13,10.0611675,9.958346500000001,9.958346500000001,True,138,0.09184828994028571,47,57,2.2121074587551632,34,34,-1.7426307878511722,2.2121074587551632,2.2121074587551632,0.047118180216480385,AUTO_KEEP
beta,beta_D,2023-10-21,unsure,0,-1,-1,0,0.0,0.0,0.0,True,87,0.11457379549668989,-1,-1,0.0,66,66,-1.0660019846965416,,-1.0660019846965416,0.00035148435199462523,AUTO_KEEP
beta,beta_D,2023-10-22,unsure,0,-1,-1,0,0.0,0.0,0.0,True,76,0.054460397383377046,-1,-1,0.0,33,33,-1.250899345279509,,-1.250899345279509,0.0002809623774509894,AUTO_KEEP
beta,beta_D,2023-10-23,sure,1,44,58,15,14.089282,13.850266000000001,13.850266000000001,True,152,0.1568562307879824,45,57,2.014587261307672,33,33,-1.5475450746668165,2.014587261307672,2.014587261307672,0.04020624682904677,AUTO_KEEP
beta,beta_D,2023-10-24,unsure,1,46,55,10,5.0534105,0.0,0.0,True,106,0.0869819706970385,-1,-1,0.0,54,54,-0.961822036065799,,-0.961822036065799,0.0004023575935553631,AUTO_KEEP
beta,beta_D,2023-10-25,sure,1,46,58,13,9.181403,9.553015499999999,9.181403,True,1176,0.1353498762412797,41,66,27.64655051279361,40,40,0.2562741224925863,27.390276390301022,27.64655051279361,0.9377184548152111,AUTO_CORRECT
beta,beta_D,2023-10-26,sure,0,-1,-1,0,0.0,0.0,0.0,True,1176,0.11541580132534346,-1,-1,0.0,46,46,-1.498495717334829,,-1.498495717334829,0.00021390789325025796,AUTO_KEEP
beta,beta_D,2023-10-27,unsure,1,45,54,10,5.554623500000001,5.919126000000001,5.554623500000001,True,1176,0.13760456600333493,43,54,15.772138463062948,60,60,-0.6603283876288455,15.772138463062948,15.772138463062948,0.78797147479918,AUTO_CORRECT
beta,beta_D,2023-10-28,unsure,0,-1,-1,0,0.0,0.052521,0.0,True,529,0.1145595281743148,42,42,1.9667304942388728,41,41,0.9032340533806655,1.0634964408582073,1.9667304942388728,0.03862301063496563,AUTO_KEEP
beta,beta_D,2023-10-29,unsure,1,48,57,10,2.7387645,2.624749,2.624749,True,97,0.09628996337585516,50,56,1.5983347775262824,49,49,-0.5097022532941592,1.5983347775262824,1.5983347775262824,0.02762442481158043,AUTO_KEEP
beta,beta_D,2023-10-30,unsure,1,44,54,11,5.1661909999999995,5.1212555,5.1212555,True,128,0.10849181512734551,45,53,2.286260765102958,33,33,-1.4847602653156693,2.286260765102958,2.286260765102958,0.04986978582238102,AUTO_KEEP
beta,beta_D,2023-10-31,unsure,0,-1,-1,0,0.0,0.027774,0.0,True,286,0.08979563638378796,45,45,0.5002879855206273,46,46,0.23489021694351306,0.26539776857711417,0.5002879855206273,0.006716744490431459,AUTO_KEEP
beta,beta_D,2023-11-01,unsure,1,50,60,11,6.0132780000000015,6.647016,6.0132780000000015,True,1176,0.08668879746419389,43,67,22.044086765537035,36,37,3.468259114140214,18.57582765139682,22.044086765537035,0.8950151398621051,AUTO_CORRECT
beta,beta_D,2023-11-02,unsure,1,42,61,20,14.758794000000002,14.782838,14.758794000000002,True,1176,0.10806857878045406,40,64,33.93527925283954,35,39,2.865194994197291,31.07008425864225,33.93527925283954,0.9619649839208263,AUTO_CORRECT
beta,beta_D,2023-11-03,unsure,1,46,59,14,10.3619805,12.975572999999999,10.3331395,True,633,0.09170680733701264,36,58,13.148263422501149,35,35,-0.3484954672511155,13.148263422501149,13.148263422501149,0.7043530019406314,AUTO_CORRECT
beta,beta_D,2023-11-04,unsure,0,-1,-1,0,0.0,2.6552415,0.0,True,1176,0.07474709798945867,52,64,12.727431054582482,40,41,1.5446155564569228,11.182815498125558,12.727431054582482,0.6876588317656795,UNCERTAIN
beta,beta_D,2023-11-05,sure,0,-1,-1,0,0.0,0.0,0.0,True,1176,0.08819789203435091,-1,-1,0.0,58,58,-2.527575243542533,,-2.527575243542533,8.685316045947702e-05,AUTO_KEEP
beta,beta_D,2023-11-06,sure,0,-1,-1,0,0.0,18.7275865,0.0,True,1176,0.14131121753401477,37,60,6.663989667134146,61,61,-0.028898516313529216,6.663989667134146,6.663989667134146,0.3242918620476203,UNCERTAIN
beta,beta_D,2023-11-07,sure,1,44,61,18,16.640987,16.7063025,16.640987,True,1176,0.11594054639437079,39,65,38.23417966334429,37,38,0.05914483063442115,38.17503483270987,38.23417966334429,0.9716335200245894,AUTO_CORRECT
beta,beta_D,2023-11-08,unsure,1,42,60,19,9.147137,9.530895000000001,9.147137,True,1176,0.09694272444047147,34,65,26.681666345589942,66,66,-0.2527449893156076,26.681666345589942,26.681666345589942,0.9322792005075651,AUTO_CORRECT
beta,beta_D,2023-11-09,sure,1,49,58,10,9.655859,9.993938,9.655859,True,1176,0.09222167532861558,49,60,22.44775586254333,47,47,-0.5048420004109258,22.44775586254333,22.44775586254333,0.8992038392098446,AUTO_CORRECT
beta,beta_D,2023-11-10,sure,1,43,56,14,5.3903799999999995,5.359261500000001,5.359261500000001,True,120,0.09924657253917557,48,55,3.2237519488117425,34,34,-1.0375259911369075,3.2237519488117425,3.2237519488117425,0.09184903066454798,AUTO_KEEP
beta,beta_D,2023-11-11,unsure,0,-1,-1,0,0.0,0.0,0.0,True,91,0.09922492162949137,-1,-1,0.0,33,33,-1.310711668628417,,-1.310711668628417,0.00026235497619849575,AUTO_KEEP
beta,beta_D,2023-11-12,sure,0,-1,-1,0,0.0,0.0,0.0,True,146,0.07703947726613469,-1,-1,0.0,59,59,-0.18205516331300992,,-0.18205516331300992,0.0015106288596822843,AUTO_KEEP
beta,beta_D,2023-11-13,sure,0,-1,-1,0,0.0,3.9318394999999997,0.0,True,1176,0.09237879432615559,47,68,13.00553310588504,38,39,0.716503788421853,12.289029317463186,13.00553310588504,0.6988050571879428,UNCERTAIN
beta,beta_D,2023-11-14,unsure,1,40,54,15,8.628078499999999,8.9323645,8.6188285,True,480,0.11962285706492404,34,53,19.377285252135096,33,33,-0.16252791373166997,19.377285252135096,19.377285252135096,0.8607573111718554,AUTO_CORRECT
beta,beta_D,2023-11-15,sure,0,-1,-1,0,0.0,0.7655000000000001,0.0,True,1176,0.08126789109556842,39,43,7.74223050934097,57,57,3.4179228721736985,4.324307637167271,7.74223050934097,0.4036943830542278,UNCERTAIN
beta,beta_D,2023-11-16,sure,0,-1,-1,0,0.0,0.004159,0.0,True,256,0.09460420882195564,58,58,1.0039912489110847,61,61,0.5165208949025337,0.487470354008551,1.0039912489110847,0.014205113982930057,AUTO_KEEP
beta,beta_D,2023-11-17,unsure,1,56,61,6,2.9806755,8.503884999999995,2.9806755,True,1176,0.0957163384314268,40,69,13.624495787464237,39,39,-0.3036649006279923,13.624495787464237,13.624495787464237,0.7220465820161099,AUTO_CORRECT
beta,beta_D,2023-11-18,sure,1,47,59,13,9.290930499999998,9.2607155,9.2607155,True,133,0.09438292995333963,48,58,2.130343760803286,34,34,-0.9919432637465493,2.130343760803286,2.130343760803286,0.04418328653354369,AUTO_KEEP
beta,beta_D,2023-11-19,unsure,1,49,53,5,0.8278780000000001,0.827231,0.8264595000000001,True,75,0.07207076350331043,48,52,0.33542267556481586,31,31,-1.8295238154700628,0.33542267556481586,0.33542267556481586,0.00496360058765226,AUTO_KEEP
beta,beta_D,2023-11-20,sure,0,-1,-1,0,0.0,0.8711605,0.0,True,1176,0.06656695810461644,53,55,0.707398787165263,46,46,-0.06795060339787935,0.707398787165263,0.707398787165263,0.009392097591666782,AUTO_KEEP
beta,beta_D,2023-11-21,unsure,0,-1,-1,0,0.0,1.2466175000000002,0.0,True,110,0.08775467375901203,49,55,5.1259606869747,48,48,-0.3643740662469732,5.1259606869747,5.1259606869747,0.21089584180633833,AUTO_KEEP
beta,beta_D,2023-11-22,sure,1,52,58,7,2.533563,2.672489,2.533563,True,1176,0.09165124558251092,51,63,12.907123244329071,50,50,2.0788054440808295,10.828317800248241,12.907123244329071,0.6949121205592382,UNCERTAIN
beta,beta_D,2023-11-23,sure,0,-1,-1,0,0.0,0.0004785,0.0,True,358,0.05951846033515862,59,61,0.004067101271231879,63,63,0.0017814027796769156,0.0022856984915549635,0.004067101271231879,0.0023617458197263586,AUTO_KEEP
beta,beta_D,2023-11-24,sure,0,-1,-1,0,0.0,5.563413999999999,0.0,True,1176,0.10835822157648423,37,51,9.521701944984095,36,36,-0.06547614484773742,9.521701944984095,9.521701944984095,0.5235126885929431,UNCERTAIN
beta,beta_D,2023-11-25,sure,0,-1,-1,0,0.0,0.0,0.0,True,1176,0.09043106389231914,-1,-1,0.0,55,55,-2.1700627262596273,,-2.1700627262596273,0.0001148317415403602,AUTO_KEEP
beta,beta_D,2023-11-26,sure,0,-1,-1,0,0.0,1.494658,0.0,True,276,0.05471191334785175,61,63,1.2452035641926695,33,34,0.6432671647403341,0.6019363994523355,1.2452035641926695,0.019024724458134017,AUTO_KEEP
beta,beta_D,2023-11-27,sure,0,-1,-1,0,0.0,2.122326,0.0,True,214,0.09441002907034513,36,39,2.038597458137269,35,35,-0.5500458473636154,2.038597458137269,2.038597458137269,0.04101400706168671,AUTO_KEEP
beta,beta_D,2023-11-28,sure,0,-1,-1,0,0.0,0.0,0.0,True,1176,0.09644185074398326,-1,-1,0.0,56,56,-0.1455823488747899,,-0.1455823488747899,0.001639363525903334,AUTO_KEEP
beta,beta_D,2023-11-29,sure,0,-1,-1,0,0.0,13.1658405,0.0,True,1176,0.13148510029245308,37,60,11.922627969768223,36,36,-0.006636219547119653,11.922627969768223,11.922627969768223,0.6527839281922906,UNCERTAIN
beta,beta_D,2023-11-30,sure,0,-1,-1,0,0.0,9.366378000000001,0.0,True,1176,0.06748799269699468,35,55,9.9194128072065,34,34,-0.06452389493142661,9.9194128072065,9.9194128072065,0.5476268824493709,UNCERTAIN
beta,beta_D,2023-12-01,sure,0,-1,-1,0,0.0,1.1377085000000002,0.0,True,355,0.10179438024405485,48,58,5.588370124387678,59,59,-0.39422350752265795,5.588370124387678,5.588370124387678,0.2442813639296812,AUTO_KEEP
beta,beta_D,2023-12-02,sure,0,-1,-1,0,0.0,13.830630999999999,0.0,True,1176,0.06691794148824792,45,56,0.1209832291504738,44,44,-0.003334643674898996,0.1209832291504738,0.1209832291504738,0.0031471073279560804,AUTO_KEEP
beta,beta_D,2023-12-03,unsure,0,-1,-1,0,0.0,3.853677499999999,0.0,True,150,0.07891277085100779,58,64,1.3664233396392256,65,65,-0.421624750636656,1.3664233396392256,1.3664233396392256,0.021766403216278925,AUTO_KEEP
beta,beta_D,2023-12-04,unsure,1,54,56,3,0.6185934999999999,3.7134305,0.0,True,118,0.05488830188594562,34,37,1.5399151995365925,57,58,0.8044463719764199,0.7354688275601726,1.5399151995365925,0.026072062043093574,AUTO_KEEP
beta,beta_D,2023-12-05,sure,0,-1,-1,0,0.0,0.0,0.0,True,90,0.07688464185084198,-1,-1,0.0,32,32,-1.3449365945364795,,-1.3449365945364795,0.0002524675068951993,AUTO_KEEP
beta,beta_D,2023-12-06,sure,0,-1,-1,0,0.0,0.0,0.0,True,102,0.07490334713244273,-1,-1,0.0,34,34,-1.297447979396371,,-1.297447979396371,0.00026633087543317247,AUTO_KEEP
beta,beta_D,2023-12-07,unsure,1,55,58,4,2.8461345,1.490534,1.490534,True,214,0.07874193943860774,57,57,0.13035596131480448,60,60,-0.10890252262268964,0.13035596131480448,0.13035596131480448,0.00321611969626115,AUTO_KEEP
beta,beta_D,2023-12-08,sure,0,-1,-1,0,0.0,5.878165999999999,0.0,True,1176,0.09668600679939487,36,40,0.33581222204652417,42,44,-0.2619059621304382,0.33581222204652417,0.33581222204652417,0.004967366754465286,AUTO_KEEP
beta,beta_D,2023-12-09,unsure,0,-1,-1,0,0.0,0.0,0.0,True,1176,0.07736543030152099,-1,-1,0.0,59,59,-3.0355625667882764,,-3.0355625667882764,6.110766654695943e-05,AUTO_KEEP
beta,beta_D,2023-12-10,unsure,0,-1,-1,0,0.0,0.0032725,0.0,True,1176,0.09669534972023097,54,54,1.043806220350298,56,56,0.16301817238501362,0.8807880479652844,1.043806220350298,0.014943379854792485,AUTO_KEEP
beta,beta_D,2023-12-11,unsure,0,-1,-1,0,0.0,0.0,0.0,True,202,0.0614684481884793,-1,-1,0.0,39,39,-1.2491363593031726,,-1.2491363593031726,0.0002815381569652265,AUTO_KEEP
beta,beta_D,2023-12-12,unsure,0,-1,-1,0,0.0,0.0233335,0.0,True,183,0.08122200932124013,61,61,0.30627676281285593,60,60,-0.09586747382927498,0.30627676281285593,0.30627676281285593,0.004686741975028322,AUTO_KEEP
beta,beta_D,2023-12-13,unsure,1,53,55,3,1.021503,1.392367,1.021503,True,1176,0.07811366765377326,44,58,3.866686572887646,59,59,-0.04401394151215071,3.866686572887646,3.866686572887646,0.12775469666288936,AUTO_KEEP
beta,beta_D,2023-12-14,unsure,0,-1,-1,0,0.0,0.0,0.0,True,1176,0.07264559817340288,-1,-1,0.0,44,44,-0.4064204492639902,,-0.4064204492639902,0.0009597033412110894,AUTO_KEEP
beta,beta_D,2023-12-15,unsure,0,-1,-1,0,0.0,0.010244,0.0,True,370,0.1211100116089936,44,44,1.1982424928678481,45,46,0.31902009226101163,0.8792224006068365,1.1982424928678481,0.01802064810809854,AUTO_KEEP
beta,beta_D,2023-12-16,unsure,0,-1,-1,0,0.0,0.0018614999999999999,0.0,True,1176,0.08130153757836966,38,40,0.10308686347027571,41,41,-0.015227910715948124,0.10308686347027571,0.10308686347027571,0.0030178735792356433,AUTO_KEEP
beta,beta_D,2023-12-17,unsure,0,-1,-1,0,0.0,9.165664999999999,0.0,True,289,0.06437222132630183,36,45,2.7582210709893773,35,35,-0.4917679669236165,2.7582210709893773,2.7582210709893773,0.06936633609863907,AUTO_KEEP
beta,beta_D,2023-12-18,unsure,0,-1,-1,0,0.0,0.260577,0.0,True,1176,0.05816162557393012,55,56,1.0136598464716646,41,41,-0.062003164503049914,1.0136598464716646,1.0136598464716646,0.014382341972545504,AUTO_KEEP
beta,beta_D,2023-12-19,sure,0,-1,-1,0,0.0,0.0,0.0,True,1176,0.09703136336780549,-1,-1,0.0,38,38,-1.8900986794187173,,-1.8900986794187173,0.00014621567450197938,AUTO_KEEP
beta,beta_D,2023-12-20,sure,0,-1,-1,0,0.0,0.0,0.0,True,1176,0.04795026363550248,-1,-1,0.0,42,42,-3.079288206301309,,-3.079288206301309,5.941067079069699e-05,AUTO_KEEP
beta,beta_D,2023-12-21,sure,0,-1,-1,0,0.0,1.3063085,0.0,True,1176,0.0947601118971102,56,58,1.1162184074236128,55,55,-0.17263029182787493,1.1162184074236128,1.1162184074236128,0.016343655123545242,AUTO_KEEP
beta,beta_D,2023-12-22,sure,1,48,59,12,7.1071535,7.0853375,7.0853375,True,122,0.11804864300917961,49,58,12.33865855841275,46,47,0.5299315837411996,11.80872697467155,12.33865855841275,0.6713090937472403,UNCERTAIN
beta,beta_D,2023-12-23,unsure,0,-1,-1,0,0.0,0.0,0.0,True,61,0.1000934237074671,-1,-1,0.0,33,33,-1.9756431614890129,,-1.9756431614890129,0.00013548471368297267,AUTO_KEEP
beta,beta_D,2023-12-24,unsure,0,-1,-1,0,0.0,0.020268,0.0,True,1176,0.10843692707430463,61,61,2.6148679478704135,67,67,0.82301065486644,1.7918572930039736,2.6148679478704135,0.06308531964435295,AUTO_KEEP
beta,beta_D,2023-12-25,unsure,0,-1,-1,0,0.0,0.225146,0.0,True,273,0.08919359425710827,58,61,0.8010164775656577,38,39,0.6199631721908677,0.18105330537479003,0.8010164775656577,0.010783020365260812,AUTO_KEEP
beta,beta_D,2023-12-26,unsure,0,-1,-1,0,0.0,0.014982,0.0,True,1176,0.09049740900079106,42,42,4.97437000680853,43,48,1.986373436541082,2.9879965702674482,4.97437000680853,0.20020393044990636,AUTO_KEEP
beta,beta_D,2023-12-27,unsure,0,-1,-1,0,0.0,0.131802,0.0,True,272,0.09497201692020507,60,60,2.095370509958991,64,64,-0.04187779101253045,2.095370509958991,2.095370509958991,0.04295970830935012,AUTO_KEEP
beta,beta_D,2023-12-28,unsure,0,-1,-1,0,0.0,0.0,0.0,True,308,0.0692441423269794,-1,-1,0.0,52,54,-0.49968304540208763,,-0.49968304540208763,0.0008115695214515021,AUTO_KEEP
beta,beta_D,2023-12-29,unsure,0,-1,-1,0,0.0,2.1766405,0.0,True,1176,0.10349473411239352,49,50,0.07506788215446936,52,52,-0.3094840881821699,0.07506788215446936,0.07506788215446936,0.0028221720148731786,AUTO_KEEP
beta,beta_D,2023-12-30,unsure,0,-1,-1,0,0.0,0.0,0.0,True,70,0.09123259197917966,-1,-1,0.0,33,33,-1.8950801284265888,,-1.8950801284265888,0.00014555915836304102,AUTO_KEEP
beta,beta_D,2023-12-31,sure,0,-1,-1,0,0.0,0.0,0.0,True,1176,0.07873064975191335,-1,-1,0.0,60,60,-3.020161963565125,,-3.020161963565125,6.17213252797011e-05,AUTO_KEEP
beta,beta_D,2024-01-01,unsure,0,-1,-1,0,0.0,1.3333700000000002,0.0,True,1176,0.09030081185525818,54,62,5.244746536188267,63,63,-0.3964990375128647,5.244746536188267,5.244746536188267,0.21936995282275315,AUTO_KEEP
beta,beta_D,2024-01-02,unsure,0,-1,-1,0,0.0,0.627996,0.0,True,263,0.08038846428300817,36,39,7.816523333345739,41,45,0.027358313391453677,7.789165019954285,7.816523333345739,0.4090294305137986,UNCERTAIN
beta,beta_D,2024-01-03,unsure,0,-1,-1,0,0.0,0.0,0.0,True,91,0.1026150053296333,-1,-1,0.0,33,33,-1.2556452541671688,,-1.2556452541671688,0.0002794204619444803,AUTO_KEEP
beta,beta_D,2024-01-04,unsure,0,-1,-1,0,0.0,0.562727,0.0,True,342,0.13166986988485752,37,39,3.6489388650013264,40,40,-0.05228597591530707,3.6489388650013264,3.6489388650013264,0.11500667031542504,AUTO_KEEP
beta,beta_D,2024-01-05,unsure,0,-1,-1,0,0.0,0.0,0.0,True,241,0.07072082582407946,-1,-1,0.0,56,56,-1.189838924908986,,-1.189838924908986,0.00030189399857652796,AUTO_KEEP
beta,beta_D,2024-01-06,unsure,0,-1,-1,0,0.0,1.5475720000000002,0.0,True,142,0.09470317054816269,38,39,1.5071010458131173,37,37,-0.3666228099533217,1.5071010458131173,1.5071010458131173,0.025222867524348214,AUTO_KEEP
beta,beta_D,2024-01-07,unsure,0,-1,-1,0,0.0,0.0603925,0.0,True,244,0.07869205450158612,35,39,0.6663534810333394,34,34,-0.1606498365682927,0.6663534810333394,0.6663534810333394,0.008818504598153183,AUTO_KEEP
beta,beta_D,2024-01-08,sure,0,-1,-1,0,0.0,0.0762225,0.0,True,1176,0.08087741956543182,35,35,0.9222531134439876,36,36,-0.25215394996544493,0.9222531134439876,0.9222531134439876,0.012758967969871617,AUTO_KEEP
beta,beta_D,2024-01-09,sure,0,-1,-1,0,0.0,0.102005,0.0,True,1176,0.1323264499309298,60,60,2.8643645472912755,61,62,0.9747644754962111,1.8896000717950643,2.8643645472912755,0.07421511732532501,AUTO_KEEP
beta,beta_D,2024-01-10,sure,0,-1,-1,0,0.0,0.5576,0.0,True,1176,0.10731085924475003,57,60,5.064441678562427,51,51,0.1895055022983099,4.874936176264117,5.064441678562427,0.20653946350844082,AUTO_KEEP
beta,beta_D,2024-01-11,sure,0,-1,-1,0,0.0,0.057997499999999994,0.0,True,1176,0.1349284194167737,51,53,2.525200472498341,50,50,0.7986051890662846,1.7265952834320561,2.525200472498341,0.05931477725525836,AUTO_KEEP
beta,beta_D,2024-01-12,unsure,0,-1,-1,0,0.0,0.0,0.0,True,276,0.08795154830681629,-1,-1,0.0,38,38,-0.348780347120452,,-0.348780347120452,0.0010704994720897119,AUTO_KEEP
beta,beta_D,2024-01-13,unsure,0,-1,-1,0,0.0,0.0009600000000000001,0.0,True,1176,0.1023267982964633,40,42,0.11991792407814236,44,44,0.08189478564674,0.038023138431402356,0.11991792407814236,0.003139321397235661,AUTO_KEEP
beta,beta_D,2024-01-14,sure,0,-1,-1,0,0.0,0.0,0.0,True,1176,0.05778085322769266,-1,-1,0.0,67,67,-0.3440270153677614,,-0.3440270153677614,0.0010804116258072815,AUTO_KEEP
beta,beta_D,2024-01-15,sure,0,-1,-1,0,0.0,0.10453550000000002,0.0,True,1176,0.09452580376872266,61,63,1.7644219463832065,65,67,0.1031752908072667,1.6612466555759398,1.7644219463832065,0.03232337788581083,AUTO_KEEP
beta,beta_D,2024-01-16,sure,0,-1,-1,0,0.0,2.0629005,0.0,True,1176,0.10573463954318463,43,50,1.889872376008968,51,52,0.19739828177371407,1.6924740942352539,1.889872376008968,0.03615490428685234,AUTO_KEEP
beta,beta_D,2024-01-17,sure,0,-1,-1,0,0.0,5.899824999999999,0.0,True,1176,0.09477523911707975,37,49,2.6675904803888963,36,36,-0.01237866841819585,2.6675904803888963,2.6675904803888963,0.06535934213783476,AUTO_KEEP
beta,beta_D,2024-01-18,sure,0,-1,-1,0,0.0,0.0,0.0,True,1176,0.10166156375154323,-1,-1,0.0,40,40,-0.629152613725825,,-0.629152613725825,0.0006537426940528804,AUTO_KEEP
beta,beta_D,2024-01-19,sure,0,-1,-1,0,0.0,0.364942,0.0,True,244,0.13881398344708362,37,40,0.28947677610415445,59,59,0.0,0.28947677610415445,0.28947677610415445,0.004531547114909103,AUTO_KEEP
beta,beta_D,2024-01-20,unsure,0,-1,-1,0,0.0,0.0,0.0,True,295,0.07432697236635466,-1,-1,0.0,37,42,-0.4100534191401134,,-0.4100534191401134,0.0009532606319727076,AUTO_KEEP
beta,beta_D,2024-01-21,unsure,0,-1,-1,0,0.0,0.0,0.0,True,1176,0.07648196457999701,-1,-1,0.0,39,39,-0.2148644348462179,,-0.2148644348462179,0.0014064631647925587,AUTO_KEEP
beta,beta_D,2024-01-22,sure,0,-1,-1,0,0.0,0.065273,0.0,True,370,0.06978800291954101,38,38,0.6662254856191475,42,43,-0.18024174463010262,0.6662254856191475,0.6662254856191475,0.00881675002319067,AUTO_KEEP
beta,beta_D,2024-01-23,unsure,0,-1,-1,0,0.0,0.0,0.0,True,168,0.08879362911514077,-1,-1,0.0,40,40,-1.2607614034751997,,-1.2607614034751997,0.00027777132981357246,AUTO_KEEP
beta,beta_D,2024-01-24,unsure,0,-1,-1,0,0.0,0.0,0.0,True,144,0.11139879707211753,-1,-1,0.0,34,34,-1.3873881452415657,,-1.3873881452415657,0.00024090526999398775,AUTO_KEEP
beta,beta_D,2024-01-25,sure,0,-1,-1,0,0.0,0.0,0.0,True,1176,0.11432478614518793,-1,-1,0.0,33,33,-2.579638589373267,,-2.579638589373267,8.359063239154632e-05,AUTO_KEEP
beta,beta_D,2024-01-26,sure,0,-1,-1,0,0.0,0.0,0.0,True,1176,0.1271415498400632,-1,-1,0.0,44,44,-2.9620071856704957,,-2.9620071856704957,6.411700058021309e-05,AUTO_KEEP
beta,beta_D,2024-01-27,sure,0,-1,-1,0,0.0,0.0,0.0,True,1176,0.12148702224323804,-1,-1,0.0,47,47,-1.4108392924165118,,-1.4108392924165118,0.00023483024542042292,AUTO_KEEP
beta,beta_D,2024-01-28,unsure,0,-1,-1,0,0.0,0.466431,0.0,True,1176,0.06657138319551148,41,42,2.266982003707839,40,40,-0.35690114963062247,2.266982003707839,2.266982003707839,0.049146194747786635,AUTO_KEEP
beta,beta_D,2024-01-29,unsure,0,-1,-1,0,0.0,0.0,0.0,True,1176,0.08016944515293067,-1,-1,0.0,51,51,-0.03316255903357381,,-0.03316255903357381,0.0021462989515437813,AUTO_KEEP
beta,beta_D,2024-01-30,unsure,0,-1,-1,0,0.0,0.0,0.0,True,1176,0.08897030049069787,-1,-1,0.0,44,44,-0.6427161399579476,,-0.6427161399579476,0.0006397383098269206,AUTO_KEEP
beta,beta_D,2024-01-31,sure,0,-1,-1,0,0.0,1.4095760000000004,0.0,True,1176,0.08192449052892092,49,53,1.6129040614777597,48,48,-0.22146562308074294,1.6129040614777597,1.6129040614777597,0.02801968116314753,AUTO_KEEP
beta,beta_D,2024-02-01,sure,0,-1,-1,0,0.0,0.031276,0.0,True,1176,0.12731224427158372,61,61,3.245849944787429,60,60,2.2340476082706977,1.0118023365167312,3.245849944787429,0.09299294512736243,AUTO_KEEP
beta,beta_D,2024-02-02,unsure,0,-1,-1,0,0.0,0.1537905,0.0,True,1176,0.13219345964171048,40,41,0.6404687712327312,50,50,0.09975646499339356,0.5407123062393376,0.6404687712327312,0.008467961713154892,AUTO_KEEP
beta,beta_D,2024-02-03,sure,0,-1,-1,0,0.0,0.0,0.0,True,416,0.09805094242697887,-1,-1,0.0,50,50,-1.012094713906903,,-1.012094713906903,0.0003766206373143709,AUTO_KEEP
beta,beta_D,2024-02-04,sure,0,-1,-1,0,0.0,0.282817,0.0,True,1176,0.06929396274577071,42,43,2.3650696788682777,41,41,-0.26513758837473295,2.3650696788682777,2.3650696788682777,0.05288763375001532,AUTO_KEEP
beta,beta_D,2024-02-05,sure,0,-1,-1,0,0.0,0.0,0.0,True,1176,0.09655920967505516,-1,-1,0.0,34,34,-2.532101605904236,,-2.532101605904236,8.656259919441152e-05,AUTO_KEEP
beta,beta_D,2024-02-06,sure,0,-1,-1,0,0.0,0.0,0.0,True,1176,0.08279572288482218,-1,-1,0.0,52,53,-1.0532301721007395,,-1.0532301721007395,0.00035722505532662666,AUTO_KEEP
beta,beta_D,2024-02-07,sure,0,-1,-1,0,0.0,0.0,0.0,True,1176,0.10459003168260894,-1,-1,0.0,61,61,-2.7555520998036744,,-2.7555520998036744,7.374127044972029e-05,AUTO_KEEP
beta,beta_D,2024-02-08,unsure,0,-1,-1,0,0.0,0.2027505,0.0,True,387,0.09498467539332234,40,40,4.920419697826039,42,46,4.049358766403434,0.8710609314226048,4.920419697826039,0.19643473525071742,AUTO_KEEP
beta,beta_D,2024-02-09,unsure,0,-1,-1,0,0.0,0.0642625,0.0,True,321,0.10802514980316325,41,41,3.9755647082550287,39,39,1.6672446424904215,2.3083200657646072,3.9755647082550287,0.1343382262130231,AUTO_KEEP
beta,beta_D,2024-02-10,unsure,0,-1,-1,0,0.0,0.0,0.0,True,232,0.12037969697855155,-1,-1,0.0,44,44,-1.529011497952204,,-1.529011497952204,0.0002072291407599721,AUTO_KEEP
beta,beta_D,2024-02-11,sure,0,-1,-1,0,0.0,0.0,0.0,True,1176,0.10688039812827022,-1,-1,0.0,40,40,-2.6859849290182667,,-2.6859849290182667,7.743392195118547e-05,AUTO_KEEP
beta,beta_D,2024-02-12,unsure,0,-1,-1,0,0.0,0.0,0.0,True,99,0.09742577110758788,-1,-1,0.0,35,35,-1.3650379516299698,,-1.3650379516299698,0.00024689917345034797,AUTO_KEEP
beta,beta_D,2024-02-13,unsure,0,-1,-1,0,0.0,0.0,0.0,True,227,0.09500960039281159,-1,-1,0.0,36,36,-1.3873490183658237,,-1.3873490183658237,0.0002409155864212699,AUTO_KEEP
beta,beta_D,2024-02-14,sure,0,-1,-1,0,0.0,1.613089,0.0,True,1176,0.15112119108166988,39,45,1.6637314101276384,46,46,-0.08914696387667269,1.6637314101276384,1.6637314101276384,0.02942404160572544,AUTO_KEEP
beta,beta_D,2024-02-15,sure,0,-1,-1,0,0.0,0.0,0.0,True,1176,0.09181837436364004,-1,-1,0.0,43,43,-0.9918075366792213,,-0.9918075366792213,0.00038672466266526925,AUTO_KEEP
beta,beta_D,2024-02-16,unsure,0,-1,-1,0,0.0,1.7136294999999997,0.0,True,1176,0.1088413407435751,44,55,5.174032539885724,60,60,0.8727597005846459,4.301272839301078,5.174032539885724,0.21431564075046777,AUTO_KEEP
beta,beta_D,2024-02-17,unsure,0,-1,-1,0,0.0,0.16024,0.0,True,1176,0.11800516490895463,41,45,7.852414342078341,39,39,-0.10426152213191558,7.852414342078341,7.852414342078341,0.4115984328210594,UNCERTAIN
beta,beta_D,2024-02-18,sure,0,-1,-1,0,0.0,0.1361705,0.0,True,1176,0.06305220439658799,48,48,0.0022208309370945166,50,50,-0.46190676677400083,0.0022208309370945166,0.0022208309370945166,0.0023504394833954883,AUTO_KEEP
beta,beta_D,2024-02-19,sure,0,-1,-1,0,0.0,0.0,0.0,True,1176,0.09127382224532399,-1,-1,0.0,63,63,-1.0097032643574193,,-1.0097032643574193,0.00037779258649591374,AUTO_KEEP
beta,beta_D,2024-02-20,sure,0,-1,-1,0,0.0,3.460259,0.0,True,1176,0.09770016034982909,49,60,4.871817949454209,48,48,-0.12443864548403688,4.871817949454209,4.871817949454209,0.19305640112286412,AUTO_KEEP
beta,beta_D,2024-02-21,unsure,1,51,55,5,4.630256,1.1049375,0.0,True,330,0.13690975765331537,56,62,1.2106067136139862,64,64,0.6646094344549109,0.5459972791590753,1.2106067136139862,0.018281888000328667,AUTO_KEEP
beta,beta_D,2024-02-22,unsure,1,42,44,3,1.1764020000000002,1.2130375,1.1249090000000002,True,288,0.1257426634649348,41,43,1.407066918446483,40,40,-0.1990273871434653,1.407066918446483,1.407066918446483,0.022734499387563716,AUTO_KEEP
beta,beta_D,2024-02-23,unsure,0,-1,-1,0,0.0,0.0,0.0,True,1176,0.13070199302352625,-1,-1,0.0,65,65,-2.485719535242422,,-2.485719535242422,8.960503563148146e-05,AUTO_KEEP
beta,beta_D,2024-02-24,sure,0,-1,-1,0,0.0,0.0,0.0,True,1176,0.09328040070642496,-1,-1,0.0,58,58,-2.3505814354699313,,-2.3505814354699313,9.935915852388023e-05,AUTO_KEEP
beta,beta_D,2024-02-25,unsure,1,43,62,20,14.037317999999999,14.253106,14.037317999999999,True,1176,0.05305529765979511,38,65,16.02139020690635,37,37,-0.056538546507001713,16.02139020690635,16.02139020690635,0.7943412142822786,AUTO_CORRECT
beta,beta_D,2024-02-26,unsure,0,-1,-1,0,0.0,0.0,0.0,True,268,0.07845151944140838,-1,-1,0.0,53,53,-0.7381930447355246,,-0.7381930447355246,0.0005519719239229458,AUTO_KEEP
beta,beta_D,2024-02-27,sure,0,-1,-1,0,0.0,0.0,0.0,True,1176,0.10708078143067601,-1,-1,0.0,55,55,-1.4747652871285644,,-1.4747652871285644,0.00021930895417667656,AUTO_KEEP
beta,beta_D,2024-02-28,unsure,0,-1,-1,0,0.0,0.8617880000000001,0.0,True,1176,0.09129858237171673,49,55,11.41727713176792,41,42,1.2578763236621808,10.159400808105739,11.41727713176792,0.6287933117822138,UNCERTAIN
beta,beta_D,2024-02-29,sure,0,-1,-1,0,0.0,0.0,0.0,True,1176,0.16133435491812298,-1,-1,0.0,43,43,-4.118210345643014,,-4.118210345643014,3.2836584090140284e-05,AUTO_KEEP
beta,beta_D,2024-03-01,unsure,0,-1,-1,0,0.0,0.314338,0.0,True,1176,0.11593394434465853,48,49,3.3754965190942454,46,46,0.04863093092922479,3.3268655881650204,3.3754965190942454,0.09983872888824268,AUTO_KEEP
beta,beta_D,2024-03-02,sure,0,-1,-1,0,0.0,0.0,0.0,True,1176,0.10290418915582356,-1,-1,0.0,37,37,-2.186206881087589,,-2.186206881087589,0.00011331748422857048,AUTO_KEEP
beta,beta_D,2024-03-03,sure,0,-1,-1,0,0.0,0.060083,0.0,True,1176,0.06610465763654583,54,54,2.0948259759781886,45,47,1.3400744835659546,0.754751492412234,2.0948259759781886,0.04294080780063184,AUTO_KEEP
beta,beta_D,2024-03-04,sure,0,-1,-1,0,0.0,0.122758,0.0,True,1176,0.09739615956708692,60,60,8.330508716582743,43,49,2.100339562705685,6.230169153877059,8.330508716582743,0.44524716670121617,UNCERTAIN
beta,beta_D,2024-03-05,unsure,0,-1,-1,0,0.0,0.0,0.0,True,94,0.11869033635205373,-1,-1,0.0,36,36,-1.2599875964115872,,-1.2599875964115872,0.0002780198924873913,AUTO_KEEP
beta,beta_D,2024-03-06,unsure,0,-1,-1,0,0.0,0.0,0.0,True,157,0.11480657367847469,-1,-1,0.0,62,62,-0.012981527333659109,,-0.012981527333659109,0.0022595976363333913,AUTO_KEEP
beta,beta_D,2024-03-07,unsure,0,-1,-1,0,0.0,0.0,0.0,True,150,0.1080588179976667,-1,-1,0.0,63,63,-2.2943297073056295,,-2.2943297073056295,0.00010385402342025005,AUTO_KEEP
beta,beta_D,2024-03-08,unsure,0,-1,-1,0,0.0,0.0,0.0,True,172,0.09838540839444043,-1,-1,0.0,39,39,-1.147669458280035,,-1.147669458280035,0.00031762739640330993,AUTO_KEEP
beta,beta_D,2024-03-09,unsure,0,-1,-1,0,0.0,0.0,0.0,True,255,0.1288440617522566,-1,-1,0.0,63,63,-1.4650575840907099,,-1.4650575840907099,0.00022157282119561762,AUTO_KEEP
beta,beta_D,2024-03-10,unsure,0,-1,-1,0,0.0,0.0,0.0,True,150,0.0782930905457575,-1,-1,0.0,37,37,-1.0559039329758935,,-1.0559039329758935,0.00035601257723474444,AUTO_KEEP
beta,beta_D,2024-03-11,unsure,0,-1,-1,0,0.0,0.0,0.0,True,181,0.09679635918724117,-1,-1,0.0,63,63,-1.19628380751507,,-1.19628380751507,0.0002995848874612742,AUTO_KEEP
beta,beta_D,2024-03-12,unsure,0,-1,-1,0,0.0,0.0,0.0,True,136,0.07790263021490107,-1,-1,0.0,36,36,-2.1488228569158347,,-2.1488228569158347,0.00011686689727100923,AUTO_KEEP
beta,beta_D,2024-03-13,unsure,0,-1,-1,0,0.0,0.1200855,0.0,True,1176,0.1060562875876343,54,54,4.6172249599962205,40,50,2.8577889510523846,1.759436008943836,4.6172249599962205,0.17564753942246075,AUTO_KEEP
beta,beta_D,2024-03-14,sure,0,-1,-1,0,0.0,0.0,0.0,True,196,0.0767906279591477,-1,-1,0.0,36,36,-1.4313444141911236,,-1.4313444141911236,0.00022969060234759404,AUTO_KEEP
beta,beta_D,2024-03-15,unsure,0,-1,-1,0,0.0,1.840984,0.0,True,1176,0.11082611737235659,52,56,4.360362025209196,43,46,1.2623919834510475,3.097970041758148,4.360362025209196,0.1586313459071469,AUTO_KEEP
beta,beta_D,2024-03-16,sure,0,-1,-1,0,0.0,0.0,0.0,True,381,0.0954053653049387,-1,-1,0.0,60,60,-0.35422483560656964,,-0.35422483560656964,0.00105929979749318,AUTO_KEEP
beta,beta_D,2024-03-17,sure,0,-1,-1,0,0.0,0.5152865,0.0,True,1176,0.07436200352136124,64,64,1.1259388651582107,47,48,0.7775732317107187,0.34836563344749205,1.1259388651582107,0.016537325787471177,AUTO_KEEP
beta,beta_D,2024-03-18,sure,0,-1,-1,0,0.0,0.054138,0.0,True,1176,0.10718678599963383,59,59,1.483877906017526,58,58,0.8020078606831014,0.6818700453344246,1.483877906017526,0.024631736952588006,AUTO_KEEP
beta,beta_D,2024-03-19,sure,0,-1,-1,0,0.0,0.073474,0.0,True,274,0.12503917747041537,42,42,0.9710352614599735,41,41,-0.2247758195328091,0.9710352614599735,0.9710352614599735,0.01361085817951014,AUTO_KEEP
beta,beta_D,2024-03-20,sure,0,-1,-1,0,0.0,0.0,0.0,True,1176,0.11543681357255631,-1,-1,0.0,63,63,-2.9786637586079956,,-2.9786637586079956,6.34178854430007e-05,AUTO_KEEP
beta,beta_D,2024-03-21,sure,0,-1,-1,0,0.0,1.8841075,0.0,True,601,0.10212318899909523,43,56,6.7730527367345195,42,42,0.8353649849345506,5.937687751799968,6.7730527367345195,0.3324360215057125,UNCERTAIN
beta,beta_D,2024-03-22,unsure,0,-1,-1,0,0.0,0.0,0.0,True,357,0.08947802997058574,-1,-1,0.0,44,44,-0.1035339227439732,,-0.1035339227439732,0.0018073699954388955,AUTO_KEEP
beta,beta_D,2024-03-23,unsure,0,-1,-1,0,0.0,2.1116245,0.0,True,1176,0.07490660368177604,47,59,5.298219588488633,65,65,-0.13899904144201553,5.298219588488633,5.298219588488633,0.22320984236450953,AUTO_KEEP
beta,beta_D,2024-03-24,unsure,0,-1,-1,0,0.0,0.2923615,0.0,True,291,0.05703630438306018,41,41,0.6233304714031624,40,40,-0.43518994819258755,0.6233304714031624,0.6233304714031624,0.008240588303159888,AUTO_KEEP
beta,beta_D,2024-03-25,unsure,0,-1,-1,0,0.0,0.6883575,0.0,True,281,0.11526364504532349,61,63,0.5462022543302971,53,59,0.04635523144845099,0.4998470228818461,0.5462022543302971,0.00726331498206203,AUTO_KEEP
beta,beta_D,2024-03-26,unsure,0,-1,-1,0,0.0,0.0,0.0,True,150,0.1153951600552654,-1,-1,0.0,63,63,0.0,,0.0,0.0023368835007845073,AUTO_KEEP
beta,beta_D,2024-03-27,unsure,0,-1,-1,0,0.0,1.6279855000000003,0.0,True,367,0.09900937730965964,53,63,6.241587465072101,64,64,-0.059358706493672246,6.241587465072101,6.241587465072101,0.2927050004600945,AUTO_KEEP
beta,beta_D,2024-03-28,sure,1,47,61,15,1.3593680000000001,0.0135635,0.0135635,True,366,0.08681229795139744,47,47,0.1504025338357492,61,61,-0.09547701891407752,0.1504025338357492,0.1504025338357492,0.0033668175030185953,AUTO_KEEP
beta,beta_D,2024-03-29,sure,0,-1,-1,0,0.0,0.0,0.0,True,412,0.10752059953617277,-1,-1,0.0,49,49,-2.7622671349999943,,-2.7622671349999943,7.339781177053262e-05,AUTO_KEEP
beta,beta_D,2024-03-30,sure,0,-1,-1,0,0.0,0.0,0.0,True,126,0.10578748416644412,-1,-1,0.0,37,37,-1.2024546720355422,,-1.2024546720355422,0.00029739677212455696,AUTO_KEEP
beta,beta_D,2024-03-31,unsure,0,-1,-1,0,0.0,8.406771500000001,0.0,True,1176,0.06813766687670819,41,66,7.994941583849671,40,40,-0.01756595922595179,7.994941583849671,7.994941583849671,0.42174398557762116,UNCERTAIN
beta,beta_D,2024-04-01,sure,0,-1,-1,0,0.0,0.0,0.0,True,126,0.08280940420290994,-1,-1,0.0,37,37,-1.242062429270697,,-1.242062429270697,0.00028386493222522024,AUTO_KEEP
beta,beta_D,2024-04-02,sure,0,-1,-1,0,0.0,0.699611,0.0,True,1176,0.08032511680503562,38,39,2.033555064295105,44,45,2.014249927911051,0.019305136384053956,2.033555064295105,0.040843624058512745,AUTO_KEEP
beta,beta_D,2024-04-03,unsure,0,-1,-1,0,0.0,0.0338565,0.0,True,351,0.10218274034467356,61,63,3.066175247022012,59,60,1.8480522609939969,1.2181229860280152,3.066175247022012,0.08388982485894035,AUTO_KEEP
beta,beta_D,2024-04-04,sure,0,-1,-1,0,0.0,0.0,0.0,True,1176,0.1147669595180969,-1,-1,0.0,53,53,-2.9518240355655023,,-2.9518240355655023,6.454966855005693e-05,AUTO_KEEP
beta,beta_D,2024-04-05,sure,0,-1,-1,0,0.0,0.0,0.0,True,1176,0.11108669768973467,-1,-1,0.0,51,51,-2.6467123972691233,,-2.6467123972691233,7.96321455364231e-05,AUTO_KEEP
beta,beta_D,2024-04-06,unsure,0,-1,-1,0,0.0,0.0,0.0,True,157,0.11004708927711926,-1,-1,0.0,39,39,-1.4655261121530556,,-1.4655261121530556,0.00022146281874047506,AUTO_KEEP
beta,beta_D,2024-04-07,sure,0,-1,-1,0,0.0,0.0,0.0,True,171,0.0768645097064331,-1,-1,0.0,37,37,-1.6445924836094539,,-1.6445924836094539,0.00018439028556849573,AUTO_KEEP
beta,beta_D,2024-04-08,unsure,0,-1,-1,0,0.0,0.9363320000000002,0.0,True,1176,0.06721417498220594,45,56,3.8687066483558428,41,42,1.3932997292630167,2.4754069190928263,3.8687066483558428,0.12787560537899442,AUTO_KEEP
beta,beta_D,2024-04-09,unsure,1,46,50,5,1.5937845000000002,0.48030749999999994,0.0,True,380,0.09422131869843486,56,61,1.945613321530185,51,54,1.9407450676337306,0.0048682538964544,1.945613321530185,0.037935731591689316,AUTO_KEEP
beta,beta_D,2024-04-10,unsure,0,-1,-1,0,0.0,1.411807,0.0,True,1176,0.0568230174008022,50,58,7.9269080961877085,37,37,0.8605594291464299,7.066348667041279,7.9269080961877085,0.4169125562058579,UNCERTAIN
beta,beta_D,2024-04-11,sure,1,45,52,8,5.6107145,0.0,0.0,True,104,0.09342386730666474,-1,-1,0.0,46,51,-0.6477235546035389,,-0.6477235546035389,0.0006346729173799866,AUTO_KEEP
beta,beta_D,2024-04-12,unsure,0,-1,-1,0,0.0,0.0,0.0,True,102,0.12544888303556156,-1,-1,0.0,33,33,-1.9929699883836176,,-1.9929699883836176,0.00013344466278552083,AUTO_KEEP
beta,beta_D,2024-04-13,unsure,0,-1,-1,0,0.0,0.0,0.0,True,111,0.06551362056851939,-1,-1,0.0,34,34,-1.273641031941167,,-1.273641031941167,0.0002736788583409163,AUTO_KEEP
beta,beta_D,2024-04-14,sure,0,-1,-1,0,0.0,0.0,0.0,True,100,0.06683691187218876,-1,-1,0.0,33,33,-1.0357155594038927,,-1.0357155594038927,0.0003653104016723505,AUTO_KEEP
beta,beta_D,2024-04-15,sure,0,-1,-1,0,0.0,0.0,0.0,True,169,0.05060971049820129,-1,-1,0.0,35,35,-1.065752306075578,,-1.065752306075578,0.00035159535158929404,AUTO_KEEP
beta,beta_D,2024-04-16,unsure,1,49,52,4,1.1261989999999997,0.140064,0.035016,True,373,0.0753654941984867,52,55,7.143214942204282,35,38,4.707437982664666,2.4357769595396164,7.143214942204282,0.3599451310254113,UNCERTAIN
beta,beta_D,2024-04-17,unsure,0,-1,-1,0,0.0,8.166247500000003,0.0,True,1176,0.0922985835964969,37,58,6.900201651167777,59,59,-0.04544236074997963,6.900201651167777,6.900201651167777,0.3419125222585561,UNCERTAIN
beta,beta_D,2024-04-18,unsure,0,-1,-1,0,0.0,0.0,0.0,True,306,0.08659323606562896,-1,-1,0.0,55,56,-0.27383322724629416,,-0.27383322724629416,0.0012428000398520239,AUTO_KEEP
beta,beta_D,2024-04-19,unsure,0,-1,-1,0,0.0,0.0,0.0,True,276,0.12180510750497842,-1,-1,0.0,52,52,-0.26479170068753755,,-0.26479170068753755,0.0012661237452512434,AUTO_KEEP
beta,beta_D,2024-04-20,sure,0,-1,-1,0,0.0,0.0,0.0,True,1176,0.09175810690130604,-1,-1,0.0,40,40,-2.906512332009193,,-2.906512332009193,6.652465235133505e-05,AUTO_KEEP
beta,beta_D,2024-04-21,unsure,0,-1,-1,0,0.0,0.2407175,0.0,True,1176,0.09276940746333562,56,60,1.3641289806481152,55,55,-0.1942753499641001,1.3641289806481152,1.3641289806481152,0.02171248878711001,AUTO_KEEP
beta,beta_D,2024-04-22,unsure,0,-1,-1,0,0.0,0.0391805,0.0,True,309,0.07704111857827911,55,55,2.4172612249475143,56,61,2.3084053997220773,0.10885582522543702,2.4172612249475143,0.05493907985408938,AUTO_KEEP
beta,beta_D,2024-04-23,sure,0,-1,-1,0,0.0,0.0,0.0,True,102,0.08099468681953059,-1,-1,0.0,34,34,-1.4099310071369715,,-1.4099310071369715,0.000235061571343941,AUTO_KEEP
beta,beta_D,2024-04-24,sure,0,-1,-1,0,0.0,0.0,0.0,True,381,0.08817370819913606,-1,-1,0.0,37,37,-0.10014906223167097,,-0.10014906223167097,0.0018219126715845147,AUTO_KEEP
beta,beta_D,2024-04-25,unsure,0,-1,-1,0,0.0,0.002833,0.0,True,268,0.08632954906105272,59,59,0.24753504302302395,57,57,0.08738089173470145,0.1601541512883225,0.24753504302302395,0.004157933863354449,AUTO_KEEP
beta,beta_D,2024-04-26,sure,0,-1,-1,0,0.0,0.0,0.0,True,255,0.08188629052343721,-1,-1,0.0,39,39,-0.7433258003929732,,-0.7433258003929732,0.0005477370393950784,AUTO_KEEP
beta,beta_D,2024-04-27,sure,0,-1,-1,0,0.0,0.0,0.0,True,133,0.08254367914707128,-1,-1,0.0,62,62,-1.6788688718450906,,-1.6788688718450906,0.00017828884414047207,AUTO_KEEP
beta,beta_D,2024-04-28,unsure,0,-1,-1,0,0.0,0.0,0.0,True,156,0.0990774283762641,-1,-1,0.0,35,35,-1.3187537759859025,,-1.3187537759859025,0.00025998415793637735,AUTO_KEEP
beta,beta_D,2024-04-29,unsure,0,-1,-1,0,0.0,0.0,0.0,True,202,0.07526634969875712,-1,-1,0.0,35,35,-0.40192214127950654,,-0.40192214127950654,0.0009677643233839252,AUTO_KEEP
beta,beta_D,2024-04-30,sure,0,-1,-1,0,0.0,0.0,0.0,True,1176,0.12700401567030184,-1,-1,0.0,55,55,-0.24995723617556886,,-0.24995723617556886,0.0013057202137608018,AUTO_KEEP
beta,beta_D,2024-05-01,sure,0,-1,-1,0,0.0,0.0,0.0,True,1176,0.11908195725189463,-1,-1,0.0,54,54,-2.454923454947207,,-2.454923454947207,9.170731194627886e-05,AUTO_KEEP
beta,beta_D,2024-05-02,sure,0,-1,-1,0,0.0,0.6199275,0.0,True,1176,0.11166570715650481,56,58,5.3721226608051,47,48,0.3842587941667709,4.987863866638329,5.3721226608051,0.22854067872278716,AUTO_KEEP
beta,beta_D,2024-05-03,sure,0,-1,-1,0,0.0,0.1535555,0.0,True,1176,0.08983211585534079,56,56,3.099979687091142,47,47,0.4098303231660154,2.6901493639251264,3.099979687091142,0.08556777527099181,AUTO_KEEP
beta,beta_D,2024-05-04,sure,0,-1,-1,0,0.0,2.909524,0.0,True,1176,0.09684906922895298,40,43,2.106704182654028,44,44,-0.3533962976375776,2.106704182654028,2.106704182654028,0.04335414303374251,AUTO_KEEP
beta,beta_D,2024-05-05,sure,0,-1,-1,0,0.0,0.0,0.0,True,1176,0.1263175774837868,-1,-1,0.0,49,49,-2.3581285057361616,,-2.3581285057361616,9.877667857301587e-05,AUTO_KEEP
beta,beta_D,2024-05-06,sure,0,-1,-1,0,0.0,0.0,0.0,True,1176,0.10214712896411093,-1,-1,0.0,42,42,-1.1357068294443358,,-1.1357068294443358,0.00032229663349055555,AUTO_KEEP
beta,beta_D,2024-05-07,sure,1,47,49,3,2.4630235,2.4998305,2.4114164999999996,True,1176,0.12577067337858683,48,53,3.5500301898583406,44,46,0.7000511378046748,2.8499790520536656,3.5500301898583406,0.1094088530696949,AUTO_KEEP
beta,beta_D,2024-05-08,sure,0,-1,-1,0,0.0,6.3311445,0.0,True,1176,0.13138218204532848,44,58,2.3331326149344145,43,43,-0.12092418591997567,2.3331326149344145,2.3331326149344145,0.0516530702531462,AUTO_KEEP
beta,beta_D,2024-05-09,unsure,0,-1,-1,0,0.0,1.4809275000000002,0.0,True,1176,0.14190195343932555,38,55,4.781166652669063,56,56,-0.11413668934249521,4.781166652669063,4.781166652669063,0.18680064825642026,AUTO_KEEP
beta,beta_D,2024-05-10,sure,0,-1,-1,0,0.0,0.66435,0.0,True,1176,0.12099461323436955,54,58,1.7975115615488786,53,53,-0.20717169633691146,1.7975115615488786,1.7975115615488786,0.03331033374652185,AUTO_KEEP
beta,beta_D,2024-05-11,sure,0,-1,-1,0,0.0,0.0,0.0,True,1176,0.1415387226723861,-1,-1,0.0,50,50,-3.050460558608215,,-3.050460558608215,6.0522033232888664e-05,AUTO_KEEP
beta,beta_D,2024-05-12,sure,0,-1,-1,0,0.0,0.0,0.0,True,1176,0.10251580157661788,-1,-1,0.0,49,49,-0.1605178151578727,,-0.1605178151578727,0.0015848812322043265,AUTO_KEEP
beta,beta_D,2024-05-13,sure,0,-1,-1,0,0.0,0.0,0.0,True,1176,0.10645851518489646,-1,-1,0.0,42,42,-0.5879054035327712,,-0.5879054035327712,0.0006990272433967166,AUTO_KEEP
beta,beta_D,2024-05-14,unsure,0,-1,-1,0,0.0,0.0,0.0,True,136,0.11454490259571326,-1,-1,0.0,36,36,-1.4760643824567365,,-1.4760643824567365,0.00021900843018587165,AUTO_KEEP
beta,beta_D,2024-05-15,unsure,0,-1,-1,0,0.0,0.0,0.0,True,196,0.1350500545112796,-1,-1,0.0,59,59,-0.011967971758790273,,-0.011967971758790273,0.0022655037310781124,AUTO_KEEP
beta,beta_D,2024-05-16,unsure,1,44,48,5,3.2838510000000003,0.14526,0.0,True,355,0.08409987609043679,41,42,3.8590204572107494,45,47,0.31108394710928045,3.547936510101469,3.8590204572107494,0.12729628434923262,AUTO_KEEP
beta,beta_D,2024-05-17,sure,0,-1,-1,0,0.0,0.0,0.0,True,276,0.10563990156607073,-1,-1,0.0,39,39,-0.8919540810232973,,-0.8919540810232973,0.0004423386638077553,AUTO_KEEP
beta,beta_D,2024-05-18,sure,0,-1,-1,0,0.0,0.0,0.0,True,1176,0.09978072053779341,-1,-1,0.0,42,42,-0.22120861516785315,,-0.22120861516785315,0.0013874737468137143,AUTO_KEEP
beta,beta_D,2024-05-19,unsure,0,-1,-1,0,0.0,0.109837,0.0,True,367,0.12879706067373276,46,46,3.0523637701079913,44,44,-0.25285892159350043,3.0523637701079913,3.0523637701079913,0.08320895288814917,AUTO_KEEP
beta,beta_D,2024-05-20,sure,0,-1,-1,0,0.0,0.0,0.0,True,1176,0.11691051157768317,-1,-1,0.0,46,47,-0.12140915140898013,,-0.12140915140898013,0.0017331704425039697,AUTO_KEEP
beta,beta_D,2024-05-21,sure,0,-1,-1,0,0.0,0.0,0.0,True,1176,0.14735398488132656,-1,-1,0.0,42,42,-0.5836342565960079,,-0.5836342565960079,0.0007039617644766045,AUTO_KEEP
beta,beta_D,2024-05-22,sure,0,-1,-1,0,0.0,0.0,0.0,True,186,0.14828958707695783,-1,-1,0.0,38,38,-1.3420383909853597,,-1.3420383909853597,0.00025328462809433115,AUTO_KEEP
beta,beta_D,2024-05-23,unsure,0,-1,-1,0,0.0,0.0,0.0,True,319,0.09411563429327252,-1,-1,0.0,45,45,-0.8042991595325445,,-0.8042991595325445,0.0005006947178146785,AUTO_KEEP
beta,beta_D,2024-05-24,unsure,0,-1,-1,0,0.0,0.0,0.0,True,272,0.14161369517792277,-1,-1,0.0,61,61,-0.32971732808137344,,-0.32971732808137344,0.0011110286057783056,AUTO_KEEP
beta,beta_D,2024-05-25,sure,0,-1,-1,0,0.0,0.0,0.0,True,1176,0.1224499288101697,-1,-1,0.0,52,52,-0.9075129346593803,,-0.9075129346593803,0.00043297518707320333,AUTO_KEEP
beta,beta_D,2024-05-26,unsure,0,-1,-1,0,0.0,0.0,0.0,True,262,0.0933350317996009,-1,-1,0.0,41,41,-1.2505701364348016,,-1.2505701364348016,0.0002810697711845362,AUTO_KEEP
beta,beta_D,2024-05-27,unsure,0,-1,-1,0,0.0,0.0,0.0,True,241,0.10314273109549443,-1,-1,0.0,58,58,-0.4766328871701386,,-0.4766328871701386,0.000845068755798414,AUTO_KEEP
beta,beta_D,2024-05-28,unsure,0,-1,-1,0,0.0,0.0,0.0,True,186,0.13194042772774894,-1,-1,0.0,38,38,-1.4309839275909577,,-1.4309839275909577,0.00022977960953526172,AUTO_KEEP
beta,beta_D,2024-05-29,unsure,0,-1,-1,0,0.0,0.0,0.0,True,211,0.11785251682887754,-1,-1,0.0,59,59,0.0,,0.0,0.0023368835007845073,AUTO_KEEP
beta,beta_D,2024-05-30,unsure,0,-1,-1,0,0.0,0.0037425,0.0,True,240,0.15485593087750082,58,58,0.02879459130390585,57,57,-0.008244413754459686,0.02879459130390585,0.02879459130390585,0.0025164013302080446,AUTO_KEEP
beta,beta_D,2024-05-31,sure,0,-1,-1,0,0.0,0.0,0.0,True,1176,0.14749830738377856,-1,-1,0.0,43,43,-3.5070535743897064,,-3.5070535743897064,4.578086687316452e-05,AUTO_KEEP
beta,beta_D,2024-06-01,sure,0,-1,-1,0,0.0,0.0,0.0,True,1176,0.12144511561139382,-1,-1,0.0,46,46,-3.479029091322903,,-3.479029091322903,4.653323372577213e-05,AUTO_KEEP
beta,beta_D,2024-06-02,sure,0,-1,-1,0,0.0,0.0,0.0,True,1176,0.10523451895253721,-1,-1,0.0,44,44,-1.5586517341886776,,-1.5586517341886776,0.000201014893479401,AUTO_KEEP
beta,beta_D,2024-06-03,unsure,0,-1,-1,0,0.0,0.5614055,0.0,True,1176,0.1445576906460726,43,45,1.6563342635074627,46,46,-0.03786592073073873,1.6563342635074627,1.6563342635074627,0.02921719549619295,AUTO_KEEP
beta,beta_D,2024-06-04,unsure,0,-1,-1,0,0.0,2.583042,0.0,True,1176,0.11234825769906376,53,54,0.4788121803587357,43,43,-0.05493633451202579,0.4788121803587357,0.4788121803587357,0.006469965781363904,AUTO_KEEP
beta,beta_D,2024-06-05,sure,0,-1,-1,0,0.0,1.9077715,0.0,True,1176,0.1612868321787957,46,50,2.008343147873279,42,42,-0.39115666099596713,2.008343147873279,2.008343147873279,0.03999765110413176,AUTO_KEEP
beta,beta_D,2024-06-06,sure,0,-1,-1,0,0.0,0.049905,0.0,True,289,0.14421907187777894,60,60,1.5182615131183113,61,61,-0.10294356202155697,1.5182615131183113,1.5182615131183113,0.025509855308015326,AUTO_KEEP
beta,beta_D,2024-06-07,unsure,0,-1,-1,0,0.0,0.0,0.0,True,1176,0.1525728615548685,-1,-1,0.0,59,59,-1.9203989059194797,,-1.9203989059194797,0.0001422845591184215,AUTO_KEEP
beta,beta_D,2024-06-08,sure,0,-1,-1,0,0.0,0.002821,0.0,True,1176,0.13890542079532509,57,58,0.030137095359747575,55,55,-0.007424820378735827,0.030137095359747575,0.030137095359747575,0.002524970694823794,AUTO_KEEP
beta,beta_D,2024-06-09,sure,0,-1,-1,0,0.0,2.3319505,0.0,True,1176,0.05574473857929663,49,55,3.7111445072648843,56,56,-0.003891310447816769,3.7111445072648843,3.7111445072648843,0.11858990568776427,AUTO_KEEP
beta,beta_D,2024-06-10,sure,0,-1,-1,0,0.0,1.21614,0.0,True,1176,0.09338787264109794,52,55,0.6736457518080945,56,56,-0.020168241564682228,0.6736457518080945,0.6736457518080945,0.008918816954369992,AUTO_KEEP
beta,beta_D,2024-06-11,sure,0,-1,-1,0,0.0,0.830362,0.0,True,1176,0.12439033798984322,48,48,0.32955409623188475,51,51,-0.11586579610175483,0.32955409623188475,0.32955409623188475,0.004907073539005834,AUTO_KEEP
beta,beta_D,2024-06-12,unsure,0,-1,-1,0,0.0,0.0204495,0.0,True,1176,0.1452658285725561,42,44,1.2363763917157018,41,41,0.258661128431909,0.9777152632837928,1.2363763917157018,0.01883353186868517,AUTO_KEEP
beta,beta_D,2024-06-13,unsure,1,43,50,8,1.9892789999999998,0.9596965,0.9596965,True,1176,0.11040708937894106,45,47,2.2600690798678897,43,43,-0.007794817977474398,2.2600690798678897,2.2600690798678897,0.048888136644191775,AUTO_KEEP
beta,beta_D,2024-06-14,sure,0,-1,-1,0,0.0,0.0,0.0,True,1176,0.15345057804449524,-1,-1,0.0,47,47,-3.046898739926415,,-3.046898739926415,6.0661338524546815e-05,AUTO_KEEP
beta,beta_D,2024-06-15,sure,0,-1,-1,0,0.0,0.0,0.0,True,1176,0.11416492414285573,-1,-1,0.0,51,51,-2.2877104169917155,,-2.2877104169917155,0.00010440132114820038,AUTO_KEEP
beta,beta_D,2024-06-16,unsure,0,-1,-1,0,0.0,0.0,0.0,True,358,0.11398080996946947,-1,-1,0.0,45,45,-2.571204396734632,,-2.571204396734632,8.410752418326815e-05,AUTO_KEEP
beta,beta_D,2024-06-17,sure,0,-1,-1,0,0.0,0.0,0.0,True,1176,0.1539999376598642,-1,-1,0.0,54,54,-2.2688826605143277,,-2.2688826605143277,0.00010598001372950096,AUTO_KEEP
beta,beta_D,2024-06-18,unsure,0,-1,-1,0,0.0,0.018872,0.0,True,1176,0.1439937992342788,44,45,5.84928624400912,51,53,5.342585339209257,0.506700904799863,5.84928624400912,0.26350228432174777,AUTO_KEEP
beta,beta_D,2024-06-19,unsure,0,-1,-1,0,0.0,0.0,0.0,True,281,0.14166843253226435,-1,-1,0.0,42,42,-1.3527188082868642,,-1.3527188082868642,0.0002502913365861261,AUTO_KEEP
beta,beta_D,2024-06-20,unsure,0,-1,-1,0,0.0,0.001073,0.0,True,1176,0.17259543842748837,56,56,0.362445100578455,54,55,0.031738536345883944,0.33070656423257105,0.362445100578455,0.005229005808626662,AUTO_KEEP
beta,beta_D,2024-06-21,sure,0,-1,-1,0,0.0,0.0083155,0.0,True,1176,0.11861867642866031,47,47,0.8429519712152385,48,48,0.12057805379626926,0.7223739174189692,0.8429519712152385,0.0114439403806726,AUTO_KEEP
beta,beta_D,2024-06-22,sure,0,-1,-1,0,0.0,0.0,0.0,False,0,,-1,-1,,-1,-1,,,,,UNCERTAIN
beta,beta_D,2024-06-23,sure,0,-1,-1,0,0.0,0.0,0.0,True,1176,0.12826416884720437,-1,-1,0.0,48,48,-2.282200181298876,,-2.282200181298876,0.00010485996569538774,AUTO_KEEP
beta,beta_D,2024-06-24,unsure,1,47,50,4,1.2343325000000003,1.7512500000000004,1.2343325000000003,True,1176,0.10753622831097864,45,56,4.399605148931796,57,57,-0.27700519465808765,4.399605148931796,4.399605148931796,0.16119231786227475,AUTO_KEEP
beta,beta_D,2024-06-25,unsure,0,-1,-1,0,0.0,0.0,0.0,True,309,0.13456505760260118,-1,-1,0.0,43,43,-0.0398019282088678,,-0.0398019282088678,0.0021107414361770556,AUTO_KEEP
beta,beta_D,2024-06-26,unsure,0,-1,-1,0,0.0,0.0,0.0,True,249,0.1532376373103279,-1,-1,0.0,60,60,-1.2043159310788734,,-1.2043159310788734,0.0002967411296000142,AUTO_KEEP
beta,beta_D,2024-06-27,unsure,0,-1,-1,0,0.0,0.0,0.0,True,237,0.10782346761887496,-1,-1,0.0,41,41,-1.2578731374353787,,-1.2578731374353787,0.0002787006700885212,AUTO_KEEP
beta,beta_D,2024-06-28,unsure,0,-1,-1,0,0.0,0.0,0.0,True,268,0.15110743782995062,-1,-1,0.0,42,42,-1.3839973286470464,,-1.3839973286470464,0.00024180158500268178,AUTO_KEEP
beta,beta_D,2024-06-29,unsure,0,-1,-1,0,0.0,0.0,0.0,True,1176,0.10140382569511086,-1,-1,0.0,49,49,-0.021286002987545766,,-0.021286002987545766,0.0022119980364008395,AUTO_KEEP
beta,beta_D,2024-06-30,sure,0,-1,-1,0,0.0,0.0,0.0,True,1176,0.11090821940816209,-1,-1,0.0,52,52,-2.426415070856996,,-2.426415070856996,9.371468854352728e-05,AUTO_KEEP
beta,beta_D,2024-07-01,sure,0,-1,-1,0,0.0,0.0,0.0,True,1176,0.1320682446405943,-1,-1,0.0,51,51,-0.07524311257345005,,-0.07524311257345005,0.0019340587872596195,AUTO_KEEP
beta,beta_D,2024-07-02,sure,0,-1,-1,0,0.0,0.0,0.0,True,1176,0.15054789913138666,-1,-1,0.0,53,53,-2.391291152085448,,-2.391291152085448,9.627237750490959e-05,AUTO_KEEP
beta,beta_D,2024-07-03,sure,0,-1,-1,0,0.0,0.0,0.0,True,1176,0.13157585274538874,-1,-1,0.0,47,47,-0.6723160871476391,,-0.6723160871476391,0.0006105835845333417,AUTO_KEEP
beta,beta_D,2024-07-04,unsure,0,-1,-1,0,0.0,0.252222,0.0,True,1176,0.12267639429089616,51,52,3.4264176733501635,49,49,1.1018328707337028,2.3245848026164606,3.4264176733501635,0.10258948345728142,AUTO_KEEP
beta,beta_D,2024-07-05,sure,0,-1,-1,0,0.0,0.0,0.0,True,1176,0.11678131517617274,-1,-1,0.0,59,59,-0.5280070081417728,,-0.5280070081417728,0.0007728684786270109,AUTO_KEEP
beta,beta_D,2024-07-06,sure,0,-1,-1,0,0.0,0.03004,0.0,True,1176,0.13416633141124912,50,51,0.1671044212965664,48,48,-0.05591879553961228,0.1671044212965664,0.1671044212965664,0.0034956155451802123,AUTO_KEEP
beta,beta_D,2024-07-07,sure,0,-1,-1,0,0.0,0.0,0.0,True,1176,0.09105179114544981,-1,-1,0.0,54,54,-2.2976681084734487,,-2.2976681084734487,0.00010357950100172994,AUTO_KEEP
beta,beta_D,2024-07-08,sure,0,-1,-1,0,0.0,0.0,0.0,True,1176,0.12939960473168188,-1,-1,0.0,59,59,-3.1987173562033053,,-3.1987173562033053,5.5095138786835926e-05,AUTO_KEEP
beta,beta_D,2024-07-09,sure,0,-1,-1,0,0.0,0.0,0.0,True,1176,0.1417860452950208,-1,-1,0.0,60,60,-1.1189942179419305,,-1.1189942179419305,0.00032898021295656204,AUTO_KEEP
beta,beta_D,2024-07-10,unsure,0,-1,-1,0,0.0,0.0,0.0,True,310,0.1148557290551846,-1,-1,0.0,59,59,-0.019261338202677194,,-0.019261338202677194,0.002223474390952731,AUTO_KEEP
beta,beta_D,2024-07-11,unsure,0,-1,-1,0,0.0,0.0,0.0,True,342,0.14000373668093236,-1,-1,0.0,41,41,-1.4219584306780049,,-1.4219584306780049,0.0002320237110352626,AUTO_KEEP
beta,beta_D,2024-07-12,unsure,0,-1,-1,0,0.0,0.282208,0.0,True,256,0.13211934876875464,42,42,0.08062886235526144,41,41,-0.9315720106752539,0.08062886235526144,0.08062886235526144,0.0028603741868669713,AUTO_KEEP
beta,beta_D,2024-07-13,unsure,0,-1,-1,0,0.0,1.7681094999999998,0.0,True,1176,0.16979280826921483,46,54,6.2051558356923255,44,44,0.38763101034485675,5.817524825347469,6.2051558356923255,0.2899835426181381,AUTO_KEEP
beta,beta_D,2024-07-14,sure,0,-1,-1,0,0.0,0.0,0.0,True,322,0.07834241177277601,-1,-1,0.0,44,44,-1.8310036697632386,,-1.8310036697632386,0.00015432609422848752,AUTO_KEEP
beta,beta_D,2024-07-15,sure,0,-1,-1,0,0.0,0.0,0.0,True,322,0.12727296700842494,-1,-1,0.0,44,44,-0.7046118581744648,,-0.7046118581744648,0.0005808277298298449,AUTO_KEEP
beta,beta_D,2024-07-16,sure,0,-1,-1,0,0.0,0.0,0.0,True,1176,0.1132550536164807,-1,-1,0.0,59,59,-2.6995798786961567,,-2.6995798786961567,7.669251379186852e-05,AUTO_KEEP
beta,beta_D,2024-07-17,unsure,0,-1,-1,0,0.0,0.0614455,0.0,True,1176,0.21110495837015097,48,48,1.378564515100235,49,49,-0.1186350590335735,1.378564515100235,1.378564515100235,0.02205301147789162,AUTO_KEEP
beta,beta_D,2024-07-18,unsure,1,48,58,11,10.2615615,4.9284810000000006,4.897128,True,1176,0.15220679523127423,42,54,11.98052066008343,56,59,0.7791891528504848,11.201331507232945,11.98052066008343,0.6554270333296303,UNCERTAIN
beta,beta_D,2024-07-19,unsure,0,-1,-1,0,0.0,0.0,0.0,True,315,0.1634878406117286,-1,-1,0.0,43,43,-1.177957358083355,,-1.177957358083355,0.00030621592917990336,AUTO_KEEP
beta,beta_D,2024-07-20,unsure,0,-1,-1,0,0.0,0.303748,0.0,True,1176,0.15627603738160722,44,47,4.053941417913121,43,43,-0.2424591429544338,4.053941417913121,4.053941417913121,0.13915982757367942,AUTO_KEEP
beta,beta_D,2024-07-21,unsure,0,-1,-1,0,0.0,0.0,0.0,True,288,0.14681959956264468,-1,-1,0.0,43,43,-1.5000703195544145,,-1.5000703195544145,0.0002135560455993874,AUTO_KEEP
beta,beta_D,2024-07-22,unsure,0,-1,-1,0,0.0,0.0,0.0,True,310,0.13951408660502995,-1,-1,0.0,57,57,-0.8613875302962904,,-0.8613875302962904,0.00046156610408861956,AUTO_KEEP
beta,beta_D,2024-07-23,unsure,0,-1,-1,0,0.0,0.0,0.0,True,208,0.15648554698946704,-1,-1,0.0,39,39,-2.420866313626204,,-2.420866313626204,9.41124449659052e-05,AUTO_KEEP
beta,beta_D,2024-07-24,unsure,0,-1,-1,0,0.0,0.0,0.0,True,181,0.12409228364227509,-1,-1,0.0,39,39,-1.7272984653538679,,-1.7272984653538679,0.00017013415396936737,AUTO_KEEP
beta,beta_D,2024-07-25,unsure,0,-1,-1,0,0.0,0.0,0.0,True,301,0.09945885613160677,-1,-1,0.0,40,40,-1.048771975642851,,-1.048771975642851,0.0003592594545523649,AUTO_KEEP
beta,beta_D,2024-07-26,unsure,0,-1,-1,0,0.0,0.0,0.0,True,345,0.11008689749376277,-1,-1,0.0,47,47,-1.1490244331052117,,-1.1490244331052117,0.0003171044323764722,AUTO_KEEP
beta,beta_D,2024-07-27,sure,0,-1,-1,0,0.0,0.0,0.0,True,1176,0.13581260225483138,-1,-1,0.0,44,44,-2.027850693714824,,-2.027850693714824,0.00012946475540635447,AUTO_KEEP
beta,beta_D,2024-07-28,unsure,0,-1,-1,0,0.0,0.0,0.0,True,301,0.11097985456892667,-1,-1,0.0,43,43,-1.2522351577359956,,-1.2522351577359956,0.0002805271934603543,AUTO_KEEP
beta,beta_D,2024-07-29,sure,0,-1,-1,0,0.0,0.184025,0.0,True,1176,0.15051439234051678,44,45,2.3560149446438032,43,43,-0.3352641431481964,2.3560149446438032,2.3560149446438032,0.05253601025578554,AUTO_KEEP
beta,beta_D,2024-07-30,unsure,0,-1,-1,0,0.0,0.092339,0.0,True,1176,0.16630692324975538,51,51,3.709583026259136,43,49,3.1084463592678704,0.6011366669912657,3.709583026259136,0.11849937680597906,AUTO_KEEP
beta,beta_D,2024-07-31,sure,0,-1,-1,0,0.0,0.0,0.0,True,1176,0.15128616486148339,-1,-1,0.0,50,50,-0.714270877457991,,-0.714270877457991,0.0005723183361712657,AUTO_KEEP
beta,beta_D,2024-08-01,sure,0,-1,-1,0,0.0,0.2369115,0.0,True,1176,0.14261308299907505,52,52,0.8399639229053661,45,45,-0.1611989424311518,0.8399639229053661,0.8399639229053661,0.011396063490198685,AUTO_KEEP
beta,beta_D,2024-08-02,sure,0,-1,-1,0,0.0,0.1352275,0.0,True,1176,0.1675777105247409,42,46,7.276656132009112,48,49,1.2832997337006344,5.993356398308478,7.276656132009112,0.36978890770815065,UNCERTAIN
beta,beta_D,2024-08-03,unsure,0,-1,-1,0,0.0,0.0,0.0,True,330,0.1534866877343477,-1,-1,0.0,58,58,-1.9561605041493069,,-1.9561605041493069,0.0001378304509205518,AUTO_KEEP
beta,beta_D,2024-08-04,sure,0,-1,-1,0,0.0,0.0,0.0,True,136,0.14207088131529133,-1,-1,0.0,39,39,-3.0589106673809865,,-3.0589106673809865,6.019330794284285e-05,AUTO_KEEP
beta,beta_D,2024-08-05,sure,0,-1,-1,0,0.0,2.0230105000000003,0.0,True,465,0.15877099999999977,51,52,0.20958788432922631,50,50,-0.7963065819943311,0.20958788432922631,0.20958788432922631,0.0038366897805144798,AUTO_KEEP
beta,beta_D,2024-08-06,unsure,0,-1,-1,0,0.0,0.0,0.0,True,240,0.14066582577617304,-1,-1,0.0,57,57,-0.004391096852850819,,-0.004391096852850819,0.0023103379184718593,AUTO_KEEP
beta,beta_D,2024-08-07,unsure,0,-1,-1,0,0.0,0.0,0.0,True,165,0.13262955711143576,-1,-1,0.0,38,38,-1.5402376805978684,,-1.5402376805978684,0.00020484466719277903,AUTO_KEEP
beta,beta_D,2024-08-08,unsure,0,-1,-1,0,0.0,0.0,0.0,True,175,0.18788519647651913,-1,-1,0.0,62,62,-0.6716952694428342,,-0.6716952694428342,0.0006111760176984615,AUTO_KEEP
beta,beta_D,2024-08-09,unsure,0,-1,-1,0,0.0,0.0397585,0.0,True,331,0.11350387430119113,42,45,0.10286430350916397,41,41,-0.003502897454250689,0.10286430350916397,0.10286430350916397,0.0030162873045242065,AUTO_KEEP
beta,beta_D,2024-08-10,sure,0,-1,-1,0,0.0,0.316539,0.0,True,1176,0.08051515033876289,56,58,5.848862748540746,43,44,1.3290296328844518,4.5198331156562945,5.848862748540746,0.26347092412841555,AUTO_KEEP
beta,beta_D,2024-08-11,unsure,0,-1,-1,0,0.0,0.0,0.0,True,378,0.12823278299085183,-1,-1,0.0,60,60,-0.5781256670244944,,-0.5781256670244944,0.0007103972908682021,AUTO_KEEP
beta,beta_D,2024-08-12,sure,0,-1,-1,0,0.0,0.0,0.0,True,1176,0.13612363002599137,-1,-1,0.0,54,54,-2.562570232926129,,-2.562570232926129,8.464125998340139e-05,AUTO_KEEP
beta,beta_D,2024-08-13,sure,0,-1,-1,0,0.0,3.038561,0.0,True,1176,0.15018739714601193,51,53,2.4504560292679645,54,54,-0.2447212204553153,2.4504560292679645,2.4504560292679645,0.05626568775450592,AUTO_KEEP
beta,beta_D,2024-08-14,sure,0,-1,-1,0,0.0,0.0,0.0,True,1176,0.134081437088176,-1,-1,0.0,41,41,-3.6323590410789546,,-3.6323590410789546,4.261474724855642e-05,AUTO_KEEP
beta,beta_D,2024-08-15,sure,0,-1,-1,0,0.0,0.0,0.0,True,1176,0.16788691180592474,-1,-1,0.0,52,52,-0.9349027640772596,,-0.9349027640772596,0.0004171459137780983,AUTO_KEEP
beta,beta_D,2024-08-16,sure,0,-1,-1,0,0.0,7.715550499999999,0.0,True,1176,0.10330652196047296,46,59,3.586349868450407,41,43,2.1818005398914324,1.4045493285589745,3.586349868450407,0.11145001289937674,AUTO_KEEP
beta,beta_D,2024-08-17,unsure,0,-1,-1,0,0.0,2.888238,0.0,True,1176,0.09946271564260822,43,59,9.749137275073773,42,42,0.8654254253571947,8.883711849716578,9.749137275073773,0.537432643503852,UNCERTAIN
beta,beta_D,2024-08-18,unsure,0,-1,-1,0,0.0,0.006786,0.0,True,1176,0.0978363456688629,42,44,0.6238227727113435,46,46,0.25472922173843404,0.3690935509729094,0.6238227727113435,0.008247067402987918,AUTO_KEEP
beta,beta_D,2024-08-19,unsure,0,-1,-1,0,0.0,0.0830935,0.0,True,336,0.09316352549893292,42,42,4.890747742390026,44,44,4.276175724561235,0.6145720178287908,4.890747742390026,0.19437024708705547,AUTO_KEEP
beta,beta_D,2024-08-20,unsure,0,-1,-1,0,0.0,0.0,0.0,True,106,0.12479768478975828,-1,-1,0.0,35,35,-1.5046951683608891,,-1.5046951683608891,0.0002125272296096762,AUTO_KEEP
beta,beta_D,2024-08-21,sure,1,46,53,8,1.0092465,0.9448255,0.9336855000000001,True,1176,0.12336249419520762,48,58,10.440416886257381,59,60,1.9992111116499665,8.441205774607415,10.440416886257381,0.5775936292008931,UNCERTAIN
beta,beta_D,2024-08-22,sure,1,49,54,6,2.3012205,2.9507389999999996,2.26097,True,493,0.1060179861927466,43,53,8.848884159747419,41,41,-0.26770858968105293,8.848884159747419,8.848884159747419,0.4803639289685546,UNCERTAIN
beta,beta_D,2024-08-23,sure,1,43,54,12,4.158259000000001,4.785108000000001,4.158259000000001,True,1176,0.11093775956927887,36,62,15.833099789004104,35,35,-2.0505310677734245,15.833099789004104,15.833099789004104,0.7895513320888535,AUTO_CORRECT
beta,beta_D,2024-08-24,sure,0,-1,-1,0,0.0,20.9926435,0.0,True,1176,0.14060170601980904,40,61,3.374659625594948,39,39,-0.5135249366914041,3.374659625594948,3.374659625594948,0.09979380891001494,AUTO_KEEP
beta,beta_D,2024-08-25,sure,0,-1,-1,0,0.0,0.0,0.0,True,1176,0.1046218373783665,-1,-1,0.0,54,54,-3.058800948561305,,-3.058800948561305,6.01975603767755e-05,AUTO_KEEP
beta,beta_D,2024-08-26,sure,1,46,54,9,3.9048419999999995,0.0,0.0,True,122,0.0915067470911648,-1,-1,0.0,53,53,-0.15262382149173442,,-0.15262382149173442,0.0016133601597685483,AUTO_KEEP
beta,beta_D,2024-08-27,sure,1,43,55,13,12.5391915,12.817131499999997,12.5391915,True,1176,0.10671165184658893,35,63,32.57873297779413,34,34,-1.571850638074309,32.57873297779413,32.57873297779413,0.957991424581873,AUTO_CORRECT
beta,beta_D,2024-08-28,sure,1,43,54,12,9.6429625,9.772486500000003,9.6429625,True,1176,0.08295080210491257,43,62,25.27092872755533,41,42,1.6075718414762568,23.66335688607907,25.27092872755533,0.9231214290553813,AUTO_CORRECT
beta,beta_D,2024-08-29,sure,1,42,55,14,12.675378,14.2681855,12.675378,True,1176,0.1152376021912831,35,63,29.53117501708295,64,64,-1.9477233306596713,29.53117501708295,29.53117501708295,0.9467634700717106,AUTO_CORRECT
beta,beta_D,2024-08-30,sure,1,45,52,8,5.697359500000001,0.0,0.0,True,112,0.10199917218015653,-1,-1,0.0,51,51,-0.9847072911897472,,-0.9847072911897472,0.0003903494656962681,AUTO_KEEP
beta,beta_D,2024-08-31,sure,1,47,50,4,0.721482,0.0,0.0,True,86,0.09121749585468342,-1,-1,0.0,33,33,-1.371869444127781,,-1.371869444127781,0.00024504542428330044,AUTO_KEEP
beta,beta_D,2024-09-01,unsure,0,-1,-1,0,0.0,0.0,0.0,True,103,0.13662020505027472,-1,-1,0.0,50,50,-0.8478949763010678,,-0.8478949763010678,0.0004704218189877416,AUTO_KEEP
beta,beta_D,2024-09-02,sure,1,43,55,13,12.415635000000002,12.1006265,12.097021500000002,True,451,0.11654117494812155,44,62,11.983283876548908,63,63,-0.004027268606392031,11.983283876548908,11.983283876548908,0.6555526557713335,UNCERTAIN
beta,beta_D,2024-09-03,sure,1,41,56,16,17.684725,18.4369725,17.684725,True,1176,0.09995541160768928,38,64,39.28583708470909,35,37,1.5852706651670019,37.700566419542085,39.28583708470909,0.9734780349871504,AUTO_CORRECT
beta,beta_D,2024-09-04,sure,1,42,56,15,14.744229500000001,15.394987500000001,14.744229500000001,True,1176,0.12811114507343913,38,64,33.66459128175791,35,35,-0.20564433415213687,33.66459128175791,33.66459128175791,0.9612141549978743,AUTO_CORRECT
beta,beta_D,2024-09-05,sure,1,42,55,14,14.563567499999998,14.877299499999998,14.563567499999998,True,1176,0.13450932131914461,38,63,36.904294490023084,34,34,-0.16692092042911924,36.904294490023084,36.904294490023084,0.9690411110735965,AUTO_CORRECT
beta,beta_D,2024-09-06,sure,1,44,54,11,10.333927000000003,0.0064305,0.0,True,451,0.11425671648877422,58,58,4.511178837885589,55,55,3.002245579951545,1.5089332579340438,4.511178837885589,0.16855120926955508,AUTO_KEEP
beta,beta_D,2024-09-07,unsure,0,-1,-1,0,0.0,0.0,0.0,True,110,0.07574247427357461,-1,-1,0.0,33,33,-1.5322066304997621,,-1.5322066304997621,0.00020654659572399362,AUTO_KEEP
beta,beta_D,2024-09-08,unsure,0,-1,-1,0,0.0,0.0,0.0,True,1176,0.06202082766669559,-1,-1,0.0,45,45,-0.780716883220996,,-0.780716883220996,0.0005182008086668261,AUTO_KEEP
beta,beta_D,2024-09-09,sure,1,39,56,18,4.8168995,5.244151999999999,4.8168995,True,1176,0.12991901599211886,37,63,18.199461342194244,36,36,2.426598586491006,15.772862755703239,18.199461342194244,0.8410404599676425,AUTO_CORRECT
beta,beta_D,2024-09-10,sure,1,42,55,14,8.5044795,8.5293785,8.5044795,True,1176,0.1262711693597156,34,57,22.058127456518772,60,62,0.6701090862189207,21.38801837029985,22.058127456518772,0.8951646268262121,AUTO_CORRECT
beta,beta_D,2024-09-11,sure,1,42,55,14,13.319476,13.458184,13.319476,True,1176,0.10197270232334699,34,59,37.9866055287047,60,60,0.32183677018918205,37.66476875851552,37.9866055287047,0.9711739654474981,AUTO_CORRECT
beta,beta_D,2024-09-12,unsure,0,-1,-1,0,0.0,0.0852805,0.0,True,1176,0.07525434659022157,52,52,3.7247234292545164,42,46,0.9142360185708458,2.8104874106836704,3.7247234292545164,0.11937841688404909,AUTO_KEEP
beta,beta_D,2024-09-13,unsure,0,-1,-1,0,0.0,0.450838,0.0,True,1176,0.09753497327253635,59,60,1.5636769169414821,56,56,-0.3381364581612798,1.5636769169414821,1.5636769169414821,0.026697200670695042,AUTO_KEEP
beta,beta_D,2024-09-14,unsure,1,48,52,5,1.116629,1.0815774999999999,1.0815774999999999,True,117,0.10726352553645313,49,51,0.12366931681062704,65,65,-2.201241742790319,0.12366931681062704,0.12366931681062704,0.003166791489843989,AUTO_KEEP
beta,beta_D,2024-09-15,unsure,0,-1,-1,0,0.0,0.107232,0.0,True,1176,0.08513270790476524,38,39,3.063911226965713,35,36,2.2145787257246012,0.8493325012411117,3.063911226965713,0.08377802745274772,AUTO_KEEP
beta,beta_D,2024-09-16,sure,1,42,57,16,15.4794755,16.0580955,15.4794755,True,1176,0.08994236076344508,38,64,36.24063660023915,34,34,-0.18442813103160335,36.24063660023915,36.24063660023915,0.9676257593556011,AUTO_CORRECT
beta,beta_D,2024-09-17,sure,1,41,54,14,15.088373,15.147975500000001,15.063228500000001,True,486,0.0882838187748951,35,53,14.825643977746909,34,34,-0.043968777223062326,14.825643977746909,14.825643977746909,0.7615015748149706,AUTO_CORRECT
beta,beta_D,2024-09-18,sure,1,41,57,17,21.0170575,22.106679500000002,21.0170575,True,1176,0.09919343507309719,36,64,43.270536135696815,33,33,-0.3294213700721197,43.270536135696815,43.270536135696815,0.9791515292965531,AUTO_CORRECT
beta,beta_D,2024-09-19,sure,1,39,57,19,20.051989499999998,20.436629000000003,20.051989499999998,True,1176,0.09521700016789802,32,64,46.01861580083406,31,31,-1.358741452629415,46.01861580083406,46.01861580083406,0.9821335376213113,AUTO_CORRECT
beta,beta_D,2024-09-20,sure,1,38,56,19,21.715664500000003,22.266649500000007,21.715664500000003,True,1176,0.1236887016579371,36,64,49.34020631601501,32,32,-0.2839440570490293,49.34020631601501,49.34020631601501,0.9850090003285122,AUTO_CORRECT
beta,beta_D,2024-09-21,sure,1,44,56,13,11.992907999999998,11.614257499999999,11.599482499999999,True,423,0.11285410192249046,45,62,7.616941600488628,63,63,-0.011215205070526736,7.616941600488628,7.616941600488628,0.39464666487475797,UNCERTAIN
beta,beta_D,2024-09-22,sure,1,44,54,11,9.114010500000001,0.0,0.0,True,101,0.06818604936706496,-1,-1,0.0,53,53,-1.0650256150003947,,-1.0650256150003947,0.0003519186924539637,AUTO_KEEP
beta,beta_D,2024-09-23,sure,1,39,56,18,19.887723,20.2117915,19.887723,True,1176,0.1054988179334635,32,63,46.932534867706636,31,31,-1.3562719238258303,46.932534867706636,46.932534867706636,0.9829952934457399,AUTO_CORRECT
beta,beta_D,2024-09-24,unsure,0,-1,-1,0,0.0,2.131748,0.0,True,1176,0.09585202221124778,39,49,10.89436347744797,35,35,2.1698681809256284,8.724495296522342,10.89436347744797,0.6021903162442033,UNCERTAIN
beta,beta_D,2024-09-25,sure,0,-1,-1,0,0.0,3.9829875,0.0,True,1176,0.09999076291561249,52,62,9.601559113042903,46,46,-0.2822838956510927,9.601559113042903,9.601559113042903,0.5284395500816549,UNCERTAIN
beta,beta_D,2024-09-26,sure,0,-1,-1,0,0.0,0.0,0.0,True,1176,0.10070103657601948,-1,-1,0.0,59,59,-3.7885939962757758,,-3.7885939962757758,3.9076159350595365e-05,AUTO_KEEP
beta,beta_D,2024-09-27,unsure,0,-1,-1,0,0.0,0.2842965,0.0,True,1176,0.08920617021092436,44,47,1.6788456833667673,48,48,0.9444331533433076,0.7344125300234597,1.6788456833667673,0.029849294039624445,AUTO_KEEP
beta,beta_D,2024-09-28,unsure,0,-1,-1,0,0.0,10.140365000000003,0.0,True,1176,0.10198274243510763,37,57,3.5584557156750716,58,58,-0.36260111773703463,3.5584557156750716,3.5584557156750716,0.10988086671638371,AUTO_KEEP
beta,beta_D,2024-09-29,sure,0,-1,-1,0,0.0,10.968155999999999,0.0,True,1176,0.07170407408045776,39,52,10.165686397914286,38,38,-0.48496050820291825,10.165686397914286,10.165686397914286,0.5620229576093501,UNCERTAIN
beta,beta_D,2024-09-30,sure,0,-1,-1,0,0.0,1.311401,0.0,True,1176,0.09179609317529724,54,57,5.623243049788704,40,43,4.0839517322127,1.5392913175760041,5.623243049788704,0.24683738673707023,AUTO_KEEP
beta,beta_E,2023-10-01,sure,0,-1,-1,0,0.0,0.0,0.0,True,1176,0.35292581172733595,-1,-1,0.0,49,49,-2.834754194679277,,-2.834754194679277,0.000689505370757223,AUTO_KEEP
beta,beta_E,2023-10-02,sure,0,-1,-1,0,0.0,0.367673,0.0,True,1176,0.3856044764880959,52,53,1.2142479239578803,50,50,-0.6423013551282384,1.2142479239578803,1.2142479239578803,0.05380525350381506,AUTO_KEEP
beta,beta_E,2023-10-03,sure,0,-1,-1,0,0.0,0.0,0.0,True,1176,0.3834145713255497,-1,-1,0.0,43,43,-2.8827418478454336,,-2.8827418478454336,0.0006720562014701798,AUTO_KEEP
beta,beta_E,2023-10-04,sure,0,-1,-1,0,0.0,0.0,0.0,True,1176,0.3393341102089149,-1,-1,0.0,47,47,-0.5255531683981007,,-0.5255531683981007,0.00459710170483832,AUTO_KEEP
beta,beta_E,2023-10-05,unsure,1,44,58,15,4.829665,5.828029,4.829665,True,1176,0.2351078917176288,43,61,23.52571031443227,41,41,-2.288196141638163,23.52571031443227,23.52571031443227,0.8902103162524545,AUTO_CORRECT
beta,beta_E,2023-10-06,unsure,1,46,53,8,1.2601425000000002,1.8228315,0.9084614999999999,True,1176,0.3051214234848141,48,59,17.446476890802334,60,60,-1.0053637597834484,17.446476890802334,17.446476890802334,0.8183762755595428,AUTO_CORRECT
beta,beta_E,2023-10-07,unsure,1,49,55,7,1.397373,2.1549645,1.397373,True,1176,0.300664436612867,49,60,8.624033315930928,48,48,-0.9514879969633729,8.624033315930928,8.624033315930928,0.5407813735992764,UNCERTAIN
beta,beta_E,2023-10-08,unsure,1,47,55,9,1.9828025000000002,3.349276,1.9828025000000002,True,1176,0.20387036516996382,46,60,16.455112786331235,44,44,-1.2798546315590673,16.455112786331235,16.455112786331235,0.8008236019994075,AUTO_CORRECT
beta,beta_E,2023-10-09,unsure,1,45,58,14,3.681749,4.593966,3.681749,True,1176,0.3437914668776578,45,62,24.5484919850436,63,63,-2.031269382888153,24.5484919850436,24.5484919850436,0.8981794734864024,AUTO_CORRECT
beta,beta_E,2023-10-10,unsure,0,-1,-1,0,0.0,0.7393339999999999,0.0,True,1176,0.3567108837831956,51,55,7.947714494241182,47,47,-0.8043444210122365,7.947714494241182,7.947714494241182,0.5033005725561847,UNCERTAIN
beta,beta_E,2023-10-11,unsure,1,49,60,12,2.9313409999999998,2.4311755,2.4311755,True,1176,0.3358131751656277,51,60,13.887084629788104,45,47,2.8269269340557,11.060157695732403,13.887084629788104,0.7433060339838485,AUTO_CORRECT
beta,beta_E,2023-10-12,unsure,0,-1,-1,0,0.0,1.3663865000000002,0.0,True,1176,0.317396937574955,45,56,3.815008488927491,44,44,-1.5562618768915983,3.815008488927491,3.815008488927491,0.2201384529507193,AUTO_KEEP
beta,beta_E,2023-10-13,unsure,1,44,55,11,2.58246,4.233598,2.58246,True,1176,0.3403220805399547,44,61,25.415828481898934,63,63,-2.1191109407551374,25.415828481898934,25.415828481898934,0.9043062985357179,AUTO_CORRECT
beta,beta_E,2023-10-14,unsure,1,46,55,10,1.3197485,1.918326,1.3197485,True,1176,0.2729397808836991,44,56,7.648066331667423,57,57,-1.2336656143495417,7.648066331667423,7.648066331667423,0.4857408949126282,UNCERTAIN
beta,beta_E,2023-10-15,unsure,0,-1,-1,0,0.0,2.2279975,0.0,True,1176,0.3604635560468248,45,59,3.437666168840689,44,44,-2.4361225006383096,3.437666168840689,3.437666168840689,0.19260362570074205,AUTO_KEEP
beta,beta_E,2023-10-16,sure,0,-1,-1,0,0.0,1.3259465000000001,0.0,True,1176,0.3279901494809696,47,51,2.089369223261026,53,54,0.27298715225414616,1.8163820710068799,2.089369223261026,0.10154757973679297,AUTO_KEEP
beta,beta_E,2023-10-17,sure,0,-1,-1,0,0.0,9.5611395,0.0,True,1176,0.295218495226651,45,62,9.10738441004484,44,44,-0.7406358277975055,9.10738441004484,9.10738441004484,0.565756430764835,UNCERTAIN
beta,beta_E,2023-10-18,unsure,1,45,62,18,5.175553000000001,5.0531310000000005,5.0531310000000005,True,1176,0.2302439447191693,45,61,30.80181987663765,42,43,-0.21950925999507467,30.80181987663765,30.80181987663765,0.9326883147960271,AUTO_CORRECT
beta,beta_E,2023-10-19,unsure,0,-1,-1,0,0.0,1.0586445,0.0,True,1176,0.2725182049615382,54,60,8.110479259399126,61,61,-0.7183585852918224,8.110479259399126,8.110479259399126,0.5125933152219415,UNCERTAIN
beta,beta_E,2023-10-20,unsure,0,-1,-1,0,0.0,2.1551339999999994,0.0,True,1176,0.31610139287531247,45,59,16.537886663859716,43,43,-1.7211294502877486,16.537886663859716,16.537886663859716,0.8023754158296557,AUTO_CORRECT
beta,beta_E,2023-10-21,unsure,0,-1,-1,0,0.0,1.7769665000000003,0.0,True,1176,0.2697394861910567,44,57,5.112182080293966,59,59,-0.7411993398781687,5.112182080293966,5.112182080293966,0.3158621372779227,UNCERTAIN
beta,beta_E,2023-10-22,unsure,0,-1,-1,0,0.0,1.169944,0.0,True,1176,0.23112641918945087,47,56,3.4774849452950725,46,46,-1.5896213773182317,3.4774849452950725,3.4774849452950725,0.19548497509821275,AUTO_KEEP
beta,beta_E,2023-10-23,unsure,1,46,59,14,2.5496279999999993,2.9410439999999998,2.5496279999999993,True,1176,0.2951821761076223,44,60,25.124220266375534,61,61,-1.0273486719528393,25.124220266375534,25.124220266375534,0.9023066179902343,AUTO_CORRECT
beta,beta_E,2023-10-24,unsure,1,43,55,13,1.7367205000000003,1.7192090000000002,1.3218870000000003,True,1176,0.23118922703991718,46,59,18.746189984439546,44,44,-1.843216163920767,18.746189984439546,18.746189984439546,0.8383248099021435,AUTO_CORRECT
beta,beta_E,2023-10-25,unsure,1,48,61,14,3.6494194999999996,4.1722045,3.6494194999999996,True,1176,0.3369102516870637,45,61,26.771011986672555,62,62,-1.962414276301841,26.771011986672555,26.771011986672555,0.91287079407736,AUTO_CORRECT
beta,beta_E,2023-10-26,sure,0,-1,-1,0,0.0,0.0,0.0,True,1176,0.32015485579545455,-1,-1,0.0,47,47,-2.3059611367114656,,-2.3059611367114656,0.0009361357825516869,AUTO_KEEP
beta,beta_E,2023-10-27,sure,0,-1,-1,0,0.0,0.8596905,0.0,True,1176,0.49345210284964924,44,44,0.3633218212998746,62,62,-0.7313211022725892,0.3633218212998746,0.3633218212998746,0.02048476751277521,AUTO_KEEP
beta,beta_E,2023-10-28,unsure,1,55,60,6,1.4902035,2.602035,1.4902035,True,1176,0.2603431893709063,53,63,5.725580139904638,50,50,-1.3762423632425873,5.725580139904638,5.725580139904638,0.3599443252764061,UNCERTAIN
beta,beta_E,2023-10-29,unsure,1,48,58,11,2.5762625000000003,3.586268,2.5762625000000003,True,1176,0.2519139771603349,44,60,22.854779750434375,62,62,-1.2830150399010996,22.854779750434375,22.854779750434375,0.88449288041703,AUTO_CORRECT
beta,beta_E,2023-10-30,unsure,0,-1,-1,0,0.0,1.535519,0.0,True,1176,0.32369831095125257,44,56,13.403760586011428,57,57,-1.0836744574397774,13.403760586011428,13.403760586011428,0.7301040165785633,AUTO_CORRECT
beta,beta_E,2023-10-31,unsure,0,-1,-1,0,0.0,4.5497274999999995,0.0,True,1176,0.25727624403263416,43,60,13.533606850475596,61,61,-1.9881176819923359,13.533606850475596,13.533606850475596,0.7337358393974805,AUTO_CORRECT
beta,beta_E,2023-11-01,sure,0,-1,-1,0,0.0,2.9707044999999996,0.0,True,1176,0.35520963588679066,54,59,3.0103259725893508,48,52,1.9257610842457953,1.0845648883435555,3.0103259725893508,0.16218996273499015,AUTO_KEEP
beta,beta_E,2023-11-02,unsure,0,-1,-1,0,0.0,1.4380245,0.0,True,1176,0.2657465942554662,54,62,13.83929174992165,41,48,6.943266031277277,6.896025718644372,13.83929174992165,0.7420385777386846,AUTO_CORRECT
beta,beta_E,2023-11-03,sure,0,-1,-1,0,0.0,1.4855710000000002,0.0,True,1176,0.27194771594794087,51,61,6.848187562965989,44,44,-0.942620658629424,6.848187562965989,6.848187562965989,0.436045748074393,UNCERTAIN
beta,beta_E,2023-11-04,sure,0,-1,-1,0,0.0,0.0,0.0,True,1176,0.2965799294039293,-1,-1,0.0,62,62,-0.7076672989489485,,-0.7076672989489485,0.003646572047168801,AUTO_KEEP
beta,beta_E,2023-11-05,sure,0,-1,-1,0,0.0,0.0,0.0,True,1176,0.3280276522505279,-1,-1,0.0,59,59,-2.8059866139038565,,-2.8059866139038565,0.0007002900815680273,AUTO_KEEP
beta,beta_E,2023-11-06,sure,0,-1,-1,0,0.0,0.8555789999999999,0.0,True,1176,0.318766633783941,41,45,3.462600090090875,53,55,1.5737537362163523,1.8888463538745226,3.462600090090875,0.19440709573409914,AUTO_KEEP
beta,beta_E,2023-11-07,unsure,1,50,59,10,1.9411634999999998,2.2488195,1.9411634999999998,True,1176,0.2926661555742536,47,59,19.203234198050723,43,44,3.243180969398331,15.960053228652392,19.203234198050723,0.8446197501572068,AUTO_CORRECT
beta,beta_E,2023-11-08,sure,0,-1,-1,0,0.0,1.0768685,0.0,True,1176,0.2655554510281384,43,51,4.765317737102196,59,60,3.5287852901631025,1.2365324469390933,4.765317737102196,0.2904182812311795,AUTO_KEEP
beta,beta_E,2023-11-09,unsure,0,-1,-1,0,0.0,2.0363245,0.0,True,1176,0.32522695743007013,50,58,7.717201454596781,48,48,-0.8210553477088459,7.717201454596781,7.717201454596781,0.48984413048707576,UNCERTAIN
beta,beta_E,2023-11-10,unsure,1,47,58,12,2.3106695000000004,3.060004,2.3106695000000004,True,1176,0.14748048804778513,44,60,22.287091811066382,43,43,-0.8956947874964838,22.287091811066382,22.287091811066382,0.8793199147371857,AUTO_CORRECT
beta,beta_E,2023-11-11,unsure,0,-1,-1,0,0.0,0.0,0.0,True,1176,0.3174572273781777,-1,-1,0.0,59,59,-1.7294833560812237,,-1.7294833560812237,0.0013892461987440512,AUTO_KEEP
beta,beta_E,2023-11-12,sure,0,-1,-1,0,0.0,0.0,0.0,True,1176,0.30168245051948084,-1,-1,0.0,53,53,-1.2806379793739517,,-1.2806379793739517,0.0020111061672445137,AUTO_KEEP
beta,beta_E,2023-11-13,sure,0,-1,-1,0,0.0,0.0,0.0,True,1176,0.21649265424913633,-1,-1,0.0,61,63,-0.13268556352342803,,-0.13268556352342803,0.00846282226417827,AUTO_KEEP
beta,beta_E,2023-11-14,unsure,1,45,58,14,2.855484,3.1239429999999997,2.855484,True,1176,0.2912941861251799,45,60,30.71302508639048,42,42,-1.5907077437764106,30.71302508639048,30.71302508639048,0.9323253607468673,AUTO_CORRECT
beta,beta_E,2023-11-15,sure,0,-1,-1,0,0.0,0.0,0.0,True,1176,0.28349970683866754,-1,-1,0.0,46,46,-0.5825954347728842,,-0.5825954347728842,0.004263319273090432,AUTO_KEEP
beta,beta_E,2023-11-16,unsure,0,-1,-1,0,0.0,1.2955780000000003,0.0,True,1176,0.287929494091415,47,58,14.966020744646762,43,43,1.286299784313075,13.679720960333688,14.966020744646762,0.7698625422648668,AUTO_CORRECT
beta,beta_E,2023-11-17,unsure,0,-1,-1,0,0.0,1.228466,0.0,True,1176,0.2436032217996491,56,62,14.113623810865551,49,52,1.3294552407521032,12.784168570113447,14.113623810865551,0.7492042110573257,AUTO_CORRECT
beta,beta_E,2023-11-18,unsure,1,45,61,17,4.7310715000000005,4.2683655,4.105143,True,1176,0.1979544291487496,48,62,27.681716270290952,43,45,3.1256588592689343,24.556057411022017,27.681716270290952,0.918020747731069,AUTO_CORRECT
beta,beta_E,2023-11-19,unsure,1,44,58,15,2.603739999999999,2.844014,2.603739999999999,True,1176,0.1748938340500077,43,59,23.802910273851115,61,61,-1.7665563872883348,23.802910273851115,23.802910273851115,0.892455496705597,AUTO_CORRECT
beta,beta_E,2023-11-20,sure,0,-1,-1,0,0.0,0.0,0.0,True,1176,0.3210952551431081,-1,-1,0.0,51,51,-2.8050212808807515,,-2.8050212808807515,0.0007006563086699695,AUTO_KEEP
beta,beta_E,2023-11-21,sure,0,-1,-1,0,0.0,0.16752,0.0,True,1176,0.25560877882226496,60,60,1.5067055227207113,55,57,0.3603970569737577,1.1463084657469538,1.5067055227207113,0.06842055873467516,AUTO_KEEP
beta,beta_E,2023-11-22,sure,0,-1,-1,0,0.0,1.7413985,0.0,True,1176,0.28602081185578854,44,54,9.673391397314218,55,55,-1.4159463950609452,9.673391397314218,9.673391397314218,0.5931348076695583,UNCERTAIN
beta,beta_E,2023-11-23,sure,0,-1,-1,0,0.0,0.6275795,0.0,True,1176,0.2719255986026168,56,58,4.238407451092689,44,45,-0.31422375554546816,4.238407451092689,4.238407451092689,0.2514241737144967,AUTO_KEEP
beta,beta_E,2023-11-24,sure,0,-1,-1,0,0.0,0.0,0.0,True,1176,0.2310609991314969,-1,-1,0.0,42,42,-1.2009173141031393,,-1.2009173141031393,0.002163913290090353,AUTO_KEEP
beta,beta_E,2023-11-25,sure,0,-1,-1,0,0.0,0.0,0.0,True,1176,0.17560568875816163,-1,-1,0.0,61,61,-2.912830953556382,,-2.912830953556382,0.0006614476240438636,AUTO_KEEP
beta,beta_E,2023-11-26,sure,0,-1,-1,0,0.0,0.0,0.0,True,1176,0.25796901325489685,-1,-1,0.0,62,62,-1.046639848421492,,-1.046639848421492,0.0025129613343892994,AUTO_KEEP
beta,beta_E,2023-11-27,sure,0,-1,-1,0,0.0,0.0,0.0,True,1176,0.2509836755032646,-1,-1,0.0,52,52,-1.198118453953883,,-1.198118453953883,0.0021695876735883675,AUTO_KEEP
beta,beta_E,2023-11-28,sure,0,-1,-1,0,0.0,0.0,0.0,True,1176,0.21685927050686615,-1,-1,0.0,62,62,-1.6740572555632616,,-1.6740572555632616,0.001449204521988529,AUTO_KEEP
beta,beta_E,2023-11-29,sure,0,-1,-1,0,0.0,0.664345,0.0,True,1176,0.3183181815435052,47,47,0.2185386997887878,59,59,-0.2541822786632761,0.2185386997887878,0.2185386997887878,0.016319518235554564,AUTO_KEEP
beta,beta_E,2023-11-30,sure,0,-1,-1,0,0.0,0.0,0.0,True,1176,0.3117267940948061,-1,-1,0.0,60,60,-1.0212756614961884,,-1.0212756614961884,0.0025782660781263375,AUTO_KEEP
beta,beta_E,2023-12-01,sure,0,-1,-1,0,0.0,1.967004,0.0,True,1176,0.2909884884099032,43,51,9.48645087600054,59,61,-0.6372088603847145,9.48645087600054,9.48645087600054,0.5843108595907447,UNCERTAIN
beta,beta_E,2023-12-02,sure,0,-1,-1,0,0.0,0.0,0.0,True,1176,0.20174673859938874,-1,-1,0.0,55,55,-1.847077200177993,,-1.847077200177993,0.001273639744425312,AUTO_KEEP
beta,beta_E,2023-12-03,sure,0,-1,-1,0,0.0,1.2953989999999997,0.0,True,1176,0.23133204490332382,45,57,7.1117982768974315,44,44,-1.4480975598689731,7.1117982768974315,7.1117982768974315,0.4528687022176395,UNCERTAIN
beta,beta_E,2023-12-04,sure,0,-1,-1,0,0.0,1.9398654999999998,0.0,True,1176,0.2522518406984364,52,61,10.19375414442412,49,49,0.3356660211206626,9.858088123303459,10.19375414442412,0.6165948986051742,UNCERTAIN
beta,beta_E,2023-12-05,sure,0,-1,-1,0,0.0,2.5458939999999997,0.0,True,1176,0.31080215382842535,43,57,3.5545923536689443,42,42,-1.6401030887965573,3.5545923536689443,3.5545923536689443,0.20108296356404998,AUTO_KEEP
beta,beta_E,2023-12-06,sure,0,-1,-1,0,0.0,0.0,0.0,True,1176,0.3237015354304038,-1,-1,0.0,60,60,-1.7136699236883264,,-1.7136699236883264,0.0014059716633687948,AUTO_KEEP
beta,beta_E,2023-12-07,sure,0,-1,-1,0,0.0,0.0,0.0,True,1176,0.23540726823142677,-1,-1,0.0,56,56,-0.9619209255490693,,-0.9619209255490693,0.0027412845116341227,AUTO_KEEP
beta,beta_E,2023-12-08,sure,0,-1,-1,0,0.0,0.0,0.0,True,1176,0.23408471672932585,-1,-1,0.0,45,45,-2.461685885148589,,-2.461685885148589,0.0008514243374574781,AUTO_KEEP
beta,beta_E,2023-12-09,sure,0,-1,-1,0,0.0,0.0,0.0,True,1176,0.1946125302218933,-1,-1,0.0,55,55,-2.4961583199921096,,-2.4961583199921096,0.0008342142800321804,AUTO_KEEP
beta,beta_E,2023-12-10,sure,0,-1,-1,0,0.0,0.0,0.0,True,1176,0.32643752077411214,-1,-1,0.0,58,58,-1.9615484344297343,,-1.9615484344297343,0.0011743032880431865,AUTO_KEEP
beta,beta_E,2023-12-11,sure,0,-1,-1,0,0.0,0.0,0.0,True,1176,0.21979123302315262,-1,-1,0.0,46,46,-2.295588351356977,,-2.295588351356977,0.0009422173541125069,AUTO_KEEP
beta,beta_E,2023-12-12,sure,0,-1,-1,0,0.0,0.0,0.0,True,1176,0.1663258391631448,-1,-1,0.0,46,46,-1.8402980066109307,,-1.8402980066109307,0.001279909537102646,AUTO_KEEP
beta,beta_E,2023-12-13,sure,0,-1,-1,0,0.0,0.0,0.0,True,1176,0.1589109999999998,-1,-1,0.0,52,52,-1.3676399831008523,,-1.3676399831008523,0.0018619359564153335,AUTO_KEEP
beta,beta_E,2023-12-14,sure,0,-1,-1,0,0.0,0.0,0.0,True,1176,0.19892305105781105,-1,-1,0.0,61,61,-2.6155510438005383,,-2.6155510438005383,0.0007784366719384378,AUTO_KEEP
beta,beta_E,2023-12-15,sure,0,-1,-1,0,0.0,0.0,0.0,True,1176,0.3263901530149349,-1,-1,0.0,49,49,-2.111178663915923,,-2.111178663915923,0.0010609111893924285,AUTO_KEEP
beta,beta_E,2023-12-16,sure,0,-1,-1,0,0.0,0.0,0.0,True,1176,0.19833700687869804,-1,-1,0.0,40,40,-3.297412417260713,,-3.297412417260713,0.000545215866488597,AUTO_KEEP
beta,beta_E,2023-12-17,sure,0,-1,-1,0,0.0,0.0,0.0,True,1176,0.1950097753310791,-1,-1,0.0,47,47,-1.4135552782985448,,-1.4135552782985448,0.0017897462351774065,AUTO_KEEP
beta,beta_E,2023-12-18,sure,0,-1,-1,0,0.0,0.0,0.0,True,1176,0.2724227739433651,-1,-1,0.0,53,53,-1.5617000130888232,,-1.5617000130888232,0.0015831491058124069,AUTO_KEEP
beta,beta_E,2023-12-19,sure,0,-1,-1,0,0.0,0.0,0.0,True,1176,0.2725197789201186,-1,-1,0.0,64,64,-2.8791116401584818,,-2.8791116401584818,0.0006733531609938441,AUTO_KEEP
beta,beta_E,2023-12-20,sure,0,-1,-1,0,0.0,0.0,0.0,True,1176,0.17654945705128178,-1,-1,0.0,55,55,-3.7729626038446424,,-3.7729626038446424,0.00043913983064500293,AUTO_KEEP
beta,beta_E,2023-12-21,sure,0,-1,-1,0,0.0,0.0,0.0,True,1176,0.18859899999999996,-1,-1,0.0,62,62,-1.4488779211456297,,-1.4488779211456297,0.0017370012684626327,AUTO_KEEP
beta,beta_E,2023-12-22,unsure,0,-1,-1,0,0.0,1.725241,0.0,True,1176,0.31779901617187,46,56,10.440952725073924,58,58,0.8721971061711322,9.568755618902792,10.440952725073924,0.6271880722175098,UNCERTAIN
beta,beta_E,2023-12-23,sure,0,-1,-1,0,0.0,2.982066,0.0,True,1176,0.21054956444719153,46,57,6.305491201422086,42,42,-0.9303987440251971,6.305491201422086,6.305491201422086,0.40010715668874397,UNCERTAIN
beta,beta_E,2023-12-24,sure,0,-1,-1,0,0.0,0.0,0.0,True,1176,0.22172603372710586,-1,-1,0.0,62,62,-1.4716417249587417,,-1.4716417249587417,0.001704222908652591,AUTO_KEEP
beta,beta_E,2023-12-25,sure,0,-1,-1,0,0.0,0.0,0.0,True,1176,0.27735429377411425,-1,-1,0.0,41,41,-1.5225925165729033,,-1.5225925165729033,0.001634104027993184,AUTO_KEEP
beta,beta_E,2023-12-26,sure,0,-1,-1,0,0.0,0.0,0.0,True,1176,0.2068782583730151,-1,-1,0.0,55,55,-1.3154295211533396,,-1.3154295211533396,0.0019493971949931064,AUTO_KEEP
beta,beta_E,2023-12-27,sure,0,-1,-1,0,0.0,0.0,0.0,True,1176,0.1948466094989323,-1,-1,0.0,42,42,-1.7155552395706808,,-1.7155552395706808,0.0014039619691683673,AUTO_KEEP
beta,beta_E,2023-12-28,sure,0,-1,-1,0,0.0,0.0,0.0,True,1176,0.3343845634163003,-1,-1,0.0,61,61,-1.9401691177964213,,-1.9401691177964213,0.0011919619107869238,AUTO_KEEP
beta,beta_E,2023-12-29,sure,0,-1,-1,0,0.0,0.0,0.0,True,1176,0.15151558346153848,-1,-1,0.0,39,39,-1.895834278630613,,-1.895834278630613,0.001229859957799117,AUTO_KEEP
beta,beta_E,2023-12-30,sure,0,-1,-1,0,0.0,0.0,0.0,True,1176,0.22120400000000018,-1,-1,0.0,45,45,-1.3046328808163101,,-1.3046328808163101,0.0019682427755844914,AUTO_KEEP
beta,beta_E,2023-12-31,sure,0,-1,-1,0,0.0,0.0,0.0,True,1176,0.20729430735301602,-1,-1,0.0,51,51,-3.665325535188409,,-3.665325535188409,0.00046028321156419577,AUTO_KEEP
beta,beta_E,2024-01-01,sure,0,-1,-1,0,0.0,0.0,0.0,True,1176,0.22167780645777668,-1,-1,0.0,65,65,-1.8172630106452965,,-1.8172630106452965,0.001301559412839871,AUTO_KEEP
beta,beta_E,2024-01-02,sure,0,-1,-1,0,0.0,0.0,0.0,True,1176,0.1922049428138104,-1,-1,0.0,45,45,-1.8656461041274475,,-1.8656461041274475,0.0012566977290962384,AUTO_KEEP
beta,beta_E,2024-01-03,sure,0,-1,-1,0,0.0,0.0,0.0,True,1176,0.23108696625714487,-1,-1,0.0,61,61,-2.428345241780144,,-2.428345241780144,0.0008685755513437315,AUTO_KEEP
beta,beta_E,2024-01-04,sure,0,-1,-1,0,0.0,0.0,0.0,True,1176,0.1643560200063483,-1,-1,0.0,54,54,-2.1869652969622915,,-2.1869652969622915,0.0010095854636143562,AUTO_KEEP
beta,beta_E,2024-01-05,sure,0,-1,-1,0,0.0,0.0,0.0,True,1176,0.2937696897222217,-1,-1,0.0,49,49,-0.9805954658732521,,-0.9805954658732521,0.0026883843549331,AUTO_KEEP
beta,beta_E,2024-01-06,sure,0,-1,-1,0,0.0,0.0,0.0,True,1176,0.22886790807843838,-1,-1,0.0,41,41,-1.9100433622196369,,-1.9100433622196369,0.0012175214237074884,AUTO_KEEP
beta,beta_E,2024-01-07,sure,0,-1,-1,0,0.0,0.0,0.0,True,1176,0.30231322641997416,-1,-1,0.0,44,44,-1.6344334435314491,,-1.6344334435314491,0.0014944531086454362,AUTO_KEEP
beta,beta_E,2024-01-08,sure,0,-1,-1,0,0.0,0.0,0.0,True,1176,0.25622809863174734,-1,-1,0.0,53,53,-2.067757129465196,,-2.067757129465196,0.0010920815200925404,AUTO_KEEP
beta,beta_E,2024-01-09,sure,0,-1,-1,0,0.0,0.0,0.0,True,1176,0.19972080289206318,-1,-1,0.0,60,60,-1.937438544204856,,-1.937438544204856,0.00119424562226622,AUTO_KEEP
beta,beta_E,2024-01-10,sure,0,-1,-1,0,0.0,0.0,0.0,True,1176,0.22572924053846144,-1,-1,0.0,48,48,-2.192529695610099,,-2.192529695610099,0.0010059631565345266,AUTO_KEEP
beta,beta_E,2024-01-11,sure,0,-1,-1,0,0.0,0.0,0.0,True,1176,0.23991572287151364,-1,-1,0.0,43,43,-2.4196948101406135,,-2.4196948101406135,0.0008731093293500795,AUTO_KEEP
beta,beta_E,2024-01-12,sure,0,-1,-1,0,0.0,0.0,0.0,True,1176,0.2502736602716258,-1,-1,0.0,41,41,-1.729106553314093,,-1.729106553314093,0.0013896412914648378,AUTO_KEEP
beta,beta_E,2024-01-13,sure,0,-1,-1,0,0.0,0.0,0.0,True,1176,0.23465216329599858,-1,-1,0.0,53,53,-3.1917503578147812,,-3.1917503578147812,0.0005739250869308006,AUTO_KEEP
beta,beta_E,2024-01-14,sure,0,-1,-1,0,0.0,0.0,0.0,True,1176,0.2663174513243165,-1,-1,0.0,50,50,-2.099003729907961,,-2.099003729907961,0.001069516423211511,AUTO_KEEP
beta,beta_E,2024-01-15,sure,0,-1,-1,0,0.0,0.0,0.0,True,1176,0.3157962425979157,-1,-1,0.0,46,46,-1.4631481730157774,,-1.4631481730157774,0.001716344855868024,AUTO_KEEP
beta,beta_E,2024-01-16,sure,0,-1,-1,0,0.0,0.0,0.0,True,1176,0.23664334041384905,-1,-1,0.0,48,48,-1.4553965127789439,,-1.4553965127789439,0.0017275199933173325,AUTO_KEEP
beta,beta_E,2024-01-17,sure,0,-1,-1,0,0.0,0.0,0.0,True,1176,0.2780312951692032,-1,-1,0.0,45,45,-1.8338842956061785,,-1.8338842956061785,0.0012858835743282046,AUTO_KEEP
beta,beta_E,2024-01-18,sure,0,-1,-1,0,0.0,0.0,0.0,True,703,0.3093533963243189,-1,-1,0.0,55,55,-2.5015928127731355,,-2.5015928127731355,0.000831548343627316,AUTO_KEEP
beta,beta_E,2024-01-19,sure,0,-1,-1,0,0.0,0.0,0.0,True,21,0.00024773191534389893,-1,-1,0.0,68,68,-2.606267737720946,,-2.606267737720946,0.0007825720940634637,AUTO_KEEP
beta,beta_E,2024-01-20,sure,0,-1,-1,0,0.0,0.0,0.0,True,1176,0.2821828577739005,-1,-1,0.0,48,48,-1.6650729488213933,,-1.6650729488213933,0.0014592841936341323,AUTO_KEEP
beta,beta_E,2024-01-21,sure,0,-1,-1,0,0.0,0.0,0.0,True,1176,0.24811984485487937,-1,-1,0.0,44,44,-3.616256824221189,,-3.616256824221189,0.00047042652611597736,AUTO_KEEP
beta,beta_E,2024-01-22,unsure,0,-1,-1,0,0.0,0.0,0.0,True,1176,0.22995041953827844,-1,-1,0.0,50,50,-1.1817458269462882,,-1.1817458269462882,0.0022032279900794675,AUTO_KEEP
beta,beta_E,2024-01-23,sure,0,-1,-1,0,0.0,0.3840725,0.0,True,1176,0.3250566639381969,59,59,1.4833389631369829,61,61,-0.7569730422848906,1.4833389631369829,1.4833389631369829,0.06719957615858133,AUTO_KEEP
beta,beta_E,2024-01-24,sure,0,-1,-1,0,0.0,0.0,0.0,True,1176,0.2750753493043092,-1,-1,0.0,44,44,-2.4585206781429814,,-2.4585206781429814,0.0008530308961063033,AUTO_KEEP
beta,beta_E,2024-01-25,sure,0,-1,-1,0,0.0,0.0,0.0,True,1176,0.24237032400676206,-1,-1,0.0,61,61,-2.713305907476022,,-2.713305907476022,0.0007367913971359142,AUTO_KEEP
beta,beta_E,2024-01-26,sure,0,-1,-1,0,0.0,0.0,0.0,True,1176,0.21180499606409953,-1,-1,0.0,34,34,-2.530956752419048,,-2.530956752419048,0.0008173600567610147,AUTO_KEEP
beta,beta_E,2024-01-27,sure,0,-1,-1,0,0.0,0.0,0.0,True,1176,0.1833132020666577,-1,-1,0.0,70,70,-2.958094571970015,,-2.958094571970015,0.0006459512411391855,AUTO_KEEP
beta,beta_E,2024-01-28,sure,0,-1,-1,0,0.0,0.0,0.0,True,1176,0.195309896790123,-1,-1,0.0,45,45,-1.6633233433968961,,-1.6633233433968961,0.0014612592107375133,AUTO_KEEP
beta,beta_E,2024-01-29,sure,0,-1,-1,0,0.0,0.0,0.0,True,1176,0.1509024807539241,-1,-1,0.0,49,49,-2.6684323086324935,,-2.6684323086324935,0.0007554869745731122,AUTO_KEEP
beta,beta_E,2024-01-30,sure,0,-1,-1,0,0.0,0.0,0.0,True,1176,0.27505797181075575,-1,-1,0.0,47,47,-2.4488143037689674,,-2.4488143037689674,0.0008579856993322718,AUTO_KEEP
beta,beta_E,2024-01-31,sure,0,-1,-1,0,0.0,0.0,0.0,True,1176,0.29173500216863424,-1,-1,0.0,39,39,-2.2128059048866575,,-2.2128059048866575,0.0009929257007146983,AUTO_KEEP
beta,beta_E,2024-02-01,sure,0,-1,-1,0,0.0,0.0,0.0,True,1176,0.3687616272754708,-1,-1,0.0,43,43,-1.432403399643371,,-1.432403399643371,0.0017613104384663957,AUTO_KEEP
beta,beta_E,2024-02-02,sure,0,-1,-1,0,0.0,0.0,0.0,True,1176,0.2151449167724353,-1,-1,0.0,39,39,-2.7803563062550456,,-2.7803563062550456,0.0007101109645148747,AUTO_KEEP
beta,beta_E,2024-02-03,sure,0,-1,-1,0,0.0,0.0,0.0,True,1176,0.16687720453703658,-1,-1,0.0,61,61,-2.1451747073208476,,-2.1451747073208476,0.0010374197488308256,AUTO_KEEP
beta,beta_E,2024-02-04,sure,0,-1,-1,0,0.0,0.0,0.0,True,1176,0.1890649327635323,-1,-1,0.0,54,54,-2.004787115777567,,-2.004787115777567,0.0011397562997693855,AUTO_KEEP
beta,beta_E,2024-02-05,sure,0,-1,-1,0,0.0,0.0,0.0,True,1176,0.17035785436730766,-1,-1,0.0,44,44,-2.296368190993381,,-2.296368190993381,0.0009417580977218088,AUTO_KEEP
beta,beta_E,2024-02-06,sure,0,-1,-1,0,0.0,0.0,0.0,True,1176,0.24445694372329108,-1,-1,0.0,39,39,-2.6415464031645097,,-2.6415464031645097,0.0007670276502897953,AUTO_KEEP
beta,beta_E,2024-02-07,sure,0,-1,-1,0,0.0,0.0,0.0,True,1176,0.3074114458255286,-1,-1,0.0,51,51,-2.2781225002193928,,-2.2781225002193928,0.0009525909127464046,AUTO_KEEP
beta,beta_E,2024-02-08,unsure,0,-1,-1,0,0.0,0.2230025,0.0,True,1176,0.2958436151445243,55,55,1.943421559001665,56,56,-0.4474233963408313,1.943421559001665,1.943421559001665,0.09279628653553258,AUTO_KEEP
beta,beta_E,2024-02-09,sure,0,-1,-1,0,0.0,0.0,0.0,True,1176,0.29818506927773125,-1,-1,0.0,54,54,-1.3469845245570962,,-1.3469845245570962,0.001895827373117357,AUTO_KEEP
beta,beta_E,2024-02-10,unsure,0,-1,-1,0,0.0,0.273014,0.0,True,1176,0.330456007259345,49,49,0.5193743755623594,48,48,-0.6765912639665268,0.5193743755623594,0.5193743755623594,0.025484953109986094,AUTO_KEEP
beta,beta_E,2024-02-11,sure,0,-1,-1,0,0.0,0.0,0.0,True,1176,0.18861318765800306,-1,-1,0.0,41,41,-2.8413463188373194,,-2.8413463188373194,0.0006870687762294531,AUTO_KEEP
beta,beta_E,2024-02-12,unsure,0,-1,-1,0,0.0,0.0,0.0,True,1176,0.3137469035203573,-1,-1,0.0,47,47,-0.7082278588369062,,-0.7082278588369062,0.0036441133893693255,AUTO_KEEP
beta,beta_E,2024-02-13,sure,0,-1,-1,0,0.0,0.0,0.0,True,1176,0.2553878729971366,-1,-1,0.0,66,66,-2.3656729121605617,,-2.3656729121605617,0.0009022340437956273,AUTO_KEEP
beta,beta_E,2024-02-14,sure,0,-1,-1,0,0.0,0.0,0.0,True,1176,0.23993009483657346,-1,-1,0.0,60,60,-1.9290608698548601,,-1.9290608698548601,0.0012012929498186019,AUTO_KEEP
beta,beta_E,2024-02-15,sure,0,-1,-1,0,0.0,0.0,0.0,True,1176,0.2604053639880961,-1,-1,0.0,53,53,-2.847656521025423,,-2.847656521025423,0.0006847483409222155,AUTO_KEEP
beta,beta_E,2024-02-16,sure,0,-1,-1,0,0.0,0.0,0.0,True,1176,0.25780216364997166,-1,-1,0.0,56,56,-1.1009667295039156,,-1.1009667295039156,0.0023810930850867453,AUTO_KEEP
beta,beta_E,2024-02-17,sure,0,-1,-1,0,0.0,0.0,0.0,True,1176,0.1377750591420117,-1,-1,0.0,48,48,-2.454631441576859,,-2.454631441576859,0.0008550111181521217,AUTO_KEEP
beta,beta_E,2024-02-18,sure,0,-1,-1,0,0.0,0.0,0.0,True,1176,0.21462289991546868,-1,-1,0.0,40,40,-1.7082095370242463,,-1.7082095370242463,0.0014118164328417186,AUTO_KEEP
beta,beta_E,2024-02-19,sure,0,-1,-1,0,0.0,0.0,0.0,True,1176,0.27906573593207895,-1,-1,0.0,42,42,-2.599944675744622,,-2.599944675744622,0.0007854075187224664,AUTO_KEEP
beta,beta_E,2024-02-20,sure,0,-1,-1,0,0.0,0.0,0.0,True,1176,0.30524799999999974,-1,-1,0.0,54,54,-2.256679991146027,,-2.256679991146027,0.0009655597902108834,AUTO_KEEP
beta,beta_E,2024-02-21,sure,0,-1,-1,0,0.0,0.298347,0.0,True,1176,0.17903138336010205,54,54,0.04209075717840585,53,53,-1.3526630315055845,0.04209075717840585,0.04209075717840585,0.011872750146158413,AUTO_KEEP
beta,beta_E,2024-02-22,sure,0,-1,-1,0,0.0,0.0,0.0,True,1176,0.3014008779697326,-1,-1,0.0,50,50,-1.6295794618516735,,-1.6295794618516735,0.0015001398848471029,AUTO_KEEP
beta,beta_E,2024-02-23,sure,0,-1,-1,0,0.0,0.0,0.0,True,1176,0.29194100000000045,-1,-1,0.0,59,59,-3.4343087912270884,,-3.4343087912270884,0.0005110860856821778,AUTO_KEEP
beta,beta_E,2024-02-24,sure,0,-1,-1,0,0.0,0.0,0.0,True,1176,0.18144190373755542,-1,-1,0.0,58,58,-3.31828306750519,,-3.31828306750519,0.0005397978448581159,AUTO_KEEP
beta,beta_E,2024-02-25,sure,0,-1,-1,0,0.0,0.0,0.0,True,1176,0.14933999999999958,-1,-1,0.0,57,57,-0.9212340393534383,,-0.9212340393534383,0.0028620221924913936,AUTO_KEEP
beta,beta_E,2024-02-26,sure,0,-1,-1,0,0.0,0.0,0.0,True,1176,0.23754065845352557,-1,-1,0.0,48,48,-0.6833170431580028,,-0.6833170431580028,0.003755794596793124,AUTO_KEEP
beta,beta_E,2024-02-27,sure,0,-1,-1,0,0.0,0.0,0.0,True,1176,0.39587375616370757,-1,-1,0.0,50,50,-2.561563539625616,,-2.561563539625616,0.0008029504223080244,AUTO_KEEP
beta,beta_E,2024-02-28,sure,0,-1,-1,0,0.0,0.0,0.0,True,1176,0.32841400000000043,-1,-1,0.0,50,50,-1.513687850830501,,-1.513687850830501,0.001646046258241393,AUTO_KEEP
beta,beta_E,2024-02-29,sure,0,-1,-1,0,0.0,0.0,0.0,True,1176,0.2719205360576922,-1,-1,0.0,66,66,-3.4357154987800302,,-3.4357154987800302,0.0005107520157081568,AUTO_KEEP
beta,beta_E,2024-03-01,sure,0,-1,-1,0,0.0,0.0,0.0,True,1176,0.22533490872980622,-1,-1,0.0,59,59,-2.5077164470988103,,-2.5077164470988103,0.0008285594695172751,AUTO_KEEP
beta,beta_E,2024-03-02,sure,0,-1,-1,0,0.0,0.0,0.0,True,1176,0.3012020135115536,-1,-1,0.0,54,54,-2.5963894230104483,,-2.5963894230104483,0.0007870084888249568,AUTO_KEEP
beta,beta_E,2024-03-03,sure,0,-1,-1,0,0.0,0.0,0.0,True,1176,0.21415682819676185,-1,-1,0.0,61,61,-1.7514871565554004,,-1.7514871565554004,0.0013664603535496007,AUTO_KEEP
beta,beta_E,2024-03-04,sure,0,-1,-1,0,0.0,0.0,0.0,True,1176,0.1885867942703996,-1,-1,0.0,39,39,-2.0638671072916734,,-2.0638671072916734,0.0010949401146881168,AUTO_KEEP
beta,beta_E,2024-03-05,unsure,0,-1,-1,0,0.0,0.115975,0.0,True,1176,0.26974057786639616,46,46,3.2970665182184495,52,52,1.9925913515968112,1.3044751666216383,3.2970665182184495,0.18248737702350035,AUTO_KEEP
beta,beta_E,2024-03-06,unsure,0,-1,-1,0,0.0,0.0,0.0,True,1176,0.25570011236772494,-1,-1,0.0,55,55,-0.7415113932886197,,-0.7415113932886197,0.003502423378184703,AUTO_KEEP
beta,beta_E,2024-03-07,sure,0,-1,-1,0,0.0,0.0,0.0,True,1176,0.20933507709096233,-1,-1,0.0,63,63,-2.689536503642424,,-2.689536503642424,0.0007466077242730746,AUTO_KEEP
beta,beta_E,2024-03-08,sure,0,-1,-1,0,0.0,0.0,0.0,True,1176,0.2520489999999995,-1,-1,0.0,52,52,-2.0559292802448357,,-2.0559292802448357,0.0011008078104440332,AUTO_KEEP
beta,beta_E,2024-03-09,sure,0,-1,-1,0,0.0,0.0,0.0,True,1176,0.26774634385195295,-1,-1,0.0,53,53,-2.5382161670846255,,-2.5382161670846255,0.0008139078109226455,AUTO_KEEP
beta,beta_E,2024-03-10,sure,0,-1,-1,0,0.0,0.0,0.0,True,1176,0.18078709250053926,-1,-1,0.0,46,46,-2.870098677095049,,-2.870098677095049,0.0006765893198749836,AUTO_KEEP
beta,beta_E,2024-03-11,sure,0,-1,-1,0,0.0,0.0,0.0,True,1176,0.22944509017692205,-1,-1,0.0,54,54,-0.6349128414504103,,-0.6349128414504103,0.003987819782698334,AUTO_KEEP
beta,beta_E,2024-03-12,sure,0,-1,-1,0,0.0,0.0,0.0,True,1176,0.25229296726761596,-1,-1,0.0,45,45,-2.4861426322029017,,-2.4861426322029017,0.0008391609091719397,AUTO_KEEP
beta,beta_E,2024-03-13,sure,0,-1,-1,0,0.0,0.0,0.0,True,1176,0.24425357946245452,-1,-1,0.0,43,43,-1.7309280875456772,,-1.7309280875456772,0.001387732884202613,AUTO_KEEP
beta,beta_E,2024-03-14,sure,0,-1,-1,0,0.0,0.0,0.0,True,1176,0.2711367762093184,-1,-1,0.0,50,50,-2.7877774473717873,,-2.7877774473717873,0.0007072464486403117,AUTO_KEEP
beta,beta_E,2024-03-15,unsure,0,-1,-1,0,0.0,2.5192,0.0,True,1176,0.31470213890518295,46,54,12.211578900632452,44,44,-0.16885328768601046,12.211578900632452,12.211578900632452,0.6935901167537264,UNCERTAIN
beta,beta_E,2024-03-16,sure,0,-1,-1,0,0.0,0.0,0.0,True,1176,0.31258750521713896,-1,-1,0.0,56,56,-0.766980564266959,,-0.766980564266959,0.0033994479332402194,AUTO_KEEP
beta,beta_E,2024-03-17,sure,0,-1,-1,0,0.0,0.0,0.0,True,1176,0.1965204373560141,-1,-1,0.0,48,48,-2.311629687375629,,-2.311629687375629,0.0009328368989065429,AUTO_KEEP
beta,beta_E,2024-03-18,sure,0,-1,-1,0,0.0,0.0,0.0,True,1176,0.12080266740044099,-1,-1,0.0,61,61,-0.4515096287773039,,-0.4515096287773039,0.005091364329198972,AUTO_KEEP
beta,beta_E,2024-03-19,sure,0,-1,-1,0,0.0,0.0,0.0,True,1176,0.20994029081695587,-1,-1,0.0,50,50,-1.3614555318810848,,-1.3614555318810848,0.0018719884669252083,AUTO_KEEP
beta,beta_E,2024-03-20,sure,0,-1,-1,0,0.0,0.0,0.0,True,1176,0.2649892944553036,-1,-1,0.0,61,61,-2.6091012130141547,,-2.6091012130141547,0.000781306418483036,AUTO_KEEP
beta,beta_E,2024-03-21,sure,0,-1,-1,0,0.0,1.4740915,0.0,True,1176,0.2367499999999998,56,62,5.066141576694907,45,46,0.33639669454301946,4.729744882151888,5.066141576694907,0.3125018995937717,UNCERTAIN
beta,beta_E,2024-03-22,sure,0,-1,-1,0,0.0,0.0,0.0,True,1176,0.27452134474047973,-1,-1,0.0,63,63,-1.566852656131201,,-1.566852656131201,0.0015766117728522487,AUTO_KEEP
beta,beta_E,2024-03-23,unsure,0,-1,-1,0,0.0,0.0,0.0,True,1176,0.2629009283904713,-1,-1,0.0,53,53,-0.6860362824575322,,-0.6860362824575322,0.0037433586282307786,AUTO_KEEP
beta,beta_E,2024-03-24,unsure,0,-1,-1,0,0.0,0.131546,0.0,True,1176,0.2917654845433102,52,52,1.716390309997795,48,48,-0.44927008642304134,1.716390309997795,1.716390309997795,0.07976704181528231,AUTO_KEEP
beta,beta_E,2024-03-25,unsure,0,-1,-1,0,0.0,1.7398195,0.0,True,1176,0.29960260027302965,46,52,1.9743670327331688,54,54,-1.0497980964586495,1.9743670327331688,1.9743670327331688,0.09462826334534001,AUTO_KEEP
beta,beta_E,2024-03-26,sure,0,-1,-1,0,0.0,0.0,0.0,True,1176,0.2302794912504904,-1,-1,0.0,51,51,-1.7009507780161799,,-1.7009507780161799,0.0014196421638597004,AUTO_KEEP
beta,beta_E,2024-03-27,sure,0,-1,-1,0,0.0,0.0,0.0,True,1176,0.23193200000000047,-1,-1,0.0,55,55,-1.4973603506870006,,-1.4973603506870006,0.0016682824149418395,AUTO_KEEP
beta,beta_E,2024-03-28,sure,0,-1,-1,0,0.0,0.0,0.0,True,1176,0.26295633934235507,-1,-1,0.0,49,49,-0.8015371568013651,,-0.8015371568013651,0.003266761432866397,AUTO_KEEP
beta,beta_E,2024-03-29,sure,0,-1,-1,0,0.0,0.0,0.0,True,1176,0.32040971741690427,-1,-1,0.0,57,57,-1.6636559690473003,,-1.6636559690473003,0.0014608834257421066,AUTO_KEEP
beta,beta_E,2024-04-01,sure,0,-1,-1,0,0.0,0.0,0.0,True,1176,0.2796390968150524,-1,-1,0.0,43,43,-2.7301517255224477,,-2.7301517255224477,0.0007299499465298053,AUTO_KEEP
beta,beta_E,2024-04-02,sure,0,-1,-1,0,0.0,0.0,0.0,True,1176,0.22027600000000014,-1,-1,0.0,43,43,-1.8612437326571134,,-1.8612437326571134,0.0012606840106401973,AUTO_KEEP
beta,beta_E,2024-04-03,sure,0,-1,-1,0,0.0,0.6351785,0.0,True,1176,0.25844800000000046,55,59,6.830008752407554,54,54,-0.7894167283938066,6.830008752407554,6.830008752407554,0.4348699300000098,UNCERTAIN
beta,beta_E,2024-04-04,sure,0,-1,-1,0,0.0,0.0,0.0,True,1176,0.32549515739466806,-1,-1,0.0,36,36,-3.120439257763181,,-3.120439257763181,0.0005945876910753752,AUTO_KEEP
beta,beta_E,2024-04-05,sure,0,-1,-1,0,0.0,0.0,0.0,True,1176,0.2936159999999983,-1,-1,0.0,53,53,-3.1954299303035962,,-3.1954299303035962,0.0005728879809776936,AUTO_KEEP
beta,beta_E,2024-04-06,sure,0,-1,-1,0,0.0,0.0,0.0,True,1176,0.3344630000000004,-1,-1,0.0,58,58,-1.8054163985726122,,-1.8054163985726122,0.0013129059111973596,AUTO_KEEP
beta,beta_E,2024-04-07,sure,0,-1,-1,0,0.0,0.0,0.0,True,1176,0.19198800000000027,-1,-1,0.0,54,54,-1.4653109434545544,,-1.4653109434545544,0.0017132460495791083,AUTO_KEEP
beta,beta_E,2024-04-08,sure,0,-1,-1,0,0.0,0.198701,0.0,True,1176,0.23616555548790163,52,52,2.4328917665566006,45,45,-0.3716023296854149,2.4328917665566006,2.4328917665566006,0.12317705794752275,AUTO_KEEP
beta,beta_E,2024-04-09,sure,0,-1,-1,0,0.0,0.0,0.0,True,1176,0.3429072996105571,-1,-1,0.0,49,49,-0.2775735666195333,,-0.2775735666195333,0.006614583911067296,AUTO_KEEP
beta,beta_E,2024-04-10,sure,0,-1,-1,0,0.0,0.0,0.0,True,1176,0.2673860000000001,-1,-1,0.0,48,48,-1.600806794828728,,-1.600806794828728,0.001534517895418999,AUTO_KEEP
beta,beta_E,2024-04-11,unsure,1,46,55,10,2.5194959999999997,3.0676979999999996,2.5194959999999997,True,1176,0.24065451228331192,43,56,10.830733140123298,41,41,-1.5524388637368318,10.830733140123298,10.830733140123298,0.6431975574758525,UNCERTAIN
beta,beta_E,2024-04-12,sure,0,-1,-1,0,0.0,1.3766289999999999,0.0,True,1176,0.30740056432402785,43,51,5.970016605622572,52,52,-1.2625053791140068,5.970016605622572,5.970016605622572,0.3770766468472432,UNCERTAIN
beta,beta_E,2024-04-13,sure,0,-1,-1,0,0.0,0.0,0.0,True,1176,0.24652357907919686,-1,-1,0.0,47,47,-0.9819050120248985,,-0.9819050120248985,0.002684731708604408,AUTO_KEEP
beta,beta_E,2024-04-14,sure,0,-1,-1,0,0.0,0.0,0.0,True,1176,0.31835303028514517,-1,-1,0.0,48,48,-1.3747800472829776,,-1.3747800472829776,0.0018504294581288816,AUTO_KEEP
beta,beta_E,2024-04-15,sure,0,-1,-1,0,0.0,3.412296,0.0,True,1176,0.19774097498484267,43,52,3.687659299688672,53,53,-1.1103840326126488,3.687659299688672,3.687659299688672,0.21079426723334999,AUTO_KEEP
beta,beta_E,2024-04-16,sure,0,-1,-1,0,0.0,0.0,0.0,True,1176,0.33428386891013506,-1,-1,0.0,44,44,-1.560568744100842,,-1.560568744100842,0.00158458976999706,AUTO_KEEP
beta,beta_E,2024-04-17,sure,0,-1,-1,0,0.0,0.0,0.0,True,1176,0.31091400000000036,-1,-1,0.0,54,54,-1.5142922952139228,,-1.5142922952139228,0.0016452315345541516,AUTO_KEEP
beta,beta_E,2024-04-18,sure,0,-1,-1,0,0.0,1.9068045,0.0,True,1176,0.2588290000000004,47,52,3.556024394341163,54,54,-0.5889442963087389,3.556024394341163,3.556024394341163,0.20118714659743353,AUTO_KEEP
beta,beta_E,2024-04-19,sure,0,-1,-1,0,0.0,0.0,0.0,True,1176,0.21080859469796032,-1,-1,0.0,48,48,-1.087143040763292,,-1.087143040763292,0.0024136559471069586,AUTO_KEEP
beta,beta_E,2024-04-20,sure,0,-1,-1,0,0.0,0.0,0.0,True,1176,0.2505160000000002,-1,-1,0.0,58,58,-2.4184918096501047,,-2.4184918096501047,0.0008737426151464463,AUTO_KEEP
beta,beta_E,2024-04-21,sure,0,-1,-1,0,0.0,0.0,0.0,True,1176,0.3114460000000001,-1,-1,0.0,46,46,-1.21243344478162,,-1.21243344478162,0.0021407957670819718,AUTO_KEEP
beta,beta_E,2024-04-22,unsure,0,-1,-1,0,0.0,1.3662505,0.0,True,1176,0.1954950000000002,47,53,6.42605033258476,46,46,-0.9349548540212429,6.42605033258476,6.42605033258476,0.4082366890177459,UNCERTAIN
beta,beta_E,2024-04-23,unsure,0,-1,-1,0,0.0,0.0,0.0,True,1176,0.28055699999999995,-1,-1,0.0,48,48,-1.524815248212345,,-1.524815248212345,0.0016311431310649732,AUTO_KEEP
beta,beta_E,2024-04-24,sure,0,-1,-1,0,0.0,0.0,0.0,True,1176,0.2732709771514985,-1,-1,0.0,58,58,-1.994593970523354,,-1.994593970523354,0.001147763238546104,AUTO_KEEP
beta,beta_E,2024-04-25,sure,0,-1,-1,0,0.0,1.541224,0.0,True,1176,0.18434246929214027,51,53,1.6878437474441692,50,50,-1.0574172039773897,1.6878437474441692,1.6878437474441692,0.07818215734367066,AUTO_KEEP
beta,beta_E,2024-04-26,sure,0,-1,-1,0,0.0,0.0,0.0,True,1176,0.2672291709417056,-1,-1,0.0,46,46,-1.7278184264033054,,-1.7278184264033054,0.0013909932040832172,AUTO_KEEP
beta,beta_E,2024-04-27,sure,0,-1,-1,0,0.0,0.0,0.0,True,1176,0.27456000000000014,-1,-1,0.0,50,50,-1.9374413486278035,,-1.9374413486278035,0.0011942432734605767,AUTO_KEEP
beta,beta_E,2024-04-28,unsure,0,-1,-1,0,0.0,0.0,0.0,True,1176,0.261704744816706,-1,-1,0.0,43,43,-1.6997879865547005,,-1.6997879865547005,0.0014209017596331745,AUTO_KEEP
beta,beta_E,2024-04-29,unsure,0,-1,-1,0,0.0,0.0,0.0,True,1176,0.26190763525635763,-1,-1,0.0,49,49,-1.9002216136886487,,-1.9002216136886487,0.0012260304616670697,AUTO_KEEP
beta,beta_E,2024-04-30,sure,0,-1,-1,0,0.0,0.0,0.0,True,1176,0.2930333440949582,-1,-1,0.0,39,39,-1.4763448043536953,,-1.4763448043536953,0.0016975652790629679,AUTO_KEEP
beta,beta_E,2024-05-01,sure,0,-1,-1,0,0.0,0.0,0.0,True,1176,0.30417000000000005,-1,-1,0.0,48,48,-1.5738682983673153,,-1.5738682983673153,0.0015677750047228705,AUTO_KEEP
beta,beta_E,2024-05-02,sure,0,-1,-1,0,0.0,0.0,0.0,True,1176,0.2926110465986618,-1,-1,0.0,52,52,-0.9799563000892003,,-0.9799563000892003,0.0026901698232452433,AUTO_KEEP
beta,beta_E,2024-05-03,sure,0,-1,-1,0,0.0,0.0,0.0,True,1176,0.32592511432063453,-1,-1,0.0,47,47,-1.3902761953645264,,-1.3902761953645264,0.0018258170176199187,AUTO_KEEP
beta,beta_E,2024-05-04,sure,0,-1,-1,0,0.0,0.0,0.0,True,1176,0.3280448988160023,-1,-1,0.0,53,53,-1.1905242361222879,,-1.1905242361222879,0.0021850958125215376,AUTO_KEEP
beta,beta_E,2024-05-05,sure,0,-1,-1,0,0.0,0.0,0.0,True,1176,0.2515873311539325,-1,-1,0.0,52,52,-1.8409134880027709,,-1.8409134880027709,0.0012793384155647136,AUTO_KEEP
beta,beta_E,2024-05-06,sure,0,-1,-1,0,0.0,0.0,0.0,True,1176,0.2534741745919975,-1,-1,0.0,52,52,-2.74444597062167,,-2.74444597062167,0.000724218439912856,AUTO_KEEP
beta,beta_E,2024-05-07,sure,0,-1,-1,0,0.0,0.0,0.0,True,1176,0.3577593702101627,-1,-1,0.0,55,55,-1.2804408990217693,,-1.2804408990217693,0.0020114639367301854,AUTO_KEEP
beta,beta_E,2024-05-08,sure,0,-1,-1,0,0.0,0.0,0.0,True,1176,0.37735352709788117,-1,-1,0.0,51,51,-1.4478362677616663,,-1.4478362677616663,0.0017385235037386075,AUTO_KEEP
beta,beta_E,2024-05-09,unsure,0,-1,-1,0,0.0,0.0,0.0,True,1176,0.2956814485748449,-1,-1,0.0,47,52,-1.1465288130128592,,-1.1465288130128592,0.0022782611471237444,AUTO_KEEP
beta,beta_E,2024-05-10,sure,0,-1,-1,0,0.0,0.0,0.0,True,1176,0.2985737490520668,-1,-1,0.0,49,49,-1.7347592738009066,,-1.7347592738009066,0.001383731653055736,AUTO_KEEP
beta,beta_E,2024-05-11,sure,0,-1,-1,0,0.0,0.0,0.0,True,1176,0.36010608114241993,-1,-1,0.0,45,45,-3.713051692844301,,-3.713051692844301,0.0004507258128034297,AUTO_KEEP
beta,beta_E,2024-05-12,sure,0,-1,-1,0,0.0,0.0,0.0,True,1176,0.29118716958813273,-1,-1,0.0,54,54,-1.736890481491483,,-1.736890481491483,0.0013815132603243211,AUTO_KEEP
beta,beta_E,2024-05-13,sure,0,-1,-1,0,0.0,0.0,0.0,True,1176,0.34023863782853603,-1,-1,0.0,47,47,-2.057731846028804,,-2.057731846028804,0.0010994712526673069,AUTO_KEEP
beta,beta_E,2024-05-14,sure,0,-1,-1,0,0.0,0.0,0.0,True,1176,0.32732484997505473,-1,-1,0.0,52,52,-2.429446160448468,,-2.429446160448468,0.0008680010567553059,AUTO_KEEP
beta,beta_E,2024-05-15,sure,0,-1,-1,0,0.0,0.0,0.0,True,1176,0.31392636817755637,-1,-1,0.0,46,49,-0.747847672238759,,-0.747847672238759,0.0034763769552068466,AUTO_KEEP
beta,beta_E,2024-05-16,sure,0,-1,-1,0,0.0,0.0,0.0,True,1176,0.22904770048881762,-1,-1,0.0,54,54,-1.4383104073657387,,-1.4383104073657387,0.0017525365584499255,AUTO_KEEP
beta,beta_E,2024-05-17,sure,0,-1,-1,0,0.0,0.0,0.0,True,1176,0.34132073309200095,-1,-1,0.0,52,52,-1.8111611033565556,,-1.8111611033565556,0.0013073854673865055,AUTO_KEEP
beta,beta_E,2024-05-18,sure,0,-1,-1,0,0.0,0.0,0.0,True,1176,0.19658860221800012,-1,-1,0.0,42,42,-2.311124688354788,,-2.311124688354788,0.0009331300886416353,AUTO_KEEP
beta,beta_E,2024-05-19,sure,0,-1,-1,0,0.0,0.0,0.0,True,1176,0.2685194824496824,-1,-1,0.0,34,34,-3.513811273250452,,-3.513811273250452,0.0004927023305252772,AUTO_KEEP
beta,beta_E,2024-05-20,sure,0,-1,-1,0,0.0,0.0,0.0,True,1176,0.35400883605004996,-1,-1,0.0,48,48,-2.346336530844983,,-2.346336530844983,0.0009130100472921848,AUTO_KEEP
beta,beta_E,2024-05-21,sure,0,-1,-1,0,0.0,0.0,0.0,True,1176,0.27461887966518805,-1,-1,0.0,45,45,-2.129865525695203,,-2.129865525695203,0.0010479019131570467,AUTO_KEEP
beta,beta_E,2024-05-22,sure,0,-1,-1,0,0.0,0.0,0.0,True,1176,0.3469970732692378,-1,-1,0.0,52,52,-2.6962138955104633,,-2.6962138955104633,0.0007438305675645127,AUTO_KEEP
beta,beta_E,2024-05-23,sure,0,-1,-1,0,0.0,0.0,0.0,True,1176,0.32682280412420983,-1,-1,0.0,47,47,-2.5755116361414796,,-2.5755116361414796,0.0007965084803665995,AUTO_KEEP
beta,beta_E,2024-05-24,sure,0,-1,-1,0,0.0,0.0,0.0,True,1176,0.2669498715266201,-1,-1,0.0,52,52,-2.467237260332954,,-2.467237260332954,0.0008486174621747007,AUTO_KEEP
beta,beta_E,2024-05-25,sure,0,-1,-1,0,0.0,0.0,0.0,True,1176,0.29665982856833395,-1,-1,0.0,49,49,-3.080358480988191,,-3.080358480988191,0.0006066894749242616,AUTO_KEEP
beta,beta_E,2024-05-26,sure,0,-1,-1,0,0.0,0.0,0.0,True,1176,0.3177029510195233,-1,-1,0.0,53,53,-2.9740959391488024,,-2.9740959391488024,0.0006406017980077983,AUTO_KEEP
beta,beta_E,2024-05-27,sure,0,-1,-1,0,0.0,0.0,0.0,True,1176,0.28217004524467626,-1,-1,0.0,49,49,-2.705793681958974,,-2.705793681958974,0.0007398729971290986,AUTO_KEEP
beta,beta_E,2024-05-28,sure,0,-1,-1,0,0.0,0.0,0.0,True,1176,0.2678088848081597,-1,-1,0.0,49,49,-2.1956860339350577,,-2.1956860339350577,0.001003917015027429,AUTO_KEEP
beta,beta_E,2024-05-29,sure,0,-1,-1,0,0.0,0.0,0.0,True,1176,0.2754397824527697,-1,-1,0.0,45,45,-2.4283305369402064,,-2.4283305369402064,0.0008685832286191103,AUTO_KEEP
beta,beta_E,2024-05-30,sure,0,-1,-1,0,0.0,0.0,0.0,True,1176,0.34236522134261804,-1,-1,0.0,47,47,-1.934091110214349,,-1.934091110214349,0.0011970541152988674,AUTO_KEEP
beta,beta_E,2024-05-31,sure,0,-1,-1,0,0.0,0.0,0.0,True,1176,0.31551969072710495,-1,-1,0.0,28,28,-3.98172620808371,,-3.98172620808371,0.0004020433915532149,AUTO_KEEP
beta,beta_E,2024-06-01,sure,0,-1,-1,0,0.0,0.0,0.0,True,1176,0.23118733845818618,-1,-1,0.0,41,41,-3.6945264806340408,,-3.6945264806340408,0.0004544002795858299,AUTO_KEEP
beta,beta_E,2024-06-02,sure,0,-1,-1,0,0.0,0.0,0.0,True,1176,0.33921979681178716,-1,-1,0.0,54,54,-2.183111292507107,,-2.183111292507107,0.0010121056999661338,AUTO_KEEP
beta,beta_E,2024-06-03,sure,0,-1,-1,0,0.0,0.0,0.0,True,1176,0.296475032709699,-1,-1,0.0,49,49,-1.9374001691666154,,-1.9374001691666154,0.0011942777634374468,AUTO_KEEP
beta,beta_E,2024-06-04,sure,0,-1,-1,0,0.0,0.0,0.0,True,1176,0.3700564245570721,-1,-1,0.0,48,48,-2.3631130499425286,,-2.3631130499425286,0.0009036497580018086,AUTO_KEEP
beta,beta_E,2024-06-05,sure,0,-1,-1,0,0.0,0.0,0.0,True,1176,0.29767255667598214,-1,-1,0.0,49,49,-1.6741244307253151,,-1.6741244307253151,0.0014491295464681014,AUTO_KEEP
beta,beta_E,2024-06-06,sure,0,-1,-1,0,0.0,0.0,0.0,True,1176,0.27126362866115983,-1,-1,0.0,44,44,-1.9843089643158407,,-1.9843089643158407,0.0011559272492806384,AUTO_KEEP
beta,beta_E,2024-06-07,sure,0,-1,-1,0,0.0,0.0,0.0,True,1176,0.2983309758133892,-1,-1,0.0,51,51,-2.5092104350852917,,-2.5092104350852917,0.0008278326915246502,AUTO_KEEP
beta,beta_E,2024-06-08,sure,0,-1,-1,0,0.0,0.0,0.0,True,1176,0.3528758225104305,-1,-1,0.0,54,54,-1.7816197266869274,,-1.7816197266869274,0.001336146086944462,AUTO_KEEP
beta,beta_E,2024-06-09,sure,0,-1,-1,0,0.0,0.0,0.0,True,1176,0.24854782537316655,-1,-1,0.0,54,54,-2.2092976069374752,,-2.2092976069374752,0.0009951635007204352,AUTO_KEEP
beta,beta_E,2024-06-10,sure,0,-1,-1,0,0.0,0.0,0.0,True,1176,0.35179785207088976,-1,-1,0.0,49,49,-2.38412309987397,,-2.38412309987397,0.0008921269814527968,AUTO_KEEP
beta,beta_E,2024-06-11,sure,0,-1,-1,0,0.0,0.0,0.0,True,1176,0.31029418915639173,-1,-1,0.0,41,41,-2.0639750216581345,,-2.0639750216581345,0.0010948606637861162,AUTO_KEEP
beta,beta_E,2024-06-12,sure,0,-1,-1,0,0.0,0.0,0.0,True,1176,0.2770555077533503,-1,-1,0.0,47,47,-1.6230161674452261,,-1.6230161674452261,0.0015078804483493302,AUTO_KEEP
beta,beta_E,2024-06-13,sure,0,-1,-1,0,0.0,0.0,0.0,True,1176,0.3559336191953424,-1,-1,0.0,47,47,-1.9457064595037714,,-1.9457064595037714,0.0011873506184679988,AUTO_KEEP
beta,beta_E,2024-06-14,sure,0,-1,-1,0,0.0,0.0,0.0,True,1176,0.23710474354904232,-1,-1,0.0,49,49,-3.261876222167711,,-3.261876222167711,0.000554628601461544,AUTO_KEEP
beta,beta_E,2024-06-15,sure,0,-1,-1,0,0.0,0.0,0.0,True,1176,0.27887111687902877,-1,-1,0.0,52,52,-2.5101884201781077,,-2.5101884201781077,0.0008273574450270222,AUTO_KEEP
beta,beta_E,2024-06-16,sure,0,-1,-1,0,0.0,0.0,0.0,True,1176,0.3647801094494083,-1,-1,0.0,53,53,-3.7583330116928857,,-3.7583330116928857,0.000441927847379119,AUTO_KEEP
beta,beta_E,2024-06-17,sure,0,-1,-1,0,0.0,0.0,0.0,True,1176,0.31005657171067824,-1,-1,0.0,46,46,-2.4249934648440865,,-2.4249934648440865,0.000870328095037141,AUTO_KEEP
beta,beta_E,2024-06-18,sure,0,-1,-1,0,0.0,0.0,0.0,True,1176,0.3585052841361964,-1,-1,0.0,47,47,-2.7180406239446855,,-2.7180406239446855,0.0007348589415374961,AUTO_KEEP
beta,beta_E,2024-06-19,sure,0,-1,-1,0,0.0,0.0,0.0,True,1176,0.37005915009349977,-1,-1,0.0,45,45,-3.486121581171521,,-3.486121581171521,0.0004989921066163298,AUTO_KEEP
beta,beta_E,2024-06-20,sure,0,-1,-1,0,0.0,0.0,0.0,True,1176,0.42156487804516196,-1,-1,0.0,57,57,-2.9209552087912267,,-2.9209552087912267,0.0006586258580078604,AUTO_KEEP
beta,beta_E,2024-06-21,sure,0,-1,-1,0,0.0,0.0,0.0,True,1176,0.3553049432780728,-1,-1,0.0,52,52,-2.316756301658736,,-2.316756301658736,0.0009298682399136792,AUTO_KEEP
beta,beta_E,2024-06-22,sure,0,-1,-1,0,0.0,0.0,0.0,False,0,,-1,-1,,-1,-1,,,,,UNCERTAIN
beta,beta_E,2024-06-23,sure,0,-1,-1,0,0.0,0.0,0.0,True,1176,0.2802362445133646,-1,-1,0.0,50,50,-1.9392077198362327,,-1.9392077198362327,0.001192765234773641,AUTO_KEEP
beta,beta_E,2024-06-24,sure,0,-1,-1,0,0.0,0.0,0.0,True,1176,0.3367718206901973,-1,-1,0.0,65,65,-2.014661117241233,,-2.014661117241233,0.0011320788540864033,AUTO_KEEP
beta,beta_E,2024-06-25,sure,0,-1,-1,0,0.0,0.0,0.0,True,1176,0.3160166389847632,-1,-1,0.0,51,51,-3.1200467998735397,,-3.1200467998735397,0.0005947044442643362,AUTO_KEEP
beta,beta_E,2024-06-26,sure,0,-1,-1,0,0.0,0.0,0.0,True,1176,0.3274118585030745,-1,-1,0.0,42,42,-3.2595115412596294,,-3.2595115412596294,0.0005552634939089466,AUTO_KEEP
beta,beta_E,2024-06-27,sure,0,-1,-1,0,0.0,0.0,0.0,True,1176,0.3005853160984362,-1,-1,0.0,41,41,-3.499780163210961,,-3.499780163210961,0.0004958747245836075,AUTO_KEEP
beta,beta_E,2024-06-28,sure,0,-1,-1,0,0.0,0.0,0.0,True,1176,0.33524071629840435,-1,-1,0.0,49,49,-2.8951668849770242,,-2.8951668849770242,0.0006676450810331512,AUTO_KEEP
beta,beta_E,2024-06-29,sure,0,-1,-1,0,0.0,0.0,0.0,True,1176,0.2700136037486569,-1,-1,0.0,47,47,-2.2896306067027545,,-2.2896306067027545,0.0009457369345705741,AUTO_KEEP
beta,beta_E,2024-06-30,sure,0,-1,-1,0,0.0,0.0,0.0,True,1176,0.2640981943933465,-1,-1,0.0,54,54,-3.5994560229660637,,-3.5994560229660637,0.00047397588374156643,AUTO_KEEP
beta,beta_E,2024-07-01,sure,0,-1,-1,0,0.0,0.0,0.0,True,1176,0.36324875934279177,-1,-1,0.0,50,50,-1.9792346782238202,,-1.9792346782238202,0.0011599868916416308,AUTO_KEEP
beta,beta_E,2024-07-02,sure,0,-1,-1,0,0.0,0.0,0.0,True,1176,0.2654575431977211,-1,-1,0.0,58,58,-3.704743597727634,,-3.704743597727634,0.00045236824322962397,AUTO_KEEP
beta,beta_E,2024-07-03,sure,0,-1,-1,0,0.0,0.0,0.0,True,1176,0.41968600000000134,-1,-1,0.0,56,56,-2.2814967893411118,,-2.2814967893411118,0.0009505736395945247,AUTO_KEEP
beta,beta_E,2024-07-04,sure,0,-1,-1,0,0.0,0.0,0.0,True,1176,0.28877906888157945,-1,-1,0.0,46,46,-1.8164860754776055,,-1.8164860754776055,0.001302299081399844,AUTO_KEEP
beta,beta_E,2024-07-05,sure,0,-1,-1,0,0.0,0.0,0.0,True,1176,0.36113598277960524,-1,-1,0.0,50,50,-2.2538657795177905,,-2.2538657795177905,0.0009672813170873743,AUTO_KEEP
beta,beta_E,2024-07-06,sure,0,-1,-1,0,0.0,0.0,0.0,True,1176,0.3340173145247327,-1,-1,0.0,52,52,-1.737866178626138,,-1.737866178626138,0.0013804994096802807,AUTO_KEEP
beta,beta_E,2024-07-07,sure,0,-1,-1,0,0.0,0.0,0.0,True,1176,0.27213800904218033,-1,-1,0.0,56,56,-1.7649277887606198,,-1.7649277887606198,0.0013528138808453838,AUTO_KEEP
beta,beta_E,2024-07-08,sure,0,-1,-1,0,0.0,0.0,0.0,True,1176,0.383499656834978,-1,-1,0.0,53,53,-2.916617876358232,,-2.916617876358232,0.0006601300983661875,AUTO_KEEP
beta,beta_E,2024-07-09,sure,0,-1,-1,0,0.0,0.0,0.0,True,1176,0.38641673863878445,-1,-1,0.0,57,57,-2.768244252690843,,-2.768244252690843,0.0007148232730519525,AUTO_KEEP
beta,beta_E,2024-07-10,sure,0,-1,-1,0,0.0,0.0,0.0,True,1176,0.3451777964102911,-1,-1,0.0,58,58,-1.9566394821958983,,-1.9566394821958983,0.0011783234160941327,AUTO_KEEP
beta,beta_E,2024-07-11,sure,0,-1,-1,0,0.0,0.0,0.0,True,1176,0.33096948466945975,-1,-1,0.0,52,52,-2.711886866853416,,-2.711886866853416,0.000737372042260559,AUTO_KEEP
beta,beta_E,2024-07-12,sure,0,-1,-1,0,0.0,0.0,0.0,True,1176,0.27579798301065406,-1,-1,0.0,59,59,-2.3600821738807762,,-2.3600821738807762,0.0009053302305742453,AUTO_KEEP
beta,beta_E,2024-07-13,sure,0,-1,-1,0,0.0,0.0,0.0,True,1176,0.33427613963120884,-1,-1,0.0,47,47,-0.9959897027042645,,-0.9959897027042645,0.0026459071376457835,AUTO_KEEP
beta,beta_E,2024-07-14,sure,0,-1,-1,0,0.0,0.0,0.0,True,1176,0.31365296658762,-1,-1,0.0,51,51,-2.6227665792747072,,-2.6227665792747072,0.0007752447429284677,AUTO_KEEP
beta,beta_E,2024-07-15,sure,0,-1,-1,0,0.0,0.0,0.0,True,1176,0.3012530250592853,-1,-1,0.0,57,57,-3.863791632544614,,-3.863791632544614,0.0004224004692218744,AUTO_KEEP
beta,beta_E,2024-07-16,sure,0,-1,-1,0,0.0,0.0,0.0,True,1176,0.3717170501185709,-1,-1,0.0,57,57,-3.1830382470366207,,-3.1830382470366207,0.0005763917790891416,AUTO_KEEP
beta,beta_E,2024-07-17,sure,0,-1,-1,0,0.0,0.0,0.0,True,1176,0.3632459529817922,-1,-1,0.0,56,56,-3.168846569384608,,-3.168846569384608,0.000580443751935512,AUTO_KEEP
beta,beta_E,2024-07-18,sure,0,-1,-1,0,0.0,0.0,0.0,True,1176,0.36001336425243835,-1,-1,0.0,54,54,-2.4039146108315537,,-2.4039146108315537,0.0008814708673161048,AUTO_KEEP
beta,beta_E,2024-07-19,sure,0,-1,-1,0,0.0,0.0,0.0,True,1176,0.12885768236719386,-1,-1,0.0,44,44,-3.12919296072807,,-3.12919296072807,0.0005919923509080231,AUTO_KEEP
beta,beta_E,2024-07-20,sure,0,-1,-1,0,0.0,0.0,0.0,True,1176,0.3494182644740267,-1,-1,0.0,69,69,-1.094801404497675,,-1.094801404497675,0.002395534998665903,AUTO_KEEP
beta,beta_E,2024-07-21,sure,0,-1,-1,0,0.0,0.0,0.0,True,1176,0.44488216555779836,-1,-1,0.0,45,45,-2.704961377191771,,-2.704961377191771,0.0007402155948037458,AUTO_KEEP
beta,beta_E,2024-07-22,sure,0,-1,-1,0,0.0,0.0,0.0,True,1176,0.3882445911596033,-1,-1,0.0,50,50,-1.7602332452442628,,-1.7602332452442628,0.0013575572421034724,AUTO_KEEP
beta,beta_E,2024-07-23,sure,0,-1,-1,0,0.0,0.0,0.0,True,1176,0.3509487338677886,-1,-1,0.0,52,52,-2.2833128165368484,,-2.2833128165368484,0.0009494905759830903,AUTO_KEEP
beta,beta_E,2024-07-24,sure,0,-1,-1,0,0.0,0.0,0.0,True,1176,0.41463576095932986,-1,-1,0.0,48,48,-2.2464354476073227,,-2.2464354476073227,0.0009718486013571031,AUTO_KEEP
beta,beta_E,2024-07-25,sure,0,-1,-1,0,0.0,0.0,0.0,True,1176,0.2760783497442709,-1,-1,0.0,47,47,-1.6247561567250952,,-1.6247561567250952,0.0015058225904596326,AUTO_KEEP
beta,beta_E,2024-07-26,sure,0,-1,-1,0,0.0,0.0,0.0,True,1176,0.3178008643863066,-1,-1,0.0,48,48,-1.510096145836144,,-1.510096145836144,0.0016508998483233189,AUTO_KEEP
beta,beta_E,2024-07-27,sure,0,-1,-1,0,0.0,0.0,0.0,True,1176,0.2958290242882713,-1,-1,0.0,61,61,-2.8091316462643188,,-2.8091316462643188,0.0006990988912565848,AUTO_KEEP
beta,beta_E,2024-07-28,sure,0,-1,-1,0,0.0,0.0,0.0,True,1176,0.3190954498094598,-1,-1,0.0,45,45,-2.738502969374817,,-2.738502969374817,0.0007265932393154134,AUTO_KEEP
beta,beta_E,2024-07-29,sure,0,-1,-1,0,0.0,0.0,0.0,True,1176,0.4223144086668036,-1,-1,0.0,53,53,-2.6500283413726407,,-2.6500283413726407,0.0007633587147908527,AUTO_KEEP
beta,beta_E,2024-07-30,sure,0,-1,-1,0,0.0,0.0,0.0,True,1176,0.36759257300955994,-1,-1,0.0,53,53,-1.5991568026428071,,-1.5991568026428071,0.001536524668609834,AUTO_KEEP
beta,beta_E,2024-07-31,sure,0,-1,-1,0,0.0,0.0,0.0,True,1176,0.2385308270830393,-1,-1,0.0,60,60,-1.8762913362272762,,-1.8762913362272762,0.0012471355969663352,AUTO_KEEP
beta,beta_E,2024-08-01,sure,0,-1,-1,0,0.0,0.0,0.0,True,1176,0.32016309242055563,-1,-1,0.0,45,45,-2.1230146727694774,,-2.1230146727694774,0.0010526436561604394,AUTO_KEEP
beta,beta_E,2024-08-02,sure,0,-1,-1,0,0.0,0.0,0.0,True,1176,0.3109880166119048,-1,-1,0.0,54,54,-2.6665197217463406,,-2.6665197217463406,0.0007562994012684077,AUTO_KEEP
beta,beta_E,2024-08-03,sure,0,-1,-1,0,0.0,0.0,0.0,True,1176,0.24620560852023132,-1,-1,0.0,49,49,-2.594399468229436,,-2.594399468229436,0.0007879067031578101,AUTO_KEEP
beta,beta_E,2024-08-04,sure,0,-1,-1,0,0.0,0.0,0.0,True,136,0.3170474481372443,-1,-1,0.0,31,31,-4.1087523395453935,,-4.1087523395453935,0.00038170523221332347,AUTO_KEEP
beta,beta_E,2024-08-05,sure,0,-1,-1,0,0.0,0.0,0.0,True,465,0.35157799999999995,-1,-1,0.0,52,52,-2.9164794246650634,,-2.9164794246650634,0.0006601781990892867,AUTO_KEEP
beta,beta_E,2024-08-06,sure,0,-1,-1,0,0.0,0.0,0.0,True,1176,0.3082929856752248,-1,-1,0.0,49,49,-1.5249324801853734,,-1.5249324801853734,0.0016309871876444314,AUTO_KEEP
beta,beta_E,2024-08-07,sure,0,-1,-1,0,0.0,0.0,0.0,True,1176,0.3826300592793377,-1,-1,0.0,55,55,-1.4205072397263445,,-1.4205072397263445,0.0017791791740660718,AUTO_KEEP
beta,beta_E,2024-08-08,sure,0,-1,-1,0,0.0,0.0,0.0,True,1176,0.36376641468371496,-1,-1,0.0,53,53,-2.1162166042543222,,-2.1162166042543222,0.001057380413934029,AUTO_KEEP
beta,beta_E,2024-08-09,sure,0,-1,-1,0,0.0,0.0,0.0,True,1176,0.29827459218967256,-1,-1,0.0,53,53,-1.4206333692060378,,-1.4206333692060378,0.0017789883117197837,AUTO_KEEP
beta,beta_E,2024-08-10,sure,0,-1,-1,0,0.0,0.0,0.0,True,1176,0.34163064670818777,-1,-1,0.0,46,46,-1.2156326678159841,,-1.2156326678159841,0.002134438666806803,AUTO_KEEP
beta,beta_E,2024-08-11,sure,0,-1,-1,0,0.0,0.0,0.0,True,1176,0.28299723154585443,-1,-1,0.0,54,54,-2.0203311271694,,-2.0203311271694,0.0011277048329854495,AUTO_KEEP
beta,beta_E,2024-08-12,sure,0,-1,-1,0,0.0,0.0,0.0,True,1176,0.3797531042559541,-1,-1,0.0,37,37,-2.9570464591725676,,-2.9570464591725676,0.0006463039490833798,AUTO_KEEP
beta,beta_E,2024-08-13,sure,0,-1,-1,0,0.0,0.0,0.0,True,1176,0.33286884799445016,-1,-1,0.0,53,53,-1.7732565208122246,,-1.7732565208122246,0.0013444588609699136,AUTO_KEEP
beta,beta_E,2024-08-14,sure,0,-1,-1,0,0.0,0.0,0.0,True,1176,0.3748658444046882,-1,-1,0.0,24,24,-4.038044550596523,,-4.038044550596523,0.0003928324887616255,AUTO_KEEP
beta,beta_E,2024-08-15,sure,0,-1,-1,0,0.0,0.0,0.0,True,1176,0.3555734671445663,-1,-1,0.0,50,50,-1.4603860593438338,,-1.4603860593438338,0.00172031450682433,AUTO_KEEP
beta,beta_E,2024-08-16,sure,0,-1,-1,0,0.0,0.0,0.0,True,1176,0.2758310246229101,-1,-1,0.0,58,58,-2.1462348889529865,,-2.1462348889529865,0.0010366996141548796,AUTO_KEEP
beta,beta_E,2024-08-17,sure,0,-1,-1,0,0.0,0.2130735,0.0,True,1176,0.2466612809989268,51,51,0.5733052853800247,48,48,-0.8183109847366064,0.5733052853800247,0.5733052853800247,0.02733395823231781,AUTO_KEEP
beta,beta_E,2024-08-18,sure,0,-1,-1,0,0.0,0.0,0.0,True,1176,0.33188090420207317,-1,-1,0.0,44,44,-1.8965602661180718,,-1.8965602661180718,0.001229225053128849,AUTO_KEEP
beta,beta_E,2024-08-19,sure,0,-1,-1,0,0.0,0.0,0.0,True,1176,0.34395961720181134,-1,-1,0.0,52,52,-2.006188503599318,,-2.006188503599318,0.001138661965334559,AUTO_KEEP
beta,beta_E,2024-08-20,sure,0,-1,-1,0,0.0,1.7533675,0.0,True,1176,0.301731960562968,45,55,11.203207019995208,56,56,-1.4883361735295204,11.203207019995208,11.203207019995208,0.6577321072882171,UNCERTAIN
beta,beta_E,2024-08-21,unsure,0,-1,-1,0,0.0,1.0194385,0.0,True,1176,0.36575554068928895,46,51,7.561476315320954,54,54,-0.07382399863815048,7.561476315320954,7.561476315320954,0.4805579927224945,UNCERTAIN
beta,beta_E,2024-08-22,sure,0,-1,-1,0,0.0,0.2289585,0.0,True,1176,0.27003652490904884,52,52,2.8016537279143576,48,48,2.3647858804180295,0.4368678474963281,2.8016537279143576,0.14776530249017608,AUTO_KEEP
beta,beta_E,2024-08-23,unsure,0,-1,-1,0,0.0,0.7296675000000001,0.0,True,1176,0.345241569080863,48,52,4.475117958812197,55,55,0.6786224070330282,3.7964955517791683,4.475117958812197,0.2689659403650362,AUTO_KEEP
beta,beta_E,2024-08-24,sure,0,-1,-1,0,0.0,0.281589,0.0,True,1176,0.323852768125521,48,48,0.0009519547630687287,49,49,-0.815620198560063,0.0009519547630687287,0.0009519547630687287,0.010936649846472898,AUTO_KEEP
beta,beta_E,2024-08-25,sure,0,-1,-1,0,0.0,0.0,0.0,True,1176,0.22554909948556912,-1,-1,0.0,49,49,-3.06836051493725,,-3.06836051493725,0.0006103832268461344,AUTO_KEEP
beta,beta_E,2024-08-26,sure,1,45,56,12,2.8297295,2.8297295,2.8297295,True,1176,0.3644867935952236,45,56,22.15951285642606,43,43,-1.4134847392318208,22.15951285642606,22.15951285642606,0.8781123709201601,AUTO_CORRECT
beta,beta_E,2024-08-27,sure,1,44,56,13,4.8042535,4.9540679999999995,4.8042535,True,1176,0.3122574704755188,44,57,31.86750531461861,41,41,-0.7719698677386483,31.86750531461861,31.86750531461861,0.9368328157844437,AUTO_CORRECT
beta,beta_E,2024-08-28,sure,1,43,56,14,3.8192485,3.8192485,3.8192485,True,1176,0.3055884531885429,43,56,23.712291440117642,42,42,-1.508720198266301,23.712291440117642,23.712291440117642,0.8917287718048234,AUTO_CORRECT
beta,beta_E,2024-08-29,sure,1,46,55,10,3.229397,3.3775855,3.229397,True,1176,0.35439621987368675,46,56,18.305379719892887,41,41,-1.1847033693492068,18.305379719892887,18.305379719892887,0.8319137134144253,AUTO_CORRECT
beta,beta_E,2024-08-30,sure,1,46,55,10,1.5871254999999997,1.8341115,1.5871254999999997,True,1176,0.2775164624823434,44,55,14.541550259813894,56,56,-2.0772788794707244,14.541550259813894,14.541550259813894,0.7598685959266905,AUTO_CORRECT
beta,beta_E,2024-08-31,sure,1,46,55,10,2.2036925,2.4388635,2.2036925,True,1176,0.2813883097094534,44,55,22.08148126745999,41,41,-1.3035356696175069,22.08148126745999,22.08148126745999,0.8773653641290458,AUTO_CORRECT
beta,beta_E,2024-09-01,sure,1,47,55,9,1.511958,2.0932095,1.511958,True,1176,0.24157353054724062,44,55,13.379569581104995,57,57,-1.4297465429495064,13.379569581104995,13.379569581104995,0.7294203118458006,AUTO_CORRECT
beta,beta_E,2024-09-02,sure,1,44,55,12,3.7746614999999997,4.355399500000001,3.7746614999999997,True,1176,0.34371002976040277,42,56,25.30942201561335,39,39,-1.5401321263568217,25.30942201561335,25.30942201561335,0.9035834640551914,AUTO_CORRECT
beta,beta_E,2024-09-03,sure,1,42,59,18,6.143551999999999,5.731194499999999,5.731194499999999,True,1176,0.3870159221390175,42,57,27.74642693976036,59,59,-1.3340937394317534,27.74642693976036,27.74642693976036,0.9183698818088852,AUTO_CORRECT
beta,beta_E,2024-09-04,sure,1,45,56,12,3.335648,3.6194754999999996,3.335648,True,1176,0.27215940415710804,44,57,24.76195932366321,42,42,-1.474971683150415,24.76195932366321,24.76195932366321,0.8997382601279982,AUTO_CORRECT
beta,beta_E,2024-09-05,sure,1,44,57,14,4.0321215,4.0321215,4.0321215,True,1176,0.2852484860103228,44,57,23.634667258386255,42,42,1.4077250746943948,22.22694218369186,23.634667258386255,0.89110069185457,AUTO_CORRECT
beta,beta_E,2024-09-06,sure,1,40,53,14,3.551898499999999,3.671924499999999,3.167224499999999,True,1176,0.36899911363907023,42,55,18.78118852532665,40,40,-2.0046181051164416,18.78118852532665,18.78118852532665,0.8388192335374614,AUTO_CORRECT
beta,beta_E,2024-09-07,unsure,0,-1,-1,0,0.0,4.5485165,0.0,True,1176,0.225039607456349,41,56,7.258434072284936,38,38,-1.9110768287792559,7.258434072284936,7.258434072284936,0.46203927448904547,UNCERTAIN
beta,beta_E,2024-09-08,unsure,0,-1,-1,0,0.0,0.0,0.0,True,1176,0.232216763956691,-1,-1,0.0,42,42,-2.6944375954223214,,-2.6944375954223214,0.0007445678395976771,AUTO_KEEP
beta,beta_E,2024-09-09,unsure,1,50,58,9,2.3204394999999995,2.1964815,1.982252,True,1176,0.3099477281369154,51,59,6.390630755938392,50,50,-0.7947196745867339,6.390630755938392,6.390630755938392,0.4058566432934214,UNCERTAIN
beta,beta_E,2024-09-10,unsure,1,43,55,13,2.6256835,3.2082550000000003,2.6256835,True,1176,0.3218307685379287,43,58,20.297851767520054,42,42,1.3827861441927183,18.915065623327337,20.297851767520054,0.8583724070735447,AUTO_CORRECT
beta,beta_E,2024-09-11,sure,1,45,52,8,2.7567304999999998,4.3546785,2.7567304999999998,True,1176,0.3530750859606613,40,54,14.144666916994758,57,57,-0.6306782898134164,14.144666916994758,14.144666916994758,0.7499985598577699,AUTO_CORRECT
beta,beta_E,2024-09-12,sure,0,-1,-1,0,0.0,0.0,0.0,True,1176,0.2541534122451452,-1,-1,0.0,48,48,-0.14445052246567486,,-0.14445052246567486,0.00828584576577901,AUTO_KEEP
beta,beta_E,2024-09-13,sure,0,-1,-1,0,0.0,0.0,0.0,True,1176,0.28221092859819663,-1,-1,0.0,58,58,-1.414161965340015,,-1.414161965340015,0.0017888203598399042,AUTO_KEEP
beta,beta_E,2024-09-14,unsure,1,47,55,9,1.6252515,2.2541325,1.6252515,True,1176,0.25749537602476025,43,55,16.207719679004928,56,57,0.19631347085075881,16.01140620815417,16.207719679004928,0.7960859206369617,AUTO_CORRECT
beta,beta_E,2024-09-15,sure,0,-1,-1,0,0.0,0.0,0.0,True,1176,0.33027324040086725,-1,-1,0.0,49,49,-0.7263390873272381,,-0.7263390873272381,0.0035659805244543613,AUTO_KEEP
beta,beta_E,2024-09-16,sure,1,43,56,14,4.550455500000001,4.927312,4.550455500000001,True,1176,0.4052540324696965,42,57,28.933594916660706,40,40,-1.8438109874817643,28.933594916660706,28.933594916660706,0.9244125307526899,AUTO_CORRECT
beta,beta_E,2024-09-17,sure,1,42,57,16,5.40334,5.4597105,5.3004435,True,1176,0.39105528017908586,43,58,31.533177934135278,59,59,-2.2927183783542495,31.533177934135278,31.533177934135278,0.9355733736672327,AUTO_CORRECT
beta,beta_E,2024-09-18,sure,1,42,59,18,7.690305,7.6672175000000005,7.5388945000000005,True,1176,0.37670241544846217,41,58,48.2779530073481,38,38,-1.2247805997299581,48.2779530073481,48.2779530073481,0.9715853665971221,AUTO_CORRECT
beta,beta_E,2024-09-19,sure,1,42,57,16,6.861732,7.248809999999999,6.861732,True,1176,0.32543970823866175,41,58,40.93041770572576,37,37,-1.4637220873070078,40.93041770572576,40.93041770572576,0.9607966070135285,AUTO_CORRECT
beta,beta_E,2024-09-20,sure,1,42,59,18,7.3398495,7.3398485,7.2281685,True,1176,0.30179263560606095,41,58,37.112085560990565,59,59,-1.1720205806953765,37.112085560990565,37.112085560990565,0.9526675457793892,AUTO_CORRECT
beta,beta_E,2024-09-21,sure,1,44,57,14,3.441631,3.5471140000000005,3.441631,True,1176,0.34873947729766996,43,57,27.426587988558154,41,41,-0.9155915999158762,27.426587988558154,27.426587988558154,0.9166231147868878,AUTO_CORRECT
beta,beta_E,2024-09-22,sure,1,43,56,14,3.1780344999999994,3.6878385,3.1780344999999994,True,1176,0.23459806313831066,41,57,18.612285784155432,39,39,-2.3793763366976983,18.612285784155432,18.612285784155432,0.8364136306572688,AUTO_CORRECT
beta,beta_E,2024-09-23,sure,1,40,55,16,5.0692255,5.443864999999999,4.953249,True,1176,0.39917305965885674,41,57,30.455469016086052,40,40,-1.7068741041923512,30.455469016086052,30.455469016086052,0.9312564177925725,AUTO_CORRECT
beta,beta_E,2024-09-24,unsure,0,-1,-1,0,0.0,4.4108365,0.0,True,1176,0.3038557814107383,39,56,11.03971634707803,38,38,-1.7420427383543273,11.03971634707803,11.03971634707803,0.6514422642846478,UNCERTAIN
beta,beta_E,2024-09-25,sure,0,-1,-1,0,0.0,0.0,0.0,True,1176,0.3075528518921615,-1,-1,0.0,58,58,-1.747679285621081,,-1.747679285621081,0.0013703636865609746,AUTO_KEEP
beta,beta_E,2024-09-26,sure,0,-1,-1,0,0.0,0.0,0.0,True,1176,0.30285849257458164,-1,-1,0.0,57,57,-3.864905464891499,,-3.864905464891499,0.0004222011120402007,AUTO_KEEP
beta,beta_E,2024-09-27,sure,0,-1,-1,0,0.0,0.3617085,0.0,True,1176,0.2740527625420972,52,53,0.8126404092799164,49,49,-0.47246724235979304,0.8126404092799164,0.8126404092799164,0.03626910188455104,AUTO_KEEP
beta,beta_E,2024-09-28,sure,0,-1,-1,0,0.0,0.7382775,0.0,True,1176,0.2855209328705044,54,56,1.1714027167405683,46,47,0.3263975603647078,0.8450051563758605,1.1714027167405683,0.051790055320908884,AUTO_KEEP
beta,beta_E,2024-09-29,sure,0,-1,-1,0,0.0,0.0,0.0,True,1176,0.4451706847972563,-1,-1,0.0,47,47,-0.9820701281470311,,-0.9820701281470311,0.0026842716818371803,AUTO_KEEP
beta,beta_E,2024-09-30,sure,0,-1,-1,0,0.0,0.493409,0.0,True,1176,0.2759447789513949,53,54,3.309522151980112,58,58,-0.6688281861382418,3.309522151980112,3.309522151980112,0.18337968211579922,AUTO_KEEP
beta,beta_F,2023-10-01,sure,1,39,59,21,6.289676,6.4277155,6.289676,True,1176,0.023097392761564306,39,60,32.00027087330959,37,37,-0.9441166017300614,32.00027087330959,32.00027087330959,0.9325492687508203,AUTO_CORRECT
beta,beta_F,2023-10-02,sure,1,39,64,26,10.658316,10.7051675,10.658316,True,1176,0.038711383415923395,38,64,72.83308128351558,37,37,-3.1622284526583146,72.83308128351558,72.83308128351558,0.9860452361088268,AUTO_CORRECT
beta,beta_F,2023-10-03,sure,1,37,62,26,11.4087805,11.4631795,11.3345075,True,1176,0.05328323549233693,36,61,56.34636706549453,62,62,-1.1562273625394195,56.34636706549453,56.34636706549453,0.9769319294369954,AUTO_CORRECT
beta,beta_F,2023-10-04,unsure,1,37,52,16,3.2843834999999997,3.4124304999999997,3.2843834999999997,True,1176,0.05245796075127718,37,53,19.63324260587779,54,54,-0.5752813236413773,19.63324260587779,19.63324260587779,0.8422659180831292,AUTO_CORRECT
beta,beta_F,2023-10-05,sure,1,37,66,30,18.191566999999996,18.656162499999997,18.191566999999996,True,1176,0.04645460977843219,36,68,50.63663123148219,69,69,-2.2341420504617693,50.63663123148219,50.63663123148219,0.971626217558156,AUTO_CORRECT
beta,beta_F,2023-10-06,sure,1,37,60,24,10.9260625,13.187180000000001,10.9260625,True,1176,0.047601404856445706,36,65,32.07268340115822,66,66,-1.1431289601134689,32.07268340115822,32.07268340115822,0.9328280352508551,AUTO_CORRECT
beta,beta_F,2023-10-07,sure,0,-1,-1,0,0.0,0.49645550000000005,0.0,True,1176,0.03752656545928468,49,52,1.2128981166700685,45,45,-0.17734710665882034,1.2128981166700685,1.2128981166700685,0.0548049267953658,AUTO_KEEP
beta,beta_F,2023-10-08,sure,1,48,66,19,6.9720675000000005,9.047849,6.9720675000000005,True,1176,0.053842108075118134,36,67,41.14211242807957,35,35,-2.0759046330114006,41.14211242807957,41.14211242807957,0.9577869682462006,AUTO_CORRECT
beta,beta_F,2023-10-09,sure,1,38,67,30,18.993105500000002,19.028522499999998,18.993105500000002,True,1176,0.042862964458252995,37,67,81.66060567920718,68,68,-1.584025996806925,81.66060567920718,81.66060567920718,0.9888672320927093,AUTO_CORRECT
beta,beta_F,2023-10-10,sure,1,38,64,27,8.689570999999999,9.0771325,8.689570999999999,True,1176,0.02886495951172119,37,66,37.41476463432821,67,67,-1.5246771375025996,37.41476463432821,37.41476463432821,0.9495160081528123,AUTO_CORRECT
beta,beta_F,2023-10-11,sure,1,40,66,27,11.0811765,11.123280000000001,11.034864500000001,True,1176,0.0348974741046848,41,67,48.869241822233825,40,40,-0.29346600269312356,48.869241822233825,48.869241822233825,0.969615097955878,AUTO_CORRECT
beta,beta_F,2023-10-12,sure,1,36,65,30,17.205979000000003,17.136562,17.136562,True,1176,0.04389090556083808,36,64,54.28718981999207,65,65,-1.0371432422689622,54.28718981999207,54.28718981999207,0.9752021456871097,AUTO_CORRECT
beta,beta_F,2023-10-13,sure,1,36,67,32,21.041597,21.041597,21.041597,True,1176,0.051502955462893185,36,67,83.59832503721823,35,35,-2.26978487282019,83.59832503721823,83.59832503721823,0.9893723081829472,AUTO_CORRECT
beta,beta_F,2023-10-14,sure,1,37,66,30,16.9816645,16.9816645,16.9816645,True,1176,0.04900058006800423,37,66,69.68469746906645,67,67,-3.1665261455336524,69.68469746906645,69.68469746906645,0.9847769062764506,AUTO_CORRECT
beta,beta_F,2023-10-15,sure,1,38,65,28,14.791442499999999,14.994148,14.791442499999999,True,1176,0.040205425689237684,36,65,76.29351607911936,35,35,-2.675524844757751,76.29351607911936,76.29351607911936,0.9872660670910643,AUTO_CORRECT
beta,beta_F,2023-10-16,sure,1,36,59,24,11.3763185,11.7945295,11.3763185,True,1176,0.03426107866399408,36,62,49.95511040368424,63,63,-0.9719079329653961,49.95511040368424,49.95511040368424,0.970874703249904,AUTO_CORRECT
beta,beta_F,2023-10-17,sure,1,36,53,18,8.838405999999999,13.995858000000002,8.838405999999999,True,1176,0.045313836357691706,35,67,31.550534729348723,68,68,-1.1818315743865855,31.550534729348723,31.550534729348723,0.9307795822589197,AUTO_CORRECT
beta,beta_F,2023-10-18,sure,1,43,66,24,6.1145205,6.2404095,6.1145205,True,1176,0.050488116484214585,43,67,28.45118049106723,40,41,1.8881704436534001,26.56301004741383,28.45118049106723,0.916523742737282,AUTO_CORRECT
beta,beta_F,2023-10-19,sure,1,49,68,20,8.003155000000001,8.2038145,8.003155000000001,True,1176,0.04805034897936955,46,68,47.79439670944498,42,42,-1.3089179764268377,47.79439670944498,47.79439670944498,0.9682873544314385,AUTO_CORRECT
beta,beta_F,2023-10-20,sure,1,36,65,30,18.416688,18.631758,18.416688,True,1176,0.05074025197967402,35,66,74.19929731786112,34,34,-3.239363850370861,74.19929731786112,74.19929731786112,0.9865472049546569,AUTO_CORRECT
beta,beta_F,2023-10-21,sure,1,37,60,24,10.2670755,10.210452499999999,10.210452499999999,True,1176,0.04148622440045502,38,60,35.04350227230063,37,37,-1.017932600349611,35.04350227230063,35.04350227230063,0.9429573516517175,AUTO_CORRECT
beta,beta_F,2023-10-22,sure,1,38,60,23,7.0476659999999995,7.2284820000000005,7.0476659999999995,True,1176,0.03034066228727239,37,61,51.74839294836965,65,65,-2.6732387538557614,51.74839294836965,51.74839294836965,0.9727919965479168,AUTO_CORRECT
beta,beta_F,2023-10-23,sure,1,36,65,30,17.320222499999996,17.391159,17.320222499999996,True,1176,0.05187032068975905,35,65,75.33891811401881,66,66,-2.484881055919498,75.33891811401881,75.33891811401881,0.986945659238417,AUTO_CORRECT
beta,beta_F,2023-10-24,sure,1,35,63,29,16.748397,17.1417355,16.748397,True,1176,0.04117602504550133,35,65,63.7209080185479,34,34,-2.231929094492117,63.7209080185479,63.7209080185479,0.9818548112359093,AUTO_CORRECT
beta,beta_F,2023-10-25,sure,1,37,63,27,13.727044500000002,13.926458,13.727044500000002,True,1176,0.05067022497045626,36,64,67.73510358260941,35,35,-0.8931404127454385,67.73510358260941,67.73510358260941,0.9839037516706284,AUTO_CORRECT
beta,beta_F,2023-10-26,sure,0,-1,-1,0,0.0,0.0,0.0,True,1176,0.033226549148806184,-1,-1,0.0,62,62,-1.2097312903951576,,-1.2097312903951576,0.002322225817625098,AUTO_KEEP
beta,beta_F,2023-10-27,unsure,0,-1,-1,0,0.0,2.2571625,0.0,True,1176,0.04260958071196708,51,64,8.183077562862637,47,48,0.9418190255959606,7.241258537266677,8.183077562862637,0.5088038067974289,UNCERTAIN
beta,beta_F,2023-10-28,unsure,0,-1,-1,0,0.0,7.151278,0.0,True,1176,0.04510828245326293,37,64,15.040337252225198,65,65,-1.0379037752848064,15.040337252225198,15.040337252225198,0.7622574027987925,AUTO_CORRECT
beta,beta_F,2023-10-29,sure,1,37,66,30,15.9579185,15.911749,15.911749,True,1176,0.04136810740636698,37,65,73.68437721379637,66,66,-0.4357465935929554,73.68437721379637,73.68437721379637,0.9863612157330147,AUTO_CORRECT
beta,beta_F,2023-10-30,sure,1,35,65,31,19.1237945,19.074274999999997,19.074274999999997,True,1176,0.027270624943694033,36,65,71.84575718705366,35,35,-0.8276484500900669,71.84575718705366,71.84575718705366,0.985664948417231,AUTO_CORRECT
beta,beta_F,2023-10-31,sure,1,42,65,24,14.819193,15.402509499999999,14.819193,True,1176,0.044953403989111296,39,67,55.50016684419363,38,38,-0.8786820238418693,55.50016684419363,55.50016684419363,0.9762434157142261,AUTO_CORRECT
beta,beta_F,2023-11-01,sure,1,38,60,23,5.219312,5.174929000000001,5.174929000000001,True,1176,0.021501096392587238,38,59,36.855879883264265,61,67,7.364883811048084,29.49099607221618,36.855879883264265,0.9480737024863712,AUTO_CORRECT
beta,beta_F,2023-11-02,sure,1,36,67,32,10.444968500000002,10.382217,10.382217,True,1176,0.027696989785819248,36,66,33.1469127965,67,67,-1.282849847749675,33.1469127965,33.1469127965,0.9367735311411067,AUTO_CORRECT
beta,beta_F,2023-11-03,sure,1,39,65,27,9.711282500000001,10.144442000000002,9.711282500000001,True,1176,0.0414735545167102,37,66,55.825527602967995,33,33,-1.3474213232408503,55.825527602967995,55.825527602967995,0.9765117041710706,AUTO_CORRECT
beta,beta_F,2023-11-04,unsure,0,-1,-1,0,0.0,3.476452,0.0,True,1176,0.04713204551653294,47,63,10.631619571187533,46,46,0.8085326149912833,9.82308695619625,10.631619571187533,0.6257545007653558,UNCERTAIN
beta,beta_F,2023-11-05,sure,0,-1,-1,0,0.0,0.0,0.0,True,1176,0.05250701849810224,-1,-1,0.0,59,59,-2.071973128152597,,-2.071973128152597,0.0011927485378386334,AUTO_KEEP
beta,beta_F,2023-11-06,sure,0,-1,-1,0,0.0,4.393648000000001,0.0,True,1176,0.049976633553614924,37,56,8.03202819650339,36,36,-0.07368854738657915,8.03202819650339,8.03202819650339,0.5004050278409298,UNCERTAIN
beta,beta_F,2023-11-07,sure,1,35,65,31,12.976374999999999,13.0576835,12.976374999999999,True,1176,0.04560529070281971,35,66,69.84181572091352,68,68,-0.6440762964485547,69.84181572091352,69.84181572091352,0.9848441898624452,AUTO_CORRECT
beta,beta_F,2023-11-08,sure,1,35,62,28,15.483488999999999,17.8503415,15.483488999999999,True,1176,0.03886895033164084,33,65,35.27434199522805,32,32,-3.175725865300721,35.27434199522805,35.27434199522805,0.9436490192795677,AUTO_CORRECT
beta,beta_F,2023-11-09,sure,1,43,58,16,8.922716999999999,10.581846500000001,8.922716999999999,True,1176,0.03302128804677129,38,60,27.437102530434036,37,37,-1.1732068665346411,27.437102530434036,27.437102530434036,0.9109299816320215,AUTO_CORRECT
beta,beta_F,2023-11-10,sure,1,36,66,31,13.005103000000002,13.064661,13.005103000000002,True,1176,0.044038635682450256,35,66,70.92776867288549,67,67,-2.598809782653943,70.92776867288549,70.92776867288549,0.9852973808461707,AUTO_CORRECT
beta,beta_F,2023-11-11,sure,1,36,59,24,9.336224,9.5719545,9.336224,True,1176,0.05563953188759507,35,60,53.668060557811536,61,61,-2.640876653301433,53.668060557811536,53.668060557811536,0.9746444213046337,AUTO_CORRECT
beta,beta_F,2023-11-12,unsure,0,-1,-1,0,0.0,0.0,0.0,True,1176,0.038705671426844335,-1,-1,0.0,38,38,-1.5957852865255118,,-1.5957852865255118,0.0016769597687316144,AUTO_KEEP
beta,beta_F,2023-11-13,sure,0,-1,-1,0,0.0,5.629546,0.0,True,1176,0.0357002363148069,39,67,26.029869917556805,37,37,0.46408009769965797,25.565789819857148,26.029869917556805,0.9022280535620122,AUTO_CORRECT
beta,beta_F,2023-11-14,sure,1,34,64,31,16.535510000000002,16.484845500000002,16.484845500000002,True,1176,0.04370074316319217,35,64,66.011232820802,34,34,-0.2425073750069234,66.011232820802,66.011232820802,0.9830682343388658,AUTO_CORRECT
beta,beta_F,2023-11-15,unsure,1,35,65,31,9.867216500000001,7.595394999999999,7.595394999999999,True,1176,0.03403202814522599,35,57,38.34764477465206,61,61,-0.3152174253902974,38.34764477465206,38.34764477465206,0.9517957634309947,AUTO_CORRECT
beta,beta_F,2023-11-16,sure,1,37,60,24,10.9986605,9.660233,9.660233,True,1176,0.03350078006921664,37,56,38.24998119320597,57,57,-0.6386748159117015,38.24998119320597,38.24998119320597,0.9515642551855771,AUTO_CORRECT
beta,beta_F,2023-11-17,sure,1,51,67,17,5.1979869999999995,6.959857499999999,5.1979869999999995,True,1176,0.05057394178285679,44,69,28.83098862244885,43,43,-1.1856749069411552,28.83098862244885,28.83098862244885,0.9184883884785073,AUTO_CORRECT
beta,beta_F,2023-11-18,sure,1,40,67,28,11.57908,12.761238,11.57908,True,1176,0.053259990672999136,33,67,61.99131907682804,68,68,-1.4509991083379483,61.99131907682804,61.99131907682804,0.9808508947021484,AUTO_CORRECT
beta,beta_F,2023-11-19,sure,1,35,63,29,15.637226499999999,15.757774499999998,15.637226499999999,True,1176,0.03935971939817806,34,63,70.06507212652431,64,64,-1.1511145383555812,70.06507212652431,70.06507212652431,0.9849390386828554,AUTO_CORRECT
beta,beta_F,2023-11-20,sure,0,-1,-1,0,0.0,1.267938,0.0,True,1176,0.029474454012159867,54,58,1.7071419749279855,48,48,-0.7655529174444312,1.7071419749279855,1.7071419749279855,0.08022972610506308,AUTO_KEEP
beta,beta_F,2023-11-21,sure,0,-1,-1,0,0.0,5.541646999999999,0.0,True,1176,0.0333898200581757,35,65,14.877436793008485,66,66,-0.5348383002355777,14.877436793008485,14.877436793008485,0.7584897208723312,AUTO_CORRECT
beta,beta_F,2023-11-22,sure,0,-1,-1,0,0.0,0.8840585000000001,0.0,True,1176,0.02960358393345386,59,64,4.364801984011784,53,54,1.8109014329105502,2.5539005511012336,4.364801984011784,0.2585242004834728,AUTO_KEEP
beta,beta_F,2023-11-23,sure,0,-1,-1,0,0.0,3.5159870000000004,0.0,True,1176,0.03944987111376386,47,63,4.211069237111702,38,38,-1.216393833483211,4.211069237111702,4.211069237111702,0.24739541003551896,AUTO_KEEP
beta,beta_F,2023-11-24,sure,0,-1,-1,0,0.0,0.0,0.0,True,1128,0.01750637676311273,-1,-1,0.0,47,47,-0.4074491912552009,,-0.4074491912552009,0.005771223084008227,AUTO_KEEP
beta,beta_F,2023-11-25,sure,0,-1,-1,0,0.0,0.0,0.0,True,1176,0.042723872472667956,-1,-1,0.0,51,51,-0.5440698602621533,,-0.5440698602621533,0.00478840173915466,AUTO_KEEP
beta,beta_F,2023-11-26,sure,1,37,61,25,8.736921500000001,7.378003,7.2099535,True,1176,0.03641713775890776,35,55,29.07833774639384,60,63,0.8742603442333313,28.204077402160507,29.07833774639384,0.9197320375424443,AUTO_CORRECT
beta,beta_F,2023-11-27,sure,1,37,54,18,7.441797000000001,15.182747,7.441797000000001,True,1176,0.04350848989067213,33,69,30.888517036729663,70,70,-0.8698249313458579,30.888517036729663,30.888517036729663,0.9280491135775689,AUTO_CORRECT
beta,beta_F,2023-11-28,sure,0,-1,-1,0,0.0,0.0,0.0,True,1176,0.03940392313662455,-1,-1,0.0,55,55,-0.6974754583646471,,-0.6974754583646471,0.003955664816396919,AUTO_KEEP
beta,beta_F,2023-11-29,unsure,1,37,59,23,7.134394,6.366146499999999,5.8741145,True,1176,0.049507103758719806,34,55,23.830224635674547,57,58,1.8840400754359439,21.946184560238603,23.830224635674547,0.8859757174450016,AUTO_CORRECT
beta,beta_F,2023-11-30,unsure,1,36,66,31,8.7001135,8.627393000000001,8.5734735,True,1176,0.055402783856449256,35,65,15.141540777677056,66,66,-0.775993200690122,15.141540777677056,15.141540777677056,0.7645586630786273,AUTO_CORRECT
beta,beta_F,2023-12-01,unsure,1,36,59,24,7.2521700000000004,8.502180500000001,7.2521700000000004,True,1176,0.05406802124084398,34,61,25.330673655581265,62,62,-1.4557703630132148,25.330673655581265,25.330673655581265,0.8974436151102224,AUTO_CORRECT
beta,beta_F,2023-12-02,sure,0,-1,-1,0,0.0,0.0,0.0,True,1176,0.04012373405484615,-1,-1,0.0,44,46,-0.14719800413227616,,-0.14719800413227616,0.008706888409627607,AUTO_KEEP
beta,beta_F,2023-12-03,unsure,1,36,65,30,9.809323500000001,9.905999500000002,9.809323500000001,True,1176,0.03491464273673106,35,65,36.659971504018074,66,66,-0.8409700426580115,36.659971504018074,36.659971504018074,0.9475538052045182,AUTO_CORRECT
beta,beta_F,2023-12-04,sure,1,50,67,18,5.3025575,6.1229095000000004,5.2624895,True,1176,0.03609090256513259,45,66,29.615761941236997,37,39,4.673611453838741,24.942150487398255,29.615761941236997,0.92234104145947,AUTO_CORRECT
beta,beta_F,2023-12-05,sure,1,36,60,25,13.242836000000002,13.400123000000002,13.242836000000002,True,1176,0.041498717075875824,35,61,51.36740168900096,34,34,-1.6368857733444586,51.36740168900096,51.36740168900096,0.9724006066855931,AUTO_CORRECT
beta,beta_F,2023-12-06,sure,1,36,64,29,8.7579435,8.128612500000001,8.128612500000001,True,1176,0.03277325894556782,38,62,52.497478660010884,36,36,-0.8386380810419183,52.497478660010884,52.497478660010884,0.9735379537707364,AUTO_CORRECT
beta,beta_F,2023-12-07,sure,1,36,55,20,7.755242,7.755242,7.755242,True,1176,0.043302864711618705,36,55,31.665799575672153,35,35,-0.4794298873154104,31.665799575672153,31.665799575672153,0.9312395300601761,AUTO_CORRECT
beta,beta_F,2023-12-08,unsure,0,-1,-1,0,0.0,0.0,0.0,True,1176,0.06233711920746465,-1,-1,0.0,40,42,-0.40100020511038065,,-0.40100020511038065,0.005824852641418182,AUTO_KEEP
beta,beta_F,2023-12-09,sure,0,-1,-1,0,0.0,0.0,0.0,True,1176,0.053176438458959474,-1,-1,0.0,65,65,-3.180499609878626,,-3.180499609878626,0.0006393165307569051,AUTO_KEEP
beta,beta_F,2023-12-10,unsure,0,-1,-1,0,0.0,0.0,0.0,True,1176,0.04388198842104796,-1,-1,0.0,53,53,-1.415509977236065,,-1.415509977236065,0.0019397002398952108,AUTO_KEEP
beta,beta_F,2023-12-11,sure,1,38,54,17,4.542932999999999,4.16223,4.16223,True,1176,0.02993904143340065,38,52,21.396040065033304,53,53,-1.8879964409543415,21.396040065033304,21.396040065033304,0.863097825131467,AUTO_CORRECT
beta,beta_F,2023-12-12,sure,1,42,59,18,5.444183000000001,6.985303499999999,5.444183000000001,True,1176,0.03499236074363932,36,60,22.802852463020688,35,35,-1.4229228366132545,22.802852463020688,22.802852463020688,0.8770380656551084,AUTO_CORRECT
beta,beta_F,2023-12-13,sure,1,38,59,22,5.581597,1.39666,1.39666,True,1176,0.03546055690202321,38,44,12.61322318583815,46,54,5.14985599685289,7.46336718898526,12.61322318583815,0.6969325485358319,UNCERTAIN
beta,beta_F,2023-12-14,sure,0,-1,-1,0,0.0,0.0,0.0,True,1176,0.04677060672703748,-1,-1,0.0,49,49,-1.5992301342216517,,-1.5992301342216517,0.0016724679554103133,AUTO_KEEP
beta,beta_F,2023-12-15,unsure,0,-1,-1,0,0.0,8.9606845,0.0,True,1176,0.05453484669218511,37,60,7.565862339035893,61,61,-0.5311160700117925,7.565862339035893,7.565862339035893,0.47359178884467895,UNCERTAIN
beta,beta_F,2023-12-16,unsure,0,-1,-1,0,0.0,0.0,0.0,True,1176,0.0408252752680931,-1,-1,0.0,45,45,-1.1713739367559364,,-1.1713739367559364,0.002405879701945629,AUTO_KEEP
beta,beta_F,2023-12-17,unsure,0,-1,-1,0,0.0,1.1091229999999999,0.0,True,1176,0.04085272109372262,48,54,4.380244885591919,59,59,-1.1653360445449152,4.380244885591919,4.380244885591919,0.2596419769597228,AUTO_KEEP
beta,beta_F,2023-12-18,unsure,0,-1,-1,0,0.0,1.5450944999999998,0.0,True,1176,0.04289368407691008,46,53,3.371588016182403,55,55,-0.9914748418959771,3.371588016182403,3.371588016182403,0.18718576326738728,AUTO_KEEP
beta,beta_F,2023-12-19,sure,0,-1,-1,0,0.0,0.0,0.0,True,1176,0.04697245003893569,-1,-1,0.0,67,67,-1.832443620617815,,-1.832443620617815,0.001405652942016111,AUTO_KEEP
beta,beta_F,2023-12-20,sure,0,-1,-1,0,0.0,0.0,0.0,True,1176,0.022618007770229376,-1,-1,0.0,44,44,-3.2006542066753894,,-3.2006542066753894,0.0006331217765323634,AUTO_KEEP
beta,beta_F,2023-12-21,sure,0,-1,-1,0,0.0,1.1429464999999999,0.0,True,1176,0.038249951944254734,59,63,0.6732323172633996,64,64,-0.7308401723099667,0.6732323172633996,0.6732323172633996,0.03186342678827242,AUTO_KEEP
beta,beta_F,2023-12-22,sure,1,38,64,27,11.147763500000002,11.431437999999998,11.147763500000002,True,1176,0.02789329161468257,36,65,54.981744301432066,69,69,-1.4664289901965688,54.981744301432066,54.981744301432066,0.975806458183858,AUTO_CORRECT
beta,beta_F,2023-12-23,sure,1,36,65,30,7.584909,7.502915,7.4066114999999995,True,1176,0.03939205340584628,35,64,46.159652792966746,65,65,-1.1671664968116995,46.159652792966746,46.159652792966746,0.9660976552831239,AUTO_CORRECT
beta,beta_F,2023-12-24,unsure,0,-1,-1,0,0.0,3.3481164999999997,0.0,True,1176,0.042299431720020486,53,64,17.149755265128057,40,40,-0.30379344640876244,17.149755265128057,17.149755265128057,0.8046137409259341,AUTO_CORRECT
beta,beta_F,2023-12-25,unsure,0,-1,-1,0,0.0,5.513758,0.0,True,1176,0.0345965692659469,40,62,23.465034076207676,35,35,-0.556787466201533,23.465034076207676,23.465034076207676,0.8829081412527013,AUTO_CORRECT
beta,beta_F,2023-12-26,sure,0,-1,-1,0,0.0,5.706322,0.0,True,1176,0.04079398282050639,35,54,15.211202858838748,61,63,5.25276365304359,9.958439205795159,15.211202858838748,0.7661254199637104,AUTO_CORRECT
beta,beta_F,2023-12-27,unsure,1,37,60,24,6.092543,5.1222135,5.0385495,True,1176,0.04877583186272094,36,54,24.237794378046885,58,62,1.260735305670565,22.97705907237632,24.237794378046885,0.8892654731905969,AUTO_CORRECT
beta,beta_F,2023-12-28,unsure,0,-1,-1,0,0.0,4.2770790000000005,0.0,True,1176,0.04425154713399149,35,51,25.534376269488632,53,54,0.33201480505228376,25.202361464436347,25.534376269488632,0.8988716237313683,AUTO_CORRECT
beta,beta_F,2023-12-29,unsure,0,-1,-1,0,0.0,1.8114729999999999,0.0,True,1176,0.038631923966356174,39,48,11.854517419081283,36,36,-0.20155282618814505,11.854517419081283,11.854517419081283,0.6718493254712664,UNCERTAIN
beta,beta_F,2023-12-30,unsure,0,-1,-1,0,0.0,1.6089930000000001,0.0,True,1176,0.0369586089042635,38,46,12.195990019453372,37,37,-0.6153272558885944,12.195990019453372,12.195990019453372,0.6834501455375203,UNCERTAIN
beta,beta_F,2023-12-31,sure,0,-1,-1,0,0.0,0.0,0.0,True,1176,0.038989201783665495,-1,-1,0.0,54,54,-1.7512621780403341,,-1.7512621780403341,0.0014908208594162533,AUTO_KEEP
beta,beta_F,2024-01-01,sure,0,-1,-1,0,0.0,1.3762064999999999,0.0,True,1176,0.040360823663594836,55,57,0.017833399117205596,58,58,-1.220886424762955,0.017833399117205596,0.017833399117205596,0.011880563855145828,AUTO_KEEP
beta,beta_F,2024-01-02,unsure,0,-1,-1,0,0.0,3.1439375000000003,0.0,True,1176,0.05176429162226848,35,54,13.14866283539352,59,62,4.020869876989578,9.12779295840394,13.14866283539352,0.7131813255130831,AUTO_CORRECT
beta,beta_F,2024-01-03,sure,1,37,58,22,7.453118,7.688103999999999,7.453118,True,1176,0.03277430815363935,36,59,35.1282206290426,63,63,-1.4826391162213413,35.1282206290426,35.1282206290426,0.9432126297942091,AUTO_CORRECT
beta,beta_F,2024-01-04,sure,0,-1,-1,0,0.0,1.6585545000000002,0.0,True,1176,0.037806258851525776,39,48,8.812365973277732,36,37,-0.4550445459741749,8.812365973277732,8.812365973277732,0.542271555808363,UNCERTAIN
beta,beta_F,2024-01-05,unsure,0,-1,-1,0,0.0,2.7770755,0.0,True,1176,0.036487199209783494,50,58,6.359192413344422,48,48,0.6516023196937205,5.707590093650701,6.359192413344422,0.3981169380581144,UNCERTAIN
beta,beta_F,2024-01-06,unsure,0,-1,-1,0,0.0,3.7408209999999995,0.0,True,1176,0.03853497038308529,37,58,28.39456122584896,60,60,-0.6659508580014294,28.39456122584896,28.39456122584896,0.9162250069613285,AUTO_CORRECT
beta,beta_F,2024-01-07,sure,1,38,63,26,7.746340999999999,6.812596500000001,6.391795,True,1176,0.026378799988899138,35,57,41.47008531996163,64,64,-1.0247041800841892,41.47008531996163,41.47008531996163,0.958417386244561,AUTO_CORRECT
beta,beta_F,2024-01-08,sure,0,-1,-1,0,0.0,0.0,0.0,True,1176,0.03989907086257194,-1,-1,0.0,50,50,-1.0921783313362314,,-1.0921783313362314,0.002593464721366956,AUTO_KEEP
beta,beta_F,2024-01-09,unsure,0,-1,-1,0,0.0,2.464849,0.0,True,1176,0.03693960717522504,57,64,9.23844945706777,37,41,3.636181798044949,5.602267659022821,9.23844945706777,0.5635545909694347,UNCERTAIN
beta,beta_F,2024-01-10,sure,0,-1,-1,0,0.0,0.8770855,0.0,True,1176,0.052535695045687225,50,54,7.9029446944846615,49,49,-0.49069279335617083,7.9029446944846615,7.9029446944846615,0.4931151942187124,UNCERTAIN
beta,beta_F,2024-01-11,sure,0,-1,-1,0,0.0,2.6238465000000004,0.0,True,1176,0.04601333706455546,45,55,4.705268909273199,56,56,-1.6525020663136176,4.705268909273199,4.705268909273199,0.28312670801275386,AUTO_KEEP
beta,beta_F,2024-01-12,sure,0,-1,-1,0,0.0,6.3778225,0.0,True,1176,0.035954390097400646,37,60,4.78275131597291,64,64,-1.58069059479878,4.78275131597291,4.78275131597291,0.2887058583879284,AUTO_KEEP
beta,beta_F,2024-01-13,sure,1,39,52,14,2.9549980000000002,3.711544,2.9549980000000002,True,1176,0.034714232182941895,38,55,11.698419761722995,35,35,-1.7898536692889828,11.698419761722995,11.698419761722995,0.6663695713920048,UNCERTAIN
beta,beta_F,2024-01-14,sure,0,-1,-1,0,0.0,0.0,0.0,True,1176,0.038317110120977604,-1,-1,0.0,50,50,-1.5498155262158744,,-1.5498155262158744,0.001738665347328284,AUTO_KEEP
beta,beta_F,2024-01-15,sure,0,-1,-1,0,0.0,2.832821,0.0,True,1176,0.03420596135875664,35,44,2.300960334349767,56,56,-1.2488725692029716,2.300960334349767,2.300960334349767,0.11532422391117524,AUTO_KEEP
beta,beta_F,2024-01-16,sure,0,-1,-1,0,0.0,0.0,0.0,True,1176,0.027872364790338278,-1,-1,0.0,46,46,-0.6955549129949654,,-0.6955549129949654,0.003964710787287023,AUTO_KEEP
beta,beta_F,2024-01-17,sure,0,-1,-1,0,0.0,4.0702395000000005,0.0,True,1176,0.04714038230845663,35,52,19.446342498507068,56,56,-1.722021691449422,19.446342498507068,19.446342498507068,0.8398014473779686,AUTO_CORRECT
beta,beta_F,2024-01-18,sure,0,-1,-1,0,0.0,6.618673499999999,0.0,True,1176,0.044125397143502276,37,58,19.202179816085856,61,61,-0.9346408953366607,19.202179816085856,19.202179816085856,0.8365001412829208,AUTO_CORRECT
beta,beta_F,2024-01-19,sure,1,40,64,25,12.05277,13.1274195,12.05277,True,1176,0.039075729956386196,36,66,51.031969775650474,67,67,-1.5931030442617857,51.031969775650474,51.031969775650474,0.972049085448413,AUTO_CORRECT
beta,beta_F,2024-01-20,unsure,0,-1,-1,0,0.0,1.029313,0.0,True,1176,0.03307198582711934,39,48,11.543484943156038,57,58,0.20248731453614707,11.34099762861989,11.543484943156038,0.6608179822690134,UNCERTAIN
beta,beta_F,2024-01-21,sure,0,-1,-1,0,0.0,0.0,0.0,True,1176,0.03228686346089282,-1,-1,0.0,44,44,-2.3460769582663272,,-2.3460769582663272,0.0010033135178922784,AUTO_KEEP
beta,beta_F,2024-01-22,unsure,0,-1,-1,0,0.0,2.846396,0.0,True,1176,0.04006707977470336,46,67,20.36335183403552,68,68,-0.9516920553310089,20.36335183403552,20.36335183403552,0.8514006574171964,AUTO_CORRECT
beta,beta_F,2024-01-23,sure,1,49,58,10,2.4565105000000003,5.010115000000001,2.4565105000000003,True,1176,0.04619391132757045,42,65,22.572574674236257,41,41,-0.5933597520148132,22.572574674236257,22.572574674236257,0.8748984284531802,AUTO_CORRECT
beta,beta_F,2024-01-24,sure,1,37,59,23,9.4408705,9.317656,9.2545985,True,1176,0.03550058136344103,36,58,49.73429242163111,59,59,-1.0932265893981776,49.73429242163111,49.73429242163111,0.9706248879132282,AUTO_CORRECT
beta,beta_F,2024-01-25,sure,0,-1,-1,0,0.0,0.0,0.0,True,1176,0.05300553891940751,-1,-1,0.0,36,36,-1.4292760153278958,,-1.4292760153278958,0.0019175404753312068,AUTO_KEEP
beta,beta_F,2024-01-26,sure,0,-1,-1,0,0.0,0.0,0.0,True,1176,0.05522329061250231,-1,-1,0.0,35,35,-1.6037763914411192,,-1.6037763914411192,0.001666567430148564,AUTO_KEEP
beta,beta_F,2024-01-27,sure,0,-1,-1,0,0.0,0.0,0.0,True,1176,0.05664416209314438,-1,-1,0.0,67,67,-2.2982569660622274,,-2.2982569660622274,0.001032970492896737,AUTO_KEEP
beta,beta_F,2024-01-28,sure,0,-1,-1,0,0.0,2.802702,0.0,True,1176,0.035545274174054065,39,44,1.7031152141227153,55,55,-0.4505302651013124,1.7031152141227153,1.7031152141227153,0.08000748264963667,AUTO_KEEP
beta,beta_F,2024-01-29,unsure,0,-1,-1,0,0.0,3.1654500000000003,0.0,True,1176,0.0326187987159714,39,52,13.153053082560758,38,38,-0.7939289920009571,13.153053082560758,13.153053082560758,0.7133098693976341,AUTO_CORRECT
beta,beta_F,2024-01-30,sure,0,-1,-1,0,0.0,0.0,0.0,True,1176,0.045323245975870785,-1,-1,0.0,47,47,-0.8085004231253575,,-0.8085004231253575,0.0034808588888087678,AUTO_KEEP
beta,beta_F,2024-01-31,sure,0,-1,-1,0,0.0,2.817818,0.0,True,1176,0.035343572001610424,41,47,0.2637927946916005,57,57,-0.596923302839083,0.2637927946916005,0.2637927946916005,0.018299115180106823,AUTO_KEEP
beta,beta_F,2024-02-01,sure,0,-1,-1,0,0.0,1.4029615,0.0,True,1176,0.04716973803159119,56,62,2.5890475071334187,46,46,0.1292938790794703,2.4597536280539485,2.5890475071334187,0.13377697821422205,AUTO_KEEP
beta,beta_F,2024-02-02,unsure,0,-1,-1,0,0.0,2.8735370000000002,0.0,True,1176,0.055690241312152944,38,53,1.8955952231992557,37,37,-2.3415376115547994,1.8955952231992557,1.8955952231992557,0.09088312948249559,AUTO_KEEP
beta,beta_F,2024-02-03,unsure,0,-1,-1,0,0.0,0.6051285,0.0,True,1176,0.04664771397291112,47,54,6.628344738730658,57,63,5.8847179480429475,0.7436267906877108,6.628344738730658,0.41567603302615747,UNCERTAIN
beta,beta_F,2024-02-04,unsure,0,-1,-1,0,0.0,1.0861230000000002,0.0,True,1176,0.02946171889568383,41,47,3.9441292388103717,40,40,-0.5403069284687791,3.9441292388103717,3.9441292388103717,0.2280989196182152,AUTO_KEEP
beta,beta_F,2024-02-05,sure,0,-1,-1,0,0.0,0.0,0.0,True,1176,0.03678226923900585,-1,-1,0.0,46,46,-1.9063863495056708,,-1.9063863495056708,0.0013342471695362965,AUTO_KEEP
beta,beta_F,2024-02-06,sure,0,-1,-1,0,0.0,0.0,0.0,True,1176,0.0346606372715379,-1,-1,0.0,46,46,-1.5189335148306276,,-1.5189335148306276,0.0017820412882321652,AUTO_KEEP
beta,beta_F,2024-02-07,sure,0,-1,-1,0,0.0,0.0,0.0,True,1176,0.038885918812249454,-1,-1,0.0,58,58,-1.4957597432429124,,-1.4957597432429124,0.0018156600742253138,AUTO_KEEP
beta,beta_F,2024-02-08,sure,0,-1,-1,0,0.0,0.128046,0.0,True,1176,0.04500140518788154,41,42,3.8170027585632407,44,44,0.7381950467259497,3.0788077118372907,3.8170027585632407,0.2189412516299226,AUTO_KEEP
beta,beta_F,2024-02-09,unsure,1,49,57,9,2.624401,5.2055185,2.624401,True,1176,0.04381132963471002,37,64,27.933297176262133,69,69,-1.5658221568448463,27.933297176262133,27.933297176262133,0.9137326031322659,AUTO_CORRECT
beta,beta_F,2024-02-10,unsure,0,-1,-1,0,0.0,2.7992955,0.0,True,1176,0.040050890945995565,48,64,19.657514438129468,66,66,-0.5909114565894514,19.657514438129468,19.657514438129468,0.8425820704829567,AUTO_CORRECT
beta,beta_F,2024-02-11,sure,0,-1,-1,0,0.0,0.0,0.0,True,1176,0.03419143695795612,-1,-1,0.0,50,50,-1.5242502128355297,,-1.5242502128355297,0.0017744593079793928,AUTO_KEEP
beta,beta_F,2024-02-12,sure,1,39,62,24,9.018759,8.975092,8.8677135,True,1176,0.03979314843309867,37,61,46.8952804940408,62,62,-1.1553179122688966,46.8952804940408,46.8952804940408,0.9671097766173463,AUTO_CORRECT
beta,beta_F,2024-02-13,sure,1,38,54,17,5.029422499999999,5.400339,5.029422499999999,True,1176,0.0537374853317194,37,55,16.795853895876718,61,61,-1.5863319323172769,16.795853895876718,16.795853895876718,0.7982661456586638,AUTO_CORRECT
beta,beta_F,2024-02-14,sure,0,-1,-1,0,0.0,5.2904725,0.0,True,1176,0.039794085551486225,54,63,1.396676294882807,44,44,-0.6420748911684332,1.396676294882807,1.396676294882807,0.06380493258482328,AUTO_KEEP
beta,beta_F,2024-02-15,sure,0,-1,-1,0,0.0,0.0,0.0,True,1176,0.028949782848282535,-1,-1,0.0,44,44,-2.0563182475151995,,-2.0563182475151995,0.001205142549786046,AUTO_KEEP
beta,beta_F,2024-02-16,sure,0,-1,-1,0,0.0,5.3034855,0.0,True,1176,0.021870495467827933,40,62,11.837170935913829,65,65,-0.8036870944797269,11.837170935913829,11.837170935913829,0.6712459411644213,UNCERTAIN
beta,beta_F,2024-02-17,sure,0,-1,-1,0,0.0,0.0,0.0,True,1176,0.0241098137735849,-1,-1,0.0,40,51,-0.529301667754221,,-0.529301667754221,0.004882080525108201,AUTO_KEEP
beta,beta_F,2024-02-18,sure,0,-1,-1,0,0.0,1.4497079999999998,0.0,True,1176,0.04125394944731542,46,52,2.874818383085641,41,42,2.6240479633422717,0.2507704197433691,2.874818383085641,0.1528050314115043,AUTO_KEEP
beta,beta_F,2024-02-19,sure,0,-1,-1,0,0.0,0.11126,0.0,True,1176,0.037472781730521376,51,51,0.040686336603838615,50,50,-0.4230425362602898,0.040686336603838615,0.040686336603838615,0.012420377910334806,AUTO_KEEP
beta,beta_F,2024-02-20,unsure,1,47,66,20,4.262023999999999,4.588658999999999,4.262023999999999,True,1176,0.04004566908199303,46,68,22.999287072858323,45,45,-1.0985577145819396,22.999287072858323,22.999287072858323,0.8788223355788269,AUTO_CORRECT
beta,beta_F,2024-02-21,unsure,1,48,62,15,3.3917565000000005,4.228472,3.3917565000000005,True,1176,0.032449017047600615,39,62,22.21497721627691,63,63,-1.0689462357116948,22.21497721627691,22.21497721627691,0.8714695247037635,AUTO_CORRECT
beta,beta_F,2024-02-22,sure,1,43,61,19,8.520331500000001,8.520331500000001,8.520331500000001,True,1176,0.026903037409671704,43,61,43.75471384001764,42,42,-1.7134830778171735,43.75471384001764,43.75471384001764,0.9624477535052574,AUTO_CORRECT
beta,beta_F,2024-02-23,sure,0,-1,-1,0,0.0,0.0,0.0,True,1176,0.04886824911519705,-1,-1,0.0,46,46,-1.252458540746769,,-1.252458540746769,0.002234053564083472,AUTO_KEEP
beta,beta_F,2024-02-24,sure,0,-1,-1,0,0.0,0.0,0.0,True,1176,0.04463296259032834,-1,-1,0.0,66,66,-2.6162305991168866,,-2.6162305991168866,0.0008574124940020447,AUTO_KEEP
beta,beta_F,2024-02-25,unsure,0,-1,-1,0,0.0,2.419234,0.0,True,1176,0.029616461278461514,54,66,13.663328217182242,40,46,3.2672710611350957,10.396057156047146,13.663328217182242,0.7277558545205574,AUTO_CORRECT
beta,beta_F,2024-02-26,unsure,0,-1,-1,0,0.0,7.224297999999999,0.0,True,1176,0.04487425956829871,37,60,30.96295834296434,61,61,-1.2549130955236414,30.96295834296434,30.96295834296434,0.9283638872148647,AUTO_CORRECT
beta,beta_F,2024-02-27,sure,0,-1,-1,0,0.0,0.0,0.0,True,1176,0.027221051650258454,-1,-1,0.0,51,51,-0.8456320895451375,,-0.8456320895451375,0.003340924495560779,AUTO_KEEP
beta,beta_F,2024-02-28,sure,1,42,58,17,4.8714775,4.5654319999999995,4.5654319999999995,True,1176,0.04586170548378998,44,57,20.448825238531253,43,43,-0.6666835217580759,20.448825238531253,20.448825238531253,0.8524211411577466,AUTO_CORRECT
beta,beta_F,2024-02-29,sure,0,-1,-1,0,0.0,0.0,0.0,True,1176,0.039248471975002364,-1,-1,0.0,42,42,-2.834057728033843,,-2.834057728033843,0.0007616773396357183,AUTO_KEEP
beta,beta_F,2024-03-01,sure,0,-1,-1,0,0.0,1.22067,0.0,True,1176,0.05002923052446251,44,50,2.1480391184396748,42,42,0.05984190875967545,2.0881972096799992,2.1480391184396748,0.10587705246481788,AUTO_KEEP
beta,beta_F,2024-03-02,sure,0,-1,-1,0,0.0,0.0,0.0,True,1176,0.04356177541039141,-1,-1,0.0,50,50,-1.3965125556389388,,-1.3965125556389388,0.001970914359836559,AUTO_KEEP
beta,beta_F,2024-03-03,sure,0,-1,-1,0,0.0,0.0,0.0,False,0,,-1,-1,,-1,-1,,,,,UNCERTAIN
beta,beta_F,2024-03-04,unsure,0,-1,-1,0,0.0,0.0,0.0,True,105,2.620212098393643e-07,-1,-1,0.0,61,61,-2.623399441508385,,-2.623399441508385,0.0008539823946844658,AUTO_KEEP
beta,beta_F,2024-03-05,unsure,0,-1,-1,0,0.0,5.826137,0.0,True,1176,0.05183884940946393,37,67,24.540197422766305,68,68,-0.49306558086094837,24.540197422766305,24.540197422766305,0.891619304165455,AUTO_CORRECT
beta,beta_F,2024-03-06,sure,1,38,59,22,11.344965000000002,12.412467500000002,11.344965000000002,True,1176,0.0412375210701752,37,63,55.84626237485298,65,65,-0.9460153597186927,55.84626237485298,55.84626237485298,0.9765286494458955,AUTO_CORRECT
beta,beta_F,2024-03-07,sure,1,39,59,21,5.432002000000001,5.292752500000001,5.292752500000001,True,1176,0.030520515490569,39,58,35.21632004212534,59,59,-0.8945886722684964,35.21632004212534,35.21632004212534,0.9434763268647095,AUTO_CORRECT
beta,beta_F,2024-03-08,unsure,0,-1,-1,0,0.0,3.5748139999999995,0.0,True,1176,0.04219158207304008,42,63,15.157905399398823,41,41,-1.0020291122555751,15.157905399398823,15.157905399398823,0.7649279760338246,AUTO_CORRECT
beta,beta_F,2024-03-09,unsure,1,44,63,20,3.3885579999999997,1.4408519999999998,1.4408519999999998,True,1176,0.050269075053437584,55,62,5.849277355640543,42,49,5.604717724558681,0.24455963108186207,5.849277355640543,0.363828879074542,UNCERTAIN
beta,beta_F,2024-03-12,sure,1,38,61,24,10.722202,10.722202,10.722202,True,1176,0.04936348077243524,38,61,49.06147454457023,62,62,-2.2174632416727307,49.06147454457023,49.06147454457023,0.9698438806769408,AUTO_CORRECT
beta,beta_F,2024-03-13,unsure,1,38,58,21,6.744372500000001,7.282252500000001,6.744372500000001,True,1176,0.030518097860857907,37,59,18.59337761570545,66,66,0.6871619100060633,17.906215705699385,18.59337761570545,0.8278445337027588,AUTO_CORRECT
beta,beta_F,2024-03-14,sure,1,39,58,20,7.5285470000000005,7.7004280000000005,7.4289325,True,1176,0.03442957646211897,37,57,28.13261757634584,58,58,-1.2673045187252479,28.13261757634584,28.13261757634584,0.9148225999941437,AUTO_CORRECT
beta,beta_F,2024-03-15,unsure,0,-1,-1,0,0.0,4.38469,0.0,True,1176,0.04815582932087992,48,63,14.355162007706848,45,45,-0.6115649123042165,14.355162007706848,14.355162007706848,0.7458613421980506,AUTO_CORRECT
beta,beta_F,2024-03-16,unsure,0,-1,-1,0,0.0,0.1568725,0.0,True,1176,0.03618600464065769,47,48,4.534853238778696,51,51,-0.3541933495309439,4.534853238778696,4.534853238778696,0.27082576638028905,AUTO_KEEP
beta,beta_F,2024-03-17,sure,0,-1,-1,0,0.0,0.6996539999999999,0.0,True,1176,0.06161622453910853,50,55,9.786597068236693,46,48,2.895331065596091,6.891266002640602,9.786597068236693,0.5893441222471825,UNCERTAIN
beta,beta_F,2024-03-18,sure,0,-1,-1,0,0.0,0.858784,0.0,True,1176,0.04024897030487362,55,61,13.206423966639074,49,49,0.29771429151473655,12.908709675124337,13.206423966639074,0.7148666083810482,AUTO_CORRECT
beta,beta_F,2024-03-19,sure,1,45,64,20,9.447666,9.580146,9.447666,True,1176,0.02936077032926465,45,65,41.03451769535933,44,44,-1.3776971094646442,41.03451769535933,41.03451769535933,0.9575770882413874,AUTO_CORRECT
beta,beta_F,2024-03-20,unsure,0,-1,-1,0,0.0,2.115756,0.0,True,1176,0.04005621913390445,45,51,3.102236458902356,44,44,-1.3979886069398522,3.102236458902356,3.102236458902356,0.16836915732340374,AUTO_KEEP
beta,beta_F,2024-03-21,sure,1,43,62,20,4.838768000000001,5.0909995,4.838768000000001,True,1176,0.05110437610363894,42,63,29.4686931354209,66,66,0.1132637359473456,29.355429399473554,29.4686931354209,0.92163944194243,AUTO_CORRECT
beta,beta_F,2024-03-22,sure,1,49,63,15,4.048279999999999,5.9173575,4.048279999999999,True,1176,0.04450353349776659,46,67,15.661519179503234,68,68,-1.915146223364008,15.661519179503234,15.661519179503234,0.7759234785216155,AUTO_CORRECT
beta,beta_F,2024-03-23,unsure,0,-1,-1,0,0.0,3.0032325,0.0,True,1176,0.05651762350303691,44,58,14.639177349338086,63,63,0.6949533983103873,13.944223951027698,14.639177349338086,0.7528345181951956,AUTO_CORRECT
beta,beta_F,2024-03-24,unsure,1,43,64,22,3.4993585,3.5447865000000003,3.4993585,True,1176,0.037911625844017305,42,64,22.397181675875775,41,41,0.6493376545689976,21.747844021306776,22.397181675875775,0.87323308280822,AUTO_CORRECT
beta,beta_F,2024-03-25,sure,1,39,64,26,10.6919895,10.910519,10.6919895,True,1176,0.04888294281802219,38,65,45.9654162855489,66,66,-1.1374706283752891,45.9654162855489,45.9654162855489,0.9658227417219953,AUTO_CORRECT
beta,beta_F,2024-03-26,sure,1,39,63,25,10.1248305,9.970232500000002,9.970232500000002,True,1176,0.027750802851416845,39,60,55.492602673997425,65,65,-0.5316072044028715,55.492602673997425,55.492602673997425,0.9762371244941408,AUTO_CORRECT
beta,beta_F,2024-03-27,sure,0,-1,-1,0,0.0,1.2883375,0.0,True,1176,0.05525622304227351,45,57,10.085354706022132,41,42,4.360772190520064,5.724582515502068,10.085354706022132,0.6026694838548614,UNCERTAIN
beta,beta_F,2024-03-28,unsure,1,42,58,17,3.553662,5.773598999999999,3.553662,True,1176,0.03617876012499055,37,62,12.007000222061064,65,65,-0.6880512075584658,12.007000222061064,12.007000222061064,0.6770942986487819,UNCERTAIN
beta,beta_F,2024-03-29,sure,0,-1,-1,0,0.0,1.134141,0.0,True,1176,0.05219476315114546,54,62,4.366236689633011,50,50,-0.582350377628507,4.366236689633011,4.366236689633011,0.25862804941957734,AUTO_KEEP
beta,beta_F,2024-03-30,sure,1,41,62,22,9.1029885,9.1029885,9.1029885,True,1176,0.03903720282926293,41,62,33.938256510615524,63,63,-1.3977739440305248,33.938256510615524,33.938256510615524,0.9394673402616098,AUTO_CORRECT
beta,beta_F,2024-03-31,unsure,0,-1,-1,0,0.0,3.2790285000000003,0.0,True,1176,0.039303932780953676,43,60,15.051160645099197,62,63,1.374740860339819,13.676419784759378,15.051160645099197,0.7625049468261578,AUTO_CORRECT
beta,beta_F,2024-04-01,sure,1,41,63,23,9.2809765,9.2809765,9.2809765,True,1176,0.028637210197178575,41,63,52.63215775216975,40,40,-1.0224163316172756,52.63215775216975,52.63215775216975,0.9736688556656432,AUTO_CORRECT
beta,beta_F,2024-04-02,sure,0,-1,-1,0,0.0,0.263534,0.0,True,1176,0.03310664554965426,42,43,2.9785584616274416,41,41,-0.301815024691993,2.9785584616274416,2.9785584616274416,0.15986338199399783,AUTO_KEEP
beta,beta_F,2024-04-03,sure,1,42,64,23,10.834639000000001,11.0291595,10.7612435,True,1176,0.032907397565133945,40,63,44.86996613704296,64,64,-0.4689813104597419,44.86996613704296,44.86996613704296,0.964208914779276,AUTO_CORRECT
beta,beta_F,2024-04-04,unsure,0,-1,-1,0,0.0,0.0,0.0,True,1176,0.05054827593108757,-1,-1,0.0,47,47,-2.1820395399572323,,-2.1820395399572323,0.001110743634751302,AUTO_KEEP
beta,beta_F,2024-04-05,unsure,0,-1,-1,0,0.0,0.0,0.0,True,1176,0.056336376845485425,-1,-1,0.0,55,55,-3.234178382233596,,-3.234178382233596,0.0006230144920357557,AUTO_KEEP
beta,beta_F,2024-04-06,sure,1,41,65,25,8.9266415,9.0638345,8.9266415,True,1176,0.04670748210638753,41,66,43.60420511800819,40,40,-1.6479926239094875,43.60420511800819,43.60420511800819,0.9622003337821449,AUTO_CORRECT
beta,beta_F,2024-04-07,sure,1,37,60,24,9.254576499999999,9.196249,9.196249,True,1176,0.029146590059540234,37,59,43.6808485395074,61,61,-0.9087418432276281,43.6808485395074,43.6808485395074,0.9623266263261703,AUTO_CORRECT
beta,beta_F,2024-04-08,sure,1,36,56,21,4.8735254999999995,5.9109454999999995,4.8735254999999995,True,1176,0.03878927664920906,36,60,23.037232349412033,35,35,-1.1436432209972958,23.037232349412033,23.037232349412033,0.8791627511177238,AUTO_CORRECT
beta,beta_F,2024-04-09,sure,1,37,62,26,8.4223755,8.341074999999998,8.292817999999999,True,1176,0.047740187724056415,36,61,37.212176322392295,62,62,-0.7356447209201701,37.212176322392295,37.212176322392295,0.9490000577441982,AUTO_CORRECT
beta,beta_F,2024-04-10,sure,1,36,63,28,13.769298000000001,13.769298000000001,13.769298000000001,True,1176,0.03471362305603365,36,63,59.35270144345431,35,35,-1.6228148117645222,59.35270144345431,59.35270144345431,0.9791530054288533,AUTO_CORRECT
beta,beta_F,2024-04-11,sure,1,36,62,27,14.725424499999999,14.84961,14.725424499999999,True,1176,0.05293451420631956,35,62,53.66564169058651,63,63,-1.299969535079293,53.66564169058651,53.66564169058651,0.9746422060573875,AUTO_CORRECT
beta,beta_F,2024-04-12,sure,1,36,62,27,12.006713499999998,12.339108499999998,12.006713499999998,True,1176,0.05707149054827676,35,63,46.0156460350511,64,64,-2.453395921767881,46.0156460350511,46.0156460350511,0.9658941491430848,AUTO_CORRECT
beta,beta_F,2024-04-13,sure,1,37,60,24,8.6046355,8.6046355,8.6046355,True,1176,0.041672145310400754,37,60,43.36900564360648,36,36,-1.2125619942625236,43.36900564360648,43.36900564360648,0.9618088546143162,AUTO_CORRECT
beta,beta_F,2024-04-14,sure,1,41,58,18,7.304390000000001,7.8119155000000005,7.304390000000001,True,1176,0.039644971804054574,38,58,32.30778550730871,59,59,-0.7433815579916146,32.30778550730871,32.30778550730871,0.9337216230515203,AUTO_CORRECT
beta,beta_F,2024-04-15,sure,1,36,58,23,11.539518,11.387452,11.387452,True,1176,0.031314369868449266,36,57,47.08147982042975,58,58,-1.3136916929977829,47.08147982042975,47.08147982042975,0.9673588844100793,AUTO_CORRECT
beta,beta_F,2024-04-16,sure,1,38,57,20,7.7499595,7.833132500000001,7.7499595,True,1176,0.03815770171303923,37,57,29.83248421622444,58,58,-0.732176569309077,29.83248421622444,29.83248421622444,0.9233584245069684,AUTO_CORRECT
beta,beta_F,2024-04-17,sure,1,44,55,12,4.572064500000001,6.6421795,4.572064500000001,True,1176,0.05593193183818457,38,58,12.757990871053936,61,61,-0.3285190735998299,12.757990871053936,12.757990871053936,0.7014395969004721,AUTO_CORRECT
beta,beta_F,2024-04-18,sure,1,39,61,23,9.718923499999999,9.922641500000001,9.601643500000002,True,1176,0.03674275811390859,40,63,23.155297320165765,39,39,-0.3904566652148735,23.155297320165765,23.155297320165765,0.8802132688386666,AUTO_CORRECT
beta,beta_F,2024-04-19,sure,1,37,55,19,7.356944,7.0517145,6.9970185,True,1176,0.04315637801799488,36,52,39.43028892665629,55,55,-1.805636179507485,39.43028892665629,39.43028892665629,0.9542568147669526,AUTO_CORRECT
beta,beta_F,2024-04-20,sure,0,-1,-1,0,0.0,0.0,0.0,True,1176,0.04608363012752337,-1,-1,0.0,44,44,-2.281559309635972,,-2.281559309635972,0.0010436349246519517,AUTO_KEEP
beta,beta_F,2024-04-21,sure,0,-1,-1,0,0.0,4.792638999999999,0.0,True,1176,0.04477294902936091,36,59,21.027733507182006,60,60,-0.011315982102668093,21.027733507182006,21.027733507182006,0.8590800217779582,AUTO_CORRECT
beta,beta_F,2024-04-22,sure,1,37,60,24,6.480875,6.77582,6.480875,True,1176,0.028259972465424887,36,61,34.26408742735981,62,62,-1.770735719226588,34.26408742735981,34.26408742735981,0.9405279467014899,AUTO_CORRECT
beta,beta_F,2024-04-23,sure,1,38,61,24,12.5784965,12.936983999999999,12.5784965,True,1176,0.052380041190551285,36,62,59.19308344185762,34,34,-3.2006265099809004,59.19308344185762,59.19308344185762,0.9790432143854789,AUTO_CORRECT
beta,beta_F,2024-04-24,sure,0,-1,-1,0,0.0,5.2147725,0.0,True,1176,0.0490080898743408,34,54,4.779715087827828,58,61,0.5182085647580963,4.261506523069732,4.779715087827828,0.28848742595616506,AUTO_KEEP
beta,beta_F,2024-04-25,unsure,1,41,50,10,2.7626399999999998,4.2044619999999995,2.6769404999999997,True,1176,0.031365876851783714,42,58,14.829908295149039,41,41,-0.4851658987319741,14.829908295149039,14.829908295149039,0.7573754600447915,AUTO_CORRECT
beta,beta_F,2024-04-26,sure,1,38,60,23,9.002752,8.956264999999998,8.850085,True,1176,0.03735578251772753,37,59,51.108297247664495,60,60,-1.0928628405860839,51.108297247664495,51.108297247664495,0.9721296536817214,AUTO_CORRECT
beta,beta_F,2024-04-27,sure,1,39,55,17,3.5610635,3.5610635,3.5610635,True,1176,0.03132664041499722,39,55,28.624506497031554,58,58,-1.2479291195110995,28.624506497031554,28.624506497031554,0.9174287223364461,AUTO_CORRECT
beta,beta_F,2024-04-28,sure,1,41,59,19,6.279657,6.3528255,6.2756495,True,1176,0.04235420551642033,42,60,41.36623052530189,41,41,-0.14929543488413488,41.36623052530189,41.36623052530189,0.958219267692791,AUTO_CORRECT
beta,beta_F,2024-04-29,sure,1,42,58,17,6.5092245,6.828964,6.5092245,True,1176,0.044388447737080616,39,58,28.76469555058417,60,60,-1.2689386670850316,28.76469555058417,28.76469555058417,0.9181503299917675,AUTO_CORRECT
beta,beta_F,2024-04-30,unsure,1,50,54,5,0.78539,0.5896915,0.5896915,True,1176,0.05280141015426465,50,53,4.457806421622483,48,48,-1.0930002819950073,4.457806421622483,4.457806421622483,0.2652544207393742,AUTO_KEEP
beta,beta_F,2024-05-01,sure,0,-1,-1,0,0.0,0.0,0.0,True,1176,0.039325215083921616,-1,-1,0.0,57,57,-2.372596381307766,,-2.372596381307766,0.0009874116401631966,AUTO_KEEP
beta,beta_F,2024-05-02,sure,0,-1,-1,0,0.0,2.000841,0.0,True,1176,0.05659589229889006,44,53,11.141294724935282,54,54,-0.40568247448941497,11.141294724935282,11.141294724935282,0.6458674195335941,UNCERTAIN
beta,beta_F,2024-05-03,sure,0,-1,-1,0,0.0,2.1839085000000003,0.0,True,1176,0.0545849227324231,39,50,11.25155548549149,52,54,4.021427738619702,7.230127746871788,11.25155548549149,0.6500450106066892,UNCERTAIN
beta,beta_F,2024-05-04,sure,0,-1,-1,0,0.0,0.0,0.0,True,1176,0.04706692758468334,-1,-1,0.0,49,49,-0.908838852333009,,-0.908838852333009,0.0031213093602445274,AUTO_KEEP
beta,beta_F,2024-05-05,sure,0,-1,-1,0,0.0,0.0,0.0,True,1176,0.04832181540614355,-1,-1,0.0,41,41,-1.5783512331418683,,-1.5783512331418683,0.0016999709913708332,AUTO_KEEP
beta,beta_F,2024-05-06,sure,0,-1,-1,0,0.0,0.0,0.0,True,1176,0.04986186903257117,-1,-1,0.0,41,41,-0.7396179400712715,,-0.7396179400712715,0.003764672940589657,AUTO_KEEP
beta,beta_F,2024-05-07,unsure,0,-1,-1,0,0.0,4.7228959999999995,0.0,True,1176,0.04373592316592201,40,53,13.159908732133044,54,54,-0.6019950372301394,13.159908732133044,13.159908732133044,0.7135104502195249,AUTO_CORRECT
beta,beta_F,2024-05-08,unsure,0,-1,-1,0,0.0,0.316679,0.0,True,1176,0.0512460286723746,42,44,3.0106252462318714,54,54,2.96632167542934,0.04430357080253122,3.0106252462318714,0.16205962086024475,AUTO_KEEP
beta,beta_F,2024-05-09,unsure,0,-1,-1,0,0.0,2.7798225,0.0,True,1176,0.054735775629675576,45,53,0.5503821515835897,44,44,-1.6467381599786604,0.5503821515835897,0.5503821515835897,0.027427641251290324,AUTO_KEEP
beta,beta_F,2024-05-10,unsure,0,-1,-1,0,0.0,0.044137,0.0,True,1176,0.05275724659697101,53,53,1.0274214450563097,58,58,0.022659836413931378,1.0047616086423783,1.0274214450563097,0.046311533689968105,AUTO_KEEP
beta,beta_F,2024-05-11,sure,0,-1,-1,0,0.0,0.0,0.0,True,1176,0.04252555802649938,-1,-1,0.0,43,43,-2.67197320357472,,-2.67197320357472,0.0008312717357817452,AUTO_KEEP
beta,beta_F,2024-05-12,sure,0,-1,-1,0,0.0,0.386152,0.0,True,1176,0.03460726447689089,53,54,1.3448547416327346,55,55,-0.28463015845711337,1.3448547416327346,1.3448547416327346,0.06121029135797118,AUTO_KEEP
beta,beta_F,2024-05-13,sure,0,-1,-1,0,0.0,0.0,0.0,True,1176,0.036636708693841946,-1,-1,0.0,51,51,-0.8461907043988074,,-0.8461907043988074,0.003338883797649891,AUTO_KEEP
beta,beta_F,2024-05-14,sure,1,39,60,22,8.207672999999998,8.288406499999999,8.207672999999998,True,1176,0.04055496058203967,38,60,55.89051987994077,61,61,-1.8991646104341655,55.89051987994077,55.89051987994077,0.9765647578972101,AUTO_CORRECT
beta,beta_F,2024-05-15,sure,1,39,59,21,5.3082905,5.376923000000001,5.3082905,True,1176,0.04834887050402692,38,59,41.82542304334865,60,60,-1.5581422369754383,41.82542304334865,41.82542304334865,0.9590848880965973,AUTO_CORRECT
beta,beta_F,2024-05-16,sure,1,40,59,20,3.7522430000000004,3.6449185,3.6449185,True,1176,0.044193453093617,42,59,26.163835701544308,41,41,0.07741305965248156,26.086422641891826,26.163835701544308,0.9031079931939094,AUTO_CORRECT
beta,beta_F,2024-05-17,sure,1,44,59,16,5.671029,5.8005905,5.671029,True,1176,0.04728783937995362,44,60,26.047087115027757,43,43,-1.270736991925779,26.047087115027757,26.047087115027757,0.9023417852547104,AUTO_CORRECT
beta,beta_F,2024-05-18,sure,0,-1,-1,0,0.0,0.0,0.0,True,1176,0.048073648385489554,-1,-1,0.0,49,49,-0.8626405107251333,,-0.8626405107251333,0.0032796143467019754,AUTO_KEEP
beta,beta_F,2024-05-19,sure,1,44,56,13,2.5070265000000003,2.548076,2.441746,True,1176,0.043950308538432736,45,58,22.613388306329988,42,42,-0.7819903837091798,22.613388306329988,22.613388306329988,0.875281489779065,AUTO_CORRECT
beta,beta_F,2024-05-20,unsure,0,-1,-1,0,0.0,1.6867255,0.0,True,1176,0.04001095366984897,44,49,0.0834095091941728,41,41,-0.4025651941808771,0.0834095091941728,0.0834095091941728,0.013460876448498077,AUTO_KEEP
beta,beta_F,2024-05-21,sure,0,-1,-1,0,0.0,0.1468815,0.0,True,1176,0.06724194626313684,42,43,3.675018064931529,49,49,-0.4106006637461436,3.675018064931529,3.675018064931529,0.2087533197584921,AUTO_KEEP
beta,beta_F,2024-05-22,sure,1,41,56,16,5.2591485,6.0553704999999995,5.2591485,True,1176,0.057081356321842636,40,60,32.127520143052706,39,39,-2.564493990800356,32.127520143052706,32.127520143052706,0.9330380245995935,AUTO_CORRECT
beta,beta_F,2024-05-23,sure,1,43,59,17,5.2087935,5.2087935,5.2087935,True,1176,0.05216967538186523,43,59,34.20107042750871,41,41,-0.46937033282757146,34.20107042750871,34.20107042750871,0.9403249507562087,AUTO_CORRECT
beta,beta_F,2024-05-24,sure,1,42,52,11,2.509268,2.6358810000000004,2.509268,True,1176,0.06449768444227955,41,53,25.836189404833803,54,54,-1.3612806096645367,25.836189404833803,25.836189404833803,0.9009354249239285,AUTO_CORRECT
beta,beta_F,2024-05-25,sure,0,-1,-1,0,0.0,0.0,0.0,True,1176,0.05295038668622176,-1,-1,0.0,51,51,-1.4629331875173752,,-1.4629331875173752,0.0018649265688923608,AUTO_KEEP
beta,beta_F,2024-05-26,sure,1,44,56,13,1.8082595000000001,1.8082595000000001,1.8082595000000001,True,1176,0.04921280426205854,44,56,30.710540751687002,43,43,-1.0508293797333192,30.710540751687002,30.710540751687002,0.9272883426356059,AUTO_CORRECT
beta,beta_F,2024-05-27,sure,1,42,58,17,4.7918259999999995,4.8926395,4.7918259999999995,True,1176,0.04367369575561719,42,59,50.329553604812574,41,41,-1.587688886954129,50.329553604812574,50.329553604812574,0.9712911950228595,AUTO_CORRECT
beta,beta_F,2024-05-28,sure,1,41,58,18,5.4063045,5.528256,5.4063045,True,1176,0.05606027749054432,41,59,33.03592904004084,40,40,-2.053967892722905,33.03592904004084,33.03592904004084,0.936381793343418,AUTO_CORRECT
beta,beta_F,2024-05-29,sure,1,42,58,17,4.5878405,4.681909500000001,4.5878405,True,1176,0.05267250477130503,42,59,28.864038516697644,41,41,-1.7886649588464885,28.864038516697644,28.864038516697644,0.9186561697424737,AUTO_CORRECT
beta,beta_F,2024-05-30,sure,1,41,57,17,4.876068499999999,4.876068499999999,4.876068499999999,True,1176,0.06321502460080275,41,57,29.314019779244493,40,40,-2.0325961545828934,29.314019779244493,29.314019779244493,0.9208916011451824,AUTO_CORRECT
beta,beta_F,2024-05-31,sure,0,-1,-1,0,0.0,0.0,0.0,True,1176,0.05079695356356373,-1,-1,0.0,52,52,-2.124059953590428,,-2.124059953590428,0.001152853103123012,AUTO_KEEP
beta,beta_F,2024-06-01,sure,0,-1,-1,0,0.0,0.0,0.0,True,1176,0.050617292273616554,-1,-1,0.0,30,30,-3.9025781651971463,,-3.9025781651971463,0.0004630360060027858,AUTO_KEEP
beta,beta_F,2024-06-02,sure,0,-1,-1,0,0.0,0.0,0.0,True,1176,0.06725491300242337,-1,-1,0.0,36,36,-3.6130769478639975,,-3.6130769478639975,0.000523766789043232,AUTO_KEEP
beta,beta_F,2024-06-03,unsure,0,-1,-1,0,0.0,1.4505825,0.0,True,1176,0.04331125327342766,42,53,13.79741228654364,55,55,-0.6345785754911825,13.79741228654364,13.79741228654364,0.7313939526027615,AUTO_CORRECT
beta,beta_F,2024-06-04,unsure,0,-1,-1,0,0.0,0.742201,0.0,True,1176,0.06133730758619871,52,54,0.9717317813709156,46,46,0.12394252147519312,0.8477892598957225,0.9717317813709156,0.04388231537283349,AUTO_KEEP
beta,beta_F,2024-06-05,sure,0,-1,-1,0,0.0,1.8241205000000003,0.0,True,1176,0.06531854842235574,44,51,6.8037072815098005,43,43,-0.5167775622263804,6.8037072815098005,6.8037072815098005,0.4269008422275126,UNCERTAIN
beta,beta_F,2024-06-06,unsure,0,-1,-1,0,0.0,1.692638,0.0,True,1176,0.05166021766576656,42,55,15.55997356467649,56,56,-0.8284323427179262,15.55997356467649,15.55997356467649,0.7737629218854228,AUTO_CORRECT
beta,beta_F,2024-06-07,sure,0,-1,-1,0,0.0,0.0,0.0,True,1176,0.065761448578888,-1,-1,0.0,56,56,-3.00985774358758,,-3.00985774358758,0.0006955956123035151,AUTO_KEEP
beta,beta_F,2024-06-08,sure,0,-1,-1,0,0.0,1.2317904999999998,0.0,True,1176,0.04960463706348506,44,52,9.101506072021925,54,55,-0.08816406009140004,9.101506072021925,9.101506072021925,0.5568338651967806,UNCERTAIN
beta,beta_F,2024-06-09,unsure,0,-1,-1,0,0.0,0.0,0.0,True,1176,0.04170833498053739,-1,-1,0.0,50,50,-0.7344033453294538,,-0.7344033453294538,0.003787550775207142,AUTO_KEEP
beta,beta_F,2024-06-10,sure,0,-1,-1,0,0.0,0.0,0.0,True,1176,0.041933756587308135,-1,-1,0.0,46,46,-0.9775450105102385,,-0.9775450105102385,0.0029061641182830463,AUTO_KEEP
beta,beta_F,2024-06-11,sure,0,-1,-1,0,0.0,0.0,0.0,True,1176,0.06317039617337228,-1,-1,0.0,43,43,-0.5856305408310404,,-0.5856305408310404,0.004538703809391503,AUTO_KEEP
beta,beta_F,2024-06-12,unsure,0,-1,-1,0,0.0,2.965401,0.0,True,1176,0.06198462394168214,41,57,14.838213785011446,58,58,-1.295519223708817,14.838213785011446,14.838213785011446,0.7575706673795525,AUTO_CORRECT
beta,beta_F,2024-06-13,unsure,0,-1,-1,0,0.0,1.9130610000000001,0.0,True,1176,0.0696849034867415,42,52,11.130510135807695,53,53,-0.5814369805915174,11.130510135807695,11.130510135807695,0.6454555584221151,UNCERTAIN
beta,beta_F,2024-06-14,sure,0,-1,-1,0,0.0,0.0,0.0,True,1176,0.06559303000382588,-1,-1,0.0,48,48,-1.889337288195775,,-1.889337288195775,0.0013502228811125094,AUTO_KEEP
beta,beta_F,2024-06-15,sure,0,-1,-1,0,0.0,0.0,0.0,True,1176,0.04304799549680127,-1,-1,0.0,51,51,-0.8791764203668727,,-0.8791764203668727,0.0032216029155391654,AUTO_KEEP
beta,beta_F,2024-06-16,sure,1,46,54,9,0.47807700000000003,0.47807700000000003,0.47807700000000003,True,1176,0.05265893155052148,46,54,18.85859634990916,55,55,-1.0847109479160004,18.85859634990916,18.85859634990916,0.8316917811449304,AUTO_CORRECT
beta,beta_F,2024-06-17,sure,0,-1,-1,0,0.0,0.0,0.0,True,1176,0.06162482064212771,-1,-1,0.0,51,51,-0.35772383531167506,,-0.35772383531167506,0.006204746008066087,AUTO_KEEP
beta,beta_F,2024-06-18,sure,1,43,56,14,2.5626975,2.7701455,2.5626975,True,1176,0.06684427634799839,43,58,24.093614355456506,59,59,-1.6810428473832486,24.093614355456506,24.093614355456506,0.8881174005733143,AUTO_CORRECT
beta,beta_F,2024-06-19,sure,1,44,57,14,2.529637,2.6541315,2.529637,True,1176,0.06760626351425447,44,58,19.502313939070792,43,43,-1.3763164417515004,19.502313939070792,19.502313939070792,0.8405451010467371,AUTO_CORRECT
beta,beta_F,2024-06-20,sure,0,-1,-1,0,0.0,0.853108,0.0,True,1176,0.044116415597114766,51,54,2.502874302533265,45,45,0.354905606737452,2.147968695795813,2.502874302533265,0.1281739865740266,AUTO_KEEP
beta,beta_F,2024-06-21,unsure,0,-1,-1,0,0.0,0.072653,0.0,True,1176,0.0764984121392347,45,46,2.9163829946067716,49,54,-0.24984889163453394,2.9163829946067716,2.9163829946067716,0.15562422493421238,AUTO_KEEP
beta,beta_F,2024-06-22,sure,0,-1,-1,0,0.0,0.0,0.0,False,0,,-1,-1,,-1,-1,,,,,UNCERTAIN
beta,beta_F,2024-06-23,sure,0,-1,-1,0,0.0,0.0,0.0,True,1176,0.03553213605563155,-1,-1,0.0,56,56,-1.125074377734001,,-1.125074377734001,0.0025129840199069275,AUTO_KEEP
beta,beta_F,2024-06-24,sure,1,46,55,10,1.390992,1.317288,1.2531835,True,1176,0.05073418808444785,48,56,15.10181951909206,45,45,-0.6653808484967998,15.10181951909206,15.10181951909206,0.7636590092566218,AUTO_CORRECT
beta,beta_F,2024-06-25,sure,1,44,57,14,1.9183635,1.9183635,1.9183635,True,1176,0.0696331542726858,44,57,17.031834839517558,43,43,-1.4211792601337943,17.031834839517558,17.031834839517558,0.80252946851969,AUTO_CORRECT
beta,beta_F,2024-06-26,sure,1,44,57,14,2.3353859999999997,2.454048,2.3353859999999997,True,1176,0.058676697583014636,44,58,22.490132019481067,43,43,-1.2507586159824142,22.490132019481067,22.490132019481067,0.8741195364803139,AUTO_CORRECT
beta,beta_F,2024-06-27,sure,1,43,58,16,3.661206,3.661206,3.661206,True,1176,0.06134933195169001,43,58,20.57985620470793,42,42,-1.7648257680104786,20.57985620470793,20.57985620470793,0.8539665089609262,AUTO_CORRECT
beta,beta_F,2024-06-28,sure,1,45,56,12,1.6581565,1.7529865,1.6581565,True,1176,0.06039478156756317,45,57,14.584630772055403,44,44,-0.8741779528535002,14.584630772055403,14.584630772055403,0.7515151332749848,AUTO_CORRECT
beta,beta_F,2024-06-29,unsure,0,-1,-1,0,0.0,0.19889649999999998,0.0,True,1176,0.03377240499805145,53,55,0.9286916288792444,51,51,-0.3919337943175711,0.9286916288792444,0.9286916288792444,0.0420442193628939,AUTO_KEEP
beta,beta_F,2024-06-30,sure,0,-1,-1,0,0.0,0.0,0.0,True,1176,0.054295957567297215,-1,-1,0.0,51,51,-2.3929116856184836,,-2.3929116856184836,0.0009754831497875581,AUTO_KEEP
beta,beta_F,2024-07-01,sure,0,-1,-1,0,0.0,0.0214695,0.0,True,1176,0.0707141431719287,48,48,1.7265527343274758,52,52,1.1018624848988443,0.6246902494286315,1.7265527343274758,0.08130428159834702,AUTO_KEEP
beta,beta_F,2024-07-02,sure,0,-1,-1,0,0.0,0.0,0.0,True,1176,0.055280530309556486,-1,-1,0.0,50,50,-2.1049170584475996,,-2.1049170584475996,0.0011672806206366616,AUTO_KEEP
beta,beta_F,2024-07-03,sure,0,-1,-1,0,0.0,0.1178585,0.0,True,1176,0.0630146444202393,55,55,0.6665793084760661,54,54,-0.8154411613093347,0.6665793084760661,0.6665793084760661,0.03161539252172199,AUTO_KEEP
beta,beta_F,2024-07-04,unsure,0,-1,-1,0,0.0,0.46652800000000005,0.0,True,1176,0.059371938335773145,54,55,1.2254188194191464,53,53,-0.32287540818444366,1.2254188194191464,1.2254188194191464,0.055400026053003495,AUTO_KEEP
beta,beta_F,2024-07-05,sure,0,-1,-1,0,0.0,0.0,0.0,True,1176,0.0676252088541962,-1,-1,0.0,55,55,-0.986959119380058,,-0.986959119380058,0.0028784182736079312,AUTO_KEEP
beta,beta_F,2024-07-06,sure,0,-1,-1,0,0.0,0.0,0.0,True,1176,0.060452816985488766,-1,-1,0.0,50,51,-0.08005482851088395,,-0.08005482851088395,0.009827266099325792,AUTO_KEEP
beta,beta_F,2024-07-07,sure,0,-1,-1,0,0.0,0.0,0.0,True,1176,0.045183223512468285,-1,-1,0.0,47,47,-2.1734699751023787,,-2.1734699751023787,0.001116821485646402,AUTO_KEEP
beta,beta_F,2024-07-08,sure,0,-1,-1,0,0.0,0.0,0.0,True,1176,0.049543538340339754,-1,-1,0.0,51,51,-1.6645588991363058,,-1.6645588991363058,0.0015905749356996846,AUTO_KEEP
beta,beta_F,2024-07-09,sure,0,-1,-1,0,0.0,0.0,0.0,True,1176,0.06553987394129268,-1,-1,0.0,58,58,-0.013996724219013193,,-0.013996724219013193,0.011152612549523534,AUTO_KEEP
beta,beta_F,2024-07-10,sure,1,44,55,12,2.1284845,1.951173,1.8702265,True,1176,0.065772998669678,43,53,7.191929550865719,60,60,-0.9014909666709833,7.191929550865719,7.191929550865719,0.45111828317668584,UNCERTAIN
beta,beta_F,2024-07-11,sure,1,44,51,8,0.6278395,0.5296894999999999,0.5296894999999999,True,434,0.05323159260113197,44,49,10.036594726234512,51,51,-0.33335621784497144,10.036594726234512,10.036594726234512,0.6005290911713052,UNCERTAIN
beta,beta_F,2024-07-12,sure,1,44,55,12,1.9552755,1.9333265000000002,1.9333265000000002,True,1176,0.05602732967927171,45,55,8.381585055198117,44,44,-0.5767908053381224,8.381585055198117,8.381585055198117,0.5196257250383753,UNCERTAIN
beta,beta_F,2024-07-13,unsure,0,-1,-1,0,0.0,0.9914240000000001,0.0,True,1176,0.06556955552048516,45,53,11.463452899478233,55,55,-0.8728807612763025,11.463452899478233,11.463452899478233,0.6579056156338026,UNCERTAIN
beta,beta_F,2024-07-14,unsure,1,47,53,7,0.47069700000000003,0.4287885,0.4287885,True,1176,0.05568681552227117,47,52,1.993411435058893,53,53,-1.0870454455427885,1.993411435058893,1.993411435058893,0.09659916815923335,AUTO_KEEP
beta,beta_F,2024-07-15,sure,1,46,56,11,1.0488175,0.9357764999999999,0.9357764999999999,True,1176,0.047334176490483326,46,54,16.02521331410135,55,55,-0.7148230146338348,16.02521331410135,16.02521331410135,0.7834372254484214,AUTO_CORRECT
beta,beta_F,2024-07-16,sure,0,-1,-1,0,0.0,0.0,0.0,True,1176,0.06454010307523328,-1,-1,0.0,40,40,-1.6526691970120215,,-1.6526691970120215,0.0016050272606954632,AUTO_KEEP
beta,beta_F,2024-07-17,sure,1,43,48,6,0.7511925,0.713538,0.713538,True,1176,0.059120870941265835,44,48,2.0948446059947092,55,57,-0.37095113399867363,2.0948446059947092,2.0948446059947092,0.10265297685396346,AUTO_KEEP
beta,beta_F,2024-07-18,unsure,0,-1,-1,0,0.0,1.385464,0.0,True,1176,0.04460699349763875,43,54,13.020654894409496,55,55,-0.6818894936985758,13.020654894409496,13.020654894409496,0.7094004478581994,AUTO_CORRECT
beta,beta_F,2024-07-19,sure,1,43,56,14,2.702383,3.24154,2.702383,True,1176,0.05969634176888139,43,58,7.465253059217789,39,39,-2.228815256820061,7.465253059217789,7.465253059217789,0.4676288863608823,UNCERTAIN
beta,beta_F,2024-07-20,sure,0,-1,-1,0,0.0,0.7435365,0.0,True,1176,0.05758993265590506,53,57,6.9015375008395985,59,59,-0.6401648718866144,6.9015375008395985,6.9015375008395985,0.433086638537143,UNCERTAIN
beta,beta_F,2024-07-21,sure,1,45,58,14,1.8161150000000001,1.7429035000000002,1.7429035000000002,True,1176,0.053497894528752754,45,57,13.394014926559223,58,58,-2.018670710351497,13.394014926559223,13.394014926559223,0.7202523603127423,AUTO_CORRECT
beta,beta_F,2024-07-22,sure,1,44,55,12,2.6959874999999998,2.7565314999999995,2.6959874999999998,True,1176,0.05161945994605466,43,55,13.028838538127516,56,56,-1.6424393899462975,13.028838538127516,13.028838538127516,0.709644075515523,AUTO_CORRECT
beta,beta_F,2024-07-23,sure,1,43,59,17,4.625432000000001,4.761178000000001,4.625432000000001,True,1176,0.061129893313188965,43,60,29.392213298305,42,42,-1.4446180853771753,29.392213298305,29.392213298305,0.9212709519181166,AUTO_CORRECT
beta,beta_F,2024-07-24,sure,1,42,60,19,5.2421074999999995,5.181616999999999,5.181616999999999,True,1176,0.06187693103739278,43,60,34.95493847682496,42,42,-0.7491661545487145,34.95493847682496,34.95493847682496,0.9426886873197806,AUTO_CORRECT
beta,beta_F,2024-07-25,sure,0,-1,-1,0,0.0,0.5777570000000001,0.0,True,1176,0.07163187028664542,50,55,3.8846132182573725,47,47,1.847301199014894,2.0373120192424787,3.8846132182573725,0.22380807264027477,AUTO_KEEP
beta,beta_F,2024-07-26,sure,1,42,58,17,6.5630155,4.516842,4.2683735,True,1176,0.04821396975657244,48,60,26.185093464346245,47,47,-1.0460362035500994,26.185093464346245,26.185093464346245,0.9032465739138329,AUTO_CORRECT
beta,beta_F,2024-07-27,sure,0,-1,-1,0,0.0,0.0,0.0,True,1176,0.05080426758188472,-1,-1,0.0,58,58,-2.0454521511191217,,-2.0454521511191217,0.0012138586615519302,AUTO_KEEP
beta,beta_F,2024-07-28,sure,1,47,56,10,1.0082865,1.0347675,1.0082865,True,1176,0.056062050435256694,46,56,16.575631739984246,45,45,-1.0121240276701213,16.575631739984246,16.575631739984246,0.7941733262332802,AUTO_CORRECT
beta,beta_F,2024-07-29,unsure,1,44,60,17,3.629678,3.2794319999999995,3.2794319999999995,True,1176,0.07127683732230139,44,58,32.42507055118042,59,59,-1.1175278280116068,32.42507055118042,32.42507055118042,0.9341609396533302,AUTO_CORRECT
beta,beta_F,2024-07-30,sure,0,-1,-1,0,0.0,0.0,0.0,True,1176,0.08050156020664678,-1,-1,0.0,55,55,-1.0976168148142869,,-1.0976168148142869,0.0025798963333035986,AUTO_KEEP
beta,beta_F,2024-07-31,sure,0,-1,-1,0,0.0,0.44032,0.0,True,1176,0.06175542032942083,40,44,1.9158217122655798,53,53,-0.4245518841178644,1.9158217122655798,1.9158217122655798,0.09205498690363291,AUTO_KEEP
beta,beta_F,2024-08-01,sure,0,-1,-1,0,0.0,6.046133,0.0,True,1176,0.06939930452572884,44,56,2.373853250396485,43,43,-0.3895637594264865,2.373853250396485,2.373853250396485,0.11991596953312288,AUTO_KEEP
beta,beta_F,2024-08-02,unsure,0,-1,-1,0,0.0,2.16133,0.0,True,1176,0.06214253478145526,46,56,12.874862274977339,42,43,4.156910903560602,8.717951371416737,12.874862274977339,0.7050158355308657,AUTO_CORRECT
beta,beta_F,2024-08-03,sure,1,43,57,15,2.2416705,2.0966834999999997,2.0966834999999997,True,1176,0.06451306264757051,44,56,12.451131022225674,57,57,-0.9472570501543892,12.451131022225674,12.451131022225674,0.6917828174234344,UNCERTAIN
beta,beta_F,2024-08-04,sure,0,-1,-1,0,0.0,0.0,0.0,True,136,0.05342159496174492,-1,-1,0.0,38,38,-3.117029504544992,,-3.117029504544992,0.0006594274385008804,AUTO_KEEP
beta,beta_F,2024-08-05,sure,0,-1,-1,0,0.0,0.0,0.0,True,465,0.06364999999999998,-1,-1,0.0,51,51,-0.80237663807661,,-0.80237663807661,0.0035047748718152116,AUTO_KEEP
beta,beta_F,2024-08-06,sure,1,40,52,13,4.575089999999999,6.0478974999999995,4.575089999999999,True,1176,0.045965998883773285,40,60,18.98871992376048,39,39,-1.706734727478206,18.98871992376048,18.98871992376048,0.8335357099759838,AUTO_CORRECT
beta,beta_F,2024-08-07,sure,1,41,61,21,8.056875999999999,8.056875999999999,8.056875999999999,True,1176,0.05545239289116166,41,61,37.04736969030129,40,40,-1.3513193781986734,37.04736969030129,37.04736969030129,0.9485746052421447,AUTO_CORRECT
beta,beta_F,2024-08-08,sure,1,41,61,21,8.600901499999999,8.5629715,8.5629715,True,1176,0.06730546047612762,42,61,29.83344965551696,41,41,-0.5773290433138122,29.83344965551696,29.83344965551696,0.9233629132914943,AUTO_CORRECT
beta,beta_F,2024-08-09,sure,1,41,59,19,3.9453015000000002,2.8398160000000003,2.6622035000000004,True,1176,0.04070699878148787,46,60,15.23615728533301,42,43,0.30399333811092916,14.93216394722208,15.23615728533301,0.7666832692609377,AUTO_CORRECT
beta,beta_F,2024-08-10,sure,0,-1,-1,0,0.0,1.9046445,0.0,True,1176,0.05871988320186272,43,55,4.010062455732663,57,57,-0.4218151818787271,4.010062455732663,4.010062455732663,0.23285851361040433,AUTO_KEEP
beta,beta_F,2024-08-11,sure,0,-1,-1,0,0.0,0.0,0.0,True,1176,0.050348770563757306,-1,-1,0.0,52,52,-0.6747361411821663,,-0.6747361411821663,0.004064781699227909,AUTO_KEEP
beta,beta_F,2024-08-12,sure,0,-1,-1,0,0.0,0.0,0.0,True,1176,0.044039498074416095,-1,-1,0.0,58,58,-2.618718401809493,,-2.618718401809493,0.0008562198198482273,AUTO_KEEP
beta,beta_F,2024-08-13,sure,0,-1,-1,0,0.0,0.1344185,0.0,True,1176,0.057040170724646844,49,50,3.6788013478199786,51,51,-0.7146208759741359,3.6788013478199786,3.6788013478199786,0.20902412583414368,AUTO_KEEP
beta,beta_F,2024-08-14,sure,0,-1,-1,0,0.0,0.0,0.0,True,1176,0.04958337843553773,-1,-1,0.0,43,43,-3.5441992813011387,,-3.5441992813011387,0.0005399656367653641,AUTO_KEEP
beta,beta_F,2024-08-15,sure,0,-1,-1,0,0.0,0.0,0.0,True,1176,0.059813253380160525,-1,-1,0.0,56,56,-2.05797993116623,,-2.05797993116623,0.0012038178911297685,AUTO_KEEP
beta,beta_F,2024-08-16,sure,0,-1,-1,0,0.0,0.3846275,0.0,True,1176,0.04082726696393979,54,55,0.18688203988979193,56,56,-1.2386448833000177,0.18688203988979193,0.18688203988979193,0.016148799420107534,AUTO_KEEP
beta,beta_F,2024-08-17,sure,0,-1,-1,0,0.0,5.414606,0.0,True,1176,0.05029868581335428,42,61,24.71650476099413,40,40,-0.5481902471020773,24.71650476099413,24.71650476099413,0.8929586972652198,AUTO_CORRECT
beta,beta_F,2024-08-18,sure,1,40,49,10,2.8101735000000003,3.3918425,2.8101735000000003,True,1176,0.06312072411323855,39,50,14.489073153666052,55,56,0.5824469177050959,13.906626235960957,14.489073153666052,0.7491811656296515,AUTO_CORRECT
beta,beta_F,2024-08-19,sure,1,41,51,11,3.7821570000000007,4.2785005,3.7821570000000007,True,1176,0.05946894010082726,38,51,15.229423652291182,53,53,-1.5670620733588916,15.229423652291182,15.229423652291182,0.7665329164757075,AUTO_CORRECT
beta,beta_F,2024-08-20,sure,1,40,62,23,12.485994999999999,12.958345,12.485994999999999,True,1176,0.0533672042765978,37,62,41.79871196278176,63,63,-2.647840884684465,41.79871196278176,41.79871196278176,0.9590352615443856,AUTO_CORRECT
beta,beta_F,2024-08-21,sure,1,38,62,25,13.265659500000002,13.1797955,13.1797955,True,1176,0.04492849409078392,38,61,59.61228332002781,63,63,0.04674405242457161,59.565539267603235,59.61228332002781,0.9793297423056815,AUTO_CORRECT
beta,beta_F,2024-08-22,sure,1,42,62,21,8.533091500000001,8.533091500000001,8.533091500000001,True,1176,0.059327909844105076,42,62,35.74816129714296,41,41,-1.1565790349558414,35.74816129714296,35.74816129714296,0.9450308006427359,AUTO_CORRECT
beta,beta_F,2024-08-23,sure,1,38,61,24,10.563671,10.819673,10.563671,True,1176,0.05581919661565582,37,62,49.87456174563985,63,63,-1.1766310483210627,49.87456174563985,49.87456174563985,0.9707839422784761,AUTO_CORRECT
beta,beta_F,2024-08-24,unsure,0,-1,-1,0,0.0,3.8003795,0.0,True,1176,0.037291685055174995,50,62,8.15648997939273,40,43,2.6405446301376974,5.515945349255032,8.15648997939273,0.5073357506757786,UNCERTAIN
beta,beta_F,2024-08-25,sure,0,-1,-1,0,0.0,0.0,0.0,True,1176,0.032329167457326946,-1,-1,0.0,62,62,-3.0314803098381833,,-3.0314803098381833,0.0006880637852309672,AUTO_KEEP
beta,beta_F,2024-08-26,sure,1,36,63,28,16.587621,16.587621,16.587621,True,1176,0.04176586013768224,36,63,76.59353017448989,35,35,-2.9637663853303158,76.59353017448989,76.59353017448989,0.9873643527369237,AUTO_CORRECT
beta,beta_F,2024-08-27,sure,1,37,63,27,17.316084500000002,17.316084500000002,17.316084500000002,True,1176,0.049309464699246464,37,63,59.73159533350944,36,36,-2.131621397412664,59.73159533350944,59.73159533350944,0.9794102316185525,AUTO_CORRECT
beta,beta_F,2024-08-28,sure,1,37,62,26,17.399071000000003,17.825286000000006,17.399071000000003,True,1176,0.03497741405889854,35,63,80.53964035979486,34,34,-1.525222193215501,80.53964035979486,80.53964035979486,0.9885585745961715,AUTO_CORRECT
beta,beta_F,2024-08-29,sure,1,35,63,29,18.071892499999997,18.071892499999997,18.071892499999997,True,1176,0.038885948384439484,35,63,78.51603592837758,64,64,-2.399318276231701,78.51603592837758,78.51603592837758,0.987968205909254,AUTO_CORRECT
beta,beta_F,2024-08-30,sure,1,36,62,27,16.7827965,16.7827965,16.7827965,True,1176,0.033951548286871525,36,62,59.87204164057131,63,63,-1.6110129691224053,59.87204164057131,59.87204164057131,0.9795043841715099,AUTO_CORRECT
beta,beta_F,2024-08-31,sure,1,36,62,27,15.457373,15.457373,15.457373,True,1176,0.03342113024399951,36,62,79.16079625870896,63,63,-1.38543065545535,79.16079625870896,79.16079625870896,0.9881611339024938,AUTO_CORRECT
beta,beta_F,2024-09-01,sure,1,37,62,26,13.668908,13.668908,13.668908,True,1176,0.040641874934911115,37,62,69.29752743805848,63,63,-1.9214837417036092,69.29752743805848,69.29752743805848,0.9846091998667489,AUTO_CORRECT
beta,beta_F,2024-09-02,sure,1,35,63,29,18.967365,18.967365,18.967365,True,1176,0.027898339861702537,35,63,83.27317458860774,64,64,-2.122090812428774,83.27317458860774,83.27317458860774,0.9892899679295706,AUTO_CORRECT
beta,beta_F,2024-09-03,sure,1,36,63,28,19.829486000000003,19.829486000000003,19.829486000000003,True,1176,0.04954354917190962,36,63,62.23279056614813,35,35,-1.364671641186873,62.23279056614813,62.23279056614813,0.9809959333697289,AUTO_CORRECT
beta,beta_F,2024-09-04,sure,1,37,63,27,18.7995855,19.003837,18.7995855,True,1176,0.0534995749183691,36,64,57.758562112968775,35,35,-2.1823101313099085,57.758562112968775,57.758562112968775,0.9780168338869754,AUTO_CORRECT
beta,beta_F,2024-09-05,sure,1,36,63,28,17.692870999999997,17.692870999999997,17.692870999999997,True,1176,0.04419557306047861,36,63,56.917092318519245,35,35,-2.597197643299012,56.917092318519245,56.917092318519245,0.9773797361316604,AUTO_CORRECT
beta,beta_F,2024-09-06,sure,1,36,63,28,18.2241575,18.301705000000002,18.2241575,True,1176,0.048614265785388966,35,63,73.81621013979633,32,32,-3.1010053185881157,73.81621013979633,73.81621013979633,0.9864091961824317,AUTO_CORRECT
beta,beta_F,2024-09-07,sure,1,36,58,23,10.532243500000002,10.671857000000001,10.532243500000002,True,1176,0.03716403462857465,35,58,46.7846844031986,59,59,-1.1009104595758803,46.7846844031986,46.7846844031986,0.9669604841544903,AUTO_CORRECT
beta,beta_F,2024-09-08,sure,0,-1,-1,0,0.0,0.0,0.0,True,1176,0.029915744454621862,-1,-1,0.0,45,45,-1.705873460445204,,-1.705873460445204,0.0015418376068612467,AUTO_KEEP
beta,beta_F,2024-09-09,unsure,0,-1,-1,0,0.0,9.790956999999999,0.0,True,1176,0.046554746067025254,35,64,26.731970689473265,34,34,-0.7274640223317687,26.731970689473265,26.731970689473265,0.9067157665017371,AUTO_CORRECT
beta,beta_F,2024-09-10,sure,1,35,62,28,17.2185575,17.4869635,17.2185575,True,1176,0.04334555005998997,35,64,64.00134048795238,65,65,-2.2789924138258053,64.00134048795238,64.00134048795238,0.9820101992351693,AUTO_CORRECT
beta,beta_F,2024-09-11,sure,1,36,62,27,18.545455999999998,18.852615,18.545455999999998,True,1176,0.05160735714176412,35,63,68.62550834196078,65,65,-1.5655202895878415,68.62550834196078,68.62550834196078,0.9843115211002058,AUTO_CORRECT
beta,beta_F,2024-09-12,unsure,0,-1,-1,0,0.0,5.4739805,0.0,True,1176,0.039736111944304264,41,62,14.935932737293184,40,40,-0.6561707307779584,14.935932737293184,14.935932737293184,0.7598517625685222,AUTO_CORRECT
beta,beta_F,2024-09-13,unsure,0,-1,-1,0,0.0,4.5681365,0.0,True,1176,0.05364864479379783,37,47,13.710217991375487,49,61,3.558082967194687,10.152135024180799,13.710217991375487,0.7290353879338229,AUTO_CORRECT
beta,beta_F,2024-09-14,sure,1,37,60,24,15.4410585,16.093373,15.4410585,True,1176,0.041761782847799855,37,62,61.953107761424135,63,63,-1.1519162515013472,61.953107761424135,61.953107761424135,0.9808277928246237,AUTO_CORRECT
beta,beta_F,2024-09-15,sure,1,37,61,25,8.4736185,8.515225999999998,8.399408000000001,True,1176,0.02378825893204728,36,60,33.29590781259682,61,61,-1.132131058848457,33.29590781259682,33.29590781259682,0.9372939241365084,AUTO_CORRECT
beta,beta_F,2024-09-16,sure,1,36,64,29,20.361437,20.267121999999997,20.267121999999997,True,1176,0.03263117800959092,36,63,61.83945111703266,64,64,-1.159821468434286,61.83945111703266,61.83945111703266,0.9807588330999638,AUTO_CORRECT
beta,beta_F,2024-09-17,sure,1,35,63,29,20.127312500000002,20.195882,20.062512,True,1176,0.05060024830013954,36,64,55.47378910542162,35,35,-0.7872752539122114,55.47378910542162,55.47378910542162,0.9762214662944451,AUTO_CORRECT
beta,beta_F,2024-09-18,sure,1,35,64,30,21.7057815,21.7057815,21.7057815,True,1176,0.04484434987879471,35,64,66.88254507327186,65,65,-2.173705328905509,66.88254507327186,66.88254507327186,0.9834983838001237,AUTO_CORRECT
beta,beta_F,2024-09-19,sure,1,35,64,30,22.248048499999996,22.170903999999997,22.170903999999997,True,1176,0.04438797432492425,35,63,69.4715828433217,64,64,-0.8633411430662177,69.4715828433217,69.4715828433217,0.9846849315325761,AUTO_CORRECT
beta,beta_F,2024-09-20,sure,1,34,64,31,22.278900000000004,22.217245000000002,22.217245000000002,True,1176,0.04551453255888527,35,64,71.19110128876261,34,34,-0.7636035327946584,71.19110128876261,71.19110128876261,0.9854042402847766,AUTO_CORRECT
beta,beta_F,2024-09-21,sure,1,36,63,28,18.486407,18.573806499999996,18.486407,True,1176,0.05568033599959765,35,63,68.86736370909051,64,64,-1.9069211672064086,68.86736370909051,68.86736370909051,0.984419631324082,AUTO_CORRECT
beta,beta_F,2024-09-22,sure,1,35,63,29,17.399148999999998,17.3582505,17.3582505,True,1176,0.03472239820656875,36,63,78.10046746046896,35,35,-0.5816358203793452,78.10046746046896,78.10046746046896,0.9878413689280214,AUTO_CORRECT
beta,beta_F,2024-09-23,sure,1,34,63,30,22.1469425,22.1469425,22.1469425,True,1176,0.038096483725049035,34,63,84.63954726955909,64,64,-1.3573974459547211,84.63954726955909,84.63954726955909,0.9896297389008195,AUTO_CORRECT
beta,beta_F,2024-09-24,sure,1,37,53,17,8.409711999999999,10.832011999999999,8.409711999999999,True,1176,0.05061109059312119,36,61,38.97690021494307,35,35,-0.7534171226216169,38.97690021494307,38.97690021494307,0.9532491649427168,AUTO_CORRECT
beta,beta_F,2024-09-25,sure,1,40,63,24,13.207270999999999,13.394139000000001,13.064402999999999,True,1176,0.0345456549151717,38,62,41.48057952649706,63,63,-1.2032324064504907,41.48057952649706,41.48057952649706,0.9584373285643785,AUTO_CORRECT
beta,beta_F,2024-09-26,sure,0,-1,-1,0,0.0,0.0,0.0,True,1176,0.0437917327000934,-1,-1,0.0,43,43,-2.8225279340427556,,-2.8225279340427556,0.000766335091747571,AUTO_KEEP
beta,beta_F,2024-09-27,unsure,1,36,59,24,4.6884835,4.745154,4.5522735,True,1176,0.06523074815363405,37,60,20.05505909220762,61,61,-0.6355015455541837,20.05505909220762,20.05505909220762,0.8476364017587174,AUTO_CORRECT
beta,beta_F,2024-09-28,sure,0,-1,-1,0,0.0,1.646502,0.0,True,1176,0.03934799404270306,51,58,1.9176333722112056,43,48,1.3372189452074712,0.5804144270037344,1.9176333722112056,0.09216020892907871,AUTO_KEEP
beta,beta_F,2024-09-29,sure,0,-1,-1,0,0.0,0.0,0.0,True,1176,0.03506138071463827,-1,-1,0.0,47,47,-0.7272914849025562,,-0.7272914849025562,0.003819088219870788,AUTO_KEEP
beta,beta_F,2024-09-30,sure,1,39,63,25,8.435193499999999,7.9286129999999995,7.9286129999999995,True,1176,0.04644486775797785,40,60,31.268629225829308,38,38,-0.3747964461239905,31.268629225829308,31.268629225829308,0.9296356302016687,AUTO_CORRECT
beta,beta_G,2023-10-01,sure,1,41,58,18,10.1705875,11.391292000000002,10.1705875,True,1176,0.06758442889597438,38,59,27.49196369885175,66,66,-2.6872848121496156,27.49196369885175,27.49196369885175,0.928159065877936,AUTO_CORRECT
beta,beta_G,2023-10-02,sure,1,38,61,24,17.161708500000003,17.161708500000003,17.161708500000003,True,1176,0.1049417121156968,38,61,61.47965017628227,62,62,-2.5248225890752067,61.47965017628227,61.47965017628227,0.9859734065057267,AUTO_CORRECT
beta,beta_G,2023-10-03,unsure,1,37,58,22,19.276895499999995,19.276895499999995,19.276895499999995,True,1176,0.09756490063005874,37,58,3.030048826297576,59,59,-3.3014729743521976,3.030048826297576,3.030048826297576,0.1596914701923745,AUTO_KEEP
beta,beta_G,2023-10-04,sure,0,-1,-1,0,0.0,0.0,0.0,True,1176,0.09747175902185035,-1,-1,0.0,48,48,-1.5670683647676384,,-1.5670683647676384,0.0012280861037902897,AUTO_KEEP
beta,beta_G,2023-10-05,unsure,1,37,65,29,37.54072599999999,38.97942799999999,37.54072599999999,True,1176,0.1134126505079589,36,66,54.98519259971067,69,69,-1.7757703707222492,54.98519259971067,54.98519259971067,0.9822925983381517,AUTO_CORRECT
beta,beta_G,2023-10-06,unsure,1,38,60,23,28.645032999999994,29.921066999999997,28.645032999999994,True,1176,0.12848016615657665,36,60,38.677585185786505,62,62,-1.0034409384670835,38.677585185786505,38.677585185786505,0.9634964110240338,AUTO_CORRECT
beta,beta_G,2023-10-07,sure,1,45,59,15,7.8640255,7.260454,7.260454,True,1176,0.08791497948059224,46,58,4.674070821025217,43,44,-0.09069170623274624,4.674070821025217,4.674070821025217,0.2844561457618004,AUTO_KEEP
beta,beta_G,2023-10-08,sure,1,38,66,29,27.9157175,28.248170000000002,27.9157175,True,1176,0.062036576047013625,37,66,56.609887190683274,67,67,-2.4719239303561507,56.609887190683274,56.609887190683274,0.9833346752902722,AUTO_CORRECT
beta,beta_G,2023-10-09,sure,1,37,66,30,31.833367499999998,31.833367499999998,31.833367499999998,True,1176,0.10159328948205104,37,66,47.20180058071082,67,67,-2.0883228659697743,47.20180058071082,47.20180058071082,0.975707224082732,AUTO_CORRECT
beta,beta_G,2023-10-10,sure,1,38,64,27,29.342443499999998,30.120331,28.836131499999997,True,1176,0.11950936625987696,36,63,28.10377411034732,64,64,-1.2983119295866015,28.10377411034732,28.10377411034732,0.9311558562922382,AUTO_CORRECT
beta,beta_G,2023-10-11,sure,1,38,65,28,24.635105000000003,25.336028,24.635105000000003,True,1176,0.14221060016511178,37,65,30.565515299093406,36,36,-2.0186127737819457,30.565515299093406,30.565515299093406,0.9415714623530238,AUTO_CORRECT
beta,beta_G,2023-10-12,sure,1,37,63,27,26.644828000000004,27.366183999999997,26.644828000000004,True,1176,0.11798666700715721,36,63,23.007462976584442,69,69,-2.98423407109966,23.007462976584442,23.007462976584442,0.8992846268304455,AUTO_CORRECT
beta,beta_G,2023-10-13,sure,1,36,66,31,35.34572500000001,35.34572500000001,35.34572500000001,True,1176,0.1259575711768921,36,66,55.610114704551435,35,35,-2.855292064759278,55.610114704551435,55.610114704551435,0.9827043466588229,AUTO_CORRECT
beta,beta_G,2023-10-14,sure,1,37,65,29,32.735463499999994,32.735463499999994,32.735463499999994,True,1176,0.1232706211930008,37,65,63.08830634833208,66,66,-1.5531834999443677,63.08830634833208,63.08830634833208,0.9867119654632273,AUTO_CORRECT
beta,beta_G,2023-10-15,sure,1,38,63,26,24.5381865,25.246012500000003,24.5381865,True,1176,0.0527760596007818,36,63,59.73506966674944,64,64,-3.236775235860561,59.73506966674944,59.73506966674944,0.9851029269154895,AUTO_CORRECT
beta,beta_G,2023-10-16,sure,1,36,65,30,31.643438,31.643438,31.643438,True,1176,0.07836151326876761,36,65,50.35037231392644,66,66,-1.1894728359310642,50.35037231392644,50.35037231392644,0.978740990891348,AUTO_CORRECT
beta,beta_G,2023-10-17,sure,0,-1,-1,0,0.0,0.0,0.0,True,1176,0.1518510852023751,-1,-1,0.0,47,47,-0.761641026112675,,-0.761641026112675,0.002762594712638133,AUTO_KEEP
beta,beta_G,2023-10-18,sure,0,-1,-1,0,0.0,28.029774500000002,0.0,True,1176,0.15951691934778367,35,69,12.499106055660604,70,70,-3.106354698172822,12.499106055660604,12.499106055660604,0.720566679726742,AUTO_CORRECT
beta,beta_G,2023-10-19,sure,1,43,67,25,28.274124,27.642126500000003,27.642126500000003,True,1176,0.13821587265596014,44,67,27.013560978933633,43,43,-1.8552435452066887,27.013560978933633,27.013560978933633,0.9256848457445622,AUTO_CORRECT
beta,beta_G,2023-10-20,sure,1,37,64,28,29.978626,30.621778499999998,29.978626,True,1176,0.1604866508955447,36,64,46.8717714221748,35,35,-2.622727536531662,46.8717714221748,46.8717714221748,0.9753534343470969,AUTO_CORRECT
beta,beta_G,2023-10-21,sure,1,37,57,21,14.776774999999999,15.196230499999999,14.776774999999999,True,1176,0.11501287195359966,37,58,30.27808240910787,59,59,-2.3563813272070546,30.27808240910787,30.27808240910787,0.9404763034217095,AUTO_CORRECT
beta,beta_G,2023-10-22,sure,1,38,53,16,6.8372915,8.539566,6.8372915,True,1176,0.10743060920592606,37,56,21.666550516917074,60,60,-1.861269746369243,21.666550516917074,21.666550516917074,0.887485840045775,AUTO_CORRECT
beta,beta_G,2023-10-23,sure,1,35,63,29,31.012396499999998,31.4854855,31.012396499999998,True,1176,0.10121775160385305,35,64,43.002202269331605,34,34,-3.684611633962,43.002202269331605,43.002202269331605,0.9705832901422583,AUTO_CORRECT
beta,beta_G,2023-10-24,sure,1,37,60,24,22.9686795,23.5290065,22.9686795,True,1176,0.15846107826230948,36,60,17.640184063418157,35,35,-2.6029451176611778,17.640184063418157,17.640184063418157,0.8379991807075755,AUTO_CORRECT
beta,beta_G,2023-10-25,sure,0,-1,-1,0,0.0,12.461198,0.0,True,1176,0.1372526195934105,38,50,1.4585910009255136,51,51,-1.1157122670576922,1.4585910009255136,1.4585910009255136,0.06142045180572951,AUTO_KEEP
beta,beta_G,2023-10-26,sure,0,-1,-1,0,0.0,0.0,0.0,True,1176,0.14602706111297703,-1,-1,0.0,42,42,-1.7630156695241954,,-1.7630156695241954,0.0010480723509093074,AUTO_KEEP
beta,beta_G,2023-10-27,unsure,1,54,64,11,7.064475000000001,3.5268065,3.5268065,True,1176,0.1593580147418403,59,63,2.9286440428113525,58,58,-0.7751815102072798,2.9286440428113525,2.9286440428113525,0.15245149815477976,AUTO_KEEP
beta,beta_G,2023-10-28,unsure,1,41,60,20,12.555910000000003,23.3311135,12.555910000000003,True,1176,0.11838064176118435,35,67,15.113170538840304,68,68,-1.7469315419811253,15.113170538840304,15.113170538840304,0.7906982531879053,AUTO_CORRECT
beta,beta_G,2023-10-29,sure,1,36,64,29,34.667449500000004,35.34608150000001,34.667449500000004,True,1176,0.09415231980687144,35,65,79.74375938088761,66,66,-1.3175873764900694,79.74375938088761,79.74375938088761,0.9918849199452232,AUTO_CORRECT
beta,beta_G,2023-10-30,sure,1,35,63,29,30.690937,30.690937,30.690937,True,1176,0.1132964453459353,35,63,32.55434910928215,69,69,-3.144479176065824,32.55434910928215,32.55434910928215,0.9484148144417728,AUTO_CORRECT
beta,beta_G,2023-10-31,unsure,1,46,61,16,14.775124000000002,15.478903000000003,14.775124000000002,True,1176,0.10617420878745687,46,62,15.863265267560442,39,44,1.4662867716174328,14.396978495943008,15.863265267560442,0.8064797091494155,AUTO_CORRECT
beta,beta_G,2023-11-01,unsure,1,46,67,22,19.290882000000003,26.948041500000006,18.976254500000003,True,1176,0.1103991161039608,36,66,52.370145251622134,67,67,-1.1722914124439379,52.370145251622134,52.370145251622134,0.9804053998144302,AUTO_CORRECT
beta,beta_G,2023-11-02,sure,1,41,67,27,25.492336,31.460851,25.190910000000002,True,1176,0.13447356465083216,33,66,32.63666402104459,67,67,-1.7990304010713105,32.63666402104459,32.63666402104459,0.948672799972501,AUTO_CORRECT
beta,beta_G,2023-11-03,unsure,0,-1,-1,0,0.0,21.728696,0.0,True,1176,0.11840412188509974,36,65,26.53746848573003,35,35,-2.44678715572215,26.53746848573003,26.53746848573003,0.9231006563582386,AUTO_CORRECT
beta,beta_G,2023-11-04,sure,1,45,66,22,15.392342500000002,18.5088005,15.392342500000002,True,1176,0.08996440154592111,37,66,45.872226841641314,67,67,-1.400411804691206,45.872226841641314,45.872226841641314,0.9742351753376897,AUTO_CORRECT
beta,beta_G,2023-11-05,unsure,0,-1,-1,0,0.0,2.3200255,0.0,True,1176,0.08213093452232512,45,52,5.701737976532617,53,53,-1.09441228190576,5.701737976532617,5.701737976532617,0.3627691774775649,UNCERTAIN
beta,beta_G,2023-11-06,sure,0,-1,-1,0,0.0,18.540031500000005,0.0,True,1176,0.09779724518990829,38,65,14.215866901952506,66,66,-1.6895615456542852,14.215866901952506,14.215866901952506,0.7695074247950542,AUTO_CORRECT
beta,beta_G,2023-11-07,unsure,1,37,67,31,31.394819999999996,34.1226765,31.394819999999996,True,1176,0.15054033745361073,34,68,35.854350504940385,69,69,-2.6360366159569764,35.854350504940385,35.854350504940385,0.957463475376979,AUTO_CORRECT
beta,beta_G,2023-11-08,unsure,1,35,60,26,26.561952,27.342268500000003,26.561952,True,1176,0.1401966023223582,35,61,17.114770050562157,64,64,-2.6370288073817405,17.114770050562157,17.114770050562157,0.8294501066187432,AUTO_CORRECT
beta,beta_G,2023-11-09,sure,0,-1,-1,0,0.0,20.8028715,0.0,True,1176,0.15257098921556,39,60,5.3892398148435765,38,38,-1.8322478897888146,5.3892398148435765,5.3892398148435765,0.339308325592463,UNCERTAIN
beta,beta_G,2023-11-10,unsure,1,37,64,28,27.337290999999997,30.454272999999997,27.337290999999997,True,1176,0.14470471309701827,34,66,31.93452102761123,68,68,-3.090500066291943,31.93452102761123,31.93452102761123,0.9464110955605679,AUTO_CORRECT
beta,beta_G,2023-11-11,unsure,1,37,56,20,14.49232,15.778829499999999,14.49232,True,1176,0.1229930435465465,36,58,29.858686313972335,35,35,-2.770484238569416,29.858686313972335,29.858686313972335,0.9388249900250084,AUTO_CORRECT
beta,beta_G,2023-11-12,sure,0,-1,-1,0,0.0,0.0,0.0,True,1176,0.08261535157799882,-1,-1,0.0,42,42,-1.8881282170092122,,-1.8881282170092122,0.0009526684572798879,AUTO_KEEP
beta,beta_G,2023-11-13,sure,1,43,65,23,20.849995000000003,23.281437,20.849995000000003,True,1176,0.07307254045683997,40,65,28.622386757470085,39,39,-1.1045749302799097,28.622386757470085,28.622386757470085,0.9335586549593032,AUTO_CORRECT
beta,beta_G,2023-11-14,sure,1,36,60,25,24.980507499999998,25.781237499999996,24.980507499999998,True,1176,0.1469474791047478,35,60,14.658142680562076,61,61,-2.191218759999716,14.658142680562076,14.658142680562076,0.7802875093449778,AUTO_CORRECT
beta,beta_G,2023-11-15,sure,1,37,56,20,17.576432,19.5277655,17.576432,True,1176,0.10763812754245228,37,58,24.44207629868337,59,59,-1.269286178894193,24.44207629868337,24.44207629868337,0.9100714786614584,AUTO_CORRECT
beta,beta_G,2023-11-16,sure,1,40,53,14,13.670714,19.232808000000002,13.670714,True,1176,0.11204143373853714,40,59,20.578295642432632,60,60,-2.0523002065207527,20.578295642432632,20.578295642432632,0.8764432102246248,AUTO_CORRECT
beta,beta_G,2023-11-17,sure,0,-1,-1,0,0.0,13.3347355,0.0,True,1176,0.14160463114002253,54,68,4.233220805682219,49,49,-1.29158373671054,4.233220805682219,4.233220805682219,0.25031308185961076,AUTO_KEEP
beta,beta_G,2023-11-18,sure,1,36,66,31,32.895497,33.724895,32.895497,True,1176,0.0770848858600508,34,67,77.71817200672699,68,68,-3.4650959909397994,77.71817200672699,77.71817200672699,0.991431644193388,AUTO_CORRECT
beta,beta_G,2023-11-19,sure,1,35,60,26,25.140008,26.374570999999996,25.140008,True,1176,0.09148495401783574,32,60,39.75760465630442,63,63,-2.0401153814160327,39.75760465630442,39.75760465630442,0.9654802406201061,AUTO_CORRECT
beta,beta_G,2023-11-20,sure,0,-1,-1,0,0.0,0.0,0.0,True,1176,0.11971998302048448,-1,-1,0.0,70,70,-1.5701462077246753,,-1.5701462077246753,0.0012249195435932506,AUTO_KEEP
beta,beta_G,2023-11-21,sure,1,44,63,20,15.852603,8.219542,7.407058000000001,True,1176,0.11863302902976747,55,64,2.938613745855273,43,43,-0.5942600577012348,2.938613745855273,2.938613745855273,0.15315930363348354,AUTO_KEEP
beta,beta_G,2023-11-22,sure,0,-1,-1,0,0.0,0.0,0.0,True,1176,0.10581146071124037,-1,-1,0.0,58,63,-0.6831889739535818,,-0.6831889739535818,0.0030470094530735702,AUTO_KEEP
beta,beta_G,2023-11-23,sure,0,-1,-1,0,0.0,0.0,0.0,True,1176,0.12869954465980493,-1,-1,0.0,37,37,-1.0381952716327552,,-1.0381952716327552,0.002018482500815255,AUTO_KEEP
beta,beta_G,2023-11-24,sure,0,-1,-1,0,0.0,0.0,0.0,True,1176,0.1525194619807544,-1,-1,0.0,55,55,-1.411765417636758,,-1.411765417636758,0.0014048144908277208,AUTO_KEEP
beta,beta_G,2023-11-25,sure,0,-1,-1,0,0.0,0.0,0.0,True,1176,0.11576357552145122,-1,-1,0.0,59,59,-1.1647462838965121,,-1.1647462838965121,0.0017729444997677012,AUTO_KEEP
beta,beta_G,2023-11-26,sure,1,38,56,19,12.465798500000002,13.272777000000001,12.465798500000002,True,1176,0.07033744436818079,35,56,31.092863514134443,66,66,-1.9514926081306436,31.092863514134443,31.092863514134443,0.9435070701537709,AUTO_CORRECT
beta,beta_G,2023-11-27,sure,0,-1,-1,0,0.0,16.246885000000002,0.0,True,1176,0.1049236162146654,35,52,2.163063244500936,65,65,-1.4172474490890103,2.163063244500936,2.163063244500936,0.1012787565908984,AUTO_KEEP
beta,beta_G,2023-11-28,sure,0,-1,-1,0,0.0,2.145139,0.0,True,1176,0.13318237216339313,62,64,0.4302632558165095,61,61,-1.175492383092138,0.4302632558165095,0.4302632558165095,0.019932301394236407,AUTO_KEEP
beta,beta_G,2023-11-29,sure,0,-1,-1,0,0.0,0.0,0.0,True,1176,0.13709106478581923,-1,-1,0.0,34,63,-0.4993749657042591,,-0.4993749657042591,0.003906992256229528,AUTO_KEEP
beta,beta_G,2023-11-30,unsure,1,37,62,26,24.2782895,37.11367549999999,24.2782895,True,1176,0.11717794876481769,30,67,11.029711839796205,68,68,-2.1798784809815435,11.029711839796205,11.029711839796205,0.66789118185464,UNCERTAIN
beta,beta_G,2023-12-01,sure,0,-1,-1,0,0.0,0.0,0.0,True,1176,0.11369473438971722,-1,-1,0.0,46,46,-1.109700081200063,,-1.109700081200063,0.0018740575875244151,AUTO_KEEP
beta,beta_G,2023-12-02,sure,0,-1,-1,0,0.0,4.066371999999999,0.0,True,1176,0.10295020963739576,43,50,9.355306524541753,51,51,-0.6747485297537751,9.355306524541753,9.355306524541753,0.5927464004417425,UNCERTAIN
beta,beta_G,2023-12-03,unsure,1,37,46,10,4.499874,5.130291,4.499874,True,1176,0.05659643056594721,36,47,14.480817478325042,49,49,-1.3166410166122653,14.480817478325042,14.480817478325042,0.776046265295014,AUTO_CORRECT
beta,beta_G,2023-12-04,sure,0,-1,-1,0,0.0,0.0,0.0,True,1176,0.10341411278036183,-1,-1,0.0,58,58,-0.4867607770436824,,-0.4867607770436824,0.003978567181921654,AUTO_KEEP
beta,beta_G,2023-12-05,sure,0,-1,-1,0,0.0,0.0,0.0,True,1176,0.15538861897704415,-1,-1,0.0,34,34,-2.8566401327145243,,-2.8566401327145243,0.0005107368012857958,AUTO_KEEP
beta,beta_G,2023-12-06,sure,0,-1,-1,0,0.0,0.0,0.0,True,1176,0.15146330717873857,-1,-1,0.0,32,32,-3.306598997717888,,-3.306598997717888,0.00040258399002111254,AUTO_KEEP
beta,beta_G,2023-12-07,sure,0,-1,-1,0,0.0,0.0,0.0,True,1176,0.12262001328542249,-1,-1,0.0,61,61,-2.25596100280754,,-2.25596100280754,0.0007357375961597407,AUTO_KEEP
beta,beta_G,2023-12-08,sure,0,-1,-1,0,0.0,0.0,0.0,True,1176,0.11586889315840754,-1,-1,0.0,36,36,-1.6051594753810061,,-1.6051594753810061,0.0011897226525518234,AUTO_KEEP
beta,beta_G,2023-12-09,sure,0,-1,-1,0,0.0,0.0,0.0,True,1176,0.12151700000000032,-1,-1,0.0,64,64,-2.4348028797878705,,-2.4348028797878705,0.0006556323798325255,AUTO_KEEP
beta,beta_G,2023-12-10,sure,0,-1,-1,0,0.0,0.0,0.0,True,1176,0.14385600000000043,-1,-1,0.0,47,47,-1.5035243073247115,,-1.5035243073247115,0.0012962308817404302,AUTO_KEEP
beta,beta_G,2023-12-11,sure,0,-1,-1,0,0.0,0.0,0.0,True,1176,0.1010209999999998,-1,-1,0.0,40,40,-1.9519101517177355,,-1.9519101517177355,0.0009088570372770596,AUTO_KEEP
beta,beta_G,2023-12-12,sure,0,-1,-1,0,0.0,0.0,0.0,True,1176,0.10350654069793919,-1,-1,0.0,41,41,-1.7856274108589578,,-1.7856274108589578,0.0010298243785579325,AUTO_KEEP
beta,beta_G,2023-12-13,sure,0,-1,-1,0,0.0,0.0,0.0,True,1176,0.14602663484526968,-1,-1,0.0,43,43,-2.0012931329455017,,-2.0012931329455017,0.0008769316578982046,AUTO_KEEP
beta,beta_G,2023-12-14,sure,0,-1,-1,0,0.0,0.0,0.0,True,1176,0.1621221433769069,-1,-1,0.0,39,39,-2.595174422768577,,-2.595174422768577,0.0005942019623077971,AUTO_KEEP
beta,beta_G,2023-12-15,sure,0,-1,-1,0,0.0,0.0,0.0,True,1176,0.11635909171568581,-1,-1,0.0,37,37,-2.040682961013476,,-2.040682961013476,0.0008526294084854664,AUTO_KEEP
beta,beta_G,2023-12-16,sure,0,-1,-1,0,0.0,0.0,0.0,True,1176,0.12771781662903559,-1,-1,0.0,45,45,-2.9645640302143668,,-2.9645640302143668,0.00048122956029040225,AUTO_KEEP
beta,beta_G,2023-12-17,unsure,0,-1,-1,0,0.0,0.0,0.0,True,1176,0.07192357845220565,-1,-1,0.0,43,43,-0.717111411171186,,-0.717111411171186,0.0029190098673492746,AUTO_KEEP
beta,beta_G,2023-12-18,sure,0,-1,-1,0,0.0,0.0,0.0,True,1176,0.10279784120195501,-1,-1,0.0,45,45,-1.7685760949004414,,-1.7685760949004414,0.0010435414135596085,AUTO_KEEP
beta,beta_G,2023-12-19,sure,0,-1,-1,0,0.0,0.0,0.0,True,1176,0.13218833918382344,-1,-1,0.0,45,45,-2.5167165630930435,,-2.5167165630930435,0.0006231515964293684,AUTO_KEEP
beta,beta_G,2023-12-20,sure,0,-1,-1,0,0.0,0.0,0.0,True,1176,0.11531933239670522,-1,-1,0.0,59,59,-3.1526013751768227,,-3.1526013751768227,0.00043546938113466253,AUTO_KEEP
beta,beta_G,2023-12-21,sure,0,-1,-1,0,0.0,0.0,0.0,True,1176,0.08538274949496127,-1,-1,0.0,64,64,-1.1023926655411842,,-1.1023926655411842,0.0018881112169753477,AUTO_KEEP
beta,beta_G,2023-12-22,unsure,1,43,62,20,16.547760500000003,22.251748999999997,16.547760500000003,True,1176,0.12118945928292968,36,64,30.951541079202176,65,65,-1.7396863012310073,30.951541079202176,30.951541079202176,0.9429974602233645,AUTO_CORRECT
beta,beta_G,2023-12-23,unsure,1,36,60,25,21.072682,25.401276000000003,21.072682,True,1176,0.09308009249278548,32,64,24.375702801884987,68,68,-3.134441099224505,24.375702801884987,24.375702801884987,0.9096092153290791,AUTO_CORRECT
beta,beta_G,2023-12-24,unsure,1,51,59,9,9.4040845,14.701274499999998,9.4040845,True,1176,0.07675934693005804,51,67,24.58333897484423,68,68,-1.3853654407234786,24.58333897484423,24.58333897484423,0.9110442737558181,AUTO_CORRECT
beta,beta_G,2023-12-25,unsure,1,40,51,12,6.5222365,6.7806074999999995,6.5222365,True,1176,0.08134058740581773,39,51,13.494159602353925,69,69,-1.0313637698676774,13.494159602353925,13.494159602353925,0.7503919894705859,AUTO_CORRECT
beta,beta_G,2023-12-26,unsure,1,37,52,16,6.978816999999999,0.0,0.0,True,1176,0.04888128869743591,-1,-1,0.0,38,40,-0.24758919848686053,,-0.24758919848686053,0.005797631771231441,AUTO_KEEP
beta,beta_G,2023-12-27,sure,0,-1,-1,0,0.0,13.003303,0.0,True,1176,0.09618937786063375,35,53,7.979755754328764,54,54,-1.71680932405254,7.979755754328764,7.979755754328764,0.5169592995221475,UNCERTAIN
beta,beta_G,2023-12-28,sure,0,-1,-1,0,0.0,25.860066,0.0,True,1176,0.12525267763706083,33,62,0.6660928767256468,63,63,-1.6956627092909144,0.6660928767256468,0.6660928767256468,0.027490691455581657,AUTO_KEEP
beta,beta_G,2023-12-29,unsure,0,-1,-1,0,0.0,0.0,0.0,True,1176,0.0993982886503404,-1,-1,0.0,35,35,-1.497441762483071,,-1.497441762483071,0.0013030420459851852,AUTO_KEEP
beta,beta_G,2023-12-30,sure,1,38,48,11,2.9963565,4.7074005,2.9963565,True,1176,0.0880654772181857,37,51,9.40144236406706,64,64,-1.4243720315182862,9.40144236406706,9.40144236406706,0.5950593058194928,UNCERTAIN
beta,beta_G,2023-12-31,sure,0,-1,-1,0,0.0,0.0,0.0,True,1176,0.08310962763852636,-1,-1,0.0,58,58,-2.408792519935896,,-2.408792519935896,0.0006664650197891991,AUTO_KEEP
beta,beta_G,2024-01-01,unsure,0,-1,-1,0,0.0,11.747050499999999,0.0,True,1176,0.0800931581846509,42,61,5.338626184823298,63,63,-0.5256437205593045,5.338626184823298,5.338626184823298,0.33547271228278885,UNCERTAIN
beta,beta_G,2024-01-02,sure,0,-1,-1,0,0.0,0.0,0.0,True,1176,0.10652815431651153,-1,-1,0.0,53,53,-1.3859305054940643,,-1.3859305054940643,0.0014377876854957,AUTO_KEEP
beta,beta_G,2024-01-03,sure,0,-1,-1,0,0.0,0.0,0.0,True,1176,0.13570138871995807,-1,-1,0.0,37,37,-2.666394339525313,,-2.666394339525313,0.0005695955382894959,AUTO_KEEP
beta,beta_G,2024-01-04,sure,0,-1,-1,0,0.0,0.0,0.0,True,1176,0.15427146011474768,-1,-1,0.0,48,48,-2.3120505556268793,,-2.3120505556268793,0.0007091407194542126,AUTO_KEEP
beta,beta_G,2024-01-05,sure,0,-1,-1,0,0.0,0.0,0.0,True,1176,0.08902305359817486,-1,-1,0.0,60,60,-1.4575284433633904,,-1.4575284433633904,0.0013490635504915774,AUTO_KEEP
beta,beta_G,2024-01-06,unsure,0,-1,-1,0,0.0,10.445757,0.0,True,1176,0.08990549258199332,36,60,22.306139399749053,67,67,-1.2707366761249845,22.306139399749053,22.306139399749053,0.8933420633822475,AUTO_CORRECT
beta,beta_G,2024-01-07,unsure,0,-1,-1,0,0.0,12.958051500000002,0.0,True,1176,0.08221985257783126,36,57,24.395120644083676,61,61,-1.3378598174608833,24.395120644083676,24.395120644083676,0.9097447985259368,AUTO_CORRECT
beta,beta_G,2024-01-08,sure,0,-1,-1,0,0.0,0.0,0.0,True,1176,0.1012145603698702,-1,-1,0.0,61,61,-1.4920148279115868,,-1.4920148279115868,0.0013091633515867462,AUTO_KEEP
beta,beta_G,2024-01-09,sure,0,-1,-1,0,0.0,6.1883040000000005,0.0,True,1176,0.0808245960703875,56,62,0.19746676009089553,55,55,-1.3194524312710498,0.19746676009089553,0.19746676009089553,0.013673621310430057,AUTO_KEEP
beta,beta_G,2024-01-10,sure,0,-1,-1,0,0.0,0.0,0.0,True,1176,0.09178793467934687,-1,-1,0.0,46,46,-1.562938933679599,,-1.562938933679599,0.0012323534080950877,AUTO_KEEP
beta,beta_G,2024-01-11,sure,0,-1,-1,0,0.0,0.0,0.0,True,1176,0.1160277212983094,-1,-1,0.0,49,49,-2.0942901124044337,,-2.0942901124044337,0.0008211086018709377,AUTO_KEEP
beta,beta_G,2024-01-12,sure,0,-1,-1,0,0.0,0.0,0.0,True,1176,0.1413126999339367,-1,-1,0.0,64,64,-1.8953518789947466,,-1.8953518789947466,0.000947553259500086,AUTO_KEEP
beta,beta_G,2024-01-13,sure,0,-1,-1,0,0.0,0.0,0.0,True,1176,0.1434901432061393,-1,-1,0.0,40,40,-1.84473942905092,,-1.84473942905092,0.0009842600731830666,AUTO_KEEP
beta,beta_G,2024-01-14,sure,0,-1,-1,0,0.0,0.0,0.0,True,1176,0.09732573072396367,-1,-1,0.0,58,58,-1.6998731757060817,,-1.6998731757060817,0.0011016075438965106,AUTO_KEEP
beta,beta_G,2024-01-15,sure,0,-1,-1,0,0.0,0.0,0.0,True,1176,0.09041068994334989,-1,-1,0.0,41,41,-1.5286763685482592,,-1.5286763685482592,0.0012686117811105799,AUTO_KEEP
beta,beta_G,2024-01-16,sure,0,-1,-1,0,0.0,0.0,0.0,True,1176,0.06516992909613695,-1,-1,0.0,66,66,-1.1706800244975182,,-1.1706800244975182,0.001762524253107718,AUTO_KEEP
beta,beta_G,2024-01-17,sure,0,-1,-1,0,0.0,0.0,0.0,True,1176,0.13298790626395007,-1,-1,0.0,52,52,-1.7092235453854936,,-1.7092235453854936,0.0010934309707575235,AUTO_KEEP
beta,beta_G,2024-01-18,sure,0,-1,-1,0,0.0,0.0,0.0,True,1176,0.10684727025729579,-1,-1,0.0,49,49,-1.973128983790671,,-1.973128983790671,0.0008949343978297871,AUTO_KEEP
beta,beta_G,2024-01-19,unsure,0,-1,-1,0,0.0,0.0,0.0,True,1176,0.12393338997868408,-1,-1,0.0,46,46,-1.7504431770070834,,-1.7504431770070834,0.0010584237999145321,AUTO_KEEP
beta,beta_G,2024-01-20,sure,0,-1,-1,0,0.0,0.0,0.0,True,1176,0.09874676717203146,-1,-1,0.0,58,58,-1.6384953552380457,,-1.6384953552380457,0.0011575699563282618,AUTO_KEEP
beta,beta_G,2024-01-21,sure,0,-1,-1,0,0.0,0.0,0.0,True,1176,0.10035978484360353,-1,-1,0.0,35,35,-2.607510178413776,,-2.607510178413776,0.0005898299671765498,AUTO_KEEP
beta,beta_G,2024-01-22,sure,0,-1,-1,0,0.0,0.0,0.0,True,1176,0.12809587809038447,-1,-1,0.0,53,53,-1.2728817173191376,,-1.2728817173191376,0.0015962578708608086,AUTO_KEEP
beta,beta_G,2024-01-23,sure,0,-1,-1,0,0.0,0.0,0.0,True,1176,0.12654919030604006,-1,-1,0.0,61,63,-1.0308420505714984,,-1.0308420505714984,0.0020342497103699943,AUTO_KEEP
beta,beta_G,2024-01-24,unsure,0,-1,-1,0,0.0,0.0,0.0,True,1176,0.1226120300936806,-1,-1,0.0,36,36,-2.4528572477830908,,-2.4528572477830908,0.0006482640264937959,AUTO_KEEP
beta,beta_G,2024-01-25,sure,0,-1,-1,0,0.0,0.0,0.0,True,1176,0.11602509011677942,-1,-1,0.0,56,56,-2.326584036224515,,-2.326584036224515,0.0007024787448661918,AUTO_KEEP
beta,beta_G,2024-01-26,sure,0,-1,-1,0,0.0,0.0,0.0,True,1176,0.11582930852918771,-1,-1,0.0,49,49,-1.6284243255040909,,-1.6284243255040909,0.0011671481604155827,AUTO_KEEP
beta,beta_G,2024-01-27,sure,0,-1,-1,0,0.0,0.0,0.0,True,1176,0.10427643052494329,-1,-1,0.0,40,40,-2.483290986020805,,-2.483290986020805,0.0006361149129086594,AUTO_KEEP
beta,beta_G,2024-01-28,sure,0,-1,-1,0,0.0,0.0,0.0,True,1176,0.07122362911238955,-1,-1,0.0,57,57,-1.3788293556872666,,-1.3788293556872666,0.00144704925310146,AUTO_KEEP
beta,beta_G,2024-01-29,sure,0,-1,-1,0,0.0,0.0,0.0,True,1176,0.09512387307722392,-1,-1,0.0,36,36,-2.3267310154671885,,-2.3267310154671885,0.0007024118398205056,AUTO_KEEP
beta,beta_G,2024-01-30,sure,0,-1,-1,0,0.0,0.0,0.0,True,1176,0.14370883810125523,-1,-1,0.0,58,58,-2.3714204566715256,,-2.3714204566715256,0.0006824936706404782,AUTO_KEEP
beta,beta_G,2024-01-31,sure,0,-1,-1,0,0.0,0.0,0.0,True,1176,0.16496015724061142,-1,-1,0.0,45,45,-1.7633283146080438,,-1.7633283146080438,0.0010478168277446842,AUTO_KEEP
beta,beta_G,2024-02-01,sure,0,-1,-1,0,0.0,0.0,0.0,True,1176,0.09493687460956668,-1,-1,0.0,52,52,-1.9008219152425645,,-1.9008219152425645,0.0009437065244354946,AUTO_KEEP
beta,beta_G,2024-02-02,sure,0,-1,-1,0,0.0,0.0,0.0,True,1176,0.1110067688233718,-1,-1,0.0,41,41,-3.807018118152812,,-3.807018118152812,0.0003176162366468114,AUTO_KEEP
beta,beta_G,2024-02-03,sure,0,-1,-1,0,0.0,0.0,0.0,True,1176,0.10795929605982035,-1,-1,0.0,42,53,-0.6435924199300038,,-0.6435924199300038,0.003207063055253809,AUTO_KEEP
beta,beta_G,2024-02-04,sure,0,-1,-1,0,0.0,0.0,0.0,True,1176,0.0783856570333108,-1,-1,0.0,37,37,-1.226430836719602,,-1.226430836719602,0.0016688489411215673,AUTO_KEEP
beta,beta_G,2024-02-05,sure,0,-1,-1,0,0.0,0.0,0.0,True,1176,0.15494199994070446,-1,-1,0.0,41,41,-2.4466135302191794,,-2.4466135302191794,0.0006507984461262215,AUTO_KEEP
beta,beta_G,2024-02-06,sure,0,-1,-1,0,0.0,0.0,0.0,True,1176,0.1217804229024484,-1,-1,0.0,48,48,-1.6591427604945115,,-1.6591427604945115,0.0011382891483447538,AUTO_KEEP
beta,beta_G,2024-02-07,sure,0,-1,-1,0,0.0,0.0,0.0,True,1176,0.1299281355456392,-1,-1,0.0,54,54,-3.1967055898322827,,-3.1967055898322827,0.00042566093066759834,AUTO_KEEP
beta,beta_G,2024-02-08,sure,0,-1,-1,0,0.0,0.0,0.0,True,1176,0.08248143270196362,-1,-1,0.0,50,50,-2.1606231643338947,,-2.1606231643338947,0.0007844124731100005,AUTO_KEEP
beta,beta_G,2024-02-09,sure,0,-1,-1,0,0.0,26.612462,0.0,True,1176,0.1315106559370114,37,63,14.338006822686507,64,64,-1.2314532771852706,14.338006822686507,14.338006822686507,0.7725523193621148,AUTO_CORRECT
beta,beta_G,2024-02-10,sure,0,-1,-1,0,0.0,0.0,0.0,True,1176,0.10309592502453402,-1,-1,0.0,60,60,-1.1509495309258986,,-1.1509495309258986,0.0017975240267323347,AUTO_KEEP
beta,beta_G,2024-02-11,sure,0,-1,-1,0,0.0,0.0,0.0,True,1176,0.08143052895266578,-1,-1,0.0,48,48,-1.556982088107536,,-1.556982088107536,0.0012385474542301405,AUTO_KEEP
beta,beta_G,2024-02-12,sure,0,-1,-1,0,0.0,0.0,0.0,True,1176,0.0634271390938781,-1,-1,0.0,41,43,-0.7523942872153068,,-0.7523942872153068,0.0027940495018517007,AUTO_KEEP
beta,beta_G,2024-02-13,sure,0,-1,-1,0,0.0,0.0,0.0,True,1176,0.11938363050576939,-1,-1,0.0,61,61,-2.2214407343271874,,-2.2214407343271874,0.0007528381253892648,AUTO_KEEP
beta,beta_G,2024-02-14,sure,0,-1,-1,0,0.0,0.0,0.0,True,1176,0.09426282443569489,-1,-1,0.0,46,46,-1.590847383668848,,-1.590847383668848,0.001203928718936824,AUTO_KEEP
beta,beta_G,2024-02-15,sure,0,-1,-1,0,0.0,0.0,0.0,True,1176,0.08998701934959774,-1,-1,0.0,47,47,-1.3794629488313523,,-1.3794629488313523,0.0014462193583717768,AUTO_KEEP
beta,beta_G,2024-02-16,sure,0,-1,-1,0,0.0,0.0,0.0,True,1176,0.13911141190719567,-1,-1,0.0,62,62,-1.4769529750021642,,-1.4769529750021642,0.0013263744100031549,AUTO_KEEP
beta,beta_G,2024-02-17,sure,0,-1,-1,0,0.0,0.0,0.0,True,1176,0.08778510791791039,-1,-1,0.0,39,39,-1.575150260271698,,-1.575150260271698,0.0012197966910262043,AUTO_KEEP
beta,beta_G,2024-02-18,sure,0,-1,-1,0,0.0,0.0,0.0,True,1176,0.09212433157723199,-1,-1,0.0,48,48,-1.495712648869433,,-1.495712648869433,0.0013049878449484524,AUTO_KEEP
beta,beta_G,2024-02-19,sure,0,-1,-1,0,0.0,0.0,0.0,True,1176,0.09983784859464917,-1,-1,0.0,63,63,-1.4159909022785644,,-1.4159909022785644,0.0013995269234365884,AUTO_KEEP
beta,beta_G,2024-02-20,sure,0,-1,-1,0,0.0,0.0,0.0,True,1176,0.11026190710424144,-1,-1,0.0,41,41,-0.9791937777023524,,-0.9791937777023524,0.002150249727343204,AUTO_KEEP
beta,beta_G,2024-02-21,sure,0,-1,-1,0,0.0,0.0,0.0,True,1176,0.09237868127116311,-1,-1,0.0,61,61,-1.1452584627254,,-1.1452584627254,0.0018078082833420078,AUTO_KEEP
beta,beta_G,2024-02-22,sure,0,-1,-1,0,0.0,0.0,0.0,True,1176,0.11669707182310063,-1,-1,0.0,45,45,-1.797868724177665,,-1.797868724177665,0.0010201388441579324,AUTO_KEEP
beta,beta_G,2024-02-23,sure,0,-1,-1,0,0.0,0.0,0.0,True,1176,0.14207902725154664,-1,-1,0.0,68,68,-2.611689528152512,,-2.611689528152512,0.0005883594087035808,AUTO_KEEP
beta,beta_G,2024-02-24,sure,0,-1,-1,0,0.0,0.0,0.0,True,1176,0.10128301100571768,-1,-1,0.0,59,59,-2.5177343590371857,,-2.5177343590371857,0.0006227629526187079,AUTO_KEEP
beta,beta_G,2024-02-25,unsure,1,50,61,12,5.602723500000001,4.938402999999999,4.269305999999999,True,1176,0.06719981703770816,54,63,8.553515093820682,44,47,0.47816187246936076,8.075353221351321,8.553515093820682,0.5501994691653558,UNCERTAIN
beta,beta_G,2024-02-26,sure,0,-1,-1,0,0.0,0.0,0.0,True,1176,0.08992913711149697,-1,-1,0.0,64,64,-2.080230613198656,,-2.080230613198656,0.0008292084405373848,AUTO_KEEP
beta,beta_G,2024-02-27,sure,0,-1,-1,0,0.0,0.0,0.0,True,1176,0.1361409323671232,-1,-1,0.0,52,56,-0.3081159572398354,,-0.3081159572398354,0.005237334993214535,AUTO_KEEP
beta,beta_G,2024-02-28,sure,0,-1,-1,0,0.0,0.0,0.0,True,1176,0.11867220772095477,-1,-1,0.0,45,45,-1.4991458857423334,,-1.4991458857423334,0.0013011285188269622,AUTO_KEEP
beta,beta_G,2024-02-29,sure,0,-1,-1,0,0.0,0.0,0.0,True,1176,0.1109275157512073,-1,-1,0.0,58,58,-3.7451735418045358,,-3.7451735418045358,0.0003266107794831137,AUTO_KEEP
beta,beta_G,2024-03-01,sure,0,-1,-1,0,0.0,0.0,0.0,True,1176,0.10671565640424951,-1,-1,0.0,47,47,-1.8091154663982945,,-1.8091154663982945,0.0010113572461775665,AUTO_KEEP
beta,beta_G,2024-03-02,sure,0,-1,-1,0,0.0,0.0,0.0,True,1176,0.1263885061491088,-1,-1,0.0,52,52,-1.7830872289248196,,-1.7830872289248196,0.0010318510612459168,AUTO_KEEP
beta,beta_G,2024-03-03,sure,0,-1,-1,0,0.0,5.644394499999999,0.0,True,1176,0.06992608975804959,49,58,2.8385528603944694,45,45,-1.0097384890066494,2.8385528603944694,2.8385528603944694,0.146096882363782,AUTO_KEEP
beta,beta_G,2024-03-04,sure,0,-1,-1,0,0.0,0.0,0.0,True,1176,0.08026974222258332,-1,-1,0.0,57,57,-1.4499453553484718,,-1.4499453553484718,0.0013580753760678627,AUTO_KEEP
beta,beta_G,2024-03-05,unsure,0,-1,-1,0,0.0,30.397708000000005,0.0,True,1176,0.13808666447951845,36,65,14.018097041447719,66,66,-1.8833955819347725,14.018097041447719,14.018097041447719,0.7644635817901427,AUTO_CORRECT
beta,beta_G,2024-03-06,sure,0,-1,-1,0,0.0,25.142909,0.0,True,1176,0.08591873201662636,38,60,6.160439114136482,61,61,-1.7834284501422133,6.160439114136482,6.160439114136482,0.3963864204698817,UNCERTAIN
beta,beta_G,2024-03-07,sure,0,-1,-1,0,0.0,0.0,0.0,True,1176,0.11589354212806491,-1,-1,0.0,43,43,-1.7320082384676967,,-1.7320082384676967,0.0010738745395424318,AUTO_KEEP
beta,beta_G,2024-03-08,sure,0,-1,-1,0,0.0,0.0,0.0,True,1176,0.12883332290410188,-1,-1,0.0,45,45,-1.9118433852714198,,-1.9118433852714198,0.0009360248946681803,AUTO_KEEP
beta,beta_G,2024-03-09,sure,0,-1,-1,0,0.0,9.112833999999998,0.0,True,1176,0.1253363271832395,39,58,2.5206200174719546,59,59,-1.0443560537019645,2.5206200174719546,2.5206200174719546,0.12432876519776091,AUTO_KEEP
beta,beta_G,2024-03-10,sure,0,-1,-1,0,0.0,6.773084000000001,0.0,True,1176,0.06974380131399016,38,52,2.181796193919458,54,54,-0.7664032296281167,2.181796193919458,2.181796193919458,0.10244413766671412,AUTO_KEEP
beta,beta_G,2024-03-11,sure,0,-1,-1,0,0.0,0.0,0.0,True,1176,0.08442446763335942,-1,-1,0.0,52,52,-1.6012453083820017,,-1.6012453083820017,0.0011935833584878568,AUTO_KEEP
beta,beta_G,2024-03-12,unsure,0,-1,-1,0,0.0,0.0,0.0,True,1176,0.12443265920499957,-1,-1,0.0,37,37,-2.87490522207405,,-2.87490522207405,0.000505560065253841,AUTO_KEEP
beta,beta_G,2024-03-13,sure,0,-1,-1,0,0.0,18.079183,0.0,True,1176,0.10359311408707139,41,55,4.930702312196486,58,58,-1.3984650964173881,4.930702312196486,4.930702312196486,0.30427228958190516,UNCERTAIN
beta,beta_G,2024-03-14,sure,0,-1,-1,0,0.0,0.0,0.0,True,1176,0.11990321440516327,-1,-1,0.0,37,37,-2.5331643249210334,,-2.5331643249210334,0.0006169142313395795,AUTO_KEEP
beta,beta_G,2024-03-15,sure,0,-1,-1,0,0.0,0.0,0.0,True,1176,0.13117747380701772,-1,-1,0.0,53,53,-1.4683960530201687,,-1.4683960530201687,0.0013363001338010363,AUTO_KEEP
beta,beta_G,2024-03-16,sure,0,-1,-1,0,0.0,0.0,0.0,True,1176,0.11695841503208282,-1,-1,0.0,45,45,-1.1924399204310288,,-1.1924399204310288,0.0017250685449722578,AUTO_KEEP
beta,beta_G,2024-03-17,sure,0,-1,-1,0,0.0,9.1922115,0.0,True,1176,0.09008489467217196,45,58,9.179036923405782,66,66,-0.9677239339789357,9.179036923405782,9.179036923405782,0.5837758448001871,UNCERTAIN
beta,beta_G,2024-03-18,sure,0,-1,-1,0,0.0,5.860918,0.0,True,1176,0.07447347974427565,56,62,2.7456694685283476,51,51,-1.0002715091666667,2.7456694685283476,2.7456694685283476,0.13962715554317365,AUTO_KEEP
beta,beta_G,2024-03-19,sure,0,-1,-1,0,0.0,19.500615999999997,0.0,True,1176,0.0898703928404676,45,63,6.178699580285813,44,44,-2.08019424128957,6.178699580285813,6.178699580285813,0.3977017865645917,UNCERTAIN
beta,beta_G,2024-03-20,sure,0,-1,-1,0,0.0,0.0,0.0,True,1176,0.12528512086507515,-1,-1,0.0,40,40,-1.8423245726287445,,-1.8423245726287445,0.0009860631579703318,AUTO_KEEP
beta,beta_G,2024-03-21,sure,0,-1,-1,0,0.0,25.081263,0.0,True,1176,0.13003449125909672,40,67,7.475799848320742,39,39,-1.7633986506878747,7.475799848320742,7.475799848320742,0.4858199588715098,UNCERTAIN
beta,beta_G,2024-03-22,unsure,0,-1,-1,0,0.0,21.554433,0.0,True,1176,0.11756897442487224,42,68,7.423173636893487,39,39,-2.755284588208341,7.423173636893487,7.423173636893487,0.48246429765316634,UNCERTAIN
beta,beta_G,2024-03-23,unsure,1,47,61,15,7.029669999999999,7.029669999999999,7.029669999999999,True,1176,0.09807417593553769,47,61,11.765420469343258,41,41,-1.0549121971215984,11.765420469343258,11.765420469343258,0.695660681903559,UNCERTAIN
beta,beta_G,2024-03-24,sure,1,43,64,22,15.493143500000002,16.916003999999997,15.493143500000002,True,1176,0.0675108714987478,41,65,39.452879649126125,66,66,-1.822390834749953,39.452879649126125,39.452879649126125,0.9649365918279121,AUTO_CORRECT
beta,beta_G,2024-03-25,sure,1,38,64,27,28.8808245,28.8808245,28.8808245,True,1176,0.08501660346025375,38,64,20.602697523725883,37,37,-2.8071959739771954,20.602697523725883,20.602697523725883,0.8767069988767388,AUTO_CORRECT
beta,beta_G,2024-03-26,sure,1,38,63,26,28.0140685,28.865658500000002,28.0140685,True,1176,0.11725317658552337,38,64,17.838199658509097,37,37,-3.3108602266696745,17.838199658509097,17.838199658509097,0.8410700755328254,AUTO_CORRECT
beta,beta_G,2024-03-27,sure,0,-1,-1,0,0.0,24.156238,0.0,True,1176,0.10818316440815856,40,66,5.883564909146712,39,39,-2.113264825526027,5.883564909146712,5.883564909146712,0.37622187764715037,UNCERTAIN
beta,beta_G,2024-03-28,sure,0,-1,-1,0,0.0,22.900214499999997,0.0,True,1176,0.12998446291012833,40,65,5.053880926952386,66,66,-1.9164978152393184,5.053880926952386,5.053880926952386,0.31374070469962256,UNCERTAIN
beta,beta_G,2024-03-29,sure,1,48,65,18,12.572189499999999,9.8708415,9.689290499999998,True,1176,0.10940176326424833,53,66,25.614271589608606,48,48,-1.169036289866305,25.614271589608606,25.614271589608606,0.9177135042889288,AUTO_CORRECT
beta,beta_G,2024-03-30,sure,1,39,64,26,24.984,24.780441,24.780441,True,1176,0.05319155826124611,40,64,59.27465067637415,39,39,-1.237434383904648,59.27465067637415,59.27465067637415,0.984860090532735,AUTO_CORRECT
beta,beta_G,2024-03-31,sure,1,41,58,18,11.699851500000001,12.405709,11.699851500000001,True,1176,0.0632006522222972,41,60,27.7097841762156,67,67,-1.1165122368006624,27.7097841762156,27.7097841762156,0.9292469070257917,AUTO_CORRECT
beta,beta_G,2024-04-01,sure,1,41,62,22,20.6637085,22.2682535,20.6637085,True,1176,0.08999477249008025,39,63,35.856560373197965,65,65,-3.566060802768958,35.856560373197965,35.856560373197965,0.9574687431463338,AUTO_CORRECT
beta,beta_G,2024-04-02,sure,0,-1,-1,0,0.0,0.0,0.0,True,1176,0.10541448403096743,-1,-1,0.0,64,64,-0.9391807451036017,,-0.9391807451036017,0.002246890160135803,AUTO_KEEP
beta,beta_G,2024-04-03,sure,1,38,65,28,32.6838595,32.6838595,32.6838595,True,1176,0.11407034646445524,38,65,37.2517338427633,66,66,-2.870755379733487,37.2517338427633,37.2517338427633,0.9606157151618846,AUTO_CORRECT
beta,beta_G,2024-04-04,sure,0,-1,-1,0,0.0,0.0,0.0,True,1176,0.1386188682189573,-1,-1,0.0,41,41,-2.569158380975792,,-2.569158380975792,0.0006035792983845629,AUTO_KEEP
beta,beta_G,2024-04-05,sure,0,-1,-1,0,0.0,0.0,0.0,True,1176,0.11271064330294989,-1,-1,0.0,55,55,-3.2004732486296557,,-3.2004732486296557,0.0004248380615448672,AUTO_KEEP
beta,beta_G,2024-04-06,sure,1,41,66,26,18.784964500000005,19.032618000000003,18.784964500000005,True,1176,0.09476250429887534,40,66,53.910038122000145,67,67,-1.9796157569875088,53.910038122000145,53.910038122000145,0.981550113063531,AUTO_CORRECT
beta,beta_G,2024-04-07,sure,1,36,61,26,21.2142665,20.9973585,20.9973585,True,1176,0.0860938570349834,36,60,58.00109838304035,61,61,-0.759603814282035,58.00109838304035,58.00109838304035,0.9841575927075668,AUTO_CORRECT
beta,beta_G,2024-04-08,sure,0,-1,-1,0,0.0,27.7355155,0.0,True,1176,0.10138616592064498,33,62,11.531669933164585,66,66,-2.1268032573981337,11.531669933164585,11.531669933164585,0.6871546570882373,UNCERTAIN
beta,beta_G,2024-04-09,sure,0,-1,-1,0,0.0,30.621160500000002,0.0,True,1176,0.14164947645785375,32,63,1.053568374023687,64,64,-2.0851541261672186,1.053568374023687,1.053568374023687,0.042494655278817274,AUTO_KEEP
beta,beta_G,2024-04-10,sure,0,-1,-1,0,0.0,24.463957500000006,0.0,True,1176,0.11691206900296214,35,63,26.197046573272193,34,34,-2.3489915666158434,26.197046573272193,26.197046573272193,0.9211740194974817,AUTO_CORRECT
beta,beta_G,2024-04-11,sure,1,35,62,28,31.009022499999997,31.623209999999997,31.009022499999997,True,1176,0.16665218408428917,35,63,37.55162749240196,64,64,-2.6344156070320808,37.55162749240196,37.55162749240196,0.9612481681027188,AUTO_CORRECT
beta,beta_G,2024-04-12,sure,1,36,63,28,28.914313500000002,29.591286000000004,28.914313500000002,True,1176,0.14017021778880823,35,63,44.81515421049083,34,34,-2.723756196026117,44.81515421049083,44.81515421049083,0.9729707509319233,AUTO_CORRECT
beta,beta_G,2024-04-13,sure,1,37,62,26,23.967042000000003,24.420182,23.967042000000003,True,1176,0.14797843060174287,36,62,56.969448664191994,34,34,-1.5851929391370612,56.969448664191994,56.969448664191994,0.983553213943297,AUTO_CORRECT
beta,beta_G,2024-04-14,sure,1,40,60,21,20.066929499999997,21.668999,20.066929499999997,True,1176,0.07765758289854308,38,61,40.680070175835425,36,36,-2.902521496427359,40.680070175835425,40.680070175835425,0.9670536893750207,AUTO_CORRECT
beta,beta_G,2024-04-15,sure,1,37,58,22,21.6787775,22.45336,21.6787775,True,1176,0.07716553730375075,36,58,22.440968159620393,59,59,-2.6604458477598074,22.440968159620393,22.440968159620393,0.8945219694074473,AUTO_CORRECT
beta,beta_G,2024-04-16,unsure,0,-1,-1,0,0.0,22.3204125,0.0,True,1176,0.1267807236902163,35,60,23.51745794492318,61,61,-1.8102186155224216,23.51745794492318,23.51745794492318,0.9033180828712472,AUTO_CORRECT
beta,beta_G,2024-04-17,unsure,0,-1,-1,0,0.0,25.3586555,0.0,True,1176,0.16157529086194078,34,62,11.38357539786028,63,63,-1.7055090239046868,11.38357539786028,11.38357539786028,0.6816152615850444,UNCERTAIN
beta,beta_G,2024-04-18,unsure,0,-1,-1,0,0.0,26.8339155,0.0,True,1176,0.08993603583830145,34,64,7.110343605268369,67,67,-2.738611654017801,7.110343605268369,7.110343605268369,0.462118627530033,UNCERTAIN
beta,beta_G,2024-04-19,sure,1,36,54,19,19.6481225,20.332845499999998,19.6481225,True,1176,0.1819174861514723,35,54,24.294213393955992,55,55,-2.5744977247879497,24.294213393955992,24.294213393955992,0.9090370805543246,AUTO_CORRECT
beta,beta_G,2024-04-20,sure,0,-1,-1,0,0.0,0.0,0.0,True,1176,0.11444457679117992,-1,-1,0.0,48,48,-1.7904177453089587,,-1.7904177453089587,0.0010260182276278058,AUTO_KEEP
beta,beta_G,2024-04-21,unsure,0,-1,-1,0,0.0,16.036165500000003,0.0,True,1176,0.11387477666860679,42,59,1.7221782554929093,60,60,-1.991749882872073,1.7221782554929093,1.7221782554929093,0.07537446645828538,AUTO_KEEP
beta,beta_G,2024-04-22,unsure,0,-1,-1,0,0.0,24.4477755,0.0,True,1176,0.09258266230933776,34,61,4.6953846731745985,62,62,-1.6988476293441408,4.6953846731745985,4.6953846731745985,0.28610530815440877,AUTO_KEEP
beta,beta_G,2024-04-23,sure,1,37,62,26,27.451334000000003,28.832062500000003,27.451334000000003,True,1176,0.14611919708638466,35,62,36.05693507499692,34,34,-2.8680366988456663,36.05693507499692,36.05693507499692,0.957942509401618,AUTO_CORRECT
beta,beta_G,2024-04-24,unsure,0,-1,-1,0,0.0,0.0,0.0,True,1176,0.15726867258557675,-1,-1,0.0,46,46,-0.7839778009035248,,-0.7839778009035248,0.002688714734487043,AUTO_KEEP
beta,beta_G,2024-04-25,unsure,0,-1,-1,0,0.0,14.18904,0.0,True,1176,0.1292164206020292,40,62,27.069114854313323,39,39,-1.0050916715424074,27.069114854313323,27.069114854313323,0.9259783199110673,AUTO_CORRECT
beta,beta_G,2024-04-26,unsure,1,41,62,22,18.243646500000004,20.9771585,18.243646500000004,True,1176,0.09794172716578142,36,62,29.727429726851035,35,35,-2.770262637338095,29.727429726851035,29.727429726851035,0.9382947357272703,AUTO_CORRECT
beta,beta_G,2024-04-27,sure,1,38,61,24,20.2870685,21.54788,20.2870685,True,1176,0.12616910851335827,36,62,42.38105665352133,63,63,-2.2139058490283094,42.38105665352133,42.38105665352133,0.9696948828059309,AUTO_CORRECT
beta,beta_G,2024-04-28,sure,1,46,60,15,11.6966905,11.450987500000002,11.450987500000002,True,1176,0.08321195098436007,47,60,20.987836249975743,46,46,-0.9546931639417828,20.987836249975743,20.987836249975743,0.8807687994234391,AUTO_CORRECT
beta,beta_G,2024-04-29,sure,1,38,61,24,22.6415105,22.829905,22.0503425,True,1176,0.0817555707582649,39,62,26.021315374807983,38,38,-1.7036573416650835,26.021315374807983,26.021315374807983,0.9201525932144565,AUTO_CORRECT
beta,beta_G,2024-04-30,unsure,0,-1,-1,0,0.0,0.0,0.0,True,1176,0.17141234621996881,-1,-1,0.0,58,58,-1.1931175055200975,,-1.1931175055200975,0.001723920959762964,AUTO_KEEP
beta,beta_G,2024-05-01,sure,0,-1,-1,0,0.0,0.0,0.0,True,1176,0.13747381468615139,-1,-1,0.0,59,59,-3.428964187448181,,-3.428964187448181,0.00037898124713886517,AUTO_KEEP
beta,beta_G,2024-05-02,sure,0,-1,-1,0,0.0,0.0,0.0,True,1176,0.18483504798029582,-1,-1,0.0,54,54,-1.1162793938323023,,-1.1162793938323023,0.0018615347415559544,AUTO_KEEP
beta,beta_G,2024-05-03,unsure,0,-1,-1,0,0.0,21.255278,0.0,True,1176,0.20591236838551463,36,62,26.487096423684033,63,63,-1.1254967305507897,26.487096423684033,26.487096423684033,0.9228198128719062,AUTO_CORRECT
beta,beta_G,2024-05-04,unsure,0,-1,-1,0,0.0,6.3824575,0.0,True,1176,0.1482832744033189,40,49,2.7562922997749424,51,51,-0.5720945432842837,2.7562922997749424,2.7562922997749424,0.14036270487864658,AUTO_KEEP
beta,beta_G,2024-05-05,sure,0,-1,-1,0,0.0,0.0,0.0,True,1176,0.08846233611213528,-1,-1,0.0,56,56,-1.0628203660024527,,-1.0628203660024527,0.001966961815055345,AUTO_KEEP
beta,beta_G,2024-05-06,sure,0,-1,-1,0,0.0,0.0,0.0,True,1176,0.1190868843407018,-1,-1,0.0,51,51,-1.518916748753842,,-1.518916748753842,0.0012792255176538017,AUTO_KEEP
beta,beta_G,2024-05-07,sure,0,-1,-1,0,0.0,6.315955000000001,0.0,True,1176,0.17357413069266459,47,54,1.1530594524751856,58,58,-1.3111460739223224,1.1530594524751856,1.1530594524751856,0.04684689331054201,AUTO_KEEP
beta,beta_G,2024-05-08,sure,0,-1,-1,0,0.0,0.0,0.0,True,1176,0.1847126064981639,-1,-1,0.0,50,50,-1.066331927539331,,-1.066331927539331,0.0019597719527846345,AUTO_KEEP
beta,beta_G,2024-05-09,sure,0,-1,-1,0,0.0,9.3902235,0.0,True,1176,0.17393809792499182,48,58,5.099674139233653,39,45,0.7760221637833213,4.323651975450332,5.099674139233653,0.317251455432482,UNCERTAIN
beta,beta_G,2024-05-10,sure,0,-1,-1,0,0.0,0.0,0.0,True,1176,0.1380371069613444,-1,-1,0.0,55,55,-1.4146180340396384,,-1.4146180340396384,0.001401241667016896,AUTO_KEEP
beta,beta_G,2024-05-11,sure,0,-1,-1,0,0.0,0.0,0.0,True,1176,0.09695424146275933,-1,-1,0.0,50,50,-1.1852595121491287,,-1.1852595121491287,0.0017372985329132122,AUTO_KEEP
beta,beta_G,2024-05-12,sure,0,-1,-1,0,0.0,6.6487205000000005,0.0,True,1176,0.0718596597329757,48,57,1.9440769983641262,47,47,-0.9140829527126493,1.9440769983641262,1.9440769983641262,0.08803472973345843,AUTO_KEEP
beta,beta_G,2024-05-13,sure,0,-1,-1,0,0.0,0.0,0.0,True,1176,0.11991095459128864,-1,-1,0.0,54,54,-1.9481272266836556,,-1.9481272266836556,0.0009113724374641067,AUTO_KEEP
beta,beta_G,2024-05-14,sure,1,38,61,24,20.904466999999997,21.61864,20.904466999999997,True,1176,0.13035894479860577,37,61,17.899973920033236,35,35,-3.633678992881699,17.899973920033236,17.899973920033236,0.8420118607635159,AUTO_CORRECT
beta,beta_G,2024-05-15,sure,1,38,61,24,20.1802495,20.871326500000002,20.1802495,True,1176,0.16562737852666043,37,61,20.177558942157443,36,36,-1.8765722888563081,20.177558942157443,20.177558942157443,0.8719968728400315,AUTO_CORRECT
beta,beta_G,2024-05-16,unsure,1,38,62,25,20.548344999999998,19.9289225,19.9289225,True,1176,0.1604053723163279,38,61,14.592413549622776,63,63,-2.693938404923939,14.592413549622776,14.592413549622776,0.7787277885263973,AUTO_CORRECT
beta,beta_G,2024-05-17,unsure,1,45,59,15,11.417935,12.6633385,11.417935,True,1176,0.17424523961153593,44,60,17.757649699621382,43,43,-2.043746432724293,17.757649699621382,17.757649699621382,0.8398305202632806,AUTO_CORRECT
beta,beta_G,2024-05-18,sure,0,-1,-1,0,0.0,0.0,0.0,True,1176,0.13505068429910594,-1,-1,0.0,37,37,-3.0953832867478157,,-3.0953832867478157,0.0004486946504459788,AUTO_KEEP
beta,beta_G,2024-05-19,sure,0,-1,-1,0,0.0,8.2077875,0.0,True,1176,0.10475472696073762,46,59,25.75031355377272,41,41,-1.3259784526167389,25.75031355377272,25.75031355377272,0.9185402936542111,AUTO_CORRECT
beta,beta_G,2024-05-20,sure,0,-1,-1,0,0.0,0.0,0.0,True,1176,0.08996493845575859,-1,-1,0.0,40,51,-1.197802265629481,,-1.197802265629481,0.00171601712421856,AUTO_KEEP
beta,beta_G,2024-05-21,sure,0,-1,-1,0,0.0,0.0,0.0,True,1176,0.16585807401816233,-1,-1,0.0,47,47,-1.1473095167031215,,-1.1473095167031215,0.001804091954461976,AUTO_KEEP
beta,beta_G,2024-05-22,unsure,0,-1,-1,0,0.0,18.3401125,0.0,True,1176,0.16947763446526665,39,59,3.4045578006310757,60,60,-2.500727972710218,3.4045578006310757,3.4045578006310757,0.1871208353464181,AUTO_KEEP
beta,beta_G,2024-05-23,sure,0,-1,-1,0,0.0,0.0,0.0,True,1176,0.16674081100406646,-1,-1,0.0,50,50,-2.042123582386715,,-2.042123582386715,0.0008517593511982676,AUTO_KEEP
beta,beta_G,2024-05-24,sure,0,-1,-1,0,0.0,0.0,0.0,True,1176,0.19141472634328327,-1,-1,0.0,41,52,-0.4188178484538209,,-0.4188178484538209,0.004399131543826874,AUTO_KEEP
beta,beta_G,2024-05-25,sure,0,-1,-1,0,0.0,0.0,0.0,True,1176,0.15001355550797912,-1,-1,0.0,53,53,-0.931744643332003,,-0.931744643332003,0.0022655480495917114,AUTO_KEEP
beta,beta_G,2024-05-26,unsure,1,45,57,13,6.48249,7.147999,6.48249,True,1176,0.10359360885245295,44,58,17.16718143828698,43,43,-1.9695670663518625,17.16718143828698,17.16718143828698,0.830329976452964,AUTO_CORRECT
beta,beta_G,2024-05-27,unsure,0,-1,-1,0,0.0,0.0,0.0,True,1176,0.10961815797901897,-1,-1,0.0,39,60,-1.3392990631177928,,-1.3392990631177928,0.0015002366555500744,AUTO_KEEP
beta,beta_G,2024-05-28,unsure,0,-1,-1,0,0.0,0.0,0.0,True,1176,0.1791759495471137,-1,-1,0.0,40,40,-2.9439552055547415,,-2.9439552055547415,0.0004866680370524109,AUTO_KEEP
beta,beta_G,2024-05-29,unsure,0,-1,-1,0,0.0,0.0,0.0,True,1176,0.17399039642907788,-1,-1,0.0,40,60,-2.681133750789176,,-2.681133750789176,0.000564689665565737,AUTO_KEEP
beta,beta_G,2024-05-30,unsure,0,-1,-1,0,0.0,18.506875,0.0,True,1176,0.17469326746430625,39,59,1.0250723296121926,60,60,-2.303670176603958,1.0250723296121926,1.0250723296121926,0.04128488104659373,AUTO_KEEP
beta,beta_G,2024-05-31,sure,0,-1,-1,0,0.0,3.402082,0.0,True,1176,0.1769367541850535,41,44,0.47119914915233463,40,40,-1.4481809269187962,0.47119914915233463,0.47119914915233463,0.021156935942998296,AUTO_KEEP
beta,beta_G,2024-06-01,sure,0,-1,-1,0,0.0,0.0,0.0,True,1176,0.15285832635189855,-1,-1,0.0,44,44,-3.389885048419805,,-3.389885048419805,0.0003862939470782388,AUTO_KEEP
beta,beta_G,2024-06-02,sure,0,-1,-1,0,0.0,0.0,0.0,True,1176,0.11075633035910348,-1,-1,0.0,57,57,-3.6267066386821734,,-3.6267066386821734,0.00034491305652677206,AUTO_KEEP
beta,beta_G,2024-06-03,sure,0,-1,-1,0,0.0,0.0,0.0,True,1176,0.09942253228727971,-1,-1,0.0,52,52,-1.1444803490041695,,-1.1444803490041695,0.0018092210867414811,AUTO_KEEP
beta,beta_G,2024-06-04,sure,0,-1,-1,0,0.0,0.0,0.0,True,1176,0.1939265078991239,-1,-1,0.0,50,50,-1.7350029271382867,,-1.7350029271382867,0.0010713422678365156,AUTO_KEEP
beta,beta_G,2024-06-05,sure,0,-1,-1,0,0.0,0.0,0.0,True,1176,0.2030341676368188,-1,-1,0.0,43,43,-1.4316506900955823,,-1.4316506900955823,0.0013801828055764918,AUTO_KEEP
beta,beta_G,2024-06-06,sure,0,-1,-1,0,0.0,0.0,0.0,True,1176,0.19390618837778462,-1,-1,0.0,39,56,-0.47944356500014707,,-0.47944356500014707,0.004020967508257008,AUTO_KEEP
beta,beta_G,2024-06-07,sure,0,-1,-1,0,0.0,0.0,0.0,True,1176,0.1451742160956,-1,-1,0.0,50,50,-2.777088252347268,,-2.777088252347268,0.0005342130406176168,AUTO_KEEP
beta,beta_G,2024-06-08,unsure,0,-1,-1,0,0.0,5.712533,0.0,True,1176,0.13498858434018235,44,57,14.193988477498458,58,58,-0.9549728913843077,14.193988477498458,14.193988477498458,0.7689564036473506,AUTO_CORRECT
beta,beta_G,2024-06-09,sure,0,-1,-1,0,0.0,0.3026105,0.0,True,1176,0.11013421646322774,44,44,0.6472265891440888,43,43,-0.7917211817484824,0.6472265891440888,0.6472265891440888,0.026841449056599683,AUTO_KEEP
beta,beta_G,2024-06-10,sure,0,-1,-1,0,0.0,0.0,0.0,True,1176,0.062250295979965564,-1,-1,0.0,59,59,-1.293252321964396,,-1.293252321964396,0.001565874130738601,AUTO_KEEP
beta,beta_G,2024-06-11,sure,0,-1,-1,0,0.0,0.0,0.0,True,1176,0.10281149779346865,-1,-1,0.0,55,55,-1.5980431465006442,,-1.5980431465006442,0.0011967554294385237,AUTO_KEEP
beta,beta_G,2024-06-12,sure,0,-1,-1,0,0.0,0.0,0.0,True,1176,0.1942993933328685,-1,-1,0.0,49,49,-1.504461233300256,,-1.504461233300256,0.0012951863537492628,AUTO_KEEP
beta,beta_G,2024-06-13,sure,0,-1,-1,0,0.0,0.0,0.0,True,1176,0.18775011187655188,-1,-1,0.0,50,50,-2.075163272699044,,-2.075163272699044,0.0008321564687324254,AUTO_KEEP
beta,beta_G,2024-06-14,sure,0,-1,-1,0,0.0,0.0,0.0,True,1176,0.2106025651357104,-1,-1,0.0,46,46,-0.714153062015587,,-0.714153062015587,0.002929856583000941,AUTO_KEEP
beta,beta_G,2024-06-15,sure,0,-1,-1,0,0.0,0.0,0.0,True,1176,0.17516146512248554,-1,-1,0.0,51,51,-1.542339997476603,,-1.542339997476603,0.001253967516607737,AUTO_KEEP
beta,beta_G,2024-06-16,sure,1,44,55,12,4.2136575,4.73376,4.2136575,True,1176,0.11767823837674918,43,56,6.744026386040052,61,61,-1.347910885364218,6.744026386040052,6.744026386040052,0.43744893180664035,UNCERTAIN
beta,beta_G,2024-06-17,unsure,0,-1,-1,0,0.0,0.0,0.0,True,1176,0.1090103288372335,-1,-1,0.0,52,52,-1.5734308309911595,,-1.5734308309911595,0.0012215534004727596,AUTO_KEEP
beta,beta_G,2024-06-18,unsure,0,-1,-1,0,0.0,0.0,0.0,True,1176,0.21384887505770056,-1,-1,0.0,61,61,-2.908943112967027,,-2.908943112967027,0.0004961157293751332,AUTO_KEEP
beta,beta_G,2024-06-19,unsure,0,-1,-1,0,0.0,0.0,0.0,True,1176,0.21577546226539912,-1,-1,0.0,41,41,-2.9836609807056393,,-2.9836609807056393,0.00047626906955301626,AUTO_KEEP
beta,beta_G,2024-06-20,unsure,0,-1,-1,0,0.0,0.0,0.0,True,1176,0.21911700922190747,-1,-1,0.0,60,60,-1.6392677855129556,,-1.6392677855129556,0.0011568400780247407,AUTO_KEEP
beta,beta_G,2024-06-21,unsure,0,-1,-1,0,0.0,0.0,0.0,True,1176,0.22831777723142732,-1,-1,0.0,51,51,-1.6361028511386584,,-1.6361028511386584,0.0011598349408517023,AUTO_KEEP
beta,beta_G,2024-06-22,unsure,0,-1,-1,0,0.0,0.0,0.0,False,0,,-1,-1,,-1,-1,,,,,UNCERTAIN
beta,beta_G,2024-06-23,sure,0,-1,-1,0,0.0,0.0,0.0,True,1176,0.10363638471736358,-1,-1,0.0,53,53,-0.8253583414794287,,-0.8253583414794287,0.0025592785160049414,AUTO_KEEP
beta,beta_G,2024-06-24,unsure,0,-1,-1,0,0.0,0.0,0.0,True,1176,0.1003736627377192,-1,-1,0.0,65,65,-1.1734392324149487,,-1.1734392324149487,0.001757709295141272,AUTO_KEEP
beta,beta_G,2024-06-25,unsure,0,-1,-1,0,0.0,0.0,0.0,True,1176,0.2048735512903459,-1,-1,0.0,56,56,-2.357227797301129,,-2.357227797301129,0.0006887288263880212,AUTO_KEEP
beta,beta_G,2024-06-26,unsure,0,-1,-1,0,0.0,0.0,0.0,True,1176,0.19808960884197102,-1,-1,0.0,61,61,-2.3220698660650747,,-2.3220698660650747,0.0007045381474778007,AUTO_KEEP
beta,beta_G,2024-06-27,unsure,0,-1,-1,0,0.0,0.0,0.0,True,1176,0.20490330666745837,-1,-1,0.0,56,56,-2.462733846132603,,-2.462733846132603,0.0006442843599432132,AUTO_KEEP
beta,beta_G,2024-06-28,sure,1,46,56,11,2.744835,2.5973740000000003,2.5973740000000003,True,1176,0.23539486530782927,47,56,1.3773408714881843,46,46,-1.4808841019082195,1.3773408714881843,1.3773408714881843,0.05737166866383568,AUTO_KEEP
beta,beta_G,2024-06-29,sure,0,-1,-1,0,0.0,0.0,0.0,True,1176,0.1339008036340461,-1,-1,0.0,58,58,-0.9134459142489854,,-0.9134459142489854,0.0023124373749476776,AUTO_KEEP
beta,beta_G,2024-06-30,sure,0,-1,-1,0,0.0,0.0,0.0,True,1176,0.11716098375151418,-1,-1,0.0,48,48,-3.072095270492382,,-3.072095270492382,0.0004542461073185439,AUTO_KEEP
beta,beta_G,2024-07-01,sure,0,-1,-1,0,0.0,0.0,0.0,True,1176,0.1347746177230471,-1,-1,0.0,48,48,-1.5666265196708573,,-1.5666265196708573,0.0012285416675734452,AUTO_KEEP
beta,beta_G,2024-07-02,sure,0,-1,-1,0,0.0,0.0,0.0,True,1176,0.18379331826983947,-1,-1,0.0,52,52,-2.4399626926718474,,-2.4399626926718474,0.0006535141003360884,AUTO_KEEP
beta,beta_G,2024-07-03,sure,0,-1,-1,0,0.0,0.0,0.0,True,1176,0.17006819819728758,-1,-1,0.0,44,44,-1.2454564220753366,,-1.2454564220753366,0.001638544355310431,AUTO_KEEP
beta,beta_G,2024-07-04,sure,0,-1,-1,0,0.0,0.0,0.0,True,1176,0.1849117493469441,-1,-1,0.0,53,53,-0.776095273408676,,-0.776095273408676,0.002714453115924183,AUTO_KEEP
beta,beta_G,2024-07-05,sure,0,-1,-1,0,0.0,0.0,0.0,True,1176,0.2339883018974227,-1,-1,0.0,44,44,-1.1800559798667494,,-1.1800559798667494,0.0017462408305446281,AUTO_KEEP
beta,beta_G,2024-07-06,sure,0,-1,-1,0,0.0,0.0,0.0,True,1176,0.1760009342414275,-1,-1,0.0,51,51,-0.35841510038663515,,-0.35841510038663515,0.004829906049513208,AUTO_KEEP
beta,beta_G,2024-07-07,sure,0,-1,-1,0,0.0,0.0,0.0,True,1176,0.06464885198888393,-1,-1,0.0,46,46,-0.898547830545822,,-0.898547830545822,0.0023516682731013006,AUTO_KEEP
beta,beta_G,2024-07-08,sure,0,-1,-1,0,0.0,0.0,0.0,True,1176,0.11688821423072593,-1,-1,0.0,62,62,-2.2267971749928304,,-2.2267971749928304,0.0007501467973062622,AUTO_KEEP
beta,beta_G,2024-07-09,sure,0,-1,-1,0,0.0,0.0,0.0,True,1176,0.15118201465974757,-1,-1,0.0,59,59,-1.530607805238997,,-1.530607805238997,0.0012665265904228968,AUTO_KEEP
beta,beta_G,2024-07-10,unsure,0,-1,-1,0,0.0,0.0,0.0,True,1176,0.21450209377882068,-1,-1,0.0,41,60,-0.8062847243225757,,-0.8062847243225757,0.002617781312800581,AUTO_KEEP
beta,beta_G,2024-07-11,unsure,0,-1,-1,0,0.0,0.0,0.0,True,1176,0.15315409457017104,-1,-1,0.0,55,55,-1.8355531563588112,,-1.8355531563588112,0.0009911449769051683,AUTO_KEEP
beta,beta_G,2024-07-12,unsure,0,-1,-1,0,0.0,0.0,0.0,True,1176,0.1811955928373825,-1,-1,0.0,56,56,-0.8458797069560573,,-0.8458797069560573,0.002498445903077903,AUTO_KEEP
beta,beta_G,2024-07-13,sure,0,-1,-1,0,0.0,0.0,0.0,True,1176,0.17755028665654393,-1,-1,0.0,49,50,-0.09158649778749274,,-0.09158649778749274,0.007718998143816982,AUTO_KEEP
beta,beta_G,2024-07-14,sure,0,-1,-1,0,0.0,0.0,0.0,True,1176,0.10667845675134746,-1,-1,0.0,58,58,-1.3853853362935176,,-1.3853853362935176,0.00143849563683022,AUTO_KEEP
beta,beta_G,2024-07-15,unsure,1,44,56,13,10.219865500000001,0.0,0.0,True,1176,0.15216922009658695,-1,-1,0.0,44,44,-3.064563546419295,,-3.064563546419295,0.0004560630560377226,AUTO_KEEP
beta,beta_G,2024-07-16,sure,0,-1,-1,0,0.0,0.0,0.0,True,1176,0.21403533379471273,-1,-1,0.0,47,47,-2.144774083058756,,-2.144774083058756,0.0007929588733414525,AUTO_KEEP
beta,beta_G,2024-07-17,unsure,0,-1,-1,0,0.0,0.0,0.0,True,1176,0.1840704356932763,-1,-1,0.0,45,54,-0.2802004629185879,,-0.2802004629185879,0.005485444850193062,AUTO_KEEP
beta,beta_G,2024-07-18,sure,0,-1,-1,0,0.0,0.0,0.0,True,1176,0.21204373247357644,-1,-1,0.0,62,62,-2.002693503882914,,-2.002693503882914,0.0008760503987855641,AUTO_KEEP
beta,beta_G,2024-07-19,sure,0,-1,-1,0,0.0,15.1236395,0.0,True,1176,0.16854669262657662,41,58,1.5863826732734743,63,63,-2.352114069290243,1.5863826732734743,1.5863826732734743,0.06803251639103107,AUTO_KEEP
beta,beta_G,2024-07-20,sure,0,-1,-1,0,0.0,1.624069,0.0,True,1176,0.17037783626426073,53,56,5.975243102060564,58,58,-0.9205278041914062,5.975243102060564,5.975243102060564,0.3829433084949377,UNCERTAIN
beta,beta_G,2024-07-21,sure,1,46,57,12,4.322953,4.763428500000001,4.322953,True,1176,0.13999539147767592,45,58,13.011179944698005,44,44,-1.7541357089018847,13.011179944698005,13.011179944698005,0.7364491418918743,AUTO_CORRECT
beta,beta_G,2024-07-22,unsure,0,-1,-1,0,0.0,0.0,0.0,True,1176,0.12812946036131923,-1,-1,0.0,59,59,-2.24293706588898,,-2.24293706588898,0.0007421219389234021,AUTO_KEEP
beta,beta_G,2024-07-23,unsure,0,-1,-1,0,0.0,0.0,0.0,True,1176,0.16496041260013605,-1,-1,0.0,41,61,-2.0303922726712242,,-2.0303922726712242,0.0008588824169983026,AUTO_KEEP
beta,beta_G,2024-07-24,unsure,0,-1,-1,0,0.0,0.0,0.0,True,1176,0.15231901757249755,-1,-1,0.0,62,62,-2.445031323590713,,-2.445031323590713,0.0006514429900989502,AUTO_KEEP
beta,beta_G,2024-07-25,unsure,0,-1,-1,0,0.0,0.0,0.0,True,1176,0.19351569816521597,-1,-1,0.0,41,41,-2.1241280838949117,,-2.1241280838949117,0.0008042977502746472,AUTO_KEEP
beta,beta_G,2024-07-26,unsure,0,-1,-1,0,0.0,11.5965975,0.0,True,1176,0.18334412347223328,47,61,20.992111803718856,46,46,-1.116774327827208,20.992111803718856,20.992111803718856,0.8808128400775045,AUTO_CORRECT
beta,beta_G,2024-07-27,sure,0,-1,-1,0,0.0,0.0,0.0,True,1176,0.17302326032349846,-1,-1,0.0,54,54,-2.632146365590754,,-2.632146365590754,0.0005812382322791815,AUTO_KEEP
beta,beta_G,2024-07-28,sure,1,44,58,15,6.0081275000000005,5.9180725,5.9180725,True,1176,0.1064537560220824,45,58,26.86269161458654,44,44,-0.6283509619089825,26.86269161458654,26.86269161458654,0.9248794615418493,AUTO_CORRECT
beta,beta_G,2024-07-29,sure,0,-1,-1,0,0.0,0.0,0.0,True,1176,0.17115497407542435,-1,-1,0.0,53,53,-2.16558424681069,,-2.16558424681069,0.0007817649664306897,AUTO_KEEP
beta,beta_G,2024-07-30,sure,0,-1,-1,0,0.0,0.0,0.0,True,1176,0.2082688258446863,-1,-1,0.0,41,41,-1.597993801881951,,-1.597993801881951,0.0011968044068037386,AUTO_KEEP
beta,beta_G,2024-07-31,sure,0,-1,-1,0,0.0,0.0,0.0,True,1176,0.2029884545231404,-1,-1,0.0,55,55,-1.2120093598508157,,-1.2120093598508157,0.001692369284729357,AUTO_KEEP
beta,beta_G,2024-08-01,sure,0,-1,-1,0,0.0,0.0,0.0,True,1176,0.1957067588628414,-1,-1,0.0,48,48,-1.448253785851305,,-1.448253785851305,0.0013600976660440233,AUTO_KEEP
beta,beta_G,2024-08-02,sure,0,-1,-1,0,0.0,0.0,0.0,True,1176,0.15378242889431526,-1,-1,0.0,57,57,-1.8058440806775486,,-1.8058440806775486,0.0010139001433301397,AUTO_KEEP
beta,beta_G,2024-08-03,sure,1,43,60,18,12.548822,12.548822,12.548822,True,1176,0.16054122026589734,43,60,18.116264933860172,61,61,-2.2106172496387044,18.116264933860172,18.116264933860172,0.8452500169252442,AUTO_CORRECT
beta,beta_G,2024-08-04,sure,0,-1,-1,0,0.0,0.0,0.0,True,136,0.11285973742392752,-1,-1,0.0,39,39,-3.009125866915011,,-3.009125866915011,0.00046977008639316676,AUTO_KEEP
beta,beta_G,2024-08-05,sure,0,-1,-1,0,0.0,0.0,0.0,True,465,0.09125599999999956,-1,-1,0.0,48,48,-1.6854049573150134,,-1.6854049573150134,0.001114436866602238,AUTO_KEEP
beta,beta_G,2024-08-06,unsure,1,42,55,14,14.214361500000003,20.725184000000002,14.214361500000003,True,1176,0.18752315385587703,39,59,1.398692173994574,38,38,-2.2595344133838604,1.398692173994574,1.398692173994574,0.058423731509882344,AUTO_KEEP
beta,beta_G,2024-08-07,unsure,1,41,61,21,20.103435,21.606148,20.103435,True,1176,0.19649761813927125,40,62,7.443094648246258,63,63,-3.0496839966310487,7.443094648246258,7.443094648246258,0.48373683217328484,UNCERTAIN
beta,beta_G,2024-08-08,unsure,1,40,62,23,21.5969245,20.769317,20.769317,True,1176,0.18486153108757275,41,62,3.8163864972045483,40,40,-2.438044217799375,3.8163864972045483,3.8163864972045483,0.21823142782078614,AUTO_KEEP
beta,beta_G,2024-08-09,unsure,0,-1,-1,0,0.0,18.902649000000004,0.0,True,1176,0.17987230865610648,41,62,10.151368318586727,40,40,-2.493079279673955,10.151368318586727,10.151368318586727,0.6306728379742048,UNCERTAIN
beta,beta_G,2024-08-10,unsure,0,-1,-1,0,0.0,10.1133335,0.0,True,1176,0.15122511518478188,41,61,19.876767922334068,62,62,-1.9068558762276024,19.876767922334068,19.876767922334068,0.8685126148303355,AUTO_CORRECT
beta,beta_G,2024-08-11,sure,0,-1,-1,0,0.0,0.0,0.0,True,1176,0.08218175648590087,-1,-1,0.0,47,47,-1.1782712557536825,,-1.1782712557536825,0.0017493233964232654,AUTO_KEEP
beta,beta_G,2024-08-12,sure,0,-1,-1,0,0.0,0.0,0.0,True,1176,0.12131099391685884,-1,-1,0.0,38,38,-2.8536588766768363,,-2.8536588766768363,0.0005115891139141351,AUTO_KEEP
beta,beta_G,2024-08-13,sure,0,-1,-1,0,0.0,0.0,0.0,True,1176,0.18129829969325417,-1,-1,0.0,54,54,-1.3821862928534532,,-1.3821862928534532,0.0014426601761049528,AUTO_KEEP
beta,beta_G,2024-08-14,sure,0,-1,-1,0,0.0,0.0,0.0,True,1176,0.17055737762100787,-1,-1,0.0,60,60,-3.049046568267897,,-3.049046568267897,0.0004598400414545045,AUTO_KEEP
beta,beta_G,2024-08-15,sure,0,-1,-1,0,0.0,0.0,0.0,True,1176,0.18882450453439592,-1,-1,0.0,46,46,-1.7846858571765742,,-1.7846858571765742,0.0010305749168108079,AUTO_KEEP
beta,beta_G,2024-08-16,sure,0,-1,-1,0,0.0,0.0,0.0,True,1176,0.16163276573809338,-1,-1,0.0,62,62,-1.598687675905553,,-1.598687675905553,0.0011961159662100197,AUTO_KEEP
beta,beta_G,2024-08-17,unsure,1,45,60,16,19.629240000000003,26.612743500000004,19.629240000000003,True,1176,0.17234515581332488,37,63,32.71665504431877,64,64,-1.552376574636504,32.71665504431877,32.71665504431877,0.9489217326100685,AUTO_CORRECT
beta,beta_G,2024-08-18,sure,0,-1,-1,0,0.0,9.874597999999997,0.0,True,1176,0.0989447683260023,42,53,20.456649788352266,54,54,-0.6914312819728162,20.456649788352266,20.456649788352266,0.8751164443993789,AUTO_CORRECT
beta,beta_G,2024-08-19,sure,0,-1,-1,0,0.0,21.527685499999997,0.0,True,1176,0.07880810106736025,37,62,15.887583634486097,63,63,-2.16322136324091,15.887583634486097,15.887583634486097,0.8069644274610237,AUTO_CORRECT
beta,beta_G,2024-08-20,sure,0,-1,-1,0,0.0,19.963993999999996,0.0,True,1176,0.12572662324251294,44,63,14.33962319489535,64,64,-2.7042397695947216,14.33962319489535,14.33962319489535,0.7725922619038901,AUTO_CORRECT
beta,beta_G,2024-08-21,sure,0,-1,-1,0,0.0,22.925413,0.0,True,1176,0.18221018854534288,38,60,22.142964539630256,62,62,-1.497817389906577,22.142964539630256,22.142964539630256,0.8918892465317859,AUTO_CORRECT
beta,beta_G,2024-08-22,unsure,0,-1,-1,0,0.0,18.831431499999997,0.0,True,1176,0.12495984056413434,44,63,15.38307844683936,64,64,-1.8335948878388022,15.38307844683936,15.38307844683936,0.7965672343188553,AUTO_CORRECT
beta,beta_G,2024-08-23,sure,0,-1,-1,0,0.0,23.678636500000003,0.0,True,1176,0.16411747741953953,39,64,19.60877784166917,38,38,-1.7948592373814594,19.60877784166917,19.60877784166917,0.8652969031069276,AUTO_CORRECT
beta,beta_G,2024-08-24,unsure,0,-1,-1,0,0.0,11.254653499999998,0.0,True,1176,0.14128587162186257,51,62,7.524887668869459,41,41,-0.2854531463763048,7.524887668869459,7.524887668869459,0.48893241882748056,UNCERTAIN
beta,beta_G,2024-08-25,sure,0,-1,-1,0,0.0,0.0,0.0,True,1176,0.06229872683792692,-1,-1,0.0,40,40,-3.391630752066129,,-3.391630752066129,0.00038596289320159754,AUTO_KEEP
beta,beta_G,2024-08-26,sure,1,37,64,28,34.901249,35.5653435,34.352589,True,1176,0.1091584243378172,35,63,49.577852941406036,64,64,-2.11014389083874,49.577852941406036,49.577852941406036,0.9780498269553248,AUTO_CORRECT
beta,beta_G,2024-08-27,sure,1,36,64,29,36.816044500000004,36.816044500000004,36.816044500000004,True,1176,0.14282372708151092,36,64,43.346939655149,35,35,-2.304080606617159,43.346939655149,43.346939655149,0.9710601727649532,AUTO_CORRECT
beta,beta_G,2024-08-28,sure,1,36,64,29,35.633984999999996,35.659827,34.988231999999996,True,1176,0.15927099837462677,35,63,42.67689840880675,64,64,-2.3454445167033247,42.67689840880675,42.67689840880675,0.9701227895267006,AUTO_CORRECT
beta,beta_G,2024-08-29,sure,1,35,64,30,37.91932649999998,38.649064999999986,37.91932649999998,True,1176,0.1418093260817348,34,64,46.60933994666718,29,29,-3.9122803633021817,46.60933994666718,46.60933994666718,0.9750667516115507,AUTO_CORRECT
beta,beta_G,2024-08-30,sure,1,35,63,29,36.23890900000001,36.23890900000001,36.23890900000001,True,1176,0.15759031367427268,35,63,46.541067320562284,64,64,-2.5259343629914666,46.541067320562284,46.541067320562284,0.9749913775865832,AUTO_CORRECT
beta,beta_G,2024-08-31,sure,1,36,63,28,35.404942999999996,35.69365700000001,35.404942999999996,True,1176,0.09992711294127465,35,63,72.62272156360577,31,31,-2.5561996565669554,72.62272156360577,72.62272156360577,0.9901140854375302,AUTO_CORRECT
beta,beta_G,2024-09-01,sure,1,36,62,27,32.6628385,32.940803,32.6628385,True,1176,0.11402650540750159,35,62,75.74251449456918,63,63,-1.7894612737497544,75.74251449456918,75.74251449456918,0.9909530581068144,AUTO_CORRECT
beta,beta_G,2024-09-02,sure,1,37,64,28,36.5569545,39.341716000000005,36.5569545,True,1176,0.0875001909740103,33,64,50.18075006084615,65,65,-3.4215753941057234,50.18075006084615,50.18075006084615,0.9785919667373352,AUTO_CORRECT
beta,beta_G,2024-09-03,sure,1,35,64,30,38.6965605,38.6965605,38.6965605,True,1176,0.14574781600586206,35,64,42.36861034378051,34,34,-2.4958932539017464,42.36861034378051,42.36861034378051,0.9696766864776327,AUTO_CORRECT
beta,beta_G,2024-09-04,sure,1,36,63,28,34.910371,35.624711,34.910371,True,1176,0.17844952518252555,36,64,31.0542671054256,35,35,-2.843083958309928,31.0542671054256,31.0542671054256,0.9433685405278723,AUTO_CORRECT
beta,beta_G,2024-09-05,sure,1,35,64,30,38.235606000000004,38.235606000000004,38.235606000000004,True,1176,0.15957661094027475,35,64,37.15041991862092,34,34,-3.102705502644441,37.15041991862092,37.15041991862092,0.9603986875953657,AUTO_CORRECT
beta,beta_G,2024-09-06,sure,1,35,63,29,36.80806750000001,37.48157500000001,36.80806750000001,True,1176,0.14176733319271673,34,63,50.4745796216883,64,64,-2.5115526782478628,50.4745796216883,50.4745796216883,0.9788491616903002,AUTO_CORRECT
beta,beta_G,2024-09-07,sure,1,36,61,26,27.7823515,28.1187855,27.7823515,True,1176,0.08999913129921522,35,61,63.81046496271883,62,62,-1.4727733563217815,63.81046496271883,63.81046496271883,0.9870252021010476,AUTO_CORRECT
beta,beta_G,2024-09-08,sure,0,-1,-1,0,0.0,0.0,0.0,True,1176,0.078618489685645,-1,-1,0.0,42,42,-0.8135403321804926,,-0.8135403321804926,0.002595298603542718,AUTO_KEEP
beta,beta_G,2024-09-09,sure,0,-1,-1,0,0.0,26.578113999999996,0.0,True,1176,0.09951755349489755,33,63,9.450234207026394,32,32,-1.8927416624398088,9.450234207026394,9.450234207026394,0.5974896739205986,UNCERTAIN
beta,beta_G,2024-09-10,sure,1,35,63,29,37.13256599999999,38.60799299999999,37.13256599999999,True,1176,0.16996093768679987,34,64,37.87111648178691,65,65,-2.992179742881641,37.87111648178691,37.87111648178691,0.9619059590212251,AUTO_CORRECT
beta,beta_G,2024-09-11,sure,1,35,61,27,33.087913500000006,33.8052075,33.087913500000006,True,1176,0.1529378484231998,34,61,33.104714694671095,62,62,-2.4748405747061746,33.104714694671095,33.104714694671095,0.9501051239940123,AUTO_CORRECT
beta,beta_G,2024-09-12,sure,0,-1,-1,0,0.0,19.379773999999998,0.0,True,1176,0.09323461301383373,39,55,9.58243582057846,56,56,-1.7234995488248201,9.58243582057846,9.58243582057846,0.6039942031866483,UNCERTAIN
beta,beta_G,2024-09-13,sure,0,-1,-1,0,0.0,24.449711999999998,0.0,True,1176,0.16814221079620406,35,63,16.726342351476934,64,64,-2.1189855562787825,16.726342351476934,16.726342351476934,0.8227329853956044,AUTO_CORRECT
beta,beta_G,2024-09-14,sure,1,35,64,30,38.68906549999999,38.387598999999994,38.387598999999994,True,1176,0.13404811438123776,35,63,71.68031586579393,64,64,-1.4590628421684777,71.68031586579393,71.68031586579393,0.9898383108157554,AUTO_CORRECT
beta,beta_G,2024-09-15,sure,1,35,62,28,24.198771999999998,25.3655585,24.198771999999998,True,1176,0.08785917668783894,33,63,45.5914405047996,31,31,-2.6164603087386915,45.5914405047996,45.5914405047996,0.9739078114256569,AUTO_CORRECT
beta,beta_G,2024-09-16,sure,1,35,64,30,41.0820225,41.0820225,41.0820225,True,1176,0.11399345874403455,35,64,40.619519271341886,34,34,-2.7884475089634075,40.619519271341886,40.619519271341886,0.9669536190952028,AUTO_CORRECT
beta,beta_G,2024-09-17,sure,1,35,62,28,37.55027249999999,38.290098500000006,36.8395335,True,1176,0.1985703042490572,36,64,34.55354169294258,35,35,-1.7458931883082909,34.55354169294258,34.55354169294258,0.954191971484136,AUTO_CORRECT
beta,beta_G,2024-09-18,sure,1,34,64,31,45.56716050000001,46.46571349999999,45.56716050000001,True,1176,0.15823061545180694,33,64,45.885016008146934,65,65,-2.769404906783054,45.885016008146934,45.885016008146934,0.9742499439887676,AUTO_CORRECT
beta,beta_G,2024-09-19,sure,1,35,64,30,44.774828500000005,46.232489,44.774828500000005,True,1176,0.1668633874397587,33,64,48.063482779692634,65,65,-2.399652924493413,48.063482779692634,48.063482779692634,0.9765969433477997,AUTO_CORRECT
beta,beta_G,2024-09-20,sure,1,33,64,32,45.916672500000004,45.916672500000004,45.916672500000004,True,1176,0.16575765902054007,33,64,55.817167409664506,65,65,-2.5627895351371253,55.817167409664506,55.817167409664506,0.9828377010043957,AUTO_CORRECT
beta,beta_G,2024-09-21,sure,1,35,63,29,42.14493249999999,43.2095155,42.14493249999999,True,1176,0.11563981546589286,33,64,77.21049336498274,65,65,-3.005744328132642,77.21049336498274,77.21049336498274,0.9913122552316035,AUTO_CORRECT
beta,beta_G,2024-09-22,sure,1,34,63,30,41.0785675,41.3890335,41.0785675,True,1176,0.0784700004934793,33,63,88.41845026687598,64,64,-2.264660701765385,88.41845026687598,88.41845026687598,0.9934779565981093,AUTO_CORRECT
beta,beta_G,2024-09-23,sure,1,33,64,32,42.8451465,42.8451465,42.8451465,True,1176,0.11573500238503609,33,64,52.10922077425231,65,65,-3.214137886604432,52.10922077425231,52.10922077425231,0.9802012573442539,AUTO_CORRECT
beta,beta_G,2024-09-24,sure,1,37,55,19,17.367364,24.179324,17.367364,True,1176,0.09905226943684209,33,59,8.304766765649239,32,32,-2.3029302901602087,8.304766765649239,8.304766765649239,0.5360779304570952,UNCERTAIN
beta,beta_G,2024-09-25,sure,1,38,60,23,27.8862235,29.771785,27.8862235,True,1176,0.16283985747439722,37,61,29.367519959741944,36,36,-1.4221901105868668,29.367519959741944,29.367519959741944,0.9368066426255405,AUTO_CORRECT
beta,beta_G,2024-09-26,sure,0,-1,-1,0,0.0,0.0,0.0,True,1176,0.12953540954901266,-1,-1,0.0,53,53,-3.2017965669746298,,-3.2017965669746298,0.0004245495967685074,AUTO_KEEP
beta,beta_G,2024-09-27,sure,0,-1,-1,0,0.0,0.0,0.0,True,1176,0.16997215639734886,-1,-1,0.0,42,42,-1.0498146720975328,,-1.0498146720975328,0.001993929502926061,AUTO_KEEP
beta,beta_G,2024-09-28,unsure,1,50,62,13,9.8193585,25.4072475,9.8193585,True,1176,0.13206877713748888,36,62,8.590693122036061,35,35,-0.8853459608483004,8.590693122036061,8.590693122036061,0.5522721769268888,UNCERTAIN
beta,beta_G,2024-09-29,unsure,1,48,61,14,7.332973,6.6545595,6.6545595,True,1176,0.08175898273138138,48,59,8.087449670685398,60,60,-1.0412616610031897,8.087449670685398,8.087449670685398,0.5233782751481966,UNCERTAIN
beta,beta_G,2024-09-30,unsure,1,37,61,25,25.6213395,24.1525275,24.1525275,True,1176,0.07704975768492206,38,60,25.907622455458196,61,61,-1.2993257575742159,25.907622455458196,25.907622455458196,0.9194817417182152,AUTO_CORRECT
beta,beta_H,2023-10-01,sure,0,-1,-1,0,0.0,0.0,0.0,True,1176,0.18319335824204597,-1,-1,0.0,48,48,-2.5200969223412457,,-2.5200969223412457,0.0006144880146668142,AUTO_KEEP
beta,beta_H,2023-10-02,sure,0,-1,-1,0,0.0,0.0,0.0,True,1176,0.23920695623429733,-1,-1,0.0,53,53,-1.6355054093579882,,-1.6355054093579882,0.0011346981687255842,AUTO_KEEP
beta,beta_H,2023-10-03,sure,0,-1,-1,0,0.0,0.0,0.0,True,1176,0.3141925400396115,-1,-1,0.0,48,48,-3.3651430524915384,,-3.3651430524915384,0.00038941664343966127,AUTO_KEEP
beta,beta_H,2023-10-04,sure,0,-1,-1,0,0.0,0.0,0.0,True,1176,0.27942407425935833,-1,-1,0.0,53,53,-1.719621829002602,,-1.719621829002602,0.001061626084445855,AUTO_KEEP
beta,beta_H,2023-10-05,sure,1,47,61,15,7.8314675,9.392617500000002,7.8314675,True,1176,0.5054294078402997,44,62,6.21970487396873,63,63,-2.804852927415548,6.21970487396873,6.21970487396873,0.37006201936096483,UNCERTAIN
beta,beta_H,2023-10-06,sure,0,-1,-1,0,0.0,11.0508995,0.0,True,1176,0.3570588798625325,44,59,1.3515998061004768,62,62,-1.2704410282404124,1.3515998061004768,1.3515998061004768,0.05160549338038962,AUTO_KEEP
beta,beta_H,2023-10-07,unsure,0,-1,-1,0,0.0,0.0,0.0,True,1176,0.48264455793285865,-1,-1,0.0,50,50,-1.3667637581534444,,-1.3667637581534444,0.0014250333641666279,AUTO_KEEP
beta,beta_H,2023-10-08,sure,0,-1,-1,0,0.0,0.0,0.0,True,1176,0.5592310221376708,-1,-1,0.0,50,50,-2.3440496182015016,,-2.3440496182015016,0.0006850830291250879,AUTO_KEEP
beta,beta_H,2023-10-09,sure,1,44,60,17,8.013381,8.862525999999999,8.013381,True,1176,0.4331490763176351,43,61,3.6128611738569436,42,42,-2.782280807096858,3.6128611738569436,3.6128611738569436,0.18511087786299918,AUTO_KEEP
beta,beta_H,2023-10-10,sure,0,-1,-1,0,0.0,10.691938500000001,0.0,True,1176,0.3709039641083347,43,60,2.5856329367244473,63,63,-1.4993582694581222,2.5856329367244473,2.5856329367244473,0.11749057790807117,AUTO_KEEP
beta,beta_H,2023-10-11,sure,0,-1,-1,0,0.0,0.0,0.0,True,1176,0.3626906405665764,-1,-1,0.0,47,47,-0.694520905713646,,-0.694520905713646,0.00289044558361427,AUTO_KEEP
beta,beta_H,2023-10-12,sure,0,-1,-1,0,0.0,0.0,0.0,True,1176,0.31040749800125145,-1,-1,0.0,44,44,-2.127373858827021,,-2.127373858827021,0.0007895953108457724,AUTO_KEEP
beta,beta_H,2023-10-13,sure,1,44,60,17,8.889883,10.1350235,8.889883,True,1176,0.4730087057418908,42,61,10.11863401936032,63,63,-2.9332813634853103,10.11863401936032,10.11863401936032,0.5948194904365902,UNCERTAIN
beta,beta_H,2023-10-14,unsure,1,49,56,8,2.7935974999999997,0.0,0.0,True,1176,0.39710112469739567,-1,-1,0.0,54,54,-2.667891771453882,,-2.667891771453882,0.0005631838658599064,AUTO_KEEP
beta,beta_H,2023-10-15,sure,0,-1,-1,0,0.0,0.0,0.0,True,1176,0.29476335888026917,-1,-1,0.0,52,52,-2.8642289895306288,,-2.8642289895306288,0.0005042458952198306,AUTO_KEEP
beta,beta_H,2023-10-16,sure,0,-1,-1,0,0.0,0.0,0.0,True,1176,0.2842126577338169,-1,-1,0.0,59,59,-0.5767675541844968,,-0.5767675541844968,0.0033659040093908165,AUTO_KEEP
beta,beta_H,2023-10-17,sure,0,-1,-1,0,0.0,0.0,0.0,True,1176,0.3152739608423154,-1,-1,0.0,53,53,-0.812462434231977,,-0.812462434231977,0.0025069809553045926,AUTO_KEEP
beta,beta_H,2023-10-18,sure,0,-1,-1,0,0.0,0.0,0.0,True,1176,0.4111131218907218,-1,-1,0.0,44,44,-1.879788774248239,,-1.879788774248239,0.0009403993871671438,AUTO_KEEP
beta,beta_H,2023-10-19,sure,0,-1,-1,0,0.0,0.0,0.0,True,1176,0.32112366352876265,-1,-1,0.0,62,62,-1.7786585113148032,,-1.7786585113148032,0.001014401871503146,AUTO_KEEP
beta,beta_H,2023-10-20,sure,0,-1,-1,0,0.0,0.0,0.0,True,1176,0.27519305323092347,-1,-1,0.0,54,54,-2.7167650843757793,,-2.7167650843757793,0.0005476007758592772,AUTO_KEEP
beta,beta_H,2023-10-21,sure,0,-1,-1,0,0.0,0.0,0.0,True,1176,0.3557302721634743,-1,-1,0.0,63,63,-1.7270749954500557,,-1.7270749954500557,0.0010554879469013866,AUTO_KEEP
beta,beta_H,2023-10-22,sure,0,-1,-1,0,0.0,0.0,0.0,True,1176,0.2797242809823306,-1,-1,0.0,29,29,-3.3588125235232376,,-3.3588125235232376,0.0003906167387083216,AUTO_KEEP
beta,beta_H,2023-10-23,sure,0,-1,-1,0,0.0,0.0,0.0,True,1176,0.3656460201667402,-1,-1,0.0,58,58,-2.402240435966493,,-2.402240435966493,0.0006604844108902754,AUTO_KEEP
beta,beta_H,2023-10-24,sure,0,-1,-1,0,0.0,0.0,0.0,True,1176,0.3676774235456346,-1,-1,0.0,53,53,-2.293625661866767,,-2.293625661866767,0.0007075041498591511,AUTO_KEEP
beta,beta_H,2023-10-25,unsure,1,49,56,8,2.9617060000000004,0.0,0.0,True,1176,0.30772211205971445,-1,-1,0.0,60,60,-1.637329780302457,,-1.637329780302457,0.001133035851312833,AUTO_KEEP
beta,beta_H,2023-10-26,sure,0,-1,-1,0,0.0,0.0,0.0,True,1176,0.44633562098856494,-1,-1,0.0,44,44,-2.194242101511265,,-2.194242101511265,0.0007549732725433636,AUTO_KEEP
beta,beta_H,2023-10-27,sure,0,-1,-1,0,0.0,0.0,0.0,True,1176,0.43826094563287565,-1,-1,0.0,42,42,-0.9812149117092249,,-0.9812149117092249,0.002076510602087375,AUTO_KEEP
beta,beta_H,2023-10-28,sure,0,-1,-1,0,0.0,0.0,0.0,True,1176,0.4827410633961122,-1,-1,0.0,54,54,-1.3465262362398678,,-1.3465262362398678,0.0014511891038772337,AUTO_KEEP
beta,beta_H,2023-10-29,unsure,1,51,56,6,2.2259179999999996,0.0,0.0,True,1176,0.33114350637321,-1,-1,0.0,62,62,-1.4548689172277065,,-1.4548689172277065,0.0013188740978064448,AUTO_KEEP
beta,beta_H,2023-10-30,sure,0,-1,-1,0,0.0,0.0,0.0,True,1176,0.44997396321347516,-1,-1,0.0,63,63,-1.9325647735276765,,-1.9325647735276765,0.0009048973060171854,AUTO_KEEP
beta,beta_H,2023-10-31,sure,0,-1,-1,0,0.0,0.0,0.0,True,1176,0.3084586793147004,-1,-1,0.0,41,41,-1.3570522933149625,,-1.3570522933149625,0.0014374975364725073,AUTO_KEEP
beta,beta_H,2023-11-01,unsure,1,41,62,22,12.329606,12.811945,12.329606,True,1176,0.38671274742382344,40,62,2.7472451013952126,63,63,-2.0233492649566354,2.7472451013952126,2.7472451013952126,0.12753808123253418,AUTO_KEEP
beta,beta_H,2023-11-02,sure,0,-1,-1,0,0.0,0.0,0.0,True,1176,0.4036601054511708,-1,-1,0.0,53,61,-0.5409471168405647,,-0.5409471168405647,0.003533429377286902,AUTO_KEEP
beta,beta_H,2023-11-03,sure,0,-1,-1,0,0.0,1.89449,0.0,True,1176,0.33381285508330194,56,60,0.9126236414849902,49,49,-1.2147103561133386,0.9126236414849902,0.9126236414849902,0.033915199254066365,AUTO_KEEP
beta,beta_H,2023-11-04,sure,0,-1,-1,0,0.0,0.0,0.0,True,1176,0.4284621604244574,-1,-1,0.0,50,50,-1.3704007935408011,,-1.3704007935408011,0.0014204063004319863,AUTO_KEEP
beta,beta_H,2023-11-05,sure,0,-1,-1,0,0.0,0.0,0.0,True,1176,0.39092616187847096,-1,-1,0.0,55,55,-2.975971775413444,,-2.975971775413444,0.0004746746169148966,AUTO_KEEP
beta,beta_H,2023-11-06,sure,0,-1,-1,0,0.0,0.0,0.0,True,1176,0.4020029342206488,-1,-1,0.0,46,46,-1.29589042963592,,-1.29589042963592,0.0015198099807825095,AUTO_KEEP
beta,beta_H,2023-11-07,unsure,0,-1,-1,0,0.0,11.445130999999998,0.0,True,1176,0.32490198193126574,43,61,10.088877237403326,62,62,-1.4579742631853465,10.088877237403326,10.088877237403326,0.593448833755589,UNCERTAIN
beta,beta_H,2023-11-08,sure,0,-1,-1,0,0.0,0.0,0.0,True,1176,0.2960835302991436,-1,-1,0.0,46,46,-1.3067225323668024,,-1.3067225323668024,0.0015047350967922267,AUTO_KEEP
beta,beta_H,2023-11-09,sure,0,-1,-1,0,0.0,5.056272,0.0,True,1176,0.382034277011841,47,55,4.804723144775951,56,56,-0.7449078883482045,4.804723144775951,4.804723144775951,0.26999743520386005,AUTO_KEEP
beta,beta_H,2023-11-10,sure,0,-1,-1,0,0.0,4.718238,0.0,True,1176,0.29436094925649847,41,54,1.2160906067057269,40,40,-1.4606774953190762,1.2160906067057269,1.2160906067057269,0.04578083619034933,AUTO_KEEP
beta,beta_H,2023-11-11,sure,0,-1,-1,0,0.0,0.0,0.0,True,1176,0.3797346260411709,-1,-1,0.0,45,45,-3.021937634494747,,-3.021937634494747,0.0004632471294727908,AUTO_KEEP
beta,beta_H,2023-11-12,sure,0,-1,-1,0,0.0,0.0,0.0,True,1176,0.49240197894886784,-1,-1,0.0,46,46,-1.2521190800449784,,-1.2521190800449784,0.00158304457281034,AUTO_KEEP
beta,beta_H,2023-11-13,sure,0,-1,-1,0,0.0,0.0,0.0,True,1176,0.43012520663339515,-1,-1,0.0,56,56,-1.3117981064765403,,-1.3117981064765403,0.0014977470580882825,AUTO_KEEP
beta,beta_H,2023-11-14,unsure,0,-1,-1,0,0.0,4.899519499999999,0.0,True,1176,0.27419326587134485,41,55,15.724384457502207,38,38,-0.7333133471770968,15.724384457502207,15.724384457502207,0.7772693369176736,AUTO_CORRECT
beta,beta_H,2023-11-15,sure,0,-1,-1,0,0.0,0.0,0.0,True,1176,0.44003996111161214,-1,-1,0.0,48,48,-1.0247301349356261,,-1.0247301349356261,0.0019831781055444854,AUTO_KEEP
beta,beta_H,2023-11-16,unsure,0,-1,-1,0,0.0,0.0,0.0,True,1176,0.2877510091855271,-1,-1,0.0,46,46,-1.6114758368755857,,-1.6114758368755857,0.0011569322034803264,AUTO_KEEP
beta,beta_H,2023-11-17,sure,0,-1,-1,0,0.0,0.0,0.0,True,1176,0.3010363276426782,-1,-1,0.0,48,48,-0.7176283522717127,,-0.7176283522717127,0.002808820023350794,AUTO_KEEP
beta,beta_H,2023-11-18,unsure,0,-1,-1,0,0.0,0.0,0.0,True,1176,0.23056390917422842,-1,-1,0.0,50,50,-0.9485844471703819,,-0.9485844471703819,0.0021507969191689753,AUTO_KEEP
beta,beta_H,2023-11-19,unsure,0,-1,-1,0,0.0,0.0,0.0,True,1176,0.3773838356724255,-1,-1,0.0,51,51,-2.2612906291000874,,-2.2612906291000874,0.0007224545354108955,AUTO_KEEP
beta,beta_H,2023-11-20,sure,0,-1,-1,0,0.0,0.0,0.0,True,1176,0.41573628562857046,-1,-1,0.0,53,53,-2.5162853003876915,,-2.5162853003876915,0.0006159008157907912,AUTO_KEEP
beta,beta_H,2023-11-21,sure,0,-1,-1,0,0.0,0.0,0.0,True,1176,0.28906215907038035,-1,-1,0.0,60,60,-0.8571097334205425,,-0.8571097334205425,0.0023811658889205294,AUTO_KEEP
beta,beta_H,2023-11-22,unsure,0,-1,-1,0,0.0,3.6318224999999997,0.0,True,1176,0.40351500393328266,48,58,8.08329687747318,59,59,-1.0272215584363824,8.08329687747318,8.08329687747318,0.4887732686091842,UNCERTAIN
beta,beta_H,2023-11-23,sure,0,-1,-1,0,0.0,0.0,0.0,True,1176,0.28663527842055014,-1,-1,0.0,57,57,-0.6679017788249312,,-0.6679017788249312,0.002988870263544666,AUTO_KEEP
beta,beta_H,2023-11-24,sure,0,-1,-1,0,0.0,0.0,0.0,True,1176,0.32849918559541,-1,-1,0.0,54,54,-3.0369897374394443,,-3.0369897374394443,0.0004595929502431385,AUTO_KEEP
beta,beta_H,2023-11-25,sure,0,-1,-1,0,0.0,0.0,0.0,True,1176,0.3161854894158509,-1,-1,0.0,58,58,-2.7291327211874186,,-2.7291327211874186,0.0005437580056473236,AUTO_KEEP
beta,beta_H,2023-11-26,sure,0,-1,-1,0,0.0,0.0,0.0,True,1176,0.3363287804644095,-1,-1,0.0,41,41,-1.0641564559199255,,-1.0641564559199255,0.0019038453755362702,AUTO_KEEP
beta,beta_H,2023-11-27,unsure,0,-1,-1,0,0.0,0.0,0.0,True,1176,0.2215650598842327,-1,-1,0.0,49,49,-1.7703774015033928,,-1.7703774015033928,0.0010208374688288624,AUTO_KEEP
beta,beta_H,2023-11-28,sure,0,-1,-1,0,0.0,0.0,0.0,True,1176,0.31332711093579046,-1,-1,0.0,59,59,-2.5006269839418724,,-2.5006269839418724,0.0006217550924921949,AUTO_KEEP
beta,beta_H,2023-11-29,sure,0,-1,-1,0,0.0,0.0,0.0,True,1176,0.3643258310658517,-1,-1,0.0,57,57,-1.0410879770609118,,-1.0410879770609118,0.0019496839178127533,AUTO_KEEP
beta,beta_H,2023-11-30,sure,0,-1,-1,0,0.0,0.0,0.0,True,1176,0.3346470196915625,-1,-1,0.0,56,57,-0.37486690567806263,,-0.37486690567806263,0.004495984801499051,AUTO_KEEP
beta,beta_H,2023-12-01,sure,0,-1,-1,0,0.0,0.0,0.0,True,1176,0.29111919608454784,-1,-1,0.0,60,60,-0.4033482456698467,,-0.4033482456698467,0.004305470778707816,AUTO_KEEP
beta,beta_H,2023-12-02,sure,0,-1,-1,0,0.0,0.0,0.0,True,1176,0.2587476937963249,-1,-1,0.0,62,62,-1.7444429798197758,,-1.7444429798197758,0.0010413853598408168,AUTO_KEEP
beta,beta_H,2023-12-03,sure,0,-1,-1,0,0.0,0.0,0.0,True,1176,0.37473724331089375,-1,-1,0.0,63,63,-1.8075964342358974,,-1.8075964342358974,0.0009923755513745354,AUTO_KEEP
beta,beta_H,2023-12-04,sure,0,-1,-1,0,0.0,0.0,0.0,True,1176,0.23886555217045213,-1,-1,0.0,53,53,-1.2125290576139893,,-1.2125290576139893,0.0016436286290882765,AUTO_KEEP
beta,beta_H,2023-12-05,sure,0,-1,-1,0,0.0,0.0,0.0,True,1176,0.29143735237257307,-1,-1,0.0,41,41,-2.7981995906436574,,-2.7981995906436574,0.0005230102948509392,AUTO_KEEP
beta,beta_H,2023-12-06,sure,0,-1,-1,0,0.0,0.0,0.0,True,1176,0.3549298290627769,-1,-1,0.0,68,68,-2.6578080247035647,,-2.6578080247035647,0.0005664801256199995,AUTO_KEEP
beta,beta_H,2023-12-07,sure,0,-1,-1,0,0.0,0.0,0.0,True,1176,0.30635414136482897,-1,-1,0.0,57,57,-1.529462897419438,,-1.529462897419438,0.0012378420880041977,AUTO_KEEP
beta,beta_H,2023-12-08,sure,0,-1,-1,0,0.0,0.0,0.0,True,1176,0.30485400223101866,-1,-1,0.0,45,45,-2.309271425195047,,-2.309271425195047,0.0007004331224344291,AUTO_KEEP
beta,beta_H,2023-12-09,sure,0,-1,-1,0,0.0,0.0,0.0,True,1176,0.24534721034821327,-1,-1,0.0,60,60,-2.6967302694356445,,-2.6967302694356445,0.0005539111371879568,AUTO_KEEP
beta,beta_H,2023-12-10,sure,0,-1,-1,0,0.0,0.0,0.0,True,1176,0.3587819837951711,-1,-1,0.0,50,50,-2.119319207592955,,-2.119319207592955,0.0007939226446144917,AUTO_KEEP
beta,beta_H,2023-12-11,sure,0,-1,-1,0,0.0,0.0,0.0,True,1176,0.3356888403932219,-1,-1,0.0,43,43,-2.610302410952752,,-2.610302410952752,0.0005823975104114925,AUTO_KEEP
beta,beta_H,2023-12-12,sure,0,-1,-1,0,0.0,0.0,0.0,True,1176,0.3788478142394487,-1,-1,0.0,61,61,-2.2353500276373524,,-2.2353500276373524,0.0007347868257943243,AUTO_KEEP
beta,beta_H,2023-12-13,sure,0,-1,-1,0,0.0,0.0,0.0,True,1176,0.2916520928496684,-1,-1,0.0,49,49,-2.31149082374007,,-2.31149082374007,0.0006994385027858553,AUTO_KEEP
beta,beta_H,2023-12-14,sure,0,-1,-1,0,0.0,0.0,0.0,True,1176,0.25747218926014526,-1,-1,0.0,39,39,-2.5139419795449793,,-2.5139419795449793,0.0006167717552612511,AUTO_KEEP
beta,beta_H,2023-12-15,sure,0,-1,-1,0,0.0,0.0,0.0,True,1176,0.3025872129275937,-1,-1,0.0,52,52,-2.326684893283031,,-2.326684893283031,0.00069268477310667,AUTO_KEEP
beta,beta_H,2023-12-16,sure,0,-1,-1,0,0.0,0.0,0.0,True,1176,0.2447815864344305,-1,-1,0.0,66,66,-2.393989342519467,,-2.393989342519467,0.0006638925105995069,AUTO_KEEP
beta,beta_H,2023-12-17,sure,0,-1,-1,0,0.0,0.0,0.0,True,1176,0.28741259432637456,-1,-1,0.0,55,55,-1.6575724783690025,,-1.6575724783690025,0.001114829178872161,AUTO_KEEP
beta,beta_H,2023-12-18,sure,0,-1,-1,0,0.0,0.0,0.0,True,1176,0.3363563662889213,-1,-1,0.0,53,53,-1.586162047444113,,-1.586162047444113,0.0011810545138241613,AUTO_KEEP
beta,beta_H,2023-12-19,sure,0,-1,-1,0,0.0,0.0,0.0,True,1176,0.38475273404016797,-1,-1,0.0,68,68,-3.1820367929800346,,-3.1820367929800346,0.00042645383125202205,AUTO_KEEP
beta,beta_H,2023-12-20,sure,0,-1,-1,0,0.0,0.0,0.0,True,1176,0.3241973405630576,-1,-1,0.0,28,28,-3.5171377501566283,,-3.5171377501566283,0.0003621576259942515,AUTO_KEEP
beta,beta_H,2023-12-21,sure,0,-1,-1,0,0.0,0.0,0.0,True,1176,0.2917416100992778,-1,-1,0.0,55,55,-1.5890575830504583,,-1.5890575830504583,0.001178257990304801,AUTO_KEEP
beta,beta_H,2023-12-22,sure,0,-1,-1,0,0.0,4.514713499999999,0.0,True,1176,0.42465306115554924,51,63,3.464439375847733,50,50,-1.2442026060334739,3.464439375847733,3.464439375847733,0.1748748553505098,AUTO_KEEP
beta,beta_H,2023-12-23,sure,0,-1,-1,0,0.0,0.0,0.0,True,1176,0.3101240854944791,-1,-1,0.0,64,64,-0.6613157532354907,,-0.6613157532354907,0.003013982022626605,AUTO_KEEP
beta,beta_H,2023-12-24,sure,0,-1,-1,0,0.0,0.0,0.0,True,1176,0.25974982079476305,-1,-1,0.0,55,55,-1.5089390822840427,,-1.5089390822840427,0.001259390684903673,AUTO_KEEP
beta,beta_H,2023-12-25,sure,0,-1,-1,0,0.0,0.0,0.0,True,1176,0.37900715981492716,-1,-1,0.0,49,49,-1.4118350741631587,,-1.4118350741631587,0.0013692173656056506,AUTO_KEEP
beta,beta_H,2023-12-26,sure,0,-1,-1,0,0.0,0.0,0.0,True,1176,0.36552543185018926,-1,-1,0.0,59,59,-1.3779706477177418,,-1.3779706477177418,0.0014108464605476951,AUTO_KEEP
beta,beta_H,2023-12-27,sure,0,-1,-1,0,0.0,0.0,0.0,True,1176,0.4075476803410494,-1,-1,0.0,58,58,-0.7979825564848008,,-0.7979825564848008,0.0025498875393862477,AUTO_KEEP
beta,beta_H,2023-12-28,sure,0,-1,-1,0,0.0,0.0,0.0,True,1176,0.3743426878233116,-1,-1,0.0,57,57,-1.4035550899931266,,-1.4035550899931266,0.001379227317013366,AUTO_KEEP
beta,beta_H,2023-12-29,sure,0,-1,-1,0,0.0,0.0,0.0,True,1176,0.23623947398761125,-1,-1,0.0,41,41,-2.2842979550195057,,-2.2842979550195057,0.0007117698335513151,AUTO_KEEP
beta,beta_H,2023-12-30,sure,0,-1,-1,0,0.0,0.0,0.0,True,1176,0.2365631547840472,-1,-1,0.0,57,57,-2.7091562287736797,,-2.7091562287736797,0.0005499848190826186,AUTO_KEEP
beta,beta_H,2023-12-31,sure,0,-1,-1,0,0.0,0.0,0.0,True,1176,0.3390333244452517,-1,-1,0.0,28,28,-3.6455478868133366,,-3.6455478868133366,0.0003412606367815466,AUTO_KEEP
beta,beta_H,2024-01-01,sure,0,-1,-1,0,0.0,0.0,0.0,True,1176,0.296621582910122,-1,-1,0.0,44,44,-2.6884178155356544,,-2.6884178155356544,0.0005565607439618676,AUTO_KEEP
beta,beta_H,2024-01-02,sure,0,-1,-1,0,0.0,0.0,0.0,True,1176,0.34323574770809895,-1,-1,0.0,49,49,-1.758902052643263,,-1.758902052643263,0.0010298551709889089,AUTO_KEEP
beta,beta_H,2024-01-03,sure,0,-1,-1,0,0.0,0.0,0.0,True,1176,0.26002523941151523,-1,-1,0.0,61,61,-2.1593947470572314,,-2.1593947470572314,0.0007727309146944902,AUTO_KEEP
beta,beta_H,2024-01-04,sure,0,-1,-1,0,0.0,0.0,0.0,True,1176,0.398381992907737,-1,-1,0.0,37,37,-2.1617822806380795,,-2.1617822806380795,0.000771494761089547,AUTO_KEEP
beta,beta_H,2024-01-05,sure,0,-1,-1,0,0.0,0.0,0.0,True,1176,0.4118909271919753,-1,-1,0.0,57,57,-1.5726617765178768,,-1.5726617765178768,0.0011942228905157351,AUTO_KEEP
beta,beta_H,2024-01-06,sure,0,-1,-1,0,0.0,0.0,0.0,True,1176,0.31403050918572006,-1,-1,0.0,49,49,-2.0608064066682217,,-2.0608064066682217,0.0008264322833692779,AUTO_KEEP
beta,beta_H,2024-01-07,sure,0,-1,-1,0,0.0,0.0,0.0,True,1176,0.3786828736497867,-1,-1,0.0,64,64,-1.5393623348348355,,-1.5393623348348355,0.0012276417773967885,AUTO_KEEP
beta,beta_H,2024-01-08,sure,0,-1,-1,0,0.0,0.0,0.0,True,1176,0.2605464310159942,-1,-1,0.0,56,56,-2.7122604213075934,,-2.7122604213075934,0.0005490103580309858,AUTO_KEEP
beta,beta_H,2024-01-09,sure,0,-1,-1,0,0.0,0.0,0.0,True,1176,0.20292519216561544,-1,-1,0.0,58,58,-1.431210069950305,,-1.431210069950305,0.0013462077964484069,AUTO_KEEP
beta,beta_H,2024-01-10,sure,0,-1,-1,0,0.0,0.0,0.0,True,1176,0.2399553218769377,-1,-1,0.0,58,58,-1.8632053619158053,,-1.8632053619158053,0.0009519784581229034,AUTO_KEEP
beta,beta_H,2024-01-11,sure,0,-1,-1,0,0.0,0.0,0.0,True,1176,0.279955569704164,-1,-1,0.0,43,43,-2.357773928131046,,-2.357773928131046,0.0006791614582066524,AUTO_KEEP
beta,beta_H,2024-01-12,sure,0,-1,-1,0,0.0,0.0,0.0,True,1176,0.4296202714999602,-1,-1,0.0,47,47,-2.363284301185192,,-2.363284301185192,0.0006768050903141953,AUTO_KEEP
beta,beta_H,2024-01-13,sure,0,-1,-1,0,0.0,0.0,0.0,True,1176,0.30598353797360023,-1,-1,0.0,41,41,-3.191361374328079,,-3.191361374328079,0.00042444489711840084,AUTO_KEEP
beta,beta_H,2024-01-14,sure,0,-1,-1,0,0.0,0.0,0.0,True,1176,0.3967458853391017,-1,-1,0.0,61,61,-2.265216349338834,,-2.265216349338834,0.0007206147899421533,AUTO_KEEP
beta,beta_H,2024-01-15,sure,0,-1,-1,0,0.0,0.0,0.0,True,1176,0.26335249958370355,-1,-1,0.0,46,46,-2.4732903273600444,,-2.4732903273600444,0.0006321736352967805,AUTO_KEEP
beta,beta_H,2024-01-16,sure,0,-1,-1,0,0.0,0.0,0.0,True,1176,0.3165740730374278,-1,-1,0.0,51,51,-1.5080715827870144,,-1.5080715827870144,0.0012603136216545123,AUTO_KEEP
beta,beta_H,2024-01-17,sure,0,-1,-1,0,0.0,0.0,0.0,True,1176,0.32193483795645506,-1,-1,0.0,44,44,-1.988785326036684,,-1.988785326036684,0.0008692055501967732,AUTO_KEEP
beta,beta_H,2024-01-18,sure,0,-1,-1,0,0.0,0.0,0.0,True,1176,0.2996215107910558,-1,-1,0.0,54,54,-1.656120762895107,,-1.656120762895107,0.0011161205043227814,AUTO_KEEP
beta,beta_H,2024-01-19,sure,0,-1,-1,0,0.0,0.0,0.0,True,1176,0.29310607763328456,-1,-1,0.0,46,46,-1.6703136494419772,,-1.6703136494419772,0.0011035893761749517,AUTO_KEEP
beta,beta_H,2024-01-20,sure,0,-1,-1,0,0.0,0.0,0.0,True,1176,0.3450722495248275,-1,-1,0.0,67,67,-2.126151226444067,,-2.126151226444067,0.0007902499289183434,AUTO_KEEP
beta,beta_H,2024-01-21,sure,0,-1,-1,0,0.0,0.0,0.0,True,1176,0.19320051157026796,-1,-1,0.0,35,35,-2.7762977181540016,,-2.7762977181540016,0.0005294616476252519,AUTO_KEEP
beta,beta_H,2024-01-22,sure,0,-1,-1,0,0.0,0.0,0.0,True,1176,0.42665462606051907,-1,-1,0.0,60,60,-0.9239121768877285,,-0.9239121768877285,0.0022095892138339966,AUTO_KEEP
beta,beta_H,2024-01-23,sure,0,-1,-1,0,0.0,0.0,0.0,True,1176,0.37704209256212273,-1,-1,0.0,58,58,-1.3522255489935584,,-1.3522255489935584,0.001443752141645011,AUTO_KEEP
beta,beta_H,2024-01-24,sure,0,-1,-1,0,0.0,0.0,0.0,True,1176,0.3560981915576926,-1,-1,0.0,56,56,-1.9523613427608963,,-1.9523613427608963,0.0008920874902256217,AUTO_KEEP
beta,beta_H,2024-01-25,sure,0,-1,-1,0,0.0,0.0,0.0,True,1176,0.2665198286718802,-1,-1,0.0,41,41,-2.4499318758982165,,-2.4499318758982165,0.0006412807850274432,AUTO_KEEP
beta,beta_H,2024-01-26,sure,0,-1,-1,0,0.0,0.0,0.0,True,1176,0.3031448517611093,-1,-1,0.0,38,38,-2.465276198257641,,-2.465276198257641,0.0006352766740238147,AUTO_KEEP
beta,beta_H,2024-01-27,sure,0,-1,-1,0,0.0,0.0,0.0,True,1176,0.29492990512634076,-1,-1,0.0,70,70,-2.3983550486909775,,-2.3983550486909775,0.0006620860490133961,AUTO_KEEP
beta,beta_H,2024-01-28,sure,0,-1,-1,0,0.0,0.0,0.0,True,1176,0.2894928516040087,-1,-1,0.0,40,40,-1.802655876460274,,-1.802655876460274,0.0009960859797149661,AUTO_KEEP
beta,beta_H,2024-01-29,sure,0,-1,-1,0,0.0,0.0,0.0,True,1176,0.30596628036978224,-1,-1,0.0,44,44,-2.8241352513694853,,-2.8241352513694853,0.0005155192501969676,AUTO_KEEP
beta,beta_H,2024-01-30,sure,0,-1,-1,0,0.0,0.0,0.0,True,1176,0.36837957109160513,-1,-1,0.0,40,40,-2.3310608582399257,,-2.3310608582399257,0.0006907574586171178,AUTO_KEEP
beta,beta_H,2024-01-31,sure,0,-1,-1,0,0.0,0.0,0.0,True,1176,0.25821028917949196,-1,-1,0.0,60,60,-1.6408633138103192,,-1.6408633138103192,0.0011298263627470084,AUTO_KEEP
beta,beta_H,2024-02-01,sure,0,-1,-1,0,0.0,0.0,0.0,True,1176,0.2653251041922422,-1,-1,0.0,40,40,-2.194169875730749,,-2.194169875730749,0.0007550094542423527,AUTO_KEEP
beta,beta_H,2024-02-02,sure,0,-1,-1,0,0.0,0.0,0.0,True,1176,0.2682289568647427,-1,-1,0.0,38,38,-2.8810874941084776,,-2.8810874941084776,0.0004996137931508628,AUTO_KEEP
beta,beta_H,2024-02-03,sure,0,-1,-1,0,0.0,0.0,0.0,True,1176,0.20899087907253389,-1,-1,0.0,53,53,-2.213949844203172,,-2.213949844203172,0.000745195129415998,AUTO_KEEP
beta,beta_H,2024-02-04,sure,0,-1,-1,0,0.0,0.0,0.0,True,1176,0.2969171458348647,-1,-1,0.0,39,39,-1.7464079982706142,,-1.7464079982706142,0.001039807266490716,AUTO_KEEP
beta,beta_H,2024-02-05,sure,0,-1,-1,0,0.0,0.0,0.0,True,1176,0.2625548584836839,-1,-1,0.0,56,56,-2.9430167979147788,,-2.9430167979147788,0.0004831245767091938,AUTO_KEEP
beta,beta_H,2024-02-06,sure,0,-1,-1,0,0.0,0.0,0.0,True,1176,0.4455719191421199,-1,-1,0.0,49,49,-2.613754702331039,,-2.613754702331039,0.0005812187410292419,AUTO_KEEP
beta,beta_H,2024-02-07,sure,0,-1,-1,0,0.0,0.0,0.0,True,1176,0.2648716327688252,-1,-1,0.0,48,48,-1.56806878019205,,-1.56806878019205,0.001198752228807268,AUTO_KEEP
beta,beta_H,2024-02-08,unsure,0,-1,-1,0,0.0,0.0,0.0,True,1176,0.3705142561216572,-1,-1,0.0,51,51,-1.1149860465882089,,-1.1149860465882089,0.0018082765787040148,AUTO_KEEP
beta,beta_H,2024-02-09,sure,0,-1,-1,0,0.0,0.0,0.0,True,1176,0.2521386010518736,-1,-1,0.0,60,60,-2.426721808066915,,-2.426721808066915,0.0006505225508820818,AUTO_KEEP
beta,beta_H,2024-02-10,unsure,0,-1,-1,0,0.0,0.0,0.0,True,1176,0.31684185223091443,-1,-1,0.0,51,51,-0.96398118479453,,-0.96398118479453,0.002115266128541016,AUTO_KEEP
beta,beta_H,2024-02-11,sure,0,-1,-1,0,0.0,0.0,0.0,True,1176,0.3623526836265798,-1,-1,0.0,63,63,-1.4770666471801333,,-1.4770666471801333,0.0012939642302324925,AUTO_KEEP
beta,beta_H,2024-02-12,sure,0,-1,-1,0,0.0,0.0,0.0,True,1176,0.30886089836991726,-1,-1,0.0,41,41,-2.4168158327506206,,-2.4168158327506206,0.0006545266478610363,AUTO_KEEP
beta,beta_H,2024-02-13,sure,0,-1,-1,0,0.0,0.0,0.0,True,1176,0.3185751320513246,-1,-1,0.0,63,63,-2.0222615698769353,,-2.0222615698769353,0.0008489287016210889,AUTO_KEEP
beta,beta_H,2024-02-14,sure,0,-1,-1,0,0.0,0.0,0.0,True,1176,0.2940187115938926,-1,-1,0.0,63,63,-1.6599020543935423,,-1.6599020543935423,0.0011127615696800185,AUTO_KEEP
beta,beta_H,2024-02-15,sure,0,-1,-1,0,0.0,0.0,0.0,True,1176,0.31642291262059263,-1,-1,0.0,59,59,-3.2645260092014716,,-3.2645260092014716,0.0004091542441892403,AUTO_KEEP
beta,beta_H,2024-02-16,sure,0,-1,-1,0,0.0,0.0,0.0,True,1176,0.29129087546101395,-1,-1,0.0,58,58,-1.233824480670658,,-1.233824480670658,0.0016106250850889934,AUTO_KEEP
beta,beta_H,2024-02-17,sure,0,-1,-1,0,0.0,0.0,0.0,True,1176,0.2561311641923991,-1,-1,0.0,65,65,-2.5062583605607753,,-2.5062583605607753,0.0006196402629731869,AUTO_KEEP
beta,beta_H,2024-02-18,sure,0,-1,-1,0,0.0,0.0,0.0,True,1176,0.2685974582765738,-1,-1,0.0,37,37,-1.6449720611833931,,-1.6449720611833931,0.0011261111978845726,AUTO_KEEP
beta,beta_H,2024-02-19,sure,0,-1,-1,0,0.0,0.0,0.0,True,1176,0.2873111192478648,-1,-1,0.0,69,69,-3.0323920756746663,,-3.0323920756746663,0.00046070460679808724,AUTO_KEEP
beta,beta_H,2024-02-20,sure,0,-1,-1,0,0.0,0.0,0.0,True,1176,0.3315149282638865,-1,-1,0.0,56,56,-0.16839899171347197,,-0.16839899171347197,0.006337419472388356,AUTO_KEEP
beta,beta_H,2024-02-21,sure,0,-1,-1,0,0.0,0.0,0.0,True,1176,0.3078253492966718,-1,-1,0.0,51,51,-1.309160868198159,,-1.309160868198159,0.0015013720306744428,AUTO_KEEP
beta,beta_H,2024-02-22,sure,0,-1,-1,0,0.0,0.0,0.0,True,1176,0.3732449625639367,-1,-1,0.0,44,44,-2.432934755905157,,-2.432934755905157,0.0006480295760140454,AUTO_KEEP
beta,beta_H,2024-02-23,sure,0,-1,-1,0,0.0,0.0,0.0,True,1176,0.24884705893694115,-1,-1,0.0,45,45,-1.7704075058938644,,-1.7704075058938644,0.0010208139648038492,AUTO_KEEP
beta,beta_H,2024-02-24,sure,0,-1,-1,0,0.0,0.0,0.0,True,1176,0.3266732612395833,-1,-1,0.0,66,66,-3.6834802480859263,,-3.6834802480859263,0.00033542683133733626,AUTO_KEEP
beta,beta_H,2024-02-25,sure,0,-1,-1,0,0.0,0.0,0.0,True,1176,0.34477063533274066,-1,-1,0.0,47,47,-1.7816288830013822,,-1.7816288830013822,0.0010121080082447324,AUTO_KEEP
beta,beta_H,2024-02-26,sure,0,-1,-1,0,0.0,0.0,0.0,True,1176,0.31646865648716194,-1,-1,0.0,55,55,-1.4489056458984202,,-1.4489056458984202,0.0013256861476263566,AUTO_KEEP
beta,beta_H,2024-02-27,sure,0,-1,-1,0,0.0,0.0,0.0,True,1176,0.26423060963758793,-1,-1,0.0,46,46,-1.97584480240906,,-1.97584480240906,0.0008772350043800011,AUTO_KEEP
beta,beta_H,2024-02-28,sure,0,-1,-1,0,0.0,0.0,0.0,True,1176,0.30463616834524565,-1,-1,0.0,48,48,-2.0639864292386547,,-2.0639864292386547,0.0008246155745814492,AUTO_KEEP
beta,beta_H,2024-02-29,sure,0,-1,-1,0,0.0,0.0,0.0,True,1176,0.28630712418500615,-1,-1,0.0,56,56,-3.364582086786811,,-3.364582086786811,0.00038952276799913375,AUTO_KEEP
beta,beta_H,2024-03-01,sure,0,-1,-1,0,0.0,0.0,0.0,True,1176,0.27102124299270525,-1,-1,0.0,41,41,-2.4987517010834046,,-2.4987517010834046,0.0006224617007593191,AUTO_KEEP
beta,beta_H,2024-03-02,sure,0,-1,-1,0,0.0,0.0,0.0,True,1176,0.32226000649433395,-1,-1,0.0,47,47,-2.2897927329388974,,-2.2897927329388974,0.0007092524350771222,AUTO_KEEP
beta,beta_H,2024-03-03,sure,0,-1,-1,0,0.0,0.0,0.0,True,1176,0.2739233664029621,-1,-1,0.0,45,45,-1.2571473557509782,,-1.2571473557509782,0.001575585744851844,AUTO_KEEP
beta,beta_H,2024-03-04,sure,0,-1,-1,0,0.0,0.0,0.0,True,1176,0.2782722345382691,-1,-1,0.0,59,59,-0.8529959919534941,,-0.8529959919534941,0.002392365365476413,AUTO_KEEP
beta,beta_H,2024-03-05,unsure,1,45,61,17,10.699755,0.0,0.0,True,1176,0.289412009336111,-1,-1,0.0,56,56,-1.1588023573641093,,-1.1588023573641093,0.0017314492239896046,AUTO_KEEP
beta,beta_H,2024-03-06,sure,0,-1,-1,0,0.0,0.0,0.0,True,1176,0.24224638720684055,-1,-1,0.0,54,54,-0.9169094224492347,,-0.9169094224492347,0.002226706892926615,AUTO_KEEP
beta,beta_H,2024-03-07,sure,0,-1,-1,0,0.0,0.0,0.0,True,1176,0.29268105129998556,-1,-1,0.0,48,48,-2.382730885399946,,-2.382730885399946,0.0006685846826936538,AUTO_KEEP
beta,beta_H,2024-03-08,sure,0,-1,-1,0,0.0,0.0,0.0,True,1176,0.27799344488675537,-1,-1,0.0,52,52,-1.7782648807848132,,-1.7782648807848132,0.0010147064255757795,AUTO_KEEP
beta,beta_H,2024-03-09,sure,0,-1,-1,0,0.0,0.0,0.0,True,1176,0.26950242351755094,-1,-1,0.0,45,45,-3.04780953803092,,-3.04780953803092,0.0004569923799766503,AUTO_KEEP
beta,beta_H,2024-03-10,sure,0,-1,-1,0,0.0,0.0,0.0,True,1176,0.312857270248462,-1,-1,0.0,53,53,-2.4721574925665672,,-2.4721574925665672,0.0006326109094349987,AUTO_KEEP
beta,beta_H,2024-03-11,sure,0,-1,-1,0,0.0,0.0,0.0,True,1176,0.26711027512263463,-1,-1,0.0,49,49,-0.9708136919590385,,-0.9708136919590385,0.002099774834626261,AUTO_KEEP
beta,beta_H,2024-03-12,sure,0,-1,-1,0,0.0,0.0,0.0,True,1176,0.30601500959942385,-1,-1,0.0,35,35,-2.416092734007433,,-2.416092734007433,0.000654820350599156,AUTO_KEEP
beta,beta_H,2024-03-13,sure,0,-1,-1,0,0.0,0.0,0.0,True,1176,0.340934122999637,-1,-1,0.0,52,52,-1.3126743388518085,,-1.3126743388518085,0.0014965454958172696,AUTO_KEEP
beta,beta_H,2024-03-14,sure,0,-1,-1,0,0.0,0.0,0.0,True,1176,0.2741427951655293,-1,-1,0.0,66,66,-2.542561301558351,,-2.542561301558351,0.0006062575044847589,AUTO_KEEP
beta,beta_H,2024-03-15,sure,0,-1,-1,0,0.0,0.0,0.0,True,1176,0.279624355646491,-1,-1,0.0,52,52,-0.9695638914200921,,-0.9695638914200921,0.002102596005290459,AUTO_KEEP
beta,beta_H,2024-03-16,sure,0,-1,-1,0,0.0,0.0,0.0,True,1176,0.3876028172130992,-1,-1,0.0,49,49,-1.4842759960365126,,-1.4842759960365126,0.0012860228070073888,AUTO_KEEP
beta,beta_H,2024-03-17,sure,0,-1,-1,0,0.0,0.0,0.0,True,1176,0.31859317332727066,-1,-1,0.0,48,48,-1.951307322505763,,-1.951307322505763,0.0008927627745461038,AUTO_KEEP
beta,beta_H,2024-03-18,sure,0,-1,-1,0,0.0,0.0,0.0,True,1176,0.216377428580949,-1,-1,0.0,60,60,-0.8822615294897743,,-0.8822615294897743,0.002314338452326993,AUTO_KEEP
beta,beta_H,2024-03-19,sure,0,-1,-1,0,0.0,0.0,0.0,True,1176,0.24989940735642513,-1,-1,0.0,48,48,-2.051775862725063,,-2.051775862725063,0.0008316235425146771,AUTO_KEEP
beta,beta_H,2024-03-20,sure,0,-1,-1,0,0.0,0.0,0.0,True,1176,0.29590559456279664,-1,-1,0.0,47,47,-2.6418171229811236,,-2.6418171229811236,0.000571765850046555,AUTO_KEEP
beta,beta_H,2024-03-21,unsure,0,-1,-1,0,0.0,8.749037,0.0,True,1176,0.31740401937161167,49,62,4.675762760913967,48,48,-1.3924829372119987,4.675762760913967,4.675762760913967,0.2607086566149702,AUTO_KEEP
beta,beta_H,2024-03-22,sure,0,-1,-1,0,0.0,0.0,0.0,True,1176,0.2633010301389582,-1,-1,0.0,50,50,-1.2590371678039292,,-1.2590371678039292,0.001572795799696353,AUTO_KEEP
beta,beta_H,2024-03-23,sure,0,-1,-1,0,0.0,0.0,0.0,True,1176,0.35280594301593027,-1,-1,0.0,45,45,-0.6328849508391536,,-0.6328849508391536,0.0031260240362994754,AUTO_KEEP
beta,beta_H,2024-03-24,sure,0,-1,-1,0,0.0,0.0,0.0,True,1176,0.3342887407181623,-1,-1,0.0,55,55,-1.0919849435662758,,-1.0919849435662758,0.0018506277650659196,AUTO_KEEP
beta,beta_H,2024-03-25,sure,0,-1,-1,0,0.0,0.0,0.0,True,1176,0.2897093473187864,-1,-1,0.0,42,42,-3.0336657671242193,,-3.0336657671242193,0.00046039624847548684,AUTO_KEEP
beta,beta_H,2024-03-26,sure,0,-1,-1,0,0.0,0.0,0.0,True,1176,0.263433189990117,-1,-1,0.0,56,56,-2.7290875542034403,,-2.7290875542034403,0.0005437719672914308,AUTO_KEEP
beta,beta_H,2024-03-27,sure,0,-1,-1,0,0.0,0.0,0.0,True,1176,0.31394599360391773,-1,-1,0.0,56,56,-1.232964336720851,,-1.232964336720851,0.001611939167525776,AUTO_KEEP
beta,beta_H,2024-03-28,sure,0,-1,-1,0,0.0,0.0,0.0,True,1176,0.41236967808391967,-1,-1,0.0,62,62,-1.3883852482367762,,-1.3883852482367762,0.0013978479507529952,AUTO_KEEP
beta,beta_H,2024-03-29,sure,0,-1,-1,0,0.0,0.0,0.0,True,1176,0.314435208123653,-1,-1,0.0,59,59,-1.7734168758053874,,-1.7734168758053874,0.0010184684080951191,AUTO_KEEP
beta,beta_H,2024-04-01,sure,0,-1,-1,0,0.0,0.0,0.0,True,1176,0.3149567226235783,-1,-1,0.0,43,43,-3.264151235816491,,-3.264151235816491,0.0004092304893869091,AUTO_KEEP
beta,beta_H,2024-04-02,sure,0,-1,-1,0,0.0,0.0,0.0,True,1176,0.4221200283791511,-1,-1,0.0,65,65,-1.724407899560264,,-1.724407899560264,0.0010576784511604404,AUTO_KEEP
beta,beta_H,2024-04-03,sure,0,-1,-1,0,0.0,0.0,0.0,True,1176,0.3533330501786125,-1,-1,0.0,50,50,-1.2460237320554566,,-1.2460237320554566,0.001592156099372706,AUTO_KEEP
beta,beta_H,2024-04-04,sure,0,-1,-1,0,0.0,0.0,0.0,True,1176,0.340095080910336,-1,-1,0.0,28,28,-3.510739377982962,,-3.510739377982962,0.0003632476911350325,AUTO_KEEP
beta,beta_H,2024-04-05,sure,0,-1,-1,0,0.0,0.0,0.0,True,1176,0.36306632617476176,-1,-1,0.0,29,29,-3.7110010573675263,,-3.7110010573675263,0.000331285657083979,AUTO_KEEP
beta,beta_H,2024-04-06,sure,0,-1,-1,0,0.0,0.0,0.0,True,1176,0.36331106440645655,-1,-1,0.0,58,58,-2.046616811659614,,-2.046616811659614,0.0008346108082380376,AUTO_KEEP
beta,beta_H,2024-04-07,sure,0,-1,-1,0,0.0,0.0,0.0,True,1176,0.2671551410404085,-1,-1,0.0,55,55,-1.717909523483799,,-1.717909523483799,0.0010630436884169808,AUTO_KEEP
beta,beta_H,2024-04-08,sure,0,-1,-1,0,0.0,0.0,0.0,True,1176,0.40149705443703354,-1,-1,0.0,53,53,-0.9015154247356724,,-0.9015154247356724,0.002265028380396679,AUTO_KEEP
beta,beta_H,2024-04-09,sure,0,-1,-1,0,0.0,0.0,0.0,True,1176,0.2605694542117245,-1,-1,0.0,51,51,-0.8965721554867129,,-0.8965721554867129,0.0022775398415557967,AUTO_KEEP
beta,beta_H,2024-04-10,sure,0,-1,-1,0,0.0,0.0,0.0,True,1176,0.23703428921431247,-1,-1,0.0,56,56,-0.9505790352260375,,-0.9505790352260375,0.0021461447801156956,AUTO_KEEP
beta,beta_H,2024-04-11,sure,0,-1,-1,0,0.0,0.0,0.0,True,1176,0.33267916066250613,-1,-1,0.0,50,50,-0.9626464924992346,,-0.9626464924992346,0.0021183118789777746,AUTO_KEEP
beta,beta_H,2024-04-12,sure,0,-1,-1,0,0.0,0.0,0.0,True,1176,0.2157022591303015,-1,-1,0.0,54,54,-1.3303132071808514,,-1.3303132071808514,0.0014726560520716579,AUTO_KEEP
beta,beta_H,2024-04-13,sure,0,-1,-1,0,0.0,0.0,0.0,True,1176,0.30525386646409913,-1,-1,0.0,50,50,-1.714994741802017,,-1.714994741802017,0.0010654632245623884,AUTO_KEEP
beta,beta_H,2024-04-14,sure,0,-1,-1,0,0.0,0.0,0.0,True,1176,0.281171970194821,-1,-1,0.0,48,48,-1.8048004742365615,,-1.8048004742365615,0.0009944728544413718,AUTO_KEEP
beta,beta_H,2024-04-15,sure,0,-1,-1,0,0.0,0.0,0.0,True,1176,0.27024968688513606,-1,-1,0.0,43,43,-1.9358154034127466,,-1.9358154034127466,0.0009027754208084286,AUTO_KEEP
beta,beta_H,2024-04-16,sure,0,-1,-1,0,0.0,0.0,0.0,True,1176,0.28470336967203824,-1,-1,0.0,49,49,-1.4596371208871968,,-1.4596371208871968,0.0013134641904306108,AUTO_KEEP
beta,beta_H,2024-04-17,sure,0,-1,-1,0,0.0,0.0,0.0,True,1176,0.40383884049598695,-1,-1,0.0,41,41,-1.6093410422259364,,-1.6093410422259364,0.0011589384039891455,AUTO_KEEP
beta,beta_H,2024-04-18,sure,0,-1,-1,0,0.0,0.0,0.0,True,1176,0.28399745339040905,-1,-1,0.0,46,46,-0.8590088326739028,,-0.8590088326739028,0.002376021667371823,AUTO_KEEP
beta,beta_H,2024-04-19,sure,0,-1,-1,0,0.0,0.0,0.0,True,1176,0.2392391894649437,-1,-1,0.0,49,49,-1.6972889795143014,,-1.6972889795143014,0.0010803361791785274,AUTO_KEEP
beta,beta_H,2024-04-20,sure,0,-1,-1,0,0.0,0.0,0.0,True,1176,0.3218109471567727,-1,-1,0.0,60,60,-1.6443226644613702,,-1.6443226644613702,0.0011266971913406537,AUTO_KEEP
beta,beta_H,2024-04-21,sure,0,-1,-1,0,0.0,0.0,0.0,True,1176,0.3307100049029197,-1,-1,0.0,54,54,-1.8512152446015315,,-1.8512152446015315,0.0009604814452746121,AUTO_KEEP
beta,beta_H,2024-04-22,sure,0,-1,-1,0,0.0,0.0,0.0,True,1176,0.25633821999196016,-1,-1,0.0,50,50,-0.9395614073824838,,-0.9395614073824838,0.0021720284479148917,AUTO_KEEP
beta,beta_H,2024-04-23,sure,0,-1,-1,0,0.0,0.0,0.0,True,1176,0.2509571401191799,-1,-1,0.0,46,46,-2.8347660617164108,,-2.8347660617164108,0.000512494286759849,AUTO_KEEP
beta,beta_H,2024-04-24,sure,0,-1,-1,0,0.0,0.0,0.0,True,1176,0.32328193865225163,-1,-1,0.0,55,55,-1.7104086661128388,,-1.7104086661128388,0.001069286518164161,AUTO_KEEP
beta,beta_H,2024-04-25,sure,0,-1,-1,0,0.0,0.0,0.0,True,1176,0.18556271618029463,-1,-1,0.0,49,49,-1.9954025965083064,,-1.9954025965083064,0.0008651413237612957,AUTO_KEEP
beta,beta_H,2024-04-26,sure,0,-1,-1,0,0.0,0.0,0.0,True,1176,0.2885366072150575,-1,-1,0.0,53,53,-2.738257557166273,,-2.738257557166273,0.0005409481912129611,AUTO_KEEP
beta,beta_H,2024-04-27,sure,0,-1,-1,0,0.0,0.0,0.0,True,1176,0.36066685061222614,-1,-1,0.0,44,44,-2.041862171140948,,-2.041862171140948,0.0008373779050289454,AUTO_KEEP
beta,beta_H,2024-04-28,sure,0,-1,-1,0,0.0,0.0,0.0,True,1176,0.1969092956300731,-1,-1,0.0,62,62,-2.237435290456707,,-2.237435290456707,0.0007337840793937089,AUTO_KEEP
beta,beta_H,2024-04-29,sure,0,-1,-1,0,0.0,0.0,0.0,True,1176,0.20827095518649497,-1,-1,0.0,46,46,-1.144195768770895,,-1.144195768770895,0.001756517924754447,AUTO_KEEP
beta,beta_H,2024-04-30,sure,0,-1,-1,0,0.0,0.0,0.0,True,1176,0.23136377712797618,-1,-1,0.0,45,45,-1.5091124378758165,,-1.5091124378758165,0.0012592063702606573,AUTO_KEEP
beta,beta_H,2024-05-01,sure,0,-1,-1,0,0.0,0.0,0.0,True,1176,0.3219788070257916,-1,-1,0.0,44,44,-1.2252196259218946,,-1.2252196259218946,0.0016238424669250977,AUTO_KEEP
beta,beta_H,2024-05-02,sure,0,-1,-1,0,0.0,0.0,0.0,True,1176,0.3235337005777996,-1,-1,0.0,42,42,-1.5456112984865693,,-1.5456112984865693,0.0012212664190881827,AUTO_KEEP
beta,beta_H,2024-05-03,sure,0,-1,-1,0,0.0,0.0,0.0,True,1176,0.1891626626623406,-1,-1,0.0,45,45,-3.0888149366980677,,-3.0888149366980677,0.00044733060894444116,AUTO_KEEP
beta,beta_H,2024-05-04,sure,0,-1,-1,0,0.0,0.0,0.0,True,1176,0.36344316056755765,-1,-1,0.0,53,53,-1.2781461814949664,,-1.2781461814949664,0.0015449886031690646,AUTO_KEEP
beta,beta_H,2024-05-05,sure,0,-1,-1,0,0.0,0.0,0.0,True,1176,0.46856906758293526,-1,-1,0.0,45,45,-2.417294065362912,,-2.417294065362912,0.0006543325094384723,AUTO_KEEP
beta,beta_H,2024-05-06,sure,0,-1,-1,0,0.0,0.0,0.0,True,1176,0.3269842623075645,-1,-1,0.0,49,49,-2.7367770110726672,,-2.7367770110726672,0.0005414026424933042,AUTO_KEEP
beta,beta_H,2024-05-07,sure,0,-1,-1,0,0.0,0.0,0.0,True,1176,0.28601783901892297,-1,-1,0.0,50,50,-1.4497902031884173,,-1.4497902031884173,0.0013246724232979226,AUTO_KEEP
beta,beta_H,2024-05-08,sure,0,-1,-1,0,0.0,0.0,0.0,True,1176,0.4064939069383673,-1,-1,0.0,53,53,-1.4607669132718437,,-1.4607669132718437,0.0013121871341506954,AUTO_KEEP
beta,beta_H,2024-05-09,sure,0,-1,-1,0,0.0,0.0,0.0,True,1176,0.22845939359627554,-1,-1,0.0,48,48,-2.1003639517072976,,-2.1003639517072976,0.0008042449691734599,AUTO_KEEP
beta,beta_H,2024-05-10,sure,0,-1,-1,0,0.0,0.0,0.0,True,1176,0.30180258307863994,-1,-1,0.0,50,50,-1.3952079375473216,,-1.3952079375473216,0.0013894277924524489,AUTO_KEEP
beta,beta_H,2024-05-11,sure,0,-1,-1,0,0.0,0.0,0.0,True,1176,0.25301473057309565,-1,-1,0.0,48,48,-3.4097317709352035,,-3.4097317709352035,0.0003811154592719931,AUTO_KEEP
beta,beta_H,2024-05-12,sure,0,-1,-1,0,0.0,0.0,0.0,True,1176,0.27439576924631304,-1,-1,0.0,51,51,-1.950296199338525,,-1.950296199338525,0.0008934112826670252,AUTO_KEEP
beta,beta_H,2024-05-13,sure,0,-1,-1,0,0.0,0.0,0.0,True,1176,0.2935158390604,-1,-1,0.0,53,53,-1.321945174351384,,-1.321945174351384,0.0014839189459683482,AUTO_KEEP
beta,beta_H,2024-05-14,sure,0,-1,-1,0,0.0,0.0,0.0,True,1176,0.3559497737660742,-1,-1,0.0,54,54,-2.503636101081973,,-2.503636101081973,0.0006206237179956646,AUTO_KEEP
beta,beta_H,2024-05-15,sure,0,-1,-1,0,0.0,0.0,0.0,True,1176,0.23035355494399656,-1,-1,0.0,54,54,-2.2577534771419607,,-2.2577534771419607,0.0007241181063494273,AUTO_KEEP
beta,beta_H,2024-05-16,sure,0,-1,-1,0,0.0,0.0,0.0,True,1176,0.38617018170434214,-1,-1,0.0,38,38,-2.193195453659343,,-2.193195453659343,0.0007554978430540476,AUTO_KEEP
beta,beta_H,2024-05-17,sure,0,-1,-1,0,0.0,0.0,0.0,True,1176,0.28045714367869135,-1,-1,0.0,54,54,-2.451681953019889,,-2.451681953019889,0.000640591786060011,AUTO_KEEP
beta,beta_H,2024-05-18,sure,0,-1,-1,0,0.0,0.0,0.0,True,1176,0.32579641118559266,-1,-1,0.0,47,47,-1.4582822315781443,,-1.4582822315781443,0.001314998096081357,AUTO_KEEP
beta,beta_H,2024-05-19,sure,0,-1,-1,0,0.0,0.0,0.0,True,1176,0.3417448388125468,-1,-1,0.0,47,47,-1.660449584277116,,-1.660449584277116,0.001112276429607991,AUTO_KEEP
beta,beta_H,2024-05-20,sure,0,-1,-1,0,0.0,0.0,0.0,True,1176,0.25779148148471176,-1,-1,0.0,50,50,-2.28892954904076,,-2.28892954904076,0.000709647029401869,AUTO_KEEP
beta,beta_H,2024-05-21,sure,0,-1,-1,0,0.0,0.0,0.0,True,1176,0.23475844383626132,-1,-1,0.0,57,57,-2.097317163120273,,-2.097317163120273,0.0008059225362942838,AUTO_KEEP
beta,beta_H,2024-05-22,sure,0,-1,-1,0,0.0,0.0,0.0,True,1176,0.43379801084210534,-1,-1,0.0,49,49,-2.720339620576258,,-2.720339620576258,0.0005464860309798639,AUTO_KEEP
beta,beta_H,2024-05-23,sure,0,-1,-1,0,0.0,0.0,0.0,True,1176,0.29804350325854667,-1,-1,0.0,46,46,-2.670851507342424,,-2.670851507342424,0.000562221718793352,AUTO_KEEP
beta,beta_H,2024-05-24,sure,0,-1,-1,0,0.0,0.0,0.0,True,1176,0.36583356657082433,-1,-1,0.0,45,45,-2.736473593428435,,-2.736473593428435,0.0005414958454052867,AUTO_KEEP
beta,beta_H,2024-05-25,sure,0,-1,-1,0,0.0,0.0,0.0,True,1176,0.2479596754443376,-1,-1,0.0,46,46,-3.4964344484175243,,-3.4964344484175243,0.000365702292531924,AUTO_KEEP
beta,beta_H,2024-05-26,sure,0,-1,-1,0,0.0,0.0,0.0,True,1176,0.3392119967572462,-1,-1,0.0,49,49,-2.7414582809678834,,-2.7414582809678834,0.0005399676501872384,AUTO_KEEP
beta,beta_H,2024-05-27,sure,0,-1,-1,0,0.0,0.0,0.0,True,1176,0.31635276620521147,-1,-1,0.0,28,28,-3.3868352148135594,,-3.3868352148135594,0.00038534528657139773,AUTO_KEEP
beta,beta_H,2024-05-28,sure,0,-1,-1,0,0.0,0.0,0.0,True,1176,0.2921568023517729,-1,-1,0.0,49,49,-2.709832429316696,,-2.709832429316696,0.0005497723310947266,AUTO_KEEP
beta,beta_H,2024-05-29,sure,0,-1,-1,0,0.0,0.0,0.0,True,1176,0.40635312830574843,-1,-1,0.0,45,45,-2.5001500292129064,,-2.5001500292129064,0.000621934697521679,AUTO_KEEP
beta,beta_H,2024-05-30,sure,0,-1,-1,0,0.0,0.0,0.0,True,1176,0.3253912773627379,-1,-1,0.0,47,47,-2.7959409952292362,,-2.7959409952292362,0.0005236702162632718,AUTO_KEEP
beta,beta_H,2024-05-31,sure,0,-1,-1,0,0.0,0.0,0.0,True,1176,0.36670833102143874,-1,-1,0.0,28,28,-3.6261727348038564,,-3.6261727348038564,0.0003442981912099569,AUTO_KEEP
beta,beta_H,2024-06-01,sure,0,-1,-1,0,0.0,0.0,0.0,True,1176,0.32821294797387246,-1,-1,0.0,29,29,-3.719625794985951,,-3.719625794985951,0.0003300033317012538,AUTO_KEEP
beta,beta_H,2024-06-02,sure,0,-1,-1,0,0.0,0.0,0.0,True,1176,0.35351560079077693,-1,-1,0.0,41,41,-2.8104638791661913,,-2.8104638791661913,0.000519448157511984,AUTO_KEEP
beta,beta_H,2024-06-03,sure,0,-1,-1,0,0.0,0.0,0.0,True,1176,0.3355235218125614,-1,-1,0.0,50,50,-1.7864788334716515,,-1.7864788334716515,0.0010083790110811312,AUTO_KEEP
beta,beta_H,2024-06-04,sure,0,-1,-1,0,0.0,0.0,0.0,True,1176,0.4696877279329019,-1,-1,0.0,53,53,-2.54261876183302,,-2.54261876183302,0.0006062366605956368,AUTO_KEEP
beta,beta_H,2024-06-05,sure,0,-1,-1,0,0.0,0.0,0.0,True,1176,0.37434361394036664,-1,-1,0.0,52,52,-1.7035254088234424,,-1.7035254088234424,0.0010750628954275046,AUTO_KEEP
beta,beta_H,2024-06-06,sure,0,-1,-1,0,0.0,0.0,0.0,True,1176,0.3195678275336382,-1,-1,0.0,49,49,-2.4050563381892456,,-2.4050563381892456,0.0006593271967921852,AUTO_KEEP
beta,beta_H,2024-06-07,sure,0,-1,-1,0,0.0,0.0,0.0,True,1176,0.35060883616523686,-1,-1,0.0,45,45,-2.526147635936845,,-2.526147635936845,0.000612255052735024,AUTO_KEEP
beta,beta_H,2024-06-08,sure,0,-1,-1,0,0.0,0.0,0.0,True,1176,0.3148539763798013,-1,-1,0.0,50,50,-1.8287082577313236,,-1.8287082577313236,0.000976747139719291,AUTO_KEEP
beta,beta_H,2024-06-09,sure,0,-1,-1,0,0.0,0.0,0.0,True,1176,0.20428024213088403,-1,-1,0.0,50,50,-1.8837486032195412,,-1.8837486032195412,0.0009376651559159255,AUTO_KEEP
beta,beta_H,2024-06-10,sure,0,-1,-1,0,0.0,0.0,0.0,True,1176,0.3303094306932053,-1,-1,0.0,52,52,-1.8106909131547404,,-1.8106909131547404,0.00099006190016556,AUTO_KEEP
beta,beta_H,2024-06-11,sure,0,-1,-1,0,0.0,0.0,0.0,True,1176,0.42792340326655776,-1,-1,0.0,47,47,-1.7654362584492844,,-1.7654362584492844,0.0010247060841094536,AUTO_KEEP
beta,beta_H,2024-06-12,sure,0,-1,-1,0,0.0,0.0,0.0,True,1176,0.3729555576460628,-1,-1,0.0,53,53,-1.5858780614063108,,-1.5858780614063108,0.0011813293145885053,AUTO_KEEP
beta,beta_H,2024-06-13,sure,0,-1,-1,0,0.0,0.0,0.0,True,1176,0.3583442301896689,-1,-1,0.0,49,49,-2.8283003986915305,,-2.8283003986915305,0.0005143309489235255,AUTO_KEEP
beta,beta_H,2024-06-14,sure,0,-1,-1,0,0.0,0.0,0.0,True,1176,0.35564745609039683,-1,-1,0.0,35,35,-3.1770476713989177,,-3.1770476713989177,0.0004275344619264259,AUTO_KEEP
beta,beta_H,2024-06-15,sure,0,-1,-1,0,0.0,0.0,0.0,True,1176,0.39655894288340754,-1,-1,0.0,47,47,-2.4356419216280996,,-2.4356419216280996,0.0006469477073736431,AUTO_KEEP
beta,beta_H,2024-06-16,sure,0,-1,-1,0,0.0,0.0,0.0,True,1176,0.3154192563674201,-1,-1,0.0,28,28,-3.7732414667674763,,-3.7732414667674763,0.0003221931582408715,AUTO_KEEP
beta,beta_H,2024-06-17,sure,0,-1,-1,0,0.0,0.0,0.0,True,1176,0.32038447308075035,-1,-1,0.0,46,46,-2.114231567763335,,-2.114231567763335,0.0007966739620623334,AUTO_KEEP
beta,beta_H,2024-06-18,sure,0,-1,-1,0,0.0,0.0,0.0,True,1176,0.4786556678545537,-1,-1,0.0,46,46,-3.383660408029576,,-3.383660408029576,0.00038593723617532,AUTO_KEEP
beta,beta_H,2024-06-19,sure,0,-1,-1,0,0.0,0.0,0.0,True,1176,0.3963594473539178,-1,-1,0.0,45,45,-3.8255296072272498,,-3.8255296072272498,0.00031483551304281306,AUTO_KEEP
beta,beta_H,2024-06-20,sure,0,-1,-1,0,0.0,0.0,0.0,True,1176,0.5077577985169786,-1,-1,0.0,49,49,-2.377790085335489,,-2.377790085335489,0.0006706592679616604,AUTO_KEEP
beta,beta_H,2024-06-21,sure,0,-1,-1,0,0.0,0.0,0.0,True,1176,0.3468177895656339,-1,-1,0.0,56,56,-2.304115994577682,,-2.304115994577682,0.0007027515651383802,AUTO_KEEP
beta,beta_H,2024-06-22,sure,0,-1,-1,0,0.0,0.0,0.0,False,0,,-1,-1,,-1,-1,,,,,UNCERTAIN
beta,beta_H,2024-06-23,sure,0,-1,-1,0,0.0,0.0,0.0,True,1176,0.38790810004791787,-1,-1,0.0,50,50,-2.1752778421638954,,-2.1752778421638954,0.0007645617798349593,AUTO_KEEP
beta,beta_H,2024-06-24,sure,0,-1,-1,0,0.0,0.0,0.0,True,1176,0.3637260416421757,-1,-1,0.0,65,65,-2.444711985112455,,-2.444711985112455,0.0006433423244222292,AUTO_KEEP
beta,beta_H,2024-06-25,sure,0,-1,-1,0,0.0,0.0,0.0,True,1176,0.40091425805191605,-1,-1,0.0,49,49,-3.396112296784279,,-3.396112296784279,0.00038362318910506964,AUTO_KEEP
beta,beta_H,2024-06-26,sure,0,-1,-1,0,0.0,0.0,0.0,True,1176,0.40007197144780626,-1,-1,0.0,57,57,-3.6188482765053274,,-3.6188482765053274,0.0003454568566006402,AUTO_KEEP
beta,beta_H,2024-06-27,sure,0,-1,-1,0,0.0,0.0,0.0,True,1176,0.42012849348687276,-1,-1,0.0,47,47,-3.9580398318071475,,-3.9580398318071475,0.0002972606618773385,AUTO_KEEP
beta,beta_H,2024-06-28,sure,0,-1,-1,0,0.0,0.0,0.0,True,1176,0.3773871246955025,-1,-1,0.0,28,28,-3.869506337239998,,-3.869506337239998,0.0003088371873041405,AUTO_KEEP
beta,beta_H,2024-06-29,sure,0,-1,-1,0,0.0,0.0,0.0,True,1176,0.3109879111289189,-1,-1,0.0,60,60,-2.4507801404814034,,-2.4507801404814034,0.0006409466902848639,AUTO_KEEP
beta,beta_H,2024-06-30,sure,0,-1,-1,0,0.0,0.0,0.0,True,1176,0.23108917388738526,-1,-1,0.0,48,48,-3.0568574145265823,,-3.0568574145265823,0.0004548342839575334,AUTO_KEEP
beta,beta_H,2024-07-01,sure,0,-1,-1,0,0.0,0.0,0.0,True,1176,0.4492659464149238,-1,-1,0.0,55,55,-2.188143021425006,,-2.188143021425006,0.0007580376334776685,AUTO_KEEP
beta,beta_H,2024-07-02,sure,0,-1,-1,0,0.0,0.0,0.0,True,1176,0.33789906401616143,-1,-1,0.0,40,40,-3.108676057748443,,-3.108676057748443,0.0004427586142019006,AUTO_KEEP
beta,beta_H,2024-07-03,sure,0,-1,-1,0,0.0,0.0,0.0,True,1176,0.4770726873542408,-1,-1,0.0,52,52,-1.8924353689596276,,-1.8924353689596276,0.0009317078286961787,AUTO_KEEP
beta,beta_H,2024-07-04,sure,0,-1,-1,0,0.0,0.0,0.0,True,1176,0.47111508319308193,-1,-1,0.0,41,41,-2.3897897914054136,,-2.3897897914054136,0.0006656370703316802,AUTO_KEEP
beta,beta_H,2024-07-05,sure,0,-1,-1,0,0.0,0.0,0.0,True,1176,0.4470821141386878,-1,-1,0.0,41,41,-1.8460604490555284,,-1.8460604490555284,0.0009641714229076608,AUTO_KEEP
beta,beta_H,2024-07-06,sure,0,-1,-1,0,0.0,0.0,0.0,True,1176,0.335374556786352,-1,-1,0.0,47,47,-2.2084552803042716,,-2.2084552803042716,0.0007479024811341274,AUTO_KEEP
beta,beta_H,2024-07-07,sure,0,-1,-1,0,0.0,0.0,0.0,True,1176,0.31577281934616686,-1,-1,0.0,56,56,-2.578766247755503,,-2.578766247755503,0.0005933301114551203,AUTO_KEEP
beta,beta_H,2024-07-08,sure,0,-1,-1,0,0.0,0.0,0.0,True,1176,0.3875139857368861,-1,-1,0.0,54,54,-2.1167903447851706,,-2.1167903447851706,0.0007952884646318148,AUTO_KEEP
beta,beta_H,2024-07-09,sure,0,-1,-1,0,0.0,0.0,0.0,True,1176,0.35807458978253237,-1,-1,0.0,50,50,-1.7380617892477725,,-1.7380617892477725,0.0010465344187404544,AUTO_KEEP
beta,beta_H,2024-07-10,sure,0,-1,-1,0,0.0,0.0,0.0,True,1176,0.33280749622247896,-1,-1,0.0,56,56,-2.2883273583496995,,-2.2883273583496995,0.0007099225050375554,AUTO_KEEP
beta,beta_H,2024-07-11,sure,0,-1,-1,0,0.0,0.0,0.0,True,1176,0.4826317792639596,-1,-1,0.0,53,53,-2.775519442517432,,-2.775519442517432,0.0005296930442208999,AUTO_KEEP
beta,beta_H,2024-07-12,sure,0,-1,-1,0,0.0,0.0,0.0,True,1176,0.36540288912591024,-1,-1,0.0,44,44,-2.1199738546610294,,-2.1199738546610294,0.0007935696368455901,AUTO_KEEP
beta,beta_H,2024-07-13,sure,0,-1,-1,0,0.0,0.0,0.0,True,1176,0.3730312990367812,-1,-1,0.0,45,45,-2.67965892113022,,-2.67965892113022,0.0005593728783440629,AUTO_KEEP
beta,beta_H,2024-07-14,sure,0,-1,-1,0,0.0,0.0,0.0,True,1176,0.4262609349522197,-1,-1,0.0,51,51,-2.005472060125618,,-2.005472060125618,0.0008590102448419305,AUTO_KEEP
beta,beta_H,2024-07-15,sure,0,-1,-1,0,0.0,0.0,0.0,True,1176,0.43328571404435756,-1,-1,0.0,51,51,-3.4759955484171705,,-3.4759955484171705,0.0003692519886692694,AUTO_KEEP
beta,beta_H,2024-07-16,sure,0,-1,-1,0,0.0,0.0,0.0,True,1176,0.39795541429674763,-1,-1,0.0,56,56,-2.338028355340983,,-2.338028355340983,0.0006877049922527383,AUTO_KEEP
beta,beta_H,2024-07-17,sure,0,-1,-1,0,0.0,0.0,0.0,True,1176,0.38633381035920245,-1,-1,0.0,62,62,-2.715420093503477,,-2.715420093503477,0.0005480210872628044,AUTO_KEEP
beta,beta_H,2024-07-18,sure,0,-1,-1,0,0.0,0.0,0.0,True,1176,0.4823591440511663,-1,-1,0.0,57,57,-2.7100657994816406,,-2.7100657994816406,0.0005496990253261066,AUTO_KEEP
beta,beta_H,2024-07-19,sure,0,-1,-1,0,0.0,0.0,0.0,True,1176,0.3862110000293715,-1,-1,0.0,52,52,-2.0395684634579783,,-2.0395684634579783,0.0008387176204469239,AUTO_KEEP
beta,beta_H,2024-07-20,sure,0,-1,-1,0,0.0,0.0,0.0,True,1176,0.3973149717348914,-1,-1,0.0,50,50,-2.1442905407348603,,-2.1442905407348603,0.0007806191170352457,AUTO_KEEP
beta,beta_H,2024-07-21,sure,0,-1,-1,0,0.0,0.0,0.0,True,1176,0.46981323084729176,-1,-1,0.0,45,45,-2.687823422033212,,-2.687823422033212,0.00055675092163924,AUTO_KEEP
beta,beta_H,2024-07-22,sure,0,-1,-1,0,0.0,0.0,0.0,True,1176,0.3340816346952611,-1,-1,0.0,47,47,-2.043412238139353,,-2.043412238139353,0.0008364743191811786,AUTO_KEEP
beta,beta_H,2024-07-23,sure,0,-1,-1,0,0.0,0.0,0.0,True,1176,0.4345832290854865,-1,-1,0.0,49,49,-2.2968024459346372,,-2.2968024459346372,0.0007060599474712949,AUTO_KEEP
beta,beta_H,2024-07-24,sure,0,-1,-1,0,0.0,0.0,0.0,True,1176,0.36834269664030295,-1,-1,0.0,41,41,-2.108481515133597,,-2.108481515133597,0.0007998004187585257,AUTO_KEEP
beta,beta_H,2024-07-25,sure,0,-1,-1,0,0.0,0.0,0.0,True,1176,0.39559727541482914,-1,-1,0.0,50,50,-2.020693983991471,,-2.020693983991471,0.0008498625977059991,AUTO_KEEP
beta,beta_H,2024-07-26,sure,0,-1,-1,0,0.0,0.0,0.0,True,1176,0.3829138342994405,-1,-1,0.0,44,44,-1.9192324377079446,,-1.9192324377079446,0.0009136773374548872,AUTO_KEEP
beta,beta_H,2024-07-27,sure,0,-1,-1,0,0.0,0.0,0.0,True,1176,0.3584238500402801,-1,-1,0.0,55,55,-2.9606357624836552,,-2.9606357624836552,0.0004785796349073937,AUTO_KEEP
beta,beta_H,2024-07-28,sure,0,-1,-1,0,0.0,0.0,0.0,True,1176,0.293457154553213,-1,-1,0.0,36,36,-2.783787454049091,,-2.783787454049091,0.0005272423843635648,AUTO_KEEP
beta,beta_H,2024-07-29,sure,0,-1,-1,0,0.0,0.0,0.0,True,1176,0.566232714932104,-1,-1,0.0,59,59,-2.5343968979815585,,-2.5343968979815585,0.0006092299183030795,AUTO_KEEP
beta,beta_H,2024-07-30,sure,0,-1,-1,0,0.0,0.0,0.0,True,1176,0.44572758472381224,-1,-1,0.0,51,51,-1.747248720372821,,-1.747248720372821,0.0010391331623887752,AUTO_KEEP
beta,beta_H,2024-07-31,sure,0,-1,-1,0,0.0,0.0,0.0,True,1176,0.38270319056095126,-1,-1,0.0,56,56,-2.0422720647092287,,-2.0422720647092287,0.000837138824781421,AUTO_KEEP
beta,beta_H,2024-08-01,sure,0,-1,-1,0,0.0,0.0,0.0,True,1176,0.32942513874765744,-1,-1,0.0,48,48,-1.2766324358320698,,-1.2766324358320698,0.001547164910969452,AUTO_KEEP
beta,beta_H,2024-08-02,sure,0,-1,-1,0,0.0,0.0,0.0,True,1176,0.46105886228975734,-1,-1,0.0,49,49,-1.8625283040074234,,-1.8625283040074234,0.0009524556494452677,AUTO_KEEP
beta,beta_H,2024-08-03,sure,0,-1,-1,0,0.0,0.0,0.0,True,1176,0.333726094708517,-1,-1,0.0,55,55,-2.446284008013302,,-2.446284008013302,0.0006427204462446773,AUTO_KEEP
beta,beta_H,2024-08-04,sure,0,-1,-1,0,0.0,0.0,0.0,True,136,0.4311961854002071,-1,-1,0.0,39,39,-2.96680591245199,,-2.96680591245199,0.00047700286379587735,AUTO_KEEP
beta,beta_H,2024-08-05,sure,0,-1,-1,0,0.0,0.0,0.0,True,465,0.40791299999999886,-1,-1,0.0,54,54,-2.290572115203292,,-2.290572115203292,0.0007088964269082464,AUTO_KEEP
beta,beta_H,2024-08-06,sure,0,-1,-1,0,0.0,0.0,0.0,True,1176,0.39949102621525157,-1,-1,0.0,48,48,-1.72540659785039,,-1.72540659785039,0.0010568574308874232,AUTO_KEEP
beta,beta_H,2024-08-07,sure,0,-1,-1,0,0.0,0.0,0.0,True,1176,0.45213476122853,-1,-1,0.0,43,43,-2.5047622150377964,,-2.5047622150377964,0.0006202010978871663,AUTO_KEEP
beta,beta_H,2024-08-08,sure,0,-1,-1,0,0.0,0.0,0.0,True,1176,0.392989555678108,-1,-1,0.0,51,51,-3.111003375570275,,-3.111003375570275,0.0004422273743888579,AUTO_KEEP
beta,beta_H,2024-08-09,sure,0,-1,-1,0,0.0,0.0,0.0,True,1176,0.4525194678664679,-1,-1,0.0,52,52,-1.5523419970730152,,-1.5523419970730152,0.0012144539074012682,AUTO_KEEP
beta,beta_H,2024-08-10,sure,0,-1,-1,0,0.0,0.0,0.0,True,1176,0.41548780601807067,-1,-1,0.0,51,51,-2.330797348577719,,-2.330797348577719,0.0006908732933201716,AUTO_KEEP
beta,beta_H,2024-08-11,sure,0,-1,-1,0,0.0,0.0,0.0,True,1176,0.4522808696771916,-1,-1,0.0,48,48,-2.016185907633965,,-2.016185907633965,0.000852556741792612,AUTO_KEEP
beta,beta_H,2024-08-12,sure,0,-1,-1,0,0.0,0.0,0.0,True,1176,0.3532313397791924,-1,-1,0.0,54,54,-3.288244009422226,,-3.288244009422226,0.00040437116602217235,AUTO_KEEP
beta,beta_H,2024-08-13,sure,0,-1,-1,0,0.0,0.0,0.0,True,780,0.28900733798436207,-1,-1,0.0,51,51,-1.6471520337262302,,-1.6471520337262302,0.0011241473398712514,AUTO_KEEP
beta,beta_H,2024-08-14,sure,0,-1,-1,0,0.0,0.0,0.0,True,1176,0.30022855339909427,-1,-1,0.0,28,28,-3.496226117310556,,-3.496226117310556,0.0003657382204236401,AUTO_KEEP
beta,beta_H,2024-08-15,sure,0,-1,-1,0,0.0,0.0,0.0,True,1176,0.3936477416223312,-1,-1,0.0,50,50,-2.587805225722856,,-2.587805225722856,0.0005901659219482546,AUTO_KEEP
beta,beta_H,2024-08-16,sure,0,-1,-1,0,0.0,0.0,0.0,True,1176,0.2594801898724475,-1,-1,0.0,56,56,-2.2680455882887505,,-2.2680455882887505,0.000719293168514621,AUTO_KEEP
beta,beta_H,2024-08-17,sure,0,-1,-1,0,0.0,0.0,0.0,True,1176,0.32801723952146933,-1,-1,0.0,53,53,-0.7807981156894765,,-0.7807981156894765,0.002602223405518289,AUTO_KEEP
beta,beta_H,2024-08-18,sure,0,-1,-1,0,0.0,0.0,0.0,True,1176,0.38599366217667086,-1,-1,0.0,43,43,-2.4852159891071897,,-2.4852159891071897,0.000627597187195786,AUTO_KEEP
beta,beta_H,2024-08-19,sure,0,-1,-1,0,0.0,0.0,0.0,True,1176,0.3539247502202496,-1,-1,0.0,50,50,-1.496451533064683,,-1.496451533064683,0.0012727727548359222,AUTO_KEEP
beta,beta_H,2024-08-20,sure,0,-1,-1,0,0.0,0.0,0.0,True,1176,0.2785107862908571,-1,-1,0.0,45,45,-1.7113691172641226,,-1.7113691172641226,0.0010684841459760628,AUTO_KEEP
beta,beta_H,2024-08-21,sure,0,-1,-1,0,0.0,0.0,0.0,True,1176,0.464528582984582,-1,-1,0.0,41,41,-1.798409592161794,,-1.798409592161794,0.0009992913286352146,AUTO_KEEP
beta,beta_H,2024-08-22,sure,0,-1,-1,0,0.0,0.0,0.0,True,1176,0.2640336090176536,-1,-1,0.0,47,47,-0.7540040399984301,,-0.7540040399984301,0.002687031033313256,AUTO_KEEP
beta,beta_H,2024-08-23,sure,0,-1,-1,0,0.0,0.0,0.0,True,1176,0.19089061891613923,-1,-1,0.0,45,45,-0.8811886458975497,,-0.8811886458975497,0.0023171324376105966,AUTO_KEEP
beta,beta_H,2024-08-24,sure,0,-1,-1,0,0.0,15.5993965,0.0,True,1176,0.31073637042062696,45,53,1.7421180695517913,44,44,-1.0629812775642997,1.7421180695517913,1.7421180695517913,0.07009184752147692,AUTO_KEEP
beta,beta_H,2024-08-25,sure,0,-1,-1,0,0.0,0.0,0.0,True,1176,0.2631090969473906,-1,-1,0.0,42,42,-2.1623207988333712,,-2.1623207988333712,0.0007712163435573183,AUTO_KEEP
beta,beta_H,2024-08-26,unsure,0,-1,-1,0,0.0,2.599083,0.0,True,1176,0.3942739188709812,46,55,1.7085815225436376,43,43,-1.2753264818795635,1.7085815225436376,1.7085815225436376,0.0684096211651936,AUTO_KEEP
beta,beta_H,2024-08-27,sure,0,-1,-1,0,0.0,0.0,0.0,True,1176,0.32589981395558176,-1,-1,0.0,41,41,-1.6331967899338382,,-1.6331967899338382,0.001136806866939565,AUTO_KEEP
beta,beta_H,2024-08-28,unsure,0,-1,-1,0,0.0,3.796017,0.0,True,1176,0.27119880841484445,45,55,3.9128913358631445,43,43,-0.5971100016880425,3.9128913358631445,3.9128913358631445,0.20612517775192446,AUTO_KEEP
beta,beta_H,2024-08-29,unsure,0,-1,-1,0,0.0,3.5862669999999994,0.0,True,1176,0.33397958245887605,45,56,9.239780366123469,41,41,-0.7122870956465637,9.239780366123469,9.239780366123469,0.5521287225761465,UNCERTAIN
beta,beta_H,2024-08-30,sure,0,-1,-1,0,0.0,0.0,0.0,True,1176,0.34089378599311804,-1,-1,0.0,41,41,-1.656994455351812,,-1.656994455351812,0.0011153430766847982,AUTO_KEEP
beta,beta_H,2024-08-31,sure,0,-1,-1,0,0.0,0.0,0.0,True,1176,0.3334455183918461,-1,-1,0.0,41,41,-1.6280765135608546,,-1.6280765135608546,0.0011415043558396358,AUTO_KEEP
beta,beta_H,2024-09-01,sure,0,-1,-1,0,0.0,0.0,0.0,True,1176,0.3161515068279215,-1,-1,0.0,41,41,-2.1510005867516875,,-2.1510005867516875,0.0007771002278233882,AUTO_KEEP
beta,beta_H,2024-09-02,unsure,1,44,55,12,3.977933,6.2680925,3.977933,True,1176,0.3003228710045489,41,57,9.296395058112374,40,40,-1.4586169238610398,9.296395058112374,9.296395058112374,0.5550188052666822,UNCERTAIN
beta,beta_H,2024-09-03,unsure,1,45,56,12,3.185236,4.2417985,3.185236,True,1176,0.3623562158633913,42,56,9.946482809478375,41,41,-3.0816122774908914,9.946482809478375,9.946482809478375,0.5868184337040399,UNCERTAIN
beta,beta_H,2024-09-04,unsure,1,45,56,12,4.934668499999999,5.999025499999999,4.934668499999999,True,1176,0.3279302575282692,43,57,4.38265791624686,28,28,-3.15623361293431,4.38265791624686,4.38265791624686,0.23962237474013354,AUTO_KEEP
beta,beta_H,2024-09-05,sure,0,-1,-1,0,0.0,2.418779,0.0,True,1176,0.28023120733905493,43,49,5.363211834686659,53,53,-0.6191283792763991,5.363211834686659,5.363211834686659,0.3100692738815508,UNCERTAIN
beta,beta_H,2024-09-06,sure,0,-1,-1,0,0.0,0.0,0.0,True,1176,0.3190799518125269,-1,-1,0.0,41,41,-1.1817315472285126,,-1.1817315472285126,0.0016931454055249587,AUTO_KEEP
beta,beta_H,2024-09-07,sure,0,-1,-1,0,0.0,0.0,0.0,True,1176,0.225541354694748,-1,-1,0.0,43,43,-1.0738658454104304,,-1.0738658454104304,0.0018850250030887732,AUTO_KEEP
beta,beta_H,2024-09-08,sure,0,-1,-1,0,0.0,0.0,0.0,True,1176,0.37719112877623484,-1,-1,0.0,64,64,-2.515764681285804,,-2.515764681285804,0.0006160941573144937,AUTO_KEEP
beta,beta_H,2024-09-09,sure,0,-1,-1,0,0.0,2.7870955,0.0,True,1176,0.2557730869689463,48,57,5.0272638645766,47,47,-0.7501718103728051,5.0272638645766,5.0272638645766,0.28601043801444287,AUTO_KEEP
beta,beta_H,2024-09-10,sure,0,-1,-1,0,0.0,0.0,0.0,True,1176,0.2974100543723406,-1,-1,0.0,53,53,-0.8308037186737833,,-0.8308037186737833,0.0024541397210746775,AUTO_KEEP
beta,beta_H,2024-09-11,unsure,0,-1,-1,0,0.0,6.681845000000001,0.0,True,1176,0.3741016895776994,41,54,5.77746037914488,56,56,-0.23235586280618653,5.77746037914488,5.77746037914488,0.3393876719304595,UNCERTAIN
beta,beta_H,2024-09-12,sure,0,-1,-1,0,0.0,0.0,0.0,True,1176,0.3534185019470746,-1,-1,0.0,49,49,-1.1121865567560816,,-1.1121865567560816,0.0018133545638882457,AUTO_KEEP
beta,beta_H,2024-09-13,unsure,0,-1,-1,0,0.0,0.0,0.0,True,1176,0.3993071380634534,-1,-1,0.0,43,43,-0.9382721821143815,,-0.9382721821143815,0.002175087180055469,AUTO_KEEP
beta,beta_H,2024-09-14,sure,0,-1,-1,0,0.0,0.0,0.0,True,1176,0.4069755696722961,-1,-1,0.0,56,56,-1.4061729502033937,,-1.4061729502033937,0.001376050895068591,AUTO_KEEP
beta,beta_H,2024-09-15,sure,0,-1,-1,0,0.0,0.0,0.0,True,1176,0.3266418866279963,-1,-1,0.0,48,48,-1.4326159186291785,,-1.4326159186291785,0.0013445604013601778,AUTO_KEEP
beta,beta_H,2024-09-16,sure,0,-1,-1,0,0.0,0.0,0.0,True,1176,0.36597622660581663,-1,-1,0.0,49,49,-1.8196898021919232,,-1.8196898021919232,0.0009833786024870137,AUTO_KEEP
beta,beta_H,2024-09-17,unsure,1,41,58,18,10.233906,10.6936225,10.233906,True,1176,0.31869379857342395,40,58,17.970783831547802,38,38,-2.6949602823915004,17.970783831547802,17.970783831547802,0.8201171304931594,AUTO_CORRECT
beta,beta_H,2024-09-18,unsure,1,42,57,16,9.099976999999999,10.1805995,9.099976999999999,True,1176,0.2639198157663065,40,58,24.603031279853806,37,37,-2.5488997338009116,24.603031279853806,24.603031279853806,0.895953160625177,AUTO_CORRECT
beta,beta_H,2024-09-19,unsure,1,43,55,13,5.726352,9.056051,5.726352,True,1176,0.3582363750909181,40,58,17.269671670025666,59,59,-1.5031885232356352,17.269671670025666,17.269671670025666,0.8080312834754666,AUTO_CORRECT
beta,beta_H,2024-09-20,sure,1,43,56,14,5.444896,7.028288999999999,5.444896,True,1176,0.34647087660525155,40,57,18.07236082106247,59,59,-2.7315775064630565,18.07236082106247,18.07236082106247,0.8217820178753154,AUTO_CORRECT
beta,beta_H,2024-09-21,unsure,0,-1,-1,0,0.0,0.0,0.0,True,1176,0.2834299488083083,-1,-1,0.0,41,41,-1.4987715464471987,,-1.4987715464471987,0.0012702707831907544,AUTO_KEEP
beta,beta_H,2024-09-22,sure,0,-1,-1,0,0.0,0.0,0.0,True,1176,0.29217887349767313,-1,-1,0.0,55,55,-0.6311893720461224,,-0.6311893720461224,0.0031328985471828635,AUTO_KEEP
beta,beta_H,2024-09-23,unsure,0,-1,-1,0,0.0,7.364596,0.0,True,1176,0.29340937946264845,41,56,2.9849936015056366,40,40,-1.9976104037031293,2.9849936015056366,2.9849936015056366,0.14277509704056648,AUTO_KEEP
beta,beta_H,2024-09-24,sure,0,-1,-1,0,0.0,0.0,0.0,True,1176,0.25714392524603813,-1,-1,0.0,44,44,-1.1616564487582948,,-1.1616564487582948,0.001726612351790537,AUTO_KEEP
beta,beta_H,2024-09-25,sure,0,-1,-1,0,0.0,0.0,0.0,True,1176,0.29614570983699373,-1,-1,0.0,46,46,-1.847369012037175,,-1.847369012037175,0.0009632327368230087,AUTO_KEEP
beta,beta_H,2024-09-26,sure,0,-1,-1,0,0.0,0.0,0.0,True,1176,0.31178073488981095,-1,-1,0.0,56,56,-3.2053074113727997,,-3.2053074113727997,0.00042146618148509156,AUTO_KEEP
beta,beta_H,2024-09-27,sure,0,-1,-1,0,0.0,0.0,0.0,True,1176,0.3559508735335166,-1,-1,0.0,56,56,-1.1303725361211991,,-1.1303725361211991,0.0017807368750451858,AUTO_KEEP
beta,beta_H,2024-09-28,sure,0,-1,-1,0,0.0,2.8883095,0.0,True,1176,0.38441115155010763,45,47,0.06588694643459722,52,52,-0.8511019683963609,0.06588694643459722,0.06588694643459722,0.010055940857134335,AUTO_KEEP
beta,beta_H,2024-09-29,sure,0,-1,-1,0,0.0,0.0,0.0,True,1176,0.3752666356351444,-1,-1,0.0,42,42,-1.6018480033146174,,-1.6018480033146174,0.0011660207305788115,AUTO_KEEP
beta,beta_H,2024-09-30,sure,0,-1,-1,0,0.0,0.0,0.0,True,1176,0.3032244740241019,-1,-1,0.0,44,44,-0.9881835291554315,,-0.9881835291554315,0.002061135430643677,AUTO_KEEP
