cohort,station,date,confidence,rpf,true_start,true_end,true_slots,required_mwh,proposed_mwh,correct_mwh,input_ok,sigma,best_start,best_end,best_score,runner_start,runner_end,runner_score,margin_window,r_best,p,outcome
beta,beta_A,2023-10-01,sure,0,-1,-1,0,0.0,0.0,0.0,True,0.4309202391714946,-1,-1,0.0,45,45,-36.79247996220613,,-36.79247996220613,0.001745335579011603,AUTO_KEEP
beta,beta_A,2023-10-02,sure,0,-1,-1,0,0.0,3.3557739999999994,0.0,True,0.4267823051814066,46,57,10.12485889815015,58,58,-8.395574574471281,10.12485889815015,10.12485889815015,0.13882062824353034,AUTO_KEEP
beta,beta_A,2023-10-03,sure,0,-1,-1,0,0.0,0.0,0.0,True,0.3214307120467037,-1,-1,0.0,45,45,-274.8134159761563,,-274.8134159761563,0.00039451443167035354,AUTO_KEEP
beta,beta_A,2023-10-04,sure,0,-1,-1,0,0.0,0.0,0.0,True,0.28492190210647905,-1,-1,0.0,46,47,-150.0701317955758,,-150.0701317955758,0.000619068603565868,AUTO_KEEP
beta,beta_A,2023-10-05,sure,1,41,62,22,38.4781155,38.4781155,38.4781155,True,0.40534372826236265,41,62,285.25793747801544,40,40,-8.247049795084111,285.25793747801544,285.25793747801544,0.6472299368787293,UNCERTAIN
beta,beta_A,2023-10-06,sure,0,-1,-1,0,0.0,0.022760499999999996,0.0,True,0.3812498606410255,43,57,0.0434496441707222,59,59,-0.3395728725968487,0.0434496441707222,0.0434496441707222,0.026665569983044684,AUTO_KEEP
beta,beta_A,2023-10-07,sure,1,45,62,18,38.603265,39.173149499999994,38.603265,True,0.4053956893028836,44,62,427.5588119430068,63,63,-5.0907315857078625,427.5588119430068,427.5588119430068,0.7128091524890324,AUTO_CORRECT
beta,beta_A,2023-10-08,sure,1,45,61,17,36.1102095,36.231432,36.1095275,True,0.47302763261025405,46,62,249.86155362642265,42,43,1.538364869337681,248.32318875708498,249.86155362642265,0.6243479816036874,UNCERTAIN
beta,beta_A,2023-10-09,sure,0,-1,-1,0,0.0,0.0,0.0,False,,-1,-1,,-1,-1,,,,,UNCERTAIN
beta,beta_A,2023-10-10,sure,0,-1,-1,0,0.0,1.215816,0.0,True,0.38995718925919576,44,58,0.9141836734702696,43,43,-15.966238440073505,0.9141836734702696,0.9141836734702696,0.04136834012251391,AUTO_KEEP
beta,beta_A,2023-10-11,unsure,0,-1,-1,0,0.0,6.568228,0.0,True,0.44794793914253894,44,60,11.459419329340149,61,61,-1.659022869259613,11.459419329340149,11.459419329340149,0.14927726128529592,AUTO_KEEP
beta,beta_A,2023-10-12,sure,0,-1,-1,0,0.0,0.3843945,0.0,True,0.2949266470433116,48,52,1.7676873386790377,45,45,0.2415818118060592,1.5261055268729784,1.7676873386790377,0.0538153310994866,AUTO_KEEP
beta,beta_A,2023-10-13,sure,0,-1,-1,0,0.0,0.0,0.0,False,,-1,-1,,-1,-1,,,,,UNCERTAIN
beta,beta_A,2023-10-14,sure,1,43,57,15,18.438575500000006,0.0,0.0,False,,-1,-1,,-1,-1,,,,,UNCERTAIN
beta,beta_A,2023-10-15,sure,1,43,59,17,25.982577,27.4316085,25.982577,True,0.2489296603571436,40,61,416.57713393270535,39,39,-84.731443497101,416.57713393270535,416.57713393270535,0.7088133823568882,AUTO_CORRECT
beta,beta_A,2023-10-16,unsure,0,-1,-1,0,0.0,1.636384,0.0,True,0.40421323816392096,41,41,81.39740308392861,44,44,55.559731700043415,25.837671383885194,81.39740308392861,0.4192943867902245,UNCERTAIN
beta,beta_A,2023-10-17,unsure,1,48,58,11,5.229094,1.094432,1.094432,True,0.47116715527884523,52,52,52.44823764234972,45,50,26.814753802110264,25.633483840239453,52.44823764234972,0.34303520708536966,UNCERTAIN
beta,beta_A,2023-10-18,sure,1,47,63,17,31.803866499999998,31.76145649999999,31.655807499999998,True,0.40254537531578194,41,62,225.38456021670714,40,40,-7.7652621437611575,225.38456021670714,225.38456021670714,0.606151712927684,UNCERTAIN
beta,beta_A,2023-10-19,unsure,0,-1,-1,0,0.0,0.3101115,0.0,True,0.339540436119659,56,60,4.26984017062587,62,63,-0.09890626560551542,4.26984017062587,4.26984017062587,0.08435168675775322,AUTO_KEEP
beta,beta_A,2023-10-20,sure,0,-1,-1,0,0.0,0.0,0.0,False,,-1,-1,,-1,-1,,,,,UNCERTAIN
beta,beta_A,2023-10-21,sure,0,-1,-1,0,0.0,0.5533465,0.0,True,0.22219646328144194,43,57,2.787460372482539,42,42,-31.864225910881395,2.787460372482539,2.787460372482539,0.06710828958785138,AUTO_KEEP
beta,beta_A,2023-10-22,sure,0,-1,-1,0,0.0,2.9339899999999997,0.0,True,0.18295927753663044,41,57,7.020464910480568,58,58,-85.7281717612645,7.020464910480568,7.020464910480568,0.11203421856284745,AUTO_KEEP
beta,beta_A,2023-10-23,sure,0,-1,-1,0,0.0,0.0,0.0,False,,-1,-1,,-1,-1,,,,,UNCERTAIN
beta,beta_A,2023-10-24,sure,0,-1,-1,0,0.0,0.0,0.0,False,,-1,-1,,-1,-1,,,,,UNCERTAIN
beta,beta_A,2023-10-25,sure,0,-1,-1,0,0.0,0.0,0.0,False,,-1,-1,,-1,-1,,,,,UNCERTAIN
beta,beta_A,2023-10-26,sure,0,-1,-1,0,0.0,0.0,0.0,True,0.2949590836566216,-1,-1,0.0,24,24,-6738.972475346217,,-6738.972475346217,3.604136748673427e-05,AUTO_KEEP
beta,beta_A,2023-10-27,sure,0,-1,-1,0,0.0,3.535121,0.0,True,0.4678950000000004,57,57,70.05751275275604,62,63,18.931751893838936,51.125760858917104,70.05751275275604,0.39256413351439223,UNCERTAIN
beta,beta_A,2023-10-28,sure,0,-1,-1,0,0.0,0.1923145,0.0,True,0.39369179233599816,56,57,6.03294980312135,51,51,0.17639988944385254,5.856549913677497,6.03294980312135,0.10261336234859603,AUTO_KEEP
beta,beta_A,2023-10-29,sure,1,41,57,17,33.4171485,37.5011125,33.4171485,True,0.32931868567626843,37,64,435.06076973374263,36,36,-245.92648729313925,435.06076973374263,435.06076973374263,0.7154620224866566,AUTO_CORRECT
beta,beta_A,2023-10-30,sure,0,-1,-1,0,0.0,0.0825345,0.0,True,0.41775171086662155,43,53,0.08668606602316034,42,42,-1.0983956876644487,0.08668606602316034,0.08668606602316034,0.027466129358891554,AUTO_KEEP
beta,beta_A,2023-10-31,unsure,0,-1,-1,0,0.0,11.814007500000002,0.0,True,0.3572513236624495,43,61,19.453346671759792,62,62,-193.4054692805285,19.453346671759792,19.453346671759792,0.2027644404712832,AUTO_KEEP
beta,beta_A,2023-11-01,sure,0,-1,-1,0,0.0,0.258816,0.0,True,0.3064594809821415,57,57,63.88581143423344,40,40,49.14087827417578,14.744933160057656,63.88581143423344,0.37646344559700534,UNCERTAIN
beta,beta_A,2023-11-02,sure,0,-1,-1,0,0.0,0.6445825000000001,0.0,True,0.37831568592032916,41,44,4.07543762391261,53,53,3.750987858029674,0.3244497658829366,4.07543762391261,0.08220301146695744,AUTO_KEEP
beta,beta_A,2023-11-03,sure,0,-1,-1,0,0.0,0.223711,0.0,True,0.39151186135531013,58,58,10.248114003323654,50,55,2.5131362686674357,7.734977734656217,10.248114003323654,0.13980996477166183,AUTO_KEEP
beta,beta_A,2023-11-04,sure,0,-1,-1,0,0.0,0.248779,0.0,True,0.31380054737928553,62,62,33.82353765491257,63,63,-67.40253640008332,33.82353765491257,33.82353765491257,0.2747581224673078,AUTO_KEEP
beta,beta_A,2023-11-05,sure,0,-1,-1,0,0.0,0.0,0.0,True,0.301786752142025,-1,-1,0.0,61,61,-1286.4569859012406,,-1286.4569859012406,0.00012448601688344076,AUTO_KEEP
beta,beta_A,2023-11-06,sure,0,-1,-1,0,0.0,0.3156785,0.0,True,0.36382516261280706,41,41,4.914934558205087,43,43,-2.716559781549859,4.914934558205087,4.914934558205087,0.09127533221169316,AUTO_KEEP
beta,beta_A,2023-11-07,sure,0,-1,-1,0,0.0,0.0,0.0,False,,-1,-1,,-1,-1,,,,,UNCERTAIN
beta,beta_A,2023-11-08,sure,0,-1,-1,0,0.0,2.755549,0.0,True,0.2860070044020162,55,55,229.91585651291152,51,51,212.2490304285201,17.66682608439143,229.91585651291152,0.609689004886601,UNCERTAIN
beta,beta_A,2023-11-09,sure,0,-1,-1,0,0.0,2.1159895,0.0,True,0.3092562892032955,48,58,25.79315579568482,59,59,-532.2114827142553,25.79315579568482,25.79315579568482,0.2374122679006642,AUTO_KEEP
beta,beta_A,2023-11-10,sure,0,-1,-1,0,0.0,0.0,0.0,False,,-1,-1,,-1,-1,,,,,UNCERTAIN
beta,beta_A,2023-11-11,sure,0,-1,-1,0,0.0,3.5780030000000003,0.0,True,0.2916234170317171,42,54,2.3811810705223664,41,41,-52.86282205907559,2.3811810705223664,2.3811810705223664,0.061980406637104385,AUTO_KEEP
beta,beta_A,2023-11-12,unsure,0,-1,-1,0,0.0,6.9036395,0.0,True,0.22563661870504603,41,56,51.71534855891647,57,57,-158.8014621887171,51.71534855891647,51.71534855891647,0.34070894104833294,UNCERTAIN
beta,beta_A,2023-11-13,sure,0,-1,-1,0,0.0,0.0,0.0,True,0.4040315589627017,-1,-1,0.0,60,60,-9.32184041063542,,-9.32184041063542,0.0045995561393722545,AUTO_KEEP
beta,beta_A,2023-11-14,sure,0,-1,-1,0,0.0,0.0,0.0,False,,-1,-1,,-1,-1,,,,,UNCERTAIN
beta,beta_A,2023-11-15,sure,0,-1,-1,0,0.0,0.0,0.0,True,0.37565309046583906,-1,-1,0.0,46,46,-0.9796402653849019,,-0.9796402653849019,0.015664094218339857,AUTO_KEEP
beta,beta_A,2023-11-16,sure,0,-1,-1,0,0.0,0.3700535,0.0,True,0.3220612263988425,47,55,0.9117388684953692,56,56,-6.977487724333411,0.9117388684953692,0.9117388684953692,0.04133040386572358,AUTO_KEEP
beta,beta_A,2023-11-17,sure,1,49,64,16,26.758999,18.841344,18.841344,True,0.40020636888721306,55,63,388.5072913885737,50,50,19.794368744728153,368.71292264384556,388.5072913885737,0.6979423997874918,UNCERTAIN
beta,beta_A,2023-11-18,sure,0,-1,-1,0,0.0,0.0,0.0,False,,-1,-1,,-1,-1,,,,,UNCERTAIN
beta,beta_A,2023-11-19,sure,1,38,61,24,32.108514,33.25524000000001,32.108514,True,0.24903279461564942,36,61,584.588799243532,62,62,-33.52677979700944,584.588799243532,584.588799243532,0.7582017794726191,AUTO_CORRECT
beta,beta_A,2023-11-20,sure,0,-1,-1,0,0.0,0.0,0.0,True,0.3090934764333486,-1,-1,0.0,53,53,-1570.7335300370821,,-1570.7335300370821,0.000107212204607607,AUTO_KEEP
beta,beta_A,2023-11-21,unsure,0,-1,-1,0,0.0,0.2441305,0.0,True,0.42261456530684427,60,61,2.5976481985692907,55,55,-2.3225432689807,2.5976481985692907,2.5976481985692907,0.06473770291083909,AUTO_KEEP
beta,beta_A,2023-11-22,sure,1,53,55,3,0.026421,0.3705205,0.0,True,0.3214312467410121,49,49,15.436928355924692,46,46,6.177954844240979,9.258973511683713,15.436928355924692,0.177582489516881,AUTO_KEEP
beta,beta_A,2023-11-23,sure,0,-1,-1,0,0.0,0.0,0.0,False,,-1,-1,,-1,-1,,,,,UNCERTAIN
beta,beta_A,2023-11-24,sure,0,-1,-1,0,0.0,0.0,0.0,True,0.3019931454467262,-1,-1,0.0,42,42,-2542.358212373855,,-2542.358212373855,7.477045418518186e-05,AUTO_KEEP
beta,beta_A,2023-11-25,sure,0,-1,-1,0,0.0,0.0,0.0,True,0.2930699984798526,-1,-1,0.0,56,56,-4589.358750563988,,-4589.358750563988,4.805190552949272e-05,AUTO_KEEP
beta,beta_A,2023-11-26,sure,0,-1,-1,0,0.0,0.0,0.0,True,0.23199371714285633,-1,-1,0.0,39,47,-44.231756330812324,,-44.231756330812324,0.0015259370495731707,AUTO_KEEP
beta,beta_A,2023-11-27,sure,0,-1,-1,0,0.0,0.0,0.0,True,0.3215446281135552,-1,-1,0.0,47,48,-1.3081624836626773,,-1.3081624836626773,0.013986603683227877,AUTO_KEEP
beta,beta_A,2023-11-28,sure,0,-1,-1,0,0.0,0.0,0.0,True,0.3380141249506412,-1,-1,0.0,57,57,-4866.729090815303,,-4866.729090815303,4.598660232012661e-05,AUTO_KEEP
beta,beta_A,2023-11-29,sure,0,-1,-1,0,0.0,2.557691,0.0,True,0.35357279357965865,46,47,152.58971330227774,49,52,5.720713656653839,146.86899964562392,152.58971330227774,0.5351054202107813,UNCERTAIN
beta,beta_A,2023-11-30,sure,0,-1,-1,0,0.0,0.0,0.0,True,0.34488976842694363,-1,-1,0.0,49,49,-24.784017669178994,,-24.784017669178994,0.002322606600293238,AUTO_KEEP
beta,beta_A,2023-12-01,sure,0,-1,-1,0,0.0,0.0,0.0,True,0.30303051713878837,-1,-1,0.0,48,51,-1.0212208762714903,,-1.0212208762714903,0.015425890703131412,AUTO_KEEP
beta,beta_A,2023-12-02,sure,0,-1,-1,0,0.0,0.0,0.0,False,,-1,-1,,-1,-1,,,,,UNCERTAIN
beta,beta_A,2023-12-03,sure,0,-1,-1,0,0.0,12.5742235,0.0,True,0.326843610754203,39,60,32.79267453145387,38,38,-120.09649862874345,32.79267453145387,32.79267453145387,0.270297005474762,AUTO_KEEP
beta,beta_A,2023-12-04,sure,0,-1,-1,0,0.0,0.0,0.0,False,,-1,-1,,-1,-1,,,,,UNCERTAIN
beta,beta_A,2023-12-05,sure,0,-1,-1,0,0.0,0.0,0.0,True,0.369867218141259,-1,-1,0.0,43,45,-57.68362987040749,,-57.68362987040749,0.0012559733497033237,AUTO_KEEP
beta,beta_A,2023-12-06,sure,0,-1,-1,0,0.0,0.0,0.0,True,0.28663019822485225,-1,-1,0.0,49,49,-61.66007889618407,,-61.66007889618407,0.0011958706468639922,AUTO_KEEP
beta,beta_A,2023-12-07,sure,0,-1,-1,0,0.0,0.0,0.0,True,0.3881609404780697,-1,-1,0.0,45,45,-165.3039920097667,,-165.3039920097667,0.0005761199711714202,AUTO_KEEP
beta,beta_A,2023-12-08,sure,0,-1,-1,0,0.0,0.0,0.0,True,0.31739999999999924,-1,-1,0.0,45,45,-2025.4504231129972,,-2025.4504231129972,8.863655608131015e-05,AUTO_KEEP
beta,beta_A,2023-12-09,sure,0,-1,-1,0,0.0,0.0,0.0,False,,-1,-1,,-1,-1,,,,,UNCERTAIN
beta,beta_A,2023-12-10,sure,0,-1,-1,0,0.0,0.0,0.0,True,0.3714701610805875,-1,-1,0.0,56,56,-377.33192990450664,,-377.33192990450664,0.00031139774906625205,AUTO_KEEP
beta,beta_A,2023-12-11,sure,0,-1,-1,0,0.0,0.0,0.0,True,0.3272509999999986,-1,-1,0.0,43,49,-544.6844047034315,,-544.6844047034315,0.00023671814260224356,AUTO_KEEP
beta,beta_A,2023-12-12,sure,0,-1,-1,0,0.0,0.0,0.0,True,0.33425186757193437,-1,-1,0.0,47,49,-1177.652815218123,,-1177.652815218123,0.00013299410459256144,AUTO_KEEP
beta,beta_A,2023-12-13,sure,0,-1,-1,0,0.0,0.0,0.0,True,0.21588365023950473,-1,-1,0.0,52,53,-1801.0481225255753,,-1801.0481225255753,9.677813393751619e-05,AUTO_KEEP
beta,beta_A,2023-12-14,sure,0,-1,-1,0,0.0,0.0,0.0,True,0.36063200000000073,-1,-1,0.0,38,38,-3827.876059862723,,-3827.876059862723,5.50424085421607e-05,AUTO_KEEP
beta,beta_A,2023-12-15,sure,0,-1,-1,0,0.0,0.0,0.0,True,0.3161586868498176,-1,-1,0.0,49,49,-859.2333359830736,,-859.2333359830736,0.0001683585387770324,AUTO_KEEP
beta,beta_A,2023-12-16,sure,0,-1,-1,0,0.0,0.0,0.0,True,0.21637454832910663,-1,-1,0.0,37,39,-7136.484260252277,,-7136.484260252277,3.45275361521956e-05,AUTO_KEEP
beta,beta_A,2023-12-17,sure,0,-1,-1,0,0.0,0.0,0.0,True,0.27594599999999936,-1,-1,0.0,50,51,-214.8981937777707,,-214.8981937777707,0.0004738920844879913,AUTO_KEEP
beta,beta_A,2023-12-18,sure,0,-1,-1,0,0.0,0.0,0.0,True,0.2881126960123961,-1,-1,0.0,55,56,-1674.968010628229,,-1674.968010628229,0.00010217949403920107,AUTO_KEEP
beta,beta_A,2023-12-19,sure,0,-1,-1,0,0.0,0.0,0.0,True,0.3902292719970397,-1,-1,0.0,24,24,-4947.552855659205,,-4947.552855659205,4.5423022331025296e-05,AUTO_KEEP
beta,beta_A,2023-12-20,sure,0,-1,-1,0,0.0,0.0,0.0,True,0.3823950000000007,-1,-1,0.0,24,24,-4966.089716740409,,-4966.089716740409,4.529602883536767e-05,AUTO_KEEP
beta,beta_A,2023-12-21,sure,0,-1,-1,0,0.0,0.0,0.0,True,0.35750999999999955,-1,-1,0.0,36,36,-790.8431715739331,,-790.8431715739331,0.00017913128273076885,AUTO_KEEP
beta,beta_A,2023-12-22,sure,0,-1,-1,0,0.0,7.8520985,0.0,True,0.28064600000000084,41,59,27.61112678341032,61,62,-12.026544479355724,27.61112678341032,27.61112678341032,0.24642722851394344,AUTO_KEEP
beta,beta_A,2023-12-23,sure,0,-1,-1,0,0.0,12.6496155,0.0,True,0.3183273326373861,45,62,19.43518145929006,44,44,-176.01472756862532,19.43518145929006,19.43518145929006,0.2026569057507242,AUTO_KEEP
beta,beta_A,2023-12-24,sure,0,-1,-1,0,0.0,0.0,0.0,True,0.23478113800684852,-1,-1,0.0,61,61,-930.1863632589298,,-930.1863632589298,0.00015865879362744466,AUTO_KEEP
beta,beta_A,2023-12-25,unsure,0,-1,-1,0,0.0,7.227845500000001,0.0,True,0.3989562845874417,41,52,51.1458615943718,60,60,-4.974393338222611,51.1458615943718,51.1458615943718,0.33888426271218774,UNCERTAIN
beta,beta_A,2023-12-26,sure,0,-1,-1,0,0.0,0.0,0.0,True,0.1492042640452702,-1,-1,0.0,47,47,-3269.29426295445,,-3269.29426295445,6.194098719952401e-05,AUTO_KEEP
beta,beta_A,2023-12-27,sure,0,-1,-1,0,0.0,0.0,0.0,True,0.39650434652166133,-1,-1,0.0,43,46,-52.64500758929761,,-52.64500758929761,0.0013431913496571312,AUTO_KEEP
beta,beta_A,2023-12-28,sure,0,-1,-1,0,0.0,0.0,0.0,True,0.33423517121653923,-1,-1,0.0,45,45,-223.7256478891441,,-223.7256478891441,0.0004598890407222794,AUTO_KEEP
beta,beta_A,2023-12-29,sure,0,-1,-1,0,0.0,0.0,0.0,True,0.31976785911823136,-1,-1,0.0,48,49,-1090.4596439624713,,-1090.4596439624713,0.0001408717147199208,AUTO_KEEP
beta,beta_A,2023-12-30,sure,0,-1,-1,0,0.0,19.116032,0.0,True,0.15800499252324585,45,61,176.50902724059398,40,40,-1409.6920928181733,176.50902724059398,176.50902724059398,0.561939508032896,UNCERTAIN
beta,beta_A,2023-12-31,sure,0,-1,-1,0,0.0,0.0,0.0,True,0.3053232635932108,-1,-1,0.0,61,61,-4409.498185749013,,-4409.498185749013,4.951183499187089e-05,AUTO_KEEP
beta,beta_A,2024-01-01,sure,0,-1,-1,0,0.0,0.0,0.0,True,0.2406708510327462,-1,-1,0.0,62,62,-4660.848600994677,,-4660.848600994677,4.749905939071696e-05,AUTO_KEEP
beta,beta_A,2024-01-02,sure,0,-1,-1,0,0.0,0.0,0.0,True,0.3014977534652008,-1,-1,0.0,49,49,-169.1902077959498,,-169.1902077959498,0.0005662457695380104,AUTO_KEEP
beta,beta_A,2024-01-03,sure,0,-1,-1,0,0.0,0.0,0.0,True,0.2819300000000009,-1,-1,0.0,45,47,-458.42945619133945,,-458.42945619133945,0.00026926041622811947,AUTO_KEEP
beta,beta_A,2024-01-04,sure,0,-1,-1,0,0.0,0.0,0.0,True,0.26241333354630214,-1,-1,0.0,43,51,-1395.942948066501,,-1395.942948066501,0.00011710637952516089,AUTO_KEEP
beta,beta_A,2024-01-05,sure,0,-1,-1,0,0.0,1.7237080000000002,0.0,True,0.386412,49,51,26.537537363169893,47,47,-69.21152112324415,26.537537363169893,26.537537363169893,0.24114751072667673,AUTO_KEEP
beta,beta_A,2024-01-06,sure,0,-1,-1,0,0.0,16.62706,0.0,True,0.2800322842392191,40,61,10.938166939034168,62,62,-262.20262196357015,10.938166939034168,10.938166939034168,0.1452585937232532,AUTO_KEEP
beta,beta_A,2024-01-07,sure,0,-1,-1,0,0.0,0.0,0.0,True,0.3245463941659601,-1,-1,0.0,46,46,-76.24470612010857,,-76.24470612010857,0.0010226026542782423,AUTO_KEEP
beta,beta_A,2024-01-08,sure,0,-1,-1,0,0.0,0.0,0.0,True,0.27440894347252787,-1,-1,0.0,35,35,-3983.2721601647067,,-3983.2721601647067,5.3426898544384385e-05,AUTO_KEEP
beta,beta_A,2024-01-09,sure,0,-1,-1,0,0.0,0.0,0.0,True,0.3427816816967031,-1,-1,0.0,47,54,-82.53503067459405,,-82.53503067459405,0.00096443246713627,AUTO_KEEP
beta,beta_A,2024-01-10,sure,0,-1,-1,0,0.0,0.0,0.0,True,0.361534501907693,-1,-1,0.0,56,57,-872.7803388613163,,-872.7803388613163,0.00016640041017784577,AUTO_KEEP
beta,beta_A,2024-01-11,sure,0,-1,-1,0,0.0,0.0,0.0,True,0.26549580712688936,-1,-1,0.0,46,48,-3609.355952467656,,-3609.355952467656,5.751851038946614e-05,AUTO_KEEP
beta,beta_A,2024-01-12,sure,0,-1,-1,0,0.0,0.0,0.0,False,,-1,-1,,-1,-1,,,,,UNCERTAIN
beta,beta_A,2024-01-13,sure,0,-1,-1,0,0.0,0.0,0.0,True,0.23892420214896326,-1,-1,0.0,44,44,-2887.006807296827,,-2887.006807296827,6.798360002375426e-05,AUTO_KEEP
beta,beta_A,2024-01-14,sure,0,-1,-1,0,0.0,0.0,0.0,True,0.24681048879496537,-1,-1,0.0,63,63,-3290.552387219637,,-3290.552387219637,6.164119820116201e-05,AUTO_KEEP
beta,beta_A,2024-01-15,sure,0,-1,-1,0,0.0,0.0,0.0,True,0.3269360777615109,-1,-1,0.0,45,45,-1044.4724438308463,,-1044.4724438308463,0.00014548605509230594,AUTO_KEEP
beta,beta_A,2024-01-16,sure,0,-1,-1,0,0.0,0.0,0.0,True,0.29465182110735455,-1,-1,0.0,48,48,-4541.583164777392,,-4541.583164777392,4.842983291125238e-05,AUTO_KEEP
beta,beta_A,2024-01-17,sure,0,-1,-1,0,0.0,0.0,0.0,True,0.33657215174652144,-1,-1,0.0,43,43,-1112.5326163440632,,-1112.5326163440632,0.00013877568561952258,AUTO_KEEP
beta,beta_A,2024-01-18,sure,0,-1,-1,0,0.0,0.0,0.0,True,0.31895425971635305,-1,-1,0.0,40,42,-3254.609321858517,,-3254.609321858517,6.215007686308546e-05,AUTO_KEEP
beta,beta_A,2024-01-19,sure,0,-1,-1,0,0.0,3.5779765,0.0,True,0.22574391902914748,46,54,23.937166094056316,55,55,-114.40402401511167,23.937166094056316,23.937166094056316,0.2278174613644245,AUTO_KEEP
beta,beta_A,2024-01-20,sure,0,-1,-1,0,0.0,0.0,0.0,True,0.36510705629675044,-1,-1,0.0,60,60,-1003.0904365962842,,-1003.0904365962842,0.0001499525459493644,AUTO_KEEP
beta,beta_A,2024-01-21,sure,0,-1,-1,0,0.0,0.0,0.0,True,0.33287030843978016,-1,-1,0.0,38,38,-2517.8378274169495,,-2517.8378274169495,7.531480941733118e-05,AUTO_KEEP
beta,beta_A,2024-01-22,unsure,0,-1,-1,0,0.0,0.0,0.0,True,0.3452435204760995,-1,-1,0.0,50,50,-169.08852463833458,,-169.08852463833458,0.0005664990999967234,AUTO_KEEP
beta,beta_A,2024-01-23,unsure,0,-1,-1,0,0.0,1.39194,0.0,True,0.21435395254297163,59,59,81.8679548517675,54,54,-356.97839360400985,81.8679548517675,81.8679548517675,0.4203330333253217,UNCERTAIN
beta,beta_A,2024-01-24,sure,0,-1,-1,0,0.0,0.0,0.0,True,0.2814449999999997,-1,-1,0.0,45,45,-471.36442431466264,,-471.36442431466264,0.00026372128760650466,AUTO_KEEP
beta,beta_A,2024-01-25,sure,0,-1,-1,0,0.0,0.0,0.0,True,0.31402218489116684,-1,-1,0.0,24,24,-9406.52726008194,,-9406.52726008194,2.807761163774947e-05,AUTO_KEEP
beta,beta_A,2024-01-26,sure,0,-1,-1,0,0.0,0.0,0.0,True,0.2942530000000012,-1,-1,0.0,30,30,-9976.099758780012,,-9976.099758780012,2.6868521150921833e-05,AUTO_KEEP
beta,beta_A,2024-01-27,sure,0,-1,-1,0,0.0,0.0,0.0,True,0.21453541939820653,-1,-1,0.0,69,69,-12993.949912112615,,-12993.949912112615,2.2044570848578308e-05,AUTO_KEEP
beta,beta_A,2024-01-28,unsure,0,-1,-1,0,0.0,0.0,0.0,True,0.24463772647364657,-1,-1,0.0,52,52,-191.46784163731573,,-191.46784163731573,0.0005164414044989614,AUTO_KEEP
beta,beta_A,2024-01-29,sure,0,-1,-1,0,0.0,0.0,0.0,True,0.30346101560891725,-1,-1,0.0,49,49,-2413.8398016688293,,-2413.8398016688293,7.7730585899826e-05,AUTO_KEEP
beta,beta_A,2024-01-30,sure,0,-1,-1,0,0.0,0.0,0.0,True,0.4329664708090242,-1,-1,0.0,49,50,-2175.0120469294693,,-2175.0120469294693,8.403435353715394e-05,AUTO_KEEP
beta,beta_A,2024-01-31,sure,0,-1,-1,0,0.0,0.0,0.0,True,0.21056617166372504,-1,-1,0.0,63,63,-6838.6241592516535,,-6838.6241592516535,3.564743294149108e-05,AUTO_KEEP
beta,beta_A,2024-02-01,sure,0,-1,-1,0,0.0,0.0,0.0,True,0.33025973459277225,-1,-1,0.0,60,60,-1115.9226932822332,,-1115.9226932822332,0.00013846019058741054,AUTO_KEEP
beta,beta_A,2024-02-02,sure,0,-1,-1,0,0.0,0.0,0.0,True,0.2315576802507593,-1,-1,0.0,41,53,-4086.93895215664,,-4086.93895215664,5.240911539960281e-05,AUTO_KEEP
beta,beta_A,2024-02-03,sure,0,-1,-1,0,0.0,0.0,0.0,True,0.2790069088622076,-1,-1,0.0,62,62,-1564.4604388780142,,-1564.4604388780142,0.00010753372306445865,AUTO_KEEP
beta,beta_A,2024-02-04,sure,0,-1,-1,0,0.0,0.0,0.0,True,0.3145775485802478,-1,-1,0.0,41,42,-1390.5975635970804,,-1390.5975635970804,0.00011744302497376869,AUTO_KEEP
beta,beta_A,2024-02-05,sure,0,-1,-1,0,0.0,0.0,0.0,True,0.3302048256489396,-1,-1,0.0,24,24,-9466.874408692674,,-9466.874408692674,2.7943493401659275e-05,AUTO_KEEP
beta,beta_A,2024-02-06,sure,0,-1,-1,0,0.0,0.0,0.0,True,0.278315000000001,-1,-1,0.0,49,49,-7478.957592575332,,-7478.957592575332,3.3336830306020066e-05,AUTO_KEEP
beta,beta_A,2024-02-07,sure,0,-1,-1,0,0.0,0.0,0.0,True,0.3562010691126911,-1,-1,0.0,55,55,-2961.8666434108295,,-2961.8666434108295,6.669330334174194e-05,AUTO_KEEP
beta,beta_A,2024-02-08,sure,0,-1,-1,0,0.0,0.0,0.0,True,0.28286554602728486,-1,-1,0.0,44,45,-21.403622162994992,,-21.403622162994992,0.0025796868939075156,AUTO_KEEP
beta,beta_A,2024-02-09,sure,0,-1,-1,0,0.0,0.0,0.0,True,0.37438214960388017,-1,-1,0.0,57,57,-377.44626439537114,,-377.44626439537114,0.00031132731919687463,AUTO_KEEP
beta,beta_A,2024-02-10,unsure,0,-1,-1,0,0.0,2.2255165,0.0,True,0.2354058496189566,58,58,307.0190653370165,49,51,19.655132436620377,287.36393290039615,307.0190653370165,0.6596536661579574,UNCERTAIN
beta,beta_A,2024-02-11,sure,0,-1,-1,0,0.0,0.0,0.0,True,0.32008676426834093,-1,-1,0.0,45,45,-2231.7305735768973,,-2231.7305735768973,8.243075768640073e-05,AUTO_KEEP
beta,beta_A,2024-02-12,sure,0,-1,-1,0,0.0,0.0,0.0,True,0.3413247489037232,-1,-1,0.0,52,52,-179.32357824359548,,-179.32357824359548,0.0005422582301510317,AUTO_KEEP
beta,beta_A,2024-02-13,sure,0,-1,-1,0,0.0,0.0,0.0,True,0.33106217238400504,-1,-1,0.0,44,44,-1939.0937214964752,,-1939.0937214964752,9.15744988233622e-05,AUTO_KEEP
beta,beta_A,2024-02-14,sure,0,-1,-1,0,0.0,0.0,0.0,True,0.2915050000000008,-1,-1,0.0,41,41,-5013.472477158799,,-5013.472477158799,4.497515085615133e-05,AUTO_KEEP
beta,beta_A,2024-02-15,sure,0,-1,-1,0,0.0,0.0,0.0,True,0.36084600000000044,-1,-1,0.0,54,54,-5125.040703562006,,-5125.040703562006,4.4240137335922396e-05,AUTO_KEEP
beta,beta_A,2024-02-16,sure,0,-1,-1,0,0.0,0.0,0.0,True,0.38579200000000036,-1,-1,0.0,51,51,-218.7318143981129,,-218.7318143981129,0.000467690008510455,AUTO_KEEP
beta,beta_A,2024-02-17,sure,0,-1,-1,0,0.0,0.0,0.0,True,0.2170840312678486,-1,-1,0.0,50,50,-4756.770520790622,,-4756.770520790622,4.678015075317492e-05,AUTO_KEEP
beta,beta_A,2024-02-18,sure,0,-1,-1,0,0.0,0.0,0.0,True,0.2911673252935092,-1,-1,0.0,44,44,-898.6911289223867,,-898.6911289223867,0.00016279922863125253,AUTO_KEEP
beta,beta_A,2024-02-19,sure,0,-1,-1,0,0.0,0.0,0.0,True,0.2935202254522409,-1,-1,0.0,24,24,-8723.131341688808,,-8723.131341688808,2.9708882776756867e-05,AUTO_KEEP
beta,beta_A,2024-02-20,sure,0,-1,-1,0,0.0,0.0,0.0,True,0.2867300000000004,-1,-1,0.0,56,56,-1927.7626259799792,,-1927.7626259799792,9.197702590344175e-05,AUTO_KEEP
beta,beta_A,2024-02-21,unsure,0,-1,-1,0,0.0,0.0,0.0,True,0.27639937114128443,-1,-1,0.0,60,60,-96.10645390824199,,-96.10645390824199,0.0008617036631196985,AUTO_KEEP
beta,beta_A,2024-02-22,sure,0,-1,-1,0,0.0,0.0,0.0,True,0.3752658534804425,-1,-1,0.0,47,48,-678.6223513725414,,-678.6223513725414,0.0002008461150739075,AUTO_KEEP
beta,beta_A,2024-02-23,sure,0,-1,-1,0,0.0,0.0,0.0,True,0.3953317569847137,-1,-1,0.0,24,24,-4968.896439141241,,-4968.896439141241,4.527687258442562e-05,AUTO_KEEP
beta,beta_A,2024-02-24,sure,0,-1,-1,0,0.0,0.0,0.0,True,0.22465787467432285,-1,-1,0.0,24,24,-15307.693322167026,,-15307.693322167026,1.9499025330560387e-05,AUTO_KEEP
beta,beta_A,2024-02-25,unsure,0,-1,-1,0,0.0,0.0,0.0,True,0.3328275672162242,-1,-1,0.0,43,43,-84.76183833885281,,-84.76183833885281,0.0009456364419461099,AUTO_KEEP
beta,beta_A,2024-02-26,sure,0,-1,-1,0,0.0,0.0,0.0,True,0.37012366718444767,-1,-1,0.0,48,48,-299.6757899573811,,-299.6757899573811,0.00036983236669664593,AUTO_KEEP
beta,beta_A,2024-02-27,sure,0,-1,-1,0,0.0,0.0,0.0,True,0.38743077497165856,-1,-1,0.0,49,49,-4126.391112505312,,-4126.391112505312,5.203354650487755e-05,AUTO_KEEP
beta,beta_A,2024-02-28,sure,0,-1,-1,0,0.0,0.0,0.0,True,0.26641700000000057,-1,-1,0.0,60,60,-2836.2841795499107,,-2836.2841795499107,6.889161158299157e-05,AUTO_KEEP
beta,beta_A,2024-02-29,sure,0,-1,-1,0,0.0,0.0,0.0,True,0.31327626845181555,-1,-1,0.0,24,24,-8916.501956415912,,-8916.501956415912,2.922515629726482e-05,AUTO_KEEP
beta,beta_A,2024-03-01,sure,0,-1,-1,0,0.0,0.0,0.0,True,0.278816932802199,-1,-1,0.0,53,53,-5591.381197092392,,-5591.381197092392,4.144771867854914e-05,AUTO_KEEP
beta,beta_A,2024-03-02,sure,0,-1,-1,0,0.0,0.0,0.0,True,0.2028294874458929,-1,-1,0.0,42,42,-18921.730229738503,,-18921.730229738503,1.66374577713593e-05,AUTO_KEEP
beta,beta_A,2024-03-03,sure,0,-1,-1,0,0.0,0.0,0.0,True,0.2544115056123655,-1,-1,0.0,39,39,-975.9316789439215,,-975.9316789439215,0.00015306296363791808,AUTO_KEEP
beta,beta_A,2024-03-04,sure,0,-1,-1,0,0.0,0.0,0.0,True,0.21796429461945444,-1,-1,0.0,66,66,-1733.2126231447771,,-1733.2126231447771,9.95989280879886e-05,AUTO_KEEP
beta,beta_A,2024-03-05,unsure,0,-1,-1,0,0.0,0.0,0.0,True,0.30548772379426303,-1,-1,0.0,58,58,-30.8683061990128,,-30.8683061990128,0.001982551136653437,AUTO_KEEP
beta,beta_A,2024-03-06,sure,0,-1,-1,0,0.0,0.0,0.0,True,0.2905387133054429,-1,-1,0.0,47,47,-120.09901035233175,,-120.09901035233175,0.0007304780190669027,AUTO_KEEP
beta,beta_A,2024-03-07,sure,0,-1,-1,0,0.0,0.0,0.0,True,0.32597969469452437,-1,-1,0.0,49,49,-738.711846448544,,-738.711846448544,0.0001885017605524794,AUTO_KEEP
beta,beta_A,2024-03-08,sure,0,-1,-1,0,0.0,0.0,0.0,True,0.27844617768484525,-1,-1,0.0,52,52,-637.9273016986174,,-637.9273016986174,0.00021034891110247633,AUTO_KEEP
beta,beta_A,2024-03-09,sure,0,-1,-1,0,0.0,0.0,0.0,True,0.24054304007371385,-1,-1,0.0,53,53,-647.829222914905,,-647.829222914905,0.0002079408748850497,AUTO_KEEP
beta,beta_A,2024-03-10,sure,0,-1,-1,0,0.0,0.0,0.0,True,0.21519354367473476,-1,-1,0.0,48,48,-1060.4333689286934,,-1060.4333689286934,0.00014384495201229675,AUTO_KEEP
beta,beta_A,2024-03-11,sure,0,-1,-1,0,0.0,0.0,0.0,True,0.3126106767991441,-1,-1,0.0,52,52,-74.11408741830788,,-74.11408741830788,0.0010442245088367536,AUTO_KEEP
beta,beta_A,2024-03-12,sure,0,-1,-1,0,0.0,0.0,0.0,True,0.27319600000000044,-1,-1,0.0,47,48,-542.1743635329461,,-542.1743635329461,0.0002375366176769795,AUTO_KEEP
beta,beta_A,2024-03-13,sure,0,-1,-1,0,0.0,0.0,0.0,True,0.40228047858778915,-1,-1,0.0,50,50,-155.6473179018199,,-155.6473179018199,0.0006024985812922758,AUTO_KEEP
beta,beta_A,2024-03-14,sure,0,-1,-1,0,0.0,0.0,0.0,True,0.2464840000000006,-1,-1,0.0,45,46,-1822.5647733773935,,-1822.5647733773935,9.59218408934885e-05,AUTO_KEEP
beta,beta_A,2024-03-15,unsure,0,-1,-1,0,0.0,3.2734164999999997,0.0,True,0.39346344959513324,47,55,26.319797517886208,46,46,-5.061524145506506,26.319797517886208,26.319797517886208,0.24006135096949088,AUTO_KEEP
beta,beta_A,2024-03-16,sure,0,-1,-1,0,0.0,0.0,0.0,True,0.20146536318047303,-1,-1,0.0,45,45,-899.5096312330085,,-899.5096312330085,0.0001626884260333757,AUTO_KEEP
beta,beta_A,2024-03-17,sure,0,-1,-1,0,0.0,0.0,0.0,True,0.2754730658377671,-1,-1,0.0,48,48,-420.0112637552743,,-420.0112637552743,0.00028745133720361977,AUTO_KEEP
beta,beta_A,2024-03-18,sure,0,-1,-1,0,0.0,0.0,0.0,True,0.30585800000000063,-1,-1,0.0,59,64,-995.5369352543629,,-995.5369352543629,0.0001508027400588797,AUTO_KEEP
beta,beta_A,2024-03-19,sure,0,-1,-1,0,0.0,0.0,0.0,True,0.325939148885249,-1,-1,0.0,54,54,-151.89417521322596,,-151.89417521322596,0.00061353310137358,AUTO_KEEP
beta,beta_A,2024-03-20,sure,0,-1,-1,0,0.0,0.0,0.0,True,0.2668040000000005,-1,-1,0.0,24,24,-9893.158600772178,,-9893.158600772178,2.7037003546520383e-05,AUTO_KEEP
beta,beta_A,2024-03-21,unsure,0,-1,-1,0,0.0,0.9620635,0.0,True,0.35301899999999975,45,46,88.6831279208178,54,63,20.15581334265723,68.52731457816057,88.6831279208178,0.4348174020127003,UNCERTAIN
beta,beta_A,2024-03-22,sure,0,-1,-1,0,0.0,0.0,0.0,True,0.29297168706660237,-1,-1,0.0,58,58,-403.0184437145452,,-403.0184437145452,0.0002964551507485793,AUTO_KEEP
beta,beta_A,2024-03-23,sure,0,-1,-1,0,0.0,1.661983,0.0,True,0.3310410000000008,53,53,0.4687560749388483,56,56,-1.5316766207107537,0.4687560749388483,0.4687560749388483,0.03417991129194429,AUTO_KEEP
beta,beta_A,2024-03-24,unsure,0,-1,-1,0,0.0,18.787717,0.0,True,0.21085179623942807,45,61,13.618404589475666,43,43,-173.65914839365158,13.618404589475666,13.618404589475666,0.16512028290057695,AUTO_KEEP
beta,beta_A,2024-03-25,sure,0,-1,-1,0,0.0,0.0,0.0,True,0.3516709605650501,-1,-1,0.0,50,50,-9.767175275870168,,-9.767175275870168,0.004456983049345122,AUTO_KEEP
beta,beta_A,2024-03-26,sure,0,-1,-1,0,0.0,0.0,0.0,True,0.25662195147435973,-1,-1,0.0,52,53,-32.93068575736392,,-32.93068575736392,0.0018917787180231592,AUTO_KEEP
beta,beta_A,2024-03-27,unsure,0,-1,-1,0,0.0,0.38956799999999997,0.0,True,0.39553548060733235,50,53,0.6806507399669709,49,49,-18.299508060495437,0.6806507399669709,0.6806507399669709,0.03767257623997962,AUTO_KEEP
beta,beta_A,2024-03-28,sure,0,-1,-1,0,0.0,0.0,0.0,True,0.3614191215750928,-1,-1,0.0,53,53,-204.0844842474676,,-204.0844842474676,0.0004924731686653303,AUTO_KEEP
beta,beta_A,2024-03-29,sure,0,-1,-1,0,0.0,2.216027,0.0,True,0.32008730707496724,56,58,87.75683628224091,61,61,6.9074186295238045,80.84941765271711,87.75683628224091,0.4329077680987658,UNCERTAIN
beta,beta_A,2024-03-30,sure,0,-1,-1,0,0.0,6.1316895,0.0,True,0.24612380972244807,43,57,12.544553970419168,58,58,-154.82087941725877,12.544553970419168,12.544553970419168,0.15739399461094888,AUTO_KEEP
beta,beta_A,2024-03-31,sure,0,-1,-1,0,0.0,0.1525815,0.0,True,0.29611849382037647,52,52,6.590152588376647,54,54,-5.24095641550013,6.590152588376647,6.590152588376647,0.1079914913318196,AUTO_KEEP
beta,beta_A,2024-04-01,sure,0,-1,-1,0,0.0,0.0,0.0,True,0.3006157233578648,-1,-1,0.0,45,56,-16.039427919265492,,-16.039427919265492,0.0031646186451654047,AUTO_KEEP
beta,beta_A,2024-04-02,sure,0,-1,-1,0,0.0,0.0,0.0,True,0.3004909999999992,-1,-1,0.0,43,43,-354.2748725523708,,-354.2748725523708,0.000326406319538265,AUTO_KEEP
beta,beta_A,2024-04-03,sure,0,-1,-1,0,0.0,0.3622555,0.0,True,0.24665110545050517,49,49,31.892287008153044,51,60,0.27651877474675707,31.615768233406286,31.892287008153044,0.266326873350588,AUTO_KEEP
beta,beta_A,2024-04-04,sure,0,-1,-1,0,0.0,0.0,0.0,True,0.376916532659477,-1,-1,0.0,24,24,-4665.549879005986,,-4665.549879005986,4.7463222814820023e-05,AUTO_KEEP
beta,beta_A,2024-04-05,sure,0,-1,-1,0,0.0,0.0,0.0,True,0.36325699999999905,-1,-1,0.0,24,24,-4875.190158583761,,-4875.190158583761,4.592683858459362e-05,AUTO_KEEP
beta,beta_A,2024-04-06,sure,0,-1,-1,0,0.0,1.7651795,0.0,True,0.2708749999999984,47,54,12.90501474761821,46,46,-35.89640490267029,12.90501474761821,12.90501474761821,0.16002002387214845,AUTO_KEEP
beta,beta_A,2024-04-07,sure,0,-1,-1,0,0.0,9.261916,0.0,True,0.17674966980718665,39,55,180.03392496452713,57,57,-1189.4041766588855,180.03392496452713,180.03392496452713,0.5655607400560126,UNCERTAIN
beta,beta_A,2024-04-08,sure,0,-1,-1,0,0.0,0.325576,0.0,True,0.2932092498101362,52,52,20.86312902242061,54,54,-4.868912960282619,20.86312902242061,20.86312902242061,0.2109528381810232,AUTO_KEEP
beta,beta_A,2024-04-09,sure,0,-1,-1,0,0.0,0.9530385,0.0,True,0.2524160000000002,49,49,25.740555929479736,47,47,-31.008437431482506,25.740555929479736,25.740555929479736,0.23714595043307404,AUTO_KEEP
beta,beta_A,2024-04-10,sure,0,-1,-1,0,0.0,0.183773,0.0,True,0.3236947299566122,44,44,7.3556269880235705,39,39,-61.20786759124534,7.3556269880235705,7.3556269880235705,0.11512046920471192,AUTO_KEEP
beta,beta_A,2024-04-11,sure,0,-1,-1,0,0.0,0.0664995,0.0,True,0.44162233982268084,56,56,1.060669398887459,41,55,0.3687651720130842,0.6919042268743747,1.060669398887459,0.043614470604921615,AUTO_KEEP
beta,beta_A,2024-04-12,unsure,0,-1,-1,0,0.0,1.4549365,0.0,True,0.28290261916803416,41,54,4.936063735917905,55,55,-20.55340759284031,4.936063735917905,4.936063735917905,0.0914970522582131,AUTO_KEEP
beta,beta_A,2024-04-13,unsure,0,-1,-1,0,0.0,0.2469555,0.0,True,0.212299235512452,47,47,8.545408789926064,50,50,5.116688506885845,3.428720283040219,8.545408789926064,0.12567165129530242,AUTO_KEEP
beta,beta_A,2024-04-14,unsure,0,-1,-1,0,0.0,3.396343,0.0,True,0.22528254764142552,46,54,3.784880371301666,44,44,-4.340521175597722,3.784880371301666,3.784880371301666,0.07893328262324785,AUTO_KEEP
beta,beta_A,2024-04-15,unsure,0,-1,-1,0,0.0,2.585006,0.0,True,0.25124269926655884,49,52,19.32916747297872,48,48,-15.513115339420569,19.32916747297872,19.32916747297872,0.20202826262627216,AUTO_KEEP
beta,beta_A,2024-04-16,sure,0,-1,-1,0,0.0,5.2340990000000005,0.0,True,0.3806758320811312,44,52,48.602942864519804,53,53,-20.474239132100266,48.602942864519804,48.602942864519804,0.3305478829348471,UNCERTAIN
beta,beta_A,2024-04-17,sure,0,-1,-1,0,0.0,0.0,0.0,True,0.3972110000000004,-1,-1,0.0,42,42,-103.56820781023497,,-103.56820781023497,0.0008152707217453644,AUTO_KEEP
beta,beta_A,2024-04-18,sure,0,-1,-1,0,0.0,4.625259,0.0,True,0.23124199999999995,48,54,17.483102477361115,47,47,-22.078513148034723,17.483102477361115,17.483102477361115,0.19077926670286882,AUTO_KEEP
beta,beta_A,2024-04-19,sure,0,-1,-1,0,0.0,0.0606865,0.0,True,0.3231327393091359,44,44,0.5468985702295602,46,47,0.003008212101366663,0.5438903581281935,0.5468985702295602,0.03548474835333278,AUTO_KEEP
beta,beta_A,2024-04-20,sure,0,-1,-1,0,0.0,0.0,0.0,True,0.3178843282358219,-1,-1,0.0,57,57,-3995.6602845044126,,-3995.6602845044126,5.330284719385897e-05,AUTO_KEEP
beta,beta_A,2024-04-21,sure,0,-1,-1,0,0.0,2.6195425,0.0,True,0.24862759059244866,44,45,85.18019152573765,47,48,53.4710909060383,31.709100619699356,85.18019152573765,0.42750009420576196,UNCERTAIN
beta,beta_A,2024-04-22,sure,0,-1,-1,0,0.0,2.135971,0.0,True,0.2918289999999999,42,45,19.184904136799744,47,55,4.508025223436696,14.676878913363048,19.184904136799744,0.20116988563414573,AUTO_KEEP
beta,beta_A,2024-04-23,sure,0,-1,-1,0,0.0,0.2887265,0.0,True,0.2537099999999999,44,52,1.1973514967862282,43,43,-5.610036199268287,1.1973514967862282,1.1973514967862282,0.045665096543253694,AUTO_KEEP
beta,beta_A,2024-04-24,sure,0,-1,-1,0,0.0,0.0,0.0,True,0.20671397247841483,-1,-1,0.0,58,58,-1584.4217998886513,,-1584.4217998886513,0.0001065183617020599,AUTO_KEEP
beta,beta_A,2024-04-25,sure,0,-1,-1,0,0.0,6.563372,0.0,True,0.2410819999999987,39,46,79.20048625839665,52,52,-0.29156013220178917,79.20048625839665,79.20048625839665,0.41437519432621606,UNCERTAIN
beta,beta_A,2024-04-26,sure,0,-1,-1,0,0.0,1.1091995,0.0,True,0.28682680670119254,44,56,3.683716899443662,57,57,-96.06055118538981,3.683716899443662,3.683716899443662,0.07777770966743609,AUTO_KEEP
beta,beta_A,2024-04-27,unsure,1,46,56,11,13.8100535,21.52767,13.8100535,True,0.3238259907399197,40,55,260.6164242787294,56,56,0.0,260.6164242787294,260.6164242787294,0.6316913176842602,UNCERTAIN
beta,beta_A,2024-04-28,sure,0,-1,-1,0,0.0,5.1677865,0.0,True,0.25577403919136543,41,55,33.492188806745354,40,40,-161.8225749222699,33.492188806745354,33.492188806745354,0.27333380794658513,AUTO_KEEP
beta,beta_A,2024-04-29,sure,0,-1,-1,0,0.0,7.0925085,0.0,True,0.33525000000000027,46,54,6.993684059106001,56,56,-455.99268303925885,6.993684059106001,6.993684059106001,0.11178529676195621,AUTO_KEEP
beta,beta_A,2024-04-30,sure,0,-1,-1,0,0.0,0.0,0.0,True,0.32737439281284963,-1,-1,0.0,39,39,-1022.9239878457935,,-1022.9239878457935,0.0001477724615221298,AUTO_KEEP
beta,beta_A,2024-05-01,sure,0,-1,-1,0,0.0,0.0,0.0,True,0.23227299999999929,-1,-1,0.0,49,49,-129.91463010695117,,-129.91463010695117,0.000689094558324279,AUTO_KEEP
beta,beta_A,2024-05-02,sure,0,-1,-1,0,0.0,0.368544,0.0,True,0.3256379516680017,47,49,7.7063576332987065,46,46,-4.604462178156709,7.7063576332987065,7.7063576332987065,0.11829443265587195,AUTO_KEEP
beta,beta_A,2024-05-03,sure,0,-1,-1,0,0.0,0.0,0.0,True,0.2503732034209385,-1,-1,0.0,47,47,-179.797832637876,,-179.797832637876,0.000541193303941304,AUTO_KEEP
beta,beta_A,2024-05-04,sure,0,-1,-1,0,0.0,1.360884,0.0,True,0.36405598015981866,50,51,83.33924966666463,43,43,-59.75029678105759,83.33924966666463,83.33924966666463,0.4235473971959018,UNCERTAIN
beta,beta_A,2024-05-05,sure,0,-1,-1,0,0.0,0.0,0.0,True,0.3583753291763969,-1,-1,0.0,53,53,-138.9876689594411,,-138.9876689594411,0.0006553919784918188,AUTO_KEEP
beta,beta_A,2024-05-06,sure,0,-1,-1,0,0.0,0.0,0.0,True,0.2610546897381649,-1,-1,0.0,52,52,-10395.920048558195,,-10395.920048558195,2.6051914804598025e-05,AUTO_KEEP
beta,beta_A,2024-05-07,sure,0,-1,-1,0,0.0,0.0,0.0,True,0.2911710686728597,-1,-1,0.0,55,55,-178.5453178336729,,-178.5453178336729,0.0005440164442486479,AUTO_KEEP
beta,beta_A,2024-05-08,sure,0,-1,-1,0,0.0,0.0,0.0,True,0.32364889906729566,-1,-1,0.0,52,52,-14.220398413668516,,-14.220398413668516,0.0034428243455742183,AUTO_KEEP
beta,beta_A,2024-05-09,sure,0,-1,-1,0,0.0,0.0,0.0,True,0.3083728490151252,-1,-1,0.0,49,49,-25.049506772173753,,-25.049506772173753,0.00230489875645331,AUTO_KEEP
beta,beta_A,2024-05-10,sure,0,-1,-1,0,0.0,0.0,0.0,True,0.38718876872162866,-1,-1,0.0,49,49,-653.8821988494227,,-653.8821988494227,0.00020650025694084605,AUTO_KEEP
beta,beta_A,2024-05-11,sure,0,-1,-1,0,0.0,0.0,0.0,True,0.2737276664174928,-1,-1,0.0,47,47,-6514.236192169208,,-6514.236192169208,3.6968318229716256e-05,AUTO_KEEP
beta,beta_A,2024-05-12,sure,0,-1,-1,0,0.0,0.0,0.0,True,0.286122383094515,-1,-1,0.0,56,56,-677.73420339482,,-677.73420339482,0.000201042848204045,AUTO_KEEP
beta,beta_A,2024-05-13,sure,0,-1,-1,0,0.0,0.0,0.0,True,0.3413836442302287,-1,-1,0.0,41,41,-629.2147099702147,,-629.2147099702147,0.00021252233071901197,AUTO_KEEP
beta,beta_A,2024-05-14,sure,0,-1,-1,0,0.0,0.0,0.0,True,0.3175298064929102,-1,-1,0.0,50,50,-7.902860187350589,,-7.902860187350589,0.005135444344190771,AUTO_KEEP
beta,beta_A,2024-05-15,sure,0,-1,-1,0,0.0,0.0,0.0,True,0.3282811959174854,-1,-1,0.0,48,48,-380.4236626498529,,-380.4236626498529,0.0003095062513201764,AUTO_KEEP
beta,beta_A,2024-05-16,sure,0,-1,-1,0,0.0,0.0,0.0,True,0.3480868943580102,-1,-1,0.0,45,45,-305.65419296867765,,-305.65419296867765,0.00036442182529333256,AUTO_KEEP
beta,beta_A,2024-05-17,sure,0,-1,-1,0,0.0,0.0,0.0,True,0.31705616118676616,-1,-1,0.0,48,48,-8.936922046655909,,-8.936922046655909,0.004731708743968625,AUTO_KEEP
beta,beta_A,2024-05-18,sure,0,-1,-1,0,0.0,0.0,0.0,True,0.22650919371218947,-1,-1,0.0,39,41,-3946.429422015136,,-3946.429422015136,5.3799851357866696e-05,AUTO_KEEP
beta,beta_A,2024-05-19,unsure,0,-1,-1,0,0.0,0.0,0.0,True,0.29706857616131366,-1,-1,0.0,47,49,-67.4440883355424,,-67.4440883355424,0.0011194463570616223,AUTO_KEEP
beta,beta_A,2024-05-20,sure,0,-1,-1,0,0.0,0.0,0.0,True,0.5405171212496036,-1,-1,0.0,46,46,-445.5142552976259,,-445.5142552976259,0.0002750699916328807,AUTO_KEEP
beta,beta_A,2024-05-21,sure,0,-1,-1,0,0.0,0.0,0.0,False,,-1,-1,,-1,-1,,,,,UNCERTAIN
beta,beta_A,2024-05-22,sure,0,-1,-1,0,0.0,0.0,0.0,False,,-1,-1,,-1,-1,,,,,UNCERTAIN
beta,beta_A,2024-05-23,sure,0,-1,-1,0,0.0,0.0,0.0,False,,-1,-1,,-1,-1,,,,,UNCERTAIN
beta,beta_A,2024-05-24,sure,0,-1,-1,0,0.0,0.0,0.0,True,0.4614343155675886,-1,-1,0.0,50,50,-64.32741041973311,,-64.32741041973311,0.0011591585696650469,AUTO_KEEP
beta,beta_A,2024-05-25,sure,0,-1,-1,0,0.0,0.0,0.0,True,0.3084654585285129,-1,-1,0.0,48,48,-208.54639074113817,,-208.54639074113817,0.00048460326087507134,AUTO_KEEP
beta,beta_A,2024-05-26,sure,0,-1,-1,0,0.0,0.0,0.0,True,0.24140119328928655,-1,-1,0.0,46,52,-155.43794204672054,,-155.43794204672054,0.0006031019637688846,AUTO_KEEP
beta,beta_A,2024-05-27,sure,0,-1,-1,0,0.0,0.0,0.0,True,0.4296185240864716,-1,-1,0.0,52,52,-146.42530321273892,,-146.42530321273892,0.0006304874003983351,AUTO_KEEP
beta,beta_A,2024-05-28,sure,0,-1,-1,0,0.0,0.0,0.0,True,0.4806813025259711,-1,-1,0.0,48,51,-45.308235793403206,,-45.308235793403206,0.001499336047004596,AUTO_KEEP
beta,beta_A,2024-05-29,sure,0,-1,-1,0,0.0,0.0,0.0,True,0.43173814255348475,-1,-1,0.0,48,48,-135.80870070337664,,-135.80870070337664,0.0006667555290778937,AUTO_KEEP
beta,beta_A,2024-05-30,sure,0,-1,-1,0,0.0,0.0,0.0,True,0.3803074802371107,-1,-1,0.0,52,52,-162.38104651232715,,-162.38104651232715,0.0005838165172281349,AUTO_KEEP
beta,beta_A,2024-05-31,sure,0,-1,-1,0,0.0,0.0,0.0,True,0.197096421134221,-1,-1,0.0,24,24,-18820.052656580083,,-18820.052656580083,1.6704717331082007e-05,AUTO_KEEP
beta,beta_A,2024-06-01,sure,0,-1,-1,0,0.0,0.0,0.0,True,0.23110480019249557,-1,-1,0.0,24,24,-11713.407260035106,,-11713.407260035106,2.3825344138011118e-05,AUTO_KEEP
beta,beta_A,2024-06-02,sure,0,-1,-1,0,0.0,0.0,0.0,True,0.30568756150029763,-1,-1,0.0,54,54,-555.7307686006579,,-555.7307686006579,0.00023319296229820476,AUTO_KEEP
beta,beta_A,2024-06-03,sure,0,-1,-1,0,0.0,0.0,0.0,True,0.49269207059067455,-1,-1,0.0,46,46,-247.4249926268013,,-247.4249926268013,0.0004266396126396709,AUTO_KEEP
beta,beta_A,2024-06-04,sure,0,-1,-1,0,0.0,0.0,0.0,True,0.4626641701886012,-1,-1,0.0,53,53,-176.44752252635442,,-176.44752252635442,0.0005488227547099672,AUTO_KEEP
beta,beta_A,2024-06-05,sure,0,-1,-1,0,0.0,0.0,0.0,True,0.486938550996209,-1,-1,0.0,49,49,-84.13103235855094,,-84.13103235855094,0.000950873688264426,AUTO_KEEP
beta,beta_A,2024-06-06,sure,0,-1,-1,0,0.0,0.0,0.0,True,0.44159126261221715,-1,-1,0.0,50,50,-108.22059054890777,,-108.22059054890777,0.0007891445323088689,AUTO_KEEP
beta,beta_A,2024-06-07,sure,0,-1,-1,0,0.0,0.0,0.0,True,0.33726506567056447,-1,-1,0.0,58,58,-2835.240368065025,,-2835.240368065025,6.89105953549287e-05,AUTO_KEEP
beta,beta_A,2024-06-08,sure,0,-1,-1,0,0.0,0.0,0.0,True,0.29180501304459483,-1,-1,0.0,44,46,-198.70962909482077,,-198.70962909482077,0.0005023601836285701,AUTO_KEEP
beta,beta_A,2024-06-09,sure,0,-1,-1,0,0.0,0.0,0.0,True,0.3118796235301744,-1,-1,0.0,53,55,-219.51429801940563,,-219.51429801940563,0.00046644728398510484,AUTO_KEEP
beta,beta_A,2024-06-10,sure,0,-1,-1,0,0.0,0.0,0.0,True,0.30453710337107864,-1,-1,0.0,50,52,-479.3312818482045,,-479.3312818482045,0.00026043976551737383,AUTO_KEEP
beta,beta_A,2024-06-11,sure,0,-1,-1,0,0.0,0.0,0.0,True,0.47133834209190084,-1,-1,0.0,47,47,-391.7852948397888,,-391.7852948397888,0.00030277951266702204,AUTO_KEEP
beta,beta_A,2024-06-12,sure,0,-1,-1,0,0.0,0.0,0.0,True,0.34816009524878133,-1,-1,0.0,49,51,-130.35809017656638,,-130.35809017656638,0.0006873529545091687,AUTO_KEEP
beta,beta_A,2024-06-13,sure,0,-1,-1,0,0.0,0.0,0.0,True,0.45551069084923235,-1,-1,0.0,47,47,-407.72107975981595,,-407.72107975981595,0.0002938979613895998,AUTO_KEEP
beta,beta_A,2024-06-14,sure,0,-1,-1,0,0.0,0.0,0.0,False,,-1,-1,,-1,-1,,,,,UNCERTAIN
beta,beta_A,2024-06-15,sure,0,-1,-1,0,0.0,0.0,0.0,True,0.402852223288221,-1,-1,0.0,52,52,-3409.0632389645866,,-3409.0632389645866,6.003000726628133e-05,AUTO_KEEP
beta,beta_A,2024-06-16,sure,0,-1,-1,0,0.0,0.0,0.0,True,0.17912116281416246,-1,-1,0.0,48,52,-1664.4164487286257,,-1664.4164487286257,0.00010266383969972535,AUTO_KEEP
beta,beta_A,2024-06-17,sure,0,-1,-1,0,0.0,0.0,0.0,True,0.37793753891168613,-1,-1,0.0,48,48,-1781.9631532589488,,-1781.9631532589488,9.755275536045027e-05,AUTO_KEEP
beta,beta_A,2024-06-18,sure,0,-1,-1,0,0.0,0.0,0.0,True,0.4324333131407272,-1,-1,0.0,51,51,-228.18852649855626,,-228.18852649855626,0.00045316957171017856,AUTO_KEEP
beta,beta_A,2024-06-19,sure,0,-1,-1,0,0.0,0.0,0.0,True,0.5363711717851878,-1,-1,0.0,50,52,-237.6199784896884,,-237.6199784896884,0.00043969499520036333,AUTO_KEEP
beta,beta_A,2024-06-20,sure,0,-1,-1,0,0.0,0.0,0.0,True,0.4862225440796166,-1,-1,0.0,48,48,-699.2063826084703,,-699.2063826084703,0.00019640911044648346,AUTO_KEEP
beta,beta_A,2024-06-21,sure,0,-1,-1,0,0.0,0.0,0.0,True,0.45848061855624245,-1,-1,0.0,49,49,-250.04096398384314,,-250.04096398384314,0.00042330747256534926,AUTO_KEEP
beta,beta_A,2024-06-22,sure,0,-1,-1,0,0.0,0.0,0.0,False,,-1,-1,,-1,-1,,,,,UNCERTAIN
beta,beta_A,2024-06-23,sure,0,-1,-1,0,0.0,0.0,0.0,True,0.3237881710555861,-1,-1,0.0,51,51,-1946.475896967446,,-1946.475896967446,9.131445813579962e-05,AUTO_KEEP
beta,beta_A,2024-06-24,sure,0,-1,-1,0,0.0,0.0,0.0,True,0.414124299613853,-1,-1,0.0,54,54,-388.1117196115508,,-388.1117196115508,0.0003049168969098586,AUTO_KEEP
beta,beta_A,2024-06-25,sure,0,-1,-1,0,0.0,0.0,0.0,True,0.5703881971206002,-1,-1,0.0,51,52,-187.14761236501693,,-187.14761236501693,0.0005252914561684271,AUTO_KEEP
beta,beta_A,2024-06-26,sure,0,-1,-1,0,0.0,0.0,0.0,True,0.3762936255415834,-1,-1,0.0,50,50,-277.7293809782711,,-277.7293809782711,0.0003914209165106014,AUTO_KEEP
beta,beta_A,2024-06-27,sure,0,-1,-1,0,0.0,0.0,0.0,True,0.44830025534219686,-1,-1,0.0,50,50,-115.81497073823199,,-115.81497073823199,0.0007504328727888086,AUTO_KEEP
beta,beta_A,2024-06-28,sure,0,-1,-1,0,0.0,0.0,0.0,True,0.5155793603927066,-1,-1,0.0,52,52,-141.70358476494425,,-141.70358476494425,0.0006460350338028257,AUTO_KEEP
beta,beta_A,2024-06-29,sure,0,-1,-1,0,0.0,0.0,0.0,True,0.4437789327255963,-1,-1,0.0,52,52,-285.46093038339285,,-285.46093038339285,0.0003834858237920494,AUTO_KEEP
beta,beta_A,2024-06-30,sure,0,-1,-1,0,0.0,0.0,0.0,True,0.36288367498118745,-1,-1,0.0,48,48,-3044.861018477169,,-3044.861018477169,6.532783946139221e-05,AUTO_KEEP
beta,beta_A,2024-07-01,sure,0,-1,-1,0,0.0,0.0,0.0,True,0.4214372429781754,-1,-1,0.0,49,49,-809.606534621878,,-809.606534621878,0.00017601773438802106,AUTO_KEEP
beta,beta_A,2024-07-02,sure,0,-1,-1,0,0.0,0.0,0.0,True,0.3612901252254819,-1,-1,0.0,24,24,-10220.864007951981,,-10220.864007951981,2.6385290481228117e-05,AUTO_KEEP
beta,beta_A,2024-07-03,sure,0,-1,-1,0,0.0,0.0,0.0,True,0.5806007130564517,-1,-1,0.0,49,49,-613.8406252108417,,-613.8406252108417,0.0002164885118641452,AUTO_KEEP
beta,beta_A,2024-07-04,sure,0,-1,-1,0,0.0,0.0,0.0,True,0.4681201476515522,-1,-1,0.0,51,51,-236.23309113450688,,-236.23309113450688,0.00044161762003879613,AUTO_KEEP
beta,beta_A,2024-07-05,sure,0,-1,-1,0,0.0,0.0,0.0,True,0.4795858707781484,-1,-1,0.0,48,48,-1329.0228976375467,,-1329.0228976375467,0.00012149083391328777,AUTO_KEEP
beta,beta_A,2024-07-06,sure,0,-1,-1,0,0.0,0.0,0.0,True,0.3388208563523296,-1,-1,0.0,49,49,-371.63558624856046,,-371.63558624856046,0.00031495445859507093,AUTO_KEEP
beta,beta_A,2024-07-07,sure,0,-1,-1,0,0.0,0.0,0.0,True,0.249448800315486,-1,-1,0.0,54,54,-421.5110251487056,,-421.5110251487056,0.00028668714096443846,AUTO_KEEP
beta,beta_A,2024-07-08,sure,0,-1,-1,0,0.0,0.0,0.0,True,0.4145369293398993,-1,-1,0.0,54,54,-1604.019029213398,,-1604.019029213398,0.00010554303733178427,AUTO_KEEP
beta,beta_A,2024-07-09,sure,0,-1,-1,0,0.0,0.0,0.0,True,0.3774004406955722,-1,-1,0.0,49,49,-645.5249721567068,,-645.5249721567068,0.0002084954836535812,AUTO_KEEP
beta,beta_A,2024-07-10,sure,0,-1,-1,0,0.0,0.0,0.0,True,0.478612108918826,-1,-1,0.0,50,53,-82.21802551610229,,-82.21802551610229,0.0009671796030448458,AUTO_KEEP
beta,beta_A,2024-07-11,sure,0,-1,-1,0,0.0,0.0,0.0,True,0.5370767588928516,-1,-1,0.0,50,50,-84.4703264945081,,-84.4703264945081,0.0009480483150098407,AUTO_KEEP
beta,beta_A,2024-07-12,sure,0,-1,-1,0,0.0,0.0,0.0,True,0.4011538585634735,-1,-1,0.0,52,52,-96.75787331841217,,-96.75787331841217,0.0008574038876500659,AUTO_KEEP
beta,beta_A,2024-07-13,sure,0,-1,-1,0,0.0,0.0,0.0,True,0.33782860572779505,-1,-1,0.0,47,47,-470.07104353377855,,-470.07104353377855,0.0002642631735975768,AUTO_KEEP
beta,beta_A,2024-07-14,sure,0,-1,-1,0,0.0,0.0,0.0,True,0.41343719654473254,-1,-1,0.0,50,50,-85.42901207558529,,-85.42901207558529,0.000940170004551696,AUTO_KEEP
beta,beta_A,2024-07-15,sure,0,-1,-1,0,0.0,0.0,0.0,True,0.445763940407808,-1,-1,0.0,50,52,-332.9649594156163,,-332.9649594156163,0.00034187573760142753,AUTO_KEEP
beta,beta_A,2024-07-16,sure,0,-1,-1,0,0.0,0.0,0.0,True,0.4443550893569821,-1,-1,0.0,57,57,-2628.155888968111,,-2628.155888968111,7.293583728909645e-05,AUTO_KEEP
beta,beta_A,2024-07-17,sure,0,-1,-1,0,0.0,0.0,0.0,True,0.5086798532757122,-1,-1,0.0,49,51,-35.873750994002165,,-35.873750994002165,0.0017777409030073842,AUTO_KEEP
beta,beta_A,2024-07-18,sure,0,-1,-1,0,0.0,0.0,0.0,True,0.5068251134173174,-1,-1,0.0,51,51,-22.194801645315323,,-22.194801645315323,0.0025136740152029518,AUTO_KEEP
beta,beta_A,2024-07-19,sure,0,-1,-1,0,0.0,0.0,0.0,True,0.39139319734246314,-1,-1,0.0,53,53,-94.7063302447032,,-94.7063302447032,0.0008711181907498378,AUTO_KEEP
beta,beta_A,2024-07-20,sure,0,-1,-1,0,0.0,0.0,0.0,True,0.395350827611761,-1,-1,0.0,52,53,-50.65445263102277,,-50.65445263102277,0.0013817141034326603,AUTO_KEEP
beta,beta_A,2024-07-21,sure,0,-1,-1,0,0.0,0.0,0.0,True,0.4783947924395804,-1,-1,0.0,53,53,-44.0665349341952,,-44.0665349341952,0.0015301179626798901,AUTO_KEEP
beta,beta_A,2024-07-22,sure,0,-1,-1,0,0.0,0.0,0.0,True,0.5648134994876663,-1,-1,0.0,50,50,-70.06601458748545,,-70.06601458748545,0.00108840683735886,AUTO_KEEP
beta,beta_A,2024-07-23,sure,0,-1,-1,0,0.0,0.0,0.0,True,0.377370472434011,-1,-1,0.0,51,51,-43.952815160405,,-43.952815160405,0.0015330112195514184,AUTO_KEEP
beta,beta_A,2024-07-24,sure,0,-1,-1,0,0.0,0.0,0.0,True,0.37478724744873837,-1,-1,0.0,50,50,-41.673193217268384,,-41.673193217268384,0.0015938369741395836,AUTO_KEEP
beta,beta_A,2024-07-25,sure,0,-1,-1,0,0.0,0.0,0.0,True,0.45588812527888045,-1,-1,0.0,46,47,-322.8035091798301,,-322.8035091798301,0.0003498756413182748,AUTO_KEEP
beta,beta_A,2024-07-26,sure,0,-1,-1,0,0.0,0.351107,0.0,True,0.41222636902287846,48,48,30.957240420148377,50,51,-1.3297483629691322,30.957240420148377,30.957240420148377,0.26212842953520316,AUTO_KEEP
beta,beta_A,2024-07-27,sure,0,-1,-1,0,0.0,0.0,0.0,True,0.46899958464052993,-1,-1,0.0,61,61,-2843.6679087157236,,-2843.6679087157236,6.87576718322033e-05,AUTO_KEEP
beta,beta_A,2024-07-28,sure,0,-1,-1,0,0.0,0.0,0.0,True,0.4629138525494394,-1,-1,0.0,51,51,-98.39020630146194,,-98.39020630146194,0.0008468461519774123,AUTO_KEEP
beta,beta_A,2024-07-29,sure,0,-1,-1,0,0.0,0.0,0.0,True,0.5284473330260973,-1,-1,0.0,47,47,-611.6616841895229,,-611.6616841895229,0.0002170646925915362,AUTO_KEEP
beta,beta_A,2024-07-30,sure,0,-1,-1,0,0.0,0.0,0.0,True,0.5722275679883264,-1,-1,0.0,52,52,-85.59415410082688,,-85.59415410082688,0.000938828294387919,AUTO_KEEP
beta,beta_A,2024-07-31,sure,0,-1,-1,0,0.0,0.0,0.0,True,0.4224716412692864,-1,-1,0.0,57,57,-1869.4987966305446,,-1869.4987966305446,9.411393874198531e-05,AUTO_KEEP
beta,beta_A,2024-08-01,sure,0,-1,-1,0,0.0,0.0,0.0,True,0.5711120694449718,-1,-1,0.0,51,51,-744.5680434032739,,-744.5680434032739,0.00018739212817555482,AUTO_KEEP
beta,beta_A,2024-08-02,sure,0,-1,-1,0,0.0,0.0,0.0,True,0.3948941967163222,-1,-1,0.0,51,51,-14.543630258527841,,-14.543630258527841,0.003389253087859018,AUTO_KEEP
beta,beta_A,2024-08-03,sure,0,-1,-1,0,0.0,0.0,0.0,True,0.331388842496505,-1,-1,0.0,49,49,-162.49742536618172,,-162.49742536618172,0.0005835054802642176,AUTO_KEEP
beta,beta_A,2024-08-04,sure,0,-1,-1,0,0.0,0.0,0.0,False,,-1,-1,,-1,-1,,,,,UNCERTAIN
beta,beta_A,2024-08-05,sure,0,-1,-1,0,0.0,0.0,0.0,False,,-1,-1,,-1,-1,,,,,UNCERTAIN
beta,beta_A,2024-08-06,sure,0,-1,-1,0,0.0,0.0,0.0,True,0.4771661780560912,-1,-1,0.0,44,44,-136.03037512498818,,-136.03037512498818,0.000665948198405493,AUTO_KEEP
beta,beta_A,2024-08-07,sure,0,-1,-1,0,0.0,0.207322,0.0,True,0.4689824795367876,47,47,0.4716897844885455,52,52,0.43276269386765004,0.038927090620895444,0.4716897844885455,0.034229273055925435,AUTO_KEEP
beta,beta_A,2024-08-08,sure,0,-1,-1,0,0.0,0.0,0.0,True,0.48790700283579014,-1,-1,0.0,47,53,-0.7756789267579581,,-0.7756789267579581,0.01697032014996513,AUTO_KEEP
beta,beta_A,2024-08-09,sure,0,-1,-1,0,0.0,0.0,0.0,True,0.3734436083374124,-1,-1,0.0,52,52,-13.724339434930249,,-13.724339434930249,0.003529012636927962,AUTO_KEEP
beta,beta_A,2024-08-10,sure,0,-1,-1,0,0.0,1.7404185,0.0,True,0.3156331073648264,50,53,7.7321541623706125,44,46,-19.7717091127252,7.7321541623706125,7.7321541623706125,0.11852570538556169,AUTO_KEEP
beta,beta_A,2024-08-11,sure,0,-1,-1,0,0.0,0.0,0.0,True,0.3576775298055388,-1,-1,0.0,54,54,-2722.5948158840806,,-2722.5948158840806,7.103379320917638e-05,AUTO_KEEP
beta,beta_A,2024-08-12,sure,0,-1,-1,0,0.0,0.0,0.0,True,0.46699342465244875,-1,-1,0.0,51,51,-2245.122117008275,,-2245.122117008275,8.206248975508974e-05,AUTO_KEEP
beta,beta_A,2024-08-13,sure,0,-1,-1,0,0.0,0.0,0.0,True,0.4347537328640616,-1,-1,0.0,55,55,-826.4882996975973,,-826.4882996975973,0.000173322198848347,AUTO_KEEP
beta,beta_A,2024-08-14,sure,0,-1,-1,0,0.0,0.0,0.0,True,0.44082943139296127,-1,-1,0.0,24,24,-4090.845477648992,,-4090.845477648992,5.2371644447074905e-05,AUTO_KEEP
beta,beta_A,2024-08-15,sure,0,-1,-1,0,0.0,0.0,0.0,True,0.4227691538061116,-1,-1,0.0,52,52,-321.77383033334587,,-321.77383033334587,0.00035071081765064604,AUTO_KEEP
beta,beta_A,2024-08-16,sure,0,-1,-1,0,0.0,0.0,0.0,True,0.4013427187318577,-1,-1,0.0,56,56,-843.6124746183187,,-843.6124746183187,0.00017068445184823498,AUTO_KEEP
beta,beta_A,2024-08-17,unsure,0,-1,-1,0,0.0,1.1682555,0.0,True,0.32181967131023725,51,51,211.4797383488486,42,46,56.683417228195275,154.79632112065332,211.4797383488486,0.5947644361713805,UNCERTAIN
beta,beta_A,2024-08-18,sure,0,-1,-1,0,0.0,0.0,0.0,True,0.3732418710822305,-1,-1,0.0,43,44,-8.244253648270067,,-8.244253648270067,0.00499346817090717,AUTO_KEEP
beta,beta_A,2024-08-19,sure,0,-1,-1,0,0.0,0.0,0.0,True,0.407347645663112,-1,-1,0.0,51,51,-159.21274473699603,,-159.21274473699603,0.0005924356692954228,AUTO_KEEP
beta,beta_A,2024-08-20,unsure,0,-1,-1,0,0.0,0.7445835000000001,0.0,True,0.41013490489052273,45,47,6.90486249931083,49,56,1.8408896048376406,5.0639728944731885,6.90486249931083,0.11095721293989347,AUTO_KEEP
beta,beta_A,2024-08-21,unsure,0,-1,-1,0,0.0,2.1164445,0.0,True,0.41817462089314894,43,56,3.5994722990335197,57,57,-17.741967715585776,3.5994722990335197,3.5994722990335197,0.07680837697002836,AUTO_KEEP
beta,beta_A,2024-08-22,sure,0,-1,-1,0,0.0,0.0928955,0.0,True,0.24115926222827788,52,52,22.084678862603802,48,48,13.05690402880718,9.027774833796622,22.084678862603802,0.21780922628818164,AUTO_KEEP
beta,beta_A,2024-08-23,sure,0,-1,-1,0,0.0,2.3464670000000005,0.0,True,0.4090352871560974,46,56,16.934258824173725,42,42,-1.5133791001554826,16.934258824173725,16.934258824173725,0.1873186844882203,AUTO_KEEP
beta,beta_A,2024-08-24,sure,0,-1,-1,0,0.0,2.9930095000000003,0.0,True,0.2855834743966703,46,50,188.27692918335669,41,41,100.25022970088223,88.02669948247446,188.27692918335669,0.5737346111412702,UNCERTAIN
beta,beta_A,2024-08-25,sure,0,-1,-1,0,0.0,0.0,0.0,True,0.21052193471772895,-1,-1,0.0,24,24,-10276.351637988471,,-10276.351637988471,2.6278545472937135e-05,AUTO_KEEP
beta,beta_A,2024-08-26,sure,1,41,55,15,17.162097499999998,17.318675,17.162097499999998,True,0.38447219484378614,40,57,189.45391396692693,58,58,-6.108772864047055,189.45391396692693,189.45391396692693,0.574869504881778,UNCERTAIN
beta,beta_A,2024-08-27,sure,1,41,53,13,15.716909,15.7362285,15.716909,True,0.493851336287193,41,57,107.71607592292241,40,40,-2.424042616119364,107.71607592292241,107.71607592292241,0.47050832154312733,UNCERTAIN
beta,beta_A,2024-08-28,sure,0,-1,-1,0,0.0,2.4459865,0.0,True,0.3836427290618829,38,56,10.492394244702819,57,57,-8.329349144461112,10.492394244702819,10.492394244702819,0.14175608276788382,AUTO_KEEP
beta,beta_A,2024-08-29,sure,0,-1,-1,0,0.0,1.4385685,0.0,True,0.4580562148588889,46,58,15.017273037220122,45,45,-20.484707400723735,15.017273037220122,15.017273037220122,0.17477163279159313,AUTO_KEEP
beta,beta_A,2024-08-30,sure,0,-1,-1,0,0.0,3.1248700000000005,0.0,True,0.3295644429746236,39,56,7.21407823252166,38,38,-98.4688028465732,7.21407823252166,7.21407823252166,0.11382353955716512,AUTO_KEEP
beta,beta_A,2024-08-31,sure,1,44,55,12,18.6386685,20.701983500000004,18.6386685,True,0.30657491253724345,39,59,359.6186217599858,38,38,-59.7374485641541,359.6186217599858,359.6186217599858,0.6856396521177573,UNCERTAIN
beta,beta_A,2024-09-01,sure,0,-1,-1,0,0.0,2.2326695,0.0,True,0.2684526678601049,38,57,19.23390778521673,58,58,-75.72203237622392,19.23390778521673,19.23390778521673,0.20146184015089252,AUTO_KEEP
beta,beta_A,2024-09-02,sure,0,-1,-1,0,0.0,0.7472105,0.0,True,0.3223027952009705,39,58,2.440670922768265,38,38,-42.289706588398154,2.440670922768265,2.440670922768265,0.06274410265552738,AUTO_KEEP
beta,beta_A,2024-09-03,sure,1,39,58,20,31.537669999999995,31.535816,31.535816,True,0.4003066599826486,40,58,315.91719841631743,39,39,-0.11897163103605353,315.91719841631743,315.91719841631743,0.6644251574045742,UNCERTAIN
beta,beta_A,2024-09-04,sure,1,40,59,20,27.519648999999998,27.3145605,27.3145605,True,0.42509567613388555,40,58,223.56093568404367,59,59,-12.673960620856986,223.56093568404367,223.56093568404367,0.6047048774939644,UNCERTAIN
beta,beta_A,2024-09-05,sure,1,42,56,15,20.605358499999998,20.919084,20.605358499999998,True,0.39518812904186795,41,57,198.52512439357557,39,39,30.69918607251853,167.82593832105704,198.52512439357557,0.5833620073593531,UNCERTAIN
beta,beta_A,2024-09-06,sure,0,-1,-1,0,0.0,0.30466899999999997,0.0,True,0.3355302960157296,39,56,0.8686451327044229,57,57,-24.56613786749743,0.8686451327044229,0.8686451327044229,0.040659199754783645,AUTO_KEEP
beta,beta_A,2024-09-07,unsure,1,44,50,7,2.0262470000000006,7.346005000000001,2.0262470000000006,True,0.23879190751176793,39,56,86.04905042936171,38,38,-428.15714318011806,86.04905042936171,86.04905042936171,0.42933957386467614,UNCERTAIN
beta,beta_A,2024-09-08,sure,0,-1,-1,0,0.0,0.0,0.0,True,0.3017777185085251,-1,-1,0.0,24,24,-4959.202226983752,,-4959.202226983752,4.534311718285054e-05,AUTO_KEEP
beta,beta_A,2024-09-09,sure,0,-1,-1,0,0.0,0.582302,0.0,True,0.43320622069145287,51,53,22.445600416112754,55,55,3.709409707273759,18.736190708838993,22.445600416112754,0.2197949239609097,AUTO_KEEP
beta,beta_A,2024-09-10,sure,1,42,58,17,25.503778,27.481893499999998,25.503778,True,0.4286531454094771,39,58,192.9198696823579,38,38,-16.270056271874854,192.9198696823579,192.9198696823579,0.5781666964077686,UNCERTAIN
beta,beta_A,2024-09-11,sure,1,39,51,13,16.115204,17.5866895,16.115204,True,0.42800695528192456,39,54,193.88409157432747,56,58,20.367566473979057,173.51652510034842,193.88409157432747,0.5790722865472546,UNCERTAIN
beta,beta_A,2024-09-12,sure,0,-1,-1,0,0.0,0.1441195,0.0,True,0.36215898100446964,58,58,9.116017477915362,59,59,-0.5731528682472193,9.116017477915362,9.116017477915362,0.1305271181804646,AUTO_KEEP
beta,beta_A,2024-09-13,sure,0,-1,-1,0,0.0,0.0,0.0,True,0.4394128333642442,-1,-1,0.0,38,38,-143.36791614198765,,-143.36791614198765,0.0006404533477063412,AUTO_KEEP
beta,beta_A,2024-09-14,sure,1,41,59,19,35.1315915,34.182089,33.8024515,True,0.3282549581678147,39,57,604.9446735340655,59,59,-6.503995786467383,604.9446735340655,604.9446735340655,0.7628619017932912,AUTO_CORRECT
beta,beta_A,2024-09-15,sure,0,-1,-1,0,0.0,1.3299615,0.0,True,0.2752374074837327,38,39,25.78519695097264,55,55,22.086436677751724,3.698760273220916,25.78519695097264,0.23737199198746564,AUTO_KEEP
beta,beta_A,2024-09-16,sure,1,39,59,21,46.0384475,46.231632999999995,46.0384475,True,0.3964374506124635,38,59,447.20954185446107,60,60,-11.852662946837862,447.20954185446107,447.20954185446107,0.7196324646205408,AUTO_CORRECT
beta,beta_A,2024-09-17,sure,1,39,59,21,38.57891,39.123262,38.57891,True,0.45405271179076045,38,60,270.3528707843106,37,37,-23.863347845175134,270.3528707843106,270.3528707843106,0.6380342699535586,UNCERTAIN
beta,beta_A,2024-09-18,sure,1,37,59,23,46.8739045,46.8739045,46.8739045,True,0.38891132029807807,37,59,478.2130103447804,60,60,-21.918994678509485,478.2130103447804,478.2130103447804,0.7296257656737184,AUTO_CORRECT
beta,beta_A,2024-09-19,sure,1,37,58,22,17.3392815,0.0,0.0,False,,-1,-1,,-1,-1,,,,,UNCERTAIN
beta,beta_A,2024-09-20,sure,1,37,53,17,31.593706,31.966713499999997,31.593706,True,0.4401067249641617,36,59,280.3942857032238,60,60,-16.030578329749346,280.3942857032238,280.3942857032238,0.6442944947634912,UNCERTAIN
beta,beta_A,2024-09-21,sure,1,38,58,21,46.8995715,48.5462045,46.8995715,True,0.24647444264956953,36,60,1332.253169519418,35,35,-176.24511256626303,1332.253169519418,1332.253169519418,0.8530791596242837,AUTO_CORRECT
beta,beta_A,2024-09-22,sure,0,-1,-1,0,0.0,0.8254925000000001,0.0,True,0.3114637982817001,37,58,7.484544155432862,36,36,-27.52707964364989,7.484544155432862,7.484544155432862,0.1162935893068082,AUTO_KEEP
beta,beta_A,2024-09-23,sure,1,37,57,21,38.014471500000006,38.014471500000006,38.014471500000006,True,0.38450857822437357,37,57,380.4212690129761,36,36,-6.933845330348178,380.4212690129761,380.4212690129761,0.6946203449992286,UNCERTAIN
beta,beta_A,2024-09-24,sure,0,-1,-1,0,0.0,4.4847935,0.0,True,0.3834756529358856,39,53,34.63602915694252,55,55,-9.518279221838526,34.63602915694252,34.63602915694252,0.2782129833411225,AUTO_KEEP
beta,beta_A,2024-09-25,sure,0,-1,-1,0,0.0,0.0,0.0,True,0.34900657520924305,-1,-1,0.0,52,52,-81.06400255254437,,-81.06400255254437,0.0009773366669051633,AUTO_KEEP
beta,beta_A,2024-09-26,sure,0,-1,-1,0,0.0,0.0,0.0,True,0.27140540301661,-1,-1,0.0,24,24,-8616.026135825256,,-8616.026135825256,2.9984965138011275e-05,AUTO_KEEP
beta,beta_A,2024-09-27,sure,0,-1,-1,0,0.0,0.139343,0.0,True,0.39112682579522584,53,53,25.237660874535848,49,50,9.761363447669956,15.476297426865893,25.237660874535848,0.23458359050006447,AUTO_KEEP
beta,beta_A,2024-09-28,sure,0,-1,-1,0,0.0,0.752323,0.0,True,0.28284984878729347,46,47,66.80683608081101,55,56,34.35197406548591,32.4548620153251,66.80683608081101,0.3842347442015973,UNCERTAIN
beta,beta_A,2024-09-29,sure,0,-1,-1,0,0.0,0.0,0.0,True,0.38881567857193744,-1,-1,0.0,42,42,-198.86620390879924,,-198.86620390879924,0.0005020655993848726,AUTO_KEEP
beta,beta_A,2024-09-30,sure,0,-1,-1,0,0.0,10.679789999999999,0.0,True,0.34268833152168376,52,58,271.4017939782929,45,45,-50.015465134742406,271.4017939782929,271.4017939782929,0.6387012246764932,UNCERTAIN
beta,beta_B,2023-10-01,unsure,0,-1,-1,0,0.0,14.2843615,0.0,True,0.061072070608258366,36,56,1000.3652416402043,57,57,-674.6229278741428,1000.3652416402043,1000.3652416402043,0.8248978061707687,AUTO_CORRECT
beta,beta_B,2023-10-02,sure,1,40,63,24,31.005809,33.3532815,31.005809,True,0.05291436760335211,37,63,8182.343012018204,64,64,-3000.810436772031,8182.343012018204,8182.343012018204,0.9648903430759637,AUTO_CORRECT
beta,beta_B,2023-10-03,sure,1,39,54,16,16.909328000000002,18.833612,16.909328000000002,True,0.003923539950589472,37,55,500091.7904461848,56,56,-77875.97310296219,500091.7904461848,500091.7904461848,0.9988493777118882,AUTO_CORRECT
beta,beta_B,2023-10-04,unsure,0,-1,-1,0,0.0,23.817327,0.0,True,0.1364060222088721,36,56,621.0870590877128,58,58,-536.0321980085473,621.0870590877128,621.0870590877128,0.7595540858628747,AUTO_CORRECT
beta,beta_B,2023-10-05,sure,1,38,66,29,67.80448,74.8758755,67.80448,True,0.06885119056237965,35,68,12099.65348656463,34,34,-6566.811185586426,12099.65348656463,12099.65348656463,0.9744672986347364,AUTO_CORRECT
beta,beta_B,2023-10-06,sure,1,38,62,25,57.037152000000006,60.059513,57.037152000000006,True,0.09111927134585507,36,63,7776.5378634338,35,35,-2370.6539972035994,7776.5378634338,7776.5378634338,0.9634147393276229,AUTO_CORRECT
beta,beta_B,2023-10-07,sure,1,43,65,23,32.788823,36.8753645,32.788823,True,0.10105069531088606,42,68,1717.4327893216855,39,40,-1233.175152072806,1717.4327893216855,1717.4327893216855,0.8811411318991514,AUTO_CORRECT
beta,beta_B,2023-10-08,sure,1,37,65,29,36.68585349999999,40.944187,36.68585349999999,True,0.1012235946564708,34,66,1978.451546822398,67,67,-1507.6897753478574,1978.451546822398,1978.451546822398,0.8930229225204441,AUTO_CORRECT
beta,beta_B,2023-10-09,sure,1,38,65,28,61.450131999999996,63.979016,61.450131999999996,True,0.02474367557848467,36,66,87027.83025776816,67,67,-26242.350592853847,87027.83025776816,87027.83025776816,0.9950249035401151,AUTO_CORRECT
beta,beta_B,2023-10-10,sure,1,37,62,26,40.643607499999995,35.08865300000001,34.130300000000005,True,0.13556408374098394,36,56,1609.7582284630369,62,62,-236.10885878098216,1609.7582284630369,1609.7582284630369,0.8753328058934614,AUTO_CORRECT
beta,beta_B,2023-10-11,sure,1,40,64,25,34.10406,34.11648,33.486507,True,0.13778211723041345,41,65,1255.6753719956823,39,39,-332.682359539924,1255.6753719956823,1255.6753719956823,0.8507573363396358,AUTO_CORRECT
beta,beta_B,2023-10-12,sure,1,36,62,27,43.34318599999999,42.91292299999999,42.91292299999999,True,0.05837366852887804,36,61,9023.935107610298,62,62,-1296.6694580937879,9023.935107610298,9023.935107610298,0.9675705415428256,AUTO_CORRECT
beta,beta_B,2023-10-13,sure,1,37,65,29,63.223760500000004,65.802058,63.223760500000004,True,0.12981449529181344,35,66,3384.6005185702415,67,67,-883.9148694908449,3384.6005185702415,3384.6005185702415,0.9290763824443429,AUTO_CORRECT
beta,beta_B,2023-10-14,sure,1,37,63,27,51.671279,53.72358750000001,51.671279,True,0.0002815756783212109,36,65,526529367.3142731,35,35,-232466106.31344202,526529367.3142731,526529367.3142731,0.9999966577837116,AUTO_CORRECT
beta,beta_B,2023-10-15,sure,1,37,62,26,41.651832999999996,43.873751000000006,41.651832999999996,True,0.022332237976629088,35,63,73126.98628101555,64,64,-7128.325252172989,73126.98628101555,73126.98628101555,0.9942467448156284,AUTO_CORRECT
beta,beta_B,2023-10-16,sure,1,37,63,27,42.688805,43.80355399999999,42.0263085,True,0.04004489154811619,35,62,17532.948445110156,64,64,-8372.994345297304,17532.948445110156,17532.948445110156,0.9811700739428092,AUTO_CORRECT
beta,beta_B,2023-10-17,sure,1,37,58,22,44.141783,55.41830800000001,44.141783,True,0.0024667819830499482,37,66,5395677.383338508,36,36,-2530658.9163851356,5395677.383338508,5395677.383338508,0.9998436399828367,AUTO_CORRECT
beta,beta_B,2023-10-18,sure,1,47,66,20,35.3547015,48.65348049999999,35.3547015,True,0.042329045788389585,38,67,18341.00308676314,35,36,-7005.171354545542,18341.00308676314,18341.00308676314,0.9818563360713244,AUTO_CORRECT
beta,beta_B,2023-10-19,sure,1,46,61,16,17.137946,21.024404999999994,17.137946,True,0.18542558529494624,46,66,271.4104660759051,45,45,-220.38277761526956,271.4104660759051,271.4104660759051,0.6122953311017914,UNCERTAIN
beta,beta_B,2023-10-20,sure,1,37,65,29,54.06279400000001,54.33073350000001,53.59695250000001,True,0.0003946756275672314,36,64,301906531.16194147,65,65,-32029687.652971286,301906531.16194147,301906531.16194147,0.9999946688093053,AUTO_CORRECT
beta,beta_B,2023-10-21,sure,1,39,61,23,29.029303,31.649093999999998,29.029303,True,0.0896715961663137,36,61,2451.4990413467663,62,62,-537.2780566997649,2451.4990413467663,2451.4990413467663,0.909034306107714,AUTO_CORRECT
beta,beta_B,2023-10-22,sure,1,40,57,18,9.6250955,12.870386500000002,9.5695735,True,0.006179128508389198,36,56,146838.40629254127,57,57,-17097.379013593214,146838.40629254127,146838.40629254127,0.9967874914919499,AUTO_CORRECT
beta,beta_B,2023-10-23,sure,1,36,64,29,56.452897,58.4445015,56.452897,True,0.02231250674137053,34,64,99848.80709733925,65,65,-11382.707786666839,99848.80709733925,99848.80709733925,0.9955646290810947,AUTO_CORRECT
beta,beta_B,2023-10-24,sure,1,37,60,24,39.071214499999996,40.9869875,39.071214499999996,True,0.05007595694567346,35,60,10751.195833902215,61,61,-624.2651950128711,10751.195833902215,10751.195833902215,0.9718796902072208,AUTO_CORRECT
beta,beta_B,2023-10-25,sure,1,39,63,25,47.416140500000004,46.291788,46.291788,True,0.15129681988327803,40,63,2159.9866545137497,64,64,-241.76812603979016,2159.9866545137497,2159.9866545137497,0.8998593724478595,AUTO_CORRECT
beta,beta_B,2023-10-26,sure,0,-1,-1,0,0.0,0.0,0.0,True,0.019067654030707537,-1,-1,0.0,61,61,-74061.62197646678,,-74061.62197646678,1.1635405218899183e-06,AUTO_KEEP
beta,beta_B,2023-10-27,sure,1,43,53,11,20.334346999999998,28.161607500000002,20.334346999999998,True,0.1288072896884529,39,54,1043.0354139637677,61,61,-1074.1980036100572,1043.0354139637677,1043.0354139637677,0.8299005929719929,AUTO_CORRECT
beta,beta_B,2023-10-28,unsure,0,-1,-1,0,0.0,17.232979999999998,0.0,True,0.03622396371403891,54,67,2039.2312705376482,41,44,-341.68979261950534,2039.2312705376482,2039.2312705376482,0.8954244545146802,AUTO_CORRECT
beta,beta_B,2023-10-29,sure,1,35,65,31,57.730408000000004,59.513021,57.730408000000004,True,0.016868281242517824,34,66,182019.8618191742,67,67,-67578.58344981358,182019.8618191742,182019.8618191742,0.9973161166215133,AUTO_CORRECT
beta,beta_B,2023-10-30,sure,1,36,61,26,48.40753350000001,49.256357,48.40753350000001,True,0.01592919043983443,35,61,149876.77055412586,62,62,-7447.940544348287,149876.77055412586,149876.77055412586,0.9968420830026462,AUTO_CORRECT
beta,beta_B,2023-10-31,sure,1,42,63,22,24.587217000000003,21.7091725,21.7091725,True,0.0044898675090720985,45,63,1399392.6959550718,64,64,-151396.75882281765,1399392.6959550718,1399392.6959550718,0.9995146653579127,AUTO_CORRECT
beta,beta_B,2023-11-01,sure,1,39,65,27,33.017134500000004,26.943054999999994,26.943054999999994,True,0.06653960923427338,44,65,3617.0401487482786,38,42,-2820.5540300048283,3617.0401487482786,3617.0401487482786,0.932662982919643,AUTO_CORRECT
beta,beta_B,2023-11-02,unsure,1,37,66,30,48.620223499999994,51.59273149999999,48.620223499999994,True,0.021927841755542854,34,66,48709.93432527433,67,67,-30714.346632496396,48709.93432527433,48709.93432527433,0.9919268756801921,AUTO_CORRECT
beta,beta_B,2023-11-03,unsure,1,46,65,20,30.64956,30.1200495,30.1200495,True,0.017200736447860798,46,64,71868.47306835194,65,65,-23084.141188884256,71868.47306835194,71868.47306835194,0.9941627759208201,AUTO_CORRECT
beta,beta_B,2023-11-04,unsure,1,39,65,27,41.162901500000004,31.425037000000003,29.786647000000002,True,0.004284625234708628,47,66,1297054.3677412395,40,44,550000.1970617394,747054.1706795001,1297054.3677412395,0.9994827308723213,AUTO_CORRECT
beta,beta_B,2023-11-05,sure,0,-1,-1,0,0.0,0.0,0.0,True,4.2961452878742534e-05,-1,-1,0.0,30,30,-54807926386.26893,,-54807926386.26893,1.3750775451204347e-11,AUTO_KEEP
beta,beta_B,2023-11-06,unsure,0,-1,-1,0,0.0,0.0,0.0,True,4.3888094657162924e-05,-1,-1,0.0,36,42,-64216394.36490906,,-64216394.36490906,3.97355692091802e-09,AUTO_KEEP
beta,beta_B,2023-11-07,sure,1,42,63,22,40.1321285,48.18247749999999,40.1321285,True,0.017610437920303035,38,66,116778.40115894018,37,37,-73825.27276244806,116778.40115894018,116778.40115894018,0.9961089860895683,AUTO_CORRECT
beta,beta_B,2023-11-08,sure,1,36,65,30,55.38522400000001,49.60826,48.79837500000001,True,0.054905110377149846,35,58,19152.107958495744,61,63,2654.6701206367247,16497.43783785902,19152.107958495744,0.9824922965146469,AUTO_CORRECT
beta,beta_B,2023-11-09,unsure,1,36,60,25,43.803332499999996,25.467216999999998,25.467216999999998,True,0.01757781180914364,45,60,135997.4546824936,44,44,-76326.94497210356,135997.4546824936,135997.4546824936,0.9965745677034074,AUTO_CORRECT
beta,beta_B,2023-11-10,sure,1,47,64,18,28.0652695,43.5699635,27.7866765,True,0.07843636282370792,34,63,5785.807377686266,64,64,-367.90775254165544,5785.807377686266,5785.807377686266,0.9535856891014934,AUTO_CORRECT
beta,beta_B,2023-11-11,sure,1,37,56,20,20.467409500000002,22.2649535,20.467409500000002,True,0.019360871807111657,35,56,28537.41571490419,57,57,-8250.006591409727,28537.41571490419,28537.41571490419,0.9874108102990163,AUTO_CORRECT
beta,beta_B,2023-11-12,unsure,0,-1,-1,0,0.0,6.967474499999998,0.0,True,0.06921835515001096,37,56,438.60826985315873,36,36,-2564.8426010999374,438.60826985315873,438.60826985315873,0.7023998532126864,AUTO_CORRECT
beta,beta_B,2023-11-13,unsure,0,-1,-1,0,0.0,5.2146215,0.0,True,0.0984677129210425,61,64,225.80452626130003,47,48,-743.9024740462913,225.80452626130003,225.80452626130003,0.5752122387235818,UNCERTAIN
beta,beta_B,2023-11-14,sure,1,36,60,25,44.54146050000001,56.476252,44.54146050000001,True,0.0394480259269665,34,65,17004.652145587024,33,33,-10979.55282873643,17004.652145587024,17004.652145587024,0.9806896396897812,AUTO_CORRECT
beta,beta_B,2023-11-15,unsure,0,-1,-1,0,0.0,25.39865,0.0,True,0.07996364942817724,38,61,2464.6341364575696,37,37,-2925.833624622983,2464.6341364575696,2464.6341364575696,0.9094044458594014,AUTO_CORRECT
beta,beta_B,2023-11-16,sure,1,42,58,17,17.920948000000003,20.519314,17.920948000000003,True,0.11255359698860001,42,61,1188.363145287207,41,41,-524.475324849712,1188.363145287207,1188.363145287207,0.8447934538214781,AUTO_CORRECT
beta,beta_B,2023-11-17,unsure,1,40,67,28,42.0536075,29.6412445,29.6412445,True,0.09494036731085576,50,67,2946.88487076143,40,46,108.60237177138866,2838.2824989900414,2946.88487076143,0.9210252276094307,AUTO_CORRECT
beta,beta_B,2023-11-18,sure,1,41,67,27,44.736284500000004,47.98200550000001,44.736284500000004,True,0.04187672204556847,38,67,24643.965839580058,68,68,-5799.9335679370715,24643.965839580058,24643.965839580058,0.9857845094893561,AUTO_CORRECT
beta,beta_B,2023-11-19,sure,1,36,62,27,45.7815105,50.102481499999996,45.7815105,True,0.06890774949784273,33,64,7078.566761532626,65,65,-4704.492093480723,7078.566761532626,7078.566761532626,0.9605282892066607,AUTO_CORRECT
beta,beta_B,2023-11-20,sure,0,-1,-1,0,0.0,0.0,0.0,True,0.08014433295661538,-1,-1,0.0,54,54,-1363.1088872419514,,-1363.1088872419514,3.327794563803082e-05,AUTO_KEEP
beta,beta_B,2023-11-21,unsure,0,-1,-1,0,0.0,0.0,0.0,True,0.12452914363655765,-1,-1,0.0,63,63,-227.64729896440073,,-227.64729896440073,0.00014904647522437372,AUTO_KEEP
beta,beta_B,2023-11-22,sure,1,49,64,16,16.769994,20.1853855,16.769994,True,0.04919053930312245,47,65,5724.578946789466,34,34,-10083.75460775643,5724.578946789466,5724.578946789466,0.953188832325317,AUTO_CORRECT
beta,beta_B,2023-11-23,sure,0,-1,-1,0,0.0,0.0,0.0,True,0.004017567156410884,-1,-1,0.0,54,54,-115896.15823021458,,-115896.15823021458,7.989388976465654e-07,AUTO_KEEP
beta,beta_B,2023-11-24,sure,0,-1,-1,0,0.0,0.0,0.0,True,0.05316084268064536,-1,-1,0.0,44,44,-3642.2534021277384,,-3642.2534021277384,1.4587597051800421e-05,AUTO_KEEP
beta,beta_B,2023-11-25,sure,0,-1,-1,0,0.0,0.0,0.0,True,0.049691992941070406,-1,-1,0.0,55,55,-5677.8203884478435,,-5677.8203884478435,1.0049605073817522e-05,AUTO_KEEP
beta,beta_B,2023-11-26,unsure,0,-1,-1,0,0.0,16.769185,0.0,True,0.003663720737994147,36,51,1468360.2154693468,60,61,500318.2947706652,968041.9206986816,1468360.2154693468,0.9995338677297305,AUTO_CORRECT
beta,beta_B,2023-11-27,sure,1,41,56,16,13.799742499999999,25.462115500000003,13.799742499999999,True,0.0036423121239570477,38,59,39096.360392903625,37,37,-334046.3318710093,39096.360392903625,39096.360392903625,0.9903062947615594,AUTO_CORRECT
beta,beta_B,2023-11-28,unsure,0,-1,-1,0,0.0,0.0,0.0,True,0.004297861647558854,-1,-1,0.0,65,65,-3639623.026818754,,-3639623.026818754,4.423223167760855e-08,AUTO_KEEP
beta,beta_B,2023-11-29,unsure,0,-1,-1,0,0.0,36.913423,0.0,True,0.026262422230706406,35,60,26057.364484504025,61,61,-14736.431253544763,26057.364484504025,26057.364484504025,0.98642588265754,AUTO_CORRECT
beta,beta_B,2023-11-30,unsure,0,-1,-1,0,0.0,2.3618335,0.0,True,0.01320461071577661,58,58,20186.973563533975,51,51,10681.63560966419,9505.337953869785,20186.973563533975,0.9832362358350948,AUTO_CORRECT
beta,beta_B,2023-12-01,unsure,0,-1,-1,0,0.0,1.987003,0.0,True,0.1507165773226724,56,57,102.59830107283416,38,46,49.9831404458743,52.61516062695986,102.59830107283416,0.41224665967467894,UNCERTAIN
beta,beta_B,2023-12-02,sure,0,-1,-1,0,0.0,2.493785,0.0,True,0.06041810950115423,44,46,409.75231105926633,66,66,-1564.2706970114014,409.75231105926633,409.75231105926633,0.6903492806572664,UNCERTAIN
beta,beta_B,2023-12-03,unsure,0,-1,-1,0,0.0,28.235524500000004,0.0,True,0.041166123591439785,35,61,11827.714196656496,63,63,4755.699418868211,7072.014777788285,11827.714196656496,0.973988193745455,AUTO_CORRECT
beta,beta_B,2023-12-04,unsure,0,-1,-1,0,0.0,20.270795,0.0,True,0.08235313572888625,39,65,447.375641508549,66,66,-804.3469550967178,447.375641508549,447.375641508549,0.705853689049416,AUTO_CORRECT
beta,beta_B,2023-12-05,sure,1,36,56,21,23.2027875,23.7519245,23.036924,True,0.043339381432229374,35,55,6298.506885037828,56,56,-423.51637267206445,6298.506885037828,6298.506885037828,0.956640024260679,AUTO_CORRECT
beta,beta_B,2023-12-06,sure,1,40,61,22,15.811198999999997,15.881334499999998,15.721710499999997,True,0.024677426361204624,39,60,20607.281916028445,61,61,-663.2276075956722,20607.281916028445,20607.281916028445,0.9835190080429119,AUTO_CORRECT
beta,beta_B,2023-12-07,sure,1,38,48,11,8.0526475,9.181331000000002,8.0526475,True,0.004393654512688805,37,50,340124.5866337865,52,52,-65090.42585740978,340124.5866337865,340124.5866337865,0.9984103919782773,AUTO_CORRECT
beta,beta_B,2023-12-08,sure,0,-1,-1,0,0.0,0.0,0.0,True,0.04652520688774331,-1,-1,0.0,42,42,-4366.157549487554,,-4366.157549487554,1.2528671906170746e-05,AUTO_KEEP
beta,beta_B,2023-12-09,sure,0,-1,-1,0,0.0,0.0,0.0,True,0.10402077897440876,-1,-1,0.0,29,29,-19559.375622328116,,-19559.375622328116,3.558113880439806e-06,AUTO_KEEP
beta,beta_B,2023-12-10,sure,0,-1,-1,0,0.0,0.0,0.0,True,0.14717528742510222,-1,-1,0.0,54,54,-300.98151152185864,,-300.98151152185864,0.00011800678777120793,AUTO_KEEP
beta,beta_B,2023-12-11,unsure,0,-1,-1,0,0.0,0.6426789999999999,0.0,True,0.017234043487346362,42,46,816.1188483287613,47,47,-1008.4584223670562,816.1188483287613,816.1188483287613,0.7988596270725564,AUTO_CORRECT
beta,beta_B,2023-12-12,sure,0,-1,-1,0,0.0,0.0,0.0,True,0.016117123249498988,-1,-1,0.0,53,53,-1050.5322486035113,,-1050.5322486035113,4.140406629513907e-05,AUTO_KEEP
beta,beta_B,2023-12-13,unsure,0,-1,-1,0,0.0,3.243125,0.0,True,0.07000521796901182,45,47,408.9620977572161,43,43,132.45109240028577,276.51100535693035,408.9620977572161,0.6900035822202158,UNCERTAIN
beta,beta_B,2023-12-14,sure,0,-1,-1,0,0.0,0.0,0.0,True,0.11295862537166101,-1,-1,0.0,43,44,-1939.8518160878446,,-1939.8518160878446,2.4750873257776612e-05,AUTO_KEEP
beta,beta_B,2023-12-15,unsure,0,-1,-1,0,0.0,0.0,0.0,True,0.15549428676628452,-1,-1,0.0,44,44,-32.78783699919326,,-32.78783699919326,0.000741688447001013,AUTO_KEEP
beta,beta_B,2023-12-16,sure,0,-1,-1,0,0.0,0.0,0.0,True,0.02174524682078438,-1,-1,0.0,40,40,-33617.872141995,,-33617.872141995,2.2581668499808766e-06,AUTO_KEEP
beta,beta_B,2023-12-17,sure,0,-1,-1,0,0.0,0.0,0.0,True,0.0003645321042862193,-1,-1,0.0,53,53,-31013278.314456172,,-31013278.314456172,7.320756828812169e-09,AUTO_KEEP
beta,beta_B,2023-12-18,unsure,1,48,59,12,29.195366999999997,0.0,0.0,True,0.009621310494761559,-1,-1,0.0,48,48,-261299.70034362536,,-261299.70034362536,4.0373819879759504e-07,AUTO_KEEP
beta,beta_B,2023-12-19,sure,0,-1,-1,0,0.0,0.0,0.0,True,0.009922856366332944,-1,-1,0.0,37,37,-992384.9057242869,,-992384.9057242869,1.3169035700208712e-07,AUTO_KEEP
beta,beta_B,2023-12-20,sure,0,-1,-1,0,0.0,0.0,0.0,True,0.000985657547980523,-1,-1,0.0,58,58,-112818382.26107326,,-112818382.26107326,2.4758021704925377e-09,AUTO_KEEP
beta,beta_B,2023-12-21,sure,0,-1,-1,0,0.0,0.0,0.0,True,0.028786625794975595,-1,-1,0.0,58,58,-2745.858029092705,,-2745.858029092705,1.8490731061182495e-05,AUTO_KEEP
beta,beta_B,2023-12-22,sure,1,37,65,29,43.706059,46.917330500000006,43.706059,True,0.0951110344743924,36,68,3074.3548457268657,35,35,-2104.742514362207,3074.3548457268657,3074.3548457268657,0.9235719270310844,AUTO_CORRECT
beta,beta_B,2023-12-23,sure,1,41,59,19,20.5679075,31.655163,20.5679075,True,0.004565643576105671,36,66,402181.83170724474,35,35,-650536.2493700311,402181.83170724474,402181.83170724474,0.9986187397053891,AUTO_CORRECT
beta,beta_B,2023-12-24,sure,0,-1,-1,0,0.0,7.4934579999999995,0.0,True,0.0007625296912259216,55,62,4193954.1150452704,42,43,-4124152.701761401,4193954.1150452704,4193954.1150452704,0.9998068147804555,AUTO_CORRECT
beta,beta_B,2023-12-25,unsure,0,-1,-1,0,0.0,20.031493499999996,0.0,True,0.0003230112393532991,37,60,79391520.63915722,61,61,-7863090.721561817,79391520.63915722,79391520.63915722,0.9999836380830496,AUTO_CORRECT
beta,beta_B,2023-12-26,sure,0,-1,-1,0,0.0,0.0,0.0,True,0.038710313376704164,-1,-1,0.0,63,64,-1247.4691017426833,,-1247.4691017426833,3.584705382340885e-05,AUTO_KEEP
beta,beta_B,2023-12-27,unsure,0,-1,-1,0,0.0,9.854288,0.0,True,0.12063067382684878,38,54,759.2381630807907,55,55,-601.0221680834142,759.2381630807907,759.2381630807907,0.7889498838683329,AUTO_CORRECT
beta,beta_B,2023-12-28,sure,0,-1,-1,0,0.0,3.7190855,0.0,True,0.08872076385307714,38,47,395.7706282373542,48,48,-221.91241054900476,395.7706282373542,395.7706282373542,0.6840998726421472,UNCERTAIN
beta,beta_B,2023-12-29,sure,0,-1,-1,0,0.0,0.0,0.0,True,0.0003154023618909818,-1,-1,0.0,42,42,-88519519.02225946,,-88519519.02225946,3.034964276067314e-09,AUTO_KEEP
beta,beta_B,2023-12-30,sure,1,39,61,23,21.060048500000004,26.502987,21.060048500000004,True,0.034754831508299944,37,64,14082.176804055507,36,36,-8114.217255030604,14082.176804055507,14082.176804055507,0.9774520903247333,AUTO_CORRECT
beta,beta_B,2023-12-31,sure,0,-1,-1,0,0.0,0.0,0.0,True,0.024976731632979643,-1,-1,0.0,62,62,-33236.6730635477,,-33236.6730635477,2.279889794508552e-06,AUTO_KEEP
beta,beta_B,2024-01-01,sure,0,-1,-1,0,0.0,0.0,0.0,True,0.042613690799767845,-1,-1,0.0,60,60,-6022.671190777814,,-6022.671190777814,9.564326754166539e-06,AUTO_KEEP
beta,beta_B,2024-01-02,sure,0,-1,-1,0,0.0,6.8008535000000006,0.0,True,0.01739808471973525,50,57,29015.001559558616,59,60,137.61063387694364,28877.390925681673,29015.001559558616,0.9875828396171871,AUTO_CORRECT
beta,beta_B,2024-01-03,unsure,1,40,50,11,3.915009999999999,4.79176,3.915009999999999,True,0.09507362161043442,38,54,236.16028841615218,55,55,-69.62116486795775,236.16028841615218,236.16028841615218,0.5843442488147231,UNCERTAIN
beta,beta_B,2024-01-04,unsure,0,-1,-1,0,0.0,0.0,0.0,True,0.0325157020635336,-1,-1,0.0,42,42,-2791.1435915172365,,-2791.1435915172365,1.8238628662511196e-05,AUTO_KEEP
beta,beta_B,2024-01-05,unsure,0,-1,-1,0,0.0,21.510162499999996,0.0,True,0.03477007025364642,39,58,8261.091740985556,38,38,-31616.348689097646,8261.091740985556,8261.091740985556,0.9651617081090419,AUTO_CORRECT
beta,beta_B,2024-01-06,sure,1,42,64,23,23.0136975,34.2967515,23.0136975,True,9.413304512673193e-05,37,66,1579851303.9854732,67,67,-3332290422.3537025,1579851303.9854732,1579851303.9854732,0.9999986713421577,AUTO_CORRECT
beta,beta_B,2024-01-07,unsure,0,-1,-1,0,0.0,18.107127499999997,0.0,True,0.02658892799238277,35,58,7829.449374431926,34,34,-28453.13541479448,7829.449374431926,7829.449374431926,0.9636148404734668,AUTO_CORRECT
beta,beta_B,2024-01-08,sure,0,-1,-1,0,0.0,0.0,0.0,True,0.025669707150552057,-1,-1,0.0,34,34,-14360.108471519126,,-14360.108471519126,4.611862707407163e-06,AUTO_KEEP
beta,beta_B,2024-01-09,sure,0,-1,-1,0,0.0,0.0,0.0,True,0.05386754454013687,-1,-1,0.0,61,61,-1726.2984490048605,,-1726.2984490048605,2.729549904094598e-05,AUTO_KEEP
beta,beta_B,2024-01-10,unsure,0,-1,-1,0,0.0,0.0,0.0,True,0.032133554669287356,-1,-1,0.0,52,52,-16632.86132185527,,-16632.86132185527,4.076709557995265e-06,AUTO_KEEP
beta,beta_B,2024-01-11,unsure,0,-1,-1,0,0.0,0.0,0.0,True,0.1305019728894008,-1,-1,0.0,49,49,-2088.1601470653445,,-2088.1601470653445,2.3267154884742055e-05,AUTO_KEEP
beta,beta_B,2024-01-12,unsure,0,-1,-1,0,0.0,0.0,0.0,True,0.12113709749021329,-1,-1,0.0,47,47,-1.1914440220133526,,-1.1914440220133526,0.007323991883370047,AUTO_KEEP
beta,beta_B,2024-01-13,sure,0,-1,-1,0,0.0,0.0,0.0,True,0.10364841385845303,-1,-1,0.0,41,45,-466.2427611922043,,-466.2427611922043,8.180464801315384e-05,AUTO_KEEP
beta,beta_B,2024-01-14,sure,0,-1,-1,0,0.0,0.0,0.0,True,0.11898045839463744,-1,-1,0.0,38,38,-1528.6657833408115,,-1528.6657833408115,3.022685025551531e-05,AUTO_KEEP
beta,beta_B,2024-01-15,sure,0,-1,-1,0,0.0,0.0,0.0,True,0.11496192657175897,-1,-1,0.0,41,41,-727.6814292262101,,-727.6814292262101,5.633292040614297e-05,AUTO_KEEP
beta,beta_B,2024-01-16,sure,0,-1,-1,0,0.0,0.0,0.0,True,0.0005545030838662868,-1,-1,0.0,53,53,-130069034.79977797,,-130069034.79977797,2.197037523247e-09,AUTO_KEEP
beta,beta_B,2024-01-17,sure,0,-1,-1,0,0.0,0.717629,0.0,True,0.0514885306522368,43,44,340.07194454771286,41,41,-227.71753840191076,340.07194454771286,340.07194454771286,0.6560374595943977,UNCERTAIN
beta,beta_B,2024-01-18,sure,0,-1,-1,0,0.0,0.0,0.0,True,0.05189656766089712,-1,-1,0.0,42,42,-3869.493992852386,,-3869.493992852386,1.386511611896605e-05,AUTO_KEEP
beta,beta_B,2024-01-19,unsure,1,38,63,26,24.358690499999998,20.147810500000006,20.147810500000006,True,0.04980826555008555,42,60,8185.118927604503,62,62,-586.7472789918421,8185.118927604503,8185.118927604503,0.9648999877904311,AUTO_CORRECT
beta,beta_B,2024-01-20,sure,1,43,61,19,24.743228000000002,4.9054155,4.9054155,True,0.07553057734643431,56,57,1886.9361629755945,44,49,-345.10531798214697,1886.9361629755945,1886.9361629755945,0.889166719644112,AUTO_CORRECT
beta,beta_B,2024-01-21,sure,0,-1,-1,0,0.0,0.0,0.0,True,0.10528166217054036,-1,-1,0.0,39,39,-1322.7451844915668,,-1322.7451844915668,3.4127746868136876e-05,AUTO_KEEP
beta,beta_B,2024-01-22,sure,0,-1,-1,0,0.0,0.0,0.0,True,0.10486273115127887,-1,-1,0.0,48,54,-317.5006306665826,,-317.5006306665826,0.0001128471927211217,AUTO_KEEP
beta,beta_B,2024-01-23,unsure,0,-1,-1,0,0.0,26.232268499999996,0.0,True,0.1486799339286744,39,66,307.04255308613074,38,38,-297.4067367741635,307.04255308613074,307.04255308613074,0.6364926946256996,UNCERTAIN
beta,beta_B,2024-01-24,sure,1,39,52,14,11.1443365,12.364098499999999,11.1443365,True,0.0946833851310318,37,53,603.4133510193092,54,54,-147.87311696322877,603.4133510193092,603.4133510193092,0.755107246546436,AUTO_CORRECT
beta,beta_B,2024-01-25,sure,0,-1,-1,0,0.0,0.0,0.0,True,0.1101750888608537,-1,-1,0.0,38,38,-16081.975499648452,,-16081.975499648452,4.193622890824477e-06,AUTO_KEEP
beta,beta_B,2024-01-26,sure,0,-1,-1,0,0.0,0.0,0.0,True,0.08636524698398151,-1,-1,0.0,30,30,-29609.879010711134,,-29609.879010711134,2.5121247553057223e-06,AUTO_KEEP
beta,beta_B,2024-01-27,sure,0,-1,-1,0,0.0,0.0,0.0,True,0.09566234335392654,-1,-1,0.0,47,47,-9824.842694998775,,-9824.842694998775,6.342299654888858e-06,AUTO_KEEP
beta,beta_B,2024-01-28,sure,0,-1,-1,0,0.0,0.0,0.0,True,0.09329314796639387,-1,-1,0.0,41,42,-215.53958493507227,,-215.53958493507227,0.00015601126002189446,AUTO_KEEP
beta,beta_B,2024-01-29,sure,0,-1,-1,0,0.0,0.0,0.0,True,0.06680538004163239,-1,-1,0.0,42,42,-725.7511945400228,,-725.7511945400228,5.645849740906363e-05,AUTO_KEEP
beta,beta_B,2024-01-30,sure,0,-1,-1,0,0.0,0.0,0.0,True,0.1395403452761661,-1,-1,0.0,47,49,-3466.707482545859,,-3466.707482545859,1.520509024200262e-05,AUTO_KEEP
beta,beta_B,2024-01-31,sure,0,-1,-1,0,0.0,0.0,0.0,True,0.15464002750737293,-1,-1,0.0,43,43,-525.8703186029778,,-525.8703186029778,7.39588429861135e-05,AUTO_KEEP
beta,beta_B,2024-02-01,sure,0,-1,-1,0,0.0,0.0,0.0,True,0.10440628050001255,-1,-1,0.0,55,55,-663.7261725819449,,-663.7261725819449,6.0849024033365155e-05,AUTO_KEEP
beta,beta_B,2024-02-02,sure,0,-1,-1,0,0.0,0.0,0.0,True,0.11176359800425395,-1,-1,0.0,46,46,-609.1484311847571,,-609.1484311847571,6.538657347888482e-05,AUTO_KEEP
beta,beta_B,2024-02-03,unsure,0,-1,-1,0,0.0,1.736507,0.0,True,0.07804093771083132,58,62,268.1178706328407,63,63,-123.44069432370969,268.1178706328407,268.1178706328407,0.6098690038095216,UNCERTAIN
beta,beta_B,2024-02-04,sure,0,-1,-1,0,0.0,0.0,0.0,True,0.16650978924882498,-1,-1,0.0,38,38,-2.168716622117825,,-2.168716622117825,0.005384445627036812,AUTO_KEEP
beta,beta_B,2024-02-05,sure,0,-1,-1,0,0.0,0.0,0.0,True,0.1734358841166035,-1,-1,0.0,33,33,-7843.703114699687,,-7843.703114699687,7.662092516318181e-06,AUTO_KEEP
beta,beta_B,2024-02-06,sure,0,-1,-1,0,0.0,0.0,0.0,True,0.06779095283382475,-1,-1,0.0,46,52,-16255.032772741077,,-16255.032772741077,4.156110422692877e-06,AUTO_KEEP
beta,beta_B,2024-02-07,sure,0,-1,-1,0,0.0,0.0,0.0,True,0.07376629695899428,-1,-1,0.0,42,42,-12454.713395123648,,-12454.713395123648,5.19727655728688e-06,AUTO_KEEP
beta,beta_B,2024-02-08,sure,0,-1,-1,0,0.0,0.0,0.0,True,0.025167267944055993,-1,-1,0.0,40,43,-3618.8698456431234,,-3618.8698456431234,1.466666689598616e-05,AUTO_KEEP
beta,beta_B,2024-02-09,unsure,0,-1,-1,0,0.0,20.772671000000003,0.0,True,0.06855521353311644,39,59,2060.4514204794773,61,61,-1077.4521067215742,2060.4514204794773,2060.4514204794773,0.8962350941897991,AUTO_CORRECT
beta,beta_B,2024-02-10,unsure,0,-1,-1,0,0.0,23.230508,0.0,True,0.025257707855662836,45,67,11008.541737110834,68,68,-26499.61971917983,11008.541737110834,11008.541737110834,0.9724173188746068,AUTO_CORRECT
beta,beta_B,2024-02-11,sure,0,-1,-1,0,0.0,0.0,0.0,True,0.12395133634888822,-1,-1,0.0,45,45,-6049.928198496031,,-6049.928198496031,9.528143792399351e-06,AUTO_KEEP
beta,beta_B,2024-02-12,sure,1,46,53,3,0.9829325,4.414104,0.0,True,0.1296348347739853,40,45,334.04754902521984,48,57,88.6972137819039,245.35033524331595,334.04754902521984,0.6526535503830844,UNCERTAIN
beta,beta_B,2024-02-13,unsure,0,-1,-1,0,0.0,0.0,0.0,True,0.11262423617532225,-1,-1,0.0,44,47,-2.4152341191788538,,-2.4152341191788538,0.005057867530627719,AUTO_KEEP
beta,beta_B,2024-02-14,sure,0,-1,-1,0,0.0,0.0,0.0,True,0.147685561782958,-1,-1,0.0,45,45,-89.40665770226022,,-89.40665770226022,0.00032475096738197873,AUTO_KEEP
beta,beta_B,2024-02-15,sure,0,-1,-1,0,0.0,0.0,0.0,True,0.09209381415609741,-1,-1,0.0,44,44,-4909.6098065782635,,-4909.6098065782635,1.135382908889381e-05,AUTO_KEEP
beta,beta_B,2024-02-16,unsure,0,-1,-1,0,0.0,40.968852999999996,0.0,True,0.16909220107983636,43,64,222.55670254737666,66,66,-411.806881261026,222.55670254737666,222.55670254737666,0.5722508190432845,UNCERTAIN
beta,beta_B,2024-02-17,sure,0,-1,-1,0,0.0,0.0,0.0,True,0.160202604737667,-1,-1,0.0,44,44,-206.6038467373437,,-206.6038467373437,0.00016162876396499788,AUTO_KEEP
beta,beta_B,2024-02-18,sure,0,-1,-1,0,0.0,0.0,0.0,True,0.04687850633285073,-1,-1,0.0,48,48,-5272.490260278258,,-5272.490260278258,1.0694198752709594e-05,AUTO_KEEP
beta,beta_B,2024-02-19,sure,0,-1,-1,0,0.0,0.0,0.0,True,0.09287305421058267,-1,-1,0.0,62,62,-6417.998183192951,,-6417.998183192951,9.06730726204592e-06,AUTO_KEEP
beta,beta_B,2024-02-20,unsure,0,-1,-1,0,0.0,13.1269675,0.0,True,0.10355418150899531,45,60,259.3373538216843,61,61,-1076.0186322394425,259.3373538216843,259.3373538216843,0.603223149338966,UNCERTAIN
beta,beta_B,2024-02-21,unsure,0,-1,-1,0,0.0,7.2188435,0.0,True,0.06612650907573947,42,51,1224.1567850576414,63,63,-293.7668883339308,1224.1567850576414,1224.1567850576414,0.8480294206867696,AUTO_CORRECT
beta,beta_B,2024-02-22,unsure,1,46,54,9,4.330811000000001,4.695164,4.330811000000001,True,0.1719364065598299,45,54,124.9559927202685,55,55,-32.944276551858614,124.9559927202685,124.9559927202685,0.4524863081905924,UNCERTAIN
beta,beta_B,2024-02-23,sure,0,-1,-1,0,0.0,0.0,0.0,True,0.0838125201398876,-1,-1,0.0,39,42,-8361.33185924399,,-8361.33185924399,7.261889497131685e-06,AUTO_KEEP
beta,beta_B,2024-02-24,sure,0,-1,-1,0,0.0,0.0,0.0,True,0.045556977565986756,-1,-1,0.0,62,62,-42305.49222073827,,-42305.49222073827,1.861873796261293e-06,AUTO_KEEP
beta,beta_B,2024-02-25,sure,0,-1,-1,0,0.0,0.0,0.0,True,0.02955971103382371,-1,-1,0.0,42,45,-2867.434318296997,,-2867.434318296997,1.7830509355910047e-05,AUTO_KEEP
beta,beta_B,2024-02-26,unsure,1,40,51,12,8.9378485,8.9378485,8.9378485,True,0.046652452475809625,40,51,2045.114825494918,52,52,-580.5687176714008,2045.114825494918,2045.114825494918,0.8956506163596433,AUTO_CORRECT
beta,beta_B,2024-02-27,sure,0,-1,-1,0,0.0,0.0,0.0,True,0.06487593425252669,-1,-1,0.0,46,49,-12420.992145289387,,-12420.992145289387,5.20911874506637e-06,AUTO_KEEP
beta,beta_B,2024-02-28,unsure,0,-1,-1,0,0.0,1.1927955000000001,0.0,True,0.06012422015446095,45,50,270.7326952908072,51,51,-28.887663457009527,270.7326952908072,270.7326952908072,0.6117987339954922,UNCERTAIN
beta,beta_B,2024-02-29,sure,0,-1,-1,0,0.0,0.0,0.0,True,0.10892458303149599,-1,-1,0.0,42,42,-7746.437701941645,,-7746.437701941645,7.742769430755456e-06,AUTO_KEEP
beta,beta_B,2024-03-01,sure,0,-1,-1,0,0.0,0.0,0.0,True,0.1297242070053155,-1,-1,0.0,45,46,-192.83184516045046,,-192.83184516045046,0.00017121481679796766,AUTO_KEEP
beta,beta_B,2024-03-02,sure,0,-1,-1,0,0.0,0.0,0.0,True,0.12020046268423101,-1,-1,0.0,45,45,-8555.735171786473,,-8555.735171786473,7.123124312796605e-06,AUTO_KEEP
beta,beta_B,2024-03-03,unsure,0,-1,-1,0,0.0,0.6322035,0.0,True,0.060110604823846,45,45,33.49342354479368,55,55,-114.00916778307335,33.49342354479368,33.49342354479368,0.2178960507217213,AUTO_KEEP
beta,beta_B,2024-03-04,unsure,0,-1,-1,0,0.0,0.0,0.0,True,0.05759637917778093,-1,-1,0.0,44,45,-983.6814532479148,,-983.6814532479148,4.3751338748089416e-05,AUTO_KEEP
beta,beta_B,2024-03-05,sure,1,50,57,6,5.475709500000001,23.311105500000004,5.475709500000001,True,0.08106802248136091,38,65,1197.3411173341744,66,66,-826.1429421294611,1197.3411173341744,1197.3411173341744,0.8456194632207324,AUTO_CORRECT
beta,beta_B,2024-03-06,sure,1,39,59,21,26.653652,27.33316,26.4307345,True,0.1032184123503006,38,58,2034.654202166987,59,59,-321.66173475887547,2034.654202166987,2034.654202166987,0.8952477616718554,AUTO_CORRECT
beta,beta_B,2024-03-07,unsure,0,-1,-1,0,0.0,3.5917675000000004,0.0,True,0.11176286158345139,41,55,96.04388076192284,56,56,-47.7133205685437,96.04388076192284,96.04388076192284,0.39901864210806665,UNCERTAIN
beta,beta_B,2024-03-08,unsure,0,-1,-1,0,0.0,4.945722500000001,0.0,True,0.11150575649224059,47,58,82.62871917631477,59,59,-32.06756168708182,82.62871917631477,82.62871917631477,0.36947746743908433,UNCERTAIN
beta,beta_B,2024-03-09,unsure,0,-1,-1,0,0.0,0.0,0.0,True,0.05410556369951447,-1,-1,0.0,58,58,-37.867585736478276,,-37.867585736478276,0.0006594631184463505,AUTO_KEEP
beta,beta_B,2024-03-10,unsure,0,-1,-1,0,0.0,0.0,0.0,True,0.07734584811307066,-1,-1,0.0,50,50,-360.9092482441266,,-360.9092482441266,0.00010137019598400252,AUTO_KEEP
beta,beta_B,2024-03-11,unsure,1,43,59,17,10.689302000000001,11.2018065,10.546264,True,0.16274500673410142,42,58,209.8798019456792,59,59,-60.79555146280695,209.8798019456792,209.8798019456792,0.5602140622373664,UNCERTAIN
beta,beta_B,2024-03-12,sure,1,40,57,18,17.0963155,18.135827,17.053365,True,0.016191973820138372,38,56,46215.494605226835,57,57,-551.1405254813947,46215.494605226835,46215.494605226835,0.9915656877575144,AUTO_CORRECT
beta,beta_B,2024-03-13,unsure,0,-1,-1,0,0.0,20.554492,0.0,True,0.14020239270205348,39,56,731.5204906233906,58,58,-249.3047817133316,731.5204906233906,731.5204906233906,0.7837112548747409,AUTO_CORRECT
beta,beta_B,2024-03-14,unsure,1,41,60,20,13.904038,14.393425,13.904038,True,0.0849043076732574,40,61,1816.9105443884148,62,62,-0.03790587357926744,1816.9105443884148,1816.9105443884148,0.8860007657116103,AUTO_CORRECT
beta,beta_B,2024-03-15,unsure,0,-1,-1,0,0.0,8.259814,0.0,True,0.009826552031896085,53,60,136900.31145826177,43,48,36193.939257126476,100706.3722011353,136900.31145826177,0.9965934787458098,AUTO_CORRECT
beta,beta_B,2024-03-16,sure,0,-1,-1,0,0.0,0.0,0.0,True,0.0006018639002007831,-1,-1,0.0,56,56,-7173405.619308044,,-7173405.619308044,2.5023787203120295e-08,AUTO_KEEP
beta,beta_B,2024-03-17,sure,0,-1,-1,0,0.0,5.4809095,0.0,True,0.07453916693524487,46,52,901.0623990649992,53,53,-1919.9158296542375,901.0623990649992,901.0623990649992,0.8118707332745856,AUTO_CORRECT
beta,beta_B,2024-03-18,unsure,0,-1,-1,0,0.0,2.5679814999999997,0.0,True,0.07694542106293767,59,62,886.3873395435379,58,58,-679.2331010190338,886.3873395435379,886.3873395435379,0.8097584798338444,AUTO_CORRECT
beta,beta_B,2024-03-19,sure,1,49,62,14,14.315040499999999,14.184607999999999,14.184607999999999,True,0.01705774087993195,49,61,68237.68906273396,62,62,-2219.344379860045,68237.68906273396,68237.68906273396,0.9939047040556076,AUTO_CORRECT
beta,beta_B,2024-03-20,sure,0,-1,-1,0,0.0,0.0,0.0,True,0.16322465362943905,-1,-1,0.0,60,60,-3156.053723270901,,-3156.053723270901,1.6451611442436286e-05,AUTO_KEEP
beta,beta_B,2024-03-21,unsure,1,40,66,27,34.565946999999994,36.099546,33.9688075,True,0.17017102561846542,41,68,1013.4390107339858,40,40,-416.76552204049426,1013.4390107339858,1013.4390107339858,0.8264652160421802,AUTO_CORRECT
beta,beta_B,2024-03-22,unsure,0,-1,-1,0,0.0,0.0,0.0,True,0.16325516753456437,-1,-1,0.0,58,59,-224.66419229975395,,-224.66419229975395,0.00015069860569633093,AUTO_KEEP
beta,beta_B,2024-03-23,unsure,0,-1,-1,0,0.0,6.0989450000000005,0.0,True,0.1054829230427412,47,51,256.1648664756574,53,58,-543.5413300049921,256.1648664756574,256.1648664756574,0.6007568501189456,UNCERTAIN
beta,beta_B,2024-03-24,unsure,1,44,60,17,18.870060499999997,10.7763565,8.249531000000001,True,0.0006277873931006539,41,50,23338740.088799745,54,54,-7905873.531987065,23338740.088799745,23338740.088799745,0.9999542700082273,AUTO_CORRECT
beta,beta_B,2024-03-25,sure,1,40,62,23,29.810543500000005,29.1716935,28.4219815,True,0.018938444315543812,39,59,58976.00166696688,61,61,-3888.1664081460667,58976.00166696688,58976.00166696688,0.9931161224416838,AUTO_CORRECT
beta,beta_B,2024-03-26,sure,1,43,61,19,22.0373505,22.0373505,22.0373505,True,0.08611614779679488,43,61,1945.6080985572366,62,62,-409.4947966284087,1945.6080985572366,1945.6080985572366,0.8916735780500735,AUTO_CORRECT
beta,beta_B,2024-03-27,unsure,0,-1,-1,0,0.0,22.841614000000003,0.0,True,0.12535268538392685,43,64,16.453288495478187,42,42,-502.31899315262075,16.453288495478187,16.453288495478187,0.13588498447313344,AUTO_KEEP
beta,beta_B,2024-03-28,unsure,0,-1,-1,0,0.0,7.260661499999999,0.0,True,0.13785057039998616,46,56,191.06910878764344,39,43,-194.64314071177006,191.06910878764344,191.06910878764344,0.5408065945576983,UNCERTAIN
beta,beta_B,2024-03-29,unsure,0,-1,-1,0,0.0,4.2726595000000005,0.0,True,0.0008263662897460833,54,57,9753297.420974342,60,64,-2975591.5315902918,9753297.420974342,9753297.420974342,0.9999048732955829,AUTO_CORRECT
beta,beta_B,2024-03-30,sure,1,41,61,21,14.274229,25.8626795,14.274229,True,2.518447209487462e-05,34,69,25386167925.239307,33,33,-34623565364.06381,25386167925.239307,25386167925.239307,0.999999870893947,AUTO_CORRECT
beta,beta_B,2024-03-31,unsure,0,-1,-1,0,0.0,10.160956,0.0,True,0.01732969232330639,54,59,28833.731972341913,39,52,-9424.280703630493,28833.731972341913,28833.731972341913,0.9875181554036706,AUTO_CORRECT
beta,beta_B,2024-04-01,sure,1,39,61,23,25.758409999999998,25.42532,25.42532,True,0.0004827224051831003,39,60,67017172.376910746,61,61,-11408250.040222855,67017172.376910746,67017172.376910746,0.9999811369006734,AUTO_CORRECT
beta,beta_B,2024-04-02,sure,0,-1,-1,0,0.0,0.0,0.0,True,0.07541106130325126,-1,-1,0.0,43,45,-238.9860688873926,,-238.9860688873926,0.00014311238879937205,AUTO_KEEP
beta,beta_B,2024-04-03,sure,1,39,63,25,35.059832,36.658752500000006,35.059832,True,0.12370393335375507,38,64,1476.2810236712023,65,65,-939.1500874242242,1476.2810236712023,1476.2810236712023,0.8671895765270832,AUTO_CORRECT
beta,beta_B,2024-04-04,sure,0,-1,-1,0,0.0,0.0,0.0,True,0.08609929692721341,-1,-1,0.0,48,48,-15085.040166272345,,-15085.040166272345,4.425078690515139e-06,AUTO_KEEP
beta,beta_B,2024-04-05,sure,0,-1,-1,0,0.0,0.0,0.0,True,0.11114485539638341,-1,-1,0.0,24,24,-11749.79706708861,,-11749.79706708861,5.457793572742212e-06,AUTO_KEEP
beta,beta_B,2024-04-06,sure,1,41,64,24,31.053282,31.812291000000002,31.053282,True,0.08154931674021615,40,64,3533.3104295020494,65,65,-1383.4706545050515,3533.3104295020494,3533.3104295020494,0.9314179091175667,AUTO_CORRECT
beta,beta_B,2024-04-07,sure,1,37,58,22,32.69853199999999,32.69853199999999,32.69853199999999,True,0.08852740114631974,37,58,3547.001312593935,59,59,-1487.3480588822936,3547.001312593935,3547.001312593935,0.9316249588275314,AUTO_CORRECT
beta,beta_B,2024-04-08,unsure,0,-1,-1,0,0.0,5.3144754999999995,0.0,True,0.042194730284729864,45,47,7714.160180150969,38,43,1788.835156195959,5925.32502395501,7714.160180150969,0.9631757076249866,AUTO_CORRECT
beta,beta_B,2024-04-09,sure,1,35,58,24,40.618090499999994,40.486446,39.6499185,True,0.0775337432983596,34,57,5695.376116013382,59,61,-2620.679919064758,5695.376116013382,5695.376116013382,0.9529969082688168,AUTO_CORRECT
beta,beta_B,2024-04-10,unsure,1,36,60,25,39.9435375,19.974680499999998,19.974680499999998,True,0.07965612810540446,48,57,3986.022414019884,35,42,567.3695270306229,3418.652886989261,3986.022414019884,0.9376061466546696,AUTO_CORRECT
beta,beta_B,2024-04-11,sure,1,35,61,27,53.031768,53.753251,53.031768,True,0.11495262994609945,35,62,3925.0652186204165,34,34,-1087.2996204032795,3925.0652186204165,3925.0652186204165,0.9368451557780411,AUTO_CORRECT
beta,beta_B,2024-04-12,sure,1,35,52,18,22.988468999999995,35.088837,22.988468999999995,True,0.1106502554590234,35,62,1150.1998464580688,34,34,-1315.1386164925811,1150.1998464580688,1150.1998464580688,0.8411694626470948,AUTO_CORRECT
beta,beta_B,2024-04-13,unsure,1,37,60,24,31.568571499999997,32.4121105,31.568571499999997,True,0.11366287255304819,36,60,1187.273728863655,61,61,-872.6115654215743,1187.273728863655,1187.273728863655,0.8446925530113015,AUTO_CORRECT
beta,beta_B,2024-04-14,sure,1,37,57,21,31.4945365,33.8202535,30.9586805,True,0.0010353748780733696,34,56,26291561.143353835,57,57,-10006632.972701915,26291561.143353835,26291561.143353835,0.9999586223162737,AUTO_CORRECT
beta,beta_B,2024-04-15,sure,1,38,56,19,29.104353,32.0936395,29.104353,True,0.060455937407643656,37,57,7636.888944366805,36,36,-4334.080801354563,7636.888944366805,7636.888944366805,0.9628747967149239,AUTO_CORRECT
beta,beta_B,2024-04-16,unsure,0,-1,-1,0,0.0,20.426952,0.0,True,0.032121727726429405,42,58,8908.321165503296,62,62,-23536.630764508158,8908.321165503296,8908.321165503296,0.9672291718159443,AUTO_CORRECT
beta,beta_B,2024-04-17,unsure,0,-1,-1,0,0.0,16.26915,0.0,True,0.014523216722105659,48,60,3970.1512047202023,38,46,-73788.7402625631,3970.1512047202023,3970.1512047202023,0.9374099613976382,AUTO_CORRECT
beta,beta_B,2024-04-18,sure,1,40,55,16,27.5263605,25.895345999999996,25.895345999999996,True,0.0024688294446355563,41,54,5249695.493019695,37,37,362165.58272608503,4887529.910293611,5249695.493019695,0.9998399983030842,AUTO_CORRECT
beta,beta_B,2024-04-19,sure,1,37,50,14,26.233731499999998,26.9326455,26.233731499999998,True,0.11255561795401459,36,50,2796.5713582239678,35,35,-843.604960448732,2796.5713582239678,2796.5713582239678,0.9177695520528503,AUTO_CORRECT
beta,beta_B,2024-04-20,sure,0,-1,-1,0,0.0,0.0,0.0,True,0.00014529045327416057,-1,-1,0.0,45,45,-3337593550.7264886,,-3337593550.7264886,1.4411535584178503e-10,AUTO_KEEP
beta,beta_B,2024-04-21,sure,0,-1,-1,0,0.0,0.0,0.0,True,0.049594949460692206,-1,-1,0.0,56,59,-2206.0482613233103,,-2206.0482613233103,2.2219233012131168e-05,AUTO_KEEP
beta,beta_B,2024-04-22,sure,1,37,60,24,33.150054499999996,35.88638350000001,33.150054499999996,True,0.08701518786915496,35,61,2102.490870737225,62,62,-2438.2333836590174,2102.490870737225,2102.490870737225,0.897800722113373,AUTO_CORRECT
beta,beta_B,2024-04-23,sure,1,37,59,23,42.387837,43.686881500000005,42.387837,True,0.06978168648862049,36,60,8228.279304432996,61,61,-1657.4364313553606,8228.279304432996,8228.279304432996,0.9650491997703292,AUTO_CORRECT
beta,beta_B,2024-04-24,unsure,0,-1,-1,0,0.0,0.0,0.0,True,0.1074201088131792,-1,-1,0.0,40,44,-227.88498058323472,,-227.88498058323472,0.000148916544459626,AUTO_KEEP
beta,beta_B,2024-04-25,unsure,0,-1,-1,0,0.0,27.375125499999996,0.0,True,0.07528456025258556,37,53,4835.366197500302,55,60,-38.93569353129547,4835.366197500302,4835.366197500302,0.9464445062630878,AUTO_CORRECT
beta,beta_B,2024-04-26,sure,1,37,60,24,39.9371675,41.621302500000006,39.9371675,True,0.055414438669370014,36,61,10308.134741245036,62,62,-6202.704319187479,10308.134741245036,10308.134741245036,0.9708979425530943,AUTO_CORRECT
beta,beta_B,2024-04-27,sure,1,38,58,21,27.348129,30.12725,27.348129,True,0.06049975512145522,38,61,4798.603927298338,37,37,-6179.142463708942,4798.603927298338,4798.603927298338,0.9461188788597131,AUTO_CORRECT
beta,beta_B,2024-04-28,sure,1,39,59,21,34.158351999999994,36.8696245,34.158351999999994,True,0.08198811368377079,37,60,4907.900106604047,61,61,-1793.1988029029533,4907.900106604047,4907.900106604047,0.9470744518155639,AUTO_CORRECT
beta,beta_B,2024-04-29,sure,1,40,56,17,28.841848499999998,38.99636149999999,27.9136675,True,0.09433030911841822,41,61,3250.8203065432667,34,39,-2154.335447782998,3250.8203065432667,3250.8203065432667,0.9268134293838605,AUTO_CORRECT
beta,beta_B,2024-04-30,sure,0,-1,-1,0,0.0,0.0,0.0,True,0.16459495605632934,-1,-1,0.0,46,46,-403.59646957335,,-403.59646957335,9.231276487637699e-05,AUTO_KEEP
beta,beta_B,2024-05-01,sure,0,-1,-1,0,0.0,0.0,0.0,True,0.021376344689116422,-1,-1,0.0,41,41,-147368.60160816205,,-147368.60160816205,6.530107156882683e-07,AUTO_KEEP
beta,beta_B,2024-05-02,sure,0,-1,-1,0,0.0,0.0,0.0,True,0.1384586920334474,-1,-1,0.0,44,49,-473.5695918102874,,-473.5695918102874,8.074309796146278e-05,AUTO_KEEP
beta,beta_B,2024-05-03,unsure,0,-1,-1,0,0.0,26.911684500000003,0.0,True,0.14966081712964474,39,58,296.53741696227644,38,38,-901.8342244970021,296.53741696227644,296.53741696227644,0.6297264113934443,UNCERTAIN
beta,beta_B,2024-05-04,sure,0,-1,-1,0,0.0,0.0,0.0,True,0.0232452120646931,-1,-1,0.0,42,42,-7732.196325090846,,-7732.196325090846,7.754738551281996e-06,AUTO_KEEP
beta,beta_B,2024-05-05,sure,0,-1,-1,0,0.0,0.0,0.0,True,6.636484109634466e-05,-1,-1,0.0,24,24,-30374255609.411854,,-30374255609.411854,2.2570049243754386e-11,AUTO_KEEP
beta,beta_B,2024-05-06,sure,0,-1,-1,0,0.0,0.0,0.0,True,0.028445509760611998,-1,-1,0.0,39,39,-30428.9201310364,,-30428.9201310364,2.4552352421744794e-06,AUTO_KEEP
beta,beta_B,2024-05-07,unsure,0,-1,-1,0,0.0,0.0,0.0,True,0.10359794312907233,-1,-1,0.0,43,58,-186.5814266008003,,-186.5814266008003,0.00017599095395176784,AUTO_KEEP
beta,beta_B,2024-05-08,unsure,0,-1,-1,0,0.0,13.956173999999999,0.0,True,0.07804313883534775,44,54,2316.7018992785925,56,59,-392.94416605089344,2316.7018992785925,2316.7018992785925,0.9050328439802446,AUTO_CORRECT
beta,beta_B,2024-05-09,unsure,0,-1,-1,0,0.0,0.0,0.0,True,0.15065088749391986,-1,-1,0.0,43,48,-356.340651397136,,-356.340651397136,0.00010245702981184678,AUTO_KEEP
beta,beta_B,2024-05-10,unsure,0,-1,-1,0,0.0,3.9480575,0.0,True,0.08611982851991495,54,57,465.80547158235726,47,47,-2644.084675307787,465.80547158235726,465.80547158235726,0.7128258530482021,AUTO_CORRECT
beta,beta_B,2024-05-11,sure,0,-1,-1,0,0.0,0.0,0.0,True,0.009650296646026568,-1,-1,0.0,56,56,-1070569.6986637202,,-1070569.6986637202,1.2356742168787456e-07,AUTO_KEEP
beta,beta_B,2024-05-12,sure,0,-1,-1,0,0.0,0.0,0.0,True,5.167554321428014e-05,-1,-1,0.0,54,57,-1778769143.0750349,,-1778769143.0750349,2.444374175495283e-10,AUTO_KEEP
beta,beta_B,2024-05-13,sure,0,-1,-1,0,0.0,0.0,0.0,True,0.003466151764443204,-1,-1,0.0,40,43,-603284.5036367254,,-603284.5036367254,1.9999843232306675e-07,AUTO_KEEP
beta,beta_B,2024-05-14,sure,1,40,58,19,29.114088999999996,34.288402000000005,29.114088999999996,True,0.0010348099275789835,38,61,17357886.288233146,37,37,-13339600.080365045,17357886.288233146,17357886.288233146,0.999941366770752,AUTO_CORRECT
beta,beta_B,2024-05-15,unsure,1,40,56,17,18.7168885,24.424017,18.7168885,True,0.03802292648790484,37,60,1618.8830590541243,61,61,-14351.070367439894,1618.8830590541243,1618.8830590541243,0.8758494124343291,AUTO_CORRECT
beta,beta_B,2024-05-16,unsure,1,40,55,16,16.163852000000002,0.0,0.0,True,0.08352227205884777,-1,-1,0.0,41,57,-293.1938429507891,,-293.1938429507891,0.00012062349381906115,AUTO_KEEP
beta,beta_B,2024-05-17,sure,1,37,58,22,32.3077285,33.1256405,32.3077285,True,0.03669066545812161,37,59,20833.72525735364,60,60,-9873.33837779969,20833.72525735364,20833.72525735364,0.9836670633082252,AUTO_CORRECT
beta,beta_B,2024-05-18,sure,0,-1,-1,0,0.0,0.0,0.0,True,0.002075666635986906,-1,-1,0.0,43,43,-1202347.9443048022,,-1202347.9443048022,1.1209300845982293e-07,AUTO_KEEP
beta,beta_B,2024-05-19,unsure,0,-1,-1,0,0.0,13.391664500000001,0.0,True,0.0002176493756040898,45,58,64651210.17716405,44,44,-354135510.2586159,64651210.17716405,64651210.17716405,0.9999805590482341,AUTO_CORRECT
beta,beta_B,2024-05-20,unsure,0,-1,-1,0,0.0,0.0,0.0,True,0.16164268895348144,-1,-1,0.0,50,50,-475.4895741124205,,-475.4895741124205,8.046988874515685e-05,AUTO_KEEP
beta,beta_B,2024-05-21,sure,0,-1,-1,0,0.0,0.0,0.0,True,0.0010282825910303828,-1,-1,0.0,43,43,-9372492.381532447,,-9372492.381532447,1.9992068261052735e-08,AUTO_KEEP
beta,beta_B,2024-05-22,sure,1,41,58,18,23.710461,25.1302655,23.710461,True,0.19915764269390834,40,59,331.9687307621465,39,39,-215.69566635631122,331.9687307621465,331.9687307621465,0.6514680751904733,UNCERTAIN
beta,beta_B,2024-05-23,sure,1,46,58,13,15.609454499999998,16.417198499999998,15.609454499999998,True,0.1469420463346749,46,59,197.63123331030008,60,60,-581.3529312220941,197.63123331030008,197.63123331030008,0.5478021354416431,UNCERTAIN
beta,beta_B,2024-05-24,sure,1,41,52,12,13.7514485,17.197338,13.7514485,True,0.18140716812228153,41,55,118.38754201731379,40,40,-228.80453315555476,118.38754201731379,118.38754201731379,0.4413724930136126,UNCERTAIN
beta,beta_B,2024-05-25,sure,0,-1,-1,0,0.0,0.0,0.0,True,0.13796343757644625,-1,-1,0.0,51,51,-969.5367734490513,,-969.5367734490513,4.428601196974108e-05,AUTO_KEEP
beta,beta_B,2024-05-26,unsure,1,41,55,15,13.254786500000002,14.7956845,13.254786500000002,True,0.15537308438777941,41,57,125.22475292767483,40,40,-498.6635891163956,125.22475292767483,125.22475292767483,0.4529296726805056,UNCERTAIN
beta,beta_B,2024-05-27,unsure,1,44,54,11,12.9661,15.494498499999999,12.2570245,True,0.0012066819016354202,40,53,280533.96202491224,54,54,-7226306.704593649,280533.96202491224,280533.96202491224,0.9981319082477969,AUTO_CORRECT
beta,beta_B,2024-05-28,sure,1,41,58,18,21.635304999999995,22.344222499999994,21.635304999999995,True,0.14169312529006284,41,59,575.3393868380696,40,40,-357.376951283619,575.3393868380696,575.3393868380696,0.7476484294957848,AUTO_CORRECT
beta,beta_B,2024-05-29,sure,1,42,56,15,19.8286845,24.066148999999996,19.8286845,True,0.034702680730433144,40,59,6936.122126200186,39,39,-14093.407199557394,6936.122126200186,6936.122126200186,0.9598762135750185,AUTO_CORRECT
beta,beta_B,2024-05-30,sure,1,42,56,15,18.461276499999997,19.513969,17.871639999999996,True,0.03254398927305502,40,55,10227.773593088361,56,56,-7894.323970504587,10227.773593088361,10227.773593088361,0.9707117321238578,AUTO_CORRECT
beta,beta_B,2024-05-31,sure,0,-1,-1,0,0.0,0.0,0.0,True,0.05229543088118227,-1,-1,0.0,43,43,-46475.566749928126,,-46475.566749928126,1.7205783627103565e-06,AUTO_KEEP
beta,beta_B,2024-06-01,sure,0,-1,-1,0,0.0,0.0,0.0,True,0.03715033363250697,-1,-1,0.0,24,24,-111303.39629764218,,-111303.39629764218,8.26525464988985e-07,AUTO_KEEP
beta,beta_B,2024-06-02,sure,0,-1,-1,0,0.0,0.0,0.0,True,0.1494645732688804,-1,-1,0.0,41,41,-6483.604962961837,,-6483.604962961837,8.99022865452309e-06,AUTO_KEEP
beta,beta_B,2024-06-03,unsure,0,-1,-1,0,0.0,0.0,0.0,True,0.20913068594351714,-1,-1,0.0,42,48,-31.88148666110084,,-31.88148666110084,0.0007588014243775568,AUTO_KEEP
beta,beta_B,2024-06-04,unsure,0,-1,-1,0,0.0,0.7542355,0.0,True,0.2518037319910107,53,53,66.38206759974638,41,43,-75.80668973093876,66.38206759974638,66.38206759974638,0.32831716232819036,UNCERTAIN
beta,beta_B,2024-06-05,unsure,0,-1,-1,0,0.0,4.866133,0.0,True,0.04170175726494563,46,49,1436.007707531382,41,44,-5136.986787761437,1436.007707531382,1436.007707531382,0.8644941604728313,AUTO_CORRECT
beta,beta_B,2024-06-06,unsure,0,-1,-1,0,0.0,0.0,0.0,True,0.048959082681869326,-1,-1,0.0,41,55,-1832.691104762065,,-1832.691104762065,2.595961329200393e-05,AUTO_KEEP
beta,beta_B,2024-06-07,sure,0,-1,-1,0,0.0,0.0,0.0,True,0.18168977282446797,-1,-1,0.0,57,57,-630.7966785423969,,-630.7966785423969,6.350051471587246e-05,AUTO_KEEP
beta,beta_B,2024-06-08,unsure,0,-1,-1,0,0.0,6.186315,0.0,True,0.04318947164295128,47,50,3076.167094014914,56,60,-787.7095216726352,3076.167094014914,3076.167094014914,0.9236068304246781,AUTO_CORRECT
beta,beta_B,2024-06-09,unsure,0,-1,-1,0,0.0,8.693525,0.0,True,0.00021390867766246657,48,56,12562218.62001523,42,46,-30918638.94170393,12562218.62001523,12562218.62001523,0.9999230811775074,AUTO_CORRECT
beta,beta_B,2024-06-10,unsure,0,-1,-1,0,0.0,0.0,0.0,True,0.00022016306645156192,-1,-1,0.0,52,52,-439930.6056281376,,-439930.6056281376,2.607107420671387e-07,AUTO_KEEP
beta,beta_B,2024-06-11,sure,0,-1,-1,0,0.0,0.0,0.0,True,0.23038214457759487,-1,-1,0.0,48,49,-264.88823012838446,,-264.88823012838446,0.0001313142697720105,AUTO_KEEP
beta,beta_B,2024-06-12,unsure,0,-1,-1,0,0.0,0.0,0.0,True,0.12090386032609857,-1,-1,0.0,49,55,-76.00374409560598,,-76.00374409560598,0.0003715663132604479,AUTO_KEEP
beta,beta_B,2024-06-13,unsure,0,-1,-1,0,0.0,0.0,0.0,True,0.12196083801315272,-1,-1,0.0,52,52,-62.74772555849671,,-62.74772555849671,0.00043540189417900626,AUTO_KEEP
beta,beta_B,2024-06-14,sure,0,-1,-1,0,0.0,0.0,0.0,True,0.15469466393177544,-1,-1,0.0,47,47,-4996.656775317083,,-4996.656775317083,1.1187573682203724e-05,AUTO_KEEP
beta,beta_B,2024-06-15,sure,0,-1,-1,0,0.0,0.0,0.0,True,0.012159189078809085,-1,-1,0.0,52,52,-253533.8368273221,,-253533.8368273221,4.1409524984538563e-07,AUTO_KEEP
beta,beta_B,2024-06-16,sure,0,-1,-1,0,0.0,0.0,0.0,True,0.04572641954459922,-1,-1,0.0,43,56,-265.9115086460898,,-265.9115086460898,0.0001308915467920548,AUTO_KEEP
beta,beta_B,2024-06-17,unsure,0,-1,-1,0,0.0,0.0,0.0,True,0.044885949980696616,-1,-1,0.0,45,45,-4859.953874251749,,-4859.953874251749,1.1451120118684289e-05,AUTO_KEEP
beta,beta_B,2024-06-18,unsure,0,-1,-1,0,0.0,0.0,0.0,True,0.21602900921684132,-1,-1,0.0,42,56,-30.870526758744727,,-30.870526758744727,0.0007789424486683703,AUTO_KEEP
beta,beta_B,2024-06-19,unsure,0,-1,-1,0,0.0,0.0,0.0,True,0.18863395947770822,-1,-1,0.0,44,58,-4.912107577577405,,-4.912107577577405,0.003196677386989642,AUTO_KEEP
beta,beta_B,2024-06-20,unsure,0,-1,-1,0,0.0,0.0,0.0,True,0.14808005005117053,-1,-1,0.0,53,58,-19.76478835252265,,-19.76478835252265,0.0011157448601524127,AUTO_KEEP
beta,beta_B,2024-06-21,unsure,0,-1,-1,0,0.0,5.221779,0.0,True,0.07374894923858655,45,50,85.18818034657563,44,44,-2103.3098294435576,85.18818034657563,85.18818034657563,0.3753927201992345,UNCERTAIN
beta,beta_B,2024-06-22,sure,0,-1,-1,0,0.0,0.0,0.0,False,,-1,-1,,-1,-1,,,,,UNCERTAIN
beta,beta_B,2024-06-23,sure,0,-1,-1,0,0.0,0.0,0.0,True,0.0001816904297102795,-1,-1,0.0,53,53,-1816749869.0226624,,-1816749869.0226624,2.401399752490108e-10,AUTO_KEEP
beta,beta_B,2024-06-24,unsure,0,-1,-1,0,0.0,0.0,0.0,True,0.15657482932317635,-1,-1,0.0,43,58,-87.2202889331963,,-87.2202889331963,0.000331492298483957,AUTO_KEEP
beta,beta_B,2024-06-25,unsure,1,45,57,13,11.011958,0.0,0.0,True,0.07841969504002488,-1,-1,0.0,43,58,-53.21919755547143,,-53.21919755547143,0.00049876051730369,AUTO_KEEP
beta,beta_B,2024-06-26,sure,1,44,55,12,10.382327,13.052655499999998,10.382327,True,0.0672503612862787,42,57,110.7656685685643,58,58,-2834.554645269482,110.7656685685643,110.7656685685643,0.42776435270481905,UNCERTAIN
beta,beta_B,2024-06-27,sure,1,44,56,13,15.935429500000001,20.0904285,15.935429500000001,True,0.17466320416013392,42,59,197.82841425012836,41,41,-368.79516871357526,197.82841425012836,197.82841425012836,0.5480084725291925,UNCERTAIN
beta,beta_B,2024-06-28,unsure,1,43,56,14,13.321801500000001,0.0,0.0,True,0.20871695226387033,-1,-1,0.0,43,58,-4.7681139036490015,,-4.7681139036490015,0.0032633222836643528,AUTO_KEEP
beta,beta_B,2024-06-29,unsure,0,-1,-1,0,0.0,0.0,0.0,True,0.06175096814550329,-1,-1,0.0,47,57,-1263.7561973756322,,-1263.7561973756322,3.545911246009993e-05,AUTO_KEEP
beta,beta_B,2024-06-30,sure,0,-1,-1,0,0.0,0.0,0.0,True,0.016882703410730393,-1,-1,0.0,24,24,-662178.0830174865,,-662178.0830174865,1.84954593277563e-07,AUTO_KEEP
beta,beta_B,2024-07-01,unsure,0,-1,-1,0,0.0,8.2763965,0.0,True,0.20897655908585877,48,56,52.44988796221388,44,44,-176.40015425176057,52.44988796221388,52.44988796221388,0.286944165406447,AUTO_KEEP
beta,beta_B,2024-07-02,sure,0,-1,-1,0,0.0,0.0,0.0,True,0.03168822256979276,-1,-1,0.0,44,44,-251321.93614142633,,-251321.93614142633,4.171527627692009e-07,AUTO_KEEP
beta,beta_B,2024-07-03,sure,0,-1,-1,0,0.0,0.0,0.0,True,0.13152612742367253,-1,-1,0.0,51,51,-1957.9088812861978,,-1957.9088812861978,2.4559193842511483e-05,AUTO_KEEP
beta,beta_B,2024-07-04,unsure,0,-1,-1,0,0.0,0.0,0.0,True,0.10778471692169855,-1,-1,0.0,45,55,-137.85200714621442,,-137.85200714621442,0.00022653937885764788,AUTO_KEEP
beta,beta_B,2024-07-05,sure,0,-1,-1,0,0.0,0.0,0.0,True,0.035014025557156714,-1,-1,0.0,56,56,-11403.248498368675,,-11403.248498368675,5.596694369683879e-06,AUTO_KEEP
beta,beta_B,2024-07-06,unsure,0,-1,-1,0,0.0,0.0,0.0,True,0.11285306832586173,-1,-1,0.0,45,45,-527.5979461413243,,-527.5979461413243,7.375587048752713e-05,AUTO_KEEP
beta,beta_B,2024-07-07,sure,0,-1,-1,0,0.0,0.0,0.0,True,5.853634847419187e-05,-1,-1,0.0,43,43,-23117155351.61601,,-23117155351.61601,2.8384261731442367e-11,AUTO_KEEP
beta,beta_B,2024-07-08,sure,0,-1,-1,0,0.0,0.0,0.0,True,0.02043342658087699,-1,-1,0.0,53,53,-382435.15347761166,,-382435.15347761166,2.932411062997726e-07,AUTO_KEEP
beta,beta_B,2024-07-09,sure,0,-1,-1,0,0.0,0.0,0.0,True,0.05168604583676917,-1,-1,0.0,59,59,-10763.344135973946,,-10763.344135973946,5.8747086300484105e-06,AUTO_KEEP
beta,beta_B,2024-07-10,unsure,1,43,54,12,13.801617,19.581223,13.801617,True,0.15679040213159023,42,59,89.66296739530503,41,41,-453.06073087384,89.66296739530503,89.66296739530503,0.3854079421746064,UNCERTAIN
beta,beta_B,2024-07-11,sure,1,43,52,10,10.9695085,10.9695085,10.9695085,True,0.03050568671565923,43,52,1458.844963257634,42,42,-6653.487819364459,1458.844963257634,1458.844963257634,0.8660373538283618,AUTO_CORRECT
beta,beta_B,2024-07-12,sure,1,43,57,15,17.261164000000004,20.95669,17.261164000000004,True,0.1372701686255624,42,60,338.2256086441556,41,41,-723.7512114637016,338.2256086441556,338.2256086441556,0.6550084218821102,UNCERTAIN
beta,beta_B,2024-07-13,unsure,1,46,53,8,9.5349175,0.0,0.0,True,0.027496276686335364,-1,-1,0.0,42,58,-5308.41953981989,,-5308.41953981989,1.063341018509438e-05,AUTO_KEEP
beta,beta_B,2024-07-14,unsure,1,44,56,13,11.395057999999999,0.0,0.0,True,0.11296066747800637,-1,-1,0.0,43,55,-246.92367422995443,,-246.92367422995443,0.0001392562124971874,AUTO_KEEP
beta,beta_B,2024-07-15,unsure,1,46,55,10,8.146989,12.563769,8.146989,True,0.15395326784076957,43,58,32.719765294484894,42,42,-603.804861107929,32.719765294484894,32.719765294484894,0.21466797540482077,AUTO_KEEP
beta,beta_B,2024-07-16,sure,0,-1,-1,0,0.0,0.0,0.0,True,0.17010641857405062,-1,-1,0.0,57,57,-2971.4249102125314,,-2971.4249102125314,1.730532239702142e-05,AUTO_KEEP
beta,beta_B,2024-07-17,unsure,0,-1,-1,0,0.0,12.531453999999998,0.0,True,0.14035439707769637,43,54,79.94297678513936,42,42,-509.56387756265366,79.94297678513936,79.94297678513936,0.36311641357867647,UNCERTAIN
beta,beta_B,2024-07-18,unsure,0,-1,-1,0,0.0,0.0,0.0,True,0.20961686751433017,-1,-1,0.0,41,56,-48.2673897981972,,-48.2673897981972,0.0005404970034856009,AUTO_KEEP
beta,beta_B,2024-07-19,sure,1,44,56,13,12.957520999999998,15.563538499999998,12.957520999999998,True,0.11338822065128262,44,58,396.2045276061692,41,42,-835.3124205914576,396.2045276061692,396.2045276061692,0.6842981387726738,UNCERTAIN
beta,beta_B,2024-07-20,unsure,0,-1,-1,0,0.0,0.0,0.0,True,0.001602358372239543,-1,-1,0.0,42,48,-2313508.6275028028,,-2313508.6275028028,6.470644602961226e-08,AUTO_KEEP
beta,beta_B,2024-07-21,unsure,1,44,58,15,14.385107999999999,0.0,0.0,True,0.18593421029106594,-1,-1,0.0,44,57,-8.99629973653461,,-8.99629973653461,0.002059197555873178,AUTO_KEEP
beta,beta_B,2024-07-22,sure,1,43,56,14,16.594701999999998,18.6610575,16.594701999999998,True,0.16626678651401416,42,57,185.47890758125106,41,41,-526.509231693409,185.47890758125106,185.47890758125106,0.534642581779359,UNCERTAIN
beta,beta_B,2024-07-23,sure,1,42,58,17,22.385236000000003,24.726631999999995,22.385236000000003,True,0.12485084109176858,41,60,785.2771046135457,40,40,-753.2973512073484,785.2771046135457,785.2771046135457,0.7936192004503712,AUTO_CORRECT
beta,beta_B,2024-07-24,sure,1,41,59,19,25.0500535,25.0500535,25.0500535,True,0.16052801939018835,41,59,364.36960943498843,60,60,-403.80027450307836,364.36960943498843,364.36960943498843,0.6689541910609961,UNCERTAIN
beta,beta_B,2024-07-25,sure,1,44,55,12,16.8337595,21.6926305,16.8337595,True,0.07068976944596006,43,58,1156.6821590999052,40,40,-2824.1160372248955,1156.6821590999052,1156.6821590999052,0.8417982714562792,AUTO_CORRECT
beta,beta_B,2024-07-26,unsure,0,-1,-1,0,0.0,15.98977,0.0,True,0.1377819194216059,49,60,550.63788687135,61,61,-893.1134009287132,550.63788687135,550.63788687135,0.7406469411208526,AUTO_CORRECT
beta,beta_B,2024-07-27,sure,0,-1,-1,0,0.0,0.0,0.0,True,0.11147989657339252,-1,-1,0.0,59,59,-5430.331955437129,,-5430.331955437129,1.0432668133014574e-05,AUTO_KEEP
beta,beta_B,2024-07-28,sure,1,43,56,14,13.082795000000003,15.378461999999999,13.082795000000003,True,7.618612022142202e-05,42,58,533341056.06665134,41,41,-1699233510.4384878,533341056.06665134,533341056.06665134,0.9999966936569313,AUTO_CORRECT
beta,beta_B,2024-07-29,unsure,0,-1,-1,0,0.0,6.916297,0.0,True,0.15290519957763937,44,50,149.30399867442463,43,43,-245.17125668957962,149.30399867442463,149.30399867442463,0.48943641514140196,UNCERTAIN
beta,beta_B,2024-07-30,unsure,0,-1,-1,0,0.0,0.0,0.0,True,0.12327992541734734,-1,-1,0.0,42,49,-60.93983080830837,,-60.93983080830837,0.00044604168945229256,AUTO_KEEP
beta,beta_B,2024-07-31,unsure,0,-1,-1,0,0.0,0.0,0.0,True,0.09308232267307925,-1,-1,0.0,51,51,-1234.7991388487058,,-1234.7991388487058,3.615533692132271e-05,AUTO_KEEP
beta,beta_B,2024-08-01,unsure,0,-1,-1,0,0.0,7.623075,0.0,True,0.12994747244552318,44,50,82.77654563196455,52,54,-443.80496682363,82.77654563196455,82.77654563196455,0.36982295003274573,UNCERTAIN
beta,beta_B,2024-08-02,unsure,0,-1,-1,0,0.0,21.733521500000002,0.0,True,0.05356628395896745,39,55,2752.4668806995996,59,59,-5352.520338947005,2752.4668806995996,2752.4668806995996,0.9167570983337073,AUTO_CORRECT
beta,beta_B,2024-08-03,sure,1,42,60,19,23.407354000000005,23.407354000000005,23.407354000000005,True,0.22582717328446478,42,60,54.42280849331863,41,41,-210.54967473591321,54.42280849331863,54.42280849331863,0.29321060261836795,AUTO_KEEP
beta,beta_B,2024-08-04,unsure,0,-1,-1,0,0.0,0.0,0.0,False,,-1,-1,,-1,-1,,,,,UNCERTAIN
beta,beta_B,2024-08-05,unsure,0,-1,-1,0,0.0,0.0,0.0,False,,-1,-1,,-1,-1,,,,,UNCERTAIN
beta,beta_B,2024-08-06,unsure,0,-1,-1,0,0.0,24.822344999999995,0.0,True,0.10380124579495043,39,57,964.646755675809,38,38,-1656.976522058449,964.646755675809,964.646755675809,0.8204495879640027,AUTO_CORRECT
beta,beta_B,2024-08-07,sure,1,40,60,21,34.558283,35.444024000000006,34.558283,True,0.15323882795490107,40,61,836.9117329692007,39,39,-565.9349971766671,836.9117329692007,836.9117329692007,0.8022280469459655,AUTO_CORRECT
beta,beta_B,2024-08-08,sure,1,42,60,19,32.6304665,35.191502500000006,32.6304665,True,0.12913347495901384,40,61,1366.5423782680705,39,39,-815.1850567082939,1366.5423782680705,1366.5423782680705,0.859547001499385,AUTO_CORRECT
beta,beta_B,2024-08-09,unsure,0,-1,-1,0,0.0,27.858016000000003,0.0,True,0.11402375746720228,41,61,1034.5736663688233,62,62,-1349.327864972988,1034.5736663688233,1034.5736663688233,0.8289339672191391,AUTO_CORRECT
beta,beta_B,2024-08-10,unsure,0,-1,-1,0,0.0,10.16557,0.0,True,0.12081689196689993,48,56,8.43029583263253,57,57,-1473.136629637284,8.43029583263253,8.43029583263253,0.08574613349249831,AUTO_KEEP
beta,beta_B,2024-08-11,unsure,0,-1,-1,0,0.0,20.6040885,0.0,True,0.22627384880578294,41,59,104.9297188308908,40,40,-290.2892227354316,104.9297188308908,104.9297188308908,0.41678104699964164,UNCERTAIN
beta,beta_B,2024-08-12,sure,0,-1,-1,0,0.0,0.0,0.0,True,0.07736030896904289,-1,-1,0.0,50,50,-17161.390007533224,,-17161.390007533224,3.971046300623093e-06,AUTO_KEEP
beta,beta_B,2024-08-13,sure,0,-1,-1,0,0.0,0.0,0.0,True,0.18434663265812112,-1,-1,0.0,51,55,-523.3431727124043,,-523.3431727124043,7.425796292593879e-05,AUTO_KEEP
beta,beta_B,2024-08-14,sure,0,-1,-1,0,0.0,0.0,0.0,True,0.13886884649316755,-1,-1,0.0,49,55,-9559.555903383653,,-9559.555903383653,6.489720605647643e-06,AUTO_KEEP
beta,beta_B,2024-08-15,sure,0,-1,-1,0,0.0,0.0,0.0,True,0.06937581555821115,-1,-1,0.0,52,52,-8154.354412186411,,-8154.354412186411,7.4163048344412584e-06,AUTO_KEEP
beta,beta_B,2024-08-16,unsure,0,-1,-1,0,0.0,0.0,0.0,True,0.0858399361182256,-1,-1,0.0,41,42,-1347.6333531338396,,-1347.6333531338396,3.359823010851849e-05,AUTO_KEEP
beta,beta_B,2024-08-17,unsure,0,-1,-1,0,0.0,49.837317,0.0,True,0.08204643751231622,34,61,2461.255880758216,63,63,-6212.486033272216,2461.255880758216,2461.255880758216,0.9093095667361608,AUTO_CORRECT
beta,beta_B,2024-08-18,unsure,0,-1,-1,0,0.0,13.0588325,0.0,True,0.0012909508156537797,41,49,2117251.5536098173,37,37,-11384917.318400407,2117251.5536098173,2117251.5536098173,0.9996571321823359,AUTO_CORRECT
beta,beta_B,2024-08-19,unsure,0,-1,-1,0,0.0,0.0,0.0,True,0.08101340639048127,-1,-1,0.0,40,48,-312.68823293877466,,-312.68823293877466,0.00011429867967990372,AUTO_KEEP
beta,beta_B,2024-08-20,sure,1,38,61,24,48.142221,49.121837,48.142221,True,0.1787055305745886,38,62,1265.1938899178465,37,37,-344.3921127243232,1265.1938899178465,1265.1938899178465,0.8515599016797801,AUTO_CORRECT
beta,beta_B,2024-08-21,sure,1,38,61,24,45.4045355,48.176229500000005,45.4045355,True,0.031463684887154564,38,62,46620.63409580144,37,37,-19023.109527396886,46620.63409580144,46620.63409580144,0.9916267480902942,AUTO_CORRECT
beta,beta_B,2024-08-22,sure,1,43,61,19,35.077068000000004,36.029495000000004,35.077068000000004,True,0.08852080575995247,43,62,4201.479025183446,63,63,-2262.6521682706298,4201.479025183446,4201.479025183446,0.9401415603304415,AUTO_CORRECT
beta,beta_B,2024-08-23,sure,1,38,59,22,44.7663195,51.352899,44.7663195,True,0.1381101704531602,36,63,2034.196791478004,35,35,-1365.49022449743,2034.196791478004,2034.196791478004,0.895230067489175,AUTO_CORRECT
beta,beta_B,2024-08-24,unsure,0,-1,-1,0,0.0,5.8519825,0.0,True,0.11248638195247107,52,54,961.1382493647262,40,41,7.232647167562946,953.9056021971633,961.1382493647262,0.8199989808270757,AUTO_CORRECT
beta,beta_B,2024-08-25,sure,0,-1,-1,0,0.0,0.0,0.0,True,0.05857235562031349,-1,-1,0.0,55,55,-35317.01934478418,,-35317.01934478418,2.1666006412690264e-06,AUTO_KEEP
beta,beta_B,2024-08-26,sure,1,36,62,27,61.2966185,62.066536,61.2966185,True,0.09812558324135656,35,62,7172.994487221975,63,63,-1239.4195036044202,7172.994487221975,7172.994487221975,0.9609478795447597,AUTO_CORRECT
beta,beta_B,2024-08-27,sure,1,36,62,27,69.2188645,70.86386449999999,69.2188645,True,0.14494140628070973,35,63,3781.787166946389,64,64,-976.0922147940809,3781.787166946389,3781.787166946389,0.9349731324049906,AUTO_CORRECT
beta,beta_B,2024-08-28,sure,1,38,61,24,59.4007115,62.51692200000001,59.4007115,True,0.1636751599635149,37,63,2665.192374522927,64,64,-1262.670957010058,2665.192374522927,2665.192374522927,0.9146701089507767,AUTO_CORRECT
beta,beta_B,2024-08-29,sure,1,35,62,28,66.96300550000001,66.96300550000001,66.96300550000001,True,0.06031399459909981,35,62,23089.242571808132,63,63,-2990.9352180836145,23089.242571808132,23089.242571808132,0.9849971579075257,AUTO_CORRECT
beta,beta_B,2024-08-30,sure,1,36,61,26,58.7288495,59.4823375,58.7288495,True,0.08610529731125283,35,61,8443.19050214486,62,62,-1617.7781987597943,8443.19050214486,8443.19050214486,0.9657719161813402,AUTO_CORRECT
beta,beta_B,2024-08-31,sure,1,36,62,27,61.977565500000004,63.585311,61.977565500000004,True,0.0866977763485064,34,62,9761.948024040206,63,63,-1703.0564416178045,9761.948024040206,9761.948024040206,0.969578487191735,AUTO_CORRECT
beta,beta_B,2024-09-01,sure,1,36,61,26,57.289564999999996,60.97022949999999,57.289564999999996,True,0.001684679122503141,33,62,22865632.2289296,63,63,-7159433.196699141,22865632.2289296,22865632.2289296,0.999953476991251,AUTO_CORRECT
beta,beta_B,2024-09-02,sure,1,35,62,28,70.86092250000002,71.65185149999999,70.86092250000002,True,0.00263630465390019,34,62,12701287.763527898,63,63,-1589746.1957930443,12701287.763527898,12701287.763527898,0.999923788807045,AUTO_CORRECT
beta,beta_B,2024-09-03,sure,1,34,63,30,78.3217455,78.3217455,78.3217455,True,0.07729658688368968,34,63,15621.714400648538,64,64,-3145.348336028544,15621.714400648538,15621.714400648538,0.9792939265497983,AUTO_CORRECT
beta,beta_B,2024-09-04,sure,1,36,62,27,67.81115000000001,68.62484050000002,67.81115000000001,True,0.12078320396332831,36,63,5292.731544497138,35,35,-840.60631728971,5292.731544497138,5292.731544497138,0.9501619838560859,AUTO_CORRECT
beta,beta_B,2024-09-05,sure,1,35,62,28,70.2673555,72.04800699999998,70.2673555,True,0.07785895741430782,34,63,12867.628054044728,64,64,-4020.724297412644,12867.628054044728,12867.628054044728,0.9757215990351062,AUTO_CORRECT
beta,beta_B,2024-09-06,sure,1,35,61,27,66.04075850000001,67.65416650000002,66.04075850000001,True,0.094955808882629,34,62,8628.739808991631,63,63,-1519.9621886359694,8628.739808991631,8628.739808991631,0.9663700288064343,AUTO_CORRECT
beta,beta_B,2024-09-07,sure,1,36,61,26,41.83118799999999,42.972632499999996,41.18406149999999,True,0.05436833934372576,34,60,14857.800671520634,61,61,-4792.136833734532,14857.800671520634,14857.800671520634,0.9784230328043702,AUTO_CORRECT
beta,beta_B,2024-09-08,unsure,0,-1,-1,0,0.0,0.0,0.0,True,0.017097785664841325,-1,-1,0.0,43,46,-11160.557156115749,,-11160.557156115749,5.698681905516844e-06,AUTO_KEEP
beta,beta_B,2024-09-09,sure,1,35,62,28,55.603001000000006,36.962351,36.962351,True,0.13907630608178057,35,50,2815.844012179968,53,58,1532.9169727546841,1282.927039425284,2815.844012179968,0.9182034921224758,AUTO_CORRECT
beta,beta_B,2024-09-10,sure,1,35,62,28,67.1556175,68.0480655,67.1556175,True,0.10436817000062426,34,62,6045.021717938276,63,63,-933.9329713228011,6045.021717938276,6045.021717938276,0.9551870407359845,AUTO_CORRECT
beta,beta_B,2024-09-11,sure,1,35,62,28,68.722311,68.96338150000001,67.976224,True,0.07671755060852004,34,61,12580.38743884848,62,62,-2310.797838135007,12580.38743884848,12580.38743884848,0.9752685837986107,AUTO_CORRECT
beta,beta_B,2024-09-12,unsure,0,-1,-1,0,0.0,28.023647999999998,0.0,True,0.07267445519284799,42,60,4124.60990192744,41,41,-4068.5279821353574,4124.60990192744,4124.60990192744,0.9392634037444527,AUTO_CORRECT
beta,beta_B,2024-09-13,unsure,0,-1,-1,0,0.0,0.0,0.0,True,0.09494313991167935,-1,-1,0.0,36,37,-175.50422178749778,,-175.50422178749778,0.0001852163449541968,AUTO_KEEP
beta,beta_B,2024-09-14,sure,1,35,61,27,68.66035049999999,72.60232999999998,68.66035049999999,True,0.12966321739975495,35,63,4903.371079635847,34,34,-705.7613175911939,4903.371079635847,4903.371079635847,0.9470355955059983,AUTO_CORRECT
beta,beta_B,2024-09-15,sure,1,35,58,24,34.530709,43.405471500000004,34.530709,True,0.06208767202893828,31,62,5780.910910335362,63,63,-21580.594923046232,5780.910910335362,5780.910910335362,0.9535542246811425,AUTO_CORRECT
beta,beta_B,2024-09-16,sure,1,35,63,29,81.06142200000001,81.81595800000001,81.06142200000001,True,0.1056193749970431,34,63,8327.40698347914,33,33,-1901.7800724557924,8327.40698347914,8327.40698347914,0.9653866799997824,AUTO_CORRECT
beta,beta_B,2024-09-17,sure,1,35,62,28,60.19627299999999,62.95625599999999,60.19627299999999,True,0.12928940075819373,33,63,3080.758242987862,64,64,-1007.0160619513221,3080.758242987862,3080.758242987862,0.9236950974292863,AUTO_CORRECT
beta,beta_B,2024-09-18,sure,1,34,63,30,88.6942615,89.677607,88.6942615,True,0.058693949766194464,34,64,32872.93261341926,33,33,-3739.2672340987738,32872.93261341926,32872.93261341926,0.9888044772703737,AUTO_CORRECT
beta,beta_B,2024-09-19,sure,1,33,63,31,87.08534750000003,87.08534750000003,87.08534750000003,True,0.10504451396784376,33,63,9840.88841520648,64,64,-1347.2980142841905,9840.88841520648,9840.88841520648,0.9697772771175729,AUTO_CORRECT
beta,beta_B,2024-09-20,sure,1,33,63,31,85.9794935,86.9421,85.9794935,True,0.09461498910396138,32,63,11764.547985490495,64,64,-1842.6945109515293,11764.547985490495,11764.547985490495,0.9738740637699524,AUTO_CORRECT
beta,beta_B,2024-09-21,sure,1,34,62,29,76.58684099999999,79.351064,76.58684099999999,True,0.12024466671689904,32,63,6840.406187014114,64,64,-1233.5763985698547,6840.406187014114,6840.406187014114,0.9594245584379617,AUTO_CORRECT
beta,beta_B,2024-09-22,sure,1,32,61,30,74.7552045,77.48326,74.7552045,True,0.10393753041688214,31,63,8617.469709649644,64,64,-2256.7283693861045,8617.469709649644,8617.469709649644,0.9663343552488552,AUTO_CORRECT
beta,beta_B,2024-09-23,sure,1,34,62,29,79.43878250000002,82.23445699999999,79.43878250000002,True,0.003332913449090924,32,63,9122972.859039545,31,31,-1933086.048476263,9122972.859039545,9122972.859039545,0.9998993857862394,AUTO_CORRECT
beta,beta_B,2024-09-24,sure,1,36,56,21,36.98415399999999,34.353114,34.353114,True,0.039687106090057434,36,53,29236.68796957948,56,56,-4539.779862132531,29236.68796957948,29236.68796957948,0.9876609541024514,AUTO_CORRECT
beta,beta_B,2024-09-25,sure,1,48,61,14,25.537891499999994,21.548824499999995,21.548824499999995,True,0.00021579383790637507,50,60,511354789.50457317,46,46,-6018285.846900862,511354789.50457317,511354789.50457317,0.9999965747136954,AUTO_CORRECT
beta,beta_B,2024-09-26,sure,0,-1,-1,0,0.0,0.0,0.0,True,0.08943788676968367,-1,-1,0.0,56,56,-18581.551802170856,,-18581.551802170856,3.7146494437081258e-06,AUTO_KEEP
beta,beta_B,2024-09-27,unsure,0,-1,-1,0,0.0,12.606739999999999,0.0,True,0.12230461454782215,44,51,1371.8928705445985,41,41,-1133.3993897473251,1371.8928705445985,1371.8928705445985,0.8599423079192475,AUTO_CORRECT
beta,beta_B,2024-09-28,unsure,0,-1,-1,0,0.0,36.901798,0.0,True,0.17990581155990348,34,57,528.8013982414549,59,60,-661.3781820402347,528.8013982414549,528.8013982414549,0.7340805129658443,AUTO_CORRECT
beta,beta_B,2024-09-29,unsure,0,-1,-1,0,0.0,0.0,0.0,True,0.002358953385628304,-1,-1,0.0,51,52,-1226267.7094974802,,-1226267.7094974802,1.1025446237272348e-07,AUTO_KEEP
beta,beta_B,2024-09-30,unsure,0,-1,-1,0,0.0,5.82833,0.0,True,0.02079646152582626,40,42,24720.97531659906,48,48,-11143.644258527867,24720.97531659906,24720.97531659906,0.9858211676032991,AUTO_CORRECT
beta,beta_C,2023-10-01,sure,0,-1,-1,0,0.0,0.0,0.0,True,0.10845031166157537,-1,-1,0.0,51,51,-483.2022404339791,,-483.2022404339791,0.00010517648644459546,AUTO_KEEP
beta,beta_C,2023-10-02,sure,0,-1,-1,0,0.0,0.0,0.0,True,0.09017917285514976,-1,-1,0.0,57,57,-314.7736824897762,,-314.7736824897762,0.00014943821806168625,AUTO_KEEP
beta,beta_C,2023-10-03,sure,0,-1,-1,0,0.0,0.0,0.0,True,0.0876559100405192,-1,-1,0.0,47,47,-1040.64504872279,,-1040.64504872279,5.6045792786644414e-05,AUTO_KEEP
beta,beta_C,2023-10-04,sure,0,-1,-1,0,0.0,0.0,0.0,True,0.08313969387645903,-1,-1,0.0,51,51,-1339.720022986627,,-1339.720022986627,4.554771020299604e-05,AUTO_KEEP
beta,beta_C,2023-10-05,sure,0,-1,-1,0,0.0,0.0,0.0,True,0.1078263958957697,-1,-1,0.0,44,62,-188.49480259386556,,-188.49480259386556,0.00022734153601869123,AUTO_KEEP
beta,beta_C,2023-10-06,sure,0,-1,-1,0,0.0,0.0,0.0,True,0.10733190735485643,-1,-1,0.0,44,54,-354.5661961221119,,-354.5661961221119,0.000135553263276788,AUTO_KEEP
beta,beta_C,2023-10-07,sure,0,-1,-1,0,0.0,0.0,0.0,True,0.09529903792309469,-1,-1,0.0,45,47,-568.4871995939153,,-568.4871995939153,9.205021202268188e-05,AUTO_KEEP
beta,beta_C,2023-10-08,sure,0,-1,-1,0,0.0,0.0,0.0,True,0.09220056074834693,-1,-1,0.0,59,59,-538.2345074919762,,-538.2345074919762,9.62729033779029e-05,AUTO_KEEP
beta,beta_C,2023-10-09,sure,0,-1,-1,0,0.0,0.0,0.0,True,0.11991064367105686,-1,-1,0.0,45,61,-140.33014348523636,,-140.33014348523636,0.0002892774134161294,AUTO_KEEP
beta,beta_C,2023-10-10,sure,0,-1,-1,0,0.0,0.0,0.0,True,0.10654910005755136,-1,-1,0.0,53,59,-442.77042489942147,,-442.77042489942147,0.00011298854082615058,AUTO_KEEP
beta,beta_C,2023-10-11,sure,0,-1,-1,0,0.0,0.0,0.0,True,0.10490433311307079,-1,-1,0.0,48,61,-227.75867401591208,,-227.75867401591208,0.00019475490398313878,AUTO_KEEP
beta,beta_C,2023-10-12,sure,0,-1,-1,0,0.0,0.0,0.0,True,0.09484513079638823,-1,-1,0.0,51,54,-295.3466389669748,,-295.3466389669748,0.00015744151608879876,AUTO_KEEP
beta,beta_C,2023-10-13,sure,0,-1,-1,0,0.0,0.0,0.0,True,0.08764892841796668,-1,-1,0.0,59,59,-245.99188846032146,,-245.99188846032146,0.00018286240639863043,AUTO_KEEP
beta,beta_C,2023-10-14,sure,0,-1,-1,0,0.0,0.0,0.0,True,0.08602196279743257,-1,-1,0.0,49,55,-415.95129703734307,,-415.95129703734307,0.00011892676686288915,AUTO_KEEP
beta,beta_C,2023-10-15,sure,0,-1,-1,0,0.0,0.0,0.0,True,0.0955100896504888,-1,-1,0.0,49,59,-248.38719081655836,,-248.38719081655836,0.00018141811471079206,AUTO_KEEP
beta,beta_C,2023-10-16,sure,0,-1,-1,0,0.0,0.0,0.0,True,0.07332791986039977,-1,-1,0.0,44,45,-442.67916809366267,,-442.67916809366267,0.00011300763600314263,AUTO_KEEP
beta,beta_C,2023-10-17,sure,0,-1,-1,0,0.0,0.0,0.0,True,0.13149201323627757,-1,-1,0.0,57,57,-458.8461933348811,,-458.8461933348811,0.00010973268055386348,AUTO_KEEP
beta,beta_C,2023-10-18,sure,0,-1,-1,0,0.0,0.0,0.0,True,0.10678723111251331,-1,-1,0.0,52,61,-333.9859217944272,,-333.9859217944272,0.0001423593022027108,AUTO_KEEP
beta,beta_C,2023-10-19,sure,0,-1,-1,0,0.0,0.0,0.0,True,0.10074367277428786,-1,-1,0.0,61,63,-454.679345106597,,-454.679345106597,0.00011055650302272703,AUTO_KEEP
beta,beta_C,2023-10-20,sure,0,-1,-1,0,0.0,0.0,0.0,True,0.10823488229872913,-1,-1,0.0,46,60,-144.97108507548307,,-144.97108507548307,0.00028169991469929965,AUTO_KEEP
beta,beta_C,2023-10-21,sure,0,-1,-1,0,0.0,0.0,0.0,True,0.08095053386951001,-1,-1,0.0,56,56,-391.36303439270273,,-391.36303439270273,0.00012501710039419786,AUTO_KEEP
beta,beta_C,2023-10-22,sure,0,-1,-1,0,0.0,0.0,0.0,True,0.09273691242829862,-1,-1,0.0,53,53,-359.2217542452514,,-359.2217542452514,0.00013411212348892013,AUTO_KEEP
beta,beta_C,2023-10-23,sure,0,-1,-1,0,0.0,0.0,0.0,True,0.07614890899720006,-1,-1,0.0,43,60,-327.14293684917004,,-327.14293684917004,0.00014479405180990772,AUTO_KEEP
beta,beta_C,2023-10-24,sure,0,-1,-1,0,0.0,0.0,0.0,True,0.08757170852878815,-1,-1,0.0,44,60,-232.56186042747882,,-232.56186042747882,0.00019145816521704364,AUTO_KEEP
beta,beta_C,2023-10-25,sure,0,-1,-1,0,0.0,0.0,0.0,True,0.09908767849629774,-1,-1,0.0,49,60,-132.95808594640027,,-132.95808594640027,0.00030229297480738874,AUTO_KEEP
beta,beta_C,2023-10-26,sure,0,-1,-1,0,0.0,0.0,0.0,True,0.11398369005953723,-1,-1,0.0,43,43,-1695.165204201789,,-1695.165204201789,3.754418183837496e-05,AUTO_KEEP
beta,beta_C,2023-10-27,sure,0,-1,-1,0,0.0,0.0,0.0,True,0.10624433474399009,-1,-1,0.0,56,59,-615.5397195640805,,-615.5397195640805,8.623728759660561e-05,AUTO_KEEP
beta,beta_C,2023-10-28,sure,0,-1,-1,0,0.0,0.0,0.0,True,0.08819428954338049,-1,-1,0.0,53,53,-1002.5173798277746,,-1002.5173798277746,5.778973463828585e-05,AUTO_KEEP
beta,beta_C,2023-10-29,sure,0,-1,-1,0,0.0,0.0,0.0,True,0.07305667830174123,-1,-1,0.0,45,60,-541.2343860694529,,-541.2343860694529,9.58350348776821e-05,AUTO_KEEP
beta,beta_C,2023-10-30,sure,0,-1,-1,0,0.0,0.0,0.0,True,0.09769027224628157,-1,-1,0.0,53,53,-253.96989581614997,,-253.96989581614997,0.0001781479992086184,AUTO_KEEP
beta,beta_C,2023-10-31,sure,0,-1,-1,0,0.0,0.0,0.0,True,0.07863839076964041,-1,-1,0.0,39,61,-227.48334780769528,,-227.48334780769528,0.0001949477009583951,AUTO_KEEP
beta,beta_C,2023-11-01,sure,0,-1,-1,0,0.0,0.0,0.0,True,0.10715314370720996,-1,-1,0.0,47,63,-242.29150571242613,,-242.29150571242613,0.00018514447274322406,AUTO_KEEP
beta,beta_C,2023-11-02,sure,0,-1,-1,0,0.0,0.0,0.0,True,0.09411044358240206,-1,-1,0.0,57,62,-242.04089981462988,,-242.04089981462988,0.00018530131114317456,AUTO_KEEP
beta,beta_C,2023-11-03,sure,0,-1,-1,0,0.0,0.0,0.0,True,0.10555267124404999,-1,-1,0.0,55,57,-241.18314530965102,,-241.18314530965102,0.00018584036240446367,AUTO_KEEP
beta,beta_C,2023-11-04,sure,0,-1,-1,0,0.0,0.0,0.0,True,0.08304927397715645,-1,-1,0.0,38,38,-2491.0893250544,,-2491.0893250544,2.7367371574174262e-05,AUTO_KEEP
beta,beta_C,2023-11-05,sure,0,-1,-1,0,0.0,0.0,0.0,True,0.07288207148627279,-1,-1,0.0,57,57,-5570.968567008365,,-5570.968567008365,1.4127831148385697e-05,AUTO_KEEP
beta,beta_C,2023-11-06,sure,0,-1,-1,0,0.0,0.0,0.0,True,0.12033466297269335,-1,-1,0.0,42,42,-467.0879791504405,,-467.0879791504405,0.00010814260185512228,AUTO_KEEP
beta,beta_C,2023-11-07,sure,0,-1,-1,0,0.0,0.0,0.0,True,0.08135642194973247,-1,-1,0.0,48,62,-345.506081324231,,-345.506081324231,0.00013845875688555474,AUTO_KEEP
beta,beta_C,2023-11-08,sure,0,-1,-1,0,0.0,5.054396500000001,0.0,True,0.09492951712849695,53,63,38.60970285217165,49,49,-209.01094197247141,38.60970285217165,38.60970285217165,0.25810887766988755,AUTO_KEEP
beta,beta_C,2023-11-09,sure,0,-1,-1,0,0.0,0.0,0.0,True,0.0692855770548686,-1,-1,0.0,53,53,-397.32007682913166,,-397.32007682913166,0.000123478781979598,AUTO_KEEP
beta,beta_C,2023-11-10,sure,0,-1,-1,0,0.0,0.0,0.0,True,0.0815505413624047,-1,-1,0.0,47,53,-117.85432484652868,,-117.85432484652868,0.0003335098522063283,AUTO_KEEP
beta,beta_C,2023-11-11,sure,0,-1,-1,0,0.0,0.0,0.0,True,0.09771219171989864,-1,-1,0.0,51,56,-201.7117321926119,,-201.7117321926119,0.00021509058260608244,AUTO_KEEP
beta,beta_C,2023-11-12,sure,0,-1,-1,0,0.0,0.0,0.0,True,0.12015259580395288,-1,-1,0.0,48,54,-190.13730435164683,,-190.13730435164683,0.00022573524284657607,AUTO_KEEP
beta,beta_C,2023-11-13,sure,0,-1,-1,0,0.0,0.0,0.0,True,0.08648241871999174,-1,-1,0.0,52,53,-218.55189368234747,,-218.55189368234747,0.00020144021849528488,AUTO_KEEP
beta,beta_C,2023-11-14,sure,0,-1,-1,0,0.0,0.0,0.0,True,0.09351911221479448,-1,-1,0.0,44,58,-129.94820519552962,,-129.94820519552962,0.00030798952033807736,AUTO_KEEP
beta,beta_C,2023-11-15,sure,0,-1,-1,0,0.0,0.0,0.0,True,0.09089800199801079,-1,-1,0.0,50,52,-362.28359346580834,,-362.28359346580834,0.00013318267773303774,AUTO_KEEP
beta,beta_C,2023-11-16,sure,0,-1,-1,0,0.0,0.0,0.0,True,0.07231688142292514,-1,-1,0.0,46,55,-27.79732138415226,,-27.79732138415226,0.001068371729931031,AUTO_KEEP
beta,beta_C,2023-11-17,unsure,1,51,63,13,7.462265,0.0,0.0,True,0.08773899796041107,-1,-1,0.0,48,64,-98.22134146566131,,-98.22134146566131,0.00038683020309048714,AUTO_KEEP
beta,beta_C,2023-11-18,sure,0,-1,-1,0,0.0,0.0,0.0,True,0.06911521428752065,-1,-1,0.0,37,65,-97.26011648131801,,-97.26011648131801,0.00038993598929059015,AUTO_KEEP
beta,beta_C,2023-11-19,sure,0,-1,-1,0,0.0,0.0,0.0,True,0.1080130827309187,-1,-1,0.0,44,62,-99.36242746810436,,-99.36242746810436,0.0003832136651591364,AUTO_KEEP
beta,beta_C,2023-11-20,sure,0,-1,-1,0,0.0,0.0,0.0,True,0.08588359092697617,-1,-1,0.0,64,64,-2824.376388960711,,-2824.376388960711,2.4685240632656706e-05,AUTO_KEEP
beta,beta_C,2023-11-21,sure,0,-1,-1,0,0.0,0.0,0.0,True,0.06831835612529069,-1,-1,0.0,57,57,-1132.9101988503821,,-1132.9101988503821,5.227031585626043e-05,AUTO_KEEP
beta,beta_C,2023-11-22,sure,0,-1,-1,0,0.0,0.0,0.0,True,0.07694217437141537,-1,-1,0.0,50,52,-422.3424676026363,,-422.3424676026363,0.00011744951462289071,AUTO_KEEP
beta,beta_C,2023-11-23,sure,0,-1,-1,0,0.0,0.0,0.0,True,0.07030305367953948,-1,-1,0.0,47,47,-1566.7478862132257,,-1566.7478862132257,4.005340501246975e-05,AUTO_KEEP
beta,beta_C,2023-11-24,sure,0,-1,-1,0,0.0,0.0,0.0,True,0.07799048776432027,-1,-1,0.0,53,53,-5817.185357816586,,-5817.185357816586,1.3634643387091149e-05,AUTO_KEEP
beta,beta_C,2023-11-25,sure,0,-1,-1,0,0.0,0.0,0.0,True,0.07647854058807146,-1,-1,0.0,56,56,-4677.422379926427,,-4677.422379926427,1.6310018352108934e-05,AUTO_KEEP
beta,beta_C,2023-11-26,unsure,0,-1,-1,0,0.0,0.0,0.0,True,0.10959492252147118,-1,-1,0.0,41,50,-113.24873150557661,,-113.24873150557661,0.0003445152213103202,AUTO_KEEP
beta,beta_C,2023-11-27,sure,0,-1,-1,0,0.0,0.0,0.0,True,0.10175249219008542,-1,-1,0.0,48,48,-666.4649243012448,,-666.4649243012448,8.079290044081895e-05,AUTO_KEEP
beta,beta_C,2023-11-28,sure,0,-1,-1,0,0.0,0.0,0.0,True,0.08589262685126364,-1,-1,0.0,24,24,-6890.092351126159,,-6890.092351126159,1.186435293008853e-05,AUTO_KEEP
beta,beta_C,2023-11-29,sure,0,-1,-1,0,0.0,0.0,0.0,True,0.07638676316105286,-1,-1,0.0,53,53,-217.99892499152685,,-217.99892499152685,0.0002018580195535154,AUTO_KEEP
beta,beta_C,2023-11-30,sure,0,-1,-1,0,0.0,0.0,0.0,True,0.08926597577106588,-1,-1,0.0,57,57,-553.6692109235667,,-553.6692109235667,9.406609258619215e-05,AUTO_KEEP
beta,beta_C,2023-12-01,unsure,0,-1,-1,0,0.0,0.0,0.0,True,0.09906584774195748,-1,-1,0.0,58,59,-198.79676741245592,,-198.79676741245592,0.0002176654804764035,AUTO_KEEP
beta,beta_C,2023-12-02,sure,0,-1,-1,0,0.0,0.0,0.0,True,0.06512002009461026,-1,-1,0.0,50,59,-2755.887132464409,,-2755.887132464409,2.5188077055002814e-05,AUTO_KEEP
beta,beta_C,2023-12-03,sure,0,-1,-1,0,0.0,0.0,0.0,True,0.07305751455174647,-1,-1,0.0,44,61,-311.0566077738115,,-311.0566077738115,0.0001508992343218908,AUTO_KEEP
beta,beta_C,2023-12-04,sure,0,-1,-1,0,0.0,0.0,0.0,True,0.0908136918680178,-1,-1,0.0,56,62,-229.05185113554802,,-229.05185113554802,0.00019385498260418249,AUTO_KEEP
beta,beta_C,2023-12-05,sure,0,-1,-1,0,0.0,0.0,0.0,True,0.10841330071300082,-1,-1,0.0,47,47,-197.94497721420322,,-197.94497721420322,0.00021843086379205265,AUTO_KEEP
beta,beta_C,2023-12-06,sure,0,-1,-1,0,0.0,0.0,0.0,True,0.10076926583985069,-1,-1,0.0,54,54,-134.96044042472542,,-134.96044042472542,0.0002986307097121051,AUTO_KEEP
beta,beta_C,2023-12-07,sure,0,-1,-1,0,0.0,0.0,0.0,True,0.08474274276242255,-1,-1,0.0,54,54,-239.10094694933528,,-239.10094694933528,0.00018716349223086125,AUTO_KEEP
beta,beta_C,2023-12-08,sure,0,-1,-1,0,0.0,0.0,0.0,True,0.11069916105600175,-1,-1,0.0,41,41,-2808.1770743961147,,-2808.1770743961147,2.480215597038545e-05,AUTO_KEEP
beta,beta_C,2023-12-09,sure,0,-1,-1,0,0.0,0.0,0.0,True,0.09377096859735534,-1,-1,0.0,24,24,-6489.753552419018,,-6489.753552419018,1.24624668345055e-05,AUTO_KEEP
beta,beta_C,2023-12-10,sure,0,-1,-1,0,0.0,0.0,0.0,True,0.10400008342553324,-1,-1,0.0,58,58,-1723.9576400879544,,-1723.9576400879544,3.702844704259163e-05,AUTO_KEEP
beta,beta_C,2023-12-11,sure,0,-1,-1,0,0.0,0.0,0.0,True,0.07377364679516907,-1,-1,0.0,50,50,-2524.7047800633254,,-2524.7047800633254,2.706770013752014e-05,AUTO_KEEP
beta,beta_C,2023-12-12,sure,0,-1,-1,0,0.0,0.0,0.0,True,0.10312267215226267,-1,-1,0.0,53,53,-779.3416683678793,,-779.3416683678793,7.105835313080099e-05,AUTO_KEEP
beta,beta_C,2023-12-13,sure,0,-1,-1,0,0.0,0.0,0.0,True,0.07306431528273283,-1,-1,0.0,54,54,-839.4354986516314,,-839.4354986516314,6.685592183381697e-05,AUTO_KEEP
beta,beta_C,2023-12-14,sure,0,-1,-1,0,0.0,0.0,0.0,True,0.08011884565826044,-1,-1,0.0,42,43,-6981.495191454625,,-6981.495191454625,1.173657758620447e-05,AUTO_KEEP
beta,beta_C,2023-12-15,sure,0,-1,-1,0,0.0,0.0,0.0,True,0.08077439808471887,-1,-1,0.0,49,60,-1810.4437226001778,,-1810.4437226001778,3.5569394774679165e-05,AUTO_KEEP
beta,beta_C,2023-12-16,sure,0,-1,-1,0,0.0,0.0,0.0,True,0.08847678756989419,-1,-1,0.0,44,44,-2532.077565815586,,-2532.077565815586,2.7002943301737706e-05,AUTO_KEEP
beta,beta_C,2023-12-17,unsure,0,-1,-1,0,0.0,0.0,0.0,True,0.09948908824500746,-1,-1,0.0,58,58,-241.62036287757905,,-241.62036287757905,0.0001855651616031107,AUTO_KEEP
beta,beta_C,2023-12-18,sure,0,-1,-1,0,0.0,0.0,0.0,True,0.07327250567842025,-1,-1,0.0,58,58,-1328.8884934464309,,-1328.8884934464309,4.585232919136667e-05,AUTO_KEEP
beta,beta_C,2023-12-19,sure,0,-1,-1,0,0.0,0.0,0.0,True,0.10697906192883977,-1,-1,0.0,46,46,-4226.520270095893,,-4226.520270095893,1.77264994862077e-05,AUTO_KEEP
beta,beta_C,2023-12-20,sure,0,-1,-1,0,0.0,0.0,0.0,True,0.05965060602510208,-1,-1,0.0,24,24,-16379.820102858224,,-16379.820102858224,5.824011119030385e-06,AUTO_KEEP
beta,beta_C,2023-12-21,sure,0,-1,-1,0,0.0,0.0,0.0,True,0.05951985484780886,-1,-1,0.0,65,65,-5599.629002326973,,-5599.629002326973,1.4068393191251862e-05,AUTO_KEEP
beta,beta_C,2023-12-22,unsure,0,-1,-1,0,0.0,0.0,0.0,True,0.0987774813106519,-1,-1,0.0,50,66,-114.6061453402504,,-114.6061453402504,0.0003411886413493413,AUTO_KEEP
beta,beta_C,2023-12-23,unsure,0,-1,-1,0,0.0,9.020541999999999,0.0,True,0.09346427409790303,45,62,175.2673841778285,64,64,-98.81394522508887,175.2673841778285,175.2673841778285,0.5426515705665715,UNCERTAIN
beta,beta_C,2023-12-24,sure,0,-1,-1,0,0.0,0.0,0.0,True,0.05838919648989549,-1,-1,0.0,60,60,-2701.388827350772,,-2701.388827350772,2.5604748830478207e-05,AUTO_KEEP
beta,beta_C,2023-12-25,sure,0,-1,-1,0,0.0,0.0,0.0,True,0.07638199383215483,-1,-1,0.0,54,54,-365.1990358681562,,-365.1990358681562,0.00013231083805499867,AUTO_KEEP
beta,beta_C,2023-12-26,sure,0,-1,-1,0,0.0,0.0,0.0,True,0.08169381876432391,-1,-1,0.0,52,52,-270.00007636120006,,-270.00007636120006,0.00016944308628460554,AUTO_KEEP
beta,beta_C,2023-12-27,sure,0,-1,-1,0,0.0,0.0,0.0,True,0.08036071504333542,-1,-1,0.0,55,55,-289.33127168225724,,-289.33127168225724,0.00016011681313098607,AUTO_KEEP
beta,beta_C,2023-12-28,sure,0,-1,-1,0,0.0,0.0,0.0,True,0.07330059832162483,-1,-1,0.0,60,61,-105.4156260133978,,-105.4156260133978,0.00036521425005069124,AUTO_KEEP
beta,beta_C,2023-12-29,sure,0,-1,-1,0,0.0,0.0,0.0,True,0.058244387995472824,-1,-1,0.0,53,53,-2867.9578308728696,,-2867.9578308728696,2.4376676558378197e-05,AUTO_KEEP
beta,beta_C,2023-12-30,unsure,0,-1,-1,0,0.0,0.0,0.0,True,0.060241104315655214,-1,-1,0.0,45,61,-86.42485520454622,,-86.42485520454622,0.0004292148912496983,AUTO_KEEP
beta,beta_C,2023-12-31,sure,0,-1,-1,0,0.0,0.0,0.0,True,0.09867629755718399,-1,-1,0.0,24,24,-4484.962035852498,,-4484.962035852498,1.688287599932382e-05,AUTO_KEEP
beta,beta_C,2024-01-01,sure,0,-1,-1,0,0.0,0.0,0.0,True,0.07861621412228015,-1,-1,0.0,55,55,-3452.825653595343,,-3452.825653595343,2.0929597551015944e-05,AUTO_KEEP
beta,beta_C,2024-01-02,sure,0,-1,-1,0,0.0,0.0,0.0,True,0.08476602599777472,-1,-1,0.0,53,54,-214.53715014785612,,-214.53715014785612,0.00020451792260896889,AUTO_KEEP
beta,beta_C,2024-01-03,unsure,0,-1,-1,0,0.0,0.0,0.0,True,0.07689921807502209,-1,-1,0.0,51,57,-139.19200261757402,,-139.19200261757402,0.0002912053715694994,AUTO_KEEP
beta,beta_C,2024-01-04,sure,0,-1,-1,0,0.0,0.0,0.0,True,0.06889815898051532,-1,-1,0.0,44,45,-2273.3991332556975,,-2273.3991332556975,2.9502165106754318e-05,AUTO_KEEP
beta,beta_C,2024-01-05,sure,0,-1,-1,0,0.0,0.0,0.0,True,0.05542729403388513,-1,-1,0.0,59,61,-407.7375925505122,,-407.7375925505122,0.00012088696222049833,AUTO_KEEP
beta,beta_C,2024-01-06,sure,0,-1,-1,0,0.0,0.0,0.0,True,0.06348090274938878,-1,-1,0.0,55,60,-524.0480938806494,,-524.0480938806494,9.840520659302828e-05,AUTO_KEEP
beta,beta_C,2024-01-07,sure,0,-1,-1,0,0.0,0.0,0.0,True,0.05078524777830662,-1,-1,0.0,59,59,-314.3912799804939,,-314.3912799804939,0.00014958707564391704,AUTO_KEEP
beta,beta_C,2024-01-08,sure,0,-1,-1,0,0.0,0.0,0.0,True,0.08610171133358824,-1,-1,0.0,35,35,-4133.6537721574505,,-4133.6537721574505,1.805302912892676e-05,AUTO_KEEP
beta,beta_C,2024-01-09,sure,0,-1,-1,0,0.0,0.0,0.0,True,0.07781134314453197,-1,-1,0.0,55,56,-107.36221832789445,,-107.36221832789445,0.00035981618307563364,AUTO_KEEP
beta,beta_C,2024-01-10,sure,0,-1,-1,0,0.0,0.0,0.0,True,0.05083659540466057,-1,-1,0.0,55,55,-1332.0473783420514,,-1332.0473783420514,4.576302504282345e-05,AUTO_KEEP
beta,beta_C,2024-01-11,sure,0,-1,-1,0,0.0,0.0,0.0,True,0.07788503573447692,-1,-1,0.0,50,50,-6118.0882312086105,,-6118.0882312086105,1.3081211173357398e-05,AUTO_KEEP
beta,beta_C,2024-01-12,sure,0,-1,-1,0,0.0,0.0,0.0,True,0.07150219746016528,-1,-1,0.0,58,58,-2804.6316887018284,,-2804.6316887018284,2.4827908073351378e-05,AUTO_KEEP
beta,beta_C,2024-01-13,sure,0,-1,-1,0,0.0,0.0,0.0,True,0.05992388740661214,-1,-1,0.0,45,45,-4048.8658686073263,,-4048.8658686073263,1.8363042940901005e-05,AUTO_KEEP
beta,beta_C,2024-01-14,sure,0,-1,-1,0,0.0,0.0,0.0,True,0.06909830808609563,-1,-1,0.0,59,59,-2430.272744824882,,-2430.272744824882,2.7928677454644595e-05,AUTO_KEEP
beta,beta_C,2024-01-15,sure,0,-1,-1,0,0.0,0.0,0.0,True,0.08310254375434001,-1,-1,0.0,60,61,-1357.6946502278436,,-1357.6946502278436,4.50519753042693e-05,AUTO_KEEP
beta,beta_C,2024-01-16,sure,0,-1,-1,0,0.0,0.0,0.0,True,0.08255776394751502,-1,-1,0.0,51,51,-2191.512893624977,,-2191.512893624977,3.0404634628948794e-05,AUTO_KEEP
beta,beta_C,2024-01-17,sure,0,-1,-1,0,0.0,0.0,0.0,True,0.0810684297485329,-1,-1,0.0,43,43,-1517.9997670188804,,-1517.9997670188804,4.1106684096332075e-05,AUTO_KEEP
beta,beta_C,2024-01-18,sure,0,-1,-1,0,0.0,0.0,0.0,True,0.08275473182440996,-1,-1,0.0,41,43,-2104.296204065833,,-2104.296204065833,3.143592732842117e-05,AUTO_KEEP
beta,beta_C,2024-01-19,sure,0,-1,-1,0,0.0,0.0,0.0,True,0.06352240384357266,-1,-1,0.0,48,55,-100.683981020223,,-100.683981020223,0.0003791176276135513,AUTO_KEEP
beta,beta_C,2024-01-20,sure,0,-1,-1,0,0.0,0.0,0.0,True,0.0697757598384281,-1,-1,0.0,64,64,-3166.080819672409,,-3166.080819672409,2.247463544805944e-05,AUTO_KEEP
beta,beta_C,2024-01-21,sure,0,-1,-1,0,0.0,0.0,0.0,True,0.09066188966014144,-1,-1,0.0,41,43,-2664.0286305133063,,-2664.0286305133063,2.589934475017327e-05,AUTO_KEEP
beta,beta_C,2024-01-22,sure,0,-1,-1,0,0.0,0.0,0.0,True,0.10513490549787896,-1,-1,0.0,52,52,-1372.972448846261,,-1372.972448846261,4.463991637111766e-05,AUTO_KEEP
beta,beta_C,2024-01-23,sure,0,-1,-1,0,0.0,0.0,0.0,True,0.09485618785415673,-1,-1,0.0,51,51,-203.88554383611867,,-203.88554383611867,0.00021321385329167093,AUTO_KEEP
beta,beta_C,2024-01-24,sure,0,-1,-1,0,0.0,0.0,0.0,True,0.06049882726644018,-1,-1,0.0,48,53,-539.6402864002172,,-539.6402864002172,9.60671619291298e-05,AUTO_KEEP
beta,beta_C,2024-01-25,sure,0,-1,-1,0,0.0,0.0,0.0,True,0.08879739240305273,-1,-1,0.0,30,30,-6361.180020201385,,-6361.180020201385,1.2669060761368725e-05,AUTO_KEEP
beta,beta_C,2024-01-26,sure,0,-1,-1,0,0.0,0.0,0.0,True,0.11121259068539402,-1,-1,0.0,24,25,-5457.388215939163,,-5457.388215939163,1.4368965223708762e-05,AUTO_KEEP
beta,beta_C,2024-01-27,sure,0,-1,-1,0,0.0,0.0,0.0,True,0.062054466734636105,-1,-1,0.0,64,64,-8521.553153293233,,-8521.553153293233,9.963470144751395e-06,AUTO_KEEP
beta,beta_C,2024-01-28,sure,0,-1,-1,0,0.0,0.0,0.0,True,0.06469556745574945,-1,-1,0.0,47,50,-2206.871077350593,,-2206.871077350593,3.0230729342882384e-05,AUTO_KEEP
beta,beta_C,2024-01-29,sure,0,-1,-1,0,0.0,0.0,0.0,True,0.07799130873641058,-1,-1,0.0,45,45,-1794.425160729299,,-1794.425160729299,3.582996393037992e-05,AUTO_KEEP
beta,beta_C,2024-01-30,sure,0,-1,-1,0,0.0,0.0,0.0,True,0.060945863942071465,-1,-1,0.0,57,57,-5507.111097817714,,-5507.111097817714,1.4262287563732246e-05,AUTO_KEEP
beta,beta_C,2024-01-31,sure,0,-1,-1,0,0.0,0.0,0.0,True,0.0773041633961169,-1,-1,0.0,46,46,-2781.1541958659427,,-2781.1541958659427,2.499994602314258e-05,AUTO_KEEP
beta,beta_C,2024-02-01,sure,0,-1,-1,0,0.0,0.0,0.0,True,0.08587018175581296,-1,-1,0.0,56,56,-1059.2792055702544,,-1059.2792055702544,5.523512480973992e-05,AUTO_KEEP
beta,beta_C,2024-02-02,sure,0,-1,-1,0,0.0,0.0,0.0,True,0.07333858980350927,-1,-1,0.0,55,55,-2916.0283417730498,,-2916.0283417730498,2.4046083507194103e-05,AUTO_KEEP
beta,beta_C,2024-02-03,sure,0,-1,-1,0,0.0,0.0,0.0,True,0.07535810346252347,-1,-1,0.0,62,62,-1064.4695612458918,,-1064.4695612458918,5.501392411904065e-05,AUTO_KEEP
beta,beta_C,2024-02-04,sure,0,-1,-1,0,0.0,0.0,0.0,True,0.06971193353207683,-1,-1,0.0,43,46,-4294.073553913926,,-4294.073553913926,1.749706778775367e-05,AUTO_KEEP
beta,beta_C,2024-02-05,sure,0,-1,-1,0,0.0,0.0,0.0,True,0.10379245773190071,-1,-1,0.0,24,24,-7045.5501716927265,,-7045.5501716927265,1.1648833914414242e-05,AUTO_KEEP
beta,beta_C,2024-02-06,sure,0,-1,-1,0,0.0,0.0,0.0,True,0.07640612781640765,-1,-1,0.0,41,41,-8403.75381897838,,-8403.75381897838,1.0078083275399103e-05,AUTO_KEEP
beta,beta_C,2024-02-07,sure,0,-1,-1,0,0.0,0.0,0.0,True,0.0763870883421438,-1,-1,0.0,58,58,-667.8093080294501,,-667.8093080294501,8.065942939568427e-05,AUTO_KEEP
beta,beta_C,2024-02-08,sure,0,-1,-1,0,0.0,0.0,0.0,True,0.06293654047337727,-1,-1,0.0,63,63,-2915.660404327121,,-2915.660404327121,2.4048576191343784e-05,AUTO_KEEP
beta,beta_C,2024-02-09,sure,0,-1,-1,0,0.0,0.0,0.0,True,0.06789524964255467,-1,-1,0.0,52,52,-3803.9811925877357,,-3803.9811925877357,1.9328779416142486e-05,AUTO_KEEP
beta,beta_C,2024-02-10,sure,0,-1,-1,0,0.0,0.0,0.0,True,0.06778703571730516,-1,-1,0.0,57,57,-1230.463633717882,,-1230.463633717882,4.884296060846116e-05,AUTO_KEEP
beta,beta_C,2024-02-11,sure,0,-1,-1,0,0.0,0.0,0.0,True,0.09380916999575817,-1,-1,0.0,63,63,-1509.5131439432457,,-1509.5131439432457,4.1296371285100354e-05,AUTO_KEEP
beta,beta_C,2024-02-12,sure,0,-1,-1,0,0.0,0.0,0.0,True,0.06828222644634385,-1,-1,0.0,54,54,-231.70542203947207,,-231.70542203947207,0.00019203691115422683,AUTO_KEEP
beta,beta_C,2024-02-13,sure,0,-1,-1,0,0.0,0.0,0.0,True,0.07028192742451456,-1,-1,0.0,47,52,-2959.1757053138845,,-2959.1757053138845,2.3757688380414625e-05,AUTO_KEEP
beta,beta_C,2024-02-14,sure,0,-1,-1,0,0.0,0.0,0.0,True,0.08276381089437734,-1,-1,0.0,53,56,-2633.845591981795,,-2633.845591981795,2.6142897886298896e-05,AUTO_KEEP
beta,beta_C,2024-02-15,sure,0,-1,-1,0,0.0,0.0,0.0,True,0.05878700303480411,-1,-1,0.0,24,24,-15720.085387467616,,-15720.085387467616,6.0241150323291925e-06,AUTO_KEEP
beta,beta_C,2024-02-16,sure,0,-1,-1,0,0.0,0.0,0.0,True,0.04282438961152657,-1,-1,0.0,57,57,-2298.013568151415,,-2298.013568151415,2.924235529516077e-05,AUTO_KEEP
beta,beta_C,2024-02-17,sure,0,-1,-1,0,0.0,0.0,0.0,True,0.09606249295996161,-1,-1,0.0,52,52,-3448.8766370249436,,-3448.8766370249436,2.0949282894162288e-05,AUTO_KEEP
beta,beta_C,2024-02-18,sure,0,-1,-1,0,0.0,0.0,0.0,True,0.07380599405651234,-1,-1,0.0,45,45,-3673.823363334041,,-3673.823363334041,1.9889602055688668e-05,AUTO_KEEP
beta,beta_C,2024-02-19,sure,0,-1,-1,0,0.0,0.0,0.0,True,0.09026155773629041,-1,-1,0.0,48,48,-4605.283091715589,,-4605.283091715589,1.6519630171399606e-05,AUTO_KEEP
beta,beta_C,2024-02-20,sure,0,-1,-1,0,0.0,0.0,0.0,True,0.08652168201753296,-1,-1,0.0,62,62,-1643.847323469986,,-1643.847323469986,3.8504078711447634e-05,AUTO_KEEP
beta,beta_C,2024-02-21,sure,0,-1,-1,0,0.0,0.0,0.0,True,0.0823779109777556,-1,-1,0.0,63,63,-642.9710142406642,,-642.9710142406642,8.320714789315529e-05,AUTO_KEEP
beta,beta_C,2024-02-22,sure,0,-1,-1,0,0.0,0.0,0.0,True,0.0811213846205896,-1,-1,0.0,55,55,-1419.04027375676,,-1419.04027375676,4.344641855866794e-05,AUTO_KEEP
beta,beta_C,2024-02-23,sure,0,-1,-1,0,0.0,0.0,0.0,True,0.06023988871877428,-1,-1,0.0,40,40,-16078.737919715422,,-16078.737919715422,5.913476667294774e-06,AUTO_KEEP
beta,beta_C,2024-02-24,sure,0,-1,-1,0,0.0,0.0,0.0,True,0.10439356110622455,-1,-1,0.0,24,25,-4890.322351600847,,-4890.322351600847,1.572434195283791e-05,AUTO_KEEP
beta,beta_C,2024-02-25,sure,0,-1,-1,0,0.0,0.0,0.0,True,0.07921298919783792,-1,-1,0.0,59,59,-237.57258137987662,,-237.57258137987662,0.00018814806734364343,AUTO_KEEP
beta,beta_C,2024-02-26,sure,0,-1,-1,0,0.0,0.0,0.0,True,0.06519967970688878,-1,-1,0.0,53,53,-988.1847219423071,,-988.1847219423071,5.8476908733237016e-05,AUTO_KEEP
beta,beta_C,2024-02-27,sure,0,-1,-1,0,0.0,0.0,0.0,True,0.08463989315494391,-1,-1,0.0,62,63,-3850.925360300052,,-3850.925360300052,1.9134992839782552e-05,AUTO_KEEP
beta,beta_C,2024-02-28,sure,0,-1,-1,0,0.0,0.0,0.0,True,0.06388809523395533,-1,-1,0.0,60,62,-5117.043614635257,,-5117.043614635257,1.5149635870413302e-05,AUTO_KEEP
beta,beta_C,2024-02-29,sure,0,-1,-1,0,0.0,0.0,0.0,True,0.06825489570008036,-1,-1,0.0,24,24,-12962.250861599994,,-12962.250861599994,7.058806905475411e-06,AUTO_KEEP
beta,beta_C,2024-03-01,sure,0,-1,-1,0,0.0,0.0,0.0,True,0.09665637406073291,-1,-1,0.0,55,55,-3050.910480561487,,-3050.910480561487,2.316927556824048e-05,AUTO_KEEP
beta,beta_C,2024-03-02,sure,0,-1,-1,0,0.0,0.0,0.0,True,0.09150922405852802,-1,-1,0.0,24,24,-6683.515268413671,,-6683.515268413671,1.2164834415873147e-05,AUTO_KEEP
beta,beta_C,2024-03-03,sure,0,-1,-1,0,0.0,0.0,0.0,True,0.07074390372327866,-1,-1,0.0,54,55,-377.6888167294062,,-377.6888167294062,0.00012871455937509774,AUTO_KEEP
beta,beta_C,2024-03-04,sure,0,-1,-1,0,0.0,0.0,0.0,True,0.08404397784955808,-1,-1,0.0,61,61,-1628.3387424797627,,-1628.3387424797627,3.880498654909252e-05,AUTO_KEEP
beta,beta_C,2024-03-05,unsure,0,-1,-1,0,0.0,0.0,0.0,True,0.09819271969225296,-1,-1,0.0,45,63,-30.586762540609254,,-30.586762540609254,0.0009902840863797958,AUTO_KEEP
beta,beta_C,2024-03-06,sure,0,-1,-1,0,0.0,0.0,0.0,True,0.07772905681721554,-1,-1,0.0,54,54,-299.15072358450334,,-299.15072358450334,0.00015580015111859335,AUTO_KEEP
beta,beta_C,2024-03-07,sure,0,-1,-1,0,0.0,0.0,0.0,True,0.06193359043951885,-1,-1,0.0,57,57,-2954.629781659152,,-2954.629781659152,2.3787711551710258e-05,AUTO_KEEP
beta,beta_C,2024-03-08,sure,0,-1,-1,0,0.0,0.0,0.0,True,0.07577067683448524,-1,-1,0.0,54,54,-1294.7692353661892,,-1294.7692353661892,4.6842142329858426e-05,AUTO_KEEP
beta,beta_C,2024-03-09,sure,0,-1,-1,0,0.0,0.0,0.0,True,0.04831764081238754,-1,-1,0.0,53,56,-3153.5382229247375,,-3153.5382229247375,2.2548041347367626e-05,AUTO_KEEP
beta,beta_C,2024-03-10,sure,0,-1,-1,0,0.0,0.0,0.0,True,0.09285129397970326,-1,-1,0.0,55,55,-727.293856243066,,-727.293856243066,7.520530418682225e-05,AUTO_KEEP
beta,beta_C,2024-03-11,sure,0,-1,-1,0,0.0,0.0,0.0,True,0.09925058844492884,-1,-1,0.0,47,56,-211.62452035258843,,-211.62452035258843,0.00020681690655518858,AUTO_KEEP
beta,beta_C,2024-03-12,sure,0,-1,-1,0,0.0,0.0,0.0,True,0.0866448825775441,-1,-1,0.0,48,48,-648.687042784174,,-648.687042784174,8.260513387810786e-05,AUTO_KEEP
beta,beta_C,2024-03-13,sure,0,-1,-1,0,0.0,0.0,0.0,True,0.09005878770490572,-1,-1,0.0,53,53,-415.78320209404234,,-415.78320209404234,0.00011896617690346162,AUTO_KEEP
beta,beta_C,2024-03-14,sure,0,-1,-1,0,0.0,0.0,0.0,True,0.08755591331809898,-1,-1,0.0,49,49,-1787.688760813634,,-1787.688760813634,3.5940812063525844e-05,AUTO_KEEP
beta,beta_C,2024-03-15,sure,0,-1,-1,0,0.0,0.0,0.0,True,0.07095106882102176,-1,-1,0.0,54,59,-805.4305499707506,,-805.4305499707506,6.916387281306762e-05,AUTO_KEEP
beta,beta_C,2024-03-16,sure,0,-1,-1,0,0.0,0.0,0.0,True,0.08271058109252483,-1,-1,0.0,58,58,-750.2473292904721,,-750.2473292904721,7.331196908328925e-05,AUTO_KEEP
beta,beta_C,2024-03-17,sure,0,-1,-1,0,0.0,0.0,0.0,True,0.05368611618514807,-1,-1,0.0,46,46,-6525.121511842966,,-6525.121511842966,1.2406938618520372e-05,AUTO_KEEP
beta,beta_C,2024-03-18,sure,0,-1,-1,0,0.0,0.0,0.0,True,0.07808619878186907,-1,-1,0.0,58,58,-2051.674837246517,,-2051.674837246517,3.209665271627702e-05,AUTO_KEEP
beta,beta_C,2024-03-19,sure,0,-1,-1,0,0.0,0.0,0.0,True,0.08401825355471892,-1,-1,0.0,59,59,-380.17113465011687,,-380.17113465011687,0.000128025411871266,AUTO_KEEP
beta,beta_C,2024-03-20,sure,0,-1,-1,0,0.0,0.0,0.0,True,0.0830002434243573,-1,-1,0.0,63,63,-4809.118461116488,,-4809.118461116488,1.5942156642233507e-05,AUTO_KEEP
beta,beta_C,2024-03-21,sure,0,-1,-1,0,0.0,0.0,0.0,True,0.0806849889951522,-1,-1,0.0,58,58,-945.1148895865772,,-945.1148895865772,6.0655636244979195e-05,AUTO_KEEP
beta,beta_C,2024-03-22,sure,0,-1,-1,0,0.0,0.0,0.0,True,0.06499519285465105,-1,-1,0.0,56,57,-937.9139271922925,,-937.9139271922925,6.10376363511378e-05,AUTO_KEEP
beta,beta_C,2024-03-23,sure,0,-1,-1,0,0.0,0.0,0.0,True,0.08549497893116476,-1,-1,0.0,60,60,-495.55402814208446,,-495.55402814208446,0.00010302192693326124,AUTO_KEEP
beta,beta_C,2024-03-24,sure,0,-1,-1,0,0.0,0.0,0.0,True,0.1114208576034792,-1,-1,0.0,60,60,-267.595230185702,,-267.595230185702,0.00017068858529231462,AUTO_KEEP
beta,beta_C,2024-03-25,sure,0,-1,-1,0,0.0,0.0,0.0,True,0.12759251982193653,-1,-1,0.0,57,57,-99.00781713115546,,-99.00781713115546,0.0003843295118453126,AUTO_KEEP
beta,beta_C,2024-03-26,sure,0,-1,-1,0,0.0,0.0,0.0,True,0.06615089952431408,-1,-1,0.0,50,56,-295.4216255865417,,-295.4216255865417,0.00015740879070996554,AUTO_KEEP
beta,beta_C,2024-03-27,sure,0,-1,-1,0,0.0,0.0,0.0,True,0.0681469396573009,-1,-1,0.0,54,54,-302.17099992908123,,-302.17099992908123,0.00015452372172458678,AUTO_KEEP
beta,beta_C,2024-03-28,sure,0,-1,-1,0,0.0,0.0,0.0,True,0.07275079914577898,-1,-1,0.0,65,65,-3608.2032591050274,,-3608.2032591050274,2.0186285806590145e-05,AUTO_KEEP
beta,beta_C,2024-03-29,unsure,0,-1,-1,0,0.0,0.0,0.0,True,0.0905659424396994,-1,-1,0.0,54,63,-198.3562998541853,,-198.3562998541853,0.00021806052265591473,AUTO_KEEP
beta,beta_C,2024-03-30,sure,0,-1,-1,0,0.0,0.0,0.0,True,0.046216687707642645,-1,-1,0.0,57,57,-848.9954714993518,,-848.9954714993518,6.623742388063632e-05,AUTO_KEEP
beta,beta_C,2024-03-31,sure,0,-1,-1,0,0.0,0.0,0.0,True,0.08439112470969867,-1,-1,0.0,56,56,-493.60477174277116,,-493.60477174277116,0.00010335542493216196,AUTO_KEEP
beta,beta_C,2024-04-01,sure,0,-1,-1,0,0.0,0.0,0.0,True,0.0866713254535787,-1,-1,0.0,52,56,-250.72959471719122,,-250.72959471719122,0.00018002994880917826,AUTO_KEEP
beta,beta_C,2024-04-02,sure,0,-1,-1,0,0.0,0.0,0.0,True,0.12033054136869836,-1,-1,0.0,63,63,-936.6245339466029,,-936.6245339466029,6.110660067838863e-05,AUTO_KEEP
beta,beta_C,2024-04-03,sure,0,-1,-1,0,0.0,0.0,0.0,True,0.08407396658760291,-1,-1,0.0,54,54,-365.58400075132516,,-365.58400075132516,0.00013219666164755308,AUTO_KEEP
beta,beta_C,2024-04-04,sure,0,-1,-1,0,0.0,0.0,0.0,True,0.09366258233326619,-1,-1,0.0,24,24,-6517.700616707468,,-6517.700616707468,1.2418544030498675e-05,AUTO_KEEP
beta,beta_C,2024-04-05,sure,0,-1,-1,0,0.0,0.0,0.0,True,0.08355372297151487,-1,-1,0.0,24,24,-7469.950501957975,,-7469.950501957975,1.1102232239743568e-05,AUTO_KEEP
beta,beta_C,2024-04-06,sure,0,-1,-1,0,0.0,0.0,0.0,True,0.08698951381312003,-1,-1,0.0,53,56,-525.1878813913963,,-525.1878813913963,9.823002338789051e-05,AUTO_KEEP
beta,beta_C,2024-04-07,sure,0,-1,-1,0,0.0,0.0,0.0,True,0.05775331038215281,-1,-1,0.0,46,46,-1358.128118840803,,-1358.128118840803,4.504016791222577e-05,AUTO_KEEP
beta,beta_C,2024-04-08,sure,0,-1,-1,0,0.0,0.0,0.0,True,0.08223479715413173,-1,-1,0.0,54,55,-322.5526042105504,,-322.5526042105504,0.0001464797898081569,AUTO_KEEP
beta,beta_C,2024-04-09,sure,0,-1,-1,0,0.0,0.0,0.0,True,0.08746431289370449,-1,-1,0.0,46,46,-1543.4050730326387,,-1543.4050730326387,4.0550205486861335e-05,AUTO_KEEP
beta,beta_C,2024-04-10,sure,0,-1,-1,0,0.0,0.0,0.0,True,0.07113665142072945,-1,-1,0.0,47,49,-160.97930536370617,,-160.97930536370617,0.0002586180043738494,AUTO_KEEP
beta,beta_C,2024-04-11,sure,0,-1,-1,0,0.0,0.0,0.0,True,0.09947586730530089,-1,-1,0.0,45,54,-194.89496329642017,,-194.89496329642017,0.00022122114024043977,AUTO_KEEP
beta,beta_C,2024-04-12,sure,0,-1,-1,0,0.0,0.0,0.0,True,0.08252594260896062,-1,-1,0.0,46,46,-512.4640659466888,,-512.4640659466888,0.00010022577846425237,AUTO_KEEP
beta,beta_C,2024-04-13,sure,0,-1,-1,0,0.0,0.0,0.0,True,0.07171774401439546,-1,-1,0.0,52,52,-1307.512280047541,,-1307.512280047541,4.646696182386762e-05,AUTO_KEEP
beta,beta_C,2024-04-14,sure,0,-1,-1,0,0.0,0.0,0.0,True,0.09244971477272923,-1,-1,0.0,56,56,-873.698331243861,,-873.698331243861,6.469636832754551e-05,AUTO_KEEP
beta,beta_C,2024-04-15,sure,0,-1,-1,0,0.0,0.0,0.0,True,0.08335092673281919,-1,-1,0.0,49,52,-272.1847392621569,,-272.1847392621569,0.00016832894770425148,AUTO_KEEP
beta,beta_C,2024-04-16,sure,0,-1,-1,0,0.0,0.0,0.0,True,0.06893448002685343,-1,-1,0.0,48,58,-983.1929668447366,,-983.1929668447366,5.872051366229307e-05,AUTO_KEEP
beta,beta_C,2024-04-17,sure,0,-1,-1,0,0.0,0.0,0.0,True,0.09444913719632586,-1,-1,0.0,56,57,-1290.9465534824317,,-1290.9465534824317,4.695600350829766e-05,AUTO_KEEP
beta,beta_C,2024-04-18,sure,0,-1,-1,0,0.0,0.0,0.0,True,0.09446709200051817,-1,-1,0.0,47,47,-226.33665906002068,,-226.33665906002068,0.00019575524162710362,AUTO_KEEP
beta,beta_C,2024-04-19,sure,0,-1,-1,0,0.0,0.0,0.0,True,0.06718132210741423,-1,-1,0.0,44,44,-1024.551359999316,,-1024.551359999316,5.676750257747775e-05,AUTO_KEEP
beta,beta_C,2024-04-20,sure,0,-1,-1,0,0.0,0.0,0.0,True,0.08101973012820629,-1,-1,0.0,24,24,-7420.7707853568745,,-7420.7707853568745,1.1162651886381922e-05,AUTO_KEEP
beta,beta_C,2024-04-21,sure,0,-1,-1,0,0.0,0.0,0.0,True,0.10307579720524718,-1,-1,0.0,57,57,-1197.7240606583837,,-1197.7240606583837,4.993650662185547e-05,AUTO_KEEP
beta,beta_C,2024-04-22,sure,0,-1,-1,0,0.0,0.0,0.0,True,0.06702873462102232,-1,-1,0.0,43,43,-1716.748218893945,,-1716.748218893945,3.715610507907949e-05,AUTO_KEEP
beta,beta_C,2024-04-23,sure,0,-1,-1,0,0.0,0.0,0.0,True,0.08250744432722534,-1,-1,0.0,46,53,-366.3497373689599,,-366.3497373689599,0.00013197020050750464,AUTO_KEEP
beta,beta_C,2024-04-24,sure,0,-1,-1,0,0.0,0.0,0.0,True,0.08809321631788913,-1,-1,0.0,54,55,-840.2898910903016,,-840.2898910903016,6.680012468362669e-05,AUTO_KEEP
beta,beta_C,2024-04-25,sure,0,-1,-1,0,0.0,0.0,0.0,True,0.07468059044845443,-1,-1,0.0,46,46,-1259.0159390295394,,-1259.0159390295394,4.793162064872177e-05,AUTO_KEEP
beta,beta_C,2024-04-26,sure,0,-1,-1,0,0.0,0.0,0.0,True,0.07616966982461015,-1,-1,0.0,49,51,-658.485035719318,,-658.485035719318,8.15953419840243e-05,AUTO_KEEP
beta,beta_C,2024-04-27,sure,0,-1,-1,0,0.0,0.0,0.0,True,0.09719968769305432,-1,-1,0.0,51,51,-788.1757747158704,,-788.1757747158704,7.040408091588394e-05,AUTO_KEEP
beta,beta_C,2024-04-28,sure,0,-1,-1,0,0.0,0.0,0.0,True,0.0941903516492113,-1,-1,0.0,49,49,-698.1651507678531,,-698.1651507678531,7.77704773554211e-05,AUTO_KEEP
beta,beta_C,2024-04-29,sure,0,-1,-1,0,0.0,0.0,0.0,True,0.08463576784201887,-1,-1,0.0,45,51,-541.476950963653,,-541.476950963653,9.579982238526923e-05,AUTO_KEEP
beta,beta_C,2024-04-30,sure,0,-1,-1,0,0.0,0.0,0.0,True,0.06365042825601375,-1,-1,0.0,24,24,-13672.63548256122,,-13672.63548256122,6.75602068539127e-06,AUTO_KEEP
beta,beta_C,2024-05-01,sure,0,-1,-1,0,0.0,0.0,0.0,True,0.08697161291833533,-1,-1,0.0,51,53,-4638.034782577625,,-4638.034782577625,1.6423729134749978e-05,AUTO_KEEP
beta,beta_C,2024-05-02,sure,0,-1,-1,0,0.0,0.0,0.0,True,0.10396378399790152,-1,-1,0.0,58,58,-2102.393855251282,,-2102.393855251282,3.145928864294633e-05,AUTO_KEEP
beta,beta_C,2024-05-03,sure,0,-1,-1,0,0.0,0.0,0.0,True,0.08099143386958696,-1,-1,0.0,24,24,-9591.732431563343,,-9591.732431563343,9.04054412565367e-06,AUTO_KEEP
beta,beta_C,2024-05-04,sure,0,-1,-1,0,0.0,0.0,0.0,True,0.10726023273515928,-1,-1,0.0,53,53,-2253.986473826969,,-2253.986473826969,2.9710710211401267e-05,AUTO_KEEP
beta,beta_C,2024-05-05,sure,0,-1,-1,0,0.0,0.0,0.0,True,0.09831371918436105,-1,-1,0.0,50,50,-3008.5029828820425,,-3008.5029828820425,2.34372279024407e-05,AUTO_KEEP
beta,beta_C,2024-05-06,sure,0,-1,-1,0,0.0,0.0,0.0,True,0.12328678853845565,-1,-1,0.0,46,46,-633.7706297324743,,-633.7706297324743,8.419685157178803e-05,AUTO_KEEP
beta,beta_C,2024-05-07,sure,0,-1,-1,0,0.0,0.0,0.0,True,0.10270389360539856,-1,-1,0.0,52,53,-887.7218288887394,,-887.7218288887394,6.385631500707277e-05,AUTO_KEEP
beta,beta_C,2024-05-08,sure,0,-1,-1,0,0.0,0.0,0.0,True,0.1102508562232356,-1,-1,0.0,58,58,-1551.8598737907225,,-1551.8598737907225,4.0368692433612195e-05,AUTO_KEEP
beta,beta_C,2024-05-09,sure,0,-1,-1,0,0.0,0.0,0.0,True,0.10519110746084115,-1,-1,0.0,48,48,-831.9832541981017,,-831.9832541981017,6.734701781904903e-05,AUTO_KEEP
beta,beta_C,2024-05-10,sure,0,-1,-1,0,0.0,0.0,0.0,True,0.10849015610913604,-1,-1,0.0,49,49,-1778.8444221847872,,-1778.8444221847872,3.608750650275702e-05,AUTO_KEEP
beta,beta_C,2024-05-11,sure,0,-1,-1,0,0.0,0.0,0.0,True,0.08680191616429722,-1,-1,0.0,24,24,-7187.6696369407455,,-7187.6696369407455,1.1459249303457611e-05,AUTO_KEEP
beta,beta_C,2024-05-12,sure,0,-1,-1,0,0.0,0.0,0.0,True,0.1007900269938995,-1,-1,0.0,50,50,-3522.7956145144108,,-3522.7956145144108,2.0587478847627634e-05,AUTO_KEEP
beta,beta_C,2024-05-13,sure,0,-1,-1,0,0.0,0.0,0.0,True,0.10522527428236472,-1,-1,0.0,45,45,-2241.406490879068,,-2241.406490879068,2.98476088682248e-05,AUTO_KEEP
beta,beta_C,2024-05-14,sure,0,-1,-1,0,0.0,0.0,0.0,True,0.07922069762660433,-1,-1,0.0,50,50,-1332.4500055023636,,-1332.4500055023636,4.575167015165235e-05,AUTO_KEEP
beta,beta_C,2024-05-15,sure,0,-1,-1,0,0.0,0.0,0.0,True,0.10529201261311805,-1,-1,0.0,50,53,-1034.7220151341035,,-1034.7220151341035,5.6309030896863754e-05,AUTO_KEEP
beta,beta_C,2024-05-16,sure,0,-1,-1,0,0.0,0.0,0.0,True,0.07968469625589814,-1,-1,0.0,45,45,-3026.0870172410728,,-3026.0870172410728,2.3325293107370323e-05,AUTO_KEEP
beta,beta_C,2024-05-17,sure,0,-1,-1,0,0.0,0.0,0.0,True,0.11146552474827143,-1,-1,0.0,49,50,-997.2547124992576,,-997.2547124992576,5.8039962973261974e-05,AUTO_KEEP
beta,beta_C,2024-05-18,sure,0,-1,-1,0,0.0,0.0,0.0,True,0.07396619344665689,-1,-1,0.0,24,24,-11225.890400390623,,-11225.890400390623,7.944271599184226e-06,AUTO_KEEP
beta,beta_C,2024-05-19,sure,0,-1,-1,0,0.0,0.0,0.0,True,0.13681954806300922,-1,-1,0.0,50,51,-1027.3135141250577,,-1027.3135141250577,5.664217353762353e-05,AUTO_KEEP
beta,beta_C,2024-05-20,sure,0,-1,-1,0,0.0,0.0,0.0,True,0.12756412211569668,-1,-1,0.0,45,45,-2512.381821269604,,-2512.381821269604,2.7176707731223356e-05,AUTO_KEEP
beta,beta_C,2024-05-21,sure,0,-1,-1,0,0.0,0.0,0.0,True,0.11954288788854228,-1,-1,0.0,51,51,-1041.4138260951042,,-1041.4138260951042,5.6011825741088776e-05,AUTO_KEEP
beta,beta_C,2024-05-22,sure,0,-1,-1,0,0.0,0.0,0.0,True,0.11325251134944203,-1,-1,0.0,51,51,-1039.8194565042243,,-1039.8194565042243,5.6082320985809204e-05,AUTO_KEEP
beta,beta_C,2024-05-23,sure,0,-1,-1,0,0.0,0.0,0.0,True,0.11606373690304839,-1,-1,0.0,52,52,-1146.5242873589846,,-1146.5242873589846,5.1760198031257075e-05,AUTO_KEEP
beta,beta_C,2024-05-24,sure,0,-1,-1,0,0.0,0.0,0.0,True,0.10723198403316925,-1,-1,0.0,49,49,-1505.4268230312427,,-1505.4268230312427,4.138840004430152e-05,AUTO_KEEP
beta,beta_C,2024-05-25,sure,0,-1,-1,0,0.0,0.0,0.0,True,0.08534639492371099,-1,-1,0.0,51,52,-6072.290417844898,,-6072.290417844898,1.3162218062306924e-05,AUTO_KEEP
beta,beta_C,2024-05-26,sure,0,-1,-1,0,0.0,0.0,0.0,True,0.10820495242848693,-1,-1,0.0,52,52,-1862.4794966380937,,-1862.4794966380937,3.475115559460293e-05,AUTO_KEEP
beta,beta_C,2024-05-27,sure,0,-1,-1,0,0.0,0.0,0.0,True,0.11771043692977479,-1,-1,0.0,50,51,-1193.4008970230827,,-1193.4008970230827,5.0084983270118095e-05,AUTO_KEEP
beta,beta_C,2024-05-28,sure,0,-1,-1,0,0.0,0.0,0.0,True,0.14122702207405258,-1,-1,0.0,52,52,-873.6179453215542,,-873.6179453215542,6.47012544006939e-05,AUTO_KEEP
beta,beta_C,2024-05-29,sure,0,-1,-1,0,0.0,0.0,0.0,True,0.12653222771092043,-1,-1,0.0,51,51,-964.6563584693725,,-964.6563584693725,5.964517715117066e-05,AUTO_KEEP
beta,beta_C,2024-05-30,sure,0,-1,-1,0,0.0,0.0,0.0,True,0.13602564895067104,-1,-1,0.0,50,50,-652.6515079041545,,-652.6515079041545,8.21932308259451e-05,AUTO_KEEP
beta,beta_C,2024-05-31,sure,0,-1,-1,0,0.0,0.0,0.0,True,0.07298103061022632,-1,-1,0.0,24,24,-12837.47553110775,,-12837.47553110775,7.115134176647017e-06,AUTO_KEEP
beta,beta_C,2024-06-01,sure,0,-1,-1,0,0.0,0.0,0.0,True,0.09877087398632911,-1,-1,0.0,24,24,-5993.31762868871,,-5993.31762868871,1.3304550395544743e-05,AUTO_KEEP
beta,beta_C,2024-06-02,sure,0,-1,-1,0,0.0,0.0,0.0,True,0.13680277444729771,-1,-1,0.0,24,24,-3658.9361716596586,,-3658.9361716596586,1.995606041211306e-05,AUTO_KEEP
beta,beta_C,2024-06-03,sure,0,-1,-1,0,0.0,0.0,0.0,True,0.12973411297013282,-1,-1,0.0,47,49,-1680.416082323239,,-1680.416082323239,3.781459562849691e-05,AUTO_KEEP
beta,beta_C,2024-06-04,sure,0,-1,-1,0,0.0,0.0,0.0,True,0.1199746353979938,-1,-1,0.0,46,46,-2502.035176350039,,-2502.035176350039,2.7268987807679777e-05,AUTO_KEEP
beta,beta_C,2024-06-05,sure,0,-1,-1,0,0.0,0.0,0.0,True,0.12582277271830922,-1,-1,0.0,50,50,-1795.5798088406816,,-1795.5798088406816,3.58110401048048e-05,AUTO_KEEP
beta,beta_C,2024-06-06,sure,0,-1,-1,0,0.0,0.0,0.0,True,0.12213514008270998,-1,-1,0.0,41,41,-4246.09069117635,,-4246.09069117635,1.7659348456389775e-05,AUTO_KEEP
beta,beta_C,2024-06-07,sure,0,-1,-1,0,0.0,0.0,0.0,True,0.12290741416120277,-1,-1,0.0,45,53,-3594.6843107309232,,-3594.6843107309232,2.0248632548186407e-05,AUTO_KEEP
beta,beta_C,2024-06-08,sure,0,-1,-1,0,0.0,0.0,0.0,True,0.1521623552612672,-1,-1,0.0,54,54,-1936.0309051232407,,-1936.0309051232407,3.366310629827442e-05,AUTO_KEEP
beta,beta_C,2024-06-09,sure,0,-1,-1,0,0.0,0.0,0.0,True,0.12687781870250703,-1,-1,0.0,53,53,-1205.4436534812742,,-1205.4436534812742,4.9673793216833075e-05,AUTO_KEEP
beta,beta_C,2024-06-10,sure,0,-1,-1,0,0.0,0.0,0.0,True,0.10922205298466192,-1,-1,0.0,50,50,-2462.6009867939356,,-2462.6009867939356,2.7627161432188335e-05,AUTO_KEEP
beta,beta_C,2024-06-11,sure,0,-1,-1,0,0.0,0.0,0.0,True,0.11565381616021231,-1,-1,0.0,46,46,-5685.250373619898,,-5685.250373619898,1.3894079856606604e-05,AUTO_KEEP
beta,beta_C,2024-06-12,sure,0,-1,-1,0,0.0,0.0,0.0,True,0.1611262753669962,-1,-1,0.0,49,49,-863.4863039910665,,-863.4863039910665,6.532370426934689e-05,AUTO_KEEP
beta,beta_C,2024-06-13,sure,0,-1,-1,0,0.0,0.0,0.0,True,0.12489322591279173,-1,-1,0.0,47,49,-3395.349957957259,,-3395.349957957259,2.122021550747946e-05,AUTO_KEEP
beta,beta_C,2024-06-14,sure,0,-1,-1,0,0.0,0.0,0.0,True,0.10429618363306492,-1,-1,0.0,24,24,-10092.969960482738,,-10092.969960482738,8.669967144797978e-06,AUTO_KEEP
beta,beta_C,2024-06-15,sure,0,-1,-1,0,0.0,0.0,0.0,True,0.1380463735761177,-1,-1,0.0,24,24,-4429.119724087619,,-4429.119724087619,1.7057559277027044e-05,AUTO_KEEP
beta,beta_C,2024-06-16,sure,0,-1,-1,0,0.0,0.0,0.0,True,0.15428658623036995,-1,-1,0.0,51,54,-2074.879494259295,,-2074.879494259295,3.180152950597133e-05,AUTO_KEEP
beta,beta_C,2024-06-17,sure,0,-1,-1,0,0.0,0.0,0.0,True,0.15105471581072383,-1,-1,0.0,42,44,-5542.861055738363,,-5542.861055738363,1.4186665858647733e-05,AUTO_KEEP
beta,beta_C,2024-06-18,sure,0,-1,-1,0,0.0,0.0,0.0,True,0.1098201907048777,-1,-1,0.0,51,51,-2725.293568888295,,-2725.293568888295,2.5420114945611586e-05,AUTO_KEEP
beta,beta_C,2024-06-19,sure,0,-1,-1,0,0.0,0.0,0.0,True,0.17550008699665387,-1,-1,0.0,51,53,-1409.4152564114502,,-1409.4152564114502,4.368990576501545e-05,AUTO_KEEP
beta,beta_C,2024-06-20,sure,0,-1,-1,0,0.0,0.0,0.0,True,0.1555126788586314,-1,-1,0.0,53,56,-2336.2664424800596,,-2336.2664424800596,2.8848494425658376e-05,AUTO_KEEP
beta,beta_C,2024-06-21,sure,0,-1,-1,0,0.0,0.0,0.0,True,0.1361642616025689,-1,-1,0.0,51,53,-1839.4428718779036,,-1839.4428718779036,3.51081967508761e-05,AUTO_KEEP
beta,beta_C,2024-06-22,sure,0,-1,-1,0,0.0,0.0,0.0,False,,-1,-1,,-1,-1,,,,,UNCERTAIN
beta,beta_C,2024-06-23,sure,0,-1,-1,0,0.0,0.0,0.0,True,0.16109120857063264,-1,-1,0.0,24,24,-3632.2950727428806,,-3632.2950727428806,2.0076227240323372e-05,AUTO_KEEP
beta,beta_C,2024-06-24,sure,0,-1,-1,0,0.0,0.0,0.0,True,0.14290255067057434,-1,-1,0.0,50,50,-1952.3506328075123,,-1952.3506328075123,3.343182167253501e-05,AUTO_KEEP
beta,beta_C,2024-06-25,sure,0,-1,-1,0,0.0,0.0,0.0,True,0.15597589428450043,-1,-1,0.0,52,54,-1276.3008303964396,,-1276.3008303964396,4.739797704314872e-05,AUTO_KEEP
beta,beta_C,2024-06-26,sure,0,-1,-1,0,0.0,0.0,0.0,True,0.1389406301477516,-1,-1,0.0,53,53,-1193.4622524630822,,-1193.4622524630822,5.008286920422778e-05,AUTO_KEEP
beta,beta_C,2024-06-27,sure,0,-1,-1,0,0.0,0.0,0.0,True,0.12554097364385974,-1,-1,0.0,50,53,-1539.3619278197448,,-1539.3619278197448,4.0637647588076185e-05,AUTO_KEEP
beta,beta_C,2024-06-28,sure,0,-1,-1,0,0.0,0.0,0.0,True,0.13575518204808024,-1,-1,0.0,52,53,-1836.6419595502905,,-1836.6419595502905,3.5152163364715634e-05,AUTO_KEEP
beta,beta_C,2024-06-29,sure,0,-1,-1,0,0.0,0.0,0.0,True,0.11730699913225529,-1,-1,0.0,51,51,-2557.2914258102833,,-2557.2914258102833,2.6784055453081505e-05,AUTO_KEEP
beta,beta_C,2024-06-30,sure,0,-1,-1,0,0.0,0.0,0.0,True,0.11826741088208692,-1,-1,0.0,25,25,-5277.796729531193,,-5277.796729531193,1.4769480067047472e-05,AUTO_KEEP
beta,beta_C,2024-07-01,sure,0,-1,-1,0,0.0,0.0,0.0,True,0.1103621491062814,-1,-1,0.0,48,48,-5282.359808950658,,-5282.359808950658,1.475899695623053e-05,AUTO_KEEP
beta,beta_C,2024-07-02,sure,0,-1,-1,0,0.0,0.0,0.0,True,0.14131826922371626,-1,-1,0.0,45,45,-5223.620477072995,,-5223.620477072995,1.4895217090692506e-05,AUTO_KEEP
beta,beta_C,2024-07-03,sure,0,-1,-1,0,0.0,0.0,0.0,True,0.116688936712106,-1,-1,0.0,52,52,-5029.769874020033,,-5029.769874020033,1.5365274904484135e-05,AUTO_KEEP
beta,beta_C,2024-07-04,sure,0,-1,-1,0,0.0,0.0,0.0,True,0.11843016658488281,-1,-1,0.0,52,52,-3187.589100360972,,-3187.589100360972,2.234998269674142e-05,AUTO_KEEP
beta,beta_C,2024-07-05,sure,0,-1,-1,0,0.0,0.0,0.0,True,0.10622671495920155,-1,-1,0.0,57,57,-6138.645646390649,,-6138.645646390649,1.3045207456783871e-05,AUTO_KEEP
beta,beta_C,2024-07-06,sure,0,-1,-1,0,0.0,0.0,0.0,True,0.11868059812863407,-1,-1,0.0,55,55,-3719.9782970401548,,-3719.9782970401548,1.9686641898256514e-05,AUTO_KEEP
beta,beta_C,2024-07-07,sure,0,-1,-1,0,0.0,0.0,0.0,True,0.11883220576134601,-1,-1,0.0,47,47,-2916.2456004314786,,-2916.2456004314786,2.404461190307523e-05,AUTO_KEEP
beta,beta_C,2024-07-08,sure,0,-1,-1,0,0.0,0.0,0.0,True,0.09244023847687544,-1,-1,0.0,55,55,-7856.5705295074895,,-7856.5705295074895,1.0651322497925744e-05,AUTO_KEEP
beta,beta_C,2024-07-09,sure,0,-1,-1,0,0.0,0.0,0.0,True,0.08644722604422395,-1,-1,0.0,51,51,-2688.419568812947,,-2688.419568812947,2.5706170259377297e-05,AUTO_KEEP
beta,beta_C,2024-07-10,sure,0,-1,-1,0,0.0,0.0,0.0,True,0.1122991002940461,-1,-1,0.0,50,50,-1209.818370431436,,-1209.818370431436,4.952626778812334e-05,AUTO_KEEP
beta,beta_C,2024-07-11,sure,0,-1,-1,0,0.0,0.0,0.0,True,0.10318928373751568,-1,-1,0.0,47,47,-2053.5302696834283,,-2053.5302696834283,3.2072831524733855e-05,AUTO_KEEP
beta,beta_C,2024-07-12,sure,0,-1,-1,0,0.0,0.0,0.0,True,0.10388011828881805,-1,-1,0.0,51,51,-1736.4672912713404,,-1736.4672912713404,3.680922837527481e-05,AUTO_KEEP
beta,beta_C,2024-07-13,sure,0,-1,-1,0,0.0,0.0,0.0,True,0.12916240688264047,-1,-1,0.0,49,49,-830.6045676710185,,-830.6045676710185,6.74387504234471e-05,AUTO_KEEP
beta,beta_C,2024-07-14,sure,0,-1,-1,0,0.0,0.0,0.0,True,0.09750842057183728,-1,-1,0.0,51,53,-2400.129228290183,,-2400.129228290183,2.821647219172881e-05,AUTO_KEEP
beta,beta_C,2024-07-15,sure,0,-1,-1,0,0.0,0.0,0.0,True,0.1277350118863474,-1,-1,0.0,51,51,-2222.5458818923116,,-2222.5458818923116,3.00554966170474e-05,AUTO_KEEP
beta,beta_C,2024-07-16,sure,0,-1,-1,0,0.0,0.0,0.0,True,0.15367223913986638,-1,-1,0.0,56,56,-2217.440275240207,,-2217.440275240207,3.0112325817588996e-05,AUTO_KEEP
beta,beta_C,2024-07-17,sure,0,-1,-1,0,0.0,0.0,0.0,True,0.10917143377556382,-1,-1,0.0,49,49,-1733.1924826260451,,-1733.1924826260451,3.686633761767316e-05,AUTO_KEEP
beta,beta_C,2024-07-18,sure,0,-1,-1,0,0.0,0.0,0.0,True,0.15481919147788492,-1,-1,0.0,49,49,-779.8602963085829,,-779.8602963085829,7.101957001673083e-05,AUTO_KEEP
beta,beta_C,2024-07-19,sure,0,-1,-1,0,0.0,0.0,0.0,True,0.13979098284917058,-1,-1,0.0,49,49,-1752.0618339315058,,-1752.0618339315058,3.653994365768569e-05,AUTO_KEEP
beta,beta_C,2024-07-20,sure,0,-1,-1,0,0.0,0.0,0.0,True,0.1461604744597489,-1,-1,0.0,47,55,-1021.6661515923882,,-1021.6661515923882,5.689907334430113e-05,AUTO_KEEP
beta,beta_C,2024-07-21,sure,0,-1,-1,0,0.0,0.0,0.0,True,0.114970541210063,-1,-1,0.0,51,51,-1796.0508387269529,,-1796.0508387269529,3.580332663587119e-05,AUTO_KEEP
beta,beta_C,2024-07-22,sure,0,-1,-1,0,0.0,0.0,0.0,True,0.1239298723543456,-1,-1,0.0,48,48,-2869.1505204831647,,-2869.1505204831647,2.4368352159852197e-05,AUTO_KEEP
beta,beta_C,2024-07-23,sure,0,-1,-1,0,0.0,0.0,0.0,True,0.1130348784708346,-1,-1,0.0,51,51,-1188.3661593029956,,-1188.3661593029956,5.0259137285648494e-05,AUTO_KEEP
beta,beta_C,2024-07-24,sure,0,-1,-1,0,0.0,0.0,0.0,True,0.11273778797590417,-1,-1,0.0,49,49,-1093.7902144458228,,-1093.7902144458228,5.3800288198704545e-05,AUTO_KEEP
beta,beta_C,2024-07-25,sure,0,-1,-1,0,0.0,0.0,0.0,True,0.1109212451998749,-1,-1,0.0,57,57,-1669.1550865482102,,-1669.1550865482102,3.802398407123201e-05,AUTO_KEEP
beta,beta_C,2024-07-26,sure,0,-1,-1,0,0.0,0.0,0.0,True,0.11395760329414717,-1,-1,0.0,51,51,-679.4865855078018,,-679.4865855078018,7.952033192873303e-05,AUTO_KEEP
beta,beta_C,2024-07-27,sure,0,-1,-1,0,0.0,0.0,0.0,True,0.09519132457087931,-1,-1,0.0,59,59,-6405.591650630265,,-6405.591650630265,1.259684571961623e-05,AUTO_KEEP
beta,beta_C,2024-07-28,sure,0,-1,-1,0,0.0,0.0,0.0,True,0.12309661798261917,-1,-1,0.0,51,51,-1803.068203059013,,-1803.068203059013,3.568884658757287e-05,AUTO_KEEP
beta,beta_C,2024-07-29,sure,0,-1,-1,0,0.0,0.0,0.0,True,0.14387159569197916,-1,-1,0.0,58,58,-2968.5558323607106,,-2968.5558323607106,2.369600280705341e-05,AUTO_KEEP
beta,beta_C,2024-07-30,sure,0,-1,-1,0,0.0,0.0,0.0,True,0.12662933029944057,-1,-1,0.0,50,50,-3540.7902631992283,,-3540.7902631992283,2.0501486089139035e-05,AUTO_KEEP
beta,beta_C,2024-07-31,sure,0,-1,-1,0,0.0,0.0,0.0,True,0.13411990223475367,-1,-1,0.0,46,49,-3423.296153758193,,-3423.296153758193,2.107779947730833e-05,AUTO_KEEP
beta,beta_C,2024-08-01,sure,0,-1,-1,0,0.0,0.0,0.0,True,0.16149615066923495,-1,-1,0.0,49,49,-3222.8285618065556,,-3222.8285618065556,2.214902730140868e-05,AUTO_KEEP
beta,beta_C,2024-08-02,sure,0,-1,-1,0,0.0,0.0,0.0,True,0.1027397720189489,-1,-1,0.0,56,56,-5679.620371058711,,-5679.620371058711,1.390539469452003e-05,AUTO_KEEP
beta,beta_C,2024-08-03,sure,0,-1,-1,0,0.0,0.0,0.0,True,0.13800352127613102,-1,-1,0.0,49,49,-1008.4585186265506,,-1008.4585186265506,5.751010365001424e-05,AUTO_KEEP
beta,beta_C,2024-08-04,sure,0,-1,-1,0,0.0,0.0,0.0,False,,-1,-1,,-1,-1,,,,,UNCERTAIN
beta,beta_C,2024-08-05,sure,0,-1,-1,0,0.0,0.0,0.0,False,,-1,-1,,-1,-1,,,,,UNCERTAIN
beta,beta_C,2024-08-06,sure,0,-1,-1,0,0.0,0.0,0.0,True,0.12850092634321708,-1,-1,0.0,56,56,-834.534727931672,,-834.534727931672,6.717797987387574e-05,AUTO_KEEP
beta,beta_C,2024-08-07,sure,0,-1,-1,0,0.0,0.0,0.0,True,0.13856539768344245,-1,-1,0.0,50,54,-494.86749716471587,,-494.86749716471587,0.000103139112983284,AUTO_KEEP
beta,beta_C,2024-08-08,sure,0,-1,-1,0,0.0,0.0,0.0,True,0.11600781333751886,-1,-1,0.0,54,54,-786.1048572321321,,-786.1048572321321,7.055625677482611e-05,AUTO_KEEP
beta,beta_C,2024-08-09,sure,0,-1,-1,0,0.0,0.0,0.0,True,0.10599382986461237,-1,-1,0.0,50,56,-860.6480720558573,,-860.6480720558573,6.550046389975736e-05,AUTO_KEEP
beta,beta_C,2024-08-10,sure,0,-1,-1,0,0.0,0.0,0.0,True,0.11312920313756258,-1,-1,0.0,47,47,-963.9175870443013,,-963.9175870443013,5.968269947777311e-05,AUTO_KEEP
beta,beta_C,2024-08-11,sure,0,-1,-1,0,0.0,0.0,0.0,True,0.0805342230683328,-1,-1,0.0,51,52,-1359.5383313177404,,-1359.5383313177404,4.500180209433018e-05,AUTO_KEEP
beta,beta_C,2024-08-12,sure,0,-1,-1,0,0.0,0.0,0.0,True,0.10943425375768623,-1,-1,0.0,57,57,-5450.573354879584,,-5450.573354879584,1.438372419666841e-05,AUTO_KEEP
beta,beta_C,2024-08-13,sure,0,-1,-1,0,0.0,0.0,0.0,True,0.10816768026519874,-1,-1,0.0,51,51,-3529.95670638983,,-3529.95670638983,2.0553161813721064e-05,AUTO_KEEP
beta,beta_C,2024-08-14,sure,0,-1,-1,0,0.0,0.0,0.0,True,0.10390052785528159,-1,-1,0.0,24,24,-6907.707170496361,,-6907.707170496361,1.1839489033362067e-05,AUTO_KEEP
beta,beta_C,2024-08-15,sure,0,-1,-1,0,0.0,0.0,0.0,True,0.1153671045252489,-1,-1,0.0,58,62,-5380.024697111076,,-5380.024697111076,1.4538510952115047e-05,AUTO_KEEP
beta,beta_C,2024-08-16,sure,0,-1,-1,0,0.0,0.0,0.0,True,0.10763239669472746,-1,-1,0.0,53,54,-511.25448774664295,,-511.25448774664295,0.00010042019929536545,AUTO_KEEP
beta,beta_C,2024-08-17,sure,0,-1,-1,0,0.0,0.0,0.0,True,0.08776639330035962,-1,-1,0.0,52,52,-1378.2105520469217,,-1378.2105520469217,4.450055422973742e-05,AUTO_KEEP
beta,beta_C,2024-08-18,sure,0,-1,-1,0,0.0,0.0,0.0,True,0.11001460131418472,-1,-1,0.0,39,39,-2547.508904285881,,-2547.508904285881,2.686851156146954e-05,AUTO_KEEP
beta,beta_C,2024-08-19,sure,0,-1,-1,0,0.0,0.0,0.0,True,0.10152967027162951,-1,-1,0.0,60,60,-3117.4602073279007,,-3117.4602073279007,2.276218515290385e-05,AUTO_KEEP
beta,beta_C,2024-08-20,sure,0,-1,-1,0,0.0,0.0,0.0,True,0.11128933294979948,-1,-1,0.0,49,49,-182.39845099527693,,-182.39845099527693,0.00023353209604839932,AUTO_KEEP
beta,beta_C,2024-08-21,sure,0,-1,-1,0,0.0,0.0,0.0,True,0.12284323909725359,-1,-1,0.0,50,53,-216.87544321225616,,-216.87544321225616,0.00020271282366804918,AUTO_KEEP
beta,beta_C,2024-08-22,sure,0,-1,-1,0,0.0,0.0,0.0,True,0.11119206783228552,-1,-1,0.0,48,48,-242.22737624214716,,-242.22737624214716,0.00018518457930359164,AUTO_KEEP
beta,beta_C,2024-08-23,sure,0,-1,-1,0,0.0,0.0,0.0,True,0.09293633592689865,-1,-1,0.0,48,48,-208.51920451367826,,-208.51920451367826,0.00020933201368604005,AUTO_KEEP
beta,beta_C,2024-08-24,sure,0,-1,-1,0,0.0,0.0,0.0,True,0.09792666729840782,-1,-1,0.0,50,50,-283.6161669768263,,-283.6161669768263,0.00016275380756778366,AUTO_KEEP
beta,beta_C,2024-08-25,sure,0,-1,-1,0,0.0,0.0,0.0,True,0.07804992789617948,-1,-1,0.0,45,45,-4453.277434864274,,-4453.277434864274,1.6981500658927472e-05,AUTO_KEEP
beta,beta_C,2024-08-26,unsure,1,47,53,7,2.990926,0.0,0.0,True,0.06306653513879157,-1,-1,0.0,45,56,-354.04112983124844,,-354.04112983124844,0.00013571795789182035,AUTO_KEEP
beta,beta_C,2024-08-27,sure,0,-1,-1,0,0.0,0.0,0.0,True,0.09586407502288985,-1,-1,0.0,41,57,-152.2682500037901,,-152.2682500037901,0.00027063379946176144,AUTO_KEEP
beta,beta_C,2024-08-28,unsure,0,-1,-1,0,0.0,7.637849500000001,0.0,True,0.09323188900705759,42,59,5.8028295871317965,40,40,-960.4201343735446,5.8028295871317965,5.8028295871317965,0.07560886465316716,AUTO_KEEP
beta,beta_C,2024-08-29,sure,0,-1,-1,0,0.0,9.625219999999999,0.0,True,0.06538721584818985,39,58,84.52723872356188,59,59,-992.8755923837834,84.52723872356188,84.52723872356188,0.39573813821133924,UNCERTAIN
beta,beta_C,2024-08-30,unsure,1,46,54,9,3.65562,0.0,0.0,True,0.0815057743653469,-1,-1,0.0,45,55,-222.70624108874944,,-222.70624108874944,0.00019836158310629668,AUTO_KEEP
beta,beta_C,2024-08-31,sure,0,-1,-1,0,0.0,0.0,0.0,True,0.0792977259439307,-1,-1,0.0,43,57,-145.09625768589336,,-145.09625768589336,0.00028150161688157417,AUTO_KEEP
beta,beta_C,2024-09-01,unsure,1,45,55,11,4.7536815,0.0,0.0,True,0.08006887416480168,-1,-1,0.0,44,56,-198.89761119630083,,-198.89761119630083,0.0002175752597710312,AUTO_KEEP
beta,beta_C,2024-09-02,unsure,1,43,55,13,5.997672499999999,0.0,0.0,True,0.1018637164870233,-1,-1,0.0,40,60,-31.062064177509694,,-31.062064177509694,0.0009782159720466094,AUTO_KEEP
beta,beta_C,2024-09-03,unsure,1,43,58,16,8.0961865,0.0,0.0,True,0.11106593607627113,-1,-1,0.0,42,58,-81.1280756786684,,-81.1280756786684,0.000451825228341428,AUTO_KEEP
beta,beta_C,2024-09-04,unsure,0,-1,-1,0,0.0,0.0,0.0,True,0.09698392985252369,-1,-1,0.0,43,58,-85.70515379393737,,-85.70515379393737,0.00043213920713952526,AUTO_KEEP
beta,beta_C,2024-09-05,sure,0,-1,-1,0,0.0,0.0,0.0,True,0.09892654249766686,-1,-1,0.0,51,51,-93.24871388936823,,-93.24871388936823,0.000403518048065949,AUTO_KEEP
beta,beta_C,2024-09-06,unsure,1,43,55,13,5.5393605,0.0,0.0,True,0.07763601469022285,-1,-1,0.0,42,56,-154.53742994751562,,-154.53742994751562,0.0002673857880613845,AUTO_KEEP
beta,beta_C,2024-09-07,sure,0,-1,-1,0,0.0,0.0,0.0,True,0.08824452043256548,-1,-1,0.0,51,51,-261.9872954362213,,-261.9872954362213,0.0001736734737652409,AUTO_KEEP
beta,beta_C,2024-09-08,sure,0,-1,-1,0,0.0,0.0,0.0,True,0.06879450415361976,-1,-1,0.0,64,64,-7111.7678906223855,,-7111.7678906223855,1.1559642182719649e-05,AUTO_KEEP
beta,beta_C,2024-09-09,sure,0,-1,-1,0,0.0,0.0,0.0,True,0.1009232706257337,-1,-1,0.0,44,56,-11.25597746698779,,-11.25597746698779,0.0021534279205230695,AUTO_KEEP
beta,beta_C,2024-09-10,sure,0,-1,-1,0,0.0,0.0,0.0,True,0.057690907129582136,-1,-1,0.0,43,43,-871.5739866990954,,-871.5739866990954,6.482576717342966e-05,AUTO_KEEP
beta,beta_C,2024-09-11,sure,0,-1,-1,0,0.0,0.0,0.0,True,0.0934330495222877,-1,-1,0.0,57,57,-189.67547979956305,,-189.67547979956305,0.0002261843394195392,AUTO_KEEP
beta,beta_C,2024-09-12,sure,0,-1,-1,0,0.0,0.0,0.0,True,0.0917725585611251,-1,-1,0.0,57,57,-515.7500340061499,,-515.7500340061499,9.970179725284634e-05,AUTO_KEEP
beta,beta_C,2024-09-13,sure,0,-1,-1,0,0.0,0.0,0.0,True,0.05854830270424749,-1,-1,0.0,41,59,-384.6945941305497,,-384.6945941305497,0.00012679039145114813,AUTO_KEEP
beta,beta_C,2024-09-14,unsure,0,-1,-1,0,0.0,0.0,0.0,True,0.06798709775576706,-1,-1,0.0,49,54,-185.1254624655748,,-185.1254624655748,0.0002307172956433791,AUTO_KEEP
beta,beta_C,2024-09-15,sure,0,-1,-1,0,0.0,0.0,0.0,True,0.11803018648430985,-1,-1,0.0,53,53,-711.8282487004986,,-711.8282487004986,7.654348253920713e-05,AUTO_KEEP
beta,beta_C,2024-09-16,unsure,1,45,53,9,4.8529040000000006,0.0,0.0,True,0.09697131860811137,-1,-1,0.0,41,59,-220.10236230578906,,-220.10236230578906,0.0002002789010214379,AUTO_KEEP
beta,beta_C,2024-09-17,unsure,1,45,56,12,6.778774000000001,0.0,0.0,True,0.10141508576721847,-1,-1,0.0,41,59,-94.24230728385896,,-94.24230728385896,0.0004000568750812447,AUTO_KEEP
beta,beta_C,2024-09-18,unsure,1,44,59,16,9.852413,0.0,0.0,True,0.0797024918016005,-1,-1,0.0,40,60,-3.773981795406743,,-3.773981795406743,0.004661493622664463,AUTO_KEEP
beta,beta_C,2024-09-19,unsure,1,43,58,16,10.1444245,13.845087,10.1444245,True,0.07593054118453502,39,61,135.15876479065116,38,38,-981.8810099634724,135.15876479065116,135.15876479065116,0.48971570753715066,UNCERTAIN
beta,beta_C,2024-09-20,unsure,1,43,59,17,10.206740499999999,14.7632575,10.206740499999999,True,0.10168225969091393,37,61,22.7071493050096,62,62,-946.8327399217893,22.7071493050096,22.7071493050096,0.1857851667268466,AUTO_KEEP
beta,beta_C,2024-09-21,unsure,0,-1,-1,0,0.0,0.0,0.0,True,0.08436359476022481,-1,-1,0.0,40,57,-34.5134228847546,,-34.5134228847546,0.0008994593616858183,AUTO_KEEP
beta,beta_C,2024-09-22,unsure,0,-1,-1,0,0.0,0.0,0.0,True,0.06165212625665717,-1,-1,0.0,51,58,-152.50457398823744,,-152.50457398823744,0.00027029145695115067,AUTO_KEEP
beta,beta_C,2024-09-23,unsure,1,42,57,16,7.902014,9.4690115,7.902014,True,0.0588771240742787,39,58,147.5227962146446,59,59,-941.8263743821291,147.5227962146446,147.5227962146446,0.5075700887006359,UNCERTAIN
beta,beta_C,2024-09-24,sure,0,-1,-1,0,0.0,0.0,0.0,True,0.09734177171231106,-1,-1,0.0,38,54,-112.05616647262814,,-112.05616647262814,0.0003474977775088865,AUTO_KEEP
beta,beta_C,2024-09-25,sure,0,-1,-1,0,0.0,0.0,0.0,True,0.08482166229396482,-1,-1,0.0,54,54,-1260.9045091213866,,-1260.9045091213866,4.787266627994302e-05,AUTO_KEEP
beta,beta_C,2024-09-26,sure,0,-1,-1,0,0.0,0.0,0.0,True,0.06447245178671324,-1,-1,0.0,24,24,-14568.661002868874,,-14568.661002868874,6.41266673200737e-06,AUTO_KEEP
beta,beta_C,2024-09-27,sure,0,-1,-1,0,0.0,0.0,0.0,True,0.10902586838092265,-1,-1,0.0,57,57,-303.95988969685374,,-303.95988969685374,0.00015377856637585938,AUTO_KEEP
beta,beta_C,2024-09-28,sure,0,-1,-1,0,0.0,0.0,0.0,True,0.08998704736490071,-1,-1,0.0,48,48,-345.2352643825736,,-345.2352643825736,0.0001385477352920822,AUTO_KEEP
beta,beta_C,2024-09-29,sure,0,-1,-1,0,0.0,0.0,0.0,True,0.1007464212444793,-1,-1,0.0,37,37,-2870.9052812076397,,-2870.9052812076397,2.4356116225621604e-05,AUTO_KEEP
beta,beta_C,2024-09-30,sure,0,-1,-1,0,0.0,0.0,0.0,True,0.0882333481651223,-1,-1,0.0,48,52,-838.3311657542065,,-838.3311657542065,6.692819493324027e-05,AUTO_KEEP
beta,beta_D,2023-10-01,unsure,0,-1,-1,0,0.0,0.0,0.0,False,,-1,-1,,-1,-1,,,,,UNCERTAIN
beta,beta_D,2023-10-02,unsure,0,-1,-1,0,0.0,0.0,0.0,False,,-1,-1,,-1,-1,,,,,UNCERTAIN
beta,beta_D,2023-10-03,unsure,0,-1,-1,0,0.0,0.0,0.0,False,,-1,-1,,-1,-1,,,,,UNCERTAIN
beta,beta_D,2023-10-04,unsure,1,49,60,12,8.0075105,0.0,0.0,False,,-1,-1,,-1,-1,,,,,UNCERTAIN
beta,beta_D,2023-10-05,sure,1,45,60,16,17.1586475,0.0,0.0,False,,-1,-1,,-1,-1,,,,,UNCERTAIN
beta,beta_D,2023-10-06,sure,1,46,59,14,14.810474000000001,0.0,0.0,False,,-1,-1,,-1,-1,,,,,UNCERTAIN
beta,beta_D,2023-10-07,unsure,1,55,57,3,0.9733990000000001,0.0,0.0,False,,-1,-1,,-1,-1,,,,,UNCERTAIN
beta,beta_D,2023-10-08,unsure,1,53,57,5,0.612846,0.0,0.0,False,,-1,-1,,-1,-1,,,,,UNCERTAIN
beta,beta_D,2023-10-09,sure,1,45,59,15,14.264188500000001,15.482093000000003,14.264188500000001,True,0.09584194733901974,36,66,1339.5271960260216,67,67,-13.963012945935631,1339.5271960260216,1339.5271960260216,0.8886085237027568,AUTO_CORRECT
beta,beta_D,2023-10-10,unsure,1,48,54,7,1.9575015000000002,0.0,0.0,False,,-1,-1,,-1,-1,,,,,UNCERTAIN
beta,beta_D,2023-10-11,sure,1,51,59,9,9.782665,0.0,0.0,False,,-1,-1,,-1,-1,,,,,UNCERTAIN
beta,beta_D,2023-10-12,sure,1,45,52,8,2.6717839999999997,0.0,0.0,False,,-1,-1,,-1,-1,,,,,UNCERTAIN
beta,beta_D,2023-10-13,sure,1,43,59,17,16.676634,17.43017,16.676634,True,0.09647990568797749,35,67,1647.9515340218566,68,68,-6.324767999103045,1647.9515340218566,1647.9515340218566,0.9044903130086244,AUTO_CORRECT
beta,beta_D,2023-10-14,sure,1,48,55,8,1.7044409999999997,0.0,0.0,False,,-1,-1,,-1,-1,,,,,UNCERTAIN
beta,beta_D,2023-10-15,unsure,0,-1,-1,0,0.0,0.0,0.0,False,,-1,-1,,-1,-1,,,,,UNCERTAIN
beta,beta_D,2023-10-16,unsure,1,45,58,14,5.623791500000001,0.0,0.0,False,,-1,-1,,-1,-1,,,,,UNCERTAIN
beta,beta_D,2023-10-17,unsure,1,50,63,14,3.64656,1.1067925,0.0,True,0.09815741720341675,43,43,870.6822572437243,51,55,477.07948539718063,393.60277184654365,870.6822572437243,0.8481387916546675,AUTO_CORRECT
beta,beta_D,2023-10-18,sure,1,41,60,20,21.311069500000002,21.959397000000003,21.311069500000002,True,0.10217410839548036,36,67,1714.6225514662228,68,68,-8.432440856660179,1714.6225514662228,1714.6225514662228,0.9072893315307347,AUTO_CORRECT
beta,beta_D,2023-10-19,unsure,1,58,60,3,1.0790545,0.0,0.0,False,,-1,-1,,-1,-1,,,,,UNCERTAIN
beta,beta_D,2023-10-20,sure,1,46,58,13,10.0611675,0.0,0.0,False,,-1,-1,,-1,-1,,,,,UNCERTAIN
beta,beta_D,2023-10-21,unsure,0,-1,-1,0,0.0,0.0,0.0,False,,-1,-1,,-1,-1,,,,,UNCERTAIN
beta,beta_D,2023-10-22,unsure,0,-1,-1,0,0.0,0.0,0.0,False,,-1,-1,,-1,-1,,,,,UNCERTAIN
beta,beta_D,2023-10-23,sure,1,44,58,15,14.089282,0.0,0.0,False,,-1,-1,,-1,-1,,,,,UNCERTAIN
beta,beta_D,2023-10-24,unsure,1,46,55,10,5.0534105,0.0,0.0,False,,-1,-1,,-1,-1,,,,,UNCERTAIN
beta,beta_D,2023-10-25,sure,1,46,58,13,9.181403,9.430059499999999,9.181403,True,0.1353498762412797,40,65,497.78338421007004,39,39,-34.09067298463995,497.78338421007004,497.78338421007004,0.7786182445821291,AUTO_CORRECT
beta,beta_D,2023-10-26,sure,0,-1,-1,0,0.0,0.0,0.0,True,0.11541580132534346,-1,-1,0.0,46,46,-767.2983973702574,,-767.2983973702574,8.335686813981265e-05,AUTO_KEEP
beta,beta_D,2023-10-27,unsure,1,45,54,10,5.554623500000001,5.850789000000001,5.4862865,True,0.13760456600333493,43,52,529.7856452999001,54,54,4.396873363359016,525.3887719365412,529.7856452999001,0.7873702355364574,AUTO_CORRECT
beta,beta_D,2023-10-28,unsure,0,-1,-1,0,0.0,0.0,0.0,False,,-1,-1,,-1,-1,,,,,UNCERTAIN
beta,beta_D,2023-10-29,unsure,1,48,57,10,2.7387645,0.0,0.0,False,,-1,-1,,-1,-1,,,,,UNCERTAIN
beta,beta_D,2023-10-30,unsure,1,44,54,11,5.1661909999999995,0.0,0.0,False,,-1,-1,,-1,-1,,,,,UNCERTAIN
beta,beta_D,2023-10-31,unsure,0,-1,-1,0,0.0,0.0,0.0,False,,-1,-1,,-1,-1,,,,,UNCERTAIN
beta,beta_D,2023-11-01,unsure,1,50,60,11,6.0132780000000015,7.4979355000000005,6.0132780000000015,True,0.08668879746419389,41,66,904.7340980444475,35,38,140.82009636437138,763.9140016800761,904.7340980444475,0.8521823903535749,AUTO_CORRECT
beta,beta_D,2023-11-02,unsure,1,42,61,20,14.758794000000002,14.838961,14.758794000000002,True,0.10806857878045406,35,67,1092.5776605290462,34,34,-6.510235414086556,1092.5776605290462,1092.5776605290462,0.870787663458175,AUTO_CORRECT
beta,beta_D,2023-11-03,unsure,1,46,59,14,10.3619805,0.0,0.0,False,,-1,-1,,-1,-1,,,,,UNCERTAIN
beta,beta_D,2023-11-04,unsure,0,-1,-1,0,0.0,1.8337284999999999,0.0,True,0.07474709798945867,53,54,2306.8680127890466,40,51,200.55440037456086,2106.3136124144858,2306.8680127890466,0.9259878642642029,AUTO_CORRECT
beta,beta_D,2023-11-05,sure,0,-1,-1,0,0.0,0.0,0.0,True,0.08819789203435091,-1,-1,0.0,27,27,-4883.818012394382,,-4883.818012394382,1.8010167467446288e-05,AUTO_KEEP
beta,beta_D,2023-11-06,sure,0,-1,-1,0,0.0,2.8354845,0.0,True,0.14131121753401477,55,60,129.57161035554773,37,52,94.68378920650156,34.887821149046175,129.57161035554773,0.5367827880317646,UNCERTAIN
beta,beta_D,2023-11-07,sure,1,44,61,18,16.640987,17.885402999999993,16.640987,True,0.11594054639437079,37,66,1114.897255048063,69,69,-309.4287563922531,1114.897255048063,1114.897255048063,0.872659165731413,AUTO_CORRECT
beta,beta_D,2023-11-08,unsure,1,42,60,19,9.147137,8.6876745,8.6779025,True,0.09694272444047147,35,58,751.6487818998737,62,62,43.03038846642939,708.6183934334443,751.6487818998737,0.8318015707888504,AUTO_CORRECT
beta,beta_D,2023-11-09,sure,1,49,58,10,9.655859,10.2998275,9.655859,True,0.09222167532861558,48,60,2204.0185613554395,47,47,-712.1095144964144,2204.0185613554395,2204.0185613554395,0.9233577119052987,AUTO_CORRECT
beta,beta_D,2023-11-10,sure,1,43,56,14,5.3903799999999995,0.0,0.0,False,,-1,-1,,-1,-1,,,,,UNCERTAIN
beta,beta_D,2023-11-11,unsure,0,-1,-1,0,0.0,0.0,0.0,False,,-1,-1,,-1,-1,,,,,UNCERTAIN
beta,beta_D,2023-11-12,sure,0,-1,-1,0,0.0,0.0,0.0,False,,-1,-1,,-1,-1,,,,,UNCERTAIN
beta,beta_D,2023-11-13,sure,0,-1,-1,0,0.0,3.7392889999999994,0.0,True,0.09237879432615559,47,59,467.62275875826464,38,38,25.83712828306907,441.78563047519555,467.62275875826464,0.7695838889489475,AUTO_CORRECT
beta,beta_D,2023-11-14,unsure,1,40,54,15,8.628078499999999,0.0,0.0,False,,-1,-1,,-1,-1,,,,,UNCERTAIN
beta,beta_D,2023-11-15,sure,0,-1,-1,0,0.0,2.911886,0.0,True,0.08126789109556842,39,55,325.9879643963755,57,58,4.695357343406459,321.29260705296906,325.9879643963755,0.7125601072847272,AUTO_CORRECT
beta,beta_D,2023-11-16,sure,0,-1,-1,0,0.0,0.0,0.0,False,,-1,-1,,-1,-1,,,,,UNCERTAIN
beta,beta_D,2023-11-17,unsure,1,56,61,6,2.9806755,8.459635499999996,2.9806755,True,0.0957163384314268,40,68,484.02091345000144,69,69,-42.54334372632964,484.02091345000144,484.02091345000144,0.7745972310283736,AUTO_CORRECT
beta,beta_D,2023-11-18,sure,1,47,59,13,9.290930499999998,0.0,0.0,False,,-1,-1,,-1,-1,,,,,UNCERTAIN
beta,beta_D,2023-11-19,unsure,1,49,53,5,0.8278780000000001,0.0,0.0,False,,-1,-1,,-1,-1,,,,,UNCERTAIN
beta,beta_D,2023-11-20,sure,0,-1,-1,0,0.0,0.747949,0.0,True,0.06656695810461644,53,54,73.7797629800966,46,46,-2.8555181127075473,73.7797629800966,73.7797629800966,0.4220606715282898,UNCERTAIN
beta,beta_D,2023-11-21,unsure,0,-1,-1,0,0.0,0.0,0.0,False,,-1,-1,,-1,-1,,,,,UNCERTAIN
beta,beta_D,2023-11-22,sure,1,52,58,7,2.533563,2.9374995,2.533563,True,0.09165124558251092,48,61,392.9081721310201,63,65,2.3409582305086136,390.5672139005115,392.9081721310201,0.7430897530877746,AUTO_CORRECT
beta,beta_D,2023-11-23,sure,0,-1,-1,0,0.0,0.0,0.0,False,,-1,-1,,-1,-1,,,,,UNCERTAIN
beta,beta_D,2023-11-24,sure,0,-1,-1,0,0.0,4.976824000000001,0.0,True,0.10835822157648423,37,44,307.3178112789792,46,48,13.42274361839877,293.8950676605804,307.3178112789792,0.7024826659460388,AUTO_CORRECT
beta,beta_D,2023-11-25,sure,0,-1,-1,0,0.0,0.0,0.0,True,0.09043106389231914,-1,-1,0.0,50,50,-3874.130357358515,,-3874.130357358515,2.1818233747795734e-05,AUTO_KEEP
beta,beta_D,2023-11-26,sure,0,-1,-1,0,0.0,0.0,0.0,False,,-1,-1,,-1,-1,,,,,UNCERTAIN
beta,beta_D,2023-11-27,sure,0,-1,-1,0,0.0,0.0,0.0,False,,-1,-1,,-1,-1,,,,,UNCERTAIN
beta,beta_D,2023-11-28,sure,0,-1,-1,0,0.0,0.0,0.0,True,0.09644185074398326,-1,-1,0.0,57,57,-13.157338629673955,,-13.157338629673955,0.0022743215442219233,AUTO_KEEP
beta,beta_D,2023-11-29,sure,0,-1,-1,0,0.0,9.611111000000001,0.0,True,0.13148510029245308,44,60,319.4249311213744,37,37,0.10776090882360713,319.3171702125508,319.4249311213744,0.7091078060954998,AUTO_CORRECT
beta,beta_D,2023-11-30,sure,0,-1,-1,0,0.0,1.641262,0.0,True,0.06748799269699468,48,49,1923.926163206242,42,43,1204.7437847295066,719.1823784767355,1923.926163206242,0.9150047476022017,AUTO_CORRECT
beta,beta_D,2023-12-01,sure,0,-1,-1,0,0.0,0.0,0.0,False,,-1,-1,,-1,-1,,,,,UNCERTAIN
beta,beta_D,2023-12-02,sure,0,-1,-1,0,0.0,13.830630999999999,0.0,True,0.06691794148824792,45,56,35.909152146062034,44,44,-1.9626356201691213,35.909152146062034,35.909152146062034,0.2892091739059125,AUTO_KEEP
beta,beta_D,2023-12-03,unsure,0,-1,-1,0,0.0,0.0,0.0,False,,-1,-1,,-1,-1,,,,,UNCERTAIN
beta,beta_D,2023-12-04,unsure,1,54,56,3,0.6185934999999999,0.0,0.0,False,,-1,-1,,-1,-1,,,,,UNCERTAIN
beta,beta_D,2023-12-05,sure,0,-1,-1,0,0.0,0.0,0.0,False,,-1,-1,,-1,-1,,,,,UNCERTAIN
beta,beta_D,2023-12-06,sure,0,-1,-1,0,0.0,0.0,0.0,False,,-1,-1,,-1,-1,,,,,UNCERTAIN
beta,beta_D,2023-12-07,unsure,1,55,58,4,2.8461345,0.0,0.0,False,,-1,-1,,-1,-1,,,,,UNCERTAIN
beta,beta_D,2023-12-08,sure,0,-1,-1,0,0.0,5.878165999999999,0.0,True,0.09668600679939487,36,40,98.11906941026585,42,42,-30.474057623532048,98.11906941026585,98.11906941026585,0.4797850888686817,UNCERTAIN
beta,beta_D,2023-12-09,unsure,0,-1,-1,0,0.0,0.0,0.0,True,0.07736543030152099,-1,-1,0.0,24,24,-11424.353438053755,,-11424.353438053755,8.909068588478612e-06,AUTO_KEEP
beta,beta_D,2023-12-10,unsure,0,-1,-1,0,0.0,0.019635,0.0,True,0.09669534972023097,52,57,2.467054799204251,58,58,-1.0830473818566655,2.467054799204251,2.467054799204251,0.05424505898798601,AUTO_KEEP
beta,beta_D,2023-12-11,unsure,0,-1,-1,0,0.0,0.0,0.0,False,,-1,-1,,-1,-1,,,,,UNCERTAIN
beta,beta_D,2023-12-12,unsure,0,-1,-1,0,0.0,0.0,0.0,False,,-1,-1,,-1,-1,,,,,UNCERTAIN
beta,beta_D,2023-12-13,unsure,1,53,55,3,1.021503,1.266276,1.021503,True,0.07811366765377326,50,55,123.46288103909058,45,48,11.165156128378436,112.29772491071213,123.46288103909058,0.5269005633791431,UNCERTAIN
beta,beta_D,2023-12-14,unsure,0,-1,-1,0,0.0,0.0,0.0,True,0.07264559817340288,-1,-1,0.0,45,45,-549.8302307489852,,-549.8302307489852,0.00010980970273511983,AUTO_KEEP
beta,beta_D,2023-12-15,unsure,0,-1,-1,0,0.0,0.0,0.0,False,,-1,-1,,-1,-1,,,,,UNCERTAIN
beta,beta_D,2023-12-16,unsure,0,-1,-1,0,0.0,0.001241,0.0,True,0.08130153757836966,39,40,0.04353709142948926,38,38,-0.03555119722660899,0.04353709142948926,0.04353709142948926,0.020773245624180932,AUTO_KEEP
beta,beta_D,2023-12-17,unsure,0,-1,-1,0,0.0,0.0,0.0,False,,-1,-1,,-1,-1,,,,,UNCERTAIN
beta,beta_D,2023-12-18,unsure,0,-1,-1,0,0.0,0.1302885,0.0,True,0.05816162557393012,56,56,27.72501950641435,57,57,-60.29623948664276,27.72501950641435,27.72501950641435,0.248450184377849,AUTO_KEEP
beta,beta_D,2023-12-19,sure,0,-1,-1,0,0.0,0.0,0.0,True,0.09703136336780549,-1,-1,0.0,37,37,-3566.1990244082913,,-3566.1990244082913,2.3367194445946867e-05,AUTO_KEEP
beta,beta_D,2023-12-20,sure,0,-1,-1,0,0.0,0.0,0.0,True,0.04795026363550248,-1,-1,0.0,24,24,-26678.743313452294,,-26678.743313452294,4.4129843083438956e-06,AUTO_KEEP
beta,beta_D,2023-12-21,sure,0,-1,-1,0,0.0,1.3063085,0.0,True,0.0947601118971102,56,58,230.40361554027595,37,37,-79.88667202838717,230.40361554027595,230.40361554027595,0.6505437764311838,UNCERTAIN
beta,beta_D,2023-12-22,sure,1,48,59,12,7.1071535,0.0,0.0,False,,-1,-1,,-1,-1,,,,,UNCERTAIN
beta,beta_D,2023-12-23,unsure,0,-1,-1,0,0.0,0.0,0.0,False,,-1,-1,,-1,-1,,,,,UNCERTAIN
beta,beta_D,2023-12-24,unsure,0,-1,-1,0,0.0,0.90108,0.0,True,0.10843692707430463,44,44,87.88024040262121,58,58,46.554531242732594,41.32570915988862,87.88024040262121,0.4572983879881782,UNCERTAIN
beta,beta_D,2023-12-25,unsure,0,-1,-1,0,0.0,0.0,0.0,False,,-1,-1,,-1,-1,,,,,UNCERTAIN
beta,beta_D,2023-12-26,unsure,0,-1,-1,0,0.0,3.6121565,0.0,True,0.09049740900079106,45,48,408.2794033379068,50,51,335.21812717240505,73.06127616550174,408.2794033379068,0.7490967216562135,AUTO_CORRECT
beta,beta_D,2023-12-27,unsure,0,-1,-1,0,0.0,0.0,0.0,False,,-1,-1,,-1,-1,,,,,UNCERTAIN
beta,beta_D,2023-12-28,unsure,0,-1,-1,0,0.0,0.0,0.0,False,,-1,-1,,-1,-1,,,,,UNCERTAIN
beta,beta_D,2023-12-29,unsure,0,-1,-1,0,0.0,2.1766405,0.0,True,0.10349473411239352,49,50,51.54249480102597,43,43,-104.34322628600238,51.54249480102597,51.54249480102597,0.3528179449047183,UNCERTAIN
beta,beta_D,2023-12-30,unsure,0,-1,-1,0,0.0,0.0,0.0,False,,-1,-1,,-1,-1,,,,,UNCERTAIN
beta,beta_D,2023-12-31,sure,0,-1,-1,0,0.0,0.0,0.0,True,0.07873064975191335,-1,-1,0.0,60,60,-6587.17255186772,,-6587.17255186772,1.4057216186841882e-05,AUTO_KEEP
beta,beta_D,2024-01-01,unsure,0,-1,-1,0,0.0,0.346036,0.0,True,0.09030081185525818,55,55,225.123018907538,58,62,39.31326016312726,185.80975874441074,225.123018907538,0.6461841129630547,UNCERTAIN
beta,beta_D,2024-01-02,unsure,0,-1,-1,0,0.0,0.0,0.0,False,,-1,-1,,-1,-1,,,,,UNCERTAIN
beta,beta_D,2024-01-03,unsure,0,-1,-1,0,0.0,0.0,0.0,False,,-1,-1,,-1,-1,,,,,UNCERTAIN
beta,beta_D,2024-01-04,unsure,0,-1,-1,0,0.0,0.0,0.0,False,,-1,-1,,-1,-1,,,,,UNCERTAIN
beta,beta_D,2024-01-05,unsure,0,-1,-1,0,0.0,0.0,0.0,False,,-1,-1,,-1,-1,,,,,UNCERTAIN
beta,beta_D,2024-01-06,unsure,0,-1,-1,0,0.0,0.0,0.0,False,,-1,-1,,-1,-1,,,,,UNCERTAIN
beta,beta_D,2024-01-07,unsure,0,-1,-1,0,0.0,0.0,0.0,False,,-1,-1,,-1,-1,,,,,UNCERTAIN
beta,beta_D,2024-01-08,sure,0,-1,-1,0,0.0,0.0762225,0.0,True,0.08087741956543182,35,35,32.97255198244968,34,34,-111.23545133735078,32.97255198244968,32.97255198244968,0.2752980602341443,AUTO_KEEP
beta,beta_D,2024-01-09,sure,0,-1,-1,0,0.0,8.5723815,0.0,True,0.1323264499309298,39,46,71.29135729032139,60,62,65.76586797600378,5.5254893143176105,71.29135729032139,0.41523767602258316,UNCERTAIN
beta,beta_D,2024-01-10,sure,0,-1,-1,0,0.0,1.7360075,0.0,True,0.10731085924475003,51,51,395.57666613822545,54,61,74.42438982165784,321.1522763165676,395.57666613822545,0.7441560173426259,AUTO_CORRECT
beta,beta_D,2024-01-11,sure,0,-1,-1,0,0.0,0.07733,0.0,True,0.1349284194167737,50,53,1.5141987160905823,48,48,-0.22487840405662687,1.5141987160905823,1.5141987160905823,0.042100944995612975,AUTO_KEEP
beta,beta_D,2024-01-12,unsure,0,-1,-1,0,0.0,0.0,0.0,False,,-1,-1,,-1,-1,,,,,UNCERTAIN
beta,beta_D,2024-01-13,unsure,0,-1,-1,0,0.0,0.0016,0.0,True,0.1023267982964633,40,44,0.03747778367387524,46,46,0.015831832883440648,0.021645950790434593,0.03747778367387524,0.020675343526958868,AUTO_KEEP
beta,beta_D,2024-01-14,sure,0,-1,-1,0,0.0,0.0,0.0,True,0.05778085322769266,-1,-1,0.0,67,67,-1285.5842433169034,,-1285.5842433169034,5.4384241119682055e-05,AUTO_KEEP
beta,beta_D,2024-01-15,sure,0,-1,-1,0,0.0,5.131521,0.0,True,0.09452580376872266,55,63,105.22701504532216,65,67,14.983413944835682,90.24360110048647,105.22701504532216,0.49411701228073357,UNCERTAIN
beta,beta_D,2024-01-16,sure,0,-1,-1,0,0.0,1.1602045,0.0,True,0.10573463954318463,52,52,142.61436479873936,43,49,53.82144000223746,88.7929247965019,142.61436479873936,0.5563267119431949,UNCERTAIN
beta,beta_D,2024-01-17,sure,0,-1,-1,0,0.0,5.899824999999999,0.0,True,0.09477523911707975,37,49,131.83909103536215,36,36,-6.123004445533356,131.83909103536215,131.83909103536215,0.5403270682151319,UNCERTAIN
beta,beta_D,2024-01-18,sure,0,-1,-1,0,0.0,0.0,0.0,True,0.10166156375154323,-1,-1,0.0,40,40,-806.4184314594223,,-806.4184314594223,7.999738062983904e-05,AUTO_KEEP
beta,beta_D,2024-01-19,sure,0,-1,-1,0,0.0,0.0,0.0,False,,-1,-1,,-1,-1,,,,,UNCERTAIN
beta,beta_D,2024-01-20,unsure,0,-1,-1,0,0.0,0.0,0.0,False,,-1,-1,,-1,-1,,,,,UNCERTAIN
beta,beta_D,2024-01-21,unsure,0,-1,-1,0,0.0,0.0,0.0,True,0.07648196457999701,-1,-1,0.0,40,40,-0.7826566671441849,,-0.7826566671441849,0.012526672884381602,AUTO_KEEP
beta,beta_D,2024-01-22,sure,0,-1,-1,0,0.0,0.0,0.0,False,,-1,-1,,-1,-1,,,,,UNCERTAIN
beta,beta_D,2024-01-23,unsure,0,-1,-1,0,0.0,0.0,0.0,False,,-1,-1,,-1,-1,,,,,UNCERTAIN
beta,beta_D,2024-01-24,unsure,0,-1,-1,0,0.0,0.0,0.0,False,,-1,-1,,-1,-1,,,,,UNCERTAIN
beta,beta_D,2024-01-25,sure,0,-1,-1,0,0.0,0.0,0.0,True,0.11432478614518793,-1,-1,0.0,34,34,-4901.41825536195,,-4901.41825536195,1.7956590119208953e-05,AUTO_KEEP
beta,beta_D,2024-01-26,sure,0,-1,-1,0,0.0,0.0,0.0,True,0.1271415498400632,-1,-1,0.0,24,24,-5556.242411616239,,-5556.242411616239,1.6185281418807838e-05,AUTO_KEEP
beta,beta_D,2024-01-27,sure,0,-1,-1,0,0.0,0.0,0.0,True,0.12148702224323804,-1,-1,0.0,47,47,-1714.6970867250939,,-1714.6970867250939,4.284782202742971e-05,AUTO_KEEP
beta,beta_D,2024-01-28,unsure,0,-1,-1,0,0.0,0.466431,0.0,True,0.06657138319551148,41,42,115.1083920944796,43,43,-262.99325417659105,115.1083920944796,115.1083920944796,0.5125343010890566,UNCERTAIN
beta,beta_D,2024-01-29,unsure,0,-1,-1,0,0.0,0.0,0.0,True,0.08016944515293067,-1,-1,0.0,38,38,-11.55897230455825,,-11.55897230455825,0.0025110035337992157,AUTO_KEEP
beta,beta_D,2024-01-30,unsure,0,-1,-1,0,0.0,0.0,0.0,True,0.08897030049069787,-1,-1,0.0,44,44,-650.0733598878284,,-650.0733598878284,9.560850077862722e-05,AUTO_KEEP
beta,beta_D,2024-01-31,sure,0,-1,-1,0,0.0,1.1610485000000001,0.0,True,0.08192449052892092,49,51,201.24820154182345,52,52,-0.5018268386459529,201.24820154182345,201.24820154182345,0.6247770202254207,UNCERTAIN
beta,beta_D,2024-02-01,sure,0,-1,-1,0,0.0,11.1518985,0.0,True,0.12731224427158372,47,54,113.58328297929707,56,57,48.11605071615737,65.46723226313969,113.58328297929707,0.5097974157757899,UNCERTAIN
beta,beta_D,2024-02-02,unsure,0,-1,-1,0,0.0,0.1537905,0.0,True,0.13219345964171048,40,41,3.0938261739465354,43,50,0.08606799436816781,3.0077581795783677,3.0938261739465354,0.06175616305748185,AUTO_KEEP
beta,beta_D,2024-02-03,sure,0,-1,-1,0,0.0,0.0,0.0,False,,-1,-1,,-1,-1,,,,,UNCERTAIN
beta,beta_D,2024-02-04,sure,0,-1,-1,0,0.0,0.282817,0.0,True,0.06929396274577071,42,43,56.61898491393898,44,44,-85.61181946192043,56.61898491393898,56.61898491393898,0.37045293790642964,UNCERTAIN
beta,beta_D,2024-02-05,sure,0,-1,-1,0,0.0,0.0,0.0,True,0.09655920967505516,-1,-1,0.0,24,24,-9802.003438478381,,-9802.003438478381,1.0114109726451383e-05,AUTO_KEEP
beta,beta_D,2024-02-06,sure,0,-1,-1,0,0.0,0.0,0.0,True,0.08279572288482218,-1,-1,0.0,52,53,-1524.8832326644524,,-1524.8832326644524,4.72179725315826e-05,AUTO_KEEP
beta,beta_D,2024-02-07,sure,0,-1,-1,0,0.0,0.0,0.0,True,0.10459003168260894,-1,-1,0.0,57,57,-2243.781575628831,,-2243.781575628831,3.4295167196271506e-05,AUTO_KEEP
beta,beta_D,2024-02-08,unsure,0,-1,-1,0,0.0,0.0,0.0,False,,-1,-1,,-1,-1,,,,,UNCERTAIN
beta,beta_D,2024-02-09,unsure,0,-1,-1,0,0.0,0.0,0.0,False,,-1,-1,,-1,-1,,,,,UNCERTAIN
beta,beta_D,2024-02-10,unsure,0,-1,-1,0,0.0,0.0,0.0,False,,-1,-1,,-1,-1,,,,,UNCERTAIN
beta,beta_D,2024-02-11,sure,0,-1,-1,0,0.0,0.0,0.0,True,0.10688039812827022,-1,-1,0.0,25,69,-3310.320572661458,,-3310.320572661458,2.4853307625992412e-05,AUTO_KEEP
beta,beta_D,2024-02-12,unsure,0,-1,-1,0,0.0,0.0,0.0,False,,-1,-1,,-1,-1,,,,,UNCERTAIN
beta,beta_D,2024-02-13,unsure,0,-1,-1,0,0.0,0.0,0.0,False,,-1,-1,,-1,-1,,,,,UNCERTAIN
beta,beta_D,2024-02-14,sure,0,-1,-1,0,0.0,1.613089,0.0,True,0.15112119108166988,39,45,9.670119851380006,46,46,-10.913427671511895,9.670119851380006,9.670119851380006,0.12705458052234667,AUTO_KEEP
beta,beta_D,2024-02-15,sure,0,-1,-1,0,0.0,0.0,0.0,True,0.09181837436364004,-1,-1,0.0,44,44,-570.2695246178338,,-570.2695246178338,0.00010654533903144027,AUTO_KEEP
beta,beta_D,2024-02-16,unsure,0,-1,-1,0,0.0,2.596079,0.0,True,0.1088413407435751,50,57,244.40801645299777,59,60,11.859916749863258,232.5480997031345,244.40801645299777,0.6615266266487706,UNCERTAIN
beta,beta_D,2024-02-17,unsure,0,-1,-1,0,0.0,0.22433599999999998,0.0,True,0.11800516490895463,40,46,3.176404285546082,47,47,-2.4326513188248917,3.176404285546082,3.176404285546082,0.06272169557937948,AUTO_KEEP
beta,beta_D,2024-02-18,sure,0,-1,-1,0,0.0,0.1361705,0.0,True,0.06305220439658799,48,48,0.08286494033822539,50,50,-67.83038205327843,0.08286494033822539,0.08286494033822539,0.0214058640382787,AUTO_KEEP
beta,beta_D,2024-02-19,sure,0,-1,-1,0,0.0,0.0,0.0,True,0.09127382224532399,-1,-1,0.0,63,63,-160.86026095428966,,-160.86026095428966,0.0003027979842724002,AUTO_KEEP
beta,beta_D,2024-02-20,sure,0,-1,-1,0,0.0,3.1651245,0.0,True,0.09770016034982909,49,51,508.89525472189916,55,59,9.153720903802876,499.7415338180963,508.89525472189916,0.7817483746115683,AUTO_CORRECT
beta,beta_D,2024-02-21,unsure,1,51,55,5,4.630256,0.0,0.0,False,,-1,-1,,-1,-1,,,,,UNCERTAIN
beta,beta_D,2024-02-22,unsure,1,42,44,3,1.1764020000000002,0.0,0.0,False,,-1,-1,,-1,-1,,,,,UNCERTAIN
beta,beta_D,2024-02-23,unsure,0,-1,-1,0,0.0,0.0,0.0,True,0.13070199302352625,-1,-1,0.0,41,41,-1852.0809990869654,,-1852.0809990869654,4.019920742808667e-05,AUTO_KEEP
beta,beta_D,2024-02-24,sure,0,-1,-1,0,0.0,0.0,0.0,True,0.09328040070642496,-1,-1,0.0,24,24,-6914.946977953139,,-6914.946977953139,1.3503047547874147e-05,AUTO_KEEP
beta,beta_D,2024-02-25,unsure,1,43,62,20,14.037317999999999,14.253106,14.037317999999999,True,0.05305529765979511,38,65,1781.1108949983247,66,66,-30.722343425467077,1781.1108949983247,1781.1108949983247,0.9099049494662678,AUTO_CORRECT
beta,beta_D,2024-02-26,unsure,0,-1,-1,0,0.0,0.0,0.0,False,,-1,-1,,-1,-1,,,,,UNCERTAIN
beta,beta_D,2024-02-27,sure,0,-1,-1,0,0.0,0.0,0.0,True,0.10708078143067601,-1,-1,0.0,54,54,-1659.5612625856854,,-1659.5612625856854,4.402297460482529e-05,AUTO_KEEP
beta,beta_D,2024-02-28,unsure,0,-1,-1,0,0.0,2.8754215,0.0,True,0.09129858237171673,46,58,200.64852745616625,41,42,17.512598592781107,183.13592886338515,200.64852745616625,0.6242001849186899,UNCERTAIN
beta,beta_D,2024-02-29,sure,0,-1,-1,0,0.0,0.0,0.0,True,0.16133435491812298,-1,-1,0.0,41,42,-1318.6074176796917,,-1318.6074176796917,5.3254461225066097e-05,AUTO_KEEP
beta,beta_D,2024-03-01,unsure,0,-1,-1,0,0.0,1.27477,0.0,True,0.11593394434465853,46,46,47.028316909019466,48,49,20.610887269399733,26.417429639619733,47.028316909019466,0.3360180780514089,UNCERTAIN
beta,beta_D,2024-03-02,sure,0,-1,-1,0,0.0,0.0,0.0,True,0.10290418915582356,-1,-1,0.0,24,24,-6280.4444912131,,-6280.4444912131,1.4623489771256592e-05,AUTO_KEEP
beta,beta_D,2024-03-03,sure,0,-1,-1,0,0.0,0.108583,0.0,True,0.06610465763654583,46,47,36.224320386561125,54,54,16.92856263049382,19.295757756067307,36.224320386561125,0.2906592375900501,AUTO_KEEP
beta,beta_D,2024-03-04,sure,0,-1,-1,0,0.0,2.074324,0.0,True,0.09739615956708692,43,49,238.70633279387965,60,60,25.429937853570475,213.2763949403092,238.70633279387965,0.6571527728116895,UNCERTAIN
beta,beta_D,2024-03-05,unsure,0,-1,-1,0,0.0,0.0,0.0,False,,-1,-1,,-1,-1,,,,,UNCERTAIN
beta,beta_D,2024-03-06,unsure,0,-1,-1,0,0.0,0.0,0.0,False,,-1,-1,,-1,-1,,,,,UNCERTAIN
beta,beta_D,2024-03-07,unsure,0,-1,-1,0,0.0,0.0,0.0,False,,-1,-1,,-1,-1,,,,,UNCERTAIN
beta,beta_D,2024-03-08,unsure,0,-1,-1,0,0.0,0.0,0.0,False,,-1,-1,,-1,-1,,,,,UNCERTAIN
beta,beta_D,2024-03-09,unsure,0,-1,-1,0,0.0,0.0,0.0,False,,-1,-1,,-1,-1,,,,,UNCERTAIN
beta,beta_D,2024-03-10,unsure,0,-1,-1,0,0.0,0.0,0.0,False,,-1,-1,,-1,-1,,,,,UNCERTAIN
beta,beta_D,2024-03-11,unsure,0,-1,-1,0,0.0,0.0,0.0,False,,-1,-1,,-1,-1,,,,,UNCERTAIN
beta,beta_D,2024-03-12,unsure,0,-1,-1,0,0.0,0.0,0.0,False,,-1,-1,,-1,-1,,,,,UNCERTAIN
beta,beta_D,2024-03-13,unsure,0,-1,-1,0,0.0,4.358292500000001,0.0,True,0.1060562875876343,40,58,75.98572980660903,59,59,-71.01506384636176,75.98572980660903,75.98572980660903,0.42794595763718557,UNCERTAIN
beta,beta_D,2024-03-14,sure,0,-1,-1,0,0.0,0.0,0.0,False,,-1,-1,,-1,-1,,,,,UNCERTAIN
beta,beta_D,2024-03-15,unsure,0,-1,-1,0,0.0,1.8718085,0.0,True,0.11082611737235659,52,57,280.61162654457706,42,46,27.431417190961024,253.18020935361605,280.61162654457706,0.6865620719940038,UNCERTAIN
beta,beta_D,2024-03-16,sure,0,-1,-1,0,0.0,0.0,0.0,False,,-1,-1,,-1,-1,,,,,UNCERTAIN
beta,beta_D,2024-03-17,sure,0,-1,-1,0,0.0,0.5152865,0.0,True,0.07436200352136124,64,64,391.9552468107912,47,48,76.35924512374086,315.5960016870504,391.9552468107912,0.7427065286947283,AUTO_CORRECT
beta,beta_D,2024-03-18,sure,0,-1,-1,0,0.0,0.162414,0.0,True,0.10718678599963383,58,60,44.86541640954756,62,62,14.548496337675264,30.316920071872293,44.86541640954756,0.32755570203314344,UNCERTAIN
beta,beta_D,2024-03-19,sure,0,-1,-1,0,0.0,0.0,0.0,False,,-1,-1,,-1,-1,,,,,UNCERTAIN
beta,beta_D,2024-03-20,sure,0,-1,-1,0,0.0,0.0,0.0,True,0.11543681357255631,-1,-1,0.0,60,60,-2922.0064423306444,,-2922.0064423306444,2.7558622612563688e-05,AUTO_KEEP
beta,beta_D,2024-03-21,sure,0,-1,-1,0,0.0,0.0,0.0,False,,-1,-1,,-1,-1,,,,,UNCERTAIN
beta,beta_D,2024-03-22,unsure,0,-1,-1,0,0.0,0.0,0.0,False,,-1,-1,,-1,-1,,,,,UNCERTAIN
beta,beta_D,2024-03-23,unsure,0,-1,-1,0,0.0,0.994862,0.0,True,0.07490660368177604,51,51,574.6975538650373,53,53,38.230366866890364,536.467186998147,574.6975538650373,0.7984171133542566,AUTO_CORRECT
beta,beta_D,2024-03-24,unsure,0,-1,-1,0,0.0,0.0,0.0,False,,-1,-1,,-1,-1,,,,,UNCERTAIN
beta,beta_D,2024-03-25,unsure,0,-1,-1,0,0.0,0.0,0.0,False,,-1,-1,,-1,-1,,,,,UNCERTAIN
beta,beta_D,2024-03-26,unsure,0,-1,-1,0,0.0,0.0,0.0,False,,-1,-1,,-1,-1,,,,,UNCERTAIN
beta,beta_D,2024-03-27,unsure,0,-1,-1,0,0.0,0.0,0.0,False,,-1,-1,,-1,-1,,,,,UNCERTAIN
beta,beta_D,2024-03-28,sure,1,47,61,15,1.3593680000000001,0.0,0.0,False,,-1,-1,,-1,-1,,,,,UNCERTAIN
beta,beta_D,2024-03-29,sure,0,-1,-1,0,0.0,0.0,0.0,False,,-1,-1,,-1,-1,,,,,UNCERTAIN
beta,beta_D,2024-03-30,sure,0,-1,-1,0,0.0,0.0,0.0,False,,-1,-1,,-1,-1,,,,,UNCERTAIN
beta,beta_D,2024-03-31,unsure,0,-1,-1,0,0.0,1.770742,0.0,True,0.06813766687670819,65,65,2045.5181681024947,41,61,642.0165080685464,1403.5016600339482,2045.5181681024947,0.9188686657186329,AUTO_CORRECT
beta,beta_D,2024-04-01,sure,0,-1,-1,0,0.0,0.0,0.0,False,,-1,-1,,-1,-1,,,,,UNCERTAIN
beta,beta_D,2024-04-02,sure,0,-1,-1,0,0.0,1.4671805,0.0,True,0.08032511680503562,44,45,1362.6752587914448,38,39,169.2866286222994,1193.3886301691455,1362.6752587914448,0.8900046132419868,AUTO_CORRECT
beta,beta_D,2024-04-03,unsure,0,-1,-1,0,0.0,0.0,0.0,False,,-1,-1,,-1,-1,,,,,UNCERTAIN
beta,beta_D,2024-04-04,sure,0,-1,-1,0,0.0,0.0,0.0,True,0.1147669595180969,-1,-1,0.0,58,58,-3460.4090434136924,,-3460.4090434136924,2.3957245666555696e-05,AUTO_KEEP
beta,beta_D,2024-04-05,sure,0,-1,-1,0,0.0,0.0,0.0,True,0.11108669768973467,-1,-1,0.0,24,24,-3959.245319657873,,-3959.245319657873,2.142907202834625e-05,AUTO_KEEP
beta,beta_D,2024-04-06,unsure,0,-1,-1,0,0.0,0.0,0.0,False,,-1,-1,,-1,-1,,,,,UNCERTAIN
beta,beta_D,2024-04-07,sure,0,-1,-1,0,0.0,0.0,0.0,False,,-1,-1,,-1,-1,,,,,UNCERTAIN
beta,beta_D,2024-04-08,unsure,0,-1,-1,0,0.0,0.5177905,0.0,True,0.06721417498220594,45,46,739.8561109275748,41,43,302.17511386244496,437.6809970651299,739.8561109275748,0.8299633477060663,AUTO_CORRECT
beta,beta_D,2024-04-09,unsure,1,46,50,5,1.5937845000000002,0.0,0.0,False,,-1,-1,,-1,-1,,,,,UNCERTAIN
beta,beta_D,2024-04-10,unsure,0,-1,-1,0,0.0,0.8053165,0.0,True,0.0568230174008022,54,54,1726.8779359482578,50,51,342.12179014008956,1384.7561458081682,1726.8779359482578,0.9077841206663073,AUTO_CORRECT
beta,beta_D,2024-04-11,sure,1,45,52,8,5.6107145,0.0,0.0,False,,-1,-1,,-1,-1,,,,,UNCERTAIN
beta,beta_D,2024-04-12,unsure,0,-1,-1,0,0.0,0.0,0.0,False,,-1,-1,,-1,-1,,,,,UNCERTAIN
beta,beta_D,2024-04-13,unsure,0,-1,-1,0,0.0,0.0,0.0,False,,-1,-1,,-1,-1,,,,,UNCERTAIN
beta,beta_D,2024-04-14,sure,0,-1,-1,0,0.0,0.0,0.0,False,,-1,-1,,-1,-1,,,,,UNCERTAIN
beta,beta_D,2024-04-15,sure,0,-1,-1,0,0.0,0.0,0.0,False,,-1,-1,,-1,-1,,,,,UNCERTAIN
beta,beta_D,2024-04-16,unsure,1,49,52,4,1.1261989999999997,0.0,0.0,False,,-1,-1,,-1,-1,,,,,UNCERTAIN
beta,beta_D,2024-04-17,unsure,0,-1,-1,0,0.0,0.87157,0.0,True,0.0922985835964969,51,51,234.0280471582743,37,48,181.47186754205399,52.556179616220305,234.0280471582743,0.6534648469280602,UNCERTAIN
beta,beta_D,2024-04-18,unsure,0,-1,-1,0,0.0,0.0,0.0,False,,-1,-1,,-1,-1,,,,,UNCERTAIN
beta,beta_D,2024-04-19,unsure,0,-1,-1,0,0.0,0.0,0.0,False,,-1,-1,,-1,-1,,,,,UNCERTAIN
beta,beta_D,2024-04-20,sure,0,-1,-1,0,0.0,0.0,0.0,True,0.09175810690130604,-1,-1,0.0,24,24,-5446.783617240429,,-5446.783617240429,1.6454205264166116e-05,AUTO_KEEP
beta,beta_D,2024-04-21,unsure,0,-1,-1,0,0.0,0.1444305,0.0,True,0.09276940746333562,56,58,27.32798988797142,60,60,0.5997878673901388,26.728202020581282,27.32798988797142,0.2463036150593179,AUTO_KEEP
beta,beta_D,2024-04-22,unsure,0,-1,-1,0,0.0,0.0,0.0,False,,-1,-1,,-1,-1,,,,,UNCERTAIN
beta,beta_D,2024-04-23,sure,0,-1,-1,0,0.0,0.0,0.0,False,,-1,-1,,-1,-1,,,,,UNCERTAIN
beta,beta_D,2024-04-24,sure,0,-1,-1,0,0.0,0.0,0.0,False,,-1,-1,,-1,-1,,,,,UNCERTAIN
beta,beta_D,2024-04-25,unsure,0,-1,-1,0,0.0,0.0,0.0,False,,-1,-1,,-1,-1,,,,,UNCERTAIN
beta,beta_D,2024-04-26,sure,0,-1,-1,0,0.0,0.0,0.0,False,,-1,-1,,-1,-1,,,,,UNCERTAIN
beta,beta_D,2024-04-27,sure,0,-1,-1,0,0.0,0.0,0.0,False,,-1,-1,,-1,-1,,,,,UNCERTAIN
beta,beta_D,2024-04-28,unsure,0,-1,-1,0,0.0,0.0,0.0,False,,-1,-1,,-1,-1,,,,,UNCERTAIN
beta,beta_D,2024-04-29,unsure,0,-1,-1,0,0.0,0.0,0.0,False,,-1,-1,,-1,-1,,,,,UNCERTAIN
beta,beta_D,2024-04-30,sure,0,-1,-1,0,0.0,0.0,0.0,True,0.12700401567030184,-1,-1,0.0,55,55,-144.64457314194658,,-144.64457314194658,0.0003304598949033732,AUTO_KEEP
beta,beta_D,2024-05-01,sure,0,-1,-1,0,0.0,0.0,0.0,True,0.11908195725189463,-1,-1,0.0,54,54,-2112.1947129925834,,-2112.1947129925834,3.6054902550257734e-05,AUTO_KEEP
beta,beta_D,2024-05-02,sure,0,-1,-1,0,0.0,1.11457,0.0,True,0.11166570715650481,47,47,186.03140996696482,56,58,54.674356916625726,131.3570530503391,186.03140996696482,0.6094686619347468,UNCERTAIN
beta,beta_D,2024-05-03,sure,0,-1,-1,0,0.0,3.3747999999999996,0.0,True,0.08983211585534079,49,56,123.16094210094764,42,47,11.752126468801062,111.40881563214657,123.16094210094764,0.5263989835701491,UNCERTAIN
beta,beta_D,2024-05-04,sure,0,-1,-1,0,0.0,1.3798125,0.0,True,0.09684906922895298,43,43,697.70499185945,40,40,23.188186306187678,674.5168055532623,697.70499185945,0.8230053074259649,AUTO_CORRECT
beta,beta_D,2024-05-05,sure,0,-1,-1,0,0.0,0.0,0.0,True,0.1263175774837868,-1,-1,0.0,24,24,-2904.932998794601,,-2904.932998794601,2.769268022923224e-05,AUTO_KEEP
beta,beta_D,2024-05-06,sure,0,-1,-1,0,0.0,0.0,0.0,True,0.10214712896411093,-1,-1,0.0,42,42,-927.123889721448,,-927.123889721448,7.12781785316791e-05,AUTO_KEEP
beta,beta_D,2024-05-07,sure,1,47,49,3,2.4630235,2.4335199999999997,2.4114164999999996,True,0.12577067337858683,48,50,400.7488878592768,45,46,18.79426237731184,381.95462548196497,400.7488878592768,0.7461942817535597,AUTO_CORRECT
beta,beta_D,2024-05-08,sure,0,-1,-1,0,0.0,6.3311445,0.0,True,0.13138218204532848,44,58,76.764540227481,43,43,-42.53284044191156,76.764540227481,76.764540227481,0.4299883889838258,UNCERTAIN
beta,beta_D,2024-05-09,unsure,0,-1,-1,0,0.0,1.4809275000000002,0.0,True,0.14190195343932555,38,55,23.488296080531114,56,56,-6.796357478782198,23.488296080531114,23.488296080531114,0.22459578131843572,AUTO_KEEP
beta,beta_D,2024-05-10,sure,0,-1,-1,0,0.0,0.53148,0.0,True,0.12099461323436955,54,57,78.26344715131911,58,58,-38.2750073123129,78.26344715131911,78.26344715131911,0.43386884074318094,UNCERTAIN
beta,beta_D,2024-05-11,sure,0,-1,-1,0,0.0,0.0,0.0,True,0.1415387226723861,-1,-1,0.0,24,24,-2593.2900381203576,,-2593.2900381203576,3.0421148306488125e-05,AUTO_KEEP
beta,beta_D,2024-05-12,sure,0,-1,-1,0,0.0,0.0,0.0,True,0.10251580157661788,-1,-1,0.0,50,53,-76.71693306854546,,-76.71693306854546,0.0005558849062241379,AUTO_KEEP
beta,beta_D,2024-05-13,sure,0,-1,-1,0,0.0,0.0,0.0,True,0.10645851518489646,-1,-1,0.0,42,42,-127.53601974005794,,-127.53601974005794,0.00036648717453904904,AUTO_KEEP
beta,beta_D,2024-05-14,unsure,0,-1,-1,0,0.0,0.0,0.0,False,,-1,-1,,-1,-1,,,,,UNCERTAIN
beta,beta_D,2024-05-15,unsure,0,-1,-1,0,0.0,0.0,0.0,False,,-1,-1,,-1,-1,,,,,UNCERTAIN
beta,beta_D,2024-05-16,unsure,1,44,48,5,3.2838510000000003,0.0,0.0,False,,-1,-1,,-1,-1,,,,,UNCERTAIN
beta,beta_D,2024-05-17,sure,0,-1,-1,0,0.0,0.0,0.0,False,,-1,-1,,-1,-1,,,,,UNCERTAIN
beta,beta_D,2024-05-18,sure,0,-1,-1,0,0.0,0.0,0.0,True,0.09978072053779341,-1,-1,0.0,42,42,-2.9596702132712784,,-2.9596702132712784,0.0065067835633920565,AUTO_KEEP
beta,beta_D,2024-05-19,unsure,0,-1,-1,0,0.0,0.0,0.0,False,,-1,-1,,-1,-1,,,,,UNCERTAIN
beta,beta_D,2024-05-20,sure,0,-1,-1,0,0.0,0.0,0.0,True,0.11691051157768317,-1,-1,0.0,46,47,-9.647269388472411,,-9.647269388472411,0.002878030532796377,AUTO_KEEP
beta,beta_D,2024-05-21,sure,0,-1,-1,0,0.0,0.0,0.0,True,0.14735398488132656,-1,-1,0.0,47,47,-71.8721595385092,,-71.8721595385092,0.0005863111781368334,AUTO_KEEP
beta,beta_D,2024-05-22,sure,0,-1,-1,0,0.0,0.0,0.0,False,,-1,-1,,-1,-1,,,,,UNCERTAIN
beta,beta_D,2024-05-23,unsure,0,-1,-1,0,0.0,0.0,0.0,False,,-1,-1,,-1,-1,,,,,UNCERTAIN
beta,beta_D,2024-05-24,unsure,0,-1,-1,0,0.0,0.0,0.0,False,,-1,-1,,-1,-1,,,,,UNCERTAIN
beta,beta_D,2024-05-25,sure,0,-1,-1,0,0.0,0.0,0.0,True,0.1224499288101697,-1,-1,0.0,52,52,-823.3944688782291,,-823.3944688782291,7.863045517104862e-05,AUTO_KEEP
beta,beta_D,2024-05-26,unsure,0,-1,-1,0,0.0,0.0,0.0,False,,-1,-1,,-1,-1,,,,,UNCERTAIN
beta,beta_D,2024-05-27,unsure,0,-1,-1,0,0.0,0.0,0.0,False,,-1,-1,,-1,-1,,,,,UNCERTAIN
beta,beta_D,2024-05-28,unsure,0,-1,-1,0,0.0,0.0,0.0,False,,-1,-1,,-1,-1,,,,,UNCERTAIN
beta,beta_D,2024-05-29,unsure,0,-1,-1,0,0.0,0.0,0.0,False,,-1,-1,,-1,-1,,,,,UNCERTAIN
beta,beta_D,2024-05-30,unsure,0,-1,-1,0,0.0,0.0,0.0,False,,-1,-1,,-1,-1,,,,,UNCERTAIN
beta,beta_D,2024-05-31,sure,0,-1,-1,0,0.0,0.0,0.0,True,0.14749830738377856,-1,-1,0.0,24,24,-2873.308904430148,,-2873.308904430148,2.7944829691141185e-05,AUTO_KEEP
beta,beta_D,2024-06-01,sure,0,-1,-1,0,0.0,0.0,0.0,True,0.12144511561139382,-1,-1,0.0,24,24,-3698.716142825432,,-3698.716142825432,2.2671720153813834e-05,AUTO_KEEP
beta,beta_D,2024-06-02,sure,0,-1,-1,0,0.0,0.0,0.0,True,0.10523451895253721,-1,-1,0.0,24,24,-5794.686799446917,,-5794.686799446917,1.5631701530693064e-05,AUTO_KEEP
beta,beta_D,2024-06-03,unsure,0,-1,-1,0,0.0,0.5614055,0.0,True,0.1445576906460726,43,45,20.30773349781182,46,46,-10.792180962168594,20.30773349781182,20.30773349781182,0.20516327541671406,AUTO_KEEP
beta,beta_D,2024-06-04,unsure,0,-1,-1,0,0.0,2.583042,0.0,True,0.11234825769906376,53,54,263.2689196698509,42,42,-1.884240419007826,263.2689196698509,263.2689196698509,0.6751216594223037,UNCERTAIN
beta,beta_D,2024-06-05,sure,0,-1,-1,0,0.0,1.8782465,0.0,True,0.1612868321787957,48,50,74.21004301578111,46,46,0.07441516499836304,74.13562785078275,74.21004301578111,0.42322042815158656,UNCERTAIN
beta,beta_D,2024-06-06,sure,0,-1,-1,0,0.0,0.0,0.0,False,,-1,-1,,-1,-1,,,,,UNCERTAIN
beta,beta_D,2024-06-07,unsure,0,-1,-1,0,0.0,0.0,0.0,True,0.1525728615548685,-1,-1,0.0,57,58,-1218.286453449674,,-1218.286453449674,5.685911953906023e-05,AUTO_KEEP
beta,beta_D,2024-06-08,sure,0,-1,-1,0,0.0,0.0014105,0.0,True,0.13890542079532509,58,58,0.1998491964459812,57,57,-0.006950071281051468,0.1998491964459812,0.1998491964459812,0.02326029605496874,AUTO_KEEP
beta,beta_D,2024-06-09,sure,0,-1,-1,0,0.0,1.271476,0.0,True,0.05574473857929663,49,50,1612.6676920176005,55,55,1.7854062612467136,1610.882285756354,1612.6676920176005,0.90293117667626,AUTO_CORRECT
beta,beta_D,2024-06-10,sure,0,-1,-1,0,0.0,1.21614,0.0,True,0.09338787264109794,52,55,47.88351465616494,56,56,-5.688167260303152,47.88351465616494,47.88351465616494,0.33928782109167543,UNCERTAIN
beta,beta_D,2024-06-11,sure,0,-1,-1,0,0.0,0.830362,0.0,True,0.12439033798984322,48,48,116.43203074538197,50,50,-2.65687629419035,116.43203074538197,116.43203074538197,0.5148800618491506,UNCERTAIN
beta,beta_D,2024-06-12,unsure,0,-1,-1,0,0.0,0.0340825,0.0,True,0.1452658285725561,41,45,1.2884511862421262,49,56,0.7273166151360001,0.5611345711061261,1.2884511862421262,0.039067802672740314,AUTO_KEEP
beta,beta_D,2024-06-13,unsure,1,43,50,8,1.9892789999999998,0.9596965,0.9596965,True,0.11040708937894106,45,47,60.348384532658116,43,43,-0.03648717941612803,60.348384532658116,60.348384532658116,0.382648677523853,UNCERTAIN
beta,beta_D,2024-06-14,sure,0,-1,-1,0,0.0,0.0,0.0,True,0.15345057804449524,-1,-1,0.0,48,48,-2027.1796572321214,,-2027.1796572321214,3.7302362768727265e-05,AUTO_KEEP
beta,beta_D,2024-06-15,sure,0,-1,-1,0,0.0,0.0,0.0,True,0.11416492414285573,-1,-1,0.0,53,54,-4274.570348377393,,-4274.570348377393,2.0111392558366196e-05,AUTO_KEEP
beta,beta_D,2024-06-16,unsure,0,-1,-1,0,0.0,0.0,0.0,False,,-1,-1,,-1,-1,,,,,UNCERTAIN
beta,beta_D,2024-06-17,sure,0,-1,-1,0,0.0,0.0,0.0,True,0.1539999376598642,-1,-1,0.0,54,54,-1428.1038506239604,,-1428.1038506239604,4.985167921026384e-05,AUTO_KEEP
beta,beta_D,2024-06-18,unsure,0,-1,-1,0,0.0,1.2866875000000004,0.0,True,0.1439937992342788,43,56,23.743332381630626,42,42,-3.6928084429734422,23.743332381630626,23.743332381630626,0.2260940010618697,AUTO_KEEP
beta,beta_D,2024-06-19,unsure,0,-1,-1,0,0.0,0.0,0.0,False,,-1,-1,,-1,-1,,,,,UNCERTAIN
beta,beta_D,2024-06-20,unsure,0,-1,-1,0,0.0,0.001073,0.0,True,0.17259543842748837,54,54,0.07941456564611056,56,56,0.003449584381810282,0.07596498126430028,0.07941456564611056,0.02135055453470567,AUTO_KEEP
beta,beta_D,2024-06-21,sure,0,-1,-1,0,0.0,0.0249465,0.0,True,0.11861867642866031,46,48,3.803272414735535,49,49,-2.789483145299913,3.803272414735535,3.803272414735535,0.06988698065587334,AUTO_KEEP
beta,beta_D,2024-06-22,sure,0,-1,-1,0,0.0,0.0,0.0,False,,-1,-1,,-1,-1,,,,,UNCERTAIN
beta,beta_D,2024-06-23,sure,0,-1,-1,0,0.0,0.0,0.0,True,0.12826416884720437,-1,-1,0.0,54,54,-2854.125307262007,,-2854.125307262007,2.8100273461123803e-05,AUTO_KEEP
beta,beta_D,2024-06-24,unsure,1,47,50,4,1.2343325000000003,1.2343325000000003,1.2343325000000003,True,0.10753622831097864,47,50,43.25955024644507,52,55,5.077980502562766,38.18156974388231,43.25955024644507,0.3210861556930997,UNCERTAIN
beta,beta_D,2024-06-25,unsure,0,-1,-1,0,0.0,0.0,0.0,False,,-1,-1,,-1,-1,,,,,UNCERTAIN
beta,beta_D,2024-06-26,unsure,0,-1,-1,0,0.0,0.0,0.0,False,,-1,-1,,-1,-1,,,,,UNCERTAIN
beta,beta_D,2024-06-27,unsure,0,-1,-1,0,0.0,0.0,0.0,False,,-1,-1,,-1,-1,,,,,UNCERTAIN
beta,beta_D,2024-06-28,unsure,0,-1,-1,0,0.0,0.0,0.0,False,,-1,-1,,-1,-1,,,,,UNCERTAIN
beta,beta_D,2024-06-29,unsure,0,-1,-1,0,0.0,0.0,0.0,True,0.10140382569511086,-1,-1,0.0,49,49,-5.4055783012807925,,-5.4055783012807925,0.004377722981741701,AUTO_KEEP
beta,beta_D,2024-06-30,sure,0,-1,-1,0,0.0,0.0,0.0,True,0.11090821940816209,-1,-1,0.0,24,24,-4944.518140791286,,-4944.518140791286,1.7826861674387318e-05,AUTO_KEEP
beta,beta_D,2024-07-01,sure,0,-1,-1,0,0.0,0.0,0.0,True,0.1320682446405943,-1,-1,0.0,51,51,-21.538402194321595,,-21.538402194321595,0.0015484017797066185,AUTO_KEEP
beta,beta_D,2024-07-02,sure,0,-1,-1,0,0.0,0.0,0.0,True,0.15054789913138666,-1,-1,0.0,53,53,-4719.313026751609,,-4719.313026751609,1.8528565865291052e-05,AUTO_KEEP
beta,beta_D,2024-07-03,sure,0,-1,-1,0,0.0,0.0,0.0,True,0.13157585274538874,-1,-1,0.0,47,47,-454.2768304383668,,-454.2768304383668,0.00012858030927223894,AUTO_KEEP
beta,beta_D,2024-07-04,unsure,0,-1,-1,0,0.0,0.252222,0.0,True,0.12267639429089616,51,52,16.39291303858195,49,49,7.164754862222853,9.228158176359095,16.39291303858195,0.1790940436611926,AUTO_KEEP
beta,beta_D,2024-07-05,sure,0,-1,-1,0,0.0,0.0,0.0,True,0.11678131517617274,-1,-1,0.0,55,58,-192.93941484128757,,-192.93941484128757,0.0002606886507064421,AUTO_KEEP
beta,beta_D,2024-07-06,sure,0,-1,-1,0,0.0,0.01502,0.0,True,0.13416633141124912,50,50,4.020855912210078,51,51,-2.683347436196441,4.020855912210078,4.020855912210078,0.07231054439817972,AUTO_KEEP
beta,beta_D,2024-07-07,sure,0,-1,-1,0,0.0,0.0,0.0,True,0.09105179114544981,-1,-1,0.0,53,53,-4295.605596035595,,-4295.605596035595,2.0029796844507693e-05,AUTO_KEEP
beta,beta_D,2024-07-08,sure,0,-1,-1,0,0.0,0.0,0.0,True,0.12939960473168188,-1,-1,0.0,24,24,-4653.115981650755,,-4653.115981650755,1.8746606082222458e-05,AUTO_KEEP
beta,beta_D,2024-07-09,sure,0,-1,-1,0,0.0,0.0,0.0,True,0.1417860452950208,-1,-1,0.0,60,60,-933.3328243481153,,-933.3328243481153,7.088560726217468e-05,AUTO_KEEP
beta,beta_D,2024-07-10,unsure,0,-1,-1,0,0.0,0.0,0.0,False,,-1,-1,,-1,-1,,,,,UNCERTAIN
beta,beta_D,2024-07-11,unsure,0,-1,-1,0,0.0,0.0,0.0,False,,-1,-1,,-1,-1,,,,,UNCERTAIN
beta,beta_D,2024-07-12,unsure,0,-1,-1,0,0.0,0.0,0.0,False,,-1,-1,,-1,-1,,,,,UNCERTAIN
beta,beta_D,2024-07-13,unsure,0,-1,-1,0,0.0,3.6139085,0.0,True,0.16979280826921483,46,58,62.81820694442735,44,44,17.700897341017672,45.11730960340968,62.81820694442735,0.39040143121150844,UNCERTAIN
beta,beta_D,2024-07-14,sure,0,-1,-1,0,0.0,0.0,0.0,False,,-1,-1,,-1,-1,,,,,UNCERTAIN
beta,beta_D,2024-07-15,sure,0,-1,-1,0,0.0,0.0,0.0,False,,-1,-1,,-1,-1,,,,,UNCERTAIN
beta,beta_D,2024-07-16,sure,0,-1,-1,0,0.0,0.0,0.0,True,0.1132550536164807,-1,-1,0.0,61,61,-9648.288638443482,,-9648.288638443482,1.0247395005923643e-05,AUTO_KEEP
beta,beta_D,2024-07-17,unsure,0,-1,-1,0,0.0,0.0614455,0.0,True,0.21110495837015097,48,48,2.268560237365879,47,47,-4.367131324854837,2.268560237365879,2.268560237365879,0.051793414823189006,AUTO_KEEP
beta,beta_D,2024-07-18,unsure,1,48,58,11,10.2615615,4.91803,4.897128,True,0.15220679523127423,44,54,219.3771581179938,56,59,168.20325618681642,51.17390193117737,219.3771581179938,0.6412943333688512,UNCERTAIN
beta,beta_D,2024-07-19,unsure,0,-1,-1,0,0.0,0.0,0.0,False,,-1,-1,,-1,-1,,,,,UNCERTAIN
beta,beta_D,2024-07-20,unsure,0,-1,-1,0,0.0,0.303748,0.0,True,0.15627603738160722,44,47,2.8519250776591476,43,43,-31.315099023286326,2.8519250776591476,2.8519250776591476,0.05889657246747569,AUTO_KEEP
beta,beta_D,2024-07-21,unsure,0,-1,-1,0,0.0,0.0,0.0,False,,-1,-1,,-1,-1,,,,,UNCERTAIN
beta,beta_D,2024-07-22,unsure,0,-1,-1,0,0.0,0.0,0.0,False,,-1,-1,,-1,-1,,,,,UNCERTAIN
beta,beta_D,2024-07-23,unsure,0,-1,-1,0,0.0,0.0,0.0,False,,-1,-1,,-1,-1,,,,,UNCERTAIN
beta,beta_D,2024-07-24,unsure,0,-1,-1,0,0.0,0.0,0.0,False,,-1,-1,,-1,-1,,,,,UNCERTAIN
beta,beta_D,2024-07-25,unsure,0,-1,-1,0,0.0,0.0,0.0,False,,-1,-1,,-1,-1,,,,,UNCERTAIN
beta,beta_D,2024-07-26,unsure,0,-1,-1,0,0.0,0.0,0.0,False,,-1,-1,,-1,-1,,,,,UNCERTAIN
beta,beta_D,2024-07-27,sure,0,-1,-1,0,0.0,0.0,0.0,True,0.13581260225483138,-1,-1,0.0,24,24,-4000.3709830008547,,-4000.3709830008547,2.124646746050137e-05,AUTO_KEEP
beta,beta_D,2024-07-28,unsure,0,-1,-1,0,0.0,0.0,0.0,False,,-1,-1,,-1,-1,,,,,UNCERTAIN
beta,beta_D,2024-07-29,sure,0,-1,-1,0,0.0,0.184025,0.0,True,0.15051439234051678,44,45,5.000869222344969,46,46,-26.050598261104497,5.000869222344969,5.000869222344969,0.08286636890057417,AUTO_KEEP
beta,beta_D,2024-07-30,unsure,0,-1,-1,0,0.0,7.803417999999999,0.0,True,0.16630692324975538,43,49,168.27915666516276,51,53,19.457742288425514,148.82141437673724,168.27915666516276,0.5896375525022661,UNCERTAIN
beta,beta_D,2024-07-31,sure,0,-1,-1,0,0.0,0.0,0.0,True,0.15128616486148339,-1,-1,0.0,51,51,-53.062033559697454,,-53.062033559697454,0.0007507096570656881,AUTO_KEEP
beta,beta_D,2024-08-01,sure,0,-1,-1,0,0.0,0.2369115,0.0,True,0.14261308299907505,52,52,17.525535622843947,46,46,-2.8777855886222614,17.525535622843947,17.525535622843947,0.18690653999615547,AUTO_KEEP
beta,beta_D,2024-08-02,sure,0,-1,-1,0,0.0,0.300214,0.0,True,0.1675777105247409,41,49,13.282749141698703,58,58,-4.481305219095342,13.282749141698703,13.282749141698703,0.1563426009677725,AUTO_KEEP
beta,beta_D,2024-08-03,unsure,0,-1,-1,0,0.0,0.0,0.0,False,,-1,-1,,-1,-1,,,,,UNCERTAIN
beta,beta_D,2024-08-04,sure,0,-1,-1,0,0.0,0.0,0.0,False,,-1,-1,,-1,-1,,,,,UNCERTAIN
beta,beta_D,2024-08-05,sure,0,-1,-1,0,0.0,0.0,0.0,False,,-1,-1,,-1,-1,,,,,UNCERTAIN
beta,beta_D,2024-08-06,unsure,0,-1,-1,0,0.0,0.0,0.0,False,,-1,-1,,-1,-1,,,,,UNCERTAIN
beta,beta_D,2024-08-07,unsure,0,-1,-1,0,0.0,0.0,0.0,False,,-1,-1,,-1,-1,,,,,UNCERTAIN
beta,beta_D,2024-08-08,unsure,0,-1,-1,0,0.0,0.0,0.0,False,,-1,-1,,-1,-1,,,,,UNCERTAIN
beta,beta_D,2024-08-09,unsure,0,-1,-1,0,0.0,0.0,0.0,False,,-1,-1,,-1,-1,,,,,UNCERTAIN
beta,beta_D,2024-08-10,sure,0,-1,-1,0,0.0,1.6150669999999998,0.0,True,0.08051515033876289,43,44,637.1557291082478,53,58,65.83976191395365,571.3159671942941,637.1557291082478,0.8118007143519275,AUTO_CORRECT
beta,beta_D,2024-08-11,unsure,0,-1,-1,0,0.0,0.0,0.0,False,,-1,-1,,-1,-1,,,,,UNCERTAIN
beta,beta_D,2024-08-12,sure,0,-1,-1,0,0.0,0.0,0.0,True,0.13612363002599137,-1,-1,0.0,55,55,-3264.530291777096,,-3264.530291777096,2.514164558855123e-05,AUTO_KEEP
beta,beta_D,2024-08-13,sure,0,-1,-1,0,0.0,3.038561,0.0,True,0.15018739714601193,51,53,322.6134251262469,54,54,-150.53240432987005,322.6134251262469,322.6134251262469,0.7107968232792489,AUTO_CORRECT
beta,beta_D,2024-08-14,sure,0,-1,-1,0,0.0,0.0,0.0,True,0.134081437088176,-1,-1,0.0,24,24,-3621.5728915285545,,-3621.5728915285545,2.3070925603095334e-05,AUTO_KEEP
beta,beta_D,2024-08-15,sure,0,-1,-1,0,0.0,0.0,0.0,True,0.16788691180592474,-1,-1,0.0,52,52,-392.0335560838004,,-392.0335560838004,0.00014522983446488158,AUTO_KEEP
beta,beta_D,2024-08-16,sure,0,-1,-1,0,0.0,0.5081175,0.0,True,0.10330652196047296,49,49,296.7182938282789,41,42,88.47659278728179,208.2417010409971,296.7182938282789,0.6963906073237112,UNCERTAIN
beta,beta_D,2024-08-17,unsure,0,-1,-1,0,0.0,2.1394830000000002,0.0,True,0.09946271564260822,50,52,493.6924152592207,42,48,66.11064422081154,427.58177103840916,493.6924152592207,0.7774400382431665,AUTO_CORRECT
beta,beta_D,2024-08-18,unsure,0,-1,-1,0,0.0,0.015834,0.0,True,0.0978363456688629,41,47,2.3451402092154057,48,48,-2.0520311999407497,2.3451402092154057,2.3451402092154057,0.0527437211775497,AUTO_KEEP
beta,beta_D,2024-08-19,unsure,0,-1,-1,0,0.0,0.0,0.0,False,,-1,-1,,-1,-1,,,,,UNCERTAIN
beta,beta_D,2024-08-20,unsure,0,-1,-1,0,0.0,0.0,0.0,False,,-1,-1,,-1,-1,,,,,UNCERTAIN
beta,beta_D,2024-08-21,sure,1,46,53,8,1.0092465,1.3239594999999995,1.0092465,True,0.12336249419520762,39,60,93.41981945182077,62,62,31.12717446616608,62.29264498565469,93.41981945182077,0.4697522789443134,UNCERTAIN
beta,beta_D,2024-08-22,sure,1,49,54,6,2.3012205,0.0,0.0,False,,-1,-1,,-1,-1,,,,,UNCERTAIN
beta,beta_D,2024-08-23,sure,1,43,54,12,4.158259000000001,4.221907500000001,3.9867955000000004,True,0.11093775956927887,45,58,461.9019357931617,37,43,14.571288625150027,447.3306471680117,461.9019357931617,0.7677746891062412,AUTO_CORRECT
beta,beta_D,2024-08-24,sure,0,-1,-1,0,0.0,0.6722465,0.0,True,0.14060170601980904,40,40,149.97622037013937,47,47,69.66913977314529,80.30708059699408,149.97622037013937,0.5665228874201208,UNCERTAIN
beta,beta_D,2024-08-25,sure,0,-1,-1,0,0.0,0.0,0.0,True,0.1046218373783665,-1,-1,0.0,24,24,-3794.1235967223115,,-3794.1235967223115,2.2198563028975154e-05,AUTO_KEEP
beta,beta_D,2024-08-26,sure,1,46,54,9,3.9048419999999995,0.0,0.0,False,,-1,-1,,-1,-1,,,,,UNCERTAIN
beta,beta_D,2024-08-27,sure,1,43,55,13,12.5391915,12.782388999999998,12.5391915,True,0.10671165184658893,36,62,1210.9975762470765,63,63,-4.16415337809151,1210.9975762470765,1210.9975762470765,0.8800718901172825,AUTO_CORRECT
beta,beta_D,2024-08-28,sure,1,43,54,12,9.6429625,10.098547000000003,9.6429625,True,0.08295080210491257,41,61,1733.9431484395511,62,62,-9.175280533838945,1733.9431484395511,1733.9431484395511,0.908066702618054,AUTO_CORRECT
beta,beta_D,2024-08-29,sure,1,42,55,14,12.675378,14.161434499999999,12.675378,True,0.1152376021912831,36,62,1009.501614873739,63,63,-11.350753942232359,1009.501614873739,1009.501614873739,0.8632432557371705,AUTO_CORRECT
beta,beta_D,2024-08-30,sure,1,45,52,8,5.697359500000001,0.0,0.0,False,,-1,-1,,-1,-1,,,,,UNCERTAIN
beta,beta_D,2024-08-31,sure,1,47,50,4,0.721482,0.0,0.0,False,,-1,-1,,-1,-1,,,,,UNCERTAIN
beta,beta_D,2024-09-01,unsure,0,-1,-1,0,0.0,0.0,0.0,False,,-1,-1,,-1,-1,,,,,UNCERTAIN
beta,beta_D,2024-09-02,sure,1,43,55,13,12.415635000000002,0.0,0.0,False,,-1,-1,,-1,-1,,,,,UNCERTAIN
beta,beta_D,2024-09-03,sure,1,41,56,16,17.684725,18.4319555,17.684725,True,0.09995541160768928,35,63,1966.7087245735024,34,34,-29.34591221825303,1966.7087245735024,1966.7087245735024,0.9164102644318657,AUTO_CORRECT
beta,beta_D,2024-09-04,sure,1,42,56,15,14.744229500000001,15.278841500000002,14.744229500000001,True,0.12811114507343913,36,62,943.6320653468056,63,63,-1.5536136872222026,943.6320653468056,943.6320653468056,0.8565166230496093,AUTO_CORRECT
beta,beta_D,2024-09-05,sure,1,42,55,14,14.563567499999998,15.058302999999999,14.563567499999998,True,0.13450932131914461,35,62,878.9700124058959,63,63,-2.9942861702571033,878.9700124058959,878.9700124058959,0.8491456751851502,AUTO_CORRECT
beta,beta_D,2024-09-06,sure,1,44,54,11,10.333927000000003,0.0,0.0,False,,-1,-1,,-1,-1,,,,,UNCERTAIN
beta,beta_D,2024-09-07,unsure,0,-1,-1,0,0.0,0.0,0.0,False,,-1,-1,,-1,-1,,,,,UNCERTAIN
beta,beta_D,2024-09-08,unsure,0,-1,-1,0,0.0,0.0,0.0,True,0.06202082766669559,-1,-1,0.0,46,46,-1400.5652617069647,,-1400.5652617069647,5.066168450524497e-05,AUTO_KEEP
beta,beta_D,2024-09-09,sure,1,39,56,18,4.8168995,2.5506209999999996,2.5506209999999996,True,0.12991901599211886,40,44,326.3360865348859,52,58,278.8332746554912,47.5028118793947,326.3360865348859,0.7127406105037469,AUTO_CORRECT
beta,beta_D,2024-09-10,sure,1,42,55,14,8.5044795,8.540585500000002,8.5044795,True,0.1262711693597156,35,62,561.0275644500015,63,63,-0.32694133920549356,561.0275644500015,561.0275644500015,0.795194060074479,AUTO_CORRECT
beta,beta_D,2024-09-11,sure,1,42,55,14,13.319476,14.826224000000002,13.319476,True,0.10197270232334699,35,62,1420.072455821041,34,34,-2.1189941914705424,1420.072455821041,1420.072455821041,0.8933037773041493,AUTO_CORRECT
beta,beta_D,2024-09-12,unsure,0,-1,-1,0,0.0,4.499331000000001,0.0,True,0.07525434659022157,49,63,182.0059992208277,42,47,76.24534241847839,105.76065680234932,182.0059992208277,0.605170389851911,UNCERTAIN
beta,beta_D,2024-09-13,unsure,0,-1,-1,0,0.0,0.450838,0.0,True,0.09753497327253635,59,60,179.9690043150082,55,55,-103.5828713404147,179.9690043150082,179.9690043150082,0.6029527557207126,UNCERTAIN
beta,beta_D,2024-09-14,unsure,1,48,52,5,1.116629,0.0,0.0,False,,-1,-1,,-1,-1,,,,,UNCERTAIN
beta,beta_D,2024-09-15,unsure,0,-1,-1,0,0.0,1.5406959999999998,0.0,True,0.08513270790476524,55,57,234.153543062953,44,44,80.90355621201691,153.24998685093607,234.153543062953,0.6535649766445646,UNCERTAIN
beta,beta_D,2024-09-16,sure,1,42,57,16,15.4794755,16.1999965,15.4794755,True,0.08994236076344508,35,63,1954.8433140819325,64,64,-79.26015286512357,1954.8433140819325,1954.8433140819325,0.9160256614137992,AUTO_CORRECT
beta,beta_D,2024-09-17,sure,1,41,54,14,15.088373,0.0,0.0,False,,-1,-1,,-1,-1,,,,,UNCERTAIN
beta,beta_D,2024-09-18,sure,1,41,57,17,21.0170575,22.338694500000003,21.0170575,True,0.09919343507309719,34,63,2268.884667506419,64,64,-37.95276018570597,2268.884667506419,2268.884667506419,0.9250401837751454,AUTO_CORRECT
beta,beta_D,2024-09-19,sure,1,39,57,19,20.051989499999998,20.381680500000012,20.051989499999998,True,0.09521700016789802,33,63,2408.0995065179222,64,64,-0.5512018943471632,2408.0995065179222,2408.0995065179222,0.9283884207333094,AUTO_CORRECT
beta,beta_D,2024-09-20,sure,1,38,56,19,21.715664500000003,22.538417000000006,21.715664500000003,True,0.1236887016579371,33,63,1534.8958783465632,64,64,-21.209136770776368,1534.8958783465632,1534.8958783465632,0.8992852160043877,AUTO_CORRECT
beta,beta_D,2024-09-21,sure,1,44,56,13,11.992907999999998,0.0,0.0,False,,-1,-1,,-1,-1,,,,,UNCERTAIN
beta,beta_D,2024-09-22,sure,1,44,54,11,9.114010500000001,0.0,0.0,False,,-1,-1,,-1,-1,,,,,UNCERTAIN
beta,beta_D,2024-09-23,sure,1,39,56,18,19.887723,20.165495999999994,19.887723,True,0.1054988179334635,33,62,1901.3123131387067,63,63,-11.740455709296077,1901.3123131387067,1901.3123131387067,0.9142403214555399,AUTO_CORRECT
beta,beta_D,2024-09-24,unsure,0,-1,-1,0,0.0,0.467467,0.0,True,0.09585202221124778,46,46,420.95277351468724,37,44,266.49129079345084,154.4614827212364,420.95277351468724,0.7538147378270544,AUTO_CORRECT
beta,beta_D,2024-09-25,sure,0,-1,-1,0,0.0,3.0721785,0.0,True,0.09999076291561249,52,54,1550.389136621428,58,58,57.999750760685416,1492.3893858607425,1550.389136621428,0.9000357622895762,AUTO_CORRECT
beta,beta_D,2024-09-26,sure,0,-1,-1,0,0.0,0.0,0.0,True,0.10070103657601948,-1,-1,0.0,24,24,-5556.2793750149385,,-5556.2793750149385,1.618519224195537e-05,AUTO_KEEP
beta,beta_D,2024-09-27,unsure,0,-1,-1,0,0.0,0.35525350000000006,0.0,True,0.08920617021092436,44,49,73.64430595789277,43,43,0.0,73.64430595789277,73.64430595789277,0.4216943636167833,UNCERTAIN
beta,beta_D,2024-09-28,unsure,0,-1,-1,0,0.0,6.752109499999999,0.0,True,0.10198274243510763,41,57,253.17113469969055,59,59,-40.14755368711118,253.17113469969055,253.17113469969055,0.668003497499213,UNCERTAIN
beta,beta_D,2024-09-29,sure,0,-1,-1,0,0.0,9.515875999999999,0.0,True,0.07170407408045776,39,48,1343.9105949722218,52,52,902.8402554124433,441.0703395597785,1343.9105949722218,0.8888759236311972,AUTO_CORRECT
beta,beta_D,2024-09-30,sure,0,-1,-1,0,0.0,1.229012,0.0,True,0.09179609317529724,55,57,244.16178977587575,40,41,91.38922364945043,152.77256612642532,244.16178977587575,0.6613404078703813,UNCERTAIN
beta,beta_E,2023-10-01,sure,0,-1,-1,0,0.0,0.0,0.0,True,0.36044600102449653,-1,-1,0.0,45,45,-151.39898202898826,,-151.39898202898826,3.803484908571604e-05,AUTO_KEEP
beta,beta_E,2023-10-02,sure,0,-1,-1,0,0.0,0.367673,0.0,True,0.3856044764880959,52,53,1.1632974542558585,55,55,-1.7897497197335703,1.1632974542558585,1.1632974542558585,0.011699285433998702,AUTO_KEEP
beta,beta_E,2023-10-03,sure,0,-1,-1,0,0.0,0.0,0.0,True,0.35181855264423056,-1,-1,0.0,46,46,-52.97944395518122,,-52.97944395518122,0.00010627371750202737,AUTO_KEEP
beta,beta_E,2023-10-04,sure,0,-1,-1,0,0.0,0.0,0.0,True,0.3393341102089149,-1,-1,0.0,49,49,-14.592983781385108,,-14.592983781385108,0.00036329008312101875,AUTO_KEEP
beta,beta_E,2023-10-05,unsure,1,44,58,15,4.829665,6.4518085,4.829665,True,0.2351078917176288,42,62,27.62171452555863,63,63,-49.68676395469417,27.62171452555863,27.62171452555863,0.13243552561636587,AUTO_KEEP
beta,beta_E,2023-10-06,unsure,1,46,53,8,1.2601425000000002,2.6453879999999996,1.2601425000000002,True,0.3051214234848141,44,59,5.122272521919877,43,43,-18.417916976776958,5.122272521919877,5.122272521919877,0.03209298215389505,AUTO_KEEP
beta,beta_E,2023-10-07,unsure,1,49,55,7,1.397373,2.3788585,1.397373,True,0.300664436612867,49,61,2.4821310948152164,62,62,-17.673831137754348,2.4821310948152164,2.4821310948152164,0.018611672614955013,AUTO_KEEP
beta,beta_E,2023-10-08,unsure,1,47,55,9,1.9828025000000002,4.0615255,1.9828025000000002,True,0.20387036516996382,45,61,32.90934814023068,62,62,-40.92267696194023,32.90934814023068,32.90934814023068,0.15293639298208167,AUTO_KEEP
beta,beta_E,2023-10-09,unsure,1,45,58,14,3.681749,5.114774499999999,3.681749,True,0.3437914668776578,43,62,9.584784952229533,63,63,-16.41226718730223,9.584784952229533,9.584784952229533,0.05393888003698934,AUTO_KEEP
beta,beta_E,2023-10-10,unsure,0,-1,-1,0,0.0,0.8751739999999999,0.0,True,0.2457127494019371,51,56,8.905556887528586,48,49,-3.840134260605863,8.905556887528586,8.905556887528586,0.050684639015848514,AUTO_KEEP
beta,beta_E,2023-10-11,unsure,1,49,60,12,2.9313409999999998,2.9313409999999998,2.9313409999999998,True,0.3358131751656277,49,60,11.037850692781154,45,47,3.9391302839914517,7.098720408789703,11.037850692781154,0.06081958253590032,AUTO_KEEP
beta,beta_E,2023-10-12,unsure,0,-1,-1,0,0.0,1.3663865000000002,0.0,True,0.23598740522028905,45,56,0.9449586780726847,44,44,-6.557184155355267,0.9449586780726847,0.9449586780726847,0.010541950513933158,AUTO_KEEP
beta,beta_E,2023-10-13,unsure,1,44,55,11,2.58246,4.778569499999998,2.58246,True,0.3403220805399547,42,62,13.332916687852844,41,41,-12.201019906902564,13.332916687852844,13.332916687852844,0.07146984527960402,AUTO_KEEP
beta,beta_E,2023-10-14,unsure,1,46,55,10,1.3197485,1.918326,1.3197485,True,0.2729397808836991,44,56,2.26829449093691,57,57,-4.201486191284145,2.26829449093691,2.26829449093691,0.017499550254882364,AUTO_KEEP
beta,beta_E,2023-10-15,unsure,0,-1,-1,0,0.0,2.2279975,0.0,True,0.30004656605586,45,59,0.7899823714834884,60,60,-8.86177046893515,0.7899823714834884,0.7899823714834884,0.009718052153587967,AUTO_KEEP
beta,beta_E,2023-10-16,sure,0,-1,-1,0,0.0,1.3259465000000001,0.0,True,0.3279901494809696,47,51,2.521953198955746,53,54,0.7502104812771013,1.7717427176786447,2.521953198955746,0.01881842542957446,AUTO_KEEP
beta,beta_E,2023-10-17,sure,0,-1,-1,0,0.0,9.5611395,0.0,True,0.295218495226651,45,62,32.07138219099393,66,66,-158.60761105596868,32.07138219099393,32.07138219099393,0.1497545554004691,AUTO_KEEP
beta,beta_E,2023-10-18,unsure,1,45,62,18,5.175553000000001,5.5916630000000005,5.175553000000001,True,0.2302439447191693,42,62,42.05500261784842,63,63,-12.051429306296072,42.05500261784842,42.05500261784842,0.18613243834662063,AUTO_KEEP
beta,beta_E,2023-10-19,unsure,0,-1,-1,0,0.0,1.0586445,0.0,True,0.2725182049615382,54,60,8.497325096251908,62,62,-6.259360187534296,8.497325096251908,8.497325096251908,0.048716904978508224,AUTO_KEEP
beta,beta_E,2023-10-20,unsure,0,-1,-1,0,0.0,2.6764470000000005,0.0,True,0.31610139287531247,44,61,5.095180715446852,43,43,-7.576649525668189,5.095180715446852,5.095180715446852,0.0319568684675328,AUTO_KEEP
beta,beta_E,2023-10-21,unsure,0,-1,-1,0,0.0,2.4398,0.0,True,0.2697394861910567,44,59,1.7942043518435773,43,43,-22.75958133619584,1.7942043518435773,1.7942043518435773,0.015022215800694967,AUTO_KEEP
beta,beta_E,2023-10-22,unsure,0,-1,-1,0,0.0,1.169944,0.0,True,0.23112641918945087,47,56,0.8456506365273555,57,57,-3.9381342724674178,0.8456506365273555,0.8456506365273555,0.010014236988617408,AUTO_KEEP
beta,beta_E,2023-10-23,unsure,1,46,59,14,2.5496279999999993,3.3938454999999994,2.5496279999999993,True,0.27307025138089447,42,61,13.958736336657063,63,63,-2.3727016783490344,13.958736336657063,13.958736336657063,0.07432916879535713,AUTO_KEEP
beta,beta_E,2023-10-24,unsure,1,43,55,13,1.7367205000000003,2.1340425,1.7367205000000003,True,0.20434530165707354,43,59,10.416981662712201,60,60,-13.596098098478928,10.416981662712201,10.416981662712201,0.057892936767588256,AUTO_KEEP
beta,beta_E,2023-10-25,unsure,1,48,61,14,3.6494194999999996,4.8792884999999995,3.6494194999999996,True,0.3308357373601396,42,61,13.339693082013394,62,62,-17.09228692469759,13.339693082013394,13.339693082013394,0.07150090728786646,AUTO_KEEP
beta,beta_E,2023-10-26,sure,0,-1,-1,0,0.0,0.0,0.0,True,0.32015485579545455,-1,-1,0.0,40,40,-1472.3299889331408,,-1472.3299889331408,4.024122161657086e-06,AUTO_KEEP
beta,beta_E,2023-10-27,sure,0,-1,-1,0,0.0,0.8596905,0.0,True,0.49345210284964924,44,44,8.726394174605979,62,62,-5.582462611631502,8.726394174605979,8.726394174605979,0.049822154302723985,AUTO_KEEP
beta,beta_E,2023-10-28,unsure,1,55,60,6,1.4902035,4.0735185,1.4902035,True,0.2603431893709063,50,63,8.86792245058554,48,48,-72.4189379010545,8.86792245058554,8.86792245058554,0.05050361068214405,AUTO_KEEP
beta,beta_E,2023-10-29,unsure,1,48,58,11,2.5762625000000003,4.2490945,2.5762625000000003,True,0.15636125526140532,43,61,45.14341625010963,42,42,-48.818108477797985,45.14341625010963,45.14341625010963,0.19674688223942166,AUTO_KEEP
beta,beta_E,2023-10-30,unsure,0,-1,-1,0,0.0,2.413853,0.0,True,0.32369831095125257,40,56,2.891280365040812,57,57,-3.633253190634988,2.891280365040812,2.891280365040812,0.020730727310894818,AUTO_KEEP
beta,beta_E,2023-10-31,unsure,0,-1,-1,0,0.0,4.5497274999999995,0.0,True,0.24180875204337315,43,60,15.17630177242738,61,61,-20.69108665773472,15.17630177242738,15.17630177242738,0.07983866304614143,AUTO_KEEP
beta,beta_E,2023-11-01,sure,0,-1,-1,0,0.0,2.7061525,0.0,True,0.35520963588679066,55,59,27.640087707315434,48,52,12.546938642356222,15.093149064959212,27.640087707315434,0.1325085418100573,AUTO_KEEP
beta,beta_E,2023-11-02,unsure,0,-1,-1,0,0.0,1.6532499999999999,0.0,True,0.2657465942554662,53,62,13.136470811071417,41,48,7.090981601787624,6.045489209283793,13.136470811071417,0.07056839770120125,AUTO_KEEP
beta,beta_E,2023-11-03,sure,0,-1,-1,0,0.0,0.753706,0.0,True,0.27194771594794087,51,55,9.628356215501029,57,58,4.795272359854993,4.833083855646036,9.628356215501029,0.05414680040995188,AUTO_KEEP
beta,beta_E,2023-11-04,sure,0,-1,-1,0,0.0,0.0,0.0,True,0.2965799294039293,-1,-1,0.0,62,62,-18.434981682188194,,-18.434981682188194,0.0002921327323522015,AUTO_KEEP
beta,beta_E,2023-11-05,sure,0,-1,-1,0,0.0,0.0,0.0,True,0.3280276522505279,-1,-1,0.0,61,61,-646.366376832271,,-646.366376832271,9.08383610192637e-06,AUTO_KEEP
beta,beta_E,2023-11-06,sure,0,-1,-1,0,0.0,0.275985,0.0,True,0.318766633783941,44,45,6.775324186570454,53,54,5.073943290825464,1.7013808957449896,6.775324186570454,0.04031612651853874,AUTO_KEEP
beta,beta_E,2023-11-07,unsure,1,50,59,10,1.9411634999999998,2.5258140000000004,1.9411634999999998,True,0.2926661555742536,46,60,11.770486841462422,43,44,3.7795667745623347,7.990920066900086,11.770486841462422,0.06424786849064232,AUTO_KEEP
beta,beta_E,2023-11-08,sure,0,-1,-1,0,0.0,0.787968,0.0,True,0.2655554510281384,59,60,24.9185669704983,51,51,13.373942710023005,11.544624260475295,24.9185669704983,0.12155205628634966,AUTO_KEEP
beta,beta_E,2023-11-09,unsure,0,-1,-1,0,0.0,3.0634300000000003,0.0,True,0.32522695743007013,48,58,9.940803974882947,60,60,-32.597099010168,9.940803974882947,9.940803974882947,0.05563487042983693,AUTO_KEEP
beta,beta_E,2023-11-10,unsure,1,47,58,12,2.3106695000000004,3.060004,2.3106695000000004,True,0.1398147857750578,44,60,36.28280137835367,61,61,-17.4277686069091,36.28280137835367,36.28280137835367,0.16550092163345423,AUTO_KEEP
beta,beta_E,2023-11-11,unsure,0,-1,-1,0,0.0,0.0,0.0,True,0.3174572273781777,-1,-1,0.0,47,56,-3.4319634001478017,,-3.4319634001478017,0.0012611495334366686,AUTO_KEEP
beta,beta_E,2023-11-12,sure,0,-1,-1,0,0.0,0.0,0.0,True,0.30168245051948084,-1,-1,0.0,49,51,-8.663020060665529,,-8.663020060665529,0.0005833227138282315,AUTO_KEEP
beta,beta_E,2023-11-13,sure,0,-1,-1,0,0.0,0.0,0.0,True,0.21649265424913633,-1,-1,0.0,61,63,-0.763806177597257,,-0.763806177597257,0.0031341501023147795,AUTO_KEEP
beta,beta_E,2023-11-14,unsure,1,45,58,14,2.855484,3.6233325,2.855484,True,0.2912941861251799,42,61,15.501015084640002,62,62,-17.663681488397952,15.501015084640002,15.501015084640002,0.08129623068185092,AUTO_KEEP
beta,beta_E,2023-11-15,sure,0,-1,-1,0,0.0,0.0,0.0,True,0.28349970683866754,-1,-1,0.0,46,46,-2.047238199708923,,-2.047238199708923,0.0018263902538769685,AUTO_KEEP
beta,beta_E,2023-11-16,unsure,0,-1,-1,0,0.0,2.4764615,0.0,True,0.287929494091415,42,59,7.476658117978007,60,61,-47.66875047654164,7.476658117978007,7.476658117978007,0.0437574563656109,AUTO_KEEP
beta,beta_E,2023-11-17,unsure,0,-1,-1,0,0.0,1.4861855,0.0,True,0.2436032217996491,55,62,36.19185052813717,50,50,9.693686669695952,26.498163858441217,36.19185052813717,0.1651672144539144,AUTO_KEEP
beta,beta_E,2023-11-18,unsure,1,45,61,17,4.7310715000000005,5.392001499999999,4.7310715000000005,True,0.1979544291487496,43,63,73.17712612362823,64,64,-65.9801252159168,73.17712612362823,73.17712612362823,0.28155362239983533,AUTO_KEEP
beta,beta_E,2023-11-19,unsure,1,44,58,15,2.603739999999999,3.8918164999999996,2.603739999999999,True,0.1748938340500077,40,60,24.067889958608372,61,61,-12.164976690453942,24.067889958608372,24.067889958608372,0.11806800222231345,AUTO_KEEP
beta,beta_E,2023-11-20,sure,0,-1,-1,0,0.0,0.0,0.0,True,0.3210952551431081,-1,-1,0.0,54,54,-210.546143311988,,-210.546143311988,2.7490251445964706e-05,AUTO_KEEP
beta,beta_E,2023-11-21,sure,0,-1,-1,0,0.0,0.16752,0.0,True,0.25560877882226496,60,60,4.378647605680458,55,57,3.3064612273785228,1.072186378301935,4.378647605680458,0.028340652410943374,AUTO_KEEP
beta,beta_E,2023-11-22,sure,0,-1,-1,0,0.0,0.8288490000000002,0.0,True,0.28602081185578854,44,47,7.862319239862512,49,52,2.638866306027045,5.223452933835468,7.862319239862512,0.045638122732049036,AUTO_KEEP
beta,beta_E,2023-11-23,sure,0,-1,-1,0,0.0,0.6275795,0.0,True,0.2719255986026168,56,58,13.276046380551344,44,49,-6.745464217975793,13.276046380551344,13.276046380551344,0.07120907234049609,AUTO_KEEP
beta,beta_E,2023-11-24,sure,0,-1,-1,0,0.0,0.0,0.0,True,0.2310609991314969,-1,-1,0.0,42,42,-195.63934315165906,,-195.63934315165906,2.9552696678273872e-05,AUTO_KEEP
beta,beta_E,2023-11-25,sure,0,-1,-1,0,0.0,0.0,0.0,True,0.17560568875816163,-1,-1,0.0,48,48,-4023.520117941495,,-4023.520117941495,1.4879745911936872e-06,AUTO_KEEP
beta,beta_E,2023-11-26,sure,0,-1,-1,0,0.0,0.0,0.0,True,0.25796901325489685,-1,-1,0.0,45,47,-32.88232909359433,,-32.88232909359433,0.00016851705484953802,AUTO_KEEP
beta,beta_E,2023-11-27,sure,0,-1,-1,0,0.0,0.0,0.0,True,0.2509836755032646,-1,-1,0.0,46,55,-2.85096079298798,,-2.85096079298798,0.0014491234462639762,AUTO_KEEP
beta,beta_E,2023-11-28,sure,0,-1,-1,0,0.0,0.0,0.0,True,0.21685927050686615,-1,-1,0.0,59,59,-1182.378114101987,,-1182.378114101987,4.999209194762897e-06,AUTO_KEEP
beta,beta_E,2023-11-29,sure,0,-1,-1,0,0.0,0.664345,0.0,True,0.3183181815435052,47,47,7.585061923116289,51,52,-0.2759275993146087,7.585061923116289,7.585061923116289,0.044286917540495685,AUTO_KEEP
beta,beta_E,2023-11-30,sure,0,-1,-1,0,0.0,0.0,0.0,True,0.3117267940948061,-1,-1,0.0,42,42,-34.83406569124414,,-34.83406569124414,0.0001594287764331232,AUTO_KEEP
beta,beta_E,2023-12-01,sure,0,-1,-1,0,0.0,1.967004,0.0,True,0.2909884884099032,43,51,7.403122291370877,59,61,-4.7842436053939235,7.403122291370877,7.403122291370877,0.0433979234822341,AUTO_KEEP
beta,beta_E,2023-12-02,sure,0,-1,-1,0,0.0,0.0,0.0,True,0.20174673859938874,-1,-1,0.0,48,51,-190.01406723711153,,-190.01406723711153,3.0414209186110996e-05,AUTO_KEEP
beta,beta_E,2023-12-03,sure,0,-1,-1,0,0.0,1.4468079999999996,0.0,True,0.23133204490332382,45,58,1.2815621403211082,59,59,-8.944874666209635,1.2815621403211082,1.2815621403211082,0.01232454263370195,AUTO_KEEP
beta,beta_E,2023-12-04,sure,0,-1,-1,0,0.0,1.9398654999999998,0.0,True,0.2522518406984364,52,61,17.771403301489627,49,49,2.036498901649725,15.734904399839902,17.771403301489627,0.09135241751942819,AUTO_KEEP
beta,beta_E,2023-12-05,sure,0,-1,-1,0,0.0,2.5458939999999997,0.0,True,0.31080215382842535,43,57,0.8161385614592251,42,42,-9.46207342087374,0.8161385614592251,0.8161385614592251,0.009857250323580306,AUTO_KEEP
beta,beta_E,2023-12-06,sure,0,-1,-1,0,0.0,0.0,0.0,True,0.3237015354304038,-1,-1,0.0,47,50,-8.994555176841779,,-8.994555176841779,0.0005641729066653464,AUTO_KEEP
beta,beta_E,2023-12-07,sure,0,-1,-1,0,0.0,0.0,0.0,True,0.23540726823142677,-1,-1,0.0,47,48,-29.24485826942405,,-29.24485826942405,0.00018856742328919634,AUTO_KEEP
beta,beta_E,2023-12-08,sure,0,-1,-1,0,0.0,0.0,0.0,True,0.23408471672932585,-1,-1,0.0,46,46,-254.73077919420433,,-254.73077919420433,2.2783560004776904e-05,AUTO_KEEP
beta,beta_E,2023-12-09,sure,0,-1,-1,0,0.0,0.0,0.0,True,0.1946125302218933,-1,-1,0.0,24,24,-4760.974945072266,,-4760.974945072266,1.2596469867640484e-06,AUTO_KEEP
beta,beta_E,2023-12-10,sure,0,-1,-1,0,0.0,0.0,0.0,True,0.22205534718934938,-1,-1,0.0,59,59,-136.15801552751913,,-136.15801552751913,4.221686276272981e-05,AUTO_KEEP
beta,beta_E,2023-12-11,sure,0,-1,-1,0,0.0,0.0,0.0,True,0.21979123302315262,-1,-1,0.0,46,46,-49.25092783919904,,-49.25092783919904,0.00011407694212434352,AUTO_KEEP
beta,beta_E,2023-12-12,sure,0,-1,-1,0,0.0,0.0,0.0,True,0.1663258391631448,-1,-1,0.0,47,47,-245.50798628555705,,-245.50798628555705,2.362733213406997e-05,AUTO_KEEP
beta,beta_E,2023-12-13,sure,0,-1,-1,0,0.0,0.0,0.0,True,0.1589109999999998,-1,-1,0.0,53,53,-413.66883057421154,,-413.66883057421154,1.4118652414188848e-05,AUTO_KEEP
beta,beta_E,2023-12-14,sure,0,-1,-1,0,0.0,0.0,0.0,True,0.19892305105781105,-1,-1,0.0,38,38,-2355.81119624851,,-2355.81119624851,2.5274045129618004e-06,AUTO_KEEP
beta,beta_E,2023-12-15,sure,0,-1,-1,0,0.0,0.0,0.0,True,0.3263901530149349,-1,-1,0.0,49,49,-84.95245256075968,,-84.95245256075968,6.705341918925528e-05,AUTO_KEEP
beta,beta_E,2023-12-16,sure,0,-1,-1,0,0.0,0.0,0.0,True,0.19833700687869804,-1,-1,0.0,39,39,-1891.941809228316,,-1891.941809228316,3.1399012658408873e-06,AUTO_KEEP
beta,beta_E,2023-12-17,sure,0,-1,-1,0,0.0,0.0,0.0,True,0.1950097753310791,-1,-1,0.0,50,51,-167.34561596736225,,-167.34561596736225,3.4466171507694614e-05,AUTO_KEEP
beta,beta_E,2023-12-18,sure,0,-1,-1,0,0.0,0.0,0.0,True,0.24650293721506067,-1,-1,0.0,53,53,-327.6380728646995,,-327.6380728646995,1.7773442123140403e-05,AUTO_KEEP
beta,beta_E,2023-12-19,sure,0,-1,-1,0,0.0,0.0,0.0,True,0.2725197789201186,-1,-1,0.0,35,35,-2680.5944264534637,,-2680.5944264534637,2.2241487300457465e-06,AUTO_KEEP
beta,beta_E,2023-12-20,sure,0,-1,-1,0,0.0,0.0,0.0,True,0.17654945705128178,-1,-1,0.0,24,24,-6121.196386044595,,-6121.196386044595,9.822302840669586e-07,AUTO_KEEP
beta,beta_E,2023-12-21,sure,0,-1,-1,0,0.0,0.0,0.0,True,0.18859899999999996,-1,-1,0.0,36,36,-1030.0056220107263,,-1030.0056220107263,5.73018369958506e-06,AUTO_KEEP
beta,beta_E,2023-12-22,unsure,0,-1,-1,0,0.0,1.9073440000000002,0.0,True,0.31779901617187,46,58,7.242056572393506,43,43,0.900972327526412,6.341084244867094,7.242056572393506,0.042609382400850736,AUTO_KEEP
beta,beta_E,2023-12-23,sure,0,-1,-1,0,0.0,2.982066,0.0,True,0.21054956444719153,46,57,8.396610576795366,58,58,-24.126917261733468,8.396610576795366,8.396610576795366,0.04823006351134298,AUTO_KEEP
beta,beta_E,2023-12-24,sure,0,-1,-1,0,0.0,0.0,0.0,True,0.22172603372710586,-1,-1,0.0,62,62,-183.0698763861862,,-183.0698763861862,3.1549961123953115e-05,AUTO_KEEP
beta,beta_E,2023-12-25,sure,0,-1,-1,0,0.0,0.0,0.0,True,0.27735429377411425,-1,-1,0.0,60,60,-71.69584418163423,,-71.69584418163423,7.914825539675848e-05,AUTO_KEEP
beta,beta_E,2023-12-26,sure,0,-1,-1,0,0.0,0.0,0.0,True,0.2068782583730151,-1,-1,0.0,47,47,-933.2243951153567,,-933.2243951153567,6.3176076531972325e-06,AUTO_KEEP
beta,beta_E,2023-12-27,sure,0,-1,-1,0,0.0,0.0,0.0,True,0.1948466094989323,-1,-1,0.0,43,47,-179.94525651386112,,-179.94525651386112,3.208929781737163e-05,AUTO_KEEP
beta,beta_E,2023-12-28,sure,0,-1,-1,0,0.0,0.0,0.0,True,0.3343845634163003,-1,-1,0.0,45,46,-215.70237325474804,,-215.70237325474804,2.684258772626421e-05,AUTO_KEEP
beta,beta_E,2023-12-29,sure,0,-1,-1,0,0.0,0.0,0.0,True,0.15151558346153848,-1,-1,0.0,48,49,-2307.33276932428,,-2307.33276932428,2.5799506593494567e-06,AUTO_KEEP
beta,beta_E,2023-12-30,sure,0,-1,-1,0,0.0,0.0,0.0,True,0.22120400000000018,-1,-1,0.0,45,52,-95.1556237148502,,-95.1556237148502,6.000559477804988e-05,AUTO_KEEP
beta,beta_E,2023-12-31,sure,0,-1,-1,0,0.0,0.0,0.0,True,0.20729430735301602,-1,-1,0.0,24,24,-3721.011558272363,,-3721.011558272363,1.6076613441744389e-06,AUTO_KEEP
beta,beta_E,2024-01-01,sure,0,-1,-1,0,0.0,0.0,0.0,True,0.22167780645777668,-1,-1,0.0,62,62,-1070.3466686979937,,-1070.3466686979937,5.516521479892786e-06,AUTO_KEEP
beta,beta_E,2024-01-02,sure,0,-1,-1,0,0.0,0.0,0.0,True,0.1922049428138104,-1,-1,0.0,46,55,-283.50910089082106,,-283.50910089082106,2.0500747737589697e-05,AUTO_KEEP
beta,beta_E,2024-01-03,sure,0,-1,-1,0,0.0,0.0,0.0,True,0.23108696625714487,-1,-1,0.0,47,47,-314.57818376831796,,-314.57818376831796,1.8501506975838983e-05,AUTO_KEEP
beta,beta_E,2024-01-04,sure,0,-1,-1,0,0.0,0.0,0.0,True,0.1643560200063483,-1,-1,0.0,44,44,-1849.4566891522365,,-1849.4566891522365,3.211266302249869e-06,AUTO_KEEP
beta,beta_E,2024-01-05,sure,0,-1,-1,0,0.0,0.0,0.0,True,0.2937696897222217,-1,-1,0.0,49,51,-11.911779128898992,,-11.911779128898992,0.00043787472697262504,AUTO_KEEP
beta,beta_E,2024-01-06,sure,0,-1,-1,0,0.0,0.0,0.0,True,0.22886790807843838,-1,-1,0.0,49,54,-42.43755816982351,,-42.43755816982351,0.00013177710585931618,AUTO_KEEP
beta,beta_E,2024-01-07,sure,0,-1,-1,0,0.0,0.0,0.0,True,0.30231322641997416,-1,-1,0.0,45,51,-51.8876899578674,,-51.8876899578674,0.0001084452526437837,AUTO_KEEP
beta,beta_E,2024-01-08,sure,0,-1,-1,0,0.0,0.0,0.0,True,0.25622809863174734,-1,-1,0.0,35,35,-1136.4733520394827,,-1136.4733520394827,5.19891549249922e-06,AUTO_KEEP
beta,beta_E,2024-01-09,sure,0,-1,-1,0,0.0,0.0,0.0,True,0.19972080289206318,-1,-1,0.0,49,49,-223.83543942971227,,-223.83543942971227,2.5881099766776853e-05,AUTO_KEEP
beta,beta_E,2024-01-10,sure,0,-1,-1,0,0.0,0.0,0.0,True,0.22572924053846144,-1,-1,0.0,56,57,-509.9528613527921,,-509.9528613527921,1.1481963763783574e-05,AUTO_KEEP
beta,beta_E,2024-01-11,sure,0,-1,-1,0,0.0,0.0,0.0,True,0.23991572287151364,-1,-1,0.0,42,51,-1035.4046445975177,,-1035.4046445975177,5.700629087229573e-06,AUTO_KEEP
beta,beta_E,2024-01-12,sure,0,-1,-1,0,0.0,0.0,0.0,True,0.2502736602716258,-1,-1,0.0,42,55,-617.106414595063,,-617.106414595063,9.509471000894155e-06,AUTO_KEEP
beta,beta_E,2024-01-13,sure,0,-1,-1,0,0.0,0.0,0.0,True,0.23465216329599858,-1,-1,0.0,45,49,-1085.5024789457082,,-1085.5024789457082,5.440330461877318e-06,AUTO_KEEP
beta,beta_E,2024-01-14,sure,0,-1,-1,0,0.0,0.0,0.0,True,0.2663174513243165,-1,-1,0.0,63,63,-1266.1267463046695,,-1266.1267463046695,4.6719702483401904e-06,AUTO_KEEP
beta,beta_E,2024-01-15,sure,0,-1,-1,0,0.0,0.0,0.0,True,0.3157962425979157,-1,-1,0.0,47,47,-212.7173864408671,,-212.7173864408671,2.7213735845480664e-05,AUTO_KEEP
beta,beta_E,2024-01-16,sure,0,-1,-1,0,0.0,0.0,0.0,True,0.23664334041384905,-1,-1,0.0,47,48,-438.0180458576099,,-438.0180458576099,1.334316604299173e-05,AUTO_KEEP
beta,beta_E,2024-01-17,sure,0,-1,-1,0,0.0,0.0,0.0,True,0.2780312951692032,-1,-1,0.0,44,44,-352.4911339804441,,-352.4911339804441,1.653583358676501e-05,AUTO_KEEP
beta,beta_E,2024-01-18,sure,0,-1,-1,0,0.0,0.0,0.0,False,,-1,-1,,-1,-1,,,,,UNCERTAIN
beta,beta_E,2024-01-19,sure,0,-1,-1,0,0.0,0.0,0.0,False,,-1,-1,,-1,-1,,,,,UNCERTAIN
beta,beta_E,2024-01-20,sure,0,-1,-1,0,0.0,0.0,0.0,True,0.2821828577739005,-1,-1,0.0,46,47,-444.09678345186705,,-444.09678345186705,1.3162738071694055e-05,AUTO_KEEP
beta,beta_E,2024-01-21,sure,0,-1,-1,0,0.0,0.0,0.0,True,0.24811984485487937,-1,-1,0.0,40,40,-1808.7680274393426,,-1808.7680274393426,3.2827388679646142e-06,AUTO_KEEP
beta,beta_E,2024-01-22,unsure,0,-1,-1,0,0.0,0.0,0.0,True,0.22995041953827844,-1,-1,0.0,50,51,-130.2228025858804,,-130.2228025858804,4.410685390897204e-05,AUTO_KEEP
beta,beta_E,2024-01-23,sure,0,-1,-1,0,0.0,0.3840725,0.0,True,0.26642829717807803,59,59,20.952292787173118,61,61,-30.952213562439464,20.952292787173118,20.952292787173118,0.10505752836133427,AUTO_KEEP
beta,beta_E,2024-01-24,sure,0,-1,-1,0,0.0,0.0,0.0,True,0.2750753493043092,-1,-1,0.0,46,46,-81.70599421898321,,-81.70599421898321,6.965862502051286e-05,AUTO_KEEP
beta,beta_E,2024-01-25,sure,0,-1,-1,0,0.0,0.0,0.0,True,0.24237032400676206,-1,-1,0.0,34,34,-3660.707734553781,,-3660.707734553781,1.633872237779272e-06,AUTO_KEEP
beta,beta_E,2024-01-26,sure,0,-1,-1,0,0.0,0.0,0.0,True,0.21180499606409953,-1,-1,0.0,24,24,-5766.671268705802,,-5766.671268705802,1.0419876585990611e-06,AUTO_KEEP
beta,beta_E,2024-01-27,sure,0,-1,-1,0,0.0,0.0,0.0,True,0.1833132020666577,-1,-1,0.0,69,69,-6276.9062061478735,,-6276.9062061478735,9.581073459082824e-07,AUTO_KEEP
beta,beta_E,2024-01-28,sure,0,-1,-1,0,0.0,0.0,0.0,True,0.195309896790123,-1,-1,0.0,52,52,-584.6750012655226,,-584.6750012655226,1.003067288753697e-05,AUTO_KEEP
beta,beta_E,2024-01-29,sure,0,-1,-1,0,0.0,0.0,0.0,True,0.1509024807539241,-1,-1,0.0,49,50,-975.2690449651091,,-975.2690449651091,6.048176569176545e-06,AUTO_KEEP
beta,beta_E,2024-01-30,sure,0,-1,-1,0,0.0,0.0,0.0,True,0.27505797181075575,-1,-1,0.0,50,50,-968.4386934474396,,-968.4386934474396,6.090364817523299e-06,AUTO_KEEP
beta,beta_E,2024-01-31,sure,0,-1,-1,0,0.0,0.0,0.0,True,0.29173500216863424,-1,-1,0.0,64,64,-887.3199963826727,,-887.3199963826727,6.640744980906871e-06,AUTO_KEEP
beta,beta_E,2024-02-01,sure,0,-1,-1,0,0.0,0.0,0.0,True,0.3687616272754708,-1,-1,0.0,60,61,-140.82829176488846,,-140.82829176488846,4.0840344685068995e-05,AUTO_KEEP
beta,beta_E,2024-02-02,sure,0,-1,-1,0,0.0,0.0,0.0,True,0.2151449167724353,-1,-1,0.0,46,46,-880.4283050927977,,-880.4283050927977,6.692149113015876e-06,AUTO_KEEP
beta,beta_E,2024-02-03,sure,0,-1,-1,0,0.0,0.0,0.0,True,0.16687720453703658,-1,-1,0.0,62,62,-576.0784011221477,,-576.0784011221477,1.0178599974873667e-05,AUTO_KEEP
beta,beta_E,2024-02-04,sure,0,-1,-1,0,0.0,0.0,0.0,True,0.1890649327635323,-1,-1,0.0,47,47,-1027.5660125710726,,-1027.5660125710726,5.74363955195427e-06,AUTO_KEEP
beta,beta_E,2024-02-05,sure,0,-1,-1,0,0.0,0.0,0.0,True,0.17035785436730766,-1,-1,0.0,35,35,-7927.447463130263,,-7927.447463130263,7.604110720560123e-07,AUTO_KEEP
beta,beta_E,2024-02-06,sure,0,-1,-1,0,0.0,0.0,0.0,True,0.24445694372329108,-1,-1,0.0,39,39,-969.1344881560204,,-969.1344881560204,6.086040141951677e-06,AUTO_KEEP
beta,beta_E,2024-02-07,sure,0,-1,-1,0,0.0,0.0,0.0,True,0.3074114458255286,-1,-1,0.0,48,48,-728.0867753547212,,-728.0867753547212,8.075208885428624e-06,AUTO_KEEP
beta,beta_E,2024-02-08,unsure,0,-1,-1,0,0.0,0.2230025,0.0,True,0.2958436151445243,55,55,6.813349562824533,56,56,-12.123988002985088,6.813349562824533,6.813349562824533,0.04050342266792376,AUTO_KEEP
beta,beta_E,2024-02-09,sure,0,-1,-1,0,0.0,0.0,0.0,True,0.29818506927773125,-1,-1,0.0,54,54,-92.76254829429286,,-92.76254829429286,6.152159594048107e-05,AUTO_KEEP
beta,beta_E,2024-02-10,unsure,0,-1,-1,0,0.0,0.273014,0.0,True,0.330456007259345,49,49,2.7739666467795443,50,50,-6.492323577651819,2.7739666467795443,2.7739666467795443,0.02012431268211319,AUTO_KEEP
beta,beta_E,2024-02-11,sure,0,-1,-1,0,0.0,0.0,0.0,True,0.18861318765800306,-1,-1,0.0,45,46,-1741.9935464880757,,-1741.9935464880757,3.4072276166685622e-06,AUTO_KEEP
beta,beta_E,2024-02-12,unsure,0,-1,-1,0,0.0,0.0,0.0,True,0.3137469035203573,-1,-1,0.0,46,48,-5.264181652236524,,-5.264181652236524,0.0008956756158255498,AUTO_KEEP
beta,beta_E,2024-02-13,sure,0,-1,-1,0,0.0,0.0,0.0,True,0.2553878729971366,-1,-1,0.0,45,48,-465.40023079159874,,-465.40023079159874,1.256735817063414e-05,AUTO_KEEP
beta,beta_E,2024-02-14,sure,0,-1,-1,0,0.0,0.0,0.0,True,0.23407583322844516,-1,-1,0.0,42,42,-1428.452647161212,,-1428.452647161212,4.146396820079682e-06,AUTO_KEEP
beta,beta_E,2024-02-15,sure,0,-1,-1,0,0.0,0.0,0.0,True,0.2604053639880961,-1,-1,0.0,54,54,-2166.382961370686,,-2166.382961370686,2.7460101837260146e-06,AUTO_KEEP
beta,beta_E,2024-02-16,sure,0,-1,-1,0,0.0,0.0,0.0,True,0.25780216364997166,-1,-1,0.0,50,57,-35.223885033369875,,-35.223885033369875,0.00015773032937368544,AUTO_KEEP
beta,beta_E,2024-02-17,sure,0,-1,-1,0,0.0,0.0,0.0,True,0.1377750591420117,-1,-1,0.0,49,54,-2721.702859249528,,-2721.702859249528,2.1908989758522336e-06,AUTO_KEEP
beta,beta_E,2024-02-18,sure,0,-1,-1,0,0.0,0.0,0.0,True,0.21462289991546868,-1,-1,0.0,44,54,-554.7424002073099,,-554.7424002073099,1.0565414948725755e-05,AUTO_KEEP
beta,beta_E,2024-02-19,sure,0,-1,-1,0,0.0,0.0,0.0,True,0.27906573593207895,-1,-1,0.0,43,43,-1857.1158882655398,,-1857.1158882655398,3.198160713174464e-06,AUTO_KEEP
beta,beta_E,2024-02-20,sure,0,-1,-1,0,0.0,0.0,0.0,True,0.30524799999999974,-1,-1,0.0,56,56,-317.32004540609813,,-317.32004540609813,1.834372351794781e-05,AUTO_KEEP
beta,beta_E,2024-02-21,sure,0,-1,-1,0,0.0,0.298347,0.0,True,0.17903138336010205,54,54,0.934969900966096,60,60,-133.16684751574087,0.934969900966096,0.934969900966096,0.01048890888805031,AUTO_KEEP
beta,beta_E,2024-02-22,sure,0,-1,-1,0,0.0,0.0,0.0,True,0.3014008779697326,-1,-1,0.0,52,52,-128.676035224068,,-128.676035224068,4.462767489717263e-05,AUTO_KEEP
beta,beta_E,2024-02-23,sure,0,-1,-1,0,0.0,0.0,0.0,True,0.29194100000000045,-1,-1,0.0,40,40,-1881.9190082191064,,-1881.9190082191064,3.1564483990992476e-06,AUTO_KEEP
beta,beta_E,2024-02-24,sure,0,-1,-1,0,0.0,0.0,0.0,True,0.18144190373755542,-1,-1,0.0,24,24,-6046.25611220246,,-6046.25611220246,9.942807908029901e-07,AUTO_KEEP
beta,beta_E,2024-02-25,sure,0,-1,-1,0,0.0,0.0,0.0,True,0.14933999999999958,-1,-1,0.0,57,57,-104.9433289950549,,-104.9433289950549,5.451469750847777e-05,AUTO_KEEP
beta,beta_E,2024-02-26,sure,0,-1,-1,0,0.0,0.0,0.0,True,0.23754065845352557,-1,-1,0.0,48,48,-22.22911367717696,,-22.22911367717696,0.0002448623307996934,AUTO_KEEP
beta,beta_E,2024-02-27,sure,0,-1,-1,0,0.0,0.0,0.0,True,0.39587375616370757,-1,-1,0.0,49,49,-525.4170115121059,,-525.4170115121059,1.1147973624405867e-05,AUTO_KEEP
beta,beta_E,2024-02-28,sure,0,-1,-1,0,0.0,0.0,0.0,True,0.23847899999999989,-1,-1,0.0,56,56,-402.03627607716845,,-402.03627607716845,1.452203611300481e-05,AUTO_KEEP
beta,beta_E,2024-02-29,sure,0,-1,-1,0,0.0,0.0,0.0,True,0.2719205360576922,-1,-1,0.0,45,45,-2093.6227872231498,,-2093.6227872231498,2.840432977751059e-06,AUTO_KEEP
beta,beta_E,2024-03-01,sure,0,-1,-1,0,0.0,0.0,0.0,True,0.22533490872980622,-1,-1,0.0,55,55,-1231.2779733042257,,-1231.2779733042257,4.802761431264036e-06,AUTO_KEEP
beta,beta_E,2024-03-02,sure,0,-1,-1,0,0.0,0.0,0.0,True,0.3012020135115536,-1,-1,0.0,49,49,-2183.613916960822,,-2183.613916960822,2.724565737439051e-06,AUTO_KEEP
beta,beta_E,2024-03-03,sure,0,-1,-1,0,0.0,0.0,0.0,True,0.21415682819676185,-1,-1,0.0,45,45,-699.0482564480585,,-699.0482564480585,8.406775224950721e-06,AUTO_KEEP
beta,beta_E,2024-03-04,sure,0,-1,-1,0,0.0,0.0,0.0,True,0.16139687381155898,-1,-1,0.0,57,57,-182.58552654888578,,-182.58552654888578,3.163236777457582e-05,AUTO_KEEP
beta,beta_E,2024-03-05,unsure,0,-1,-1,0,0.0,0.4854885,0.0,True,0.26974057786639616,51,52,11.143179447671224,55,55,7.6522864986147345,3.49089294905649,11.143179447671224,0.06131412664036543,AUTO_KEEP
beta,beta_E,2024-03-06,unsure,0,-1,-1,0,0.0,0.0,0.0,True,0.25570011236772494,-1,-1,0.0,47,49,-3.893333275931511,,-3.893333275931511,0.0011435010109816996,AUTO_KEEP
beta,beta_E,2024-03-07,sure,0,-1,-1,0,0.0,0.0,0.0,True,0.20933507709096233,-1,-1,0.0,51,51,-230.58922051606322,,-230.58922051606322,2.5133746130773016e-05,AUTO_KEEP
beta,beta_E,2024-03-08,sure,0,-1,-1,0,0.0,0.0,0.0,True,0.2520489999999995,-1,-1,0.0,48,48,-244.13169896522626,,-244.13169896522626,2.3758662165947428e-05,AUTO_KEEP
beta,beta_E,2024-03-09,sure,0,-1,-1,0,0.0,0.0,0.0,True,0.26774634385195295,-1,-1,0.0,53,53,-303.77346871914096,,-303.77346871914096,1.915077119580978e-05,AUTO_KEEP
beta,beta_E,2024-03-10,sure,0,-1,-1,0,0.0,0.0,0.0,True,0.18078709250053926,-1,-1,0.0,46,48,-760.5376714132583,,-760.5376714132583,7.734454737165843e-06,AUTO_KEEP
beta,beta_E,2024-03-11,sure,0,-1,-1,0,0.0,0.0,0.0,True,0.22944509017692205,-1,-1,0.0,54,54,-35.25189562696004,,-35.25189562696004,0.00015760968636553132,AUTO_KEEP
beta,beta_E,2024-03-12,sure,0,-1,-1,0,0.0,0.0,0.0,True,0.25229296726761596,-1,-1,0.0,45,50,-73.490142649233,,-73.490142649233,7.726061952421879e-05,AUTO_KEEP
beta,beta_E,2024-03-13,sure,0,-1,-1,0,0.0,0.0,0.0,True,0.24425357946245452,-1,-1,0.0,50,50,-119.65561761548061,,-119.65561761548061,4.792960005005526e-05,AUTO_KEEP
beta,beta_E,2024-03-14,sure,0,-1,-1,0,0.0,0.0,0.0,True,0.2711367762093184,-1,-1,0.0,47,47,-164.26673814932667,,-164.26673814932667,3.5101805309414526e-05,AUTO_KEEP
beta,beta_E,2024-03-15,unsure,0,-1,-1,0,0.0,1.105147,0.0,True,0.31470213890518295,46,48,16.634253586014992,54,54,1.3203714494039707,15.31388213661102,16.634253586014992,0.08634494212938683,AUTO_KEEP
beta,beta_E,2024-03-16,sure,0,-1,-1,0,0.0,0.0,0.0,True,0.31258750521713896,-1,-1,0.0,56,56,-142.61369064896402,,-142.61369064896402,4.0337654529491536e-05,AUTO_KEEP
beta,beta_E,2024-03-17,sure,0,-1,-1,0,0.0,0.0,0.0,True,0.1640474964809826,-1,-1,0.0,48,48,-728.6888906302953,,-728.6888906302953,8.068611739422732e-06,AUTO_KEEP
beta,beta_E,2024-03-18,sure,0,-1,-1,0,0.0,0.0,0.0,True,0.12080266740044099,-1,-1,0.0,61,61,-15.280504606135807,,-15.280504606135807,0.00034810298052220193,AUTO_KEEP
beta,beta_E,2024-03-19,sure,0,-1,-1,0,0.0,0.0,0.0,True,0.20994029081695587,-1,-1,0.0,53,57,-11.349248209082365,,-11.349248209082365,0.0004576090518977924,AUTO_KEEP
beta,beta_E,2024-03-20,sure,0,-1,-1,0,0.0,0.0,0.0,True,0.2649892944553036,-1,-1,0.0,37,37,-2186.7988762640707,,-2186.7988762640707,2.7206387646906714e-06,AUTO_KEEP
beta,beta_E,2024-03-21,sure,0,-1,-1,0,0.0,0.2993435,0.0,True,0.2367499999999998,56,56,14.642672884815145,45,46,10.765766026704798,3.876906858110347,14.642672884815145,0.07743260787550571,AUTO_KEEP
beta,beta_E,2024-03-22,sure,0,-1,-1,0,0.0,0.0,0.0,True,0.27452134474047973,-1,-1,0.0,62,62,-101.15839730859346,,-101.15839730859346,5.6513897277554814e-05,AUTO_KEEP
beta,beta_E,2024-03-23,unsure,0,-1,-1,0,0.0,0.0,0.0,True,0.2629009283904713,-1,-1,0.0,48,49,-23.778732801564924,,-23.778732801564924,0.00022969992534230567,AUTO_KEEP
beta,beta_E,2024-03-24,unsure,0,-1,-1,0,0.0,0.131546,0.0,True,0.2917654845433102,52,52,2.2614984421262454,48,48,-3.4976725293559,2.2614984421262454,2.2614984421262454,0.017464152376535137,AUTO_KEEP
beta,beta_E,2024-03-25,unsure,0,-1,-1,0,0.0,1.532143,0.0,True,0.29960260027302965,46,51,2.4085569592887515,54,55,-4.190739844403528,2.4085569592887515,2.4085569592887515,0.018229390879500595,AUTO_KEEP
beta,beta_E,2024-03-26,sure,0,-1,-1,0,0.0,0.0,0.0,True,0.2302794912504904,-1,-1,0.0,52,52,-15.936322798705588,,-15.936322798705588,0.00033475936608992894,AUTO_KEEP
beta,beta_E,2024-03-27,sure,0,-1,-1,0,0.0,0.0,0.0,True,0.23193200000000047,-1,-1,0.0,50,54,-26.5998008387653,,-26.5998008387653,0.00020644743480730364,AUTO_KEEP
beta,beta_E,2024-03-28,sure,0,-1,-1,0,0.0,0.0,0.0,True,0.26295633934235507,-1,-1,0.0,48,49,-64.57756654189585,,-64.57756654189585,8.7649036853286e-05,AUTO_KEEP
beta,beta_E,2024-03-29,sure,0,-1,-1,0,0.0,0.0,0.0,True,0.32040971741690427,-1,-1,0.0,56,56,-95.68673441517734,,-95.68673441517734,5.967926402451508e-05,AUTO_KEEP
beta,beta_E,2024-04-01,sure,0,-1,-1,0,0.0,0.0,0.0,True,0.2796390968150524,-1,-1,0.0,51,53,-34.96842439980486,,-34.96842439980486,0.00015883923769772468,AUTO_KEEP
beta,beta_E,2024-04-02,sure,0,-1,-1,0,0.0,0.0,0.0,True,0.22027600000000014,-1,-1,0.0,43,43,-338.6864428908753,,-338.6864428908753,1.720101898220149e-05,AUTO_KEEP
beta,beta_E,2024-04-03,sure,0,-1,-1,0,0.0,0.6351785,0.0,True,0.25844800000000046,55,59,4.146783430328235,60,60,-6.522557725383293,4.146783430328235,4.146783430328235,0.02716367879652878,AUTO_KEEP
beta,beta_E,2024-04-04,sure,0,-1,-1,0,0.0,0.0,0.0,True,0.32549515739466806,-1,-1,0.0,24,24,-1765.9947487437996,,-1765.9947487437996,3.3614040366849396e-06,AUTO_KEEP
beta,beta_E,2024-04-05,sure,0,-1,-1,0,0.0,0.0,0.0,True,0.2936159999999983,-1,-1,0.0,24,24,-2064.0130824682496,,-2064.0130824682496,2.880753477783926e-06,AUTO_KEEP
beta,beta_E,2024-04-06,sure,0,-1,-1,0,0.0,0.0,0.0,True,0.3174720000000004,-1,-1,0.0,51,51,-33.38934989824554,,-33.38934989824554,0.0001660574368098358,AUTO_KEEP
beta,beta_E,2024-04-07,sure,0,-1,-1,0,0.0,0.0,0.0,True,0.19101999999999997,-1,-1,0.0,45,54,-21.305888715285555,,-21.305888715285555,0.00025489169271348405,AUTO_KEEP
beta,beta_E,2024-04-08,sure,0,-1,-1,0,0.0,0.198701,0.0,True,0.23616555548790163,52,52,9.498241408409413,54,54,-12.881616162636108,9.498241408409413,9.498241408409413,0.053525601103580386,AUTO_KEEP
beta,beta_E,2024-04-09,sure,0,-1,-1,0,0.0,0.0,0.0,True,0.3429072996105571,-1,-1,0.0,49,49,-6.6167377709541455,,-6.6167377709541455,0.0007381733794463119,AUTO_KEEP
beta,beta_E,2024-04-10,sure,0,-1,-1,0,0.0,0.0,0.0,True,0.24807999999999986,-1,-1,0.0,45,45,-174.7195643329617,,-174.7195643329617,3.303394180319727e-05,AUTO_KEEP
beta,beta_E,2024-04-11,unsure,1,46,55,10,2.5194959999999997,3.0676979999999996,2.5194959999999997,True,0.24065451228331192,43,56,9.49386226647229,57,57,-17.596103364427275,9.49386226647229,9.49386226647229,0.05350467850927106,AUTO_KEEP
beta,beta_E,2024-04-12,sure,0,-1,-1,0,0.0,1.3766289999999999,0.0,True,0.30740056432402785,43,51,3.4906876383489274,53,54,-5.50362500089068,3.4906876383489274,3.4906876383489274,0.023814780508561294,AUTO_KEEP
beta,beta_E,2024-04-13,sure,0,-1,-1,0,0.0,0.0,0.0,True,0.2299289402287794,-1,-1,0.0,47,47,-8.619801972872395,,-8.619801972872395,0.0005859157359965911,AUTO_KEEP
beta,beta_E,2024-04-14,sure,0,-1,-1,0,0.0,0.0,0.0,True,0.2645034714476955,-1,-1,0.0,47,47,-19.242971111966185,,-19.242971111966185,0.00028058918669338805,AUTO_KEEP
beta,beta_E,2024-04-15,sure,0,-1,-1,0,0.0,3.412296,0.0,True,0.19774097498484267,43,52,13.87790602370102,54,54,-53.35786462745948,13.87790602370102,13.87790602370102,0.07396091963164855,AUTO_KEEP
beta,beta_E,2024-04-16,sure,0,-1,-1,0,0.0,0.0,0.0,True,0.33428386891013506,-1,-1,0.0,48,53,-4.256037827086593,,-4.256037827086593,0.0010654312687347592,AUTO_KEEP
beta,beta_E,2024-04-17,sure,0,-1,-1,0,0.0,0.0,0.0,True,0.20746600000000015,-1,-1,0.0,45,45,-45.95739065038044,,-45.95739065038044,0.00012199498234555796,AUTO_KEEP
beta,beta_E,2024-04-18,sure,0,-1,-1,0,0.0,1.9068045,0.0,True,0.20984200000000008,47,52,16.18030453439863,53,53,-88.55216163848742,16.18030453439863,16.18030453439863,0.08432962089082278,AUTO_KEEP
beta,beta_E,2024-04-19,sure,0,-1,-1,0,0.0,0.0,0.0,True,0.21080859469796032,-1,-1,0.0,47,47,-6.13065032146655,,-6.13065032146655,0.0007879378722369011,AUTO_KEEP
beta,beta_E,2024-04-20,sure,0,-1,-1,0,0.0,0.0,0.0,True,0.23030559513215287,-1,-1,0.0,24,24,-3542.468439016535,,-3542.468439016535,1.6878408864871986e-06,AUTO_KEEP
beta,beta_E,2024-04-21,sure,0,-1,-1,0,0.0,0.0,0.0,True,0.3114460000000001,-1,-1,0.0,47,47,-58.18851252323902,,-58.18851252323902,9.701044778635136e-05,AUTO_KEEP
beta,beta_E,2024-04-22,unsure,0,-1,-1,0,0.0,1.3662505,0.0,True,0.1954950000000002,47,53,9.850718502303751,54,54,-29.722689072123607,9.850718502303751,9.850718502303751,0.05520635197396339,AUTO_KEEP
beta,beta_E,2024-04-23,unsure,0,-1,-1,0,0.0,0.0,0.0,True,0.28055699999999995,-1,-1,0.0,50,50,-3.394540081366071,,-3.394540081366071,0.0012717686061640317,AUTO_KEEP
beta,beta_E,2024-04-24,sure,0,-1,-1,0,0.0,0.0,0.0,True,0.25237838076815766,-1,-1,0.0,48,48,-568.2714679966192,,-568.2714679966192,1.0316790188608445e-05,AUTO_KEEP
beta,beta_E,2024-04-25,sure,0,-1,-1,0,0.0,1.541224,0.0,True,0.16147605590231962,51,53,61.89295925272271,54,54,-444.54675527192023,61.89295925272271,61.89295925272271,0.24971184936470417,AUTO_KEEP
beta,beta_E,2024-04-26,sure,0,-1,-1,0,0.0,0.0,0.0,True,0.2672291709417056,-1,-1,0.0,47,56,-18.123912031989263,,-18.123912031989263,0.00029683556385236417,AUTO_KEEP
beta,beta_E,2024-04-27,sure,0,-1,-1,0,0.0,0.0,0.0,True,0.27456000000000014,-1,-1,0.0,49,49,-34.398542132792116,,-34.398542132792116,0.0001613703712289034,AUTO_KEEP
beta,beta_E,2024-04-28,unsure,0,-1,-1,0,0.0,0.0,0.0,True,0.261704744816706,-1,-1,0.0,47,51,-28.883152449921145,,-28.883152449921145,0.0001908265937189101,AUTO_KEEP
beta,beta_E,2024-04-29,unsure,0,-1,-1,0,0.0,0.0,0.0,True,0.26190763525635763,-1,-1,0.0,48,51,-13.178257733215009,,-13.178257733215009,0.00039914785383999863,AUTO_KEEP
beta,beta_E,2024-04-30,sure,0,-1,-1,0,0.0,0.0,0.0,True,0.2930333440949582,-1,-1,0.0,41,41,-239.5942914188725,,-239.5942914188725,2.420222549818493e-05,AUTO_KEEP
beta,beta_E,2024-05-01,sure,0,-1,-1,0,0.0,0.0,0.0,True,0.30417000000000005,-1,-1,0.0,49,49,-494.40927300193533,,-494.40927300193533,1.1838573597203849e-05,AUTO_KEEP
beta,beta_E,2024-05-02,sure,0,-1,-1,0,0.0,0.0,0.0,True,0.2926110465986618,-1,-1,0.0,46,51,-18.508230180500153,,-18.508230180500153,0.000291047044665589,AUTO_KEEP
beta,beta_E,2024-05-03,sure,0,-1,-1,0,0.0,0.0,0.0,True,0.32592511432063453,-1,-1,0.0,47,47,-202.47369065085496,,-202.47369065085496,2.8569797524401646e-05,AUTO_KEEP
beta,beta_E,2024-05-04,sure,0,-1,-1,0,0.0,0.0,0.0,True,0.3280448988160023,-1,-1,0.0,50,52,-122.93156223585801,,-122.93156223585801,4.667513703695141e-05,AUTO_KEEP
beta,beta_E,2024-05-05,sure,0,-1,-1,0,0.0,0.0,0.0,True,0.2515873311539325,-1,-1,0.0,53,53,-483.3241047094942,,-483.3241047094942,1.210680736354497e-05,AUTO_KEEP
beta,beta_E,2024-05-06,sure,0,-1,-1,0,0.0,0.0,0.0,True,0.21812395489706748,-1,-1,0.0,60,60,-4718.89409999036,,-4718.89409999036,1.2707654165277831e-06,AUTO_KEEP
beta,beta_E,2024-05-07,sure,0,-1,-1,0,0.0,0.0,0.0,True,0.31625093100102664,-1,-1,0.0,51,51,-89.99179188743749,,-89.99179188743749,6.337595265601296e-05,AUTO_KEEP
beta,beta_E,2024-05-08,sure,0,-1,-1,0,0.0,0.0,0.0,True,0.35494898186636803,-1,-1,0.0,51,51,-186.1295857476137,,-186.1295857476137,3.103919663990741e-05,AUTO_KEEP
beta,beta_E,2024-05-09,unsure,0,-1,-1,0,0.0,0.0,0.0,True,0.25996064647685024,-1,-1,0.0,47,52,-13.773428643659633,,-13.773428643659633,0.0003832302383235443,AUTO_KEEP
beta,beta_E,2024-05-10,sure,0,-1,-1,0,0.0,0.0,0.0,True,0.2985737490520668,-1,-1,0.0,49,49,-303.2347423707987,,-303.2347423707987,1.9184344622383488e-05,AUTO_KEEP
beta,beta_E,2024-05-11,sure,0,-1,-1,0,0.0,0.0,0.0,True,0.3522797726601308,-1,-1,0.0,24,24,-1434.50309205918,,-1434.50309205918,4.129093736770425e-06,AUTO_KEEP
beta,beta_E,2024-05-12,sure,0,-1,-1,0,0.0,0.0,0.0,True,0.29118716958813273,-1,-1,0.0,49,49,-260.6229567359753,,-260.6229567359753,2.2275490647307237e-05,AUTO_KEEP
beta,beta_E,2024-05-13,sure,0,-1,-1,0,0.0,0.0,0.0,True,0.34023863782853603,-1,-1,0.0,54,54,-237.59389916481774,,-237.59389916481774,2.4403109167838404e-05,AUTO_KEEP
beta,beta_E,2024-05-14,sure,0,-1,-1,0,0.0,0.0,0.0,True,0.32732484997505473,-1,-1,0.0,50,50,-20.117810123057936,,-20.117810123057936,0.000269081550469212,AUTO_KEEP
beta,beta_E,2024-05-15,sure,0,-1,-1,0,0.0,0.0,0.0,True,0.3114230000526872,-1,-1,0.0,46,49,-4.573447891612558,,-4.573447891612558,0.00100540065490021,AUTO_KEEP
beta,beta_E,2024-05-16,sure,0,-1,-1,0,0.0,0.0,0.0,True,0.22904770048881762,-1,-1,0.0,52,53,-171.83186996622632,,-171.83186996622632,3.3580327718794864e-05,AUTO_KEEP
beta,beta_E,2024-05-17,sure,0,-1,-1,0,0.0,0.0,0.0,True,0.31555116691760077,-1,-1,0.0,53,53,-66.89318785688901,,-66.89318785688901,8.468906005338521e-05,AUTO_KEEP
beta,beta_E,2024-05-18,sure,0,-1,-1,0,0.0,0.0,0.0,True,0.19658860221800012,-1,-1,0.0,40,40,-2382.155526832524,,-2382.155526832524,2.499741814632389e-06,AUTO_KEEP
beta,beta_E,2024-05-19,sure,0,-1,-1,0,0.0,0.0,0.0,True,0.26627950083530116,-1,-1,0.0,48,54,-400.2133840769301,,-400.2133840769301,1.4587358050214207e-05,AUTO_KEEP
beta,beta_E,2024-05-20,sure,0,-1,-1,0,0.0,0.0,0.0,True,0.35400883605004996,-1,-1,0.0,46,46,-219.34708461367157,,-219.34708461367157,2.640297851440885e-05,AUTO_KEEP
beta,beta_E,2024-05-21,sure,0,-1,-1,0,0.0,0.0,0.0,True,0.27461887966518805,-1,-1,0.0,59,59,-1598.0608351630335,,-1598.0608351630335,3.71073379444698e-06,AUTO_KEEP
beta,beta_E,2024-05-22,sure,0,-1,-1,0,0.0,0.0,0.0,True,0.3469970732692378,-1,-1,0.0,47,53,-54.334724809961635,,-54.334724809961635,0.00010369663796438137,AUTO_KEEP
beta,beta_E,2024-05-23,sure,0,-1,-1,0,0.0,0.0,0.0,True,0.32682280412420983,-1,-1,0.0,51,51,-67.91746650511128,,-67.91746650511128,8.344289873562385e-05,AUTO_KEEP
beta,beta_E,2024-05-24,sure,0,-1,-1,0,0.0,0.0,0.0,True,0.26492594718741636,-1,-1,0.0,51,51,-160.7369840043232,,-160.7369840043232,3.586014603276909e-05,AUTO_KEEP
beta,beta_E,2024-05-25,sure,0,-1,-1,0,0.0,0.0,0.0,True,0.2839740643387607,-1,-1,0.0,48,48,-593.1037959677222,,-593.1037959677222,9.889769372194908e-06,AUTO_KEEP
beta,beta_E,2024-05-26,sure,0,-1,-1,0,0.0,0.0,0.0,True,0.3177029510195233,-1,-1,0.0,47,51,-240.4694902502017,,-240.4694902502017,2.4115377609006786e-05,AUTO_KEEP
beta,beta_E,2024-05-27,sure,0,-1,-1,0,0.0,0.0,0.0,True,0.28217004524467626,-1,-1,0.0,47,52,-126.13361094010422,,-126.13361094010422,4.5511144090489044e-05,AUTO_KEEP
beta,beta_E,2024-05-28,sure,0,-1,-1,0,0.0,0.0,0.0,True,0.2623531243948598,-1,-1,0.0,48,48,-150.6389989411391,,-150.6389989411391,3.822356540621608e-05,AUTO_KEEP
beta,beta_E,2024-05-29,sure,0,-1,-1,0,0.0,0.0,0.0,True,0.2675101359593235,-1,-1,0.0,49,50,-140.32986864869352,,-140.32986864869352,4.098293510921843e-05,AUTO_KEEP
beta,beta_E,2024-05-30,sure,0,-1,-1,0,0.0,0.0,0.0,True,0.34236522134261804,-1,-1,0.0,50,51,-82.17971494420233,,-82.17971494420233,6.926586775345757e-05,AUTO_KEEP
beta,beta_E,2024-05-31,sure,0,-1,-1,0,0.0,0.0,0.0,True,0.29363894496719656,-1,-1,0.0,24,24,-2602.443854738485,,-2602.443854738485,2.2902401029441657e-06,AUTO_KEEP
beta,beta_E,2024-06-01,sure,0,-1,-1,0,0.0,0.0,0.0,True,0.23118733845818618,-1,-1,0.0,24,24,-3915.2859701192256,,-3915.2859701192256,1.5286833440953429e-06,AUTO_KEEP
beta,beta_E,2024-06-02,sure,0,-1,-1,0,0.0,0.0,0.0,True,0.33921979681178716,-1,-1,0.0,54,54,-1662.947982736069,,-1662.947982736069,3.567440915936352e-06,AUTO_KEEP
beta,beta_E,2024-06-03,sure,0,-1,-1,0,0.0,0.0,0.0,True,0.296475032709699,-1,-1,0.0,46,46,-269.385327930766,,-269.385327930766,2.1560682833587976e-05,AUTO_KEEP
beta,beta_E,2024-06-04,sure,0,-1,-1,0,0.0,0.0,0.0,True,0.3700564245570721,-1,-1,0.0,53,53,-205.96755388473542,,-205.96755388473542,2.809227113441745e-05,AUTO_KEEP
beta,beta_E,2024-06-05,sure,0,-1,-1,0,0.0,0.0,0.0,True,0.29374888542376976,-1,-1,0.0,49,49,-117.12926644809811,,-117.12926644809811,4.8944294005947806e-05,AUTO_KEEP
beta,beta_E,2024-06-06,sure,0,-1,-1,0,0.0,0.0,0.0,True,0.27126362866115983,-1,-1,0.0,49,49,-298.1719951530005,,-298.1719951530005,1.9505732600977258e-05,AUTO_KEEP
beta,beta_E,2024-06-07,sure,0,-1,-1,0,0.0,0.0,0.0,True,0.2926770376596437,-1,-1,0.0,57,57,-1260.7891709220175,,-1260.7891709220175,4.6915365291787135e-06,AUTO_KEEP
beta,beta_E,2024-06-08,sure,0,-1,-1,0,0.0,0.0,0.0,True,0.30120945906782737,-1,-1,0.0,55,55,-488.29732334155904,,-488.29732334155904,1.1984972020131877e-05,AUTO_KEEP
beta,beta_E,2024-06-09,sure,0,-1,-1,0,0.0,0.0,0.0,True,0.24854782537316655,-1,-1,0.0,54,54,-547.3064235374787,,-547.3064235374787,1.0707265033293566e-05,AUTO_KEEP
beta,beta_E,2024-06-10,sure,0,-1,-1,0,0.0,0.0,0.0,True,0.28994859237838355,-1,-1,0.0,51,51,-795.9828631483947,,-795.9828631483947,7.393815696793114e-06,AUTO_KEEP
beta,beta_E,2024-06-11,sure,0,-1,-1,0,0.0,0.0,0.0,True,0.2930800937390785,-1,-1,0.0,47,47,-776.5852024919839,,-776.5852024919839,7.576405049659531e-06,AUTO_KEEP
beta,beta_E,2024-06-12,sure,0,-1,-1,0,0.0,0.0,0.0,True,0.2770555077533503,-1,-1,0.0,48,51,-110.4869112710217,,-110.4869112710217,5.183041023245895e-05,AUTO_KEEP
beta,beta_E,2024-06-13,sure,0,-1,-1,0,0.0,0.0,0.0,True,0.3559336191953424,-1,-1,0.0,49,49,-415.56035545331395,,-415.56035545331395,1.4055178800841566e-05,AUTO_KEEP
beta,beta_E,2024-06-14,sure,0,-1,-1,0,0.0,0.0,0.0,True,0.23710474354904232,-1,-1,0.0,24,24,-5608.205369476239,,-5608.205369476239,1.071128247807445e-06,AUTO_KEEP
beta,beta_E,2024-06-15,sure,0,-1,-1,0,0.0,0.0,0.0,True,0.27887111687902877,-1,-1,0.0,52,52,-2924.0629994262713,,-2924.0629994262713,2.0407832346382274e-06,AUTO_KEEP
beta,beta_E,2024-06-16,sure,0,-1,-1,0,0.0,0.0,0.0,True,0.2921801490213767,-1,-1,0.0,51,52,-728.9151230121968,,-728.9151230121968,8.066135797050546e-06,AUTO_KEEP
beta,beta_E,2024-06-17,sure,0,-1,-1,0,0.0,0.0,0.0,True,0.31005657171067824,-1,-1,0.0,48,48,-1493.8202147825943,,-1493.8202147825943,3.966840610528566e-06,AUTO_KEEP
beta,beta_E,2024-06-18,sure,0,-1,-1,0,0.0,0.0,0.0,True,0.3585052841361964,-1,-1,0.0,49,51,-221.71847607752238,,-221.71847607752238,2.6124639691991058e-05,AUTO_KEEP
beta,beta_E,2024-06-19,sure,0,-1,-1,0,0.0,0.0,0.0,True,0.37005915009349977,-1,-1,0.0,50,52,-269.2670999848093,,-269.2670999848093,2.15700205634201e-05,AUTO_KEEP
beta,beta_E,2024-06-20,sure,0,-1,-1,0,0.0,0.0,0.0,True,0.38833601713303345,-1,-1,0.0,48,48,-449.8201419043791,,-449.8201419043791,1.2997283836855577e-05,AUTO_KEEP
beta,beta_E,2024-06-21,sure,0,-1,-1,0,0.0,0.0,0.0,True,0.3553049432780728,-1,-1,0.0,49,51,-302.20783210712875,,-302.20783210712875,1.9248670471596607e-05,AUTO_KEEP
beta,beta_E,2024-06-22,sure,0,-1,-1,0,0.0,0.0,0.0,False,,-1,-1,,-1,-1,,,,,UNCERTAIN
beta,beta_E,2024-06-23,sure,0,-1,-1,0,0.0,0.0,0.0,True,0.2802362445133646,-1,-1,0.0,51,51,-1864.2083335105428,,-1864.2083335105428,3.186120396656118e-06,AUTO_KEEP
beta,beta_E,2024-06-24,sure,0,-1,-1,0,0.0,0.0,0.0,True,0.3367718206901973,-1,-1,0.0,54,54,-345.77377676463067,,-345.77377676463067,1.685293017868927e-05,AUTO_KEEP
beta,beta_E,2024-06-25,sure,0,-1,-1,0,0.0,0.0,0.0,True,0.3160166389847632,-1,-1,0.0,53,53,-250.45797777299236,,-250.45797777299236,2.3166812059596177e-05,AUTO_KEEP
beta,beta_E,2024-06-26,sure,0,-1,-1,0,0.0,0.0,0.0,True,0.3274118585030745,-1,-1,0.0,52,52,-202.930692994,,-202.930692994,2.8506410904115978e-05,AUTO_KEEP
beta,beta_E,2024-06-27,sure,0,-1,-1,0,0.0,0.0,0.0,True,0.3005853160984362,-1,-1,0.0,49,52,-200.1079357981784,,-200.1079357981784,2.8902512229181467e-05,AUTO_KEEP
beta,beta_E,2024-06-28,sure,0,-1,-1,0,0.0,0.0,0.0,True,0.33524071629840435,-1,-1,0.0,52,52,-241.06235017172543,,-241.06235017172543,2.405690184592523e-05,AUTO_KEEP
beta,beta_E,2024-06-29,sure,0,-1,-1,0,0.0,0.0,0.0,True,0.2700136037486569,-1,-1,0.0,52,52,-654.7760864617572,,-654.7760864617572,8.96849588666955e-06,AUTO_KEEP
beta,beta_E,2024-06-30,sure,0,-1,-1,0,0.0,0.0,0.0,True,0.2640981943933465,-1,-1,0.0,24,26,-3325.217666306839,,-3325.217666306839,1.796951136484168e-06,AUTO_KEEP
beta,beta_E,2024-07-01,sure,0,-1,-1,0,0.0,0.0,0.0,True,0.36324875934279177,-1,-1,0.0,52,52,-608.3538486379136,,-608.3538486379136,9.644693604855735e-06,AUTO_KEEP
beta,beta_E,2024-07-02,sure,0,-1,-1,0,0.0,0.0,0.0,True,0.2654575431977211,-1,-1,0.0,24,24,-5844.433013586224,,-5844.433013586224,1.0282629725710877e-06,AUTO_KEEP
beta,beta_E,2024-07-03,sure,0,-1,-1,0,0.0,0.0,0.0,True,0.41968600000000134,-1,-1,0.0,56,57,-574.8591238413824,,-574.8591238413824,1.0199936683296012e-05,AUTO_KEEP
beta,beta_E,2024-07-04,sure,0,-1,-1,0,0.0,0.0,0.0,True,0.28877906888157945,-1,-1,0.0,48,53,-320.26270385735734,,-320.26270385735734,1.8177366502758015e-05,AUTO_KEEP
beta,beta_E,2024-07-05,sure,0,-1,-1,0,0.0,0.0,0.0,True,0.36113598277960524,-1,-1,0.0,51,51,-545.290311424988,,-545.290311424988,1.0746386871587576e-05,AUTO_KEEP
beta,beta_E,2024-07-06,sure,0,-1,-1,0,0.0,0.0,0.0,True,0.32427746640732735,-1,-1,0.0,53,53,-358.33132223355193,,-358.33132223355193,1.6269731544020482e-05,AUTO_KEEP
beta,beta_E,2024-07-07,sure,0,-1,-1,0,0.0,0.0,0.0,True,0.23215626370638276,-1,-1,0.0,51,51,-859.0476662405049,,-859.0476662405049,6.85684005711348e-06,AUTO_KEEP
beta,beta_E,2024-07-08,sure,0,-1,-1,0,0.0,0.0,0.0,True,0.383499656834978,-1,-1,0.0,54,54,-796.613365997845,,-796.613365997845,7.388029091077792e-06,AUTO_KEEP
beta,beta_E,2024-07-09,sure,0,-1,-1,0,0.0,0.0,0.0,True,0.38641673863878445,-1,-1,0.0,49,49,-571.0322548456697,,-571.0322548456697,1.0267492668366081e-05,AUTO_KEEP
beta,beta_E,2024-07-10,sure,0,-1,-1,0,0.0,0.0,0.0,True,0.3451777964102911,-1,-1,0.0,49,50,-167.58639210454012,,-167.58639210454012,3.441743726187995e-05,AUTO_KEEP
beta,beta_E,2024-07-11,sure,0,-1,-1,0,0.0,0.0,0.0,True,0.33096948466945975,-1,-1,0.0,50,50,-203.2015475990178,,-203.2015475990178,2.8468976374732955e-05,AUTO_KEEP
beta,beta_E,2024-07-12,sure,0,-1,-1,0,0.0,0.0,0.0,True,0.27579798301065406,-1,-1,0.0,52,52,-218.05854193494287,,-218.05854193494287,2.65567335954287e-05,AUTO_KEEP
beta,beta_E,2024-07-13,sure,0,-1,-1,0,0.0,0.0,0.0,True,0.33427613963120884,-1,-1,0.0,47,47,-263.4282667003934,,-263.4282667003934,2.204151222851905e-05,AUTO_KEEP
beta,beta_E,2024-07-14,sure,0,-1,-1,0,0.0,0.0,0.0,True,0.31365296658762,-1,-1,0.0,50,50,-331.659618068155,,-331.659618068155,1.7560704096665948e-05,AUTO_KEEP
beta,beta_E,2024-07-15,sure,0,-1,-1,0,0.0,0.0,0.0,True,0.3012530250592853,-1,-1,0.0,53,53,-497.78252424722507,,-497.78252424722507,1.1759303662073497e-05,AUTO_KEEP
beta,beta_E,2024-07-16,sure,0,-1,-1,0,0.0,0.0,0.0,True,0.3717170501185709,-1,-1,0.0,57,57,-2036.8792969676335,,-2036.8792969676335,2.91872607406039e-06,AUTO_KEEP
beta,beta_E,2024-07-17,sure,0,-1,-1,0,0.0,0.0,0.0,True,0.3632459529817922,-1,-1,0.0,50,50,-175.45673290348702,,-175.45673290348702,3.2897311868915275e-05,AUTO_KEEP
beta,beta_E,2024-07-18,sure,0,-1,-1,0,0.0,0.0,0.0,True,0.36001336425243835,-1,-1,0.0,51,51,-76.3469831821736,,-76.3469831821736,7.443501527905373e-05,AUTO_KEEP
beta,beta_E,2024-07-19,sure,0,-1,-1,0,0.0,0.0,0.0,True,0.12885768236719386,-1,-1,0.0,53,53,-1482.6078400959618,,-1482.6078400959618,3.996520847963781e-06,AUTO_KEEP
beta,beta_E,2024-07-20,sure,0,-1,-1,0,0.0,0.0,0.0,True,0.3494182644740267,-1,-1,0.0,52,53,-239.09409984879494,,-239.09409984879494,2.4252143512380444e-05,AUTO_KEEP
beta,beta_E,2024-07-21,sure,0,-1,-1,0,0.0,0.0,0.0,True,0.44488216555779836,-1,-1,0.0,52,52,-102.93037057428232,,-102.93037057428232,5.555990476427571e-05,AUTO_KEEP
beta,beta_E,2024-07-22,sure,0,-1,-1,0,0.0,0.0,0.0,True,0.3740893196827262,-1,-1,0.0,50,50,-65.0160491322067,,-65.0160491322067,8.707268371114775e-05,AUTO_KEEP
beta,beta_E,2024-07-23,sure,0,-1,-1,0,0.0,0.0,0.0,True,0.3509487338677886,-1,-1,0.0,51,51,-72.31477964470919,,-72.31477964470919,7.848673764088061e-05,AUTO_KEEP
beta,beta_E,2024-07-24,sure,0,-1,-1,0,0.0,0.0,0.0,True,0.41463576095932986,-1,-1,0.0,52,52,-34.73503313636229,,-34.73503313636229,0.0001598661345991062,AUTO_KEEP
beta,beta_E,2024-07-25,sure,0,-1,-1,0,0.0,0.0,0.0,True,0.2760783497442709,-1,-1,0.0,46,47,-270.0216144206393,,-270.0216144206393,2.1510567669562882e-05,AUTO_KEEP
beta,beta_E,2024-07-26,sure,0,-1,-1,0,0.0,0.0,0.0,True,0.3178008643863066,-1,-1,0.0,53,53,-42.0963032039691,,-42.0963032039691,0.00013281002504188986,AUTO_KEEP
beta,beta_E,2024-07-27,sure,0,-1,-1,0,0.0,0.0,0.0,True,0.2958290242882713,-1,-1,0.0,24,24,-3056.804686783956,,-3056.804686783956,1.9530526871615855e-06,AUTO_KEEP
beta,beta_E,2024-07-28,sure,0,-1,-1,0,0.0,0.0,0.0,True,0.3190954498094598,-1,-1,0.0,51,51,-457.425731676426,,-457.425731676426,1.2783778316404866e-05,AUTO_KEEP
beta,beta_E,2024-07-29,sure,0,-1,-1,0,0.0,0.0,0.0,True,0.4223144086668036,-1,-1,0.0,47,47,-483.3474827352979,,-483.3474827352979,1.2106228818194412e-05,AUTO_KEEP
beta,beta_E,2024-07-30,sure,0,-1,-1,0,0.0,0.0,0.0,True,0.36759257300955994,-1,-1,0.0,52,52,-265.2797548863007,,-265.2797548863007,2.1889775100212034e-05,AUTO_KEEP
beta,beta_E,2024-07-31,sure,0,-1,-1,0,0.0,0.0,0.0,True,0.2385308270830393,-1,-1,0.0,49,49,-1805.650749247826,,-1805.650749247826,3.2883466959765934e-06,AUTO_KEEP
beta,beta_E,2024-08-01,sure,0,-1,-1,0,0.0,0.0,0.0,True,0.32016309242055563,-1,-1,0.0,51,51,-888.555890152838,,-888.555890152838,6.631610434886251e-06,AUTO_KEEP
beta,beta_E,2024-08-02,sure,0,-1,-1,0,0.0,0.0,0.0,True,0.3109880166119048,-1,-1,0.0,50,53,-79.4249290280521,,-79.4249290280521,7.161428032298115e-05,AUTO_KEEP
beta,beta_E,2024-08-03,sure,0,-1,-1,0,0.0,0.0,0.0,True,0.24620560852023132,-1,-1,0.0,51,53,-328.5016690460129,,-328.5016690460129,1.7727322606873285e-05,AUTO_KEEP
beta,beta_E,2024-08-04,sure,0,-1,-1,0,0.0,0.0,0.0,False,,-1,-1,,-1,-1,,,,,UNCERTAIN
beta,beta_E,2024-08-05,sure,0,-1,-1,0,0.0,0.0,0.0,False,,-1,-1,,-1,-1,,,,,UNCERTAIN
beta,beta_E,2024-08-06,sure,0,-1,-1,0,0.0,0.0,0.0,True,0.3082929856752248,-1,-1,0.0,48,48,-64.56253448293808,,-64.56253448293808,8.766893137288069e-05,AUTO_KEEP
beta,beta_E,2024-08-07,sure,0,-1,-1,0,0.0,0.0,0.0,True,0.3826300592793377,-1,-1,0.0,52,52,-10.924729095435852,,-10.924729095435852,0.00047372751980550746,AUTO_KEEP
beta,beta_E,2024-08-08,sure,0,-1,-1,0,0.0,0.0,0.0,True,0.36376641468371496,-1,-1,0.0,53,53,-16.416792683749204,,-16.416792683749204,0.00032561799111572193,AUTO_KEEP
beta,beta_E,2024-08-09,sure,0,-1,-1,0,0.0,0.0,0.0,True,0.29827459218967256,-1,-1,0.0,52,52,-54.95588526798385,,-54.95588526798385,0.00010255700670488662,AUTO_KEEP
beta,beta_E,2024-08-10,sure,0,-1,-1,0,0.0,0.0,0.0,True,0.34163064670818777,-1,-1,0.0,51,51,-27.497496902229148,,-27.497496902229148,0.00020000906263473758,AUTO_KEEP
beta,beta_E,2024-08-11,sure,0,-1,-1,0,0.0,0.0,0.0,True,0.28299723154585443,-1,-1,0.0,60,60,-1766.4142678484156,,-1766.4142678484156,3.3606140945144676e-06,AUTO_KEEP
beta,beta_E,2024-08-12,sure,0,-1,-1,0,0.0,0.0,0.0,True,0.3797531042559541,-1,-1,0.0,51,52,-1251.3297121746498,,-1251.3297121746498,4.726620321729491e-06,AUTO_KEEP
beta,beta_E,2024-08-13,sure,0,-1,-1,0,0.0,0.0,0.0,True,0.33286884799445016,-1,-1,0.0,55,55,-328.92827284308987,,-328.92827284308987,1.770462889292595e-05,AUTO_KEEP
beta,beta_E,2024-08-14,sure,0,-1,-1,0,0.0,0.0,0.0,True,0.3748658444046882,-1,-1,0.0,24,24,-1601.4769361623958,,-1601.4769361623958,3.702901953618908e-06,AUTO_KEEP
beta,beta_E,2024-08-15,sure,0,-1,-1,0,0.0,0.0,0.0,True,0.3555734671445663,-1,-1,0.0,51,53,-48.57497065547296,,-48.57497065547296,0.00011561664608880519,AUTO_KEEP
beta,beta_E,2024-08-16,sure,0,-1,-1,0,0.0,0.0,0.0,True,0.2758310246229101,-1,-1,0.0,56,56,-190.8277001509291,,-190.8277001509291,3.028649125554549e-05,AUTO_KEEP
beta,beta_E,2024-08-17,sure,0,-1,-1,0,0.0,0.2130735,0.0,True,0.2466612809989268,51,51,3.331658559094364,53,54,-15.94900870314234,3.331658559094364,3.331658559094364,0.02299886565907564,AUTO_KEEP
beta,beta_E,2024-08-18,sure,0,-1,-1,0,0.0,0.0,0.0,True,0.33188090420207317,-1,-1,0.0,44,44,-64.88431239725897,,-64.88431239725897,8.724503984596498e-05,AUTO_KEEP
beta,beta_E,2024-08-19,sure,0,-1,-1,0,0.0,0.0,0.0,True,0.34395961720181134,-1,-1,0.0,51,51,-105.65116061119083,,-105.65116061119083,5.415649307671546e-05,AUTO_KEEP
beta,beta_E,2024-08-20,sure,0,-1,-1,0,0.0,1.9649124999999998,0.0,True,0.301731960562968,44,55,3.8704654121194753,56,56,-4.242904549809579,3.8704654121194753,3.8704654121194753,0.025756628892777647,AUTO_KEEP
beta,beta_E,2024-08-21,unsure,0,-1,-1,0,0.0,1.135413,0.0,True,0.36575554068928895,45,51,5.330218842863469,54,54,-0.1402134095517072,5.330218842863469,5.330218842863469,0.033136268649615434,AUTO_KEEP
beta,beta_E,2024-08-22,sure,0,-1,-1,0,0.0,0.254241,0.0,True,0.27003652490904884,48,48,17.1249165216642,52,52,10.18572399147668,6.939192530187521,17.1249165216642,0.08851272772803984,AUTO_KEEP
beta,beta_E,2024-08-23,unsure,0,-1,-1,0,0.0,0.192753,0.0,True,0.345241569080863,48,48,2.5561295802410795,51,52,1.095664818800929,1.4604647614401505,2.5561295802410795,0.01899577817766137,AUTO_KEEP
beta,beta_E,2024-08-24,sure,0,-1,-1,0,0.0,0.281589,0.0,True,0.323852768125521,48,48,0.0057576121922698325,50,50,-2.6292846395331915,0.0057576121922698325,0.0057576121922698325,0.005515073657134759,AUTO_KEEP
beta,beta_E,2024-08-25,sure,0,-1,-1,0,0.0,0.0,0.0,True,0.22554909948556912,-1,-1,0.0,24,24,-2759.790883837583,,-2759.790883837583,2.160971616066268e-06,AUTO_KEEP
beta,beta_E,2024-08-26,sure,1,45,56,12,2.8297295,4.1982955,2.8297295,True,0.3644867935952236,40,58,15.103447323046515,59,59,-12.495074621624157,15.103447323046515,15.103447323046515,0.07951095991236112,AUTO_KEEP
beta,beta_E,2024-08-27,sure,1,44,56,13,4.8042535,6.102469999999999,4.8042535,True,0.3122574704755188,41,58,33.77427727481275,59,59,-13.90417979756725,33.77427727481275,33.77427727481275,0.15619492220908138,AUTO_KEEP
beta,beta_E,2024-08-28,sure,1,43,56,14,3.8192485,5.273779,3.8192485,True,0.30315663354837774,40,58,24.805617421997148,39,39,-29.6271917283104,24.805617421997148,24.805617421997148,0.12109110902155136,AUTO_KEEP
beta,beta_E,2024-08-29,sure,1,46,55,10,3.229397,4.806570499999999,3.229397,True,0.35439621987368675,45,58,24.69960839167848,59,59,-14.427897707837086,24.69960839167848,24.69960839167848,0.12065802746629707,AUTO_KEEP
beta,beta_E,2024-08-30,sure,1,46,55,10,1.5871254999999997,2.787174,1.5871254999999997,True,0.2775164624823434,41,56,7.279664638746528,57,57,-21.9495397712916,7.279664638746528,7.279664638746528,0.0427936328441269,AUTO_KEEP
beta,beta_E,2024-08-31,sure,1,46,55,10,2.2036925,3.4202085,2.2036925,True,0.2813883097094534,41,57,16.706813728447262,58,58,-14.841760387086705,16.706813728447262,16.706813728447262,0.08666620515820683,AUTO_KEEP
beta,beta_E,2024-09-01,sure,1,47,55,9,1.511958,2.282741,1.511958,True,0.24157353054724062,44,56,12.03851947003341,43,43,-12.922615579237238,12.03851947003341,12.03851947003341,0.06549535988539446,AUTO_KEEP
beta,beta_E,2024-09-02,sure,1,44,55,12,3.7746614999999997,5.236601500000002,3.7746614999999997,True,0.34371002976040277,40,58,24.919624329461247,39,39,-11.606960264261463,24.919624329461247,24.919624329461247,0.12155636899110914,AUTO_KEEP
beta,beta_E,2024-09-03,sure,1,42,59,18,6.143551999999999,6.645649999999999,5.962605499999999,True,0.3870159221390175,39,58,26.206071930140308,59,59,-5.99886154110564,26.206071930140308,26.206071930140308,0.12677102921725125,AUTO_KEEP
beta,beta_E,2024-09-04,sure,1,45,56,12,3.335648,4.8665720000000015,3.335648,True,0.27215940415710804,40,59,29.598556723995785,60,60,-31.958239930825627,29.598556723995785,29.598556723995785,0.14021920622098502,AUTO_KEEP
beta,beta_E,2024-09-05,sure,1,44,57,14,4.0321215,4.9121425,4.0321215,True,0.2852484860103228,41,57,29.40278514622158,58,58,-5.110919606927662,29.40278514622158,29.40278514622158,0.13945483231441097,AUTO_KEEP
beta,beta_E,2024-09-06,sure,1,40,53,14,3.551898499999999,4.954974,3.551898499999999,True,0.36899911363907023,39,57,12.727567501705197,58,58,-28.476865413761853,12.727567501705197,12.727567501705197,0.06868600083147006,AUTO_KEEP
beta,beta_E,2024-09-07,unsure,0,-1,-1,0,0.0,5.804745,0.0,True,0.225039607456349,39,56,11.669692884117431,57,57,-208.76485008161296,11.669692884117431,11.669692884117431,0.06377781864529869,AUTO_KEEP
beta,beta_E,2024-09-08,unsure,0,-1,-1,0,0.0,0.0,0.0,True,0.232216763956691,-1,-1,0.0,24,24,-2594.3530169776477,,-2594.3530169776477,2.2973086880801994e-06,AUTO_KEEP
beta,beta_E,2024-09-09,unsure,1,50,58,9,2.3204394999999995,0.88337,0.88337,True,0.3099477281369154,51,53,29.90470932375041,55,55,13.00440466258949,16.90030466116092,29.90470932375041,0.14141173833078985,AUTO_KEEP
beta,beta_E,2024-09-10,unsure,1,43,55,13,2.6256835,3.5833755,2.6256835,True,0.3218307685379287,41,58,20.89842006376693,39,39,-0.5419648748707971,20.89842006376693,20.89842006376693,0.10482902654428962,AUTO_KEEP
beta,beta_E,2024-09-11,sure,1,45,52,8,2.7567304999999998,4.3546785,2.7567304999999998,True,0.3530750859606613,40,54,11.440468105445351,57,57,-2.67212552440376,11.440468105445351,11.440468105445351,0.06270693579062993,AUTO_KEEP
beta,beta_E,2024-09-12,sure,0,-1,-1,0,0.0,0.0,0.0,True,0.2541534122451452,-1,-1,0.0,48,48,-0.7002420420561652,,-0.7002420420561652,0.003249758660554046,AUTO_KEEP
beta,beta_E,2024-09-13,sure,0,-1,-1,0,0.0,0.0,0.0,True,0.28221092859819663,-1,-1,0.0,58,58,-18.721129421237933,,-18.721129421237933,0.00028793700462315623,AUTO_KEEP
beta,beta_E,2024-09-14,unsure,1,47,55,9,1.6252515,2.9304419999999998,1.6252515,True,0.25749537602476025,43,57,20.548550997137713,42,42,-11.305877792729229,20.548550997137713,20.548550997137713,0.1033420712266512,AUTO_KEEP
beta,beta_E,2024-09-15,sure,0,-1,-1,0,0.0,0.0,0.0,True,0.33027324040086725,-1,-1,0.0,49,49,-42.907830860038416,,-42.907830860038416,0.00013037984834201916,AUTO_KEEP
beta,beta_E,2024-09-16,sure,1,43,56,14,4.550455500000001,5.304168500000001,4.550455500000001,True,0.4052540324696965,41,58,14.342215650968654,40,40,-6.105539855513591,14.342215650968654,14.342215650968654,0.07607198557015052,AUTO_KEEP
beta,beta_E,2024-09-17,sure,1,42,57,16,5.40334,6.211324499999999,5.40334,True,0.34322373485306557,39,59,23.42002959680928,60,60,-23.90893941362065,23.42002959680928,23.42002959680928,0.11539522026003786,AUTO_KEEP
beta,beta_E,2024-09-18,sure,1,42,59,18,7.690305,8.434548000000001,7.690305,True,0.3588378197878388,39,60,35.97410467672244,38,38,-10.080709902506845,35.97410467672244,35.97410467672244,0.16436716608440202,AUTO_KEEP
beta,beta_E,2024-09-19,sure,1,42,57,16,6.861732,8.043679999999998,6.861732,True,0.3235609358770013,38,59,41.7689466996333,37,37,-10.178872108134382,41.7689466996333,41.7689466996333,0.18513471136935603,AUTO_KEEP
beta,beta_E,2024-09-20,sure,1,42,59,18,7.3398495,8.2572215,7.3398495,True,0.30179263560606095,37,59,52.400964352929336,60,60,-13.502546664865454,52.400964352929336,52.400964352929336,0.22060759788950726,AUTO_KEEP
beta,beta_E,2024-09-21,sure,1,44,57,14,3.441631,5.2034815000000005,3.441631,True,0.34873947729766996,38,58,15.219385295626477,59,59,-7.867896459711017,15.219385295626477,15.219385295626477,0.08003233832394892,AUTO_KEEP
beta,beta_E,2024-09-22,sure,1,43,56,14,3.1780344999999994,5.2253955,3.1780344999999994,True,0.23459806313831066,37,58,23.93710849872288,59,59,-51.220830791389915,23.93710849872288,23.93710849872288,0.11752981413669787,AUTO_KEEP
beta,beta_E,2024-09-23,sure,1,40,55,16,5.0692255,6.1106574999999985,5.0692255,True,0.3801300935338885,38,58,20.57019490131501,37,37,-11.785792675497122,20.57019490131501,20.57019490131501,0.10343420881312457,AUTO_KEEP
beta,beta_E,2024-09-24,unsure,0,-1,-1,0,0.0,1.072065,0.0,True,0.3038557814107383,45,48,20.82950643649303,39,43,4.853134912195972,15.976371524297058,20.82950643649303,0.10453655024077513,AUTO_KEEP
beta,beta_E,2024-09-25,sure,0,-1,-1,0,0.0,0.0,0.0,True,0.3075528518921615,-1,-1,0.0,59,59,-17.133143619698885,,-17.133143619698885,0.0003128837295289391,AUTO_KEEP
beta,beta_E,2024-09-26,sure,0,-1,-1,0,0.0,0.0,0.0,True,0.21897867223689715,-1,-1,0.0,24,24,-3833.9289340263385,,-3833.9289340263385,1.5607882449661722e-06,AUTO_KEEP
beta,beta_E,2024-09-27,sure,0,-1,-1,0,0.0,0.2009235,0.0,True,0.2740527625420972,53,53,23.98250170278779,49,49,-11.472571084582688,23.98250170278779,23.98250170278779,0.11771669252146504,AUTO_KEEP
beta,beta_E,2024-09-28,sure,0,-1,-1,0,0.0,1.630843,0.0,True,0.2855209328705044,46,47,17.285907772670594,54,56,9.684863268790709,7.601044503879885,17.285907772670594,0.08922163220926399,AUTO_KEEP
beta,beta_E,2024-09-29,sure,0,-1,-1,0,0.0,0.0,0.0,True,0.4451706847972563,-1,-1,0.0,47,47,-5.719641973993379,,-5.719641973993379,0.0008355992062232429,AUTO_KEEP
beta,beta_E,2024-09-30,sure,0,-1,-1,0,0.0,0.6340684999999999,0.0,True,0.2759447789513949,53,55,20.000624429023098,52,52,-52.9730937087195,20.000624429023098,20.000624429023098,0.10100292582814197,AUTO_KEEP
beta,beta_F,2023-10-01,sure,1,39,59,21,6.289676,6.3979005,6.259861000000001,True,0.028333661752312223,40,60,1513.2435023400387,39,39,-67.1271782643357,1513.2435023400387,1513.2435023400387,0.8526008127260452,AUTO_CORRECT
beta,beta_F,2023-10-02,sure,1,39,64,26,10.658316,10.629173999999999,10.629173999999999,True,0.038711383415923395,39,63,2107.7766361114527,64,64,-28.69265129785826,2107.7766361114527,2107.7766361114527,0.8818774696951411,AUTO_CORRECT
beta,beta_F,2023-10-03,sure,1,37,62,26,11.4087805,11.3345075,11.3345075,True,0.05328323549233693,37,61,1138.4321388617411,62,62,-59.637412549640885,1138.4321388617411,1138.4321388617411,0.8228864879465144,AUTO_CORRECT
beta,beta_F,2023-10-04,unsure,1,37,52,16,3.2843834999999997,3.877917,3.2843834999999997,True,0.05245796075127718,36,55,485.74913191208776,57,57,-218.50882766730183,485.74913191208776,485.74913191208776,0.7069648891394171,AUTO_CORRECT
beta,beta_F,2023-10-05,sure,1,37,66,30,18.191566999999996,16.159177500000002,16.159177500000002,True,0.04645460977843219,37,59,2445.094314291047,62,65,71.94564967207968,2373.1486646189674,2445.094314291047,0.8932771000753892,AUTO_CORRECT
beta,beta_F,2023-10-06,sure,1,37,60,24,10.9260625,8.9232825,8.9232825,True,0.047601404856445706,38,53,1826.8798787234414,37,37,-30.242396340866506,1826.8798787234414,1826.8798787234414,0.8699126474755811,AUTO_CORRECT
beta,beta_F,2023-10-07,sure,0,-1,-1,0,0.0,0.0861135,0.0,True,0.03752656545928468,52,52,200.42419538456932,45,45,-11.747038632008191,200.42419538456932,200.42419538456932,0.550043960121448,UNCERTAIN
beta,beta_F,2023-10-08,sure,1,48,66,19,6.9720675000000005,6.773174,6.69036,True,0.053842108075118134,47,63,597.7996827808785,38,45,78.7075440607118,519.0921387201666,597.7996827808785,0.7389116589082844,AUTO_CORRECT
beta,beta_F,2023-10-09,sure,1,38,67,30,18.993105500000002,18.993105500000002,18.993105500000002,True,0.042862964458252995,38,67,3604.8206478613833,37,37,-23.9342360213301,3604.8206478613833,3604.8206478613833,0.9186137263036339,AUTO_CORRECT
beta,beta_F,2023-10-10,sure,1,38,64,27,8.689570999999999,8.626107999999999,8.626107999999999,True,0.02886495951172119,38,63,2253.8702283806297,65,65,-123.85961043965816,2253.8702283806297,2253.8702283806297,0.8871487607602254,AUTO_CORRECT
beta,beta_F,2023-10-11,sure,1,40,66,27,11.0811765,11.034864500000001,11.034864500000001,True,0.0348974741046848,41,66,2372.2820244623554,39,39,-79.9766564023559,2372.2820244623554,2372.2820244623554,0.8910369917546681,AUTO_CORRECT
beta,beta_F,2023-10-12,sure,1,36,65,30,17.205979000000003,17.085372500000002,17.085372500000002,True,0.04389090556083808,37,64,2708.8087061025612,36,36,-50.71004214919339,2708.8087061025612,2708.8087061025612,0.9005677718028744,AUTO_CORRECT
beta,beta_F,2023-10-13,sure,1,36,67,32,21.041597,20.948216,20.948216,True,0.051502955462893185,37,66,2849.8729758648988,36,36,-21.037142595006305,2849.8729758648988,2849.8729758648988,0.9040146414042345,AUTO_CORRECT
beta,beta_F,2023-10-14,sure,1,37,66,30,16.9816645,16.863872,16.863872,True,0.04900058006800423,38,65,2297.3313358821447,37,37,-44.523618303495184,2297.3313358821447,2297.3313358821447,0.8886130568170801,AUTO_CORRECT
beta,beta_F,2023-10-15,sure,1,38,65,28,14.791442499999999,14.946717,14.7440115,True,0.040205425689237684,36,64,2914.0671779138906,65,65,-60.448126462604534,2914.0671779138906,2914.0671779138906,0.9054931247944873,AUTO_CORRECT
beta,beta_F,2023-10-16,sure,1,36,59,24,11.3763185,11.122151000000002,11.122151000000002,True,0.03426107866399408,36,56,3554.8549672779855,58,62,97.34235337995337,3457.512613898032,3554.8549672779855,0.9178062939639778,AUTO_CORRECT
beta,beta_F,2023-10-17,sure,1,36,53,18,8.838405999999999,13.708835000000004,8.738539999999999,True,0.045313836357691706,37,67,1245.4843041984761,36,36,-192.64032998794943,1245.4843041984761,1245.4843041984761,0.8327461432501623,AUTO_CORRECT
beta,beta_F,2023-10-18,sure,1,43,66,24,6.1145205,6.846178,6.1145205,True,0.050488116484214585,43,69,364.59738029118284,40,41,50.884109926603756,313.7132703645791,364.59738029118284,0.6592960633065434,UNCERTAIN
beta,beta_F,2023-10-19,sure,1,49,68,20,8.003155000000001,7.887659,7.887659,True,0.04805034897936955,50,67,1256.1916946173046,47,48,5.819655645320926,1250.3720389719838,1256.1916946173046,0.8336620410689828,AUTO_CORRECT
beta,beta_F,2023-10-20,sure,1,36,65,30,18.416688,18.416688,18.416688,True,0.05074025197967402,36,65,2333.8445835744938,66,66,-74.00680758179453,2333.8445835744938,2333.8445835744938,0.8898094680102331,AUTO_CORRECT
beta,beta_F,2023-10-21,sure,1,37,60,24,10.2670755,10.210452499999999,10.210452499999999,True,0.04148622440045502,38,60,1382.8637302123104,37,37,-63.5325083338597,1382.8637302123104,1382.8637302123104,0.8436675575054466,AUTO_CORRECT
beta,beta_F,2023-10-22,sure,1,38,60,23,7.0476659999999995,6.537554,6.537554,True,0.03034066228727239,38,56,2052.538090490742,58,58,-0.08121698526151404,2052.538090490742,2052.538090490742,0.879730298021446,AUTO_CORRECT
beta,beta_F,2023-10-23,sure,1,36,65,30,17.320222499999996,17.262740999999995,17.262740999999995,True,0.05187032068975905,36,64,2120.326722784518,65,65,-39.28205102784556,2120.326722784518,2120.326722784518,0.882352895409262,AUTO_CORRECT
beta,beta_F,2023-10-24,sure,1,35,63,29,16.748397,17.1417355,16.748397,True,0.04117602504550133,35,65,2881.3402362284523,34,34,-330.0920591897868,2881.3402362284523,2881.3402362284523,0.904746057560101,AUTO_CORRECT
beta,beta_F,2023-10-25,sure,1,37,63,27,13.727044500000002,13.8367725,13.727044500000002,True,0.05067022497045626,36,63,2024.7075427499237,64,64,-83.00062941445991,2024.7075427499237,2024.7075427499237,0.8786134586459818,AUTO_CORRECT
beta,beta_F,2023-10-26,sure,0,-1,-1,0,0.0,0.0,0.0,True,0.033226549148806184,-1,-1,0.0,47,47,-2689.526562492729,,-2689.526562492729,4.668697822233779e-05,AUTO_KEEP
beta,beta_F,2023-10-27,unsure,0,-1,-1,0,0.0,1.090101,0.0,True,0.04260958071196708,47,48,671.4140971224764,55,62,467.0455487910883,204.36854833138807,671.4140971224764,0.7557755895905408,AUTO_CORRECT
beta,beta_F,2023-10-28,unsure,0,-1,-1,0,0.0,7.151278,0.0,True,0.04510828245326293,37,64,402.9524523281656,66,66,-310.0967998900283,402.9524523281656,402.9524523281656,0.6763454952795778,UNCERTAIN
beta,beta_F,2023-10-29,sure,1,37,66,30,15.9579185,15.884896000000001,15.884896000000001,True,0.04136810740636698,38,65,3259.8577694822498,37,37,-16.828808250361632,3259.8577694822498,3259.8577694822498,0.9126299730291948,AUTO_CORRECT
beta,beta_F,2023-10-30,sure,1,35,65,31,19.1237945,19.074274999999997,19.074274999999997,True,0.027270624943694033,36,65,8722.597919093849,35,35,-134.68280448197493,8722.597919093849,8722.597919093849,0.9570731700887127,AUTO_CORRECT
beta,beta_F,2023-10-31,sure,1,42,65,24,14.819193,15.229852999999999,14.819193,True,0.044953403989111296,39,66,3203.74587283301,67,67,-275.5931782569307,3203.74587283301,3203.74587283301,0.9115576793470099,AUTO_CORRECT
beta,beta_F,2023-11-01,sure,1,38,60,23,5.219312,3.4919024999999992,3.4919024999999992,True,0.021501096392587238,47,59,3478.259698889863,39,45,1559.9260379401849,1918.3336609496782,3478.259698889863,0.9165316601560356,AUTO_CORRECT
beta,beta_F,2023-11-02,sure,1,36,67,32,10.444968500000002,9.150174999999999,9.150174999999999,True,0.027696989785819248,44,66,1982.3928148080388,41,42,134.84918300769496,1847.5436318003437,1982.3928148080388,0.876868017210661,AUTO_CORRECT
beta,beta_F,2023-11-03,sure,1,39,65,27,9.711282500000001,9.6414015,9.413751,True,0.0414735545167102,43,66,1742.0064619874695,38,38,68.68117605689584,1673.3252859305737,1742.0064619874695,0.8657105374459005,AUTO_CORRECT
beta,beta_F,2023-11-04,unsure,0,-1,-1,0,0.0,3.5863375000000004,0.0,True,0.04713204551653294,45,63,511.5050241945023,65,66,15.057012763436731,496.4480114310656,511.5050241945023,0.7151270352474806,AUTO_CORRECT
beta,beta_F,2023-11-05,sure,0,-1,-1,0,0.0,0.0,0.0,True,0.05250701849810224,-1,-1,0.0,30,30,-1520.5051657705774,,-1520.5051657705774,7.243236889228778e-05,AUTO_KEEP
beta,beta_F,2023-11-06,sure,0,-1,-1,0,0.0,1.0522845,0.0,True,0.049976633553614924,51,56,194.56281939296207,37,42,30.872199958235697,163.6906194347264,194.56281939296207,0.5444062677206092,UNCERTAIN
beta,beta_F,2023-11-07,sure,1,35,65,31,12.976374999999999,12.596062499999999,12.596062499999999,True,0.04560529070281971,39,65,1895.9603012889215,35,35,-43.14484453815726,1895.9603012889215,1895.9603012889215,0.8731131184935366,AUTO_CORRECT
beta,beta_F,2023-11-08,sure,1,35,62,28,15.483488999999999,17.400534,15.4404495,True,0.03886895033164084,36,65,2789.715372871372,35,35,-54.51265975541127,2789.715372871372,2789.715372871372,0.9025792441233301,AUTO_CORRECT
beta,beta_F,2023-11-09,sure,1,43,58,16,8.922716999999999,11.0480575,8.922716999999999,True,0.03302128804677129,41,61,3802.8448445980107,38,39,-145.1776234464347,3802.8448445980107,3802.8448445980107,0.9216408115262376,AUTO_CORRECT
beta,beta_F,2023-11-10,sure,1,36,66,31,13.005103000000002,12.961899500000001,12.961899500000001,True,0.044038635682450256,36,65,1939.4618931187463,66,66,-39.24547225419513,1939.4618931187463,1939.4618931187463,0.8750359525145291,AUTO_CORRECT
beta,beta_F,2023-11-11,sure,1,36,59,24,9.336224,9.2745915,9.2745915,True,0.05563953188759507,36,58,1092.4428187865321,59,59,-36.63166473524778,1092.4428187865321,1092.4428187865321,0.818212516019294,AUTO_CORRECT
beta,beta_F,2023-11-12,unsure,0,-1,-1,0,0.0,0.0,0.0,True,0.038705671426844335,-1,-1,0.0,39,39,-10.442647712354683,,-10.442647712354683,0.003125740088278342,AUTO_KEEP
beta,beta_F,2023-11-13,sure,0,-1,-1,0,0.0,0.9599675,0.0,True,0.0357002363148069,59,62,716.0840459933182,41,57,438.23302945548744,277.8510165378308,716.0840459933182,0.7648065508571601,AUTO_CORRECT
beta,beta_F,2023-11-14,sure,1,34,64,31,16.535510000000002,16.401697000000002,16.401697000000002,True,0.04370074316319217,35,63,3328.3734229616393,64,64,-76.88361752680093,3328.3734229616393,3328.3734229616393,0.9138990678886596,AUTO_CORRECT
beta,beta_F,2023-11-15,unsure,1,35,65,31,9.867216500000001,7.549039,7.549039,True,0.03403202814522599,36,57,2237.104006231666,35,35,-78.41372166664536,2237.104006231666,2237.104006231666,0.8865717607359648,AUTO_CORRECT
beta,beta_F,2023-11-16,sure,1,37,60,24,10.9986605,10.740505000000002,10.740505000000002,True,0.03350078006921664,38,59,4566.142979604113,37,37,-263.69339455821074,4566.142979604113,4566.142979604113,0.931231237416279,AUTO_CORRECT
beta,beta_F,2023-11-17,sure,1,51,67,17,5.1979869999999995,6.5901605000000005,5.065947499999999,True,0.05057394178285679,44,65,545.1959710884975,67,67,-3.961578099627449,545.1959710884975,545.1959710884975,0.7250143562413579,AUTO_CORRECT
beta,beta_F,2023-11-18,sure,1,40,67,28,11.57908,11.4060285,11.4060285,True,0.053259990672999136,42,67,1221.8266456466183,40,40,9.121937597703324,1212.7047080489149,1221.8266456466183,0.8306796597335966,AUTO_CORRECT
beta,beta_F,2023-11-19,sure,1,35,63,29,15.637226499999999,15.602237999999998,15.602237999999998,True,0.03935971939817806,36,63,3162.7601926812354,35,35,-40.12636834927913,3162.7601926812354,3162.7601926812354,0.9107548549900725,AUTO_CORRECT
beta,beta_F,2023-11-20,sure,0,-1,-1,0,0.0,1.1941305,0.0,True,0.029474454012159867,54,57,397.48084154140673,48,48,-111.98787371914717,397.48084154140673,397.48084154140673,0.674041042881845,UNCERTAIN
beta,beta_F,2023-11-21,sure,0,-1,-1,0,0.0,3.3026385,0.0,True,0.0333898200581757,54,65,1388.0715061196615,40,44,531.8116654920528,856.2598406276087,1388.0715061196615,0.8440488905899256,AUTO_CORRECT
beta,beta_F,2023-11-22,sure,0,-1,-1,0,0.0,0.8840585000000001,0.0,True,0.02960358393345386,59,64,288.46352375692527,53,54,51.23849445734164,237.22502929958364,288.46352375692527,0.6178055638045052,UNCERTAIN
beta,beta_F,2023-11-23,sure,0,-1,-1,0,0.0,3.1596195000000007,0.0,True,0.03944987111376386,47,58,222.8482800775184,60,60,97.82991655033116,125.01836352718725,222.8482800775184,0.5700803071512852,UNCERTAIN
beta,beta_F,2023-11-24,sure,0,-1,-1,0,0.0,0.0,0.0,False,,-1,-1,,-1,-1,,,,,UNCERTAIN
beta,beta_F,2023-11-25,sure,0,-1,-1,0,0.0,0.0,0.0,True,0.042723872472667956,-1,-1,0.0,51,51,-138.32386458528046,,-138.32386458528046,0.000456810828100869,AUTO_KEEP
beta,beta_F,2023-11-26,sure,1,37,61,25,8.736921500000001,7.2099535,7.2099535,True,0.03641713775890776,37,55,2292.260851470221,60,63,50.934891308581115,2241.32596016164,2292.260851470221,0.8884445088626928,AUTO_CORRECT
beta,beta_F,2023-11-27,sure,1,37,54,18,7.441797000000001,7.192476,7.192476,True,0.04350848989067213,40,53,1802.6721096169356,55,58,1375.805429051784,426.8666805651517,1802.6721096169356,0.8687457512570744,AUTO_CORRECT
beta,beta_F,2023-11-28,sure,0,-1,-1,0,0.0,0.0,0.0,True,0.03940392313662455,-1,-1,0.0,60,60,-39.463579634137375,,-39.463579634137375,0.001183448898068372,AUTO_KEEP
beta,beta_F,2023-11-29,unsure,1,37,59,23,7.134394,14.623223000000001,7.134394,True,0.049507103758719806,34,66,1865.087998381757,68,68,-51.0149600240875,1865.087998381757,1865.087998381757,0.8717058502376401,AUTO_CORRECT
beta,beta_F,2023-11-30,unsure,1,36,66,31,8.7001135,0.9826110000000001,0.9826110000000001,True,0.055402783856449256,48,49,486.9049019806878,35,40,143.19440418776375,343.710497792924,486.9049019806878,0.7073433119640694,AUTO_CORRECT
beta,beta_F,2023-12-01,unsure,1,36,59,24,7.2521700000000004,3.8807370000000008,3.8807370000000008,True,0.05406802124084398,36,47,524.4858468582923,49,61,190.0752901937855,334.4105566645069,524.4858468582923,0.7190368709059186,AUTO_CORRECT
beta,beta_F,2023-12-02,sure,0,-1,-1,0,0.0,0.0,0.0,True,0.04012373405484615,-1,-1,0.0,44,46,-21.819926917399115,,-21.819926917399115,0.0018387663602895464,AUTO_KEEP
beta,beta_F,2023-12-03,unsure,1,36,65,30,9.809323500000001,5.1706205,5.1706205,True,0.03491464273673106,37,50,2376.6167098928768,57,65,884.6666224697483,1491.9500874231285,2376.6167098928768,0.8911734252380596,AUTO_CORRECT
beta,beta_F,2023-12-04,sure,1,50,67,18,5.3025575,5.1577635,5.1577635,True,0.03609090256513259,52,66,1137.2556007141868,37,39,101.97549183685999,1035.2801088773267,1137.2556007141868,0.8227704451724331,AUTO_CORRECT
beta,beta_F,2023-12-05,sure,1,36,60,25,13.242836000000002,13.400123000000002,13.242836000000002,True,0.041498717075875824,35,61,2099.9207075869094,34,34,-85.2609998641686,2099.9207075869094,2099.9207075869094,0.8815775755168299,AUTO_CORRECT
beta,beta_F,2023-12-06,sure,1,36,64,29,8.7579435,8.196173,8.196173,True,0.03277325894556782,37,62,2119.5917565467175,35,35,-233.8939811246072,2119.5917565467175,2119.5917565467175,0.8823251765109574,AUTO_CORRECT
beta,beta_F,2023-12-07,sure,1,36,55,20,7.755242,13.3992585,7.755242,True,0.043302864711618705,36,62,1452.3812183470457,35,35,-117.9879656051151,1452.3812183470457,1452.3812183470457,0.8485840619372648,AUTO_CORRECT
beta,beta_F,2023-12-08,unsure,0,-1,-1,0,0.0,0.0,0.0,True,0.06233711920746465,-1,-1,0.0,40,42,-65.15748899684938,,-65.15748899684938,0.000810584663736369,AUTO_KEEP
beta,beta_F,2023-12-09,sure,0,-1,-1,0,0.0,0.0,0.0,True,0.053176438458959474,-1,-1,0.0,32,32,-3085.6254906968916,,-3085.6254906968916,4.199910314345305e-05,AUTO_KEEP
beta,beta_F,2023-12-10,unsure,0,-1,-1,0,0.0,0.0,0.0,True,0.04388198842104796,-1,-1,0.0,54,54,-108.63552396802012,,-108.63552396802012,0.0005493958943122077,AUTO_KEEP
beta,beta_F,2023-12-11,sure,1,38,54,17,4.542932999999999,4.0773415,4.0773415,True,0.02993904143340065,39,52,1246.1777461357208,38,38,-275.6485927442514,1246.1777461357208,1246.1777461357208,0.8328058196144396,AUTO_CORRECT
beta,beta_F,2023-12-12,sure,1,42,59,18,5.444183000000001,6.985303499999999,5.444183000000001,True,0.03499236074363932,36,60,654.3431549686878,61,61,-931.1081369893166,654.3431549686878,654.3431549686878,0.7520998907040898,AUTO_CORRECT
beta,beta_F,2023-12-13,sure,1,38,59,22,5.581597,1.3307930000000001,1.3307930000000001,True,0.03546055690202321,39,44,648.0867423946302,46,54,337.19848192070225,310.8882604739279,648.0867423946302,0.7507192801088449,AUTO_CORRECT
beta,beta_F,2023-12-14,sure,0,-1,-1,0,0.0,0.0,0.0,True,0.04677060672703748,-1,-1,0.0,38,50,-440.5291533314063,,-440.5291533314063,0.00018788121353840867,AUTO_KEEP
beta,beta_F,2023-12-15,unsure,0,-1,-1,0,0.0,2.416049,0.0,True,0.05453484669218511,54,60,251.39814586119223,51,52,-80.34309435794596,251.39814586119223,251.39814586119223,0.5925867270071479,UNCERTAIN
beta,beta_F,2023-12-16,unsure,0,-1,-1,0,0.0,0.0,0.0,True,0.0408252752680931,-1,-1,0.0,41,41,-65.26485941041936,,-65.26485941041936,0.0008095733130187927,AUTO_KEEP
beta,beta_F,2023-12-17,unsure,0,-1,-1,0,0.0,1.1091229999999999,0.0,True,0.04085272109372262,48,54,122.90855184300129,55,55,-315.94259582246667,122.90855184300129,122.90855184300129,0.4567299348252434,UNCERTAIN
beta,beta_F,2023-12-18,unsure,0,-1,-1,0,0.0,0.8136755,0.0,True,0.04289368407691008,46,49,107.50565043711842,51,51,-120.59895546497211,107.50565043711842,107.50565043711842,0.43148578632071966,UNCERTAIN
beta,beta_F,2023-12-19,sure,0,-1,-1,0,0.0,0.0,0.0,True,0.04697245003893569,-1,-1,0.0,62,62,-464.77192473437594,,-464.77192473437594,0.00018030190149002925,AUTO_KEEP
beta,beta_F,2023-12-20,sure,0,-1,-1,0,0.0,0.0,0.0,True,0.022618007770229376,-1,-1,0.0,57,61,-13173.756013433685,,-13173.756013433685,1.3728959105024487e-05,AUTO_KEEP
beta,beta_F,2023-12-21,sure,0,-1,-1,0,0.0,1.1429464999999999,0.0,True,0.038249951944254734,59,63,46.35499497947991,37,41,-301.89380313636184,46.35499497947991,46.35499497947991,0.2860519235903958,AUTO_KEEP
beta,beta_F,2023-12-22,sure,1,38,64,27,11.147763500000002,12.427784500000001,11.147763500000002,True,0.02789329161468257,36,69,4563.141516152678,35,35,-816.0268552339847,4563.141516152678,4563.141516152678,0.9311987924141994,AUTO_CORRECT
beta,beta_F,2023-12-23,sure,1,36,65,30,7.584909,6.931265,6.931265,True,0.03939205340584628,41,64,789.5887384787645,36,39,102.05488586280698,687.5338526159576,789.5887384787645,0.7780612413180138,AUTO_CORRECT
beta,beta_F,2023-12-24,unsure,0,-1,-1,0,0.0,2.6416345,0.0,True,0.042299431720020486,53,59,1772.4346687076643,61,65,53.305594334104256,1719.1290743735601,1772.4346687076643,0.8672532403940044,AUTO_CORRECT
beta,beta_F,2023-12-25,unsure,0,-1,-1,0,0.0,3.670371,0.0,True,0.0345965692659469,40,52,1425.5626407450477,57,62,-55.95238873565074,1425.5626407450477,1425.5626407450477,0.846730939186598,AUTO_CORRECT
beta,beta_F,2023-12-26,sure,0,-1,-1,0,0.0,5.706322,0.0,True,0.04079398282050639,35,54,1374.2350072165334,61,64,420.9120566572594,953.322950559274,1374.2350072165334,0.8430308745745528,AUTO_CORRECT
beta,beta_F,2023-12-27,unsure,1,37,60,24,6.092543,5.431713,5.431713,True,0.04877583186272094,37,56,920.0656439924412,58,62,146.16852107794088,773.8971229145003,920.0656439924412,0.7977192844798935,AUTO_CORRECT
beta,beta_F,2023-12-28,unsure,0,-1,-1,0,0.0,4.194457,0.0,True,0.04425154713399149,36,51,726.409144276196,53,54,7.59336926323203,718.815775012964,726.409144276196,0.7667821398176273,AUTO_CORRECT
beta,beta_F,2023-12-29,unsure,0,-1,-1,0,0.0,8.799857500000002,0.0,True,0.038631923966356174,39,56,618.0960803790725,36,36,-41.84532424742396,618.0960803790725,618.0960803790725,0.7438360394422205,AUTO_CORRECT
beta,beta_F,2023-12-30,unsure,0,-1,-1,0,0.0,3.1735395000000004,0.0,True,0.0369586089042635,38,50,543.4955571878702,37,37,-101.7856761205613,543.4955571878702,543.4955571878702,0.7245351225856389,AUTO_CORRECT
beta,beta_F,2023-12-31,sure,0,-1,-1,0,0.0,0.0,0.0,True,0.038989201783665495,-1,-1,0.0,60,65,-3029.9994082872586,,-3029.9994082872586,4.259172601294132e-05,AUTO_KEEP
beta,beta_F,2024-01-01,sure,0,-1,-1,0,0.0,1.3762064999999999,0.0,True,0.040360823663594836,55,57,8.013309123529424,59,62,-437.4608810697194,8.013309123529424,8.013309123529424,0.1003922024246706,AUTO_KEEP
beta,beta_F,2024-01-02,unsure,0,-1,-1,0,0.0,2.0541175000000003,0.0,True,0.05176429162226848,45,54,224.2506750338636,59,60,186.69581028164288,37.55486475222071,224.2506750338636,0.5712592935918821,UNCERTAIN
beta,beta_F,2024-01-03,sure,1,37,58,22,7.453118,7.453118,7.453118,True,0.03277430815363935,37,58,1318.1936414342765,36,36,-58.60536428669809,1318.1936414342765,1318.1936414342765,0.8387421338301968,AUTO_CORRECT
beta,beta_F,2024-01-04,sure,0,-1,-1,0,0.0,1.9775740000000002,0.0,True,0.037806258851525776,39,49,306.6520085361551,36,37,-87.49890593914729,306.6520085361551,306.6520085361551,0.6288294998239831,UNCERTAIN
beta,beta_F,2024-01-05,unsure,0,-1,-1,0,0.0,2.7770755,0.0,True,0.036487199209783494,50,58,575.6869321608862,48,48,51.799050049023776,523.8878821118624,575.6869321608862,0.7332798578433044,AUTO_CORRECT
beta,beta_F,2024-01-06,unsure,0,-1,-1,0,0.0,3.5122159999999996,0.0,True,0.03853497038308529,41,58,582.5675068709327,38,39,134.86741999992074,447.70008687101193,582.5675068709327,0.735063374833014,AUTO_CORRECT
beta,beta_F,2024-01-07,sure,1,38,63,26,7.746340999999999,7.744365,6.9028670000000005,True,0.026378799988899138,33,59,2662.642623751393,61,61,-633.4366974349208,2662.642623751393,2662.642623751393,0.8993758988297308,AUTO_CORRECT
beta,beta_F,2024-01-08,sure,0,-1,-1,0,0.0,0.0,0.0,True,0.03989907086257194,-1,-1,0.0,48,53,-400.1443859214162,,-400.1443859214162,0.000202290331507429,AUTO_KEEP
beta,beta_F,2024-01-09,unsure,0,-1,-1,0,0.0,2.464849,0.0,True,0.03693960717522504,57,64,1384.506291479967,36,42,166.29582932918447,1218.2104621507826,1384.506291479967,0.8437880687785608,AUTO_CORRECT
beta,beta_F,2024-01-10,sure,0,-1,-1,0,0.0,0.8770855,0.0,True,0.052535695045687225,50,54,165.93147086130554,49,49,-96.34675513059997,165.93147086130554,165.93147086130554,0.5140276638733136,UNCERTAIN
beta,beta_F,2024-01-11,sure,0,-1,-1,0,0.0,2.6238465000000004,0.0,True,0.04601333706455546,45,55,135.06637881439198,57,64,-290.3312550458029,135.06637881439198,135.06637881439198,0.4746726528572335,UNCERTAIN
beta,beta_F,2024-01-12,sure,0,-1,-1,0,0.0,6.3778225,0.0,True,0.035954390097400646,37,60,124.06023638694761,36,36,-1337.7539620278337,124.06023638694761,124.06023638694761,0.458499237430335,UNCERTAIN
beta,beta_F,2024-01-13,sure,1,39,52,14,2.9549980000000002,4.146768,2.9549980000000002,True,0.034714232182941895,36,55,268.1346465827829,35,35,-1811.897855328723,268.1346465827829,268.1346465827829,0.6044731044237166,UNCERTAIN
beta,beta_F,2024-01-14,sure,0,-1,-1,0,0.0,0.0,0.0,True,0.038317110120977604,-1,-1,0.0,63,66,-926.8148543087084,,-926.8148543087084,0.00010603053745711882,AUTO_KEEP
beta,beta_F,2024-01-15,sure,0,-1,-1,0,0.0,2.832821,0.0,True,0.03420596135875664,35,44,171.90598784199938,45,45,-1140.1798201093043,171.90598784199938,171.90598784199938,0.5207929434538748,UNCERTAIN
beta,beta_F,2024-01-16,sure,0,-1,-1,0,0.0,0.0,0.0,True,0.027872364790338278,-1,-1,0.0,47,55,-132.9384637554654,,-132.9384637554654,0.00047089209050697495,AUTO_KEEP
beta,beta_F,2024-01-17,sure,0,-1,-1,0,0.0,3.3285775,0.0,True,0.04714038230845663,39,50,584.2444433294546,36,36,61.050843140966876,523.1936001884877,584.2444433294546,0.735493719292654,AUTO_CORRECT
beta,beta_F,2024-01-18,sure,0,-1,-1,0,0.0,6.203969999999999,0.0,True,0.044125397143502276,39,58,668.0311428328434,38,38,-275.6777759215131,668.0311428328434,668.0311428328434,0.7550575632381012,AUTO_CORRECT
beta,beta_F,2024-01-19,sure,1,40,64,25,12.05277,12.980207000000002,12.05277,True,0.039075729956386196,38,66,3118.5008765817984,37,37,-53.44937036658366,3118.5008765817984,3118.5008765817984,0.9098686130043148,AUTO_CORRECT
beta,beta_F,2024-01-20,unsure,0,-1,-1,0,0.0,4.9128925,0.0,True,0.03307198582711934,39,58,761.2630985893198,60,61,82.93045920385025,678.3326393854696,761.2630985893198,0.773168782079233,AUTO_CORRECT
beta,beta_F,2024-01-21,sure,0,-1,-1,0,0.0,0.0,0.0,True,0.03228686346089282,-1,-1,0.0,39,41,-215.04661190837137,,-215.04661190837137,0.00032583371009208754,AUTO_KEEP
beta,beta_F,2024-01-22,unsure,0,-1,-1,0,0.0,3.26221,0.0,True,0.04006707977470336,44,67,342.6065500931878,68,68,-293.5167672728033,342.6065500931878,342.6065500931878,0.6484790723170278,UNCERTAIN
beta,beta_F,2024-01-23,sure,1,49,58,10,2.4565105000000003,2.284656,2.284656,True,0.04619391132757045,51,57,812.2668359225448,42,44,126.45237887593403,685.8144570466108,812.2668359225448,0.7818013104160516,AUTO_CORRECT
beta,beta_F,2024-01-24,sure,1,37,59,23,9.4408705,9.2545985,9.2545985,True,0.03550058136344103,37,58,2231.4703166702584,36,36,-79.87334307087606,2231.4703166702584,2231.4703166702584,0.8863763295306389,AUTO_CORRECT
beta,beta_F,2024-01-25,sure,0,-1,-1,0,0.0,0.0,0.0,True,0.05300553891940751,-1,-1,0.0,39,40,-872.767681389985,,-872.767681389985,0.00011104835958920524,AUTO_KEEP
beta,beta_F,2024-01-26,sure,0,-1,-1,0,0.0,0.0,0.0,True,0.05522329061250231,-1,-1,0.0,42,42,-3183.866792178603,,-3183.866792178603,4.0997369488622506e-05,AUTO_KEEP
beta,beta_F,2024-01-27,sure,0,-1,-1,0,0.0,0.0,0.0,True,0.05664416209314438,-1,-1,0.0,67,68,-3159.361978972574,,-3159.361978972574,4.124207304890512e-05,AUTO_KEEP
beta,beta_F,2024-01-28,sure,0,-1,-1,0,0.0,2.802702,0.0,True,0.035545274174054065,39,44,507.8445494998165,54,56,-161.77594906468877,507.8445494998165,507.8445494998165,0.7140005708179877,AUTO_CORRECT
beta,beta_F,2024-01-29,unsure,0,-1,-1,0,0.0,3.0205635,0.0,True,0.0326187987159714,39,51,455.6464216580612,38,38,-448.1946488704797,455.6464216580612,455.6464216580612,0.6966720503047489,UNCERTAIN
beta,beta_F,2024-01-30,sure,0,-1,-1,0,0.0,0.0,0.0,True,0.045323245975870785,-1,-1,0.0,43,46,-492.86778262450173,,-492.86778262450173,0.00017234720230462167,AUTO_KEEP
beta,beta_F,2024-01-31,sure,0,-1,-1,0,0.0,2.817818,0.0,True,0.035343572001610424,41,47,70.45128586577648,58,58,-413.29323430024226,70.45128586577648,70.45128586577648,0.3548708998747118,UNCERTAIN
beta,beta_F,2024-02-01,sure,0,-1,-1,0,0.0,1.4029615,0.0,True,0.04716973803159119,56,62,64.93008997068537,46,46,46.18415823934023,18.745931731345145,64.93008997068537,0.34081581358582697,UNCERTAIN
beta,beta_F,2024-02-02,unsure,0,-1,-1,0,0.0,2.8735370000000002,0.0,True,0.055690241312152944,38,53,13.001678048853906,37,37,-236.36916128367443,13.001678048853906,13.001678048853906,0.1354638676592113,AUTO_KEEP
beta,beta_F,2024-02-03,unsure,0,-1,-1,0,0.0,0.5507435,0.0,True,0.04664771397291112,48,54,38.925023742900656,57,58,35.19762979934329,3.7273939435573666,38.925023742900656,0.25996750076923336,AUTO_KEEP
beta,beta_F,2024-02-04,unsure,0,-1,-1,0,0.0,1.0861230000000002,0.0,True,0.02946171889568383,41,47,280.4307848043606,40,40,-388.3308427941102,280.4307848043606,280.4307848043606,0.6126725842182541,UNCERTAIN
beta,beta_F,2024-02-05,sure,0,-1,-1,0,0.0,0.0,0.0,True,0.03678226923900585,-1,-1,0.0,32,32,-9314.397844153207,,-9314.397844153207,1.7931963884281166e-05,AUTO_KEEP
beta,beta_F,2024-02-06,sure,0,-1,-1,0,0.0,0.0,0.0,True,0.0346606372715379,-1,-1,0.0,45,47,-2394.803676477608,,-2394.803676477608,5.105242292026447e-05,AUTO_KEEP
beta,beta_F,2024-02-07,sure,0,-1,-1,0,0.0,0.0,0.0,True,0.038885918812249454,-1,-1,0.0,57,58,-1427.6918254019683,,-1427.6918254019683,7.60313429508814e-05,AUTO_KEEP
beta,beta_F,2024-02-08,sure,0,-1,-1,0,0.0,0.45784899999999995,0.0,True,0.04500140518788154,39,42,78.72201608629544,44,44,21.945346665410668,56.77666942088477,78.72201608629544,0.37441941703235754,UNCERTAIN
beta,beta_F,2024-02-09,unsure,1,49,57,9,2.624401,2.5282525,2.5282525,True,0.04381132963471002,50,56,956.4936599263701,38,47,213.1871622535998,743.3064976727703,956.4936599263701,0.8024989056301711,AUTO_CORRECT
beta,beta_F,2024-02-10,unsure,0,-1,-1,0,0.0,6.4435495000000005,0.0,True,0.040050890945995565,40,64,407.15579930728745,66,66,-17.816641837230346,407.15579930728745,407.15579930728745,0.678089010434713,UNCERTAIN
beta,beta_F,2024-02-11,sure,0,-1,-1,0,0.0,0.0,0.0,True,0.03419143695795612,-1,-1,0.0,48,49,-3157.603235139513,,-3157.603235139513,4.125976498394492e-05,AUTO_KEEP
beta,beta_F,2024-02-12,sure,1,39,62,24,9.018759,8.975092,8.8677135,True,0.03979314843309867,37,61,1367.394965363433,36,36,-213.99953605954138,1367.394965363433,1367.394965363433,0.8425218168666435,AUTO_CORRECT
beta,beta_F,2024-02-13,sure,1,38,54,17,5.029422499999999,5.2403145,4.987907,True,0.0537374853317194,39,55,257.3914785456917,38,38,-19.480332781850695,257.3914785456917,257.3914785456917,0.5969448356620164,UNCERTAIN
beta,beta_F,2024-02-14,sure,0,-1,-1,0,0.0,5.2904725,0.0,True,0.039794085551486225,54,63,276.90804719761434,40,43,-18.58869143255304,276.90804719761434,276.90804719761434,0.6103669388437222,UNCERTAIN
beta,beta_F,2024-02-15,sure,0,-1,-1,0,0.0,0.0,0.0,True,0.028949782848282535,-1,-1,0.0,44,44,-1364.3253529035749,,-1364.3253529035749,7.873579237958808e-05,AUTO_KEEP
beta,beta_F,2024-02-16,sure,0,-1,-1,0,0.0,2.8480945,0.0,True,0.021870495467827933,55,62,2324.9473274749307,41,53,461.15348457204124,1863.7938429028895,2324.9473274749307,0.8895207065802763,AUTO_CORRECT
beta,beta_F,2024-02-17,sure,0,-1,-1,0,0.0,0.0,0.0,True,0.0241098137735849,-1,-1,0.0,40,51,-18.184293312372475,,-18.184293312372475,0.0021012791454346246,AUTO_KEEP
beta,beta_F,2024-02-18,sure,0,-1,-1,0,0.0,1.4497079999999998,0.0,True,0.04125394944731542,46,52,90.37227861274721,41,42,20.31717235816975,70.05510625457745,90.37227861274721,0.3993413898611304,UNCERTAIN
beta,beta_F,2024-02-19,sure,0,-1,-1,0,0.0,0.11126,0.0,True,0.037472781730521376,51,51,2.868962784746906,50,50,-87.65700415685649,2.868962784746906,2.868962784746906,0.054966372469549295,AUTO_KEEP
beta,beta_F,2024-02-20,unsure,1,47,66,20,4.262023999999999,4.160162,4.113232,True,0.04004566908199303,46,64,431.8055747684736,66,68,-55.92230199689003,431.8055747684736,431.8055747684736,0.6878711316826601,UNCERTAIN
beta,beta_F,2024-02-21,unsure,1,48,62,15,3.3917565000000005,3.4328924999999995,3.3917565000000005,True,0.032449017047600615,47,62,1138.7036847077197,44,44,116.41535866633359,1022.2883260413862,1138.7036847077197,0.8229132452184909,AUTO_CORRECT
beta,beta_F,2024-02-22,sure,1,43,61,19,8.520331500000001,8.520331500000001,8.520331500000001,True,0.026903037409671704,43,61,4747.110610243056,62,62,-1126.5799515210404,4747.110610243056,4747.110610243056,0.9331240565025137,AUTO_CORRECT
beta,beta_F,2024-02-23,sure,0,-1,-1,0,0.0,0.0,0.0,True,0.04886824911519705,-1,-1,0.0,37,47,-44.24070691423107,,-44.24070691423107,0.0010860491532918095,AUTO_KEEP
beta,beta_F,2024-02-24,sure,0,-1,-1,0,0.0,0.0,0.0,True,0.04463296259032834,-1,-1,0.0,64,66,-3919.631929238961,,-3919.631929238961,3.493088117001958e-05,AUTO_KEEP
beta,beta_F,2024-02-25,unsure,0,-1,-1,0,0.0,2.8235645000000003,0.0,True,0.029616461278461514,52,66,489.51059941899064,40,46,124.59840380433253,364.9121956146581,489.51059941899064,0.7081921471654257,AUTO_CORRECT
beta,beta_F,2024-02-26,unsure,0,-1,-1,0,0.0,7.1042925,0.0,True,0.04487425956829871,38,60,814.3173578442895,37,37,-128.93491844858247,814.3173578442895,814.3173578442895,0.7821321126471713,AUTO_CORRECT
beta,beta_F,2024-02-27,sure,0,-1,-1,0,0.0,0.0,0.0,True,0.027221051650258454,-1,-1,0.0,56,56,-294.2406960005198,,-294.2406960005198,0.00025616761929478425,AUTO_KEEP
beta,beta_F,2024-02-28,sure,1,42,58,17,4.8714775,4.5654319999999995,4.5654319999999995,True,0.04586170548378998,44,57,685.0455540382333,42,42,-102.72082574280647,685.0455540382333,685.0455540382333,0.758618558213466,AUTO_CORRECT
beta,beta_F,2024-02-29,sure,0,-1,-1,0,0.0,0.0,0.0,True,0.039248471975002364,-1,-1,0.0,42,42,-605.2089498034607,,-605.2089498034607,0.00014717418556865376,AUTO_KEEP
beta,beta_F,2024-03-01,sure,0,-1,-1,0,0.0,0.2985735,0.0,True,0.05002923052446251,44,45,63.57063351049754,42,42,11.595516029332696,51.975117481164844,63.57063351049754,0.3372184867919693,UNCERTAIN
beta,beta_F,2024-03-02,sure,0,-1,-1,0,0.0,0.0,0.0,True,0.04356177541039141,-1,-1,0.0,36,52,-1294.8023895602337,,-1294.8023895602337,8.197079398501515e-05,AUTO_KEEP
beta,beta_F,2024-03-03,sure,0,-1,-1,0,0.0,0.0,0.0,False,,-1,-1,,-1,-1,,,,,UNCERTAIN
beta,beta_F,2024-03-04,unsure,0,-1,-1,0,0.0,0.0,0.0,False,,-1,-1,,-1,-1,,,,,UNCERTAIN
beta,beta_F,2024-03-05,unsure,0,-1,-1,0,0.0,4.289521000000001,0.0,True,0.05183884940946393,54,67,421.69518622508986,38,45,134.22073505849116,287.47445116659867,421.69518622508986,0.683947500547514,UNCERTAIN
beta,beta_F,2024-03-06,sure,1,38,59,22,11.344965000000002,12.3107255,11.344965000000002,True,0.0412375210701752,38,63,2427.12053875279,37,37,-128.06017443272543,2427.12053875279,2427.12053875279,0.8927341574952585,AUTO_CORRECT
beta,beta_F,2024-03-07,sure,1,39,59,21,5.432002000000001,5.292752500000001,5.292752500000001,True,0.030520515490569,39,58,1615.72135463339,38,38,-655.312288922229,1615.72135463339,1615.72135463339,0.8588295757916641,AUTO_CORRECT
beta,beta_F,2024-03-08,unsure,0,-1,-1,0,0.0,2.379295,0.0,True,0.04219158207304008,42,57,201.6170750667977,59,63,-103.88949191731302,201.6170750667977,201.6170750667977,0.5511697129282452,UNCERTAIN
beta,beta_F,2024-03-09,unsure,1,44,63,20,3.3885579999999997,0.3689455,0.3689455,True,0.050269075053437584,55,55,298.944942754293,47,47,242.47853211209986,56.466410642193125,298.944942754293,0.6242555926462969,UNCERTAIN
beta,beta_F,2024-03-12,sure,1,38,61,24,10.722202,10.722202,10.722202,True,0.04936348077243524,38,61,1252.178666220708,37,37,-122.77505319270534,1252.178666220708,1252.178666220708,0.8333201591841385,AUTO_CORRECT
beta,beta_F,2024-03-13,unsure,1,38,58,21,6.744372500000001,9.333920999999998,6.695058000000001,True,0.030518097860857907,39,64,2223.9742156665106,66,66,687.6056144400317,1536.3686012264789,2223.9742156665106,0.8861150684709665,AUTO_CORRECT
beta,beta_F,2024-03-14,sure,1,39,58,20,7.5285470000000005,7.4289325,7.4289325,True,0.03442957646211897,39,57,1532.6881054941327,38,38,-135.94510018706626,1532.6881054941327,1532.6881054941327,0.853832037196317,AUTO_CORRECT
beta,beta_F,2024-03-15,unsure,0,-1,-1,0,0.0,4.2201835,0.0,True,0.04815582932087992,49,62,477.1573143368517,48,48,-21.509374258874,477.1573143368517,477.1573143368517,0.7041141326950023,AUTO_CORRECT
beta,beta_F,2024-03-16,unsure,0,-1,-1,0,0.0,0.359637,0.0,True,0.03618600464065769,47,49,185.8854023622407,59,59,-44.083619528472994,185.8854023622407,185.8854023622407,0.5357201276601445,UNCERTAIN
beta,beta_F,2024-03-17,sure,0,-1,-1,0,0.0,0.878826,0.0,True,0.06161622453910853,46,48,218.6529007614339,51,55,77.88195490708037,140.77094585435353,218.6529007614339,0.5665038585238666,UNCERTAIN
beta,beta_F,2024-03-18,sure,0,-1,-1,0,0.0,0.711033,0.0,True,0.04024897030487362,58,61,389.10340392106514,55,56,53.86028767391577,335.2431162471494,389.10340392106514,0.6704339181172558,UNCERTAIN
beta,beta_F,2024-03-19,sure,1,45,64,20,9.447666,9.447666,9.447666,True,0.02936077032926465,45,64,4774.277322239457,44,44,-189.3786194153969,4774.277322239457,4774.277322239457,0.9333978557722017,AUTO_CORRECT
beta,beta_F,2024-03-20,unsure,0,-1,-1,0,0.0,2.115756,0.0,True,0.04005621913390445,45,51,466.4695512723088,52,52,-1277.3977303792715,466.4695512723088,466.4695512723088,0.7004725387745168,AUTO_CORRECT
beta,beta_F,2024-03-21,sure,1,43,62,20,4.838768000000001,5.799439499999999,4.838768000000001,True,0.05110437610363894,42,67,640.0484085648804,68,68,-222.80559561884994,640.0484085648804,640.0484085648804,0.7489181333907515,AUTO_CORRECT
beta,beta_F,2024-03-22,sure,1,49,63,15,4.048279999999999,4.5801335,3.6017129999999997,True,0.04450353349776659,52,67,524.4471968092295,49,50,-35.79760357399925,524.4471968092295,524.4471968092295,0.7190254214755412,AUTO_CORRECT
beta,beta_F,2024-03-23,unsure,0,-1,-1,0,0.0,3.8934345,0.0,True,0.05651762350303691,45,61,336.9136225048428,63,63,41.46977129250881,295.443851212334,336.9136225048428,0.6455391080125475,UNCERTAIN
beta,beta_F,2024-03-24,unsure,1,43,64,22,3.4993585,4.433956,3.4993585,True,0.037911625844017305,39,66,685.7458712956211,38,38,-1878.0563215749878,685.7458712956211,685.7458712956211,0.7587624819199176,AUTO_CORRECT
beta,beta_F,2024-03-25,sure,1,39,64,26,10.6919895,10.807521,10.6919895,True,0.04888294281802219,39,65,1533.4099519531774,38,38,-82.92488259553602,1533.4099519531774,1533.4099519531774,0.8538772797930693,AUTO_CORRECT
beta,beta_F,2024-03-26,sure,1,39,63,25,10.1248305,10.080792,10.080792,True,0.027750802851416845,39,62,5987.221452906175,64,64,-65.85701759005288,5987.221452906175,5987.221452906175,0.9434539243572221,AUTO_CORRECT
beta,beta_F,2024-03-27,sure,0,-1,-1,0,0.0,1.073909,0.0,True,0.05525622304227351,50,57,134.4820991366073,45,48,30.97210377381862,103.50999536278869,134.4820991366073,0.47384592146756493,UNCERTAIN
beta,beta_F,2024-03-28,unsure,1,42,58,17,3.553662,0.9474819999999999,0.9474819999999999,True,0.03617876012499055,49,50,665.3799197274918,46,46,506.993299961008,158.38661976648382,665.3799197274918,0.7544913009353249,AUTO_CORRECT
beta,beta_F,2024-03-29,sure,0,-1,-1,0,0.0,0.458173,0.0,True,0.05219476315114546,56,58,296.3111829420152,65,65,-10.346198202124732,296.3111829420152,296.3111829420152,0.6226602957409869,UNCERTAIN
beta,beta_F,2024-03-30,sure,1,41,62,22,9.1029885,9.083598499999999,9.083598499999999,True,0.03903720282926293,42,62,1586.6678125533974,41,41,-24.12293391160419,1586.6678125533974,1586.6678125533974,0.8571270439949682,AUTO_CORRECT
beta,beta_F,2024-03-31,unsure,0,-1,-1,0,0.0,3.0620454999999995,0.0,True,0.039303932780953676,48,60,564.5198529645012,62,63,50.38362261152562,514.1362303529755,564.5198529645012,0.7303228115393139,AUTO_CORRECT
beta,beta_F,2024-04-01,sure,1,41,63,23,9.2809765,9.2041065,9.2041065,True,0.028637210197178575,41,62,3360.4815058395898,40,40,-88.66345495047182,3360.4815058395898,3360.4815058395898,0.9144791853678592,AUTO_CORRECT
beta,beta_F,2024-04-02,sure,0,-1,-1,0,0.0,0.5260075,0.0,True,0.03310664554965426,42,44,592.7042826483306,41,41,-485.1576829502566,592.7042826483306,592.7042826483306,0.7376393684749785,AUTO_CORRECT
beta,beta_F,2024-04-03,sure,1,42,64,23,10.834639000000001,10.9891055,9.7031445,True,0.032907397565133945,37,59,4484.430967230838,61,63,1006.0807236996302,3478.350243531208,4484.430967230838,0.9303350821660507,AUTO_CORRECT
beta,beta_F,2024-04-04,unsure,0,-1,-1,0,0.0,0.0,0.0,True,0.05054827593108757,-1,-1,0.0,48,48,-2872.5899883737034,,-2872.5899883737034,4.437823929023027e-05,AUTO_KEEP
beta,beta_F,2024-04-05,unsure,0,-1,-1,0,0.0,0.0,0.0,True,0.056336376845485425,-1,-1,0.0,24,24,-3040.595880025158,,-3040.595880025158,4.247735567706584e-05,AUTO_KEEP
beta,beta_F,2024-04-06,sure,1,41,65,25,8.9266415,8.873716,8.873716,True,0.04670748210638753,41,64,1001.8419401321114,65,65,-50.33222140504491,1001.8419401321114,1001.8419401321114,0.8080890159050074,AUTO_CORRECT
beta,beta_F,2024-04-07,sure,1,37,60,24,9.254576499999999,9.537474500000002,9.254576499999999,True,0.029146590059540234,35,61,5245.175155725199,62,62,-938.0283823713547,5245.175155725199,5245.175155725199,0.9377636205098697,AUTO_CORRECT
beta,beta_F,2024-04-08,sure,1,36,56,21,4.8735254999999995,1.1267865,1.1267865,True,0.03878927664920906,43,45,1073.7055572378345,38,41,488.5331407116805,585.1724165261539,1073.7055572378345,0.8162232220090034,AUTO_CORRECT
beta,beta_F,2024-04-09,sure,1,37,62,26,8.4223755,8.631140999999998,8.292817999999999,True,0.047740187724056415,33,61,1286.0977606118065,62,62,-334.67920790632826,1286.0977606118065,1286.0977606118065,0.8361587527596445,AUTO_CORRECT
beta,beta_F,2024-04-10,sure,1,36,63,28,13.769298000000001,13.908817,13.6790625,True,0.03471362305603365,35,62,4268.127856070584,63,63,-182.31206006603375,4268.127856070584,4268.127856070584,0.9278261076082486,AUTO_CORRECT
beta,beta_F,2024-04-11,sure,1,36,62,27,14.725424499999999,14.725424499999999,14.725424499999999,True,0.05293451420631956,36,62,1617.7399980202229,63,63,-80.66600021654315,1617.7399980202229,1617.7399980202229,0.8589461029920696,AUTO_CORRECT
beta,beta_F,2024-04-12,sure,1,36,62,27,12.006713499999998,12.156303499999998,11.975349999999999,True,0.05707149054827676,37,63,812.8545780771907,36,36,-18.380639598809243,812.8545780771907,812.8545780771907,0.7818962506498787,AUTO_CORRECT
beta,beta_F,2024-04-13,sure,1,37,60,24,8.6046355,8.439538500000003,8.439538500000003,True,0.041672145310400754,38,59,2154.43029840739,37,37,-42.77489855351962,2154.43029840739,2154.43029840739,0.8836225333490223,AUTO_CORRECT
beta,beta_F,2024-04-14,sure,1,41,58,18,7.304390000000001,7.304390000000001,7.304390000000001,True,0.039644971804054574,41,58,1373.0665274606395,40,40,-104.56119459056497,1373.0665274606395,1373.0665274606395,0.8429441869455896,AUTO_CORRECT
beta,beta_F,2024-04-15,sure,1,36,58,23,11.539518,11.387452,11.387452,True,0.031314369868449266,36,57,4840.2787347246585,35,35,-479.1944655493313,4840.2787347246585,4840.2787347246585,0.9340523536851292,AUTO_CORRECT
beta,beta_F,2024-04-16,sure,1,38,57,20,7.7499595,7.7499595,7.7499595,True,0.03815770171303923,38,57,2567.498389343249,37,37,-217.53296295315798,2567.498389343249,2567.498389343249,0.8968110795603081,AUTO_CORRECT
beta,beta_F,2024-04-17,sure,1,44,55,12,4.572064500000001,5.7762035,4.572064500000001,True,0.05593193183818457,43,58,310.2630187324629,40,40,14.10138348606034,296.16163524640257,310.2630187324629,0.6309255723025371,UNCERTAIN
beta,beta_F,2024-04-18,sure,1,39,61,23,9.718923499999999,8.7821335,8.7821335,True,0.03674275811390859,40,57,4445.792093528723,60,61,180.2169024312028,4265.5751910975205,4445.792093528723,0.9299018006662098,AUTO_CORRECT
beta,beta_F,2024-04-19,sure,1,37,55,19,7.356944,7.1481605,7.1481605,True,0.04315637801799488,37,53,2140.8316455074914,36,36,-46.61446968311939,2140.8316455074914,2140.8316455074914,0.883120125359609,AUTO_CORRECT
beta,beta_F,2024-04-20,sure,0,-1,-1,0,0.0,0.0,0.0,True,0.04608363012752337,-1,-1,0.0,24,59,-3989.371937755121,,-3989.371937755121,3.445956473808393e-05,AUTO_KEEP
beta,beta_F,2024-04-21,sure,0,-1,-1,0,0.0,4.744128,0.0,True,0.04477294902936091,36,58,436.71449256230966,60,60,-0.35322268022381503,436.71449256230966,436.71449256230966,0.6897338381455345,UNCERTAIN
beta,beta_F,2024-04-22,sure,1,37,60,24,6.480875,6.6445955,6.3523265,True,0.028259972465424887,35,58,2007.742160783909,60,61,166.05403037610168,1841.6881304078072,2007.742160783909,0.8779206415508637,AUTO_CORRECT
beta,beta_F,2024-04-23,sure,1,38,61,24,12.5784965,12.663639,12.5784965,True,0.052380041190551285,37,61,1538.6055711488486,62,62,-99.23815270598983,1538.6055711488486,1538.6055711488486,0.8542019538020262,AUTO_CORRECT
beta,beta_F,2024-04-24,sure,0,-1,-1,0,0.0,5.2147725,0.0,True,0.0490080898743408,34,54,107.8989569980768,59,61,18.025354220016872,89.87360277805993,107.8989569980768,0.4321697868175219,UNCERTAIN
beta,beta_F,2024-04-25,unsure,1,41,50,10,2.7626399999999998,3.0378149999999997,2.6769404999999997,True,0.031365876851783714,42,51,1836.366798275402,60,60,-30.231471749047955,1836.366798275402,1836.366798275402,0.8703633560405558,AUTO_CORRECT
beta,beta_F,2024-04-26,sure,1,38,60,23,9.002752,8.850085,8.850085,True,0.03735578251772753,38,59,2674.3743695029116,37,37,-295.91935494255574,2674.3743695029116,2674.3743695029116,0.8996819266861397,AUTO_CORRECT
beta,beta_F,2024-04-27,sure,1,39,55,17,3.5610635,3.5485794999999998,3.5485794999999998,True,0.03132664041499722,40,55,1085.4921812902203,39,39,-17.733317252560987,1085.4921812902203,1085.4921812902203,0.8174805442313613,AUTO_CORRECT
beta,beta_F,2024-04-28,sure,1,41,59,19,6.279657,6.279657,6.279657,True,0.04235420551642033,41,59,1643.1162784365208,60,60,-72.98396900346916,1643.1162784365208,1643.1162784365208,0.860391953090674,AUTO_CORRECT
beta,beta_F,2024-04-29,sure,1,42,58,17,6.5092245,6.612005999999999,6.405265,True,0.044388447737080616,40,57,1724.337673920928,39,39,-262.83098850388717,1724.337673920928,1724.337673920928,0.8647952608145629,AUTO_CORRECT
beta,beta_F,2024-04-30,unsure,1,50,54,5,0.78539,0.5896915,0.5896915,True,0.05280141015426465,50,53,186.10224974228368,48,48,-86.13269751416603,186.10224974228368,186.10224974228368,0.5359423582762421,UNCERTAIN
beta,beta_F,2024-05-01,sure,0,-1,-1,0,0.0,0.0,0.0,True,0.039325215083921616,-1,-1,0.0,58,58,-1454.580750557164,,-1454.580750557164,7.494692447827155e-05,AUTO_KEEP
beta,beta_F,2024-05-02,sure,0,-1,-1,0,0.0,1.6728679999999998,0.0,True,0.05659589229889006,47,53,249.43027686285367,55,55,-5.5317478603351775,249.43027686285367,249.43027686285367,0.5911298934929505,UNCERTAIN
beta,beta_F,2024-05-03,sure,0,-1,-1,0,0.0,2.669693,0.0,True,0.0545849227324231,37,50,274.481890725021,52,54,198.25746467494403,76.22442605007697,274.481890725021,0.6087590262901136,UNCERTAIN
beta,beta_F,2024-05-04,sure,0,-1,-1,0,0.0,0.0,0.0,True,0.04706692758468334,-1,-1,0.0,40,40,-373.0827983524819,,-373.0827983524819,0.00021347245727891577,AUTO_KEEP
beta,beta_F,2024-05-05,sure,0,-1,-1,0,0.0,0.0,0.0,True,0.04832181540614355,-1,-1,0.0,41,41,-1108.5698266288832,,-1108.5698266288832,9.237918837625073e-05,AUTO_KEEP
beta,beta_F,2024-05-06,sure,0,-1,-1,0,0.0,0.0,0.0,True,0.04986186903257117,-1,-1,0.0,47,47,-470.6329093475469,,-470.6329093475469,0.00017857334228881875,AUTO_KEEP
beta,beta_F,2024-05-07,unsure,0,-1,-1,0,0.0,4.569414,0.0,True,0.04373592316592201,42,53,1098.2543675573056,40,40,-12.795917075552646,1098.2543675573056,1098.2543675573056,0.8188192281234301,AUTO_CORRECT
beta,beta_F,2024-05-08,unsure,0,-1,-1,0,0.0,2.9354955000000005,0.0,True,0.0512460286723746,48,54,274.95708337642253,41,44,238.69626263060846,36.26082074581407,274.95708337642253,0.6090752557483817,UNCERTAIN
beta,beta_F,2024-05-09,unsure,0,-1,-1,0,0.0,2.7798225,0.0,True,0.054735775629675576,45,53,26.770726432509544,54,54,-693.3962701184305,26.770726432509544,26.770726432509544,0.2098474391495843,AUTO_KEEP
beta,beta_F,2024-05-10,unsure,0,-1,-1,0,0.0,1.6886280000000002,0.0,True,0.05275724659697101,52,58,9.265815782381507,59,59,-200.7944702744799,9.265815782381507,9.265815782381507,0.10981629467288409,AUTO_KEEP
beta,beta_F,2024-05-11,sure,0,-1,-1,0,0.0,0.0,0.0,True,0.04252555802649938,-1,-1,0.0,59,59,-5426.111203416214,,-5426.111203416214,2.7189953732756683e-05,AUTO_KEEP
beta,beta_F,2024-05-12,sure,0,-1,-1,0,0.0,0.386152,0.0,True,0.03460726447689089,53,54,173.79967714952832,55,55,-173.5948415670519,173.79967714952832,173.79967714952832,0.5228871244524121,UNCERTAIN
beta,beta_F,2024-05-13,sure,0,-1,-1,0,0.0,0.0,0.0,True,0.036636708693841946,-1,-1,0.0,51,51,-268.5595019891194,,-268.5595019891194,0.00027476888426235474,AUTO_KEEP
beta,beta_F,2024-05-14,sure,1,39,60,22,8.207672999999998,8.207672999999998,8.207672999999998,True,0.04055496058203967,39,60,1467.7779214203595,38,38,-89.97079486792545,1467.7779214203595,1467.7779214203595,0.8496243832688055,AUTO_CORRECT
beta,beta_F,2024-05-15,sure,1,39,59,21,5.3082905,5.3082905,5.3082905,True,0.04834887050402692,39,59,485.4943541718089,38,38,-52.238602808350535,485.4943541718089,485.4943541718089,0.7068813102220008,AUTO_CORRECT
beta,beta_F,2024-05-16,sure,1,40,59,20,3.7522430000000004,3.7182275000000002,3.7182275000000002,True,0.044193453093617,41,59,482.44894440571255,40,40,-47.47410210785399,482.44894440571255,482.44894440571255,0.7058777858807277,AUTO_CORRECT
beta,beta_F,2024-05-17,sure,1,44,59,16,5.671029,5.601116,5.601116,True,0.04728783937995362,45,59,1129.7262958879026,44,44,-120.85072119008076,1129.7262958879026,1129.7262958879026,0.8220235498723204,AUTO_CORRECT
beta,beta_F,2024-05-18,sure,0,-1,-1,0,0.0,0.0,0.0,True,0.048073648385489554,-1,-1,0.0,50,50,-8.049755530553243,,-8.049755530553243,0.003742743296184555,AUTO_KEEP
beta,beta_F,2024-05-19,sure,1,44,56,13,2.5070265000000003,2.6046525000000003,2.5070265000000003,True,0.043950308538432736,43,57,785.2306870953563,58,58,-48.19109427705753,785.2306870953563,785.2306870953563,0.7773249064014687,AUTO_CORRECT
beta,beta_F,2024-05-20,unsure,0,-1,-1,0,0.0,1.6867255,0.0,True,0.04001095366984897,44,49,8.22395524822242,41,41,-11.891285969882434,8.22395524822242,8.22395524822242,0.10201124358490125,AUTO_KEEP
beta,beta_F,2024-05-21,sure,0,-1,-1,0,0.0,0.1144245,0.0,True,0.06724194626313684,42,42,52.70167968237948,43,43,-13.134100364148162,52.70167968237948,52.70167968237948,0.3062458352692043,UNCERTAIN
beta,beta_F,2024-05-22,sure,1,41,56,16,5.2591485,5.8290945,5.2591485,True,0.057081356321842636,41,59,410.582849384322,40,40,-27.021644545428863,410.582849384322,410.582849384322,0.6794936780847908,UNCERTAIN
beta,beta_F,2024-05-23,sure,1,43,59,17,5.2087935,5.473672499999999,5.2087935,True,0.05216967538186523,42,59,880.1689359192585,40,40,-58.583938993141594,880.1689359192585,880.1689359192585,0.7921577348466211,AUTO_CORRECT
beta,beta_F,2024-05-24,sure,1,42,52,11,2.509268,2.580058,2.509268,True,0.06449768444227955,42,53,251.43055439667958,41,41,-17.9713368698868,251.43055439667958,251.43055439667958,0.5926106107001431,UNCERTAIN
beta,beta_F,2024-05-25,sure,0,-1,-1,0,0.0,0.0,0.0,True,0.05295038668622176,-1,-1,0.0,52,56,-955.3255759218998,,-955.3255759218998,0.00010358675243917525,AUTO_KEEP
beta,beta_F,2024-05-26,sure,1,44,56,13,1.8082595000000001,1.8082595000000001,1.8082595000000001,True,0.04921280426205854,44,56,139.2714228710883,57,57,-35.267203139611404,139.2714228710883,139.2714228710883,0.480523639519879,UNCERTAIN
beta,beta_F,2024-05-27,sure,1,42,58,17,4.7918259999999995,4.8926395,4.7918259999999995,True,0.04367369575561719,42,59,725.0524514762038,41,41,-63.14714639666754,725.0524514762038,725.0524514762038,0.7665248151093712,AUTO_CORRECT
beta,beta_F,2024-05-28,sure,1,41,58,18,5.4063045,5.491795,5.3698435,True,0.05606027749054432,42,59,386.1043200761566,41,41,-15.796024564993324,386.1043200761566,386.1043200761566,0.6691187107730558,UNCERTAIN
beta,beta_F,2024-05-29,sure,1,42,58,17,4.5878405,4.5878405,4.5878405,True,0.05267250477130503,42,58,334.9329193306759,41,41,-56.32096269336848,334.9329193306759,334.9329193306759,0.6445019637276957,UNCERTAIN
beta,beta_F,2024-05-30,sure,1,41,57,17,4.876068499999999,4.825385,4.825385,True,0.06321502460080275,42,57,292.14261556020625,41,41,-21.244102058589352,292.14261556020625,292.14261556020625,0.6201007054542435,UNCERTAIN
beta,beta_F,2024-05-31,sure,0,-1,-1,0,0.0,0.0,0.0,True,0.05079695356356373,-1,-1,0.0,43,43,-2062.938483612243,,-2062.938483612243,5.726734188967303e-05,AUTO_KEEP
beta,beta_F,2024-06-01,sure,0,-1,-1,0,0.0,0.0,0.0,True,0.050617292273616554,-1,-1,0.0,24,24,-4491.2232543357595,,-4491.2232543357595,3.145360379546291e-05,AUTO_KEEP
beta,beta_F,2024-06-02,sure,0,-1,-1,0,0.0,0.0,0.0,True,0.06725491300242337,-1,-1,0.0,24,24,-3178.113737144904,,-3178.113737144904,4.105451912851338e-05,AUTO_KEEP
beta,beta_F,2024-06-03,unsure,0,-1,-1,0,0.0,1.1062475,0.0,True,0.04331125327342766,48,53,203.3463789263392,43,46,71.56160554589708,131.78477338044212,203.3463789263392,0.5527890675463704,UNCERTAIN
beta,beta_F,2024-06-04,unsure,0,-1,-1,0,0.0,0.5906465,0.0,True,0.06133730758619871,46,46,91.82495072153048,52,54,48.188152089377205,43.63679863215328,91.82495072153048,0.4022601257595464,UNCERTAIN
beta,beta_F,2024-06-05,sure,0,-1,-1,0,0.0,1.8241205000000003,0.0,True,0.06531854842235574,44,51,159.28036078593072,43,43,-42.06745180560492,159.28036078593072,159.28036078593072,0.5061991133725751,UNCERTAIN
beta,beta_F,2024-06-06,unsure,0,-1,-1,0,0.0,1.6473695,0.0,True,0.05166021766576656,43,55,148.59193294980284,42,42,-27.305794199489867,148.59193294980284,148.59193294980284,0.4929061905876188,UNCERTAIN
beta,beta_F,2024-06-07,sure,0,-1,-1,0,0.0,0.0,0.0,True,0.065761448578888,-1,-1,0.0,55,56,-3199.6112659589203,,-3199.6112659589203,4.08418975370735e-05,AUTO_KEEP
beta,beta_F,2024-06-08,sure,0,-1,-1,0,0.0,2.573768,0.0,True,0.04960463706348506,43,55,175.80678902906064,58,58,-107.76685407769806,175.80678902906064,175.80678902906064,0.525081249103432,UNCERTAIN
beta,beta_F,2024-06-09,unsure,0,-1,-1,0,0.0,0.0,0.0,True,0.04170833498053739,-1,-1,0.0,54,54,-6.154599731641028,,-6.154599731641028,0.004482272859296885,AUTO_KEEP
beta,beta_F,2024-06-10,sure,0,-1,-1,0,0.0,0.0,0.0,True,0.041933756587308135,-1,-1,0.0,52,52,-377.7651377282597,,-377.7651377282597,0.00021143665932851573,AUTO_KEEP
beta,beta_F,2024-06-11,sure,0,-1,-1,0,0.0,0.0,0.0,True,0.06317039617337228,-1,-1,0.0,48,52,-88.29118730208424,,-88.29118730208424,0.0006434710826152807,AUTO_KEEP
beta,beta_F,2024-06-12,unsure,0,-1,-1,0,0.0,2.854171,0.0,True,0.06198462394168214,41,56,111.73014352334661,40,40,-51.21475364241898,111.73014352334661,111.73014352334661,0.4387189445676424,UNCERTAIN
beta,beta_F,2024-06-13,unsure,0,-1,-1,0,0.0,0.6897435,0.0,True,0.0696849034867415,50,52,119.49973055519591,44,48,26.098863681629787,93.40086687356612,119.49973055519591,0.4514018112085811,UNCERTAIN
beta,beta_F,2024-06-14,sure,0,-1,-1,0,0.0,0.0,0.0,True,0.06559303000382588,-1,-1,0.0,47,47,-1546.3610524322937,,-1546.3610524322937,7.149808236286468e-05,AUTO_KEEP
beta,beta_F,2024-06-15,sure,0,-1,-1,0,0.0,0.0,0.0,True,0.04304799549680127,-1,-1,0.0,52,52,-1133.7131910223522,,-1133.7131910223522,9.07980933085243e-05,AUTO_KEEP
beta,beta_F,2024-06-16,sure,1,46,54,9,0.47807700000000003,0.47807700000000003,0.47807700000000003,True,0.05265893155052148,46,54,16.918996359886446,45,45,-9.673537807889984,16.918996359886446,16.918996359886446,0.1593037299974171,AUTO_KEEP
beta,beta_F,2024-06-17,sure,0,-1,-1,0,0.0,0.0,0.0,True,0.06162482064212771,-1,-1,0.0,46,46,-17.973471777945086,,-17.973471777945086,0.0021192079773568627,AUTO_KEEP
beta,beta_F,2024-06-18,sure,1,43,56,14,2.5626975,2.7423755,2.5349275000000002,True,0.06684427634799839,44,58,109.10376555623604,43,43,-7.465225637448335,109.10376555623604,109.10376555623604,0.43425138074333863,UNCERTAIN
beta,beta_F,2024-06-19,sure,1,44,57,14,2.529637,2.6541315,2.529637,True,0.06760626351425447,44,58,83.04514524547983,43,43,-25.661786846514687,83.04514524547983,83.04514524547983,0.3839975644091845,UNCERTAIN
beta,beta_F,2024-06-20,sure,0,-1,-1,0,0.0,0.810549,0.0,True,0.044116415597114766,51,53,223.62331087247645,45,45,44.16962353568769,179.45368733678876,223.62331087247645,0.5707328807891279,UNCERTAIN
beta,beta_F,2024-06-21,unsure,0,-1,-1,0,0.0,0.072653,0.0,True,0.0764984121392347,45,46,2.352243017560452,44,44,-6.376388732540903,2.352243017560452,2.352243017560452,0.04950282689911269,AUTO_KEEP
beta,beta_F,2024-06-22,sure,0,-1,-1,0,0.0,0.0,0.0,False,,-1,-1,,-1,-1,,,,,UNCERTAIN
beta,beta_F,2024-06-23,sure,0,-1,-1,0,0.0,0.0,0.0,True,0.03553213605563155,-1,-1,0.0,56,56,-1200.355591583001,,-1200.355591583001,8.689228229144974e-05,AUTO_KEEP
beta,beta_F,2024-06-24,sure,1,46,55,10,1.390992,1.4550965,1.390992,True,0.05073418808444785,46,56,282.3638221317923,45,45,-34.01520055564904,282.3638221317923,282.3638221317923,0.6139234250935008,UNCERTAIN
beta,beta_F,2024-06-25,sure,1,44,57,14,1.9183635,1.9183635,1.9183635,True,0.0696331542726858,44,57,48.81773004650959,43,43,-31.65815088888414,48.81773004650959,48.81773004650959,0.2940958856186801,AUTO_KEEP
beta,beta_F,2024-06-26,sure,1,44,57,14,2.3353859999999997,2.2907714999999995,2.2907714999999995,True,0.058676697583014636,44,56,110.02918258287147,57,57,-15.354701348276386,110.02918258287147,110.02918258287147,0.43583640878415597,UNCERTAIN
beta,beta_F,2024-06-27,sure,1,43,58,16,3.661206,3.661206,3.661206,True,0.06134933195169001,43,58,154.99279018761095,42,42,-55.69063772051248,154.99279018761095,154.99279018761095,0.5009764473060953,UNCERTAIN
beta,beta_F,2024-06-28,sure,1,45,56,12,1.6581565,1.6581565,1.6581565,True,0.06039478156756317,45,56,57.85072184636958,44,44,-11.619412232805198,57.85072184636958,57.85072184636958,0.3214355063600397,UNCERTAIN
beta,beta_F,2024-06-29,unsure,0,-1,-1,0,0.0,0.19889649999999998,0.0,True,0.03377240499805145,53,55,12.656013695705585,49,49,-10.15031107622779,12.656013695705585,12.656013695705585,0.1332240173655624,AUTO_KEEP
beta,beta_F,2024-06-30,sure,0,-1,-1,0,0.0,0.0,0.0,True,0.054295957567297215,-1,-1,0.0,24,24,-6163.431702700954,,-6163.431702700954,2.4648026106945475e-05,AUTO_KEEP
beta,beta_F,2024-07-01,sure,0,-1,-1,0,0.0,0.06819,0.0,True,0.0707141431719287,52,52,7.457191760457846,48,48,2.1131581936856016,5.344033566772245,7.457191760457846,0.0960466486665334,AUTO_KEEP
beta,beta_F,2024-07-02,sure,0,-1,-1,0,0.0,0.0,0.0,True,0.055280530309556486,-1,-1,0.0,43,52,-2364.9117438620024,,-2364.9117438620024,5.154866726617443e-05,AUTO_KEEP
beta,beta_F,2024-07-03,sure,0,-1,-1,0,0.0,0.1178585,0.0,True,0.0630146444202393,55,55,17.99302149991156,54,54,-50.08507101466836,17.99302149991156,17.99302149991156,0.16540262136644937,AUTO_KEEP
beta,beta_F,2024-07-04,unsure,0,-1,-1,0,0.0,0.252663,0.0,True,0.059371938335773145,54,54,120.54546177384023,45,45,-54.241889334999534,120.54546177384023,120.54546177384023,0.4530510590088012,UNCERTAIN
beta,beta_F,2024-07-05,sure,0,-1,-1,0,0.0,0.0,0.0,True,0.0676252088541962,-1,-1,0.0,55,55,-361.6509055304286,,-361.6509055304286,0.0002186377563593861,AUTO_KEEP
beta,beta_F,2024-07-06,sure,0,-1,-1,0,0.0,0.0,0.0,True,0.060452816985488766,-1,-1,0.0,50,51,-3.796980551487728,,-3.796980551487728,0.006089322192273633,AUTO_KEEP
beta,beta_F,2024-07-07,sure,0,-1,-1,0,0.0,0.0,0.0,True,0.045183223512468285,-1,-1,0.0,45,45,-291.2285237200442,,-291.2285237200442,0.0002581991830785227,AUTO_KEEP
beta,beta_F,2024-07-08,sure,0,-1,-1,0,0.0,0.0,0.0,True,0.049543538340339754,-1,-1,0.0,62,62,-436.1835354892135,,-436.1835354892135,0.00018931825144994052,AUTO_KEEP
beta,beta_F,2024-07-09,sure,0,-1,-1,0,0.0,0.0,0.0,True,0.06553987394129268,-1,-1,0.0,58,58,-1.9992320346549486,,-1.9992320346549486,0.008721017938497387,AUTO_KEEP
beta,beta_F,2024-07-10,sure,1,44,55,12,2.1284845,1.8702265,1.8702265,True,0.065772998669678,44,53,48.12943384566768,43,43,-27.038584075640205,48.12943384566768,48.12943384566768,0.29187536400657277,AUTO_KEEP
beta,beta_F,2024-07-11,sure,1,44,51,8,0.6278395,0.0,0.0,False,,-1,-1,,-1,-1,,,,,UNCERTAIN
beta,beta_F,2024-07-12,sure,1,44,55,12,1.9552755,1.7341015,1.7341015,True,0.05602732967927171,45,53,90.21300598013767,44,44,-8.749300026035247,90.21300598013767,90.21300598013767,0.3990189923372932,UNCERTAIN
beta,beta_F,2024-07-13,unsure,0,-1,-1,0,0.0,1.114036,0.0,True,0.06556955552048516,45,54,72.34864945955476,44,44,-40.88236989704962,72.34864945955476,72.34864945955476,0.3595073639920317,UNCERTAIN
beta,beta_F,2024-07-14,unsure,1,47,53,7,0.47069700000000003,0.4287885,0.4287885,True,0.05568681552227117,47,52,4.749619155840497,53,53,-18.28287222091047,4.749619155840497,4.749619155840497,0.073150835883739,AUTO_KEEP
beta,beta_F,2024-07-15,sure,1,46,56,11,1.0488175,0.9357764999999999,0.9357764999999999,True,0.047334176490483326,46,54,69.48068022748053,56,57,-15.035715302024638,69.48068022748053,69.48068022748053,0.3524619838976682,UNCERTAIN
beta,beta_F,2024-07-16,sure,0,-1,-1,0,0.0,0.0,0.0,True,0.06454010307523328,-1,-1,0.0,47,48,-294.23044485559035,,-294.23044485559035,0.0002561744709494343,AUTO_KEEP
beta,beta_F,2024-07-17,sure,1,43,48,6,0.7511925,0.656589,0.656589,True,0.059120870941265835,44,47,29.98440657792354,43,43,-21.91474596218887,29.98440657792354,29.98440657792354,0.22417948415846767,AUTO_KEEP
beta,beta_F,2024-07-18,unsure,0,-1,-1,0,0.0,0.2246485,0.0,True,0.04460699349763875,53,54,136.64512044882446,43,50,73.45601574418751,63.18910470463695,136.64512044882446,0.4768895470788234,UNCERTAIN
beta,beta_F,2024-07-19,sure,1,43,56,14,2.702383,3.24154,2.702383,True,0.05969634176888139,43,58,69.1368083845895,42,42,-664.8509274235455,69.1368083845895,69.1368083845895,0.35160238315345005,UNCERTAIN
beta,beta_F,2024-07-20,sure,0,-1,-1,0,0.0,0.7435365,0.0,True,0.05758993265590506,53,57,106.5732988612144,59,59,-113.62002116977935,106.5732988612144,106.5732988612144,0.4298554344108652,UNCERTAIN
beta,beta_F,2024-07-21,sure,1,45,58,14,1.8161150000000001,1.7120320000000002,1.7120320000000002,True,0.053497894528752754,46,57,60.85943613173356,45,45,-8.285367450246666,60.85943613173356,60.85943613173356,0.3298717831342239,UNCERTAIN
beta,beta_F,2024-07-22,sure,1,44,55,12,2.6959874999999998,2.6959874999999998,2.6959874999999998,True,0.05161945994605466,44,55,168.1064691586111,43,43,-28.5150878570751,168.1064691586111,168.1064691586111,0.5165188911354542,UNCERTAIN
beta,beta_F,2024-07-23,sure,1,43,59,17,4.625432000000001,4.761178000000001,4.625432000000001,True,0.061129893313188965,43,60,256.14586281049003,42,42,-28.02597756117457,256.14586281049003,256.14586281049003,0.5960486813987256,UNCERTAIN
beta,beta_F,2024-07-24,sure,1,42,60,19,5.2421074999999995,5.181616999999999,5.181616999999999,True,0.06187693103739278,43,60,332.1628148618412,42,42,-42.71310052046611,332.1628148618412,332.1628148618412,0.6430388640860636,UNCERTAIN
beta,beta_F,2024-07-25,sure,0,-1,-1,0,0.0,0.1624845,0.0,True,0.07163187028664542,51,51,43.99098544150023,53,55,7.461598379970326,36.5293870615299,43.99098544150023,0.2780621606921623,AUTO_KEEP
beta,beta_F,2024-07-26,sure,1,42,58,17,6.5630155,4.785798499999999,4.53733,True,0.04821396975657244,47,60,1024.726019072534,61,61,-240.71934809060545,1024.726019072534,1024.726019072534,0.8107706132814657,AUTO_CORRECT
beta,beta_F,2024-07-27,sure,0,-1,-1,0,0.0,0.0,0.0,True,0.05080426758188472,-1,-1,0.0,58,58,-3906.2334090307268,,-3906.2334090307268,3.502313494023447e-05,AUTO_KEEP
beta,beta_F,2024-07-28,sure,1,47,56,10,1.0082865,1.8196850000000002,1.0082865,True,0.056062050435256694,42,56,56.89286978642949,57,57,-40.380041976559085,56.89286978642949,56.89286978642949,0.31868395313858455,UNCERTAIN
beta,beta_F,2024-07-29,unsure,1,44,60,17,3.629678,3.2794319999999995,3.2794319999999995,True,0.07127683732230139,44,58,171.98869777595093,43,43,-22.860864630010397,171.98869777595093,171.98869777595093,0.5208849040444148,UNCERTAIN
beta,beta_F,2024-07-30,sure,0,-1,-1,0,0.0,0.0,0.0,True,0.08050156020664678,-1,-1,0.0,47,47,-131.96571652895508,,-131.96571652895508,0.00047354294180557306,AUTO_KEEP
beta,beta_F,2024-07-31,sure,0,-1,-1,0,0.0,0.0904395,0.0,True,0.06175542032942083,43,43,104.88044858635591,40,40,23.614147395340503,81.2663011910154,104.88044858635591,0.42686277892175495,UNCERTAIN
beta,beta_F,2024-08-01,sure,0,-1,-1,0,0.0,1.5656965,0.0,True,0.06939930452572884,54,56,188.1144611910177,44,44,25.71809262558061,162.39636856543711,188.1144611910177,0.5379916396175519,UNCERTAIN
beta,beta_F,2024-08-02,unsure,0,-1,-1,0,0.0,2.3520795,0.0,True,0.06214253478145526,46,57,287.91663962968437,42,43,16.765794277532308,271.15084535215203,287.91663962968437,0.6174614550617457,UNCERTAIN
beta,beta_F,2024-08-03,sure,1,43,57,15,2.2416705,2.0966834999999997,2.0966834999999997,True,0.06451306264757051,44,56,58.69222403312354,57,57,-24.10374050140568,58.69222403312354,58.69222403312354,0.3238261763609854,UNCERTAIN
beta,beta_F,2024-08-04,sure,0,-1,-1,0,0.0,0.0,0.0,False,,-1,-1,,-1,-1,,,,,UNCERTAIN
beta,beta_F,2024-08-05,sure,0,-1,-1,0,0.0,0.0,0.0,False,,-1,-1,,-1,-1,,,,,UNCERTAIN
beta,beta_F,2024-08-06,sure,1,40,52,13,4.575089999999999,5.163942499999999,4.575089999999999,True,0.045965998883773285,40,55,518.367304350034,57,59,-25.64811870111904,518.367304350034,518.367304350034,0.7172102118366315,AUTO_CORRECT
beta,beta_F,2024-08-07,sure,1,41,61,21,8.056875999999999,8.056875999999999,8.056875999999999,True,0.05545239289116166,41,61,680.7816260111277,40,40,-67.57450507985472,680.7816260111277,680.7816260111277,0.757737814764733,AUTO_CORRECT
beta,beta_F,2024-08-08,sure,1,41,61,21,8.600901499999999,8.5629715,8.5629715,True,0.06730546047612762,42,61,491.8888867561199,41,41,-18.089448512158814,491.8888867561199,491.8888867561199,0.708961718587999,AUTO_CORRECT
beta,beta_F,2024-08-09,sure,1,41,59,19,3.9453015000000002,2.985187,2.8075745,True,0.04070699878148787,45,60,742.3205139767839,42,43,131.69362771661815,610.6268862601657,742.3205139767839,0.7697503253029858,AUTO_CORRECT
beta,beta_F,2024-08-10,sure,0,-1,-1,0,0.0,1.9046445,0.0,True,0.05871988320186272,43,55,22.852188481794094,57,57,-49.10498819773194,22.852188481794094,22.852188481794094,0.19107450309246268,AUTO_KEEP
beta,beta_F,2024-08-11,sure,0,-1,-1,0,0.0,0.0,0.0,True,0.050348770563757306,-1,-1,0.0,59,59,-474.51514616729503,,-474.51514616729503,0.00017744915604107347,AUTO_KEEP
beta,beta_F,2024-08-12,sure,0,-1,-1,0,0.0,0.0,0.0,True,0.044039498074416095,-1,-1,0.0,49,49,-1465.2615992890644,,-1465.2615992890644,7.452595296643712e-05,AUTO_KEEP
beta,beta_F,2024-08-13,sure,0,-1,-1,0,0.0,0.1344185,0.0,True,0.057040170724646844,49,50,30.79993110623588,52,53,-91.9632955245489,30.79993110623588,30.79993110623588,0.2276802267712654,AUTO_KEEP
beta,beta_F,2024-08-14,sure,0,-1,-1,0,0.0,0.0,0.0,True,0.04958337843553773,-1,-1,0.0,58,58,-3939.8285854074547,,-3939.8285854074547,3.479286968645504e-05,AUTO_KEEP
beta,beta_F,2024-08-15,sure,0,-1,-1,0,0.0,0.0,0.0,True,0.059813253380160525,-1,-1,0.0,47,47,-541.5217204870344,,-541.5217204870344,0.00016031275654509772,AUTO_KEEP
beta,beta_F,2024-08-16,sure,0,-1,-1,0,0.0,0.3846275,0.0,True,0.04082726696393979,54,55,18.93164150115627,50,50,-288.8914911281317,18.93164150115627,18.93164150115627,0.17059726305820833,AUTO_KEEP
beta,beta_F,2024-08-17,sure,0,-1,-1,0,0.0,4.936196499999999,0.0,True,0.05029868581335428,41,57,924.4929929279938,59,61,144.89463058611886,779.5983623418749,924.4929929279938,0.7983148246969232,AUTO_CORRECT
beta,beta_F,2024-08-18,sure,1,40,49,10,2.8101735000000003,3.1638605,2.7685015,True,0.06312072411323855,41,50,345.7895322252224,55,56,109.57923754394815,236.21029468127423,345.7895322252224,0.6500968892973132,UNCERTAIN
beta,beta_F,2024-08-19,sure,1,41,51,11,3.7821570000000007,4.2785005,3.7821570000000007,True,0.05946894010082726,38,51,326.91255555286926,37,37,-310.1135938307752,326.91255555286926,326.91255555286926,0.6402246600119683,UNCERTAIN
beta,beta_F,2024-08-20,sure,1,40,62,23,12.485994999999999,12.5723535,12.485994999999999,True,0.0533672042765978,39,62,1363.1292818323002,38,38,-108.40503054355854,1363.1292818323002,1363.1292818323002,0.8422023783395328,AUTO_CORRECT
beta,beta_F,2024-08-21,sure,1,38,62,25,13.265659500000002,13.2870165,13.1797955,True,0.04492849409078392,37,61,2976.50565705277,63,63,1.4792384738068098,2975.0264185789633,2976.50565705277,0.906881284457298,AUTO_CORRECT
beta,beta_F,2024-08-22,sure,1,42,62,21,8.533091500000001,8.533091500000001,8.533091500000001,True,0.059327909844105076,42,62,932.7541272321538,63,63,-117.87445940951267,932.7541272321538,932.7541272321538,0.7994150172766664,AUTO_CORRECT
beta,beta_F,2024-08-23,sure,1,38,61,24,10.563671,10.735026,10.563671,True,0.05581919661565582,38,62,1025.3026507312736,37,37,-55.15594494507876,1025.3026507312736,1025.3026507312736,0.8108370405200783,AUTO_CORRECT
beta,beta_F,2024-08-24,unsure,0,-1,-1,0,0.0,1.6366285,0.0,True,0.037291685055174995,40,43,1567.1135585643156,54,60,938.6268447009056,628.4867138634099,1567.1135585643156,0.8559537189843407,AUTO_CORRECT
beta,beta_F,2024-08-25,sure,0,-1,-1,0,0.0,0.0,0.0,True,0.032329167457326946,-1,-1,0.0,24,24,-10359.648154445316,,-10359.648154445316,1.6521234573201622e-05,AUTO_KEEP
beta,beta_F,2024-08-26,sure,1,36,63,28,16.587621,16.450950500000005,16.450950500000005,True,0.04176586013768224,37,62,3669.340184907848,36,36,-69.8030041519878,3669.340184907848,3669.340184907848,0.9196295152945352,AUTO_CORRECT
beta,beta_F,2024-08-27,sure,1,37,63,27,17.316084500000002,17.316084500000002,17.316084500000002,True,0.049309464699246464,37,63,2670.910411443115,36,36,-163.71237278911403,2670.910411443115,2670.910411443115,0.8995917936871198,AUTO_CORRECT
beta,beta_F,2024-08-28,sure,1,37,62,26,17.399071000000003,17.727378000000005,17.399071000000003,True,0.03497741405889854,35,62,5834.525325707786,63,63,-204.71205319778298,5834.525325707786,5834.525325707786,0.9423827536009254,AUTO_CORRECT
beta,beta_F,2024-08-29,sure,1,35,63,29,18.071892499999997,17.9152015,17.9152015,True,0.038885948384439484,36,62,4692.412620947763,63,63,-114.11137424070695,4692.412620947763,4692.412620947763,0.9325647805594701,AUTO_CORRECT
beta,beta_F,2024-08-30,sure,1,36,62,27,16.7827965,16.7326975,16.7326975,True,0.033951548286871525,37,62,5519.121028968597,36,36,-116.51515742905796,5519.121028968597,5519.121028968597,0.9400136345154007,AUTO_CORRECT
beta,beta_F,2024-08-31,sure,1,36,62,27,15.457373,15.419537,15.419537,True,0.03342113024399951,37,62,5556.053560232127,36,36,-58.16657611425522,5556.053560232127,5556.053560232127,0.9403026956531924,AUTO_CORRECT
beta,beta_F,2024-09-01,sure,1,37,62,26,13.668908,13.636346,13.636346,True,0.040641874934911115,38,62,3112.902448125877,37,37,-29.105144563685823,3112.902448125877,3112.902448125877,0.9097550478444252,AUTO_CORRECT
beta,beta_F,2024-09-02,sure,1,35,63,29,18.967365,18.896731999999997,18.896731999999997,True,0.027898339861702537,36,63,9956.238904145228,35,35,-216.60525500442506,9956.238904145228,9956.238904145228,0.9610704993201311,AUTO_CORRECT
beta,beta_F,2024-09-03,sure,1,36,63,28,19.829486000000003,19.829486000000003,19.829486000000003,True,0.04954354917190962,36,63,3174.724183375123,35,35,-119.63844203509954,3174.724183375123,3174.724183375123,0.9109909533383975,AUTO_CORRECT
beta,beta_F,2024-09-04,sure,1,37,63,27,18.7995855,18.7995855,18.7995855,True,0.0534995749183691,37,63,2491.679393349345,36,36,-28.41696882881369,2491.679393349345,2491.679393349345,0.8946549571055321,AUTO_CORRECT
beta,beta_F,2024-09-05,sure,1,36,63,28,17.692870999999997,17.572651,17.572651,True,0.04419557306047861,37,62,3411.750271977574,36,36,-57.814770904836465,3411.750271977574,3411.750271977574,0.9153869025027057,AUTO_CORRECT
beta,beta_F,2024-09-06,sure,1,36,63,28,18.2241575,18.1462165,18.1462165,True,0.048614265785388966,36,62,3102.3556403470307,35,35,-66.24736326837493,3102.3556403470307,3102.3556403470307,0.9095401964703047,AUTO_CORRECT
beta,beta_F,2024-09-07,sure,1,36,58,23,10.532243500000002,10.437785000000002,10.437785000000002,True,0.03716403462857465,37,57,2900.090471553132,36,36,-39.680173351785164,2900.090471553132,2900.090471553132,0.9051757494421858,AUTO_CORRECT
beta,beta_F,2024-09-08,sure,0,-1,-1,0,0.0,0.0,0.0,True,0.029915744454621862,-1,-1,0.0,24,64,-8605.29013674951,,-8605.29013674951,1.905993244523697e-05,AUTO_KEEP
beta,beta_F,2024-09-09,unsure,0,-1,-1,0,0.0,6.195969000000001,0.0,True,0.046554746067025254,52,63,1110.3194120304322,35,49,900.7882702554126,209.5311417750196,1110.3194120304322,0.820063644760611,AUTO_CORRECT
beta,beta_F,2024-09-10,sure,1,35,62,28,17.2185575,17.171133500000003,17.171133500000003,True,0.04334555005998997,36,62,3264.133353524259,35,35,-61.97652351902518,3264.133353524259,3264.133353524259,0.9127104419728951,AUTO_CORRECT
beta,beta_F,2024-09-11,sure,1,36,62,27,18.545455999999998,18.767990499999996,18.545455999999998,True,0.05160735714176412,36,63,2902.7706335384,35,35,-70.68822156467051,2902.7706335384,2902.7706335384,0.9052368013678468,AUTO_CORRECT
beta,beta_F,2024-09-12,unsure,0,-1,-1,0,0.0,3.3000485,0.0,True,0.039736111944304264,41,52,938.89055275276,54,58,324.0781890826241,614.8123636701359,938.89055275276,0.8002230831983332,AUTO_CORRECT
beta,beta_F,2024-09-13,unsure,0,-1,-1,0,0.0,4.5681365,0.0,True,0.05364864479379783,37,47,901.9049415886236,49,56,185.59362155410483,716.3113200345188,901.9049415886236,0.7952320505507202,AUTO_CORRECT
beta,beta_F,2024-09-14,sure,1,37,60,24,15.4410585,16.073534,15.421219500000001,True,0.041761782847799855,38,62,4034.251734775521,37,37,-23.252777887696435,4034.251734775521,4034.251734775521,0.9248645824180932,AUTO_CORRECT
beta,beta_F,2024-09-15,sure,1,37,61,25,8.4736185,10.852094000000001,8.399408000000001,True,0.02378825893204728,31,60,2992.548564473869,61,61,-303.8519884381477,2992.548564473869,2992.548564473869,0.9072303378719321,AUTO_CORRECT
beta,beta_F,2024-09-16,sure,1,36,64,29,20.361437,20.215983999999995,20.215983999999995,True,0.03263117800959092,37,63,7574.861366030934,36,36,-125.35485668019182,7574.861366030934,7574.861366030934,0.9523791425790662,AUTO_CORRECT
beta,beta_F,2024-09-17,sure,1,35,63,29,20.127312500000002,20.062512,20.062512,True,0.05060024830013954,36,63,2812.069134680076,35,35,-70.06948292013739,2812.069134680076,2812.069134680076,0.9031184275513328,AUTO_CORRECT
beta,beta_F,2024-09-18,sure,1,35,64,30,21.7057815,21.643722999999998,21.643722999999998,True,0.04484434987879471,36,64,4194.809178524926,35,35,-76.26685418620575,4194.809178524926,4194.809178524926,0.9269271646939509,AUTO_CORRECT
beta,beta_F,2024-09-19,sure,1,35,64,30,22.248048499999996,22.170903999999997,22.170903999999997,True,0.04438797432492425,35,63,4707.599330002644,64,64,-118.82490978757752,4707.599330002644,4707.599330002644,0.9327211473246115,AUTO_CORRECT
beta,beta_F,2024-09-20,sure,1,34,64,31,22.278900000000004,22.120328,22.120328,True,0.04551453255888527,35,63,4426.182344218229,34,34,-80.59936226021075,4426.182344218229,4426.182344218229,0.92967950174597,AUTO_CORRECT
beta,beta_F,2024-09-21,sure,1,36,63,28,18.486407,18.486407,18.486407,True,0.05568033599959765,36,63,2244.577318592851,35,35,-57.771385125960265,2244.577318592851,2244.577318592851,0.8868297999065204,AUTO_CORRECT
beta,beta_F,2024-09-22,sure,1,35,63,29,17.399148999999998,17.281336,17.281336,True,0.03472239820656875,36,62,5637.9838523443605,35,35,-78.4696373207565,5637.9838523443605,5637.9838523443605,0.9409325754546386,AUTO_CORRECT
beta,beta_F,2024-09-23,sure,1,34,63,30,22.1469425,22.090401500000002,22.090401500000002,True,0.038096483725049035,35,63,6595.039510549814,34,34,-91.63240428126957,6595.039510549814,6595.039510549814,0.9472989743136323,AUTO_CORRECT
beta,beta_F,2024-09-24,sure,1,37,53,17,8.409711999999999,8.628577,8.3085165,True,0.05061109059312119,36,52,1597.1648650932284,54,55,144.0841641624922,1453.0807009307362,1597.1648650932284,0.8577477078801853,AUTO_CORRECT
beta,beta_F,2024-09-25,sure,1,40,63,24,13.207270999999999,12.9602815,12.9602815,True,0.0345456549151717,41,62,4696.896838988454,39,39,-225.15861964945225,4696.896838988454,4696.896838988454,0.9326110390180048,AUTO_CORRECT
beta,beta_F,2024-09-26,sure,0,-1,-1,0,0.0,0.0,0.0,True,0.0437917327000934,-1,-1,0.0,24,24,-5417.8581633128115,,-5417.8581633128115,2.722185441405507e-05,AUTO_KEEP
beta,beta_F,2024-09-27,unsure,1,36,59,24,4.6884835,4.745154,4.5522735,True,0.06523074815363405,37,60,171.94643882255411,61,61,-116.60548149683622,171.94643882255411,171.94643882255411,0.5208379243279753,UNCERTAIN
beta,beta_F,2024-09-28,sure,0,-1,-1,0,0.0,1.646502,0.0,True,0.03934799404270306,51,58,118.80991318186996,43,48,93.38374462961204,25.42616855225792,118.80991318186996,0.45030661804748134,UNCERTAIN
beta,beta_F,2024-09-29,sure,0,-1,-1,0,0.0,0.0,0.0,True,0.03506138071463827,-1,-1,0.0,48,51,-472.2072300041968,,-472.2072300041968,0.0001781154955975528,AUTO_KEEP
beta,beta_F,2024-09-30,sure,1,39,63,25,8.435193499999999,7.875221,7.875221,True,0.04644486775797785,39,59,1996.6081767739977,63,63,-9.122756934430496,1996.6081767739977,1996.6081767739977,0.8774609081246411,AUTO_CORRECT
beta,beta_G,2023-10-01,sure,1,41,58,18,10.1705875,11.391292000000002,10.1705875,True,0.0811159968654529,38,59,489.69764720843017,37,37,-352.5536731768538,489.69764720843017,489.69764720843017,0.7340888286670944,AUTO_CORRECT
beta,beta_G,2023-10-02,sure,1,38,61,24,17.161708500000003,17.869277,17.161708500000003,True,0.1049417121156968,36,61,828.5636000454735,62,62,-112.65191092777845,828.5636000454735,828.5636000454735,0.8073776544208814,AUTO_CORRECT
beta,beta_G,2023-10-03,unsure,1,37,58,22,19.276895499999995,18.678353499999997,18.678353499999997,True,0.09756490063005874,38,58,102.59795217284685,37,37,-707.1590038197246,102.59795217284685,102.59795217284685,0.44485545038964813,UNCERTAIN
beta,beta_G,2023-10-04,sure,0,-1,-1,0,0.0,0.0,0.0,True,0.09747175902185035,-1,-1,0.0,39,39,-575.7036853624103,,-575.7036853624103,0.00012739059500561692,AUTO_KEEP
beta,beta_G,2023-10-05,unsure,1,37,65,29,37.54072599999999,38.97942799999999,37.54072599999999,True,0.1134126505079589,36,66,1902.3896630634515,35,35,-866.296214323276,1902.3896630634515,1902.3896630634515,0.8902751428842897,AUTO_CORRECT
beta,beta_G,2023-10-06,unsure,1,38,60,23,28.645032999999994,29.259767000000004,28.645032999999994,True,0.12848016615657665,37,60,1206.8706321163122,62,62,-147.6162009553368,1206.8706321163122,1206.8706321163122,0.8496511737699989,AUTO_CORRECT
beta,beta_G,2023-10-07,sure,1,45,59,15,7.8640255,3.8154749999999993,3.8154749999999993,True,0.08791497948059224,53,58,256.2073503330076,43,44,-17.605639616263712,256.2073503330076,256.2073503330076,0.6228690297591906,UNCERTAIN
beta,beta_G,2023-10-08,sure,1,38,66,29,27.9157175,29.400472,27.9157175,True,0.062036576047013625,35,66,3658.67424960417,67,67,-757.9500008419991,3658.67424960417,3658.67424960417,0.9317238411617444,AUTO_CORRECT
beta,beta_G,2023-10-09,sure,1,37,66,30,31.833367499999998,31.833367499999998,31.833367499999998,True,0.10159328948205104,37,66,1425.894877724203,67,67,-502.4844639957564,1425.894877724203,1425.894877724203,0.8658088397500509,AUTO_CORRECT
beta,beta_G,2023-10-10,sure,1,38,64,27,29.342443499999998,30.120331,28.836131499999997,True,0.11950936625987696,36,63,774.5912070802243,65,65,-394.0544686737126,774.5912070802243,774.5912070802243,0.7989197614324146,AUTO_CORRECT
beta,beta_G,2023-10-11,sure,1,38,65,28,24.635105000000003,25.336028,24.635105000000003,True,0.14221060016511178,37,65,383.73278997992855,66,66,-259.68533652063536,383.73278997992855,383.73278997992855,0.6946578668066602,UNCERTAIN
beta,beta_G,2023-10-12,sure,1,37,63,27,26.644828000000004,26.644828000000004,26.644828000000004,True,0.11798666700715721,37,63,524.7279148784461,36,36,-641.3206616940623,524.7279148784461,524.7279148784461,0.7446555864437457,AUTO_CORRECT
beta,beta_G,2023-10-13,sure,1,36,66,31,35.34572500000001,35.08470750000001,35.08470750000001,True,0.1259575711768921,36,65,1178.7423515647783,66,66,-104.74201048243286,1178.7423515647783,1178.7423515647783,0.8472415669231893,AUTO_CORRECT
beta,beta_G,2023-10-14,sure,1,37,65,29,32.735463499999994,32.735463499999994,32.735463499999994,True,0.1232706211930008,37,65,1314.2436542530409,66,66,-88.232401738822,1314.2436542530409,1314.2436542530409,0.8581000317151045,AUTO_CORRECT
beta,beta_G,2023-10-15,sure,1,38,63,26,24.5381865,24.723464000000003,24.393434499999998,True,0.0527760596007818,37,62,5039.674047713714,63,63,-218.99770658295077,5039.674047713714,5039.674047713714,0.9462470583044922,AUTO_CORRECT
beta,beta_G,2023-10-16,sure,1,36,65,30,31.643438,31.643438,31.643438,True,0.07836151326876761,36,65,2727.6053577726075,66,66,-1154.2030824068984,2727.6053577726075,2727.6053577726075,0.9152884474502285,AUTO_CORRECT
beta,beta_G,2023-10-17,sure,0,-1,-1,0,0.0,0.0,0.0,True,0.1518510852023751,-1,-1,0.0,60,67,-50.29295399316032,,-50.29295399316032,0.0008721600807288381,AUTO_KEEP
beta,beta_G,2023-10-18,sure,0,-1,-1,0,0.0,14.9063395,0.0,True,0.15951691934778367,50,67,120.45630738668999,36,48,-3.5294737500171927,120.45630738668999,120.45630738668999,0.47626881105755964,UNCERTAIN
beta,beta_G,2023-10-19,sure,1,43,67,25,28.274124,27.314525,27.314525,True,0.13821587265596014,44,66,725.0757560392514,67,67,-119.14152294664605,725.0757560392514,725.0757560392514,0.7903587497601045,AUTO_CORRECT
beta,beta_G,2023-10-20,sure,1,37,64,28,29.978626,30.341731,29.6985785,True,0.1604866508955447,36,63,587.707218949821,64,64,-72.05866070590756,587.707218949821,587.707218949821,0.7613860410201899,AUTO_CORRECT
beta,beta_G,2023-10-21,sure,1,37,57,21,14.776774999999999,15.016240999999999,14.5967855,True,0.11501287195359966,38,58,445.8096540991429,37,37,-72.60223157988433,445.8096540991429,445.8096540991429,0.7192917587335713,AUTO_CORRECT
beta,beta_G,2023-10-22,sure,1,38,53,16,6.8372915,8.359532999999999,6.8372915,True,0.10743060920592606,38,56,214.66551040995793,37,37,-57.1689629783966,214.66551040995793,214.66551040995793,0.5894392081550888,UNCERTAIN
beta,beta_G,2023-10-23,sure,1,35,63,29,31.012396499999998,30.427822999999997,30.427822999999997,True,0.10121775160385305,36,63,1367.5019889490397,64,64,-394.42798122394606,1367.5019889490397,1367.5019889490397,0.8619007838546028,AUTO_CORRECT
beta,beta_G,2023-10-24,sure,1,37,60,24,22.9686795,23.5290065,22.9686795,True,0.15846107826230948,36,60,222.9515292051919,35,35,-275.34125454880893,222.9515292051919,222.9515292051919,0.5966753602785253,UNCERTAIN
beta,beta_G,2023-10-25,sure,0,-1,-1,0,0.0,12.461198,0.0,True,0.1372526195934105,38,50,49.82831223216117,54,59,-141.5383183283393,49.82831223216117,49.82831223216117,0.3126439370504541,UNCERTAIN
beta,beta_G,2023-10-26,sure,0,-1,-1,0,0.0,0.0,0.0,True,0.14602706111297703,-1,-1,0.0,42,43,-1261.3864515897587,,-1261.3864515897587,6.832326964037545e-05,AUTO_KEEP
beta,beta_G,2023-10-27,unsure,1,54,64,11,7.064475000000001,3.5268065,3.5268065,True,0.1593580147418403,59,63,103.23476024024329,54,54,-161.10202800626791,103.23476024024329,103.23476024024329,0.44605937916127575,UNCERTAIN
beta,beta_G,2023-10-28,unsure,1,41,60,20,12.555910000000003,5.7135630000000015,5.7135630000000015,True,0.11838064176118435,50,56,364.0495225083117,42,46,214.82400593066308,149.22551657764865,364.0495225083117,0.685727587049126,UNCERTAIN
beta,beta_G,2023-10-29,sure,1,36,64,29,34.667449500000004,35.34608150000001,34.667449500000004,True,0.09415231980687144,35,65,2914.209984658544,34,34,-323.2050766899588,2914.209984658544,2914.209984658544,0.919279504619045,AUTO_CORRECT
beta,beta_G,2023-10-30,sure,1,35,63,29,30.690937,30.124900500000003,30.124900500000003,True,0.1132964453459353,35,62,883.5429881196893,63,63,-460.5765764817253,883.5429881196893,883.5429881196893,0.815190434066362,AUTO_CORRECT
beta,beta_G,2023-10-31,unsure,1,46,61,16,14.775124000000002,15.478903000000003,14.775124000000002,True,0.10617420878745687,46,62,699.9928175632923,39,44,184.99858137265431,514.994236190638,699.9928175632923,0.7856883407675533,AUTO_CORRECT
beta,beta_G,2023-11-01,unsure,1,46,67,22,19.290882000000003,28.3032125,18.976254500000003,True,0.1103991161039608,34,66,977.2445257558255,67,67,-246.53261672717025,977.2445257558255,977.2445257558255,0.8269514750527542,AUTO_CORRECT
beta,beta_G,2023-11-02,sure,1,41,67,27,25.492336,31.460851,25.190910000000002,True,0.13447356465083216,33,66,452.8801488910676,67,67,-112.2682891868033,452.8801488910676,452.8801488910676,0.7218060433641419,AUTO_CORRECT
beta,beta_G,2023-11-03,unsure,0,-1,-1,0,0.0,25.393490999999997,0.0,True,0.11840412188509974,32,65,328.29548619772544,66,66,-1514.9053688642116,328.29548619772544,328.29548619772544,0.6677979205777392,UNCERTAIN
beta,beta_G,2023-11-04,sure,1,45,66,22,15.392342500000002,7.882170499999999,7.882170499999999,True,0.08996440154592111,46,55,1162.3411156661161,57,66,663.811441615082,498.52967405103414,1162.3411156661161,0.8457949614071775,AUTO_CORRECT
beta,beta_G,2023-11-05,unsure,0,-1,-1,0,0.0,2.3200255,0.0,True,0.08213093452232512,45,52,104.18039482713755,40,43,-117.97110515331956,104.18039482713755,104.18039482713755,0.4478348126917617,UNCERTAIN
beta,beta_G,2023-11-06,sure,0,-1,-1,0,0.0,9.4851545,0.0,True,0.09779724518990829,42,54,360.2861441162551,56,65,68.4122714306088,291.87387268564635,360.2861441162551,0.6839487793154818,UNCERTAIN
beta,beta_G,2023-11-07,unsure,1,37,67,31,31.394819999999996,30.698892499999996,28.684418499999996,True,0.15054033745361073,34,62,527.237319508938,66,66,-17.256147512695847,527.237319508938,527.237319508938,0.7453750159238732,AUTO_CORRECT
beta,beta_G,2023-11-08,unsure,1,35,60,26,26.561952,27.342268500000003,26.561952,True,0.1401966023223582,35,61,301.1918975857285,34,34,-510.22363243451963,301.1918975857285,301.1918975857285,0.652473770849244,UNCERTAIN
beta,beta_G,2023-11-09,sure,0,-1,-1,0,0.0,8.947380999999998,0.0,True,0.15257098921556,49,57,196.64260266737097,39,46,-29.30918287197722,196.64260266737097,196.64260266737097,0.5725450811495189,UNCERTAIN
beta,beta_G,2023-11-10,unsure,1,37,64,28,27.337290999999997,28.602645999999996,27.337290999999997,True,0.14470471309701827,35,64,453.55816549277466,65,65,-153.53299356097656,453.55816549277466,453.55816549277466,0.7220443645701762,AUTO_CORRECT
beta,beta_G,2023-11-11,unsure,1,37,56,20,14.49232,15.4060315,14.49232,True,0.1229930435465465,37,58,403.69811436479654,36,36,-216.740337407498,403.69811436479654,403.69811436479654,0.7031248764899455,AUTO_CORRECT
beta,beta_G,2023-11-12,sure,0,-1,-1,0,0.0,0.0,0.0,True,0.08261535157799882,-1,-1,0.0,39,39,-252.8973304983704,,-252.8973304983704,0.00024459606023707393,AUTO_KEEP
beta,beta_G,2023-11-13,sure,1,43,65,23,20.849995000000003,23.281437,20.849995000000003,True,0.07307254045683997,40,65,1497.3865845963358,38,38,-685.343027214794,1497.3865845963358,1497.3865845963358,0.8702622931698268,AUTO_CORRECT
beta,beta_G,2023-11-14,sure,1,36,60,25,24.980507499999998,25.781237499999996,24.980507499999998,True,0.1469474791047478,35,60,237.33100799852213,61,61,-518.9069158206767,237.33100799852213,237.33100799852213,0.6085268056220913,UNCERTAIN
beta,beta_G,2023-11-15,sure,1,37,56,20,17.576432,20.3256395,17.576432,True,0.10763812754245228,37,59,682.39489991803,36,36,-1650.6229036302348,682.39489991803,682.39489991803,0.7822639118477239,AUTO_CORRECT
beta,beta_G,2023-11-16,sure,1,40,53,14,13.670714,19.232808000000002,13.670714,True,0.11204143373853714,40,59,763.4683161073599,39,39,-1450.1478563146147,763.4683161073599,763.4683161073599,0.7970678792511141,AUTO_CORRECT
beta,beta_G,2023-11-17,sure,0,-1,-1,0,0.0,12.4970885,0.0,True,0.14160463114002253,54,65,141.96712616336566,67,67,-43.80383988226788,141.96712616336566,141.96712616336566,0.508670747056908,UNCERTAIN
beta,beta_G,2023-11-18,sure,1,36,66,31,32.895497,33.555873,32.895497,True,0.0770848858600508,34,66,3082.026214668281,67,67,-128.27123708198542,3082.026214668281,3082.026214668281,0.9225215415396913,AUTO_CORRECT
beta,beta_G,2023-11-19,sure,1,35,60,26,25.140008,25.140008,25.140008,True,0.09148495401783574,35,60,1277.0525288981526,34,34,-218.21427326738453,1277.0525288981526,1277.0525288981526,0.8552994737256079,AUTO_CORRECT
beta,beta_G,2023-11-20,sure,0,-1,-1,0,0.0,0.0,0.0,True,0.11971998302048448,-1,-1,0.0,60,60,-506.7899768114737,,-506.7899768114737,0.00014095707849973017,AUTO_KEEP
beta,beta_G,2023-11-21,sure,1,44,63,20,15.852603,8.219542,7.407058000000001,True,0.11863302902976747,55,64,137.23419293820453,43,43,-141.63189387532734,137.23419293820453,137.23419293820453,0.5019780337814274,UNCERTAIN
beta,beta_G,2023-11-22,sure,0,-1,-1,0,0.0,0.0,0.0,True,0.10581146071124037,-1,-1,0.0,50,63,-44.47234145003631,,-44.47234145003631,0.0009597560636061562,AUTO_KEEP
beta,beta_G,2023-11-23,sure,0,-1,-1,0,0.0,0.0,0.0,True,0.12869954465980493,-1,-1,0.0,36,41,-76.301913688727,,-76.301913688727,0.0006295524029944215,AUTO_KEEP
beta,beta_G,2023-11-24,sure,0,-1,-1,0,0.0,0.0,0.0,True,0.1525194619807544,-1,-1,0.0,40,54,-132.64627887167515,,-132.64627887167515,0.00040740967386753324,AUTO_KEEP
beta,beta_G,2023-11-25,sure,0,-1,-1,0,0.0,0.0,0.0,True,0.11576357552145122,-1,-1,0.0,58,58,-813.832617179768,,-813.832617179768,9.677492836526318e-05,AUTO_KEEP
beta,beta_G,2023-11-26,sure,1,38,56,19,12.465798500000002,13.272777000000001,12.465798500000002,True,0.07033744436818079,35,56,1026.4360344249064,58,58,-553.1253728996788,1026.4360344249064,1026.4360344249064,0.8324642147305515,AUTO_CORRECT
beta,beta_G,2023-11-27,sure,0,-1,-1,0,0.0,19.919412,0.0,True,0.1049236162146654,35,54,110.2907902101835,56,59,-458.90191953121627,110.2907902101835,110.2907902101835,0.458964446448286,UNCERTAIN
beta,beta_G,2023-11-28,sure,0,-1,-1,0,0.0,1.4319575,0.0,True,0.13318237216339313,62,63,49.62501159559574,47,47,-429.46014726663185,49.62501159559574,49.62501159559574,0.3119593808827135,UNCERTAIN
beta,beta_G,2023-11-29,sure,0,-1,-1,0,0.0,0.0,0.0,True,0.13709106478581923,-1,-1,0.0,34,63,-19.942398667113505,,-19.942398667113505,0.0017766486182828167,AUTO_KEEP
beta,beta_G,2023-11-30,unsure,1,37,62,26,24.2782895,37.11367549999999,24.2782895,True,0.11717794876481769,30,67,252.95415240600428,29,29,-2838.6261733805904,252.95415240600428,252.95415240600428,0.6204880929199857,UNCERTAIN
beta,beta_G,2023-12-01,sure,0,-1,-1,0,0.0,0.0,0.0,True,0.11369473438971722,-1,-1,0.0,37,46,-186.82431754593048,,-186.82431754593048,0.00031083590393571917,AUTO_KEEP
beta,beta_G,2023-12-02,sure,0,-1,-1,0,0.0,4.066371999999999,0.0,True,0.10295020963739576,43,50,337.4739929116174,62,62,-234.17183641069872,337.4739929116174,337.4739929116174,0.672630471929642,UNCERTAIN
beta,beta_G,2023-12-03,unsure,1,37,46,10,4.499874,4.924129000000001,4.460516500000001,True,0.05659643056594721,38,47,751.7917693511625,37,37,-30.605377529680833,751.7917693511625,751.7917693511625,0.7950806419963512,AUTO_CORRECT
beta,beta_G,2023-12-04,sure,0,-1,-1,0,0.0,0.0,0.0,True,0.10341411278036183,-1,-1,0.0,45,64,-111.92614839446377,,-111.92614839446377,0.0004657923856544455,AUTO_KEEP
beta,beta_G,2023-12-05,sure,0,-1,-1,0,0.0,0.0,0.0,True,0.15538861897704415,-1,-1,0.0,35,54,-127.11067288163765,,-127.11067288163765,0.0004213434845511636,AUTO_KEEP
beta,beta_G,2023-12-06,sure,0,-1,-1,0,0.0,0.0,0.0,True,0.15146330717873857,-1,-1,0.0,33,60,-989.7670521541422,,-989.7670521541422,8.284093250239664e-05,AUTO_KEEP
beta,beta_G,2023-12-07,sure,0,-1,-1,0,0.0,0.0,0.0,True,0.12262001328542249,-1,-1,0.0,37,45,-356.52905307949493,,-356.52905307949493,0.00018631597013146048,AUTO_KEEP
beta,beta_G,2023-12-08,sure,0,-1,-1,0,0.0,0.0,0.0,True,0.11586889315840754,-1,-1,0.0,45,45,-1774.8428128677388,,-1774.8428128677388,5.208368916840936e-05,AUTO_KEEP
beta,beta_G,2023-12-09,sure,0,-1,-1,0,0.0,0.0,0.0,True,0.12151700000000032,-1,-1,0.0,27,27,-3814.7803244888346,,-3814.7803244888346,2.8348392006410785e-05,AUTO_KEEP
beta,beta_G,2023-12-10,sure,0,-1,-1,0,0.0,0.0,0.0,True,0.14385600000000043,-1,-1,0.0,47,47,-479.5146509372348,,-479.5146509372348,0.0001472833211995034,AUTO_KEEP
beta,beta_G,2023-12-11,sure,0,-1,-1,0,0.0,0.0,0.0,True,0.1010209999999998,-1,-1,0.0,41,47,-1005.6399615096569,,-1005.6399615096569,8.180046020845301e-05,AUTO_KEEP
beta,beta_G,2023-12-12,sure,0,-1,-1,0,0.0,0.0,0.0,True,0.10350654069793919,-1,-1,0.0,47,53,-1083.5830582070455,,-1083.5830582070455,7.709015629070637e-05,AUTO_KEEP
beta,beta_G,2023-12-13,sure,0,-1,-1,0,0.0,0.0,0.0,True,0.14602663484526968,-1,-1,0.0,39,43,-607.0062146539987,,-607.0062146539987,0.00012214710460922083,AUTO_KEEP
beta,beta_G,2023-12-14,sure,0,-1,-1,0,0.0,0.0,0.0,True,0.1621221433769069,-1,-1,0.0,38,46,-2209.133429402228,,-2209.133429402228,4.376633990000594e-05,AUTO_KEEP
beta,beta_G,2023-12-15,sure,0,-1,-1,0,0.0,0.0,0.0,True,0.11635909171568581,-1,-1,0.0,40,41,-1080.2758495775333,,-1080.2758495775333,7.727760763599326e-05,AUTO_KEEP
beta,beta_G,2023-12-16,sure,0,-1,-1,0,0.0,0.0,0.0,True,0.12771781662903559,-1,-1,0.0,40,40,-433.13289542184293,,-433.13289542184293,0.00015966450704673558,AUTO_KEEP
beta,beta_G,2023-12-17,unsure,0,-1,-1,0,0.0,0.0,0.0,True,0.07192357845220565,-1,-1,0.0,43,43,-230.98417045240063,,-230.98417045240063,0.00026279515232284934,AUTO_KEEP
beta,beta_G,2023-12-18,sure,0,-1,-1,0,0.0,0.0,0.0,True,0.10279784120195501,-1,-1,0.0,45,47,-1988.432549097656,,-1988.432549097656,4.758559405875568e-05,AUTO_KEEP
beta,beta_G,2023-12-19,sure,0,-1,-1,0,0.0,0.0,0.0,True,0.13218833918382344,-1,-1,0.0,29,29,-4101.37331243997,,-4101.37331243997,2.676180008619037e-05,AUTO_KEEP
beta,beta_G,2023-12-20,sure,0,-1,-1,0,0.0,0.0,0.0,True,0.11531933239670522,-1,-1,0.0,44,44,-3796.6016686415505,,-3796.6016686415505,2.8456259336458273e-05,AUTO_KEEP
beta,beta_G,2023-12-21,sure,0,-1,-1,0,0.0,0.0,0.0,True,0.08538274949496127,-1,-1,0.0,63,64,-623.2163322911307,,-623.2163322911307,0.00011961791663233113,AUTO_KEEP
beta,beta_G,2023-12-22,unsure,1,43,62,20,16.547760500000003,22.251748999999997,16.547760500000003,True,0.12118945928292968,36,64,417.73568160268707,35,35,-557.4409141744921,417.73568160268707,417.73568160268707,0.7087542907837817,AUTO_CORRECT
beta,beta_G,2023-12-23,unsure,1,36,60,25,21.072682,23.090933000000007,21.072682,True,0.09308009249278548,35,63,578.5156410336482,34,34,-251.24846668861727,578.5156410336482,578.5156410336482,0.7591048831137935,AUTO_CORRECT
beta,beta_G,2023-12-24,unsure,1,51,59,9,9.4040845,8.653956500000001,8.653956500000001,True,0.07675934693005804,52,58,3274.7568317958217,60,67,-279.71414507704463,3274.7568317958217,3274.7568317958217,0.925898987128541,AUTO_CORRECT
beta,beta_G,2023-12-25,unsure,1,40,51,12,6.5222365,28.198423000000002,6.5222365,True,0.08134058740581773,39,66,850.0177557782497,38,38,-525.4040393998853,850.0177557782497,850.0177557782497,0.8105160348577463,AUTO_CORRECT
beta,beta_G,2023-12-26,unsure,1,37,52,16,6.978816999999999,0.0,0.0,True,0.04888128869743591,-1,-1,0.0,37,40,-17.003093096947445,,-17.003093096947445,0.0020032633010064007,AUTO_KEEP
beta,beta_G,2023-12-27,sure,0,-1,-1,0,0.0,12.6470985,0.0,True,0.09618937786063375,36,53,278.42010914011877,35,35,-257.81969369200334,278.42010914011877,278.42010914011877,0.6382142708063132,UNCERTAIN
beta,beta_G,2023-12-28,sure,0,-1,-1,0,0.0,25.860066,0.0,True,0.12525267763706083,33,62,14.399786433926396,32,32,-712.7207965675335,14.399786433926396,14.399786433926396,0.1496356539055101,AUTO_KEEP
beta,beta_G,2023-12-29,unsure,0,-1,-1,0,0.0,0.0,0.0,True,0.0993982886503404,-1,-1,0.0,38,44,-130.96398132380617,,-130.96398132380617,0.00041153320961768476,AUTO_KEEP
beta,beta_G,2023-12-30,sure,1,38,48,11,2.9963565,5.097847,2.9087275,True,0.0880654772181857,39,52,124.97810770773924,38,38,-31.212577507712403,124.97810770773924,124.97810770773924,0.4835247435727734,UNCERTAIN
beta,beta_G,2023-12-31,sure,0,-1,-1,0,0.0,0.0,0.0,True,0.08310962763852636,-1,-1,0.0,57,57,-2583.6617043265937,,-2583.6617043265937,3.864323247251334e-05,AUTO_KEEP
beta,beta_G,2024-01-01,unsure,0,-1,-1,0,0.0,4.4830625,0.0,True,0.0800931581846509,54,61,244.2736056091994,51,52,229.98446065278466,14.28914495641473,244.2736056091994,0.6139532233542838,UNCERTAIN
beta,beta_G,2024-01-02,sure,0,-1,-1,0,0.0,0.0,0.0,True,0.10652815431651153,-1,-1,0.0,46,50,-401.5349809602313,,-401.5349809602313,0.00016955291860347788,AUTO_KEEP
beta,beta_G,2024-01-03,sure,0,-1,-1,0,0.0,0.0,0.0,True,0.13570138871995807,-1,-1,0.0,37,50,-298.1297991812167,,-298.1297991812167,0.00021470169472303098,AUTO_KEEP
beta,beta_G,2024-01-04,sure,0,-1,-1,0,0.0,0.0,0.0,True,0.15427146011474768,-1,-1,0.0,38,38,-364.40012387172055,,-364.40012387172055,0.00018311755838020555,AUTO_KEEP
beta,beta_G,2024-01-05,sure,0,-1,-1,0,0.0,0.0,0.0,True,0.08902305359817486,-1,-1,0.0,59,59,-720.5413466072393,,-720.5413466072393,0.0001065998091378533,AUTO_KEEP
beta,beta_G,2024-01-06,unsure,0,-1,-1,0,0.0,13.9336295,0.0,True,0.08990549258199332,36,66,325.3585957165274,67,67,-392.3682619244931,325.3585957165274,325.3585957165274,0.6662154162837537,UNCERTAIN
beta,beta_G,2024-01-07,unsure,0,-1,-1,0,0.0,12.958051500000002,0.0,True,0.08221985257783126,36,57,644.7164606804723,35,35,-905.1456302437108,644.7164606804723,644.7164606804723,0.7744838055537472,AUTO_CORRECT
beta,beta_G,2024-01-08,sure,0,-1,-1,0,0.0,0.0,0.0,True,0.1012145603698702,-1,-1,0.0,48,48,-2089.1147006680258,,-2089.1147006680258,4.575349007714911e-05,AUTO_KEEP
beta,beta_G,2024-01-09,sure,0,-1,-1,0,0.0,6.1883040000000005,0.0,True,0.0808245960703875,56,62,32.29083716393347,39,39,-1514.3156131956096,32.29083716393347,32.29083716393347,0.24520753211514806,AUTO_KEEP
beta,beta_G,2024-01-10,sure,0,-1,-1,0,0.0,0.0,0.0,True,0.09178793467934687,-1,-1,0.0,47,47,-1209.3095987669044,,-1209.3095987669044,7.065101673163513e-05,AUTO_KEEP
beta,beta_G,2024-01-11,sure,0,-1,-1,0,0.0,0.0,0.0,True,0.1160277212983094,-1,-1,0.0,47,47,-1034.7206610981968,,-1034.7206610981968,7.996866201051875e-05,AUTO_KEEP
beta,beta_G,2024-01-12,sure,0,-1,-1,0,0.0,0.0,0.0,True,0.1413126999339367,-1,-1,0.0,44,44,-782.0451855140184,,-782.0451855140184,9.988623456534028e-05,AUTO_KEEP
beta,beta_G,2024-01-13,sure,0,-1,-1,0,0.0,0.0,0.0,True,0.1434901432061393,-1,-1,0.0,41,47,-55.152012110955596,,-55.152012110955596,0.0008116353567401859,AUTO_KEEP
beta,beta_G,2024-01-14,sure,0,-1,-1,0,0.0,0.0,0.0,True,0.09732573072396367,-1,-1,0.0,48,48,-467.88024104221205,,-467.88024104221205,0.00015018207434588658,AUTO_KEEP
beta,beta_G,2024-01-15,sure,0,-1,-1,0,0.0,0.0,0.0,True,0.09041068994334989,-1,-1,0.0,54,54,-1356.8185056192763,,-1356.8185056192763,6.447619139880139e-05,AUTO_KEEP
beta,beta_G,2024-01-16,sure,0,-1,-1,0,0.0,0.0,0.0,True,0.06516992909613695,-1,-1,0.0,61,61,-1415.0514460560485,,-1415.0514460560485,6.235855833269357e-05,AUTO_KEEP
beta,beta_G,2024-01-17,sure,0,-1,-1,0,0.0,0.0,0.0,True,0.13298790626395007,-1,-1,0.0,39,39,-616.381253079713,,-616.381253079713,0.0001206698243820055,AUTO_KEEP
beta,beta_G,2024-01-18,sure,0,-1,-1,0,0.0,0.0,0.0,True,0.10684727025729579,-1,-1,0.0,39,44,-804.8100519813939,,-804.8100519813939,9.763563662266329e-05,AUTO_KEEP
beta,beta_G,2024-01-19,unsure,0,-1,-1,0,0.0,0.0,0.0,True,0.12393338997868408,-1,-1,0.0,43,60,-197.3894175963032,,-197.3894175963032,0.0002976015276064742,AUTO_KEEP
beta,beta_G,2024-01-20,sure,0,-1,-1,0,0.0,0.0,0.0,True,0.09874676717203146,-1,-1,0.0,39,39,-86.32482463567588,,-86.32482463567588,0.0005714098724067437,AUTO_KEEP
beta,beta_G,2024-01-21,sure,0,-1,-1,0,0.0,0.0,0.0,True,0.10035978484360353,-1,-1,0.0,39,39,-842.1854322889966,,-842.1854322889966,9.41781103242978e-05,AUTO_KEEP
beta,beta_G,2024-01-22,sure,0,-1,-1,0,0.0,0.0,0.0,True,0.12809587809038447,-1,-1,0.0,43,63,-257.1752318551246,,-257.1752318551246,0.0002413680452212699,AUTO_KEEP
beta,beta_G,2024-01-23,sure,0,-1,-1,0,0.0,0.0,0.0,True,0.12654919030604006,-1,-1,0.0,61,63,-146.6096118310258,,-146.6096118310258,0.0003764620291665672,AUTO_KEEP
beta,beta_G,2024-01-24,unsure,0,-1,-1,0,0.0,0.0,0.0,True,0.1226120300936806,-1,-1,0.0,37,53,-325.19961923111435,,-325.19961923111435,0.00020040995660656683,AUTO_KEEP
beta,beta_G,2024-01-25,sure,0,-1,-1,0,0.0,0.0,0.0,True,0.11602509011677942,-1,-1,0.0,24,24,-6780.451913099455,,-6780.451913099455,1.794377951462217e-05,AUTO_KEEP
beta,beta_G,2024-01-26,sure,0,-1,-1,0,0.0,0.0,0.0,True,0.11582930852918771,-1,-1,0.0,37,37,-6376.551946628342,,-6376.551946628342,1.884183863221101e-05,AUTO_KEEP
beta,beta_G,2024-01-27,sure,0,-1,-1,0,0.0,0.0,0.0,True,0.10427643052494329,-1,-1,0.0,41,41,-2686.105195769028,,-2686.105195769028,3.746695855369325e-05,AUTO_KEEP
beta,beta_G,2024-01-28,sure,0,-1,-1,0,0.0,0.0,0.0,True,0.07122362911238955,-1,-1,0.0,58,58,-756.8453005104404,,-756.8453005104404,0.00010251863491754822,AUTO_KEEP
beta,beta_G,2024-01-29,sure,0,-1,-1,0,0.0,0.0,0.0,True,0.09512387307722392,-1,-1,0.0,38,38,-1190.2671219454164,,-1190.2671219454164,7.154767914654166e-05,AUTO_KEEP
beta,beta_G,2024-01-30,sure,0,-1,-1,0,0.0,0.0,0.0,True,0.14370883810125523,-1,-1,0.0,46,47,-1445.141077875683,,-1445.141077875683,6.132450909988703e-05,AUTO_KEEP
beta,beta_G,2024-01-31,sure,0,-1,-1,0,0.0,0.0,0.0,True,0.16496015724061142,-1,-1,0.0,42,42,-849.4194012935487,,-849.4194012935487,9.354048438660532e-05,AUTO_KEEP
beta,beta_G,2024-02-01,sure,0,-1,-1,0,0.0,0.0,0.0,True,0.09493687460956668,-1,-1,0.0,50,51,-1111.2852828770392,,-1111.2852828770392,7.555936740711005e-05,AUTO_KEEP
beta,beta_G,2024-02-02,sure,0,-1,-1,0,0.0,0.0,0.0,True,0.1110067688233718,-1,-1,0.0,40,41,-2521.8149981356137,,-2521.8149981356137,3.939475326980269e-05,AUTO_KEEP
beta,beta_G,2024-02-03,sure,0,-1,-1,0,0.0,0.0,0.0,True,0.10795929605982035,-1,-1,0.0,42,53,-12.167045138874604,,-12.167045138874604,0.0025676840552857575,AUTO_KEEP
beta,beta_G,2024-02-04,sure,0,-1,-1,0,0.0,0.0,0.0,True,0.0783856570333108,-1,-1,0.0,39,39,-892.9998665623342,,-892.9998665623342,8.989585256171104e-05,AUTO_KEEP
beta,beta_G,2024-02-05,sure,0,-1,-1,0,0.0,0.0,0.0,True,0.15494199994070446,-1,-1,0.0,24,24,-5435.3309833151425,,-5435.3309833151425,2.139316790931225e-05,AUTO_KEEP
beta,beta_G,2024-02-06,sure,0,-1,-1,0,0.0,0.0,0.0,True,0.1217804229024484,-1,-1,0.0,43,43,-3025.496222793923,,-3025.496222793923,3.408537197287091e-05,AUTO_KEEP
beta,beta_G,2024-02-07,sure,0,-1,-1,0,0.0,0.0,0.0,True,0.1299281355456392,-1,-1,0.0,63,64,-2273.680565227617,,-2273.680565227617,4.277576766026558e-05,AUTO_KEEP
beta,beta_G,2024-02-08,sure,0,-1,-1,0,0.0,0.0,0.0,True,0.08248143270196362,-1,-1,0.0,64,64,-1668.6108457735138,,-1668.6108457735138,5.4702383156522046e-05,AUTO_KEEP
beta,beta_G,2024-02-09,sure,0,-1,-1,0,0.0,26.612462,0.0,True,0.1315106559370114,37,63,272.2576665952344,64,64,-595.5799551137032,272.2576665952344,272.2576665952344,0.6341090619001765,UNCERTAIN
beta,beta_G,2024-02-10,sure,0,-1,-1,0,0.0,0.0,0.0,True,0.10309592502453402,-1,-1,0.0,64,64,-96.99170567426397,,-96.99170567426397,0.0005213905700514317,AUTO_KEEP
beta,beta_G,2024-02-11,sure,0,-1,-1,0,0.0,0.0,0.0,True,0.08143052895266578,-1,-1,0.0,48,48,-571.0680736476806,,-571.0680736476806,0.0001282107874703417,AUTO_KEEP
beta,beta_G,2024-02-12,sure,0,-1,-1,0,0.0,0.0,0.0,True,0.0634271390938781,-1,-1,0.0,41,43,-530.1099884251562,,-530.1099884251562,0.0001360129650711198,AUTO_KEEP
beta,beta_G,2024-02-13,sure,0,-1,-1,0,0.0,0.0,0.0,True,0.11938363050576939,-1,-1,0.0,39,51,-709.7533056605644,,-709.7533056605644,0.00010788449245553459,AUTO_KEEP
beta,beta_G,2024-02-14,sure,0,-1,-1,0,0.0,0.0,0.0,True,0.09426282443569489,-1,-1,0.0,40,44,-1289.190554488875,,-1289.190554488875,6.714974117541892e-05,AUTO_KEEP
beta,beta_G,2024-02-15,sure,0,-1,-1,0,0.0,0.0,0.0,True,0.08998701934959774,-1,-1,0.0,61,61,-1878.6621069134621,,-1878.6621069134621,4.97826908637936e-05,AUTO_KEEP
beta,beta_G,2024-02-16,sure,0,-1,-1,0,0.0,0.0,0.0,True,0.13911141190719567,-1,-1,0.0,43,61,-89.64734516423248,,-89.64734516423248,0.0005546988200323069,AUTO_KEEP
beta,beta_G,2024-02-17,sure,0,-1,-1,0,0.0,0.0,0.0,True,0.08778510791791039,-1,-1,0.0,40,51,-69.41576924942582,,-69.41576924942582,0.0006780111763945063,AUTO_KEEP
beta,beta_G,2024-02-18,sure,0,-1,-1,0,0.0,0.0,0.0,True,0.09212433157723199,-1,-1,0.0,41,44,-407.49690574896647,,-407.49690574896647,0.00016758223825605358,AUTO_KEEP
beta,beta_G,2024-02-19,sure,0,-1,-1,0,0.0,0.0,0.0,True,0.09983784859464917,-1,-1,0.0,68,68,-436.4440168767157,,-436.4440168767157,0.00015870275450824675,AUTO_KEEP
beta,beta_G,2024-02-20,sure,0,-1,-1,0,0.0,0.0,0.0,True,0.11026190710424144,-1,-1,0.0,63,63,-578.3809420739296,,-578.3809420739296,0.00012692226962658347,AUTO_KEEP
beta,beta_G,2024-02-21,sure,0,-1,-1,0,0.0,0.0,0.0,True,0.09237868127116311,-1,-1,0.0,52,57,-334.92585761551106,,-334.92585761551106,0.0001957822069362943,AUTO_KEEP
beta,beta_G,2024-02-22,sure,0,-1,-1,0,0.0,0.0,0.0,True,0.11669707182310063,-1,-1,0.0,46,47,-127.1881628902792,,-127.1881628902792,0.0004211409906623426,AUTO_KEEP
beta,beta_G,2024-02-23,sure,0,-1,-1,0,0.0,0.0,0.0,True,0.14207902725154664,-1,-1,0.0,40,41,-1640.6669491368496,,-1640.6669491368496,5.544158982162231e-05,AUTO_KEEP
beta,beta_G,2024-02-24,sure,0,-1,-1,0,0.0,0.0,0.0,True,0.10128301100571768,-1,-1,0.0,60,61,-2578.5106987602026,,-2578.5106987602026,3.870458840224452e-05,AUTO_KEEP
beta,beta_G,2024-02-25,unsure,1,50,61,12,5.602723500000001,4.938402999999999,4.269305999999999,True,0.06719981703770816,54,63,456.76486170879434,45,47,48.85790017469169,407.90696153410266,456.76486170879434,0.7231650257190588,AUTO_CORRECT
beta,beta_G,2024-02-26,sure,0,-1,-1,0,0.0,0.0,0.0,True,0.08992913711149697,-1,-1,0.0,38,54,-613.3214724681103,,-613.3214724681103,0.00012114752254204769,AUTO_KEEP
beta,beta_G,2024-02-27,sure,0,-1,-1,0,0.0,0.0,0.0,True,0.1361409323671232,-1,-1,0.0,52,56,-36.742272847198414,,-36.742272847198414,0.001112883801373549,AUTO_KEEP
beta,beta_G,2024-02-28,sure,0,-1,-1,0,0.0,0.0,0.0,True,0.11867220772095477,-1,-1,0.0,43,56,-311.7895043582215,,-311.7895043582215,0.00020721241499737576,AUTO_KEEP
beta,beta_G,2024-02-29,sure,0,-1,-1,0,0.0,0.0,0.0,True,0.1109275157512073,-1,-1,0.0,41,43,-4964.273697035616,,-4964.273697035616,2.2992159846407215e-05,AUTO_KEEP
beta,beta_G,2024-03-01,sure,0,-1,-1,0,0.0,0.0,0.0,True,0.10671565640424951,-1,-1,0.0,45,45,-1728.0019220995237,,-1728.0019220995237,5.320273870155022e-05,AUTO_KEEP
beta,beta_G,2024-03-02,sure,0,-1,-1,0,0.0,0.0,0.0,True,0.1263885061491088,-1,-1,0.0,41,41,-3211.1929994944626,,-3211.1929994944626,3.2508799848467896e-05,AUTO_KEEP
beta,beta_G,2024-03-03,sure,0,-1,-1,0,0.0,5.644394499999999,0.0,True,0.06992608975804959,49,58,175.3062972112426,44,45,-612.2035295766458,175.3062972112426,175.3062972112426,0.5501777506552422,UNCERTAIN
beta,beta_G,2024-03-04,sure,0,-1,-1,0,0.0,0.0,0.0,True,0.08026974222258332,-1,-1,0.0,52,60,-474.09520160245347,,-474.09520160245347,0.00014861774086742096,AUTO_KEEP
beta,beta_G,2024-03-05,unsure,0,-1,-1,0,0.0,30.397708000000005,0.0,True,0.13808666447951845,36,65,237.2873324977067,66,66,-302.55861989285177,237.2873324977067,237.2873324977067,0.6084920824279895,UNCERTAIN
beta,beta_G,2024-03-06,sure,0,-1,-1,0,0.0,25.142909,0.0,True,0.08591873201662636,38,60,410.30902321007443,37,37,-1283.2277595536455,410.30902321007443,410.30902321007443,0.7058077832250601,AUTO_CORRECT
beta,beta_G,2024-03-07,sure,0,-1,-1,0,0.0,0.0,0.0,True,0.11589354212806491,-1,-1,0.0,51,55,-767.3033548082641,,-767.3033548082641,0.00010140736696756095,AUTO_KEEP
beta,beta_G,2024-03-08,sure,0,-1,-1,0,0.0,0.0,0.0,True,0.12883332290410188,-1,-1,0.0,38,62,-221.73675215410321,,-221.73675215410321,0.00027143374242975284,AUTO_KEEP
beta,beta_G,2024-03-09,sure,0,-1,-1,0,0.0,9.112833999999998,0.0,True,0.1253363271832395,39,58,16.551119188986917,38,38,-228.53565918588143,16.551119188986917,16.551119188986917,0.16335635833427783,AUTO_KEEP
beta,beta_G,2024-03-10,sure,0,-1,-1,0,0.0,6.410179500000001,0.0,True,0.06974380131399016,39,52,65.06399310460151,54,54,-192.55406314885698,65.06399310460151,65.06399310460151,0.3590978210072953,UNCERTAIN
beta,beta_G,2024-03-11,sure,0,-1,-1,0,0.0,0.0,0.0,True,0.08442446763335942,-1,-1,0.0,38,62,-161.89889139485783,,-161.89889139485783,0.0003480900898912045,AUTO_KEEP
beta,beta_G,2024-03-12,unsure,0,-1,-1,0,0.0,0.0,0.0,True,0.12443265920499957,-1,-1,0.0,38,58,-210.81826892963142,,-210.81826892963142,0.0002825005677922779,AUTO_KEEP
beta,beta_G,2024-03-13,sure,0,-1,-1,0,0.0,18.079183,0.0,True,0.10359311408707139,41,55,402.09149558019215,58,58,-1140.0304713585701,402.09149558019215,402.09149558019215,0.7024640854612975,AUTO_CORRECT
beta,beta_G,2024-03-14,sure,0,-1,-1,0,0.0,0.0,0.0,True,0.11990321440516327,-1,-1,0.0,38,56,-381.59244017306924,,-381.59244017306924,0.0001765437836660175,AUTO_KEEP
beta,beta_G,2024-03-15,sure,0,-1,-1,0,0.0,0.0,0.0,True,0.13117747380701772,-1,-1,0.0,58,58,-259.54443322130584,,-259.54443322130584,0.00023962127706817738,AUTO_KEEP
beta,beta_G,2024-03-16,sure,0,-1,-1,0,0.0,0.0,0.0,True,0.11695841503208282,-1,-1,0.0,45,45,-213.39006156149858,,-213.39006156149858,0.0002798028379081079,AUTO_KEEP
beta,beta_G,2024-03-17,sure,0,-1,-1,0,0.0,9.1922115,0.0,True,0.09008489467217196,45,58,335.4163787406093,66,66,-146.19891242839515,335.4163787406093,335.4163787406093,0.6715617280629137,UNCERTAIN
beta,beta_G,2024-03-18,sure,0,-1,-1,0,0.0,5.860918,0.0,True,0.07447347974427565,56,62,512.0620210065568,64,66,-602.8430373647042,512.0620210065568,512.0620210065568,0.7409502523654095,AUTO_CORRECT
beta,beta_G,2024-03-19,sure,0,-1,-1,0,0.0,19.500615999999997,0.0,True,0.0898703928404676,45,63,383.9845677836596,64,64,-1393.1593181176918,383.9845677836596,383.9845677836596,0.6947682146342746,UNCERTAIN
beta,beta_G,2024-03-20,sure,0,-1,-1,0,0.0,0.0,0.0,True,0.12528512086507515,-1,-1,0.0,45,45,-924.1845859001775,,-924.1845859001775,8.747780266415932e-05,AUTO_KEEP
beta,beta_G,2024-03-21,sure,0,-1,-1,0,0.0,25.081263,0.0,True,0.13003449125909672,40,67,130.82274699869967,38,38,-689.8891282266212,130.82274699869967,130.82274699869967,0.49253611633985306,UNCERTAIN
beta,beta_G,2024-03-22,unsure,0,-1,-1,0,0.0,12.474073500000003,0.0,True,0.11756897442487224,53,66,272.2238815300157,47,51,-325.24037132790494,272.2238815300157,272.2238815300157,0.6340862461627237,UNCERTAIN
beta,beta_G,2024-03-23,unsure,1,47,61,15,7.029669999999999,1.8959555,1.8959555,True,0.09807417593553769,54,56,327.1375075991789,47,51,117.7778634466283,209.35964415255057,327.1375075991789,0.6671761005062077,UNCERTAIN
beta,beta_G,2024-03-24,sure,1,43,64,22,15.493143500000002,16.916003999999997,15.493143500000002,True,0.0675108714987478,41,65,1782.7117190713816,66,66,-1330.0732404704431,1782.7117190713816,1782.7117190713816,0.8851273672013495,AUTO_CORRECT
beta,beta_G,2024-03-25,sure,1,38,64,27,28.8808245,28.8808245,28.8808245,True,0.08501660346025375,38,64,1113.2716257272964,37,37,-1289.662750689939,1113.2716257272964,1113.2716257272964,0.841271599912932,AUTO_CORRECT
beta,beta_G,2024-03-26,sure,1,38,63,26,28.0140685,28.865658500000002,28.0140685,True,0.11725317658552337,38,64,509.58723343840353,37,37,-737.8937192320964,509.58723343840353,509.58723343840353,0.740211454234994,AUTO_CORRECT
beta,beta_G,2024-03-27,sure,0,-1,-1,0,0.0,24.156238,0.0,True,0.10818316440815856,40,66,136.55057992350413,39,39,-785.5166979408738,136.55057992350413,136.55057992350413,0.5009923425904478,UNCERTAIN
beta,beta_G,2024-03-28,sure,0,-1,-1,0,0.0,22.900214499999997,0.0,True,0.12998446291012833,40,65,85.25483394263934,66,66,-511.7689818902063,85.25483394263934,85.25483394263934,0.4092206280362211,UNCERTAIN
beta,beta_G,2024-03-29,sure,1,48,65,18,12.572189499999999,9.689290499999998,9.689290499999998,True,0.10940176326424833,53,65,720.7553582854357,66,66,-58.46431522108446,720.7553582854357,720.7553582854357,0.7895712142144234,AUTO_CORRECT
beta,beta_G,2024-03-30,sure,1,39,64,26,24.984,24.780441,24.780441,True,0.05319155826124611,40,64,5827.77081868076,39,39,-425.8607040002586,5827.77081868076,5827.77081868076,0.9518293748516827,AUTO_CORRECT
beta,beta_G,2024-03-31,sure,1,41,58,18,11.699851500000001,18.0105345,11.480145,True,0.0632006522222972,42,66,1944.8929415769326,41,41,-463.8891342756162,1944.8929415769326,1944.8929415769326,0.8919791661966817,AUTO_CORRECT
beta,beta_G,2024-04-01,sure,1,41,62,22,20.6637085,21.9686045,20.6637085,True,0.08999477249008025,39,62,1415.033965200695,63,63,-209.6533156750232,1415.033965200695,1415.033965200695,0.8651012567291123,AUTO_CORRECT
beta,beta_G,2024-04-02,sure,0,-1,-1,0,0.0,0.0,0.0,True,0.10541448403096743,-1,-1,0.0,40,43,-514.0554019157674,,-514.0554019157674,0.00013937365357085324,AUTO_KEEP
beta,beta_G,2024-04-03,sure,1,38,65,28,32.6838595,32.6838595,32.6838595,True,0.11407034646445524,38,65,1204.9982751280343,37,37,-769.0398343453148,1204.9982751280343,1204.9982751280343,0.8494934972544033,AUTO_CORRECT
beta,beta_G,2024-04-04,sure,0,-1,-1,0,0.0,0.0,0.0,True,0.1386188682189573,-1,-1,0.0,55,55,-1342.667273497327,,-1342.667273497327,6.501562893212606e-05,AUTO_KEEP
beta,beta_G,2024-04-05,sure,0,-1,-1,0,0.0,0.0,0.0,True,0.11271064330294989,-1,-1,0.0,24,24,-3939.401022011891,,-3939.401022011891,2.7633036873128595e-05,AUTO_KEEP
beta,beta_G,2024-04-06,sure,1,41,66,26,18.784964500000005,19.426496999999998,18.784964500000005,True,0.09476250429887534,39,66,963.4375597389254,67,67,-426.88061937117345,963.4375597389254,963.4375597389254,0.8253277248201214,AUTO_CORRECT
beta,beta_G,2024-04-07,sure,1,36,61,26,21.2142665,22.1297925,20.9973585,True,0.0860938570349834,33,60,2229.5261322640654,61,61,-280.14078786120916,2229.5261322640654,2229.5261322640654,0.9020038844964845,AUTO_CORRECT
beta,beta_G,2024-04-08,sure,0,-1,-1,0,0.0,27.7355155,0.0,True,0.10138616592064498,33,62,349.68946867888974,63,63,-1011.3199475959192,349.68946867888974,349.68946867888974,0.6788088553299959,UNCERTAIN
beta,beta_G,2024-04-09,sure,0,-1,-1,0,0.0,30.621160500000002,0.0,True,0.14164947645785375,32,63,16.742124863619306,64,64,-1459.733210937671,16.742124863619306,16.742124863619306,0.16453629068286899,AUTO_KEEP
beta,beta_G,2024-04-10,sure,0,-1,-1,0,0.0,24.463957500000006,0.0,True,0.11691206900296214,35,63,464.9966734869834,64,64,-522.914902999791,464.9966734869834,464.9966734869834,0.7259937489756234,AUTO_CORRECT
beta,beta_G,2024-04-11,sure,1,35,62,28,31.009022499999997,31.623209999999997,31.009022499999997,True,0.16665218408428917,35,63,514.8071978143121,64,64,-297.7157951943153,514.8071978143121,514.8071978143121,0.7417640244381961,AUTO_CORRECT
beta,beta_G,2024-04-12,sure,1,36,63,28,28.914313500000002,29.591286000000004,28.914313500000002,True,0.14017021778880823,35,63,728.2987375649878,64,64,-355.73264091971186,728.2987375649878,728.2987375649878,0.7909417977124845,AUTO_CORRECT
beta,beta_G,2024-04-13,sure,1,37,62,26,23.967042000000003,26.514455499999997,23.778643000000002,True,0.14797843060174287,33,61,729.7171135388045,62,62,-45.6165084320796,729.7171135388045,729.7171135388045,0.7911971938292132,AUTO_CORRECT
beta,beta_G,2024-04-14,sure,1,40,60,21,20.066929499999997,22.287832,20.066929499999997,True,0.07765758289854308,37,60,2308.0035085372824,61,61,-211.3861124012076,2308.0035085372824,2308.0035085372824,0.9044080041696718,AUTO_CORRECT
beta,beta_G,2024-04-15,sure,1,37,58,22,21.6787775,22.45336,21.6787775,True,0.07716553730375075,36,58,1541.0951073619667,35,35,-2032.7550334223895,1541.0951073619667,1541.0951073619667,0.8728223730361722,AUTO_CORRECT
beta,beta_G,2024-04-16,unsure,0,-1,-1,0,0.0,21.6448735,0.0,True,0.1267807236902163,36,60,392.4204706611973,61,61,-454.5080941851673,392.4204706611973,392.4204706611973,0.6984116418261982,UNCERTAIN
beta,beta_G,2024-04-17,unsure,0,-1,-1,0,0.0,25.3586555,0.0,True,0.16157529086194078,34,62,135.69047927871728,63,63,-664.7506056447708,135.69047927871728,135.69047927871728,0.49974518401380646,UNCERTAIN
beta,beta_G,2024-04-18,unsure,0,-1,-1,0,0.0,4.0233635,0.0,True,0.08993603583830145,49,52,465.42307143889934,56,59,108.08465499758412,357.3384164413152,465.42307143889934,0.7261384226582565,AUTO_CORRECT
beta,beta_G,2024-04-19,sure,1,36,54,19,19.6481225,20.332845499999998,19.6481225,True,0.1819174861514723,35,54,402.21209687449567,55,55,-261.5166807854496,402.21209687449567,402.21209687449567,0.7025138087548602,AUTO_CORRECT
beta,beta_G,2024-04-20,sure,0,-1,-1,0,0.0,0.0,0.0,True,0.11444457679117992,-1,-1,0.0,48,48,-984.5413250238471,,-984.5413250238471,8.31900562605769e-05,AUTO_KEEP
beta,beta_G,2024-04-21,unsure,0,-1,-1,0,0.0,8.558133,0.0,True,0.11387477666860679,49,57,106.32734785739434,42,42,-349.33359814372227,106.32734785739434,106.32734785739434,0.45181192833548517,UNCERTAIN
beta,beta_G,2024-04-22,unsure,0,-1,-1,0,0.0,24.4477755,0.0,True,0.09258266230933776,34,61,164.98151886037851,62,62,-1210.1597104160342,164.98151886037851,164.98151886037851,0.5382737616281459,UNCERTAIN
beta,beta_G,2024-04-23,sure,1,37,62,26,27.451334000000003,28.832062500000003,27.451334000000003,True,0.14611919708638466,35,62,592.6632892266533,63,63,-459.28424425440994,592.6632892266533,592.6632892266533,0.7625952274613884,AUTO_CORRECT
beta,beta_G,2024-04-24,unsure,0,-1,-1,0,0.0,0.0,0.0,True,0.15726867258557675,-1,-1,0.0,37,51,-187.86009221273764,,-187.86009221273764,0.00030947977807867455,AUTO_KEEP
beta,beta_G,2024-04-25,unsure,0,-1,-1,0,0.0,4.9062085,0.0,True,0.1292164206020292,40,46,443.53643625924576,55,56,29.852218855749758,413.684217403496,443.53643625924576,0.7184719629042983,AUTO_CORRECT
beta,beta_G,2024-04-26,unsure,1,41,62,22,18.243646500000004,20.529889500000003,18.243646500000004,True,0.09794172716578142,37,62,749.3533032340912,36,36,-391.57270929854985,749.3533032340912,749.3533032340912,0.7946599106707806,AUTO_CORRECT
beta,beta_G,2024-04-27,sure,1,38,61,24,20.2870685,21.54788,20.2870685,True,0.12616910851335827,36,62,583.1603806754412,35,35,-375.3536918990251,583.1603806754412,583.1603806754412,0.760263953996447,AUTO_CORRECT
beta,beta_G,2024-04-28,sure,1,46,60,15,11.6966905,11.450987500000002,11.450987500000002,True,0.08321195098436007,47,60,1149.6268241514638,61,61,-297.8485458021916,1149.6268241514638,1149.6268241514638,0.8446516132354132,AUTO_CORRECT
beta,beta_G,2024-04-29,sure,1,38,61,24,22.6415105,22.829905,22.0503425,True,0.0817555707582649,39,62,1308.4307403267142,38,38,-1208.8883745856376,1308.4307403267142,1308.4307403267142,0.8576705436953486,AUTO_CORRECT
beta,beta_G,2024-04-30,unsure,0,-1,-1,0,0.0,0.0,0.0,True,0.17141234621996881,-1,-1,0.0,41,48,-97.96120583497303,,-97.96120583497303,0.0005173262095500656,AUTO_KEEP
beta,beta_G,2024-05-01,sure,0,-1,-1,0,0.0,0.0,0.0,True,0.13747381468615139,-1,-1,0.0,58,58,-2162.3096915974847,,-2162.3096915974847,4.4518044718991025e-05,AUTO_KEEP
beta,beta_G,2024-05-02,sure,0,-1,-1,0,0.0,0.0,0.0,True,0.18483504798029582,-1,-1,0.0,51,58,-53.13666402718402,,-53.13666402718402,0.0008355551208471836,AUTO_KEEP
beta,beta_G,2024-05-03,unsure,0,-1,-1,0,0.0,21.255278,0.0,True,0.20591236838551463,36,62,137.22798758832033,63,63,-198.45445455617232,137.22798758832033,137.22798758832033,0.5019691083812315,UNCERTAIN
beta,beta_G,2024-05-04,unsure,0,-1,-1,0,0.0,5.2197095000000004,0.0,True,0.1482832744033189,43,49,87.64346781275844,40,40,-41.145539151936255,87.64346781275844,87.64346781275844,0.4144829568129424,UNCERTAIN
beta,beta_G,2024-05-05,sure,0,-1,-1,0,0.0,0.0,0.0,True,0.08846233611213528,-1,-1,0.0,56,56,-548.4729730278792,,-548.4729730278792,0.00013238588774752008,AUTO_KEEP
beta,beta_G,2024-05-06,sure,0,-1,-1,0,0.0,0.0,0.0,True,0.1190868843407018,-1,-1,0.0,47,47,-1467.017352268279,,-1467.017352268279,6.059664598729169e-05,AUTO_KEEP
beta,beta_G,2024-05-07,sure,0,-1,-1,0,0.0,6.315955000000001,0.0,True,0.17357413069266459,47,54,26.668095707038997,58,58,-152.1541255789357,26.668095707038997,26.668095707038997,0.21900551453031925,AUTO_KEEP
beta,beta_G,2024-05-08,sure,0,-1,-1,0,0.0,0.0,0.0,True,0.1847126064981639,-1,-1,0.0,38,60,-16.602127967023424,,-16.602127967023424,0.002039397817506514,AUTO_KEEP
beta,beta_G,2024-05-09,sure,0,-1,-1,0,0.0,9.3902235,0.0,True,0.17393809792499182,48,58,104.21049560098638,39,45,18.05389100610519,86.15660459488119,104.21049560098638,0.4478910865470401,UNCERTAIN
beta,beta_G,2024-05-10,sure,0,-1,-1,0,0.0,0.0,0.0,True,0.1380371069613444,-1,-1,0.0,55,55,-297.47999152652704,,-297.47999152652704,0.00021507327176904705,AUTO_KEEP
beta,beta_G,2024-05-11,sure,0,-1,-1,0,0.0,0.0,0.0,True,0.09695424146275933,-1,-1,0.0,51,51,-1904.068963487604,,-1904.068963487604,4.9253969687143784e-05,AUTO_KEEP
beta,beta_G,2024-05-12,sure,0,-1,-1,0,0.0,6.6487205000000005,0.0,True,0.0718596597329757,48,57,194.31339699722287,47,47,-673.8089010664586,194.31339699722287,194.31339699722287,0.5702360656508865,UNCERTAIN
beta,beta_G,2024-05-13,sure,0,-1,-1,0,0.0,0.0,0.0,True,0.11991095459128864,-1,-1,0.0,46,46,-433.94576623973956,,-433.94576623973956,0.00015942718252974643,AUTO_KEEP
beta,beta_G,2024-05-14,sure,1,38,61,24,20.904466999999997,21.61864,20.904466999999997,True,0.13035894479860577,37,61,306.68973292257095,62,62,-569.5180218986251,306.68973292257095,306.68973292257095,0.6557180378904862,UNCERTAIN
beta,beta_G,2024-05-15,sure,1,38,61,24,20.1802495,20.871326500000002,20.1802495,True,0.16562737852666043,37,61,195.46817307836668,62,62,-355.6070806677181,195.46817307836668,195.46817307836668,0.5713846418529223,UNCERTAIN
beta,beta_G,2024-05-16,unsure,1,38,62,25,20.548344999999998,17.885553499999997,17.885553499999997,True,0.1604053723163279,39,59,176.3116738543399,61,61,-248.78208243733508,176.3116738543399,176.3116738543399,0.5512966840159171,UNCERTAIN
beta,beta_G,2024-05-17,unsure,1,45,59,15,11.417935,12.6633385,11.417935,True,0.17424523961153593,44,60,193.8209972129804,61,61,-184.17719727922898,193.8209972129804,193.8209972129804,0.5697440108203239,UNCERTAIN
beta,beta_G,2024-05-18,sure,0,-1,-1,0,0.0,0.0,0.0,True,0.13505068429910594,-1,-1,0.0,24,24,-2579.5289919882202,,-2579.5289919882202,3.869244162074191e-05,AUTO_KEEP
beta,beta_G,2024-05-19,sure,0,-1,-1,0,0.0,7.9716575,0.0,True,0.10475472696073762,46,58,475.1524797369726,41,41,-32.977025447454395,475.1524797369726,475.1524797369726,0.7293913985972045,AUTO_CORRECT
beta,beta_G,2024-05-20,sure,0,-1,-1,0,0.0,0.0,0.0,True,0.08996493845575859,-1,-1,0.0,40,51,-74.34216613526254,,-74.34216613526254,0.0006425332465134233,AUTO_KEEP
beta,beta_G,2024-05-21,sure,0,-1,-1,0,0.0,0.0,0.0,True,0.16585807401816233,-1,-1,0.0,43,47,-222.81523643163868,,-222.81523643163868,0.000270393297689351,AUTO_KEEP
beta,beta_G,2024-05-22,unsure,0,-1,-1,0,0.0,18.3401125,0.0,True,0.16947763446526665,39,59,38.91265459810044,60,60,-321.2022530783313,38.91265459810044,38.91265459810044,0.2728797624156206,AUTO_KEEP
beta,beta_G,2024-05-23,sure,0,-1,-1,0,0.0,0.0,0.0,True,0.16674081100406646,-1,-1,0.0,49,60,-132.62891193958325,,-132.62891193958325,0.0004074517664100739,AUTO_KEEP
beta,beta_G,2024-05-24,sure,0,-1,-1,0,0.0,0.0,0.0,True,0.19141472634328327,-1,-1,0.0,41,52,-5.712538024797223,,-5.712538024797223,0.004379851870152624,AUTO_KEEP
beta,beta_G,2024-05-25,sure,0,-1,-1,0,0.0,0.0,0.0,True,0.15001355550797912,-1,-1,0.0,55,57,-42.51578985471367,,-42.51578985471367,0.0009938863252848436,AUTO_KEEP
beta,beta_G,2024-05-26,unsure,1,45,57,13,6.48249,7.147999,6.48249,True,0.10359360885245295,44,58,216.45376985132378,43,43,-259.2109610178393,216.45376985132378,216.45376985132378,0.5910275694720268,UNCERTAIN
beta,beta_G,2024-05-27,unsure,0,-1,-1,0,0.0,0.0,0.0,True,0.10961815797901897,-1,-1,0.0,39,60,-33.04295105539839,,-33.04295105539839,0.0012079218988546884,AUTO_KEEP
beta,beta_G,2024-05-28,unsure,0,-1,-1,0,0.0,0.0,0.0,True,0.1791759495471137,-1,-1,0.0,41,60,-72.10434095881119,,-72.10434095881119,0.0006581172960695745,AUTO_KEEP
beta,beta_G,2024-05-29,unsure,0,-1,-1,0,0.0,0.0,0.0,True,0.17399039642907788,-1,-1,0.0,40,60,-27.35501225381691,,-27.35501225381691,0.001396696072825499,AUTO_KEEP
beta,beta_G,2024-05-30,unsure,0,-1,-1,0,0.0,18.506875,0.0,True,0.17469326746430625,39,59,11.70666980324984,60,60,-523.5296452891106,11.70666980324984,11.70666980324984,0.13120566376379741,AUTO_KEEP
beta,beta_G,2024-05-31,sure,0,-1,-1,0,0.0,3.402082,0.0,True,0.1769367541850535,41,44,24.34085961658717,45,45,-459.2737413554511,24.34085961658717,24.34085961658717,0.2072884353510263,AUTO_KEEP
beta,beta_G,2024-06-01,sure,0,-1,-1,0,0.0,0.0,0.0,True,0.15285832635189855,-1,-1,0.0,25,25,-2053.0686145665327,,-2053.0686145665327,4.639088103742354e-05,AUTO_KEEP
beta,beta_G,2024-06-02,sure,0,-1,-1,0,0.0,0.0,0.0,True,0.11075633035910348,-1,-1,0.0,24,24,-4750.270481218361,,-4750.270481218361,2.3812025561444825e-05,AUTO_KEEP
beta,beta_G,2024-06-03,sure,0,-1,-1,0,0.0,0.0,0.0,True,0.09942253228727971,-1,-1,0.0,41,58,-322.6638606283019,,-322.6638606283019,0.00020165743213404773,AUTO_KEEP
beta,beta_G,2024-06-04,sure,0,-1,-1,0,0.0,0.0,0.0,True,0.1939265078991239,-1,-1,0.0,46,46,-251.5700126674632,,-251.5700126674632,0.00024561755623850567,AUTO_KEEP
beta,beta_G,2024-06-05,sure,0,-1,-1,0,0.0,0.0,0.0,True,0.2030341676368188,-1,-1,0.0,44,48,-119.23715554968149,,-119.23715554968149,0.0004431337100196209,AUTO_KEEP
beta,beta_G,2024-06-06,sure,0,-1,-1,0,0.0,0.0,0.0,True,0.19390618837778462,-1,-1,0.0,39,56,-4.4831765272370045,,-4.4831765272370045,0.005140421269807104,AUTO_KEEP
beta,beta_G,2024-06-07,sure,0,-1,-1,0,0.0,0.0,0.0,True,0.1451742160956,-1,-1,0.0,57,57,-2073.035470517894,,-2073.035470517894,4.603535663901314e-05,AUTO_KEEP
beta,beta_G,2024-06-08,unsure,0,-1,-1,0,0.0,5.712533,0.0,True,0.13498858434018235,44,57,100.34603731324695,43,43,-119.34586125284417,100.34603731324695,100.34603731324695,0.44054330160804817,UNCERTAIN
beta,beta_G,2024-06-09,sure,0,-1,-1,0,0.0,0.3026105,0.0,True,0.11013421646322774,44,44,37.78062226077431,46,46,-82.03803212493563,37.78062226077431,37.78062226077431,0.26836304932652233,AUTO_KEEP
beta,beta_G,2024-06-10,sure,0,-1,-1,0,0.0,0.0,0.0,True,0.062250295979965564,-1,-1,0.0,44,44,-160.951935323411,,-160.951935323411,0.00034970726852364233,AUTO_KEEP
beta,beta_G,2024-06-11,sure,0,-1,-1,0,0.0,0.0,0.0,True,0.10281149779346865,-1,-1,0.0,51,51,-970.9148627994749,,-970.9148627994749,8.411625364348572e-05,AUTO_KEEP
beta,beta_G,2024-06-12,sure,0,-1,-1,0,0.0,0.0,0.0,True,0.1942993933328685,-1,-1,0.0,39,48,-45.874753451156124,,-45.874753451156124,0.000936870145889899,AUTO_KEEP
beta,beta_G,2024-06-13,sure,0,-1,-1,0,0.0,0.0,0.0,True,0.18775011187655188,-1,-1,0.0,44,51,-109.68146366741435,,-109.68146366741435,0.0004732862538975202,AUTO_KEEP
beta,beta_G,2024-06-14,sure,0,-1,-1,0,0.0,0.0,0.0,True,0.2106025651357104,-1,-1,0.0,46,46,-53.0938603963491,,-53.0938603963491,0.0008360804641925234,AUTO_KEEP
beta,beta_G,2024-06-15,sure,0,-1,-1,0,0.0,0.0,0.0,True,0.17516146512248554,-1,-1,0.0,56,56,-477.9724881651261,,-477.9724881651261,0.00014766028534557186,AUTO_KEEP
beta,beta_G,2024-06-16,sure,1,44,55,12,4.2136575,4.73376,4.2136575,True,0.11767823837674918,43,56,39.69716002331151,57,57,-114.93732660361671,39.69716002331151,39.69716002331151,0.27596212804045417,AUTO_KEEP
beta,beta_G,2024-06-17,unsure,0,-1,-1,0,0.0,0.0,0.0,True,0.1090103288372335,-1,-1,0.0,52,53,-524.5337449803993,,-524.5337449803993,0.00013715933789785483,AUTO_KEEP
beta,beta_G,2024-06-18,unsure,0,-1,-1,0,0.0,0.0,0.0,True,0.21384887505770056,-1,-1,0.0,41,59,-40.15162513814468,,-40.15162513814468,0.00103898940799479,AUTO_KEEP
beta,beta_G,2024-06-19,unsure,0,-1,-1,0,0.0,0.0,0.0,True,0.21577546226539912,-1,-1,0.0,41,59,-58.57591715430436,,-58.57591715430436,0.0007743432422720163,AUTO_KEEP
beta,beta_G,2024-06-20,unsure,0,-1,-1,0,0.0,0.0,0.0,True,0.21911700922190747,-1,-1,0.0,43,43,-346.05968206290726,,-346.05968206290726,0.00019077141091972165,AUTO_KEEP
beta,beta_G,2024-06-21,unsure,0,-1,-1,0,0.0,0.0,0.0,True,0.22831777723142732,-1,-1,0.0,41,61,-32.28872326919901,,-32.28872326919901,0.0012296111537972792,AUTO_KEEP
beta,beta_G,2024-06-22,unsure,0,-1,-1,0,0.0,0.0,0.0,False,,-1,-1,,-1,-1,,,,,UNCERTAIN
beta,beta_G,2024-06-23,sure,0,-1,-1,0,0.0,0.0,0.0,True,0.10363638471736358,-1,-1,0.0,53,53,-1268.261163804716,,-1268.261163804716,6.802881544330082e-05,AUTO_KEEP
beta,beta_G,2024-06-24,unsure,0,-1,-1,0,0.0,0.0,0.0,True,0.1003736627377192,-1,-1,0.0,49,61,-292.8763988116784,,-292.8763988116784,0.0002177479125435689,AUTO_KEEP
beta,beta_G,2024-06-25,unsure,0,-1,-1,0,0.0,0.0,0.0,True,0.2048735512903459,-1,-1,0.0,44,59,-118.95465291312938,,-118.95465291312938,0.0004439631341442767,AUTO_KEEP
beta,beta_G,2024-06-26,unsure,0,-1,-1,0,0.0,0.0,0.0,True,0.19808960884197102,-1,-1,0.0,43,60,-60.27488220122648,,-60.27488220122648,0.0007572318643755319,AUTO_KEEP
beta,beta_G,2024-06-27,unsure,0,-1,-1,0,0.0,0.0,0.0,True,0.20490330666745837,-1,-1,0.0,41,59,-77.16626587896556,,-77.16626587896556,0.0006240130440526954,AUTO_KEEP
beta,beta_G,2024-06-28,sure,1,46,56,11,2.744835,2.5973740000000003,2.5973740000000003,True,0.23539486530782927,47,56,1.4716627833505953,46,46,-9.97574248688892,1.4716627833505953,1.4716627833505953,0.039451102086590965,AUTO_KEEP
beta,beta_G,2024-06-29,sure,0,-1,-1,0,0.0,0.0,0.0,True,0.1339008036340461,-1,-1,0.0,49,58,-28.13724284375132,,-28.13724284375132,0.0013668331141220875,AUTO_KEEP
beta,beta_G,2024-06-30,sure,0,-1,-1,0,0.0,0.0,0.0,True,0.11716098375151418,-1,-1,0.0,24,24,-4828.410876935451,,-4828.410876935451,2.35051058386733e-05,AUTO_KEEP
beta,beta_G,2024-07-01,sure,0,-1,-1,0,0.0,0.0,0.0,True,0.1347746177230471,-1,-1,0.0,48,48,-372.4304411193749,,-372.4304411193749,0.00017997942181264528,AUTO_KEEP
beta,beta_G,2024-07-02,sure,0,-1,-1,0,0.0,0.0,0.0,True,0.18379331826983947,-1,-1,0.0,58,58,-1356.628979965533,,-1356.628979965533,6.448334930469011e-05,AUTO_KEEP
beta,beta_G,2024-07-03,sure,0,-1,-1,0,0.0,0.0,0.0,True,0.17006819819728758,-1,-1,0.0,44,44,-183.8863379571217,,-183.8863379571217,0.0003147566607223467,AUTO_KEEP
beta,beta_G,2024-07-04,sure,0,-1,-1,0,0.0,0.0,0.0,True,0.1849117493469441,-1,-1,0.0,53,53,-115.02207776481322,,-115.02207776481322,0.0004558846139291696,AUTO_KEEP
beta,beta_G,2024-07-05,sure,0,-1,-1,0,0.0,0.0,0.0,True,0.2339883018974227,-1,-1,0.0,48,48,-167.37294452589416,,-167.37294452589416,0.00033906239557858513,AUTO_KEEP
beta,beta_G,2024-07-06,sure,0,-1,-1,0,0.0,0.0,0.0,True,0.1760009342414275,-1,-1,0.0,58,59,-11.893886767512457,,-11.893886767512457,0.002610740296011086,AUTO_KEEP
beta,beta_G,2024-07-07,sure,0,-1,-1,0,0.0,0.0,0.0,True,0.06464885198888393,-1,-1,0.0,47,47,-94.52953256604883,,-94.52953256604883,0.0005320445402673661,AUTO_KEEP
beta,beta_G,2024-07-08,sure,0,-1,-1,0,0.0,0.0,0.0,True,0.11688821423072593,-1,-1,0.0,58,58,-2720.47752327878,,-2720.47752327878,3.709013822202678e-05,AUTO_KEEP
beta,beta_G,2024-07-09,sure,0,-1,-1,0,0.0,0.0,0.0,True,0.15118201465974757,-1,-1,0.0,58,58,-540.3499755041214,,-540.3499755041214,0.00013396310726924827,AUTO_KEEP
beta,beta_G,2024-07-10,unsure,0,-1,-1,0,0.0,0.0,0.0,True,0.21450209377882068,-1,-1,0.0,41,60,-5.173578114347303,,-5.173578114347303,0.004679912305141673,AUTO_KEEP
beta,beta_G,2024-07-11,unsure,0,-1,-1,0,0.0,0.0,0.0,True,0.15315409457017104,-1,-1,0.0,41,54,-111.01716929681477,,-111.01716929681477,0.0004687945350122997,AUTO_KEEP
beta,beta_G,2024-07-12,unsure,0,-1,-1,0,0.0,0.0,0.0,True,0.1811955928373825,-1,-1,0.0,41,56,-33.013275151361015,,-33.013275151361015,0.001208758973585585,AUTO_KEEP
beta,beta_G,2024-07-13,sure,0,-1,-1,0,0.0,0.0,0.0,True,0.17755028665654393,-1,-1,0.0,49,50,-3.5404436424823293,,-3.5404436424823293,0.005967603584360038,AUTO_KEEP
beta,beta_G,2024-07-14,sure,0,-1,-1,0,0.0,0.0,0.0,True,0.10667845675134746,-1,-1,0.0,44,57,-16.728402673773793,,-16.728402673773793,0.0020278601389689442,AUTO_KEEP
beta,beta_G,2024-07-15,unsure,1,44,56,13,10.219865500000001,0.0,0.0,True,0.15216922009658695,-1,-1,0.0,44,56,-204.10482050885952,,-204.10482050885952,0.0002898281154937253,AUTO_KEEP
beta,beta_G,2024-07-16,sure,0,-1,-1,0,0.0,0.0,0.0,True,0.21403533379471273,-1,-1,0.0,48,48,-898.4175628963615,,-898.4175628963615,8.946497258032092e-05,AUTO_KEEP
beta,beta_G,2024-07-17,unsure,0,-1,-1,0,0.0,0.0,0.0,True,0.1840704356932763,-1,-1,0.0,45,54,-4.848439177108005,,-4.848439177108005,0.004884674479358464,AUTO_KEEP
beta,beta_G,2024-07-18,sure,0,-1,-1,0,0.0,0.0,0.0,True,0.21204373247357644,-1,-1,0.0,41,61,-53.588346134429926,,-53.588346134429926,0.0008300565454103434,AUTO_KEEP
beta,beta_G,2024-07-19,sure,0,-1,-1,0,0.0,15.1236395,0.0,True,0.16854669262657662,41,58,21.17992496738873,60,60,-174.21260718158595,21.17992496738873,21.17992496738873,0.19041634750088757,AUTO_KEEP
beta,beta_G,2024-07-20,sure,0,-1,-1,0,0.0,1.624069,0.0,True,0.17037783626426073,53,56,74.33198083387195,58,58,-30.656074964525967,74.33198083387195,74.33198083387195,0.38346337688018634,UNCERTAIN
beta,beta_G,2024-07-21,sure,1,46,57,12,4.322953,4.763428500000001,4.322953,True,0.13999539147767592,45,58,52.168698413827585,44,44,-58.40303677507208,52.168698413827585,52.168698413827585,0.32038876742391525,UNCERTAIN
beta,beta_G,2024-07-22,unsure,0,-1,-1,0,0.0,0.0,0.0,True,0.12812946036131923,-1,-1,0.0,42,58,-120.1060778632848,,-120.1060778632848,0.0004406043418973423,AUTO_KEEP
beta,beta_G,2024-07-23,unsure,0,-1,-1,0,0.0,0.0,0.0,True,0.16496041260013605,-1,-1,0.0,41,61,-27.520409646612215,,-27.520409646612215,0.0013902593794445901,AUTO_KEEP
beta,beta_G,2024-07-24,unsure,0,-1,-1,0,0.0,0.0,0.0,True,0.15231901757249755,-1,-1,0.0,41,61,-75.15277183604915,,-75.15277183604915,0.0006370913335278149,AUTO_KEEP
beta,beta_G,2024-07-25,unsure,0,-1,-1,0,0.0,0.0,0.0,True,0.19351569816521597,-1,-1,0.0,42,58,-68.14997824217751,,-68.14997824217751,0.0006878565777021764,AUTO_KEEP
beta,beta_G,2024-07-26,unsure,0,-1,-1,0,0.0,11.5965975,0.0,True,0.18334412347223328,47,61,222.07169427923984,62,62,-162.02225567225054,222.07169427923984,222.07169427923984,0.5959217278988935,UNCERTAIN
beta,beta_G,2024-07-27,sure,0,-1,-1,0,0.0,0.0,0.0,True,0.17302326032349846,-1,-1,0.0,55,55,-1026.592219262129,,-1026.592219262129,8.04712992508265e-05,AUTO_KEEP
beta,beta_G,2024-07-28,sure,1,44,58,15,6.0081275000000005,5.9180725,5.9180725,True,0.1064537560220824,45,58,239.56486142015058,44,44,-37.63659554130922,239.56486142015058,239.56486142015058,0.6102928874847777,UNCERTAIN
beta,beta_G,2024-07-29,sure,0,-1,-1,0,0.0,0.0,0.0,True,0.17115497407542435,-1,-1,0.0,42,53,-210.98132168284968,,-210.98132168284968,0.0002823277870446242,AUTO_KEEP
beta,beta_G,2024-07-30,sure,0,-1,-1,0,0.0,0.0,0.0,True,0.2082688258446863,-1,-1,0.0,40,40,-385.4491186137186,,-385.4491186137186,0.00017514136871175885,AUTO_KEEP
beta,beta_G,2024-07-31,sure,0,-1,-1,0,0.0,0.0,0.0,True,0.2029884545231404,-1,-1,0.0,41,42,-190.85145439336182,,-190.85145439336182,0.0003056370982053932,AUTO_KEEP
beta,beta_G,2024-08-01,sure,0,-1,-1,0,0.0,0.0,0.0,True,0.1957067588628414,-1,-1,0.0,48,48,-141.17328008072107,,-141.17328008072107,0.00038786183097752033,AUTO_KEEP
beta,beta_G,2024-08-02,sure,0,-1,-1,0,0.0,0.0,0.0,True,0.15378242889431526,-1,-1,0.0,58,58,-107.9642605565786,,-107.9642605565786,0.00047920582964968534,AUTO_KEEP
beta,beta_G,2024-08-03,sure,1,43,60,18,12.548822,12.548822,12.548822,True,0.16054122026589734,43,60,167.11243993024834,42,42,-77.90418445119701,167.11243993024834,167.11243993024834,0.5407942458204138,UNCERTAIN
beta,beta_G,2024-08-04,sure,0,-1,-1,0,0.0,0.0,0.0,False,,-1,-1,,-1,-1,,,,,UNCERTAIN
beta,beta_G,2024-08-05,sure,0,-1,-1,0,0.0,0.0,0.0,False,,-1,-1,,-1,-1,,,,,UNCERTAIN
beta,beta_G,2024-08-06,unsure,1,42,55,14,14.214361500000003,20.725184000000002,14.214361500000003,True,0.18752315385587703,39,59,17.762076883261997,61,61,-318.49260326838,17.762076883261997,17.762076883261997,0.17073863504279235,AUTO_KEEP
beta,beta_G,2024-08-07,unsure,1,41,61,21,20.103435,21.606148,20.103435,True,0.19649761813927125,40,62,69.2699292017669,63,63,-309.8732078065271,69.2699292017669,69.2699292017669,0.37047124906214185,UNCERTAIN
beta,beta_G,2024-08-08,unsure,1,40,62,23,21.5969245,20.769317,20.769317,True,0.18486153108757275,41,62,41.69013973431417,63,63,-379.57612171063874,41.69013973431417,41.69013973431417,0.2836237909984843,AUTO_KEEP
beta,beta_G,2024-08-09,unsure,0,-1,-1,0,0.0,18.902649000000004,0.0,True,0.17987230865610648,41,62,110.65244137389645,63,63,-272.0517134888738,110.65244137389645,110.65244137389645,0.459605228681191,UNCERTAIN
beta,beta_G,2024-08-10,unsure,0,-1,-1,0,0.0,10.1133335,0.0,True,0.15122511518478188,41,61,107.50873146567932,40,40,-152.66694642516438,107.50873146567932,107.50873146567932,0.4539691854868508,UNCERTAIN
beta,beta_G,2024-08-11,sure,0,-1,-1,0,0.0,0.0,0.0,True,0.08218175648590087,-1,-1,0.0,56,56,-463.005686112759,,-463.005686112759,0.00015143530977674414,AUTO_KEEP
beta,beta_G,2024-08-12,sure,0,-1,-1,0,0.0,0.0,0.0,True,0.12131099391685884,-1,-1,0.0,38,38,-5647.808923031921,,-5647.808923031921,2.0750700096740413e-05,AUTO_KEEP
beta,beta_G,2024-08-13,sure,0,-1,-1,0,0.0,0.0,0.0,True,0.18129829969325417,-1,-1,0.0,48,53,-147.52201300647965,,-147.52201300647965,0.00037462226979197106,AUTO_KEEP
beta,beta_G,2024-08-14,sure,0,-1,-1,0,0.0,0.0,0.0,True,0.17055737762100787,-1,-1,0.0,54,54,-1528.1718445252943,,-1528.1718445252943,5.866141799903782e-05,AUTO_KEEP
beta,beta_G,2024-08-15,sure,0,-1,-1,0,0.0,0.0,0.0,True,0.18882450453439592,-1,-1,0.0,46,46,-534.5128408484729,,-534.5128408484729,0.00013512297270611368,AUTO_KEEP
beta,beta_G,2024-08-16,sure,0,-1,-1,0,0.0,0.0,0.0,True,0.16163276573809338,-1,-1,0.0,53,56,-129.84446670170547,,-129.84446670170547,0.00041432996228032575,AUTO_KEEP
beta,beta_G,2024-08-17,unsure,1,45,60,16,19.629240000000003,29.289912000000005,19.629240000000003,True,0.17234515581332488,34,63,445.99931727732695,64,64,-437.20069356912995,445.99931727732695,445.99931727732695,0.7193599031586232,AUTO_CORRECT
beta,beta_G,2024-08-18,sure,0,-1,-1,0,0.0,10.379449999999999,0.0,True,0.0989447683260023,41,53,901.240137689303,40,40,-972.4222203903731,901.240137689303,901.240137689303,0.8175521786336847,AUTO_CORRECT
beta,beta_G,2024-08-19,sure,0,-1,-1,0,0.0,21.527685499999997,0.0,True,0.07880810106736025,37,62,711.4527330444627,63,63,-1204.4930871786266,711.4527330444627,711.4527330444627,0.7878518995006408,AUTO_CORRECT
beta,beta_G,2024-08-20,sure,0,-1,-1,0,0.0,19.963993999999996,0.0,True,0.12572662324251294,44,63,432.0024073452313,64,64,-606.3715866202526,432.0024073452313,432.0024073452313,0.7142237382748204,AUTO_CORRECT
beta,beta_G,2024-08-21,sure,0,-1,-1,0,0.0,22.925413,0.0,True,0.18221018854534288,38,60,271.0058941814394,62,63,-279.8513550673575,271.0058941814394,271.0058941814394,0.633261421911339,UNCERTAIN
beta,beta_G,2024-08-22,unsure,0,-1,-1,0,0.0,18.831431499999997,0.0,True,0.12495984056413434,44,63,422.42490490951775,65,65,-617.9802721066445,422.42490490951775,422.42490490951775,0.7105791299178102,AUTO_CORRECT
beta,beta_G,2024-08-23,sure,0,-1,-1,0,0.0,19.647914,0.0,True,0.16411747741953953,39,57,300.72954315859005,62,62,-103.3626484771141,300.72954315859005,300.72954315859005,0.6521975923882709,UNCERTAIN
beta,beta_G,2024-08-24,unsure,0,-1,-1,0,0.0,11.254653499999998,0.0,True,0.14128587162186257,51,62,287.6367540290955,41,41,-34.01466633276493,287.6367540290955,287.6367540290955,0.6441521382701314,UNCERTAIN
beta,beta_G,2024-08-25,sure,0,-1,-1,0,0.0,0.0,0.0,True,0.06229872683792692,-1,-1,0.0,24,24,-8538.571884152665,,-8538.571884152665,1.4938070172732966e-05,AUTO_KEEP
beta,beta_G,2024-08-26,sure,1,37,64,28,34.901249,34.9320765,34.352589,True,0.1091584243378172,36,63,1827.051576097329,64,64,-515.7309523863668,1827.051576097329,1827.051576097329,0.887098043780784,AUTO_CORRECT
beta,beta_G,2024-08-27,sure,1,36,64,29,36.816044500000004,36.816044500000004,36.816044500000004,True,0.14282372708151092,36,64,1009.0787550493272,35,35,-415.24482080117184,1009.0787550493272,1009.0787550493272,0.8305658365828591,AUTO_CORRECT
beta,beta_G,2024-08-28,sure,1,36,64,29,35.633984999999996,35.659827,34.988231999999996,True,0.15927099837462677,35,63,767.3306317140419,64,64,-318.75005905001353,767.3306317140419,767.3306317140419,0.7977154036431214,AUTO_CORRECT
beta,beta_G,2024-08-29,sure,1,35,64,30,37.91932649999998,37.301763499999986,37.301763499999986,True,0.1418093260817348,35,63,1072.8904997653608,64,64,-361.91449509226806,1072.8904997653608,1072.8904997653608,0.8373120618017473,AUTO_CORRECT
beta,beta_G,2024-08-30,sure,1,35,63,29,36.23890900000001,36.23890900000001,36.23890900000001,True,0.15759031367427268,35,63,839.5150522410319,64,64,-279.1433173076241,839.5150522410319,839.5150522410319,0.8089945956158715,AUTO_CORRECT
beta,beta_G,2024-08-31,sure,1,36,63,28,35.404942999999996,37.759456,35.404942999999996,True,0.09992711294127465,32,63,2894.3760398453733,64,64,-342.13457730131347,2894.3760398453733,2894.3760398453733,0.9188756966671131,AUTO_CORRECT
beta,beta_G,2024-09-01,sure,1,36,62,27,32.6628385,33.913514500000005,32.6628385,True,0.11402650540750159,33,62,1987.7927345304095,63,63,-129.32161031476477,1987.7927345304095,1987.7927345304095,0.8936388879939979,AUTO_CORRECT
beta,beta_G,2024-09-02,sure,1,37,64,28,36.5569545,39.341716000000005,36.5569545,True,0.0875001909740103,33,64,2984.59578779968,65,65,-1409.1327757905685,2984.59578779968,2984.59578779968,0.9206763084424243,AUTO_CORRECT
beta,beta_G,2024-09-03,sure,1,35,64,30,38.6965605,38.6965605,38.6965605,True,0.14574781600586206,35,64,958.3452168346233,34,34,-494.4445176878314,958.3452168346233,958.3452168346233,0.8247199095684176,AUTO_CORRECT
beta,beta_G,2024-09-04,sure,1,36,63,28,34.910371,34.910371,34.910371,True,0.17844952518252555,36,63,472.81196759750895,64,64,-285.3212496416769,472.81196759750895,472.81196759750895,0.7286171853339303,AUTO_CORRECT
beta,beta_G,2024-09-05,sure,1,35,64,30,38.235606000000004,38.235606000000004,38.235606000000004,True,0.15957661094027475,35,64,709.9534475604743,65,65,-492.211142860539,709.9534475604743,709.9534475604743,0.7875717352681664,AUTO_CORRECT
beta,beta_G,2024-09-06,sure,1,35,63,29,36.80806750000001,37.48157500000001,36.80806750000001,True,0.14176733319271673,34,63,1104.3278486649108,64,64,-304.9658352157447,1104.3278486649108,1104.3278486649108,0.8404138652278174,AUTO_CORRECT
beta,beta_G,2024-09-07,sure,1,36,61,26,27.7823515,31.659235,27.7823515,True,0.08999913129921522,32,64,2306.5398213659455,31,31,-1636.7323531071172,2306.5398213659455,2306.5398213659455,0.9043643958076344,AUTO_CORRECT
beta,beta_G,2024-09-08,sure,0,-1,-1,0,0.0,0.0,0.0,True,0.078618489685645,-1,-1,0.0,42,43,-247.68764070683352,,-247.68764070683352,0.0002486615104066486,AUTO_KEEP
beta,beta_G,2024-09-09,sure,0,-1,-1,0,0.0,21.9392745,0.0,True,0.09951755349489755,33,57,260.1183494639802,60,61,-223.89659764163903,260.1183494639802,260.1183494639802,0.6256841755031903,UNCERTAIN
beta,beta_G,2024-09-10,sure,1,35,63,29,37.13256599999999,37.81471299999999,37.13256599999999,True,0.16996093768679987,35,64,614.564384643174,34,34,-376.7473751883955,614.564384643174,614.564384643174,0.7677718851857025,AUTO_CORRECT
beta,beta_G,2024-09-11,sure,1,35,61,27,33.087913500000006,33.087913500000006,33.087913500000006,True,0.1529378484231998,35,61,667.6183905028057,34,34,-405.26655700043955,667.6183905028057,667.6183905028057,0.779288266268726,AUTO_CORRECT
beta,beta_G,2024-09-12,sure,0,-1,-1,0,0.0,19.379773999999998,0.0,True,0.09323461301383373,39,55,786.038887298275,38,38,-1993.6664011740197,786.038887298275,786.038887298275,0.8007852410392655,AUTO_CORRECT
beta,beta_G,2024-09-13,sure,0,-1,-1,0,0.0,24.449711999999998,0.0,True,0.16814221079620406,35,63,147.6142607829958,64,64,-210.17477742160577,147.6142607829958,147.6142607829958,0.5163681744658206,UNCERTAIN
beta,beta_G,2024-09-14,sure,1,35,64,30,38.68906549999999,38.387598999999994,38.387598999999994,True,0.13404811438123776,35,63,1613.2998438076197,64,64,-129.94004266728533,1613.2998438076197,1613.2998438076197,0.8768075759304537,AUTO_CORRECT
beta,beta_G,2024-09-15,sure,1,35,62,28,24.198771999999998,24.581081499999996,23.952111499999997,True,0.08785917668783894,33,61,1448.3900976370091,62,62,-267.1678149059636,1448.3900976370091,1448.3900976370091,0.8672476368426774,AUTO_CORRECT
beta,beta_G,2024-09-16,sure,1,35,64,30,41.0820225,41.0820225,41.0820225,True,0.11399345874403455,35,64,1670.2241635701178,65,65,-711.1050023297953,1670.2241635701178,1670.2241635701178,0.8797538601020545,AUTO_CORRECT
beta,beta_G,2024-09-17,sure,1,35,62,28,37.55027249999999,38.290098500000006,36.8395335,True,0.1985703042490572,36,64,454.188496329749,65,65,-261.57376583413736,454.188496329749,454.188496329749,0.7222654932753809,AUTO_CORRECT
beta,beta_G,2024-09-18,sure,1,34,64,31,45.56716050000001,46.46571349999999,45.56716050000001,True,0.15823061545180694,33,64,1046.5965662743022,65,65,-323.99689330665694,1046.5965662743022,1046.5965662743022,0.8346085538906768,AUTO_CORRECT
beta,beta_G,2024-09-19,sure,1,35,64,30,44.774828500000005,45.44972650000001,44.774828500000005,True,0.1668633874397587,34,64,969.3822261576521,65,65,-301.5526028302571,969.3822261576521,969.3822261576521,0.8260311401897834,AUTO_CORRECT
beta,beta_G,2024-09-20,sure,1,33,64,32,45.916672500000004,45.2598945,45.2598945,True,0.16575765902054007,34,64,1060.9794823933814,65,65,-216.85008769341027,1060.9794823933814,1060.9794823933814,0.8361001145995363,AUTO_CORRECT
beta,beta_G,2024-09-21,sure,1,35,63,29,42.14493249999999,43.3297505,42.14493249999999,True,0.11563981546589286,32,63,2453.1596775965313,64,64,-233.69672469301247,2453.1596775965313,2453.1596775965313,0.9085186230958782,AUTO_CORRECT
beta,beta_G,2024-09-22,sure,1,34,63,30,41.0785675,42.333520500000006,41.0785675,True,0.0784700004934793,31,63,5457.325493054425,64,64,-499.345620764367,5457.325493054425,5457.325493054425,0.9493776455240313,AUTO_CORRECT
beta,beta_G,2024-09-23,sure,1,33,64,32,42.8451465,42.8451465,42.8451465,True,0.11573500238503609,33,64,1868.2535032552107,32,32,-835.661050633803,1868.2535032552107,1868.2535032552107,0.8888612620699776,AUTO_CORRECT
beta,beta_G,2024-09-24,sure,1,37,55,19,17.367364,24.179324,17.367364,True,0.09905226943684209,33,59,276.0842061066519,60,60,-1294.4768278989848,276.0842061066519,276.0842061066519,0.6366712562818712,UNCERTAIN
beta,beta_G,2024-09-25,sure,1,38,60,23,27.8862235,30.995266,27.8862235,True,0.16283985747439722,37,62,624.6977206200705,64,65,-1316.6661506428834,624.6977206200705,624.6977206200705,0.7700791419216272,AUTO_CORRECT
beta,beta_G,2024-09-26,sure,0,-1,-1,0,0.0,0.0,0.0,True,0.12953540954901266,-1,-1,0.0,24,24,-3129.3074749685657,,-3129.3074749685657,3.318330979057039e-05,AUTO_KEEP
beta,beta_G,2024-09-27,sure,0,-1,-1,0,0.0,0.0,0.0,True,0.16997215639734886,-1,-1,0.0,54,54,-129.39100465986226,,-129.39100465986226,0.0004154750498361094,AUTO_KEEP
beta,beta_G,2024-09-28,unsure,1,50,62,13,9.8193585,25.4072475,9.8193585,True,0.13206877713748888,36,62,224.69524208740378,35,35,-279.36291069602754,224.69524208740378,224.69524208740378,0.5981589101904733,UNCERTAIN
beta,beta_G,2024-09-29,unsure,1,48,61,14,7.332973,6.6545595,6.6545595,True,0.08175898273138138,48,59,369.89863371175636,61,61,-325.4919445655021,369.89863371175636,369.89863371175636,0.6884455861516029,UNCERTAIN
beta,beta_G,2024-09-30,unsure,1,37,61,25,25.6213395,24.1525275,24.1525275,True,0.07704975768492206,38,60,2163.898258119707,62,62,-1802.503544657679,2163.898258119707,2163.898258119707,0.8998843184791185,AUTO_CORRECT
beta,beta_H,2023-10-01,sure,0,-1,-1,0,0.0,0.0,0.0,True,0.25631776964831987,-1,-1,0.0,49,49,-747.4366000810977,,-747.4366000810977,4.347723901753031e-05,AUTO_KEEP
beta,beta_H,2023-10-02,sure,0,-1,-1,0,0.0,0.0,0.0,True,0.23920695623429733,-1,-1,0.0,52,52,-90.64507820809555,,-90.64507820809555,0.0002658996087253426,AUTO_KEEP
beta,beta_H,2023-10-03,sure,0,-1,-1,0,0.0,0.0,0.0,True,0.3141925400396115,-1,-1,0.0,45,45,-279.63774630553866,,-279.63774630553866,0.00010130451704931232,AUTO_KEEP
beta,beta_H,2023-10-04,sure,0,-1,-1,0,0.0,0.0,0.0,True,0.27942407425935833,-1,-1,0.0,47,47,-235.0568599697562,,-235.0568599697562,0.00011760172867936559,AUTO_KEEP
beta,beta_H,2023-10-05,sure,1,47,61,15,7.8314675,9.392617500000002,7.8314675,True,0.5054294078402997,44,62,2.9473140797198125,43,43,-14.025257516044707,2.9473140797198125,2.9473140797198125,0.04102287951655796,AUTO_KEEP
beta,beta_H,2023-10-06,sure,0,-1,-1,0,0.0,11.0508995,0.0,True,0.3570588798625325,44,59,5.149003836490573,43,43,-39.60034315526247,5.149003836490573,5.149003836490573,0.05899629372097228,AUTO_KEEP
beta,beta_H,2023-10-07,unsure,0,-1,-1,0,0.0,0.0,0.0,True,0.48264455793285865,-1,-1,0.0,48,60,-1.6723062690123127,,-1.6723062690123127,0.005576829829239541,AUTO_KEEP
beta,beta_H,2023-10-08,sure,0,-1,-1,0,0.0,0.0,0.0,True,0.5592310221376708,-1,-1,0.0,58,58,-5.743237349548096,,-5.743237349548096,0.002517966897572467,AUTO_KEEP
beta,beta_H,2023-10-09,sure,1,44,60,17,8.013381,8.862525999999999,8.013381,True,0.4331490763176351,43,61,2.0745446134228445,62,62,-22.01900206017643,2.0745446134228445,2.0745446134228445,0.03333533721030475,AUTO_KEEP
beta,beta_H,2023-10-10,sure,0,-1,-1,0,0.0,10.691938500000001,0.0,True,0.3709039641083347,43,60,3.9639135508469097,42,42,-44.70080270350008,3.9639135508469097,3.9639135508469097,0.04954264547408236,AUTO_KEEP
beta,beta_H,2023-10-11,sure,0,-1,-1,0,0.0,0.0,0.0,True,0.3626906405665764,-1,-1,0.0,53,58,-8.638630698146065,,-8.638630698146065,0.0018515724081571716,AUTO_KEEP
beta,beta_H,2023-10-12,sure,0,-1,-1,0,0.0,0.0,0.0,True,0.31040749800125145,-1,-1,0.0,49,49,-25.357030585421043,,-25.357030585421043,0.0007784651060116185,AUTO_KEEP
beta,beta_H,2023-10-13,sure,1,44,60,17,8.889883,10.1350235,8.889883,True,0.4730087057418908,42,61,5.488530628386559,62,62,-18.353401979620287,5.488530628386559,5.488530628386559,0.06162270789077673,AUTO_KEEP
beta,beta_H,2023-10-14,unsure,1,49,56,8,2.7935974999999997,0.0,0.0,True,0.39710112469739567,-1,-1,0.0,49,55,-7.9770613178802545,,-7.9770613178802545,0.001968438664949157,AUTO_KEEP
beta,beta_H,2023-10-15,sure,0,-1,-1,0,0.0,0.0,0.0,True,0.29476335888026917,-1,-1,0.0,49,57,-15.448413707729364,,-15.448413707729364,0.0011686009031106404,AUTO_KEEP
beta,beta_H,2023-10-16,sure,0,-1,-1,0,0.0,0.0,0.0,True,0.2842126577338169,-1,-1,0.0,51,54,-12.770466488496826,,-12.770466488496826,0.0013618790747971189,AUTO_KEEP
beta,beta_H,2023-10-17,sure,0,-1,-1,0,0.0,0.0,0.0,True,0.3152739608423154,-1,-1,0.0,47,53,-18.59590827659348,,-18.59590827659348,0.001004983511214275,AUTO_KEEP
beta,beta_H,2023-10-18,sure,0,-1,-1,0,0.0,0.0,0.0,True,0.4111131218907218,-1,-1,0.0,45,62,-36.84846366979045,,-36.84846366979045,0.0005699036123891468,AUTO_KEEP
beta,beta_H,2023-10-19,sure,0,-1,-1,0,0.0,0.0,0.0,True,0.32112366352876265,-1,-1,0.0,63,63,-117.35410358657086,,-117.35410358657086,0.0002132797887667433,AUTO_KEEP
beta,beta_H,2023-10-20,sure,0,-1,-1,0,0.0,0.0,0.0,True,0.27519305323092347,-1,-1,0.0,44,59,-19.991561321696768,,-19.991561321696768,0.0009471439797729655,AUTO_KEEP
beta,beta_H,2023-10-21,sure,0,-1,-1,0,0.0,0.0,0.0,True,0.3557302721634743,-1,-1,0.0,49,55,-37.931915904122306,,-37.931915904122306,0.0005562069633445436,AUTO_KEEP
beta,beta_H,2023-10-22,sure,0,-1,-1,0,0.0,0.0,0.0,True,0.2797242809823306,-1,-1,0.0,51,53,-98.66077672311458,,-98.66077672311458,0.00024735528494109556,AUTO_KEEP
beta,beta_H,2023-10-23,sure,0,-1,-1,0,0.0,0.0,0.0,True,0.3656460201667402,-1,-1,0.0,41,60,-7.697150647044051,,-7.697150647044051,0.002022844412801048,AUTO_KEEP
beta,beta_H,2023-10-24,sure,0,-1,-1,0,0.0,0.0,0.0,True,0.3676774235456346,-1,-1,0.0,53,53,-15.423360827143988,,-15.423360827143988,0.0011701362933280747,AUTO_KEEP
beta,beta_H,2023-10-25,unsure,1,49,56,8,2.9617060000000004,0.0,0.0,True,0.30772211205971445,-1,-1,0.0,47,59,-5.452060997979992,,-5.452060997979992,0.002615410508972647,AUTO_KEEP
beta,beta_H,2023-10-26,sure,0,-1,-1,0,0.0,0.0,0.0,True,0.44633562098856494,-1,-1,0.0,39,43,-899.2965036236093,,-899.2965036236093,3.707435150498253e-05,AUTO_KEEP
beta,beta_H,2023-10-27,sure,0,-1,-1,0,0.0,0.0,0.0,True,0.43826094563287565,-1,-1,0.0,42,42,-191.10146369361058,,-191.10146369361058,0.00014046782263980653,AUTO_KEEP
beta,beta_H,2023-10-28,sure,0,-1,-1,0,0.0,0.0,0.0,True,0.4827410633961122,-1,-1,0.0,56,56,-7.559010695519288,,-7.559010695519288,0.0020509115411317387,AUTO_KEEP
beta,beta_H,2023-10-29,unsure,1,51,56,6,2.2259179999999996,0.0,0.0,True,0.33114350637321,-1,-1,0.0,44,58,-7.251757278766596,,-7.251757278766596,0.0021164640784802524,AUTO_KEEP
beta,beta_H,2023-10-30,sure,0,-1,-1,0,0.0,0.0,0.0,True,0.44997396321347516,-1,-1,0.0,48,49,-4.47307146454543,,-4.47307146454543,0.003013009174100355,AUTO_KEEP
beta,beta_H,2023-10-31,sure,0,-1,-1,0,0.0,0.0,0.0,True,0.3084586793147004,-1,-1,0.0,44,49,-10.149563234391675,,-10.149563234391675,0.0016334091782791043,AUTO_KEEP
beta,beta_H,2023-11-01,unsure,1,41,62,22,12.329606,12.446489,11.96415,True,0.38671274742382344,40,61,2.279017786517096,62,62,-20.25960330230885,2.279017786517096,2.279017786517096,0.035171783894752784,AUTO_KEEP
beta,beta_H,2023-11-02,sure,0,-1,-1,0,0.0,0.0,0.0,True,0.4036601054511708,-1,-1,0.0,53,61,-1.5442253502370722,,-1.5442253502370722,0.005816721390285042,AUTO_KEEP
beta,beta_H,2023-11-03,sure,0,-1,-1,0,0.0,1.89449,0.0,True,0.33381285508330194,56,60,2.3323604183791677,50,54,-16.040914436929672,2.3323604183791677,2.3323604183791677,0.03564710669615112,AUTO_KEEP
beta,beta_H,2023-11-04,sure,0,-1,-1,0,0.0,0.0,0.0,True,0.4284621604244574,-1,-1,0.0,40,40,-226.41369942514547,,-226.41369942514547,0.00012144593680479572,AUTO_KEEP
beta,beta_H,2023-11-05,sure,0,-1,-1,0,0.0,0.0,0.0,True,0.39092616187847096,-1,-1,0.0,24,24,-975.6903042895345,,-975.6903042895345,3.455972516951405e-05,AUTO_KEEP
beta,beta_H,2023-11-06,sure,0,-1,-1,0,0.0,0.0,0.0,True,0.4020029342206488,-1,-1,0.0,40,45,-5.316562875256195,,-5.316562875256195,0.0026635951582142385,AUTO_KEEP
beta,beta_H,2023-11-07,unsure,0,-1,-1,0,0.0,11.445130999999998,0.0,True,0.32490198193126574,43,61,17.292962999906347,62,62,-26.48120099389252,17.292962999906347,17.292962999906347,0.13832687282856032,AUTO_KEEP
beta,beta_H,2023-11-08,sure,0,-1,-1,0,0.0,0.0,0.0,True,0.2960835302991436,-1,-1,0.0,44,44,-20.093730932739373,,-20.093730932739373,0.0009431900364408108,AUTO_KEEP
beta,beta_H,2023-11-09,sure,0,-1,-1,0,0.0,5.056272,0.0,True,0.382034277011841,47,55,11.671776950064322,44,44,-31.394398546584547,11.671776950064322,11.671776950064322,0.10471694932026367,AUTO_KEEP
beta,beta_H,2023-11-10,sure,0,-1,-1,0,0.0,4.718238,0.0,True,0.29436094925649847,41,54,1.160579359262338,60,60,-41.59573441509576,1.160579359262338,1.160579359262338,0.02480788381815986,AUTO_KEEP
beta,beta_H,2023-11-11,sure,0,-1,-1,0,0.0,0.0,0.0,True,0.3797346260411709,-1,-1,0.0,48,48,-51.93399560414612,,-51.93399560414612,0.00042679859651973084,AUTO_KEEP
beta,beta_H,2023-11-12,sure,0,-1,-1,0,0.0,0.0,0.0,True,0.49240197894886784,-1,-1,0.0,51,51,-18.683043011675597,,-18.683043011675597,0.001001149384842644,AUTO_KEEP
beta,beta_H,2023-11-13,sure,0,-1,-1,0,0.0,0.0,0.0,True,0.43012520663339515,-1,-1,0.0,58,60,-3.629440892430792,,-3.629440892430792,0.0034793353620828408,AUTO_KEEP
beta,beta_H,2023-11-14,unsure,0,-1,-1,0,0.0,5.9930725,0.0,True,0.27419326587134485,41,58,28.615492633308442,59,59,-51.92985005683081,28.615492633308442,28.615492633308442,0.19564069566007553,AUTO_KEEP
beta,beta_H,2023-11-15,sure,0,-1,-1,0,0.0,0.0,0.0,True,0.44003996111161214,-1,-1,0.0,47,47,-9.337356041813603,,-9.337356041813603,0.0017433145971492482,AUTO_KEEP
beta,beta_H,2023-11-16,unsure,0,-1,-1,0,0.0,0.0,0.0,True,0.2877510091855271,-1,-1,0.0,45,57,-20.24138715303589,,-20.24138715303589,0.0009375383264732805,AUTO_KEEP
beta,beta_H,2023-11-17,sure,0,-1,-1,0,0.0,0.0,0.0,True,0.3010363276426782,-1,-1,0.0,55,62,-2.3372901508713486,,-2.3372901508713486,0.0046087302637564205,AUTO_KEEP
beta,beta_H,2023-11-18,unsure,0,-1,-1,0,0.0,0.0,0.0,True,0.23056390917422842,-1,-1,0.0,55,61,-7.8811745236802775,,-7.8811745236802775,0.0019867169801897197,AUTO_KEEP
beta,beta_H,2023-11-19,unsure,0,-1,-1,0,0.0,0.0,0.0,True,0.3773838356724255,-1,-1,0.0,43,57,-4.668680047557426,,-4.668680047557426,0.0029233923804092327,AUTO_KEEP
beta,beta_H,2023-11-20,sure,0,-1,-1,0,0.0,0.0,0.0,True,0.41573628562857046,-1,-1,0.0,53,53,-257.5111141511858,,-257.5111141511858,0.00010873887653857797,AUTO_KEEP
beta,beta_H,2023-11-21,sure,0,-1,-1,0,0.0,0.0,0.0,True,0.28906215907038035,-1,-1,0.0,60,60,-34.20726980877202,,-34.20726980877202,0.000606566880620762,AUTO_KEEP
beta,beta_H,2023-11-22,unsure,0,-1,-1,0,0.0,3.6318224999999997,0.0,True,0.40351500393328266,48,58,5.402316538024563,60,60,-12.631615909886222,5.402316538024563,5.402316538024563,0.06095901524951313,AUTO_KEEP
beta,beta_H,2023-11-23,sure,0,-1,-1,0,0.0,0.0,0.0,True,0.28663527842055014,-1,-1,0.0,50,50,-42.893128117227334,,-42.893128117227334,0.0005015761342330637,AUTO_KEEP
beta,beta_H,2023-11-24,sure,0,-1,-1,0,0.0,0.0,0.0,True,0.32849918559541,-1,-1,0.0,36,36,-1275.201718529503,,-1275.201718529503,2.7440648301774133e-05,AUTO_KEEP
beta,beta_H,2023-11-25,sure,0,-1,-1,0,0.0,0.0,0.0,True,0.3161854894158509,-1,-1,0.0,24,24,-1510.1400447919918,,-1510.1400447919918,2.371964050504896e-05,AUTO_KEEP
beta,beta_H,2023-11-26,sure,0,-1,-1,0,0.0,0.0,0.0,True,0.3363287804644095,-1,-1,0.0,42,50,-40.50715681967955,,-40.50715681967955,0.0005263319333922493,AUTO_KEEP
beta,beta_H,2023-11-27,unsure,0,-1,-1,0,0.0,0.0,0.0,True,0.2215650598842327,-1,-1,0.0,48,53,-57.1378499538638,,-57.1378499538638,0.0003936557292147563,AUTO_KEEP
beta,beta_H,2023-11-28,sure,0,-1,-1,0,0.0,0.0,0.0,True,0.31332711093579046,-1,-1,0.0,59,59,-1517.1018158236477,,-1517.1018158236477,2.3625805503390173e-05,AUTO_KEEP
beta,beta_H,2023-11-29,sure,0,-1,-1,0,0.0,0.0,0.0,True,0.3643258310658517,-1,-1,0.0,53,56,-10.325100801629597,,-10.325100801629597,0.0016115869505404841,AUTO_KEEP
beta,beta_H,2023-11-30,sure,0,-1,-1,0,0.0,0.0,0.0,True,0.3346470196915625,-1,-1,0.0,56,57,-37.08446363524599,,-37.08446363524599,0.0005668584128733814,AUTO_KEEP
beta,beta_H,2023-12-01,sure,0,-1,-1,0,0.0,0.0,0.0,True,0.29111919608454784,-1,-1,0.0,53,53,-45.88367949205946,,-45.88367949205946,0.00047387352024029885,AUTO_KEEP
beta,beta_H,2023-12-02,sure,0,-1,-1,0,0.0,0.0,0.0,True,0.2587476937963249,-1,-1,0.0,50,50,-912.5831043643102,,-912.5831043643102,3.660890350012323e-05,AUTO_KEEP
beta,beta_H,2023-12-03,sure,0,-1,-1,0,0.0,0.0,0.0,True,0.37473724331089375,-1,-1,0.0,53,54,-15.394929419485083,,-15.394929419485083,0.0011718840267432651,AUTO_KEEP
beta,beta_H,2023-12-04,sure,0,-1,-1,0,0.0,0.0,0.0,True,0.23886555217045213,-1,-1,0.0,52,54,-8.083819053848554,,-8.083819053848554,0.001948510411081826,AUTO_KEEP
beta,beta_H,2023-12-05,sure,0,-1,-1,0,0.0,0.0,0.0,True,0.29143735237257307,-1,-1,0.0,45,45,-39.888208905730096,,-39.888208905730096,0.0005331922651833157,AUTO_KEEP
beta,beta_H,2023-12-06,sure,0,-1,-1,0,0.0,0.0,0.0,True,0.3549298290627769,-1,-1,0.0,50,50,-45.490028034439746,,-45.490028034439746,0.0004773302532731385,AUTO_KEEP
beta,beta_H,2023-12-07,sure,0,-1,-1,0,0.0,0.0,0.0,True,0.30635414136482897,-1,-1,0.0,43,43,-132.82754048820163,,-132.82754048820163,0.00019184003310345995,AUTO_KEEP
beta,beta_H,2023-12-08,sure,0,-1,-1,0,0.0,0.0,0.0,True,0.30485400223101866,-1,-1,0.0,38,38,-1266.6840966438115,,-1266.6840966438115,2.759957627966241e-05,AUTO_KEEP
beta,beta_H,2023-12-09,sure,0,-1,-1,0,0.0,0.0,0.0,True,0.24534721034821327,-1,-1,0.0,24,24,-3476.7452418864486,,-3476.7452418864486,1.1559232302888686e-05,AUTO_KEEP
beta,beta_H,2023-12-10,sure,0,-1,-1,0,0.0,0.0,0.0,True,0.3587819837951711,-1,-1,0.0,51,51,-251.14361129816785,,-251.14361129816785,0.00011110273064901665,AUTO_KEEP
beta,beta_H,2023-12-11,sure,0,-1,-1,0,0.0,0.0,0.0,True,0.3356888403932219,-1,-1,0.0,44,46,-174.84928547336372,,-174.84928547336372,0.00015159322042524595,AUTO_KEEP
beta,beta_H,2023-12-12,sure,0,-1,-1,0,0.0,0.0,0.0,True,0.3788478142394487,-1,-1,0.0,46,46,-480.32134368441535,,-480.32134368441535,6.36199446682782e-05,AUTO_KEEP
beta,beta_H,2023-12-13,sure,0,-1,-1,0,0.0,0.0,0.0,True,0.2916520928496684,-1,-1,0.0,46,47,-855.3961470460343,,-855.3961470460343,3.8707613290342475e-05,AUTO_KEEP
beta,beta_H,2023-12-14,sure,0,-1,-1,0,0.0,0.0,0.0,True,0.25747218926014526,-1,-1,0.0,29,29,-3517.522921727546,,-3517.522921727546,1.1443609160318947e-05,AUTO_KEEP
beta,beta_H,2023-12-15,sure,0,-1,-1,0,0.0,0.0,0.0,True,0.3025872129275937,-1,-1,0.0,49,49,-475.2486719414334,,-475.2486719414334,6.42038766406531e-05,AUTO_KEEP
beta,beta_H,2023-12-16,sure,0,-1,-1,0,0.0,0.0,0.0,True,0.2447815864344305,-1,-1,0.0,37,38,-2456.664981486669,,-2456.664981486669,1.5593956984598887e-05,AUTO_KEEP
beta,beta_H,2023-12-17,sure,0,-1,-1,0,0.0,0.0,0.0,True,0.28741259432637456,-1,-1,0.0,57,57,-450.5984659888525,,-450.5984659888525,6.72148718545249e-05,AUTO_KEEP
beta,beta_H,2023-12-18,sure,0,-1,-1,0,0.0,0.0,0.0,True,0.3363563662889213,-1,-1,0.0,53,53,-449.49106267202916,,-449.49106267202916,6.735733198218236e-05,AUTO_KEEP
beta,beta_H,2023-12-19,sure,0,-1,-1,0,0.0,0.0,0.0,True,0.38475273404016797,-1,-1,0.0,24,24,-1706.9629423756326,,-1706.9629423756326,2.1342823748739163e-05,AUTO_KEEP
beta,beta_H,2023-12-20,sure,0,-1,-1,0,0.0,0.0,0.0,True,0.3241973405630576,-1,-1,0.0,24,24,-1904.6742313011862,,-1904.6742313011862,1.9419048626709245e-05,AUTO_KEEP
beta,beta_H,2023-12-21,sure,0,-1,-1,0,0.0,0.0,0.0,True,0.2917416100992778,-1,-1,0.0,56,56,-231.33590046023338,,-231.33590046023338,0.00011922404524604423,AUTO_KEEP
beta,beta_H,2023-12-22,sure,0,-1,-1,0,0.0,4.514713499999999,0.0,True,0.42465306115554924,51,63,2.010110504300502,64,64,-23.067140424805803,2.010110504300502,2.010110504300502,0.032751731486595964,AUTO_KEEP
beta,beta_H,2023-12-23,sure,0,-1,-1,0,0.0,0.0,0.0,True,0.3101240854944791,-1,-1,0.0,49,58,-6.066291771047628,,-6.066291771047628,0.002418613788506906,AUTO_KEEP
beta,beta_H,2023-12-24,sure,0,-1,-1,0,0.0,0.0,0.0,True,0.25974982079476305,-1,-1,0.0,55,55,-793.2425242194593,,-793.2425242194593,4.1306128274291146e-05,AUTO_KEEP
beta,beta_H,2023-12-25,sure,0,-1,-1,0,0.0,0.0,0.0,True,0.37900715981492716,-1,-1,0.0,47,47,-251.87566019054887,,-251.87566019054887,0.00011082533017900451,AUTO_KEEP
beta,beta_H,2023-12-26,sure,0,-1,-1,0,0.0,0.0,0.0,True,0.36552543185018926,-1,-1,0.0,53,58,-502.82218253135403,,-502.82218253135403,6.116209950951026e-05,AUTO_KEEP
beta,beta_H,2023-12-27,sure,0,-1,-1,0,0.0,0.0,0.0,True,0.4075476803410494,-1,-1,0.0,46,46,-139.04639760993433,,-139.04639760993433,0.00018447192010354242,AUTO_KEEP
beta,beta_H,2023-12-28,sure,0,-1,-1,0,0.0,0.0,0.0,True,0.3743426878233116,-1,-1,0.0,44,48,-247.7072044167508,,-247.7072044167508,0.000112425220022652,AUTO_KEEP
beta,beta_H,2023-12-29,sure,0,-1,-1,0,0.0,0.0,0.0,True,0.23623947398761125,-1,-1,0.0,38,38,-2443.993732163637,,-2443.993732163637,1.566362727138831e-05,AUTO_KEEP
beta,beta_H,2023-12-30,sure,0,-1,-1,0,0.0,0.0,0.0,True,0.2365631547840472,-1,-1,0.0,50,50,-220.0705940287482,,-220.0705940287482,0.00012444483626782653,AUTO_KEEP
beta,beta_H,2023-12-31,sure,0,-1,-1,0,0.0,0.0,0.0,True,0.3390333244452517,-1,-1,0.0,24,24,-1347.6857381814543,,-1347.6857381814543,2.6164027637330106e-05,AUTO_KEEP
beta,beta_H,2024-01-01,sure,0,-1,-1,0,0.0,0.0,0.0,True,0.296621582910122,-1,-1,0.0,33,33,-1553.9534806265644,,-1553.9534806265644,2.314214435452248e-05,AUTO_KEEP
beta,beta_H,2024-01-02,sure,0,-1,-1,0,0.0,0.0,0.0,True,0.34323574770809895,-1,-1,0.0,51,51,-475.85270739513504,,-475.85270739513504,6.413373750778229e-05,AUTO_KEEP
beta,beta_H,2024-01-03,sure,0,-1,-1,0,0.0,0.0,0.0,True,0.26002523941151523,-1,-1,0.0,46,46,-993.4022997991572,,-993.4022997991572,3.402822021891402e-05,AUTO_KEEP
beta,beta_H,2024-01-04,sure,0,-1,-1,0,0.0,0.0,0.0,True,0.398381992907737,-1,-1,0.0,45,46,-516.0552887165417,,-516.0552887165417,5.980982861477507e-05,AUTO_KEEP
beta,beta_H,2024-01-05,sure,0,-1,-1,0,0.0,0.0,0.0,True,0.4118909271919753,-1,-1,0.0,47,47,-168.3557444331374,,-168.3557444331374,0.00015659211076691243,AUTO_KEEP
beta,beta_H,2024-01-06,sure,0,-1,-1,0,0.0,0.0,0.0,True,0.31403050918572006,-1,-1,0.0,50,50,-71.90961043595077,,-71.90961043595077,0.00032385476509854734,AUTO_KEEP
beta,beta_H,2024-01-07,sure,0,-1,-1,0,0.0,0.0,0.0,True,0.3786828736497867,-1,-1,0.0,50,50,-262.34275917807526,,-262.34275917807526,0.0001070163153926206,AUTO_KEEP
beta,beta_H,2024-01-08,sure,0,-1,-1,0,0.0,0.0,0.0,True,0.2605464310159942,-1,-1,0.0,30,30,-2347.118101190706,,-2347.118101190706,1.6219371983191813e-05,AUTO_KEEP
beta,beta_H,2024-01-09,sure,0,-1,-1,0,0.0,0.0,0.0,True,0.20292519216561544,-1,-1,0.0,51,51,-293.81282822657374,,-293.81282822657374,9.70900968935605e-05,AUTO_KEEP
beta,beta_H,2024-01-10,sure,0,-1,-1,0,0.0,0.0,0.0,True,0.2399553218769377,-1,-1,0.0,55,55,-1240.0873597085874,,-1240.0873597085874,2.8108897232487345e-05,AUTO_KEEP
beta,beta_H,2024-01-11,sure,0,-1,-1,0,0.0,0.0,0.0,True,0.279955569704164,-1,-1,0.0,24,24,-2902.8174594151496,,-2902.8174594151496,1.3504513636280521e-05,AUTO_KEEP
beta,beta_H,2024-01-12,sure,0,-1,-1,0,0.0,0.0,0.0,True,0.4296202714999602,-1,-1,0.0,55,55,-942.2165533378355,,-942.2165533378355,3.5614867674040176e-05,AUTO_KEEP
beta,beta_H,2024-01-13,sure,0,-1,-1,0,0.0,0.0,0.0,True,0.30598353797360023,-1,-1,0.0,44,44,-1494.9757027606372,,-1494.9757027606372,2.3926848199107363e-05,AUTO_KEEP
beta,beta_H,2024-01-14,sure,0,-1,-1,0,0.0,0.0,0.0,True,0.3967458853391017,-1,-1,0.0,50,51,-349.92074156917505,,-349.92074156917505,8.354664343806315e-05,AUTO_KEEP
beta,beta_H,2024-01-15,sure,0,-1,-1,0,0.0,0.0,0.0,True,0.26335249958370355,-1,-1,0.0,64,64,-1516.317793895881,,-1516.317793895881,2.363633296180894e-05,AUTO_KEEP
beta,beta_H,2024-01-16,sure,0,-1,-1,0,0.0,0.0,0.0,True,0.3165740730374278,-1,-1,0.0,45,45,-428.2117903969945,,-428.2117903969945,7.022741095037815e-05,AUTO_KEEP
beta,beta_H,2024-01-17,sure,0,-1,-1,0,0.0,0.0,0.0,True,0.32193483795645506,-1,-1,0.0,43,43,-693.711588275887,,-693.711588275887,4.6361757866244945e-05,AUTO_KEEP
beta,beta_H,2024-01-18,sure,0,-1,-1,0,0.0,0.0,0.0,True,0.2996215107910558,-1,-1,0.0,43,43,-1773.0040160221515,,-1773.0040160221515,2.0655849850735264e-05,AUTO_KEEP
beta,beta_H,2024-01-19,sure,0,-1,-1,0,0.0,0.0,0.0,True,0.29310607763328456,-1,-1,0.0,49,49,-89.47770437019402,,-89.47770437019402,0.0002688548739110295,AUTO_KEEP
beta,beta_H,2024-01-20,sure,0,-1,-1,0,0.0,0.0,0.0,True,0.3450722495248275,-1,-1,0.0,40,40,-803.8788515525658,,-803.8788515525658,4.083497139536747e-05,AUTO_KEEP
beta,beta_H,2024-01-21,sure,0,-1,-1,0,0.0,0.0,0.0,True,0.19320051157026796,-1,-1,0.0,38,39,-4023.8721729897647,,-4023.8721729897647,1.0190753497111448e-05,AUTO_KEEP
beta,beta_H,2024-01-22,sure,0,-1,-1,0,0.0,0.0,0.0,True,0.42665462606051907,-1,-1,0.0,60,60,-78.07323540637105,,-78.07323540637105,0.00030197054869318945,AUTO_KEEP
beta,beta_H,2024-01-23,sure,0,-1,-1,0,0.0,0.0,0.0,True,0.37704209256212273,-1,-1,0.0,58,58,-108.04015206079903,,-108.04015206079903,0.00022889790397669557,AUTO_KEEP
beta,beta_H,2024-01-24,sure,0,-1,-1,0,0.0,0.0,0.0,True,0.3560981915576926,-1,-1,0.0,45,46,-400.3338244999878,,-400.3338244999878,7.441450917925583e-05,AUTO_KEEP
beta,beta_H,2024-01-25,sure,0,-1,-1,0,0.0,0.0,0.0,True,0.2665198286718802,-1,-1,0.0,24,24,-4299.724731665335,,-4299.724731665335,9.624502835949612e-06,AUTO_KEEP
beta,beta_H,2024-01-26,sure,0,-1,-1,0,0.0,0.0,0.0,True,0.3031448517611093,-1,-1,0.0,24,24,-2785.100179598999,,-2785.100179598999,1.399517616954543e-05,AUTO_KEEP
beta,beta_H,2024-01-27,sure,0,-1,-1,0,0.0,0.0,0.0,True,0.29492990512634076,-1,-1,0.0,69,69,-2073.884780789959,,-2073.884780789959,1.80454092925645e-05,AUTO_KEEP
beta,beta_H,2024-01-28,sure,0,-1,-1,0,0.0,0.0,0.0,True,0.2894928516040087,-1,-1,0.0,52,52,-351.59920076460634,,-351.59920076460634,8.320357896141669e-05,AUTO_KEEP
beta,beta_H,2024-01-29,sure,0,-1,-1,0,0.0,0.0,0.0,True,0.30596628036978224,-1,-1,0.0,43,43,-770.2092838661611,,-770.2092838661611,4.236783976934461e-05,AUTO_KEEP
beta,beta_H,2024-01-30,sure,0,-1,-1,0,0.0,0.0,0.0,True,0.36837957109160513,-1,-1,0.0,61,61,-1451.023483070375,,-1451.023483070375,2.4550149223800235e-05,AUTO_KEEP
beta,beta_H,2024-01-31,sure,0,-1,-1,0,0.0,0.0,0.0,True,0.25821028917949196,-1,-1,0.0,60,60,-565.1520596263863,,-565.1520596263863,5.530942422228402e-05,AUTO_KEEP
beta,beta_H,2024-02-01,sure,0,-1,-1,0,0.0,0.0,0.0,True,0.2653251041922422,-1,-1,0.0,57,57,-674.3611592285567,,-674.3611592285567,4.750504940825591e-05,AUTO_KEEP
beta,beta_H,2024-02-02,sure,0,-1,-1,0,0.0,0.0,0.0,True,0.2682289568647427,-1,-1,0.0,41,56,-1626.5143096866677,,-1626.5143096866677,2.2249588567477436e-05,AUTO_KEEP
beta,beta_H,2024-02-03,sure,0,-1,-1,0,0.0,0.0,0.0,True,0.20899087907253389,-1,-1,0.0,54,57,-1622.573014546261,,-1622.573014546261,2.229615981988549e-05,AUTO_KEEP
beta,beta_H,2024-02-04,sure,0,-1,-1,0,0.0,0.0,0.0,True,0.2969171458348647,-1,-1,0.0,40,43,-1329.0123087174309,,-1329.0123087174309,2.6480513997590598e-05,AUTO_KEEP
beta,beta_H,2024-02-05,sure,0,-1,-1,0,0.0,0.0,0.0,True,0.2625548584836839,-1,-1,0.0,24,24,-4558.079626594041,,-4558.079626594041,9.152274494229182e-06,AUTO_KEEP
beta,beta_H,2024-02-06,sure,0,-1,-1,0,0.0,0.0,0.0,True,0.4455719191421199,-1,-1,0.0,39,39,-499.65200547020487,,-499.65200547020487,6.149592954381782e-05,AUTO_KEEP
beta,beta_H,2024-02-07,sure,0,-1,-1,0,0.0,0.0,0.0,True,0.2648716327688252,-1,-1,0.0,59,59,-830.4438392846176,,-830.4438392846176,3.970733784527082e-05,AUTO_KEEP
beta,beta_H,2024-02-08,unsure,0,-1,-1,0,0.0,0.0,0.0,True,0.3705142561216572,-1,-1,0.0,50,50,-28.923275434152863,,-28.923275434152863,0.0006978222435320137,AUTO_KEEP
beta,beta_H,2024-02-09,sure,0,-1,-1,0,0.0,0.0,0.0,True,0.2521386010518736,-1,-1,0.0,48,48,-882.5129658836523,,-882.5129658836523,3.768091299225372e-05,AUTO_KEEP
beta,beta_H,2024-02-10,unsure,0,-1,-1,0,0.0,0.0,0.0,True,0.31684185223091443,-1,-1,0.0,59,60,-17.213266028956916,,-17.213266028956916,0.0010703741714940117,AUTO_KEEP
beta,beta_H,2024-02-11,sure,0,-1,-1,0,0.0,0.0,0.0,True,0.3623526836265798,-1,-1,0.0,63,63,-498.7594862499389,,-498.7594862499389,6.159062601119083e-05,AUTO_KEEP
beta,beta_H,2024-02-12,sure,0,-1,-1,0,0.0,0.0,0.0,True,0.30886089836991726,-1,-1,0.0,48,49,-98.05239864649252,,-98.05239864649252,0.00024866461630960866,AUTO_KEEP
beta,beta_H,2024-02-13,sure,0,-1,-1,0,0.0,0.0,0.0,True,0.3185751320513246,-1,-1,0.0,44,44,-814.8598407441879,,-814.8598407441879,4.036055945158219e-05,AUTO_KEEP
beta,beta_H,2024-02-14,sure,0,-1,-1,0,0.0,0.0,0.0,True,0.2940187115938926,-1,-1,0.0,59,59,-983.2691574334236,,-983.2691574334236,3.43301173807417e-05,AUTO_KEEP
beta,beta_H,2024-02-15,sure,0,-1,-1,0,0.0,0.0,0.0,True,0.31642291262059263,-1,-1,0.0,61,61,-1414.8876416513576,,-1414.8876416513576,2.5089545131013382e-05,AUTO_KEEP
beta,beta_H,2024-02-16,sure,0,-1,-1,0,0.0,0.0,0.0,True,0.29129087546101395,-1,-1,0.0,51,51,-202.921868516592,,-202.921868516592,0.0001334181976607486,AUTO_KEEP
beta,beta_H,2024-02-17,sure,0,-1,-1,0,0.0,0.0,0.0,True,0.2561311641923991,-1,-1,0.0,49,49,-2520.747763374665,,-2520.747763374665,1.5251610092735903e-05,AUTO_KEEP
beta,beta_H,2024-02-18,sure,0,-1,-1,0,0.0,0.0,0.0,True,0.2685974582765738,-1,-1,0.0,44,44,-1272.6461786001087,,-1272.6461786001087,2.7488123561323823e-05,AUTO_KEEP
beta,beta_H,2024-02-19,sure,0,-1,-1,0,0.0,0.0,0.0,True,0.2873111192478648,-1,-1,0.0,24,24,-2630.523308374242,,-2630.523308374242,1.470133055083152e-05,AUTO_KEEP
beta,beta_H,2024-02-20,sure,0,-1,-1,0,0.0,0.0,0.0,True,0.3315149282638865,-1,-1,0.0,56,56,-2.197218523643053,,-2.197218523643053,0.004781512415706219,AUTO_KEEP
beta,beta_H,2024-02-21,sure,0,-1,-1,0,0.0,0.0,0.0,True,0.3078253492966718,-1,-1,0.0,60,60,-82.4826523449408,,-82.4826523449408,0.0002881685180934494,AUTO_KEEP
beta,beta_H,2024-02-22,sure,0,-1,-1,0,0.0,0.0,0.0,True,0.3732449625639367,-1,-1,0.0,45,46,-250.55095248937818,,-250.55095248937818,0.00011132841205282753,AUTO_KEEP
beta,beta_H,2024-02-23,sure,0,-1,-1,0,0.0,0.0,0.0,True,0.24884705893694115,-1,-1,0.0,24,24,-3444.1415433148095,,-3444.1415433148095,1.1653510841332416e-05,AUTO_KEEP
beta,beta_H,2024-02-24,sure,0,-1,-1,0,0.0,0.0,0.0,True,0.3266732612395833,-1,-1,0.0,24,24,-1878.34020215562,,-1878.34020215562,1.9653485334480317e-05,AUTO_KEEP
beta,beta_H,2024-02-25,sure,0,-1,-1,0,0.0,0.0,0.0,True,0.34477063533274066,-1,-1,0.0,45,46,-84.29714472343557,,-84.29714472343557,0.00028287559504670015,AUTO_KEEP
beta,beta_H,2024-02-26,sure,0,-1,-1,0,0.0,0.0,0.0,True,0.31646865648716194,-1,-1,0.0,47,51,-281.20141807546906,,-281.20141807546906,0.00010082029088408663,AUTO_KEEP
beta,beta_H,2024-02-27,sure,0,-1,-1,0,0.0,0.0,0.0,True,0.26423060963758793,-1,-1,0.0,57,57,-2555.3141155318785,,-2555.3141155318785,1.5073591507439864e-05,AUTO_KEEP
beta,beta_H,2024-02-28,sure,0,-1,-1,0,0.0,0.0,0.0,True,0.30463616834524565,-1,-1,0.0,55,55,-1253.9817102701236,,-1253.9817102701236,2.7840316044145032e-05,AUTO_KEEP
beta,beta_H,2024-02-29,sure,0,-1,-1,0,0.0,0.0,0.0,True,0.28630712418500615,-1,-1,0.0,24,24,-2665.554745977936,,-2665.554745977936,1.4534620012729922e-05,AUTO_KEEP
beta,beta_H,2024-03-01,sure,0,-1,-1,0,0.0,0.0,0.0,True,0.27102124299270525,-1,-1,0.0,48,48,-1985.108499633647,,-1985.108499633647,1.873891193961926e-05,AUTO_KEEP
beta,beta_H,2024-03-02,sure,0,-1,-1,0,0.0,0.0,0.0,True,0.32226000649433395,-1,-1,0.0,24,24,-2005.1171608420432,,-2005.1171608420432,1.8577621722673427e-05,AUTO_KEEP
beta,beta_H,2024-03-03,sure,0,-1,-1,0,0.0,0.0,0.0,True,0.2739233664029621,-1,-1,0.0,48,48,-469.6313698849653,,-469.6313698849653,6.486416824951828e-05,AUTO_KEEP
beta,beta_H,2024-03-04,sure,0,-1,-1,0,0.0,0.0,0.0,True,0.2782722345382691,-1,-1,0.0,59,59,-75.45859888775674,,-75.45859888775674,0.0003108526474333678,AUTO_KEEP
beta,beta_H,2024-03-05,unsure,1,45,61,17,10.699755,0.0,0.0,True,0.289412009336111,-1,-1,0.0,45,45,-19.00175900346254,,-19.00175900346254,0.0009873901207533044,AUTO_KEEP
beta,beta_H,2024-03-06,sure,0,-1,-1,0,0.0,0.0,0.0,True,0.24224638720684055,-1,-1,0.0,46,46,-110.4199341470027,,-110.4199341470027,0.00022467634954260852,AUTO_KEEP
beta,beta_H,2024-03-07,sure,0,-1,-1,0,0.0,0.0,0.0,True,0.29268105129998556,-1,-1,0.0,46,46,-431.4550578167996,,-431.4550578167996,6.977299481191479e-05,AUTO_KEEP
beta,beta_H,2024-03-08,sure,0,-1,-1,0,0.0,0.0,0.0,True,0.27799344488675537,-1,-1,0.0,53,53,-632.8870217186553,,-632.8870217186553,5.017364158834278e-05,AUTO_KEEP
beta,beta_H,2024-03-09,sure,0,-1,-1,0,0.0,0.0,0.0,True,0.26950242351755094,-1,-1,0.0,52,54,-1184.789637695102,,-1184.789637695102,2.9235757817565557e-05,AUTO_KEEP
beta,beta_H,2024-03-10,sure,0,-1,-1,0,0.0,0.0,0.0,True,0.312857270248462,-1,-1,0.0,50,50,-647.4327122041448,,-647.4327122041448,4.9201543440532875e-05,AUTO_KEEP
beta,beta_H,2024-03-11,sure,0,-1,-1,0,0.0,0.0,0.0,True,0.26711027512263463,-1,-1,0.0,51,52,-171.46526903658335,,-171.46526903658335,0.00015415459007709452,AUTO_KEEP
beta,beta_H,2024-03-12,sure,0,-1,-1,0,0.0,0.0,0.0,True,0.30601500959942385,-1,-1,0.0,47,47,-198.39722686613644,,-198.39722686613644,0.00013602470691362721,AUTO_KEEP
beta,beta_H,2024-03-13,sure,0,-1,-1,0,0.0,0.0,0.0,True,0.340934122999637,-1,-1,0.0,45,50,-319.91031988592783,,-319.91031988592783,9.024211276316742e-05,AUTO_KEEP
beta,beta_H,2024-03-14,sure,0,-1,-1,0,0.0,0.0,0.0,True,0.2741427951655293,-1,-1,0.0,46,46,-716.3191716599064,,-716.3191716599064,4.509892742826016e-05,AUTO_KEEP
beta,beta_H,2024-03-15,sure,0,-1,-1,0,0.0,0.0,0.0,True,0.279624355646491,-1,-1,0.0,44,48,-54.411067678067084,,-54.411067678067084,0.00041029971188950387,AUTO_KEEP
beta,beta_H,2024-03-16,sure,0,-1,-1,0,0.0,0.0,0.0,True,0.3876028172130992,-1,-1,0.0,54,54,-181.7335259139114,,-181.7335259139114,0.00014665574010315792,AUTO_KEEP
beta,beta_H,2024-03-17,sure,0,-1,-1,0,0.0,0.0,0.0,True,0.31859317332727066,-1,-1,0.0,47,49,-1046.6753164064269,,-1046.6753164064269,3.253073245327095e-05,AUTO_KEEP
beta,beta_H,2024-03-18,sure,0,-1,-1,0,0.0,0.0,0.0,True,0.216377428580949,-1,-1,0.0,60,60,-325.1655626570038,,-325.1655626570038,8.89868913398068e-05,AUTO_KEEP
beta,beta_H,2024-03-19,sure,0,-1,-1,0,0.0,0.0,0.0,True,0.24989940735642513,-1,-1,0.0,48,48,-143.45817633685567,,-143.45817633685567,0.00017960384728401763,AUTO_KEEP
beta,beta_H,2024-03-20,sure,0,-1,-1,0,0.0,0.0,0.0,True,0.29590559456279664,-1,-1,0.0,46,46,-2084.855054552959,,-2084.855054552959,1.796353253124624e-05,AUTO_KEEP
beta,beta_H,2024-03-21,unsure,0,-1,-1,0,0.0,8.749037,0.0,True,0.31740401937161167,49,62,12.360390300046593,46,46,-71.94575426881748,12.360390300046593,12.360390300046593,0.10907320941082281,AUTO_KEEP
beta,beta_H,2024-03-22,sure,0,-1,-1,0,0.0,0.0,0.0,True,0.2633010301389582,-1,-1,0.0,50,50,-452.92807921591816,,-452.92807921591816,6.691729602516869e-05,AUTO_KEEP
beta,beta_H,2024-03-23,sure,0,-1,-1,0,0.0,0.0,0.0,True,0.35280594301593027,-1,-1,0.0,54,58,-3.9094216600043454,,-3.9094216600043454,0.003308095637989481,AUTO_KEEP
beta,beta_H,2024-03-24,sure,0,-1,-1,0,0.0,0.0,0.0,True,0.3342887407181623,-1,-1,0.0,55,55,-75.09333684453708,,-75.09333684453708,0.0003121386583989215,AUTO_KEEP
beta,beta_H,2024-03-25,sure,0,-1,-1,0,0.0,0.0,0.0,True,0.2897093473187864,-1,-1,0.0,47,50,-41.15349230623739,,-41.15349230623739,0.0005193683935920986,AUTO_KEEP
beta,beta_H,2024-03-26,sure,0,-1,-1,0,0.0,0.0,0.0,True,0.263433189990117,-1,-1,0.0,50,52,-40.11513434388761,,-40.11513434388761,0.0005306547364803756,AUTO_KEEP
beta,beta_H,2024-03-27,sure,0,-1,-1,0,0.0,0.0,0.0,True,0.31394599360391773,-1,-1,0.0,58,58,-61.443649218811395,,-61.443649218811395,0.00037014081859568573,AUTO_KEEP
beta,beta_H,2024-03-28,sure,0,-1,-1,0,0.0,0.0,0.0,True,0.41236967808391967,-1,-1,0.0,62,62,-410.83791253068455,,-410.83791253068455,7.277490939956617e-05,AUTO_KEEP
beta,beta_H,2024-03-29,sure,0,-1,-1,0,0.0,0.0,0.0,True,0.314435208123653,-1,-1,0.0,60,60,-398.88025981491325,,-398.88025981491325,7.464771107651133e-05,AUTO_KEEP
beta,beta_H,2024-04-01,sure,0,-1,-1,0,0.0,0.0,0.0,True,0.3149567226235783,-1,-1,0.0,50,50,-323.5302037130106,,-323.5302037130106,8.937344148341246e-05,AUTO_KEEP
beta,beta_H,2024-04-02,sure,0,-1,-1,0,0.0,0.0,0.0,True,0.4221200283791511,-1,-1,0.0,65,65,-695.9713936125373,,-695.9713936125373,4.6232098519392474e-05,AUTO_KEEP
beta,beta_H,2024-04-03,sure,0,-1,-1,0,0.0,0.0,0.0,True,0.3533330501786125,-1,-1,0.0,54,60,-16.67087279151689,,-16.67087279151689,0.0010986176323000002,AUTO_KEEP
beta,beta_H,2024-04-04,sure,0,-1,-1,0,0.0,0.0,0.0,True,0.340095080910336,-1,-1,0.0,24,24,-1797.1001856873625,,-1797.1001856873625,2.041691387614515e-05,AUTO_KEEP
beta,beta_H,2024-04-05,sure,0,-1,-1,0,0.0,0.0,0.0,True,0.36306632617476176,-1,-1,0.0,24,24,-1331.9892063828333,,-1331.9892063828333,2.642950697942133e-05,AUTO_KEEP
beta,beta_H,2024-04-06,sure,0,-1,-1,0,0.0,0.0,0.0,True,0.36331106440645655,-1,-1,0.0,51,54,-119.71156630103263,,-119.71156630103263,0.00020968351274862454,AUTO_KEEP
beta,beta_H,2024-04-07,sure,0,-1,-1,0,0.0,0.0,0.0,True,0.2671551410404085,-1,-1,0.0,45,45,-278.63877956419157,,-278.63877956419157,0.00010161650847316591,AUTO_KEEP
beta,beta_H,2024-04-08,sure,0,-1,-1,0,0.0,0.0,0.0,True,0.40149705443703354,-1,-1,0.0,51,51,-120.42889412376164,,-120.42889412376164,0.00020861505555436042,AUTO_KEEP
beta,beta_H,2024-04-09,sure,0,-1,-1,0,0.0,0.0,0.0,True,0.2605694542117245,-1,-1,0.0,47,49,-237.60472939193758,,-237.60472939193758,0.0001165180702793224,AUTO_KEEP
beta,beta_H,2024-04-10,sure,0,-1,-1,0,0.0,0.0,0.0,True,0.23703428921431247,-1,-1,0.0,56,56,-171.9644038592248,,-171.9644038592248,0.00015377092870933918,AUTO_KEEP
beta,beta_H,2024-04-11,sure,0,-1,-1,0,0.0,0.0,0.0,True,0.33267916066250613,-1,-1,0.0,44,50,-10.916072529210734,,-10.916072529210734,0.001542525506786618,AUTO_KEEP
beta,beta_H,2024-04-12,sure,0,-1,-1,0,0.0,0.0,0.0,True,0.2157022591303015,-1,-1,0.0,48,49,-28.05385733651509,,-28.05385733651509,0.00071578134718408,AUTO_KEEP
beta,beta_H,2024-04-13,sure,0,-1,-1,0,0.0,0.0,0.0,True,0.30525386646409913,-1,-1,0.0,53,53,-92.20414148978602,,-92.20414148978602,0.0002620603617072369,AUTO_KEEP
beta,beta_H,2024-04-14,sure,0,-1,-1,0,0.0,0.0,0.0,True,0.281171970194821,-1,-1,0.0,48,48,-171.51621060047538,,-171.51621060047538,0.00015411533899227042,AUTO_KEEP
beta,beta_H,2024-04-15,sure,0,-1,-1,0,0.0,0.0,0.0,True,0.27024968688513606,-1,-1,0.0,49,49,-131.57598644278087,,-131.57598644278087,0.00019340055471046217,AUTO_KEEP
beta,beta_H,2024-04-16,sure,0,-1,-1,0,0.0,0.0,0.0,True,0.28470336967203824,-1,-1,0.0,52,52,-192.7126522748933,,-192.7126522748933,0.00013945981262145505,AUTO_KEEP
beta,beta_H,2024-04-17,sure,0,-1,-1,0,0.0,0.0,0.0,True,0.40383884049598695,-1,-1,0.0,52,52,-76.01208763004865,,-76.01208763004865,0.0003089255818022713,AUTO_KEEP
beta,beta_H,2024-04-18,sure,0,-1,-1,0,0.0,0.0,0.0,True,0.28399745339040905,-1,-1,0.0,47,55,-68.6046620754493,,-68.6046620754493,0.0003370690958035861,AUTO_KEEP
beta,beta_H,2024-04-19,sure,0,-1,-1,0,0.0,0.0,0.0,True,0.2392391894649437,-1,-1,0.0,45,45,-77.83489212797959,,-77.83489212797959,0.00030275748254537986,AUTO_KEEP
beta,beta_H,2024-04-20,sure,0,-1,-1,0,0.0,0.0,0.0,True,0.3218109471567727,-1,-1,0.0,24,24,-1677.5124681179204,,-1677.5124681179204,2.1665375979932026e-05,AUTO_KEEP
beta,beta_H,2024-04-21,sure,0,-1,-1,0,0.0,0.0,0.0,True,0.3307100049029197,-1,-1,0.0,56,56,-680.1262155849356,,-680.1262155849356,4.715810504135118e-05,AUTO_KEEP
beta,beta_H,2024-04-22,sure,0,-1,-1,0,0.0,0.0,0.0,True,0.25633821999196016,-1,-1,0.0,47,49,-66.73979363725526,,-66.73979363725526,0.0003450539958617815,AUTO_KEEP
beta,beta_H,2024-04-23,sure,0,-1,-1,0,0.0,0.0,0.0,True,0.2509571401191799,-1,-1,0.0,50,50,-43.561808463024825,,-43.561808463024825,0.0004950817319205872,AUTO_KEEP
beta,beta_H,2024-04-24,sure,0,-1,-1,0,0.0,0.0,0.0,True,0.32328193865225163,-1,-1,0.0,56,56,-196.0425952437878,,-196.0425952437878,0.0001374251850597058,AUTO_KEEP
beta,beta_H,2024-04-25,sure,0,-1,-1,0,0.0,0.0,0.0,True,0.18556271618029463,-1,-1,0.0,45,45,-398.15882994948385,,-398.15882994948385,7.47640404491347e-05,AUTO_KEEP
beta,beta_H,2024-04-26,sure,0,-1,-1,0,0.0,0.0,0.0,True,0.2885366072150575,-1,-1,0.0,48,48,-70.91502264183137,,-70.91502264183137,0.00032771248895433657,AUTO_KEEP
beta,beta_H,2024-04-27,sure,0,-1,-1,0,0.0,0.0,0.0,True,0.36066685061222614,-1,-1,0.0,50,50,-68.194433500123,,-68.194433500123,0.0003387912050635408,AUTO_KEEP
beta,beta_H,2024-04-28,sure,0,-1,-1,0,0.0,0.0,0.0,True,0.1969092956300731,-1,-1,0.0,50,50,-330.1510853255222,,-330.1510853255222,8.783041824515822e-05,AUTO_KEEP
beta,beta_H,2024-04-29,sure,0,-1,-1,0,0.0,0.0,0.0,True,0.20827095518649497,-1,-1,0.0,50,50,-80.79493346518736,,-80.79493346518736,0.00029328759483390645,AUTO_KEEP
beta,beta_H,2024-04-30,sure,0,-1,-1,0,0.0,0.0,0.0,True,0.23136377712797618,-1,-1,0.0,45,45,-1019.1731303375461,,-1019.1731303375461,3.328562577506011e-05,AUTO_KEEP
beta,beta_H,2024-05-01,sure,0,-1,-1,0,0.0,0.0,0.0,True,0.3219788070257916,-1,-1,0.0,44,44,-628.1542903456402,,-628.1542903456402,5.0498949900360894e-05,AUTO_KEEP
beta,beta_H,2024-05-02,sure,0,-1,-1,0,0.0,0.0,0.0,True,0.3235337005777996,-1,-1,0.0,42,42,-518.1499157651699,,-518.1499157651699,5.9601671018207505e-05,AUTO_KEEP
beta,beta_H,2024-05-03,sure,0,-1,-1,0,0.0,0.0,0.0,True,0.1891626626623406,-1,-1,0.0,44,44,-5111.090430356909,,-5111.090430356909,8.291813025172247e-06,AUTO_KEEP
beta,beta_H,2024-05-04,sure,0,-1,-1,0,0.0,0.0,0.0,True,0.36344316056755765,-1,-1,0.0,51,52,-298.5009327937965,,-298.5009327937965,9.57781579159476e-05,AUTO_KEEP
beta,beta_H,2024-05-05,sure,0,-1,-1,0,0.0,0.0,0.0,True,0.46856906758293526,-1,-1,0.0,52,52,-392.11545244519925,,-392.11545244519925,7.575412781033219e-05,AUTO_KEEP
beta,beta_H,2024-05-06,sure,0,-1,-1,0,0.0,0.0,0.0,True,0.3269842623075645,-1,-1,0.0,50,50,-1175.2344060114656,,-1175.2344060114656,2.9440457807987594e-05,AUTO_KEEP
beta,beta_H,2024-05-07,sure,0,-1,-1,0,0.0,0.0,0.0,True,0.28601783901892297,-1,-1,0.0,51,52,-239.89204373433583,,-239.89204373433583,0.00011556342489426187,AUTO_KEEP
beta,beta_H,2024-05-08,sure,0,-1,-1,0,0.0,0.0,0.0,True,0.4064939069383673,-1,-1,0.0,52,52,-187.0881548459334,,-187.0881548459334,0.00014304850124144755,AUTO_KEEP
beta,beta_H,2024-05-09,sure,0,-1,-1,0,0.0,0.0,0.0,True,0.22845939359627554,-1,-1,0.0,51,51,-528.3887259068294,,-528.3887259068294,5.860626444291573e-05,AUTO_KEEP
beta,beta_H,2024-05-10,sure,0,-1,-1,0,0.0,0.0,0.0,True,0.30180258307863994,-1,-1,0.0,50,50,-1163.5283078679302,,-1163.5283078679302,2.969549611484925e-05,AUTO_KEEP
beta,beta_H,2024-05-11,sure,0,-1,-1,0,0.0,0.0,0.0,True,0.25301473057309565,-1,-1,0.0,24,24,-3628.427319916718,,-3628.427319916718,1.1141403518140286e-05,AUTO_KEEP
beta,beta_H,2024-05-12,sure,0,-1,-1,0,0.0,0.0,0.0,True,0.27439576924631304,-1,-1,0.0,53,53,-1487.5832217634197,,-1487.5832217634197,2.4029284758214634e-05,AUTO_KEEP
beta,beta_H,2024-05-13,sure,0,-1,-1,0,0.0,0.0,0.0,True,0.2935158390604,-1,-1,0.0,47,47,-653.7653760320472,,-653.7653760320472,4.879090541707168e-05,AUTO_KEEP
beta,beta_H,2024-05-14,sure,0,-1,-1,0,0.0,0.0,0.0,True,0.3559497737660742,-1,-1,0.0,51,51,-62.15923669805178,,-62.15923669805178,0.0003665226863457328,AUTO_KEEP
beta,beta_H,2024-05-15,sure,0,-1,-1,0,0.0,0.0,0.0,True,0.23035355494399656,-1,-1,0.0,43,43,-1260.9361479686352,,-1260.9361479686352,2.7707954235560815e-05,AUTO_KEEP
beta,beta_H,2024-05-16,sure,0,-1,-1,0,0.0,0.0,0.0,True,0.38617018170434214,-1,-1,0.0,45,45,-296.64630118662683,,-296.64630118662683,9.62925650757507e-05,AUTO_KEEP
beta,beta_H,2024-05-17,sure,0,-1,-1,0,0.0,0.0,0.0,True,0.28045714367869135,-1,-1,0.0,46,47,-220.9231928460874,,-220.9231928460874,0.00012403246258704733,AUTO_KEEP
beta,beta_H,2024-05-18,sure,0,-1,-1,0,0.0,0.0,0.0,True,0.32579641118559266,-1,-1,0.0,47,47,-940.9193607749374,,-940.9193607749374,3.565716144412033e-05,AUTO_KEEP
beta,beta_H,2024-05-19,sure,0,-1,-1,0,0.0,0.0,0.0,True,0.3417448388125468,-1,-1,0.0,49,51,-535.6284197835184,,-535.6284197835184,5.792379792121801e-05,AUTO_KEEP
beta,beta_H,2024-05-20,sure,0,-1,-1,0,0.0,0.0,0.0,True,0.25779148148471176,-1,-1,0.0,50,50,-1704.8696505489447,,-1704.8696505489447,2.1365407747350227e-05,AUTO_KEEP
beta,beta_H,2024-05-21,sure,0,-1,-1,0,0.0,0.0,0.0,True,0.23475844383626132,-1,-1,0.0,54,54,-1701.4225381339536,,-1701.4225381339536,2.1402710465012745e-05,AUTO_KEEP
beta,beta_H,2024-05-22,sure,0,-1,-1,0,0.0,0.0,0.0,True,0.43379801084210534,-1,-1,0.0,47,47,-106.13323050147217,,-106.13323050147217,0.00023240648785179637,AUTO_KEEP
beta,beta_H,2024-05-23,sure,0,-1,-1,0,0.0,0.0,0.0,True,0.29804350325854667,-1,-1,0.0,47,52,-299.91691430492006,,-299.91691430492006,9.53893923325908e-05,AUTO_KEEP
beta,beta_H,2024-05-24,sure,0,-1,-1,0,0.0,0.0,0.0,True,0.36583356657082433,-1,-1,0.0,52,52,-215.45648030287444,,-215.45648030287444,0.00012672895259021206,AUTO_KEEP
beta,beta_H,2024-05-25,sure,0,-1,-1,0,0.0,0.0,0.0,True,0.2479596754443376,-1,-1,0.0,45,45,-3112.32765649358,,-3112.32765649358,1.2717062302576777e-05,AUTO_KEEP
beta,beta_H,2024-05-26,sure,0,-1,-1,0,0.0,0.0,0.0,True,0.3392119967572462,-1,-1,0.0,47,47,-515.104215300898,,-515.104215300898,5.990486263579311e-05,AUTO_KEEP
beta,beta_H,2024-05-27,sure,0,-1,-1,0,0.0,0.0,0.0,True,0.31635276620521147,-1,-1,0.0,49,49,-295.8507363084341,,-295.8507363084341,9.651505956635865e-05,AUTO_KEEP
beta,beta_H,2024-05-28,sure,0,-1,-1,0,0.0,0.0,0.0,True,0.2921568023517729,-1,-1,0.0,47,47,-329.08847147433187,,-329.08847147433187,8.807418063020892e-05,AUTO_KEEP
beta,beta_H,2024-05-29,sure,0,-1,-1,0,0.0,0.0,0.0,True,0.40635312830574843,-1,-1,0.0,48,52,-180.7076754451281,,-180.7076754451281,0.00014736939532244815,AUTO_KEEP
beta,beta_H,2024-05-30,sure,0,-1,-1,0,0.0,0.0,0.0,True,0.3253912773627379,-1,-1,0.0,45,45,-423.19819516647163,,-423.19819516647163,7.09425912591603e-05,AUTO_KEEP
beta,beta_H,2024-05-31,sure,0,-1,-1,0,0.0,0.0,0.0,True,0.36670833102143874,-1,-1,0.0,24,24,-2122.4631208866613,,-2122.4631208866613,1.7688829324974353e-05,AUTO_KEEP
beta,beta_H,2024-06-01,sure,0,-1,-1,0,0.0,0.0,0.0,True,0.32821294797387246,-1,-1,0.0,24,24,-2268.068471986885,,-2268.068471986885,1.6705511971113084e-05,AUTO_KEEP
beta,beta_H,2024-06-02,sure,0,-1,-1,0,0.0,0.0,0.0,True,0.35351560079077693,-1,-1,0.0,24,24,-2362.433348415187,,-2362.433348415187,1.612869173824558e-05,AUTO_KEEP
beta,beta_H,2024-06-03,sure,0,-1,-1,0,0.0,0.0,0.0,True,0.3355235218125614,-1,-1,0.0,50,50,-529.6324269945862,,-529.6324269945862,5.8487790755454806e-05,AUTO_KEEP
beta,beta_H,2024-06-04,sure,0,-1,-1,0,0.0,0.0,0.0,True,0.4696877279329019,-1,-1,0.0,53,54,-473.9865125258724,,-473.9865125258724,6.435097162626025e-05,AUTO_KEEP
beta,beta_H,2024-06-05,sure,0,-1,-1,0,0.0,0.0,0.0,True,0.37434361394036664,-1,-1,0.0,52,52,-310.0792138736965,,-310.0792138736965,9.269612770234595e-05,AUTO_KEEP
beta,beta_H,2024-06-06,sure,0,-1,-1,0,0.0,0.0,0.0,True,0.3195678275336382,-1,-1,0.0,49,49,-1290.114897149712,,-1290.114897149712,2.7167092866881227e-05,AUTO_KEEP
beta,beta_H,2024-06-07,sure,0,-1,-1,0,0.0,0.0,0.0,True,0.35060883616523686,-1,-1,0.0,45,45,-1330.1772780526464,,-1330.1772780526464,2.6460527779337826e-05,AUTO_KEEP
beta,beta_H,2024-06-08,sure,0,-1,-1,0,0.0,0.0,0.0,True,0.3148539763798013,-1,-1,0.0,52,52,-1217.6021267097044,,-1217.6021267097044,2.8555611667044004e-05,AUTO_KEEP
beta,beta_H,2024-06-09,sure,0,-1,-1,0,0.0,0.0,0.0,True,0.20428024213088403,-1,-1,0.0,53,53,-1655.028457174691,,-1655.028457174691,2.1918812898672054e-05,AUTO_KEEP
beta,beta_H,2024-06-10,sure,0,-1,-1,0,0.0,0.0,0.0,True,0.3303094306932053,-1,-1,0.0,55,55,-1061.2456183714924,,-1061.2456183714924,3.214556798240587e-05,AUTO_KEEP
beta,beta_H,2024-06-11,sure,0,-1,-1,0,0.0,0.0,0.0,True,0.42792340326655776,-1,-1,0.0,47,48,-967.8238755925677,,-967.8238755925677,3.480158122873852e-05,AUTO_KEEP
beta,beta_H,2024-06-12,sure,0,-1,-1,0,0.0,0.0,0.0,True,0.3729555576460628,-1,-1,0.0,48,52,-387.3378985646391,,-387.3378985646391,7.655712456552911e-05,AUTO_KEEP
beta,beta_H,2024-06-13,sure,0,-1,-1,0,0.0,0.0,0.0,True,0.3583442301896689,-1,-1,0.0,48,48,-1124.0156313394123,,-1124.0156313394123,3.059277869624525e-05,AUTO_KEEP
beta,beta_H,2024-06-14,sure,0,-1,-1,0,0.0,0.0,0.0,True,0.35564745609039683,-1,-1,0.0,24,24,-2992.115035366313,,-2992.115035366313,1.3156335763680987e-05,AUTO_KEEP
beta,beta_H,2024-06-15,sure,0,-1,-1,0,0.0,0.0,0.0,True,0.39655894288340754,-1,-1,0.0,24,24,-1897.6758313777436,,-1897.6758313777436,1.94807604511018e-05,AUTO_KEEP
beta,beta_H,2024-06-16,sure,0,-1,-1,0,0.0,0.0,0.0,True,0.3154192563674201,-1,-1,0.0,51,51,-1392.799997469722,,-1392.799997469722,2.543205312577027e-05,AUTO_KEEP
beta,beta_H,2024-06-17,sure,0,-1,-1,0,0.0,0.0,0.0,True,0.32038447308075035,-1,-1,0.0,45,45,-1876.9712428550556,,-1876.9712428550556,1.96658397389512e-05,AUTO_KEEP
beta,beta_H,2024-06-18,sure,0,-1,-1,0,0.0,0.0,0.0,True,0.4786556678545537,-1,-1,0.0,51,51,-399.41990777344427,,-399.41990777344427,7.456094894171479e-05,AUTO_KEEP
beta,beta_H,2024-06-19,sure,0,-1,-1,0,0.0,0.0,0.0,True,0.3963594473539178,-1,-1,0.0,50,50,-807.6821097063798,,-807.6821097063798,4.066930124605806e-05,AUTO_KEEP
beta,beta_H,2024-06-20,sure,0,-1,-1,0,0.0,0.0,0.0,True,0.5077577985169786,-1,-1,0.0,54,54,-498.98050954194326,,-498.98050954194326,6.156714606966974e-05,AUTO_KEEP
beta,beta_H,2024-06-21,sure,0,-1,-1,0,0.0,0.0,0.0,True,0.3468177895656339,-1,-1,0.0,50,50,-617.4339834842945,,-617.4339834842945,5.1252947646419543e-05,AUTO_KEEP
beta,beta_H,2024-06-22,sure,0,-1,-1,0,0.0,0.0,0.0,False,,-1,-1,,-1,-1,,,,,UNCERTAIN
beta,beta_H,2024-06-23,sure,0,-1,-1,0,0.0,0.0,0.0,True,0.38790810004791787,-1,-1,0.0,48,48,-1478.459168092538,,-1478.459168092538,2.4157029278211507e-05,AUTO_KEEP
beta,beta_H,2024-06-24,sure,0,-1,-1,0,0.0,0.0,0.0,True,0.3637260416421757,-1,-1,0.0,55,55,-853.7086278254822,,-853.7086278254822,3.877350976723438e-05,AUTO_KEEP
beta,beta_H,2024-06-25,sure,0,-1,-1,0,0.0,0.0,0.0,True,0.40091425805191605,-1,-1,0.0,54,54,-483.4564102168186,,-483.4564102168186,6.326475313511029e-05,AUTO_KEEP
beta,beta_H,2024-06-26,sure,0,-1,-1,0,0.0,0.0,0.0,True,0.40007197144780626,-1,-1,0.0,52,52,-293.6441293776862,,-293.6441293776862,9.713803059011489e-05,AUTO_KEEP
beta,beta_H,2024-06-27,sure,0,-1,-1,0,0.0,0.0,0.0,True,0.42012849348687276,-1,-1,0.0,51,51,-342.1803859336519,,-342.1803859336519,8.516909860149066e-05,AUTO_KEEP
beta,beta_H,2024-06-28,sure,0,-1,-1,0,0.0,0.0,0.0,True,0.3773871246955025,-1,-1,0.0,52,53,-564.5202861353739,,-564.5202861353739,5.536270442773725e-05,AUTO_KEEP
beta,beta_H,2024-06-29,sure,0,-1,-1,0,0.0,0.0,0.0,True,0.3109879111289189,-1,-1,0.0,52,52,-1337.9954443329746,,-1337.9954443329746,2.632723745249341e-05,AUTO_KEEP
beta,beta_H,2024-06-30,sure,0,-1,-1,0,0.0,0.0,0.0,True,0.23108917388738526,-1,-1,0.0,24,24,-4355.450992732964,,-4355.450992732964,9.518236406299197e-06,AUTO_KEEP
beta,beta_H,2024-07-01,sure,0,-1,-1,0,0.0,0.0,0.0,True,0.4492659464149238,-1,-1,0.0,48,49,-644.3306481172843,,-644.3306481172843,4.940543221283043e-05,AUTO_KEEP
beta,beta_H,2024-07-02,sure,0,-1,-1,0,0.0,0.0,0.0,True,0.33789906401616143,-1,-1,0.0,24,24,-3743.8270340147387,,-3743.8270340147387,1.08446814908639e-05,AUTO_KEEP
beta,beta_H,2024-07-03,sure,0,-1,-1,0,0.0,0.0,0.0,True,0.4770726873542408,-1,-1,0.0,54,54,-420.92529550622015,,-420.92529550622015,7.127202728519661e-05,AUTO_KEEP
beta,beta_H,2024-07-04,sure,0,-1,-1,0,0.0,0.0,0.0,True,0.47111508319308193,-1,-1,0.0,51,52,-529.2916757933014,,-529.2916757933014,5.852019889837252e-05,AUTO_KEEP
beta,beta_H,2024-07-05,sure,0,-1,-1,0,0.0,0.0,0.0,True,0.4470821141386878,-1,-1,0.0,50,50,-797.5807306697156,,-797.5807306697156,4.1112547780641555e-05,AUTO_KEEP
beta,beta_H,2024-07-06,sure,0,-1,-1,0,0.0,0.0,0.0,True,0.335374556786352,-1,-1,0.0,50,50,-916.5846088204336,,-916.5846088204336,3.64711858786843e-05,AUTO_KEEP
beta,beta_H,2024-07-07,sure,0,-1,-1,0,0.0,0.0,0.0,True,0.31577281934616686,-1,-1,0.0,46,46,-2011.8328359488444,,-2011.8328359488444,1.852415607957415e-05,AUTO_KEEP
beta,beta_H,2024-07-08,sure,0,-1,-1,0,0.0,0.0,0.0,True,0.3875139857368861,-1,-1,0.0,54,54,-1175.678754465716,,-1175.678754465716,2.9430869990097688e-05,AUTO_KEEP
beta,beta_H,2024-07-09,sure,0,-1,-1,0,0.0,0.0,0.0,True,0.35807458978253237,-1,-1,0.0,59,59,-1128.4974301646862,,-1128.4974301646862,3.048806524644288e-05,AUTO_KEEP
beta,beta_H,2024-07-10,sure,0,-1,-1,0,0.0,0.0,0.0,True,0.33280749622247896,-1,-1,0.0,53,53,-504.1052025918151,,-504.1052025918151,6.102810271807898e-05,AUTO_KEEP
beta,beta_H,2024-07-11,sure,0,-1,-1,0,0.0,0.0,0.0,True,0.4826317792639596,-1,-1,0.0,47,47,-300.14173750433537,,-300.14173750433537,9.532797907747779e-05,AUTO_KEEP
beta,beta_H,2024-07-12,sure,0,-1,-1,0,0.0,0.0,0.0,True,0.36540288912591024,-1,-1,0.0,53,53,-416.98195203183127,,-416.98195203183127,7.18514892941933e-05,AUTO_KEEP
beta,beta_H,2024-07-13,sure,0,-1,-1,0,0.0,0.0,0.0,True,0.3730312990367812,-1,-1,0.0,52,52,-435.72008719914555,,-435.72008719914555,6.918499131127759e-05,AUTO_KEEP
beta,beta_H,2024-07-14,sure,0,-1,-1,0,0.0,0.0,0.0,True,0.4262609349522197,-1,-1,0.0,47,56,-493.69137637676613,,-493.69137637676613,6.213438348381931e-05,AUTO_KEEP
beta,beta_H,2024-07-15,sure,0,-1,-1,0,0.0,0.0,0.0,True,0.43328571404435756,-1,-1,0.0,49,49,-670.9616572605879,,-670.9616572605879,4.77122304037369e-05,AUTO_KEEP
beta,beta_H,2024-07-16,sure,0,-1,-1,0,0.0,0.0,0.0,True,0.39795541429674763,-1,-1,0.0,55,55,-1151.2768270563674,,-1151.2768270563674,2.996758058697813e-05,AUTO_KEEP
beta,beta_H,2024-07-17,sure,0,-1,-1,0,0.0,0.0,0.0,True,0.38633381035920245,-1,-1,0.0,50,52,-306.42692674003837,,-306.42692674003837,9.364498601542903e-05,AUTO_KEEP
beta,beta_H,2024-07-18,sure,0,-1,-1,0,0.0,0.0,0.0,True,0.4823591440511663,-1,-1,0.0,51,53,-137.73416684440832,,-137.73416684440832,0.00018597542739765485,AUTO_KEEP
beta,beta_H,2024-07-19,sure,0,-1,-1,0,0.0,0.0,0.0,True,0.3862110000293715,-1,-1,0.0,52,52,-428.8961868015495,,-428.8961868015495,7.013098834291055e-05,AUTO_KEEP
beta,beta_H,2024-07-20,sure,0,-1,-1,0,0.0,0.0,0.0,True,0.3973149717348914,-1,-1,0.0,55,55,-751.4204640398368,,-751.4204640398368,4.327864941663608e-05,AUTO_KEEP
beta,beta_H,2024-07-21,sure,0,-1,-1,0,0.0,0.0,0.0,True,0.46981323084729176,-1,-1,0.0,53,53,-329.2397651962449,,-329.2397651962449,8.80393848516311e-05,AUTO_KEEP
beta,beta_H,2024-07-22,sure,0,-1,-1,0,0.0,0.0,0.0,True,0.3340816346952611,-1,-1,0.0,47,47,-953.5932381653146,,-953.5932381653146,3.524852972279754e-05,AUTO_KEEP
beta,beta_H,2024-07-23,sure,0,-1,-1,0,0.0,0.0,0.0,True,0.4345832290854865,-1,-1,0.0,48,53,-175.14821189702516,,-175.14821189702516,0.0001513713692218117,AUTO_KEEP
beta,beta_H,2024-07-24,sure,0,-1,-1,0,0.0,0.0,0.0,True,0.36834269664030295,-1,-1,0.0,52,52,-226.2900392914739,,-226.2900392914739,0.00012150291047880425,AUTO_KEEP
beta,beta_H,2024-07-25,sure,0,-1,-1,0,0.0,0.0,0.0,True,0.39559727541482914,-1,-1,0.0,50,50,-371.7190195414087,,-371.7190195414087,7.931577116336615e-05,AUTO_KEEP
beta,beta_H,2024-07-26,sure,0,-1,-1,0,0.0,0.0,0.0,True,0.3829138342994405,-1,-1,0.0,47,54,-128.9689274488855,,-128.9689274488855,0.00019674096111189573,AUTO_KEEP
beta,beta_H,2024-07-27,sure,0,-1,-1,0,0.0,0.0,0.0,True,0.3584238500402801,-1,-1,0.0,57,57,-1986.2761840763656,,-1986.2761840763656,1.872941612964726e-05,AUTO_KEEP
beta,beta_H,2024-07-28,sure,0,-1,-1,0,0.0,0.0,0.0,True,0.293457154553213,-1,-1,0.0,53,53,-1168.7809003745451,,-1168.7809003745451,2.9580471114032064e-05,AUTO_KEEP
beta,beta_H,2024-07-29,sure,0,-1,-1,0,0.0,0.0,0.0,True,0.566232714932104,-1,-1,0.0,47,48,-554.0680752624901,,-554.0680752624901,5.6260560490688936e-05,AUTO_KEEP
beta,beta_H,2024-07-30,sure,0,-1,-1,0,0.0,0.0,0.0,True,0.44572758472381224,-1,-1,0.0,51,51,-666.5745552253393,,-666.5745552253393,4.798250291943504e-05,AUTO_KEEP
beta,beta_H,2024-07-31,sure,0,-1,-1,0,0.0,0.0,0.0,True,0.38270319056095126,-1,-1,0.0,42,42,-1723.0056948560707,,-1723.0056948560707,2.1171438770231317e-05,AUTO_KEEP
beta,beta_H,2024-08-01,sure,0,-1,-1,0,0.0,0.0,0.0,True,0.32942513874765744,-1,-1,0.0,49,54,-1691.0894751146182,,-1691.0894751146182,2.151537677316428e-05,AUTO_KEEP
beta,beta_H,2024-08-02,sure,0,-1,-1,0,0.0,0.0,0.0,True,0.46105886228975734,-1,-1,0.0,43,43,-498.8084026921708,,-498.8084026921708,6.15854278103135e-05,AUTO_KEEP
beta,beta_H,2024-08-03,sure,0,-1,-1,0,0.0,0.0,0.0,True,0.333726094708517,-1,-1,0.0,50,50,-535.7112393596368,,-535.7112393596368,5.791608995586811e-05,AUTO_KEEP
beta,beta_H,2024-08-04,sure,0,-1,-1,0,0.0,0.0,0.0,False,,-1,-1,,-1,-1,,,,,UNCERTAIN
beta,beta_H,2024-08-05,sure,0,-1,-1,0,0.0,0.0,0.0,False,,-1,-1,,-1,-1,,,,,UNCERTAIN
beta,beta_H,2024-08-06,sure,0,-1,-1,0,0.0,0.0,0.0,True,0.39949102621525157,-1,-1,0.0,43,43,-440.6052098649697,,-440.6052098649697,6.852450144634885e-05,AUTO_KEEP
beta,beta_H,2024-08-07,sure,0,-1,-1,0,0.0,0.0,0.0,True,0.45213476122853,-1,-1,0.0,51,51,-78.96568680469511,,-78.96568680469511,0.0002990627703956082,AUTO_KEEP
beta,beta_H,2024-08-08,sure,0,-1,-1,0,0.0,0.0,0.0,True,0.392989555678108,-1,-1,0.0,55,55,-211.96796908563783,,-211.96796908563783,0.0001285169633702368,AUTO_KEEP
beta,beta_H,2024-08-09,sure,0,-1,-1,0,0.0,0.0,0.0,True,0.4525194678664679,-1,-1,0.0,50,50,-153.4109849609554,,-153.4109849609554,0.00016957639624615777,AUTO_KEEP
beta,beta_H,2024-08-10,sure,0,-1,-1,0,0.0,0.0,0.0,True,0.41548780601807067,-1,-1,0.0,50,50,-188.30020299674786,,-188.30020299674786,0.0001422583813386448,AUTO_KEEP
beta,beta_H,2024-08-11,sure,0,-1,-1,0,0.0,0.0,0.0,True,0.4522808696771916,-1,-1,0.0,48,48,-319.63433436604583,,-319.63433436604583,9.030909066607368e-05,AUTO_KEEP
beta,beta_H,2024-08-12,sure,0,-1,-1,0,0.0,0.0,0.0,True,0.3532313397791924,-1,-1,0.0,55,55,-2150.9305874697593,,-2150.9305874697593,1.7486843876338252e-05,AUTO_KEEP
beta,beta_H,2024-08-13,sure,0,-1,-1,0,0.0,0.0,0.0,False,,-1,-1,,-1,-1,,,,,UNCERTAIN
beta,beta_H,2024-08-14,sure,0,-1,-1,0,0.0,0.0,0.0,True,0.30022855339909427,-1,-1,0.0,24,24,-2645.5335396226815,,-2645.5335396226815,1.4629395423600644e-05,AUTO_KEEP
beta,beta_H,2024-08-15,sure,0,-1,-1,0,0.0,0.0,0.0,True,0.3936477416223312,-1,-1,0.0,43,44,-1008.7717924143866,,-1008.7717924143866,3.3581095089661543e-05,AUTO_KEEP
beta,beta_H,2024-08-16,sure,0,-1,-1,0,0.0,0.0,0.0,True,0.2594801898724475,-1,-1,0.0,54,59,-1027.0688435118575,,-1027.0688435118575,3.30650526653381e-05,AUTO_KEEP
beta,beta_H,2024-08-17,sure,0,-1,-1,0,0.0,0.0,0.0,True,0.32801723952146933,-1,-1,0.0,46,46,-86.48507620076572,,-86.48507620076572,0.0002767656159158519,AUTO_KEEP
beta,beta_H,2024-08-18,sure,0,-1,-1,0,0.0,0.0,0.0,True,0.38599366217667086,-1,-1,0.0,40,40,-605.5199710215843,,-605.5199710215843,5.211998365400548e-05,AUTO_KEEP
beta,beta_H,2024-08-19,sure,0,-1,-1,0,0.0,0.0,0.0,True,0.3539247502202496,-1,-1,0.0,49,49,-80.35689490660013,,-80.35689490660013,0.0002946485194439095,AUTO_KEEP
beta,beta_H,2024-08-20,sure,0,-1,-1,0,0.0,0.0,0.0,True,0.2785107862908571,-1,-1,0.0,48,53,-23.67456921270968,,-23.67456921270968,0.0008239949962802969,AUTO_KEEP
beta,beta_H,2024-08-21,sure,0,-1,-1,0,0.0,0.0,0.0,True,0.464528582984582,-1,-1,0.0,50,54,-1.8205667152748286,,-1.8205667152748286,0.005324441936371244,AUTO_KEEP
beta,beta_H,2024-08-22,sure,0,-1,-1,0,0.0,0.0,0.0,True,0.2640336090176536,-1,-1,0.0,48,52,-45.85672526141877,,-45.85672526141877,0.00047410848637128233,AUTO_KEEP
beta,beta_H,2024-08-23,sure,0,-1,-1,0,0.0,0.0,0.0,True,0.19089061891613923,-1,-1,0.0,48,50,-23.33618464954754,,-23.33618464954754,0.0008338581957570571,AUTO_KEEP
beta,beta_H,2024-08-24,sure,0,-1,-1,0,0.0,14.716180999999999,0.0,True,0.31073637042062696,45,52,68.08282534034545,55,55,-78.84618007940466,68.08282534034545,68.08282534034545,0.33552463785274084,UNCERTAIN
beta,beta_H,2024-08-25,sure,0,-1,-1,0,0.0,0.0,0.0,True,0.2631090969473906,-1,-1,0.0,46,46,-1971.834950650546,,-1971.834950650546,1.8847590250263164e-05,AUTO_KEEP
beta,beta_H,2024-08-26,unsure,0,-1,-1,0,0.0,2.599083,0.0,True,0.3942739188709812,46,55,0.673574508789249,56,56,-7.7938539171551815,0.673574508789249,0.673574508789249,0.020001501320505637,AUTO_KEEP
beta,beta_H,2024-08-27,sure,0,-1,-1,0,0.0,0.0,0.0,True,0.32589981395558176,-1,-1,0.0,51,56,-9.040404814670888,,-9.040404814670888,0.001787611032325401,AUTO_KEEP
beta,beta_H,2024-08-28,unsure,0,-1,-1,0,0.0,3.796017,0.0,True,0.27119880841484445,45,55,5.477476930330088,56,56,-38.870138006350935,5.477476930330088,5.477476930330088,0.06153773493708321,AUTO_KEEP
beta,beta_H,2024-08-29,unsure,0,-1,-1,0,0.0,3.3319534999999996,0.0,True,0.33397958245887605,45,55,23.848930030675785,56,56,-10.538907237477224,23.848930030675785,23.848930030675785,0.17291554428388475,AUTO_KEEP
beta,beta_H,2024-08-30,sure,0,-1,-1,0,0.0,0.0,0.0,True,0.34089378599311804,-1,-1,0.0,46,49,-5.840501708987031,,-5.840501708987031,0.0024871369925366857,AUTO_KEEP
beta,beta_H,2024-08-31,sure,0,-1,-1,0,0.0,0.0,0.0,True,0.3334455183918461,-1,-1,0.0,46,54,-3.0937802886745516,,-3.0937802886745516,0.0038670797592223333,AUTO_KEEP
beta,beta_H,2024-09-01,sure,0,-1,-1,0,0.0,0.0,0.0,True,0.3161515068279215,-1,-1,0.0,50,50,-10.800569835678042,,-10.800569835678042,0.0015555171742550064,AUTO_KEEP
beta,beta_H,2024-09-02,unsure,1,44,55,12,3.977933,6.2680925,3.977933,True,0.3003228710045489,41,57,11.997169097199992,58,58,-46.60255458922054,11.997169097199992,11.997169097199992,0.10678467593131645,AUTO_KEEP
beta,beta_H,2024-09-03,unsure,1,45,56,12,3.185236,4.2417985,3.185236,True,0.3623562158633913,42,56,4.930417050093366,57,57,-12.484282817479269,4.930417050093366,4.930417050093366,0.05728702753608246,AUTO_KEEP
beta,beta_H,2024-09-04,unsure,1,45,56,12,4.934668499999999,5.999025499999999,4.934668499999999,True,0.3279302575282692,43,57,4.312672355072807,58,58,-35.70367814598601,4.312672355072807,4.312672355072807,0.052373893971779176,AUTO_KEEP
beta,beta_H,2024-09-05,sure,0,-1,-1,0,0.0,6.0315765,0.0,True,0.28023120733905493,43,52,33.801450114335616,56,56,-14.86884284663394,33.801450114335616,33.801450114335616,0.21846954975716915,AUTO_KEEP
beta,beta_H,2024-09-06,sure,0,-1,-1,0,0.0,0.0,0.0,True,0.3190799518125269,-1,-1,0.0,41,54,-6.5682329681485,,-6.5682329681485,0.0022799468047980677,AUTO_KEEP
beta,beta_H,2024-09-07,sure,0,-1,-1,0,0.0,0.0,0.0,True,0.225541354694748,-1,-1,0.0,49,49,-57.018619252102496,,-57.018619252102496,0.00039435302266104514,AUTO_KEEP
beta,beta_H,2024-09-08,sure,0,-1,-1,0,0.0,0.0,0.0,True,0.37719112877623484,-1,-1,0.0,24,24,-1008.7014855391753,,-1008.7014855391753,3.358311156977306e-05,AUTO_KEEP
beta,beta_H,2024-09-09,sure,0,-1,-1,0,0.0,2.7870955,0.0,True,0.2557730869689463,48,57,8.323032686125186,58,58,-62.95754483724743,8.323032686125186,8.323032686125186,0.08237237237469539,AUTO_KEEP
beta,beta_H,2024-09-10,sure,0,-1,-1,0,0.0,0.0,0.0,True,0.2974100543723406,-1,-1,0.0,51,56,-3.1685218530891377,,-3.1685218530891377,0.0038074371625026536,AUTO_KEEP
beta,beta_H,2024-09-11,unsure,0,-1,-1,0,0.0,6.681845000000001,0.0,True,0.3741016895776994,41,54,15.19240693128656,56,57,-1.3828967166817911,15.19240693128656,15.19240693128656,0.12625913660552457,AUTO_KEEP
beta,beta_H,2024-09-12,sure,0,-1,-1,0,0.0,0.0,0.0,True,0.3534185019470746,-1,-1,0.0,49,49,-266.8466782426156,,-266.8466782426156,0.00010546276691409046,AUTO_KEEP
beta,beta_H,2024-09-13,unsure,0,-1,-1,0,0.0,0.0,0.0,True,0.3993071380634534,-1,-1,0.0,56,56,-13.339431502540027,,-13.339431502540027,0.001315209520356293,AUTO_KEEP
beta,beta_H,2024-09-14,sure,0,-1,-1,0,0.0,0.0,0.0,True,0.4069755696722961,-1,-1,0.0,48,54,-2.8363338197163595,,-2.8363338197163595,0.004088963233367833,AUTO_KEEP
beta,beta_H,2024-09-15,sure,0,-1,-1,0,0.0,0.0,0.0,True,0.3266418866279963,-1,-1,0.0,54,54,-270.37419345279255,,-270.37419345279255,0.00010427957468681174,AUTO_KEEP
beta,beta_H,2024-09-16,sure,0,-1,-1,0,0.0,0.0,0.0,True,0.36597622660581663,-1,-1,0.0,50,57,-6.784377602877649,,-6.784377602877649,0.0022253677048044737,AUTO_KEEP
beta,beta_H,2024-09-17,unsure,1,41,58,18,10.233906,10.6936225,10.233906,True,0.31869379857342395,40,58,29.759302207183204,59,59,-36.29673131088853,29.759302207183204,29.759302207183204,0.20083470389539412,AUTO_KEEP
beta,beta_H,2024-09-18,unsure,1,42,57,16,9.099976999999999,10.1805995,9.099976999999999,True,0.2639198157663065,40,58,51.33910940864306,59,59,-51.429590715370495,51.33910940864306,51.33910940864306,0.28441349861012316,AUTO_KEEP
beta,beta_H,2024-09-19,unsure,1,43,55,13,5.726352,9.056051,5.726352,True,0.3582363750909181,40,58,21.863223998536665,39,39,-33.87639231534754,21.863223998536665,21.863223998536665,0.16288338350111253,AUTO_KEEP
beta,beta_H,2024-09-20,sure,1,43,56,14,5.444896,7.489248999999999,5.444896,True,0.34647087660525155,40,58,15.63016307601036,39,39,-24.538524121478808,15.63016307601036,15.63016307601036,0.12881891705053994,AUTO_KEEP
beta,beta_H,2024-09-21,unsure,0,-1,-1,0,0.0,0.0,0.0,True,0.2834299488083083,-1,-1,0.0,41,57,-2.555383348968558,,-2.555383348968558,0.004364937420095692,AUTO_KEEP
beta,beta_H,2024-09-22,sure,0,-1,-1,0,0.0,0.0,0.0,True,0.29217887349767313,-1,-1,0.0,55,55,-4.915721585370558,,-4.915721585370558,0.0028180990645924877,AUTO_KEEP
beta,beta_H,2024-09-23,unsure,0,-1,-1,0,0.0,7.364596,0.0,True,0.29340937946264845,41,56,4.856639193738148,57,57,-36.9973817232834,4.856639193738148,4.856639193738148,0.056706760270847464,AUTO_KEEP
beta,beta_H,2024-09-24,sure,0,-1,-1,0,0.0,0.0,0.0,True,0.25714392524603813,-1,-1,0.0,39,49,-26.569309588972985,,-26.569309588972985,0.0007488757409417011,AUTO_KEEP
beta,beta_H,2024-09-25,sure,0,-1,-1,0,0.0,0.0,0.0,True,0.29614570983699373,-1,-1,0.0,45,45,-197.89403182259434,,-197.89403182259434,0.0001363214008165892,AUTO_KEEP
beta,beta_H,2024-09-26,sure,0,-1,-1,0,0.0,0.0,0.0,True,0.31178073488981095,-1,-1,0.0,24,24,-2141.6807613135393,,-2141.6807613135393,1.755192605326658e-05,AUTO_KEEP
beta,beta_H,2024-09-27,sure,0,-1,-1,0,0.0,0.0,0.0,True,0.3559508735335166,-1,-1,0.0,49,57,-212.24293992400703,,-212.24293992400703,0.0001283740522005377,AUTO_KEEP
beta,beta_H,2024-09-28,sure,0,-1,-1,0,0.0,2.8883095,0.0,True,0.38441115155010763,45,47,1.229015180724943,52,52,-7.347864569602624,1.229015180724943,1.229015180724943,0.025466866982070888,AUTO_KEEP
beta,beta_H,2024-09-29,sure,0,-1,-1,0,0.0,0.0,0.0,True,0.3752666356351444,-1,-1,0.0,34,34,-720.1772435011004,,-720.1772435011004,4.489079195606584e-05,AUTO_KEEP
beta,beta_H,2024-09-30,sure,0,-1,-1,0,0.0,0.0,0.0,True,0.3032244740241019,-1,-1,0.0,60,60,-266.3693915265546,,-266.3693915265546,0.00010562508936634415,AUTO_KEEP
