dataset,substation_id,date,start_timestamp,end_timestamp,duration_minutes,n_intervals,min_reference_net_load_MW,max_raw_net_load_MW
Alpha,syn_B,2023-10-05,2023-10-05 12:00:00,2023-10-05 13:15:00,90,6,-0.226867,0.226867
Alpha,syn_B,2023-10-09,2023-10-09 11:45:00,2023-10-09 12:00:00,30,2,-0.0243,0.0243
Alpha,syn_B,2023-10-11,2023-10-11 12:00:00,2023-10-11 13:00:00,75,5,-0.40406,0.40406
Alpha,syn_B,2023-10-13,2023-10-13 10:45:00,2023-10-13 13:30:00,180,12,-0.727695,0.727695
Alpha,syn_B,2023-10-16,2023-10-16 11:00:00,2023-10-16 11:00:00,15,1,-0.034621,0.034621
Alpha,syn_B,2023-10-18,2023-10-18 12:15:00,2023-10-18 12:30:00,30,2,-0.217405,0.217405
Alpha,syn_B,2023-10-18,2023-10-18 13:00:00,2023-10-18 13:45:00,60,4,-0.452229,0.452229
Alpha,syn_B,2023-10-20,2023-10-20 12:00:00,2023-10-20 13:00:00,75,5,-0.232028,0.232028
Alpha,syn_B,2023-10-23,2023-10-23 10:30:00,2023-10-23 13:15:00,180,12,-0.96725,0.96725
Alpha,syn_B,2023-10-24,2023-10-24 12:00:00,2023-10-24 12:45:00,60,4,-0.355461,0.355461
Alpha,syn_B,2023-11-02,2023-11-02 13:45:00,2023-11-02 13:45:00,15,1,-0.148808,0.148808
Alpha,syn_B,2023-11-07,2023-11-07 12:15:00,2023-11-07 14:15:00,135,9,-0.628992,0.628992
Alpha,syn_B,2023-11-08,2023-11-08 12:00:00,2023-11-08 12:00:00,15,1,-0.009032,0.009032
Alpha,syn_B,2023-11-08,2023-11-08 13:00:00,2023-11-08 13:00:00,15,1,-0.179988,0.179988
Alpha,syn_B,2023-11-09,2023-11-09 13:30:00,2023-11-09 13:30:00,15,1,-0.129884,0.129884
Alpha,syn_B,2023-11-17,2023-11-17 13:15:00,2023-11-17 14:45:00,105,7,-0.688773,0.688773
Alpha,syn_B,2023-11-22,2023-11-22 13:00:00,2023-11-22 13:15:00,30,2,-0.093542,0.093542
Alpha,syn_B,2024-03-21,2024-03-21 13:00:00,2024-03-21 13:15:00,30,2,-0.13526,0.13526
Alpha,syn_B,2024-08-28,2024-08-28 13:00:00,2024-08-28 13:00:00,15,1,-0.107305,0.107305
Alpha,syn_B,2024-09-02,2024-09-02 11:30:00,2024-09-02 12:45:00,90,6,-0.275466,0.275466
Alpha,syn_B,2024-09-04,2024-09-04 12:30:00,2024-09-04 12:45:00,30,2,-0.095693,0.095693
Alpha,syn_B,2024-09-05,2024-09-05 11:30:00,2024-09-05 11:30:00,15,1,-0.138486,0.138486
Alpha,syn_B,2024-09-05,2024-09-05 12:15:00,2024-09-05 12:30:00,30,2,-0.169236,0.169236
Alpha,syn_B,2024-09-17,2024-09-17 11:30:00,2024-09-17 13:30:00,135,9,-0.850053,0.850053
Alpha,syn_B,2024-09-18,2024-09-18 11:00:00,2024-09-18 13:30:00,165,11,-0.814141,0.814141
Alpha,syn_B,2024-09-19,2024-09-19 11:00:00,2024-09-19 13:30:00,165,11,-1.120788,1.120788
Alpha,syn_B,2024-09-20,2024-09-20 11:00:00,2024-09-20 11:00:00,15,1,-0.067523,0.067523
Alpha,syn_B,2024-09-20,2024-09-20 11:30:00,2024-09-20 13:30:00,135,9,-1.059072,1.059072
Alpha,syn_B,2024-09-22,2024-09-22 12:00:00,2024-09-22 12:00:00,15,1,-0.208589,0.208589
Alpha,syn_B,2024-09-23,2024-09-23 11:00:00,2024-09-23 13:15:00,150,10,-1.285939,1.285939
Alpha,syn_B,2024-09-24,2024-09-24 13:00:00,2024-09-24 13:00:00,15,1,-0.112466,0.112466
Alpha,syn_C,2021-11-01,2021-11-01 11:00:00,2021-11-01 11:00:00,15,1,-0.178354,0.178354
Alpha,syn_C,2021-11-01,2021-11-01 12:00:00,2021-11-01 12:00:00,15,1,-0.260209,0.260209
Alpha,syn_C,2021-11-02,2021-11-02 11:15:00,2021-11-02 14:45:00,225,15,-0.398979,0.398979
Alpha,syn_C,2021-11-02,2021-11-02 15:15:00,2021-11-02 15:30:00,30,2,-0.14374,0.14374
Alpha,syn_C,2021-11-03,2021-11-03 10:15:00,2021-11-03 14:30:00,270,18,-0.499384,0.499384
Alpha,syn_C,2021-11-03,2021-11-03 15:00:00,2021-11-03 15:45:00,60,4,-0.307007,0.307007
Alpha,syn_C,2021-11-06,2021-11-06 10:30:00,2021-11-06 11:30:00,75,5,-0.123841,0.123841
Alpha,syn_C,2021-11-06,2021-11-06 13:30:00,2021-11-06 15:45:00,150,10,-0.459846,0.459846
Alpha,syn_C,2021-11-09,2021-11-09 11:30:00,2021-11-09 11:45:00,30,2,-0.03757,0.03757
Alpha,syn_C,2021-11-09,2021-11-09 13:15:00,2021-11-09 15:00:00,120,8,-0.284281,0.284281
Alpha,syn_C,2021-11-12,2021-11-12 10:15:00,2021-11-12 11:00:00,60,4,-0.19453,0.19453
Alpha,syn_C,2021-11-12,2021-11-12 12:00:00,2021-11-12 14:00:00,135,9,-0.403935,0.403935
Alpha,syn_C,2021-11-12,2021-11-12 14:30:00,2021-11-12 15:00:00,45,3,-0.239047,0.239047
Alpha,syn_C,2021-11-13,2021-11-13 11:00:00,2021-11-13 11:00:00,15,1,-0.208531,0.208531
Alpha,syn_C,2021-11-13,2021-11-13 12:00:00,2021-11-13 12:00:00,15,1,-0.203395,0.203395
Alpha,syn_C,2021-11-13,2021-11-13 12:30:00,2021-11-13 13:00:00,45,3,-0.235315,0.235315
Alpha,syn_C,2021-11-13,2021-11-13 14:15:00,2021-11-13 14:15:00,15,1,-0.085255,0.085255
Alpha,syn_C,2021-11-13,2021-11-13 15:00:00,2021-11-13 15:00:00,15,1,-0.218447,0.218447
Alpha,syn_C,2021-11-14,2021-11-14 10:15:00,2021-11-14 13:45:00,225,15,-0.516652,0.516652
Alpha,syn_C,2021-11-14,2021-11-14 14:45:00,2021-11-14 14:45:00,15,1,-0.035296,0.035296
Alpha,syn_C,2021-11-15,2021-11-15 09:45:00,2021-11-15 16:15:00,405,27,-0.571082,0.571082
Alpha,syn_C,2021-11-16,2021-11-16 13:15:00,2021-11-16 13:15:00,15,1,-0.056908,0.056908
Alpha,syn_C,2021-11-16,2021-11-16 13:45:00,2021-11-16 14:45:00,75,5,-0.474669,0.474669
Alpha,syn_C,2021-11-16,2021-11-16 15:15:00,2021-11-16 16:00:00,60,4,-0.344119,0.344119
Alpha,syn_C,2021-11-17,2021-11-17 14:30:00,2021-11-17 16:00:00,105,7,-0.26535,0.26535
Alpha,syn_C,2021-11-18,2021-11-18 10:00:00,2021-11-18 13:15:00,210,14,-0.488464,0.488464
Alpha,syn_C,2021-11-18,2021-11-18 13:45:00,2021-11-18 15:45:00,135,9,-0.351928,0.351928
Alpha,syn_C,2021-11-24,2021-11-24 14:45:00,2021-11-24 14:45:00,15,1,-0.091622,0.091622
Alpha,syn_C,2021-12-02,2021-12-02 11:45:00,2021-12-02 15:15:00,225,15,-0.21734,0.21734
Alpha,syn_C,2021-12-07,2021-12-07 11:45:00,2021-12-07 12:15:00,45,3,-0.30301,0.30301
Alpha,syn_C,2021-12-09,2021-12-09 10:30:00,2021-12-09 10:30:00,15,1,-0.034484,0.034484
Alpha,syn_C,2021-12-09,2021-12-09 12:15:00,2021-12-09 12:30:00,30,2,-0.227946,0.227946
Alpha,syn_C,2021-12-10,2021-12-10 09:45:00,2021-12-10 11:45:00,135,9,-0.419306,0.419306
Alpha,syn_C,2021-12-10,2021-12-10 12:15:00,2021-12-10 12:30:00,30,2,-0.260722,0.260722
Alpha,syn_C,2021-12-10,2021-12-10 13:30:00,2021-12-10 13:30:00,15,1,-0.141704,0.141704
Alpha,syn_C,2021-12-10,2021-12-10 14:00:00,2021-12-10 14:45:00,60,4,-0.354889,0.354889
Alpha,syn_C,2021-12-12,2021-12-12 14:00:00,2021-12-12 14:00:00,15,1,-0.203027,0.203027
Alpha,syn_C,2021-12-12,2021-12-12 15:15:00,2021-12-12 15:15:00,15,1,-0.16861,0.16861
Alpha,syn_C,2021-12-13,2021-12-13 10:15:00,2021-12-13 15:45:00,345,23,-0.476372,0.476372
Alpha,syn_C,2021-12-14,2021-12-14 10:45:00,2021-12-14 12:15:00,105,7,-0.318616,0.318616
Alpha,syn_C,2021-12-14,2021-12-14 12:45:00,2021-12-14 13:30:00,60,4,-0.229147,0.229147
Alpha,syn_C,2021-12-14,2021-12-14 14:45:00,2021-12-14 15:00:00,30,2,-0.086778,0.086778
Alpha,syn_C,2021-12-14,2021-12-14 15:45:00,2021-12-14 15:45:00,15,1,-0.073997,0.073997
Alpha,syn_C,2021-12-15,2021-12-15 10:15:00,2021-12-15 13:45:00,225,15,-0.235747,0.235747
Alpha,syn_C,2021-12-17,2021-12-17 14:30:00,2021-12-17 14:30:00,15,1,-0.115436,0.115436
Alpha,syn_C,2021-12-28,2021-12-28 14:45:00,2021-12-28 15:15:00,45,3,-0.079836,0.079836
Alpha,syn_C,2021-12-29,2021-12-29 11:00:00,2021-12-29 11:30:00,45,3,-0.531928,0.531928
Alpha,syn_C,2021-12-30,2021-12-30 12:30:00,2021-12-30 15:45:00,210,14,-0.46017,0.46017
Alpha,syn_C,2021-12-31,2021-12-31 10:30:00,2021-12-31 12:00:00,105,7,-0.253913,0.253913
Alpha,syn_C,2021-12-31,2021-12-31 12:45:00,2021-12-31 13:00:00,30,2,-0.089112,0.089112
Alpha,syn_C,2021-12-31,2021-12-31 13:30:00,2021-12-31 14:00:00,45,3,-0.15214,0.15214
Alpha,syn_C,2022-01-01,2022-01-01 12:15:00,2022-01-01 12:15:00,15,1,-0.165295,0.165295
Alpha,syn_C,2022-01-21,2022-01-21 12:45:00,2022-01-21 12:45:00,15,1,-0.055595,0.055595
Alpha,syn_C,2022-01-22,2022-01-22 11:15:00,2022-01-22 11:30:00,30,2,-0.24535,0.24535
Alpha,syn_C,2022-01-22,2022-01-22 12:15:00,2022-01-22 12:15:00,15,1,-0.127497,0.127497
Alpha,syn_C,2022-01-22,2022-01-22 13:45:00,2022-01-22 14:00:00,30,2,-0.176772,0.176772
Alpha,syn_C,2022-02-03,2022-02-03 16:00:00,2022-02-03 16:00:00,15,1,-0.015076,0.015076
Alpha,syn_C,2022-02-04,2022-02-04 11:45:00,2022-02-04 12:00:00,30,2,-0.321345,0.321345
Alpha,syn_C,2022-02-04,2022-02-04 12:45:00,2022-02-04 12:45:00,15,1,-0.328412,0.328412
Alpha,syn_C,2022-02-04,2022-02-04 13:45:00,2022-02-04 14:15:00,45,3,-0.394751,0.394751
Alpha,syn_C,2022-02-04,2022-02-04 14:45:00,2022-02-04 14:45:00,15,1,-0.220977,0.220977
Alpha,syn_C,2022-02-04,2022-02-04 15:15:00,2022-02-04 15:15:00,15,1,-0.098139,0.098139
Alpha,syn_C,2022-02-05,2022-02-05 14:15:00,2022-02-05 14:30:00,30,2,-0.356716,0.356716
Alpha,syn_C,2022-02-07,2022-02-07 14:45:00,2022-02-07 14:45:00,15,1,-0.120999,0.120999
Alpha,syn_C,2022-02-08,2022-02-08 12:45:00,2022-02-08 12:45:00,15,1,-0.03156,0.03156
Alpha,syn_C,2022-02-08,2022-02-08 13:45:00,2022-02-08 14:45:00,75,5,-0.470438,0.470438
Alpha,syn_C,2022-02-09,2022-02-09 10:30:00,2022-02-09 13:15:00,180,12,-0.326309,0.326309
Alpha,syn_C,2022-02-12,2022-02-12 13:45:00,2022-02-12 14:15:00,45,3,-0.637384,0.637384
Alpha,syn_C,2022-02-20,2022-02-20 11:45:00,2022-02-20 12:00:00,30,2,-0.188493,0.188493
Alpha,syn_C,2022-02-20,2022-02-20 12:30:00,2022-02-20 12:45:00,30,2,-0.123002,0.123002
Alpha,syn_C,2022-03-10,2022-03-10 10:45:00,2022-03-10 12:15:00,105,7,-0.30785,0.30785
Alpha,syn_C,2022-03-12,2022-03-12 14:45:00,2022-03-12 15:00:00,30,2,-0.125121,0.125121
Alpha,syn_C,2022-03-15,2022-03-15 12:30:00,2022-03-15 12:45:00,30,2,-0.148928,0.148928
Alpha,syn_C,2022-03-16,2022-03-16 13:30:00,2022-03-16 13:30:00,15,1,-0.02918,0.02918
Alpha,syn_C,2022-03-20,2022-03-20 11:45:00,2022-03-20 12:30:00,60,4,-0.114725,0.114725
Alpha,syn_C,2022-03-20,2022-03-20 13:00:00,2022-03-20 13:00:00,15,1,-0.049406,0.049406
Alpha,syn_C,2022-03-20,2022-03-20 13:30:00,2022-03-20 15:00:00,105,7,-0.117523,0.117523
Alpha,syn_C,2022-03-22,2022-03-22 11:00:00,2022-03-22 13:45:00,180,12,-0.255056,0.255056
Alpha,syn_C,2022-03-26,2022-03-26 13:30:00,2022-03-26 13:45:00,30,2,-0.208396,0.208396
Alpha,syn_C,2022-04-02,2022-04-02 11:15:00,2022-04-02 11:15:00,15,1,-0.308322,0.308322
Alpha,syn_C,2022-04-02,2022-04-02 12:00:00,2022-04-02 12:00:00,15,1,-0.27721,0.27721
Alpha,syn_C,2022-04-02,2022-04-02 13:30:00,2022-04-02 13:30:00,15,1,-0.134579,0.134579
Alpha,syn_C,2022-04-03,2022-04-03 12:45:00,2022-04-03 12:45:00,15,1,-0.160244,0.160244
Alpha,syn_C,2022-04-04,2022-04-04 10:30:00,2022-04-04 13:30:00,195,13,-0.283121,0.283121
Alpha,syn_C,2022-04-05,2022-04-05 10:15:00,2022-04-05 12:45:00,165,11,-0.188794,0.188794
Alpha,syn_C,2022-04-06,2022-04-06 11:45:00,2022-04-06 12:00:00,30,2,-0.120048,0.120048
Alpha,syn_C,2022-04-10,2022-04-10 13:15:00,2022-04-10 13:15:00,15,1,-0.060445,0.060445
Alpha,syn_C,2022-04-14,2022-04-14 10:45:00,2022-04-14 11:15:00,45,3,-0.274514,0.274514
Alpha,syn_C,2022-04-16,2022-04-16 10:15:00,2022-04-16 11:15:00,75,5,-0.259333,0.259333
Alpha,syn_C,2022-04-16,2022-04-16 12:30:00,2022-04-16 12:30:00,15,1,-0.021961,0.021961
Alpha,syn_C,2022-04-17,2022-04-17 10:45:00,2022-04-17 14:00:00,210,14,-0.317767,0.317767
Alpha,syn_C,2022-04-18,2022-04-18 10:45:00,2022-04-18 12:30:00,120,8,-0.332184,0.332184
Alpha,syn_C,2022-04-18,2022-04-18 13:00:00,2022-04-18 13:00:00,15,1,-0.177891,0.177891
Alpha,syn_C,2022-04-19,2022-04-19 10:30:00,2022-04-19 13:15:00,180,12,-0.238064,0.238064
Alpha,syn_C,2022-04-20,2022-04-20 10:15:00,2022-04-20 13:15:00,195,13,-0.411325,0.411325
Alpha,syn_C,2022-04-21,2022-04-21 10:15:00,2022-04-21 12:15:00,135,9,-0.349571,0.349571
Alpha,syn_C,2022-04-21,2022-04-21 14:15:00,2022-04-21 14:15:00,15,1,-0.021608,0.021608
Alpha,syn_C,2022-04-24,2022-04-24 11:45:00,2022-04-24 12:30:00,60,4,-0.229632,0.229632
Alpha,syn_C,2022-05-03,2022-05-03 11:30:00,2022-05-03 11:30:00,15,1,-0.075615,0.075615
Alpha,syn_C,2022-05-03,2022-05-03 12:00:00,2022-05-03 12:30:00,45,3,-0.033351,0.033351
Alpha,syn_C,2022-05-04,2022-05-04 11:30:00,2022-05-04 13:00:00,105,7,-0.105585,0.105585
Alpha,syn_C,2022-05-05,2022-05-05 12:15:00,2022-05-05 12:45:00,45,3,-0.16787,0.16787
Alpha,syn_C,2022-05-06,2022-05-06 11:00:00,2022-05-06 13:45:00,180,12,-0.228721,0.228721
Alpha,syn_C,2022-05-08,2022-05-08 11:45:00,2022-05-08 13:45:00,135,9,-0.15129,0.15129
Alpha,syn_C,2022-05-16,2022-05-16 11:30:00,2022-05-16 13:00:00,105,7,-0.097597,0.097597
Alpha,syn_C,2022-05-17,2022-05-17 11:15:00,2022-05-17 12:45:00,105,7,-0.203054,0.203054
Alpha,syn_C,2022-05-18,2022-05-18 12:15:00,2022-05-18 12:15:00,15,1,-0.001191,0.001191
Alpha,syn_C,2022-07-28,2022-07-28 12:45:00,2022-07-28 12:45:00,15,1,-0.012675,0.012675
Alpha,syn_C,2022-07-28,2022-07-28 13:15:00,2022-07-28 13:30:00,30,2,-0.050478,0.050478
Alpha,syn_C,2022-07-29,2022-07-29 12:15:00,2022-07-29 12:45:00,45,3,-0.04521,0.04521
Alpha,syn_C,2022-07-29,2022-07-29 13:15:00,2022-07-29 13:15:00,15,1,-0.051455,0.051455
Alpha,syn_C,2022-08-02,2022-08-02 12:45:00,2022-08-02 12:45:00,15,1,-0.011184,0.011184
Alpha,syn_C,2022-08-02,2022-08-02 13:15:00,2022-08-02 13:45:00,45,3,-0.114768,0.114768
Alpha,syn_C,2022-08-05,2022-08-05 13:45:00,2022-08-05 14:00:00,30,2,-0.143629,0.143629
Alpha,syn_C,2022-08-06,2022-08-06 11:15:00,2022-08-06 12:15:00,75,5,-0.350985,0.350985
Alpha,syn_C,2022-08-06,2022-08-06 12:45:00,2022-08-06 13:00:00,30,2,-0.369098,0.369098
Alpha,syn_C,2022-08-06,2022-08-06 13:30:00,2022-08-06 13:45:00,30,2,-0.699598,0.699598
Alpha,syn_C,2022-08-10,2022-08-10 11:45:00,2022-08-10 11:45:00,15,1,-0.018311,0.018311
Alpha,syn_C,2022-08-13,2022-08-13 11:45:00,2022-08-13 11:45:00,15,1,-0.159662,0.159662
Alpha,syn_C,2022-08-13,2022-08-13 13:15:00,2022-08-13 14:00:00,60,4,-0.395489,0.395489
Alpha,syn_C,2022-08-14,2022-08-14 12:15:00,2022-08-14 12:30:00,30,2,-0.226437,0.226437
Alpha,syn_C,2022-08-14,2022-08-14 13:00:00,2022-08-14 14:00:00,75,5,-0.263999,0.263999
Alpha,syn_C,2022-08-15,2022-08-15 11:45:00,2022-08-15 11:45:00,15,1,-0.037561,0.037561
Alpha,syn_C,2022-08-15,2022-08-15 12:15:00,2022-08-15 12:15:00,15,1,-0.048363,0.048363
Alpha,syn_C,2022-08-15,2022-08-15 12:45:00,2022-08-15 12:45:00,15,1,-0.203043,0.203043
Alpha,syn_C,2022-08-16,2022-08-16 11:15:00,2022-08-16 11:15:00,15,1,-0.051257,0.051257
Alpha,syn_C,2022-08-16,2022-08-16 13:15:00,2022-08-16 14:00:00,60,4,-0.407345,0.407345
Alpha,syn_C,2022-08-17,2022-08-17 11:15:00,2022-08-17 14:30:00,210,14,-0.518533,0.518533
Alpha,syn_C,2022-08-18,2022-08-18 13:30:00,2022-08-18 14:15:00,60,4,-0.239963,0.239963
Alpha,syn_C,2022-08-19,2022-08-19 11:00:00,2022-08-19 11:00:00,15,1,-0.102944,0.102944
Alpha,syn_C,2022-08-19,2022-08-19 12:15:00,2022-08-19 12:30:00,30,2,-0.419402,0.419402
Alpha,syn_C,2022-08-19,2022-08-19 13:45:00,2022-08-19 14:15:00,45,3,-0.567652,0.567652
Alpha,syn_C,2022-08-20,2022-08-20 11:15:00,2022-08-20 14:30:00,210,14,-0.857306,0.857306
Alpha,syn_C,2022-08-21,2022-08-21 11:00:00,2022-08-21 12:15:00,90,6,-0.303273,0.303273
Alpha,syn_C,2022-08-21,2022-08-21 13:00:00,2022-08-21 13:45:00,60,4,-0.250186,0.250186
Alpha,syn_C,2022-08-22,2022-08-22 11:15:00,2022-08-22 13:45:00,165,11,-0.663997,0.663997
Alpha,syn_C,2022-08-23,2022-08-23 11:30:00,2022-08-23 11:30:00,15,1,-0.622011,0.622011
Alpha,syn_C,2022-08-23,2022-08-23 13:00:00,2022-08-23 13:00:00,15,1,-0.169227,0.169227
Alpha,syn_C,2022-08-23,2022-08-23 14:45:00,2022-08-23 14:45:00,15,1,-0.081328,0.081328
Alpha,syn_C,2022-08-24,2022-08-24 11:15:00,2022-08-24 14:15:00,195,13,-0.674062,0.674062
Alpha,syn_C,2022-08-27,2022-08-27 14:00:00,2022-08-27 14:00:00,15,1,-0.078204,0.078204
Alpha,syn_C,2022-08-28,2022-08-28 11:30:00,2022-08-28 14:30:00,195,13,-0.858365,0.858365
Alpha,syn_C,2022-08-29,2022-08-29 10:30:00,2022-08-29 11:00:00,45,3,-0.290411,0.290411
Alpha,syn_C,2022-08-29,2022-08-29 11:45:00,2022-08-29 11:45:00,15,1,-0.206128,0.206128
Alpha,syn_C,2022-08-30,2022-08-30 11:30:00,2022-08-30 11:45:00,30,2,-0.201388,0.201388
Alpha,syn_C,2022-08-30,2022-08-30 12:15:00,2022-08-30 12:15:00,15,1,-0.566523,0.566523
Alpha,syn_C,2022-08-30,2022-08-30 12:45:00,2022-08-30 12:45:00,15,1,-0.1242,0.1242
Alpha,syn_C,2022-08-31,2022-08-31 12:30:00,2022-08-31 12:30:00,15,1,-0.042243,0.042243
Alpha,syn_C,2022-08-31,2022-08-31 13:00:00,2022-08-31 14:00:00,75,5,-0.546437,0.546437
Alpha,syn_C,2022-09-01,2022-09-01 10:30:00,2022-09-01 11:00:00,45,3,-0.17625,0.17625
Alpha,syn_C,2022-09-05,2022-09-05 12:00:00,2022-09-05 12:00:00,15,1,-0.367963,0.367963
Alpha,syn_C,2022-09-05,2022-09-05 12:30:00,2022-09-05 12:30:00,15,1,-0.038143,0.038143
Alpha,syn_C,2022-09-07,2022-09-07 11:30:00,2022-09-07 11:30:00,15,1,-0.222746,0.222746
Alpha,syn_C,2022-09-07,2022-09-07 12:45:00,2022-09-07 13:15:00,45,3,-0.596267,0.596267
Alpha,syn_C,2022-09-07,2022-09-07 13:45:00,2022-09-07 13:45:00,15,1,-0.210578,0.210578
Alpha,syn_C,2022-09-07,2022-09-07 14:15:00,2022-09-07 14:45:00,45,3,-0.220835,0.220835
Alpha,syn_C,2022-09-08,2022-09-08 10:45:00,2022-09-08 11:30:00,60,4,-0.59534,0.59534
Alpha,syn_C,2022-09-08,2022-09-08 12:00:00,2022-09-08 12:15:00,30,2,-0.668704,0.668704
Alpha,syn_C,2022-09-08,2022-09-08 13:30:00,2022-09-08 13:45:00,30,2,-0.831137,0.831137
Alpha,syn_C,2022-09-08,2022-09-08 14:15:00,2022-09-08 14:30:00,30,2,-0.435796,0.435796
Alpha,syn_C,2022-09-09,2022-09-09 13:00:00,2022-09-09 14:45:00,120,8,-0.70952,0.70952
Alpha,syn_C,2022-09-10,2022-09-10 10:15:00,2022-09-10 10:15:00,15,1,-0.016697,0.016697
Alpha,syn_C,2022-09-10,2022-09-10 11:00:00,2022-09-10 11:15:00,30,2,-0.206398,0.206398
Alpha,syn_C,2022-09-10,2022-09-10 11:45:00,2022-09-10 12:00:00,30,2,-0.622533,0.622533
Alpha,syn_C,2022-09-10,2022-09-10 12:30:00,2022-09-10 12:30:00,15,1,-0.769111,0.769111
Alpha,syn_C,2022-09-10,2022-09-10 14:00:00,2022-09-10 14:45:00,60,4,-0.775659,0.775659
Alpha,syn_C,2022-09-11,2022-09-11 10:15:00,2022-09-11 10:15:00,15,1,-0.199325,0.199325
Alpha,syn_C,2022-09-11,2022-09-11 10:45:00,2022-09-11 15:00:00,270,18,-1.374284,1.374284
Alpha,syn_C,2022-09-12,2022-09-12 10:00:00,2022-09-12 14:30:00,285,19,-1.343554,1.343554
Alpha,syn_C,2022-09-14,2022-09-14 10:00:00,2022-09-14 10:15:00,30,2,-0.318075,0.318075
Alpha,syn_C,2022-09-14,2022-09-14 13:00:00,2022-09-14 13:00:00,15,1,-0.043295,0.043295
Alpha,syn_C,2022-09-14,2022-09-14 14:15:00,2022-09-14 14:15:00,15,1,-0.326678,0.326678
Alpha,syn_C,2022-09-14,2022-09-14 15:00:00,2022-09-14 15:00:00,15,1,-0.001381,0.001381
Alpha,syn_C,2022-09-16,2022-09-16 09:45:00,2022-09-16 10:15:00,45,3,-0.177752,0.177752
Alpha,syn_C,2022-09-16,2022-09-16 10:45:00,2022-09-16 11:15:00,45,3,-0.922716,0.922716
Alpha,syn_C,2022-09-16,2022-09-16 11:45:00,2022-09-16 14:45:00,195,13,-1.47169,1.47169
Alpha,syn_C,2022-09-17,2022-09-17 10:00:00,2022-09-17 12:15:00,150,10,-1.388435,1.388435
Alpha,syn_C,2022-09-17,2022-09-17 13:15:00,2022-09-17 15:15:00,135,9,-1.380543,1.380543
Alpha,syn_C,2022-09-18,2022-09-18 10:30:00,2022-09-18 15:00:00,285,19,-1.222696,1.222696
Alpha,syn_C,2022-09-19,2022-09-19 10:30:00,2022-09-19 15:00:00,285,19,-1.410044,1.410044
Alpha,syn_C,2022-09-20,2022-09-20 09:45:00,2022-09-20 09:45:00,15,1,-0.128004,0.128004
Alpha,syn_C,2022-09-20,2022-09-20 12:00:00,2022-09-20 12:00:00,15,1,-0.032337,0.032337
Alpha,syn_C,2022-09-20,2022-09-20 12:30:00,2022-09-20 13:45:00,90,6,-1.030687,1.030687
Alpha,syn_C,2022-09-20,2022-09-20 14:30:00,2022-09-20 14:30:00,15,1,-0.00771,0.00771
Alpha,syn_C,2022-09-21,2022-09-21 10:45:00,2022-09-21 11:30:00,60,4,-1.107729,1.107729
Alpha,syn_C,2022-09-25,2022-09-25 09:45:00,2022-09-25 10:30:00,60,4,-0.343521,0.343521
Alpha,syn_C,2022-09-25,2022-09-25 11:30:00,2022-09-25 15:00:00,225,15,-1.139467,1.139467
Alpha,syn_C,2022-09-26,2022-09-26 10:30:00,2022-09-26 10:30:00,15,1,-0.045722,0.045722
Alpha,syn_C,2022-09-26,2022-09-26 12:30:00,2022-09-26 12:30:00,15,1,-0.379952,0.379952
Alpha,syn_C,2022-09-27,2022-09-27 11:00:00,2022-09-27 11:15:00,30,2,-0.935128,0.935128
Alpha,syn_C,2022-09-27,2022-09-27 11:45:00,2022-09-27 12:00:00,30,2,-0.958442,0.958442
Alpha,syn_C,2022-09-28,2022-09-28 09:15:00,2022-09-28 15:00:00,360,24,-1.80655,1.80655
Alpha,syn_C,2022-09-29,2022-09-29 11:00:00,2022-09-29 11:00:00,15,1,-0.074842,0.074842
Alpha,syn_C,2022-09-29,2022-09-29 11:45:00,2022-09-29 12:00:00,30,2,-0.678967,0.678967
Alpha,syn_C,2022-09-29,2022-09-29 12:30:00,2022-09-29 12:30:00,15,1,-0.740653,0.740653
Alpha,syn_C,2022-09-29,2022-09-29 14:30:00,2022-09-29 14:30:00,15,1,-0.101391,0.101391
Alpha,syn_C,2022-10-01,2022-10-01 11:30:00,2022-10-01 12:15:00,60,4,-0.485184,0.485184
Alpha,syn_C,2022-10-02,2022-10-02 09:15:00,2022-10-02 10:00:00,60,4,-0.301195,0.301195
Alpha,syn_C,2022-10-02,2022-10-02 10:30:00,2022-10-02 10:30:00,15,1,-0.039004,0.039004
Alpha,syn_C,2022-10-02,2022-10-02 11:45:00,2022-10-02 11:45:00,15,1,-1.052597,1.052597
Alpha,syn_C,2022-10-02,2022-10-02 13:30:00,2022-10-02 13:30:00,15,1,-0.226281,0.226281
Alpha,syn_C,2022-10-03,2022-10-03 10:15:00,2022-10-03 10:15:00,15,1,-0.017878,0.017878
Alpha,syn_C,2022-10-03,2022-10-03 11:30:00,2022-10-03 13:00:00,105,7,-1.469808,1.469808
Alpha,syn_C,2022-10-03,2022-10-03 14:00:00,2022-10-03 15:15:00,90,6,-1.018117,1.018117
Alpha,syn_C,2022-10-04,2022-10-04 09:15:00,2022-10-04 09:15:00,15,1,-0.072238,0.072238
Alpha,syn_C,2022-10-04,2022-10-04 09:45:00,2022-10-04 15:00:00,330,22,-1.669547,1.669547
Alpha,syn_C,2022-10-10,2022-10-10 13:30:00,2022-10-10 13:30:00,15,1,-0.376856,0.376856
Alpha,syn_C,2022-10-11,2022-10-11 14:00:00,2022-10-11 14:30:00,45,3,-0.895612,0.895612
Alpha,syn_C,2022-10-12,2022-10-12 13:15:00,2022-10-12 13:45:00,45,3,-0.188456,0.188456
Alpha,syn_C,2022-10-13,2022-10-13 13:00:00,2022-10-13 13:00:00,15,1,-0.023871,0.023871
Alpha,syn_C,2022-10-13,2022-10-13 14:15:00,2022-10-13 14:30:00,30,2,-0.564167,0.564167
Alpha,syn_C,2022-10-14,2022-10-14 11:30:00,2022-10-14 15:15:00,240,16,-1.910177,1.910177
Alpha,syn_C,2022-10-15,2022-10-15 09:00:00,2022-10-15 15:15:00,390,26,-2.069448,2.069448
Alpha,syn_C,2022-10-16,2022-10-16 09:00:00,2022-10-16 10:30:00,105,7,-1.109888,1.109888
Alpha,syn_C,2022-10-16,2022-10-16 11:30:00,2022-10-16 11:45:00,30,2,-0.299133,0.299133
Alpha,syn_C,2022-10-16,2022-10-16 13:00:00,2022-10-16 13:45:00,60,4,-1.808458,1.808458
Alpha,syn_C,2022-10-16,2022-10-16 14:45:00,2022-10-16 14:45:00,15,1,-0.211178,0.211178
Alpha,syn_C,2022-10-18,2022-10-18 12:15:00,2022-10-18 12:15:00,15,1,-0.182633,0.182633
Alpha,syn_C,2022-10-18,2022-10-18 13:15:00,2022-10-18 13:30:00,30,2,-1.267362,1.267362
Alpha,syn_C,2022-10-18,2022-10-18 14:00:00,2022-10-18 14:45:00,60,4,-0.654366,0.654366
Alpha,syn_C,2022-10-19,2022-10-19 09:30:00,2022-10-19 10:00:00,45,3,-0.359181,0.359181
Alpha,syn_C,2022-10-19,2022-10-19 10:45:00,2022-10-19 10:45:00,15,1,-0.200263,0.200263
Alpha,syn_C,2022-10-19,2022-10-19 11:15:00,2022-10-19 13:00:00,120,8,-0.777672,0.777672
Alpha,syn_C,2022-10-21,2022-10-21 12:30:00,2022-10-21 12:30:00,15,1,-0.946251,0.946251
Alpha,syn_C,2022-10-23,2022-10-23 12:15:00,2022-10-23 12:15:00,15,1,-0.075555,0.075555
Alpha,syn_C,2022-10-25,2022-10-25 11:15:00,2022-10-25 12:45:00,105,7,-1.216919,1.216919
Alpha,syn_C,2022-10-25,2022-10-25 14:00:00,2022-10-25 14:15:00,30,2,-0.864024,0.864024
Alpha,syn_C,2022-10-26,2022-10-26 08:45:00,2022-10-26 10:30:00,120,8,-0.863646,0.863646
Alpha,syn_C,2022-10-26,2022-10-26 11:30:00,2022-10-26 11:30:00,15,1,-0.089707,0.089707
Alpha,syn_C,2022-10-26,2022-10-26 12:15:00,2022-10-26 12:30:00,30,2,-0.648411,0.648411
Alpha,syn_C,2022-10-26,2022-10-26 14:30:00,2022-10-26 14:30:00,15,1,-0.285745,0.285745
Alpha,syn_C,2022-10-27,2022-10-27 09:15:00,2022-10-27 10:45:00,105,7,-1.149839,1.149839
Alpha,syn_C,2022-10-27,2022-10-27 11:15:00,2022-10-27 11:30:00,30,2,-0.653102,0.653102
Alpha,syn_C,2022-10-27,2022-10-27 14:15:00,2022-10-27 14:45:00,45,3,-0.746907,0.746907
Alpha,syn_C,2022-10-28,2022-10-28 08:30:00,2022-10-28 15:30:00,435,29,-2.045737,2.045737
Alpha,syn_C,2022-10-29,2022-10-29 08:30:00,2022-10-29 15:30:00,435,29,-2.169192,2.169192
Alpha,syn_C,2022-10-30,2022-10-30 08:30:00,2022-10-30 15:00:00,405,27,-1.983874,1.983874
Alpha,syn_C,2022-10-31,2022-10-31 09:45:00,2022-10-31 10:00:00,30,2,-0.511186,0.511186
Alpha,syn_C,2022-10-31,2022-10-31 11:15:00,2022-10-31 11:15:00,15,1,-0.59539,0.59539
Alpha,syn_C,2022-11-01,2022-11-01 09:30:00,2022-11-01 16:15:00,420,28,-2.052519,2.052519
Alpha,syn_C,2022-11-02,2022-11-02 09:45:00,2022-11-02 10:00:00,30,2,-0.198685,0.198685
Alpha,syn_C,2022-11-02,2022-11-02 10:45:00,2022-11-02 15:45:00,315,21,-1.908802,1.908802
Alpha,syn_C,2022-11-03,2022-11-03 09:45:00,2022-11-03 12:15:00,165,11,-1.086798,1.086798
Alpha,syn_C,2022-11-03,2022-11-03 12:45:00,2022-11-03 13:45:00,75,5,-1.142798,1.142798
Alpha,syn_C,2022-11-03,2022-11-03 15:00:00,2022-11-03 15:30:00,45,3,-1.491013,1.491013
Alpha,syn_C,2022-11-03,2022-11-03 16:15:00,2022-11-03 16:15:00,15,1,-0.156191,0.156191
Alpha,syn_C,2022-11-04,2022-11-04 15:30:00,2022-11-04 16:15:00,60,4,-0.804789,0.804789
Alpha,syn_C,2022-11-05,2022-11-05 10:15:00,2022-11-05 16:30:00,390,26,-2.182388,2.182388
Alpha,syn_C,2022-11-06,2022-11-06 09:45:00,2022-11-06 16:15:00,405,27,-1.980178,1.980178
Alpha,syn_C,2022-11-07,2022-11-07 11:15:00,2022-11-07 11:45:00,45,3,-0.71004,0.71004
Alpha,syn_C,2022-11-07,2022-11-07 12:30:00,2022-11-07 16:30:00,255,17,-2.006772,2.006772
Alpha,syn_C,2022-11-08,2022-11-08 11:15:00,2022-11-08 16:15:00,315,21,-1.551566,1.551566
Alpha,syn_C,2022-11-09,2022-11-09 10:00:00,2022-11-09 16:30:00,405,27,-2.071062,2.071062
Alpha,syn_C,2022-11-10,2022-11-10 10:15:00,2022-11-10 16:30:00,390,26,-2.059689,2.059689
Alpha,syn_C,2022-11-11,2022-11-11 09:30:00,2022-11-11 14:30:00,315,21,-1.425891,1.425891
Alpha,syn_C,2022-11-12,2022-11-12 09:45:00,2022-11-12 12:30:00,180,12,-1.409697,1.409697
Alpha,syn_C,2022-11-12,2022-11-12 13:00:00,2022-11-12 14:00:00,75,5,-1.578641,1.578641
Alpha,syn_C,2022-11-12,2022-11-12 14:45:00,2022-11-12 15:30:00,60,4,-0.94386,0.94386
Alpha,syn_C,2022-11-14,2022-11-14 10:00:00,2022-11-14 15:15:00,330,22,-1.252819,1.252819
Alpha,syn_C,2022-11-15,2022-11-15 09:30:00,2022-11-15 09:45:00,30,2,-0.277852,0.277852
Alpha,syn_C,2022-11-15,2022-11-15 10:30:00,2022-11-15 11:00:00,45,3,-0.664017,0.664017
Alpha,syn_C,2022-11-15,2022-11-15 12:00:00,2022-11-15 13:00:00,75,5,-0.898393,0.898393
Alpha,syn_C,2022-11-15,2022-11-15 14:45:00,2022-11-15 15:15:00,45,3,-0.192438,0.192438
Alpha,syn_C,2022-11-15,2022-11-15 15:45:00,2022-11-15 15:45:00,15,1,-0.467369,0.467369
Alpha,syn_C,2022-11-16,2022-11-16 09:15:00,2022-11-16 11:45:00,165,11,-1.582279,1.582279
Alpha,syn_C,2022-11-16,2022-11-16 12:45:00,2022-11-16 13:15:00,45,3,-1.69333,1.69333
Alpha,syn_C,2022-11-16,2022-11-16 14:00:00,2022-11-16 14:30:00,45,3,-0.936022,0.936022
Alpha,syn_C,2022-11-16,2022-11-16 16:15:00,2022-11-16 16:15:00,15,1,-0.763194,0.763194
Alpha,syn_C,2022-11-17,2022-11-17 09:30:00,2022-11-17 12:30:00,195,13,-1.168842,1.168842
Alpha,syn_C,2022-11-17,2022-11-17 13:00:00,2022-11-17 13:15:00,30,2,-1.290545,1.290545
Alpha,syn_C,2022-11-17,2022-11-17 13:45:00,2022-11-17 13:45:00,15,1,-1.111071,1.111071
Alpha,syn_C,2022-11-17,2022-11-17 14:15:00,2022-11-17 14:45:00,45,3,-1.11781,1.11781
Alpha,syn_C,2022-11-17,2022-11-17 15:15:00,2022-11-17 15:45:00,45,3,-0.795013,0.795013
Alpha,syn_C,2022-11-18,2022-11-18 09:30:00,2022-11-18 12:15:00,180,12,-1.495061,1.495061
Alpha,syn_C,2022-11-18,2022-11-18 12:45:00,2022-11-18 13:45:00,75,5,-1.490759,1.490759
Alpha,syn_C,2022-11-18,2022-11-18 14:15:00,2022-11-18 16:45:00,165,11,-1.144434,1.144434
Alpha,syn_C,2022-11-19,2022-11-19 10:00:00,2022-11-19 16:00:00,375,25,-1.99706,1.99706
Alpha,syn_C,2022-11-20,2022-11-20 10:45:00,2022-11-20 16:00:00,330,22,-1.683248,1.683248
Alpha,syn_C,2022-11-21,2022-11-21 09:15:00,2022-11-21 16:30:00,450,30,-1.894599,1.894599
Alpha,syn_C,2022-11-22,2022-11-22 09:15:00,2022-11-22 16:00:00,420,28,-2.311857,2.311857
Alpha,syn_C,2022-11-23,2022-11-23 09:30:00,2022-11-23 15:15:00,360,24,-1.924468,1.924468
Alpha,syn_C,2022-11-24,2022-11-24 09:15:00,2022-11-24 16:15:00,435,29,-1.862643,1.862643
Alpha,syn_C,2022-11-25,2022-11-25 11:00:00,2022-11-25 11:15:00,30,2,-1.049566,1.049566
Alpha,syn_C,2022-11-25,2022-11-25 12:00:00,2022-11-25 12:30:00,45,3,-1.385989,1.385989
Alpha,syn_C,2022-11-25,2022-11-25 13:15:00,2022-11-25 16:15:00,195,13,-1.750839,1.750839
Alpha,syn_C,2022-11-26,2022-11-26 10:00:00,2022-11-26 10:00:00,15,1,-0.03684,0.03684
Alpha,syn_C,2022-11-26,2022-11-26 12:30:00,2022-11-26 13:00:00,45,3,-0.861068,0.861068
Alpha,syn_C,2022-11-26,2022-11-26 13:30:00,2022-11-26 16:30:00,195,13,-1.640605,1.640605
Alpha,syn_C,2022-11-27,2022-11-27 09:30:00,2022-11-27 09:45:00,30,2,-0.133404,0.133404
Alpha,syn_C,2022-11-27,2022-11-27 11:30:00,2022-11-27 12:00:00,45,3,-1.040816,1.040816
Alpha,syn_C,2022-11-27,2022-11-27 12:30:00,2022-11-27 12:30:00,15,1,-1.071029,1.071029
Alpha,syn_C,2022-11-29,2022-11-29 09:30:00,2022-11-29 16:15:00,420,28,-1.691018,1.691018
Alpha,syn_C,2022-11-30,2022-11-30 10:00:00,2022-11-30 10:45:00,60,4,-0.865094,0.865094
Alpha,syn_C,2022-11-30,2022-11-30 11:15:00,2022-11-30 11:45:00,45,3,-0.995891,0.995891
Alpha,syn_C,2022-11-30,2022-11-30 14:45:00,2022-11-30 14:45:00,15,1,-0.195584,0.195584
Alpha,syn_C,2022-11-30,2022-11-30 15:45:00,2022-11-30 15:45:00,15,1,-0.092208,0.092208
Alpha,syn_C,2022-12-01,2022-12-01 14:45:00,2022-12-01 15:15:00,45,3,-0.560736,0.560736
Alpha,syn_C,2022-12-02,2022-12-02 10:15:00,2022-12-02 10:45:00,45,3,-0.320266,0.320266
Alpha,syn_C,2022-12-02,2022-12-02 11:15:00,2022-12-02 12:00:00,60,4,-0.809501,0.809501
Alpha,syn_C,2022-12-02,2022-12-02 13:15:00,2022-12-02 15:45:00,165,11,-1.40178,1.40178
Alpha,syn_C,2022-12-03,2022-12-03 10:00:00,2022-12-03 16:30:00,405,27,-2.081635,2.081635
Alpha,syn_C,2022-12-04,2022-12-04 11:15:00,2022-12-04 11:30:00,30,2,-0.796826,0.796826
Alpha,syn_C,2022-12-04,2022-12-04 13:15:00,2022-12-04 16:30:00,210,14,-1.631586,1.631586
Alpha,syn_C,2022-12-05,2022-12-05 09:45:00,2022-12-05 13:15:00,225,15,-1.056193,1.056193
Alpha,syn_C,2022-12-06,2022-12-06 13:15:00,2022-12-06 13:15:00,15,1,-0.046801,0.046801
Alpha,syn_C,2022-12-07,2022-12-07 09:45:00,2022-12-07 10:00:00,30,2,-0.65385,0.65385
Alpha,syn_C,2022-12-07,2022-12-07 10:30:00,2022-12-07 10:45:00,30,2,-0.368998,0.368998
Alpha,syn_C,2022-12-07,2022-12-07 11:15:00,2022-12-07 11:45:00,45,3,-0.744263,0.744263
Alpha,syn_C,2022-12-08,2022-12-08 11:00:00,2022-12-08 15:00:00,255,17,-1.701667,1.701667
Alpha,syn_C,2022-12-08,2022-12-08 15:30:00,2022-12-08 15:30:00,15,1,-1.015007,1.015007
Alpha,syn_C,2022-12-09,2022-12-09 10:00:00,2022-12-09 10:15:00,30,2,-0.375201,0.375201
Alpha,syn_C,2022-12-09,2022-12-09 10:45:00,2022-12-09 10:45:00,15,1,-0.181612,0.181612
Alpha,syn_C,2022-12-09,2022-12-09 12:15:00,2022-12-09 12:30:00,30,2,-0.741961,0.741961
Alpha,syn_C,2022-12-09,2022-12-09 13:00:00,2022-12-09 13:15:00,30,2,-0.430122,0.430122
Alpha,syn_C,2022-12-09,2022-12-09 14:30:00,2022-12-09 14:30:00,15,1,-0.672802,0.672802
Alpha,syn_C,2022-12-09,2022-12-09 15:00:00,2022-12-09 15:15:00,30,2,-0.507037,0.507037
Alpha,syn_C,2022-12-09,2022-12-09 15:45:00,2022-12-09 16:45:00,75,5,-0.880745,0.880745
Alpha,syn_C,2022-12-11,2022-12-11 09:45:00,2022-12-11 15:30:00,360,24,-1.508053,1.508053
Alpha,syn_C,2022-12-12,2022-12-12 11:00:00,2022-12-12 11:00:00,15,1,-0.65073,0.65073
Alpha,syn_C,2022-12-12,2022-12-12 15:15:00,2022-12-12 15:15:00,15,1,-0.220093,0.220093
Alpha,syn_C,2022-12-13,2022-12-13 09:15:00,2022-12-13 16:30:00,450,30,-2.243627,2.243627
Alpha,syn_C,2022-12-14,2022-12-14 09:15:00,2022-12-14 10:15:00,75,5,-0.936182,0.936182
Alpha,syn_C,2022-12-14,2022-12-14 10:45:00,2022-12-14 16:45:00,375,25,-2.351064,2.351064
Alpha,syn_C,2022-12-15,2022-12-15 09:15:00,2022-12-15 16:45:00,465,31,-1.730368,1.730368
Alpha,syn_C,2022-12-16,2022-12-16 12:00:00,2022-12-16 12:00:00,15,1,-1.01488,1.01488
Alpha,syn_C,2022-12-16,2022-12-16 12:45:00,2022-12-16 14:00:00,90,6,-1.80472,1.80472
Alpha,syn_C,2022-12-16,2022-12-16 14:30:00,2022-12-16 16:30:00,135,9,-1.69633,1.69633
Alpha,syn_C,2022-12-17,2022-12-17 12:30:00,2022-12-17 12:30:00,15,1,-0.82418,0.82418
Alpha,syn_C,2022-12-17,2022-12-17 14:45:00,2022-12-17 15:00:00,30,2,-0.658787,0.658787
Alpha,syn_C,2022-12-17,2022-12-17 15:30:00,2022-12-17 15:45:00,30,2,-1.067034,1.067034
Alpha,syn_C,2022-12-18,2022-12-18 13:00:00,2022-12-18 13:45:00,60,4,-1.240081,1.240081
Alpha,syn_C,2022-12-18,2022-12-18 16:00:00,2022-12-18 16:00:00,15,1,-0.407575,0.407575
Alpha,syn_C,2022-12-19,2022-12-19 12:00:00,2022-12-19 12:00:00,15,1,-0.898069,0.898069
Alpha,syn_C,2022-12-19,2022-12-19 15:00:00,2022-12-19 16:00:00,75,5,-0.806605,0.806605
Alpha,syn_C,2022-12-20,2022-12-20 11:45:00,2022-12-20 12:00:00,30,2,-0.326058,0.326058
Alpha,syn_C,2022-12-20,2022-12-20 13:00:00,2022-12-20 16:15:00,210,14,-1.490263,1.490263
Alpha,syn_C,2022-12-21,2022-12-21 10:45:00,2022-12-21 11:00:00,30,2,-0.632675,0.632675
Alpha,syn_C,2022-12-21,2022-12-21 12:00:00,2022-12-21 12:15:00,30,2,-0.488873,0.488873
Alpha,syn_C,2022-12-21,2022-12-21 13:00:00,2022-12-21 15:15:00,150,10,-2.229127,2.229127
Alpha,syn_C,2022-12-21,2022-12-21 16:15:00,2022-12-21 17:00:00,60,4,-0.643025,0.643025
Alpha,syn_C,2022-12-22,2022-12-22 09:45:00,2022-12-22 11:00:00,90,6,-1.425237,1.425237
Alpha,syn_C,2022-12-22,2022-12-22 11:45:00,2022-12-22 14:00:00,150,10,-1.891313,1.891313
Alpha,syn_C,2022-12-23,2022-12-23 11:15:00,2022-12-23 11:30:00,30,2,-0.674279,0.674279
Alpha,syn_C,2022-12-23,2022-12-23 12:00:00,2022-12-23 13:15:00,90,6,-0.8215,0.8215
Alpha,syn_C,2022-12-26,2022-12-26 10:00:00,2022-12-26 13:30:00,225,15,-0.416795,0.416795
Alpha,syn_C,2022-12-27,2022-12-27 10:30:00,2022-12-27 15:00:00,285,19,-0.620565,0.620565
Alpha,syn_C,2022-12-28,2022-12-28 09:45:00,2022-12-28 14:45:00,315,21,-0.958956,0.958956
Alpha,syn_C,2022-12-30,2022-12-30 11:00:00,2022-12-30 12:45:00,120,8,-1.037972,1.037972
Alpha,syn_C,2022-12-30,2022-12-30 13:15:00,2022-12-30 14:45:00,105,7,-1.190629,1.190629
Alpha,syn_C,2022-12-30,2022-12-30 16:00:00,2022-12-30 16:00:00,15,1,-0.216669,0.216669
Alpha,syn_C,2022-12-31,2022-12-31 11:30:00,2022-12-31 12:15:00,60,4,-0.825177,0.825177
Alpha,syn_C,2022-12-31,2022-12-31 12:45:00,2022-12-31 13:15:00,45,3,-0.56014,0.56014
Alpha,syn_C,2022-12-31,2022-12-31 14:15:00,2022-12-31 15:00:00,60,4,-0.499188,0.499188
Alpha,syn_C,2023-01-01,2023-01-01 13:30:00,2023-01-01 15:45:00,150,10,-1.143386,1.143386
Alpha,syn_C,2023-01-02,2023-01-02 11:00:00,2023-01-02 11:00:00,15,1,-0.180923,0.180923
Alpha,syn_C,2023-01-02,2023-01-02 11:30:00,2023-01-02 15:30:00,255,17,-1.018343,1.018343
Alpha,syn_C,2023-01-03,2023-01-03 10:30:00,2023-01-03 14:30:00,255,17,-0.401172,0.401172
Alpha,syn_C,2023-01-04,2023-01-04 11:00:00,2023-01-04 11:00:00,15,1,-0.041104,0.041104
Alpha,syn_C,2023-01-04,2023-01-04 11:30:00,2023-01-04 11:45:00,30,2,-0.084232,0.084232
Alpha,syn_C,2023-01-05,2023-01-05 15:15:00,2023-01-05 15:15:00,15,1,-0.174282,0.174282
Alpha,syn_C,2023-01-06,2023-01-06 09:45:00,2023-01-06 09:45:00,15,1,-0.006208,0.006208
Alpha,syn_C,2023-01-06,2023-01-06 11:00:00,2023-01-06 12:00:00,75,5,-1.314785,1.314785
Alpha,syn_C,2023-01-06,2023-01-06 13:15:00,2023-01-06 13:45:00,45,3,-1.616569,1.616569
Alpha,syn_C,2023-01-06,2023-01-06 14:30:00,2023-01-06 14:30:00,15,1,-1.912342,1.912342
Alpha,syn_C,2023-01-08,2023-01-08 09:45:00,2023-01-08 09:45:00,15,1,-0.176032,0.176032
Alpha,syn_C,2023-01-08,2023-01-08 11:15:00,2023-01-08 11:15:00,15,1,-0.271594,0.271594
Alpha,syn_C,2023-01-08,2023-01-08 11:45:00,2023-01-08 12:00:00,30,2,-0.149553,0.149553
Alpha,syn_C,2023-01-08,2023-01-08 13:15:00,2023-01-08 15:30:00,150,10,-1.197096,1.197096
Alpha,syn_C,2023-01-08,2023-01-08 16:00:00,2023-01-08 16:30:00,45,3,-0.641603,0.641603
Alpha,syn_C,2023-01-09,2023-01-09 09:45:00,2023-01-09 16:00:00,390,26,-1.513039,1.513039
Alpha,syn_C,2023-01-10,2023-01-10 11:00:00,2023-01-10 16:00:00,315,21,-1.31387,1.31387
Alpha,syn_C,2023-01-11,2023-01-11 13:45:00,2023-01-11 13:45:00,15,1,-0.153241,0.153241
Alpha,syn_C,2023-01-11,2023-01-11 14:45:00,2023-01-11 14:45:00,15,1,-0.039675,0.039675
Alpha,syn_C,2023-01-12,2023-01-12 11:30:00,2023-01-12 13:45:00,150,10,-0.737236,0.737236
Alpha,syn_C,2023-01-12,2023-01-12 14:15:00,2023-01-12 14:45:00,45,3,-0.308113,0.308113
Alpha,syn_C,2023-01-12,2023-01-12 15:30:00,2023-01-12 15:45:00,30,2,-0.160461,0.160461
Alpha,syn_C,2023-01-13,2023-01-13 11:15:00,2023-01-13 14:45:00,225,15,-0.822856,0.822856
Alpha,syn_C,2023-01-14,2023-01-14 11:15:00,2023-01-14 11:30:00,30,2,-0.587217,0.587217
Alpha,syn_C,2023-01-14,2023-01-14 13:00:00,2023-01-14 13:15:00,30,2,-0.49041,0.49041
Alpha,syn_C,2023-01-14,2023-01-14 13:45:00,2023-01-14 13:45:00,15,1,-0.3841,0.3841
Alpha,syn_C,2023-01-14,2023-01-14 15:00:00,2023-01-14 15:00:00,15,1,-0.079271,0.079271
Alpha,syn_C,2023-01-15,2023-01-15 10:15:00,2023-01-15 13:45:00,225,15,-0.556534,0.556534
Alpha,syn_C,2023-01-16,2023-01-16 10:30:00,2023-01-16 11:15:00,60,4,-0.142572,0.142572
Alpha,syn_C,2023-01-16,2023-01-16 11:45:00,2023-01-16 14:15:00,165,11,-0.344222,0.344222
Alpha,syn_C,2023-01-17,2023-01-17 13:30:00,2023-01-17 13:30:00,15,1,-0.095705,0.095705
Alpha,syn_C,2023-01-17,2023-01-17 14:15:00,2023-01-17 14:45:00,45,3,-0.401012,0.401012
Alpha,syn_C,2023-01-20,2023-01-20 11:30:00,2023-01-20 11:30:00,15,1,-0.358091,0.358091
Alpha,syn_C,2023-01-21,2023-01-21 10:30:00,2023-01-21 11:45:00,90,6,-1.045854,1.045854
Alpha,syn_C,2023-01-21,2023-01-21 12:15:00,2023-01-21 14:45:00,165,11,-1.751927,1.751927
Alpha,syn_C,2023-01-23,2023-01-23 15:15:00,2023-01-23 15:45:00,45,3,-0.818811,0.818811
Alpha,syn_C,2023-01-24,2023-01-24 13:15:00,2023-01-24 13:45:00,45,3,-0.520282,0.520282
Alpha,syn_C,2023-01-24,2023-01-24 14:45:00,2023-01-24 14:45:00,15,1,-0.297223,0.297223
Alpha,syn_C,2023-02-01,2023-02-01 13:30:00,2023-02-01 13:30:00,15,1,-0.052165,0.052165
Alpha,syn_C,2023-02-04,2023-02-04 10:00:00,2023-02-04 16:00:00,375,25,-1.779498,1.779498
Alpha,syn_C,2023-02-05,2023-02-05 10:00:00,2023-02-05 15:15:00,330,22,-1.124542,1.124542
Alpha,syn_C,2023-02-06,2023-02-06 12:45:00,2023-02-06 12:45:00,15,1,-0.048238,0.048238
Alpha,syn_C,2023-02-08,2023-02-08 12:00:00,2023-02-08 12:00:00,15,1,-0.015332,0.015332
Alpha,syn_C,2023-02-08,2023-02-08 12:30:00,2023-02-08 13:30:00,75,5,-0.166613,0.166613
Alpha,syn_C,2023-02-15,2023-02-15 13:30:00,2023-02-15 16:00:00,165,11,-1.213452,1.213452
Alpha,syn_C,2023-02-16,2023-02-16 10:15:00,2023-02-16 15:00:00,300,20,-1.002767,1.002767
Alpha,syn_C,2023-02-17,2023-02-17 11:00:00,2023-02-17 13:00:00,135,9,-0.206285,0.206285
Alpha,syn_C,2023-02-23,2023-02-23 11:15:00,2023-02-23 14:30:00,210,14,-1.186998,1.186998
Alpha,syn_C,2023-02-23,2023-02-23 15:15:00,2023-02-23 15:30:00,30,2,-0.484518,0.484518
Alpha,syn_C,2023-02-23,2023-02-23 16:15:00,2023-02-23 16:15:00,15,1,-0.328214,0.328214
Alpha,syn_C,2023-02-24,2023-02-24 11:15:00,2023-02-24 11:15:00,15,1,-0.216625,0.216625
Alpha,syn_C,2023-02-24,2023-02-24 11:45:00,2023-02-24 16:15:00,285,19,-1.289047,1.289047
Alpha,syn_C,2023-02-25,2023-02-25 10:30:00,2023-02-25 12:45:00,150,10,-0.919683,0.919683
Alpha,syn_C,2023-02-25,2023-02-25 13:15:00,2023-02-25 13:15:00,15,1,-0.005006,0.005006
Alpha,syn_C,2023-02-25,2023-02-25 14:00:00,2023-02-25 14:00:00,15,1,-0.909966,0.909966
Alpha,syn_C,2023-02-25,2023-02-25 14:30:00,2023-02-25 14:30:00,15,1,-0.443511,0.443511
Alpha,syn_C,2023-02-25,2023-02-25 15:00:00,2023-02-25 15:15:00,30,2,-1.078149,1.078149
Alpha,syn_C,2023-02-25,2023-02-25 16:00:00,2023-02-25 16:00:00,15,1,-0.154632,0.154632
Alpha,syn_C,2023-02-26,2023-02-26 10:15:00,2023-02-26 13:45:00,225,15,-0.809677,0.809677
Alpha,syn_C,2023-03-03,2023-03-03 11:15:00,2023-03-03 11:15:00,15,1,-0.15862,0.15862
Alpha,syn_C,2023-03-03,2023-03-03 12:30:00,2023-03-03 14:15:00,120,8,-0.720221,0.720221
Alpha,syn_C,2023-03-04,2023-03-04 11:45:00,2023-03-04 12:45:00,75,5,-0.704118,0.704118
Alpha,syn_C,2023-03-04,2023-03-04 13:15:00,2023-03-04 14:30:00,90,6,-0.333948,0.333948
Alpha,syn_C,2023-03-05,2023-03-05 11:00:00,2023-03-05 13:45:00,180,12,-0.54001,0.54001
Alpha,syn_C,2023-03-08,2023-03-08 11:15:00,2023-03-08 13:30:00,150,10,-0.406912,0.406912
Alpha,syn_C,2023-03-09,2023-03-09 10:30:00,2023-03-09 14:45:00,270,18,-1.02911,1.02911
Alpha,syn_C,2023-03-11,2023-03-11 10:45:00,2023-03-11 11:15:00,45,3,-0.341941,0.341941
Alpha,syn_C,2023-03-12,2023-03-12 13:00:00,2023-03-12 13:00:00,15,1,-0.138499,0.138499
Alpha,syn_C,2023-03-15,2023-03-15 11:15:00,2023-03-15 11:30:00,30,2,-0.082063,0.082063
Alpha,syn_C,2023-03-15,2023-03-15 13:30:00,2023-03-15 13:30:00,15,1,-0.163854,0.163854
Alpha,syn_C,2023-03-22,2023-03-22 15:15:00,2023-03-22 15:30:00,30,2,-0.368611,0.368611
Alpha,syn_C,2023-03-23,2023-03-23 12:30:00,2023-03-23 12:30:00,15,1,-0.177818,0.177818
Alpha,syn_C,2023-03-24,2023-03-24 11:15:00,2023-03-24 11:45:00,45,3,-0.373365,0.373365
Alpha,syn_C,2023-03-24,2023-03-24 15:00:00,2023-03-24 15:00:00,15,1,-0.11681,0.11681
Alpha,syn_C,2023-03-29,2023-03-29 11:45:00,2023-03-29 13:15:00,105,7,-0.90453,0.90453
Alpha,syn_C,2023-03-29,2023-03-29 14:00:00,2023-03-29 14:00:00,15,1,-0.502921,0.502921
Alpha,syn_C,2023-03-29,2023-03-29 14:45:00,2023-03-29 14:45:00,15,1,-0.244891,0.244891
Alpha,syn_C,2023-03-30,2023-03-30 10:30:00,2023-03-30 15:45:00,330,22,-1.539786,1.539786
Alpha,syn_C,2023-03-31,2023-03-31 10:30:00,2023-03-31 15:45:00,330,22,-1.845841,1.845841
Alpha,syn_C,2023-04-01,2023-04-01 09:30:00,2023-04-01 12:30:00,195,13,-1.749395,1.749395
Alpha,syn_C,2023-04-01,2023-04-01 13:30:00,2023-04-01 13:45:00,30,2,-0.918171,0.918171
Alpha,syn_C,2023-04-02,2023-04-02 09:30:00,2023-04-02 09:30:00,15,1,-0.207148,0.207148
Alpha,syn_C,2023-04-02,2023-04-02 10:15:00,2023-04-02 11:45:00,105,7,-0.888543,0.888543
Alpha,syn_C,2023-04-02,2023-04-02 12:30:00,2023-04-02 12:45:00,30,2,-0.552154,0.552154
Alpha,syn_C,2023-04-03,2023-04-03 12:15:00,2023-04-03 12:15:00,15,1,-0.177875,0.177875
Alpha,syn_C,2023-04-03,2023-04-03 12:45:00,2023-04-03 12:45:00,15,1,-0.046001,0.046001
Alpha,syn_C,2023-04-04,2023-04-04 12:45:00,2023-04-04 14:00:00,90,6,-1.149222,1.149222
Alpha,syn_C,2023-04-04,2023-04-04 14:30:00,2023-04-04 14:30:00,15,1,-0.010354,0.010354
Alpha,syn_C,2023-04-05,2023-04-05 10:30:00,2023-04-05 10:30:00,15,1,-0.390155,0.390155
Alpha,syn_C,2023-04-05,2023-04-05 11:45:00,2023-04-05 12:00:00,30,2,-0.224466,0.224466
Alpha,syn_C,2023-04-05,2023-04-05 12:45:00,2023-04-05 12:45:00,15,1,-0.077534,0.077534
Alpha,syn_C,2023-04-05,2023-04-05 13:15:00,2023-04-05 13:15:00,15,1,-0.117136,0.117136
Alpha,syn_C,2023-04-06,2023-04-06 12:30:00,2023-04-06 12:45:00,30,2,-0.842708,0.842708
Alpha,syn_C,2023-04-06,2023-04-06 13:15:00,2023-04-06 13:30:00,30,2,-0.14196,0.14196
Alpha,syn_C,2023-04-07,2023-04-07 13:15:00,2023-04-07 13:15:00,15,1,-0.866616,0.866616
Alpha,syn_C,2023-04-07,2023-04-07 13:45:00,2023-04-07 13:45:00,15,1,-0.244421,0.244421
Alpha,syn_C,2023-04-07,2023-04-07 14:15:00,2023-04-07 14:15:00,15,1,-0.180401,0.180401
Alpha,syn_C,2023-04-07,2023-04-07 14:45:00,2023-04-07 14:45:00,15,1,-0.154649,0.154649
Alpha,syn_C,2023-04-08,2023-04-08 09:45:00,2023-04-08 15:00:00,330,22,-1.52884,1.52884
Alpha,syn_C,2023-04-09,2023-04-09 09:45:00,2023-04-09 15:00:00,330,22,-1.589076,1.589076
Alpha,syn_C,2023-04-10,2023-04-10 09:30:00,2023-04-10 11:30:00,135,9,-1.45626,1.45626
Alpha,syn_C,2023-04-10,2023-04-10 12:15:00,2023-04-10 12:45:00,45,3,-0.141851,0.141851
Alpha,syn_C,2023-04-10,2023-04-10 13:30:00,2023-04-10 14:45:00,90,6,-1.090502,1.090502
Alpha,syn_C,2023-04-11,2023-04-11 09:45:00,2023-04-11 13:15:00,225,15,-1.694442,1.694442
Alpha,syn_C,2023-04-11,2023-04-11 14:00:00,2023-04-11 14:00:00,15,1,-0.104835,0.104835
Alpha,syn_C,2023-04-12,2023-04-12 09:45:00,2023-04-12 09:45:00,15,1,-0.423972,0.423972
Alpha,syn_C,2023-04-12,2023-04-12 10:45:00,2023-04-12 11:00:00,30,2,-1.105476,1.105476
Alpha,syn_C,2023-04-13,2023-04-13 09:45:00,2023-04-13 09:45:00,15,1,-0.143416,0.143416
Alpha,syn_C,2023-04-13,2023-04-13 10:45:00,2023-04-13 11:15:00,45,3,-0.551196,0.551196
Alpha,syn_C,2023-04-13,2023-04-13 12:00:00,2023-04-13 12:15:00,30,2,-0.280363,0.280363
Alpha,syn_C,2023-04-13,2023-04-13 12:45:00,2023-04-13 12:45:00,15,1,-0.84943,0.84943
Alpha,syn_C,2023-04-13,2023-04-13 13:30:00,2023-04-13 14:15:00,60,4,-1.11432,1.11432
Alpha,syn_C,2023-04-14,2023-04-14 11:45:00,2023-04-14 11:45:00,15,1,-0.148515,0.148515
Alpha,syn_C,2023-04-14,2023-04-14 12:15:00,2023-04-14 12:15:00,15,1,-0.444683,0.444683
Alpha,syn_C,2023-04-14,2023-04-14 13:00:00,2023-04-14 14:00:00,75,5,-0.8774,0.8774
Alpha,syn_C,2023-04-15,2023-04-15 09:45:00,2023-04-15 14:45:00,315,21,-1.531064,1.531064
Alpha,syn_C,2023-04-16,2023-04-16 14:15:00,2023-04-16 14:15:00,15,1,-0.089866,0.089866
Alpha,syn_C,2023-04-17,2023-04-17 09:45:00,2023-04-17 10:30:00,60,4,-0.755041,0.755041
Alpha,syn_C,2023-04-17,2023-04-17 12:00:00,2023-04-17 12:00:00,15,1,-0.174141,0.174141
Alpha,syn_C,2023-04-17,2023-04-17 12:45:00,2023-04-17 12:45:00,15,1,-0.320746,0.320746
Alpha,syn_C,2023-04-17,2023-04-17 13:45:00,2023-04-17 13:45:00,15,1,-0.305368,0.305368
Alpha,syn_C,2023-04-18,2023-04-18 09:45:00,2023-04-18 11:00:00,90,6,-0.939843,0.939843
Alpha,syn_C,2023-04-19,2023-04-19 09:45:00,2023-04-19 13:00:00,210,14,-1.56296,1.56296
Alpha,syn_C,2023-04-19,2023-04-19 13:30:00,2023-04-19 14:30:00,75,5,-0.927324,0.927324
Alpha,syn_C,2023-04-21,2023-04-21 13:30:00,2023-04-21 13:45:00,30,2,-0.508824,0.508824
Alpha,syn_C,2023-04-21,2023-04-21 14:15:00,2023-04-21 14:15:00,15,1,-0.530434,0.530434
Alpha,syn_C,2023-04-22,2023-04-22 10:30:00,2023-04-22 10:30:00,15,1,-0.221344,0.221344
Alpha,syn_C,2023-04-24,2023-04-24 10:00:00,2023-04-24 10:15:00,30,2,-0.300613,0.300613
Alpha,syn_C,2023-04-24,2023-04-24 10:45:00,2023-04-24 13:45:00,195,13,-1.214583,1.214583
Alpha,syn_C,2023-04-25,2023-04-25 10:15:00,2023-04-25 10:45:00,45,3,-0.402613,0.402613
Alpha,syn_C,2023-04-25,2023-04-25 11:15:00,2023-04-25 12:00:00,60,4,-0.575777,0.575777
Alpha,syn_C,2023-04-25,2023-04-25 13:00:00,2023-04-25 14:15:00,90,6,-0.766139,0.766139
Alpha,syn_C,2023-04-26,2023-04-26 12:45:00,2023-04-26 13:00:00,30,2,-0.315618,0.315618
Alpha,syn_C,2023-04-26,2023-04-26 13:30:00,2023-04-26 13:30:00,15,1,-0.216706,0.216706
Alpha,syn_C,2023-04-27,2023-04-27 10:00:00,2023-04-27 13:30:00,225,15,-1.212053,1.212053
Alpha,syn_C,2023-04-28,2023-04-28 10:15:00,2023-04-28 14:15:00,255,17,-1.036228,1.036228
Alpha,syn_C,2023-04-29,2023-04-29 12:30:00,2023-04-29 12:30:00,15,1,-0.262147,0.262147
Alpha,syn_C,2023-04-30,2023-04-30 11:45:00,2023-04-30 11:45:00,15,1,-0.010209,0.010209
Alpha,syn_C,2023-04-30,2023-04-30 13:00:00,2023-04-30 13:15:00,30,2,-0.427798,0.427798
Alpha,syn_C,2023-05-01,2023-05-01 10:15:00,2023-05-01 12:45:00,165,11,-1.39531,1.39531
Alpha,syn_C,2023-05-01,2023-05-01 13:30:00,2023-05-01 14:30:00,75,5,-0.730128,0.730128
Alpha,syn_C,2023-05-02,2023-05-02 10:00:00,2023-05-02 12:45:00,180,12,-1.389704,1.389704
Alpha,syn_C,2023-05-02,2023-05-02 13:15:00,2023-05-02 14:00:00,60,4,-0.581216,0.581216
Alpha,syn_C,2023-05-03,2023-05-03 10:15:00,2023-05-03 10:45:00,45,3,-0.290613,0.290613
Alpha,syn_C,2023-05-03,2023-05-03 12:00:00,2023-05-03 14:15:00,150,10,-0.888806,0.888806
Alpha,syn_C,2023-05-04,2023-05-04 10:15:00,2023-05-04 14:15:00,255,17,-1.2047,1.2047
Alpha,syn_C,2023-05-05,2023-05-05 10:15:00,2023-05-05 14:15:00,255,17,-1.041359,1.041359
Alpha,syn_C,2023-05-06,2023-05-06 10:30:00,2023-05-06 14:00:00,225,15,-1.122644,1.122644
Alpha,syn_C,2023-05-07,2023-05-07 13:00:00,2023-05-07 13:15:00,30,2,-0.148279,0.148279
Alpha,syn_C,2023-05-08,2023-05-08 11:00:00,2023-05-08 13:00:00,135,9,-0.839308,0.839308
Alpha,syn_C,2023-05-09,2023-05-09 10:45:00,2023-05-09 14:00:00,210,14,-0.78164,0.78164
Alpha,syn_C,2023-05-10,2023-05-10 10:45:00,2023-05-10 14:15:00,225,15,-0.902864,0.902864
Alpha,syn_C,2023-05-11,2023-05-11 11:30:00,2023-05-11 13:00:00,105,7,-0.604473,0.604473
Alpha,syn_C,2023-05-11,2023-05-11 13:45:00,2023-05-11 14:00:00,30,2,-0.311447,0.311447
Alpha,syn_C,2023-05-12,2023-05-12 10:45:00,2023-05-12 13:30:00,180,12,-0.786246,0.786246
Alpha,syn_C,2023-05-14,2023-05-14 12:30:00,2023-05-14 12:30:00,15,1,-0.013548,0.013548
Alpha,syn_C,2023-05-16,2023-05-16 11:15:00,2023-05-16 13:45:00,165,11,-0.632439,0.632439
Alpha,syn_C,2023-05-19,2023-05-19 11:00:00,2023-05-19 14:00:00,195,13,-0.790576,0.790576
Alpha,syn_C,2023-05-20,2023-05-20 11:15:00,2023-05-20 13:45:00,165,11,-0.517652,0.517652
Alpha,syn_C,2023-05-21,2023-05-21 12:00:00,2023-05-21 13:30:00,105,7,-0.295403,0.295403
Alpha,syn_C,2023-05-22,2023-05-22 11:15:00,2023-05-22 13:45:00,165,11,-0.529328,0.529328
Alpha,syn_C,2023-05-23,2023-05-23 11:45:00,2023-05-23 13:30:00,120,8,-0.322144,0.322144
Alpha,syn_C,2023-05-24,2023-05-24 11:45:00,2023-05-24 13:30:00,120,8,-0.399561,0.399561
Alpha,syn_C,2023-05-25,2023-05-25 11:30:00,2023-05-25 12:30:00,75,5,-0.245125,0.245125
Alpha,syn_C,2023-05-27,2023-05-27 12:00:00,2023-05-27 13:15:00,90,6,-0.316332,0.316332
Alpha,syn_C,2023-05-29,2023-05-29 12:30:00,2023-05-29 12:45:00,30,2,-0.033594,0.033594
Alpha,syn_C,2023-05-31,2023-05-31 12:00:00,2023-05-31 12:00:00,15,1,-0.169628,0.169628
Alpha,syn_C,2023-05-31,2023-05-31 12:30:00,2023-05-31 12:45:00,30,2,-0.23358,0.23358
Alpha,syn_C,2023-06-03,2023-06-03 12:30:00,2023-06-03 13:15:00,60,4,-0.186384,0.186384
Alpha,syn_C,2023-06-07,2023-06-07 11:45:00,2023-06-07 13:15:00,105,7,-0.242957,0.242957
Alpha,syn_C,2023-06-09,2023-06-09 11:30:00,2023-06-09 13:30:00,135,9,-0.391548,0.391548
Alpha,syn_C,2023-06-10,2023-06-10 12:00:00,2023-06-10 13:30:00,105,7,-0.230779,0.230779
Alpha,syn_C,2023-06-11,2023-06-11 12:30:00,2023-06-11 12:30:00,15,1,-0.01294,0.01294
Alpha,syn_C,2023-06-11,2023-06-11 13:00:00,2023-06-11 13:00:00,15,1,-0.044691,0.044691
Alpha,syn_C,2023-06-14,2023-06-14 12:00:00,2023-06-14 13:00:00,75,5,-0.19897,0.19897
Alpha,syn_C,2023-06-16,2023-06-16 12:30:00,2023-06-16 13:15:00,60,4,-0.058099,0.058099
Alpha,syn_C,2023-06-17,2023-06-17 12:45:00,2023-06-17 13:00:00,30,2,-0.05457,0.05457
Alpha,syn_C,2023-06-23,2023-06-23 12:00:00,2023-06-23 12:00:00,15,1,-0.169109,0.169109
Alpha,syn_C,2023-06-23,2023-06-23 12:45:00,2023-06-23 13:30:00,60,4,-0.27224,0.27224
Alpha,syn_C,2023-06-24,2023-06-24 12:00:00,2023-06-24 13:30:00,105,7,-0.14864,0.14864
Alpha,syn_C,2023-06-25,2023-06-25 12:15:00,2023-06-25 13:00:00,60,4,-0.187446,0.187446
Alpha,syn_C,2023-06-26,2023-06-26 12:15:00,2023-06-26 13:15:00,75,5,-0.104972,0.104972
Alpha,syn_C,2023-06-27,2023-06-27 12:15:00,2023-06-27 12:30:00,30,2,-0.199578,0.199578
Alpha,syn_C,2023-06-30,2023-06-30 12:15:00,2023-06-30 13:30:00,90,6,-0.196235,0.196235
Alpha,syn_C,2023-07-01,2023-07-01 12:00:00,2023-07-01 12:45:00,60,4,-0.086423,0.086423
Alpha,syn_C,2023-07-01,2023-07-01 13:15:00,2023-07-01 13:15:00,15,1,-0.016226,0.016226
Alpha,syn_C,2023-07-02,2023-07-02 12:30:00,2023-07-02 12:30:00,15,1,-0.156478,0.156478
Alpha,syn_C,2023-07-02,2023-07-02 13:00:00,2023-07-02 13:00:00,15,1,-0.040052,0.040052
Alpha,syn_C,2023-07-02,2023-07-02 13:30:00,2023-07-02 13:30:00,15,1,-0.031058,0.031058
Alpha,syn_C,2023-07-05,2023-07-05 11:30:00,2023-07-05 13:45:00,150,10,-0.642851,0.642851
Alpha,syn_C,2023-07-07,2023-07-07 11:45:00,2023-07-07 14:00:00,150,10,-0.630773,0.630773
Alpha,syn_C,2023-07-08,2023-07-08 11:30:00,2023-07-08 13:45:00,150,10,-0.510868,0.510868
Alpha,syn_C,2023-07-09,2023-07-09 12:00:00,2023-07-09 13:45:00,120,8,-0.337367,0.337367
Alpha,syn_C,2023-07-10,2023-07-10 11:30:00,2023-07-10 14:00:00,165,11,-0.601864,0.601864
Alpha,syn_C,2023-07-11,2023-07-11 12:00:00,2023-07-11 13:45:00,120,8,-0.394202,0.394202
Alpha,syn_C,2023-07-12,2023-07-12 12:00:00,2023-07-12 13:45:00,120,8,-0.471831,0.471831
Alpha,syn_C,2023-07-13,2023-07-13 11:45:00,2023-07-13 13:45:00,135,9,-0.486451,0.486451
Alpha,syn_C,2023-07-14,2023-07-14 11:30:00,2023-07-14 14:15:00,180,12,-0.695385,0.695385
Alpha,syn_C,2023-07-15,2023-07-15 11:15:00,2023-07-15 14:15:00,195,13,-0.818544,0.818544
Alpha,syn_C,2023-07-19,2023-07-19 11:15:00,2023-07-19 14:00:00,180,12,-0.651592,0.651592
Alpha,syn_C,2023-07-20,2023-07-20 12:00:00,2023-07-20 12:00:00,15,1,-0.028711,0.028711
Alpha,syn_C,2023-07-20,2023-07-20 12:30:00,2023-07-20 13:45:00,90,6,-0.225063,0.225063
Alpha,syn_C,2023-07-22,2023-07-22 11:30:00,2023-07-22 13:45:00,150,10,-0.480101,0.480101
Alpha,syn_C,2023-07-25,2023-07-25 12:00:00,2023-07-25 12:15:00,30,2,-0.342201,0.342201
Alpha,syn_C,2023-07-26,2023-07-26 11:15:00,2023-07-26 14:15:00,195,13,-0.734847,0.734847
Alpha,syn_C,2023-07-27,2023-07-27 11:30:00,2023-07-27 14:15:00,180,12,-0.649129,0.649129
Alpha,syn_C,2023-07-28,2023-07-28 12:30:00,2023-07-28 14:15:00,120,8,-0.542076,0.542076
Alpha,syn_C,2023-07-29,2023-07-29 11:00:00,2023-07-29 14:00:00,195,13,-0.934945,0.934945
Alpha,syn_C,2023-07-30,2023-07-30 11:00:00,2023-07-30 12:45:00,120,8,-0.870875,0.870875
Alpha,syn_C,2023-07-30,2023-07-30 13:30:00,2023-07-30 14:15:00,60,4,-0.292499,0.292499
Alpha,syn_C,2023-07-31,2023-07-31 10:30:00,2023-07-31 14:30:00,255,17,-1.278315,1.278315
Alpha,syn_C,2023-08-01,2023-08-01 10:45:00,2023-08-01 14:30:00,240,16,-0.970031,0.970031
Alpha,syn_C,2023-08-03,2023-08-03 10:45:00,2023-08-03 14:30:00,240,16,-1.131036,1.131036
Alpha,syn_C,2023-08-04,2023-08-04 11:00:00,2023-08-04 14:30:00,225,15,-1.154476,1.154476
Alpha,syn_C,2023-08-08,2023-08-08 10:45:00,2023-08-08 10:45:00,15,1,-0.121436,0.121436
Alpha,syn_C,2023-08-08,2023-08-08 14:30:00,2023-08-08 14:30:00,15,1,-0.016748,0.016748
Alpha,syn_C,2023-08-09,2023-08-09 11:00:00,2023-08-09 14:45:00,240,16,-1.067825,1.067825
Alpha,syn_C,2023-08-10,2023-08-10 10:45:00,2023-08-10 13:15:00,165,11,-1.448317,1.448317
Alpha,syn_C,2023-08-11,2023-08-11 10:30:00,2023-08-11 14:45:00,270,18,-1.643644,1.643644
Alpha,syn_C,2023-08-12,2023-08-12 10:45:00,2023-08-12 14:45:00,255,17,-1.506019,1.506019
Alpha,syn_C,2023-08-15,2023-08-15 10:30:00,2023-08-15 10:45:00,30,2,-0.16798,0.16798
Alpha,syn_C,2023-08-16,2023-08-16 10:45:00,2023-08-16 10:45:00,15,1,-0.087178,0.087178
Alpha,syn_C,2023-08-16,2023-08-16 12:45:00,2023-08-16 13:00:00,30,2,-0.451118,0.451118
Alpha,syn_C,2023-08-17,2023-08-17 10:45:00,2023-08-17 14:30:00,240,16,-1.413848,1.413848
Alpha,syn_C,2023-08-18,2023-08-18 10:15:00,2023-08-18 15:00:00,300,20,-1.659755,1.659755
Alpha,syn_C,2023-08-19,2023-08-19 10:45:00,2023-08-19 15:00:00,270,18,-1.598343,1.598343
Alpha,syn_C,2023-08-20,2023-08-20 10:15:00,2023-08-20 13:30:00,210,14,-1.535566,1.535566
Alpha,syn_C,2023-08-20,2023-08-20 14:15:00,2023-08-20 14:30:00,30,2,-0.118922,0.118922
Alpha,syn_C,2023-08-21,2023-08-21 11:15:00,2023-08-21 14:45:00,225,15,-1.450221,1.450221
Alpha,syn_C,2023-08-22,2023-08-22 10:30:00,2023-08-22 10:30:00,15,1,-0.368772,0.368772
Alpha,syn_C,2023-08-22,2023-08-22 11:00:00,2023-08-22 13:30:00,165,11,-1.63112,1.63112
Alpha,syn_C,2023-08-22,2023-08-22 14:00:00,2023-08-22 14:00:00,15,1,-0.506175,0.506175
Alpha,syn_C,2023-08-23,2023-08-23 10:00:00,2023-08-23 14:30:00,285,19,-2.032905,2.032905
Alpha,syn_C,2023-08-24,2023-08-24 10:30:00,2023-08-24 10:45:00,30,2,-0.131474,0.131474
Alpha,syn_C,2023-08-24,2023-08-24 11:15:00,2023-08-24 12:45:00,105,7,-1.162283,1.162283
Alpha,syn_C,2023-08-25,2023-08-25 10:15:00,2023-08-25 14:45:00,285,19,-1.660161,1.660161
Alpha,syn_C,2023-08-26,2023-08-26 11:00:00,2023-08-26 11:15:00,30,2,-0.366811,0.366811
Alpha,syn_C,2023-08-26,2023-08-26 11:45:00,2023-08-26 12:00:00,30,2,-0.70621,0.70621
Alpha,syn_C,2023-08-26,2023-08-26 12:45:00,2023-08-26 14:30:00,120,8,-1.27069,1.27069
Alpha,syn_C,2023-08-27,2023-08-27 10:30:00,2023-08-27 12:15:00,120,8,-1.301596,1.301596
Alpha,syn_C,2023-08-27,2023-08-27 13:00:00,2023-08-27 15:00:00,135,9,-1.375651,1.375651
Alpha,syn_C,2023-08-28,2023-08-28 10:15:00,2023-08-28 14:45:00,285,19,-1.463359,1.463359
Alpha,syn_C,2023-08-29,2023-08-29 10:15:00,2023-08-29 14:45:00,285,19,-1.485903,1.485903
Alpha,syn_C,2023-08-30,2023-08-30 10:00:00,2023-08-30 14:15:00,270,18,-1.531224,1.531224
Alpha,syn_C,2023-08-31,2023-08-31 10:00:00,2023-08-31 11:15:00,90,6,-0.453214,0.453214
Alpha,syn_C,2023-09-01,2023-09-01 12:00:00,2023-09-01 12:15:00,30,2,-0.59319,0.59319
Alpha,syn_C,2023-09-01,2023-09-01 13:15:00,2023-09-01 13:15:00,15,1,-0.33684,0.33684
Alpha,syn_C,2023-09-01,2023-09-01 13:45:00,2023-09-01 14:00:00,30,2,-0.758301,0.758301
Alpha,syn_C,2023-09-01,2023-09-01 14:30:00,2023-09-01 14:30:00,15,1,-0.288485,0.288485
Alpha,syn_C,2023-09-02,2023-09-02 10:00:00,2023-09-02 14:45:00,300,20,-1.667591,1.667591
Alpha,syn_C,2023-09-03,2023-09-03 10:00:00,2023-09-03 15:00:00,315,21,-1.675587,1.675587
Alpha,syn_C,2023-09-04,2023-09-04 10:00:00,2023-09-04 14:45:00,300,20,-1.581469,1.581469
Alpha,syn_C,2023-09-05,2023-09-05 09:30:00,2023-09-05 15:00:00,345,23,-1.896515,1.896515
Alpha,syn_C,2023-09-06,2023-09-06 09:45:00,2023-09-06 15:00:00,330,22,-1.974794,1.974794
Alpha,syn_C,2023-09-07,2023-09-07 10:00:00,2023-09-07 10:15:00,30,2,-0.216999,0.216999
Alpha,syn_C,2023-09-07,2023-09-07 10:45:00,2023-09-07 10:45:00,15,1,-0.539681,0.539681
Alpha,syn_C,2023-09-07,2023-09-07 11:15:00,2023-09-07 14:45:00,225,15,-1.521048,1.521048
Alpha,syn_C,2023-09-08,2023-09-08 14:30:00,2023-09-08 14:45:00,30,2,-0.670891,0.670891
Alpha,syn_C,2023-09-09,2023-09-09 09:45:00,2023-09-09 15:15:00,345,23,-2.300989,2.300989
Alpha,syn_C,2023-09-10,2023-09-10 10:00:00,2023-09-10 13:00:00,195,13,-1.772082,1.772082
Alpha,syn_C,2023-09-10,2023-09-10 13:45:00,2023-09-10 13:45:00,15,1,-0.676498,0.676498
Alpha,syn_C,2023-09-10,2023-09-10 14:15:00,2023-09-10 14:15:00,15,1,-0.099076,0.099076
Alpha,syn_C,2023-09-10,2023-09-10 14:45:00,2023-09-10 14:45:00,15,1,-0.026725,0.026725
Alpha,syn_C,2023-09-11,2023-09-11 10:00:00,2023-09-11 13:00:00,195,13,-0.995099,0.995099
Alpha,syn_C,2023-09-11,2023-09-11 13:30:00,2023-09-11 13:30:00,15,1,-0.426517,0.426517
Alpha,syn_C,2023-09-11,2023-09-11 14:30:00,2023-09-11 15:00:00,45,3,-0.689166,0.689166
Alpha,syn_C,2023-09-12,2023-09-12 09:45:00,2023-09-12 12:30:00,180,12,-1.574001,1.574001
Alpha,syn_C,2023-09-13,2023-09-13 09:45:00,2023-09-13 15:00:00,330,22,-1.794522,1.794522
Alpha,syn_C,2023-09-14,2023-09-14 09:30:00,2023-09-14 15:15:00,360,24,-2.058838,2.058838
Alpha,syn_C,2023-09-15,2023-09-15 09:30:00,2023-09-15 14:45:00,330,22,-1.899406,1.899406
Alpha,syn_C,2023-09-16,2023-09-16 09:30:00,2023-09-16 14:30:00,315,21,-1.939906,1.939906
Alpha,syn_C,2023-09-17,2023-09-17 09:30:00,2023-09-17 14:00:00,285,19,-1.431512,1.431512
Alpha,syn_C,2023-09-18,2023-09-18 09:15:00,2023-09-18 13:45:00,285,19,-1.385419,1.385419
Alpha,syn_C,2023-09-19,2023-09-19 09:30:00,2023-09-19 13:00:00,225,15,-0.778549,0.778549
Alpha,syn_C,2023-09-20,2023-09-20 09:45:00,2023-09-20 12:30:00,180,12,-0.740599,0.740599
Alpha,syn_C,2023-09-21,2023-09-21 09:15:00,2023-09-21 14:45:00,345,23,-1.859539,1.859539
Alpha,syn_C,2023-09-22,2023-09-22 09:15:00,2023-09-22 09:15:00,15,1,-0.043855,0.043855
Alpha,syn_C,2023-09-22,2023-09-22 10:00:00,2023-09-22 10:00:00,15,1,-0.699565,0.699565
Alpha,syn_C,2023-09-22,2023-09-22 11:00:00,2023-09-22 11:45:00,60,4,-1.10824,1.10824
Alpha,syn_C,2023-09-22,2023-09-22 12:30:00,2023-09-22 14:15:00,120,8,-1.67477,1.67477
Alpha,syn_C,2023-09-23,2023-09-23 09:15:00,2023-09-23 09:15:00,15,1,-0.025371,0.025371
Alpha,syn_C,2023-09-24,2023-09-24 10:30:00,2023-09-24 15:15:00,300,20,-2.476116,2.476116
Alpha,syn_C,2023-09-25,2023-09-25 09:00:00,2023-09-25 15:00:00,375,25,-2.073385,2.073385
Alpha,syn_C,2023-09-26,2023-09-26 09:00:00,2023-09-26 11:45:00,180,12,-2.189386,2.189386
Alpha,syn_C,2023-09-26,2023-09-26 12:15:00,2023-09-26 12:30:00,30,2,-1.132604,1.132604
Alpha,syn_C,2023-09-26,2023-09-26 13:00:00,2023-09-26 13:30:00,45,3,-1.371125,1.371125
Alpha,syn_C,2023-09-26,2023-09-26 14:15:00,2023-09-26 14:15:00,15,1,-0.435361,0.435361
Alpha,syn_C,2023-09-27,2023-09-27 09:30:00,2023-09-27 14:15:00,300,20,-1.906429,1.906429
Alpha,syn_C,2023-09-28,2023-09-28 10:30:00,2023-09-28 10:30:00,15,1,-0.785492,0.785492
Alpha,syn_C,2023-09-28,2023-09-28 13:30:00,2023-09-28 13:45:00,30,2,-1.513961,1.513961
Alpha,syn_C,2023-09-29,2023-09-29 09:00:00,2023-09-29 14:45:00,360,24,-1.854788,1.854788
Alpha,syn_C,2023-10-01,2023-10-01 09:00:00,2023-10-01 13:30:00,285,19,-1.236431,1.236431
Alpha,syn_C,2023-10-02,2023-10-02 09:30:00,2023-10-02 14:45:00,330,22,-1.738472,1.738472
Alpha,syn_C,2023-10-03,2023-10-03 09:00:00,2023-10-03 13:00:00,255,17,-1.15338,1.15338
Alpha,syn_C,2023-10-04,2023-10-04 08:30:00,2023-10-04 08:30:00,15,1,-0.022284,0.022284
Alpha,syn_C,2023-10-04,2023-10-04 09:00:00,2023-10-04 09:00:00,15,1,-0.639114,0.639114
Alpha,syn_C,2023-10-04,2023-10-04 09:30:00,2023-10-04 10:30:00,75,5,-1.458582,1.458582
Alpha,syn_C,2023-10-04,2023-10-04 11:00:00,2023-10-04 12:00:00,75,5,-1.265567,1.265567
Alpha,syn_C,2023-10-05,2023-10-05 08:30:00,2023-10-05 15:30:00,435,29,-2.736848,2.736848
Alpha,syn_C,2023-10-06,2023-10-06 08:45:00,2023-10-06 14:00:00,330,22,-2.698781,2.698781
Alpha,syn_C,2023-10-07,2023-10-07 11:30:00,2023-10-07 13:45:00,150,10,-2.262051,2.262051
Alpha,syn_C,2023-10-07,2023-10-07 14:15:00,2023-10-07 15:15:00,75,5,-1.259349,1.259349
Alpha,syn_C,2023-10-08,2023-10-08 08:45:00,2023-10-08 15:30:00,420,28,-2.503966,2.503966
Alpha,syn_C,2023-10-09,2023-10-09 08:45:00,2023-10-09 15:15:00,405,27,-2.318676,2.318676
Alpha,syn_C,2023-10-10,2023-10-10 09:30:00,2023-10-10 09:30:00,15,1,-0.707458,0.707458
Alpha,syn_C,2023-10-10,2023-10-10 10:00:00,2023-10-10 10:30:00,45,3,-1.833516,1.833516
Alpha,syn_C,2023-10-10,2023-10-10 11:15:00,2023-10-10 11:30:00,30,2,-0.975338,0.975338
Alpha,syn_C,2023-10-10,2023-10-10 12:00:00,2023-10-10 12:00:00,15,1,-1.133004,1.133004
Alpha,syn_C,2023-10-10,2023-10-10 12:30:00,2023-10-10 14:15:00,120,8,-1.569696,1.569696
Alpha,syn_C,2023-10-11,2023-10-11 09:15:00,2023-10-11 09:30:00,30,2,-0.455923,0.455923
Alpha,syn_C,2023-10-11,2023-10-11 10:00:00,2023-10-11 11:00:00,75,5,-1.224404,1.224404
Alpha,syn_C,2023-10-11,2023-10-11 11:30:00,2023-10-11 15:15:00,240,16,-2.385328,2.385328
Alpha,syn_C,2023-10-12,2023-10-12 08:30:00,2023-10-12 14:15:00,360,24,-2.005206,2.005206
Alpha,syn_C,2023-10-13,2023-10-13 08:15:00,2023-10-13 15:30:00,450,30,-2.691613,2.691613
Alpha,syn_C,2023-10-14,2023-10-14 08:30:00,2023-10-14 15:00:00,405,27,-2.760635,2.760635
Alpha,syn_C,2023-10-15,2023-10-15 08:30:00,2023-10-15 15:15:00,420,28,-2.422473,2.422473
Alpha,syn_C,2023-10-16,2023-10-16 08:30:00,2023-10-16 14:30:00,375,25,-2.380961,2.380961
Alpha,syn_C,2023-10-17,2023-10-17 08:30:00,2023-10-17 14:15:00,360,24,-2.615784,2.615784
Alpha,syn_C,2023-10-17,2023-10-17 14:45:00,2023-10-17 14:45:00,15,1,-0.678654,0.678654
Alpha,syn_C,2023-10-18,2023-10-18 10:00:00,2023-10-18 12:00:00,135,9,-1.882133,1.882133
Alpha,syn_C,2023-10-18,2023-10-18 12:30:00,2023-10-18 15:30:00,195,13,-1.672693,1.672693
Alpha,syn_C,2023-10-19,2023-10-19 12:00:00,2023-10-19 12:45:00,60,4,-1.297151,1.297151
Alpha,syn_C,2023-10-19,2023-10-19 13:15:00,2023-10-19 15:30:00,150,10,-2.040066,2.040066
Alpha,syn_C,2023-10-20,2023-10-20 08:15:00,2023-10-20 15:15:00,435,29,-2.76718,2.76718
Alpha,syn_C,2023-10-21,2023-10-21 08:30:00,2023-10-21 14:45:00,390,26,-2.445633,2.445633
Alpha,syn_C,2023-10-22,2023-10-22 08:30:00,2023-10-22 14:30:00,375,25,-1.783673,1.783673
Alpha,syn_C,2023-10-23,2023-10-23 08:15:00,2023-10-23 15:15:00,435,29,-2.566051,2.566051
Alpha,syn_C,2023-10-24,2023-10-24 08:15:00,2023-10-24 14:30:00,390,26,-2.321637,2.321637
Alpha,syn_C,2023-10-25,2023-10-25 08:45:00,2023-10-25 15:00:00,390,26,-2.288419,2.288419
Alpha,syn_C,2023-10-27,2023-10-27 13:00:00,2023-10-27 13:45:00,60,4,-0.807772,0.807772
Alpha,syn_C,2023-10-28,2023-10-28 12:00:00,2023-10-28 12:30:00,45,3,-0.820014,0.820014
Alpha,syn_C,2023-10-28,2023-10-28 14:00:00,2023-10-28 14:45:00,60,4,-1.747949,1.747949
Alpha,syn_C,2023-10-28,2023-10-28 15:30:00,2023-10-28 15:30:00,15,1,-0.178684,0.178684
Alpha,syn_C,2023-10-29,2023-10-29 08:15:00,2023-10-29 15:30:00,450,30,-2.492699,2.492699
Alpha,syn_C,2023-10-30,2023-10-30 08:15:00,2023-10-30 14:30:00,390,26,-2.324562,2.324562
Alpha,syn_C,2023-10-31,2023-10-31 09:45:00,2023-10-31 15:00:00,330,22,-1.775429,1.775429
Alpha,syn_C,2023-11-01,2023-11-01 10:00:00,2023-11-01 10:00:00,15,1,-0.229805,0.229805
Alpha,syn_C,2023-11-01,2023-11-01 10:30:00,2023-11-01 13:15:00,180,12,-2.298672,2.298672
Alpha,syn_C,2023-11-01,2023-11-01 14:00:00,2023-11-01 14:15:00,30,2,-0.370243,0.370243
Alpha,syn_C,2023-11-02,2023-11-02 09:15:00,2023-11-02 09:30:00,30,2,-0.396961,0.396961
Alpha,syn_C,2023-11-02,2023-11-02 10:00:00,2023-11-02 10:30:00,45,3,-0.46819,0.46819
Alpha,syn_C,2023-11-02,2023-11-02 12:00:00,2023-11-02 16:00:00,255,17,-1.959113,1.959113
Alpha,syn_C,2023-11-03,2023-11-03 09:15:00,2023-11-03 09:15:00,15,1,-0.026349,0.026349
Alpha,syn_C,2023-11-03,2023-11-03 11:00:00,2023-11-03 11:00:00,15,1,-0.107614,0.107614
Alpha,syn_C,2023-11-03,2023-11-03 11:30:00,2023-11-03 16:00:00,285,19,-2.496842,2.496842
Alpha,syn_C,2023-11-06,2023-11-06 10:30:00,2023-11-06 10:45:00,30,2,-0.8688,0.8688
Alpha,syn_C,2023-11-06,2023-11-06 13:30:00,2023-11-06 14:00:00,45,3,-0.98639,0.98639
Alpha,syn_C,2023-11-07,2023-11-07 09:00:00,2023-11-07 09:15:00,30,2,-0.079809,0.079809
Alpha,syn_C,2023-11-07,2023-11-07 10:15:00,2023-11-07 16:15:00,375,25,-2.443559,2.443559
Alpha,syn_C,2023-11-08,2023-11-08 09:15:00,2023-11-08 13:30:00,270,18,-2.212318,2.212318
Alpha,syn_C,2023-11-08,2023-11-08 14:00:00,2023-11-08 14:30:00,45,3,-1.587572,1.587572
Alpha,syn_C,2023-11-08,2023-11-08 15:00:00,2023-11-08 16:15:00,90,6,-1.613269,1.613269
Alpha,syn_C,2023-11-09,2023-11-09 11:45:00,2023-11-09 14:45:00,195,13,-2.32674,2.32674
Alpha,syn_C,2023-11-10,2023-11-10 09:15:00,2023-11-10 16:15:00,435,29,-2.139932,2.139932
Alpha,syn_C,2023-11-11,2023-11-11 09:15:00,2023-11-11 15:00:00,360,24,-1.906075,1.906075
Alpha,syn_C,2023-11-12,2023-11-12 09:45:00,2023-11-12 14:00:00,270,18,-1.08757,1.08757
Alpha,syn_C,2023-11-12,2023-11-12 14:30:00,2023-11-12 14:45:00,30,2,-0.542112,0.542112
Alpha,syn_C,2023-11-12,2023-11-12 15:15:00,2023-11-12 15:30:00,30,2,-0.17917,0.17917
Alpha,syn_C,2023-11-13,2023-11-13 13:00:00,2023-11-13 13:00:00,15,1,-0.076081,0.076081
Alpha,syn_C,2023-11-14,2023-11-14 09:00:00,2023-11-14 09:30:00,45,3,-0.66934,0.66934
Alpha,syn_C,2023-11-14,2023-11-14 10:00:00,2023-11-14 16:00:00,375,25,-2.234927,2.234927
Alpha,syn_C,2023-11-15,2023-11-15 09:45:00,2023-11-15 11:30:00,120,8,-1.10905,1.10905
Alpha,syn_C,2023-11-15,2023-11-15 12:15:00,2023-11-15 13:15:00,75,5,-1.381282,1.381282
Alpha,syn_C,2023-11-16,2023-11-16 10:15:00,2023-11-16 14:15:00,255,17,-1.529335,1.529335
Alpha,syn_C,2023-11-17,2023-11-17 10:45:00,2023-11-17 11:00:00,30,2,-0.484892,0.484892
Alpha,syn_C,2023-11-17,2023-11-17 12:45:00,2023-11-17 16:45:00,255,17,-2.299699,2.299699
Alpha,syn_C,2023-11-18,2023-11-18 09:45:00,2023-11-18 16:45:00,435,29,-2.687788,2.687788
Alpha,syn_C,2023-11-19,2023-11-19 09:00:00,2023-11-19 16:15:00,450,30,-2.526762,2.526762
Alpha,syn_C,2023-11-20,2023-11-20 14:15:00,2023-11-20 14:15:00,15,1,-0.663551,0.663551
Alpha,syn_C,2023-11-21,2023-11-21 09:15:00,2023-11-21 09:15:00,15,1,-0.017006,0.017006
Alpha,syn_C,2023-11-21,2023-11-21 10:15:00,2023-11-21 10:30:00,30,2,-0.65512,0.65512
Alpha,syn_C,2023-11-21,2023-11-21 13:45:00,2023-11-21 16:00:00,150,10,-1.135823,1.135823
Alpha,syn_C,2023-11-22,2023-11-22 14:30:00,2023-11-22 15:15:00,60,4,-1.056444,1.056444
Alpha,syn_C,2023-11-23,2023-11-23 13:00:00,2023-11-23 13:00:00,15,1,-0.217581,0.217581
Alpha,syn_C,2023-11-23,2023-11-23 13:30:00,2023-11-23 13:30:00,15,1,-0.451332,0.451332
Alpha,syn_C,2023-11-25,2023-11-25 13:30:00,2023-11-25 13:30:00,15,1,-0.539497,0.539497
Alpha,syn_C,2023-11-26,2023-11-26 09:30:00,2023-11-26 12:15:00,180,12,-1.268918,1.268918
Alpha,syn_C,2023-11-27,2023-11-27 11:15:00,2023-11-27 12:15:00,75,5,-1.049212,1.049212
Alpha,syn_C,2023-11-27,2023-11-27 14:15:00,2023-11-27 14:15:00,15,1,-0.158551,0.158551
Alpha,syn_C,2023-11-27,2023-11-27 16:15:00,2023-11-27 16:15:00,15,1,-0.088792,0.088792
Alpha,syn_C,2023-11-29,2023-11-29 11:00:00,2023-11-29 11:00:00,15,1,-0.750643,0.750643
Alpha,syn_C,2023-11-29,2023-11-29 11:30:00,2023-11-29 11:45:00,30,2,-0.506094,0.506094
Alpha,syn_C,2023-11-29,2023-11-29 12:30:00,2023-11-29 12:30:00,15,1,-0.116178,0.116178
Alpha,syn_C,2023-11-30,2023-11-30 09:15:00,2023-11-30 09:30:00,30,2,-0.211829,0.211829
Alpha,syn_C,2023-11-30,2023-11-30 10:15:00,2023-11-30 10:15:00,15,1,-0.729625,0.729625
Alpha,syn_C,2023-11-30,2023-11-30 10:45:00,2023-11-30 10:45:00,15,1,-0.024037,0.024037
Alpha,syn_C,2023-11-30,2023-11-30 11:30:00,2023-11-30 12:30:00,75,5,-1.746126,1.746126
Alpha,syn_C,2023-12-01,2023-12-01 09:45:00,2023-12-01 11:00:00,90,6,-1.182845,1.182845
Alpha,syn_C,2023-12-01,2023-12-01 12:00:00,2023-12-01 12:15:00,30,2,-0.508156,0.508156
Alpha,syn_C,2023-12-01,2023-12-01 14:00:00,2023-12-01 14:15:00,30,2,-0.577017,0.577017
Alpha,syn_C,2023-12-03,2023-12-03 09:30:00,2023-12-03 15:45:00,390,26,-1.639743,1.639743
Alpha,syn_C,2023-12-04,2023-12-04 10:00:00,2023-12-04 10:15:00,30,2,-0.308581,0.308581
Alpha,syn_C,2023-12-04,2023-12-04 13:30:00,2023-12-04 16:30:00,195,13,-1.657726,1.657726
Alpha,syn_C,2023-12-05,2023-12-05 09:15:00,2023-12-05 14:00:00,300,20,-1.455703,1.455703
Alpha,syn_C,2023-12-06,2023-12-06 10:15:00,2023-12-06 15:00:00,300,20,-1.046201,1.046201
Alpha,syn_C,2023-12-07,2023-12-07 09:45:00,2023-12-07 13:30:00,240,16,-1.045664,1.045664
Alpha,syn_C,2023-12-11,2023-12-11 10:30:00,2023-12-11 11:45:00,90,6,-0.304955,0.304955
Alpha,syn_C,2023-12-12,2023-12-12 12:00:00,2023-12-12 12:00:00,15,1,-0.047075,0.047075
Alpha,syn_C,2023-12-12,2023-12-12 12:30:00,2023-12-12 13:30:00,75,5,-0.274434,0.274434
Alpha,syn_C,2023-12-13,2023-12-13 11:00:00,2023-12-13 12:15:00,90,6,-0.399655,0.399655
Alpha,syn_C,2023-12-13,2023-12-13 12:45:00,2023-12-13 12:45:00,15,1,-0.018868,0.018868
Alpha,syn_C,2023-12-17,2023-12-17 13:45:00,2023-12-17 14:30:00,60,4,-0.568612,0.568612
Alpha,syn_C,2023-12-17,2023-12-17 15:00:00,2023-12-17 15:15:00,30,2,-0.466552,0.466552
Alpha,syn_C,2023-12-18,2023-12-18 12:45:00,2023-12-18 12:45:00,15,1,-0.012306,0.012306
Alpha,syn_C,2023-12-21,2023-12-21 14:15:00,2023-12-21 14:15:00,15,1,-0.559384,0.559384
Alpha,syn_C,2023-12-22,2023-12-22 09:15:00,2023-12-22 09:30:00,30,2,-0.316458,0.316458
Alpha,syn_C,2023-12-22,2023-12-22 10:30:00,2023-12-22 10:30:00,15,1,-0.151656,0.151656
Alpha,syn_C,2023-12-22,2023-12-22 11:15:00,2023-12-22 16:15:00,315,21,-2.293345,2.293345
Alpha,syn_C,2023-12-23,2023-12-23 10:00:00,2023-12-23 11:30:00,105,7,-1.003831,1.003831
Alpha,syn_C,2023-12-23,2023-12-23 12:00:00,2023-12-23 16:15:00,270,18,-1.874165,1.874165
Alpha,syn_C,2023-12-24,2023-12-24 14:45:00,2023-12-24 14:45:00,15,1,-0.434997,0.434997
Alpha,syn_C,2023-12-24,2023-12-24 15:15:00,2023-12-24 15:15:00,15,1,-0.147999,0.147999
Alpha,syn_C,2023-12-24,2023-12-24 16:00:00,2023-12-24 16:00:00,15,1,-0.053197,0.053197
Alpha,syn_C,2023-12-25,2023-12-25 10:00:00,2023-12-25 12:30:00,165,11,-0.878488,0.878488
Alpha,syn_C,2023-12-25,2023-12-25 13:00:00,2023-12-25 13:00:00,15,1,-0.035027,0.035027
Alpha,syn_C,2023-12-25,2023-12-25 14:00:00,2023-12-25 15:30:00,105,7,-1.292419,1.292419
Alpha,syn_C,2023-12-26,2023-12-26 14:45:00,2023-12-26 14:45:00,15,1,-0.401135,0.401135
Alpha,syn_C,2023-12-26,2023-12-26 15:45:00,2023-12-26 15:45:00,15,1,-0.292107,0.292107
Alpha,syn_C,2023-12-27,2023-12-27 09:45:00,2023-12-27 12:00:00,150,10,-1.18906,1.18906
Alpha,syn_C,2023-12-27,2023-12-27 13:15:00,2023-12-27 13:15:00,15,1,-0.409192,0.409192
Alpha,syn_C,2023-12-28,2023-12-28 10:00:00,2023-12-28 11:15:00,90,6,-0.976912,0.976912
Alpha,syn_C,2023-12-28,2023-12-28 13:00:00,2023-12-28 13:15:00,30,2,-0.811581,0.811581
Alpha,syn_C,2023-12-30,2023-12-30 09:45:00,2023-12-30 09:45:00,15,1,-0.173878,0.173878
Alpha,syn_C,2023-12-30,2023-12-30 10:30:00,2023-12-30 12:45:00,150,10,-1.295104,1.295104
Alpha,syn_C,2023-12-30,2023-12-30 13:30:00,2023-12-30 13:45:00,30,2,-0.194103,0.194103
Alpha,syn_C,2023-12-30,2023-12-30 15:30:00,2023-12-30 16:00:00,45,3,-0.745172,0.745172
Alpha,syn_C,2024-01-02,2024-01-02 12:15:00,2024-01-02 12:15:00,15,1,-0.031976,0.031976
Alpha,syn_C,2024-01-02,2024-01-02 13:15:00,2024-01-02 13:30:00,30,2,-0.319539,0.319539
Alpha,syn_C,2024-01-02,2024-01-02 14:30:00,2024-01-02 14:30:00,15,1,-0.084598,0.084598
Alpha,syn_C,2024-01-02,2024-01-02 15:00:00,2024-01-02 15:45:00,60,4,-0.473076,0.473076
Alpha,syn_C,2024-01-03,2024-01-03 10:00:00,2024-01-03 15:00:00,315,21,-1.372132,1.372132
Alpha,syn_C,2024-01-05,2024-01-05 12:15:00,2024-01-05 12:15:00,15,1,-0.014484,0.014484
Alpha,syn_C,2024-01-05,2024-01-05 12:45:00,2024-01-05 14:00:00,90,6,-1.927017,1.927017
Alpha,syn_C,2024-01-06,2024-01-06 10:15:00,2024-01-06 10:30:00,30,2,-0.70557,0.70557
Alpha,syn_C,2024-01-06,2024-01-06 11:00:00,2024-01-06 16:30:00,345,23,-2.523796,2.523796
Alpha,syn_C,2024-01-07,2024-01-07 09:15:00,2024-01-07 09:15:00,15,1,-0.103741,0.103741
Alpha,syn_C,2024-01-07,2024-01-07 10:15:00,2024-01-07 14:00:00,240,16,-1.548732,1.548732
Alpha,syn_C,2024-01-09,2024-01-09 14:45:00,2024-01-09 14:45:00,15,1,-0.169835,0.169835
Alpha,syn_C,2024-01-10,2024-01-10 13:45:00,2024-01-10 14:00:00,30,2,-0.521611,0.521611
Alpha,syn_C,2024-01-12,2024-01-12 12:15:00,2024-01-12 13:00:00,60,4,-0.307651,0.307651
Alpha,syn_C,2024-01-13,2024-01-13 11:30:00,2024-01-13 12:15:00,60,4,-0.220674,0.220674
Alpha,syn_C,2024-01-17,2024-01-17 10:30:00,2024-01-17 11:15:00,60,4,-0.540718,0.540718
Alpha,syn_C,2024-01-19,2024-01-19 10:45:00,2024-01-19 15:00:00,270,18,-1.614756,1.614756
Alpha,syn_C,2024-01-19,2024-01-19 15:30:00,2024-01-19 15:45:00,30,2,-0.353602,0.353602
Alpha,syn_C,2024-01-20,2024-01-20 11:00:00,2024-01-20 11:00:00,15,1,-0.004164,0.004164
Alpha,syn_C,2024-01-20,2024-01-20 14:00:00,2024-01-20 14:00:00,15,1,-0.081069,0.081069
Alpha,syn_C,2024-01-20,2024-01-20 15:00:00,2024-01-20 15:00:00,15,1,-0.495948,0.495948
Alpha,syn_C,2024-01-22,2024-01-22 11:45:00,2024-01-22 11:45:00,15,1,-0.143921,0.143921
Alpha,syn_C,2024-01-23,2024-01-23 10:15:00,2024-01-23 10:30:00,30,2,-0.185774,0.185774
Alpha,syn_C,2024-01-23,2024-01-23 11:45:00,2024-01-23 11:45:00,15,1,-0.055166,0.055166
Alpha,syn_C,2024-01-23,2024-01-23 12:15:00,2024-01-23 13:30:00,90,6,-0.419204,0.419204
Alpha,syn_C,2024-01-23,2024-01-23 14:30:00,2024-01-23 15:00:00,45,3,-1.4329,1.4329
Alpha,syn_C,2024-01-24,2024-01-24 10:00:00,2024-01-24 13:30:00,225,15,-0.907183,0.907183
Alpha,syn_C,2024-02-01,2024-02-01 13:15:00,2024-02-01 13:15:00,15,1,-0.347051,0.347051
Alpha,syn_C,2024-02-03,2024-02-03 15:00:00,2024-02-03 16:00:00,75,5,-0.759896,0.759896
Alpha,syn_C,2024-02-09,2024-02-09 10:00:00,2024-02-09 10:00:00,15,1,-0.495468,0.495468
Alpha,syn_C,2024-02-09,2024-02-09 11:15:00,2024-02-09 11:15:00,15,1,-0.610413,0.610413
Alpha,syn_C,2024-02-09,2024-02-09 12:30:00,2024-02-09 12:30:00,15,1,-0.298096,0.298096
Alpha,syn_C,2024-02-09,2024-02-09 13:00:00,2024-02-09 13:15:00,30,2,-0.556196,0.556196
Alpha,syn_C,2024-02-10,2024-02-10 12:15:00,2024-02-10 15:15:00,195,13,-1.808602,1.808602
Alpha,syn_C,2024-02-10,2024-02-10 16:15:00,2024-02-10 16:15:00,15,1,-0.090269,0.090269
Alpha,syn_C,2024-02-12,2024-02-12 10:15:00,2024-02-12 12:00:00,120,8,-1.331493,1.331493
Alpha,syn_C,2024-02-12,2024-02-12 12:30:00,2024-02-12 15:15:00,180,12,-1.166137,1.166137
Alpha,syn_C,2024-02-16,2024-02-16 12:45:00,2024-02-16 13:00:00,30,2,-0.649997,0.649997
Alpha,syn_C,2024-02-21,2024-02-21 14:00:00,2024-02-21 14:00:00,15,1,-0.029934,0.029934
Alpha,syn_C,2024-02-21,2024-02-21 14:30:00,2024-02-21 14:30:00,15,1,-0.060033,0.060033
Alpha,syn_C,2024-02-21,2024-02-21 15:00:00,2024-02-21 15:00:00,15,1,-0.261456,0.261456
Alpha,syn_C,2024-02-22,2024-02-22 11:00:00,2024-02-22 13:45:00,180,12,-0.715737,0.715737
Alpha,syn_C,2024-02-25,2024-02-25 10:45:00,2024-02-25 11:30:00,60,4,-1.041818,1.041818
Alpha,syn_C,2024-02-25,2024-02-25 14:15:00,2024-02-25 14:15:00,15,1,-0.723653,0.723653
Alpha,syn_C,2024-02-25,2024-02-25 14:45:00,2024-02-25 15:30:00,60,4,-0.933359,0.933359
Alpha,syn_C,2024-02-26,2024-02-26 10:45:00,2024-02-26 11:30:00,60,4,-0.418587,0.418587
Alpha,syn_C,2024-02-28,2024-02-28 11:15:00,2024-02-28 11:15:00,15,1,-0.000379,0.000379
Alpha,syn_C,2024-03-03,2024-03-03 13:00:00,2024-03-03 13:15:00,30,2,-0.579775,0.579775
Alpha,syn_C,2024-03-05,2024-03-05 10:00:00,2024-03-05 13:45:00,240,16,-1.320619,1.320619
Alpha,syn_C,2024-03-05,2024-03-05 14:15:00,2024-03-05 15:30:00,90,6,-1.297175,1.297175
Alpha,syn_C,2024-03-05,2024-03-05 16:00:00,2024-03-05 16:15:00,30,2,-0.888769,0.888769
Alpha,syn_C,2024-03-06,2024-03-06 10:00:00,2024-03-06 15:00:00,315,21,-1.461087,1.461087
Alpha,syn_C,2024-03-07,2024-03-07 11:00:00,2024-03-07 13:00:00,135,9,-0.310443,0.310443
Alpha,syn_C,2024-03-07,2024-03-07 13:30:00,2024-03-07 13:30:00,15,1,-0.037488,0.037488
Alpha,syn_C,2024-03-08,2024-03-08 13:30:00,2024-03-08 15:15:00,120,8,-0.93971,0.93971
Alpha,syn_C,2024-03-09,2024-03-09 12:00:00,2024-03-09 15:15:00,210,14,-1.330406,1.330406
Alpha,syn_C,2024-03-10,2024-03-10 10:15:00,2024-03-10 10:30:00,30,2,-0.188236,0.188236
Alpha,syn_C,2024-03-10,2024-03-10 12:00:00,2024-03-10 12:45:00,60,4,-0.796451,0.796451
Alpha,syn_C,2024-03-10,2024-03-10 13:15:00,2024-03-10 13:15:00,15,1,-0.144468,0.144468
Alpha,syn_C,2024-03-11,2024-03-11 11:30:00,2024-03-11 11:45:00,30,2,-1.287059,1.287059
Alpha,syn_C,2024-03-11,2024-03-11 12:30:00,2024-03-11 12:30:00,15,1,-0.028189,0.028189
Alpha,syn_C,2024-03-11,2024-03-11 13:15:00,2024-03-11 15:00:00,120,8,-0.913831,0.913831
Alpha,syn_C,2024-03-12,2024-03-12 10:15:00,2024-03-12 14:00:00,240,16,-1.136027,1.136027
Alpha,syn_C,2024-03-13,2024-03-13 10:30:00,2024-03-13 10:30:00,15,1,-0.728379,0.728379
Alpha,syn_C,2024-03-13,2024-03-13 11:00:00,2024-03-13 12:15:00,90,6,-1.452555,1.452555
Alpha,syn_C,2024-03-13,2024-03-13 12:45:00,2024-03-13 13:15:00,45,3,-0.884075,0.884075
Alpha,syn_C,2024-03-13,2024-03-13 14:15:00,2024-03-13 14:15:00,15,1,-0.752412,0.752412
Alpha,syn_C,2024-03-14,2024-03-14 10:30:00,2024-03-14 13:00:00,165,11,-0.488762,0.488762
Alpha,syn_C,2024-03-15,2024-03-15 11:30:00,2024-03-15 11:30:00,15,1,-0.129877,0.129877
Alpha,syn_C,2024-03-15,2024-03-15 12:30:00,2024-03-15 12:30:00,15,1,-0.304921,0.304921
Alpha,syn_C,2024-03-15,2024-03-15 13:15:00,2024-03-15 14:30:00,90,6,-1.939703,1.939703
Alpha,syn_C,2024-03-16,2024-03-16 11:45:00,2024-03-16 11:45:00,15,1,-0.704285,0.704285
Alpha,syn_C,2024-03-16,2024-03-16 12:30:00,2024-03-16 12:30:00,15,1,-0.628278,0.628278
Alpha,syn_C,2024-03-16,2024-03-16 13:00:00,2024-03-16 15:00:00,135,9,-2.471503,2.471503
Alpha,syn_C,2024-03-17,2024-03-17 12:00:00,2024-03-17 12:00:00,15,1,-0.631928,0.631928
Alpha,syn_C,2024-03-18,2024-03-18 13:45:00,2024-03-18 13:45:00,15,1,-0.218254,0.218254
Alpha,syn_C,2024-03-18,2024-03-18 15:00:00,2024-03-18 15:15:00,30,2,-1.182569,1.182569
Alpha,syn_C,2024-03-19,2024-03-19 11:30:00,2024-03-19 11:45:00,30,2,-0.202789,0.202789
Alpha,syn_C,2024-03-19,2024-03-19 12:15:00,2024-03-19 15:15:00,195,13,-1.356977,1.356977
Alpha,syn_C,2024-03-21,2024-03-21 10:30:00,2024-03-21 10:30:00,15,1,-0.157324,0.157324
Alpha,syn_C,2024-03-21,2024-03-21 11:30:00,2024-03-21 11:45:00,30,2,-0.964289,0.964289
Alpha,syn_C,2024-03-21,2024-03-21 12:45:00,2024-03-21 12:45:00,15,1,-0.137279,0.137279
Alpha,syn_C,2024-03-21,2024-03-21 13:15:00,2024-03-21 13:15:00,15,1,-1.169847,1.169847
Alpha,syn_C,2024-03-21,2024-03-21 14:30:00,2024-03-21 16:00:00,105,7,-1.934887,1.934887
Alpha,syn_C,2024-03-22,2024-03-22 14:15:00,2024-03-22 15:15:00,75,5,-1.879262,1.879262
Alpha,syn_C,2024-03-23,2024-03-23 11:15:00,2024-03-23 14:30:00,210,14,-1.210424,1.210424
Alpha,syn_C,2024-03-23,2024-03-23 16:00:00,2024-03-23 16:15:00,30,2,-0.477844,0.477844
Alpha,syn_C,2024-03-24,2024-03-24 10:15:00,2024-03-24 13:00:00,180,12,-1.414523,1.414523
Alpha,syn_C,2024-03-24,2024-03-24 13:30:00,2024-03-24 13:45:00,30,2,-0.214719,0.214719
Alpha,syn_C,2024-03-24,2024-03-24 14:15:00,2024-03-24 15:45:00,105,7,-1.251644,1.251644
Alpha,syn_C,2024-03-25,2024-03-25 10:15:00,2024-03-25 12:45:00,165,11,-1.588827,1.588827
Alpha,syn_C,2024-03-25,2024-03-25 13:45:00,2024-03-25 15:15:00,105,7,-1.016602,1.016602
Alpha,syn_C,2024-03-26,2024-03-26 11:15:00,2024-03-26 15:15:00,255,17,-1.36367,1.36367
Alpha,syn_C,2024-03-27,2024-03-27 11:00:00,2024-03-27 11:15:00,30,2,-0.377809,0.377809
Alpha,syn_C,2024-03-27,2024-03-27 13:45:00,2024-03-27 14:30:00,60,4,-0.645814,0.645814
Alpha,syn_C,2024-03-29,2024-03-29 13:45:00,2024-03-29 14:45:00,75,5,-1.580208,1.580208
Alpha,syn_C,2024-03-29,2024-03-29 16:00:00,2024-03-29 16:00:00,15,1,-0.099661,0.099661
Alpha,syn_C,2024-03-30,2024-03-30 10:15:00,2024-03-30 15:45:00,345,23,-2.17857,2.17857
Alpha,syn_C,2024-03-31,2024-03-31 11:30:00,2024-03-31 14:45:00,210,14,-1.616772,1.616772
Alpha,syn_C,2024-03-31,2024-03-31 16:00:00,2024-03-31 16:00:00,15,1,-0.154831,0.154831
Alpha,syn_C,2024-04-01,2024-04-01 09:30:00,2024-04-01 14:30:00,315,21,-1.812551,1.812551
Alpha,syn_C,2024-04-03,2024-04-03 10:00:00,2024-04-03 13:00:00,195,13,-1.63229,1.63229
Alpha,syn_C,2024-04-03,2024-04-03 13:45:00,2024-04-03 14:00:00,30,2,-0.901283,0.901283
Alpha,syn_C,2024-04-06,2024-04-06 09:45:00,2024-04-06 14:45:00,315,21,-1.800877,1.800877
Alpha,syn_C,2024-04-07,2024-04-07 09:45:00,2024-04-07 14:45:00,315,21,-1.969615,1.969615
Alpha,syn_C,2024-04-08,2024-04-08 09:45:00,2024-04-08 10:15:00,45,3,-1.303527,1.303527
Alpha,syn_C,2024-04-08,2024-04-08 11:00:00,2024-04-08 11:15:00,30,2,-1.373399,1.373399
Alpha,syn_C,2024-04-08,2024-04-08 12:00:00,2024-04-08 12:00:00,15,1,-0.442678,0.442678
Alpha,syn_C,2024-04-08,2024-04-08 12:45:00,2024-04-08 12:45:00,15,1,-1.522703,1.522703
Alpha,syn_C,2024-04-08,2024-04-08 14:00:00,2024-04-08 14:15:00,30,2,-0.228154,0.228154
Alpha,syn_C,2024-04-09,2024-04-09 08:45:00,2024-04-09 09:15:00,45,3,-0.352024,0.352024
Alpha,syn_C,2024-04-09,2024-04-09 10:15:00,2024-04-09 13:30:00,210,14,-1.749803,1.749803
Alpha,syn_C,2024-04-10,2024-04-10 09:30:00,2024-04-10 09:45:00,30,2,-0.176658,0.176658
Alpha,syn_C,2024-04-10,2024-04-10 10:15:00,2024-04-10 10:45:00,45,3,-0.161559,0.161559
Alpha,syn_C,2024-04-10,2024-04-10 12:15:00,2024-04-10 13:15:00,75,5,-1.781848,1.781848
Alpha,syn_C,2024-04-11,2024-04-11 09:30:00,2024-04-11 13:45:00,270,18,-2.371085,2.371085
Alpha,syn_C,2024-04-11,2024-04-11 14:30:00,2024-04-11 14:30:00,15,1,-0.345586,0.345586
Alpha,syn_C,2024-04-12,2024-04-12 09:15:00,2024-04-12 14:45:00,345,23,-2.067552,2.067552
Alpha,syn_C,2024-04-13,2024-04-13 09:30:00,2024-04-13 14:00:00,285,19,-2.316945,2.316945
Alpha,syn_C,2024-04-13,2024-04-13 14:30:00,2024-04-13 15:00:00,45,3,-0.857226,0.857226
Alpha,syn_C,2024-04-14,2024-04-14 09:30:00,2024-04-14 14:15:00,300,20,-1.917442,1.917442
Alpha,syn_C,2024-04-15,2024-04-15 09:30:00,2024-04-15 14:00:00,285,19,-1.769908,1.769908
Alpha,syn_C,2024-04-16,2024-04-16 10:45:00,2024-04-16 10:45:00,15,1,-1.300345,1.300345
Alpha,syn_C,2024-04-16,2024-04-16 11:15:00,2024-04-16 11:15:00,15,1,-0.959728,0.959728
Alpha,syn_C,2024-04-16,2024-04-16 12:00:00,2024-04-16 12:15:00,30,2,-1.368008,1.368008
Alpha,syn_C,2024-04-16,2024-04-16 13:15:00,2024-04-16 13:15:00,15,1,-0.312669,0.312669
Alpha,syn_C,2024-04-17,2024-04-17 10:45:00,2024-04-17 10:45:00,15,1,-0.192173,0.192173
Alpha,syn_C,2024-04-17,2024-04-17 11:45:00,2024-04-17 12:00:00,30,2,-0.694205,0.694205
Alpha,syn_C,2024-04-17,2024-04-17 12:45:00,2024-04-17 13:15:00,45,3,-1.599728,1.599728
Alpha,syn_C,2024-04-17,2024-04-17 14:45:00,2024-04-17 14:45:00,15,1,-0.008805,0.008805
Alpha,syn_C,2024-04-18,2024-04-18 10:45:00,2024-04-18 13:30:00,180,12,-1.692787,1.692787
Alpha,syn_C,2024-04-19,2024-04-19 09:30:00,2024-04-19 12:30:00,195,13,-2.438285,2.438285
Alpha,syn_C,2024-04-21,2024-04-21 10:30:00,2024-04-21 10:30:00,15,1,-0.348677,0.348677
Alpha,syn_C,2024-04-21,2024-04-21 11:45:00,2024-04-21 14:00:00,150,10,-1.906278,1.906278
Alpha,syn_C,2024-04-22,2024-04-22 09:45:00,2024-04-22 11:15:00,105,7,-1.379398,1.379398
Alpha,syn_C,2024-04-22,2024-04-22 11:45:00,2024-04-22 14:30:00,180,12,-1.441672,1.441672
Alpha,syn_C,2024-04-23,2024-04-23 09:30:00,2024-04-23 14:45:00,330,22,-2.039491,2.039491
Alpha,syn_C,2024-04-24,2024-04-24 11:30:00,2024-04-24 11:30:00,15,1,-0.641209,0.641209
Alpha,syn_C,2024-04-24,2024-04-24 14:30:00,2024-04-24 15:00:00,45,3,-0.618211,0.618211
Alpha,syn_C,2024-04-25,2024-04-25 09:30:00,2024-04-25 10:30:00,75,5,-1.193484,1.193484
Alpha,syn_C,2024-04-25,2024-04-25 11:00:00,2024-04-25 12:00:00,75,5,-1.440138,1.440138
Alpha,syn_C,2024-04-25,2024-04-25 12:30:00,2024-04-25 12:30:00,15,1,-0.113784,0.113784
Alpha,syn_C,2024-04-26,2024-04-26 09:45:00,2024-04-26 15:00:00,330,22,-2.53152,2.53152
Alpha,syn_C,2024-04-27,2024-04-27 10:15:00,2024-04-27 12:00:00,120,8,-1.893873,1.893873
Alpha,syn_C,2024-04-27,2024-04-27 12:30:00,2024-04-27 13:45:00,90,6,-1.809502,1.809502
Alpha,syn_C,2024-04-27,2024-04-27 14:30:00,2024-04-27 14:45:00,30,2,-0.364267,0.364267
Alpha,syn_C,2024-04-28,2024-04-28 09:45:00,2024-04-28 14:45:00,315,21,-1.995793,1.995793
Alpha,syn_C,2024-04-29,2024-04-29 10:30:00,2024-04-29 10:30:00,15,1,-0.602971,0.602971
Alpha,syn_C,2024-04-29,2024-04-29 11:15:00,2024-04-29 13:30:00,150,10,-1.579146,1.579146
Alpha,syn_C,2024-04-29,2024-04-29 14:00:00,2024-04-29 14:15:00,30,2,-0.342839,0.342839
Alpha,syn_C,2024-05-02,2024-05-02 10:30:00,2024-05-02 12:45:00,150,10,-1.421896,1.421896
Alpha,syn_C,2024-05-03,2024-05-03 10:15:00,2024-05-03 10:15:00,15,1,-0.689755,0.689755
Alpha,syn_C,2024-05-03,2024-05-03 10:45:00,2024-05-03 11:15:00,45,3,-1.387707,1.387707
Alpha,syn_C,2024-05-03,2024-05-03 12:15:00,2024-05-03 12:15:00,15,1,-0.338429,0.338429
Alpha,syn_C,2024-05-04,2024-05-04 10:15:00,2024-05-04 10:15:00,15,1,-0.212401,0.212401
Alpha,syn_C,2024-05-04,2024-05-04 11:00:00,2024-05-04 11:00:00,15,1,-0.137943,0.137943
Alpha,syn_C,2024-05-04,2024-05-04 11:45:00,2024-05-04 12:15:00,45,3,-1.39158,1.39158
Alpha,syn_C,2024-05-07,2024-05-07 10:30:00,2024-05-07 10:45:00,30,2,-1.186136,1.186136
Alpha,syn_C,2024-05-07,2024-05-07 11:45:00,2024-05-07 12:00:00,30,2,-0.124739,0.124739
Alpha,syn_C,2024-05-07,2024-05-07 12:45:00,2024-05-07 13:00:00,30,2,-0.987787,0.987787
Alpha,syn_C,2024-05-07,2024-05-07 14:15:00,2024-05-07 14:30:00,30,2,-0.383458,0.383458
Alpha,syn_C,2024-05-08,2024-05-08 13:15:00,2024-05-08 13:30:00,30,2,-1.13316,1.13316
Alpha,syn_C,2024-05-09,2024-05-09 10:00:00,2024-05-09 11:15:00,90,6,-1.469145,1.469145
Alpha,syn_C,2024-05-09,2024-05-09 12:45:00,2024-05-09 14:00:00,90,6,-1.25941,1.25941
Alpha,syn_C,2024-05-12,2024-05-12 13:30:00,2024-05-12 14:30:00,75,5,-0.847942,0.847942
Alpha,syn_C,2024-05-14,2024-05-14 10:15:00,2024-05-14 14:30:00,270,18,-1.608851,1.608851
Alpha,syn_C,2024-05-15,2024-05-15 10:15:00,2024-05-15 11:45:00,105,7,-1.097476,1.097476
Alpha,syn_C,2024-05-15,2024-05-15 12:30:00,2024-05-15 14:00:00,105,7,-0.630576,0.630576
Alpha,syn_C,2024-05-16,2024-05-16 11:45:00,2024-05-16 12:15:00,45,3,-0.669894,0.669894
Alpha,syn_C,2024-05-16,2024-05-16 13:00:00,2024-05-16 13:30:00,45,3,-0.364429,0.364429
Alpha,syn_C,2024-05-17,2024-05-17 11:15:00,2024-05-17 12:15:00,75,5,-1.16899,1.16899
Alpha,syn_C,2024-05-17,2024-05-17 12:45:00,2024-05-17 14:15:00,105,7,-0.91671,0.91671
Alpha,syn_C,2024-05-18,2024-05-18 12:00:00,2024-05-18 12:00:00,15,1,-0.325079,0.325079
Alpha,syn_C,2024-05-19,2024-05-19 11:00:00,2024-05-19 14:15:00,210,14,-1.103877,1.103877
Alpha,syn_C,2024-05-22,2024-05-22 10:45:00,2024-05-22 14:15:00,225,15,-1.24025,1.24025
Alpha,syn_C,2024-05-23,2024-05-23 10:45:00,2024-05-23 14:15:00,225,15,-1.142398,1.142398
Alpha,syn_C,2024-05-24,2024-05-24 10:45:00,2024-05-24 12:45:00,135,9,-1.18089,1.18089
Alpha,syn_C,2024-05-26,2024-05-26 11:00:00,2024-05-26 13:00:00,135,9,-0.783577,0.783577
Alpha,syn_C,2024-05-27,2024-05-27 11:00:00,2024-05-27 12:30:00,105,7,-0.705118,0.705118
Alpha,syn_C,2024-05-27,2024-05-27 13:00:00,2024-05-27 14:00:00,75,5,-0.701362,0.701362
Alpha,syn_C,2024-05-28,2024-05-28 10:45:00,2024-05-28 14:00:00,210,14,-0.927883,0.927883
Alpha,syn_C,2024-05-29,2024-05-29 10:45:00,2024-05-29 14:00:00,210,14,-0.926657,0.926657
Alpha,syn_C,2024-05-30,2024-05-30 11:00:00,2024-05-30 13:30:00,165,11,-0.962969,0.962969
Alpha,syn_C,2024-06-03,2024-06-03 11:15:00,2024-06-03 11:15:00,15,1,-0.031841,0.031841
Alpha,syn_C,2024-06-03,2024-06-03 12:15:00,2024-06-03 12:30:00,30,2,-0.970084,0.970084
Alpha,syn_C,2024-06-04,2024-06-04 13:15:00,2024-06-04 13:15:00,15,1,-0.23199,0.23199
Alpha,syn_C,2024-06-05,2024-06-05 11:45:00,2024-06-05 12:45:00,75,5,-0.535642,0.535642
Alpha,syn_C,2024-06-06,2024-06-06 12:15:00,2024-06-06 13:15:00,75,5,-1.184856,1.184856
Alpha,syn_C,2024-06-08,2024-06-08 11:15:00,2024-06-08 12:00:00,60,4,-1.048003,1.048003
Alpha,syn_C,2024-06-08,2024-06-08 12:30:00,2024-06-08 12:30:00,15,1,-0.03925,0.03925
Alpha,syn_C,2024-06-08,2024-06-08 13:30:00,2024-06-08 13:45:00,30,2,-0.510157,0.510157
Alpha,syn_C,2024-06-08,2024-06-08 14:30:00,2024-06-08 14:30:00,15,1,-0.338016,0.338016
Alpha,syn_C,2024-06-09,2024-06-09 12:45:00,2024-06-09 13:15:00,45,3,-1.155047,1.155047
Alpha,syn_C,2024-06-10,2024-06-10 13:00:00,2024-06-10 13:00:00,15,1,-0.202656,0.202656
Alpha,syn_C,2024-06-11,2024-06-11 11:45:00,2024-06-11 11:45:00,15,1,-0.067369,0.067369
Alpha,syn_C,2024-06-12,2024-06-12 11:00:00,2024-06-12 11:30:00,45,3,-0.774937,0.774937
Alpha,syn_C,2024-06-12,2024-06-12 12:15:00,2024-06-12 14:15:00,135,9,-0.967874,0.967874
Alpha,syn_C,2024-06-13,2024-06-13 11:15:00,2024-06-13 11:15:00,15,1,-0.149711,0.149711
Alpha,syn_C,2024-06-13,2024-06-13 12:00:00,2024-06-13 12:00:00,15,1,-0.220384,0.220384
Alpha,syn_C,2024-06-16,2024-06-16 11:30:00,2024-06-16 13:45:00,150,10,-0.61182,0.61182
Alpha,syn_C,2024-06-18,2024-06-18 11:15:00,2024-06-18 13:45:00,165,11,-0.649455,0.649455
Alpha,syn_C,2024-06-19,2024-06-19 11:45:00,2024-06-19 13:45:00,135,9,-0.704208,0.704208
Alpha,syn_C,2024-06-21,2024-06-21 11:30:00,2024-06-21 12:00:00,45,3,-0.271286,0.271286
Alpha,syn_C,2024-06-24,2024-06-24 11:45:00,2024-06-24 11:45:00,15,1,-0.136772,0.136772
Alpha,syn_C,2024-06-24,2024-06-24 12:15:00,2024-06-24 14:00:00,120,8,-0.579499,0.579499
Alpha,syn_C,2024-06-25,2024-06-25 11:45:00,2024-06-25 13:45:00,135,9,-0.491575,0.491575
Alpha,syn_C,2024-06-26,2024-06-26 11:15:00,2024-06-26 13:45:00,165,11,-0.731823,0.731823
Alpha,syn_C,2024-06-27,2024-06-27 11:15:00,2024-06-27 14:00:00,180,12,-0.766012,0.766012
Alpha,syn_C,2024-06-28,2024-06-28 11:45:00,2024-06-28 14:00:00,150,10,-0.586434,0.586434
Alpha,syn_C,2024-06-29,2024-06-29 12:00:00,2024-06-29 12:15:00,30,2,-0.240298,0.240298
Alpha,syn_C,2024-06-29,2024-06-29 12:45:00,2024-06-29 13:00:00,30,2,-0.283477,0.283477
Alpha,syn_C,2024-07-04,2024-07-04 13:00:00,2024-07-04 13:30:00,45,3,-0.235265,0.235265
Alpha,syn_C,2024-07-06,2024-07-06 12:00:00,2024-07-06 12:30:00,45,3,-0.41625,0.41625
Alpha,syn_C,2024-07-06,2024-07-06 13:00:00,2024-07-06 13:00:00,15,1,-0.05269,0.05269
Alpha,syn_C,2024-07-10,2024-07-10 11:15:00,2024-07-10 12:45:00,105,7,-0.922403,0.922403
Alpha,syn_C,2024-07-11,2024-07-11 11:15:00,2024-07-11 13:00:00,120,8,-0.806774,0.806774
Alpha,syn_C,2024-07-12,2024-07-12 11:15:00,2024-07-12 14:15:00,195,13,-0.981928,0.981928
Alpha,syn_C,2024-07-14,2024-07-14 11:15:00,2024-07-14 13:45:00,165,11,-0.925585,0.925585
Alpha,syn_C,2024-07-15,2024-07-15 11:30:00,2024-07-15 14:00:00,165,11,-0.551108,0.551108
Alpha,syn_C,2024-07-17,2024-07-17 11:00:00,2024-07-17 13:15:00,150,10,-0.966154,0.966154
Alpha,syn_C,2024-07-18,2024-07-18 11:00:00,2024-07-18 13:00:00,135,9,-1.060205,1.060205
Alpha,syn_C,2024-07-18,2024-07-18 13:30:00,2024-07-18 13:30:00,15,1,-0.298844,0.298844
Alpha,syn_C,2024-07-20,2024-07-20 10:45:00,2024-07-20 11:15:00,45,3,-0.522836,0.522836
Alpha,syn_C,2024-07-20,2024-07-20 13:15:00,2024-07-20 13:15:00,15,1,-0.234943,0.234943
Alpha,syn_C,2024-07-20,2024-07-20 14:00:00,2024-07-20 14:15:00,30,2,-0.319953,0.319953
Alpha,syn_C,2024-07-21,2024-07-21 11:00:00,2024-07-21 14:30:00,225,15,-1.11865,1.11865
Alpha,syn_C,2024-07-22,2024-07-22 11:00:00,2024-07-22 13:30:00,165,11,-1.051111,1.051111
Alpha,syn_C,2024-07-23,2024-07-23 11:00:00,2024-07-23 14:30:00,225,15,-1.182485,1.182485
Alpha,syn_C,2024-07-24,2024-07-24 10:45:00,2024-07-24 14:30:00,240,16,-1.259342,1.259342
Alpha,syn_C,2024-07-25,2024-07-25 12:00:00,2024-07-25 13:30:00,105,7,-1.146802,1.146802
Alpha,syn_C,2024-07-26,2024-07-26 10:45:00,2024-07-26 10:45:00,15,1,-0.168298,0.168298
Alpha,syn_C,2024-07-26,2024-07-26 12:00:00,2024-07-26 14:45:00,180,12,-1.424035,1.424035
Alpha,syn_C,2024-07-28,2024-07-28 11:15:00,2024-07-28 14:15:00,195,13,-1.041121,1.041121
Alpha,syn_C,2024-07-29,2024-07-29 12:00:00,2024-07-29 12:15:00,30,2,-0.481507,0.481507
Alpha,syn_C,2024-07-30,2024-07-30 11:00:00,2024-07-30 11:00:00,15,1,-0.120647,0.120647
Alpha,syn_C,2024-07-30,2024-07-30 11:45:00,2024-07-30 12:00:00,30,2,-0.390064,0.390064
Alpha,syn_C,2024-07-30,2024-07-30 13:15:00,2024-07-30 13:30:00,30,2,-0.306731,0.306731
Alpha,syn_C,2024-08-02,2024-08-02 12:30:00,2024-08-02 13:15:00,60,4,-1.157178,1.157178
Alpha,syn_C,2024-08-02,2024-08-02 14:00:00,2024-08-02 14:00:00,15,1,-0.872051,0.872051
Alpha,syn_C,2024-08-03,2024-08-03 12:30:00,2024-08-03 14:30:00,135,9,-0.957224,0.957224
Alpha,syn_C,2024-08-06,2024-08-06 10:30:00,2024-08-06 11:30:00,75,5,-0.581143,0.581143
Alpha,syn_C,2024-08-06,2024-08-06 12:15:00,2024-08-06 12:30:00,30,2,-0.962841,0.962841
Alpha,syn_C,2024-08-07,2024-08-07 11:00:00,2024-08-07 14:45:00,240,16,-1.499569,1.499569
Alpha,syn_C,2024-08-08,2024-08-08 10:45:00,2024-08-08 14:45:00,255,17,-1.472661,1.472661
Alpha,syn_C,2024-08-09,2024-08-09 12:00:00,2024-08-09 12:30:00,45,3,-1.031576,1.031576
Alpha,syn_C,2024-08-09,2024-08-09 13:00:00,2024-08-09 13:15:00,30,2,-0.981161,0.981161
Alpha,syn_C,2024-08-17,2024-08-17 10:15:00,2024-08-17 15:15:00,315,21,-2.573382,2.573382
Alpha,syn_C,2024-08-18,2024-08-18 10:00:00,2024-08-18 11:45:00,120,8,-1.956065,1.956065
Alpha,syn_C,2024-08-19,2024-08-19 10:15:00,2024-08-19 11:30:00,90,6,-0.835296,0.835296
Alpha,syn_C,2024-08-20,2024-08-20 10:00:00,2024-08-20 15:15:00,330,22,-2.330872,2.330872
Alpha,syn_C,2024-08-21,2024-08-21 09:45:00,2024-08-21 14:30:00,300,20,-2.301138,2.301138
Alpha,syn_C,2024-08-21,2024-08-21 15:15:00,2024-08-21 15:15:00,15,1,-0.007242,0.007242
Alpha,syn_C,2024-08-22,2024-08-22 11:00:00,2024-08-22 14:45:00,240,16,-2.514807,2.514807
Alpha,syn_C,2024-08-23,2024-08-23 09:45:00,2024-08-23 10:15:00,45,3,-0.907985,0.907985
Alpha,syn_C,2024-08-23,2024-08-23 11:00:00,2024-08-23 14:45:00,240,16,-2.646357,2.646357
Alpha,syn_C,2024-08-23,2024-08-23 15:15:00,2024-08-23 15:15:00,15,1,-0.26612,0.26612
Alpha,syn_C,2024-08-24,2024-08-24 09:45:00,2024-08-24 09:45:00,15,1,-0.302133,0.302133
Alpha,syn_C,2024-08-24,2024-08-24 11:30:00,2024-08-24 11:30:00,15,1,-0.44286,0.44286
Alpha,syn_C,2024-08-24,2024-08-24 12:30:00,2024-08-24 13:15:00,60,4,-1.198267,1.198267
Alpha,syn_C,2024-08-24,2024-08-24 14:15:00,2024-08-24 15:15:00,75,5,-1.795854,1.795854
Alpha,syn_C,2024-08-26,2024-08-26 09:15:00,2024-08-26 15:15:00,375,25,-2.58585,2.58585
Alpha,syn_C,2024-08-27,2024-08-27 09:30:00,2024-08-27 15:15:00,360,24,-2.693017,2.693017
Alpha,syn_C,2024-08-28,2024-08-28 09:30:00,2024-08-28 15:00:00,345,23,-2.784064,2.784064
Alpha,syn_C,2024-08-29,2024-08-29 09:00:00,2024-08-29 09:00:00,15,1,-0.294731,0.294731
Alpha,syn_C,2024-08-29,2024-08-29 09:45:00,2024-08-29 10:45:00,75,5,-1.925335,1.925335
Alpha,syn_C,2024-08-29,2024-08-29 11:15:00,2024-08-29 15:15:00,255,17,-2.852519,2.852519
Alpha,syn_C,2024-08-30,2024-08-30 09:15:00,2024-08-30 15:00:00,360,24,-2.746842,2.746842
Alpha,syn_C,2024-08-31,2024-08-31 09:15:00,2024-08-31 15:15:00,375,25,-3.149307,3.149307
Alpha,syn_C,2024-09-01,2024-09-01 09:15:00,2024-09-01 15:15:00,375,25,-2.75517,2.75517
Alpha,syn_C,2024-09-02,2024-09-02 09:00:00,2024-09-02 15:15:00,390,26,-2.934377,2.934377
Alpha,syn_C,2024-09-03,2024-09-03 09:15:00,2024-09-03 15:30:00,390,26,-2.937646,2.937646
Alpha,syn_C,2024-09-04,2024-09-04 09:30:00,2024-09-04 15:15:00,360,24,-2.945377,2.945377
Alpha,syn_C,2024-09-05,2024-09-05 09:15:00,2024-09-05 15:15:00,375,25,-2.989882,2.989882
Alpha,syn_C,2024-09-06,2024-09-06 09:00:00,2024-09-06 15:00:00,375,25,-2.88018,2.88018
Alpha,syn_C,2024-09-07,2024-09-07 09:15:00,2024-09-07 14:30:00,330,22,-1.89729,1.89729
Alpha,syn_C,2024-09-09,2024-09-09 09:15:00,2024-09-09 09:15:00,15,1,-0.094583,0.094583
Alpha,syn_C,2024-09-09,2024-09-09 09:45:00,2024-09-09 10:45:00,75,5,-0.990704,0.990704
Alpha,syn_C,2024-09-09,2024-09-09 11:15:00,2024-09-09 12:00:00,60,4,-1.084043,1.084043
Alpha,syn_C,2024-09-09,2024-09-09 12:45:00,2024-09-09 15:15:00,165,11,-2.220671,2.220671
Alpha,syn_C,2024-09-10,2024-09-10 09:15:00,2024-09-10 14:30:00,330,22,-2.782078,2.782078
Alpha,syn_C,2024-09-11,2024-09-11 09:00:00,2024-09-11 15:00:00,375,25,-2.958504,2.958504
Alpha,syn_C,2024-09-12,2024-09-12 10:30:00,2024-09-12 10:30:00,15,1,-0.440713,0.440713
Alpha,syn_C,2024-09-12,2024-09-12 11:30:00,2024-09-12 11:30:00,15,1,-1.079555,1.079555
Alpha,syn_C,2024-09-12,2024-09-12 13:45:00,2024-09-12 13:45:00,15,1,-0.575426,0.575426
Alpha,syn_C,2024-09-12,2024-09-12 14:15:00,2024-09-12 15:15:00,75,5,-1.213658,1.213658
Alpha,syn_C,2024-09-14,2024-09-14 09:15:00,2024-09-14 15:15:00,375,25,-3.405953,3.405953
Alpha,syn_C,2024-09-15,2024-09-15 09:00:00,2024-09-15 11:00:00,135,9,-1.912201,1.912201
Alpha,syn_C,2024-09-15,2024-09-15 11:30:00,2024-09-15 14:15:00,180,12,-2.051639,2.051639
Alpha,syn_C,2024-09-15,2024-09-15 14:45:00,2024-09-15 15:00:00,30,2,-0.461753,0.461753
Alpha,syn_C,2024-09-16,2024-09-16 09:00:00,2024-09-16 15:30:00,405,27,-3.155138,3.155138
Alpha,syn_C,2024-09-17,2024-09-17 09:00:00,2024-09-17 15:30:00,405,27,-3.264792,3.264792
Alpha,syn_C,2024-09-18,2024-09-18 08:45:00,2024-09-18 15:30:00,420,28,-3.336895,3.336895
Alpha,syn_C,2024-09-19,2024-09-19 08:45:00,2024-09-19 15:30:00,420,28,-2.970462,2.970462
Alpha,syn_C,2024-09-20,2024-09-20 08:45:00,2024-09-20 15:30:00,420,28,-3.516647,3.516647
Alpha,syn_C,2024-09-21,2024-09-21 08:45:00,2024-09-21 15:45:00,435,29,-3.441871,3.441871
Alpha,syn_C,2024-09-22,2024-09-22 08:45:00,2024-09-22 15:30:00,420,28,-3.463461,3.463461
Alpha,syn_C,2024-09-23,2024-09-23 08:45:00,2024-09-23 15:15:00,405,27,-3.237264,3.237264
Alpha,syn_C,2024-09-24,2024-09-24 09:15:00,2024-09-24 13:15:00,255,17,-2.475627,2.475627
Alpha,syn_C,2024-09-24,2024-09-24 13:45:00,2024-09-24 13:45:00,15,1,-0.313016,0.313016
Alpha,syn_C,2024-09-25,2024-09-25 11:30:00,2024-09-25 11:30:00,15,1,-0.527623,0.527623
Alpha,syn_C,2024-09-25,2024-09-25 12:00:00,2024-09-25 13:30:00,105,7,-2.875815,2.875815
Alpha,syn_C,2024-09-25,2024-09-25 14:00:00,2024-09-25 15:00:00,75,5,-1.975519,1.975519
Alpha,syn_C,2024-09-27,2024-09-27 10:45:00,2024-09-27 10:45:00,15,1,-0.536953,0.536953
Alpha,syn_C,2024-09-27,2024-09-27 11:45:00,2024-09-27 11:45:00,15,1,-0.098863,0.098863
Alpha,syn_C,2024-09-27,2024-09-27 12:45:00,2024-09-27 14:15:00,105,7,-1.569389,1.569389
Alpha,syn_C,2024-09-28,2024-09-28 11:45:00,2024-09-28 11:45:00,15,1,-2.109181,2.109181
Alpha,syn_C,2024-09-28,2024-09-28 12:15:00,2024-09-28 12:45:00,45,3,-2.382546,2.382546
Alpha,syn_C,2024-09-28,2024-09-28 13:45:00,2024-09-28 14:45:00,75,5,-1.937975,1.937975
Alpha,syn_E,2021-11-01,2021-11-01 14:15:00,2021-11-01 14:15:00,15,1,-0.073157,0.073157
Alpha,syn_E,2021-11-01,2021-11-01 15:00:00,2021-11-01 15:00:00,15,1,-1.145992,1.145992
Alpha,syn_E,2021-11-01,2021-11-01 15:30:00,2021-11-01 15:30:00,15,1,-1.035418,1.035418
Alpha,syn_E,2021-11-02,2021-11-02 09:45:00,2021-11-02 10:00:00,30,2,-0.04103,0.04103
Alpha,syn_E,2021-11-02,2021-11-02 10:30:00,2021-11-02 10:30:00,15,1,-0.087349,0.087349
Alpha,syn_E,2021-11-02,2021-11-02 11:00:00,2021-11-02 11:15:00,30,2,-0.186182,0.186182
Alpha,syn_E,2021-11-02,2021-11-02 11:45:00,2021-11-02 12:00:00,30,2,-0.13354,0.13354
Alpha,syn_E,2021-11-02,2021-11-02 13:15:00,2021-11-02 13:15:00,15,1,-0.023096,0.023096
Alpha,syn_E,2021-11-02,2021-11-02 13:45:00,2021-11-02 13:45:00,15,1,-0.128637,0.128637
Alpha,syn_E,2021-11-02,2021-11-02 14:30:00,2021-11-02 15:00:00,45,3,-0.257532,0.257532
Alpha,syn_E,2021-11-03,2021-11-03 09:45:00,2021-11-03 14:15:00,285,19,-1.225341,1.225341
Alpha,syn_E,2021-11-03,2021-11-03 14:45:00,2021-11-03 14:45:00,15,1,-0.166054,0.166054
Alpha,syn_E,2021-11-03,2021-11-03 15:15:00,2021-11-03 15:15:00,15,1,-0.157022,0.157022
Alpha,syn_E,2021-11-06,2021-11-06 10:15:00,2021-11-06 14:15:00,255,17,-1.129734,1.129734
Alpha,syn_E,2021-11-08,2021-11-08 10:15:00,2021-11-08 10:15:00,15,1,-0.22605,0.22605
Alpha,syn_E,2021-11-08,2021-11-08 11:15:00,2021-11-08 12:00:00,60,4,-0.74821,0.74821
Alpha,syn_E,2021-11-08,2021-11-08 13:45:00,2021-11-08 14:15:00,45,3,-0.7046,0.7046
Alpha,syn_E,2021-11-09,2021-11-09 10:00:00,2021-11-09 10:15:00,30,2,-0.196503,0.196503
Alpha,syn_E,2021-11-09,2021-11-09 11:00:00,2021-11-09 11:15:00,30,2,-0.242694,0.242694
Alpha,syn_E,2021-11-09,2021-11-09 12:00:00,2021-11-09 12:15:00,30,2,-0.385266,0.385266
Alpha,syn_E,2021-11-09,2021-11-09 12:45:00,2021-11-09 14:30:00,120,8,-0.841236,0.841236
Alpha,syn_E,2021-11-12,2021-11-12 10:00:00,2021-11-12 10:15:00,30,2,-0.430682,0.430682
Alpha,syn_E,2021-11-12,2021-11-12 10:45:00,2021-11-12 12:30:00,120,8,-1.282498,1.282498
Alpha,syn_E,2021-11-12,2021-11-12 13:00:00,2021-11-12 14:00:00,75,5,-1.309852,1.309852
Alpha,syn_E,2021-11-12,2021-11-12 14:30:00,2021-11-12 14:45:00,30,2,-0.844978,0.844978
Alpha,syn_E,2021-11-13,2021-11-13 12:15:00,2021-11-13 12:45:00,45,3,-0.718535,0.718535
Alpha,syn_E,2021-11-13,2021-11-13 13:15:00,2021-11-13 15:30:00,150,10,-1.37746,1.37746
Alpha,syn_E,2021-11-14,2021-11-14 10:00:00,2021-11-14 14:15:00,270,18,-1.465455,1.465455
Alpha,syn_E,2021-11-15,2021-11-15 09:30:00,2021-11-15 16:15:00,420,28,-2.130702,2.130702
Alpha,syn_E,2021-11-16,2021-11-16 09:30:00,2021-11-16 10:15:00,60,4,-0.493388,0.493388
Alpha,syn_E,2021-11-16,2021-11-16 12:00:00,2021-11-16 14:00:00,135,9,-1.64983,1.64983
Alpha,syn_E,2021-11-16,2021-11-16 14:30:00,2021-11-16 14:45:00,30,2,-0.238952,0.238952
Alpha,syn_E,2021-11-16,2021-11-16 15:45:00,2021-11-16 15:45:00,15,1,-0.354171,0.354171
Alpha,syn_E,2021-11-17,2021-11-17 11:15:00,2021-11-17 16:00:00,300,20,-1.594479,1.594479
Alpha,syn_E,2021-11-18,2021-11-18 09:30:00,2021-11-18 15:30:00,375,25,-1.278628,1.278628
Alpha,syn_E,2021-11-24,2021-11-24 10:45:00,2021-11-24 13:15:00,165,11,-0.585898,0.585898
Alpha,syn_E,2021-11-29,2021-11-29 09:45:00,2021-11-29 10:00:00,30,2,-0.062964,0.062964
Alpha,syn_E,2021-11-29,2021-11-29 12:45:00,2021-11-29 12:45:00,15,1,-0.073286,0.073286
Alpha,syn_E,2021-12-01,2021-12-01 13:00:00,2021-12-01 13:30:00,45,3,-0.725502,0.725502
Alpha,syn_E,2021-12-01,2021-12-01 14:30:00,2021-12-01 15:15:00,60,4,-0.334043,0.334043
Alpha,syn_E,2021-12-02,2021-12-02 13:00:00,2021-12-02 15:00:00,135,9,-0.796981,0.796981
Alpha,syn_E,2021-12-03,2021-12-03 10:00:00,2021-12-03 12:15:00,150,10,-0.374557,0.374557
Alpha,syn_E,2021-12-05,2021-12-05 12:15:00,2021-12-05 13:00:00,60,4,-0.78137,0.78137
Alpha,syn_E,2021-12-06,2021-12-06 12:45:00,2021-12-06 13:30:00,60,4,-0.537127,0.537127
Alpha,syn_E,2021-12-06,2021-12-06 15:15:00,2021-12-06 15:15:00,15,1,-0.855687,0.855687
Alpha,syn_E,2021-12-07,2021-12-07 11:15:00,2021-12-07 13:30:00,150,10,-1.061351,1.061351
Alpha,syn_E,2021-12-07,2021-12-07 14:00:00,2021-12-07 14:15:00,30,2,-0.192891,0.192891
Alpha,syn_E,2021-12-08,2021-12-08 11:00:00,2021-12-08 11:00:00,15,1,-0.065674,0.065674
Alpha,syn_E,2021-12-08,2021-12-08 11:30:00,2021-12-08 11:45:00,30,2,-0.32656,0.32656
Alpha,syn_E,2021-12-08,2021-12-08 13:45:00,2021-12-08 14:45:00,75,5,-0.664344,0.664344
Alpha,syn_E,2021-12-09,2021-12-09 12:15:00,2021-12-09 12:45:00,45,3,-1.171796,1.171796
Alpha,syn_E,2021-12-09,2021-12-09 13:30:00,2021-12-09 13:45:00,30,2,-0.809239,0.809239
Alpha,syn_E,2021-12-09,2021-12-09 14:15:00,2021-12-09 14:15:00,15,1,-0.631573,0.631573
Alpha,syn_E,2021-12-10,2021-12-10 09:30:00,2021-12-10 14:00:00,285,19,-1.823496,1.823496
Alpha,syn_E,2021-12-10,2021-12-10 15:30:00,2021-12-10 16:00:00,45,3,-1.015032,1.015032
Alpha,syn_E,2021-12-11,2021-12-11 12:30:00,2021-12-11 13:15:00,60,4,-0.672602,0.672602
Alpha,syn_E,2021-12-12,2021-12-12 11:30:00,2021-12-12 11:30:00,15,1,-0.23663,0.23663
Alpha,syn_E,2021-12-12,2021-12-12 12:30:00,2021-12-12 12:30:00,15,1,-0.118057,0.118057
Alpha,syn_E,2021-12-12,2021-12-12 13:45:00,2021-12-12 13:45:00,15,1,-0.293142,0.293142
Alpha,syn_E,2021-12-13,2021-12-13 10:15:00,2021-12-13 14:30:00,270,18,-1.086382,1.086382
Alpha,syn_E,2021-12-14,2021-12-14 10:00:00,2021-12-14 14:30:00,285,19,-1.106639,1.106639
Alpha,syn_E,2021-12-15,2021-12-15 09:45:00,2021-12-15 13:45:00,255,17,-0.999549,0.999549
Alpha,syn_E,2021-12-28,2021-12-28 11:30:00,2021-12-28 11:30:00,15,1,-0.330301,0.330301
Alpha,syn_E,2021-12-28,2021-12-28 13:15:00,2021-12-28 13:15:00,15,1,-0.150055,0.150055
Alpha,syn_E,2021-12-28,2021-12-28 14:30:00,2021-12-28 14:30:00,15,1,-0.373524,0.373524
Alpha,syn_E,2021-12-29,2021-12-29 12:15:00,2021-12-29 13:00:00,60,4,-0.777886,0.777886
Alpha,syn_E,2021-12-29,2021-12-29 14:30:00,2021-12-29 15:00:00,45,3,-0.797626,0.797626
Alpha,syn_E,2021-12-30,2021-12-30 10:30:00,2021-12-30 11:00:00,45,3,-0.549771,0.549771
Alpha,syn_E,2021-12-30,2021-12-30 12:30:00,2021-12-30 12:45:00,30,2,-0.259338,0.259338
Alpha,syn_E,2021-12-30,2021-12-30 13:15:00,2021-12-30 13:15:00,15,1,-0.091994,0.091994
Alpha,syn_E,2021-12-30,2021-12-30 14:00:00,2021-12-30 14:15:00,30,2,-0.297014,0.297014
Alpha,syn_E,2021-12-31,2021-12-31 10:45:00,2021-12-31 11:15:00,45,3,-0.093929,0.093929
Alpha,syn_E,2022-01-01,2022-01-01 13:15:00,2022-01-01 13:15:00,15,1,-0.138184,0.138184
Alpha,syn_E,2022-01-20,2022-01-20 11:30:00,2022-01-20 11:30:00,15,1,-0.075479,0.075479
Alpha,syn_E,2022-01-20,2022-01-20 12:00:00,2022-01-20 12:30:00,45,3,-0.6068,0.6068
Alpha,syn_E,2022-01-20,2022-01-20 13:00:00,2022-01-20 13:00:00,15,1,-0.259209,0.259209
Alpha,syn_E,2022-01-21,2022-01-21 13:15:00,2022-01-21 14:45:00,105,7,-1.008065,1.008065
Alpha,syn_E,2022-01-22,2022-01-22 14:15:00,2022-01-22 14:15:00,15,1,-0.42307,0.42307
Alpha,syn_E,2022-01-27,2022-01-27 12:00:00,2022-01-27 12:00:00,15,1,-0.067609,0.067609
Alpha,syn_E,2022-02-03,2022-02-03 15:30:00,2022-02-03 15:30:00,15,1,-0.16128,0.16128
Alpha,syn_E,2022-02-04,2022-02-04 10:15:00,2022-02-04 10:15:00,15,1,-0.146442,0.146442
Alpha,syn_E,2022-02-04,2022-02-04 12:00:00,2022-02-04 12:00:00,15,1,-0.871299,0.871299
Alpha,syn_E,2022-02-04,2022-02-04 13:00:00,2022-02-04 13:00:00,15,1,-1.348301,1.348301
Alpha,syn_E,2022-02-04,2022-02-04 13:45:00,2022-02-04 13:45:00,15,1,-0.74034,0.74034
Alpha,syn_E,2022-02-04,2022-02-04 14:30:00,2022-02-04 15:00:00,45,3,-1.52429,1.52429
Alpha,syn_E,2022-02-05,2022-02-05 10:30:00,2022-02-05 10:30:00,15,1,-0.016128,0.016128
Alpha,syn_E,2022-02-05,2022-02-05 11:45:00,2022-02-05 11:45:00,15,1,-0.115993,0.115993
Alpha,syn_E,2022-02-05,2022-02-05 12:45:00,2022-02-05 12:45:00,15,1,-0.235082,0.235082
Alpha,syn_E,2022-02-05,2022-02-05 14:00:00,2022-02-05 14:00:00,15,1,-0.146442,0.146442
Alpha,syn_E,2022-02-05,2022-02-05 15:15:00,2022-02-05 15:45:00,45,3,-0.69273,0.69273
Alpha,syn_E,2022-02-06,2022-02-06 13:30:00,2022-02-06 13:30:00,15,1,-0.534804,0.534804
Alpha,syn_E,2022-02-06,2022-02-06 14:00:00,2022-02-06 14:00:00,15,1,-0.344365,0.344365
Alpha,syn_E,2022-02-06,2022-02-06 14:30:00,2022-02-06 14:30:00,15,1,-0.312625,0.312625
Alpha,syn_E,2022-02-07,2022-02-07 10:15:00,2022-02-07 10:15:00,15,1,-0.231211,0.231211
Alpha,syn_E,2022-02-07,2022-02-07 12:00:00,2022-02-07 12:00:00,15,1,-0.213406,0.213406
Alpha,syn_E,2022-02-07,2022-02-07 13:00:00,2022-02-07 14:15:00,90,6,-1.121477,1.121477
Alpha,syn_E,2022-02-08,2022-02-08 11:00:00,2022-02-08 11:00:00,15,1,-0.021031,0.021031
Alpha,syn_E,2022-02-08,2022-02-08 13:45:00,2022-02-08 15:00:00,90,6,-0.769757,0.769757
Alpha,syn_E,2022-02-09,2022-02-09 10:00:00,2022-02-09 13:30:00,225,15,-1.266242,1.266242
Alpha,syn_E,2022-02-12,2022-02-12 15:00:00,2022-02-12 15:45:00,60,4,-0.776983,0.776983
Alpha,syn_E,2022-02-13,2022-02-13 13:00:00,2022-02-13 13:00:00,15,1,-0.109671,0.109671
Alpha,syn_E,2022-02-14,2022-02-14 10:15:00,2022-02-14 10:30:00,30,2,-0.123734,0.123734
Alpha,syn_E,2022-02-14,2022-02-14 11:00:00,2022-02-14 11:15:00,30,2,-0.434424,0.434424
Alpha,syn_E,2022-02-14,2022-02-14 12:00:00,2022-02-14 12:30:00,45,3,-0.894524,0.894524
Alpha,syn_E,2022-02-14,2022-02-14 13:00:00,2022-02-14 13:00:00,15,1,-0.484485,0.484485
Alpha,syn_E,2022-02-15,2022-02-15 10:30:00,2022-02-15 12:30:00,135,9,-0.544223,0.544223
Alpha,syn_E,2022-02-20,2022-02-20 13:15:00,2022-02-20 13:30:00,30,2,-0.09522,0.09522
Alpha,syn_E,2022-03-02,2022-03-02 13:00:00,2022-03-02 13:15:00,30,2,-0.208632,0.208632
Alpha,syn_E,2022-03-10,2022-03-10 10:45:00,2022-03-10 11:30:00,60,4,-0.607316,0.607316
Alpha,syn_E,2022-03-11,2022-03-11 11:00:00,2022-03-11 11:30:00,45,3,-0.410942,0.410942
Alpha,syn_E,2022-03-11,2022-03-11 12:30:00,2022-03-11 13:00:00,45,3,-0.711954,0.711954
Alpha,syn_E,2022-03-12,2022-03-12 13:15:00,2022-03-12 15:45:00,165,11,-1.192182,1.192182
Alpha,syn_E,2022-03-13,2022-03-13 14:15:00,2022-03-13 15:15:00,75,5,-0.745114,0.745114
Alpha,syn_E,2022-03-14,2022-03-14 10:30:00,2022-03-14 10:30:00,15,1,-0.045288,0.045288
Alpha,syn_E,2022-03-14,2022-03-14 14:00:00,2022-03-14 14:15:00,30,2,-0.463712,0.463712
Alpha,syn_E,2022-03-15,2022-03-15 13:15:00,2022-03-15 13:30:00,30,2,-0.126702,0.126702
Alpha,syn_E,2022-03-15,2022-03-15 15:00:00,2022-03-15 15:15:00,30,2,-0.706148,0.706148
Alpha,syn_E,2022-03-16,2022-03-16 10:45:00,2022-03-16 11:30:00,60,4,-0.24463,0.24463
Alpha,syn_E,2022-03-16,2022-03-16 12:30:00,2022-03-16 12:30:00,15,1,-0.112251,0.112251
Alpha,syn_E,2022-03-16,2022-03-16 13:45:00,2022-03-16 13:45:00,15,1,-0.106574,0.106574
Alpha,syn_E,2022-03-17,2022-03-17 12:00:00,2022-03-17 12:00:00,15,1,-0.027611,0.027611
Alpha,syn_E,2022-03-20,2022-03-20 11:00:00,2022-03-20 15:00:00,255,17,-0.821109,0.821109
Alpha,syn_E,2022-03-21,2022-03-21 14:30:00,2022-03-21 14:30:00,15,1,-0.036901,0.036901
Alpha,syn_E,2022-03-22,2022-03-22 10:30:00,2022-03-22 14:45:00,270,18,-1.157088,1.157088
Alpha,syn_E,2022-03-23,2022-03-23 11:30:00,2022-03-23 11:30:00,15,1,-0.027998,0.027998
Alpha,syn_E,2022-03-23,2022-03-23 12:15:00,2022-03-23 12:30:00,30,2,-0.218825,0.218825
Alpha,syn_E,2022-04-02,2022-04-02 11:45:00,2022-04-02 12:00:00,30,2,-0.922005,0.922005
Alpha,syn_E,2022-04-02,2022-04-02 13:45:00,2022-04-02 14:00:00,30,2,-0.58693,0.58693
Alpha,syn_E,2022-04-03,2022-04-03 10:00:00,2022-04-03 10:00:00,15,1,-0.009032,0.009032
Alpha,syn_E,2022-04-03,2022-04-03 10:30:00,2022-04-03 10:30:00,15,1,-0.06864,0.06864
Alpha,syn_E,2022-04-03,2022-04-03 11:30:00,2022-04-03 11:45:00,30,2,-0.904587,0.904587
Alpha,syn_E,2022-04-03,2022-04-03 12:15:00,2022-04-03 12:30:00,30,2,-1.145088,1.145088
Alpha,syn_E,2022-04-03,2022-04-03 13:15:00,2022-04-03 14:00:00,60,4,-0.995678,0.995678
Alpha,syn_E,2022-04-03,2022-04-03 14:30:00,2022-04-03 14:45:00,30,2,-0.522547,0.522547
Alpha,syn_E,2022-04-04,2022-04-04 09:45:00,2022-04-04 14:45:00,315,21,-1.352816,1.352816
Alpha,syn_E,2022-04-05,2022-04-05 09:30:00,2022-04-05 14:15:00,300,20,-1.194504,1.194504
Alpha,syn_E,2022-04-06,2022-04-06 09:45:00,2022-04-06 10:15:00,45,3,-0.290304,0.290304
Alpha,syn_E,2022-04-06,2022-04-06 11:45:00,2022-04-06 12:00:00,30,2,-0.116509,0.116509
Alpha,syn_E,2022-04-08,2022-04-08 11:45:00,2022-04-08 12:00:00,30,2,-0.245791,0.245791
Alpha,syn_E,2022-04-08,2022-04-08 13:15:00,2022-04-08 13:30:00,30,2,-0.220244,0.220244
Alpha,syn_E,2022-04-08,2022-04-08 14:00:00,2022-04-08 14:15:00,30,2,-0.385911,0.385911
Alpha,syn_E,2022-04-09,2022-04-09 11:30:00,2022-04-09 11:30:00,15,1,-0.040126,0.040126
Alpha,syn_E,2022-04-10,2022-04-10 10:30:00,2022-04-10 11:30:00,75,5,-0.389652,0.389652
Alpha,syn_E,2022-04-10,2022-04-10 12:15:00,2022-04-10 13:00:00,60,4,-0.50758,0.50758
Alpha,syn_E,2022-04-11,2022-04-11 10:00:00,2022-04-11 13:30:00,225,15,-0.867558,0.867558
Alpha,syn_E,2022-04-12,2022-04-12 14:00:00,2022-04-12 14:00:00,15,1,-0.131089,0.131089
Alpha,syn_E,2022-04-15,2022-04-15 10:00:00,2022-04-15 11:30:00,105,7,-0.9611,0.9611
Alpha,syn_E,2022-04-15,2022-04-15 12:00:00,2022-04-15 12:45:00,60,4,-0.563448,0.563448
Alpha,syn_E,2022-04-15,2022-04-15 13:30:00,2022-04-15 14:30:00,75,5,-0.390168,0.390168
Alpha,syn_E,2022-04-16,2022-04-16 09:45:00,2022-04-16 13:45:00,255,17,-1.064964,1.064964
Alpha,syn_E,2022-04-17,2022-04-17 10:00:00,2022-04-17 14:30:00,285,19,-1.181473,1.181473
Alpha,syn_E,2022-04-18,2022-04-18 10:00:00,2022-04-18 13:30:00,225,15,-0.792852,0.792852
Alpha,syn_E,2022-04-19,2022-04-19 10:00:00,2022-04-19 13:00:00,195,13,-0.88833,0.88833
Alpha,syn_E,2022-04-20,2022-04-20 09:45:00,2022-04-20 14:15:00,285,19,-1.459648,1.459648
Alpha,syn_E,2022-04-21,2022-04-21 09:45:00,2022-04-21 14:15:00,285,19,-1.309594,1.309594
Alpha,syn_E,2022-04-23,2022-04-23 10:30:00,2022-04-23 10:30:00,15,1,-0.01187,0.01187
Alpha,syn_E,2022-04-24,2022-04-24 11:45:00,2022-04-24 11:45:00,15,1,-0.180763,0.180763
Alpha,syn_E,2022-04-25,2022-04-25 11:30:00,2022-04-25 11:45:00,30,2,-0.45468,0.45468
Alpha,syn_E,2022-04-28,2022-04-28 12:30:00,2022-04-28 12:30:00,15,1,-0.142184,0.142184
Alpha,syn_E,2022-04-29,2022-04-29 11:30:00,2022-04-29 13:00:00,105,7,-0.607316,0.607316
Alpha,syn_E,2022-05-02,2022-05-02 12:00:00,2022-05-02 13:45:00,120,8,-0.799046,0.799046
Alpha,syn_E,2022-05-02,2022-05-02 14:15:00,2022-05-02 14:15:00,15,1,-0.085414,0.085414
Alpha,syn_E,2022-05-03,2022-05-03 10:15:00,2022-05-03 14:15:00,255,17,-1.121992,1.121992
Alpha,syn_E,2022-05-04,2022-05-04 10:15:00,2022-05-04 14:00:00,240,16,-0.998388,0.998388
Alpha,syn_E,2022-05-05,2022-05-05 11:30:00,2022-05-05 14:00:00,165,11,-0.848978,0.848978
Alpha,syn_E,2022-05-06,2022-05-06 10:00:00,2022-05-06 14:30:00,285,19,-1.295788,1.295788
Alpha,syn_E,2022-05-07,2022-05-07 12:00:00,2022-05-07 12:45:00,60,4,-0.737243,0.737243
Alpha,syn_E,2022-05-08,2022-05-08 11:15:00,2022-05-08 14:00:00,180,12,-0.757629,0.757629
Alpha,syn_E,2022-05-09,2022-05-09 11:30:00,2022-05-09 13:00:00,105,7,-0.701891,0.701891
Alpha,syn_E,2022-05-10,2022-05-10 11:00:00,2022-05-10 12:45:00,120,8,-0.517515,0.517515
Alpha,syn_E,2022-05-16,2022-05-16 10:30:00,2022-05-16 14:00:00,225,15,-0.797884,0.797884
Alpha,syn_E,2022-05-17,2022-05-17 10:30:00,2022-05-17 14:15:00,240,16,-1.020709,1.020709
Alpha,syn_E,2022-05-18,2022-05-18 10:45:00,2022-05-18 11:30:00,60,4,-0.522547,0.522547
Alpha,syn_E,2022-05-18,2022-05-18 12:15:00,2022-05-18 12:30:00,30,2,-1.056578,1.056578
Alpha,syn_E,2022-05-18,2022-05-18 13:00:00,2022-05-18 14:00:00,75,5,-0.457519,0.457519
Alpha,syn_E,2022-05-19,2022-05-19 11:30:00,2022-05-19 11:30:00,15,1,-0.32656,0.32656
Alpha,syn_E,2022-05-19,2022-05-19 12:00:00,2022-05-19 12:15:00,30,2,-0.263338,0.263338
Alpha,syn_E,2022-05-19,2022-05-19 12:45:00,2022-05-19 13:00:00,30,2,-0.37946,0.37946
Alpha,syn_E,2022-05-26,2022-05-26 12:45:00,2022-05-26 13:15:00,45,3,-0.115348,0.115348
Alpha,syn_E,2022-06-16,2022-06-16 12:00:00,2022-06-16 13:00:00,75,5,-0.111606,0.111606
Alpha,syn_E,2022-06-20,2022-06-20 12:00:00,2022-06-20 12:00:00,15,1,-0.029418,0.029418
Alpha,syn_E,2022-06-21,2022-06-21 12:15:00,2022-06-21 13:15:00,75,5,-0.146184,0.146184
Alpha,syn_E,2022-06-22,2022-06-22 11:45:00,2022-06-22 13:15:00,105,7,-0.260242,0.260242
Alpha,syn_E,2022-07-18,2022-07-18 11:45:00,2022-07-18 13:30:00,120,8,-0.301787,0.301787
Alpha,syn_E,2022-07-20,2022-07-20 12:00:00,2022-07-20 12:00:00,15,1,-0.007871,0.007871
Alpha,syn_E,2022-07-21,2022-07-21 11:30:00,2022-07-21 11:45:00,30,2,-0.073931,0.073931
Alpha,syn_E,2022-07-21,2022-07-21 12:30:00,2022-07-21 12:45:00,30,2,-0.183084,0.183084
Alpha,syn_E,2022-07-27,2022-07-27 12:00:00,2022-07-27 13:45:00,120,8,-0.366299,0.366299
Alpha,syn_E,2022-07-28,2022-07-28 11:30:00,2022-07-28 14:00:00,165,11,-0.637637,0.637637
Alpha,syn_E,2022-07-29,2022-07-29 11:30:00,2022-07-29 13:45:00,150,10,-0.750274,0.750274
Alpha,syn_E,2022-08-02,2022-08-02 11:00:00,2022-08-02 14:15:00,210,14,-0.734534,0.734534
Alpha,syn_E,2022-08-03,2022-08-03 12:00:00,2022-08-03 14:00:00,135,9,-0.377395,0.377395
Alpha,syn_E,2022-08-05,2022-08-05 13:45:00,2022-08-05 14:00:00,30,2,-0.108638,0.108638
Alpha,syn_E,2022-08-06,2022-08-06 11:15:00,2022-08-06 12:00:00,60,4,-0.313012,0.313012
Alpha,syn_E,2022-08-06,2022-08-06 12:30:00,2022-08-06 14:00:00,105,7,-0.416618,0.416618
Alpha,syn_E,2022-08-07,2022-08-07 12:30:00,2022-08-07 12:30:00,15,1,-0.134572,0.134572
Alpha,syn_E,2022-08-08,2022-08-08 12:30:00,2022-08-08 12:30:00,15,1,-0.103864,0.103864
Alpha,syn_E,2022-08-13,2022-08-13 12:00:00,2022-08-13 12:00:00,15,1,-0.094833,0.094833
Alpha,syn_E,2022-08-13,2022-08-13 12:30:00,2022-08-13 13:30:00,75,5,-0.480227,0.480227
Alpha,syn_E,2022-08-15,2022-08-15 12:00:00,2022-08-15 12:00:00,15,1,-0.572351,0.572351
Alpha,syn_E,2022-08-15,2022-08-15 14:00:00,2022-08-15 14:00:00,15,1,-0.68744,0.68744
Alpha,syn_E,2022-08-16,2022-08-16 10:30:00,2022-08-16 11:00:00,45,3,-0.317657,0.317657
Alpha,syn_E,2022-08-16,2022-08-16 11:30:00,2022-08-16 12:30:00,75,5,-0.727695,0.727695
Alpha,syn_E,2022-08-16,2022-08-16 13:30:00,2022-08-16 13:30:00,15,1,-0.113412,0.113412
Alpha,syn_E,2022-08-16,2022-08-16 14:00:00,2022-08-16 14:00:00,15,1,-0.260112,0.260112
Alpha,syn_E,2022-08-17,2022-08-17 10:45:00,2022-08-17 14:15:00,225,15,-1.19502,1.19502
Alpha,syn_E,2022-08-18,2022-08-18 11:45:00,2022-08-18 12:00:00,30,2,-0.487582,0.487582
Alpha,syn_E,2022-08-18,2022-08-18 13:00:00,2022-08-18 13:00:00,15,1,-0.680989,0.680989
Alpha,syn_E,2022-08-18,2022-08-18 14:15:00,2022-08-18 14:30:00,30,2,-0.325141,0.325141
Alpha,syn_E,2022-08-19,2022-08-19 11:15:00,2022-08-19 11:15:00,15,1,-0.233146,0.233146
Alpha,syn_E,2022-08-19,2022-08-19 11:45:00,2022-08-19 13:00:00,90,6,-1.237856,1.237856
Alpha,syn_E,2022-08-20,2022-08-20 11:00:00,2022-08-20 14:00:00,195,13,-0.85672,0.85672
Alpha,syn_E,2022-08-21,2022-08-21 10:45:00,2022-08-21 11:30:00,60,4,-0.449262,0.449262
Alpha,syn_E,2022-08-21,2022-08-21 12:15:00,2022-08-21 13:15:00,75,5,-1.046514,1.046514
Alpha,syn_E,2022-08-21,2022-08-21 14:30:00,2022-08-21 14:30:00,15,1,-0.047352,0.047352
Alpha,syn_E,2022-08-22,2022-08-22 10:30:00,2022-08-22 12:15:00,120,8,-0.917232,0.917232
Alpha,syn_E,2022-08-22,2022-08-22 14:15:00,2022-08-22 14:15:00,15,1,-0.047739,0.047739
Alpha,syn_E,2022-08-23,2022-08-23 10:15:00,2022-08-23 10:15:00,15,1,-0.07406,0.07406
Alpha,syn_E,2022-08-23,2022-08-23 11:00:00,2022-08-23 11:00:00,15,1,-0.184246,0.184246
Alpha,syn_E,2022-08-23,2022-08-23 12:30:00,2022-08-23 13:30:00,75,5,-1.180441,1.180441
Alpha,syn_E,2022-08-24,2022-08-24 10:30:00,2022-08-24 14:45:00,270,18,-1.300691,1.300691
Alpha,syn_E,2022-08-25,2022-08-25 10:30:00,2022-08-25 13:45:00,210,14,-1.353591,1.353591
Alpha,syn_E,2022-08-27,2022-08-27 11:45:00,2022-08-27 13:00:00,90,6,-0.763048,0.763048
Alpha,syn_E,2022-08-27,2022-08-27 14:15:00,2022-08-27 14:15:00,15,1,-0.01058,0.01058
Alpha,syn_E,2022-08-28,2022-08-28 11:30:00,2022-08-28 14:30:00,195,13,-1.028321,1.028321
Alpha,syn_E,2022-08-29,2022-08-29 11:30:00,2022-08-29 11:30:00,15,1,-0.063479,0.063479
Alpha,syn_E,2022-08-31,2022-08-31 10:00:00,2022-08-31 12:30:00,165,11,-1.111413,1.111413
Alpha,syn_E,2022-08-31,2022-08-31 13:00:00,2022-08-31 14:15:00,90,6,-1.056062,1.056062
Alpha,syn_E,2022-09-01,2022-09-01 10:45:00,2022-09-01 15:00:00,270,18,-1.588286,1.588286
Alpha,syn_E,2022-09-05,2022-09-05 10:15:00,2022-09-05 12:15:00,135,9,-0.770402,0.770402
Alpha,syn_E,2022-09-06,2022-09-06 10:00:00,2022-09-06 10:30:00,45,3,-0.183988,0.183988
Alpha,syn_E,2022-09-06,2022-09-06 13:45:00,2022-09-06 14:00:00,30,2,-0.256112,0.256112
Alpha,syn_E,2022-09-07,2022-09-07 10:30:00,2022-09-07 14:00:00,225,15,-1.302368,1.302368
Alpha,syn_E,2022-09-07,2022-09-07 15:00:00,2022-09-07 15:15:00,30,2,-0.230953,0.230953
Alpha,syn_E,2022-09-08,2022-09-08 09:45:00,2022-09-08 12:15:00,165,11,-1.394492,1.394492
Alpha,syn_E,2022-09-08,2022-09-08 14:15:00,2022-09-08 15:00:00,60,4,-0.828205,0.828205
Alpha,syn_E,2022-09-09,2022-09-09 11:45:00,2022-09-09 12:00:00,30,2,-0.514548,0.514548
Alpha,syn_E,2022-09-09,2022-09-09 12:45:00,2022-09-09 13:00:00,30,2,-1.082512,1.082512
Alpha,syn_E,2022-09-09,2022-09-09 13:45:00,2022-09-09 14:45:00,75,5,-0.368622,0.368622
Alpha,syn_E,2022-09-10,2022-09-10 11:30:00,2022-09-10 11:45:00,30,2,-1.029096,1.029096
Alpha,syn_E,2022-09-10,2022-09-10 12:45:00,2022-09-10 12:45:00,15,1,-0.071092,0.071092
Alpha,syn_E,2022-09-10,2022-09-10 13:45:00,2022-09-10 14:30:00,60,4,-0.680086,0.680086
Alpha,syn_E,2022-09-10,2022-09-10 15:00:00,2022-09-10 15:00:00,15,1,-0.026579,0.026579
Alpha,syn_E,2022-09-11,2022-09-11 09:45:00,2022-09-11 15:00:00,330,22,-1.79395,1.79395
Alpha,syn_E,2022-09-12,2022-09-12 09:30:00,2022-09-12 15:15:00,360,24,-2.188763,2.188763
Alpha,syn_E,2022-09-13,2022-09-13 09:30:00,2022-09-13 10:15:00,60,4,-0.595446,0.595446
Alpha,syn_E,2022-09-13,2022-09-13 11:00:00,2022-09-13 11:00:00,15,1,-0.231082,0.231082
Alpha,syn_E,2022-09-13,2022-09-13 14:15:00,2022-09-13 14:15:00,15,1,-1.11709,1.11709
Alpha,syn_E,2022-09-14,2022-09-14 09:30:00,2022-09-14 13:30:00,255,17,-1.297466,1.297466
Alpha,syn_E,2022-09-14,2022-09-14 14:00:00,2022-09-14 15:00:00,75,5,-0.859687,0.859687
Alpha,syn_E,2022-09-16,2022-09-16 09:45:00,2022-09-16 15:15:00,345,23,-2.114962,2.114962
Alpha,syn_E,2022-09-17,2022-09-17 09:45:00,2022-09-17 12:00:00,150,10,-1.67628,1.67628
Alpha,syn_E,2022-09-17,2022-09-17 12:30:00,2022-09-17 13:45:00,90,6,-1.531386,1.531386
Alpha,syn_E,2022-09-17,2022-09-17 14:15:00,2022-09-17 14:15:00,15,1,-0.861493,0.861493
Alpha,syn_E,2022-09-18,2022-09-18 10:15:00,2022-09-18 14:45:00,285,19,-1.400942,1.400942
Alpha,syn_E,2022-09-19,2022-09-19 10:15:00,2022-09-19 15:15:00,315,21,-2.205408,2.205408
Alpha,syn_E,2022-09-20,2022-09-20 09:15:00,2022-09-20 15:15:00,375,25,-1.688408,1.688408
Alpha,syn_E,2022-09-21,2022-09-21 10:45:00,2022-09-21 11:15:00,45,3,-0.727437,0.727437
Alpha,syn_E,2022-09-23,2022-09-23 13:30:00,2022-09-23 14:00:00,45,3,-0.995807,0.995807
Alpha,syn_E,2022-09-24,2022-09-24 12:45:00,2022-09-24 13:30:00,60,4,-0.882395,0.882395
Alpha,syn_E,2022-09-25,2022-09-25 09:45:00,2022-09-25 15:00:00,330,22,-1.910846,1.910846
Alpha,syn_E,2022-09-26,2022-09-26 10:15:00,2022-09-26 10:15:00,15,1,-0.392878,0.392878
Alpha,syn_E,2022-09-26,2022-09-26 13:00:00,2022-09-26 13:15:00,30,2,-0.955423,0.955423
Alpha,syn_E,2022-09-26,2022-09-26 14:15:00,2022-09-26 14:45:00,45,3,-0.802271,0.802271
Alpha,syn_E,2022-09-27,2022-09-27 10:30:00,2022-09-27 12:45:00,150,10,-1.535257,1.535257
Alpha,syn_E,2022-09-27,2022-09-27 14:30:00,2022-09-27 15:00:00,45,3,-0.863171,0.863171
Alpha,syn_E,2022-09-28,2022-09-28 09:15:00,2022-09-28 15:15:00,375,25,-2.511582,2.511582
Alpha,syn_E,2022-09-29,2022-09-29 09:45:00,2022-09-29 10:00:00,30,2,-0.241275,0.241275
Alpha,syn_E,2022-09-29,2022-09-29 10:30:00,2022-09-29 11:00:00,45,3,-0.649765,0.649765
Alpha,syn_E,2022-09-29,2022-09-29 12:00:00,2022-09-29 12:00:00,15,1,-0.956842,0.956842
Alpha,syn_E,2022-09-29,2022-09-29 13:00:00,2022-09-29 13:00:00,15,1,-1.521838,1.521838
Alpha,syn_E,2022-09-29,2022-09-29 13:30:00,2022-09-29 13:45:00,30,2,-0.626798,0.626798
Alpha,syn_E,2022-09-30,2022-09-30 11:00:00,2022-09-30 11:45:00,60,4,-0.692214,0.692214
Alpha,syn_E,2022-09-30,2022-09-30 12:15:00,2022-09-30 12:45:00,45,3,-1.647121,1.647121
Alpha,syn_E,2022-10-01,2022-10-01 10:30:00,2022-10-01 10:45:00,30,2,-0.520354,0.520354
Alpha,syn_E,2022-10-01,2022-10-01 11:45:00,2022-10-01 12:00:00,30,2,-0.864848,0.864848
Alpha,syn_E,2022-10-01,2022-10-01 12:30:00,2022-10-01 13:45:00,90,6,-1.670474,1.670474
Alpha,syn_E,2022-10-02,2022-10-02 10:00:00,2022-10-02 10:30:00,45,3,-0.842785,0.842785
Alpha,syn_E,2022-10-02,2022-10-02 12:00:00,2022-10-02 12:00:00,15,1,-0.454939,0.454939
Alpha,syn_E,2022-10-02,2022-10-02 12:30:00,2022-10-02 13:30:00,75,5,-1.051675,1.051675
Alpha,syn_E,2022-10-02,2022-10-02 14:15:00,2022-10-02 14:45:00,45,3,-0.710535,0.710535
Alpha,syn_E,2022-10-03,2022-10-03 09:15:00,2022-10-03 10:00:00,60,4,-0.760596,0.760596
Alpha,syn_E,2022-10-03,2022-10-03 11:00:00,2022-10-03 11:00:00,15,1,-0.029289,0.029289
Alpha,syn_E,2022-10-03,2022-10-03 11:30:00,2022-10-03 12:00:00,45,3,-0.657119,0.657119
Alpha,syn_E,2022-10-03,2022-10-03 12:30:00,2022-10-03 13:15:00,60,4,-0.707438,0.707438
Alpha,syn_E,2022-10-03,2022-10-03 13:45:00,2022-10-03 14:30:00,60,4,-1.136314,1.136314
Alpha,syn_E,2022-10-04,2022-10-04 09:00:00,2022-10-04 15:00:00,375,25,-2.410298,2.410298
Alpha,syn_E,2022-10-10,2022-10-10 09:45:00,2022-10-10 09:45:00,15,1,-0.330688,0.330688
Alpha,syn_E,2022-10-10,2022-10-10 10:45:00,2022-10-10 12:15:00,105,7,-1.408039,1.408039
Alpha,syn_E,2022-10-10,2022-10-10 13:00:00,2022-10-10 14:15:00,90,6,-1.019806,1.019806
Alpha,syn_E,2022-10-11,2022-10-11 10:00:00,2022-10-11 11:00:00,75,5,-1.116187,1.116187
Alpha,syn_E,2022-10-11,2022-10-11 11:30:00,2022-10-11 12:00:00,45,3,-1.667119,1.667119
Alpha,syn_E,2022-10-11,2022-10-11 12:30:00,2022-10-11 15:00:00,165,11,-2.09264,2.09264
Alpha,syn_E,2022-10-12,2022-10-12 09:45:00,2022-10-12 10:15:00,45,3,-0.3623,0.3623
Alpha,syn_E,2022-10-12,2022-10-12 10:45:00,2022-10-12 11:45:00,75,5,-1.237598,1.237598
Alpha,syn_E,2022-10-12,2022-10-12 12:15:00,2022-10-12 13:45:00,105,7,-1.152314,1.152314
Alpha,syn_E,2022-10-12,2022-10-12 15:00:00,2022-10-12 15:00:00,15,1,-0.199084,0.199084
Alpha,syn_E,2022-10-13,2022-10-13 09:45:00,2022-10-13 10:45:00,75,5,-0.928457,0.928457
Alpha,syn_E,2022-10-13,2022-10-13 11:30:00,2022-10-13 14:30:00,195,13,-2.252243,2.252243
Alpha,syn_E,2022-10-14,2022-10-14 11:00:00,2022-10-14 15:15:00,270,18,-2.558159,2.558159
Alpha,syn_E,2022-10-15,2022-10-15 08:45:00,2022-10-15 15:15:00,405,27,-1.840915,1.840915
Alpha,syn_E,2022-10-16,2022-10-16 08:45:00,2022-10-16 14:15:00,345,23,-2.313917,2.313917
Alpha,syn_E,2022-10-16,2022-10-16 14:45:00,2022-10-16 14:45:00,15,1,-0.783047,0.783047
Alpha,syn_E,2022-10-17,2022-10-17 12:15:00,2022-10-17 13:30:00,90,6,-1.327657,1.327657
Alpha,syn_E,2022-10-17,2022-10-17 14:15:00,2022-10-17 14:30:00,30,2,-1.365977,1.365977
Alpha,syn_E,2022-10-17,2022-10-17 15:00:00,2022-10-17 15:15:00,30,2,-0.114057,0.114057
Alpha,syn_E,2022-10-18,2022-10-18 10:15:00,2022-10-18 14:15:00,255,17,-1.732792,1.732792
Alpha,syn_E,2022-10-19,2022-10-19 10:45:00,2022-10-19 10:45:00,15,1,-0.762274,0.762274
Alpha,syn_E,2022-10-19,2022-10-19 11:45:00,2022-10-19 11:45:00,15,1,-0.073931,0.073931
Alpha,syn_E,2022-10-21,2022-10-21 12:00:00,2022-10-21 12:15:00,30,2,-0.612219,0.612219
Alpha,syn_E,2022-10-21,2022-10-21 12:45:00,2022-10-21 13:45:00,75,5,-1.57319,1.57319
Alpha,syn_E,2022-10-21,2022-10-21 14:15:00,2022-10-21 14:15:00,15,1,-0.004387,0.004387
Alpha,syn_E,2022-10-23,2022-10-23 11:30:00,2022-10-23 12:15:00,60,4,-0.678537,0.678537
Alpha,syn_E,2022-10-23,2022-10-23 12:45:00,2022-10-23 13:15:00,45,3,-0.532869,0.532869
Alpha,syn_E,2022-10-24,2022-10-24 12:15:00,2022-10-24 13:00:00,60,4,-1.787498,1.787498
Alpha,syn_E,2022-10-25,2022-10-25 10:00:00,2022-10-25 14:15:00,270,18,-1.936006,1.936006
Alpha,syn_E,2022-10-26,2022-10-26 08:15:00,2022-10-26 14:00:00,360,24,-2.329399,2.329399
Alpha,syn_E,2022-10-26,2022-10-26 14:45:00,2022-10-26 15:15:00,45,3,-0.636475,0.636475
Alpha,syn_E,2022-10-27,2022-10-27 08:30:00,2022-10-27 11:45:00,210,14,-2.218181,2.218181
Alpha,syn_E,2022-10-27,2022-10-27 12:15:00,2022-10-27 12:45:00,45,3,-1.584802,1.584802
Alpha,syn_E,2022-10-27,2022-10-27 13:15:00,2022-10-27 13:30:00,30,2,-0.5988,0.5988
Alpha,syn_E,2022-10-28,2022-10-28 08:15:00,2022-10-28 15:15:00,435,29,-2.975294,2.975294
Alpha,syn_E,2022-10-29,2022-10-29 08:30:00,2022-10-29 15:15:00,420,28,-2.768726,2.768726
Alpha,syn_E,2022-10-30,2022-10-30 08:15:00,2022-10-30 14:00:00,360,24,-2.469003,2.469003
Alpha,syn_E,2022-10-31,2022-10-31 09:15:00,2022-10-31 12:00:00,180,12,-2.189021,2.189021
Alpha,syn_E,2022-11-01,2022-11-01 09:00:00,2022-11-01 16:15:00,450,30,-3.013227,3.013227
Alpha,syn_E,2022-11-02,2022-11-02 09:45:00,2022-11-02 16:30:00,420,28,-2.375332,2.375332
Alpha,syn_E,2022-11-03,2022-11-03 09:15:00,2022-11-03 13:45:00,285,19,-3.165475,3.165475
Alpha,syn_E,2022-11-03,2022-11-03 15:45:00,2022-11-03 15:45:00,15,1,-0.144636,0.144636
Alpha,syn_E,2022-11-04,2022-11-04 11:00:00,2022-11-04 11:15:00,30,2,-0.636734,0.636734
Alpha,syn_E,2022-11-04,2022-11-04 12:15:00,2022-11-04 15:30:00,210,14,-2.081932,2.081932
Alpha,syn_E,2022-11-05,2022-11-05 09:30:00,2022-11-05 16:30:00,435,29,-2.254824,2.254824
Alpha,syn_E,2022-11-06,2022-11-06 09:30:00,2022-11-06 15:45:00,390,26,-2.259856,2.259856
Alpha,syn_E,2022-11-07,2022-11-07 10:00:00,2022-11-07 16:15:00,390,26,-2.398943,2.398943
Alpha,syn_E,2022-11-08,2022-11-08 09:15:00,2022-11-08 11:15:00,135,9,-1.263274,1.263274
Alpha,syn_E,2022-11-08,2022-11-08 11:45:00,2022-11-08 16:15:00,285,19,-1.729696,1.729696
Alpha,syn_E,2022-11-09,2022-11-09 09:15:00,2022-11-09 12:45:00,225,15,-1.698085,1.698085
Alpha,syn_E,2022-11-09,2022-11-09 13:15:00,2022-11-09 15:45:00,165,11,-2.227728,2.227728
Alpha,syn_E,2022-11-10,2022-11-10 09:00:00,2022-11-10 16:30:00,465,31,-2.369526,2.369526
Alpha,syn_E,2022-11-11,2022-11-11 09:15:00,2022-11-11 12:30:00,210,14,-1.969164,1.969164
Alpha,syn_E,2022-11-11,2022-11-11 13:00:00,2022-11-11 13:30:00,45,3,-2.550288,2.550288
Alpha,syn_E,2022-11-11,2022-11-11 14:15:00,2022-11-11 14:15:00,15,1,-0.370428,0.370428
Alpha,syn_E,2022-11-11,2022-11-11 14:45:00,2022-11-11 14:45:00,15,1,-0.069415,0.069415
Alpha,syn_E,2022-11-12,2022-11-12 09:30:00,2022-11-12 10:15:00,60,4,-0.406942,0.406942
Alpha,syn_E,2022-11-12,2022-11-12 10:45:00,2022-11-12 13:30:00,180,12,-1.556158,1.556158
Alpha,syn_E,2022-11-14,2022-11-14 09:30:00,2022-11-14 16:15:00,420,28,-2.504743,2.504743
Alpha,syn_E,2022-11-15,2022-11-15 09:00:00,2022-11-15 12:15:00,210,14,-1.905298,1.905298
Alpha,syn_E,2022-11-15,2022-11-15 13:00:00,2022-11-15 13:00:00,15,1,-0.149926,0.149926
Alpha,syn_E,2022-11-15,2022-11-15 13:45:00,2022-11-15 14:00:00,30,2,-1.762597,1.762597
Alpha,syn_E,2022-11-15,2022-11-15 14:45:00,2022-11-15 16:00:00,90,6,-0.92149,0.92149
Alpha,syn_E,2022-11-16,2022-11-16 09:15:00,2022-11-16 09:45:00,45,3,-0.786659,0.786659
Alpha,syn_E,2022-11-16,2022-11-16 10:15:00,2022-11-16 14:00:00,240,16,-2.879171,2.879171
Alpha,syn_E,2022-11-16,2022-11-16 14:30:00,2022-11-16 15:00:00,45,3,-1.30869,1.30869
Alpha,syn_E,2022-11-17,2022-11-17 09:15:00,2022-11-17 15:30:00,390,26,-1.889557,1.889557
Alpha,syn_E,2022-11-17,2022-11-17 16:15:00,2022-11-17 16:30:00,30,2,-0.893104,0.893104
Alpha,syn_E,2022-11-18,2022-11-18 09:00:00,2022-11-18 16:30:00,465,31,-2.051998,2.051998
Alpha,syn_E,2022-11-19,2022-11-19 09:15:00,2022-11-19 15:45:00,405,27,-1.84672,1.84672
Alpha,syn_E,2022-11-20,2022-11-20 09:45:00,2022-11-20 15:30:00,360,24,-1.52287,1.52287
Alpha,syn_E,2022-11-21,2022-11-21 09:15:00,2022-11-21 16:00:00,420,28,-2.114058,2.114058
Alpha,syn_E,2022-11-22,2022-11-22 09:00:00,2022-11-22 16:45:00,480,32,-2.383073,2.383073
Alpha,syn_E,2022-11-23,2022-11-23 09:00:00,2022-11-23 15:45:00,420,28,-2.271339,2.271339
Alpha,syn_E,2022-11-24,2022-11-24 09:15:00,2022-11-24 15:30:00,390,26,-1.785434,1.785434
Alpha,syn_E,2022-11-25,2022-11-25 10:30:00,2022-11-25 13:30:00,195,13,-1.457584,1.457584
Alpha,syn_E,2022-11-25,2022-11-25 14:00:00,2022-11-25 15:30:00,105,7,-0.727696,0.727696
Alpha,syn_E,2022-11-26,2022-11-26 11:30:00,2022-11-26 16:00:00,285,19,-1.480421,1.480421
Alpha,syn_E,2022-11-27,2022-11-27 10:30:00,2022-11-27 10:45:00,30,2,-0.749758,0.749758
Alpha,syn_E,2022-11-27,2022-11-27 11:45:00,2022-11-27 13:00:00,90,6,-0.931682,0.931682
Alpha,syn_E,2022-11-27,2022-11-27 13:45:00,2022-11-27 13:45:00,15,1,-0.246307,0.246307
Alpha,syn_E,2022-11-27,2022-11-27 14:45:00,2022-11-27 14:45:00,15,1,-0.129153,0.129153
Alpha,syn_E,2022-11-28,2022-11-28 10:45:00,2022-11-28 13:00:00,150,10,-0.743049,0.743049
Alpha,syn_E,2022-11-28,2022-11-28 13:45:00,2022-11-28 13:45:00,15,1,-0.180504,0.180504
Alpha,syn_E,2022-11-28,2022-11-28 14:15:00,2022-11-28 15:45:00,105,7,-0.930134,0.930134
Alpha,syn_E,2022-11-29,2022-11-29 09:15:00,2022-11-29 13:30:00,270,18,-1.420425,1.420425
Alpha,syn_E,2022-11-29,2022-11-29 14:00:00,2022-11-29 16:15:00,150,10,-1.305078,1.305078
Alpha,syn_E,2022-11-30,2022-11-30 09:45:00,2022-11-30 10:00:00,30,2,-0.331721,0.331721
Alpha,syn_E,2022-11-30,2022-11-30 10:45:00,2022-11-30 12:00:00,90,6,-0.716599,0.716599
Alpha,syn_E,2022-11-30,2022-11-30 12:45:00,2022-11-30 12:45:00,15,1,-0.222308,0.222308
Alpha,syn_E,2022-11-30,2022-11-30 13:45:00,2022-11-30 16:15:00,165,11,-1.043804,1.043804
Alpha,syn_E,2022-12-01,2022-12-01 12:45:00,2022-12-01 12:45:00,15,1,-0.087349,0.087349
Alpha,syn_E,2022-12-02,2022-12-02 09:30:00,2022-12-02 10:00:00,45,3,-0.213793,0.213793
Alpha,syn_E,2022-12-02,2022-12-02 14:00:00,2022-12-02 14:00:00,15,1,-0.007225,0.007225
Alpha,syn_E,2022-12-02,2022-12-02 14:30:00,2022-12-02 14:30:00,15,1,-0.218308,0.218308
Alpha,syn_E,2022-12-02,2022-12-02 15:45:00,2022-12-02 15:45:00,15,1,-0.172118,0.172118
Alpha,syn_E,2022-12-03,2022-12-03 11:00:00,2022-12-03 16:30:00,345,23,-2.369139,2.369139
Alpha,syn_E,2022-12-04,2022-12-04 09:15:00,2022-12-04 09:45:00,45,3,-0.215728,0.215728
Alpha,syn_E,2022-12-04,2022-12-04 10:30:00,2022-12-04 10:30:00,15,1,-0.61596,0.61596
Alpha,syn_E,2022-12-04,2022-12-04 11:00:00,2022-12-04 12:15:00,90,6,-0.694794,0.694794
Alpha,syn_E,2022-12-04,2022-12-04 14:00:00,2022-12-04 14:15:00,30,2,-1.442618,1.442618
Alpha,syn_E,2022-12-05,2022-12-05 09:15:00,2022-12-05 14:00:00,300,20,-1.964519,1.964519
Alpha,syn_E,2022-12-05,2022-12-05 14:45:00,2022-12-05 14:45:00,15,1,-0.105154,0.105154
Alpha,syn_E,2022-12-06,2022-12-06 10:00:00,2022-12-06 10:00:00,15,1,-0.405652,0.405652
Alpha,syn_E,2022-12-06,2022-12-06 11:00:00,2022-12-06 11:00:00,15,1,-0.137282,0.137282
Alpha,syn_E,2022-12-06,2022-12-06 11:30:00,2022-12-06 15:30:00,255,17,-1.734728,1.734728
Alpha,syn_E,2022-12-07,2022-12-07 10:30:00,2022-12-07 11:15:00,60,4,-2.066836,2.066836
Alpha,syn_E,2022-12-07,2022-12-07 11:45:00,2022-12-07 11:45:00,15,1,-0.018063,0.018063
Alpha,syn_E,2022-12-08,2022-12-08 09:15:00,2022-12-08 09:15:00,15,1,-0.135475,0.135475
Alpha,syn_E,2022-12-08,2022-12-08 09:45:00,2022-12-08 09:45:00,15,1,-0.494936,0.494936
Alpha,syn_E,2022-12-08,2022-12-08 10:30:00,2022-12-08 10:30:00,15,1,-0.263596,0.263596
Alpha,syn_E,2022-12-08,2022-12-08 11:15:00,2022-12-08 16:30:00,330,22,-2.333916,2.333916
Alpha,syn_E,2022-12-09,2022-12-09 09:30:00,2022-12-09 16:15:00,420,28,-2.599705,2.599705
Alpha,syn_E,2022-12-10,2022-12-10 13:30:00,2022-12-10 13:45:00,30,2,-0.654926,0.654926
Alpha,syn_E,2022-12-10,2022-12-10 14:45:00,2022-12-10 15:15:00,45,3,-0.900588,0.900588
Alpha,syn_E,2022-12-11,2022-12-11 09:30:00,2022-12-11 14:45:00,330,22,-1.730083,1.730083
Alpha,syn_E,2022-12-12,2022-12-12 11:15:00,2022-12-12 11:30:00,30,2,-1.692924,1.692924
Alpha,syn_E,2022-12-12,2022-12-12 15:15:00,2022-12-12 16:15:00,75,5,-0.751952,0.751952
Alpha,syn_E,2022-12-13,2022-12-13 09:00:00,2022-12-13 16:15:00,450,30,-2.78808,2.78808
Alpha,syn_E,2022-12-14,2022-12-14 09:00:00,2022-12-14 10:45:00,120,8,-1.49255,1.49255
Alpha,syn_E,2022-12-14,2022-12-14 12:00:00,2022-12-14 16:30:00,285,19,-2.488744,2.488744
Alpha,syn_E,2022-12-15,2022-12-15 09:00:00,2022-12-15 14:30:00,345,23,-2.581125,2.581125
Alpha,syn_E,2022-12-15,2022-12-15 15:00:00,2022-12-15 15:00:00,15,1,-0.343849,0.343849
Alpha,syn_E,2022-12-15,2022-12-15 15:30:00,2022-12-15 15:30:00,15,1,-0.079995,0.079995
Alpha,syn_E,2022-12-16,2022-12-16 11:30:00,2022-12-16 11:30:00,15,1,-0.09393,0.09393
Alpha,syn_E,2022-12-16,2022-12-16 12:30:00,2022-12-16 15:00:00,165,11,-2.922007,2.922007
Alpha,syn_E,2022-12-16,2022-12-16 15:30:00,2022-12-16 15:30:00,15,1,-1.078641,1.078641
Alpha,syn_E,2022-12-16,2022-12-16 16:00:00,2022-12-16 16:45:00,60,4,-1.132831,1.132831
Alpha,syn_E,2022-12-18,2022-12-18 10:45:00,2022-12-18 10:45:00,15,1,-0.073802,0.073802
Alpha,syn_E,2022-12-18,2022-12-18 13:15:00,2022-12-18 13:45:00,45,3,-0.493646,0.493646
Alpha,syn_E,2022-12-18,2022-12-18 15:00:00,2022-12-18 15:00:00,15,1,-0.321399,0.321399
Alpha,syn_E,2022-12-19,2022-12-19 09:30:00,2022-12-19 09:30:00,15,1,-0.022321,0.022321
Alpha,syn_E,2022-12-19,2022-12-19 10:15:00,2022-12-19 10:45:00,45,3,-0.487969,0.487969
Alpha,syn_E,2022-12-19,2022-12-19 11:30:00,2022-12-19 11:30:00,15,1,-0.167344,0.167344
Alpha,syn_E,2022-12-19,2022-12-19 12:00:00,2022-12-19 12:45:00,60,4,-1.177344,1.177344
Alpha,syn_E,2022-12-19,2022-12-19 13:30:00,2022-12-19 13:30:00,15,1,-0.234179,0.234179
Alpha,syn_E,2022-12-19,2022-12-19 14:15:00,2022-12-19 14:45:00,45,3,-0.81698,0.81698
Alpha,syn_E,2022-12-19,2022-12-19 15:15:00,2022-12-19 15:15:00,15,1,-0.712858,0.712858
Alpha,syn_E,2022-12-19,2022-12-19 15:45:00,2022-12-19 16:30:00,60,4,-0.471066,0.471066
Alpha,syn_E,2022-12-20,2022-12-20 11:00:00,2022-12-20 14:00:00,195,13,-2.011613,2.011613
Alpha,syn_E,2022-12-20,2022-12-20 14:45:00,2022-12-20 14:45:00,15,1,-0.986646,0.986646
Alpha,syn_E,2022-12-21,2022-12-21 11:15:00,2022-12-21 16:45:00,345,23,-2.396492,2.396492
Alpha,syn_E,2022-12-22,2022-12-22 09:15:00,2022-12-22 10:15:00,75,5,-0.813754,0.813754
Alpha,syn_E,2022-12-22,2022-12-22 11:30:00,2022-12-22 13:45:00,150,10,-1.807497,1.807497
Alpha,syn_E,2022-12-23,2022-12-23 11:00:00,2022-12-23 12:15:00,90,6,-1.060319,1.060319
Alpha,syn_E,2022-12-23,2022-12-23 14:30:00,2022-12-23 14:30:00,15,1,-0.479711,0.479711
Alpha,syn_E,2022-12-24,2022-12-24 10:30:00,2022-12-24 12:00:00,105,7,-0.27366,0.27366
Alpha,syn_E,2022-12-27,2022-12-27 10:45:00,2022-12-27 11:00:00,30,2,-0.082059,0.082059
Alpha,syn_E,2022-12-28,2022-12-28 10:00:00,2022-12-28 13:15:00,210,14,-1.001742,1.001742
Alpha,syn_E,2022-12-30,2022-12-30 10:30:00,2022-12-30 10:45:00,30,2,-0.327592,0.327592
Alpha,syn_E,2022-12-30,2022-12-30 12:45:00,2022-12-30 13:15:00,45,3,-0.529644,0.529644
Alpha,syn_E,2022-12-30,2022-12-30 14:15:00,2022-12-30 14:45:00,45,3,-0.245403,0.245403
Alpha,syn_E,2023-01-02,2023-01-02 10:15:00,2023-01-02 11:00:00,60,4,-0.376363,0.376363
Alpha,syn_E,2023-01-02,2023-01-02 11:30:00,2023-01-02 11:30:00,15,1,-0.057674,0.057674
Alpha,syn_E,2023-01-05,2023-01-05 14:15:00,2023-01-05 14:30:00,30,2,-0.120508,0.120508
Alpha,syn_E,2023-01-05,2023-01-05 16:00:00,2023-01-05 16:00:00,15,1,-0.514806,0.514806
Alpha,syn_E,2023-01-06,2023-01-06 11:30:00,2023-01-06 11:45:00,30,2,-0.671441,0.671441
Alpha,syn_E,2023-01-06,2023-01-06 14:00:00,2023-01-06 14:45:00,60,4,-1.363268,1.363268
Alpha,syn_E,2023-01-06,2023-01-06 16:00:00,2023-01-06 16:00:00,15,1,-0.253016,0.253016
Alpha,syn_E,2023-01-08,2023-01-08 12:30:00,2023-01-08 15:30:00,195,13,-0.903555,0.903555
Alpha,syn_E,2023-01-09,2023-01-09 09:30:00,2023-01-09 14:45:00,330,22,-1.800272,1.800272
Alpha,syn_E,2023-01-10,2023-01-10 10:30:00,2023-01-10 10:30:00,15,1,-0.103219,0.103219
Alpha,syn_E,2023-01-10,2023-01-10 11:30:00,2023-01-10 15:00:00,225,15,-1.140443,1.140443
Alpha,syn_E,2023-01-11,2023-01-11 12:15:00,2023-01-11 12:45:00,45,3,-0.584737,0.584737
Alpha,syn_E,2023-01-12,2023-01-12 10:30:00,2023-01-12 14:00:00,225,15,-0.90562,0.90562
Alpha,syn_E,2023-01-14,2023-01-14 10:45:00,2023-01-14 11:00:00,30,2,-0.169666,0.169666
Alpha,syn_E,2023-01-15,2023-01-15 11:00:00,2023-01-15 11:15:00,30,2,-0.053803,0.053803
Alpha,syn_E,2023-01-18,2023-01-18 10:45:00,2023-01-18 11:15:00,45,3,-0.08064,0.08064
Alpha,syn_E,2023-01-20,2023-01-20 11:00:00,2023-01-20 11:00:00,15,1,-1.242243,1.242243
Alpha,syn_E,2023-01-21,2023-01-21 10:30:00,2023-01-21 11:15:00,60,4,-0.587188,0.587188
Alpha,syn_E,2023-01-21,2023-01-21 11:45:00,2023-01-21 15:00:00,210,14,-1.869429,1.869429
Alpha,syn_E,2023-01-23,2023-01-23 11:45:00,2023-01-23 12:30:00,60,4,-0.521644,0.521644
Alpha,syn_E,2023-01-23,2023-01-23 13:45:00,2023-01-23 13:45:00,15,1,-0.503064,0.503064
Alpha,syn_E,2023-01-24,2023-01-24 10:30:00,2023-01-24 11:00:00,45,3,-0.315851,0.315851
Alpha,syn_E,2023-01-24,2023-01-24 13:15:00,2023-01-24 13:30:00,30,2,-0.245662,0.245662
Alpha,syn_E,2023-02-01,2023-02-01 10:45:00,2023-02-01 11:00:00,30,2,-0.279079,0.279079
Alpha,syn_E,2023-02-03,2023-02-03 10:45:00,2023-02-03 12:45:00,135,9,-0.640733,0.640733
Alpha,syn_E,2023-02-04,2023-02-04 10:00:00,2023-02-04 16:00:00,375,25,-2.14812,2.14812
Alpha,syn_E,2023-02-05,2023-02-05 09:45:00,2023-02-05 14:30:00,300,20,-1.299659,1.299659
Alpha,syn_E,2023-02-06,2023-02-06 10:30:00,2023-02-06 12:15:00,120,8,-0.442939,0.442939
Alpha,syn_E,2023-02-10,2023-02-10 10:45:00,2023-02-10 13:00:00,150,10,-0.654152,0.654152
Alpha,syn_E,2023-02-13,2023-02-13 12:00:00,2023-02-13 12:00:00,15,1,-0.062577,0.062577
Alpha,syn_E,2023-02-13,2023-02-13 13:45:00,2023-02-13 13:45:00,15,1,-0.370041,0.370041
Alpha,syn_E,2023-02-14,2023-02-14 14:45:00,2023-02-14 15:00:00,30,2,-0.571705,0.571705
Alpha,syn_E,2023-02-15,2023-02-15 10:30:00,2023-02-15 11:15:00,60,4,-0.307851,0.307851
Alpha,syn_E,2023-02-15,2023-02-15 12:15:00,2023-02-15 12:45:00,45,3,-0.817754,0.817754
Alpha,syn_E,2023-02-15,2023-02-15 13:15:00,2023-02-15 13:15:00,15,1,-0.267854,0.267854
Alpha,syn_E,2023-02-15,2023-02-15 13:45:00,2023-02-15 14:30:00,60,4,-0.718406,0.718406
Alpha,syn_E,2023-02-16,2023-02-16 10:00:00,2023-02-16 14:00:00,255,17,-1.07606,1.07606
Alpha,syn_E,2023-02-20,2023-02-20 12:45:00,2023-02-20 13:30:00,60,4,-0.708729,0.708729
Alpha,syn_E,2023-02-21,2023-02-21 11:45:00,2023-02-21 12:30:00,60,4,-0.250694,0.250694
Alpha,syn_E,2023-02-23,2023-02-23 10:45:00,2023-02-23 11:00:00,30,2,-0.568093,0.568093
Alpha,syn_E,2023-02-23,2023-02-23 12:00:00,2023-02-23 12:00:00,15,1,-0.343591,0.343591
Alpha,syn_E,2023-02-23,2023-02-23 14:45:00,2023-02-23 15:00:00,30,2,-0.567061,0.567061
Alpha,syn_E,2023-02-24,2023-02-24 09:45:00,2023-02-24 11:00:00,90,6,-0.704213,0.704213
Alpha,syn_E,2023-02-24,2023-02-24 11:30:00,2023-02-24 15:45:00,270,18,-1.079028,1.079028
Alpha,syn_E,2023-02-25,2023-02-25 10:00:00,2023-02-25 11:30:00,105,7,-0.682924,0.682924
Alpha,syn_E,2023-02-25,2023-02-25 12:00:00,2023-02-25 14:30:00,165,11,-1.546482,1.546482
Alpha,syn_E,2023-02-25,2023-02-25 15:30:00,2023-02-25 15:30:00,15,1,-0.004774,0.004774
Alpha,syn_E,2023-02-26,2023-02-26 10:15:00,2023-02-26 13:15:00,195,13,-1.408168,1.408168
Alpha,syn_E,2023-02-27,2023-02-27 11:15:00,2023-02-27 11:30:00,30,2,-0.136636,0.136636
Alpha,syn_E,2023-02-28,2023-02-28 13:30:00,2023-02-28 14:00:00,45,3,-0.171344,0.171344
Alpha,syn_E,2023-03-01,2023-03-01 10:30:00,2023-03-01 11:45:00,90,6,-0.639701,0.639701
Alpha,syn_E,2023-03-01,2023-03-01 12:15:00,2023-03-01 12:30:00,30,2,-0.29869,0.29869
Alpha,syn_E,2023-03-02,2023-03-02 11:00:00,2023-03-02 12:30:00,105,7,-0.644604,0.644604
Alpha,syn_E,2023-03-03,2023-03-03 12:00:00,2023-03-03 12:00:00,15,1,-0.269273,0.269273
Alpha,syn_E,2023-03-03,2023-03-03 12:30:00,2023-03-03 12:30:00,15,1,-0.055997,0.055997
Alpha,syn_E,2023-03-03,2023-03-03 13:15:00,2023-03-03 13:45:00,45,3,-0.354042,0.354042
Alpha,syn_E,2023-03-04,2023-03-04 12:45:00,2023-03-04 15:00:00,150,10,-1.349849,1.349849
Alpha,syn_E,2023-03-05,2023-03-05 10:30:00,2023-03-05 14:00:00,225,15,-1.05632,1.05632
Alpha,syn_E,2023-03-08,2023-03-08 10:30:00,2023-03-08 11:45:00,90,6,-0.768854,0.768854
Alpha,syn_E,2023-03-08,2023-03-08 12:15:00,2023-03-08 12:15:00,15,1,-0.048126,0.048126
Alpha,syn_E,2023-03-08,2023-03-08 13:15:00,2023-03-08 13:45:00,45,3,-0.570673,0.570673
Alpha,syn_E,2023-03-09,2023-03-09 10:00:00,2023-03-09 15:15:00,330,22,-1.85743,1.85743
Alpha,syn_E,2023-03-10,2023-03-10 10:15:00,2023-03-10 12:45:00,165,11,-0.658926,0.658926
Alpha,syn_E,2023-03-10,2023-03-10 13:15:00,2023-03-10 13:30:00,30,2,-0.471325,0.471325
Alpha,syn_E,2023-03-10,2023-03-10 14:15:00,2023-03-10 14:15:00,15,1,-0.010838,0.010838
Alpha,syn_E,2023-03-11,2023-03-11 10:30:00,2023-03-11 10:30:00,15,1,-0.042707,0.042707
Alpha,syn_E,2023-03-11,2023-03-11 11:15:00,2023-03-11 11:15:00,15,1,-0.177537,0.177537
Alpha,syn_E,2023-03-15,2023-03-15 12:15:00,2023-03-15 14:45:00,165,11,-1.241469,1.241469
Alpha,syn_E,2023-03-16,2023-03-16 11:15:00,2023-03-16 11:45:00,45,3,-0.114186,0.114186
Alpha,syn_E,2023-03-22,2023-03-22 10:30:00,2023-03-22 13:15:00,180,12,-0.732469,0.732469
Alpha,syn_E,2023-03-22,2023-03-22 13:45:00,2023-03-22 14:00:00,30,2,-0.225792,0.225792
Alpha,syn_E,2023-03-22,2023-03-22 15:00:00,2023-03-22 15:00:00,15,1,-0.08993,0.08993
Alpha,syn_E,2023-03-23,2023-03-23 11:00:00,2023-03-23 11:45:00,60,4,-1.030257,1.030257
Alpha,syn_E,2023-03-23,2023-03-23 12:45:00,2023-03-23 13:00:00,30,2,-0.624864,0.624864
Alpha,syn_E,2023-03-24,2023-03-24 11:45:00,2023-03-24 11:45:00,15,1,-0.221405,0.221405
Alpha,syn_E,2023-03-24,2023-03-24 12:45:00,2023-03-24 12:45:00,15,1,-0.131992,0.131992
Alpha,syn_E,2023-03-29,2023-03-29 11:30:00,2023-03-29 13:00:00,105,7,-1.848914,1.848914
Alpha,syn_E,2023-03-29,2023-03-29 15:15:00,2023-03-29 15:15:00,15,1,-0.670022,0.670022
Alpha,syn_E,2023-03-30,2023-03-30 10:00:00,2023-03-30 12:15:00,150,10,-1.743501,1.743501
Alpha,syn_E,2023-03-30,2023-03-30 12:45:00,2023-03-30 13:00:00,30,2,-1.376299,1.376299
Alpha,syn_E,2023-03-30,2023-03-30 13:30:00,2023-03-30 15:45:00,150,10,-2.310304,2.310304
Alpha,syn_E,2023-03-31,2023-03-31 10:00:00,2023-03-31 16:15:00,390,26,-2.960456,2.960456
Alpha,syn_E,2023-04-01,2023-04-01 09:15:00,2023-04-01 12:00:00,180,12,-2.265016,2.265016
Alpha,syn_E,2023-04-01,2023-04-01 12:30:00,2023-04-01 13:30:00,75,5,-1.224051,1.224051
Alpha,syn_E,2023-04-01,2023-04-01 15:00:00,2023-04-01 15:00:00,15,1,-0.183859,0.183859
Alpha,syn_E,2023-04-02,2023-04-02 10:15:00,2023-04-02 14:15:00,255,17,-1.834076,1.834076
Alpha,syn_E,2023-04-03,2023-04-03 09:30:00,2023-04-03 09:30:00,15,1,-0.204245,0.204245
Alpha,syn_E,2023-04-03,2023-04-03 10:30:00,2023-04-03 11:00:00,45,3,-0.665764,0.665764
Alpha,syn_E,2023-04-03,2023-04-03 11:30:00,2023-04-03 12:45:00,90,6,-1.39333,1.39333
Alpha,syn_E,2023-04-03,2023-04-03 13:45:00,2023-04-03 13:45:00,15,1,-0.100122,0.100122
Alpha,syn_E,2023-04-04,2023-04-04 10:30:00,2023-04-04 10:30:00,15,1,-0.190568,0.190568
Alpha,syn_E,2023-04-04,2023-04-04 11:15:00,2023-04-04 15:00:00,240,16,-1.682086,1.682086
Alpha,syn_E,2023-04-05,2023-04-05 09:30:00,2023-04-05 09:30:00,15,1,-0.131734,0.131734
Alpha,syn_E,2023-04-05,2023-04-05 11:45:00,2023-04-05 12:15:00,45,3,-0.835689,0.835689
Alpha,syn_E,2023-04-05,2023-04-05 12:45:00,2023-04-05 13:45:00,75,5,-1.52958,1.52958
Alpha,syn_E,2023-04-06,2023-04-06 10:15:00,2023-04-06 10:45:00,45,3,-0.72047,0.72047
Alpha,syn_E,2023-04-06,2023-04-06 11:15:00,2023-04-06 11:15:00,15,1,-0.395588,0.395588
Alpha,syn_E,2023-04-06,2023-04-06 13:00:00,2023-04-06 13:30:00,45,3,-1.594608,1.594608
Alpha,syn_E,2023-04-06,2023-04-06 14:00:00,2023-04-06 14:30:00,45,3,-0.590414,0.590414
Alpha,syn_E,2023-04-07,2023-04-07 13:00:00,2023-04-07 13:00:00,15,1,-0.449132,0.449132
Alpha,syn_E,2023-04-07,2023-04-07 13:45:00,2023-04-07 15:15:00,105,7,-1.786724,1.786724
Alpha,syn_E,2023-04-08,2023-04-08 09:30:00,2023-04-08 13:30:00,255,17,-2.501388,2.501388
Alpha,syn_E,2023-04-08,2023-04-08 14:00:00,2023-04-08 14:30:00,45,3,-0.609638,0.609638
Alpha,syn_E,2023-04-09,2023-04-09 09:15:00,2023-04-09 15:15:00,375,25,-2.672861,2.672861
Alpha,syn_E,2023-04-10,2023-04-10 09:15:00,2023-04-10 14:45:00,345,23,-1.833818,1.833818
Alpha,syn_E,2023-04-11,2023-04-11 09:15:00,2023-04-11 15:15:00,375,25,-2.842141,2.842141
Alpha,syn_E,2023-04-12,2023-04-12 09:15:00,2023-04-12 09:45:00,45,3,-0.282821,0.282821
Alpha,syn_E,2023-04-12,2023-04-12 10:45:00,2023-04-12 10:45:00,15,1,-1.736534,1.736534
Alpha,syn_E,2023-04-12,2023-04-12 14:30:00,2023-04-12 14:30:00,15,1,-0.76008,0.76008
Alpha,syn_E,2023-04-12,2023-04-12 15:00:00,2023-04-12 15:15:00,30,2,-0.372234,0.372234
Alpha,syn_E,2023-04-13,2023-04-13 10:00:00,2023-04-13 11:30:00,105,7,-1.653958,1.653958
Alpha,syn_E,2023-04-13,2023-04-13 12:30:00,2023-04-13 12:45:00,30,2,-0.920199,0.920199
Alpha,syn_E,2023-04-13,2023-04-13 14:45:00,2023-04-13 15:15:00,45,3,-0.696085,0.696085
Alpha,syn_E,2023-04-14,2023-04-14 10:15:00,2023-04-14 10:30:00,30,2,-1.052707,1.052707
Alpha,syn_E,2023-04-14,2023-04-14 11:45:00,2023-04-14 12:45:00,75,5,-1.596156,1.596156
Alpha,syn_E,2023-04-14,2023-04-14 14:00:00,2023-04-14 14:00:00,15,1,-0.069028,0.069028
Alpha,syn_E,2023-04-14,2023-04-14 14:30:00,2023-04-14 14:30:00,15,1,-0.294562,0.294562
Alpha,syn_E,2023-04-15,2023-04-15 09:30:00,2023-04-15 15:00:00,345,23,-2.295982,2.295982
Alpha,syn_E,2023-04-16,2023-04-16 11:00:00,2023-04-16 11:15:00,30,2,-0.210309,0.210309
Alpha,syn_E,2023-04-16,2023-04-16 12:00:00,2023-04-16 12:00:00,15,1,-0.620734,0.620734
Alpha,syn_E,2023-04-16,2023-04-16 12:30:00,2023-04-16 12:30:00,15,1,-0.556481,0.556481
Alpha,syn_E,2023-04-17,2023-04-17 09:45:00,2023-04-17 11:45:00,135,9,-1.642605,1.642605
Alpha,syn_E,2023-04-17,2023-04-17 13:45:00,2023-04-17 14:45:00,75,5,-1.122251,1.122251
Alpha,syn_E,2023-04-18,2023-04-18 09:30:00,2023-04-18 11:00:00,105,7,-1.600801,1.600801
Alpha,syn_E,2023-04-18,2023-04-18 11:30:00,2023-04-18 11:45:00,30,2,-0.398168,0.398168
Alpha,syn_E,2023-04-18,2023-04-18 12:30:00,2023-04-18 13:30:00,75,5,-1.30353,1.30353
Alpha,syn_E,2023-04-18,2023-04-18 14:45:00,2023-04-18 15:00:00,30,2,-0.263983,0.263983
Alpha,syn_E,2023-04-19,2023-04-19 09:30:00,2023-04-19 14:45:00,330,22,-2.032257,2.032257
Alpha,syn_E,2023-04-21,2023-04-21 09:45:00,2023-04-21 10:45:00,75,5,-1.044836,1.044836
Alpha,syn_E,2023-04-21,2023-04-21 12:15:00,2023-04-21 12:45:00,45,3,-0.675441,0.675441
Alpha,syn_E,2023-04-21,2023-04-21 14:45:00,2023-04-21 15:00:00,30,2,-0.111864,0.111864
Alpha,syn_E,2023-04-23,2023-04-23 10:15:00,2023-04-23 10:30:00,30,2,-0.369008,0.369008
Alpha,syn_E,2023-04-23,2023-04-23 11:15:00,2023-04-23 11:15:00,15,1,-0.218824,0.218824
Alpha,syn_E,2023-04-23,2023-04-23 13:00:00,2023-04-23 13:00:00,15,1,-0.272628,0.272628
Alpha,syn_E,2023-04-24,2023-04-24 09:30:00,2023-04-24 09:45:00,30,2,-0.328753,0.328753
Alpha,syn_E,2023-04-24,2023-04-24 11:45:00,2023-04-24 11:45:00,15,1,-0.3543,0.3543
Alpha,syn_E,2023-04-24,2023-04-24 13:15:00,2023-04-24 13:45:00,45,3,-0.854526,0.854526
Alpha,syn_E,2023-04-25,2023-04-25 09:45:00,2023-04-25 14:45:00,315,21,-1.710858,1.710858
Alpha,syn_E,2023-04-26,2023-04-26 09:15:00,2023-04-26 13:00:00,240,16,-2.110962,2.110962
Alpha,syn_E,2023-04-26,2023-04-26 13:45:00,2023-04-26 13:45:00,15,1,-0.693891,0.693891
Alpha,syn_E,2023-04-26,2023-04-26 14:30:00,2023-04-26 14:30:00,15,1,-0.676086,0.676086
Alpha,syn_E,2023-04-27,2023-04-27 09:45:00,2023-04-27 14:45:00,315,21,-2.186054,2.186054
Alpha,syn_E,2023-04-28,2023-04-28 09:30:00,2023-04-28 14:45:00,330,22,-2.033418,2.033418
Alpha,syn_E,2023-04-29,2023-04-29 12:00:00,2023-04-29 12:15:00,30,2,-0.9651,0.9651
Alpha,syn_E,2023-04-29,2023-04-29 13:15:00,2023-04-29 13:15:00,15,1,-0.945617,0.945617
Alpha,syn_E,2023-04-30,2023-04-30 11:00:00,2023-04-30 13:15:00,150,10,-1.844786,1.844786
Alpha,syn_E,2023-04-30,2023-04-30 14:00:00,2023-04-30 14:45:00,60,4,-0.800723,0.800723
Alpha,syn_E,2023-05-01,2023-05-01 09:30:00,2023-05-01 14:15:00,300,20,-2.512097,2.512097
Alpha,syn_E,2023-05-02,2023-05-02 09:30:00,2023-05-02 14:30:00,315,21,-2.952198,2.952198
Alpha,syn_E,2023-05-03,2023-05-03 09:30:00,2023-05-03 15:00:00,345,23,-2.320497,2.320497
Alpha,syn_E,2023-05-04,2023-05-04 09:30:00,2023-05-04 15:00:00,345,23,-2.340754,2.340754
Alpha,syn_E,2023-05-05,2023-05-05 09:45:00,2023-05-05 15:00:00,330,22,-2.63738,2.63738
Alpha,syn_E,2023-05-06,2023-05-06 10:00:00,2023-05-06 14:45:00,300,20,-1.910716,1.910716
Alpha,syn_E,2023-05-07,2023-05-07 12:30:00,2023-05-07 12:30:00,15,1,-0.488098,0.488098
Alpha,syn_E,2023-05-07,2023-05-07 13:30:00,2023-05-07 13:30:00,15,1,-0.099606,0.099606
Alpha,syn_E,2023-05-08,2023-05-08 10:30:00,2023-05-08 14:30:00,255,17,-1.601188,1.601188
Alpha,syn_E,2023-05-09,2023-05-09 10:15:00,2023-05-09 13:15:00,195,13,-1.783241,1.783241
Alpha,syn_E,2023-05-10,2023-05-10 10:15:00,2023-05-10 14:45:00,285,19,-1.836786,1.836786
Alpha,syn_E,2023-05-11,2023-05-11 10:00:00,2023-05-11 14:45:00,300,20,-1.815497,1.815497
Alpha,syn_E,2023-05-12,2023-05-12 10:15:00,2023-05-12 14:30:00,270,18,-1.81898,1.81898
Alpha,syn_E,2023-05-13,2023-05-13 10:30:00,2023-05-13 13:30:00,195,13,-1.448682,1.448682
Alpha,syn_E,2023-05-14,2023-05-14 11:00:00,2023-05-14 12:30:00,105,7,-0.92149,0.92149
Alpha,syn_E,2023-05-14,2023-05-14 13:15:00,2023-05-14 13:45:00,45,3,-0.745759,0.745759
Alpha,syn_E,2023-05-16,2023-05-16 11:45:00,2023-05-16 14:30:00,180,12,-1.440037,1.440037
Alpha,syn_E,2023-05-18,2023-05-18 11:00:00,2023-05-18 11:15:00,30,2,-0.841236,0.841236
Alpha,syn_E,2023-05-18,2023-05-18 12:15:00,2023-05-18 12:15:00,15,1,-0.057158,0.057158
Alpha,syn_E,2023-05-19,2023-05-19 11:15:00,2023-05-19 14:30:00,210,14,-1.290498,1.290498
Alpha,syn_E,2023-05-20,2023-05-20 11:00:00,2023-05-20 14:15:00,210,14,-0.971938,0.971938
Alpha,syn_E,2023-05-21,2023-05-21 11:30:00,2023-05-21 14:00:00,165,11,-0.6108,0.6108
Alpha,syn_E,2023-05-22,2023-05-22 10:45:00,2023-05-22 14:30:00,240,16,-1.330237,1.330237
Alpha,syn_E,2023-05-23,2023-05-23 10:45:00,2023-05-23 14:30:00,240,16,-1.446875,1.446875
Alpha,syn_E,2023-05-24,2023-05-24 10:45:00,2023-05-24 14:15:00,225,15,-1.283015,1.283015
Alpha,syn_E,2023-05-25,2023-05-25 10:45:00,2023-05-25 13:00:00,150,10,-1.448166,1.448166
Alpha,syn_E,2023-05-26,2023-05-26 12:15:00,2023-05-26 12:30:00,30,2,-0.299335,0.299335
Alpha,syn_E,2023-05-27,2023-05-27 11:15:00,2023-05-27 14:15:00,195,13,-0.991291,0.991291
Alpha,syn_E,2023-05-28,2023-05-28 12:00:00,2023-05-28 12:00:00,15,1,-0.024127,0.024127
Alpha,syn_E,2023-05-28,2023-05-28 12:30:00,2023-05-28 12:30:00,15,1,-0.281014,0.281014
Alpha,syn_E,2023-05-29,2023-05-29 10:45:00,2023-05-29 11:00:00,30,2,-0.305013,0.305013
Alpha,syn_E,2023-05-29,2023-05-29 12:00:00,2023-05-29 14:00:00,135,9,-1.005613,1.005613
Alpha,syn_E,2023-05-30,2023-05-30 10:30:00,2023-05-30 13:30:00,195,13,-1.334753,1.334753
Alpha,syn_E,2023-05-30,2023-05-30 14:00:00,2023-05-30 14:30:00,45,3,-0.195213,0.195213
Alpha,syn_E,2023-05-31,2023-05-31 11:15:00,2023-05-31 12:45:00,105,7,-1.039546,1.039546
Alpha,syn_E,2023-05-31,2023-05-31 13:15:00,2023-05-31 13:30:00,30,2,-0.601768,0.601768
Alpha,syn_E,2023-05-31,2023-05-31 14:00:00,2023-05-31 14:00:00,15,1,-0.456487,0.456487
Alpha,syn_E,2023-06-01,2023-06-01 11:15:00,2023-06-01 11:15:00,15,1,-0.877105,0.877105
Alpha,syn_E,2023-06-03,2023-06-03 11:15:00,2023-06-03 14:00:00,180,12,-0.65428,0.65428
Alpha,syn_E,2023-06-05,2023-06-05 11:30:00,2023-06-05 11:30:00,15,1,-0.106961,0.106961
Alpha,syn_E,2023-06-06,2023-06-06 13:15:00,2023-06-06 14:15:00,75,5,-0.363848,0.363848
Alpha,syn_E,2023-06-07,2023-06-07 13:00:00,2023-06-07 13:30:00,45,3,-0.531837,0.531837
Alpha,syn_E,2023-06-09,2023-06-09 10:45:00,2023-06-09 14:00:00,210,14,-0.872589,0.872589
Alpha,syn_E,2023-06-10,2023-06-10 11:15:00,2023-06-10 14:15:00,195,13,-0.880331,0.880331
Alpha,syn_E,2023-06-11,2023-06-11 11:45:00,2023-06-11 13:45:00,135,9,-0.648733,0.648733
Alpha,syn_E,2023-06-12,2023-06-12 11:30:00,2023-06-12 13:30:00,135,9,-0.464099,0.464099
Alpha,syn_E,2023-06-14,2023-06-14 10:45:00,2023-06-14 14:00:00,210,14,-1.094898,1.094898
Alpha,syn_E,2023-06-15,2023-06-15 11:00:00,2023-06-15 14:00:00,195,13,-0.934908,0.934908
Alpha,syn_E,2023-06-16,2023-06-16 11:30:00,2023-06-16 14:00:00,165,11,-0.706922,0.706922
Alpha,syn_E,2023-06-17,2023-06-17 11:45:00,2023-06-17 13:30:00,120,8,-0.371589,0.371589
Alpha,syn_E,2023-06-18,2023-06-18 12:15:00,2023-06-18 13:15:00,75,5,-0.338301,0.338301
Alpha,syn_E,2023-06-19,2023-06-19 11:45:00,2023-06-19 13:45:00,135,9,-0.442165,0.442165
Alpha,syn_E,2023-06-20,2023-06-20 11:15:00,2023-06-20 13:45:00,165,11,-0.814012,0.814012
Alpha,syn_E,2023-06-21,2023-06-21 12:30:00,2023-06-21 13:15:00,60,4,-0.200374,0.200374
Alpha,syn_E,2023-06-23,2023-06-23 11:15:00,2023-06-23 13:30:00,150,10,-0.836592,0.836592
Alpha,syn_E,2023-06-24,2023-06-24 11:15:00,2023-06-24 13:45:00,165,11,-0.647442,0.647442
Alpha,syn_E,2023-06-25,2023-06-25 12:00:00,2023-06-25 13:30:00,105,7,-0.327721,0.327721
Alpha,syn_E,2023-06-26,2023-06-26 11:00:00,2023-06-26 14:15:00,210,14,-0.990646,0.990646
Alpha,syn_E,2023-06-27,2023-06-27 11:30:00,2023-06-27 12:45:00,90,6,-1.237082,1.237082
Alpha,syn_E,2023-06-29,2023-06-29 11:00:00,2023-06-29 13:30:00,165,11,-1.118638,1.118638
Alpha,syn_E,2023-06-30,2023-06-30 11:45:00,2023-06-30 13:45:00,135,9,-0.452745,0.452745
Alpha,syn_E,2023-07-02,2023-07-02 11:30:00,2023-07-02 11:45:00,30,2,-0.222696,0.222696
Alpha,syn_E,2023-07-02,2023-07-02 12:15:00,2023-07-02 12:15:00,15,1,-0.227469,0.227469
Alpha,syn_E,2023-07-02,2023-07-02 12:45:00,2023-07-02 12:45:00,15,1,-0.190698,0.190698
Alpha,syn_E,2023-07-02,2023-07-02 13:15:00,2023-07-02 13:30:00,30,2,-0.187343,0.187343
Alpha,syn_E,2023-07-05,2023-07-05 10:45:00,2023-07-05 10:45:00,15,1,-0.229018,0.229018
Alpha,syn_E,2023-07-05,2023-07-05 11:30:00,2023-07-05 11:30:00,15,1,-0.22076,0.22076
Alpha,syn_E,2023-07-05,2023-07-05 12:45:00,2023-07-05 13:00:00,30,2,-0.146958,0.146958
Alpha,syn_E,2023-07-05,2023-07-05 13:30:00,2023-07-05 14:15:00,60,4,-0.44552,0.44552
Alpha,syn_E,2023-07-07,2023-07-07 11:00:00,2023-07-07 14:15:00,210,14,-1.176828,1.176828
Alpha,syn_E,2023-07-08,2023-07-08 11:15:00,2023-07-08 14:00:00,180,12,-0.636604,0.636604
Alpha,syn_E,2023-07-09,2023-07-09 11:00:00,2023-07-09 14:00:00,195,13,-0.878912,0.878912
Alpha,syn_E,2023-07-10,2023-07-10 10:45:00,2023-07-10 14:30:00,240,16,-1.407652,1.407652
Alpha,syn_E,2023-07-11,2023-07-11 11:00:00,2023-07-11 14:15:00,210,14,-1.389718,1.389718
Alpha,syn_E,2023-07-12,2023-07-12 11:45:00,2023-07-12 14:00:00,150,10,-0.583188,0.583188
Alpha,syn_E,2023-07-13,2023-07-13 11:15:00,2023-07-13 14:30:00,210,14,-1.126896,1.126896
Alpha,syn_E,2023-07-14,2023-07-14 11:00:00,2023-07-14 14:30:00,225,15,-1.04561,1.04561
Alpha,syn_E,2023-07-15,2023-07-15 11:00:00,2023-07-15 11:30:00,45,3,-0.482808,0.482808
Alpha,syn_E,2023-07-15,2023-07-15 13:45:00,2023-07-15 14:15:00,45,3,-0.396491,0.396491
Alpha,syn_E,2023-07-17,2023-07-17 13:30:00,2023-07-17 13:45:00,30,2,-0.504355,0.504355
Alpha,syn_E,2023-07-18,2023-07-18 14:00:00,2023-07-18 14:30:00,45,3,-0.398942,0.398942
Alpha,syn_E,2023-07-19,2023-07-19 10:30:00,2023-07-19 14:45:00,270,18,-1.498872,1.498872
Alpha,syn_E,2023-07-20,2023-07-20 11:30:00,2023-07-20 11:45:00,30,2,-0.442681,0.442681
Alpha,syn_E,2023-07-20,2023-07-20 12:15:00,2023-07-20 14:15:00,135,9,-1.081866,1.081866
Alpha,syn_E,2023-07-22,2023-07-22 11:30:00,2023-07-22 14:00:00,165,11,-0.813625,0.813625
Alpha,syn_E,2023-07-25,2023-07-25 10:45:00,2023-07-25 14:00:00,210,14,-1.368558,1.368558
Alpha,syn_E,2023-07-26,2023-07-26 11:15:00,2023-07-26 14:45:00,225,15,-1.440553,1.440553
Alpha,syn_E,2023-07-27,2023-07-27 11:00:00,2023-07-27 14:45:00,240,16,-1.624283,1.624283
Alpha,syn_E,2023-07-28,2023-07-28 11:15:00,2023-07-28 12:00:00,60,4,-1.540934,1.540934
Alpha,syn_E,2023-07-28,2023-07-28 13:15:00,2023-07-28 14:45:00,105,7,-0.888718,0.888718
Alpha,syn_E,2023-07-29,2023-07-29 10:45:00,2023-07-29 13:15:00,165,11,-1.492163,1.492163
Alpha,syn_E,2023-07-29,2023-07-29 14:15:00,2023-07-29 14:15:00,15,1,-0.093413,0.093413
Alpha,syn_E,2023-07-30,2023-07-30 11:30:00,2023-07-30 13:30:00,135,9,-1.286111,1.286111
Alpha,syn_E,2023-07-31,2023-07-31 10:15:00,2023-07-31 14:45:00,285,19,-1.841044,1.841044
Alpha,syn_E,2023-08-01,2023-08-01 10:15:00,2023-08-01 14:45:00,285,19,-1.934715,1.934715
Alpha,syn_E,2023-08-02,2023-08-02 10:15:00,2023-08-02 11:30:00,90,6,-1.081995,1.081995
Alpha,syn_E,2023-08-02,2023-08-02 12:15:00,2023-08-02 12:30:00,30,2,-0.47055,0.47055
Alpha,syn_E,2023-08-03,2023-08-03 12:15:00,2023-08-03 14:45:00,165,11,-1.35372,1.35372
Alpha,syn_E,2023-08-04,2023-08-04 10:30:00,2023-08-04 14:45:00,270,18,-1.695504,1.695504
Alpha,syn_E,2023-08-05,2023-08-05 12:15:00,2023-08-05 12:15:00,15,1,-0.246694,0.246694
Alpha,syn_E,2023-08-07,2023-08-07 11:15:00,2023-08-07 12:15:00,75,5,-1.114896,1.114896
Alpha,syn_E,2023-08-08,2023-08-08 10:15:00,2023-08-08 12:15:00,135,9,-1.445327,1.445327
Alpha,syn_E,2023-08-09,2023-08-09 10:30:00,2023-08-09 15:00:00,285,19,-1.968519,1.968519
Alpha,syn_E,2023-08-11,2023-08-11 10:00:00,2023-08-11 15:00:00,315,21,-2.264371,2.264371
Alpha,syn_E,2023-08-12,2023-08-12 10:45:00,2023-08-12 14:45:00,255,17,-1.796272,1.796272
Alpha,syn_E,2023-08-13,2023-08-13 11:30:00,2023-08-13 11:30:00,15,1,-0.05419,0.05419
Alpha,syn_E,2023-08-13,2023-08-13 12:30:00,2023-08-13 12:45:00,30,2,-0.594026,0.594026
Alpha,syn_E,2023-08-15,2023-08-15 09:45:00,2023-08-15 10:30:00,60,4,-0.566286,0.566286
Alpha,syn_E,2023-08-15,2023-08-15 14:15:00,2023-08-15 14:30:00,30,2,-0.723696,0.723696
Alpha,syn_E,2023-08-15,2023-08-15 15:00:00,2023-08-15 15:00:00,15,1,-0.015483,0.015483
Alpha,syn_E,2023-08-16,2023-08-16 10:00:00,2023-08-16 10:30:00,45,3,-0.3463,0.3463
Alpha,syn_E,2023-08-16,2023-08-16 11:00:00,2023-08-16 13:45:00,180,12,-1.963874,1.963874
Alpha,syn_E,2023-08-16,2023-08-16 14:15:00,2023-08-16 14:45:00,45,3,-0.295465,0.295465
Alpha,syn_E,2023-08-17,2023-08-17 10:15:00,2023-08-17 14:45:00,285,19,-2.489131,2.489131
Alpha,syn_E,2023-08-18,2023-08-18 09:45:00,2023-08-18 11:30:00,120,8,-1.514484,1.514484
Alpha,syn_E,2023-08-18,2023-08-18 12:15:00,2023-08-18 15:00:00,180,12,-2.416749,2.416749
Alpha,syn_E,2023-08-19,2023-08-19 10:15:00,2023-08-19 15:00:00,300,20,-2.208891,2.208891
Alpha,syn_E,2023-08-20,2023-08-20 10:00:00,2023-08-20 15:00:00,315,21,-2.320755,2.320755
Alpha,syn_E,2023-08-21,2023-08-21 09:45:00,2023-08-21 15:15:00,345,23,-2.622155,2.622155
Alpha,syn_E,2023-08-22,2023-08-22 10:15:00,2023-08-22 14:00:00,240,16,-2.865752,2.865752
Alpha,syn_E,2023-08-23,2023-08-23 09:30:00,2023-08-23 15:15:00,360,24,-2.906136,2.906136
Alpha,syn_E,2023-08-24,2023-08-24 09:45:00,2023-08-24 11:00:00,90,6,-1.966326,1.966326
Alpha,syn_E,2023-08-24,2023-08-24 12:45:00,2023-08-24 13:30:00,60,4,-0.752081,0.752081
Alpha,syn_E,2023-08-24,2023-08-24 14:00:00,2023-08-24 14:00:00,15,1,-0.002064,0.002064
Alpha,syn_E,2023-08-25,2023-08-25 09:45:00,2023-08-25 15:15:00,345,23,-2.574545,2.574545
Alpha,syn_E,2023-08-26,2023-08-26 10:00:00,2023-08-26 15:00:00,315,21,-2.491066,2.491066
Alpha,syn_E,2023-08-27,2023-08-27 10:00:00,2023-08-27 15:00:00,315,21,-2.137541,2.137541
Alpha,syn_E,2023-08-28,2023-08-28 09:45:00,2023-08-28 15:00:00,330,22,-2.657378,2.657378
Alpha,syn_E,2023-08-29,2023-08-29 09:30:00,2023-08-29 15:15:00,360,24,-2.820852,2.820852
Alpha,syn_E,2023-08-30,2023-08-30 09:30:00,2023-08-30 14:45:00,330,22,-2.670926,2.670926
Alpha,syn_E,2023-08-31,2023-08-31 09:45:00,2023-08-31 15:00:00,330,22,-2.801628,2.801628
Alpha,syn_E,2023-09-01,2023-09-01 10:30:00,2023-09-01 10:30:00,15,1,-0.392491,0.392491
Alpha,syn_E,2023-09-01,2023-09-01 13:15:00,2023-09-01 14:00:00,60,4,-1.082511,1.082511
Alpha,syn_E,2023-09-01,2023-09-01 14:45:00,2023-09-01 14:45:00,15,1,-0.152506,0.152506
Alpha,syn_E,2023-09-02,2023-09-02 09:45:00,2023-09-02 12:15:00,165,11,-2.109156,2.109156
Alpha,syn_E,2023-09-02,2023-09-02 12:45:00,2023-09-02 13:00:00,30,2,-0.59622,0.59622
Alpha,syn_E,2023-09-02,2023-09-02 13:45:00,2023-09-02 14:15:00,45,3,-0.942004,0.942004
Alpha,syn_E,2023-09-03,2023-09-03 09:45:00,2023-09-03 15:15:00,345,23,-2.676345,2.676345
Alpha,syn_E,2023-09-04,2023-09-04 09:30:00,2023-09-04 15:15:00,360,24,-2.829239,2.829239
Alpha,syn_E,2023-09-05,2023-09-05 09:00:00,2023-09-05 15:30:00,405,27,-3.292564,3.292564
Alpha,syn_E,2023-09-06,2023-09-06 09:15:00,2023-09-06 15:30:00,390,26,-3.122897,3.122897
Alpha,syn_E,2023-09-07,2023-09-07 09:30:00,2023-09-07 10:15:00,60,4,-1.006388,1.006388
Alpha,syn_E,2023-09-07,2023-09-07 10:45:00,2023-09-07 15:00:00,270,18,-2.661378,2.661378
Alpha,syn_E,2023-09-08,2023-09-08 14:15:00,2023-09-08 15:15:00,75,5,-0.840591,0.840591
Alpha,syn_E,2023-09-09,2023-09-09 09:30:00,2023-09-09 15:30:00,375,25,-3.281726,3.281726
Alpha,syn_E,2023-09-10,2023-09-10 09:30:00,2023-09-10 15:15:00,360,24,-2.761501,2.761501
Alpha,syn_E,2023-09-11,2023-09-11 09:30:00,2023-09-11 14:00:00,285,19,-2.855559,2.855559
Alpha,syn_E,2023-09-11,2023-09-11 15:00:00,2023-09-11 15:30:00,45,3,-0.718664,0.718664
Alpha,syn_E,2023-09-12,2023-09-12 09:30:00,2023-09-12 14:00:00,285,19,-3.006002,3.006002
Alpha,syn_E,2023-09-13,2023-09-13 09:15:00,2023-09-13 15:15:00,375,25,-3.084319,3.084319
Alpha,syn_E,2023-09-14,2023-09-14 09:15:00,2023-09-14 15:15:00,375,25,-2.870397,2.870397
Alpha,syn_E,2023-09-16,2023-09-16 09:15:00,2023-09-16 14:45:00,345,23,-2.57648,2.57648
Alpha,syn_E,2023-09-17,2023-09-17 09:15:00,2023-09-17 14:15:00,315,21,-2.231599,2.231599
Alpha,syn_E,2023-09-18,2023-09-18 08:45:00,2023-09-18 14:15:00,345,23,-2.380364,2.380364
Alpha,syn_E,2023-09-19,2023-09-19 09:00:00,2023-09-19 14:15:00,330,22,-2.22631,2.22631
Alpha,syn_E,2023-09-20,2023-09-20 09:00:00,2023-09-20 14:15:00,330,22,-2.402169,2.402169
Alpha,syn_E,2023-09-21,2023-09-21 09:00:00,2023-09-21 15:15:00,390,26,-2.334819,2.334819
Alpha,syn_E,2023-09-22,2023-09-22 09:15:00,2023-09-22 09:15:00,15,1,-0.232243,0.232243
Alpha,syn_E,2023-09-22,2023-09-22 10:45:00,2023-09-22 11:45:00,75,5,-0.621766,0.621766
Alpha,syn_E,2023-09-22,2023-09-22 12:15:00,2023-09-22 12:45:00,45,3,-1.20173,1.20173
Alpha,syn_E,2023-09-22,2023-09-22 13:15:00,2023-09-22 13:30:00,30,2,-1.258887,1.258887
Alpha,syn_E,2023-09-22,2023-09-22 14:15:00,2023-09-22 14:15:00,15,1,-1.039676,1.039676
Alpha,syn_E,2023-09-22,2023-09-22 15:00:00,2023-09-22 15:00:00,15,1,-0.863687,0.863687
Alpha,syn_E,2023-09-23,2023-09-23 09:30:00,2023-09-23 10:15:00,60,4,-1.049868,1.049868
Alpha,syn_E,2023-09-23,2023-09-23 14:00:00,2023-09-23 14:30:00,45,3,-0.673892,0.673892
Alpha,syn_E,2023-09-23,2023-09-23 15:15:00,2023-09-23 15:15:00,15,1,-0.144249,0.144249
Alpha,syn_E,2023-09-24,2023-09-24 09:15:00,2023-09-24 15:30:00,390,26,-3.008969,3.008969
Alpha,syn_E,2023-09-25,2023-09-25 08:45:00,2023-09-25 14:30:00,360,24,-3.006002,3.006002
Alpha,syn_E,2023-09-25,2023-09-25 15:00:00,2023-09-25 15:00:00,15,1,-0.450294,0.450294
Alpha,syn_E,2023-09-25,2023-09-25 15:30:00,2023-09-25 15:30:00,15,1,-0.308238,0.308238
Alpha,syn_E,2023-09-26,2023-09-26 08:45:00,2023-09-26 12:45:00,255,17,-2.828335,2.828335
Alpha,syn_E,2023-09-26,2023-09-26 14:30:00,2023-09-26 14:30:00,15,1,-0.746533,0.746533
Alpha,syn_E,2023-09-27,2023-09-27 08:45:00,2023-09-27 08:45:00,15,1,-0.224889,0.224889
Alpha,syn_E,2023-09-27,2023-09-27 09:45:00,2023-09-27 14:30:00,300,20,-2.887686,2.887686
Alpha,syn_E,2023-09-28,2023-09-28 11:15:00,2023-09-28 15:15:00,255,17,-2.832593,2.832593
Alpha,syn_E,2023-10-01,2023-10-01 09:00:00,2023-10-01 13:45:00,300,20,-1.995614,1.995614
Alpha,syn_E,2023-10-02,2023-10-02 08:45:00,2023-10-02 14:30:00,360,24,-2.423071,2.423071
Alpha,syn_E,2023-10-03,2023-10-03 08:45:00,2023-10-03 13:30:00,300,20,-1.942328,1.942328
Alpha,syn_E,2023-10-04,2023-10-04 08:30:00,2023-10-04 08:45:00,30,2,-0.79982,0.79982
Alpha,syn_E,2023-10-04,2023-10-04 09:15:00,2023-10-04 10:30:00,90,6,-1.948263,1.948263
Alpha,syn_E,2023-10-04,2023-10-04 11:00:00,2023-10-04 11:30:00,45,3,-1.230373,1.230373
Alpha,syn_E,2023-10-05,2023-10-05 08:00:00,2023-10-05 15:15:00,450,30,-4.27005,4.27005
Alpha,syn_E,2023-10-06,2023-10-06 08:30:00,2023-10-06 13:15:00,300,20,-3.714601,3.714601
Alpha,syn_E,2023-10-06,2023-10-06 14:30:00,2023-10-06 14:30:00,15,1,-0.502936,0.502936
Alpha,syn_E,2023-10-07,2023-10-07 11:15:00,2023-10-07 11:30:00,30,2,-1.421715,1.421715
Alpha,syn_E,2023-10-07,2023-10-07 12:30:00,2023-10-07 12:30:00,15,1,-0.583962,0.583962
Alpha,syn_E,2023-10-07,2023-10-07 13:00:00,2023-10-07 13:15:00,30,2,-2.065029,2.065029
Alpha,syn_E,2023-10-08,2023-10-08 08:45:00,2023-10-08 15:30:00,420,28,-3.064578,3.064578
Alpha,syn_E,2023-10-09,2023-10-09 08:15:00,2023-10-09 15:15:00,435,29,-3.497712,3.497712
Alpha,syn_E,2023-10-10,2023-10-10 08:15:00,2023-10-10 11:45:00,225,15,-2.976197,2.976197
Alpha,syn_E,2023-10-10,2023-10-10 12:15:00,2023-10-10 12:45:00,45,3,-2.389008,2.389008
Alpha,syn_E,2023-10-10,2023-10-10 13:45:00,2023-10-10 14:30:00,60,4,-2.190054,2.190054
Alpha,syn_E,2023-10-11,2023-10-11 09:00:00,2023-10-11 15:00:00,375,25,-2.726536,2.726536
Alpha,syn_E,2023-10-12,2023-10-12 08:15:00,2023-10-12 14:45:00,405,27,-3.096447,3.096447
Alpha,syn_E,2023-10-13,2023-10-13 08:15:00,2023-10-13 15:15:00,435,29,-3.81653,3.81653
Alpha,syn_E,2023-10-14,2023-10-14 08:30:00,2023-10-14 15:15:00,420,28,-3.578997,3.578997
Alpha,syn_E,2023-10-15,2023-10-15 08:30:00,2023-10-15 14:45:00,390,26,-2.839044,2.839044
Alpha,syn_E,2023-10-16,2023-10-16 08:15:00,2023-10-16 14:30:00,390,26,-3.444425,3.444425
Alpha,syn_E,2023-10-17,2023-10-17 08:45:00,2023-10-17 09:45:00,75,5,-1.483905,1.483905
Alpha,syn_E,2023-10-17,2023-10-17 10:30:00,2023-10-17 10:30:00,15,1,-1.073351,1.073351
Alpha,syn_E,2023-10-17,2023-10-17 13:00:00,2023-10-17 13:00:00,15,1,-1.231792,1.231792
Alpha,syn_E,2023-10-17,2023-10-17 14:00:00,2023-10-17 14:15:00,30,2,-0.991162,0.991162
Alpha,syn_E,2023-10-18,2023-10-18 08:15:00,2023-10-18 09:30:00,90,6,-2.222955,2.222955
Alpha,syn_E,2023-10-18,2023-10-18 11:45:00,2023-10-18 15:00:00,210,14,-2.532225,2.532225
Alpha,syn_E,2023-10-19,2023-10-19 10:45:00,2023-10-19 10:45:00,15,1,-0.148764,0.148764
Alpha,syn_E,2023-10-19,2023-10-19 11:15:00,2023-10-19 15:30:00,270,18,-2.921104,2.921104
Alpha,syn_E,2023-10-20,2023-10-20 08:15:00,2023-10-20 14:45:00,405,27,-3.30895,3.30895
Alpha,syn_E,2023-10-21,2023-10-21 08:30:00,2023-10-21 13:00:00,285,19,-1.969164,1.969164
Alpha,syn_E,2023-10-22,2023-10-22 09:00:00,2023-10-22 12:30:00,225,15,-1.216696,1.216696
Alpha,syn_E,2023-10-23,2023-10-23 08:00:00,2023-10-23 14:45:00,420,28,-3.629832,3.629832
Alpha,syn_E,2023-10-24,2023-10-24 08:00:00,2023-10-24 14:15:00,390,26,-3.208569,3.208569
Alpha,syn_E,2023-10-25,2023-10-25 08:45:00,2023-10-25 14:30:00,360,24,-2.659701,2.659701
Alpha,syn_E,2023-10-27,2023-10-27 09:15:00,2023-10-27 09:30:00,30,2,-1.710987,1.710987
Alpha,syn_E,2023-10-27,2023-10-27 11:15:00,2023-10-27 11:15:00,15,1,-1.596543,1.596543
Alpha,syn_E,2023-10-27,2023-10-27 12:00:00,2023-10-27 12:00:00,15,1,-0.668086,0.668086
Alpha,syn_E,2023-10-27,2023-10-27 12:30:00,2023-10-27 12:30:00,15,1,-0.167473,0.167473
Alpha,syn_E,2023-10-27,2023-10-27 13:15:00,2023-10-27 14:00:00,60,4,-1.498098,1.498098
Alpha,syn_E,2023-10-28,2023-10-28 09:15:00,2023-10-28 10:15:00,75,5,-1.496034,1.496034
Alpha,syn_E,2023-10-28,2023-10-28 11:30:00,2023-10-28 14:30:00,195,13,-2.47739,2.47739
Alpha,syn_E,2023-10-29,2023-10-29 08:15:00,2023-10-29 15:00:00,420,28,-3.533322,3.533322
Alpha,syn_E,2023-10-30,2023-10-30 08:00:00,2023-10-30 14:45:00,420,28,-3.263404,3.263404
Alpha,syn_E,2023-10-31,2023-10-31 09:00:00,2023-10-31 09:45:00,60,4,-1.998582,1.998582
Alpha,syn_E,2023-10-31,2023-10-31 10:30:00,2023-10-31 14:15:00,240,16,-2.879171,2.879171
Alpha,syn_E,2023-11-01,2023-11-01 09:00:00,2023-11-01 16:15:00,450,30,-3.340303,3.340303
Alpha,syn_E,2023-11-02,2023-11-02 09:45:00,2023-11-02 16:30:00,420,28,-2.934135,2.934135
Alpha,syn_E,2023-11-03,2023-11-03 09:00:00,2023-11-03 09:45:00,60,4,-0.462422,0.462422
Alpha,syn_E,2023-11-03,2023-11-03 10:15:00,2023-11-03 16:15:00,375,25,-2.46681,2.46681
Alpha,syn_E,2023-11-04,2023-11-04 10:00:00,2023-11-04 10:00:00,15,1,-0.031482,0.031482
Alpha,syn_E,2023-11-04,2023-11-04 11:00:00,2023-11-04 11:00:00,15,1,-0.429263,0.429263
Alpha,syn_E,2023-11-04,2023-11-04 11:30:00,2023-11-04 13:30:00,135,9,-3.036451,3.036451
Alpha,syn_E,2023-11-04,2023-11-04 14:30:00,2023-11-04 15:30:00,75,5,-2.128638,2.128638
Alpha,syn_E,2023-11-04,2023-11-04 16:00:00,2023-11-04 16:30:00,45,3,-0.707826,0.707826
Alpha,syn_E,2023-11-06,2023-11-06 10:45:00,2023-11-06 12:00:00,90,6,-1.984131,1.984131
Alpha,syn_E,2023-11-06,2023-11-06 12:45:00,2023-11-06 13:15:00,45,3,-1.696021,1.696021
Alpha,syn_E,2023-11-06,2023-11-06 14:30:00,2023-11-06 15:30:00,75,5,-1.17257,1.17257
Alpha,syn_E,2023-11-07,2023-11-07 09:00:00,2023-11-07 15:30:00,405,27,-2.936974,2.936974
Alpha,syn_E,2023-11-07,2023-11-07 16:30:00,2023-11-07 16:45:00,30,2,-1.156055,1.156055
Alpha,syn_E,2023-11-08,2023-11-08 09:00:00,2023-11-08 15:45:00,420,28,-3.2745,3.2745
Alpha,syn_E,2023-11-09,2023-11-09 10:30:00,2023-11-09 11:30:00,75,5,-2.280757,2.280757
Alpha,syn_E,2023-11-09,2023-11-09 12:00:00,2023-11-09 15:00:00,195,13,-3.110124,3.110124
Alpha,syn_E,2023-11-10,2023-11-10 09:00:00,2023-11-10 14:15:00,330,22,-2.998389,2.998389
Alpha,syn_E,2023-11-10,2023-11-10 15:00:00,2023-11-10 16:00:00,75,5,-0.795304,0.795304
Alpha,syn_E,2023-11-11,2023-11-11 09:15:00,2023-11-11 14:15:00,315,21,-2.423458,2.423458
Alpha,syn_E,2023-11-13,2023-11-13 09:45:00,2023-11-13 10:00:00,30,2,-0.230308,0.230308
Alpha,syn_E,2023-11-13,2023-11-13 10:30:00,2023-11-13 10:45:00,30,2,-0.422812,0.422812
Alpha,syn_E,2023-11-13,2023-11-13 11:15:00,2023-11-13 16:15:00,315,21,-2.861108,2.861108
Alpha,syn_E,2023-11-14,2023-11-14 09:00:00,2023-11-14 15:00:00,375,25,-2.908975,2.908975
Alpha,syn_E,2023-11-15,2023-11-15 09:30:00,2023-11-15 13:30:00,255,17,-2.292628,2.292628
Alpha,syn_E,2023-11-16,2023-11-16 10:30:00,2023-11-16 14:00:00,225,15,-2.418813,2.418813
Alpha,syn_E,2023-11-17,2023-11-17 11:45:00,2023-11-17 11:45:00,15,1,-0.016644,0.016644
Alpha,syn_E,2023-11-17,2023-11-17 12:15:00,2023-11-17 12:15:00,15,1,-0.322044,0.322044
Alpha,syn_E,2023-11-17,2023-11-17 13:00:00,2023-11-17 13:00:00,15,1,-0.847172,0.847172
Alpha,syn_E,2023-11-17,2023-11-17 13:45:00,2023-11-17 13:45:00,15,1,-0.012258,0.012258
Alpha,syn_E,2023-11-17,2023-11-17 14:15:00,2023-11-17 16:00:00,120,8,-1.444552,1.444552
Alpha,syn_E,2023-11-18,2023-11-18 09:00:00,2023-11-18 16:30:00,465,31,-3.133993,3.133993
Alpha,syn_E,2023-11-19,2023-11-19 09:00:00,2023-11-19 15:15:00,390,26,-2.96652,2.96652
Alpha,syn_E,2023-11-21,2023-11-21 09:45:00,2023-11-21 10:00:00,30,2,-1.535902,1.535902
Alpha,syn_E,2023-11-21,2023-11-21 10:45:00,2023-11-21 11:00:00,30,2,-1.448552,1.448552
Alpha,syn_E,2023-11-21,2023-11-21 11:30:00,2023-11-21 12:45:00,90,6,-1.044191,1.044191
Alpha,syn_E,2023-11-21,2023-11-21 14:15:00,2023-11-21 15:30:00,90,6,-1.871493,1.871493
Alpha,syn_E,2023-11-22,2023-11-22 12:45:00,2023-11-22 12:45:00,15,1,-0.246307,0.246307
Alpha,syn_E,2023-11-22,2023-11-22 15:00:00,2023-11-22 15:15:00,30,2,-0.387717,0.387717
Alpha,syn_E,2023-11-23,2023-11-23 09:15:00,2023-11-23 09:45:00,45,3,-0.557126,0.557126
Alpha,syn_E,2023-11-23,2023-11-23 13:30:00,2023-11-23 14:00:00,45,3,-0.710535,0.710535
Alpha,syn_E,2023-11-24,2023-11-24 11:15:00,2023-11-24 11:15:00,15,1,-0.090059,0.090059
Alpha,syn_E,2023-11-24,2023-11-24 12:45:00,2023-11-24 12:45:00,15,1,-0.219986,0.219986
Alpha,syn_E,2023-11-26,2023-11-26 09:30:00,2023-11-26 14:15:00,300,20,-2.237921,2.237921
Alpha,syn_E,2023-11-27,2023-11-27 09:15:00,2023-11-27 13:00:00,240,16,-1.618606,1.618606
Alpha,syn_E,2023-11-27,2023-11-27 14:15:00,2023-11-27 14:30:00,30,2,-1.418877,1.418877
Alpha,syn_E,2023-11-28,2023-11-28 15:45:00,2023-11-28 15:45:00,15,1,-0.110574,0.110574
Alpha,syn_E,2023-11-29,2023-11-29 09:00:00,2023-11-29 09:00:00,15,1,-0.241146,0.241146
Alpha,syn_E,2023-11-29,2023-11-29 09:45:00,2023-11-29 13:00:00,210,14,-1.964132,1.964132
Alpha,syn_E,2023-11-30,2023-11-30 09:00:00,2023-11-30 12:00:00,195,13,-2.585383,2.585383
Alpha,syn_E,2023-11-30,2023-11-30 12:30:00,2023-11-30 15:45:00,210,14,-2.962004,2.962004
Alpha,syn_E,2023-12-01,2023-12-01 09:15:00,2023-12-01 11:30:00,150,10,-1.465196,1.465196
Alpha,syn_E,2023-12-01,2023-12-01 12:15:00,2023-12-01 12:15:00,15,1,-0.145023,0.145023
Alpha,syn_E,2023-12-02,2023-12-02 11:15:00,2023-12-02 12:15:00,75,5,-1.511387,1.511387
Alpha,syn_E,2023-12-02,2023-12-02 16:00:00,2023-12-02 16:00:00,15,1,-0.415973,0.415973
Alpha,syn_E,2023-12-03,2023-12-03 09:15:00,2023-12-03 11:45:00,165,11,-1.597704,1.597704
Alpha,syn_E,2023-12-04,2023-12-04 09:00:00,2023-12-04 09:45:00,60,4,-0.204374,0.204374
Alpha,syn_E,2023-12-04,2023-12-04 12:00:00,2023-12-04 16:15:00,270,18,-1.848656,1.848656
Alpha,syn_E,2023-12-05,2023-12-05 08:45:00,2023-12-05 14:00:00,330,22,-2.451327,2.451327
Alpha,syn_E,2023-12-06,2023-12-06 10:45:00,2023-12-06 13:00:00,150,10,-0.580866,0.580866
Alpha,syn_E,2023-12-07,2023-12-07 09:30:00,2023-12-07 12:30:00,195,13,-1.214632,1.214632
Alpha,syn_E,2023-12-11,2023-12-11 10:45:00,2023-12-11 11:30:00,60,4,-0.352365,0.352365
Alpha,syn_E,2023-12-13,2023-12-13 11:30:00,2023-12-13 11:45:00,30,2,-0.163215,0.163215
Alpha,syn_E,2023-12-21,2023-12-21 15:00:00,2023-12-21 15:00:00,15,1,-0.045804,0.045804
Alpha,syn_E,2023-12-22,2023-12-22 09:30:00,2023-12-22 10:00:00,45,3,-1.168958,1.168958
Alpha,syn_E,2023-12-22,2023-12-22 10:45:00,2023-12-22 11:15:00,45,3,-1.089221,1.089221
Alpha,syn_E,2023-12-22,2023-12-22 11:45:00,2023-12-22 15:30:00,240,16,-1.685311,1.685311
Alpha,syn_E,2023-12-23,2023-12-23 09:30:00,2023-12-23 10:15:00,60,4,-0.887298,0.887298
Alpha,syn_E,2023-12-23,2023-12-23 11:00:00,2023-12-23 11:30:00,45,3,-1.092188,1.092188
Alpha,syn_E,2023-12-23,2023-12-23 12:00:00,2023-12-23 12:45:00,60,4,-0.83414,0.83414
Alpha,syn_E,2023-12-23,2023-12-23 13:15:00,2023-12-23 13:30:00,30,2,-0.025547,0.025547
Alpha,syn_E,2023-12-23,2023-12-23 14:15:00,2023-12-23 14:15:00,15,1,-0.074318,0.074318
Alpha,syn_E,2023-12-23,2023-12-23 15:15:00,2023-12-23 15:30:00,30,2,-0.201148,0.201148
Alpha,syn_E,2023-12-24,2023-12-24 13:00:00,2023-12-24 14:30:00,105,7,-2.635445,2.635445
Alpha,syn_E,2023-12-24,2023-12-24 15:15:00,2023-12-24 15:30:00,30,2,-0.390814,0.390814
Alpha,syn_E,2023-12-24,2023-12-24 16:00:00,2023-12-24 16:00:00,15,1,-0.368364,0.368364
Alpha,syn_E,2023-12-25,2023-12-25 10:30:00,2023-12-25 12:45:00,150,10,-1.516935,1.516935
Alpha,syn_E,2023-12-25,2023-12-25 13:45:00,2023-12-25 15:00:00,90,6,-1.120186,1.120186
Alpha,syn_E,2023-12-26,2023-12-26 12:00:00,2023-12-26 12:00:00,15,1,-0.319334,0.319334
Alpha,syn_E,2023-12-26,2023-12-26 12:30:00,2023-12-26 12:45:00,30,2,-0.476486,0.476486
Alpha,syn_E,2023-12-27,2023-12-27 09:15:00,2023-12-27 12:30:00,210,14,-1.562997,1.562997
Alpha,syn_E,2023-12-27,2023-12-27 13:00:00,2023-12-27 13:00:00,15,1,-0.284498,0.284498
Alpha,syn_E,2023-12-28,2023-12-28 09:30:00,2023-12-28 11:15:00,120,8,-1.023677,1.023677
Alpha,syn_E,2023-12-30,2023-12-30 11:15:00,2023-12-30 11:15:00,15,1,-0.096123,0.096123
Alpha,syn_E,2023-12-30,2023-12-30 14:45:00,2023-12-30 14:45:00,15,1,-0.07006,0.07006
Alpha,syn_E,2024-01-01,2024-01-01 12:45:00,2024-01-01 12:45:00,15,1,-0.156377,0.156377
Alpha,syn_E,2024-01-01,2024-01-01 13:30:00,2024-01-01 14:45:00,90,6,-1.713955,1.713955
Alpha,syn_E,2024-01-03,2024-01-03 10:00:00,2024-01-03 12:00:00,135,9,-0.364493,0.364493
Alpha,syn_E,2024-01-05,2024-01-05 10:15:00,2024-01-05 10:30:00,30,2,-0.956971,0.956971
Alpha,syn_E,2024-01-06,2024-01-06 10:15:00,2024-01-06 10:15:00,15,1,-0.421392,0.421392
Alpha,syn_E,2024-01-06,2024-01-06 11:15:00,2024-01-06 13:45:00,165,11,-1.195536,1.195536
Alpha,syn_E,2024-01-07,2024-01-07 09:15:00,2024-01-07 09:15:00,15,1,-0.016644,0.016644
Alpha,syn_E,2024-01-07,2024-01-07 09:45:00,2024-01-07 12:30:00,180,12,-1.463261,1.463261
Alpha,syn_E,2024-01-09,2024-01-09 14:30:00,2024-01-09 15:00:00,45,3,-2.034192,2.034192
Alpha,syn_E,2024-01-10,2024-01-10 12:30:00,2024-01-10 12:45:00,30,2,-0.34114,0.34114
Alpha,syn_E,2024-01-13,2024-01-13 10:45:00,2024-01-13 10:45:00,15,1,-0.069415,0.069415
Alpha,syn_E,2024-01-16,2024-01-16 13:15:00,2024-01-16 13:15:00,15,1,-0.171086,0.171086
Alpha,syn_E,2024-01-17,2024-01-17 11:00:00,2024-01-17 11:00:00,15,1,-0.226566,0.226566
Alpha,syn_E,2024-01-17,2024-01-17 11:30:00,2024-01-17 11:30:00,15,1,-0.526805,0.526805
Alpha,syn_E,2024-01-19,2024-01-19 10:00:00,2024-01-19 10:00:00,15,1,-0.246952,0.246952
Alpha,syn_E,2024-01-19,2024-01-19 10:45:00,2024-01-19 14:30:00,240,16,-2.075609,2.075609
Alpha,syn_E,2024-01-20,2024-01-20 10:45:00,2024-01-20 12:00:00,90,6,-0.455842,0.455842
Alpha,syn_E,2024-01-22,2024-01-22 11:30:00,2024-01-22 12:00:00,45,3,-0.356106,0.356106
Alpha,syn_E,2024-01-23,2024-01-23 09:45:00,2024-01-23 10:45:00,75,5,-0.720212,0.720212
Alpha,syn_E,2024-01-23,2024-01-23 13:00:00,2024-01-23 13:15:00,30,2,-1.16728,1.16728
Alpha,syn_E,2024-01-23,2024-01-23 15:00:00,2024-01-23 15:45:00,60,4,-1.006387,1.006387
Alpha,syn_E,2024-01-24,2024-01-24 09:45:00,2024-01-24 13:00:00,210,14,-1.236695,1.236695
Alpha,syn_E,2024-02-09,2024-02-09 09:30:00,2024-02-09 09:30:00,15,1,-0.137668,0.137668
Alpha,syn_E,2024-02-09,2024-02-09 10:15:00,2024-02-09 10:30:00,30,2,-0.656087,0.656087
Alpha,syn_E,2024-02-09,2024-02-09 11:15:00,2024-02-09 15:30:00,270,18,-2.755436,2.755436
Alpha,syn_E,2024-02-10,2024-02-10 11:30:00,2024-02-10 11:45:00,30,2,-0.601897,0.601897
Alpha,syn_E,2024-02-10,2024-02-10 12:45:00,2024-02-10 12:45:00,15,1,-0.316109,0.316109
Alpha,syn_E,2024-02-10,2024-02-10 15:45:00,2024-02-10 16:00:00,30,2,-0.212116,0.212116
Alpha,syn_E,2024-02-12,2024-02-12 09:45:00,2024-02-12 09:45:00,15,1,-0.341914,0.341914
Alpha,syn_E,2024-02-12,2024-02-12 10:30:00,2024-02-12 10:45:00,30,2,-0.933746,0.933746
Alpha,syn_E,2024-02-12,2024-02-12 11:45:00,2024-02-12 11:45:00,15,1,-0.550158,0.550158
Alpha,syn_E,2024-02-12,2024-02-12 12:15:00,2024-02-12 13:15:00,75,5,-0.573383,0.573383
Alpha,syn_E,2024-02-12,2024-02-12 13:45:00,2024-02-12 14:00:00,30,2,-0.648604,0.648604
Alpha,syn_E,2024-02-12,2024-02-12 14:30:00,2024-02-12 14:45:00,30,2,-0.600606,0.600606
Alpha,syn_E,2024-02-13,2024-02-13 10:45:00,2024-02-13 12:00:00,90,6,-0.289401,0.289401
Alpha,syn_E,2024-02-16,2024-02-16 11:15:00,2024-02-16 11:15:00,15,1,-0.384879,0.384879
Alpha,syn_E,2024-02-16,2024-02-16 11:45:00,2024-02-16 12:00:00,30,2,-0.232243,0.232243
Alpha,syn_E,2024-02-17,2024-02-17 11:15:00,2024-02-17 11:45:00,45,3,-0.048126,0.048126
Alpha,syn_E,2024-02-20,2024-02-20 10:15:00,2024-02-20 10:30:00,30,2,-1.257597,1.257597
Alpha,syn_E,2024-02-20,2024-02-20 11:45:00,2024-02-20 11:45:00,15,1,-0.289272,0.289272
Alpha,syn_E,2024-02-20,2024-02-20 13:00:00,2024-02-20 13:00:00,15,1,-0.60293,0.60293
Alpha,syn_E,2024-02-20,2024-02-20 14:00:00,2024-02-20 14:15:00,30,2,-0.490291,0.490291
Alpha,syn_E,2024-02-21,2024-02-21 11:15:00,2024-02-21 11:15:00,15,1,-0.052126,0.052126
Alpha,syn_E,2024-02-21,2024-02-21 13:00:00,2024-02-21 13:45:00,60,4,-1.292562,1.292562
Alpha,syn_E,2024-02-22,2024-02-22 11:15:00,2024-02-22 13:45:00,165,11,-1.242372,1.242372
Alpha,syn_E,2024-02-25,2024-02-25 14:30:00,2024-02-25 14:30:00,15,1,-0.165022,0.165022
Alpha,syn_E,2024-02-25,2024-02-25 15:00:00,2024-02-25 15:00:00,15,1,-0.156764,0.156764
Alpha,syn_E,2024-02-26,2024-02-26 10:15:00,2024-02-26 12:45:00,165,11,-0.971422,0.971422
Alpha,syn_E,2024-02-28,2024-02-28 11:15:00,2024-02-28 11:15:00,15,1,-0.257661,0.257661
Alpha,syn_E,2024-02-28,2024-02-28 11:45:00,2024-02-28 13:30:00,120,8,-1.489195,1.489195
Alpha,syn_E,2024-03-03,2024-03-03 11:15:00,2024-03-03 11:15:00,15,1,-0.050319,0.050319
Alpha,syn_E,2024-03-03,2024-03-03 12:15:00,2024-03-03 12:15:00,15,1,-0.320496,0.320496
Alpha,syn_E,2024-03-03,2024-03-03 13:00:00,2024-03-03 14:00:00,75,5,-1.042256,1.042256
Alpha,syn_E,2024-03-05,2024-03-05 09:45:00,2024-03-05 11:15:00,105,7,-0.892717,0.892717
Alpha,syn_E,2024-03-05,2024-03-05 11:45:00,2024-03-05 12:45:00,75,5,-0.730405,0.730405
Alpha,syn_E,2024-03-05,2024-03-05 13:30:00,2024-03-05 15:45:00,150,10,-2.634154,2.634154
Alpha,syn_E,2024-03-06,2024-03-06 09:45:00,2024-03-06 14:30:00,300,20,-2.52371,2.52371
Alpha,syn_E,2024-03-07,2024-03-07 10:30:00,2024-03-07 12:45:00,150,10,-0.60151,0.60151
Alpha,syn_E,2024-03-08,2024-03-08 11:15:00,2024-03-08 11:15:00,15,1,-0.240501,0.240501
Alpha,syn_E,2024-03-10,2024-03-10 10:30:00,2024-03-10 10:45:00,30,2,-0.238436,0.238436
Alpha,syn_E,2024-03-10,2024-03-10 11:45:00,2024-03-10 12:15:00,45,3,-0.279208,0.279208
Alpha,syn_E,2024-03-11,2024-03-11 10:00:00,2024-03-11 12:30:00,165,11,-0.840849,0.840849
Alpha,syn_E,2024-03-11,2024-03-11 13:00:00,2024-03-11 14:00:00,75,5,-0.625638,0.625638
Alpha,syn_E,2024-03-12,2024-03-12 09:45:00,2024-03-12 14:15:00,285,19,-1.838979,1.838979
Alpha,syn_E,2024-03-13,2024-03-13 10:15:00,2024-03-13 13:45:00,225,15,-2.254952,2.254952
Alpha,syn_E,2024-03-13,2024-03-13 14:15:00,2024-03-13 14:30:00,30,2,-0.456229,0.456229
Alpha,syn_E,2024-03-14,2024-03-14 10:00:00,2024-03-14 13:45:00,240,16,-1.572286,1.572286
Alpha,syn_E,2024-03-15,2024-03-15 13:45:00,2024-03-15 13:45:00,15,1,-0.234178,0.234178
Alpha,syn_E,2024-03-16,2024-03-16 11:30:00,2024-03-16 11:45:00,30,2,-1.468035,1.468035
Alpha,syn_E,2024-03-17,2024-03-17 11:15:00,2024-03-17 11:30:00,30,2,-0.510161,0.510161
Alpha,syn_E,2024-03-17,2024-03-17 12:00:00,2024-03-17 12:00:00,15,1,-0.87259,0.87259
Alpha,syn_E,2024-03-17,2024-03-17 13:00:00,2024-03-17 14:15:00,90,6,-1.123025,1.123025
Alpha,syn_E,2024-03-18,2024-03-18 14:00:00,2024-03-18 14:45:00,60,4,-1.874203,1.874203
Alpha,syn_E,2024-03-19,2024-03-19 12:15:00,2024-03-19 15:30:00,210,14,-2.393137,2.393137
Alpha,syn_E,2024-03-21,2024-03-21 10:15:00,2024-03-21 10:30:00,30,2,-0.351462,0.351462
Alpha,syn_E,2024-03-21,2024-03-21 11:00:00,2024-03-21 13:45:00,180,12,-1.697698,1.697698
Alpha,syn_E,2024-03-21,2024-03-21 14:15:00,2024-03-21 14:15:00,15,1,-0.100252,0.100252
Alpha,syn_E,2024-03-21,2024-03-21 15:15:00,2024-03-21 15:15:00,15,1,-0.505645,0.505645
Alpha,syn_E,2024-03-21,2024-03-21 15:45:00,2024-03-21 16:15:00,45,3,-0.473131,0.473131
Alpha,syn_E,2024-03-22,2024-03-22 12:15:00,2024-03-22 13:45:00,105,7,-1.677054,1.677054
Alpha,syn_E,2024-03-22,2024-03-22 14:15:00,2024-03-22 16:15:00,135,9,-1.870461,1.870461
Alpha,syn_E,2024-03-23,2024-03-23 11:45:00,2024-03-23 12:45:00,75,5,-1.245211,1.245211
Alpha,syn_E,2024-03-23,2024-03-23 13:15:00,2024-03-23 14:00:00,60,4,-2.124638,2.124638
Alpha,syn_E,2024-03-23,2024-03-23 14:30:00,2024-03-23 15:00:00,45,3,-1.108961,1.108961
Alpha,syn_E,2024-03-24,2024-03-24 10:30:00,2024-03-24 15:30:00,315,21,-2.71931,2.71931
Alpha,syn_E,2024-03-25,2024-03-25 09:45:00,2024-03-25 15:30:00,360,24,-2.783822,2.783822
Alpha,syn_E,2024-03-26,2024-03-26 09:45:00,2024-03-26 15:15:00,345,23,-2.824207,2.824207
Alpha,syn_E,2024-03-27,2024-03-27 10:30:00,2024-03-27 10:30:00,15,1,-0.935424,0.935424
Alpha,syn_E,2024-03-27,2024-03-27 11:00:00,2024-03-27 11:00:00,15,1,-0.510419,0.510419
Alpha,syn_E,2024-03-27,2024-03-27 11:30:00,2024-03-27 11:30:00,15,1,-0.555448,0.555448
Alpha,syn_E,2024-03-27,2024-03-27 12:30:00,2024-03-27 13:00:00,45,3,-1.662861,1.662861
Alpha,syn_E,2024-03-27,2024-03-27 13:30:00,2024-03-27 14:15:00,60,4,-1.617058,1.617058
Alpha,syn_E,2024-03-27,2024-03-27 15:00:00,2024-03-27 15:30:00,45,3,-1.699246,1.699246
Alpha,syn_E,2024-03-28,2024-03-28 10:00:00,2024-03-28 10:00:00,15,1,-0.01187,0.01187
Alpha,syn_E,2024-03-28,2024-03-28 11:15:00,2024-03-28 11:30:00,30,2,-0.522934,0.522934
Alpha,syn_E,2024-03-28,2024-03-28 13:45:00,2024-03-28 14:00:00,30,2,-0.668989,0.668989
Alpha,syn_E,2024-03-28,2024-03-28 14:45:00,2024-03-28 15:00:00,30,2,-1.156829,1.156829
Alpha,syn_E,2024-03-29,2024-03-29 13:15:00,2024-03-29 16:00:00,180,12,-2.572223,2.572223
Alpha,syn_E,2024-03-30,2024-03-30 10:30:00,2024-03-30 15:45:00,330,22,-2.819046,2.819046
Alpha,syn_E,2024-03-31,2024-03-31 11:30:00,2024-03-31 15:15:00,240,16,-2.692989,2.692989
Alpha,syn_E,2024-04-01,2024-04-01 09:15:00,2024-04-01 14:15:00,315,21,-2.251211,2.251211
Alpha,syn_E,2024-04-02,2024-04-02 09:30:00,2024-04-02 09:45:00,30,2,-1.16728,1.16728
Alpha,syn_E,2024-04-02,2024-04-02 10:15:00,2024-04-02 10:15:00,15,1,-0.135992,0.135992
Alpha,syn_E,2024-04-03,2024-04-03 08:45:00,2024-04-03 14:45:00,375,25,-3.180184,3.180184
Alpha,syn_E,2024-04-06,2024-04-06 09:15:00,2024-04-06 15:15:00,375,25,-2.186183,2.186183
Alpha,syn_E,2024-04-07,2024-04-07 09:00:00,2024-04-07 14:45:00,360,24,-2.969358,2.969358
Alpha,syn_E,2024-04-09,2024-04-09 08:45:00,2024-04-09 12:30:00,240,16,-3.493584,3.493584
Alpha,syn_E,2024-04-09,2024-04-09 13:45:00,2024-04-09 13:45:00,15,1,-0.282046,0.282046
Alpha,syn_E,2024-04-09,2024-04-09 14:15:00,2024-04-09 14:15:00,15,1,-0.355203,0.355203
Alpha,syn_E,2024-04-10,2024-04-10 09:30:00,2024-04-10 15:30:00,375,25,-2.488873,2.488873
Alpha,syn_E,2024-04-11,2024-04-11 09:00:00,2024-04-11 14:45:00,360,24,-3.627123,3.627123
Alpha,syn_E,2024-04-12,2024-04-12 09:00:00,2024-04-12 15:15:00,390,26,-3.370623,3.370623
Alpha,syn_E,2024-04-13,2024-04-13 09:00:00,2024-04-13 15:00:00,375,25,-2.922523,2.922523
Alpha,syn_E,2024-04-14,2024-04-14 10:15:00,2024-04-14 14:45:00,285,19,-2.718407,2.718407
Alpha,syn_E,2024-04-15,2024-04-15 09:30:00,2024-04-15 14:00:00,285,19,-2.9282,2.9282
Alpha,syn_E,2024-04-16,2024-04-16 09:45:00,2024-04-16 14:00:00,270,18,-1.715761,1.715761
Alpha,syn_E,2024-04-16,2024-04-16 14:30:00,2024-04-16 14:30:00,15,1,-0.263467,0.263467
Alpha,syn_E,2024-04-17,2024-04-17 09:15:00,2024-04-17 11:15:00,135,9,-2.420619,2.420619
Alpha,syn_E,2024-04-17,2024-04-17 12:00:00,2024-04-17 13:30:00,105,7,-3.717053,3.717053
Alpha,syn_E,2024-04-18,2024-04-18 09:45:00,2024-04-18 10:15:00,45,3,-0.929747,0.929747
Alpha,syn_E,2024-04-18,2024-04-18 11:15:00,2024-04-18 11:30:00,30,2,-1.744404,1.744404
Alpha,syn_E,2024-04-18,2024-04-18 12:00:00,2024-04-18 13:15:00,90,6,-3.215666,3.215666
Alpha,syn_E,2024-04-18,2024-04-18 14:15:00,2024-04-18 14:30:00,30,2,-2.270822,2.270822
Alpha,syn_E,2024-04-21,2024-04-21 10:30:00,2024-04-21 11:30:00,75,5,-0.977873,0.977873
Alpha,syn_E,2024-04-21,2024-04-21 12:00:00,2024-04-21 13:30:00,105,7,-1.993937,1.993937
Alpha,syn_E,2024-04-22,2024-04-22 09:00:00,2024-04-22 11:15:00,150,10,-2.368236,2.368236
Alpha,syn_E,2024-04-22,2024-04-22 11:45:00,2024-04-22 12:15:00,45,3,-2.683442,2.683442
Alpha,syn_E,2024-04-22,2024-04-22 13:30:00,2024-04-22 13:30:00,15,1,-0.26308,0.26308
Alpha,syn_E,2024-04-22,2024-04-22 14:15:00,2024-04-22 14:30:00,30,2,-0.71118,0.71118
Alpha,syn_E,2024-04-23,2024-04-23 09:00:00,2024-04-23 15:15:00,390,26,-4.030194,4.030194
Alpha,syn_E,2024-04-24,2024-04-24 09:15:00,2024-04-24 09:15:00,15,1,-0.052513,0.052513
Alpha,syn_E,2024-04-24,2024-04-24 10:15:00,2024-04-24 11:00:00,60,4,-0.913877,0.913877
Alpha,syn_E,2024-04-24,2024-04-24 11:30:00,2024-04-24 11:30:00,15,1,-0.999678,0.999678
Alpha,syn_E,2024-04-25,2024-04-25 10:30:00,2024-04-25 11:15:00,60,4,-2.397395,2.397395
Alpha,syn_E,2024-04-25,2024-04-25 13:15:00,2024-04-25 14:00:00,60,4,-1.935876,1.935876
Alpha,syn_E,2024-04-26,2024-04-26 10:00:00,2024-04-26 10:45:00,60,4,-1.764532,1.764532
Alpha,syn_E,2024-04-26,2024-04-26 11:45:00,2024-04-26 13:45:00,135,9,-2.783306,2.783306
Alpha,syn_E,2024-04-27,2024-04-27 09:30:00,2024-04-27 15:00:00,345,23,-2.688086,2.688086
Alpha,syn_E,2024-04-28,2024-04-28 11:15:00,2024-04-28 14:45:00,225,15,-2.443715,2.443715
Alpha,syn_E,2024-04-29,2024-04-29 09:45:00,2024-04-29 15:00:00,330,22,-2.819433,2.819433
Alpha,syn_E,2024-04-30,2024-04-30 11:15:00,2024-04-30 11:30:00,30,2,-0.183988,0.183988
Alpha,syn_E,2024-04-30,2024-04-30 13:30:00,2024-04-30 13:30:00,15,1,-0.654023,0.654023
Alpha,syn_E,2024-04-30,2024-04-30 14:00:00,2024-04-30 14:00:00,15,1,-0.645249,0.645249
Alpha,syn_E,2024-05-02,2024-05-02 12:45:00,2024-05-02 13:00:00,30,2,-0.964583,0.964583
Alpha,syn_E,2024-05-02,2024-05-02 13:30:00,2024-05-02 14:00:00,45,3,-1.560804,1.560804
Alpha,syn_E,2024-05-03,2024-05-03 09:45:00,2024-05-03 14:00:00,270,18,-1.714729,1.714729
Alpha,syn_E,2024-05-04,2024-05-04 11:00:00,2024-05-04 11:45:00,60,4,-1.330625,1.330625
Alpha,syn_E,2024-05-07,2024-05-07 11:45:00,2024-05-07 12:30:00,60,4,-2.009162,2.009162
Alpha,syn_E,2024-05-08,2024-05-08 09:30:00,2024-05-08 09:30:00,15,1,-0.374041,0.374041
Alpha,syn_E,2024-05-08,2024-05-08 10:00:00,2024-05-08 14:45:00,300,20,-2.443328,2.443328
Alpha,syn_E,2024-05-09,2024-05-09 10:00:00,2024-05-09 10:30:00,45,3,-0.608348,0.608348
Alpha,syn_E,2024-05-09,2024-05-09 12:15:00,2024-05-09 12:15:00,15,1,-0.301787,0.301787
Alpha,syn_E,2024-05-09,2024-05-09 12:45:00,2024-05-09 13:30:00,60,4,-0.51958,0.51958
Alpha,syn_E,2024-05-09,2024-05-09 14:00:00,2024-05-09 14:00:00,15,1,-0.384105,0.384105
Alpha,syn_E,2024-05-10,2024-05-10 13:00:00,2024-05-10 13:00:00,15,1,-0.383459,0.383459
Alpha,syn_E,2024-05-12,2024-05-12 13:00:00,2024-05-12 13:15:00,30,2,-0.678021,0.678021
Alpha,syn_E,2024-05-14,2024-05-14 09:30:00,2024-05-14 14:45:00,330,22,-2.591576,2.591576
Alpha,syn_E,2024-05-15,2024-05-15 09:45:00,2024-05-15 14:45:00,315,21,-2.142573,2.142573
Alpha,syn_E,2024-05-16,2024-05-16 10:45:00,2024-05-16 14:15:00,225,15,-2.438167,2.438167
Alpha,syn_E,2024-05-17,2024-05-17 11:30:00,2024-05-17 14:45:00,210,14,-1.998324,1.998324
Alpha,syn_E,2024-05-19,2024-05-19 11:30:00,2024-05-19 14:30:00,195,13,-1.648927,1.648927
Alpha,syn_E,2024-05-20,2024-05-20 10:15:00,2024-05-20 11:45:00,105,7,-1.532289,1.532289
Alpha,syn_E,2024-05-20,2024-05-20 12:15:00,2024-05-20 12:30:00,30,2,-1.125606,1.125606
Alpha,syn_E,2024-05-22,2024-05-22 10:00:00,2024-05-22 14:45:00,300,20,-2.256501,2.256501
Alpha,syn_E,2024-05-23,2024-05-23 11:30:00,2024-05-23 14:30:00,195,13,-1.92736,1.92736
Alpha,syn_E,2024-05-24,2024-05-24 10:15:00,2024-05-24 12:45:00,165,11,-1.861688,1.861688
Alpha,syn_E,2024-05-24,2024-05-24 14:00:00,2024-05-24 14:30:00,45,3,-0.74834,0.74834
Alpha,syn_E,2024-05-26,2024-05-26 11:00:00,2024-05-26 14:15:00,210,14,-1.46481,1.46481
Alpha,syn_E,2024-05-27,2024-05-27 10:15:00,2024-05-27 10:45:00,45,3,-1.055546,1.055546
Alpha,syn_E,2024-05-27,2024-05-27 11:15:00,2024-05-27 14:30:00,210,14,-1.913684,1.913684
Alpha,syn_E,2024-05-28,2024-05-28 10:15:00,2024-05-28 14:30:00,270,18,-1.911878,1.911878
Alpha,syn_E,2024-05-29,2024-05-29 10:30:00,2024-05-29 14:30:00,255,17,-1.978841,1.978841
Alpha,syn_E,2024-05-30,2024-05-30 10:15:00,2024-05-30 14:00:00,240,16,-1.916136,1.916136
Alpha,syn_E,2024-06-03,2024-06-03 10:30:00,2024-06-03 11:45:00,90,6,-0.835947,0.835947
Alpha,syn_E,2024-06-03,2024-06-03 12:30:00,2024-06-03 13:00:00,45,3,-0.874783,0.874783
Alpha,syn_E,2024-06-03,2024-06-03 13:45:00,2024-06-03 14:00:00,30,2,-0.653765,0.653765
Alpha,syn_E,2024-06-04,2024-06-04 11:30:00,2024-06-04 11:45:00,30,2,-1.040966,1.040966
Alpha,syn_E,2024-06-04,2024-06-04 12:45:00,2024-06-04 12:45:00,15,1,-1.41849,1.41849
Alpha,syn_E,2024-06-04,2024-06-04 13:15:00,2024-06-04 13:30:00,30,2,-0.836979,0.836979
Alpha,syn_E,2024-06-05,2024-06-05 11:00:00,2024-06-05 12:00:00,75,5,-1.555384,1.555384
Alpha,syn_E,2024-06-06,2024-06-06 10:30:00,2024-06-06 13:45:00,210,14,-1.811497,1.811497
Alpha,syn_E,2024-06-06,2024-06-06 14:30:00,2024-06-06 14:30:00,15,1,-0.211987,0.211987
Alpha,syn_E,2024-06-08,2024-06-08 10:30:00,2024-06-08 14:00:00,225,15,-1.530483,1.530483
Alpha,syn_E,2024-06-09,2024-06-09 11:30:00,2024-06-09 12:45:00,90,6,-1.366106,1.366106
Alpha,syn_E,2024-06-10,2024-06-10 11:00:00,2024-06-10 11:45:00,60,4,-0.852591,0.852591
Alpha,syn_E,2024-06-11,2024-06-11 12:00:00,2024-06-11 12:00:00,15,1,-0.27766,0.27766
Alpha,syn_E,2024-06-12,2024-06-12 10:15:00,2024-06-12 13:45:00,225,15,-1.772919,1.772919
Alpha,syn_E,2024-06-13,2024-06-13 10:30:00,2024-06-13 10:30:00,15,1,-0.138959,0.138959
Alpha,syn_E,2024-06-13,2024-06-13 11:00:00,2024-06-13 12:15:00,90,6,-1.387782,1.387782
Alpha,syn_E,2024-06-14,2024-06-14 11:30:00,2024-06-14 11:30:00,15,1,-0.678537,0.678537
Alpha,syn_E,2024-06-16,2024-06-16 11:00:00,2024-06-16 14:00:00,195,13,-1.28766,1.28766
Alpha,syn_E,2024-06-17,2024-06-17 11:15:00,2024-06-17 12:30:00,90,6,-0.934392,0.934392
Alpha,syn_E,2024-06-18,2024-06-18 10:45:00,2024-06-18 14:30:00,240,16,-1.677054,1.677054
Alpha,syn_E,2024-06-19,2024-06-19 10:45:00,2024-06-19 14:30:00,240,16,-1.482228,1.482228
Alpha,syn_E,2024-06-20,2024-06-20 13:00:00,2024-06-20 13:00:00,15,1,-0.327076,0.327076
Alpha,syn_E,2024-06-20,2024-06-20 14:00:00,2024-06-20 14:00:00,15,1,-0.121928,0.121928
Alpha,syn_E,2024-06-21,2024-06-21 11:00:00,2024-06-21 11:00:00,15,1,-0.131346,0.131346
Alpha,syn_E,2024-06-21,2024-06-21 11:45:00,2024-06-21 11:45:00,15,1,-0.568867,0.568867
Alpha,syn_E,2024-06-21,2024-06-21 12:15:00,2024-06-21 13:15:00,75,5,-0.490291,0.490291
Alpha,syn_E,2024-06-21,2024-06-21 14:00:00,2024-06-21 14:15:00,30,2,-0.53416,0.53416
Alpha,syn_E,2024-06-24,2024-06-24 13:00:00,2024-06-24 13:45:00,60,4,-0.195213,0.195213
Alpha,syn_E,2024-06-25,2024-06-25 11:15:00,2024-06-25 14:15:00,195,13,-1.074254,1.074254
Alpha,syn_E,2024-06-26,2024-06-26 11:00:00,2024-06-26 13:45:00,180,12,-1.424038,1.424038
Alpha,syn_E,2024-06-27,2024-06-27 10:30:00,2024-06-27 14:30:00,255,17,-1.835238,1.835238
Alpha,syn_E,2024-06-28,2024-06-28 11:00:00,2024-06-28 14:30:00,225,15,-1.357074,1.357074
Alpha,syn_E,2024-06-29,2024-06-29 12:00:00,2024-06-29 14:00:00,135,9,-0.581898,0.581898
Alpha,syn_E,2024-07-01,2024-07-01 10:45:00,2024-07-01 11:45:00,75,5,-1.07477,1.07477
Alpha,syn_E,2024-07-01,2024-07-01 12:30:00,2024-07-01 12:30:00,15,1,-0.810271,0.810271
Alpha,syn_E,2024-07-03,2024-07-03 11:45:00,2024-07-03 11:45:00,15,1,-0.565641,0.565641
Alpha,syn_E,2024-07-04,2024-07-04 11:30:00,2024-07-04 11:30:00,15,1,-0.14941,0.14941
Alpha,syn_E,2024-07-04,2024-07-04 12:45:00,2024-07-04 13:00:00,30,2,-0.784079,0.784079
Alpha,syn_E,2024-07-04,2024-07-04 14:00:00,2024-07-04 14:00:00,15,1,-0.334043,0.334043
Alpha,syn_E,2024-07-06,2024-07-06 13:15:00,2024-07-06 13:30:00,30,2,-0.427843,0.427843
Alpha,syn_E,2024-07-07,2024-07-07 11:00:00,2024-07-07 11:45:00,60,4,-0.704342,0.704342
Alpha,syn_E,2024-07-07,2024-07-07 12:15:00,2024-07-07 12:45:00,45,3,-1.160442,1.160442
Alpha,syn_E,2024-07-10,2024-07-10 10:45:00,2024-07-10 13:45:00,195,13,-1.431134,1.431134
Alpha,syn_E,2024-07-11,2024-07-11 10:30:00,2024-07-11 13:00:00,165,11,-1.64325,1.64325
Alpha,syn_E,2024-07-13,2024-07-13 11:15:00,2024-07-13 11:30:00,30,2,-0.283595,0.283595
Alpha,syn_E,2024-07-13,2024-07-13 12:00:00,2024-07-13 13:30:00,105,7,-1.497324,1.497324
Alpha,syn_E,2024-07-14,2024-07-14 11:00:00,2024-07-14 14:15:00,210,14,-1.135282,1.135282
Alpha,syn_E,2024-07-15,2024-07-15 11:00:00,2024-07-15 14:15:00,210,14,-1.053223,1.053223
Alpha,syn_E,2024-07-17,2024-07-17 10:30:00,2024-07-17 13:00:00,165,11,-2.944586,2.944586
Alpha,syn_E,2024-07-18,2024-07-18 10:30:00,2024-07-18 13:30:00,195,13,-1.904266,1.904266
Alpha,syn_E,2024-07-18,2024-07-18 14:30:00,2024-07-18 14:30:00,15,1,-0.156248,0.156248
Alpha,syn_E,2024-07-20,2024-07-20 13:15:00,2024-07-20 13:45:00,45,3,-0.942778,0.942778
Alpha,syn_E,2024-07-21,2024-07-21 11:00:00,2024-07-21 14:15:00,210,14,-1.320432,1.320432
Alpha,syn_E,2024-07-22,2024-07-22 10:45:00,2024-07-22 14:15:00,225,15,-1.791111,1.791111
Alpha,syn_E,2024-07-23,2024-07-23 10:30:00,2024-07-23 15:00:00,285,19,-2.220374,2.220374
Alpha,syn_E,2024-07-24,2024-07-24 10:30:00,2024-07-24 15:00:00,285,19,-2.233018,2.233018
Alpha,syn_E,2024-07-25,2024-07-25 10:45:00,2024-07-25 10:45:00,15,1,-0.165666,0.165666
Alpha,syn_E,2024-07-25,2024-07-25 11:15:00,2024-07-25 13:30:00,150,10,-2.092254,2.092254
Alpha,syn_E,2024-07-26,2024-07-26 09:45:00,2024-07-26 09:45:00,15,1,-0.007225,0.007225
Alpha,syn_E,2024-07-26,2024-07-26 11:45:00,2024-07-26 15:00:00,210,14,-2.475196,2.475196
Alpha,syn_E,2024-07-28,2024-07-28 10:30:00,2024-07-28 10:45:00,30,2,-0.491194,0.491194
Alpha,syn_E,2024-07-28,2024-07-28 11:45:00,2024-07-28 14:15:00,165,11,-1.664152,1.664152
Alpha,syn_E,2024-07-29,2024-07-29 10:30:00,2024-07-29 13:15:00,180,12,-2.006452,2.006452
Alpha,syn_E,2024-07-29,2024-07-29 14:30:00,2024-07-29 14:30:00,15,1,-0.500355,0.500355
Alpha,syn_E,2024-07-31,2024-07-31 11:00:00,2024-07-31 11:00:00,15,1,-0.687311,0.687311
Alpha,syn_E,2024-07-31,2024-07-31 14:30:00,2024-07-31 14:30:00,15,1,-0.274821,0.274821
Alpha,syn_E,2024-08-02,2024-08-02 10:45:00,2024-08-02 13:00:00,150,10,-2.251856,2.251856
Alpha,syn_E,2024-08-02,2024-08-02 13:30:00,2024-08-02 14:15:00,60,4,-1.436424,1.436424
Alpha,syn_E,2024-08-04,2024-08-04 12:15:00,2024-08-04 12:30:00,30,2,-0.522418,0.522418
Alpha,syn_E,2024-08-04,2024-08-04 13:45:00,2024-08-04 14:15:00,45,3,-1.161732,1.161732
Alpha,syn_E,2024-08-06,2024-08-06 09:45:00,2024-08-06 14:30:00,300,20,-2.392364,2.392364
Alpha,syn_E,2024-08-08,2024-08-08 10:15:00,2024-08-08 15:00:00,300,20,-2.564868,2.564868
Alpha,syn_E,2024-08-09,2024-08-09 11:15:00,2024-08-09 15:00:00,240,16,-2.839302,2.839302
Alpha,syn_E,2024-08-10,2024-08-10 11:15:00,2024-08-10 12:45:00,105,7,-1.424812,1.424812
Alpha,syn_E,2024-08-10,2024-08-10 13:15:00,2024-08-10 14:30:00,90,6,-0.753758,0.753758
Alpha,syn_E,2024-08-10,2024-08-10 15:00:00,2024-08-10 15:00:00,15,1,-0.273789,0.273789
Alpha,syn_E,2024-08-11,2024-08-11 12:15:00,2024-08-11 12:15:00,15,1,-0.282562,0.282562
Alpha,syn_E,2024-08-13,2024-08-13 11:15:00,2024-08-13 11:15:00,15,1,-0.284756,0.284756
Alpha,syn_E,2024-08-13,2024-08-13 11:45:00,2024-08-13 13:45:00,135,9,-1.788402,1.788402
Alpha,syn_E,2024-08-16,2024-08-16 12:15:00,2024-08-16 12:15:00,15,1,-0.237275,0.237275
Alpha,syn_E,2024-08-16,2024-08-16 13:15:00,2024-08-16 13:45:00,45,3,-1.207536,1.207536
Alpha,syn_E,2024-08-16,2024-08-16 15:00:00,2024-08-16 15:15:00,30,2,-0.114702,0.114702
Alpha,syn_E,2024-08-17,2024-08-17 09:30:00,2024-08-17 14:15:00,300,20,-3.384042,3.384042
Alpha,syn_E,2024-08-17,2024-08-17 14:45:00,2024-08-17 15:00:00,30,2,-1.424296,1.424296
Alpha,syn_E,2024-08-18,2024-08-18 10:00:00,2024-08-18 13:00:00,195,13,-2.595189,2.595189
Alpha,syn_E,2024-08-19,2024-08-19 09:30:00,2024-08-19 12:45:00,210,14,-3.553063,3.553063
Alpha,syn_E,2024-08-19,2024-08-19 14:15:00,2024-08-19 15:15:00,75,5,-1.186763,1.186763
Alpha,syn_E,2024-08-20,2024-08-20 11:00:00,2024-08-20 15:30:00,285,19,-3.439006,3.439006
Alpha,syn_E,2024-08-21,2024-08-21 09:15:00,2024-08-21 10:30:00,90,6,-1.744018,1.744018
Alpha,syn_E,2024-08-21,2024-08-21 11:00:00,2024-08-21 14:30:00,225,15,-3.163153,3.163153
Alpha,syn_E,2024-08-21,2024-08-21 15:30:00,2024-08-21 15:30:00,15,1,-0.157667,0.157667
Alpha,syn_E,2024-08-22,2024-08-22 11:15:00,2024-08-22 15:30:00,270,18,-3.238244,3.238244
Alpha,syn_E,2024-08-23,2024-08-23 09:30:00,2024-08-23 14:15:00,300,20,-3.75576,3.75576
Alpha,syn_E,2024-08-24,2024-08-24 10:00:00,2024-08-24 10:30:00,45,3,-2.113672,2.113672
Alpha,syn_E,2024-08-24,2024-08-24 11:15:00,2024-08-24 11:15:00,15,1,-0.246307,0.246307
Alpha,syn_E,2024-08-24,2024-08-24 13:30:00,2024-08-24 15:15:00,120,8,-2.644992,2.644992
Alpha,syn_E,2024-08-26,2024-08-26 09:00:00,2024-08-26 15:30:00,405,27,-4.202312,4.202312
Alpha,syn_E,2024-08-27,2024-08-27 09:00:00,2024-08-27 15:45:00,420,28,-4.202699,4.202699
Alpha,syn_E,2024-08-28,2024-08-28 09:00:00,2024-08-28 15:30:00,405,27,-4.127607,4.127607
Alpha,syn_E,2024-08-29,2024-08-29 08:45:00,2024-08-29 15:30:00,420,28,-4.236116,4.236116
Alpha,syn_E,2024-08-30,2024-08-30 09:00:00,2024-08-30 15:30:00,405,27,-3.942458,3.942458
Alpha,syn_E,2024-08-31,2024-08-31 09:00:00,2024-08-31 15:30:00,405,27,-4.03471,4.03471
Alpha,syn_E,2024-09-01,2024-09-01 09:00:00,2024-09-01 15:30:00,405,27,-3.762727,3.762727
Alpha,syn_E,2024-09-02,2024-09-02 08:45:00,2024-09-02 15:30:00,420,28,-4.288242,4.288242
Alpha,syn_E,2024-09-03,2024-09-03 08:45:00,2024-09-03 15:45:00,435,29,-4.303338,4.303338
Alpha,syn_E,2024-09-04,2024-09-04 09:15:00,2024-09-04 15:30:00,390,26,-3.877688,3.877688
Alpha,syn_E,2024-09-05,2024-09-05 09:00:00,2024-09-05 15:30:00,405,27,-4.257792,4.257792
Alpha,syn_E,2024-09-06,2024-09-06 08:45:00,2024-09-06 15:30:00,420,28,-4.306305,4.306305
Alpha,syn_E,2024-09-07,2024-09-07 09:00:00,2024-09-07 14:30:00,345,23,-3.136058,3.136058
Alpha,syn_E,2024-09-08,2024-09-08 10:30:00,2024-09-08 10:30:00,15,1,-1.809562,1.809562
Alpha,syn_E,2024-09-08,2024-09-08 11:15:00,2024-09-08 11:15:00,15,1,-0.067867,0.067867
Alpha,syn_E,2024-09-09,2024-09-09 09:00:00,2024-09-09 12:30:00,225,15,-3.571255,3.571255
Alpha,syn_E,2024-09-09,2024-09-09 13:15:00,2024-09-09 14:15:00,75,5,-2.598802,2.598802
Alpha,syn_E,2024-09-09,2024-09-09 15:00:00,2024-09-09 15:30:00,45,3,-1.513064,1.513064
Alpha,syn_E,2024-09-10,2024-09-10 08:45:00,2024-09-10 15:30:00,420,28,-3.972778,3.972778
Alpha,syn_E,2024-09-11,2024-09-11 09:00:00,2024-09-11 15:15:00,390,26,-4.087738,4.087738
Alpha,syn_E,2024-09-12,2024-09-12 10:00:00,2024-09-12 11:30:00,105,7,-1.848398,1.848398
Alpha,syn_E,2024-09-12,2024-09-12 12:00:00,2024-09-12 12:45:00,60,4,-2.285789,2.285789
Alpha,syn_E,2024-09-12,2024-09-12 13:15:00,2024-09-12 13:15:00,15,1,-2.494679,2.494679
Alpha,syn_E,2024-09-12,2024-09-12 14:00:00,2024-09-12 14:45:00,60,4,-1.549836,1.549836
Alpha,syn_E,2024-09-13,2024-09-13 09:00:00,2024-09-13 09:00:00,15,1,-0.007612,0.007612
Alpha,syn_E,2024-09-13,2024-09-13 09:45:00,2024-09-13 10:15:00,45,3,-1.147668,1.147668
Alpha,syn_E,2024-09-13,2024-09-13 10:45:00,2024-09-13 12:15:00,105,7,-3.385461,3.385461
Alpha,syn_E,2024-09-13,2024-09-13 13:00:00,2024-09-13 13:00:00,15,1,-0.547449,0.547449
Alpha,syn_E,2024-09-13,2024-09-13 13:45:00,2024-09-13 14:30:00,60,4,-1.636412,1.636412
Alpha,syn_E,2024-09-14,2024-09-14 09:00:00,2024-09-14 15:30:00,405,27,-4.021549,4.021549
Alpha,syn_E,2024-09-15,2024-09-15 08:45:00,2024-09-15 15:30:00,420,28,-3.251663,3.251663
Alpha,syn_E,2024-09-16,2024-09-16 08:45:00,2024-09-16 15:45:00,435,29,-4.594803,4.594803
Alpha,syn_E,2024-09-17,2024-09-17 09:00:00,2024-09-17 15:45:00,420,28,-4.223472,4.223472
Alpha,syn_E,2024-09-18,2024-09-18 08:45:00,2024-09-18 15:45:00,435,29,-4.502164,4.502164
Alpha,syn_E,2024-09-19,2024-09-19 08:45:00,2024-09-19 15:30:00,420,28,-4.462295,4.462295
Alpha,syn_E,2024-09-20,2024-09-20 08:45:00,2024-09-20 15:30:00,420,28,-4.212376,4.212376
Alpha,syn_E,2024-09-21,2024-09-21 08:45:00,2024-09-21 15:30:00,420,28,-4.166314,4.166314
Alpha,syn_E,2024-09-22,2024-09-22 08:30:00,2024-09-22 15:30:00,435,29,-4.052644,4.052644
Alpha,syn_E,2024-09-23,2024-09-23 08:30:00,2024-09-23 15:30:00,435,29,-4.09548,4.09548
Alpha,syn_E,2024-09-24,2024-09-24 08:45:00,2024-09-24 12:30:00,240,16,-2.755179,2.755179
Alpha,syn_E,2024-09-24,2024-09-24 13:45:00,2024-09-24 14:00:00,30,2,-0.169666,0.169666
Alpha,syn_E,2024-09-25,2024-09-25 10:45:00,2024-09-25 13:00:00,150,10,-3.768662,3.768662
Alpha,syn_E,2024-09-25,2024-09-25 13:30:00,2024-09-25 15:00:00,105,7,-2.580738,2.580738
Alpha,syn_E,2024-09-29,2024-09-29 10:45:00,2024-09-29 11:30:00,60,4,-1.85601,1.85601
Alpha,syn_E,2024-09-29,2024-09-29 12:00:00,2024-09-29 13:00:00,75,5,-2.439715,2.439715
Alpha,syn_E,2024-09-29,2024-09-29 13:45:00,2024-09-29 14:00:00,30,2,-1.650217,1.650217
Alpha,syn_F,2021-11-01,2021-11-01 09:30:00,2021-11-01 10:00:00,45,3,-0.957143,0.957143
Alpha,syn_F,2021-11-01,2021-11-01 10:45:00,2021-11-01 10:45:00,15,1,-0.776295,0.776295
Alpha,syn_F,2021-11-01,2021-11-01 11:15:00,2021-11-01 11:30:00,30,2,-1.088103,1.088103
Alpha,syn_F,2021-11-01,2021-11-01 12:00:00,2021-11-01 12:15:00,30,2,-0.568781,0.568781
Alpha,syn_F,2021-11-01,2021-11-01 12:45:00,2021-11-01 12:45:00,15,1,-0.795648,0.795648
Alpha,syn_F,2021-11-01,2021-11-01 14:30:00,2021-11-01 14:45:00,30,2,-0.281273,0.281273
Alpha,syn_F,2021-11-01,2021-11-01 15:30:00,2021-11-01 15:45:00,30,2,-0.736942,0.736942
Alpha,syn_F,2021-11-02,2021-11-02 09:15:00,2021-11-02 16:15:00,435,29,-2.619832,2.619832
Alpha,syn_F,2021-11-03,2021-11-03 09:15:00,2021-11-03 09:15:00,15,1,-0.011827,0.011827
Alpha,syn_F,2021-11-03,2021-11-03 10:30:00,2021-11-03 16:30:00,375,25,-2.898524,2.898524
Alpha,syn_F,2021-11-04,2021-11-04 10:00:00,2021-11-04 10:00:00,15,1,-0.343204,0.343204
Alpha,syn_F,2021-11-05,2021-11-05 10:30:00,2021-11-05 10:45:00,30,2,-0.864031,0.864031
Alpha,syn_F,2021-11-05,2021-11-05 11:15:00,2021-11-05 12:15:00,75,5,-1.967831,1.967831
Alpha,syn_F,2021-11-05,2021-11-05 13:00:00,2021-11-05 13:30:00,45,3,-0.308583,0.308583
Alpha,syn_F,2021-11-05,2021-11-05 14:45:00,2021-11-05 15:00:00,30,2,-0.426209,0.426209
Alpha,syn_F,2021-11-05,2021-11-05 15:30:00,2021-11-05 15:30:00,15,1,-0.175258,0.175258
Alpha,syn_F,2021-11-06,2021-11-06 09:45:00,2021-11-06 12:45:00,195,13,-1.29196,1.29196
Alpha,syn_F,2021-11-06,2021-11-06 13:15:00,2021-11-06 15:30:00,150,10,-1.597102,1.597102
Alpha,syn_F,2021-11-07,2021-11-07 13:15:00,2021-11-07 13:45:00,45,3,-1.753006,1.753006
Alpha,syn_F,2021-11-07,2021-11-07 14:30:00,2021-11-07 14:45:00,30,2,-0.991765,0.991765
Alpha,syn_F,2021-11-08,2021-11-08 10:30:00,2021-11-08 10:45:00,30,2,-0.77651,0.77651
Alpha,syn_F,2021-11-08,2021-11-08 11:15:00,2021-11-08 11:15:00,15,1,-0.818658,0.818658
Alpha,syn_F,2021-11-08,2021-11-08 12:00:00,2021-11-08 12:30:00,45,3,-1.358622,1.358622
Alpha,syn_F,2021-11-08,2021-11-08 13:15:00,2021-11-08 15:30:00,150,10,-2.531451,2.531451
Alpha,syn_F,2021-11-08,2021-11-08 16:15:00,2021-11-08 16:30:00,30,2,-0.409006,0.409006
Alpha,syn_F,2021-11-09,2021-11-09 09:45:00,2021-11-09 09:45:00,15,1,-0.197192,0.197192
Alpha,syn_F,2021-11-09,2021-11-09 11:00:00,2021-11-09 16:15:00,330,22,-2.114058,2.114058
Alpha,syn_F,2021-11-12,2021-11-12 09:45:00,2021-11-12 15:45:00,375,25,-2.36673,2.36673
Alpha,syn_F,2021-11-13,2021-11-13 09:45:00,2021-11-13 10:30:00,60,4,-0.662108,0.662108
Alpha,syn_F,2021-11-13,2021-11-13 11:00:00,2021-11-13 11:00:00,15,1,-0.178268,0.178268
Alpha,syn_F,2021-11-13,2021-11-13 13:30:00,2021-11-13 13:45:00,30,2,-0.932628,0.932628
Alpha,syn_F,2021-11-14,2021-11-14 09:30:00,2021-11-14 15:00:00,345,23,-2.356838,2.356838
Alpha,syn_F,2021-11-14,2021-11-14 16:00:00,2021-11-14 16:30:00,45,3,-1.095414,1.095414
Alpha,syn_F,2021-11-15,2021-11-15 09:00:00,2021-11-15 16:45:00,480,32,-3.0912,3.0912
Alpha,syn_F,2021-11-16,2021-11-16 09:15:00,2021-11-16 11:30:00,150,10,-1.479905,1.479905
Alpha,syn_F,2021-11-16,2021-11-16 12:00:00,2021-11-16 16:45:00,300,20,-3.025398,3.025398
Alpha,syn_F,2021-11-17,2021-11-17 11:30:00,2021-11-17 13:30:00,135,9,-2.538117,2.538117
Alpha,syn_F,2021-11-17,2021-11-17 14:00:00,2021-11-17 16:30:00,165,11,-2.707354,2.707354
Alpha,syn_F,2021-11-18,2021-11-18 09:15:00,2021-11-18 16:15:00,435,29,-2.395546,2.395546
Alpha,syn_F,2021-11-22,2021-11-22 14:15:00,2021-11-22 14:30:00,30,2,-0.88919,0.88919
Alpha,syn_F,2021-11-22,2021-11-22 17:00:00,2021-11-22 17:00:00,15,1,-0.057631,0.057631
Alpha,syn_F,2021-11-23,2021-11-23 11:15:00,2021-11-23 11:30:00,30,2,-0.543191,0.543191
Alpha,syn_F,2021-11-24,2021-11-24 09:15:00,2021-11-24 09:15:00,15,1,-0.445133,0.445133
Alpha,syn_F,2021-11-24,2021-11-24 10:30:00,2021-11-24 10:30:00,15,1,-0.78081,0.78081
Alpha,syn_F,2021-11-24,2021-11-24 11:00:00,2021-11-24 13:45:00,180,12,-1.315614,1.315614
Alpha,syn_F,2021-11-24,2021-11-24 14:30:00,2021-11-24 15:15:00,60,4,-0.736727,0.736727
Alpha,syn_F,2021-11-25,2021-11-25 10:30:00,2021-11-25 10:30:00,15,1,-0.650066,0.650066
Alpha,syn_F,2021-11-25,2021-11-25 12:00:00,2021-11-25 12:00:00,15,1,-0.471582,0.471582
Alpha,syn_F,2021-11-29,2021-11-29 12:45:00,2021-11-29 13:00:00,30,2,-0.979077,0.979077
Alpha,syn_F,2021-12-01,2021-12-01 12:00:00,2021-12-01 12:00:00,15,1,-0.48255,0.48255
Alpha,syn_F,2021-12-01,2021-12-01 15:30:00,2021-12-01 15:30:00,15,1,-0.16128,0.16128
Alpha,syn_F,2021-12-02,2021-12-02 11:00:00,2021-12-02 16:15:00,330,22,-1.496678,1.496678
Alpha,syn_F,2021-12-03,2021-12-03 09:30:00,2021-12-03 14:00:00,285,19,-1.39948,1.39948
Alpha,syn_F,2021-12-05,2021-12-05 09:45:00,2021-12-05 10:30:00,60,4,-1.039718,1.039718
Alpha,syn_F,2021-12-06,2021-12-06 11:00:00,2021-12-06 12:15:00,90,6,-1.493238,1.493238
Alpha,syn_F,2021-12-06,2021-12-06 14:00:00,2021-12-06 14:00:00,15,1,-0.269015,0.269015
Alpha,syn_F,2021-12-06,2021-12-06 14:30:00,2021-12-06 14:30:00,15,1,-0.280412,0.280412
Alpha,syn_F,2021-12-06,2021-12-06 15:15:00,2021-12-06 15:45:00,45,3,-1.622262,1.622262
Alpha,syn_F,2021-12-07,2021-12-07 11:15:00,2021-12-07 15:15:00,255,17,-2.179215,2.179215
Alpha,syn_F,2021-12-08,2021-12-08 13:45:00,2021-12-08 14:15:00,45,3,-0.632648,0.632648
Alpha,syn_F,2021-12-08,2021-12-08 14:45:00,2021-12-08 15:00:00,30,2,-0.825754,0.825754
Alpha,syn_F,2021-12-09,2021-12-09 10:15:00,2021-12-09 11:30:00,90,6,-1.195622,1.195622
Alpha,syn_F,2021-12-09,2021-12-09 12:00:00,2021-12-09 13:30:00,105,7,-1.586995,1.586995
Alpha,syn_F,2021-12-09,2021-12-09 14:00:00,2021-12-09 14:45:00,60,4,-1.866762,1.866762
Alpha,syn_F,2021-12-09,2021-12-09 15:15:00,2021-12-09 15:30:00,30,2,-0.80769,0.80769
Alpha,syn_F,2021-12-10,2021-12-10 09:00:00,2021-12-10 15:00:00,375,25,-3.22818,3.22818
Alpha,syn_F,2021-12-11,2021-12-11 13:00:00,2021-12-11 13:45:00,60,4,-1.629788,1.629788
Alpha,syn_F,2021-12-12,2021-12-12 11:00:00,2021-12-12 14:15:00,210,14,-1.527429,1.527429
Alpha,syn_F,2021-12-12,2021-12-12 15:00:00,2021-12-12 15:45:00,60,4,-1.271532,1.271532
Alpha,syn_F,2021-12-13,2021-12-13 09:15:00,2021-12-13 16:45:00,465,31,-3.048837,3.048837
Alpha,syn_F,2021-12-14,2021-12-14 10:15:00,2021-12-14 15:15:00,315,21,-2.799176,2.799176
Alpha,syn_F,2021-12-14,2021-12-14 15:45:00,2021-12-14 15:45:00,15,1,-0.579963,0.579963
Alpha,syn_F,2021-12-14,2021-12-14 16:15:00,2021-12-14 16:45:00,45,3,-0.395458,0.395458
Alpha,syn_F,2021-12-15,2021-12-15 09:15:00,2021-12-15 15:15:00,375,25,-2.42221,2.42221
Alpha,syn_F,2021-12-16,2021-12-16 14:15:00,2021-12-16 14:15:00,15,1,-0.862096,0.862096
Alpha,syn_F,2021-12-17,2021-12-17 13:15:00,2021-12-17 13:30:00,30,2,-0.575232,0.575232
Alpha,syn_F,2021-12-17,2021-12-17 15:15:00,2021-12-17 15:45:00,45,3,-1.274542,1.274542
Alpha,syn_F,2021-12-17,2021-12-17 16:15:00,2021-12-17 16:15:00,15,1,-0.462981,0.462981
Alpha,syn_F,2021-12-18,2021-12-18 10:15:00,2021-12-18 10:15:00,15,1,-0.021934,0.021934
Alpha,syn_F,2021-12-27,2021-12-27 12:45:00,2021-12-27 13:30:00,60,4,-1.058212,1.058212
Alpha,syn_F,2021-12-28,2021-12-28 10:30:00,2021-12-28 10:30:00,15,1,-0.742318,0.742318
Alpha,syn_F,2021-12-28,2021-12-28 12:00:00,2021-12-28 13:30:00,105,7,-2.159217,2.159217
Alpha,syn_F,2021-12-28,2021-12-28 14:00:00,2021-12-28 14:00:00,15,1,-0.190096,0.190096
Alpha,syn_F,2021-12-28,2021-12-28 14:30:00,2021-12-28 14:30:00,15,1,-0.278907,0.278907
Alpha,syn_F,2021-12-28,2021-12-28 16:45:00,2021-12-28 17:00:00,30,2,-0.626842,0.626842
Alpha,syn_F,2021-12-29,2021-12-29 12:15:00,2021-12-29 13:15:00,75,5,-1.431306,1.431306
Alpha,syn_F,2021-12-29,2021-12-29 14:00:00,2021-12-29 16:30:00,165,11,-2.746706,2.746706
Alpha,syn_F,2021-12-30,2021-12-30 09:30:00,2021-12-30 11:15:00,120,8,-0.874998,0.874998
Alpha,syn_F,2021-12-30,2021-12-30 11:45:00,2021-12-30 16:30:00,300,20,-2.594242,2.594242
Alpha,syn_F,2021-12-31,2021-12-31 09:30:00,2021-12-31 12:45:00,210,14,-1.12982,1.12982
Alpha,syn_F,2021-12-31,2021-12-31 13:45:00,2021-12-31 13:45:00,15,1,-0.036987,0.036987
Alpha,syn_F,2022-01-01,2022-01-01 11:15:00,2022-01-01 11:15:00,15,1,-0.096983,0.096983
Alpha,syn_F,2022-01-01,2022-01-01 13:15:00,2022-01-01 13:15:00,15,1,-0.116767,0.116767
Alpha,syn_F,2022-01-01,2022-01-01 13:45:00,2022-01-01 13:45:00,15,1,-0.299981,0.299981
Alpha,syn_F,2022-01-01,2022-01-01 15:00:00,2022-01-01 15:00:00,15,1,-0.153324,0.153324
Alpha,syn_F,2022-01-04,2022-01-04 11:00:00,2022-01-04 11:00:00,15,1,-0.205363,0.205363
Alpha,syn_F,2022-01-04,2022-01-04 14:00:00,2022-01-04 14:30:00,45,3,-0.805324,0.805324
Alpha,syn_F,2022-01-05,2022-01-05 11:00:00,2022-01-05 11:00:00,15,1,-0.15956,0.15956
Alpha,syn_F,2022-01-05,2022-01-05 11:30:00,2022-01-05 11:45:00,30,2,-0.113111,0.113111
Alpha,syn_F,2022-01-05,2022-01-05 12:45:00,2022-01-05 14:45:00,135,9,-0.450509,0.450509
Alpha,syn_F,2022-01-06,2022-01-06 11:45:00,2022-01-06 11:45:00,15,1,-0.390943,0.390943
Alpha,syn_F,2022-01-13,2022-01-13 10:15:00,2022-01-13 10:15:00,15,1,-0.153109,0.153109
Alpha,syn_F,2022-01-13,2022-01-13 14:00:00,2022-01-13 14:30:00,45,3,-0.114616,0.114616
Alpha,syn_F,2022-01-14,2022-01-14 10:45:00,2022-01-14 11:00:00,30,2,-0.055695,0.055695
Alpha,syn_F,2022-01-20,2022-01-20 10:30:00,2022-01-20 11:45:00,90,6,-2.176635,2.176635
Alpha,syn_F,2022-01-20,2022-01-20 12:15:00,2022-01-20 12:15:00,15,1,-0.028385,0.028385
Alpha,syn_F,2022-01-20,2022-01-20 13:30:00,2022-01-20 14:15:00,60,4,-1.620326,1.620326
Alpha,syn_F,2022-01-20,2022-01-20 14:45:00,2022-01-20 15:45:00,75,5,-2.134057,2.134057
Alpha,syn_F,2022-01-21,2022-01-21 11:45:00,2022-01-21 15:15:00,225,15,-2.409953,2.409953
Alpha,syn_F,2022-01-21,2022-01-21 16:15:00,2022-01-21 16:15:00,15,1,-0.192676,0.192676
Alpha,syn_F,2022-01-22,2022-01-22 10:00:00,2022-01-22 11:30:00,105,7,-0.835645,0.835645
Alpha,syn_F,2022-01-22,2022-01-22 13:45:00,2022-01-22 13:45:00,15,1,-0.601467,0.601467
Alpha,syn_F,2022-01-23,2022-01-23 10:30:00,2022-01-23 11:00:00,45,3,-0.688773,0.688773
Alpha,syn_F,2022-01-23,2022-01-23 12:30:00,2022-01-23 15:30:00,195,13,-1.284219,1.284219
Alpha,syn_F,2022-01-24,2022-01-24 12:15:00,2022-01-24 13:45:00,105,7,-1.02144,1.02144
Alpha,syn_F,2022-01-24,2022-01-24 14:15:00,2022-01-24 15:45:00,105,7,-0.652216,0.652216
Alpha,syn_F,2022-01-25,2022-01-25 10:45:00,2022-01-25 10:45:00,15,1,-0.461261,0.461261
Alpha,syn_F,2022-01-25,2022-01-25 12:45:00,2022-01-25 13:00:00,30,2,-0.694794,0.694794
Alpha,syn_F,2022-01-25,2022-01-25 14:00:00,2022-01-25 14:15:00,30,2,-1.269811,1.269811
Alpha,syn_F,2022-01-25,2022-01-25 16:00:00,2022-01-25 16:00:00,15,1,-0.188375,0.188375
Alpha,syn_F,2022-01-26,2022-01-26 13:15:00,2022-01-26 16:00:00,180,12,-1.770854,1.770854
Alpha,syn_F,2022-01-27,2022-01-27 09:45:00,2022-01-27 10:00:00,30,2,-0.056126,0.056126
Alpha,syn_F,2022-01-27,2022-01-27 10:30:00,2022-01-27 12:15:00,120,8,-1.177559,1.177559
Alpha,syn_F,2022-01-27,2022-01-27 12:45:00,2022-01-27 15:00:00,150,10,-0.827259,0.827259
Alpha,syn_F,2022-01-28,2022-01-28 10:30:00,2022-01-28 12:30:00,135,9,-0.356321,0.356321
Alpha,syn_F,2022-02-03,2022-02-03 15:00:00,2022-02-03 15:30:00,45,3,-1.046814,1.046814
Alpha,syn_F,2022-02-03,2022-02-03 16:00:00,2022-02-03 16:45:00,60,4,-0.868546,0.868546
Alpha,syn_F,2022-02-04,2022-02-04 11:00:00,2022-02-04 11:15:00,30,2,-1.365074,1.365074
Alpha,syn_F,2022-02-04,2022-02-04 12:00:00,2022-02-04 14:45:00,180,12,-2.719611,2.719611
Alpha,syn_F,2022-02-05,2022-02-05 10:30:00,2022-02-05 11:00:00,45,3,-0.853063,0.853063
Alpha,syn_F,2022-02-05,2022-02-05 12:30:00,2022-02-05 16:15:00,240,16,-2.477261,2.477261
Alpha,syn_F,2022-02-06,2022-02-06 12:00:00,2022-02-06 14:30:00,165,11,-2.233406,2.233406
Alpha,syn_F,2022-02-06,2022-02-06 15:15:00,2022-02-06 16:30:00,90,6,-1.804401,1.804401
Alpha,syn_F,2022-02-07,2022-02-07 09:45:00,2022-02-07 15:45:00,375,25,-2.79853,2.79853
Alpha,syn_F,2022-02-07,2022-02-07 16:15:00,2022-02-07 16:15:00,15,1,-0.194182,0.194182
Alpha,syn_F,2022-02-08,2022-02-08 09:45:00,2022-02-08 10:45:00,75,5,-0.883814,0.883814
Alpha,syn_F,2022-02-08,2022-02-08 11:45:00,2022-02-08 12:30:00,60,4,-0.802099,0.802099
Alpha,syn_F,2022-02-08,2022-02-08 13:30:00,2022-02-08 13:45:00,30,2,-1.015634,1.015634
Alpha,syn_F,2022-02-08,2022-02-08 14:45:00,2022-02-08 16:30:00,120,8,-1.45453,1.45453
Alpha,syn_F,2022-02-09,2022-02-09 09:45:00,2022-02-09 15:00:00,330,22,-2.01342,2.01342
Alpha,syn_F,2022-02-10,2022-02-10 10:00:00,2022-02-10 12:45:00,180,12,-0.882309,0.882309
Alpha,syn_F,2022-02-11,2022-02-11 11:15:00,2022-02-11 11:45:00,45,3,-0.261704,0.261704
Alpha,syn_F,2022-02-12,2022-02-12 10:45:00,2022-02-12 12:15:00,105,7,-1.400986,1.400986
Alpha,syn_F,2022-02-12,2022-02-12 13:15:00,2022-02-12 13:30:00,30,2,-0.494377,0.494377
Alpha,syn_F,2022-02-13,2022-02-13 11:45:00,2022-02-13 12:15:00,45,3,-0.763822,0.763822
Alpha,syn_F,2022-02-13,2022-02-13 15:00:00,2022-02-13 16:00:00,75,5,-0.823388,0.823388
Alpha,syn_F,2022-02-14,2022-02-14 09:45:00,2022-02-14 14:45:00,315,21,-1.488722,1.488722
Alpha,syn_F,2022-02-14,2022-02-14 15:15:00,2022-02-14 16:00:00,60,4,-0.631358,0.631358
Alpha,syn_F,2022-02-14,2022-02-14 16:30:00,2022-02-14 16:30:00,15,1,-0.008816,0.008816
Alpha,syn_F,2022-02-15,2022-02-15 11:30:00,2022-02-15 11:30:00,15,1,-0.588994,0.588994
Alpha,syn_F,2022-02-15,2022-02-15 12:00:00,2022-02-15 16:00:00,255,17,-1.739244,1.739244
Alpha,syn_F,2022-02-16,2022-02-16 10:15:00,2022-02-16 11:00:00,60,4,-0.639529,0.639529
Alpha,syn_F,2022-02-16,2022-02-16 11:30:00,2022-02-16 14:15:00,180,12,-1.564201,1.564201
Alpha,syn_F,2022-02-16,2022-02-16 15:15:00,2022-02-16 15:30:00,30,2,-0.534159,0.534159
Alpha,syn_F,2022-02-17,2022-02-17 10:15:00,2022-02-17 12:00:00,120,8,-0.922952,0.922952
Alpha,syn_F,2022-02-17,2022-02-17 12:45:00,2022-02-17 13:15:00,45,3,-0.585554,0.585554
Alpha,syn_F,2022-02-18,2022-02-18 10:30:00,2022-02-18 12:45:00,150,10,-0.675011,0.675011
Alpha,syn_F,2022-02-19,2022-02-19 12:15:00,2022-02-19 14:15:00,135,9,-1.064018,1.064018
Alpha,syn_F,2022-02-20,2022-02-20 10:45:00,2022-02-20 13:15:00,165,11,-1.313464,1.313464
Alpha,syn_F,2022-02-21,2022-02-21 11:00:00,2022-02-21 11:00:00,15,1,-0.35116,0.35116
Alpha,syn_F,2022-02-21,2022-02-21 11:30:00,2022-02-21 11:30:00,15,1,-0.274176,0.274176
Alpha,syn_F,2022-02-23,2022-02-23 12:45:00,2022-02-23 14:15:00,105,7,-0.828764,0.828764
Alpha,syn_F,2022-02-25,2022-02-25 14:45:00,2022-02-25 14:45:00,15,1,-0.303637,0.303637
Alpha,syn_F,2022-03-02,2022-03-02 11:45:00,2022-03-02 11:45:00,15,1,-0.791562,0.791562
Alpha,syn_F,2022-03-02,2022-03-02 15:00:00,2022-03-02 15:15:00,30,2,-1.039073,1.039073
Alpha,syn_F,2022-03-08,2022-03-08 10:45:00,2022-03-08 10:45:00,15,1,-0.234394,0.234394
Alpha,syn_F,2022-03-08,2022-03-08 13:30:00,2022-03-08 13:30:00,15,1,-0.155474,0.155474
Alpha,syn_F,2022-03-10,2022-03-10 10:15:00,2022-03-10 16:30:00,390,26,-2.708644,2.708644
Alpha,syn_F,2022-03-11,2022-03-11 11:45:00,2022-03-11 15:00:00,210,14,-2.090834,2.090834
Alpha,syn_F,2022-03-11,2022-03-11 15:45:00,2022-03-11 16:00:00,30,2,-0.18558,0.18558
Alpha,syn_F,2022-03-12,2022-03-12 13:15:00,2022-03-12 14:45:00,105,7,-1.004452,1.004452
Alpha,syn_F,2022-03-13,2022-03-13 13:45:00,2022-03-13 13:45:00,15,1,-0.144506,0.144506
Alpha,syn_F,2022-03-14,2022-03-14 12:15:00,2022-03-14 12:30:00,30,2,-0.383632,0.383632
Alpha,syn_F,2022-03-14,2022-03-14 13:00:00,2022-03-14 14:15:00,90,6,-2.024172,2.024172
Alpha,syn_F,2022-03-14,2022-03-14 15:15:00,2022-03-14 16:00:00,60,4,-2.072771,2.072771
Alpha,syn_F,2022-03-15,2022-03-15 13:30:00,2022-03-15 15:45:00,150,10,-1.535601,1.535601
Alpha,syn_F,2022-03-16,2022-03-16 10:00:00,2022-03-16 10:00:00,15,1,-0.052685,0.052685
Alpha,syn_F,2022-03-16,2022-03-16 10:30:00,2022-03-16 10:45:00,30,2,-0.360407,0.360407
Alpha,syn_F,2022-03-16,2022-03-16 11:15:00,2022-03-16 14:00:00,180,12,-1.410662,1.410662
Alpha,syn_F,2022-03-16,2022-03-16 14:45:00,2022-03-16 15:00:00,30,2,-0.21418,0.21418
Alpha,syn_F,2022-03-17,2022-03-17 12:15:00,2022-03-17 13:00:00,60,4,-0.697375,0.697375
Alpha,syn_F,2022-03-18,2022-03-18 13:30:00,2022-03-18 14:45:00,90,6,-0.974776,0.974776
Alpha,syn_F,2022-03-18,2022-03-18 15:15:00,2022-03-18 15:15:00,15,1,-0.121713,0.121713
Alpha,syn_F,2022-03-20,2022-03-20 12:30:00,2022-03-20 16:00:00,225,15,-1.621402,1.621402
Alpha,syn_F,2022-03-21,2022-03-21 10:30:00,2022-03-21 11:15:00,60,4,-1.018645,1.018645
Alpha,syn_F,2022-03-21,2022-03-21 12:15:00,2022-03-21 12:15:00,15,1,-0.277402,0.277402
Alpha,syn_F,2022-03-21,2022-03-21 13:15:00,2022-03-21 16:15:00,195,13,-2.33899,2.33899
Alpha,syn_F,2022-03-22,2022-03-22 10:00:00,2022-03-22 15:45:00,360,24,-2.39404,2.39404
Alpha,syn_F,2022-03-23,2022-03-23 10:45:00,2022-03-23 11:45:00,75,5,-0.881879,0.881879
Alpha,syn_F,2022-03-23,2022-03-23 12:30:00,2022-03-23 12:30:00,15,1,-0.27009,0.27009
Alpha,syn_F,2022-03-23,2022-03-23 14:15:00,2022-03-23 14:15:00,15,1,-0.446208,0.446208
Alpha,syn_F,2022-03-24,2022-03-24 14:45:00,2022-03-24 14:45:00,15,1,-0.48341,0.48341
Alpha,syn_F,2022-03-25,2022-03-25 13:15:00,2022-03-25 13:45:00,45,3,-0.35288,0.35288
Alpha,syn_F,2022-04-02,2022-04-02 12:30:00,2022-04-02 12:45:00,30,2,-0.58792,0.58792
Alpha,syn_F,2022-04-02,2022-04-02 14:15:00,2022-04-02 14:45:00,45,3,-1.016279,1.016279
Alpha,syn_F,2022-04-03,2022-04-03 12:15:00,2022-04-03 12:30:00,30,2,-0.879944,0.879944
Alpha,syn_F,2022-04-04,2022-04-04 09:30:00,2022-04-04 14:45:00,330,22,-2.384364,2.384364
Alpha,syn_F,2022-04-05,2022-04-05 09:15:00,2022-04-05 14:45:00,345,23,-2.191688,2.191688
Alpha,syn_F,2022-04-06,2022-04-06 09:30:00,2022-04-06 09:45:00,30,2,-0.206008,0.206008
Alpha,syn_F,2022-04-06,2022-04-06 12:00:00,2022-04-06 12:45:00,60,4,-1.566781,1.566781
Alpha,syn_F,2022-04-06,2022-04-06 13:45:00,2022-04-06 14:00:00,30,2,-0.541901,0.541901
Alpha,syn_F,2022-04-06,2022-04-06 14:30:00,2022-04-06 14:30:00,15,1,-0.104079,0.104079
Alpha,syn_F,2022-04-08,2022-04-08 11:15:00,2022-04-08 11:30:00,30,2,-0.630712,0.630712
Alpha,syn_F,2022-04-08,2022-04-08 12:15:00,2022-04-08 12:15:00,15,1,-0.482335,0.482335
Alpha,syn_F,2022-04-08,2022-04-08 12:45:00,2022-04-08 12:45:00,15,1,-0.941015,0.941015
Alpha,syn_F,2022-04-09,2022-04-09 12:30:00,2022-04-09 12:30:00,15,1,-0.255252,0.255252
Alpha,syn_F,2022-04-09,2022-04-09 13:15:00,2022-04-09 13:30:00,30,2,-0.43223,0.43223
Alpha,syn_F,2022-04-09,2022-04-09 14:00:00,2022-04-09 14:00:00,15,1,-0.225577,0.225577
Alpha,syn_F,2022-04-09,2022-04-09 14:45:00,2022-04-09 14:45:00,15,1,-0.166441,0.166441
Alpha,syn_F,2022-04-10,2022-04-10 11:30:00,2022-04-10 12:45:00,90,6,-0.980367,0.980367
Alpha,syn_F,2022-04-10,2022-04-10 13:30:00,2022-04-10 13:30:00,15,1,-0.119132,0.119132
Alpha,syn_F,2022-04-11,2022-04-11 09:45:00,2022-04-11 14:30:00,300,20,-1.622692,1.622692
Alpha,syn_F,2022-04-12,2022-04-12 10:45:00,2022-04-12 10:45:00,15,1,-0.074189,0.074189
Alpha,syn_F,2022-04-12,2022-04-12 12:00:00,2022-04-12 12:00:00,15,1,-0.046449,0.046449
Alpha,syn_F,2022-04-14,2022-04-14 09:30:00,2022-04-14 10:00:00,45,3,-0.656087,0.656087
Alpha,syn_F,2022-04-14,2022-04-14 10:45:00,2022-04-14 10:45:00,15,1,-0.105585,0.105585
Alpha,syn_F,2022-04-14,2022-04-14 12:15:00,2022-04-14 12:15:00,15,1,-0.42836,0.42836
Alpha,syn_F,2022-04-14,2022-04-14 14:00:00,2022-04-14 14:00:00,15,1,-0.061932,0.061932
Alpha,syn_F,2022-04-14,2022-04-14 14:30:00,2022-04-14 14:30:00,15,1,-0.570716,0.570716
Alpha,syn_F,2022-04-15,2022-04-15 13:45:00,2022-04-15 14:30:00,60,4,-0.42793,0.42793
Alpha,syn_F,2022-04-16,2022-04-16 10:00:00,2022-04-16 14:45:00,300,20,-1.979658,1.979658
Alpha,syn_F,2022-04-17,2022-04-17 10:15:00,2022-04-17 13:15:00,195,13,-1.060577,1.060577
Alpha,syn_F,2022-04-17,2022-04-17 14:15:00,2022-04-17 14:45:00,45,3,-0.396534,0.396534
Alpha,syn_F,2022-04-18,2022-04-18 10:00:00,2022-04-18 14:15:00,270,18,-1.702257,1.702257
Alpha,syn_F,2022-04-19,2022-04-19 09:30:00,2022-04-19 12:45:00,210,14,-1.715374,1.715374
Alpha,syn_F,2022-04-20,2022-04-20 09:30:00,2022-04-20 14:45:00,330,22,-2.402212,2.402212
Alpha,syn_F,2022-04-21,2022-04-21 10:00:00,2022-04-21 14:15:00,270,18,-1.459477,1.459477
Alpha,syn_F,2022-04-23,2022-04-23 12:00:00,2022-04-23 12:15:00,30,2,-0.856504,0.856504
Alpha,syn_F,2022-04-24,2022-04-24 10:45:00,2022-04-24 10:45:00,15,1,-0.367933,0.367933
Alpha,syn_F,2022-04-24,2022-04-24 13:15:00,2022-04-24 13:15:00,15,1,-0.238694,0.238694
Alpha,syn_F,2022-04-27,2022-04-27 11:45:00,2022-04-27 12:00:00,30,2,-0.78038,0.78038
Alpha,syn_F,2022-04-28,2022-04-28 10:00:00,2022-04-28 10:00:00,15,1,-0.141066,0.141066
Alpha,syn_F,2022-04-28,2022-04-28 10:30:00,2022-04-28 12:00:00,105,7,-1.423565,1.423565
Alpha,syn_F,2022-04-28,2022-04-28 12:30:00,2022-04-28 12:30:00,15,1,-0.982948,0.982948
Alpha,syn_F,2022-04-28,2022-04-28 13:15:00,2022-04-28 13:15:00,15,1,-0.071823,0.071823
Alpha,syn_F,2022-04-28,2022-04-28 13:45:00,2022-04-28 13:45:00,15,1,-0.236329,0.236329
Alpha,syn_F,2022-04-29,2022-04-29 10:45:00,2022-04-29 13:00:00,150,10,-1.225943,1.225943
Alpha,syn_F,2022-04-29,2022-04-29 13:45:00,2022-04-29 14:00:00,30,2,-0.466207,0.466207
Alpha,syn_F,2022-05-01,2022-05-01 11:45:00,2022-05-01 12:45:00,75,5,-0.64211,0.64211
Alpha,syn_F,2022-05-02,2022-05-02 11:15:00,2022-05-02 11:15:00,15,1,-0.097413,0.097413
Alpha,syn_F,2022-05-02,2022-05-02 12:45:00,2022-05-02 13:15:00,45,3,-1.213041,1.213041
Alpha,syn_F,2022-05-02,2022-05-02 13:45:00,2022-05-02 14:30:00,60,4,-0.85758,0.85758
Alpha,syn_F,2022-05-03,2022-05-03 10:00:00,2022-05-03 13:30:00,225,15,-1.42464,1.42464
Alpha,syn_F,2022-05-03,2022-05-03 14:15:00,2022-05-03 14:15:00,15,1,-0.051394,0.051394
Alpha,syn_F,2022-05-04,2022-05-04 10:00:00,2022-05-04 14:30:00,285,19,-1.461412,1.461412
Alpha,syn_F,2022-05-05,2022-05-05 11:00:00,2022-05-05 11:00:00,15,1,-0.687913,0.687913
Alpha,syn_F,2022-05-05,2022-05-05 11:30:00,2022-05-05 11:45:00,30,2,-0.812636,0.812636
Alpha,syn_F,2022-05-05,2022-05-05 12:15:00,2022-05-05 12:15:00,15,1,-0.499323,0.499323
Alpha,syn_F,2022-05-05,2022-05-05 12:45:00,2022-05-05 13:30:00,60,4,-0.904888,0.904888
Alpha,syn_F,2022-05-05,2022-05-05 14:15:00,2022-05-05 14:15:00,15,1,-0.302131,0.302131
Alpha,syn_F,2022-05-06,2022-05-06 10:00:00,2022-05-06 14:30:00,285,19,-1.820314,1.820314
Alpha,syn_F,2022-05-07,2022-05-07 13:00:00,2022-05-07 13:00:00,15,1,-0.459541,0.459541
Alpha,syn_F,2022-05-08,2022-05-08 11:00:00,2022-05-08 14:15:00,210,14,-1.154765,1.154765
Alpha,syn_F,2022-05-09,2022-05-09 10:30:00,2022-05-09 12:30:00,135,9,-1.12638,1.12638
Alpha,syn_F,2022-05-10,2022-05-10 10:15:00,2022-05-10 11:30:00,90,6,-0.806615,0.806615
Alpha,syn_F,2022-05-14,2022-05-14 11:30:00,2022-05-14 13:15:00,120,8,-0.362773,0.362773
Alpha,syn_F,2022-05-16,2022-05-16 10:45:00,2022-05-16 14:15:00,225,15,-0.934349,0.934349
Alpha,syn_F,2022-05-17,2022-05-17 10:15:00,2022-05-17 14:30:00,270,18,-1.466573,1.466573
Alpha,syn_F,2022-05-18,2022-05-18 10:30:00,2022-05-18 11:45:00,90,6,-0.798228,0.798228
Alpha,syn_F,2022-05-18,2022-05-18 12:30:00,2022-05-18 14:15:00,120,8,-1.340774,1.340774
Alpha,syn_F,2022-05-19,2022-05-19 11:00:00,2022-05-19 11:00:00,15,1,-0.075264,0.075264
Alpha,syn_F,2022-05-19,2022-05-19 11:30:00,2022-05-19 12:00:00,45,3,-0.973916,0.973916
Alpha,syn_F,2022-05-19,2022-05-19 12:30:00,2022-05-19 14:00:00,105,7,-0.772424,0.772424
Alpha,syn_F,2022-05-23,2022-05-23 11:00:00,2022-05-23 11:45:00,60,4,-0.376535,0.376535
Alpha,syn_F,2022-05-25,2022-05-25 12:45:00,2022-05-25 13:00:00,30,2,-0.727695,0.727695
Alpha,syn_F,2022-05-25,2022-05-25 13:45:00,2022-05-25 13:45:00,15,1,-0.427715,0.427715
Alpha,syn_F,2022-05-26,2022-05-26 11:00:00,2022-05-26 13:30:00,165,11,-0.785326,0.785326
Alpha,syn_F,2022-05-27,2022-05-27 12:00:00,2022-05-27 13:45:00,120,8,-0.551578,0.551578
Alpha,syn_F,2022-05-28,2022-05-28 11:45:00,2022-05-28 12:30:00,60,4,-0.434166,0.434166
Alpha,syn_F,2022-05-29,2022-05-29 12:15:00,2022-05-29 13:15:00,75,5,-0.087306,0.087306
Alpha,syn_F,2022-05-30,2022-05-30 11:30:00,2022-05-30 12:15:00,60,4,-0.520182,0.520182
Alpha,syn_F,2022-05-30,2022-05-30 13:15:00,2022-05-30 13:15:00,15,1,-0.215255,0.215255
Alpha,syn_F,2022-05-31,2022-05-31 11:15:00,2022-05-31 12:15:00,75,5,-0.202782,0.202782
Alpha,syn_F,2022-06-01,2022-06-01 12:00:00,2022-06-01 12:15:00,30,2,-0.035052,0.035052
Alpha,syn_F,2022-06-01,2022-06-01 12:45:00,2022-06-01 12:45:00,15,1,-0.00129,0.00129
Alpha,syn_F,2022-06-06,2022-06-06 12:15:00,2022-06-06 12:45:00,45,3,-0.081715,0.081715
Alpha,syn_F,2022-06-07,2022-06-07 12:30:00,2022-06-07 12:30:00,15,1,-0.112896,0.112896
Alpha,syn_F,2022-06-08,2022-06-08 12:15:00,2022-06-08 12:45:00,45,3,-0.13268,0.13268
Alpha,syn_F,2022-06-10,2022-06-10 12:00:00,2022-06-10 13:00:00,75,5,-0.380191,0.380191
Alpha,syn_F,2022-06-14,2022-06-14 12:15:00,2022-06-14 12:45:00,45,3,-0.115906,0.115906
Alpha,syn_F,2022-06-15,2022-06-15 11:45:00,2022-06-15 13:30:00,120,8,-0.32213,0.32213
Alpha,syn_F,2022-06-16,2022-06-16 11:15:00,2022-06-16 13:45:00,165,11,-0.647916,0.647916
Alpha,syn_F,2022-06-17,2022-06-17 11:30:00,2022-06-17 13:45:00,150,10,-0.515881,0.515881
Alpha,syn_F,2022-06-20,2022-06-20 11:30:00,2022-06-20 12:00:00,45,3,-0.337828,0.337828
Alpha,syn_F,2022-06-21,2022-06-21 11:45:00,2022-06-21 13:30:00,120,8,-0.45438,0.45438
Alpha,syn_F,2022-06-22,2022-06-22 11:30:00,2022-06-22 13:45:00,150,10,-0.473733,0.473733
Alpha,syn_F,2022-06-23,2022-06-23 12:00:00,2022-06-23 12:30:00,45,3,-0.221276,0.221276
Alpha,syn_F,2022-06-23,2022-06-23 13:30:00,2022-06-23 13:30:00,15,1,-0.106875,0.106875
Alpha,syn_F,2022-06-24,2022-06-24 12:00:00,2022-06-24 13:30:00,105,7,-0.314389,0.314389
Alpha,syn_F,2022-06-25,2022-06-25 12:15:00,2022-06-25 13:00:00,60,4,-0.154184,0.154184
Alpha,syn_F,2022-07-08,2022-07-08 12:00:00,2022-07-08 13:15:00,90,6,-0.355891,0.355891
Alpha,syn_F,2022-07-15,2022-07-15 12:00:00,2022-07-15 13:30:00,105,7,-0.330732,0.330732
Alpha,syn_F,2022-07-17,2022-07-17 12:30:00,2022-07-17 13:00:00,45,3,-0.111606,0.111606
Alpha,syn_F,2022-07-18,2022-07-18 11:15:00,2022-07-18 14:00:00,180,12,-0.833065,0.833065
Alpha,syn_F,2022-07-20,2022-07-20 11:15:00,2022-07-20 12:15:00,75,5,-0.470077,0.470077
Alpha,syn_F,2022-07-21,2022-07-21 11:30:00,2022-07-21 11:30:00,15,1,-0.173322,0.173322
Alpha,syn_F,2022-07-25,2022-07-25 12:30:00,2022-07-25 14:15:00,120,8,-0.453519,0.453519
Alpha,syn_F,2022-07-26,2022-07-26 13:15:00,2022-07-26 13:15:00,15,1,-0.056126,0.056126
Alpha,syn_F,2022-07-26,2022-07-26 14:00:00,2022-07-26 14:15:00,30,2,-0.103219,0.103219
Alpha,syn_F,2022-07-27,2022-07-27 11:15:00,2022-07-27 14:15:00,195,13,-0.908329,0.908329
Alpha,syn_F,2022-07-28,2022-07-28 11:00:00,2022-07-28 14:30:00,225,15,-1.234115,1.234115
Alpha,syn_F,2022-07-29,2022-07-29 11:30:00,2022-07-29 11:45:00,30,2,-0.83199,0.83199
Alpha,syn_F,2022-07-29,2022-07-29 12:15:00,2022-07-29 14:30:00,150,10,-1.162291,1.162291
Alpha,syn_F,2022-07-30,2022-07-30 12:00:00,2022-07-30 12:30:00,45,3,-0.559104,0.559104
Alpha,syn_F,2022-07-30,2022-07-30 13:30:00,2022-07-30 13:45:00,30,2,-0.319334,0.319334
Alpha,syn_F,2022-07-31,2022-07-31 12:45:00,2022-07-31 13:30:00,60,4,-0.24192,0.24192
Alpha,syn_F,2022-07-31,2022-07-31 14:00:00,2022-07-31 14:15:00,30,2,-0.306002,0.306002
Alpha,syn_F,2022-08-01,2022-08-01 13:15:00,2022-08-01 13:15:00,15,1,-0.181924,0.181924
Alpha,syn_F,2022-08-02,2022-08-02 10:45:00,2022-08-02 14:45:00,255,17,-1.573663,1.573663
Alpha,syn_F,2022-08-03,2022-08-03 11:45:00,2022-08-03 14:30:00,180,12,-0.97026,0.97026
Alpha,syn_F,2022-08-06,2022-08-06 10:45:00,2022-08-06 14:30:00,240,16,-1.172398,1.172398
Alpha,syn_F,2022-08-07,2022-08-07 11:15:00,2022-08-07 13:00:00,120,8,-0.888115,0.888115
Alpha,syn_F,2022-08-08,2022-08-08 13:30:00,2022-08-08 13:30:00,15,1,-0.092897,0.092897
Alpha,syn_F,2022-08-09,2022-08-09 14:00:00,2022-08-09 14:00:00,15,1,-0.150313,0.150313
Alpha,syn_F,2022-08-10,2022-08-10 10:30:00,2022-08-10 10:30:00,15,1,-0.014838,0.014838
Alpha,syn_F,2022-08-10,2022-08-10 11:00:00,2022-08-10 11:00:00,15,1,-0.056126,0.056126
Alpha,syn_F,2022-08-13,2022-08-13 11:00:00,2022-08-13 13:15:00,150,10,-1.478615,1.478615
Alpha,syn_F,2022-08-13,2022-08-13 14:00:00,2022-08-13 14:00:00,15,1,-0.002795,0.002795
Alpha,syn_F,2022-08-13,2022-08-13 14:30:00,2022-08-13 14:30:00,15,1,-0.250952,0.250952
Alpha,syn_F,2022-08-14,2022-08-14 11:45:00,2022-08-14 12:45:00,75,5,-0.919511,0.919511
Alpha,syn_F,2022-08-14,2022-08-14 13:15:00,2022-08-14 14:15:00,75,5,-0.747049,0.747049
Alpha,syn_F,2022-08-15,2022-08-15 10:45:00,2022-08-15 14:00:00,210,14,-1.867622,1.867622
Alpha,syn_F,2022-08-15,2022-08-15 14:30:00,2022-08-15 14:30:00,15,1,-0.780165,0.780165
Alpha,syn_F,2022-08-16,2022-08-16 10:15:00,2022-08-16 13:15:00,195,13,-1.887621,1.887621
Alpha,syn_F,2022-08-16,2022-08-16 15:00:00,2022-08-16 15:00:00,15,1,-0.072038,0.072038
Alpha,syn_F,2022-08-17,2022-08-17 10:45:00,2022-08-17 15:00:00,270,18,-2.052987,2.052987
Alpha,syn_F,2022-08-18,2022-08-18 10:30:00,2022-08-18 10:30:00,15,1,-0.164936,0.164936
Alpha,syn_F,2022-08-18,2022-08-18 12:45:00,2022-08-18 13:30:00,60,4,-1.981379,1.981379
Alpha,syn_F,2022-08-18,2022-08-18 14:00:00,2022-08-18 15:00:00,75,5,-1.29239,1.29239
Alpha,syn_F,2022-08-19,2022-08-19 11:30:00,2022-08-19 13:15:00,120,8,-2.072555,2.072555
Alpha,syn_F,2022-08-20,2022-08-20 10:30:00,2022-08-20 14:45:00,270,18,-1.858806,1.858806
Alpha,syn_F,2022-08-21,2022-08-21 10:45:00,2022-08-21 11:00:00,30,2,-0.417608,0.417608
Alpha,syn_F,2022-08-21,2022-08-21 12:15:00,2022-08-21 12:30:00,30,2,-0.605338,0.605338
Alpha,syn_F,2022-08-21,2022-08-21 13:15:00,2022-08-21 14:00:00,60,4,-1.020795,1.020795
Alpha,syn_F,2022-08-21,2022-08-21 14:45:00,2022-08-21 14:45:00,15,1,-0.05763,0.05763
Alpha,syn_F,2022-08-22,2022-08-22 10:00:00,2022-08-22 15:00:00,315,21,-2.365225,2.365225
Alpha,syn_F,2022-08-23,2022-08-23 10:00:00,2022-08-23 10:45:00,60,4,-1.751286,1.751286
Alpha,syn_F,2022-08-23,2022-08-23 12:30:00,2022-08-23 13:30:00,75,5,-1.187451,1.187451
Alpha,syn_F,2022-08-24,2022-08-24 10:45:00,2022-08-24 11:00:00,30,2,-0.906394,0.906394
Alpha,syn_F,2022-08-24,2022-08-24 11:45:00,2022-08-24 13:00:00,90,6,-1.004237,1.004237
Alpha,syn_F,2022-08-24,2022-08-24 14:30:00,2022-08-24 14:30:00,15,1,-0.727695,0.727695
Alpha,syn_F,2022-08-25,2022-08-25 10:00:00,2022-08-25 14:00:00,255,17,-2.514463,2.514463
Alpha,syn_F,2022-08-26,2022-08-26 11:00:00,2022-08-26 11:00:00,15,1,-0.069458,0.069458
Alpha,syn_F,2022-08-26,2022-08-26 12:00:00,2022-08-26 12:00:00,15,1,-0.785111,0.785111
Alpha,syn_F,2022-08-26,2022-08-26 12:30:00,2022-08-26 13:00:00,45,3,-0.824678,0.824678
Alpha,syn_F,2022-08-26,2022-08-26 13:45:00,2022-08-26 13:45:00,15,1,-0.033762,0.033762
Alpha,syn_F,2022-08-27,2022-08-27 10:30:00,2022-08-27 10:30:00,15,1,-0.430295,0.430295
Alpha,syn_F,2022-08-27,2022-08-27 12:30:00,2022-08-27 13:00:00,45,3,-1.579899,1.579899
Alpha,syn_F,2022-08-27,2022-08-27 14:15:00,2022-08-27 14:30:00,30,2,-0.354816,0.354816
Alpha,syn_F,2022-08-28,2022-08-28 10:45:00,2022-08-28 15:00:00,270,18,-2.079222,2.079222
Alpha,syn_F,2022-08-29,2022-08-29 09:45:00,2022-08-29 10:00:00,30,2,-0.966604,0.966604
Alpha,syn_F,2022-08-29,2022-08-29 11:00:00,2022-08-29 12:00:00,75,5,-1.903749,1.903749
Alpha,syn_F,2022-08-29,2022-08-29 13:45:00,2022-08-29 13:45:00,15,1,-0.192246,0.192246
Alpha,syn_F,2022-08-30,2022-08-30 10:30:00,2022-08-30 11:15:00,60,4,-1.015634,1.015634
Alpha,syn_F,2022-08-30,2022-08-30 13:00:00,2022-08-30 13:00:00,15,1,-0.197407,0.197407
Alpha,syn_F,2022-08-31,2022-08-31 09:30:00,2022-08-31 12:00:00,165,11,-1.77107,1.77107
Alpha,syn_F,2022-08-31,2022-08-31 12:30:00,2022-08-31 14:15:00,120,8,-1.921598,1.921598
Alpha,syn_F,2022-08-31,2022-08-31 14:45:00,2022-08-31 15:00:00,30,2,-0.240844,0.240844
Alpha,syn_F,2022-09-01,2022-09-01 09:15:00,2022-09-01 11:00:00,120,8,-1.348731,1.348731
Alpha,syn_F,2022-09-01,2022-09-01 11:30:00,2022-09-01 11:45:00,30,2,-0.764038,0.764038
Alpha,syn_F,2022-09-01,2022-09-01 12:15:00,2022-09-01 12:30:00,30,2,-0.874352,0.874352
Alpha,syn_F,2022-09-01,2022-09-01 13:00:00,2022-09-01 14:30:00,105,7,-1.760962,1.760962
Alpha,syn_F,2022-09-01,2022-09-01 15:00:00,2022-09-01 15:15:00,30,2,-0.704686,0.704686
Alpha,syn_F,2022-09-04,2022-09-04 13:30:00,2022-09-04 13:30:00,15,1,-0.322775,0.322775
Alpha,syn_F,2022-09-05,2022-09-05 11:15:00,2022-09-05 11:15:00,15,1,-0.819948,0.819948
Alpha,syn_F,2022-09-05,2022-09-05 12:00:00,2022-09-05 12:15:00,30,2,-0.299336,0.299336
Alpha,syn_F,2022-09-05,2022-09-05 13:00:00,2022-09-05 14:45:00,120,8,-1.806336,1.806336
Alpha,syn_F,2022-09-07,2022-09-07 09:30:00,2022-09-07 14:00:00,285,19,-1.946112,1.946112
Alpha,syn_F,2022-09-07,2022-09-07 15:00:00,2022-09-07 15:00:00,15,1,-0.257188,0.257188
Alpha,syn_F,2022-09-08,2022-09-08 09:15:00,2022-09-08 14:00:00,300,20,-2.612521,2.612521
Alpha,syn_F,2022-09-08,2022-09-08 14:30:00,2022-09-08 15:15:00,60,4,-1.161646,1.161646
Alpha,syn_F,2022-09-09,2022-09-09 11:45:00,2022-09-09 15:15:00,225,15,-2.027397,2.027397
Alpha,syn_F,2022-09-10,2022-09-10 10:00:00,2022-09-10 10:15:00,30,2,-0.922092,0.922092
Alpha,syn_F,2022-09-10,2022-09-10 11:15:00,2022-09-10 11:15:00,15,1,-0.353096,0.353096
Alpha,syn_F,2022-09-10,2022-09-10 11:45:00,2022-09-10 11:45:00,15,1,-0.052685,0.052685
Alpha,syn_F,2022-09-10,2022-09-10 12:15:00,2022-09-10 12:30:00,30,2,-0.560179,0.560179
Alpha,syn_F,2022-09-10,2022-09-10 13:45:00,2022-09-10 14:30:00,60,4,-1.405502,1.405502
Alpha,syn_F,2022-09-10,2022-09-10 15:00:00,2022-09-10 15:00:00,15,1,-0.37804,0.37804
Alpha,syn_F,2022-09-11,2022-09-11 09:30:00,2022-09-11 15:00:00,345,23,-2.74047,2.74047
Alpha,syn_F,2022-09-12,2022-09-12 09:15:00,2022-09-12 15:30:00,390,26,-3.181517,3.181517
Alpha,syn_F,2022-09-13,2022-09-13 11:15:00,2022-09-13 14:30:00,210,14,-2.813368,2.813368
Alpha,syn_F,2022-09-14,2022-09-14 09:00:00,2022-09-14 10:00:00,75,5,-1.044879,1.044879
Alpha,syn_F,2022-09-14,2022-09-14 12:30:00,2022-09-14 13:45:00,90,6,-2.654024,2.654024
Alpha,syn_F,2022-09-14,2022-09-14 14:30:00,2022-09-14 15:30:00,75,5,-1.543987,1.543987
Alpha,syn_F,2022-09-15,2022-09-15 10:45:00,2022-09-15 11:00:00,30,2,-0.665548,0.665548
Alpha,syn_F,2022-09-16,2022-09-16 09:00:00,2022-09-16 15:30:00,405,27,-3.349892,3.349892
Alpha,syn_F,2022-09-17,2022-09-17 09:30:00,2022-09-17 12:15:00,180,12,-2.25577,2.25577
Alpha,syn_F,2022-09-17,2022-09-17 13:00:00,2022-09-17 14:30:00,105,7,-2.640046,2.640046
Alpha,syn_F,2022-09-18,2022-09-18 10:00:00,2022-09-18 15:00:00,315,21,-2.749931,2.749931
Alpha,syn_F,2022-09-19,2022-09-19 10:00:00,2022-09-19 15:30:00,345,23,-3.73976,3.73976
Alpha,syn_F,2022-09-20,2022-09-20 09:00:00,2022-09-20 09:00:00,15,1,-0.590285,0.590285
Alpha,syn_F,2022-09-20,2022-09-20 09:45:00,2022-09-20 15:30:00,360,24,-3.745352,3.745352
Alpha,syn_F,2022-09-21,2022-09-21 11:15:00,2022-09-21 12:15:00,75,5,-2.28179,2.28179
Alpha,syn_F,2022-09-22,2022-09-22 14:45:00,2022-09-22 14:45:00,15,1,-0.426424,0.426424
Alpha,syn_F,2022-09-23,2022-09-23 10:15:00,2022-09-23 10:15:00,15,1,-0.359762,0.359762
Alpha,syn_F,2022-09-23,2022-09-23 11:30:00,2022-09-23 11:30:00,15,1,-0.058921,0.058921
Alpha,syn_F,2022-09-23,2022-09-23 12:15:00,2022-09-23 12:15:00,15,1,-0.162355,0.162355
Alpha,syn_F,2022-09-24,2022-09-24 09:15:00,2022-09-24 10:00:00,60,4,-0.669419,0.669419
Alpha,syn_F,2022-09-24,2022-09-24 13:45:00,2022-09-24 14:00:00,30,2,-1.598178,1.598178
Alpha,syn_F,2022-09-25,2022-09-25 09:00:00,2022-09-25 15:15:00,390,26,-3.17399,3.17399
Alpha,syn_F,2022-09-26,2022-09-26 09:00:00,2022-09-26 09:45:00,60,4,-1.133691,1.133691
Alpha,syn_F,2022-09-26,2022-09-26 10:15:00,2022-09-26 10:15:00,15,1,-0.42965,0.42965
Alpha,syn_F,2022-09-26,2022-09-26 13:30:00,2022-09-26 14:45:00,90,6,-2.400492,2.400492
Alpha,syn_F,2022-09-27,2022-09-27 11:45:00,2022-09-27 13:30:00,120,8,-2.319206,2.319206
Alpha,syn_F,2022-09-27,2022-09-27 15:30:00,2022-09-27 15:30:00,15,1,-0.797153,0.797153
Alpha,syn_F,2022-09-28,2022-09-28 09:00:00,2022-09-28 09:00:00,15,1,-0.857149,0.857149
Alpha,syn_F,2022-09-28,2022-09-28 09:45:00,2022-09-28 09:45:00,15,1,-0.931338,0.931338
Alpha,syn_F,2022-09-28,2022-09-28 10:15:00,2022-09-28 15:30:00,330,22,-3.68041,3.68041
Alpha,syn_F,2022-09-29,2022-09-29 11:30:00,2022-09-29 13:45:00,150,10,-3.452898,3.452898
Alpha,syn_F,2022-09-29,2022-09-29 14:15:00,2022-09-29 14:30:00,30,2,-0.889836,0.889836
Alpha,syn_F,2022-09-30,2022-09-30 11:00:00,2022-09-30 14:45:00,240,16,-2.298563,2.298563
Alpha,syn_F,2022-09-30,2022-09-30 15:15:00,2022-09-30 15:15:00,15,1,-0.126014,0.126014
Alpha,syn_F,2022-10-01,2022-10-01 09:00:00,2022-10-01 09:15:00,30,2,-0.69974,0.69974
Alpha,syn_F,2022-10-01,2022-10-01 10:15:00,2022-10-01 13:00:00,180,12,-1.942241,1.942241
Alpha,syn_F,2022-10-01,2022-10-01 14:00:00,2022-10-01 15:00:00,75,5,-1.2868,1.2868
Alpha,syn_F,2022-10-02,2022-10-02 09:00:00,2022-10-02 10:00:00,75,5,-0.412017,0.412017
Alpha,syn_F,2022-10-02,2022-10-02 11:00:00,2022-10-02 11:30:00,45,3,-1.820098,1.820098
Alpha,syn_F,2022-10-02,2022-10-02 12:00:00,2022-10-02 13:30:00,105,7,-2.827776,2.827776
Alpha,syn_F,2022-10-02,2022-10-02 14:15:00,2022-10-02 14:30:00,30,2,-1.64054,1.64054
Alpha,syn_F,2022-10-03,2022-10-03 09:00:00,2022-10-03 09:45:00,60,4,-0.96553,0.96553
Alpha,syn_F,2022-10-03,2022-10-03 11:15:00,2022-10-03 11:15:00,15,1,-1.177989,1.177989
Alpha,syn_F,2022-10-03,2022-10-03 12:15:00,2022-10-03 12:15:00,15,1,-0.650496,0.650496
Alpha,syn_F,2022-10-03,2022-10-03 14:15:00,2022-10-03 15:15:00,75,5,-1.381202,1.381202
Alpha,syn_F,2022-10-04,2022-10-04 08:30:00,2022-10-04 15:30:00,435,29,-3.887708,3.887708
Alpha,syn_F,2022-10-06,2022-10-06 11:00:00,2022-10-06 11:00:00,15,1,-0.129669,0.129669
Alpha,syn_F,2022-10-07,2022-10-07 09:15:00,2022-10-07 09:15:00,15,1,-0.012257,0.012257
Alpha,syn_F,2022-10-07,2022-10-07 10:30:00,2022-10-07 10:45:00,30,2,-0.515451,0.515451
Alpha,syn_F,2022-10-08,2022-10-08 09:45:00,2022-10-08 12:15:00,165,11,-2.034493,2.034493
Alpha,syn_F,2022-10-09,2022-10-09 14:00:00,2022-10-09 14:15:00,30,2,-0.911124,0.911124
Alpha,syn_F,2022-10-10,2022-10-10 10:00:00,2022-10-10 10:00:00,15,1,-0.151173,0.151173
Alpha,syn_F,2022-10-10,2022-10-10 12:00:00,2022-10-10 12:15:00,30,2,-1.087672,1.087672
Alpha,syn_F,2022-10-11,2022-10-11 09:45:00,2022-10-11 15:30:00,360,24,-2.456186,2.456186
Alpha,syn_F,2022-10-12,2022-10-12 11:15:00,2022-10-12 15:15:00,255,17,-3.357635,3.357635
Alpha,syn_F,2022-10-13,2022-10-13 08:15:00,2022-10-13 08:30:00,30,2,-0.420833,0.420833
Alpha,syn_F,2022-10-13,2022-10-13 09:00:00,2022-10-13 09:00:00,15,1,-1.353677,1.353677
Alpha,syn_F,2022-10-13,2022-10-13 09:45:00,2022-10-13 09:45:00,15,1,-0.217621,0.217621
Alpha,syn_F,2022-10-13,2022-10-13 10:15:00,2022-10-13 11:30:00,90,6,-2.051697,2.051697
Alpha,syn_F,2022-10-13,2022-10-13 12:45:00,2022-10-13 13:45:00,75,5,-2.22889,2.22889
Alpha,syn_F,2022-10-13,2022-10-13 14:30:00,2022-10-13 15:00:00,45,3,-0.734362,0.734362
Alpha,syn_F,2022-10-13,2022-10-13 15:45:00,2022-10-13 15:45:00,15,1,-0.462981,0.462981
Alpha,syn_F,2022-10-14,2022-10-14 09:30:00,2022-10-14 09:45:00,30,2,-0.771349,0.771349
Alpha,syn_F,2022-10-14,2022-10-14 11:30:00,2022-10-14 15:30:00,255,17,-3.746212,3.746212
Alpha,syn_F,2022-10-15,2022-10-15 08:45:00,2022-10-15 15:30:00,420,28,-2.955294,2.955294
Alpha,syn_F,2022-10-16,2022-10-16 08:30:00,2022-10-16 11:15:00,180,12,-2.57704,2.57704
Alpha,syn_F,2022-10-16,2022-10-16 12:00:00,2022-10-16 13:00:00,75,5,-1.809992,1.809992
Alpha,syn_F,2022-10-16,2022-10-16 13:30:00,2022-10-16 15:30:00,135,9,-2.364365,2.364365
Alpha,syn_F,2022-10-17,2022-10-17 09:00:00,2022-10-17 09:00:00,15,1,-0.182784,0.182784
Alpha,syn_F,2022-10-17,2022-10-17 10:00:00,2022-10-17 10:15:00,30,2,-0.676086,0.676086
Alpha,syn_F,2022-10-17,2022-10-17 11:00:00,2022-10-17 15:45:00,300,20,-3.352044,3.352044
Alpha,syn_F,2022-10-18,2022-10-18 09:00:00,2022-10-18 10:45:00,120,8,-2.23448,2.23448
Alpha,syn_F,2022-10-18,2022-10-18 12:00:00,2022-10-18 14:45:00,180,12,-3.112704,3.112704
Alpha,syn_F,2022-10-19,2022-10-19 09:30:00,2022-10-19 13:00:00,225,15,-1.85472,1.85472
Alpha,syn_F,2022-10-19,2022-10-19 13:30:00,2022-10-19 14:00:00,45,3,-1.027891,1.027891
Alpha,syn_F,2022-10-20,2022-10-20 10:00:00,2022-10-20 10:00:00,15,1,-0.893706,0.893706
Alpha,syn_F,2022-10-20,2022-10-20 12:15:00,2022-10-20 12:30:00,30,2,-1.162506,1.162506
Alpha,syn_F,2022-10-20,2022-10-20 13:00:00,2022-10-20 13:00:00,15,1,-1.04789,1.04789
Alpha,syn_F,2022-10-21,2022-10-21 14:45:00,2022-10-21 14:45:00,15,1,-0.321055,0.321055
Alpha,syn_F,2022-10-22,2022-10-22 08:30:00,2022-10-22 08:45:00,30,2,-0.523623,0.523623
Alpha,syn_F,2022-10-22,2022-10-22 09:45:00,2022-10-22 10:15:00,45,3,-1.606134,1.606134
Alpha,syn_F,2022-10-22,2022-10-22 13:15:00,2022-10-22 13:45:00,45,3,-1.20874,1.20874
Alpha,syn_F,2022-10-23,2022-10-23 12:00:00,2022-10-23 12:15:00,30,2,-1.596672,1.596672
Alpha,syn_F,2022-10-23,2022-10-23 13:15:00,2022-10-23 13:15:00,15,1,-0.597166,0.597166
Alpha,syn_F,2022-10-25,2022-10-25 08:30:00,2022-10-25 08:45:00,30,2,-0.488571,0.488571
Alpha,syn_F,2022-10-25,2022-10-25 09:45:00,2022-10-25 10:00:00,30,2,-0.56534,0.56534
Alpha,syn_F,2022-10-25,2022-10-25 10:30:00,2022-10-25 10:45:00,30,2,-1.44894,1.44894
Alpha,syn_F,2022-10-25,2022-10-25 11:30:00,2022-10-25 12:30:00,75,5,-3.587298,3.587298
Alpha,syn_F,2022-10-25,2022-10-25 13:15:00,2022-10-25 14:45:00,105,7,-2.315121,2.315121
Alpha,syn_F,2022-10-25,2022-10-25 15:15:00,2022-10-25 15:15:00,15,1,-0.579103,0.579103
Alpha,syn_F,2022-10-26,2022-10-26 08:00:00,2022-10-26 14:30:00,405,27,-3.586652,3.586652
Alpha,syn_F,2022-10-26,2022-10-26 15:00:00,2022-10-26 15:30:00,45,3,-0.818227,0.818227
Alpha,syn_F,2022-10-27,2022-10-27 08:00:00,2022-10-27 12:15:00,270,18,-3.267533,3.267533
Alpha,syn_F,2022-10-27,2022-10-27 12:45:00,2022-10-27 13:15:00,45,3,-3.036795,3.036795
Alpha,syn_F,2022-10-28,2022-10-28 08:00:00,2022-10-28 15:45:00,480,32,-4.098662,4.098662
Alpha,syn_F,2022-10-29,2022-10-29 08:15:00,2022-10-29 15:45:00,465,31,-4.159304,4.159304
Alpha,syn_F,2022-10-30,2022-10-30 08:15:00,2022-10-30 14:45:00,405,27,-3.68084,3.68084
Alpha,syn_F,2022-10-31,2022-10-31 09:30:00,2022-10-31 11:00:00,105,7,-3.130337,3.130337
Alpha,syn_F,2022-11-01,2022-11-01 09:00:00,2022-11-01 14:15:00,330,22,-3.457843,3.457843
Alpha,syn_F,2022-11-01,2022-11-01 14:45:00,2022-11-01 16:30:00,120,8,-3.052278,3.052278
Alpha,syn_F,2022-11-02,2022-11-02 09:00:00,2022-11-02 16:45:00,480,32,-3.40989,3.40989
Alpha,syn_F,2022-11-03,2022-11-03 09:00:00,2022-11-03 13:45:00,300,20,-4.382085,4.382085
Alpha,syn_F,2022-11-03,2022-11-03 14:15:00,2022-11-03 14:15:00,15,1,-1.511301,1.511301
Alpha,syn_F,2022-11-03,2022-11-03 15:15:00,2022-11-03 15:15:00,15,1,-0.283423,0.283423
Alpha,syn_F,2022-11-04,2022-11-04 09:45:00,2022-11-04 09:45:00,15,1,-0.044083,0.044083
Alpha,syn_F,2022-11-04,2022-11-04 10:30:00,2022-11-04 10:30:00,15,1,-0.105155,0.105155
Alpha,syn_F,2022-11-04,2022-11-04 13:30:00,2022-11-04 13:45:00,30,2,-0.825754,0.825754
Alpha,syn_F,2022-11-04,2022-11-04 14:30:00,2022-11-04 16:45:00,150,10,-3.106468,3.106468
Alpha,syn_F,2022-11-05,2022-11-05 09:30:00,2022-11-05 09:30:00,15,1,-0.228373,0.228373
Alpha,syn_F,2022-11-05,2022-11-05 10:00:00,2022-11-05 16:45:00,420,28,-3.655465,3.655465
Alpha,syn_F,2022-11-06,2022-11-06 09:15:00,2022-11-06 16:30:00,450,30,-3.7875,3.7875
Alpha,syn_F,2022-11-07,2022-11-07 09:00:00,2022-11-07 16:45:00,480,32,-4.124897,4.124897
Alpha,syn_F,2022-11-08,2022-11-08 09:00:00,2022-11-08 16:45:00,480,32,-4.19457,4.19457
Alpha,syn_F,2022-11-09,2022-11-09 09:00:00,2022-11-09 11:00:00,135,9,-1.76849,1.76849
Alpha,syn_F,2022-11-09,2022-11-09 12:00:00,2022-11-09 16:45:00,300,20,-3.885343,3.885343
Alpha,syn_F,2022-11-10,2022-11-10 09:00:00,2022-11-10 16:45:00,480,32,-4.11264,4.11264
Alpha,syn_F,2022-11-11,2022-11-11 09:00:00,2022-11-11 15:00:00,375,25,-4.053289,4.053289
Alpha,syn_F,2022-11-11,2022-11-11 15:45:00,2022-11-11 16:15:00,45,3,-1.244436,1.244436
Alpha,syn_F,2022-11-12,2022-11-12 09:15:00,2022-11-12 15:30:00,390,26,-2.721116,2.721116
Alpha,syn_F,2022-11-13,2022-11-13 09:45:00,2022-11-13 10:00:00,30,2,-1.070684,1.070684
Alpha,syn_F,2022-11-13,2022-11-13 12:00:00,2022-11-13 12:15:00,30,2,-2.871859,2.871859
Alpha,syn_F,2022-11-14,2022-11-14 09:30:00,2022-11-14 16:15:00,420,28,-3.509238,3.509238
Alpha,syn_F,2022-11-15,2022-11-15 08:45:00,2022-11-15 12:00:00,210,14,-3.591598,3.591598
Alpha,syn_F,2022-11-15,2022-11-15 12:30:00,2022-11-15 13:15:00,60,4,-1.839022,1.839022
Alpha,syn_F,2022-11-15,2022-11-15 14:15:00,2022-11-15 14:30:00,30,2,-2.384578,2.384578
Alpha,syn_F,2022-11-15,2022-11-15 15:00:00,2022-11-15 15:00:00,15,1,-1.257984,1.257984
Alpha,syn_F,2022-11-15,2022-11-15 15:30:00,2022-11-15 16:30:00,75,5,-2.370816,2.370816
Alpha,syn_F,2022-11-16,2022-11-16 09:15:00,2022-11-16 14:15:00,315,21,-3.171625,3.171625
Alpha,syn_F,2022-11-16,2022-11-16 14:45:00,2022-11-16 15:30:00,60,4,-2.245878,2.245878
Alpha,syn_F,2022-11-17,2022-11-17 08:45:00,2022-11-17 16:30:00,480,32,-4.464876,4.464876
Alpha,syn_F,2022-11-17,2022-11-17 17:00:00,2022-11-17 17:00:00,15,1,-0.034621,0.034621
Alpha,syn_F,2022-11-18,2022-11-18 08:45:00,2022-11-18 17:00:00,510,34,-4.545086,4.545086
Alpha,syn_F,2022-11-19,2022-11-19 09:15:00,2022-11-19 16:15:00,435,29,-3.688796,3.688796
Alpha,syn_F,2022-11-20,2022-11-20 09:15:00,2022-11-20 16:15:00,435,29,-3.00755,3.00755
Alpha,syn_F,2022-11-21,2022-11-21 08:45:00,2022-11-21 16:45:00,495,33,-4.056299,4.056299
Alpha,syn_F,2022-11-22,2022-11-22 08:45:00,2022-11-22 17:00:00,510,34,-4.886354,4.886354
Alpha,syn_F,2022-11-23,2022-11-23 08:45:00,2022-11-23 16:45:00,495,33,-4.46208,4.46208
Alpha,syn_F,2022-11-24,2022-11-24 08:45:00,2022-11-24 16:45:00,495,33,-4.106404,4.106404
Alpha,syn_F,2022-11-25,2022-11-25 10:45:00,2022-11-25 16:30:00,360,24,-3.270973,3.270973
Alpha,syn_F,2022-11-26,2022-11-26 09:45:00,2022-11-26 10:00:00,30,2,-0.272026,0.272026
Alpha,syn_F,2022-11-26,2022-11-26 10:30:00,2022-11-26 16:45:00,390,26,-3.028839,3.028839
Alpha,syn_F,2022-11-27,2022-11-27 09:15:00,2022-11-27 09:15:00,15,1,-0.477174,0.477174
Alpha,syn_F,2022-11-27,2022-11-27 10:15:00,2022-11-27 10:15:00,15,1,-0.296755,0.296755
Alpha,syn_F,2022-11-27,2022-11-27 10:45:00,2022-11-27 11:30:00,60,4,-2.60779,2.60779
Alpha,syn_F,2022-11-27,2022-11-27 12:00:00,2022-11-27 13:45:00,120,8,-2.756168,2.756168
Alpha,syn_F,2022-11-27,2022-11-27 14:30:00,2022-11-27 14:30:00,15,1,-0.1101,0.1101
Alpha,syn_F,2022-11-28,2022-11-28 11:15:00,2022-11-28 11:30:00,30,2,-1.570652,1.570652
Alpha,syn_F,2022-11-28,2022-11-28 12:00:00,2022-11-28 16:15:00,270,18,-2.667572,2.667572
Alpha,syn_F,2022-11-29,2022-11-29 09:15:00,2022-11-29 17:00:00,480,32,-4.250266,4.250266
Alpha,syn_F,2022-11-30,2022-11-30 08:45:00,2022-11-30 14:45:00,375,25,-3.027764,3.027764
Alpha,syn_F,2022-11-30,2022-11-30 15:30:00,2022-11-30 16:15:00,60,4,-2.852935,2.852935
Alpha,syn_F,2022-12-01,2022-12-01 13:00:00,2022-12-01 13:15:00,30,2,-0.513516,0.513516
Alpha,syn_F,2022-12-01,2022-12-01 14:30:00,2022-12-01 14:30:00,15,1,-0.092252,0.092252
Alpha,syn_F,2022-12-01,2022-12-01 15:00:00,2022-12-01 15:45:00,60,4,-1.525924,1.525924
Alpha,syn_F,2022-12-02,2022-12-02 09:30:00,2022-12-02 16:30:00,435,29,-3.237643,3.237643
Alpha,syn_F,2022-12-03,2022-12-03 09:45:00,2022-12-03 10:00:00,30,2,-0.40191,0.40191
Alpha,syn_F,2022-12-03,2022-12-03 11:30:00,2022-12-03 17:00:00,345,23,-2.66456,2.66456
Alpha,syn_F,2022-12-04,2022-12-04 09:15:00,2022-12-04 13:30:00,270,18,-3.265812,3.265812
Alpha,syn_F,2022-12-05,2022-12-05 09:00:00,2022-12-05 15:30:00,405,27,-3.298284,3.298284
Alpha,syn_F,2022-12-06,2022-12-06 10:00:00,2022-12-06 10:15:00,30,2,-0.342559,0.342559
Alpha,syn_F,2022-12-06,2022-12-06 11:00:00,2022-12-06 16:00:00,315,21,-3.366236,3.366236
Alpha,syn_F,2022-12-07,2022-12-07 08:45:00,2022-12-07 09:15:00,45,3,-0.287509,0.287509
Alpha,syn_F,2022-12-07,2022-12-07 10:00:00,2022-12-07 11:15:00,90,6,-2.670582,2.670582
Alpha,syn_F,2022-12-07,2022-12-07 11:45:00,2022-12-07 12:15:00,45,3,-3.16926,3.16926
Alpha,syn_F,2022-12-07,2022-12-07 12:45:00,2022-12-07 13:15:00,45,3,-1.74677,1.74677
Alpha,syn_F,2022-12-08,2022-12-08 08:45:00,2022-12-08 17:00:00,510,34,-4.072858,4.072858
Alpha,syn_F,2022-12-09,2022-12-09 08:45:00,2022-12-09 08:45:00,15,1,-0.021504,0.021504
Alpha,syn_F,2022-12-09,2022-12-09 09:45:00,2022-12-09 16:15:00,405,27,-3.952866,3.952866
Alpha,syn_F,2022-12-10,2022-12-10 13:30:00,2022-12-10 13:30:00,15,1,-0.046018,0.046018
Alpha,syn_F,2022-12-10,2022-12-10 15:30:00,2022-12-10 15:45:00,30,2,-0.101929,0.101929
Alpha,syn_F,2022-12-11,2022-12-11 09:15:00,2022-12-11 15:30:00,390,26,-3.028839,3.028839
Alpha,syn_F,2022-12-12,2022-12-12 11:45:00,2022-12-12 12:00:00,30,2,-1.888911,1.888911
Alpha,syn_F,2022-12-12,2022-12-12 15:30:00,2022-12-12 15:30:00,15,1,-2.199859,2.199859
Alpha,syn_F,2022-12-12,2022-12-12 16:00:00,2022-12-12 16:45:00,60,4,-1.327872,1.327872
Alpha,syn_F,2022-12-13,2022-12-13 08:45:00,2022-12-13 16:45:00,495,33,-4.507669,4.507669
Alpha,syn_F,2022-12-14,2022-12-14 08:45:00,2022-12-14 11:45:00,195,13,-3.493755,3.493755
Alpha,syn_F,2022-12-14,2022-12-14 12:30:00,2022-12-14 12:30:00,15,1,-1.169172,1.169172
Alpha,syn_F,2022-12-14,2022-12-14 13:00:00,2022-12-14 16:30:00,225,15,-3.776533,3.776533
Alpha,syn_F,2022-12-15,2022-12-15 08:45:00,2022-12-15 17:00:00,510,34,-4.607662,4.607662
Alpha,syn_F,2022-12-16,2022-12-16 12:30:00,2022-12-16 17:15:00,300,20,-3.881472,3.881472
Alpha,syn_F,2022-12-17,2022-12-17 09:45:00,2022-12-17 09:45:00,15,1,-0.578888,0.578888
Alpha,syn_F,2022-12-17,2022-12-17 10:30:00,2022-12-17 10:30:00,15,1,-0.351376,0.351376
Alpha,syn_F,2022-12-17,2022-12-17 12:15:00,2022-12-17 12:30:00,30,2,-0.575017,0.575017
Alpha,syn_F,2022-12-17,2022-12-17 13:15:00,2022-12-17 13:30:00,30,2,-3.156787,3.156787
Alpha,syn_F,2022-12-17,2022-12-17 14:15:00,2022-12-17 14:30:00,30,2,-2.110617,2.110617
Alpha,syn_F,2022-12-17,2022-12-17 17:00:00,2022-12-17 17:00:00,15,1,-0.732211,0.732211
Alpha,syn_F,2022-12-18,2022-12-18 10:30:00,2022-12-18 15:30:00,315,21,-2.732083,2.732083
Alpha,syn_F,2022-12-18,2022-12-18 16:15:00,2022-12-18 16:15:00,15,1,-0.143862,0.143862
Alpha,syn_F,2022-12-19,2022-12-19 09:30:00,2022-12-19 16:30:00,435,29,-4.43219,4.43219
Alpha,syn_F,2022-12-20,2022-12-20 09:15:00,2022-12-20 13:15:00,255,17,-3.288392,3.288392
Alpha,syn_F,2022-12-20,2022-12-20 14:30:00,2022-12-20 16:15:00,120,8,-3.174636,3.174636
Alpha,syn_F,2022-12-20,2022-12-20 16:45:00,2022-12-20 17:00:00,30,2,-0.307077,0.307077
Alpha,syn_F,2022-12-21,2022-12-21 09:45:00,2022-12-21 09:45:00,15,1,-0.253102,0.253102
Alpha,syn_F,2022-12-21,2022-12-21 10:30:00,2022-12-21 10:30:00,15,1,-0.775649,0.775649
Alpha,syn_F,2022-12-21,2022-12-21 11:00:00,2022-12-21 17:15:00,390,26,-4.047483,4.047483
Alpha,syn_F,2022-12-22,2022-12-22 09:00:00,2022-12-22 14:45:00,360,24,-3.338496,3.338496
Alpha,syn_F,2022-12-23,2022-12-23 09:45:00,2022-12-23 09:45:00,15,1,-0.301271,0.301271
Alpha,syn_F,2022-12-23,2022-12-23 10:15:00,2022-12-23 10:15:00,15,1,-0.095478,0.095478
Alpha,syn_F,2022-12-23,2022-12-23 11:00:00,2022-12-23 12:45:00,120,8,-1.947832,1.947832
Alpha,syn_F,2022-12-23,2022-12-23 14:30:00,2022-12-23 15:15:00,60,4,-1.434962,1.434962
Alpha,syn_F,2022-12-24,2022-12-24 10:00:00,2022-12-24 13:00:00,195,13,-0.855214,0.855214
Alpha,syn_F,2022-12-25,2022-12-25 11:45:00,2022-12-25 12:30:00,60,4,-0.309013,0.309013
Alpha,syn_F,2022-12-25,2022-12-25 13:00:00,2022-12-25 14:45:00,120,8,-0.554803,0.554803
Alpha,syn_F,2022-12-26,2022-12-26 09:45:00,2022-12-26 13:15:00,225,15,-0.801884,0.801884
Alpha,syn_F,2022-12-27,2022-12-27 09:30:00,2022-12-27 15:15:00,360,24,-1.471304,1.471304
Alpha,syn_F,2022-12-28,2022-12-28 09:15:00,2022-12-28 15:00:00,360,24,-2.222438,2.222438
Alpha,syn_F,2022-12-29,2022-12-29 09:15:00,2022-12-29 09:45:00,45,3,-1.087242,1.087242
Alpha,syn_F,2022-12-29,2022-12-29 10:15:00,2022-12-29 12:45:00,165,11,-1.838162,1.838162
Alpha,syn_F,2022-12-29,2022-12-29 13:30:00,2022-12-29 14:15:00,60,4,-0.856934,0.856934
Alpha,syn_F,2022-12-30,2022-12-30 11:00:00,2022-12-30 14:00:00,195,13,-2.805412,2.805412
Alpha,syn_F,2022-12-30,2022-12-30 14:30:00,2022-12-30 15:45:00,90,6,-1.501194,1.501194
Alpha,syn_F,2022-12-31,2022-12-31 09:45:00,2022-12-31 09:45:00,15,1,-0.462121,0.462121
Alpha,syn_F,2022-12-31,2022-12-31 10:45:00,2022-12-31 11:00:00,30,2,-1.897083,1.897083
Alpha,syn_F,2022-12-31,2022-12-31 11:30:00,2022-12-31 12:00:00,45,3,-1.145518,1.145518
Alpha,syn_F,2022-12-31,2022-12-31 12:30:00,2022-12-31 13:15:00,60,4,-0.77737,0.77737
Alpha,syn_F,2022-12-31,2022-12-31 14:00:00,2022-12-31 15:45:00,120,8,-1.603983,1.603983
Alpha,syn_F,2023-01-01,2023-01-01 09:45:00,2023-01-01 09:45:00,15,1,-0.038492,0.038492
Alpha,syn_F,2023-01-01,2023-01-01 10:15:00,2023-01-01 12:00:00,120,8,-1.623767,1.623767
Alpha,syn_F,2023-01-01,2023-01-01 12:30:00,2023-01-01 15:45:00,210,14,-1.531515,1.531515
Alpha,syn_F,2023-01-02,2023-01-02 09:30:00,2023-01-02 15:30:00,375,25,-1.781392,1.781392
Alpha,syn_F,2023-01-03,2023-01-03 09:30:00,2023-01-03 14:30:00,315,21,-1.451305,1.451305
Alpha,syn_F,2023-01-04,2023-01-04 09:45:00,2023-01-04 12:30:00,180,12,-1.222287,1.222287
Alpha,syn_F,2023-01-04,2023-01-04 13:00:00,2023-01-04 13:45:00,60,4,-0.693504,0.693504
Alpha,syn_F,2023-01-05,2023-01-05 14:00:00,2023-01-05 14:00:00,15,1,-0.102144,0.102144
Alpha,syn_F,2023-01-05,2023-01-05 14:45:00,2023-01-05 16:30:00,120,8,-2.556826,2.556826
Alpha,syn_F,2023-01-06,2023-01-06 09:00:00,2023-01-06 09:00:00,15,1,-0.161065,0.161065
Alpha,syn_F,2023-01-06,2023-01-06 13:00:00,2023-01-06 16:15:00,210,14,-2.831431,2.831431
Alpha,syn_F,2023-01-06,2023-01-06 16:45:00,2023-01-06 17:00:00,30,2,-0.515451,0.515451
Alpha,syn_F,2023-01-07,2023-01-07 10:00:00,2023-01-07 10:30:00,45,3,-0.731996,0.731996
Alpha,syn_F,2023-01-07,2023-01-07 11:30:00,2023-01-07 11:45:00,30,2,-1.628928,1.628928
Alpha,syn_F,2023-01-07,2023-01-07 12:15:00,2023-01-07 12:30:00,30,2,-1.881385,1.881385
Alpha,syn_F,2023-01-07,2023-01-07 13:00:00,2023-01-07 13:00:00,15,1,-0.597381,0.597381
Alpha,syn_F,2023-01-07,2023-01-07 13:45:00,2023-01-07 14:30:00,60,4,-0.930478,0.930478
Alpha,syn_F,2023-01-08,2023-01-08 10:30:00,2023-01-08 17:00:00,405,27,-3.592459,3.592459
Alpha,syn_F,2023-01-09,2023-01-09 09:15:00,2023-01-09 16:30:00,450,30,-3.571169,3.571169
Alpha,syn_F,2023-01-10,2023-01-10 10:00:00,2023-01-10 16:30:00,405,27,-3.295488,3.295488
Alpha,syn_F,2023-01-11,2023-01-11 12:15:00,2023-01-11 13:00:00,60,4,-2.676388,2.676388
Alpha,syn_F,2023-01-11,2023-01-11 14:15:00,2023-01-11 15:00:00,60,4,-2.757028,2.757028
Alpha,syn_F,2023-01-11,2023-01-11 15:45:00,2023-01-11 16:15:00,45,3,-1.706772,1.706772
Alpha,syn_F,2023-01-12,2023-01-12 09:45:00,2023-01-12 10:00:00,30,2,-0.866181,0.866181
Alpha,syn_F,2023-01-12,2023-01-12 10:30:00,2023-01-12 10:30:00,15,1,-0.193321,0.193321
Alpha,syn_F,2023-01-12,2023-01-12 11:15:00,2023-01-12 16:15:00,315,21,-2.55575,2.55575
Alpha,syn_F,2023-01-13,2023-01-13 09:15:00,2023-01-13 10:30:00,90,6,-1.98525,1.98525
Alpha,syn_F,2023-01-13,2023-01-13 11:00:00,2023-01-13 15:30:00,285,19,-2.278134,2.278134
Alpha,syn_F,2023-01-14,2023-01-14 09:45:00,2023-01-14 10:00:00,30,2,-0.443197,0.443197
Alpha,syn_F,2023-01-14,2023-01-14 11:45:00,2023-01-14 15:15:00,225,15,-2.641766,2.641766
Alpha,syn_F,2023-01-14,2023-01-14 15:45:00,2023-01-14 15:45:00,15,1,-0.281488,0.281488
Alpha,syn_F,2023-01-14,2023-01-14 16:45:00,2023-01-14 16:45:00,15,1,-0.037847,0.037847
Alpha,syn_F,2023-01-15,2023-01-15 09:45:00,2023-01-15 13:30:00,240,16,-1.498399,1.498399
Alpha,syn_F,2023-01-15,2023-01-15 14:15:00,2023-01-15 14:15:00,15,1,-0.067952,0.067952
Alpha,syn_F,2023-01-16,2023-01-16 09:45:00,2023-01-16 15:30:00,360,24,-1.513666,1.513666
Alpha,syn_F,2023-01-17,2023-01-17 11:00:00,2023-01-17 15:45:00,300,20,-2.180291,2.180291
Alpha,syn_F,2023-01-18,2023-01-18 09:45:00,2023-01-18 13:45:00,255,17,-1.740749,1.740749
Alpha,syn_F,2023-01-20,2023-01-20 10:15:00,2023-01-20 11:00:00,60,4,-1.836227,1.836227
Alpha,syn_F,2023-01-20,2023-01-20 11:30:00,2023-01-20 12:30:00,75,5,-0.951337,0.951337
Alpha,syn_F,2023-01-20,2023-01-20 13:00:00,2023-01-20 14:15:00,90,6,-2.302648,2.302648
Alpha,syn_F,2023-01-20,2023-01-20 15:00:00,2023-01-20 15:00:00,15,1,-0.145152,0.145152
Alpha,syn_F,2023-01-20,2023-01-20 16:00:00,2023-01-20 16:00:00,15,1,-0.090317,0.090317
Alpha,syn_F,2023-01-21,2023-01-21 09:30:00,2023-01-21 10:45:00,90,6,-0.790057,0.790057
Alpha,syn_F,2023-01-21,2023-01-21 11:15:00,2023-01-21 16:15:00,315,21,-3.592244,3.592244
Alpha,syn_F,2023-01-23,2023-01-23 11:30:00,2023-01-23 12:15:00,60,4,-2.422426,2.422426
Alpha,syn_F,2023-01-23,2023-01-23 14:00:00,2023-01-23 15:00:00,75,5,-2.522849,2.522849
Alpha,syn_F,2023-01-23,2023-01-23 15:45:00,2023-01-23 15:45:00,15,1,-0.294605,0.294605
Alpha,syn_F,2023-01-23,2023-01-23 16:30:00,2023-01-23 16:45:00,30,2,-0.53674,0.53674
Alpha,syn_F,2023-01-24,2023-01-24 10:15:00,2023-01-24 10:30:00,30,2,-1.325936,1.325936
Alpha,syn_F,2023-01-24,2023-01-24 11:30:00,2023-01-24 11:30:00,15,1,-0.399759,0.399759
Alpha,syn_F,2023-01-24,2023-01-24 13:00:00,2023-01-24 15:30:00,165,11,-1.536676,1.536676
Alpha,syn_F,2023-01-24,2023-01-24 16:00:00,2023-01-24 16:15:00,30,2,-0.170957,0.170957
Alpha,syn_F,2023-01-25,2023-01-25 11:30:00,2023-01-25 12:45:00,90,6,-1.393889,1.393889
Alpha,syn_F,2023-01-25,2023-01-25 13:30:00,2023-01-25 15:00:00,105,7,-1.213686,1.213686
Alpha,syn_F,2023-01-26,2023-01-26 10:15:00,2023-01-26 12:45:00,165,11,-1.270886,1.270886
Alpha,syn_F,2023-01-27,2023-01-27 13:00:00,2023-01-27 13:00:00,15,1,-0.040212,0.040212
Alpha,syn_F,2023-01-31,2023-01-31 14:00:00,2023-01-31 14:30:00,45,3,-0.613294,0.613294
Alpha,syn_F,2023-01-31,2023-01-31 15:00:00,2023-01-31 16:30:00,105,7,-2.272328,2.272328
Alpha,syn_F,2023-02-01,2023-02-01 10:30:00,2023-02-01 11:15:00,60,4,-1.287444,1.287444
Alpha,syn_F,2023-02-01,2023-02-01 12:30:00,2023-02-01 15:45:00,210,14,-2.375977,2.375977
Alpha,syn_F,2023-02-02,2023-02-02 11:15:00,2023-02-02 12:00:00,60,4,-0.726835,0.726835
Alpha,syn_F,2023-02-02,2023-02-02 12:45:00,2023-02-02 13:00:00,30,2,-0.31955,0.31955
Alpha,syn_F,2023-02-02,2023-02-02 13:45:00,2023-02-02 13:45:00,15,1,-0.249446,0.249446
Alpha,syn_F,2023-02-03,2023-02-03 10:15:00,2023-02-03 11:30:00,90,6,-1.033267,1.033267
Alpha,syn_F,2023-02-03,2023-02-03 12:30:00,2023-02-03 12:45:00,30,2,-0.957573,0.957573
Alpha,syn_F,2023-02-04,2023-02-04 09:30:00,2023-02-04 16:30:00,435,29,-3.564933,3.564933
Alpha,syn_F,2023-02-05,2023-02-05 09:30:00,2023-02-05 16:00:00,405,27,-2.983465,2.983465
Alpha,syn_F,2023-02-06,2023-02-06 09:30:00,2023-02-06 09:45:00,30,2,-0.586414,0.586414
Alpha,syn_F,2023-02-06,2023-02-06 10:30:00,2023-02-06 15:15:00,300,20,-2.084168,2.084168
Alpha,syn_F,2023-02-07,2023-02-07 11:15:00,2023-02-07 14:45:00,225,15,-1.740104,1.740104
Alpha,syn_F,2023-02-08,2023-02-08 10:00:00,2023-02-08 14:45:00,300,20,-1.995141,1.995141
Alpha,syn_F,2023-02-08,2023-02-08 15:15:00,2023-02-08 15:30:00,30,2,-0.390943,0.390943
Alpha,syn_F,2023-02-09,2023-02-09 09:45:00,2023-02-09 10:15:00,45,3,-1.138852,1.138852
Alpha,syn_F,2023-02-10,2023-02-10 09:45:00,2023-02-10 09:45:00,15,1,-0.124078,0.124078
Alpha,syn_F,2023-02-10,2023-02-10 10:15:00,2023-02-10 11:45:00,105,7,-1.975142,1.975142
Alpha,syn_F,2023-02-10,2023-02-10 14:45:00,2023-02-10 14:45:00,15,1,-0.198697,0.198697
Alpha,syn_F,2023-02-11,2023-02-11 10:15:00,2023-02-11 10:45:00,45,3,-0.560609,0.560609
Alpha,syn_F,2023-02-11,2023-02-11 11:30:00,2023-02-11 11:30:00,15,1,-0.159345,0.159345
Alpha,syn_F,2023-02-12,2023-02-12 11:00:00,2023-02-12 13:15:00,150,10,-0.232673,0.232673
Alpha,syn_F,2023-02-13,2023-02-13 14:45:00,2023-02-13 14:45:00,15,1,-0.856289,0.856289
Alpha,syn_F,2023-02-13,2023-02-13 15:15:00,2023-02-13 16:15:00,75,5,-1.20616,1.20616
Alpha,syn_F,2023-02-14,2023-02-14 13:45:00,2023-02-14 14:30:00,60,4,-0.764252,0.764252
Alpha,syn_F,2023-02-14,2023-02-14 16:15:00,2023-02-14 16:15:00,15,1,-0.044943,0.044943
Alpha,syn_F,2023-02-15,2023-02-15 09:30:00,2023-02-15 10:30:00,75,5,-0.9165,0.9165
Alpha,syn_F,2023-02-15,2023-02-15 11:45:00,2023-02-15 16:30:00,300,20,-3.41591,3.41591
Alpha,syn_F,2023-02-16,2023-02-16 09:30:00,2023-02-16 15:45:00,390,26,-2.814659,2.814659
Alpha,syn_F,2023-02-17,2023-02-17 09:45:00,2023-02-17 14:00:00,270,18,-1.784402,1.784402
Alpha,syn_F,2023-02-18,2023-02-18 10:45:00,2023-02-18 11:00:00,30,2,-0.045158,0.045158
Alpha,syn_F,2023-02-20,2023-02-20 10:15:00,2023-02-20 13:00:00,180,12,-0.895426,0.895426
Alpha,syn_F,2023-02-21,2023-02-21 10:00:00,2023-02-21 11:30:00,105,7,-0.637164,0.637164
Alpha,syn_F,2023-02-21,2023-02-21 13:30:00,2023-02-21 13:30:00,15,1,-0.045804,0.045804
Alpha,syn_F,2023-02-23,2023-02-23 10:15:00,2023-02-23 12:15:00,135,9,-1.831926,1.831926
Alpha,syn_F,2023-02-23,2023-02-23 16:30:00,2023-02-23 16:45:00,30,2,-0.117412,0.117412
Alpha,syn_F,2023-02-24,2023-02-24 09:45:00,2023-02-24 16:45:00,435,29,-3.705354,3.705354
Alpha,syn_F,2023-02-25,2023-02-25 09:45:00,2023-02-25 11:45:00,135,9,-1.814293,1.814293
Alpha,syn_F,2023-02-25,2023-02-25 12:30:00,2023-02-25 16:30:00,255,17,-3.414405,3.414405
Alpha,syn_F,2023-02-26,2023-02-26 10:00:00,2023-02-26 14:30:00,285,19,-2.413609,2.413609
Alpha,syn_F,2023-02-27,2023-02-27 10:45:00,2023-02-27 10:45:00,15,1,-0.170742,0.170742
Alpha,syn_F,2023-02-27,2023-02-27 11:30:00,2023-02-27 14:15:00,180,12,-1.563126,1.563126
Alpha,syn_F,2023-02-28,2023-02-28 10:30:00,2023-02-28 10:30:00,15,1,-0.200417,0.200417
Alpha,syn_F,2023-02-28,2023-02-28 14:00:00,2023-02-28 14:15:00,30,2,-1.022085,1.022085
Alpha,syn_F,2023-02-28,2023-02-28 15:15:00,2023-02-28 15:15:00,15,1,-0.042363,0.042363
Alpha,syn_F,2023-03-01,2023-03-01 10:30:00,2023-03-01 14:15:00,240,16,-1.246802,1.246802
Alpha,syn_F,2023-03-02,2023-03-02 10:30:00,2023-03-02 11:00:00,45,3,-0.723824,0.723824
Alpha,syn_F,2023-03-02,2023-03-02 11:45:00,2023-03-02 11:45:00,15,1,-0.256543,0.256543
Alpha,syn_F,2023-03-02,2023-03-02 12:30:00,2023-03-02 15:45:00,210,14,-1.996216,1.996216
Alpha,syn_F,2023-03-03,2023-03-03 11:00:00,2023-03-03 15:45:00,300,20,-2.473175,2.473175
Alpha,syn_F,2023-03-04,2023-03-04 10:45:00,2023-03-04 15:45:00,315,21,-1.758597,1.758597
Alpha,syn_F,2023-03-05,2023-03-05 10:00:00,2023-03-05 14:45:00,300,20,-2.09707,2.09707
Alpha,syn_F,2023-03-08,2023-03-08 10:00:00,2023-03-08 12:15:00,150,10,-1.948477,1.948477
Alpha,syn_F,2023-03-08,2023-03-08 12:45:00,2023-03-08 12:45:00,15,1,-0.602757,0.602757
Alpha,syn_F,2023-03-08,2023-03-08 13:30:00,2023-03-08 14:15:00,60,4,-1.37217,1.37217
Alpha,syn_F,2023-03-08,2023-03-08 15:00:00,2023-03-08 15:00:00,15,1,-0.260628,0.260628
Alpha,syn_F,2023-03-09,2023-03-09 09:45:00,2023-03-09 15:45:00,375,25,-3.141949,3.141949
Alpha,syn_F,2023-03-10,2023-03-10 11:45:00,2023-03-10 16:00:00,270,18,-3.129047,3.129047
Alpha,syn_F,2023-03-11,2023-03-11 10:15:00,2023-03-11 11:15:00,75,5,-0.907899,0.907899
Alpha,syn_F,2023-03-11,2023-03-11 11:45:00,2023-03-11 13:00:00,90,6,-1.144443,1.144443
Alpha,syn_F,2023-03-12,2023-03-12 12:15:00,2023-03-12 13:15:00,75,5,-0.45438,0.45438
Alpha,syn_F,2023-03-12,2023-03-12 13:45:00,2023-03-12 13:45:00,15,1,-0.19031,0.19031
Alpha,syn_F,2023-03-13,2023-03-13 11:30:00,2023-03-13 11:30:00,15,1,-0.112466,0.112466
Alpha,syn_F,2023-03-13,2023-03-13 12:15:00,2023-03-13 12:30:00,30,2,-1.658388,1.658388
Alpha,syn_F,2023-03-13,2023-03-13 14:45:00,2023-03-13 15:00:00,30,2,-0.273746,0.273746
Alpha,syn_F,2023-03-14,2023-03-14 10:30:00,2023-03-14 10:45:00,30,2,-1.328517,1.328517
Alpha,syn_F,2023-03-14,2023-03-14 12:00:00,2023-03-14 12:30:00,45,3,-2.064814,2.064814
Alpha,syn_F,2023-03-14,2023-03-14 13:15:00,2023-03-14 13:15:00,15,1,-0.369008,0.369008
Alpha,syn_F,2023-03-15,2023-03-15 11:00:00,2023-03-15 15:30:00,285,19,-1.98912,1.98912
Alpha,syn_F,2023-03-16,2023-03-16 10:15:00,2023-03-16 13:30:00,210,14,-1.245942,1.245942
Alpha,syn_F,2023-03-17,2023-03-17 10:00:00,2023-03-17 13:45:00,240,16,-1.365934,1.365934
Alpha,syn_F,2023-03-21,2023-03-21 15:15:00,2023-03-21 15:15:00,15,1,-0.319334,0.319334
Alpha,syn_F,2023-03-22,2023-03-22 10:00:00,2023-03-22 14:15:00,270,18,-1.692794,1.692794
Alpha,syn_F,2023-03-22,2023-03-22 15:15:00,2023-03-22 16:00:00,60,4,-1.459907,1.459907
Alpha,syn_F,2023-03-23,2023-03-23 10:30:00,2023-03-23 12:00:00,105,7,-1.959444,1.959444
Alpha,syn_F,2023-03-23,2023-03-23 13:30:00,2023-03-23 13:30:00,15,1,-0.164506,0.164506
Alpha,syn_F,2023-03-23,2023-03-23 14:00:00,2023-03-23 14:00:00,15,1,-0.939725,0.939725
Alpha,syn_F,2023-03-24,2023-03-24 10:45:00,2023-03-24 10:45:00,15,1,-0.366214,0.366214
Alpha,syn_F,2023-03-24,2023-03-24 12:00:00,2023-03-24 12:30:00,45,3,-1.88461,1.88461
Alpha,syn_F,2023-03-24,2023-03-24 13:15:00,2023-03-24 15:45:00,165,11,-1.809562,1.809562
Alpha,syn_F,2023-03-26,2023-03-26 13:30:00,2023-03-26 13:45:00,30,2,-0.944456,0.944456
Alpha,syn_F,2023-03-26,2023-03-26 14:15:00,2023-03-26 14:30:00,30,2,-0.738663,0.738663
Alpha,syn_F,2023-03-28,2023-03-28 10:45:00,2023-03-28 10:45:00,15,1,-0.173537,0.173537
Alpha,syn_F,2023-03-28,2023-03-28 11:45:00,2023-03-28 12:00:00,30,2,-1.23734,1.23734
Alpha,syn_F,2023-03-28,2023-03-28 13:00:00,2023-03-28 13:00:00,15,1,-0.168161,0.168161
Alpha,syn_F,2023-03-29,2023-03-29 10:30:00,2023-03-29 10:30:00,15,1,-0.361052,0.361052
Alpha,syn_F,2023-03-29,2023-03-29 11:00:00,2023-03-29 14:00:00,195,13,-2.749716,2.749716
Alpha,syn_F,2023-03-30,2023-03-30 09:45:00,2023-03-30 13:45:00,255,17,-3.692452,3.692452
Alpha,syn_F,2023-03-30,2023-03-30 14:15:00,2023-03-30 14:15:00,15,1,-0.359977,0.359977
Alpha,syn_F,2023-03-30,2023-03-30 15:00:00,2023-03-30 16:30:00,105,7,-1.405286,1.405286
Alpha,syn_F,2023-03-31,2023-03-31 09:45:00,2023-03-31 16:30:00,420,28,-4.120166,4.120166
Alpha,syn_F,2023-04-01,2023-04-01 09:15:00,2023-04-01 15:15:00,375,25,-3.533322,3.533322
Alpha,syn_F,2023-04-02,2023-04-02 09:15:00,2023-04-02 12:00:00,180,12,-2.423071,2.423071
Alpha,syn_F,2023-04-02,2023-04-02 13:00:00,2023-04-02 14:45:00,120,8,-2.536827,2.536827
Alpha,syn_F,2023-04-02,2023-04-02 15:15:00,2023-04-02 15:15:00,15,1,-0.149668,0.149668
Alpha,syn_F,2023-04-03,2023-04-03 11:30:00,2023-04-03 14:15:00,180,12,-2.844979,2.844979
Alpha,syn_F,2023-04-03,2023-04-03 14:45:00,2023-04-03 15:15:00,45,3,-0.138486,0.138486
Alpha,syn_F,2023-04-04,2023-04-04 11:00:00,2023-04-04 12:45:00,120,8,-2.50285,2.50285
Alpha,syn_F,2023-04-05,2023-04-05 09:00:00,2023-04-05 09:00:00,15,1,-0.147302,0.147302
Alpha,syn_F,2023-04-05,2023-04-05 10:00:00,2023-04-05 11:00:00,75,5,-2.007399,2.007399
Alpha,syn_F,2023-04-05,2023-04-05 12:00:00,2023-04-05 14:30:00,165,11,-3.65697,3.65697
Alpha,syn_F,2023-04-06,2023-04-06 09:30:00,2023-04-06 09:45:00,30,2,-0.136335,0.136335
Alpha,syn_F,2023-04-06,2023-04-06 10:30:00,2023-04-06 10:30:00,15,1,-0.020859,0.020859
Alpha,syn_F,2023-04-06,2023-04-06 11:00:00,2023-04-06 11:30:00,45,3,-1.582694,1.582694
Alpha,syn_F,2023-04-06,2023-04-06 12:00:00,2023-04-06 12:15:00,30,2,-0.771778,0.771778
Alpha,syn_F,2023-04-06,2023-04-06 12:45:00,2023-04-06 13:00:00,30,2,-0.904458,0.904458
Alpha,syn_F,2023-04-07,2023-04-07 13:45:00,2023-04-07 14:00:00,30,2,-0.239555,0.239555
Alpha,syn_F,2023-04-07,2023-04-07 14:30:00,2023-04-07 15:15:00,60,4,-1.891922,1.891922
Alpha,syn_F,2023-04-09,2023-04-09 09:15:00,2023-04-09 15:00:00,360,24,-3.558912,3.558912
Alpha,syn_F,2023-04-10,2023-04-10 09:00:00,2023-04-10 15:00:00,375,25,-3.224955,3.224955
Alpha,syn_F,2023-04-11,2023-04-11 09:00:00,2023-04-11 14:45:00,360,24,-3.907062,3.907062
Alpha,syn_F,2023-04-12,2023-04-12 09:15:00,2023-04-12 12:15:00,195,13,-3.569449,3.569449
Alpha,syn_F,2023-04-12,2023-04-12 14:30:00,2023-04-12 14:45:00,30,2,-0.123218,0.123218
Alpha,syn_F,2023-04-13,2023-04-13 09:15:00,2023-04-13 09:15:00,15,1,-0.453304,0.453304
Alpha,syn_F,2023-04-13,2023-04-13 11:45:00,2023-04-13 12:30:00,60,4,-1.391309,1.391309
Alpha,syn_F,2023-04-13,2023-04-13 13:00:00,2023-04-13 13:00:00,15,1,-1.21304,1.21304
Alpha,syn_F,2023-04-13,2023-04-13 14:15:00,2023-04-13 14:15:00,15,1,-2.217062,2.217062
Alpha,syn_F,2023-04-14,2023-04-14 09:45:00,2023-04-14 09:45:00,15,1,-1.147023,1.147023
Alpha,syn_F,2023-04-14,2023-04-14 10:15:00,2023-04-14 11:45:00,105,7,-2.685634,2.685634
Alpha,syn_F,2023-04-14,2023-04-14 12:15:00,2023-04-14 12:45:00,45,3,-1.845903,1.845903
Alpha,syn_F,2023-04-14,2023-04-14 13:15:00,2023-04-14 15:15:00,135,9,-2.022666,2.022666
Alpha,syn_F,2023-04-15,2023-04-15 09:30:00,2023-04-15 15:00:00,345,23,-3.041526,3.041526
Alpha,syn_F,2023-04-17,2023-04-17 09:00:00,2023-04-17 12:00:00,195,13,-3.09077,3.09077
Alpha,syn_F,2023-04-17,2023-04-17 13:15:00,2023-04-17 13:30:00,30,2,-1.458186,1.458186
Alpha,syn_F,2023-04-18,2023-04-18 09:15:00,2023-04-18 15:15:00,375,25,-3.667937,3.667937
Alpha,syn_F,2023-04-19,2023-04-19 09:15:00,2023-04-19 14:15:00,315,21,-3.401073,3.401073
Alpha,syn_F,2023-04-19,2023-04-19 14:45:00,2023-04-19 15:15:00,45,3,-0.920586,0.920586
Alpha,syn_F,2023-04-21,2023-04-21 09:45:00,2023-04-21 11:15:00,105,7,-1.976218,1.976218
Alpha,syn_F,2023-04-21,2023-04-21 11:45:00,2023-04-21 12:00:00,30,2,-2.334474,2.334474
Alpha,syn_F,2023-04-21,2023-04-21 12:30:00,2023-04-21 12:30:00,15,1,-1.272392,1.272392
Alpha,syn_F,2023-04-21,2023-04-21 14:15:00,2023-04-21 14:30:00,30,2,-0.235468,0.235468
Alpha,syn_F,2023-04-22,2023-04-22 10:30:00,2023-04-22 11:15:00,60,4,-1.503989,1.503989
Alpha,syn_F,2023-04-22,2023-04-22 14:00:00,2023-04-22 14:00:00,15,1,-0.607918,0.607918
Alpha,syn_F,2023-04-23,2023-04-23 10:15:00,2023-04-23 10:15:00,15,1,-0.6191,0.6191
Alpha,syn_F,2023-04-23,2023-04-23 11:45:00,2023-04-23 12:15:00,45,3,-1.348516,1.348516
Alpha,syn_F,2023-04-23,2023-04-23 12:45:00,2023-04-23 13:15:00,45,3,-1.330022,1.330022
Alpha,syn_F,2023-04-24,2023-04-24 10:00:00,2023-04-24 11:15:00,90,6,-0.799734,0.799734
Alpha,syn_F,2023-04-24,2023-04-24 11:45:00,2023-04-24 11:45:00,15,1,-0.315894,0.315894
Alpha,syn_F,2023-04-24,2023-04-24 12:30:00,2023-04-24 14:30:00,135,9,-1.888051,1.888051
Alpha,syn_F,2023-04-24,2023-04-24 15:00:00,2023-04-24 15:00:00,15,1,-0.054835,0.054835
Alpha,syn_F,2023-04-25,2023-04-25 10:30:00,2023-04-25 10:45:00,30,2,-0.175473,0.175473
Alpha,syn_F,2023-04-25,2023-04-25 11:45:00,2023-04-25 12:15:00,45,3,-1.325936,1.325936
Alpha,syn_F,2023-04-25,2023-04-25 14:00:00,2023-04-25 14:45:00,60,4,-0.952412,0.952412
Alpha,syn_F,2023-04-26,2023-04-26 09:00:00,2023-04-26 09:00:00,15,1,-0.120422,0.120422
Alpha,syn_F,2023-04-26,2023-04-26 09:30:00,2023-04-26 15:00:00,345,23,-3.319142,3.319142
Alpha,syn_F,2023-04-27,2023-04-27 09:00:00,2023-04-27 09:30:00,45,3,-0.379761,0.379761
Alpha,syn_F,2023-04-27,2023-04-27 10:00:00,2023-04-27 13:45:00,240,16,-3.108404,3.108404
Alpha,syn_F,2023-04-27,2023-04-27 14:15:00,2023-04-27 14:30:00,30,2,-0.287938,0.287938
Alpha,syn_F,2023-04-28,2023-04-28 09:15:00,2023-04-28 14:45:00,345,23,-2.940242,2.940242
Alpha,syn_F,2023-04-29,2023-04-29 10:15:00,2023-04-29 10:15:00,15,1,-0.018708,0.018708
Alpha,syn_F,2023-04-29,2023-04-29 11:00:00,2023-04-29 11:15:00,30,2,-0.299766,0.299766
Alpha,syn_F,2023-04-29,2023-04-29 12:15:00,2023-04-29 13:30:00,90,6,-2.099006,2.099006
Alpha,syn_F,2023-04-30,2023-04-30 09:45:00,2023-04-30 14:45:00,315,21,-2.41963,2.41963
Alpha,syn_F,2023-05-01,2023-05-01 09:00:00,2023-05-01 09:00:00,15,1,-0.066447,0.066447
Alpha,syn_F,2023-05-01,2023-05-01 10:15:00,2023-05-01 15:15:00,315,21,-3.51827,3.51827
Alpha,syn_F,2023-05-02,2023-05-02 09:15:00,2023-05-02 15:15:00,375,25,-3.273124,3.273124
Alpha,syn_F,2023-05-03,2023-05-03 09:30:00,2023-05-03 15:15:00,360,24,-3.102812,3.102812
Alpha,syn_F,2023-05-04,2023-05-04 09:15:00,2023-05-04 15:00:00,360,24,-3.475692,3.475692
Alpha,syn_F,2023-05-05,2023-05-05 09:45:00,2023-05-05 15:00:00,330,22,-2.873794,2.873794
Alpha,syn_F,2023-05-06,2023-05-06 10:00:00,2023-05-06 14:45:00,300,20,-2.791434,2.791434
Alpha,syn_F,2023-05-07,2023-05-07 10:15:00,2023-05-07 10:15:00,15,1,-0.011612,0.011612
Alpha,syn_F,2023-05-07,2023-05-07 11:00:00,2023-05-07 11:00:00,15,1,-0.737157,0.737157
Alpha,syn_F,2023-05-07,2023-05-07 13:30:00,2023-05-07 14:00:00,45,3,-1.003376,1.003376
Alpha,syn_F,2023-05-08,2023-05-08 10:15:00,2023-05-08 13:30:00,210,14,-2.534892,2.534892
Alpha,syn_F,2023-05-09,2023-05-09 10:00:00,2023-05-09 14:45:00,300,20,-2.603489,2.603489
Alpha,syn_F,2023-05-10,2023-05-10 09:45:00,2023-05-10 14:45:00,315,21,-2.95637,2.95637
Alpha,syn_F,2023-05-11,2023-05-11 09:45:00,2023-05-11 12:45:00,195,13,-2.644992,2.644992
Alpha,syn_F,2023-05-11,2023-05-11 14:00:00,2023-05-11 14:15:00,30,2,-0.637594,0.637594
Alpha,syn_F,2023-05-12,2023-05-12 09:45:00,2023-05-12 14:45:00,315,21,-2.490808,2.490808
Alpha,syn_F,2023-05-13,2023-05-13 10:15:00,2023-05-13 12:15:00,135,9,-1.822464,1.822464
Alpha,syn_F,2023-05-14,2023-05-14 10:45:00,2023-05-14 12:00:00,90,6,-1.560975,1.560975
Alpha,syn_F,2023-05-14,2023-05-14 12:45:00,2023-05-14 12:45:00,15,1,-0.813496,0.813496
Alpha,syn_F,2023-05-15,2023-05-15 10:00:00,2023-05-15 10:30:00,45,3,-0.611144,0.611144
Alpha,syn_F,2023-05-15,2023-05-15 12:30:00,2023-05-15 12:30:00,15,1,-0.030536,0.030536
Alpha,syn_F,2023-05-15,2023-05-15 13:15:00,2023-05-15 14:30:00,90,6,-1.170677,1.170677
Alpha,syn_F,2023-05-16,2023-05-16 12:15:00,2023-05-16 14:45:00,165,11,-2.401997,2.401997
Alpha,syn_F,2023-05-18,2023-05-18 10:15:00,2023-05-18 10:15:00,15,1,-0.0815,0.0815
Alpha,syn_F,2023-05-18,2023-05-18 10:45:00,2023-05-18 11:30:00,60,4,-0.877148,0.877148
Alpha,syn_F,2023-05-18,2023-05-18 13:45:00,2023-05-18 13:45:00,15,1,-0.583834,0.583834
Alpha,syn_F,2023-05-19,2023-05-19 10:15:00,2023-05-19 14:30:00,270,18,-2.114703,2.114703
Alpha,syn_F,2023-05-20,2023-05-20 10:45:00,2023-05-20 14:15:00,225,15,-1.660969,1.660969
Alpha,syn_F,2023-05-21,2023-05-21 11:15:00,2023-05-21 14:15:00,195,13,-1.363784,1.363784
Alpha,syn_F,2023-05-22,2023-05-22 10:15:00,2023-05-22 14:45:00,285,19,-2.25921,2.25921
Alpha,syn_F,2023-05-23,2023-05-23 10:30:00,2023-05-23 14:30:00,255,17,-2.120079,2.120079
Alpha,syn_F,2023-05-24,2023-05-24 10:30:00,2023-05-24 14:30:00,255,17,-2.051697,2.051697
Alpha,syn_F,2023-05-25,2023-05-25 10:30:00,2023-05-25 13:15:00,180,12,-2.225664,2.225664
Alpha,syn_F,2023-05-26,2023-05-26 10:30:00,2023-05-26 10:45:00,30,2,-0.48126,0.48126
Alpha,syn_F,2023-05-26,2023-05-26 12:00:00,2023-05-26 12:15:00,30,2,-2.39533,2.39533
Alpha,syn_F,2023-05-27,2023-05-27 11:15:00,2023-05-27 14:00:00,180,12,-1.034127,1.034127
Alpha,syn_F,2023-05-28,2023-05-28 11:15:00,2023-05-28 13:15:00,135,9,-0.833065,0.833065
Alpha,syn_F,2023-05-29,2023-05-29 10:30:00,2023-05-29 14:15:00,240,16,-1.727201,1.727201
Alpha,syn_F,2023-05-30,2023-05-30 10:30:00,2023-05-30 14:15:00,240,16,-1.877729,1.877729
Alpha,syn_F,2023-05-31,2023-05-31 10:30:00,2023-05-31 13:30:00,195,13,-1.77666,1.77666
Alpha,syn_F,2023-05-31,2023-05-31 14:00:00,2023-05-31 14:00:00,15,1,-0.664474,0.664474
Alpha,syn_F,2023-05-31,2023-05-31 14:30:00,2023-05-31 14:30:00,15,1,-0.570071,0.570071
Alpha,syn_F,2023-06-01,2023-06-01 11:30:00,2023-06-01 11:45:00,30,2,-0.599746,0.599746
Alpha,syn_F,2023-06-03,2023-06-03 11:30:00,2023-06-03 11:45:00,30,2,-0.482334,0.482334
Alpha,syn_F,2023-06-03,2023-06-03 12:45:00,2023-06-03 14:00:00,90,6,-0.875858,0.875858
Alpha,syn_F,2023-06-05,2023-06-05 12:00:00,2023-06-05 12:00:00,15,1,-1.078641,1.078641
Alpha,syn_F,2023-06-06,2023-06-06 10:00:00,2023-06-06 10:00:00,15,1,-0.409651,0.409651
Alpha,syn_F,2023-06-06,2023-06-06 10:30:00,2023-06-06 11:45:00,90,6,-1.58592,1.58592
Alpha,syn_F,2023-06-06,2023-06-06 12:15:00,2023-06-06 12:15:00,15,1,-1.113692,1.113692
Alpha,syn_F,2023-06-06,2023-06-06 12:45:00,2023-06-06 13:00:00,30,2,-0.18945,0.18945
Alpha,syn_F,2023-06-06,2023-06-06 13:45:00,2023-06-06 14:00:00,30,2,-0.259984,0.259984
Alpha,syn_F,2023-06-06,2023-06-06 14:30:00,2023-06-06 14:30:00,15,1,-0.144507,0.144507
Alpha,syn_F,2023-06-07,2023-06-07 10:30:00,2023-06-07 14:30:00,255,17,-1.66656,1.66656
Alpha,syn_F,2023-06-08,2023-06-08 11:15:00,2023-06-08 11:15:00,15,1,-0.031611,0.031611
Alpha,syn_F,2023-06-09,2023-06-09 10:30:00,2023-06-09 14:15:00,240,16,-2.033418,2.033418
Alpha,syn_F,2023-06-09,2023-06-09 14:45:00,2023-06-09 14:45:00,15,1,-0.032256,0.032256
Alpha,syn_F,2023-06-10,2023-06-10 11:00:00,2023-06-10 14:00:00,195,13,-1.402706,1.402706
Alpha,syn_F,2023-06-11,2023-06-11 11:30:00,2023-06-11 14:00:00,165,11,-0.980797,0.980797
Alpha,syn_F,2023-06-12,2023-06-12 11:30:00,2023-06-12 13:45:00,150,10,-0.875858,0.875858
Alpha,syn_F,2023-06-14,2023-06-14 10:30:00,2023-06-14 14:15:00,240,16,-1.90719,1.90719
Alpha,syn_F,2023-06-15,2023-06-15 10:45:00,2023-06-15 14:15:00,225,15,-1.548933,1.548933
Alpha,syn_F,2023-06-16,2023-06-16 11:00:00,2023-06-16 14:15:00,210,14,-1.334753,1.334753
Alpha,syn_F,2023-06-17,2023-06-17 11:30:00,2023-06-17 13:45:00,150,10,-0.820593,0.820593
Alpha,syn_F,2023-06-18,2023-06-18 11:45:00,2023-06-18 13:45:00,135,9,-0.585984,0.585984
Alpha,syn_F,2023-06-19,2023-06-19 11:00:00,2023-06-19 14:15:00,210,14,-1.265726,1.265726
Alpha,syn_F,2023-06-20,2023-06-20 11:00:00,2023-06-20 14:15:00,210,14,-1.472594,1.472594
Alpha,syn_F,2023-06-21,2023-06-21 11:30:00,2023-06-21 14:00:00,165,11,-0.905533,0.905533
Alpha,syn_F,2023-06-23,2023-06-23 11:00:00,2023-06-23 14:15:00,210,14,-1.391094,1.391094
Alpha,syn_F,2023-06-24,2023-06-24 11:00:00,2023-06-24 14:15:00,210,14,-1.18358,1.18358
Alpha,syn_F,2023-06-25,2023-06-25 11:45:00,2023-06-25 14:00:00,150,10,-0.801454,0.801454
Alpha,syn_F,2023-06-26,2023-06-26 10:30:00,2023-06-26 14:30:00,255,17,-1.907404,1.907404
Alpha,syn_F,2023-06-27,2023-06-27 10:30:00,2023-06-27 14:15:00,240,16,-1.858591,1.858591
Alpha,syn_F,2023-06-29,2023-06-29 10:45:00,2023-06-29 14:00:00,210,14,-1.823969,1.823969
Alpha,syn_F,2023-06-30,2023-06-30 11:15:00,2023-06-30 14:15:00,195,13,-1.244436,1.244436
Alpha,syn_F,2023-07-02,2023-07-02 11:30:00,2023-07-02 11:30:00,15,1,-0.100639,0.100639
Alpha,syn_F,2023-07-02,2023-07-02 12:00:00,2023-07-02 12:45:00,60,4,-0.909834,0.909834
Alpha,syn_F,2023-07-02,2023-07-02 13:45:00,2023-07-02 13:45:00,15,1,-0.350085,0.350085
Alpha,syn_F,2023-07-05,2023-07-05 10:30:00,2023-07-05 14:30:00,255,17,-2.026538,2.026538
Alpha,syn_F,2023-07-06,2023-07-06 11:45:00,2023-07-06 12:00:00,30,2,-0.050104,0.050104
Alpha,syn_F,2023-07-07,2023-07-07 10:30:00,2023-07-07 14:30:00,255,17,-1.77451,1.77451
Alpha,syn_F,2023-07-08,2023-07-08 11:00:00,2023-07-08 14:30:00,225,15,-1.438188,1.438188
Alpha,syn_F,2023-07-09,2023-07-09 10:45:00,2023-07-09 14:15:00,225,15,-1.291745,1.291745
Alpha,syn_F,2023-07-10,2023-07-10 10:30:00,2023-07-10 14:45:00,270,18,-2.293186,2.293186
Alpha,syn_F,2023-07-11,2023-07-11 10:30:00,2023-07-11 14:45:00,270,18,-2.2319,2.2319
Alpha,syn_F,2023-07-12,2023-07-12 10:45:00,2023-07-12 14:30:00,240,16,-1.737738,1.737738
Alpha,syn_F,2023-07-13,2023-07-13 10:45:00,2023-07-13 14:45:00,255,17,-2.072556,2.072556
Alpha,syn_F,2023-07-14,2023-07-14 10:45:00,2023-07-14 14:45:00,255,17,-2.086318,2.086318
Alpha,syn_F,2023-07-15,2023-07-15 11:00:00,2023-07-15 13:45:00,180,12,-1.863322,1.863322
Alpha,syn_F,2023-07-17,2023-07-17 10:15:00,2023-07-17 11:15:00,75,5,-1.15627,1.15627
Alpha,syn_F,2023-07-18,2023-07-18 14:45:00,2023-07-18 14:45:00,15,1,-0.083005,0.083005
Alpha,syn_F,2023-07-19,2023-07-19 10:15:00,2023-07-19 14:45:00,285,19,-2.63725,2.63725
Alpha,syn_F,2023-07-20,2023-07-20 10:45:00,2023-07-20 15:00:00,270,18,-2.158572,2.158572
Alpha,syn_F,2023-07-21,2023-07-21 12:30:00,2023-07-21 12:30:00,15,1,-0.041718,0.041718
Alpha,syn_F,2023-07-21,2023-07-21 14:00:00,2023-07-21 14:15:00,30,2,-0.246651,0.246651
Alpha,syn_F,2023-07-22,2023-07-22 10:45:00,2023-07-22 14:00:00,210,14,-1.746125,1.746125
Alpha,syn_F,2023-07-23,2023-07-23 12:00:00,2023-07-23 12:15:00,30,2,-0.938004,0.938004
Alpha,syn_F,2023-07-24,2023-07-24 12:45:00,2023-07-24 12:45:00,15,1,-0.028385,0.028385
Alpha,syn_F,2023-07-25,2023-07-25 10:15:00,2023-07-25 11:30:00,90,6,-1.880095,1.880095
Alpha,syn_F,2023-07-25,2023-07-25 12:00:00,2023-07-25 13:00:00,75,5,-0.961229,0.961229
Alpha,syn_F,2023-07-25,2023-07-25 14:00:00,2023-07-25 14:00:00,15,1,-0.783605,0.783605
Alpha,syn_F,2023-07-25,2023-07-25 14:30:00,2023-07-25 14:30:00,15,1,-0.777584,0.777584
Alpha,syn_F,2023-07-26,2023-07-26 10:15:00,2023-07-26 15:00:00,300,20,-2.672947,2.672947
Alpha,syn_F,2023-07-27,2023-07-27 10:15:00,2023-07-27 15:00:00,300,20,-2.577255,2.577255
Alpha,syn_F,2023-07-28,2023-07-28 10:00:00,2023-07-28 10:30:00,45,3,-0.722319,0.722319
Alpha,syn_F,2023-07-28,2023-07-28 11:30:00,2023-07-28 14:45:00,210,14,-3.17141,3.17141
Alpha,syn_F,2023-07-29,2023-07-29 10:30:00,2023-07-29 10:30:00,15,1,-0.218266,0.218266
Alpha,syn_F,2023-07-29,2023-07-29 11:15:00,2023-07-29 13:45:00,165,11,-2.286305,2.286305
Alpha,syn_F,2023-07-29,2023-07-29 14:15:00,2023-07-29 14:45:00,45,3,-0.605122,0.605122
Alpha,syn_F,2023-07-30,2023-07-30 10:30:00,2023-07-30 14:45:00,270,18,-2.318346,2.318346
Alpha,syn_F,2023-07-31,2023-07-31 09:45:00,2023-07-31 15:15:00,345,23,-3.22431,3.22431
Alpha,syn_F,2023-08-01,2023-08-01 09:45:00,2023-08-01 15:15:00,345,23,-3.228396,3.228396
Alpha,syn_F,2023-08-02,2023-08-02 10:00:00,2023-08-02 13:15:00,210,14,-2.219428,2.219428
Alpha,syn_F,2023-08-02,2023-08-02 14:00:00,2023-08-02 15:00:00,75,5,-0.765542,0.765542
Alpha,syn_F,2023-08-03,2023-08-03 10:00:00,2023-08-03 15:15:00,330,22,-3.138294,3.138294
Alpha,syn_F,2023-08-04,2023-08-04 10:00:00,2023-08-04 15:00:00,315,21,-3.043246,3.043246
Alpha,syn_F,2023-08-05,2023-08-05 11:30:00,2023-08-05 12:15:00,60,4,-1.317765,1.317765
Alpha,syn_F,2023-08-05,2023-08-05 14:00:00,2023-08-05 14:00:00,15,1,-0.13569,0.13569
Alpha,syn_F,2023-08-08,2023-08-08 10:00:00,2023-08-08 10:00:00,15,1,-0.380191,0.380191
Alpha,syn_F,2023-08-08,2023-08-08 11:15:00,2023-08-08 15:15:00,255,17,-2.924114,2.924114
Alpha,syn_F,2023-08-09,2023-08-09 10:00:00,2023-08-09 15:15:00,330,22,-2.799176,2.799176
Alpha,syn_F,2023-08-11,2023-08-11 09:45:00,2023-08-11 15:15:00,345,23,-3.57461,3.57461
Alpha,syn_F,2023-08-12,2023-08-12 10:15:00,2023-08-12 15:00:00,300,20,-3.267748,3.267748
Alpha,syn_F,2023-08-13,2023-08-13 11:45:00,2023-08-13 13:15:00,105,7,-1.918157,1.918157
Alpha,syn_F,2023-08-14,2023-08-14 10:00:00,2023-08-14 10:00:00,15,1,-0.94295,0.94295
Alpha,syn_F,2023-08-14,2023-08-14 10:30:00,2023-08-14 11:15:00,60,4,-1.890202,1.890202
Alpha,syn_F,2023-08-15,2023-08-15 10:00:00,2023-08-15 10:45:00,60,4,-1.203794,1.203794
Alpha,syn_F,2023-08-15,2023-08-15 12:15:00,2023-08-15 12:30:00,30,2,-0.653937,0.653937
Alpha,syn_F,2023-08-15,2023-08-15 13:15:00,2023-08-15 15:15:00,135,9,-2.744341,2.744341
Alpha,syn_F,2023-08-16,2023-08-16 09:45:00,2023-08-16 13:45:00,255,17,-1.71989,1.71989
Alpha,syn_F,2023-08-16,2023-08-16 14:15:00,2023-08-16 14:15:00,15,1,-0.362342,0.362342
Alpha,syn_F,2023-08-17,2023-08-17 10:00:00,2023-08-17 15:00:00,315,21,-3.797391,3.797391
Alpha,syn_F,2023-08-18,2023-08-18 10:00:00,2023-08-18 15:15:00,330,22,-4.029635,4.029635
Alpha,syn_F,2023-08-19,2023-08-19 10:00:00,2023-08-19 15:15:00,330,22,-3.381288,3.381288
Alpha,syn_F,2023-08-20,2023-08-20 09:45:00,2023-08-20 15:15:00,345,23,-3.145605,3.145605
Alpha,syn_F,2023-08-21,2023-08-21 09:30:00,2023-08-21 15:30:00,375,25,-3.984691,3.984691
Alpha,syn_F,2023-08-22,2023-08-22 09:30:00,2023-08-22 09:30:00,15,1,-0.334172,0.334172
Alpha,syn_F,2023-08-22,2023-08-22 10:00:00,2023-08-22 10:15:00,30,2,-1.741394,1.741394
Alpha,syn_F,2023-08-22,2023-08-22 10:45:00,2023-08-22 14:45:00,255,17,-4.021678,4.021678
Alpha,syn_F,2023-08-22,2023-08-22 15:15:00,2023-08-22 15:30:00,30,2,-0.819733,0.819733
Alpha,syn_F,2023-08-23,2023-08-23 09:15:00,2023-08-23 15:30:00,390,26,-4.248545,4.248545
Alpha,syn_F,2023-08-24,2023-08-24 10:00:00,2023-08-24 10:00:00,15,1,-0.236329,0.236329
Alpha,syn_F,2023-08-24,2023-08-24 11:15:00,2023-08-24 15:30:00,270,18,-3.796746,3.796746
Alpha,syn_F,2023-08-25,2023-08-25 09:30:00,2023-08-25 15:30:00,375,25,-4.127478,4.127478
Alpha,syn_F,2023-08-26,2023-08-26 09:45:00,2023-08-26 14:45:00,315,21,-2.895944,2.895944
Alpha,syn_F,2023-08-27,2023-08-27 09:45:00,2023-08-27 15:15:00,345,23,-3.450102,3.450102
Alpha,syn_F,2023-08-28,2023-08-28 09:15:00,2023-08-28 15:30:00,390,26,-4.237363,4.237363
Alpha,syn_F,2023-08-29,2023-08-29 09:15:00,2023-08-29 15:30:00,390,26,-4.40918,4.40918
Alpha,syn_F,2023-08-30,2023-08-30 09:15:00,2023-08-30 15:00:00,360,24,-4.168335,4.168335
Alpha,syn_F,2023-08-31,2023-08-31 09:00:00,2023-08-31 11:30:00,165,11,-2.765844,2.765844
Alpha,syn_F,2023-08-31,2023-08-31 12:00:00,2023-08-31 12:00:00,15,1,-0.101284,0.101284
Alpha,syn_F,2023-08-31,2023-08-31 12:45:00,2023-08-31 13:45:00,75,5,-3.041956,3.041956
Alpha,syn_F,2023-09-01,2023-09-01 09:00:00,2023-09-01 09:30:00,45,3,-1.440768,1.440768
Alpha,syn_F,2023-09-01,2023-09-01 14:30:00,2023-09-01 15:00:00,45,3,-0.969186,0.969186
Alpha,syn_F,2023-09-02,2023-09-02 09:30:00,2023-09-02 12:30:00,195,13,-2.455112,2.455112
Alpha,syn_F,2023-09-02,2023-09-02 13:00:00,2023-09-02 15:30:00,165,11,-3.133348,3.133348
Alpha,syn_F,2023-09-03,2023-09-03 09:30:00,2023-09-03 10:45:00,90,6,-1.536676,1.536676
Alpha,syn_F,2023-09-03,2023-09-03 11:15:00,2023-09-03 11:30:00,30,2,-1.147454,1.147454
Alpha,syn_F,2023-09-03,2023-09-03 12:00:00,2023-09-03 15:30:00,225,15,-2.144379,2.144379
Alpha,syn_F,2023-09-04,2023-09-04 09:15:00,2023-09-04 15:30:00,390,26,-4.230052,4.230052
Alpha,syn_F,2023-09-05,2023-09-05 09:00:00,2023-09-05 15:30:00,405,27,-4.676045,4.676045
Alpha,syn_F,2023-09-06,2023-09-06 09:00:00,2023-09-06 15:45:00,420,28,-4.782059,4.782059
Alpha,syn_F,2023-09-07,2023-09-07 09:15:00,2023-09-07 15:30:00,390,26,-4.303165,4.303165
Alpha,syn_F,2023-09-08,2023-09-08 09:15:00,2023-09-08 09:30:00,30,2,-0.742748,0.742748
Alpha,syn_F,2023-09-08,2023-09-08 15:00:00,2023-09-08 15:30:00,45,3,-1.055846,1.055846
Alpha,syn_F,2023-09-09,2023-09-09 09:15:00,2023-09-09 15:30:00,390,26,-4.241234,4.241234
Alpha,syn_F,2023-09-10,2023-09-10 09:15:00,2023-09-10 15:30:00,390,26,-4.205967,4.205967
Alpha,syn_F,2023-09-11,2023-09-11 09:00:00,2023-09-11 10:45:00,120,8,-3.376773,3.376773
Alpha,syn_F,2023-09-11,2023-09-11 12:30:00,2023-09-11 14:30:00,135,9,-2.464789,2.464789
Alpha,syn_F,2023-09-11,2023-09-11 15:15:00,2023-09-11 15:30:00,30,2,-0.558889,0.558889
Alpha,syn_F,2023-09-12,2023-09-12 09:00:00,2023-09-12 14:45:00,360,24,-4.639703,4.639703
Alpha,syn_F,2023-09-13,2023-09-13 09:00:00,2023-09-13 15:30:00,405,27,-4.705935,4.705935
Alpha,syn_F,2023-09-14,2023-09-14 08:45:00,2023-09-14 15:30:00,420,28,-4.743138,4.743138
Alpha,syn_F,2023-09-16,2023-09-16 09:00:00,2023-09-16 15:15:00,390,26,-4.091781,4.091781
Alpha,syn_F,2023-09-17,2023-09-17 08:45:00,2023-09-17 14:45:00,375,25,-3.859968,3.859968
Alpha,syn_F,2023-09-18,2023-09-18 08:30:00,2023-09-18 15:15:00,420,28,-4.236933,4.236933
Alpha,syn_F,2023-09-19,2023-09-19 08:30:00,2023-09-19 15:00:00,405,27,-4.152207,4.152207
Alpha,syn_F,2023-09-20,2023-09-20 08:30:00,2023-09-20 14:45:00,390,26,-4.060386,4.060386
Alpha,syn_F,2023-09-21,2023-09-21 08:30:00,2023-09-21 15:45:00,450,30,-4.482939,4.482939
Alpha,syn_F,2023-09-22,2023-09-22 09:15:00,2023-09-22 10:00:00,60,4,-1.296046,1.296046
Alpha,syn_F,2023-09-22,2023-09-22 10:30:00,2023-09-22 15:30:00,315,21,-4.042752,4.042752
Alpha,syn_F,2023-09-23,2023-09-23 08:45:00,2023-09-23 09:15:00,45,3,-1.029181,1.029181
Alpha,syn_F,2023-09-23,2023-09-23 10:00:00,2023-09-23 10:00:00,15,1,-0.763822,0.763822
Alpha,syn_F,2023-09-23,2023-09-23 11:45:00,2023-09-23 12:15:00,45,3,-1.615166,1.615166
Alpha,syn_F,2023-09-23,2023-09-23 13:00:00,2023-09-23 15:45:00,180,12,-1.096274,1.096274
Alpha,syn_F,2023-09-24,2023-09-24 09:00:00,2023-09-24 15:45:00,420,28,-3.997378,3.997378
Alpha,syn_F,2023-09-25,2023-09-25 08:15:00,2023-09-25 15:30:00,450,30,-5.017314,5.017314
Alpha,syn_F,2023-09-26,2023-09-26 08:15:00,2023-09-26 14:00:00,360,24,-5.172573,5.172573
Alpha,syn_F,2023-09-26,2023-09-26 14:30:00,2023-09-26 14:45:00,30,2,-1.011548,1.011548
Alpha,syn_F,2023-09-27,2023-09-27 08:30:00,2023-09-27 10:00:00,105,7,-1.421629,1.421629
Alpha,syn_F,2023-09-27,2023-09-27 10:30:00,2023-09-27 15:15:00,300,20,-4.095007,4.095007
Alpha,syn_F,2023-09-28,2023-09-28 09:00:00,2023-09-28 09:00:00,15,1,-0.77866,0.77866
Alpha,syn_F,2023-09-28,2023-09-28 09:45:00,2023-09-28 10:15:00,45,3,-1.631078,1.631078
Alpha,syn_F,2023-09-28,2023-09-28 11:00:00,2023-09-28 11:00:00,15,1,-0.231813,0.231813
Alpha,syn_F,2023-09-28,2023-09-28 13:00:00,2023-09-28 15:45:00,180,12,-3.708365,3.708365
Alpha,syn_F,2023-10-01,2023-10-01 08:30:00,2023-10-01 14:15:00,360,24,-3.262372,3.262372
Alpha,syn_F,2023-10-02,2023-10-02 09:00:00,2023-10-02 09:15:00,30,2,-0.783821,0.783821
Alpha,syn_F,2023-10-02,2023-10-02 09:45:00,2023-10-02 15:15:00,345,23,-4.11479,4.11479
Alpha,syn_F,2023-10-03,2023-10-03 08:15:00,2023-10-03 13:30:00,330,22,-3.634176,3.634176
Alpha,syn_F,2023-10-03,2023-10-03 14:00:00,2023-10-03 14:15:00,30,2,-0.750274,0.750274
Alpha,syn_F,2023-10-04,2023-10-04 08:00:00,2023-10-04 12:15:00,270,18,-3.79481,3.79481
Alpha,syn_F,2023-10-04,2023-10-04 13:30:00,2023-10-04 13:30:00,15,1,-0.165581,0.165581
Alpha,syn_F,2023-10-04,2023-10-04 14:30:00,2023-10-04 14:30:00,15,1,-0.062792,0.062792
Alpha,syn_F,2023-10-05,2023-10-05 08:00:00,2023-10-05 15:30:00,465,31,-5.828874,5.828874
Alpha,syn_F,2023-10-06,2023-10-06 08:00:00,2023-10-06 15:15:00,450,30,-5.465242,5.465242
Alpha,syn_F,2023-10-07,2023-10-07 09:00:00,2023-10-07 09:00:00,15,1,-0.420834,0.420834
Alpha,syn_F,2023-10-07,2023-10-07 09:30:00,2023-10-07 13:45:00,270,18,-4.749374,4.749374
Alpha,syn_F,2023-10-07,2023-10-07 14:15:00,2023-10-07 15:45:00,105,7,-2.577684,2.577684
Alpha,syn_F,2023-10-08,2023-10-08 08:15:00,2023-10-08 09:30:00,90,6,-2.245663,2.245663
Alpha,syn_F,2023-10-08,2023-10-08 10:00:00,2023-10-08 15:45:00,360,24,-4.204247,4.204247
Alpha,syn_F,2023-10-09,2023-10-09 08:00:00,2023-10-09 15:45:00,480,32,-5.251922,5.251922
Alpha,syn_F,2023-10-10,2023-10-10 08:15:00,2023-10-10 14:30:00,390,26,-4.108554,4.108554
Alpha,syn_F,2023-10-11,2023-10-11 08:00:00,2023-10-11 08:15:00,30,2,-0.309228,0.309228
Alpha,syn_F,2023-10-11,2023-10-11 08:45:00,2023-10-11 15:45:00,435,29,-4.850657,4.850657
Alpha,syn_F,2023-10-12,2023-10-12 08:00:00,2023-10-12 15:00:00,435,29,-4.637553,4.637553
Alpha,syn_F,2023-10-13,2023-10-13 08:00:00,2023-10-13 15:45:00,480,32,-5.674046,5.674046
Alpha,syn_F,2023-10-14,2023-10-14 08:00:00,2023-10-14 15:30:00,465,31,-5.139671,5.139671
Alpha,syn_F,2023-10-15,2023-10-15 08:00:00,2023-10-15 15:30:00,465,31,-4.690668,4.690668
Alpha,syn_F,2023-10-16,2023-10-16 08:00:00,2023-10-16 15:00:00,435,29,-5.230418,5.230418
Alpha,syn_F,2023-10-17,2023-10-17 07:45:00,2023-10-17 15:30:00,480,32,-6.02069,6.02069
Alpha,syn_F,2023-10-18,2023-10-18 10:00:00,2023-10-18 16:00:00,375,25,-5.385032,5.385032
Alpha,syn_F,2023-10-19,2023-10-19 09:30:00,2023-10-19 09:30:00,15,1,-0.124723,0.124723
Alpha,syn_F,2023-10-19,2023-10-19 10:15:00,2023-10-19 15:45:00,345,23,-4.982907,4.982907
Alpha,syn_F,2023-10-20,2023-10-20 08:00:00,2023-10-20 15:45:00,480,32,-4.960328,4.960328
Alpha,syn_F,2023-10-21,2023-10-21 08:00:00,2023-10-21 15:15:00,450,30,-4.330046,4.330046
Alpha,syn_F,2023-10-22,2023-10-22 08:00:00,2023-10-22 14:30:00,405,27,-3.101737,3.101737
Alpha,syn_F,2023-10-23,2023-10-23 07:45:00,2023-10-23 15:30:00,480,32,-5.45535,5.45535
Alpha,syn_F,2023-10-24,2023-10-24 07:45:00,2023-10-24 15:00:00,450,30,-4.695828,4.695828
Alpha,syn_F,2023-10-25,2023-10-25 09:30:00,2023-10-25 15:30:00,375,25,-4.787436,4.787436
Alpha,syn_F,2023-10-27,2023-10-27 09:45:00,2023-10-27 09:45:00,15,1,-0.585554,0.585554
Alpha,syn_F,2023-10-27,2023-10-27 10:45:00,2023-10-27 15:15:00,285,19,-5.028066,5.028066
Alpha,syn_F,2023-10-28,2023-10-28 09:00:00,2023-10-28 09:15:00,30,2,-0.844032,0.844032
Alpha,syn_F,2023-10-28,2023-10-28 11:15:00,2023-10-28 16:00:00,300,20,-4.181452,4.181452
Alpha,syn_F,2023-10-29,2023-10-29 08:00:00,2023-10-29 15:30:00,465,31,-4.828508,4.828508
Alpha,syn_F,2023-10-30,2023-10-30 07:45:00,2023-10-30 15:00:00,450,30,-5.045268,5.045268
Alpha,syn_F,2023-10-31,2023-10-31 07:45:00,2023-10-31 08:15:00,45,3,-0.715008,0.715008
Alpha,syn_F,2023-10-31,2023-10-31 09:00:00,2023-10-31 10:15:00,90,6,-2.286091,2.286091
Alpha,syn_F,2023-10-31,2023-10-31 11:00:00,2023-10-31 15:30:00,285,19,-4.314563,4.314563
Alpha,syn_F,2023-11-01,2023-11-01 09:00:00,2023-11-01 16:30:00,465,31,-5.031076,5.031076
Alpha,syn_F,2023-11-02,2023-11-02 11:00:00,2023-11-02 11:00:00,15,1,-0.363633,0.363633
Alpha,syn_F,2023-11-02,2023-11-02 12:30:00,2023-11-02 17:00:00,285,19,-4.862485,4.862485
Alpha,syn_F,2023-11-03,2023-11-03 08:45:00,2023-11-03 09:45:00,75,5,-1.202504,1.202504
Alpha,syn_F,2023-11-03,2023-11-03 10:30:00,2023-11-03 16:45:00,390,26,-4.920976,4.920976
Alpha,syn_F,2023-11-04,2023-11-04 10:45:00,2023-11-04 11:45:00,75,5,-3.880612,3.880612
Alpha,syn_F,2023-11-04,2023-11-04 12:30:00,2023-11-04 16:45:00,270,18,-5.1072,5.1072
Alpha,syn_F,2023-11-06,2023-11-06 12:15:00,2023-11-06 12:15:00,15,1,-0.016773,0.016773
Alpha,syn_F,2023-11-06,2023-11-06 13:45:00,2023-11-06 15:00:00,90,6,-1.615166,1.615166
Alpha,syn_F,2023-11-07,2023-11-07 08:45:00,2023-11-07 16:15:00,465,31,-5.384171,5.384171
Alpha,syn_F,2023-11-07,2023-11-07 17:15:00,2023-11-07 17:15:00,15,1,-0.498248,0.498248
Alpha,syn_F,2023-11-08,2023-11-08 08:30:00,2023-11-08 16:30:00,495,33,-5.152358,5.152358
Alpha,syn_F,2023-11-09,2023-11-09 12:30:00,2023-11-09 15:30:00,195,13,-5.094512,5.094512
Alpha,syn_F,2023-11-10,2023-11-10 09:30:00,2023-11-10 16:45:00,450,30,-4.920115,4.920115
Alpha,syn_F,2023-11-11,2023-11-11 08:45:00,2023-11-11 15:30:00,420,28,-3.900611,3.900611
Alpha,syn_F,2023-11-12,2023-11-12 09:00:00,2023-11-12 15:00:00,375,25,-2.52672,2.52672
Alpha,syn_F,2023-11-13,2023-11-13 08:45:00,2023-11-13 09:30:00,60,4,-1.182075,1.182075
Alpha,syn_F,2023-11-13,2023-11-13 10:15:00,2023-11-13 10:45:00,45,3,-2.167603,2.167603
Alpha,syn_F,2023-11-13,2023-11-13 11:45:00,2023-11-13 16:45:00,315,21,-4.191775,4.191775
Alpha,syn_F,2023-11-14,2023-11-14 08:30:00,2023-11-14 16:30:00,495,33,-4.914094,4.914094
Alpha,syn_F,2023-11-15,2023-11-15 09:45:00,2023-11-15 15:00:00,330,22,-4.494551,4.494551
Alpha,syn_F,2023-11-15,2023-11-15 15:30:00,2023-11-15 15:30:00,15,1,-0.51201,0.51201
Alpha,syn_F,2023-11-15,2023-11-15 16:00:00,2023-11-15 16:00:00,15,1,-0.682107,0.682107
Alpha,syn_F,2023-11-16,2023-11-16 10:15:00,2023-11-16 15:30:00,330,22,-4.324884,4.324884
Alpha,syn_F,2023-11-17,2023-11-17 10:00:00,2023-11-17 10:00:00,15,1,-0.382556,0.382556
Alpha,syn_F,2023-11-17,2023-11-17 11:00:00,2023-11-17 11:30:00,45,3,-2.706493,2.706493
Alpha,syn_F,2023-11-17,2023-11-17 12:30:00,2023-11-17 17:15:00,300,20,-4.571535,4.571535
Alpha,syn_F,2023-11-18,2023-11-18 08:45:00,2023-11-18 09:00:00,30,2,-0.854354,0.854354
Alpha,syn_F,2023-11-18,2023-11-18 10:30:00,2023-11-18 17:00:00,405,27,-5.578568,5.578568
Alpha,syn_F,2023-11-19,2023-11-19 08:30:00,2023-11-19 16:15:00,480,32,-4.81066,4.81066
Alpha,syn_F,2023-11-20,2023-11-20 12:45:00,2023-11-20 13:00:00,30,2,-0.242135,0.242135
Alpha,syn_F,2023-11-21,2023-11-21 10:15:00,2023-11-21 10:15:00,15,1,-1.864827,1.864827
Alpha,syn_F,2023-11-21,2023-11-21 12:00:00,2023-11-21 12:00:00,15,1,-0.119778,0.119778
Alpha,syn_F,2023-11-21,2023-11-21 14:30:00,2023-11-21 15:15:00,60,4,-2.3134,2.3134
Alpha,syn_F,2023-11-22,2023-11-22 11:30:00,2023-11-22 12:00:00,45,3,-0.881664,0.881664
Alpha,syn_F,2023-11-22,2023-11-22 12:30:00,2023-11-22 15:15:00,180,12,-2.720901,2.720901
Alpha,syn_F,2023-11-22,2023-11-22 15:45:00,2023-11-22 15:45:00,15,1,-0.221921,0.221921
Alpha,syn_F,2023-11-23,2023-11-23 09:45:00,2023-11-23 09:45:00,15,1,-0.068383,0.068383
Alpha,syn_F,2023-11-23,2023-11-23 10:15:00,2023-11-23 10:30:00,30,2,-0.180204,0.180204
Alpha,syn_F,2023-11-23,2023-11-23 11:00:00,2023-11-23 15:30:00,285,19,-3.989852,3.989852
Alpha,syn_F,2023-11-23,2023-11-23 16:15:00,2023-11-23 16:15:00,15,1,-0.333312,0.333312
Alpha,syn_F,2023-11-24,2023-11-24 11:00:00,2023-11-24 11:00:00,15,1,-0.26622,0.26622
Alpha,syn_F,2023-11-24,2023-11-24 11:30:00,2023-11-24 11:45:00,30,2,-0.409006,0.409006
Alpha,syn_F,2023-11-24,2023-11-24 13:00:00,2023-11-24 13:00:00,15,1,-0.776294,0.776294
Alpha,syn_F,2023-11-26,2023-11-26 09:45:00,2023-11-26 14:45:00,315,21,-3.976735,3.976735
Alpha,syn_F,2023-11-26,2023-11-26 15:30:00,2023-11-26 15:45:00,30,2,-0.946606,0.946606
Alpha,syn_F,2023-11-27,2023-11-27 08:45:00,2023-11-27 14:00:00,330,22,-4.034796,4.034796
Alpha,syn_F,2023-11-27,2023-11-27 14:30:00,2023-11-27 15:30:00,75,5,-3.139154,3.139154
Alpha,syn_F,2023-11-28,2023-11-28 11:45:00,2023-11-28 11:45:00,15,1,-0.180418,0.180418
Alpha,syn_F,2023-11-29,2023-11-29 09:15:00,2023-11-29 14:30:00,330,22,-4.358646,4.358646
Alpha,syn_F,2023-11-29,2023-11-29 15:00:00,2023-11-29 15:30:00,45,3,-1.435822,1.435822
Alpha,syn_F,2023-11-30,2023-11-30 08:45:00,2023-11-30 10:30:00,120,8,-3.070341,3.070341
Alpha,syn_F,2023-11-30,2023-11-30 11:30:00,2023-11-30 16:30:00,315,21,-4.124468,4.124468
Alpha,syn_F,2023-12-01,2023-12-01 08:45:00,2023-12-01 12:45:00,255,17,-3.416556,3.416556
Alpha,syn_F,2023-12-01,2023-12-01 14:15:00,2023-12-01 14:15:00,15,1,-1.970196,1.970196
Alpha,syn_F,2023-12-01,2023-12-01 15:30:00,2023-12-01 15:30:00,15,1,-0.072468,0.072468
Alpha,syn_F,2023-12-02,2023-12-02 09:30:00,2023-12-02 09:30:00,15,1,-0.327506,0.327506
Alpha,syn_F,2023-12-02,2023-12-02 11:30:00,2023-12-02 11:30:00,15,1,-0.37847,0.37847
Alpha,syn_F,2023-12-02,2023-12-02 12:30:00,2023-12-02 12:30:00,15,1,-0.461476,0.461476
Alpha,syn_F,2023-12-02,2023-12-02 13:15:00,2023-12-02 13:30:00,30,2,-0.089457,0.089457
Alpha,syn_F,2023-12-02,2023-12-02 16:15:00,2023-12-02 17:00:00,60,4,-1.339484,1.339484
Alpha,syn_F,2023-12-03,2023-12-03 08:45:00,2023-12-03 15:45:00,435,29,-3.547515,3.547515
Alpha,syn_F,2023-12-04,2023-12-04 09:00:00,2023-12-04 17:00:00,495,33,-3.657615,3.657615
Alpha,syn_F,2023-12-05,2023-12-05 08:30:00,2023-12-05 15:15:00,420,28,-4.268758,4.268758
Alpha,syn_F,2023-12-06,2023-12-06 09:00:00,2023-12-06 15:45:00,420,28,-4.265104,4.265104
Alpha,syn_F,2023-12-07,2023-12-07 10:15:00,2023-12-07 15:00:00,300,20,-4.011141,4.011141
Alpha,syn_F,2023-12-08,2023-12-08 09:00:00,2023-12-08 09:00:00,15,1,-0.201493,0.201493
Alpha,syn_F,2023-12-08,2023-12-08 09:30:00,2023-12-08 11:15:00,120,8,-1.274112,1.274112
Alpha,syn_F,2023-12-10,2023-12-10 11:30:00,2023-12-10 13:00:00,105,7,-2.747566,2.747566
Alpha,syn_F,2023-12-10,2023-12-10 13:45:00,2023-12-10 14:45:00,75,5,-1.144228,1.144228
Alpha,syn_F,2023-12-11,2023-12-11 09:30:00,2023-12-11 14:00:00,285,19,-2.465004,2.465004
Alpha,syn_F,2023-12-12,2023-12-12 09:45:00,2023-12-12 09:45:00,15,1,-0.258693,0.258693
Alpha,syn_F,2023-12-12,2023-12-12 10:30:00,2023-12-12 15:30:00,315,21,-2.814874,2.814874
Alpha,syn_F,2023-12-13,2023-12-13 09:15:00,2023-12-13 12:15:00,195,13,-2.01213,2.01213
Alpha,syn_F,2023-12-13,2023-12-13 12:45:00,2023-12-13 14:00:00,90,6,-0.924242,0.924242
Alpha,syn_F,2023-12-15,2023-12-15 11:00:00,2023-12-15 15:30:00,285,19,-2.179,2.179
Alpha,syn_F,2023-12-16,2023-12-16 09:30:00,2023-12-16 11:45:00,150,10,-0.758231,0.758231
Alpha,syn_F,2023-12-17,2023-12-17 13:15:00,2023-12-17 14:30:00,90,6,-2.225019,2.225019
Alpha,syn_F,2023-12-17,2023-12-17 16:00:00,2023-12-17 16:30:00,45,3,-0.734577,0.734577
Alpha,syn_F,2023-12-18,2023-12-18 11:30:00,2023-12-18 11:45:00,30,2,-0.392663,0.392663
Alpha,syn_F,2023-12-21,2023-12-21 09:30:00,2023-12-21 09:30:00,15,1,-0.006236,0.006236
Alpha,syn_F,2023-12-21,2023-12-21 10:30:00,2023-12-21 10:30:00,15,1,-0.810056,0.810056
Alpha,syn_F,2023-12-21,2023-12-21 12:30:00,2023-12-21 13:30:00,75,5,-3.206676,3.206676
Alpha,syn_F,2023-12-21,2023-12-21 14:30:00,2023-12-21 15:45:00,90,6,-2.269532,2.269532
Alpha,syn_F,2023-12-22,2023-12-22 08:30:00,2023-12-22 17:15:00,540,36,-5.500293,5.500293
Alpha,syn_F,2023-12-23,2023-12-23 08:45:00,2023-12-23 09:30:00,60,4,-0.741028,0.741028
Alpha,syn_F,2023-12-23,2023-12-23 10:00:00,2023-12-23 10:00:00,15,1,-0.127088,0.127088
Alpha,syn_F,2023-12-23,2023-12-23 10:45:00,2023-12-23 16:45:00,375,25,-4.211774,4.211774
Alpha,syn_F,2023-12-24,2023-12-24 08:45:00,2023-12-24 08:45:00,15,1,-0.284928,0.284928
Alpha,syn_F,2023-12-24,2023-12-24 10:15:00,2023-12-24 10:15:00,15,1,-1.098209,1.098209
Alpha,syn_F,2023-12-24,2023-12-24 13:30:00,2023-12-24 13:30:00,15,1,-1.201213,1.201213
Alpha,syn_F,2023-12-24,2023-12-24 14:00:00,2023-12-24 16:45:00,180,12,-4.309186,4.309186
Alpha,syn_F,2023-12-25,2023-12-25 10:15:00,2023-12-25 10:30:00,30,2,-0.427715,0.427715
Alpha,syn_F,2023-12-25,2023-12-25 11:00:00,2023-12-25 12:30:00,105,7,-2.859387,2.859387
Alpha,syn_F,2023-12-25,2023-12-25 14:00:00,2023-12-25 16:00:00,135,9,-3.426878,3.426878
Alpha,syn_F,2023-12-26,2023-12-26 09:00:00,2023-12-26 11:45:00,180,12,-1.612584,1.612584
Alpha,syn_F,2023-12-26,2023-12-26 14:15:00,2023-12-26 16:15:00,135,9,-3.920824,3.920824
Alpha,syn_F,2023-12-27,2023-12-27 09:00:00,2023-12-27 14:00:00,315,21,-2.807562,2.807562
Alpha,syn_F,2023-12-27,2023-12-27 15:15:00,2023-12-27 15:30:00,30,2,-1.283144,1.283144
Alpha,syn_F,2023-12-28,2023-12-28 09:00:00,2023-12-28 14:30:00,345,23,-2.911642,2.911642
Alpha,syn_F,2023-12-29,2023-12-29 09:15:00,2023-12-29 09:30:00,30,2,-0.08408,0.08408
Alpha,syn_F,2023-12-29,2023-12-29 10:00:00,2023-12-29 10:15:00,30,2,-0.984883,0.984883
Alpha,syn_F,2023-12-29,2023-12-29 11:15:00,2023-12-29 11:15:00,15,1,-0.05634,0.05634
Alpha,syn_F,2023-12-29,2023-12-29 11:45:00,2023-12-29 11:45:00,15,1,-0.013118,0.013118
Alpha,syn_F,2023-12-30,2023-12-30 09:30:00,2023-12-30 16:30:00,435,29,-4.021678,4.021678
Alpha,syn_F,2024-01-01,2024-01-01 13:30:00,2024-01-01 13:30:00,15,1,-1.377546,1.377546
Alpha,syn_F,2024-01-01,2024-01-01 14:00:00,2024-01-01 14:30:00,45,3,-3.87201,3.87201
Alpha,syn_F,2024-01-01,2024-01-01 15:00:00,2024-01-01 15:15:00,30,2,-2.76692,2.76692
Alpha,syn_F,2024-01-01,2024-01-01 15:45:00,2024-01-01 15:45:00,15,1,-0.908974,0.908974
Alpha,syn_F,2024-01-01,2024-01-01 16:15:00,2024-01-01 16:15:00,15,1,-0.611358,0.611358
Alpha,syn_F,2024-01-02,2024-01-02 09:15:00,2024-01-02 10:30:00,90,6,-1.227018,1.227018
Alpha,syn_F,2024-01-02,2024-01-02 11:45:00,2024-01-02 11:45:00,15,1,-0.179558,0.179558
Alpha,syn_F,2024-01-02,2024-01-02 12:15:00,2024-01-02 16:15:00,255,17,-3.358925,3.358925
Alpha,syn_F,2024-01-03,2024-01-03 09:00:00,2024-01-03 15:30:00,405,27,-2.864763,2.864763
Alpha,syn_F,2024-01-04,2024-01-04 09:15:00,2024-01-04 14:15:00,315,21,-1.579899,1.579899
Alpha,syn_F,2024-01-05,2024-01-05 10:45:00,2024-01-05 12:00:00,90,6,-2.945188,2.945188
Alpha,syn_F,2024-01-05,2024-01-05 13:15:00,2024-01-05 13:15:00,15,1,-0.836505,0.836505
Alpha,syn_F,2024-01-05,2024-01-05 17:00:00,2024-01-05 17:15:00,30,2,-0.496097,0.496097
Alpha,syn_F,2024-01-06,2024-01-06 08:45:00,2024-01-06 08:45:00,15,1,-0.19031,0.19031
Alpha,syn_F,2024-01-06,2024-01-06 12:00:00,2024-01-06 12:15:00,30,2,-0.980582,0.980582
Alpha,syn_F,2024-01-06,2024-01-06 12:45:00,2024-01-06 17:00:00,270,18,-3.688366,3.688366
Alpha,syn_F,2024-01-07,2024-01-07 09:00:00,2024-01-07 09:45:00,60,4,-0.970045,0.970045
Alpha,syn_F,2024-01-07,2024-01-07 10:15:00,2024-01-07 15:00:00,300,20,-3.512248,3.512248
Alpha,syn_F,2024-01-07,2024-01-07 16:00:00,2024-01-07 16:00:00,15,1,-0.602542,0.602542
Alpha,syn_F,2024-01-08,2024-01-08 09:00:00,2024-01-08 09:00:00,15,1,-0.720814,0.720814
Alpha,syn_F,2024-01-08,2024-01-08 09:30:00,2024-01-08 09:45:00,30,2,-0.719954,0.719954
Alpha,syn_F,2024-01-09,2024-01-09 09:30:00,2024-01-09 09:45:00,30,2,-0.735867,0.735867
Alpha,syn_F,2024-01-09,2024-01-09 13:00:00,2024-01-09 13:00:00,15,1,-1.325506,1.325506
Alpha,syn_F,2024-01-09,2024-01-09 15:00:00,2024-01-09 15:15:00,30,2,-2.326948,2.326948
Alpha,syn_F,2024-01-10,2024-01-10 13:00:00,2024-01-10 13:30:00,45,3,-1.126164,1.126164
Alpha,syn_F,2024-01-10,2024-01-10 14:30:00,2024-01-10 14:30:00,15,1,-0.883169,0.883169
Alpha,syn_F,2024-01-10,2024-01-10 15:00:00,2024-01-10 15:15:00,30,2,-0.281272,0.281272
Alpha,syn_F,2024-01-12,2024-01-12 09:45:00,2024-01-12 14:30:00,300,20,-1.85558,1.85558
Alpha,syn_F,2024-01-13,2024-01-13 09:30:00,2024-01-13 11:30:00,135,9,-1.129605,1.129605
Alpha,syn_F,2024-01-13,2024-01-13 12:15:00,2024-01-13 13:30:00,90,6,-0.570071,0.570071
Alpha,syn_F,2024-01-14,2024-01-14 09:30:00,2024-01-14 09:30:00,15,1,-0.292024,0.292024
Alpha,syn_F,2024-01-14,2024-01-14 10:45:00,2024-01-14 10:45:00,15,1,-0.02989,0.02989
Alpha,syn_F,2024-01-14,2024-01-14 11:45:00,2024-01-14 13:00:00,90,6,-2.287165,2.287165
Alpha,syn_F,2024-01-15,2024-01-15 13:30:00,2024-01-15 14:15:00,60,4,-1.69258,1.69258
Alpha,syn_F,2024-01-15,2024-01-15 15:45:00,2024-01-15 16:15:00,45,3,-1.289594,1.289594
Alpha,syn_F,2024-01-15,2024-01-15 17:15:00,2024-01-15 17:15:00,15,1,-0.330731,0.330731
Alpha,syn_F,2024-01-16,2024-01-16 10:15:00,2024-01-16 10:15:00,15,1,-0.721029,0.721029
Alpha,syn_F,2024-01-16,2024-01-16 12:00:00,2024-01-16 12:15:00,30,2,-1.37346,1.37346
Alpha,syn_F,2024-01-16,2024-01-16 13:30:00,2024-01-16 13:30:00,15,1,-0.810701,0.810701
Alpha,syn_F,2024-01-16,2024-01-16 14:15:00,2024-01-16 14:15:00,15,1,-0.020644,0.020644
Alpha,syn_F,2024-01-16,2024-01-16 16:15:00,2024-01-16 16:15:00,15,1,-0.716298,0.716298
Alpha,syn_F,2024-01-17,2024-01-17 09:15:00,2024-01-17 11:30:00,150,10,-2.196848,2.196848
Alpha,syn_F,2024-01-17,2024-01-17 12:00:00,2024-01-17 13:00:00,75,5,-1.722255,1.722255
Alpha,syn_F,2024-01-18,2024-01-18 10:00:00,2024-01-18 10:30:00,45,3,-0.64899,0.64899
Alpha,syn_F,2024-01-18,2024-01-18 11:15:00,2024-01-18 11:15:00,15,1,-0.556954,0.556954
Alpha,syn_F,2024-01-18,2024-01-18 12:45:00,2024-01-18 12:45:00,15,1,-0.378686,0.378686
Alpha,syn_F,2024-01-19,2024-01-19 09:45:00,2024-01-19 16:30:00,420,28,-3.872225,3.872225
Alpha,syn_F,2024-01-20,2024-01-20 10:00:00,2024-01-20 14:45:00,300,20,-2.87917,2.87917
Alpha,syn_F,2024-01-21,2024-01-21 10:00:00,2024-01-21 10:00:00,15,1,-0.21375,0.21375
Alpha,syn_F,2024-01-21,2024-01-21 10:30:00,2024-01-21 11:00:00,45,3,-0.21332,0.21332
Alpha,syn_F,2024-01-22,2024-01-22 11:00:00,2024-01-22 11:00:00,15,1,-1.574738,1.574738
Alpha,syn_F,2024-01-22,2024-01-22 11:30:00,2024-01-22 11:45:00,30,2,-1.059502,1.059502
Alpha,syn_F,2024-01-22,2024-01-22 12:15:00,2024-01-22 15:30:00,210,14,-2.521774,2.521774
Alpha,syn_F,2024-01-23,2024-01-23 09:45:00,2024-01-23 10:45:00,75,5,-1.991055,1.991055
Alpha,syn_F,2024-01-23,2024-01-23 11:30:00,2024-01-23 11:30:00,15,1,-0.45524,0.45524
Alpha,syn_F,2024-01-23,2024-01-23 12:45:00,2024-01-23 13:15:00,45,3,-1.688279,1.688279
Alpha,syn_F,2024-01-23,2024-01-23 13:45:00,2024-01-23 14:45:00,75,5,-2.801971,2.801971
Alpha,syn_F,2024-01-23,2024-01-23 16:45:00,2024-01-23 17:00:00,30,2,-0.554158,0.554158
Alpha,syn_F,2024-01-24,2024-01-24 09:15:00,2024-01-24 14:45:00,345,23,-3.257426,3.257426
Alpha,syn_F,2024-01-29,2024-01-29 10:45:00,2024-01-29 12:00:00,90,6,-1.081866,1.081866
Alpha,syn_F,2024-01-31,2024-01-31 14:45:00,2024-01-31 14:45:00,15,1,-0.034192,0.034192
Alpha,syn_F,2024-02-01,2024-02-01 11:00:00,2024-02-01 11:00:00,15,1,-0.21332,0.21332
Alpha,syn_F,2024-02-01,2024-02-01 12:45:00,2024-02-01 13:30:00,60,4,-1.439692,1.439692
Alpha,syn_F,2024-02-01,2024-02-01 14:30:00,2024-02-01 14:30:00,15,1,-0.338688,0.338688
Alpha,syn_F,2024-02-01,2024-02-01 15:30:00,2024-02-01 15:45:00,30,2,-0.772424,0.772424
Alpha,syn_F,2024-02-02,2024-02-02 10:30:00,2024-02-02 14:00:00,225,15,-1.080146,1.080146
Alpha,syn_F,2024-02-04,2024-02-04 10:15:00,2024-02-04 11:45:00,105,7,-1.276262,1.276262
Alpha,syn_F,2024-02-08,2024-02-08 11:15:00,2024-02-08 11:45:00,45,3,-1.593231,1.593231
Alpha,syn_F,2024-02-08,2024-02-08 12:15:00,2024-02-08 13:15:00,75,5,-1.487217,1.487217
Alpha,syn_F,2024-02-08,2024-02-08 13:45:00,2024-02-08 15:30:00,120,8,-2.998733,2.998733
Alpha,syn_F,2024-02-09,2024-02-09 10:30:00,2024-02-09 11:00:00,45,3,-1.382492,1.382492
Alpha,syn_F,2024-02-09,2024-02-09 11:45:00,2024-02-09 12:00:00,30,2,-0.696514,0.696514
Alpha,syn_F,2024-02-09,2024-02-09 13:30:00,2024-02-09 16:00:00,165,11,-4.251771,4.251771
Alpha,syn_F,2024-02-10,2024-02-10 13:15:00,2024-02-10 17:00:00,240,16,-3.260006,3.260006
Alpha,syn_F,2024-02-12,2024-02-12 09:30:00,2024-02-12 15:45:00,390,26,-3.477627,3.477627
Alpha,syn_F,2024-02-13,2024-02-13 09:45:00,2024-02-13 14:15:00,285,19,-2.207816,2.207816
Alpha,syn_F,2024-02-14,2024-02-14 10:15:00,2024-02-14 12:30:00,150,10,-0.857579,0.857579
Alpha,syn_F,2024-02-16,2024-02-16 11:00:00,2024-02-16 11:15:00,30,2,-1.073265,1.073265
Alpha,syn_F,2024-02-16,2024-02-16 11:45:00,2024-02-16 11:45:00,15,1,-0.019354,0.019354
Alpha,syn_F,2024-02-16,2024-02-16 13:45:00,2024-02-16 14:00:00,30,2,-2.009334,2.009334
Alpha,syn_F,2024-02-16,2024-02-16 14:30:00,2024-02-16 14:45:00,30,2,-0.581683,0.581683
Alpha,syn_F,2024-02-16,2024-02-16 16:15:00,2024-02-16 16:45:00,45,3,-2.211902,2.211902
Alpha,syn_F,2024-02-17,2024-02-17 10:00:00,2024-02-17 13:45:00,240,16,-1.837732,1.837732
Alpha,syn_F,2024-02-18,2024-02-18 09:45:00,2024-02-18 11:15:00,105,7,-1.297121,1.297121
Alpha,syn_F,2024-02-18,2024-02-18 12:00:00,2024-02-18 12:00:00,15,1,-1.370235,1.370235
Alpha,syn_F,2024-02-18,2024-02-18 12:30:00,2024-02-18 13:45:00,90,6,-1.320561,1.320561
Alpha,syn_F,2024-02-19,2024-02-19 15:30:00,2024-02-19 16:00:00,45,3,-2.412534,2.412534
Alpha,syn_F,2024-02-20,2024-02-20 11:00:00,2024-02-20 11:15:00,30,2,-0.988109,0.988109
Alpha,syn_F,2024-02-20,2024-02-20 12:45:00,2024-02-20 16:15:00,225,15,-4.13608,4.13608
Alpha,syn_F,2024-02-21,2024-02-21 09:30:00,2024-02-21 09:45:00,30,2,-0.481904,0.481904
Alpha,syn_F,2024-02-21,2024-02-21 10:30:00,2024-02-21 12:00:00,105,7,-2.71402,2.71402
Alpha,syn_F,2024-02-21,2024-02-21 13:15:00,2024-02-21 16:00:00,180,12,-3.611382,3.611382
Alpha,syn_F,2024-02-22,2024-02-22 10:45:00,2024-02-22 15:00:00,270,18,-3.151841,3.151841
Alpha,syn_F,2024-02-25,2024-02-25 11:00:00,2024-02-25 11:45:00,60,4,-2.056212,2.056212
Alpha,syn_F,2024-02-25,2024-02-25 12:30:00,2024-02-25 12:30:00,15,1,-0.003656,0.003656
Alpha,syn_F,2024-02-25,2024-02-25 13:45:00,2024-02-25 13:45:00,15,1,-1.137562,1.137562
Alpha,syn_F,2024-02-25,2024-02-25 14:15:00,2024-02-25 15:15:00,75,5,-2.229965,2.229965
Alpha,syn_F,2024-02-25,2024-02-25 15:45:00,2024-02-25 15:45:00,15,1,-0.442338,0.442338
Alpha,syn_F,2024-02-25,2024-02-25 16:15:00,2024-02-25 16:15:00,15,1,-0.060856,0.060856
Alpha,syn_F,2024-02-26,2024-02-26 09:30:00,2024-02-26 13:45:00,270,18,-3.139799,3.139799
Alpha,syn_F,2024-02-26,2024-02-26 15:00:00,2024-02-26 15:15:00,30,2,-0.326861,0.326861
Alpha,syn_F,2024-02-27,2024-02-27 11:30:00,2024-02-27 11:30:00,15,1,-0.799949,0.799949
Alpha,syn_F,2024-02-27,2024-02-27 12:00:00,2024-02-27 12:00:00,15,1,-0.579318,0.579318
Alpha,syn_F,2024-02-28,2024-02-28 10:00:00,2024-02-28 14:15:00,270,18,-1.681398,1.681398
Alpha,syn_F,2024-03-03,2024-03-03 11:15:00,2024-03-03 11:15:00,15,1,-0.548137,0.548137
Alpha,syn_F,2024-03-03,2024-03-03 11:45:00,2024-03-03 12:00:00,30,2,-1.317335,1.317335
Alpha,syn_F,2024-03-03,2024-03-03 13:15:00,2024-03-03 13:15:00,15,1,-0.26966,0.26966
Alpha,syn_F,2024-03-03,2024-03-03 13:45:00,2024-03-03 14:15:00,45,3,-0.664688,0.664688
Alpha,syn_F,2024-03-03,2024-03-03 15:15:00,2024-03-03 15:15:00,15,1,-0.00387,0.00387
Alpha,syn_F,2024-03-04,2024-03-04 12:30:00,2024-03-04 13:45:00,90,6,-4.319079,4.319079
Alpha,syn_F,2024-03-04,2024-03-04 14:45:00,2024-03-04 15:00:00,30,2,-1.525709,1.525709
Alpha,syn_F,2024-03-05,2024-03-05 09:30:00,2024-03-05 16:30:00,435,29,-4.389396,4.389396
Alpha,syn_F,2024-03-06,2024-03-06 09:30:00,2024-03-06 15:30:00,375,25,-4.24575,4.24575
Alpha,syn_F,2024-03-07,2024-03-07 09:45:00,2024-03-07 15:15:00,345,23,-2.686495,2.686495
Alpha,syn_F,2024-03-08,2024-03-08 10:00:00,2024-03-08 15:30:00,345,23,-3.238288,3.238288
Alpha,syn_F,2024-03-09,2024-03-09 10:00:00,2024-03-09 10:00:00,15,1,-0.199557,0.199557
Alpha,syn_F,2024-03-09,2024-03-09 10:45:00,2024-03-09 15:45:00,315,21,-2.335119,2.335119
Alpha,syn_F,2024-03-10,2024-03-10 09:45:00,2024-03-10 12:00:00,150,10,-2.183301,2.183301
Alpha,syn_F,2024-03-10,2024-03-10 12:45:00,2024-03-10 15:45:00,195,13,-2.031913,2.031913
Alpha,syn_F,2024-03-11,2024-03-11 09:45:00,2024-03-11 15:15:00,345,23,-4.171991,4.171991
Alpha,syn_F,2024-03-11,2024-03-11 15:45:00,2024-03-11 16:00:00,30,2,-0.387287,0.387287
Alpha,syn_F,2024-03-12,2024-03-12 09:30:00,2024-03-12 15:15:00,360,24,-4.05845,4.05845
Alpha,syn_F,2024-03-13,2024-03-13 10:00:00,2024-03-13 11:15:00,90,6,-4.30295,4.30295
Alpha,syn_F,2024-03-13,2024-03-13 11:45:00,2024-03-13 12:00:00,30,2,-4.722708,4.722708
Alpha,syn_F,2024-03-13,2024-03-13 12:30:00,2024-03-13 14:00:00,105,7,-4.122532,4.122532
Alpha,syn_F,2024-03-13,2024-03-13 14:30:00,2024-03-13 14:45:00,30,2,-1.98826,1.98826
Alpha,syn_F,2024-03-13,2024-03-13 15:15:00,2024-03-13 15:15:00,15,1,-0.212244,0.212244
Alpha,syn_F,2024-03-14,2024-03-14 09:30:00,2024-03-14 14:45:00,330,22,-3.816746,3.816746
Alpha,syn_F,2024-03-15,2024-03-15 11:30:00,2024-03-15 12:30:00,75,5,-3.432899,3.432899
Alpha,syn_F,2024-03-15,2024-03-15 13:30:00,2024-03-15 15:45:00,150,10,-4.250051,4.250051
Alpha,syn_F,2024-03-16,2024-03-16 09:45:00,2024-03-16 10:45:00,75,5,-1.791284,1.791284
Alpha,syn_F,2024-03-16,2024-03-16 11:15:00,2024-03-16 11:15:00,15,1,-0.057846,0.057846
Alpha,syn_F,2024-03-16,2024-03-16 12:00:00,2024-03-16 14:15:00,150,10,-3.330324,3.330324
Alpha,syn_F,2024-03-17,2024-03-17 12:15:00,2024-03-17 15:00:00,180,12,-2.765845,2.765845
Alpha,syn_F,2024-03-17,2024-03-17 16:30:00,2024-03-17 16:30:00,15,1,-0.197837,0.197837
Alpha,syn_F,2024-03-18,2024-03-18 13:45:00,2024-03-18 14:15:00,45,3,-3.151626,3.151626
Alpha,syn_F,2024-03-18,2024-03-18 14:45:00,2024-03-18 15:00:00,30,2,-0.958863,0.958863
Alpha,syn_F,2024-03-19,2024-03-19 10:00:00,2024-03-19 15:30:00,345,23,-4.21672,4.21672
Alpha,syn_F,2024-03-21,2024-03-21 10:00:00,2024-03-21 15:45:00,360,24,-5.144617,5.144617
Alpha,syn_F,2024-03-21,2024-03-21 16:15:00,2024-03-21 16:45:00,45,3,-0.954778,0.954778
Alpha,syn_F,2024-03-22,2024-03-22 11:15:00,2024-03-22 16:45:00,345,23,-3.9019,3.9019
Alpha,syn_F,2024-03-23,2024-03-23 11:00:00,2024-03-23 11:00:00,15,1,-0.05419,0.05419
Alpha,syn_F,2024-03-23,2024-03-23 11:45:00,2024-03-23 13:00:00,90,6,-2.325658,2.325658
Alpha,syn_F,2024-03-23,2024-03-23 13:45:00,2024-03-23 15:30:00,120,8,-3.241728,3.241728
Alpha,syn_F,2024-03-24,2024-03-24 10:30:00,2024-03-24 11:30:00,75,5,-1.648712,1.648712
Alpha,syn_F,2024-03-24,2024-03-24 12:15:00,2024-03-24 14:45:00,165,11,-3.71073,3.71073
Alpha,syn_F,2024-03-24,2024-03-24 15:15:00,2024-03-24 16:15:00,75,5,-2.438124,2.438124
Alpha,syn_F,2024-03-25,2024-03-25 09:30:00,2024-03-25 16:00:00,405,27,-4.78206,4.78206
Alpha,syn_F,2024-03-26,2024-03-26 11:00:00,2024-03-26 16:15:00,330,22,-4.474552,4.474552
Alpha,syn_F,2024-03-27,2024-03-27 10:30:00,2024-03-27 10:30:00,15,1,-0.876288,0.876288
Alpha,syn_F,2024-03-27,2024-03-27 14:15:00,2024-03-27 16:00:00,120,8,-3.505797,3.505797
Alpha,syn_F,2024-03-28,2024-03-28 12:00:00,2024-03-28 14:45:00,180,12,-3.867925,3.867925
Alpha,syn_F,2024-03-28,2024-03-28 15:30:00,2024-03-28 15:30:00,15,1,-0.542331,0.542331
Alpha,syn_F,2024-03-29,2024-03-29 15:00:00,2024-03-29 15:15:00,30,2,-0.657378,0.657378
Alpha,syn_F,2024-03-30,2024-03-30 10:15:00,2024-03-30 16:30:00,390,26,-4.256502,4.256502
Alpha,syn_F,2024-03-31,2024-03-31 11:15:00,2024-03-31 12:15:00,75,5,-2.863473,2.863473
Alpha,syn_F,2024-03-31,2024-03-31 12:45:00,2024-03-31 12:45:00,15,1,-0.284713,0.284713
Alpha,syn_F,2024-03-31,2024-03-31 13:30:00,2024-03-31 13:45:00,30,2,-0.121713,0.121713
Alpha,syn_F,2024-03-31,2024-03-31 14:45:00,2024-03-31 15:45:00,75,5,-3.162378,3.162378
Alpha,syn_F,2024-04-01,2024-04-01 09:00:00,2024-04-01 15:00:00,375,25,-4.173281,4.173281
Alpha,syn_F,2024-04-02,2024-04-02 08:45:00,2024-04-02 09:30:00,60,4,-2.326303,2.326303
Alpha,syn_F,2024-04-02,2024-04-02 10:30:00,2024-04-02 11:00:00,45,3,-2.666711,2.666711
Alpha,syn_F,2024-04-03,2024-04-03 08:45:00,2024-04-03 15:30:00,420,28,-4.991078,4.991078
Alpha,syn_F,2024-04-06,2024-04-06 09:15:00,2024-04-06 13:45:00,285,19,-4.108769,4.108769
Alpha,syn_F,2024-04-06,2024-04-06 14:15:00,2024-04-06 14:45:00,45,3,-1.56334,1.56334
Alpha,syn_F,2024-04-07,2024-04-07 10:00:00,2024-04-07 15:00:00,315,21,-3.854377,3.854377
Alpha,syn_F,2024-04-09,2024-04-09 08:45:00,2024-04-09 14:00:00,330,22,-5.294715,5.294715
Alpha,syn_F,2024-04-09,2024-04-09 15:00:00,2024-04-09 15:30:00,45,3,-1.351097,1.351097
Alpha,syn_F,2024-04-10,2024-04-10 12:15:00,2024-04-10 14:45:00,165,11,-4.204892,4.204892
Alpha,syn_F,2024-04-11,2024-04-11 08:45:00,2024-04-11 15:15:00,405,27,-5.439006,5.439006
Alpha,syn_F,2024-04-12,2024-04-12 08:45:00,2024-04-12 11:45:00,195,13,-4.601856,4.601856
Alpha,syn_F,2024-04-12,2024-04-12 12:15:00,2024-04-12 15:30:00,210,14,-4.531538,4.531538
Alpha,syn_F,2024-04-13,2024-04-13 09:00:00,2024-04-13 15:15:00,390,26,-4.506594,4.506594
Alpha,syn_F,2024-04-14,2024-04-14 10:00:00,2024-04-14 15:15:00,330,22,-4.372193,4.372193
Alpha,syn_F,2024-04-15,2024-04-15 09:00:00,2024-04-15 14:30:00,345,23,-4.811735,4.811735
Alpha,syn_F,2024-04-15,2024-04-15 15:15:00,2024-04-15 15:30:00,30,2,-0.124078,0.124078
Alpha,syn_F,2024-04-16,2024-04-16 10:15:00,2024-04-16 15:15:00,315,21,-3.151196,3.151196
Alpha,syn_F,2024-04-17,2024-04-17 10:15:00,2024-04-17 15:15:00,315,21,-4.919685,4.919685
Alpha,syn_F,2024-04-18,2024-04-18 09:30:00,2024-04-18 12:00:00,165,11,-4.164895,4.164895
Alpha,syn_F,2024-04-18,2024-04-18 12:30:00,2024-04-18 13:00:00,45,3,-3.087759,3.087759
Alpha,syn_F,2024-04-21,2024-04-21 11:00:00,2024-04-21 12:45:00,120,8,-2.299208,2.299208
Alpha,syn_F,2024-04-21,2024-04-21 13:15:00,2024-04-21 13:15:00,15,1,-2.081372,2.081372
Alpha,syn_F,2024-04-21,2024-04-21 14:15:00,2024-04-21 14:30:00,30,2,-1.005957,1.005957
Alpha,syn_F,2024-04-22,2024-04-22 09:00:00,2024-04-22 10:15:00,90,6,-2.212331,2.212331
Alpha,syn_F,2024-04-22,2024-04-22 11:45:00,2024-04-22 14:45:00,195,13,-4.053504,4.053504
Alpha,syn_F,2024-04-22,2024-04-22 15:30:00,2024-04-22 15:30:00,15,1,-0.167086,0.167086
Alpha,syn_F,2024-04-23,2024-04-23 09:00:00,2024-04-23 15:15:00,390,26,-4.669594,4.669594
Alpha,syn_F,2024-04-24,2024-04-24 09:00:00,2024-04-24 09:00:00,15,1,-0.54061,0.54061
Alpha,syn_F,2024-04-24,2024-04-24 09:30:00,2024-04-24 12:15:00,180,12,-3.837389,3.837389
Alpha,syn_F,2024-04-24,2024-04-24 12:45:00,2024-04-24 12:45:00,15,1,-0.304497,0.304497
Alpha,syn_F,2024-04-25,2024-04-25 09:45:00,2024-04-25 10:15:00,45,3,-1.941381,1.941381
Alpha,syn_F,2024-04-25,2024-04-25 11:30:00,2024-04-25 12:45:00,90,6,-3.55332,3.55332
Alpha,syn_F,2024-04-25,2024-04-25 14:00:00,2024-04-25 14:45:00,60,4,-1.817303,1.817303
Alpha,syn_F,2024-04-26,2024-04-26 10:15:00,2024-04-26 11:00:00,60,4,-2.989056,2.989056
Alpha,syn_F,2024-04-26,2024-04-26 11:30:00,2024-04-26 15:15:00,240,16,-3.288822,3.288822
Alpha,syn_F,2024-04-27,2024-04-27 09:15:00,2024-04-27 12:15:00,195,13,-3.84212,3.84212
Alpha,syn_F,2024-04-27,2024-04-27 13:00:00,2024-04-27 15:00:00,135,9,-2.246308,2.246308
Alpha,syn_F,2024-04-28,2024-04-28 09:15:00,2024-04-28 13:45:00,285,19,-3.761695,3.761695
Alpha,syn_F,2024-04-28,2024-04-28 14:45:00,2024-04-28 15:00:00,30,2,-0.165796,0.165796
Alpha,syn_F,2024-04-29,2024-04-29 09:00:00,2024-04-29 09:15:00,30,2,-0.883384,0.883384
Alpha,syn_F,2024-04-29,2024-04-29 10:00:00,2024-04-29 15:15:00,330,22,-4.399503,4.399503
Alpha,syn_F,2024-04-30,2024-04-30 13:00:00,2024-04-30 13:30:00,45,3,-1.720105,1.720105
Alpha,syn_F,2024-05-02,2024-05-02 09:30:00,2024-05-02 09:30:00,15,1,-0.13655,0.13655
Alpha,syn_F,2024-05-02,2024-05-02 11:30:00,2024-05-02 11:45:00,30,2,-1.851924,1.851924
Alpha,syn_F,2024-05-02,2024-05-02 13:30:00,2024-05-02 14:15:00,60,4,-2.197708,2.197708
Alpha,syn_F,2024-05-03,2024-05-03 09:30:00,2024-05-03 11:30:00,135,9,-2.952284,2.952284
Alpha,syn_F,2024-05-03,2024-05-03 12:15:00,2024-05-03 12:30:00,30,2,-1.679463,1.679463
Alpha,syn_F,2024-05-03,2024-05-03 13:00:00,2024-05-03 14:00:00,75,5,-1.739244,1.739244
Alpha,syn_F,2024-05-03,2024-05-03 14:30:00,2024-05-03 15:00:00,45,3,-0.853924,0.853924
Alpha,syn_F,2024-05-04,2024-05-04 12:00:00,2024-05-04 12:30:00,45,3,-2.476831,2.476831
Alpha,syn_F,2024-05-06,2024-05-06 10:00:00,2024-05-06 10:15:00,30,2,-1.605058,1.605058
Alpha,syn_F,2024-05-06,2024-05-06 10:45:00,2024-05-06 11:15:00,45,3,-2.705419,2.705419
Alpha,syn_F,2024-05-07,2024-05-07 10:15:00,2024-05-07 10:15:00,15,1,-0.386857,0.386857
Alpha,syn_F,2024-05-07,2024-05-07 12:15:00,2024-05-07 13:45:00,105,7,-3.19786,3.19786
Alpha,syn_F,2024-05-07,2024-05-07 14:15:00,2024-05-07 14:30:00,30,2,-0.64727,0.64727
Alpha,syn_F,2024-05-08,2024-05-08 09:15:00,2024-05-08 09:15:00,15,1,-0.163646,0.163646
Alpha,syn_F,2024-05-08,2024-05-08 10:00:00,2024-05-08 11:15:00,90,6,-3.01185,3.01185
Alpha,syn_F,2024-05-08,2024-05-08 12:15:00,2024-05-08 13:15:00,75,5,-2.404577,2.404577
Alpha,syn_F,2024-05-09,2024-05-09 10:45:00,2024-05-09 10:45:00,15,1,-0.281487,0.281487
Alpha,syn_F,2024-05-09,2024-05-09 11:30:00,2024-05-09 11:45:00,30,2,-0.330086,0.330086
Alpha,syn_F,2024-05-09,2024-05-09 13:15:00,2024-05-09 13:15:00,15,1,-0.951337,0.951337
Alpha,syn_F,2024-05-10,2024-05-10 11:45:00,2024-05-10 12:15:00,45,3,-2.52629,2.52629
Alpha,syn_F,2024-05-10,2024-05-10 12:45:00,2024-05-10 13:00:00,30,2,-1.626133,1.626133
Alpha,syn_F,2024-05-10,2024-05-10 14:00:00,2024-05-10 14:15:00,30,2,-0.965745,0.965745
Alpha,syn_F,2024-05-12,2024-05-12 14:30:00,2024-05-12 14:30:00,15,1,-0.115476,0.115476
Alpha,syn_F,2024-05-14,2024-05-14 09:30:00,2024-05-14 15:00:00,345,23,-3.912438,3.912438
Alpha,syn_F,2024-05-15,2024-05-15 09:30:00,2024-05-15 15:15:00,360,24,-3.86599,3.86599
Alpha,syn_F,2024-05-16,2024-05-16 10:00:00,2024-05-16 13:30:00,225,15,-3.750298,3.750298
Alpha,syn_F,2024-05-16,2024-05-16 14:30:00,2024-05-16 14:30:00,15,1,-0.694579,0.694579
Alpha,syn_F,2024-05-17,2024-05-17 11:15:00,2024-05-17 15:00:00,240,16,-3.082598,3.082598
Alpha,syn_F,2024-05-19,2024-05-19 11:30:00,2024-05-19 11:30:00,15,1,-0.998646,0.998646
Alpha,syn_F,2024-05-19,2024-05-19 12:00:00,2024-05-19 14:30:00,165,11,-1.485496,1.485496
Alpha,syn_F,2024-05-20,2024-05-20 10:00:00,2024-05-20 12:00:00,135,9,-2.438123,2.438123
Alpha,syn_F,2024-05-22,2024-05-22 09:45:00,2024-05-22 14:45:00,315,21,-3.316992,3.316992
Alpha,syn_F,2024-05-23,2024-05-23 12:15:00,2024-05-23 14:45:00,165,11,-2.745416,2.745416
Alpha,syn_F,2024-05-24,2024-05-24 10:00:00,2024-05-24 13:15:00,210,14,-3.263877,3.263877
Alpha,syn_F,2024-05-25,2024-05-25 12:15:00,2024-05-25 12:45:00,45,3,-1.646991,1.646991
Alpha,syn_F,2024-05-26,2024-05-26 10:15:00,2024-05-26 14:30:00,270,18,-2.226739,2.226739
Alpha,syn_F,2024-05-27,2024-05-27 10:00:00,2024-05-27 14:45:00,300,20,-2.935081,2.935081
Alpha,syn_F,2024-05-28,2024-05-28 10:00:00,2024-05-28 14:45:00,300,20,-3.03615,3.03615
Alpha,syn_F,2024-05-29,2024-05-29 10:00:00,2024-05-29 14:45:00,300,20,-3.086039,3.086039
Alpha,syn_F,2024-05-30,2024-05-30 10:00:00,2024-05-30 14:30:00,285,19,-3.080232,3.080232
Alpha,syn_F,2024-06-03,2024-06-03 10:15:00,2024-06-03 13:15:00,195,13,-2.477906,2.477906
Alpha,syn_F,2024-06-04,2024-06-04 10:15:00,2024-06-04 10:45:00,45,3,-0.923812,0.923812
Alpha,syn_F,2024-06-04,2024-06-04 11:15:00,2024-06-04 11:15:00,15,1,-0.152893,0.152893
Alpha,syn_F,2024-06-04,2024-06-04 11:45:00,2024-06-04 12:15:00,45,3,-2.530161,2.530161
Alpha,syn_F,2024-06-04,2024-06-04 13:00:00,2024-06-04 13:45:00,60,4,-1.23734,1.23734
Alpha,syn_F,2024-06-05,2024-06-05 10:15:00,2024-06-05 11:45:00,105,7,-2.357053,2.357053
Alpha,syn_F,2024-06-05,2024-06-05 12:15:00,2024-06-05 12:15:00,15,1,-1.082726,1.082726
Alpha,syn_F,2024-06-06,2024-06-06 10:15:00,2024-06-06 12:45:00,165,11,-2.036429,2.036429
Alpha,syn_F,2024-06-06,2024-06-06 14:30:00,2024-06-06 14:30:00,15,1,-0.811131,0.811131
Alpha,syn_F,2024-06-07,2024-06-07 12:00:00,2024-06-07 14:00:00,135,9,-1.698171,1.698171
Alpha,syn_F,2024-06-07,2024-06-07 14:30:00,2024-06-07 14:30:00,15,1,-0.010967,0.010967
Alpha,syn_F,2024-06-08,2024-06-08 10:00:00,2024-06-08 10:00:00,15,1,-0.24493,0.24493
Alpha,syn_F,2024-06-08,2024-06-08 10:45:00,2024-06-08 14:15:00,225,15,-2.839174,2.839174
Alpha,syn_F,2024-06-09,2024-06-09 11:00:00,2024-06-09 14:30:00,225,15,-2.401566,2.401566
Alpha,syn_F,2024-06-10,2024-06-10 10:30:00,2024-06-10 13:30:00,195,13,-1.934285,1.934285
Alpha,syn_F,2024-06-11,2024-06-11 11:00:00,2024-06-11 11:15:00,30,2,-1.69688,1.69688
Alpha,syn_F,2024-06-11,2024-06-11 12:00:00,2024-06-11 12:45:00,60,4,-2.708644,2.708644
Alpha,syn_F,2024-06-12,2024-06-12 10:00:00,2024-06-12 12:00:00,135,9,-2.533816,2.533816
Alpha,syn_F,2024-06-12,2024-06-12 12:30:00,2024-06-12 14:15:00,120,8,-2.572094,2.572094
Alpha,syn_F,2024-06-13,2024-06-13 10:15:00,2024-06-13 10:15:00,15,1,-0.16171,0.16171
Alpha,syn_F,2024-06-13,2024-06-13 10:45:00,2024-06-13 11:00:00,30,2,-0.946391,0.946391
Alpha,syn_F,2024-06-16,2024-06-16 11:00:00,2024-06-16 14:15:00,210,14,-1.861602,1.861602
Alpha,syn_F,2024-06-17,2024-06-17 11:15:00,2024-06-17 11:30:00,30,2,-0.824678,0.824678
Alpha,syn_F,2024-06-18,2024-06-18 10:30:00,2024-06-18 11:45:00,90,6,-1.267016,1.267016
Alpha,syn_F,2024-06-18,2024-06-18 12:15:00,2024-06-18 12:15:00,15,1,-0.227942,0.227942
Alpha,syn_F,2024-06-18,2024-06-18 12:45:00,2024-06-18 12:45:00,15,1,-0.090102,0.090102
Alpha,syn_F,2024-06-19,2024-06-19 10:30:00,2024-06-19 14:30:00,255,17,-2.435113,2.435113
Alpha,syn_F,2024-06-20,2024-06-20 11:00:00,2024-06-20 11:00:00,15,1,-0.838226,0.838226
Alpha,syn_F,2024-06-20,2024-06-20 12:00:00,2024-06-20 12:00:00,15,1,-0.526848,0.526848
Alpha,syn_F,2024-06-20,2024-06-20 12:30:00,2024-06-20 12:45:00,30,2,-0.413522,0.413522
Alpha,syn_F,2024-06-20,2024-06-20 13:15:00,2024-06-20 13:30:00,30,2,-1.026816,1.026816
Alpha,syn_F,2024-06-20,2024-06-20 14:00:00,2024-06-20 14:30:00,45,3,-0.596736,0.596736
Alpha,syn_F,2024-06-21,2024-06-21 11:00:00,2024-06-21 11:30:00,45,3,-1.112187,1.112187
Alpha,syn_F,2024-06-21,2024-06-21 12:00:00,2024-06-21 13:00:00,75,5,-1.813647,1.813647
Alpha,syn_F,2024-06-21,2024-06-21 13:30:00,2024-06-21 13:45:00,30,2,-0.533729,0.533729
Alpha,syn_F,2024-06-24,2024-06-24 12:00:00,2024-06-24 14:15:00,150,10,-1.576458,1.576458
Alpha,syn_F,2024-06-25,2024-06-25 10:45:00,2024-06-25 14:30:00,240,16,-1.905899,1.905899
Alpha,syn_F,2024-06-26,2024-06-26 10:30:00,2024-06-26 14:45:00,270,18,-2.136207,2.136207
Alpha,syn_F,2024-06-27,2024-06-27 10:30:00,2024-06-27 14:45:00,270,18,-2.507366,2.507366
Alpha,syn_F,2024-06-28,2024-06-28 10:45:00,2024-06-28 14:30:00,240,16,-2.04202,2.04202
Alpha,syn_F,2024-06-29,2024-06-29 11:30:00,2024-06-29 14:15:00,180,12,-1.421414,1.421414
Alpha,syn_F,2024-07-01,2024-07-01 13:30:00,2024-07-01 13:30:00,15,1,-0.906609,0.906609
Alpha,syn_F,2024-07-03,2024-07-03 10:30:00,2024-07-03 11:30:00,75,5,-1.073265,1.073265
Alpha,syn_F,2024-07-03,2024-07-03 13:30:00,2024-07-03 13:30:00,15,1,-0.137841,0.137841
Alpha,syn_F,2024-07-04,2024-07-04 11:45:00,2024-07-04 14:15:00,165,11,-2.403502,2.403502
Alpha,syn_F,2024-07-05,2024-07-05 11:00:00,2024-07-05 11:00:00,15,1,-0.091392,0.091392
Alpha,syn_F,2024-07-05,2024-07-05 12:00:00,2024-07-05 12:00:00,15,1,-0.582758,0.582758
Alpha,syn_F,2024-07-05,2024-07-05 13:00:00,2024-07-05 13:15:00,30,2,-0.75436,0.75436
Alpha,syn_F,2024-07-05,2024-07-05 14:15:00,2024-07-05 14:15:00,15,1,-0.385352,0.385352
Alpha,syn_F,2024-07-06,2024-07-06 10:45:00,2024-07-06 13:15:00,165,11,-2.301143,2.301143
Alpha,syn_F,2024-07-06,2024-07-06 13:45:00,2024-07-06 14:30:00,60,4,-1.512376,1.512376
Alpha,syn_F,2024-07-10,2024-07-10 10:15:00,2024-07-10 14:45:00,285,19,-3.085609,3.085609
Alpha,syn_F,2024-07-11,2024-07-11 10:15:00,2024-07-11 13:30:00,210,14,-2.858312,2.858312
Alpha,syn_F,2024-07-13,2024-07-13 10:30:00,2024-07-13 11:45:00,90,6,-0.629422,0.629422
Alpha,syn_F,2024-07-13,2024-07-13 13:45:00,2024-07-13 14:30:00,60,4,-1.334753,1.334753
Alpha,syn_F,2024-07-14,2024-07-14 10:30:00,2024-07-14 14:15:00,240,16,-2.416404,2.416404
Alpha,syn_F,2024-07-15,2024-07-15 10:30:00,2024-07-15 14:30:00,255,17,-2.628004,2.628004
Alpha,syn_F,2024-07-17,2024-07-17 10:15:00,2024-07-17 13:45:00,225,15,-3.113349,3.113349
Alpha,syn_F,2024-07-18,2024-07-18 10:15:00,2024-07-18 11:45:00,105,7,-2.930135,2.930135
Alpha,syn_F,2024-07-18,2024-07-18 12:15:00,2024-07-18 12:15:00,15,1,-0.373525,0.373525
Alpha,syn_F,2024-07-18,2024-07-18 12:45:00,2024-07-18 14:15:00,105,7,-2.900674,2.900674
Alpha,syn_F,2024-07-18,2024-07-18 15:00:00,2024-07-18 15:00:00,15,1,-0.278692,0.278692
Alpha,syn_F,2024-07-20,2024-07-20 10:15:00,2024-07-20 14:30:00,270,18,-2.917018,2.917018
Alpha,syn_F,2024-07-21,2024-07-21 10:30:00,2024-07-21 14:45:00,270,18,-2.610156,2.610156
Alpha,syn_F,2024-07-22,2024-07-22 10:15:00,2024-07-22 14:30:00,270,18,-3.167324,3.167324
Alpha,syn_F,2024-07-23,2024-07-23 10:15:00,2024-07-23 15:15:00,315,21,-3.444726,3.444726
Alpha,syn_F,2024-07-24,2024-07-24 10:15:00,2024-07-24 15:15:00,315,21,-3.435264,3.435264
Alpha,syn_F,2024-07-25,2024-07-25 10:00:00,2024-07-25 15:00:00,315,21,-3.106683,3.106683
Alpha,syn_F,2024-07-26,2024-07-26 11:00:00,2024-07-26 11:00:00,15,1,-0.746834,0.746834
Alpha,syn_F,2024-07-26,2024-07-26 12:30:00,2024-07-26 15:15:00,180,12,-3.157647,3.157647
Alpha,syn_F,2024-07-28,2024-07-28 10:15:00,2024-07-28 14:45:00,285,19,-2.30738,2.30738
Alpha,syn_F,2024-07-29,2024-07-29 10:30:00,2024-07-29 12:00:00,105,7,-2.158142,2.158142
Alpha,syn_F,2024-07-30,2024-07-30 12:15:00,2024-07-30 12:15:00,15,1,-0.398469,0.398469
Alpha,syn_F,2024-07-30,2024-07-30 12:45:00,2024-07-30 12:45:00,15,1,-0.570716,0.570716
Alpha,syn_F,2024-07-30,2024-07-30 13:15:00,2024-07-30 13:30:00,30,2,-1.551944,1.551944
Alpha,syn_F,2024-07-31,2024-07-31 11:15:00,2024-07-31 11:15:00,15,1,-0.094188,0.094188
Alpha,syn_F,2024-07-31,2024-07-31 13:00:00,2024-07-31 13:00:00,15,1,-0.719309,0.719309
Alpha,syn_F,2024-08-01,2024-08-01 10:30:00,2024-08-01 10:30:00,15,1,-0.371159,0.371159
Alpha,syn_F,2024-08-01,2024-08-01 12:00:00,2024-08-01 12:45:00,60,4,-1.917727,1.917727
Alpha,syn_F,2024-08-01,2024-08-01 13:45:00,2024-08-01 13:45:00,15,1,-1.308949,1.308949
Alpha,syn_F,2024-08-02,2024-08-02 10:30:00,2024-08-02 11:15:00,60,4,-2.061158,2.061158
Alpha,syn_F,2024-08-02,2024-08-02 12:30:00,2024-08-02 14:00:00,105,7,-2.675957,2.675957
Alpha,syn_F,2024-08-04,2024-08-04 11:00:00,2024-08-04 11:00:00,15,1,-0.311163,0.311163
Alpha,syn_F,2024-08-06,2024-08-06 09:45:00,2024-08-06 12:00:00,150,10,-3.015936,3.015936
Alpha,syn_F,2024-08-06,2024-08-06 14:00:00,2024-08-06 14:00:00,15,1,-0.044943,0.044943
Alpha,syn_F,2024-08-06,2024-08-06 14:45:00,2024-08-06 14:45:00,15,1,-0.044083,0.044083
Alpha,syn_F,2024-08-08,2024-08-08 10:00:00,2024-08-08 15:15:00,330,22,-4.033506,4.033506
Alpha,syn_F,2024-08-09,2024-08-09 10:30:00,2024-08-09 15:15:00,300,20,-4.349184,4.349184
Alpha,syn_F,2024-08-10,2024-08-10 11:45:00,2024-08-10 11:45:00,15,1,-0.83242,0.83242
Alpha,syn_F,2024-08-11,2024-08-11 10:15:00,2024-08-11 10:45:00,45,3,-1.1281,1.1281
Alpha,syn_F,2024-08-11,2024-08-11 13:15:00,2024-08-11 13:45:00,45,3,-1.709138,1.709138
Alpha,syn_F,2024-08-11,2024-08-11 14:15:00,2024-08-11 15:15:00,75,5,-1.389373,1.389373
Alpha,syn_F,2024-08-13,2024-08-13 12:00:00,2024-08-13 13:00:00,75,5,-2.186096,2.186096
Alpha,syn_F,2024-08-13,2024-08-13 13:30:00,2024-08-13 13:45:00,30,2,-1.069609,1.069609
Alpha,syn_F,2024-08-13,2024-08-13 14:15:00,2024-08-13 14:15:00,15,1,-1.142723,1.142723
Alpha,syn_F,2024-08-16,2024-08-16 10:45:00,2024-08-16 11:00:00,30,2,-0.520396,0.520396
Alpha,syn_F,2024-08-16,2024-08-16 12:30:00,2024-08-16 12:30:00,15,1,-0.425134,0.425134
Alpha,syn_F,2024-08-17,2024-08-17 09:30:00,2024-08-17 15:15:00,360,24,-4.372838,4.372838
Alpha,syn_F,2024-08-18,2024-08-18 09:45:00,2024-08-18 09:45:00,15,1,-0.172032,0.172032
Alpha,syn_F,2024-08-18,2024-08-18 10:15:00,2024-08-18 11:30:00,90,6,-3.336776,3.336776
Alpha,syn_F,2024-08-18,2024-08-18 12:00:00,2024-08-18 12:15:00,30,2,-0.516096,0.516096
Alpha,syn_F,2024-08-19,2024-08-19 09:45:00,2024-08-19 11:00:00,90,6,-3.08948,3.08948
Alpha,syn_F,2024-08-19,2024-08-19 11:30:00,2024-08-19 12:30:00,75,5,-2.945618,2.945618
Alpha,syn_F,2024-08-19,2024-08-19 14:45:00,2024-08-19 15:00:00,30,2,-0.727695,0.727695
Alpha,syn_F,2024-08-20,2024-08-20 09:15:00,2024-08-20 15:30:00,390,26,-5.114727,5.114727
Alpha,syn_F,2024-08-21,2024-08-21 09:45:00,2024-08-21 15:15:00,345,23,-5.040538,5.040538
Alpha,syn_F,2024-08-22,2024-08-22 11:15:00,2024-08-22 15:45:00,285,19,-4.829798,4.829798
Alpha,syn_F,2024-08-23,2024-08-23 09:00:00,2024-08-23 15:00:00,375,25,-5.333422,5.333422
Alpha,syn_F,2024-08-24,2024-08-24 10:15:00,2024-08-24 10:45:00,45,3,-3.061955,3.061955
Alpha,syn_F,2024-08-24,2024-08-24 12:00:00,2024-08-24 12:00:00,15,1,-1.408512,1.408512
Alpha,syn_F,2024-08-24,2024-08-24 13:00:00,2024-08-24 13:30:00,45,3,-3.739116,3.739116
Alpha,syn_F,2024-08-24,2024-08-24 14:15:00,2024-08-24 15:30:00,90,6,-3.369676,3.369676
Alpha,syn_F,2024-08-26,2024-08-26 08:45:00,2024-08-26 15:45:00,435,29,-5.756621,5.756621
Alpha,syn_F,2024-08-27,2024-08-27 08:45:00,2024-08-27 15:45:00,435,29,-5.852744,5.852744
Alpha,syn_F,2024-08-28,2024-08-28 10:00:00,2024-08-28 15:45:00,360,24,-5.93575,5.93575
Alpha,syn_F,2024-08-29,2024-08-29 08:45:00,2024-08-29 15:45:00,435,29,-6.083051,6.083051
Alpha,syn_F,2024-08-30,2024-08-30 08:45:00,2024-08-30 15:30:00,420,28,-5.582223,5.582223
Alpha,syn_F,2024-08-31,2024-08-31 08:45:00,2024-08-31 15:45:00,435,29,-5.69641,5.69641
Alpha,syn_F,2024-09-01,2024-09-01 08:45:00,2024-09-01 15:30:00,420,28,-5.454705,5.454705
Alpha,syn_F,2024-09-02,2024-09-02 08:30:00,2024-09-02 15:45:00,450,30,-6.024991,6.024991
Alpha,syn_F,2024-09-03,2024-09-03 08:30:00,2024-09-03 15:45:00,450,30,-6.247127,6.247127
Alpha,syn_F,2024-09-04,2024-09-04 08:45:00,2024-09-04 15:45:00,435,29,-6.067784,6.067784
Alpha,syn_F,2024-09-05,2024-09-05 08:45:00,2024-09-05 15:45:00,435,29,-6.020905,6.020905
Alpha,syn_F,2024-09-06,2024-09-06 08:30:00,2024-09-06 15:45:00,450,30,-6.040688,6.040688
Alpha,syn_F,2024-09-07,2024-09-07 08:30:00,2024-09-07 13:45:00,330,22,-4.889794,4.889794
Alpha,syn_F,2024-09-07,2024-09-07 15:00:00,2024-09-07 15:30:00,45,3,-1.631938,1.631938
Alpha,syn_F,2024-09-08,2024-09-08 11:30:00,2024-09-08 11:30:00,15,1,-0.05161,0.05161
Alpha,syn_F,2024-09-08,2024-09-08 12:00:00,2024-09-08 13:15:00,90,6,-4.35069,4.35069
Alpha,syn_F,2024-09-09,2024-09-09 08:30:00,2024-09-09 15:00:00,405,27,-6.413783,6.413783
Alpha,syn_F,2024-09-09,2024-09-09 15:30:00,2024-09-09 15:45:00,30,2,-1.109391,1.109391
Alpha,syn_F,2024-09-10,2024-09-10 08:30:00,2024-09-10 15:45:00,450,30,-6.270351,6.270351
Alpha,syn_F,2024-09-11,2024-09-11 08:30:00,2024-09-11 15:30:00,435,29,-5.986929,5.986929
Alpha,syn_F,2024-09-12,2024-09-12 11:45:00,2024-09-12 14:00:00,150,10,-4.893235,4.893235
Alpha,syn_F,2024-09-12,2024-09-12 14:45:00,2024-09-12 15:15:00,45,3,-1.777736,1.777736
Alpha,syn_F,2024-09-13,2024-09-13 09:15:00,2024-09-13 09:15:00,15,1,-0.2402,0.2402
Alpha,syn_F,2024-09-13,2024-09-13 09:45:00,2024-09-13 10:00:00,30,2,-2.343506,2.343506
Alpha,syn_F,2024-09-13,2024-09-13 11:15:00,2024-09-13 11:45:00,45,3,-3.703849,3.703849
Alpha,syn_F,2024-09-13,2024-09-13 12:45:00,2024-09-13 13:15:00,45,3,-4.458639,4.458639
Alpha,syn_F,2024-09-14,2024-09-14 08:45:00,2024-09-14 15:45:00,435,29,-5.88629,5.88629
Alpha,syn_F,2024-09-15,2024-09-15 08:30:00,2024-09-15 10:15:00,120,8,-1.66699,1.66699
Alpha,syn_F,2024-09-15,2024-09-15 10:45:00,2024-09-15 11:45:00,75,5,-2.700687,2.700687
Alpha,syn_F,2024-09-15,2024-09-15 12:15:00,2024-09-15 13:00:00,60,4,-2.58005,2.58005
Alpha,syn_F,2024-09-15,2024-09-15 13:30:00,2024-09-15 14:15:00,60,4,-2.699827,2.699827
Alpha,syn_F,2024-09-15,2024-09-15 15:00:00,2024-09-15 15:15:00,30,2,-1.262285,1.262285
Alpha,syn_F,2024-09-16,2024-09-16 08:30:00,2024-09-16 16:00:00,465,31,-6.50539,6.50539
Alpha,syn_F,2024-09-17,2024-09-17 08:30:00,2024-09-17 16:00:00,465,31,-5.733396,5.733396
Alpha,syn_F,2024-09-18,2024-09-18 08:30:00,2024-09-18 16:00:00,465,31,-7.075031,7.075031
Alpha,syn_F,2024-09-19,2024-09-19 08:15:00,2024-09-19 16:00:00,480,32,-6.754406,6.754406
Alpha,syn_F,2024-09-20,2024-09-20 08:15:00,2024-09-20 16:00:00,480,32,-6.696991,6.696991
Alpha,syn_F,2024-09-21,2024-09-21 08:15:00,2024-09-21 16:00:00,480,32,-6.420234,6.420234
Alpha,syn_F,2024-09-22,2024-09-22 08:15:00,2024-09-22 15:45:00,465,31,-6.176379,6.176379
Alpha,syn_F,2024-09-23,2024-09-23 08:15:00,2024-09-23 15:45:00,465,31,-6.728386,6.728386
Alpha,syn_F,2024-09-24,2024-09-24 08:45:00,2024-09-24 14:45:00,375,25,-5.58975,5.58975
Alpha,syn_F,2024-09-25,2024-09-25 09:45:00,2024-09-25 09:45:00,15,1,-1.098424,1.098424
Alpha,syn_F,2024-09-25,2024-09-25 14:30:00,2024-09-25 15:30:00,75,5,-3.336131,3.336131
Alpha,syn_F,2024-09-29,2024-09-29 08:45:00,2024-09-29 08:45:00,15,1,-0.02387,0.02387
Alpha,syn_F,2024-09-29,2024-09-29 09:30:00,2024-09-29 14:30:00,315,21,-3.389245,3.389245
Alpha,syn_G,2021-11-01,2021-11-01 09:45:00,2021-11-01 10:15:00,45,3,-0.652862,0.652862
Alpha,syn_G,2021-11-01,2021-11-01 11:15:00,2021-11-01 11:15:00,15,1,-0.249231,0.249231
Alpha,syn_G,2021-11-01,2021-11-01 12:00:00,2021-11-01 12:00:00,15,1,-0.354816,0.354816
Alpha,syn_G,2021-11-01,2021-11-01 13:30:00,2021-11-01 13:30:00,15,1,-0.131389,0.131389
Alpha,syn_G,2021-11-01,2021-11-01 14:30:00,2021-11-01 14:30:00,15,1,-0.456315,0.456315
Alpha,syn_G,2021-11-01,2021-11-01 15:15:00,2021-11-01 15:15:00,15,1,-0.344279,0.344279
Alpha,syn_G,2021-11-01,2021-11-01 15:45:00,2021-11-01 15:45:00,15,1,-0.489001,0.489001
Alpha,syn_G,2021-11-02,2021-11-02 10:15:00,2021-11-02 16:15:00,375,25,-1.640325,1.640325
Alpha,syn_G,2021-11-03,2021-11-03 11:30:00,2021-11-03 16:00:00,285,19,-1.590006,1.590006
Alpha,syn_G,2021-11-06,2021-11-06 10:30:00,2021-11-06 16:00:00,345,23,-1.358193,1.358193
Alpha,syn_G,2021-11-08,2021-11-08 10:30:00,2021-11-08 11:00:00,45,3,-0.455454,0.455454
Alpha,syn_G,2021-11-08,2021-11-08 12:00:00,2021-11-08 12:15:00,30,2,-0.727695,0.727695
Alpha,syn_G,2021-11-08,2021-11-08 12:45:00,2021-11-08 15:30:00,180,12,-1.155625,1.155625
Alpha,syn_G,2021-11-09,2021-11-09 10:45:00,2021-11-09 12:00:00,90,6,-1.391524,1.391524
Alpha,syn_G,2021-11-09,2021-11-09 12:30:00,2021-11-09 15:45:00,210,14,-1.466573,1.466573
Alpha,syn_G,2021-11-12,2021-11-12 10:15:00,2021-11-12 14:00:00,240,16,-1.446359,1.446359
Alpha,syn_G,2021-11-12,2021-11-12 14:30:00,2021-11-12 15:30:00,75,5,-1.356903,1.356903
Alpha,syn_G,2021-11-13,2021-11-13 11:15:00,2021-11-13 11:30:00,30,2,-0.521687,0.521687
Alpha,syn_G,2021-11-13,2021-11-13 12:00:00,2021-11-13 13:45:00,120,8,-1.146593,1.146593
Alpha,syn_G,2021-11-13,2021-11-13 14:30:00,2021-11-13 14:30:00,15,1,-0.799949,0.799949
Alpha,syn_G,2021-11-13,2021-11-13 15:00:00,2021-11-13 15:00:00,15,1,-0.492227,0.492227
Alpha,syn_G,2021-11-14,2021-11-14 10:30:00,2021-11-14 10:30:00,15,1,-0.337828,0.337828
Alpha,syn_G,2021-11-14,2021-11-14 11:00:00,2021-11-14 13:30:00,165,11,-1.474744,1.474744
Alpha,syn_G,2021-11-14,2021-11-14 14:00:00,2021-11-14 14:30:00,45,3,-0.353096,0.353096
Alpha,syn_G,2021-11-14,2021-11-14 15:00:00,2021-11-14 15:30:00,45,3,-1.696881,1.696881
Alpha,syn_G,2021-11-15,2021-11-15 09:30:00,2021-11-15 16:15:00,420,28,-1.947187,1.947187
Alpha,syn_G,2021-11-16,2021-11-16 10:15:00,2021-11-16 10:15:00,15,1,-0.13354,0.13354
Alpha,syn_G,2021-11-16,2021-11-16 11:45:00,2021-11-16 11:45:00,15,1,-0.077629,0.077629
Alpha,syn_G,2021-11-16,2021-11-16 12:15:00,2021-11-16 16:30:00,270,18,-1.740749,1.740749
Alpha,syn_G,2021-11-17,2021-11-17 11:00:00,2021-11-17 11:00:00,15,1,-0.422984,0.422984
Alpha,syn_G,2021-11-17,2021-11-17 11:30:00,2021-11-17 16:15:00,300,20,-1.590866,1.590866
Alpha,syn_G,2021-11-18,2021-11-18 09:45:00,2021-11-18 16:15:00,405,27,-1.604414,1.604414
Alpha,syn_G,2021-11-22,2021-11-22 14:00:00,2021-11-22 14:30:00,45,3,-0.490076,0.490076
Alpha,syn_G,2021-11-23,2021-11-23 13:00:00,2021-11-23 14:30:00,105,7,-0.679742,0.679742
Alpha,syn_G,2021-11-23,2021-11-23 15:45:00,2021-11-23 15:45:00,15,1,-0.036127,0.036127
Alpha,syn_G,2021-11-24,2021-11-24 10:00:00,2021-11-24 10:00:00,15,1,-0.13483,0.13483
Alpha,syn_G,2021-11-24,2021-11-24 11:45:00,2021-11-24 11:45:00,15,1,-0.114186,0.114186
Alpha,syn_G,2021-11-24,2021-11-24 12:15:00,2021-11-24 12:30:00,30,2,-0.632218,0.632218
Alpha,syn_G,2021-11-24,2021-11-24 13:00:00,2021-11-24 13:00:00,15,1,-0.13397,0.13397
Alpha,syn_G,2021-11-24,2021-11-24 13:45:00,2021-11-24 13:45:00,15,1,-0.199772,0.199772
Alpha,syn_G,2021-11-24,2021-11-24 14:30:00,2021-11-24 15:00:00,45,3,-0.559964,0.559964
Alpha,syn_G,2021-11-24,2021-11-24 15:45:00,2021-11-24 15:45:00,15,1,-0.146012,0.146012
Alpha,syn_G,2021-11-25,2021-11-25 11:45:00,2021-11-25 11:45:00,15,1,-0.164075,0.164075
Alpha,syn_G,2021-11-29,2021-11-29 10:30:00,2021-11-29 10:45:00,30,2,-0.363633,0.363633
Alpha,syn_G,2021-11-29,2021-11-29 11:30:00,2021-11-29 11:30:00,15,1,-0.119777,0.119777
Alpha,syn_G,2021-11-29,2021-11-29 12:30:00,2021-11-29 12:45:00,30,2,-0.228802,0.228802
Alpha,syn_G,2021-12-01,2021-12-01 13:15:00,2021-12-01 13:15:00,15,1,-0.08365,0.08365
Alpha,syn_G,2021-12-01,2021-12-01 14:45:00,2021-12-01 15:00:00,30,2,-0.704256,0.704256
Alpha,syn_G,2021-12-02,2021-12-02 10:00:00,2021-12-02 16:00:00,375,25,-1.25992,1.25992
Alpha,syn_G,2021-12-03,2021-12-03 10:00:00,2021-12-03 14:00:00,255,17,-0.640604,0.640604
Alpha,syn_G,2021-12-06,2021-12-06 10:30:00,2021-12-06 10:45:00,30,2,-0.45524,0.45524
Alpha,syn_G,2021-12-07,2021-12-07 11:15:00,2021-12-07 11:15:00,15,1,-0.32084,0.32084
Alpha,syn_G,2021-12-07,2021-12-07 11:45:00,2021-12-07 12:15:00,45,3,-0.795218,0.795218
Alpha,syn_G,2021-12-07,2021-12-07 13:15:00,2021-12-07 13:15:00,15,1,-0.043868,0.043868
Alpha,syn_G,2021-12-07,2021-12-07 13:45:00,2021-12-07 13:45:00,15,1,-0.211814,0.211814
Alpha,syn_G,2021-12-09,2021-12-09 10:15:00,2021-12-09 13:30:00,210,14,-1.418404,1.418404
Alpha,syn_G,2021-12-09,2021-12-09 14:15:00,2021-12-09 15:15:00,75,5,-1.227448,1.227448
Alpha,syn_G,2021-12-10,2021-12-10 10:30:00,2021-12-10 11:30:00,75,5,-1.10294,1.10294
Alpha,syn_G,2021-12-10,2021-12-10 12:00:00,2021-12-10 12:00:00,15,1,-0.222136,0.222136
Alpha,syn_G,2021-12-10,2021-12-10 12:30:00,2021-12-10 12:30:00,15,1,-0.610714,0.610714
Alpha,syn_G,2021-12-10,2021-12-10 14:15:00,2021-12-10 15:00:00,60,4,-1.492593,1.492593
Alpha,syn_G,2021-12-11,2021-12-11 10:45:00,2021-12-11 11:00:00,30,2,-0.337398,0.337398
Alpha,syn_G,2021-12-12,2021-12-12 10:30:00,2021-12-12 15:45:00,330,22,-1.441628,1.441628
Alpha,syn_G,2021-12-13,2021-12-13 09:45:00,2021-12-13 16:30:00,420,28,-1.809132,1.809132
Alpha,syn_G,2021-12-14,2021-12-14 09:45:00,2021-12-14 09:45:00,15,1,-0.044083,0.044083
Alpha,syn_G,2021-12-14,2021-12-14 10:15:00,2021-12-14 15:15:00,315,21,-1.353462,1.353462
Alpha,syn_G,2021-12-14,2021-12-14 15:45:00,2021-12-14 16:15:00,45,3,-1.033697,1.033697
Alpha,syn_G,2021-12-15,2021-12-15 09:45:00,2021-12-15 15:30:00,360,24,-1.321851,1.321851
Alpha,syn_G,2021-12-17,2021-12-17 12:00:00,2021-12-17 12:45:00,60,4,-0.797584,0.797584
Alpha,syn_G,2021-12-17,2021-12-17 14:00:00,2021-12-17 15:45:00,120,8,-0.86145,0.86145
Alpha,syn_G,2021-12-28,2021-12-28 13:45:00,2021-12-28 15:30:00,120,8,-1.511516,1.511516
Alpha,syn_G,2021-12-29,2021-12-29 11:30:00,2021-12-29 12:15:00,60,4,-0.310948,0.310948
Alpha,syn_G,2021-12-29,2021-12-29 12:45:00,2021-12-29 12:45:00,15,1,-0.114186,0.114186
Alpha,syn_G,2021-12-29,2021-12-29 13:45:00,2021-12-29 15:15:00,105,7,-0.766833,0.766833
Alpha,syn_G,2021-12-30,2021-12-30 12:00:00,2021-12-30 16:00:00,255,17,-1.13111,1.13111
Alpha,syn_G,2021-12-31,2021-12-31 10:30:00,2021-12-31 14:15:00,240,16,-0.449004,0.449004
Alpha,syn_G,2022-01-20,2022-01-20 10:30:00,2022-01-20 10:30:00,15,1,-0.013548,0.013548
Alpha,syn_G,2022-01-20,2022-01-20 13:00:00,2022-01-20 13:00:00,15,1,-0.108595,0.108595
Alpha,syn_G,2022-01-21,2022-01-21 12:00:00,2022-01-21 15:15:00,210,14,-0.923597,0.923597
Alpha,syn_G,2022-01-22,2022-01-22 11:45:00,2022-01-22 12:00:00,30,2,-0.336108,0.336108
Alpha,syn_G,2022-01-22,2022-01-22 12:45:00,2022-01-22 15:30:00,180,12,-0.557384,0.557384
Alpha,syn_G,2022-01-23,2022-01-23 13:15:00,2022-01-23 13:45:00,45,3,-0.225577,0.225577
Alpha,syn_G,2022-01-24,2022-01-24 14:00:00,2022-01-24 15:15:00,90,6,-0.535019,0.535019
Alpha,syn_G,2022-01-25,2022-01-25 13:15:00,2022-01-25 13:15:00,15,1,-0.199342,0.199342
Alpha,syn_G,2022-01-25,2022-01-25 13:45:00,2022-01-25 14:00:00,30,2,-0.295465,0.295465
Alpha,syn_G,2022-01-26,2022-01-26 12:45:00,2022-01-26 12:45:00,15,1,-0.011397,0.011397
Alpha,syn_G,2022-01-26,2022-01-26 14:15:00,2022-01-26 15:30:00,90,6,-0.410512,0.410512
Alpha,syn_G,2022-01-27,2022-01-27 11:00:00,2022-01-27 12:45:00,120,8,-0.353095,0.353095
Alpha,syn_G,2022-02-03,2022-02-03 13:45:00,2022-02-03 13:45:00,15,1,-0.046448,0.046448
Alpha,syn_G,2022-02-03,2022-02-03 14:15:00,2022-02-03 14:15:00,15,1,-0.154614,0.154614
Alpha,syn_G,2022-02-03,2022-02-03 14:45:00,2022-02-03 16:15:00,105,7,-1.112617,1.112617
Alpha,syn_G,2022-02-04,2022-02-04 11:45:00,2022-02-04 12:15:00,45,3,-1.054126,1.054126
Alpha,syn_G,2022-02-04,2022-02-04 13:30:00,2022-02-04 15:00:00,105,7,-1.23476,1.23476
Alpha,syn_G,2022-02-05,2022-02-05 11:00:00,2022-02-05 11:00:00,15,1,-0.361482,0.361482
Alpha,syn_G,2022-02-05,2022-02-05 11:45:00,2022-02-05 12:00:00,30,2,-1.07563,1.07563
Alpha,syn_G,2022-02-05,2022-02-05 13:15:00,2022-02-05 13:45:00,45,3,-0.747049,0.747049
Alpha,syn_G,2022-02-05,2022-02-05 14:15:00,2022-02-05 14:30:00,30,2,-0.576522,0.576522
Alpha,syn_G,2022-02-05,2022-02-05 15:00:00,2022-02-05 15:30:00,45,3,-0.27009,0.27009
Alpha,syn_G,2022-02-06,2022-02-06 12:30:00,2022-02-06 13:15:00,60,4,-0.534374,0.534374
Alpha,syn_G,2022-02-07,2022-02-07 11:30:00,2022-02-07 12:00:00,45,3,-1.000151,1.000151
Alpha,syn_G,2022-02-08,2022-02-08 12:30:00,2022-02-08 14:15:00,120,8,-1.051116,1.051116
Alpha,syn_G,2022-02-08,2022-02-08 15:30:00,2022-02-08 16:00:00,45,3,-0.883384,0.883384
Alpha,syn_G,2022-02-09,2022-02-09 10:30:00,2022-02-09 12:30:00,135,9,-0.835216,0.835216
Alpha,syn_G,2022-02-09,2022-02-09 13:15:00,2022-02-09 14:30:00,90,6,-0.502764,0.502764
Alpha,syn_G,2022-02-09,2022-02-09 15:00:00,2022-02-09 15:00:00,15,1,-0.023655,0.023655
Alpha,syn_G,2022-02-11,2022-02-11 13:45:00,2022-02-11 14:15:00,45,3,-0.644475,0.644475
Alpha,syn_G,2022-02-12,2022-02-12 14:00:00,2022-02-12 15:15:00,90,6,-1.383138,1.383138
Alpha,syn_G,2022-02-13,2022-02-13 12:30:00,2022-02-13 13:15:00,60,4,-0.412446,0.412446
Alpha,syn_G,2022-02-14,2022-02-14 11:45:00,2022-02-14 12:15:00,45,3,-0.715223,0.715223
Alpha,syn_G,2022-02-14,2022-02-14 13:15:00,2022-02-14 15:45:00,165,11,-0.790917,0.790917
Alpha,syn_G,2022-02-15,2022-02-15 12:00:00,2022-02-15 15:15:00,210,14,-0.805755,0.805755
Alpha,syn_G,2022-02-16,2022-02-16 11:45:00,2022-02-16 12:00:00,30,2,-0.67458,0.67458
Alpha,syn_G,2022-02-16,2022-02-16 12:45:00,2022-02-16 13:15:00,45,3,-0.667484,0.667484
Alpha,syn_G,2022-02-16,2022-02-16 13:45:00,2022-02-16 14:45:00,75,5,-0.67415,0.67415
Alpha,syn_G,2022-02-17,2022-02-17 11:15:00,2022-02-17 11:15:00,15,1,-0.050105,0.050105
Alpha,syn_G,2022-02-19,2022-02-19 11:00:00,2022-02-19 12:45:00,120,8,-0.723825,0.723825
Alpha,syn_G,2022-02-20,2022-02-20 11:30:00,2022-02-20 12:15:00,60,4,-0.688128,0.688128
Alpha,syn_G,2022-02-20,2022-02-20 13:00:00,2022-02-20 13:30:00,45,3,-0.466422,0.466422
Alpha,syn_G,2022-02-20,2022-02-20 14:00:00,2022-02-20 14:00:00,15,1,-0.249446,0.249446
Alpha,syn_G,2022-02-23,2022-02-23 13:15:00,2022-02-23 13:15:00,15,1,-0.012688,0.012688
Alpha,syn_G,2022-03-02,2022-03-02 15:00:00,2022-03-02 15:00:00,15,1,-0.64469,0.64469
Alpha,syn_G,2022-03-10,2022-03-10 10:30:00,2022-03-10 13:45:00,210,14,-1.577748,1.577748
Alpha,syn_G,2022-03-10,2022-03-10 14:15:00,2022-03-10 14:15:00,15,1,-0.34815,0.34815
Alpha,syn_G,2022-03-10,2022-03-10 14:45:00,2022-03-10 15:00:00,30,2,-0.517816,0.517816
Alpha,syn_G,2022-03-10,2022-03-10 15:30:00,2022-03-10 15:45:00,30,2,-0.147517,0.147517
Alpha,syn_G,2022-03-11,2022-03-11 10:45:00,2022-03-11 11:00:00,30,2,-0.061501,0.061501
Alpha,syn_G,2022-03-11,2022-03-11 12:15:00,2022-03-11 13:00:00,60,4,-1.190246,1.190246
Alpha,syn_G,2022-03-11,2022-03-11 13:45:00,2022-03-11 13:45:00,15,1,-0.45481,0.45481
Alpha,syn_G,2022-03-11,2022-03-11 15:15:00,2022-03-11 15:15:00,15,1,-0.421908,0.421908
Alpha,syn_G,2022-03-12,2022-03-12 14:30:00,2022-03-12 16:00:00,105,7,-0.749844,0.749844
Alpha,syn_G,2022-03-14,2022-03-14 11:45:00,2022-03-14 15:00:00,210,14,-1.355827,1.355827
Alpha,syn_G,2022-03-14,2022-03-14 15:30:00,2022-03-14 15:45:00,30,2,-0.289658,0.289658
Alpha,syn_G,2022-03-15,2022-03-15 11:00:00,2022-03-15 12:45:00,120,8,-0.784251,0.784251
Alpha,syn_G,2022-03-15,2022-03-15 13:15:00,2022-03-15 13:30:00,30,2,-1.15498,1.15498
Alpha,syn_G,2022-03-15,2022-03-15 15:00:00,2022-03-15 15:45:00,60,4,-0.622756,0.622756
Alpha,syn_G,2022-03-15,2022-03-15 16:15:00,2022-03-15 16:15:00,15,1,-0.02473,0.02473
Alpha,syn_G,2022-03-16,2022-03-16 11:00:00,2022-03-16 11:15:00,30,2,-0.24235,0.24235
Alpha,syn_G,2022-03-16,2022-03-16 12:00:00,2022-03-16 15:30:00,225,15,-1.02445,1.02445
Alpha,syn_G,2022-03-17,2022-03-17 12:00:00,2022-03-17 13:45:00,120,8,-0.477604,0.477604
Alpha,syn_G,2022-03-20,2022-03-20 11:30:00,2022-03-20 15:30:00,255,17,-0.960368,0.960368
Alpha,syn_G,2022-03-21,2022-03-21 12:30:00,2022-03-21 12:45:00,30,2,-1.240566,1.240566
Alpha,syn_G,2022-03-21,2022-03-21 14:15:00,2022-03-21 14:15:00,15,1,-1.030902,1.030902
Alpha,syn_G,2022-03-21,2022-03-21 15:15:00,2022-03-21 15:15:00,15,1,-0.039998,0.039998
Alpha,syn_G,2022-03-22,2022-03-22 10:30:00,2022-03-22 15:15:00,300,20,-1.216696,1.216696
Alpha,syn_G,2022-03-25,2022-03-25 13:15:00,2022-03-25 13:30:00,30,2,-0.685118,0.685118
Alpha,syn_G,2022-03-25,2022-03-25 14:45:00,2022-03-25 14:45:00,15,1,-0.212675,0.212675
Alpha,syn_G,2022-03-26,2022-03-26 12:15:00,2022-03-26 12:15:00,15,1,-0.031826,0.031826
Alpha,syn_G,2022-03-26,2022-03-26 12:45:00,2022-03-26 13:15:00,45,3,-0.523623,0.523623
Alpha,syn_G,2022-03-26,2022-03-26 13:45:00,2022-03-26 13:45:00,15,1,-0.605122,0.605122
Alpha,syn_G,2022-03-26,2022-03-26 14:30:00,2022-03-26 14:30:00,15,1,-0.196761,0.196761
Alpha,syn_G,2022-04-02,2022-04-02 14:15:00,2022-04-02 14:15:00,15,1,-0.014622,0.014622
Alpha,syn_G,2022-04-04,2022-04-04 10:00:00,2022-04-04 14:15:00,270,18,-0.964454,0.964454
Alpha,syn_G,2022-04-05,2022-04-05 10:00:00,2022-04-05 14:15:00,270,18,-1.067674,1.067674
Alpha,syn_G,2022-04-06,2022-04-06 10:45:00,2022-04-06 11:15:00,45,3,-0.491582,0.491582
Alpha,syn_G,2022-04-06,2022-04-06 12:15:00,2022-04-06 13:00:00,60,4,-0.417823,0.417823
Alpha,syn_G,2022-04-08,2022-04-08 12:00:00,2022-04-08 12:00:00,15,1,-0.291379,0.291379
Alpha,syn_G,2022-04-10,2022-04-10 11:45:00,2022-04-10 12:30:00,60,4,-0.228372,0.228372
Alpha,syn_G,2022-04-11,2022-04-11 11:00:00,2022-04-11 11:30:00,45,3,-0.393093,0.393093
Alpha,syn_G,2022-04-12,2022-04-12 12:45:00,2022-04-12 12:45:00,15,1,-0.364493,0.364493
Alpha,syn_G,2022-04-12,2022-04-12 13:15:00,2022-04-12 13:15:00,15,1,-0.205148,0.205148
Alpha,syn_G,2022-04-14,2022-04-14 10:15:00,2022-04-14 11:15:00,75,5,-0.573082,0.573082
Alpha,syn_G,2022-04-14,2022-04-14 13:15:00,2022-04-14 14:15:00,75,5,-0.665334,0.665334
Alpha,syn_G,2022-04-15,2022-04-15 11:15:00,2022-04-15 11:15:00,15,1,-0.08064,0.08064
Alpha,syn_G,2022-04-15,2022-04-15 11:45:00,2022-04-15 11:45:00,15,1,-0.174612,0.174612
Alpha,syn_G,2022-04-15,2022-04-15 12:15:00,2022-04-15 13:15:00,75,5,-0.27009,0.27009
Alpha,syn_G,2022-04-16,2022-04-16 10:45:00,2022-04-16 13:45:00,195,13,-0.632432,0.632432
Alpha,syn_G,2022-04-17,2022-04-17 12:30:00,2022-04-17 13:30:00,75,5,-0.183859,0.183859
Alpha,syn_G,2022-04-18,2022-04-18 11:00:00,2022-04-18 12:00:00,75,5,-0.360407,0.360407
Alpha,syn_G,2022-04-18,2022-04-18 12:30:00,2022-04-18 12:30:00,15,1,-0.183859,0.183859
Alpha,syn_G,2022-04-18,2022-04-18 13:00:00,2022-04-18 13:15:00,30,2,-0.158054,0.158054
Alpha,syn_G,2022-04-20,2022-04-20 11:45:00,2022-04-20 12:00:00,30,2,-0.069888,0.069888
Alpha,syn_G,2022-04-21,2022-04-21 12:15:00,2022-04-21 12:15:00,15,1,-0.011612,0.011612
Alpha,syn_G,2022-05-03,2022-05-03 11:00:00,2022-05-03 13:15:00,150,10,-0.541686,0.541686
Alpha,syn_G,2022-05-04,2022-05-04 11:00:00,2022-05-04 13:30:00,165,11,-0.56233,0.56233
Alpha,syn_G,2022-05-05,2022-05-05 12:15:00,2022-05-05 12:15:00,15,1,-0.07978,0.07978
Alpha,syn_G,2022-05-06,2022-05-06 11:00:00,2022-05-06 14:00:00,195,13,-0.565125,0.565125
Alpha,syn_G,2022-05-08,2022-05-08 12:30:00,2022-05-08 12:45:00,30,2,-0.085156,0.085156
Alpha,syn_G,2022-05-08,2022-05-08 13:15:00,2022-05-08 13:30:00,30,2,-0.058706,0.058706
Alpha,syn_G,2022-05-16,2022-05-16 11:30:00,2022-05-16 13:15:00,120,8,-0.267295,0.267295
Alpha,syn_G,2022-05-17,2022-05-17 11:30:00,2022-05-17 12:30:00,75,5,-0.166011,0.166011
Alpha,syn_G,2022-05-18,2022-05-18 12:15:00,2022-05-18 12:30:00,30,2,-0.116982,0.116982
Alpha,syn_G,2022-08-02,2022-08-02 12:00:00,2022-08-02 13:45:00,120,8,-0.409436,0.409436
Alpha,syn_G,2022-08-03,2022-08-03 13:00:00,2022-08-03 13:00:00,15,1,-0.05548,0.05548
Alpha,syn_G,2022-08-05,2022-08-05 13:45:00,2022-08-05 13:45:00,15,1,-0.143862,0.143862
Alpha,syn_G,2022-08-10,2022-08-10 11:15:00,2022-08-10 12:45:00,105,7,-0.424274,0.424274
Alpha,syn_G,2022-08-14,2022-08-14 13:00:00,2022-08-14 13:00:00,15,1,-0.136335,0.136335
Alpha,syn_G,2022-08-15,2022-08-15 12:30:00,2022-08-15 12:45:00,30,2,-0.532869,0.532869
Alpha,syn_G,2022-08-16,2022-08-16 11:15:00,2022-08-16 11:30:00,30,2,-0.2159,0.2159
Alpha,syn_G,2022-08-16,2022-08-16 13:30:00,2022-08-16 13:30:00,15,1,-0.282778,0.282778
Alpha,syn_G,2022-08-17,2022-08-17 11:00:00,2022-08-17 14:30:00,225,15,-0.928113,0.928113
Alpha,syn_G,2022-08-18,2022-08-18 13:15:00,2022-08-18 13:15:00,15,1,-0.394813,0.394813
Alpha,syn_G,2022-08-18,2022-08-18 14:00:00,2022-08-18 14:30:00,45,3,-0.164075,0.164075
Alpha,syn_G,2022-08-19,2022-08-19 11:15:00,2022-08-19 11:15:00,15,1,-0.029676,0.029676
Alpha,syn_G,2022-08-19,2022-08-19 12:30:00,2022-08-19 12:30:00,15,1,-0.041288,0.041288
Alpha,syn_G,2022-08-19,2022-08-19 14:30:00,2022-08-19 14:30:00,15,1,-0.174398,0.174398
Alpha,syn_G,2022-08-20,2022-08-20 12:30:00,2022-08-20 14:00:00,105,7,-0.332882,0.332882
Alpha,syn_G,2022-08-21,2022-08-21 11:30:00,2022-08-21 12:30:00,75,5,-0.141496,0.141496
Alpha,syn_G,2022-08-21,2022-08-21 13:00:00,2022-08-21 13:00:00,15,1,-0.001935,0.001935
Alpha,syn_G,2022-08-22,2022-08-22 11:45:00,2022-08-22 12:15:00,45,3,-0.172032,0.172032
Alpha,syn_G,2022-08-22,2022-08-22 12:45:00,2022-08-22 14:00:00,90,6,-0.247081,0.247081
Alpha,syn_G,2022-08-23,2022-08-23 10:30:00,2022-08-23 10:30:00,15,1,-0.003011,0.003011
Alpha,syn_G,2022-08-23,2022-08-23 11:30:00,2022-08-23 12:30:00,75,5,-0.628562,0.628562
Alpha,syn_G,2022-08-24,2022-08-24 12:00:00,2022-08-24 13:30:00,105,7,-0.251167,0.251167
Alpha,syn_G,2022-08-25,2022-08-25 12:15:00,2022-08-25 12:15:00,15,1,-0.10967,0.10967
Alpha,syn_G,2022-08-27,2022-08-27 11:45:00,2022-08-27 12:00:00,30,2,-0.092252,0.092252
Alpha,syn_G,2022-08-28,2022-08-28 11:45:00,2022-08-28 14:00:00,150,10,-0.4847,0.4847
Alpha,syn_G,2022-08-29,2022-08-29 10:45:00,2022-08-29 11:00:00,30,2,-0.334387,0.334387
Alpha,syn_G,2022-08-30,2022-08-30 12:45:00,2022-08-30 12:45:00,15,1,-0.237404,0.237404
Alpha,syn_G,2022-08-31,2022-08-31 12:00:00,2022-08-31 12:30:00,45,3,-0.824678,0.824678
Alpha,syn_G,2022-08-31,2022-08-31 13:00:00,2022-08-31 14:00:00,75,5,-0.83113,0.83113
Alpha,syn_G,2022-09-01,2022-09-01 11:00:00,2022-09-01 12:00:00,75,5,-0.573296,0.573296
Alpha,syn_G,2022-09-05,2022-09-05 11:45:00,2022-09-05 12:15:00,45,3,-0.592005,0.592005
Alpha,syn_G,2022-09-05,2022-09-05 12:45:00,2022-09-05 12:45:00,15,1,-0.43223,0.43223
Alpha,syn_G,2022-09-05,2022-09-05 13:15:00,2022-09-05 13:15:00,15,1,-0.325786,0.325786
Alpha,syn_G,2022-09-05,2022-09-05 14:00:00,2022-09-05 14:00:00,15,1,-0.21461,0.21461
Alpha,syn_G,2022-09-06,2022-09-06 12:00:00,2022-09-06 12:45:00,60,4,-0.53545,0.53545
Alpha,syn_G,2022-09-07,2022-09-07 11:00:00,2022-09-07 11:30:00,45,3,-0.477174,0.477174
Alpha,syn_G,2022-09-07,2022-09-07 12:00:00,2022-09-07 14:30:00,165,11,-1.108316,1.108316
Alpha,syn_G,2022-09-08,2022-09-08 11:00:00,2022-09-08 12:15:00,90,6,-1.247662,1.247662
Alpha,syn_G,2022-09-08,2022-09-08 13:30:00,2022-09-08 13:45:00,30,2,-0.94338,0.94338
Alpha,syn_G,2022-09-08,2022-09-08 14:30:00,2022-09-08 14:30:00,15,1,-0.036557,0.036557
Alpha,syn_G,2022-09-08,2022-09-08 15:00:00,2022-09-08 15:00:00,15,1,-0.289014,0.289014
Alpha,syn_G,2022-09-09,2022-09-09 13:00:00,2022-09-09 15:00:00,135,9,-1.200138,1.200138
Alpha,syn_G,2022-09-10,2022-09-10 11:15:00,2022-09-10 12:15:00,75,5,-0.948972,0.948972
Alpha,syn_G,2022-09-10,2022-09-10 14:30:00,2022-09-10 14:45:00,30,2,-0.154829,0.154829
Alpha,syn_G,2022-09-11,2022-09-11 10:45:00,2022-09-11 15:00:00,270,18,-1.403781,1.403781
Alpha,syn_G,2022-09-12,2022-09-12 09:45:00,2022-09-12 15:00:00,330,22,-2.062018,2.062018
Alpha,syn_G,2022-09-13,2022-09-13 10:30:00,2022-09-13 11:15:00,60,4,-1.002301,1.002301
Alpha,syn_G,2022-09-13,2022-09-13 12:00:00,2022-09-13 13:30:00,105,7,-1.441198,1.441198
Alpha,syn_G,2022-09-14,2022-09-14 10:15:00,2022-09-14 12:30:00,150,10,-1.327227,1.327227
Alpha,syn_G,2022-09-14,2022-09-14 13:15:00,2022-09-14 15:00:00,120,8,-1.581189,1.581189
Alpha,syn_G,2022-09-16,2022-09-16 09:45:00,2022-09-16 15:00:00,330,22,-2.01643,2.01643
Alpha,syn_G,2022-09-17,2022-09-17 10:00:00,2022-09-17 12:30:00,165,11,-1.523128,1.523128
Alpha,syn_G,2022-09-17,2022-09-17 13:15:00,2022-09-17 13:15:00,15,1,-0.826399,0.826399
Alpha,syn_G,2022-09-17,2022-09-17 13:45:00,2022-09-17 13:45:00,15,1,-0.449434,0.449434
Alpha,syn_G,2022-09-17,2022-09-17 14:15:00,2022-09-17 14:15:00,15,1,-0.099348,0.099348
Alpha,syn_G,2022-09-17,2022-09-17 14:45:00,2022-09-17 14:45:00,15,1,-0.556524,0.556524
Alpha,syn_G,2022-09-18,2022-09-18 10:30:00,2022-09-18 15:00:00,285,19,-1.361633,1.361633
Alpha,syn_G,2022-09-19,2022-09-19 10:00:00,2022-09-19 10:00:00,15,1,-0.013763,0.013763
Alpha,syn_G,2022-09-19,2022-09-19 10:30:00,2022-09-19 15:15:00,300,20,-1.686344,1.686344
Alpha,syn_G,2022-09-20,2022-09-20 10:15:00,2022-09-20 10:45:00,45,3,-0.664689,0.664689
Alpha,syn_G,2022-09-20,2022-09-20 11:15:00,2022-09-20 11:15:00,15,1,-0.278477,0.278477
Alpha,syn_G,2022-09-20,2022-09-20 11:45:00,2022-09-20 15:00:00,210,14,-1.770424,1.770424
Alpha,syn_G,2022-09-21,2022-09-21 10:45:00,2022-09-21 11:30:00,60,4,-1.379266,1.379266
Alpha,syn_G,2022-09-21,2022-09-21 12:30:00,2022-09-21 12:30:00,15,1,-0.006451,0.006451
Alpha,syn_G,2022-09-25,2022-09-25 10:30:00,2022-09-25 10:45:00,30,2,-0.255037,0.255037
Alpha,syn_G,2022-09-25,2022-09-25 12:15:00,2022-09-25 14:45:00,165,11,-0.899082,0.899082
Alpha,syn_G,2022-09-26,2022-09-26 09:45:00,2022-09-26 09:45:00,15,1,-0.279552,0.279552
Alpha,syn_G,2022-09-27,2022-09-27 11:15:00,2022-09-27 12:15:00,75,5,-1.225083,1.225083
Alpha,syn_G,2022-09-28,2022-09-28 09:30:00,2022-09-28 14:30:00,315,21,-2.084813,2.084813
Alpha,syn_G,2022-09-29,2022-09-29 10:45:00,2022-09-29 11:00:00,30,2,-0.464487,0.464487
Alpha,syn_G,2022-09-29,2022-09-29 11:45:00,2022-09-29 12:00:00,30,2,-0.622756,0.622756
Alpha,syn_G,2022-09-29,2022-09-29 14:15:00,2022-09-29 14:30:00,30,2,-0.842957,0.842957
Alpha,syn_G,2022-10-02,2022-10-02 10:15:00,2022-10-02 13:00:00,180,12,-1.253253,1.253253
Alpha,syn_G,2022-10-02,2022-10-02 13:45:00,2022-10-02 14:00:00,30,2,-1.185946,1.185946
Alpha,syn_G,2022-10-02,2022-10-02 14:30:00,2022-10-02 14:45:00,30,2,-0.123648,0.123648
Alpha,syn_G,2022-10-03,2022-10-03 10:15:00,2022-10-03 10:45:00,45,3,-0.461046,0.461046
Alpha,syn_G,2022-10-03,2022-10-03 11:30:00,2022-10-03 14:45:00,210,14,-1.496248,1.496248
Alpha,syn_G,2022-10-04,2022-10-04 10:00:00,2022-10-04 10:00:00,15,1,-0.441262,0.441262
Alpha,syn_G,2022-10-04,2022-10-04 10:30:00,2022-10-04 14:15:00,240,16,-1.971057,1.971057
Alpha,syn_G,2022-10-04,2022-10-04 14:45:00,2022-10-04 15:15:00,45,3,-0.596306,0.596306
Alpha,syn_G,2022-10-10,2022-10-10 13:15:00,2022-10-10 13:30:00,30,2,-0.26966,0.26966
Alpha,syn_G,2022-10-11,2022-10-11 12:45:00,2022-10-11 14:30:00,120,8,-1.027246,1.027246
Alpha,syn_G,2022-10-11,2022-10-11 15:00:00,2022-10-11 15:15:00,30,2,-0.314174,0.314174
Alpha,syn_G,2022-10-12,2022-10-12 12:15:00,2022-10-12 12:15:00,15,1,-0.045158,0.045158
Alpha,syn_G,2022-10-12,2022-10-12 13:15:00,2022-10-12 14:30:00,90,6,-1.425715,1.425715
Alpha,syn_G,2022-10-14,2022-10-14 12:30:00,2022-10-14 14:00:00,105,7,-1.453456,1.453456
Alpha,syn_G,2022-10-14,2022-10-14 14:30:00,2022-10-14 14:30:00,15,1,-0.660603,0.660603
Alpha,syn_G,2022-10-15,2022-10-15 09:30:00,2022-10-15 15:00:00,345,23,-1.77451,1.77451
Alpha,syn_G,2022-10-16,2022-10-16 09:30:00,2022-10-16 11:00:00,105,7,-1.141432,1.141432
Alpha,syn_G,2022-10-16,2022-10-16 11:30:00,2022-10-16 12:15:00,60,4,-0.815217,0.815217
Alpha,syn_G,2022-10-16,2022-10-16 13:30:00,2022-10-16 14:30:00,75,5,-0.979292,0.979292
Alpha,syn_G,2022-10-17,2022-10-17 14:00:00,2022-10-17 14:00:00,15,1,-0.057631,0.057631
Alpha,syn_G,2022-10-18,2022-10-18 11:30:00,2022-10-18 11:30:00,15,1,-0.965744,0.965744
Alpha,syn_G,2022-10-18,2022-10-18 12:15:00,2022-10-18 12:30:00,30,2,-1.07735,1.07735
Alpha,syn_G,2022-10-18,2022-10-18 13:15:00,2022-10-18 14:45:00,105,7,-1.464637,1.464637
Alpha,syn_G,2022-10-19,2022-10-19 12:00:00,2022-10-19 13:15:00,90,6,-1.244866,1.244866
Alpha,syn_G,2022-10-20,2022-10-20 13:00:00,2022-10-20 13:00:00,15,1,-0.154829,0.154829
Alpha,syn_G,2022-10-21,2022-10-21 11:45:00,2022-10-21 11:45:00,15,1,-0.332022,0.332022
Alpha,syn_G,2022-10-21,2022-10-21 12:45:00,2022-10-21 12:45:00,15,1,-0.309013,0.309013
Alpha,syn_G,2022-10-25,2022-10-25 11:30:00,2022-10-25 12:45:00,90,6,-1.513882,1.513882
Alpha,syn_G,2022-10-25,2022-10-25 13:15:00,2022-10-25 13:15:00,15,1,-0.16429,0.16429
Alpha,syn_G,2022-10-25,2022-10-25 14:15:00,2022-10-25 14:30:00,30,2,-0.489216,0.489216
Alpha,syn_G,2022-10-26,2022-10-26 08:45:00,2022-10-26 11:30:00,180,12,-1.299702,1.299702
Alpha,syn_G,2022-10-26,2022-10-26 12:00:00,2022-10-26 12:30:00,45,3,-0.590715,0.590715
Alpha,syn_G,2022-10-27,2022-10-27 09:45:00,2022-10-27 11:45:00,135,9,-1.39647,1.39647
Alpha,syn_G,2022-10-27,2022-10-27 14:30:00,2022-10-27 14:30:00,15,1,-0.627702,0.627702
Alpha,syn_G,2022-10-28,2022-10-28 08:45:00,2022-10-28 14:45:00,375,25,-1.959444,1.959444
Alpha,syn_G,2022-10-29,2022-10-29 09:00:00,2022-10-29 15:00:00,375,25,-1.966541,1.966541
Alpha,syn_G,2022-10-30,2022-10-30 09:00:00,2022-10-30 14:00:00,315,21,-1.928479,1.928479
Alpha,syn_G,2022-10-30,2022-10-30 14:45:00,2022-10-30 14:45:00,15,1,-0.117842,0.117842
Alpha,syn_G,2022-10-31,2022-10-31 09:45:00,2022-10-31 10:00:00,30,2,-0.653721,0.653721
Alpha,syn_G,2022-10-31,2022-10-31 10:30:00,2022-10-31 10:30:00,15,1,-0.56405,0.56405
Alpha,syn_G,2022-11-01,2022-11-01 09:45:00,2022-11-01 11:30:00,120,8,-0.678666,0.678666
Alpha,syn_G,2022-11-01,2022-11-01 12:15:00,2022-11-01 16:15:00,255,17,-2.09492,2.09492
Alpha,syn_G,2022-11-02,2022-11-02 09:45:00,2022-11-02 09:45:00,15,1,-0.116982,0.116982
Alpha,syn_G,2022-11-02,2022-11-02 10:15:00,2022-11-02 15:45:00,345,23,-1.708278,1.708278
Alpha,syn_G,2022-11-02,2022-11-02 16:15:00,2022-11-02 16:15:00,15,1,-0.016558,0.016558
Alpha,syn_G,2022-11-03,2022-11-03 09:45:00,2022-11-03 11:30:00,120,8,-1.377546,1.377546
Alpha,syn_G,2022-11-03,2022-11-03 12:00:00,2022-11-03 12:30:00,45,3,-0.213105,0.213105
Alpha,syn_G,2022-11-03,2022-11-03 13:00:00,2022-11-03 13:15:00,30,2,-0.639744,0.639744
Alpha,syn_G,2022-11-03,2022-11-03 14:00:00,2022-11-03 14:00:00,15,1,-0.478464,0.478464
Alpha,syn_G,2022-11-03,2022-11-03 14:45:00,2022-11-03 14:45:00,15,1,-0.102574,0.102574
Alpha,syn_G,2022-11-03,2022-11-03 15:15:00,2022-11-03 16:00:00,60,4,-1.196698,1.196698
Alpha,syn_G,2022-11-04,2022-11-04 12:00:00,2022-11-04 16:15:00,270,18,-1.707848,1.707848
Alpha,syn_G,2022-11-05,2022-11-05 10:45:00,2022-11-05 16:00:00,330,22,-1.755156,1.755156
Alpha,syn_G,2022-11-06,2022-11-06 10:30:00,2022-11-06 16:00:00,345,23,-1.819453,1.819453
Alpha,syn_G,2022-11-07,2022-11-07 10:30:00,2022-11-07 16:15:00,360,24,-2.081372,2.081372
Alpha,syn_G,2022-11-08,2022-11-08 10:45:00,2022-11-08 16:15:00,345,23,-1.93622,1.93622
Alpha,syn_G,2022-11-09,2022-11-09 09:45:00,2022-11-09 16:15:00,405,27,-2.141798,2.141798
Alpha,syn_G,2022-11-10,2022-11-10 10:00:00,2022-11-10 16:15:00,390,26,-2.28308,2.28308
Alpha,syn_G,2022-11-11,2022-11-11 09:45:00,2022-11-11 12:00:00,150,10,-1.497109,1.497109
Alpha,syn_G,2022-11-11,2022-11-11 12:30:00,2022-11-11 14:45:00,150,10,-1.403136,1.403136
Alpha,syn_G,2022-11-12,2022-11-12 10:00:00,2022-11-12 14:15:00,270,18,-2.345871,2.345871
Alpha,syn_G,2022-11-12,2022-11-12 14:45:00,2022-11-12 15:45:00,75,5,-1.495603,1.495603
Alpha,syn_G,2022-11-14,2022-11-14 09:30:00,2022-11-14 09:30:00,15,1,-0.189665,0.189665
Alpha,syn_G,2022-11-14,2022-11-14 10:15:00,2022-11-14 15:45:00,345,23,-1.878374,1.878374
Alpha,syn_G,2022-11-15,2022-11-15 09:15:00,2022-11-15 11:15:00,135,9,-1.529364,1.529364
Alpha,syn_G,2022-11-15,2022-11-15 12:00:00,2022-11-15 12:45:00,60,4,-0.755006,0.755006
Alpha,syn_G,2022-11-15,2022-11-15 14:15:00,2022-11-15 15:15:00,75,5,-1.658173,1.658173
Alpha,syn_G,2022-11-15,2022-11-15 16:15:00,2022-11-15 16:15:00,15,1,-0.212889,0.212889
Alpha,syn_G,2022-11-16,2022-11-16 09:15:00,2022-11-16 12:30:00,210,14,-1.922028,1.922028
Alpha,syn_G,2022-11-16,2022-11-16 13:00:00,2022-11-16 13:15:00,30,2,-2.072341,2.072341
Alpha,syn_G,2022-11-16,2022-11-16 14:15:00,2022-11-16 14:15:00,15,1,-1.112402,1.112402
Alpha,syn_G,2022-11-16,2022-11-16 14:45:00,2022-11-16 14:45:00,15,1,-0.29482,0.29482
Alpha,syn_G,2022-11-16,2022-11-16 15:15:00,2022-11-16 15:15:00,15,1,-0.069673,0.069673
Alpha,syn_G,2022-11-16,2022-11-16 16:30:00,2022-11-16 16:30:00,15,1,-0.67114,0.67114
Alpha,syn_G,2022-11-17,2022-11-17 09:30:00,2022-11-17 16:45:00,450,30,-3.03486,3.03486
Alpha,syn_G,2022-11-18,2022-11-18 09:15:00,2022-11-18 16:45:00,465,31,-2.868204,2.868204
Alpha,syn_G,2022-11-19,2022-11-19 10:00:00,2022-11-19 16:00:00,375,25,-2.66241,2.66241
Alpha,syn_G,2022-11-20,2022-11-20 10:15:00,2022-11-20 16:00:00,360,24,-1.765478,1.765478
Alpha,syn_G,2022-11-21,2022-11-21 09:00:00,2022-11-21 16:30:00,465,31,-2.678323,2.678323
Alpha,syn_G,2022-11-22,2022-11-22 09:15:00,2022-11-22 16:45:00,465,31,-3.112919,3.112919
Alpha,syn_G,2022-11-23,2022-11-23 09:15:00,2022-11-23 15:30:00,390,26,-2.674452,2.674452
Alpha,syn_G,2022-11-24,2022-11-24 09:30:00,2022-11-24 16:30:00,435,29,-2.786703,2.786703
Alpha,syn_G,2022-11-25,2022-11-25 09:15:00,2022-11-25 09:45:00,45,3,-0.350085,0.350085
Alpha,syn_G,2022-11-25,2022-11-25 10:15:00,2022-11-25 16:30:00,390,26,-2.504141,2.504141
Alpha,syn_G,2022-11-26,2022-11-26 10:45:00,2022-11-26 11:45:00,75,5,-0.682967,0.682967
Alpha,syn_G,2022-11-26,2022-11-26 12:30:00,2022-11-26 16:30:00,255,17,-2.372752,2.372752
Alpha,syn_G,2022-11-27,2022-11-27 09:45:00,2022-11-27 09:45:00,15,1,-0.442122,0.442122
Alpha,syn_G,2022-11-27,2022-11-27 11:30:00,2022-11-27 12:45:00,90,6,-1.609144,1.609144
Alpha,syn_G,2022-11-27,2022-11-27 13:45:00,2022-11-27 13:45:00,15,1,-0.572651,0.572651
Alpha,syn_G,2022-11-27,2022-11-27 15:45:00,2022-11-27 15:45:00,15,1,-0.167946,0.167946
Alpha,syn_G,2022-11-28,2022-11-28 15:30:00,2022-11-28 15:45:00,30,2,-0.541686,0.541686
Alpha,syn_G,2022-11-29,2022-11-29 09:15:00,2022-11-29 11:45:00,165,11,-2.088898,2.088898
Alpha,syn_G,2022-11-29,2022-11-29 12:15:00,2022-11-29 16:30:00,270,18,-2.809928,2.809928
Alpha,syn_G,2022-11-30,2022-11-30 09:30:00,2022-11-30 16:00:00,405,27,-2.454252,2.454252
Alpha,syn_G,2022-12-01,2022-12-01 13:15:00,2022-12-01 15:30:00,150,10,-0.887685,0.887685
Alpha,syn_G,2022-12-02,2022-12-02 10:45:00,2022-12-02 11:15:00,45,3,-0.980797,0.980797
Alpha,syn_G,2022-12-02,2022-12-02 11:45:00,2022-12-02 12:45:00,75,5,-0.671355,0.671355
Alpha,syn_G,2022-12-02,2022-12-02 13:15:00,2022-12-02 14:45:00,105,7,-2.046536,2.046536
Alpha,syn_G,2022-12-03,2022-12-03 10:00:00,2022-12-03 16:45:00,420,28,-2.632734,2.632734
Alpha,syn_G,2022-12-04,2022-12-04 10:45:00,2022-12-04 12:00:00,90,6,-1.36873,1.36873
Alpha,syn_G,2022-12-04,2022-12-04 12:45:00,2022-12-04 17:00:00,270,18,-2.202225,2.202225
Alpha,syn_G,2022-12-05,2022-12-05 09:15:00,2022-12-05 14:15:00,315,21,-2.239212,2.239212
Alpha,syn_G,2022-12-05,2022-12-05 14:45:00,2022-12-05 15:00:00,30,2,-0.539536,0.539536
Alpha,syn_G,2022-12-06,2022-12-06 09:30:00,2022-12-06 10:30:00,75,5,-0.884889,0.884889
Alpha,syn_G,2022-12-06,2022-12-06 11:15:00,2022-12-06 13:30:00,150,10,-1.956649,1.956649
Alpha,syn_G,2022-12-06,2022-12-06 14:30:00,2022-12-06 15:15:00,60,4,-0.72361,0.72361
Alpha,syn_G,2022-12-07,2022-12-07 09:45:00,2022-12-07 12:00:00,150,10,-1.653658,1.653658
Alpha,syn_G,2022-12-08,2022-12-08 10:00:00,2022-12-08 15:00:00,315,21,-0.959938,0.959938
Alpha,syn_G,2022-12-08,2022-12-08 15:30:00,2022-12-08 15:30:00,15,1,-0.045158,0.045158
Alpha,syn_G,2022-12-09,2022-12-09 10:45:00,2022-12-09 11:30:00,60,4,-2.009334,2.009334
Alpha,syn_G,2022-12-09,2022-12-09 12:00:00,2022-12-09 13:45:00,120,8,-2.263726,2.263726
Alpha,syn_G,2022-12-09,2022-12-09 14:30:00,2022-12-09 15:30:00,75,5,-1.729137,1.729137
Alpha,syn_G,2022-12-09,2022-12-09 16:00:00,2022-12-09 16:45:00,60,4,-0.960584,0.960584
Alpha,syn_G,2022-12-10,2022-12-10 12:00:00,2022-12-10 12:45:00,60,4,-1.086597,1.086597
Alpha,syn_G,2022-12-10,2022-12-10 14:00:00,2022-12-10 14:45:00,60,4,-0.573512,0.573512
Alpha,syn_G,2022-12-11,2022-12-11 09:45:00,2022-12-11 15:15:00,345,23,-2.215557,2.215557
Alpha,syn_G,2022-12-11,2022-12-11 15:45:00,2022-12-11 16:00:00,30,2,-0.634153,0.634153
Alpha,syn_G,2022-12-12,2022-12-12 11:00:00,2022-12-12 11:15:00,30,2,-0.676946,0.676946
Alpha,syn_G,2022-12-12,2022-12-12 15:15:00,2022-12-12 15:15:00,15,1,-0.406426,0.406426
Alpha,syn_G,2022-12-12,2022-12-12 15:45:00,2022-12-12 16:00:00,30,2,-0.815646,0.815646
Alpha,syn_G,2022-12-13,2022-12-13 09:15:00,2022-12-13 16:30:00,450,30,-2.846054,2.846054
Alpha,syn_G,2022-12-14,2022-12-14 09:15:00,2022-12-14 10:15:00,75,5,-0.999721,0.999721
Alpha,syn_G,2022-12-14,2022-12-14 11:00:00,2022-12-14 11:00:00,15,1,-1.062083,1.062083
Alpha,syn_G,2022-12-14,2022-12-14 11:30:00,2022-12-14 16:45:00,330,22,-3.16969,3.16969
Alpha,syn_G,2022-12-15,2022-12-15 09:15:00,2022-12-15 16:45:00,465,31,-2.833582,2.833582
Alpha,syn_G,2022-12-16,2022-12-16 12:00:00,2022-12-16 12:00:00,15,1,-0.48341,0.48341
Alpha,syn_G,2022-12-16,2022-12-16 12:45:00,2022-12-16 17:00:00,270,18,-2.462853,2.462853
Alpha,syn_G,2022-12-17,2022-12-17 10:45:00,2022-12-17 10:45:00,15,1,-1.009828,1.009828
Alpha,syn_G,2022-12-17,2022-12-17 11:15:00,2022-12-17 11:30:00,30,2,-0.987894,0.987894
Alpha,syn_G,2022-12-17,2022-12-17 12:15:00,2022-12-17 12:30:00,30,2,-0.768768,0.768768
Alpha,syn_G,2022-12-17,2022-12-17 14:15:00,2022-12-17 14:45:00,45,3,-1.244006,1.244006
Alpha,syn_G,2022-12-17,2022-12-17 15:45:00,2022-12-17 15:45:00,15,1,-0.705976,0.705976
Alpha,syn_G,2022-12-17,2022-12-17 16:15:00,2022-12-17 16:15:00,15,1,-0.061932,0.061932
Alpha,syn_G,2022-12-18,2022-12-18 13:15:00,2022-12-18 13:45:00,45,3,-2.008689,2.008689
Alpha,syn_G,2022-12-18,2022-12-18 16:00:00,2022-12-18 16:00:00,15,1,-0.076769,0.076769
Alpha,syn_G,2022-12-19,2022-12-19 10:00:00,2022-12-19 10:00:00,15,1,-0.613724,0.613724
Alpha,syn_G,2022-12-19,2022-12-19 13:00:00,2022-12-19 13:00:00,15,1,-0.214825,0.214825
Alpha,syn_G,2022-12-19,2022-12-19 13:30:00,2022-12-19 16:00:00,165,11,-2.183731,2.183731
Alpha,syn_G,2022-12-20,2022-12-20 11:30:00,2022-12-20 12:00:00,45,3,-0.846613,0.846613
Alpha,syn_G,2022-12-20,2022-12-20 12:30:00,2022-12-20 17:00:00,285,19,-2.036214,2.036214
Alpha,syn_G,2022-12-21,2022-12-21 09:30:00,2022-12-21 16:30:00,435,29,-2.676603,2.676603
Alpha,syn_G,2022-12-22,2022-12-22 09:30:00,2022-12-22 11:15:00,120,8,-2.130832,2.130832
Alpha,syn_G,2022-12-22,2022-12-22 12:00:00,2022-12-22 14:15:00,150,10,-2.575749,2.575749
Alpha,syn_G,2022-12-23,2022-12-23 11:00:00,2022-12-23 14:30:00,225,15,-1.79881,1.79881
Alpha,syn_G,2022-12-25,2022-12-25 13:15:00,2022-12-25 14:45:00,105,7,-0.369224,0.369224
Alpha,syn_G,2022-12-26,2022-12-26 11:15:00,2022-12-26 13:45:00,165,11,-0.467497,0.467497
Alpha,syn_G,2022-12-27,2022-12-27 10:30:00,2022-12-27 15:30:00,315,21,-1.166592,1.166592
Alpha,syn_G,2022-12-28,2022-12-28 10:45:00,2022-12-28 15:15:00,285,19,-1.231534,1.231534
Alpha,syn_G,2022-12-29,2022-12-29 10:30:00,2022-12-29 10:30:00,15,1,-0.117627,0.117627
Alpha,syn_G,2022-12-30,2022-12-30 10:30:00,2022-12-30 10:30:00,15,1,-0.004516,0.004516
Alpha,syn_G,2022-12-30,2022-12-30 11:15:00,2022-12-30 15:15:00,255,17,-1.602478,1.602478
Alpha,syn_G,2022-12-30,2022-12-30 15:45:00,2022-12-30 15:45:00,15,1,-0.641249,0.641249
Alpha,syn_G,2022-12-31,2022-12-31 10:45:00,2022-12-31 11:15:00,45,3,-0.381266,0.381266
Alpha,syn_G,2022-12-31,2022-12-31 11:45:00,2022-12-31 15:15:00,225,15,-1.23691,1.23691
Alpha,syn_G,2023-01-01,2023-01-01 11:00:00,2023-01-01 15:30:00,285,19,-1.12939,1.12939
Alpha,syn_G,2023-01-02,2023-01-02 10:15:00,2023-01-02 15:45:00,345,23,-1.582049,1.582049
Alpha,syn_G,2023-01-03,2023-01-03 10:00:00,2023-01-03 15:30:00,345,23,-1.39604,1.39604
Alpha,syn_G,2023-01-04,2023-01-04 10:30:00,2023-01-04 13:30:00,195,13,-1.003592,1.003592
Alpha,syn_G,2023-01-06,2023-01-06 09:45:00,2023-01-06 12:00:00,150,10,-1.77537,1.77537
Alpha,syn_G,2023-01-06,2023-01-06 13:15:00,2023-01-06 13:45:00,45,3,-0.630928,0.630928
Alpha,syn_G,2023-01-06,2023-01-06 14:15:00,2023-01-06 14:45:00,45,3,-2.225019,2.225019
Alpha,syn_G,2023-01-06,2023-01-06 15:15:00,2023-01-06 15:45:00,45,3,-1.191966,1.191966
Alpha,syn_G,2023-01-07,2023-01-07 10:30:00,2023-01-07 10:30:00,15,1,-0.034621,0.034621
Alpha,syn_G,2023-01-07,2023-01-07 11:15:00,2023-01-07 11:15:00,15,1,-0.370729,0.370729
Alpha,syn_G,2023-01-07,2023-01-07 15:15:00,2023-01-07 15:15:00,15,1,-0.35245,0.35245
Alpha,syn_G,2023-01-08,2023-01-08 10:00:00,2023-01-08 16:30:00,405,27,-2.265232,2.265232
Alpha,syn_G,2023-01-09,2023-01-09 09:45:00,2023-01-09 16:30:00,420,28,-2.346732,2.346732
Alpha,syn_G,2023-01-10,2023-01-10 10:00:00,2023-01-10 16:30:00,405,27,-1.941596,1.941596
Alpha,syn_G,2023-01-11,2023-01-11 12:30:00,2023-01-11 12:30:00,15,1,-0.018708,0.018708
Alpha,syn_G,2023-01-11,2023-01-11 13:30:00,2023-01-11 16:15:00,180,12,-1.388943,1.388943
Alpha,syn_G,2023-01-12,2023-01-12 11:45:00,2023-01-12 16:15:00,285,19,-1.802895,1.802895
Alpha,syn_G,2023-01-13,2023-01-13 11:30:00,2023-01-13 14:30:00,195,13,-1.764188,1.764188
Alpha,syn_G,2023-01-13,2023-01-13 15:45:00,2023-01-13 15:45:00,15,1,-0.504699,0.504699
Alpha,syn_G,2023-01-14,2023-01-14 11:15:00,2023-01-14 12:00:00,60,4,-0.88919,0.88919
Alpha,syn_G,2023-01-14,2023-01-14 12:45:00,2023-01-14 13:15:00,45,3,-0.990904,0.990904
Alpha,syn_G,2023-01-14,2023-01-14 14:15:00,2023-01-14 14:45:00,45,3,-1.154765,1.154765
Alpha,syn_G,2023-01-14,2023-01-14 15:45:00,2023-01-14 16:15:00,45,3,-0.938865,0.938865
Alpha,syn_G,2023-01-15,2023-01-15 10:15:00,2023-01-15 15:00:00,300,20,-1.247877,1.247877
Alpha,syn_G,2023-01-16,2023-01-16 11:00:00,2023-01-16 15:30:00,285,19,-1.030256,1.030256
Alpha,syn_G,2023-01-17,2023-01-17 10:45:00,2023-01-17 11:30:00,60,4,-1.062728,1.062728
Alpha,syn_G,2023-01-17,2023-01-17 12:30:00,2023-01-17 15:45:00,210,14,-1.298842,1.298842
Alpha,syn_G,2023-01-18,2023-01-18 10:00:00,2023-01-18 13:15:00,210,14,-0.854139,0.854139
Alpha,syn_G,2023-01-21,2023-01-21 10:15:00,2023-01-21 16:30:00,390,26,-2.379632,2.379632
Alpha,syn_G,2023-01-22,2023-01-22 14:15:00,2023-01-22 14:15:00,15,1,-0.168162,0.168162
Alpha,syn_G,2023-01-23,2023-01-23 10:15:00,2023-01-23 10:45:00,45,3,-1.100575,1.100575
Alpha,syn_G,2023-01-23,2023-01-23 14:00:00,2023-01-23 15:00:00,75,5,-1.809132,1.809132
Alpha,syn_G,2023-01-23,2023-01-23 15:30:00,2023-01-23 16:15:00,60,4,-0.632433,0.632433
Alpha,syn_G,2023-01-24,2023-01-24 11:00:00,2023-01-24 14:45:00,240,16,-1.839882,1.839882
Alpha,syn_G,2023-01-24,2023-01-24 15:15:00,2023-01-24 15:45:00,45,3,-0.697805,0.697805
Alpha,syn_G,2023-01-25,2023-01-25 10:45:00,2023-01-25 14:45:00,255,17,-1.084232,1.084232
Alpha,syn_G,2023-01-31,2023-01-31 14:30:00,2023-01-31 14:30:00,15,1,-0.453949,0.453949
Alpha,syn_G,2023-01-31,2023-01-31 15:30:00,2023-01-31 15:45:00,30,2,-0.582328,0.582328
Alpha,syn_G,2023-02-01,2023-02-01 10:45:00,2023-02-01 11:30:00,60,4,-0.404275,0.404275
Alpha,syn_G,2023-02-01,2023-02-01 12:15:00,2023-02-01 15:30:00,210,14,-1.460122,1.460122
Alpha,syn_G,2023-02-02,2023-02-02 12:30:00,2023-02-02 13:00:00,45,3,-0.226868,0.226868
Alpha,syn_G,2023-02-03,2023-02-03 11:15:00,2023-02-03 13:15:00,135,9,-0.409436,0.409436
Alpha,syn_G,2023-02-04,2023-02-04 10:00:00,2023-02-04 16:15:00,390,26,-2.242437,2.242437
Alpha,syn_G,2023-02-05,2023-02-05 10:00:00,2023-02-05 16:00:00,375,25,-1.769994,1.769994
Alpha,syn_G,2023-02-06,2023-02-06 10:45:00,2023-02-06 10:45:00,15,1,-0.170096,0.170096
Alpha,syn_G,2023-02-06,2023-02-06 12:00:00,2023-02-06 12:00:00,15,1,-0.059996,0.059996
Alpha,syn_G,2023-02-06,2023-02-06 12:30:00,2023-02-06 15:00:00,165,11,-0.875858,0.875858
Alpha,syn_G,2023-02-07,2023-02-07 11:00:00,2023-02-07 15:00:00,255,17,-0.77823,0.77823
Alpha,syn_G,2023-02-08,2023-02-08 10:15:00,2023-02-08 15:15:00,315,21,-1.32013,1.32013
Alpha,syn_G,2023-02-10,2023-02-10 10:15:00,2023-02-10 15:00:00,300,20,-1.096919,1.096919
Alpha,syn_G,2023-02-13,2023-02-13 13:45:00,2023-02-13 14:45:00,75,5,-1.070254,1.070254
Alpha,syn_G,2023-02-15,2023-02-15 10:00:00,2023-02-15 10:30:00,45,3,-0.541256,0.541256
Alpha,syn_G,2023-02-15,2023-02-15 11:15:00,2023-02-15 12:30:00,90,6,-1.828055,1.828055
Alpha,syn_G,2023-02-15,2023-02-15 13:00:00,2023-02-15 16:15:00,210,14,-2.12567,2.12567
Alpha,syn_G,2023-02-16,2023-02-16 09:45:00,2023-02-16 15:45:00,375,25,-1.865687,1.865687
Alpha,syn_G,2023-02-17,2023-02-17 10:15:00,2023-02-17 14:45:00,285,19,-1.273897,1.273897
Alpha,syn_G,2023-02-20,2023-02-20 11:15:00,2023-02-20 12:45:00,105,7,-0.294175,0.294175
Alpha,syn_G,2023-02-20,2023-02-20 13:15:00,2023-02-20 13:15:00,15,1,-0.060856,0.060856
Alpha,syn_G,2023-02-21,2023-02-21 11:30:00,2023-02-21 13:30:00,135,9,-0.633938,0.633938
Alpha,syn_G,2023-02-23,2023-02-23 10:15:00,2023-02-23 15:30:00,330,22,-2.695957,2.695957
Alpha,syn_G,2023-02-24,2023-02-24 10:45:00,2023-02-24 16:00:00,330,22,-2.561772,2.561772
Alpha,syn_G,2023-02-24,2023-02-24 16:45:00,2023-02-24 16:45:00,15,1,-0.047094,0.047094
Alpha,syn_G,2023-02-25,2023-02-25 10:15:00,2023-02-25 10:30:00,30,2,-0.37718,0.37718
Alpha,syn_G,2023-02-25,2023-02-25 11:00:00,2023-02-25 16:30:00,345,23,-2.020516,2.020516
Alpha,syn_G,2023-02-26,2023-02-26 10:15:00,2023-02-26 14:15:00,255,17,-1.570867,1.570867
Alpha,syn_G,2023-02-27,2023-02-27 11:30:00,2023-02-27 11:45:00,30,2,-0.041073,0.041073
Alpha,syn_G,2023-02-27,2023-02-27 12:15:00,2023-02-27 12:30:00,30,2,-0.67286,0.67286
Alpha,syn_G,2023-02-27,2023-02-27 14:15:00,2023-02-27 14:30:00,30,2,-0.222136,0.222136
Alpha,syn_G,2023-02-28,2023-02-28 11:00:00,2023-02-28 13:00:00,135,9,-1.082296,1.082296
Alpha,syn_G,2023-02-28,2023-02-28 13:45:00,2023-02-28 14:45:00,75,5,-0.990259,0.990259
Alpha,syn_G,2023-03-01,2023-03-01 11:00:00,2023-03-01 11:15:00,30,2,-0.012042,0.012042
Alpha,syn_G,2023-03-01,2023-03-01 11:45:00,2023-03-01 13:00:00,90,6,-0.364278,0.364278
Alpha,syn_G,2023-03-02,2023-03-02 11:00:00,2023-03-02 15:15:00,270,18,-1.386363,1.386363
Alpha,syn_G,2023-03-03,2023-03-03 11:45:00,2023-03-03 15:45:00,255,17,-1.539041,1.539041
Alpha,syn_G,2023-03-04,2023-03-04 11:30:00,2023-03-04 15:15:00,240,16,-1.061652,1.061652
Alpha,syn_G,2023-03-05,2023-03-05 10:45:00,2023-03-05 14:45:00,255,17,-0.896287,0.896287
Alpha,syn_G,2023-03-08,2023-03-08 11:30:00,2023-03-08 14:30:00,195,13,-0.910049,0.910049
Alpha,syn_G,2023-03-09,2023-03-09 10:00:00,2023-03-09 16:00:00,375,25,-2.035569,2.035569
Alpha,syn_G,2023-03-10,2023-03-10 10:30:00,2023-03-10 12:30:00,135,9,-1.182505,1.182505
Alpha,syn_G,2023-03-10,2023-03-10 13:00:00,2023-03-10 13:15:00,30,2,-0.867256,0.867256
Alpha,syn_G,2023-03-10,2023-03-10 14:15:00,2023-03-10 16:00:00,120,8,-1.0995,1.0995
Alpha,syn_G,2023-03-12,2023-03-12 12:30:00,2023-03-12 12:30:00,15,1,-0.29568,0.29568
Alpha,syn_G,2023-03-12,2023-03-12 13:00:00,2023-03-12 13:15:00,30,2,-0.353741,0.353741
Alpha,syn_G,2023-03-12,2023-03-12 14:00:00,2023-03-12 14:00:00,15,1,-0.465132,0.465132
Alpha,syn_G,2023-03-15,2023-03-15 11:30:00,2023-03-15 11:30:00,15,1,-0.139561,0.139561
Alpha,syn_G,2023-03-15,2023-03-15 12:15:00,2023-03-15 12:15:00,15,1,-0.344709,0.344709
Alpha,syn_G,2023-03-15,2023-03-15 12:45:00,2023-03-15 15:30:00,180,12,-1.330452,1.330452
Alpha,syn_G,2023-03-16,2023-03-16 11:00:00,2023-03-16 12:15:00,90,6,-0.257833,0.257833
Alpha,syn_G,2023-03-21,2023-03-21 12:45:00,2023-03-21 13:00:00,30,2,-0.157194,0.157194
Alpha,syn_G,2023-03-21,2023-03-21 13:30:00,2023-03-21 13:45:00,30,2,-0.722964,0.722964
Alpha,syn_G,2023-03-21,2023-03-21 14:15:00,2023-03-21 14:15:00,15,1,-0.253962,0.253962
Alpha,syn_G,2023-03-21,2023-03-21 14:45:00,2023-03-21 14:45:00,15,1,-0.272886,0.272886
Alpha,syn_G,2023-03-22,2023-03-22 10:30:00,2023-03-22 11:00:00,45,3,-0.419543,0.419543
Alpha,syn_G,2023-03-22,2023-03-22 11:45:00,2023-03-22 11:45:00,15,1,-0.534589,0.534589
Alpha,syn_G,2023-03-22,2023-03-22 14:30:00,2023-03-22 14:45:00,30,2,-1.251533,1.251533
Alpha,syn_G,2023-03-22,2023-03-22 15:30:00,2023-03-22 15:45:00,30,2,-0.877148,0.877148
Alpha,syn_G,2023-03-23,2023-03-23 11:15:00,2023-03-23 11:15:00,15,1,-0.586414,0.586414
Alpha,syn_G,2023-03-23,2023-03-23 12:15:00,2023-03-23 12:45:00,45,3,-0.876288,0.876288
Alpha,syn_G,2023-03-23,2023-03-23 13:15:00,2023-03-23 13:45:00,45,3,-0.819302,0.819302
Alpha,syn_G,2023-03-24,2023-03-24 11:30:00,2023-03-24 12:15:00,60,4,-0.745974,0.745974
Alpha,syn_G,2023-03-24,2023-03-24 13:30:00,2023-03-24 15:15:00,120,8,-1.42206,1.42206
Alpha,syn_G,2023-03-26,2023-03-26 13:00:00,2023-03-26 13:00:00,15,1,-0.05419,0.05419
Alpha,syn_G,2023-03-29,2023-03-29 11:00:00,2023-03-29 13:45:00,180,12,-1.604844,1.604844
Alpha,syn_G,2023-03-29,2023-03-29 14:30:00,2023-03-29 15:00:00,45,3,-1.182505,1.182505
Alpha,syn_G,2023-03-30,2023-03-30 10:45:00,2023-03-30 16:15:00,345,23,-2.262221,2.262221
Alpha,syn_G,2023-03-31,2023-03-31 10:15:00,2023-03-31 16:15:00,375,25,-2.361354,2.361354
Alpha,syn_G,2023-04-01,2023-04-01 09:30:00,2023-04-01 12:45:00,210,14,-2.167173,2.167173
Alpha,syn_G,2023-04-01,2023-04-01 13:15:00,2023-04-01 14:00:00,60,4,-1.694515,1.694515
Alpha,syn_G,2023-04-02,2023-04-02 09:30:00,2023-04-02 09:30:00,15,1,-0.073544,0.073544
Alpha,syn_G,2023-04-02,2023-04-02 10:00:00,2023-04-02 13:15:00,210,14,-1.761178,1.761178
Alpha,syn_G,2023-04-02,2023-04-02 14:00:00,2023-04-02 14:00:00,15,1,-0.866396,0.866396
Alpha,syn_G,2023-04-03,2023-04-03 09:30:00,2023-04-03 09:30:00,15,1,-0.02559,0.02559
Alpha,syn_G,2023-04-03,2023-04-03 11:15:00,2023-04-03 11:15:00,15,1,-0.379331,0.379331
Alpha,syn_G,2023-04-03,2023-04-03 12:15:00,2023-04-03 12:15:00,15,1,-1.220137,1.220137
Alpha,syn_G,2023-04-03,2023-04-03 13:45:00,2023-04-03 13:45:00,15,1,-0.943596,0.943596
Alpha,syn_G,2023-04-03,2023-04-03 14:30:00,2023-04-03 15:00:00,45,3,-0.317399,0.317399
Alpha,syn_G,2023-04-04,2023-04-04 10:30:00,2023-04-04 11:15:00,60,4,-1.416468,1.416468
Alpha,syn_G,2023-04-04,2023-04-04 12:00:00,2023-04-04 14:45:00,180,12,-2.323077,2.323077
Alpha,syn_G,2023-04-05,2023-04-05 10:00:00,2023-04-05 10:15:00,30,2,-0.369224,0.369224
Alpha,syn_G,2023-04-05,2023-04-05 11:15:00,2023-04-05 11:15:00,15,1,-0.192246,0.192246
Alpha,syn_G,2023-04-05,2023-04-05 12:30:00,2023-04-05 13:15:00,60,4,-1.82698,1.82698
Alpha,syn_G,2023-04-05,2023-04-05 14:00:00,2023-04-05 14:15:00,30,2,-2.034278,2.034278
Alpha,syn_G,2023-04-06,2023-04-06 11:00:00,2023-04-06 11:00:00,15,1,-0.312668,0.312668
Alpha,syn_G,2023-04-06,2023-04-06 13:00:00,2023-04-06 13:15:00,30,2,-1.220782,1.220782
Alpha,syn_G,2023-04-07,2023-04-07 13:15:00,2023-04-07 15:00:00,120,8,-1.008108,1.008108
Alpha,syn_G,2023-04-08,2023-04-08 09:30:00,2023-04-08 15:30:00,375,25,-0.824033,0.824033
Alpha,syn_G,2023-04-09,2023-04-09 10:15:00,2023-04-09 15:00:00,300,20,-1.774725,1.774725
Alpha,syn_G,2023-04-10,2023-04-10 10:00:00,2023-04-10 11:45:00,120,8,-1.430661,1.430661
Alpha,syn_G,2023-04-10,2023-04-10 12:15:00,2023-04-10 12:30:00,30,2,-0.249446,0.249446
Alpha,syn_G,2023-04-10,2023-04-10 13:00:00,2023-04-10 13:15:00,30,2,-0.328796,0.328796
Alpha,syn_G,2023-04-10,2023-04-10 13:45:00,2023-04-10 14:45:00,75,5,-0.544051,0.544051
Alpha,syn_G,2023-04-11,2023-04-11 09:45:00,2023-04-11 13:45:00,255,17,-2.369096,2.369096
Alpha,syn_G,2023-04-12,2023-04-12 09:45:00,2023-04-12 10:00:00,30,2,-0.86102,0.86102
Alpha,syn_G,2023-04-12,2023-04-12 11:00:00,2023-04-12 11:00:00,15,1,-1.228953,1.228953
Alpha,syn_G,2023-04-12,2023-04-12 11:30:00,2023-04-12 11:45:00,30,2,-0.75651,0.75651
Alpha,syn_G,2023-04-13,2023-04-13 09:45:00,2023-04-13 09:45:00,15,1,-0.127734,0.127734
Alpha,syn_G,2023-04-13,2023-04-13 11:00:00,2023-04-13 11:30:00,45,3,-1.531945,1.531945
Alpha,syn_G,2023-04-13,2023-04-13 12:00:00,2023-04-13 12:00:00,15,1,-0.945316,0.945316
Alpha,syn_G,2023-04-13,2023-04-13 12:30:00,2023-04-13 12:30:00,15,1,-0.463626,0.463626
Alpha,syn_G,2023-04-13,2023-04-13 13:00:00,2023-04-13 13:00:00,15,1,-0.694149,0.694149
Alpha,syn_G,2023-04-13,2023-04-13 13:30:00,2023-04-13 14:15:00,60,4,-1.630003,1.630003
Alpha,syn_G,2023-04-14,2023-04-14 11:30:00,2023-04-14 11:45:00,30,2,-1.140572,1.140572
Alpha,syn_G,2023-04-14,2023-04-14 12:45:00,2023-04-14 14:30:00,120,8,-1.5842,1.5842
Alpha,syn_G,2023-04-15,2023-04-15 10:15:00,2023-04-15 14:45:00,285,19,-1.581189,1.581189
Alpha,syn_G,2023-04-17,2023-04-17 09:45:00,2023-04-17 15:00:00,330,22,-2.12395,2.12395
Alpha,syn_G,2023-04-18,2023-04-18 10:15:00,2023-04-18 11:15:00,75,5,-0.472013,0.472013
Alpha,syn_G,2023-04-18,2023-04-18 13:30:00,2023-04-18 14:30:00,75,5,-1.332603,1.332603
Alpha,syn_G,2023-04-19,2023-04-19 09:45:00,2023-04-19 14:45:00,315,21,-2.114274,2.114274
Alpha,syn_G,2023-04-21,2023-04-21 12:45:00,2023-04-21 13:00:00,30,2,-0.750704,0.750704
Alpha,syn_G,2023-04-21,2023-04-21 13:30:00,2023-04-21 13:45:00,30,2,-0.762317,0.762317
Alpha,syn_G,2023-04-24,2023-04-24 10:30:00,2023-04-24 13:15:00,180,12,-1.691505,1.691505
Alpha,syn_G,2023-04-25,2023-04-25 10:15:00,2023-04-25 14:30:00,270,18,-1.260134,1.260134
Alpha,syn_G,2023-04-26,2023-04-26 11:15:00,2023-04-26 13:45:00,165,11,-1.479905,1.479905
Alpha,syn_G,2023-04-27,2023-04-27 10:00:00,2023-04-27 12:00:00,135,9,-1.66355,1.66355
Alpha,syn_G,2023-04-27,2023-04-27 13:15:00,2023-04-27 14:00:00,60,4,-1.141217,1.141217
Alpha,syn_G,2023-04-28,2023-04-28 10:00:00,2023-04-28 14:30:00,285,19,-1.584415,1.584415
Alpha,syn_G,2023-04-29,2023-04-29 12:00:00,2023-04-29 12:00:00,15,1,-0.236974,0.236974
Alpha,syn_G,2023-04-29,2023-04-29 12:30:00,2023-04-29 12:30:00,15,1,-0.550717,0.550717
Alpha,syn_G,2023-04-29,2023-04-29 13:15:00,2023-04-29 13:15:00,15,1,-0.071608,0.071608
Alpha,syn_G,2023-04-30,2023-04-30 12:30:00,2023-04-30 14:15:00,120,8,-1.009828,1.009828
Alpha,syn_G,2023-05-01,2023-05-01 10:30:00,2023-05-01 14:00:00,225,15,-1.665054,1.665054
Alpha,syn_G,2023-05-02,2023-05-02 10:00:00,2023-05-02 13:30:00,225,15,-1.655808,1.655808
Alpha,syn_G,2023-05-02,2023-05-02 14:00:00,2023-05-02 14:15:00,30,2,-0.441047,0.441047
Alpha,syn_G,2023-05-03,2023-05-03 10:00:00,2023-05-03 10:45:00,60,4,-0.77866,0.77866
Alpha,syn_G,2023-05-03,2023-05-03 11:15:00,2023-05-03 14:15:00,195,13,-1.3154,1.3154
Alpha,syn_G,2023-05-04,2023-05-04 10:15:00,2023-05-04 14:30:00,270,18,-1.647422,1.647422
Alpha,syn_G,2023-05-05,2023-05-05 10:15:00,2023-05-05 14:00:00,240,16,-1.387223,1.387223
Alpha,syn_G,2023-05-06,2023-05-06 10:45:00,2023-05-06 14:00:00,210,14,-1.088532,1.088532
Alpha,syn_G,2023-05-08,2023-05-08 11:15:00,2023-05-08 13:00:00,120,8,-0.868546,0.868546
Alpha,syn_G,2023-05-09,2023-05-09 10:30:00,2023-05-09 14:15:00,240,16,-1.339269,1.339269
Alpha,syn_G,2023-05-10,2023-05-10 10:30:00,2023-05-10 14:15:00,240,16,-1.382492,1.382492
Alpha,syn_G,2023-05-11,2023-05-11 10:45:00,2023-05-11 14:00:00,210,14,-1.180354,1.180354
Alpha,syn_G,2023-05-12,2023-05-12 10:45:00,2023-05-12 14:15:00,225,15,-1.059932,1.059932
Alpha,syn_G,2023-05-13,2023-05-13 11:30:00,2023-05-13 11:30:00,15,1,-0.085371,0.085371
Alpha,syn_G,2023-05-13,2023-05-13 12:00:00,2023-05-13 13:00:00,75,5,-0.738017,0.738017
Alpha,syn_G,2023-05-14,2023-05-14 11:15:00,2023-05-14 11:30:00,30,2,-0.522547,0.522547
Alpha,syn_G,2023-05-14,2023-05-14 13:00:00,2023-05-14 14:00:00,75,5,-0.536525,0.536525
Alpha,syn_G,2023-05-16,2023-05-16 11:45:00,2023-05-16 14:00:00,150,10,-0.757586,0.757586
Alpha,syn_G,2023-05-17,2023-05-17 12:00:00,2023-05-17 12:00:00,15,1,-0.044944,0.044944
Alpha,syn_G,2023-05-19,2023-05-19 11:30:00,2023-05-19 13:45:00,150,10,-0.601037,0.601037
Alpha,syn_G,2023-05-20,2023-05-20 12:30:00,2023-05-20 12:45:00,30,2,-0.053115,0.053115
Alpha,syn_G,2023-05-22,2023-05-22 11:15:00,2023-05-22 13:45:00,165,11,-0.757156,0.757156
Alpha,syn_G,2023-05-24,2023-05-24 11:30:00,2023-05-24 13:30:00,135,9,-0.629852,0.629852
Alpha,syn_G,2023-05-25,2023-05-25 11:30:00,2023-05-25 12:30:00,75,5,-0.518031,0.518031
Alpha,syn_G,2023-06-02,2023-06-02 12:30:00,2023-06-02 12:30:00,15,1,-0.008602,0.008602
Alpha,syn_G,2023-06-06,2023-06-06 11:00:00,2023-06-06 11:00:00,15,1,-0.093972,0.093972
Alpha,syn_G,2023-06-07,2023-06-07 11:30:00,2023-06-07 13:15:00,120,8,-0.391588,0.391588
Alpha,syn_G,2023-06-09,2023-06-09 12:00:00,2023-06-09 12:15:00,30,2,-0.099134,0.099134
Alpha,syn_G,2023-06-09,2023-06-09 12:45:00,2023-06-09 13:00:00,30,2,-0.202782,0.202782
Alpha,syn_G,2023-06-14,2023-06-14 12:00:00,2023-06-14 13:00:00,75,5,-0.233748,0.233748
Alpha,syn_G,2023-06-15,2023-06-15 12:15:00,2023-06-15 13:15:00,75,5,-0.209449,0.209449
Alpha,syn_G,2023-07-05,2023-07-05 13:00:00,2023-07-05 13:15:00,30,2,-0.264284,0.264284
Alpha,syn_G,2023-07-07,2023-07-07 13:15:00,2023-07-07 13:15:00,15,1,-0.174183,0.174183
Alpha,syn_G,2023-07-10,2023-07-10 12:00:00,2023-07-10 13:45:00,120,8,-0.519107,0.519107
Alpha,syn_G,2023-07-11,2023-07-11 12:15:00,2023-07-11 13:30:00,90,6,-0.1344,0.1344
Alpha,syn_G,2023-07-12,2023-07-12 12:15:00,2023-07-12 13:30:00,90,6,-0.21117,0.21117
Alpha,syn_G,2023-07-13,2023-07-13 11:45:00,2023-07-13 13:45:00,135,9,-0.395028,0.395028
Alpha,syn_G,2023-07-14,2023-07-14 11:30:00,2023-07-14 14:00:00,165,11,-0.604262,0.604262
Alpha,syn_G,2023-07-15,2023-07-15 11:45:00,2023-07-15 12:00:00,30,2,-0.119132,0.119132
Alpha,syn_G,2023-07-15,2023-07-15 12:30:00,2023-07-15 13:45:00,90,6,-0.498678,0.498678
Alpha,syn_G,2023-07-19,2023-07-19 11:30:00,2023-07-19 13:45:00,150,10,-0.519967,0.519967
Alpha,syn_G,2023-07-20,2023-07-20 12:30:00,2023-07-20 12:45:00,30,2,-0.040428,0.040428
Alpha,syn_G,2023-07-22,2023-07-22 12:30:00,2023-07-22 12:30:00,15,1,-0.012688,0.012688
Alpha,syn_G,2023-07-25,2023-07-25 11:15:00,2023-07-25 14:15:00,195,13,-0.922522,0.922522
Alpha,syn_G,2023-07-26,2023-07-26 11:15:00,2023-07-26 14:15:00,195,13,-1.040149,1.040149
Alpha,syn_G,2023-07-27,2023-07-27 11:30:00,2023-07-27 11:45:00,30,2,-0.271166,0.271166
Alpha,syn_G,2023-07-27,2023-07-27 12:15:00,2023-07-27 14:15:00,135,9,-0.493302,0.493302
Alpha,syn_G,2023-07-28,2023-07-28 14:00:00,2023-07-28 14:15:00,30,2,-0.472013,0.472013
Alpha,syn_G,2023-07-29,2023-07-29 11:45:00,2023-07-29 14:15:00,165,11,-0.693074,0.693074
Alpha,syn_G,2023-07-30,2023-07-30 11:30:00,2023-07-30 11:30:00,15,1,-0.248586,0.248586
Alpha,syn_G,2023-07-30,2023-07-30 12:15:00,2023-07-30 13:15:00,75,5,-0.643185,0.643185
Alpha,syn_G,2023-07-30,2023-07-30 13:45:00,2023-07-30 13:45:00,15,1,-0.302776,0.302776
Alpha,syn_G,2023-07-31,2023-07-31 10:30:00,2023-07-31 14:30:00,255,17,-1.409372,1.409372
Alpha,syn_G,2023-08-01,2023-08-01 10:45:00,2023-08-01 14:45:00,255,17,-1.406147,1.406147
Alpha,syn_G,2023-08-02,2023-08-02 13:15:00,2023-08-02 13:15:00,15,1,-0.195041,0.195041
Alpha,syn_G,2023-08-03,2023-08-03 10:45:00,2023-08-03 14:30:00,240,16,-1.159496,1.159496
Alpha,syn_G,2023-08-04,2023-08-04 10:45:00,2023-08-04 14:15:00,225,15,-1.058857,1.058857
Alpha,syn_G,2023-08-07,2023-08-07 12:15:00,2023-08-07 12:15:00,15,1,-0.070748,0.070748
Alpha,syn_G,2023-08-08,2023-08-08 11:00:00,2023-08-08 12:15:00,90,6,-0.627702,0.627702
Alpha,syn_G,2023-08-08,2023-08-08 12:45:00,2023-08-08 12:45:00,15,1,-0.229018,0.229018
Alpha,syn_G,2023-08-08,2023-08-08 14:15:00,2023-08-08 14:15:00,15,1,-0.278692,0.278692
Alpha,syn_G,2023-08-09,2023-08-09 10:30:00,2023-08-09 12:30:00,135,9,-0.75135,0.75135
Alpha,syn_G,2023-08-09,2023-08-09 13:30:00,2023-08-09 14:45:00,90,6,-0.94037,0.94037
Alpha,syn_G,2023-08-11,2023-08-11 10:30:00,2023-08-11 14:45:00,270,18,-1.568287,1.568287
Alpha,syn_G,2023-08-12,2023-08-12 11:00:00,2023-08-12 14:30:00,225,15,-1.385073,1.385073
Alpha,syn_G,2023-08-15,2023-08-15 10:30:00,2023-08-15 10:45:00,30,2,-0.37761,0.37761
Alpha,syn_G,2023-08-15,2023-08-15 13:30:00,2023-08-15 14:00:00,45,3,-1.067889,1.067889
Alpha,syn_G,2023-08-16,2023-08-16 10:30:00,2023-08-16 12:15:00,120,8,-1.39518,1.39518
Alpha,syn_G,2023-08-16,2023-08-16 12:45:00,2023-08-16 14:45:00,135,9,-1.753221,1.753221
Alpha,syn_G,2023-08-17,2023-08-17 10:30:00,2023-08-17 14:30:00,255,17,-1.996647,1.996647
Alpha,syn_G,2023-08-18,2023-08-18 10:30:00,2023-08-18 15:00:00,285,19,-1.491732,1.491732
Alpha,syn_G,2023-08-19,2023-08-19 11:15:00,2023-08-19 14:45:00,225,15,-1.313249,1.313249
Alpha,syn_G,2023-08-20,2023-08-20 10:45:00,2023-08-20 14:45:00,255,17,-1.220782,1.220782
Alpha,syn_G,2023-08-21,2023-08-21 10:30:00,2023-08-21 10:30:00,15,1,-0.493947,0.493947
Alpha,syn_G,2023-08-21,2023-08-21 11:15:00,2023-08-21 15:00:00,240,16,-1.578823,1.578823
Alpha,syn_G,2023-08-22,2023-08-22 10:00:00,2023-08-22 14:00:00,255,17,-2.129971,2.129971
Alpha,syn_G,2023-08-23,2023-08-23 10:00:00,2023-08-23 14:45:00,300,20,-2.235771,2.235771
Alpha,syn_G,2023-08-24,2023-08-24 11:15:00,2023-08-24 14:45:00,225,15,-1.666345,1.666345
Alpha,syn_G,2023-08-25,2023-08-25 10:15:00,2023-08-25 15:00:00,300,20,-2.102876,2.102876
Alpha,syn_G,2023-08-26,2023-08-26 11:15:00,2023-08-26 14:45:00,225,15,-1.82698,1.82698
Alpha,syn_G,2023-08-27,2023-08-27 10:30:00,2023-08-27 14:45:00,270,18,-1.418619,1.418619
Alpha,syn_G,2023-08-28,2023-08-28 10:00:00,2023-08-28 15:00:00,315,21,-2.268027,2.268027
Alpha,syn_G,2023-08-29,2023-08-29 10:00:00,2023-08-29 15:00:00,315,21,-2.242007,2.242007
Alpha,syn_G,2023-08-30,2023-08-30 09:45:00,2023-08-30 14:45:00,315,21,-2.415544,2.415544
Alpha,syn_G,2023-08-31,2023-08-31 09:45:00,2023-08-31 12:00:00,150,10,-1.889987,1.889987
Alpha,syn_G,2023-08-31,2023-08-31 13:00:00,2023-08-31 13:00:00,15,1,-0.462121,0.462121
Alpha,syn_G,2023-08-31,2023-08-31 13:30:00,2023-08-31 14:30:00,75,5,-1.2625,1.2625
Alpha,syn_G,2023-09-01,2023-09-01 13:00:00,2023-09-01 13:15:00,30,2,-1.457111,1.457111
Alpha,syn_G,2023-09-01,2023-09-01 13:45:00,2023-09-01 14:00:00,30,2,-1.160786,1.160786
Alpha,syn_G,2023-09-02,2023-09-02 10:30:00,2023-09-02 15:00:00,285,19,-1.64183,1.64183
Alpha,syn_G,2023-09-03,2023-09-03 10:15:00,2023-09-03 15:00:00,300,20,-1.98568,1.98568
Alpha,syn_G,2023-09-04,2023-09-04 09:45:00,2023-09-04 15:00:00,330,22,-2.47253,2.47253
Alpha,syn_G,2023-09-05,2023-09-05 09:30:00,2023-09-05 15:00:00,345,23,-2.474035,2.474035
Alpha,syn_G,2023-09-06,2023-09-06 09:30:00,2023-09-06 15:15:00,360,24,-2.645422,2.645422
Alpha,syn_G,2023-09-07,2023-09-07 09:45:00,2023-09-07 09:45:00,15,1,-0.311378,0.311378
Alpha,syn_G,2023-09-07,2023-09-07 10:15:00,2023-09-07 10:30:00,30,2,-0.99714,0.99714
Alpha,syn_G,2023-09-07,2023-09-07 11:00:00,2023-09-07 15:00:00,255,17,-2.264802,2.264802
Alpha,syn_G,2023-09-08,2023-09-08 14:45:00,2023-09-08 14:45:00,15,1,-0.684472,0.684472
Alpha,syn_G,2023-09-09,2023-09-09 10:15:00,2023-09-09 13:30:00,210,14,-1.99213,1.99213
Alpha,syn_G,2023-09-09,2023-09-09 14:00:00,2023-09-09 15:00:00,75,5,-0.447068,0.447068
Alpha,syn_G,2023-09-10,2023-09-10 10:15:00,2023-09-10 14:45:00,285,19,-1.989335,1.989335
Alpha,syn_G,2023-09-11,2023-09-11 09:45:00,2023-09-11 15:15:00,345,23,-2.507796,2.507796
Alpha,syn_G,2023-09-12,2023-09-12 09:30:00,2023-09-12 13:45:00,270,18,-2.530376,2.530376
Alpha,syn_G,2023-09-12,2023-09-12 14:45:00,2023-09-12 14:45:00,15,1,-0.233534,0.233534
Alpha,syn_G,2023-09-13,2023-09-13 09:45:00,2023-09-13 15:00:00,330,22,-2.148895,2.148895
Alpha,syn_G,2023-09-14,2023-09-14 09:30:00,2023-09-14 15:15:00,360,24,-2.731653,2.731653
Alpha,syn_G,2023-09-16,2023-09-16 09:45:00,2023-09-16 14:30:00,300,20,-1.958154,1.958154
Alpha,syn_G,2023-09-17,2023-09-17 09:45:00,2023-09-17 13:45:00,255,17,-1.329377,1.329377
Alpha,syn_G,2023-09-18,2023-09-18 09:15:00,2023-09-18 14:15:00,315,21,-1.862031,1.862031
Alpha,syn_G,2023-09-19,2023-09-19 09:15:00,2023-09-19 13:30:00,270,18,-1.541192,1.541192
Alpha,syn_G,2023-09-20,2023-09-20 09:30:00,2023-09-20 12:45:00,210,14,-1.110036,1.110036
Alpha,syn_G,2023-09-21,2023-09-21 09:15:00,2023-09-21 15:15:00,375,25,-2.836162,2.836162
Alpha,syn_G,2023-09-22,2023-09-22 09:30:00,2023-09-22 10:00:00,45,3,-0.950262,0.950262
Alpha,syn_G,2023-09-22,2023-09-22 11:00:00,2023-09-22 11:00:00,15,1,-0.444703,0.444703
Alpha,syn_G,2023-09-22,2023-09-22 11:30:00,2023-09-22 14:00:00,165,11,-2.429737,2.429737
Alpha,syn_G,2023-09-23,2023-09-23 10:30:00,2023-09-23 15:15:00,300,20,-2.284585,2.284585
Alpha,syn_G,2023-09-24,2023-09-24 09:30:00,2023-09-24 10:00:00,45,3,-0.326,0.326
Alpha,syn_G,2023-09-24,2023-09-24 10:30:00,2023-09-24 15:15:00,300,20,-2.354258,2.354258
Alpha,syn_G,2023-09-25,2023-09-25 09:00:00,2023-09-25 15:15:00,390,26,-2.725847,2.725847
Alpha,syn_G,2023-09-26,2023-09-26 09:00:00,2023-09-26 13:45:00,300,20,-2.82197,2.82197
Alpha,syn_G,2023-09-26,2023-09-26 14:15:00,2023-09-26 14:30:00,30,2,-1.654518,1.654518
Alpha,syn_G,2023-09-27,2023-09-27 09:45:00,2023-09-27 14:30:00,300,20,-2.769715,2.769715
Alpha,syn_G,2023-09-28,2023-09-28 09:15:00,2023-09-28 10:30:00,90,6,-1.12724,1.12724
Alpha,syn_G,2023-09-28,2023-09-28 12:00:00,2023-09-28 12:00:00,15,1,-0.019999,0.019999
Alpha,syn_G,2023-09-28,2023-09-28 13:15:00,2023-09-28 15:00:00,120,8,-2.161797,2.161797
Alpha,syn_G,2023-10-01,2023-10-01 09:30:00,2023-10-01 12:45:00,210,14,-1.324646,1.324646
Alpha,syn_G,2023-10-02,2023-10-02 09:30:00,2023-10-02 15:00:00,345,23,-2.364795,2.364795
Alpha,syn_G,2023-10-03,2023-10-03 08:45:00,2023-10-03 13:15:00,285,19,-1.867408,1.867408
Alpha,syn_G,2023-10-04,2023-10-04 09:00:00,2023-10-04 12:00:00,195,13,-2.067825,2.067825
Alpha,syn_G,2023-10-04,2023-10-04 12:45:00,2023-10-04 12:45:00,15,1,-0.650496,0.650496
Alpha,syn_G,2023-10-05,2023-10-05 08:30:00,2023-10-05 15:30:00,435,29,-3.566438,3.566438
Alpha,syn_G,2023-10-06,2023-10-06 08:30:00,2023-10-06 14:30:00,375,25,-3.492895,3.492895
Alpha,syn_G,2023-10-06,2023-10-06 15:15:00,2023-10-06 15:15:00,15,1,-0.153754,0.153754
Alpha,syn_G,2023-10-07,2023-10-07 09:45:00,2023-10-07 09:45:00,15,1,-0.197192,0.197192
Alpha,syn_G,2023-10-07,2023-10-07 11:15:00,2023-10-07 15:30:00,270,18,-3.003679,3.003679
Alpha,syn_G,2023-10-08,2023-10-08 09:00:00,2023-10-08 15:30:00,405,27,-3.233557,3.233557
Alpha,syn_G,2023-10-09,2023-10-09 08:30:00,2023-10-09 15:30:00,435,29,-3.703419,3.703419
Alpha,syn_G,2023-10-10,2023-10-10 08:45:00,2023-10-10 14:15:00,345,23,-3.058084,3.058084
Alpha,syn_G,2023-10-10,2023-10-10 14:45:00,2023-10-10 14:45:00,15,1,-0.237619,0.237619
Alpha,syn_G,2023-10-11,2023-10-11 08:15:00,2023-10-11 15:30:00,450,30,-3.376343,3.376343
Alpha,syn_G,2023-10-12,2023-10-12 08:15:00,2023-10-12 14:30:00,390,26,-3.010345,3.010345
Alpha,syn_G,2023-10-13,2023-10-13 08:30:00,2023-10-13 15:30:00,435,29,-3.449456,3.449456
Alpha,syn_G,2023-10-14,2023-10-14 08:45:00,2023-10-14 15:15:00,405,27,-2.933146,2.933146
Alpha,syn_G,2023-10-15,2023-10-15 08:30:00,2023-10-15 15:15:00,420,28,-3.034,3.034
Alpha,syn_G,2023-10-16,2023-10-16 08:15:00,2023-10-16 14:45:00,405,27,-3.177431,3.177431
Alpha,syn_G,2023-10-17,2023-10-17 08:45:00,2023-10-17 15:00:00,390,26,-3.861044,3.861044
Alpha,syn_G,2023-10-18,2023-10-18 09:00:00,2023-10-18 15:45:00,420,28,-3.732019,3.732019
Alpha,syn_G,2023-10-19,2023-10-19 11:00:00,2023-10-19 15:45:00,300,20,-3.329249,3.329249
Alpha,syn_G,2023-10-20,2023-10-20 08:15:00,2023-10-20 15:30:00,450,30,-3.475692,3.475692
Alpha,syn_G,2023-10-21,2023-10-21 08:45:00,2023-10-21 15:00:00,390,26,-2.879171,2.879171
Alpha,syn_G,2023-10-22,2023-10-22 09:00:00,2023-10-22 15:00:00,375,25,-2.438769,2.438769
Alpha,syn_G,2023-10-23,2023-10-23 08:15:00,2023-10-23 15:30:00,450,30,-3.583857,3.583857
Alpha,syn_G,2023-10-24,2023-10-24 08:00:00,2023-10-24 15:00:00,435,29,-3.313336,3.313336
Alpha,syn_G,2023-10-25,2023-10-25 08:30:00,2023-10-25 15:00:00,405,27,-3.093781,3.093781
Alpha,syn_G,2023-10-27,2023-10-27 08:45:00,2023-10-27 09:45:00,75,5,-0.66813,0.66813
Alpha,syn_G,2023-10-27,2023-10-27 10:15:00,2023-10-27 11:45:00,105,7,-3.047547,3.047547
Alpha,syn_G,2023-10-27,2023-10-27 13:00:00,2023-10-27 13:45:00,60,4,-1.553664,1.553664
Alpha,syn_G,2023-10-27,2023-10-27 15:15:00,2023-10-27 15:15:00,15,1,-0.098703,0.098703
Alpha,syn_G,2023-10-28,2023-10-28 11:00:00,2023-10-28 11:00:00,15,1,-0.985958,0.985958
Alpha,syn_G,2023-10-28,2023-10-28 11:45:00,2023-10-28 15:45:00,255,17,-3.057224,3.057224
Alpha,syn_G,2023-10-29,2023-10-29 08:30:00,2023-10-29 15:30:00,435,29,-3.030128,3.030128
Alpha,syn_G,2023-10-30,2023-10-30 08:15:00,2023-10-30 14:30:00,390,26,-2.771221,2.771221
Alpha,syn_G,2023-10-31,2023-10-31 10:00:00,2023-10-31 15:00:00,315,21,-2.124595,2.124595
Alpha,syn_G,2023-11-01,2023-11-01 10:15:00,2023-11-01 16:30:00,390,26,-3.067331,3.067331
Alpha,syn_G,2023-11-02,2023-11-02 09:00:00,2023-11-02 16:45:00,480,32,-3.626435,3.626435
Alpha,syn_G,2023-11-03,2023-11-03 10:45:00,2023-11-03 11:00:00,30,2,-1.396684,1.396684
Alpha,syn_G,2023-11-03,2023-11-03 11:30:00,2023-11-03 16:30:00,315,21,-2.917878,2.917878
Alpha,syn_G,2023-11-04,2023-11-04 11:45:00,2023-11-04 12:15:00,45,3,-1.135411,1.135411
Alpha,syn_G,2023-11-04,2023-11-04 13:00:00,2023-11-04 16:15:00,210,14,-2.897019,2.897019
Alpha,syn_G,2023-11-04,2023-11-04 16:45:00,2023-11-04 16:45:00,15,1,-0.005806,0.005806
Alpha,syn_G,2023-11-06,2023-11-06 10:00:00,2023-11-06 10:45:00,60,4,-1.758382,1.758382
Alpha,syn_G,2023-11-06,2023-11-06 13:45:00,2023-11-06 14:15:00,45,3,-1.902459,1.902459
Alpha,syn_G,2023-11-06,2023-11-06 15:30:00,2023-11-06 15:30:00,15,1,-0.21676,0.21676
Alpha,syn_G,2023-11-07,2023-11-07 09:45:00,2023-11-07 09:45:00,15,1,-0.810056,0.810056
Alpha,syn_G,2023-11-07,2023-11-07 10:15:00,2023-11-07 16:15:00,375,25,-3.722342,3.722342
Alpha,syn_G,2023-11-08,2023-11-08 09:00:00,2023-11-08 16:45:00,480,32,-3.639552,3.639552
Alpha,syn_G,2023-11-09,2023-11-09 11:45:00,2023-11-09 15:00:00,210,14,-3.457413,3.457413
Alpha,syn_G,2023-11-10,2023-11-10 08:45:00,2023-11-10 16:45:00,495,33,-3.552246,3.552246
Alpha,syn_G,2023-11-11,2023-11-11 09:15:00,2023-11-11 15:45:00,405,27,-2.797455,2.797455
Alpha,syn_G,2023-11-12,2023-11-12 09:30:00,2023-11-12 14:00:00,285,19,-2.485218,2.485218
Alpha,syn_G,2023-11-12,2023-11-12 14:30:00,2023-11-12 14:45:00,30,2,-1.638175,1.638175
Alpha,syn_G,2023-11-13,2023-11-13 13:30:00,2023-11-13 13:30:00,15,1,-0.48169,0.48169
Alpha,syn_G,2023-11-13,2023-11-13 14:30:00,2023-11-13 14:30:00,15,1,-0.441262,0.441262
Alpha,syn_G,2023-11-13,2023-11-13 15:00:00,2023-11-13 15:30:00,45,3,-2.088038,2.088038
Alpha,syn_G,2023-11-13,2023-11-13 16:00:00,2023-11-13 16:30:00,45,3,-1.1038,1.1038
Alpha,syn_G,2023-11-14,2023-11-14 09:15:00,2023-11-14 16:45:00,465,31,-3.607296,3.607296
Alpha,syn_G,2023-11-15,2023-11-15 09:45:00,2023-11-15 14:00:00,270,18,-3.057439,3.057439
Alpha,syn_G,2023-11-15,2023-11-15 14:45:00,2023-11-15 14:45:00,15,1,-0.319334,0.319334
Alpha,syn_G,2023-11-15,2023-11-15 15:30:00,2023-11-15 16:00:00,45,3,-0.787476,0.787476
Alpha,syn_G,2023-11-16,2023-11-16 10:00:00,2023-11-16 15:30:00,345,23,-3.025398,3.025398
Alpha,syn_G,2023-11-17,2023-11-17 11:00:00,2023-11-17 11:15:00,30,2,-0.525558,0.525558
Alpha,syn_G,2023-11-17,2023-11-17 13:00:00,2023-11-17 17:00:00,255,17,-3.456983,3.456983
Alpha,syn_G,2023-11-18,2023-11-18 09:45:00,2023-11-18 17:00:00,450,30,-3.545149,3.545149
Alpha,syn_G,2023-11-19,2023-11-19 09:00:00,2023-11-19 16:15:00,450,30,-3.163024,3.163024
Alpha,syn_G,2023-11-20,2023-11-20 14:15:00,2023-11-20 14:15:00,15,1,-0.253747,0.253747
Alpha,syn_G,2023-11-21,2023-11-21 08:45:00,2023-11-21 11:15:00,165,11,-1.748275,1.748275
Alpha,syn_G,2023-11-21,2023-11-21 12:30:00,2023-11-21 12:30:00,15,1,-0.435241,0.435241
Alpha,syn_G,2023-11-21,2023-11-21 13:00:00,2023-11-21 16:15:00,210,14,-3.01056,3.01056
Alpha,syn_G,2023-11-22,2023-11-22 12:00:00,2023-11-22 16:00:00,255,17,-3.069481,3.069481
Alpha,syn_G,2023-11-23,2023-11-23 09:45:00,2023-11-23 10:00:00,30,2,-0.53416,0.53416
Alpha,syn_G,2023-11-23,2023-11-23 11:45:00,2023-11-23 15:00:00,210,14,-1.446574,1.446574
Alpha,syn_G,2023-11-24,2023-11-24 09:30:00,2023-11-24 09:30:00,15,1,-0.008602,0.008602
Alpha,syn_G,2023-11-24,2023-11-24 12:00:00,2023-11-24 12:00:00,15,1,-0.197192,0.197192
Alpha,syn_G,2023-11-24,2023-11-24 12:45:00,2023-11-24 12:45:00,15,1,-0.265574,0.265574
Alpha,syn_G,2023-11-26,2023-11-26 09:15:00,2023-11-26 12:15:00,195,13,-1.519043,1.519043
Alpha,syn_G,2023-11-26,2023-11-26 14:45:00,2023-11-26 16:00:00,90,6,-1.45324,1.45324
Alpha,syn_G,2023-11-27,2023-11-27 10:30:00,2023-11-27 14:30:00,255,17,-2.44651,2.44651
Alpha,syn_G,2023-11-27,2023-11-27 16:15:00,2023-11-27 16:30:00,30,2,-0.489861,0.489861
Alpha,syn_G,2023-11-28,2023-11-28 12:00:00,2023-11-28 12:00:00,15,1,-0.033331,0.033331
Alpha,syn_G,2023-11-29,2023-11-29 09:00:00,2023-11-29 09:00:00,15,1,-0.528353,0.528353
Alpha,syn_G,2023-11-29,2023-11-29 10:30:00,2023-11-29 14:30:00,255,17,-2.334474,2.334474
Alpha,syn_G,2023-11-30,2023-11-30 09:00:00,2023-11-30 09:45:00,60,4,-1.016279,1.016279
Alpha,syn_G,2023-11-30,2023-11-30 10:15:00,2023-11-30 10:30:00,30,2,-1.255404,1.255404
Alpha,syn_G,2023-11-30,2023-11-30 11:00:00,2023-11-30 11:15:00,30,2,-1.042729,1.042729
Alpha,syn_G,2023-11-30,2023-11-30 11:45:00,2023-11-30 12:45:00,75,5,-2.44866,2.44866
Alpha,syn_G,2023-11-30,2023-11-30 13:15:00,2023-11-30 13:15:00,15,1,-0.08322,0.08322
Alpha,syn_G,2023-11-30,2023-11-30 14:30:00,2023-11-30 14:30:00,15,1,-0.161925,0.161925
Alpha,syn_G,2023-11-30,2023-11-30 15:00:00,2023-11-30 15:15:00,30,2,-0.524483,0.524483
Alpha,syn_G,2023-12-01,2023-12-01 09:15:00,2023-12-01 13:15:00,255,17,-2.236631,2.236631
Alpha,syn_G,2023-12-01,2023-12-01 14:15:00,2023-12-01 14:15:00,15,1,-2.014494,2.014494
Alpha,syn_G,2023-12-01,2023-12-01 14:45:00,2023-12-01 15:00:00,30,2,-1.595597,1.595597
Alpha,syn_G,2023-12-01,2023-12-01 16:00:00,2023-12-01 16:00:00,15,1,-1.143798,1.143798
Alpha,syn_G,2023-12-02,2023-12-02 14:30:00,2023-12-02 14:30:00,15,1,-0.705331,0.705331
Alpha,syn_G,2023-12-02,2023-12-02 16:30:00,2023-12-02 16:30:00,15,1,-0.557814,0.557814
Alpha,syn_G,2023-12-03,2023-12-03 09:15:00,2023-12-03 16:15:00,435,29,-3.021957,3.021957
Alpha,syn_G,2023-12-04,2023-12-04 10:15:00,2023-12-04 11:00:00,60,4,-1.219062,1.219062
Alpha,syn_G,2023-12-04,2023-12-04 12:45:00,2023-12-04 16:45:00,255,17,-2.798961,2.798961
Alpha,syn_G,2023-12-05,2023-12-05 09:15:00,2023-12-05 15:15:00,375,25,-2.383934,2.383934
Alpha,syn_G,2023-12-06,2023-12-06 09:45:00,2023-12-06 15:45:00,375,25,-2.076426,2.076426
Alpha,syn_G,2023-12-07,2023-12-07 09:30:00,2023-12-07 14:00:00,285,19,-1.791928,1.791928
Alpha,syn_G,2023-12-07,2023-12-07 14:30:00,2023-12-07 14:30:00,15,1,-0.356536,0.356536
Alpha,syn_G,2023-12-08,2023-12-08 10:30:00,2023-12-08 10:30:00,15,1,-0.315464,0.315464
Alpha,syn_G,2023-12-10,2023-12-10 13:00:00,2023-12-10 14:45:00,120,8,-0.845537,0.845537
Alpha,syn_G,2023-12-11,2023-12-11 11:00:00,2023-12-11 15:00:00,255,17,-1.349161,1.349161
Alpha,syn_G,2023-12-12,2023-12-12 10:30:00,2023-12-12 14:15:00,240,16,-0.974992,0.974992
Alpha,syn_G,2023-12-12,2023-12-12 14:45:00,2023-12-12 15:15:00,45,3,-0.438037,0.438037
Alpha,syn_G,2023-12-13,2023-12-13 11:15:00,2023-12-13 13:15:00,135,9,-0.974346,0.974346
Alpha,syn_G,2023-12-13,2023-12-13 14:00:00,2023-12-13 14:30:00,45,3,-0.261919,0.261919
Alpha,syn_G,2023-12-15,2023-12-15 13:15:00,2023-12-15 13:15:00,15,1,-0.24106,0.24106
Alpha,syn_G,2023-12-15,2023-12-15 13:45:00,2023-12-15 15:45:00,135,9,-1.250028,1.250028
Alpha,syn_G,2023-12-17,2023-12-17 11:30:00,2023-12-17 15:45:00,270,18,-2.037289,2.037289
Alpha,syn_G,2023-12-18,2023-12-18 12:45:00,2023-12-18 12:45:00,15,1,-0.191386,0.191386
Alpha,syn_G,2023-12-18,2023-12-18 13:15:00,2023-12-18 14:15:00,75,5,-0.471583,0.471583
Alpha,syn_G,2023-12-22,2023-12-22 09:15:00,2023-12-22 16:45:00,465,31,-3.588587,3.588587
Alpha,syn_G,2023-12-23,2023-12-23 09:15:00,2023-12-23 09:30:00,30,2,-0.262564,0.262564
Alpha,syn_G,2023-12-23,2023-12-23 10:30:00,2023-12-23 16:30:00,375,25,-2.851,2.851
Alpha,syn_G,2023-12-24,2023-12-24 10:30:00,2023-12-24 10:30:00,15,1,-0.121068,0.121068
Alpha,syn_G,2023-12-24,2023-12-24 11:15:00,2023-12-24 11:15:00,15,1,-0.603187,0.603187
Alpha,syn_G,2023-12-24,2023-12-24 14:45:00,2023-12-24 16:00:00,90,6,-1.484206,1.484206
Alpha,syn_G,2023-12-25,2023-12-25 10:45:00,2023-12-25 12:45:00,135,9,-1.3683,1.3683
Alpha,syn_G,2023-12-25,2023-12-25 14:00:00,2023-12-25 15:45:00,120,8,-1.90891,1.90891
Alpha,syn_G,2023-12-26,2023-12-26 10:15:00,2023-12-26 10:15:00,15,1,-0.033976,0.033976
Alpha,syn_G,2023-12-26,2023-12-26 11:30:00,2023-12-26 11:45:00,30,2,-0.492872,0.492872
Alpha,syn_G,2023-12-26,2023-12-26 12:45:00,2023-12-26 12:45:00,15,1,-0.45481,0.45481
Alpha,syn_G,2023-12-26,2023-12-26 13:15:00,2023-12-26 13:30:00,30,2,-1.061222,1.061222
Alpha,syn_G,2023-12-26,2023-12-26 16:00:00,2023-12-26 16:15:00,30,2,-0.614799,0.614799
Alpha,syn_G,2023-12-27,2023-12-27 10:00:00,2023-12-27 13:30:00,225,15,-2.041375,2.041375
Alpha,syn_G,2023-12-27,2023-12-27 14:00:00,2023-12-27 14:00:00,15,1,-0.35288,0.35288
Alpha,syn_G,2023-12-27,2023-12-27 14:45:00,2023-12-27 15:00:00,30,2,-1.07864,1.07864
Alpha,syn_G,2023-12-28,2023-12-28 10:15:00,2023-12-28 11:45:00,105,7,-1.154335,1.154335
Alpha,syn_G,2023-12-28,2023-12-28 13:00:00,2023-12-28 13:00:00,15,1,-0.67157,0.67157
Alpha,syn_G,2023-12-29,2023-12-29 10:30:00,2023-12-29 10:45:00,30,2,-0.53416,0.53416
Alpha,syn_G,2023-12-29,2023-12-29 12:00:00,2023-12-29 12:00:00,15,1,-0.098918,0.098918
Alpha,syn_G,2023-12-29,2023-12-29 12:45:00,2023-12-29 12:45:00,15,1,-0.333742,0.333742
Alpha,syn_G,2023-12-30,2023-12-30 09:45:00,2023-12-30 14:30:00,300,20,-2.166313,2.166313
Alpha,syn_G,2023-12-30,2023-12-30 15:45:00,2023-12-30 16:15:00,45,3,-0.691354,0.691354
Alpha,syn_G,2024-01-01,2024-01-01 15:00:00,2024-01-01 15:30:00,45,3,-0.839301,0.839301
Alpha,syn_G,2024-01-02,2024-01-02 09:30:00,2024-01-02 09:45:00,30,2,-0.192246,0.192246
Alpha,syn_G,2024-01-02,2024-01-02 10:45:00,2024-01-02 10:45:00,15,1,-0.272671,0.272671
Alpha,syn_G,2024-01-02,2024-01-02 12:00:00,2024-01-02 16:30:00,285,19,-2.337485,2.337485
Alpha,syn_G,2024-01-03,2024-01-03 09:30:00,2024-01-03 15:30:00,375,25,-1.931059,1.931059
Alpha,syn_G,2024-01-04,2024-01-04 09:45:00,2024-01-04 09:45:00,15,1,-0.088381,0.088381
Alpha,syn_G,2024-01-04,2024-01-04 11:00:00,2024-01-04 13:15:00,150,10,-0.851344,0.851344
Alpha,syn_G,2024-01-05,2024-01-05 11:00:00,2024-01-05 11:30:00,45,3,-0.852634,0.852634
Alpha,syn_G,2024-01-05,2024-01-05 12:45:00,2024-01-05 13:00:00,30,2,-1.325937,1.325937
Alpha,syn_G,2024-01-05,2024-01-05 13:30:00,2024-01-05 13:30:00,15,1,-0.853709,0.853709
Alpha,syn_G,2024-01-06,2024-01-06 09:45:00,2024-01-06 16:45:00,435,29,-3.294198,3.294198
Alpha,syn_G,2024-01-07,2024-01-07 10:00:00,2024-01-07 14:15:00,270,18,-2.428447,2.428447
Alpha,syn_G,2024-01-09,2024-01-09 15:00:00,2024-01-09 15:45:00,60,4,-1.800315,1.800315
Alpha,syn_G,2024-01-10,2024-01-10 10:45:00,2024-01-10 11:00:00,30,2,-0.600822,0.600822
Alpha,syn_G,2024-01-10,2024-01-10 11:30:00,2024-01-10 11:30:00,15,1,-0.064942,0.064942
Alpha,syn_G,2024-01-10,2024-01-10 13:30:00,2024-01-10 15:30:00,135,9,-1.401416,1.401416
Alpha,syn_G,2024-01-12,2024-01-12 11:15:00,2024-01-12 14:15:00,195,13,-0.821668,0.821668
Alpha,syn_G,2024-01-13,2024-01-13 10:30:00,2024-01-13 14:15:00,240,16,-0.64684,0.64684
Alpha,syn_G,2024-01-14,2024-01-14 16:00:00,2024-01-14 16:00:00,15,1,-0.181924,0.181924
Alpha,syn_G,2024-01-15,2024-01-15 09:15:00,2024-01-15 09:15:00,15,1,-0.601467,0.601467
Alpha,syn_G,2024-01-15,2024-01-15 11:00:00,2024-01-15 11:00:00,15,1,-0.415888,0.415888
Alpha,syn_G,2024-01-16,2024-01-16 15:15:00,2024-01-16 15:15:00,15,1,-0.508354,0.508354
Alpha,syn_G,2024-01-17,2024-01-17 10:45:00,2024-01-17 11:45:00,75,5,-0.690278,0.690278
Alpha,syn_G,2024-01-19,2024-01-19 10:30:00,2024-01-19 16:00:00,345,23,-2.691656,2.691656
Alpha,syn_G,2024-01-19,2024-01-19 16:30:00,2024-01-19 16:45:00,30,2,-0.16042,0.16042
Alpha,syn_G,2024-01-20,2024-01-20 10:45:00,2024-01-20 13:15:00,165,11,-1.243361,1.243361
Alpha,syn_G,2024-01-20,2024-01-20 13:45:00,2024-01-20 14:15:00,45,3,-0.836506,0.836506
Alpha,syn_G,2024-01-20,2024-01-20 15:15:00,2024-01-20 15:15:00,15,1,-0.210739,0.210739
Alpha,syn_G,2024-01-22,2024-01-22 10:30:00,2024-01-22 10:45:00,30,2,-0.531364,0.531364
Alpha,syn_G,2024-01-22,2024-01-22 11:30:00,2024-01-22 11:30:00,15,1,-0.760381,0.760381
Alpha,syn_G,2024-01-22,2024-01-22 12:00:00,2024-01-22 15:15:00,210,14,-2.01557,2.01557
Alpha,syn_G,2024-01-22,2024-01-22 16:00:00,2024-01-22 16:30:00,45,3,-0.426639,0.426639
Alpha,syn_G,2024-01-23,2024-01-23 10:15:00,2024-01-23 11:00:00,60,4,-1.199923,1.199923
Alpha,syn_G,2024-01-23,2024-01-23 11:30:00,2024-01-23 16:15:00,300,20,-2.355763,2.355763
Alpha,syn_G,2024-01-24,2024-01-24 09:30:00,2024-01-24 14:45:00,330,22,-1.931274,1.931274
Alpha,syn_G,2024-01-28,2024-01-28 10:45:00,2024-01-28 11:15:00,45,3,-1.297552,1.297552
Alpha,syn_G,2024-01-28,2024-01-28 12:30:00,2024-01-28 12:45:00,30,2,-0.693074,0.693074
Alpha,syn_G,2024-01-29,2024-01-29 12:00:00,2024-01-29 13:15:00,90,6,-0.788336,0.788336
Alpha,syn_G,2024-01-31,2024-01-31 10:30:00,2024-01-31 10:45:00,30,2,-0.187945,0.187945
Alpha,syn_G,2024-01-31,2024-01-31 12:15:00,2024-01-31 12:30:00,30,2,-1.032192,1.032192
Alpha,syn_G,2024-02-01,2024-02-01 13:00:00,2024-02-01 13:15:00,30,2,-0.541686,0.541686
Alpha,syn_G,2024-02-01,2024-02-01 14:00:00,2024-02-01 14:00:00,15,1,-0.935424,0.935424
Alpha,syn_G,2024-02-01,2024-02-01 14:30:00,2024-02-01 15:45:00,90,6,-1.283358,1.283358
Alpha,syn_G,2024-02-02,2024-02-02 11:00:00,2024-02-02 12:45:00,120,8,-0.287723,0.287723
Alpha,syn_G,2024-02-04,2024-02-04 10:30:00,2024-02-04 10:45:00,30,2,-0.180634,0.180634
Alpha,syn_G,2024-02-04,2024-02-04 11:45:00,2024-02-04 12:00:00,30,2,-0.493732,0.493732
Alpha,syn_G,2024-02-08,2024-02-08 09:45:00,2024-02-08 09:45:00,15,1,-0.208373,0.208373
Alpha,syn_G,2024-02-09,2024-02-09 09:45:00,2024-02-09 10:15:00,45,3,-1.428296,1.428296
Alpha,syn_G,2024-02-09,2024-02-09 10:45:00,2024-02-09 12:00:00,90,6,-1.150679,1.150679
Alpha,syn_G,2024-02-09,2024-02-09 13:00:00,2024-02-09 14:00:00,75,5,-1.099284,1.099284
Alpha,syn_G,2024-02-10,2024-02-10 11:45:00,2024-02-10 11:45:00,15,1,-0.104509,0.104509
Alpha,syn_G,2024-02-10,2024-02-10 12:15:00,2024-02-10 13:15:00,75,5,-1.562696,1.562696
Alpha,syn_G,2024-02-10,2024-02-10 13:45:00,2024-02-10 15:30:00,120,8,-1.651077,1.651077
Alpha,syn_G,2024-02-10,2024-02-10 16:00:00,2024-02-10 16:30:00,45,3,-0.927898,0.927898
Alpha,syn_G,2024-02-12,2024-02-12 10:00:00,2024-02-12 11:00:00,75,5,-1.119713,1.119713
Alpha,syn_G,2024-02-12,2024-02-12 11:30:00,2024-02-12 16:00:00,285,19,-2.366085,2.366085
Alpha,syn_G,2024-02-13,2024-02-13 10:15:00,2024-02-13 12:30:00,150,10,-0.817152,0.817152
Alpha,syn_G,2024-02-16,2024-02-16 10:45:00,2024-02-16 10:45:00,15,1,-0.015913,0.015913
Alpha,syn_G,2024-02-16,2024-02-16 11:15:00,2024-02-16 14:15:00,195,13,-1.930414,1.930414
Alpha,syn_G,2024-02-16,2024-02-16 14:45:00,2024-02-16 15:00:00,30,2,-1.392814,1.392814
Alpha,syn_G,2024-02-17,2024-02-17 11:00:00,2024-02-17 13:15:00,150,10,-0.442338,0.442338
Alpha,syn_G,2024-02-17,2024-02-17 13:45:00,2024-02-17 13:45:00,15,1,-0.034622,0.034622
Alpha,syn_G,2024-02-18,2024-02-18 10:45:00,2024-02-18 13:45:00,195,13,-0.716513,0.716513
Alpha,syn_G,2024-02-21,2024-02-21 10:45:00,2024-02-21 10:45:00,15,1,-0.119347,0.119347
Alpha,syn_G,2024-02-21,2024-02-21 11:15:00,2024-02-21 13:30:00,150,10,-1.731717,1.731717
Alpha,syn_G,2024-02-21,2024-02-21 14:15:00,2024-02-21 15:00:00,60,4,-1.412168,1.412168
Alpha,syn_G,2024-02-21,2024-02-21 16:00:00,2024-02-21 16:00:00,15,1,-0.097628,0.097628
Alpha,syn_G,2024-02-22,2024-02-22 11:15:00,2024-02-22 11:15:00,15,1,-0.043008,0.043008
Alpha,syn_G,2024-02-22,2024-02-22 11:45:00,2024-02-22 14:45:00,195,13,-0.873062,0.873062
Alpha,syn_G,2024-02-25,2024-02-25 10:30:00,2024-02-25 11:30:00,75,5,-1.220137,1.220137
Alpha,syn_G,2024-02-25,2024-02-25 12:15:00,2024-02-25 12:15:00,15,1,-0.550717,0.550717
Alpha,syn_G,2024-02-25,2024-02-25 13:30:00,2024-02-25 14:30:00,75,5,-1.405502,1.405502
Alpha,syn_G,2024-02-25,2024-02-25 15:00:00,2024-02-25 16:15:00,90,6,-1.001226,1.001226
Alpha,syn_G,2024-02-26,2024-02-26 10:15:00,2024-02-26 12:00:00,120,8,-0.795648,0.795648
Alpha,syn_G,2024-02-26,2024-02-26 12:30:00,2024-02-26 12:45:00,30,2,-0.823173,0.823173
Alpha,syn_G,2024-02-26,2024-02-26 13:45:00,2024-02-26 13:45:00,15,1,-0.396749,0.396749
Alpha,syn_G,2024-02-26,2024-02-26 14:15:00,2024-02-26 14:30:00,30,2,-0.527924,0.527924
Alpha,syn_G,2024-02-28,2024-02-28 11:30:00,2024-02-28 14:00:00,165,11,-1.082726,1.082726
Alpha,syn_G,2024-03-03,2024-03-03 11:00:00,2024-03-03 11:00:00,15,1,-0.517171,0.517171
Alpha,syn_G,2024-03-03,2024-03-03 11:30:00,2024-03-03 11:45:00,30,2,-0.285358,0.285358
Alpha,syn_G,2024-03-03,2024-03-03 13:00:00,2024-03-03 13:15:00,30,2,-0.625766,0.625766
Alpha,syn_G,2024-03-03,2024-03-03 14:15:00,2024-03-03 14:45:00,45,3,-0.502978,0.502978
Alpha,syn_G,2024-03-04,2024-03-04 16:00:00,2024-03-04 16:00:00,15,1,-0.273746,0.273746
Alpha,syn_G,2024-03-05,2024-03-05 09:45:00,2024-03-05 16:30:00,420,28,-2.71402,2.71402
Alpha,syn_G,2024-03-06,2024-03-06 10:00:00,2024-03-06 15:30:00,345,23,-2.457907,2.457907
Alpha,syn_G,2024-03-07,2024-03-07 10:30:00,2024-03-07 15:00:00,285,19,-1.447864,1.447864
Alpha,syn_G,2024-03-08,2024-03-08 11:45:00,2024-03-08 15:45:00,255,17,-1.510226,1.510226
Alpha,syn_G,2024-03-09,2024-03-09 11:45:00,2024-03-09 15:45:00,255,17,-1.872568,1.872568
Alpha,syn_G,2024-03-10,2024-03-10 11:15:00,2024-03-10 14:15:00,195,13,-1.711503,1.711503
Alpha,syn_G,2024-03-10,2024-03-10 14:45:00,2024-03-10 15:30:00,60,4,-0.77995,0.77995
Alpha,syn_G,2024-03-11,2024-03-11 10:45:00,2024-03-11 15:00:00,270,18,-2.289961,2.289961
Alpha,syn_G,2024-03-11,2024-03-11 15:45:00,2024-03-11 15:45:00,15,1,-0.137196,0.137196
Alpha,syn_G,2024-03-12,2024-03-12 09:45:00,2024-03-12 15:15:00,345,23,-2.019656,2.019656
Alpha,syn_G,2024-03-13,2024-03-13 10:15:00,2024-03-13 10:45:00,45,3,-0.61867,0.61867
Alpha,syn_G,2024-03-13,2024-03-13 11:15:00,2024-03-13 12:15:00,75,5,-2.110618,2.110618
Alpha,syn_G,2024-03-13,2024-03-13 13:00:00,2024-03-13 14:45:00,120,8,-1.225083,1.225083
Alpha,syn_G,2024-03-14,2024-03-14 10:15:00,2024-03-14 14:15:00,255,17,-1.277122,1.277122
Alpha,syn_G,2024-03-15,2024-03-15 11:00:00,2024-03-15 11:15:00,30,2,-1.371525,1.371525
Alpha,syn_G,2024-03-15,2024-03-15 12:00:00,2024-03-15 12:15:00,30,2,-1.190032,1.190032
Alpha,syn_G,2024-03-15,2024-03-15 12:45:00,2024-03-15 14:30:00,120,8,-2.915942,2.915942
Alpha,syn_G,2024-03-16,2024-03-16 13:00:00,2024-03-16 15:15:00,150,10,-2.878956,2.878956
Alpha,syn_G,2024-03-17,2024-03-17 11:45:00,2024-03-17 12:00:00,30,2,-0.171387,0.171387
Alpha,syn_G,2024-03-17,2024-03-17 12:30:00,2024-03-17 12:30:00,15,1,-1.042084,1.042084
Alpha,syn_G,2024-03-18,2024-03-18 14:45:00,2024-03-18 15:45:00,75,5,-1.940091,1.940091
Alpha,syn_G,2024-03-19,2024-03-19 10:45:00,2024-03-19 11:00:00,30,2,-0.195256,0.195256
Alpha,syn_G,2024-03-19,2024-03-19 12:00:00,2024-03-19 16:00:00,255,17,-2.648648,2.648648
Alpha,syn_G,2024-03-21,2024-03-21 11:00:00,2024-03-21 12:30:00,105,7,-2.534462,2.534462
Alpha,syn_G,2024-03-21,2024-03-21 13:00:00,2024-03-21 13:15:00,30,2,-1.191967,1.191967
Alpha,syn_G,2024-03-21,2024-03-21 14:30:00,2024-03-21 16:45:00,150,10,-2.834442,2.834442
Alpha,syn_G,2024-03-22,2024-03-22 13:30:00,2024-03-22 16:30:00,195,13,-3.080663,3.080663
Alpha,syn_G,2024-03-23,2024-03-23 11:30:00,2024-03-23 14:30:00,195,13,-2.185236,2.185236
Alpha,syn_G,2024-03-23,2024-03-23 16:00:00,2024-03-23 16:30:00,45,3,-1.527214,1.527214
Alpha,syn_G,2024-03-24,2024-03-24 10:15:00,2024-03-24 16:00:00,360,24,-2.52758,2.52758
Alpha,syn_G,2024-03-25,2024-03-25 10:00:00,2024-03-25 16:15:00,390,26,-2.893794,2.893794
Alpha,syn_G,2024-03-26,2024-03-26 10:30:00,2024-03-26 16:00:00,345,23,-2.372106,2.372106
Alpha,syn_G,2024-03-27,2024-03-27 13:30:00,2024-03-27 15:15:00,120,8,-2.324582,2.324582
Alpha,syn_G,2024-03-27,2024-03-27 15:45:00,2024-03-27 15:45:00,15,1,-1.160786,1.160786
Alpha,syn_G,2024-03-28,2024-03-28 11:45:00,2024-03-28 16:00:00,270,18,-2.295767,2.295767
Alpha,syn_G,2024-03-29,2024-03-29 13:30:00,2024-03-29 14:15:00,60,4,-1.510441,1.510441
Alpha,syn_G,2024-03-29,2024-03-29 14:45:00,2024-03-29 16:15:00,105,7,-1.816443,1.816443
Alpha,syn_G,2024-03-30,2024-03-30 10:30:00,2024-03-30 16:00:00,345,23,-2.549729,2.549729
Alpha,syn_G,2024-03-31,2024-03-31 10:30:00,2024-03-31 14:45:00,270,18,-2.382643,2.382643
Alpha,syn_G,2024-03-31,2024-03-31 16:00:00,2024-03-31 16:00:00,15,1,-0.166441,0.166441
Alpha,syn_G,2024-04-01,2024-04-01 09:30:00,2024-04-01 14:45:00,330,22,-2.413824,2.413824
Alpha,syn_G,2024-04-02,2024-04-02 10:00:00,2024-04-02 10:00:00,15,1,-0.553513,0.553513
Alpha,syn_G,2024-04-03,2024-04-03 10:00:00,2024-04-03 15:00:00,315,21,-2.871214,2.871214
Alpha,syn_G,2024-04-06,2024-04-06 10:00:00,2024-04-06 15:00:00,315,21,-2.052127,2.052127
Alpha,syn_G,2024-04-07,2024-04-07 10:00:00,2024-04-07 14:45:00,300,20,-2.153196,2.153196
Alpha,syn_G,2024-04-09,2024-04-09 09:00:00,2024-04-09 13:30:00,285,19,-2.546719,2.546719
Alpha,syn_G,2024-04-09,2024-04-09 14:45:00,2024-04-09 14:45:00,15,1,-0.805325,0.805325
Alpha,syn_G,2024-04-10,2024-04-10 12:15:00,2024-04-10 12:45:00,45,3,-1.53517,1.53517
Alpha,syn_G,2024-04-11,2024-04-11 09:30:00,2024-04-11 15:15:00,360,24,-2.751437,2.751437
Alpha,syn_G,2024-04-12,2024-04-12 09:30:00,2024-04-12 15:00:00,345,23,-2.335764,2.335764
Alpha,syn_G,2024-04-13,2024-04-13 10:00:00,2024-04-13 14:45:00,300,20,-2.003958,2.003958
Alpha,syn_G,2024-04-14,2024-04-14 10:00:00,2024-04-14 14:30:00,285,19,-1.858376,1.858376
Alpha,syn_G,2024-04-15,2024-04-15 09:45:00,2024-04-15 14:30:00,300,20,-1.931274,1.931274
Alpha,syn_G,2024-04-16,2024-04-16 10:45:00,2024-04-16 13:45:00,195,13,-1.634304,1.634304
Alpha,syn_G,2024-04-17,2024-04-17 10:45:00,2024-04-17 11:15:00,45,3,-0.956498,0.956498
Alpha,syn_G,2024-04-17,2024-04-17 12:15:00,2024-04-17 12:15:00,15,1,-0.449649,0.449649
Alpha,syn_G,2024-04-17,2024-04-17 13:15:00,2024-04-17 14:00:00,60,4,-1.53044,1.53044
Alpha,syn_G,2024-04-18,2024-04-18 10:15:00,2024-04-18 10:15:00,15,1,-0.420618,0.420618
Alpha,syn_G,2024-04-18,2024-04-18 10:45:00,2024-04-18 13:15:00,165,11,-1.822034,1.822034
Alpha,syn_G,2024-04-21,2024-04-21 12:30:00,2024-04-21 14:15:00,120,8,-0.959078,0.959078
Alpha,syn_G,2024-04-22,2024-04-22 10:00:00,2024-04-22 12:30:00,165,11,-1.77666,1.77666
Alpha,syn_G,2024-04-22,2024-04-22 13:00:00,2024-04-22 13:00:00,15,1,-0.784466,0.784466
Alpha,syn_G,2024-04-22,2024-04-22 13:45:00,2024-04-22 14:30:00,60,4,-1.113047,1.113047
Alpha,syn_G,2024-04-23,2024-04-23 10:00:00,2024-04-23 14:30:00,285,19,-1.98826,1.98826
Alpha,syn_G,2024-04-25,2024-04-25 10:15:00,2024-04-25 10:15:00,15,1,-0.071608,0.071608
Alpha,syn_G,2024-04-25,2024-04-25 10:45:00,2024-04-25 10:45:00,15,1,-0.500828,0.500828
Alpha,syn_G,2024-04-25,2024-04-25 11:30:00,2024-04-25 13:00:00,105,7,-1.459262,1.459262
Alpha,syn_G,2024-04-26,2024-04-26 10:45:00,2024-04-26 14:45:00,255,17,-1.98912,1.98912
Alpha,syn_G,2024-04-27,2024-04-27 10:15:00,2024-04-27 14:15:00,255,17,-1.428941,1.428941
Alpha,syn_G,2024-04-28,2024-04-28 10:15:00,2024-04-28 14:15:00,255,17,-1.676452,1.676452
Alpha,syn_G,2024-04-29,2024-04-29 10:15:00,2024-04-29 13:45:00,225,15,-1.592371,1.592371
Alpha,syn_G,2024-05-02,2024-05-02 11:00:00,2024-05-02 11:15:00,30,2,-0.369008,0.369008
Alpha,syn_G,2024-05-02,2024-05-02 13:45:00,2024-05-02 14:15:00,45,3,-0.392878,0.392878
Alpha,syn_G,2024-05-03,2024-05-03 12:30:00,2024-05-03 12:30:00,15,1,-0.104724,0.104724
Alpha,syn_G,2024-05-04,2024-05-04 11:45:00,2024-05-04 12:00:00,30,2,-1.076275,1.076275
Alpha,syn_G,2024-05-07,2024-05-07 11:00:00,2024-05-07 11:00:00,15,1,-0.635873,0.635873
Alpha,syn_G,2024-05-07,2024-05-07 12:45:00,2024-05-07 12:45:00,15,1,-0.039782,0.039782
Alpha,syn_G,2024-05-07,2024-05-07 13:30:00,2024-05-07 13:30:00,15,1,-0.285573,0.285573
Alpha,syn_G,2024-05-08,2024-05-08 11:30:00,2024-05-08 11:45:00,30,2,-0.881879,0.881879
Alpha,syn_G,2024-05-08,2024-05-08 13:00:00,2024-05-08 13:30:00,45,3,-0.950047,0.950047
Alpha,syn_G,2024-05-08,2024-05-08 14:00:00,2024-05-08 14:15:00,30,2,-0.087306,0.087306
Alpha,syn_G,2024-05-09,2024-05-09 10:00:00,2024-05-09 12:00:00,135,9,-1.308734,1.308734
Alpha,syn_G,2024-05-09,2024-05-09 12:30:00,2024-05-09 14:15:00,120,8,-1.535601,1.535601
Alpha,syn_G,2024-05-10,2024-05-10 13:45:00,2024-05-10 14:30:00,60,4,-0.734362,0.734362
Alpha,syn_G,2024-05-14,2024-05-14 10:30:00,2024-05-14 14:15:00,240,16,-1.423995,1.423995
Alpha,syn_G,2024-05-15,2024-05-15 10:30:00,2024-05-15 14:15:00,240,16,-1.291746,1.291746
Alpha,syn_G,2024-05-16,2024-05-16 09:45:00,2024-05-16 10:15:00,45,3,-0.13698,0.13698
Alpha,syn_G,2024-05-16,2024-05-16 11:00:00,2024-05-16 14:30:00,225,15,-1.510226,1.510226
Alpha,syn_G,2024-05-17,2024-05-17 12:00:00,2024-05-17 12:00:00,15,1,-0.208804,0.208804
Alpha,syn_G,2024-05-17,2024-05-17 12:30:00,2024-05-17 14:15:00,120,8,-1.53345,1.53345
Alpha,syn_G,2024-05-19,2024-05-19 12:00:00,2024-05-19 13:00:00,75,5,-0.229663,0.229663
Alpha,syn_G,2024-05-22,2024-05-22 11:00:00,2024-05-22 13:30:00,165,11,-0.969616,0.969616
Alpha,syn_G,2024-05-23,2024-05-23 11:15:00,2024-05-23 14:15:00,195,13,-0.988324,0.988324
Alpha,syn_G,2024-05-24,2024-05-24 11:15:00,2024-05-24 13:00:00,120,8,-1.036278,1.036278
Alpha,syn_G,2024-05-26,2024-05-26 11:30:00,2024-05-26 13:15:00,120,8,-0.354816,0.354816
Alpha,syn_G,2024-05-27,2024-05-27 11:00:00,2024-05-27 13:15:00,150,10,-0.690924,0.690924
Alpha,syn_G,2024-05-28,2024-05-28 10:45:00,2024-05-28 14:00:00,210,14,-0.850053,0.850053
Alpha,syn_G,2024-05-29,2024-05-29 11:00:00,2024-05-29 11:00:00,15,1,-0.277832,0.277832
Alpha,syn_G,2024-05-29,2024-05-29 11:30:00,2024-05-29 14:00:00,165,11,-0.962734,0.962734
Alpha,syn_G,2024-05-30,2024-05-30 10:45:00,2024-05-30 13:15:00,165,11,-1.016924,1.016924
Alpha,syn_G,2024-06-05,2024-06-05 11:45:00,2024-06-05 12:15:00,45,3,-0.265359,0.265359
Alpha,syn_G,2024-06-06,2024-06-06 11:30:00,2024-06-06 11:30:00,15,1,-0.106445,0.106445
Alpha,syn_G,2024-06-06,2024-06-06 12:00:00,2024-06-06 13:30:00,105,7,-0.979722,0.979722
Alpha,syn_G,2024-06-12,2024-06-12 12:30:00,2024-06-12 13:00:00,45,3,-0.208374,0.208374
Alpha,syn_G,2024-06-18,2024-06-18 12:15:00,2024-06-18 12:45:00,45,3,-0.298046,0.298046
Alpha,syn_G,2024-06-19,2024-06-19 12:30:00,2024-06-19 12:45:00,30,2,-0.124293,0.124293
Alpha,syn_G,2024-06-24,2024-06-24 13:15:00,2024-06-24 13:15:00,15,1,-0.071608,0.071608
Alpha,syn_G,2024-06-27,2024-06-27 12:00:00,2024-06-27 13:45:00,120,8,-0.295465,0.295465
Alpha,syn_G,2024-06-28,2024-06-28 12:45:00,2024-06-28 13:30:00,60,4,-0.172462,0.172462
Alpha,syn_G,2024-07-11,2024-07-11 12:45:00,2024-07-11 12:45:00,15,1,-0.030751,0.030751
Alpha,syn_G,2024-07-18,2024-07-18 11:15:00,2024-07-18 12:45:00,105,7,-0.555018,0.555018
Alpha,syn_G,2024-07-21,2024-07-21 12:45:00,2024-07-21 13:30:00,60,4,-0.148808,0.148808
Alpha,syn_G,2024-07-22,2024-07-22 12:30:00,2024-07-22 13:30:00,75,5,-0.611788,0.611788
Alpha,syn_G,2024-07-23,2024-07-23 11:45:00,2024-07-23 14:15:00,165,11,-0.947681,0.947681
Alpha,syn_G,2024-07-24,2024-07-24 11:15:00,2024-07-24 14:30:00,210,14,-1.368085,1.368085
Alpha,syn_G,2024-07-25,2024-07-25 12:45:00,2024-07-25 13:45:00,75,5,-1.489582,1.489582
Alpha,syn_G,2024-07-26,2024-07-26 12:00:00,2024-07-26 14:30:00,165,11,-1.239061,1.239061
Alpha,syn_G,2024-08-02,2024-08-02 11:15:00,2024-08-02 12:30:00,90,6,-0.814571,0.814571
Alpha,syn_G,2024-08-02,2024-08-02 14:00:00,2024-08-02 14:00:00,15,1,-0.61695,0.61695
Alpha,syn_G,2024-08-06,2024-08-06 10:45:00,2024-08-06 12:45:00,135,9,-0.663829,0.663829
Alpha,syn_G,2024-08-08,2024-08-08 11:00:00,2024-08-08 14:45:00,240,16,-1.545492,1.545492
Alpha,syn_G,2024-08-09,2024-08-09 12:00:00,2024-08-09 14:15:00,150,10,-1.58463,1.58463
Alpha,syn_G,2024-08-10,2024-08-10 12:00:00,2024-08-10 12:15:00,30,2,-0.156549,0.156549
Alpha,syn_G,2024-08-10,2024-08-10 13:00:00,2024-08-10 13:00:00,15,1,-0.039567,0.039567
Alpha,syn_G,2024-08-10,2024-08-10 13:45:00,2024-08-10 14:00:00,30,2,-0.396534,0.396534
Alpha,syn_G,2024-08-16,2024-08-16 13:45:00,2024-08-16 13:45:00,15,1,-0.131174,0.131174
Alpha,syn_G,2024-08-17,2024-08-17 10:30:00,2024-08-17 14:30:00,255,17,-1.994711,1.994711
Alpha,syn_G,2024-08-18,2024-08-18 10:30:00,2024-08-18 11:45:00,90,6,-1.256264,1.256264
Alpha,syn_G,2024-08-19,2024-08-19 11:00:00,2024-08-19 14:00:00,195,13,-1.765478,1.765478
Alpha,syn_G,2024-08-20,2024-08-20 10:00:00,2024-08-20 15:00:00,315,21,-2.489088,2.489088
Alpha,syn_G,2024-08-21,2024-08-21 10:00:00,2024-08-21 14:45:00,300,20,-2.738965,2.738965
Alpha,syn_G,2024-08-22,2024-08-22 11:00:00,2024-08-22 14:30:00,225,15,-2.655099,2.655099
Alpha,syn_G,2024-08-23,2024-08-23 10:00:00,2024-08-23 10:15:00,30,2,-0.455025,0.455025
Alpha,syn_G,2024-08-23,2024-08-23 11:15:00,2024-08-23 14:15:00,195,13,-2.294262,2.294262
Alpha,syn_G,2024-08-23,2024-08-23 14:45:00,2024-08-23 14:45:00,15,1,-0.188374,0.188374
Alpha,syn_G,2024-08-24,2024-08-24 11:45:00,2024-08-24 11:45:00,15,1,-0.036127,0.036127
Alpha,syn_G,2024-08-24,2024-08-24 12:30:00,2024-08-24 13:15:00,60,4,-1.96267,1.96267
Alpha,syn_G,2024-08-24,2024-08-24 14:30:00,2024-08-24 14:45:00,30,2,-1.471304,1.471304
Alpha,syn_G,2024-08-26,2024-08-26 09:15:00,2024-08-26 15:15:00,375,25,-3.248394,3.248394
Alpha,syn_G,2024-08-27,2024-08-27 09:30:00,2024-08-27 15:30:00,375,25,-3.329464,3.329464
Alpha,syn_G,2024-08-28,2024-08-28 10:00:00,2024-08-28 15:15:00,330,22,-3.206032,3.206032
Alpha,syn_G,2024-08-29,2024-08-29 09:15:00,2024-08-29 09:15:00,15,1,-0.038277,0.038277
Alpha,syn_G,2024-08-29,2024-08-29 09:45:00,2024-08-29 10:45:00,75,5,-1.885471,1.885471
Alpha,syn_G,2024-08-29,2024-08-29 11:15:00,2024-08-29 15:15:00,255,17,-3.190764,3.190764
Alpha,syn_G,2024-08-30,2024-08-30 09:15:00,2024-08-30 15:15:00,375,25,-3.132058,3.132058
Alpha,syn_G,2024-08-31,2024-08-31 09:30:00,2024-08-31 15:15:00,360,24,-3.050342,3.050342
Alpha,syn_G,2024-09-01,2024-09-01 09:45:00,2024-09-01 15:00:00,330,22,-2.437264,2.437264
Alpha,syn_G,2024-09-02,2024-09-02 09:15:00,2024-09-02 15:00:00,360,24,-2.973358,2.973358
Alpha,syn_G,2024-09-03,2024-09-03 09:30:00,2024-09-03 15:15:00,360,24,-3.100017,3.100017
Alpha,syn_G,2024-09-04,2024-09-04 09:45:00,2024-09-04 15:15:00,345,23,-2.718321,2.718321
Alpha,syn_G,2024-09-05,2024-09-05 09:15:00,2024-09-05 15:15:00,375,25,-2.942608,2.942608
Alpha,syn_G,2024-09-06,2024-09-06 09:30:00,2024-09-06 15:00:00,345,23,-2.87315,2.87315
Alpha,syn_G,2024-09-07,2024-09-07 09:45:00,2024-09-07 13:15:00,225,15,-2.209536,2.209536
Alpha,syn_G,2024-09-07,2024-09-07 13:45:00,2024-09-07 14:45:00,75,5,-1.040579,1.040579
Alpha,syn_G,2024-09-09,2024-09-09 09:15:00,2024-09-09 10:45:00,105,7,-1.349591,1.349591
Alpha,syn_G,2024-09-09,2024-09-09 13:00:00,2024-09-09 15:15:00,150,10,-2.188892,2.188892
Alpha,syn_G,2024-09-10,2024-09-10 09:15:00,2024-09-10 15:15:00,375,25,-3.103457,3.103457
Alpha,syn_G,2024-09-11,2024-09-11 09:15:00,2024-09-11 13:30:00,270,18,-3.336991,3.336991
Alpha,syn_G,2024-09-11,2024-09-11 14:00:00,2024-09-11 15:00:00,75,5,-2.117714,2.117714
Alpha,syn_G,2024-09-12,2024-09-12 11:00:00,2024-09-12 11:00:00,15,1,-0.921661,0.921661
Alpha,syn_G,2024-09-12,2024-09-12 12:45:00,2024-09-12 14:00:00,90,6,-2.321142,2.321142
Alpha,syn_G,2024-09-12,2024-09-12 14:30:00,2024-09-12 15:00:00,45,3,-1.239706,1.239706
Alpha,syn_G,2024-09-14,2024-09-14 09:45:00,2024-09-14 15:00:00,330,22,-2.839173,2.839173
Alpha,syn_G,2024-09-15,2024-09-15 09:45:00,2024-09-15 10:00:00,30,2,-0.129669,0.129669
Alpha,syn_G,2024-09-15,2024-09-15 11:30:00,2024-09-15 11:30:00,15,1,-0.483625,0.483625
Alpha,syn_G,2024-09-15,2024-09-15 12:30:00,2024-09-15 12:45:00,30,2,-1.052621,1.052621
Alpha,syn_G,2024-09-16,2024-09-16 09:30:00,2024-09-16 15:15:00,360,24,-3.271188,3.271188
Alpha,syn_G,2024-09-17,2024-09-17 09:15:00,2024-09-17 15:15:00,375,25,-3.14453,3.14453
Alpha,syn_G,2024-09-18,2024-09-18 09:00:00,2024-09-18 15:30:00,405,27,-3.57418,3.57418
Alpha,syn_G,2024-09-19,2024-09-19 09:00:00,2024-09-19 15:15:00,390,26,-3.398277,3.398277
Alpha,syn_G,2024-09-20,2024-09-20 09:00:00,2024-09-20 15:15:00,390,26,-3.390321,3.390321
Alpha,syn_G,2024-09-21,2024-09-21 09:00:00,2024-09-21 15:15:00,390,26,-3.315702,3.315702
Alpha,syn_G,2024-09-22,2024-09-22 09:00:00,2024-09-22 15:15:00,390,26,-3.271618,3.271618
Alpha,syn_G,2024-09-23,2024-09-23 09:00:00,2024-09-23 15:15:00,390,26,-3.605575,3.605575
Alpha,syn_G,2024-09-24,2024-09-24 09:15:00,2024-09-24 13:15:00,255,17,-2.647142,2.647142
Alpha,syn_G,2024-09-24,2024-09-24 13:45:00,2024-09-24 14:00:00,30,2,-1.682258,1.682258
Alpha,syn_G,2024-09-25,2024-09-25 12:30:00,2024-09-25 13:30:00,75,5,-2.542202,2.542202
Alpha,syn_G,2024-09-25,2024-09-25 14:15:00,2024-09-25 14:45:00,45,3,-1.61796,1.61796
Alpha,syn_I,2021-12-28,2021-12-28 14:00:00,2021-12-28 14:00:00,15,1,-0.122079,0.122079
Alpha,syn_I,2022-01-01,2022-01-01 10:30:00,2022-01-01 11:30:00,75,5,-0.444284,0.444284
Alpha,syn_I,2022-01-02,2022-01-02 10:45:00,2022-01-02 11:15:00,45,3,-0.138103,0.138103
Alpha,syn_I,2022-01-02,2022-01-02 11:45:00,2022-01-02 12:45:00,75,5,-0.343323,0.343323
Alpha,syn_I,2022-09-11,2022-09-11 11:00:00,2022-09-11 13:45:00,180,12,-0.724041,0.724041
Alpha,syn_I,2022-09-17,2022-09-17 12:45:00,2022-09-17 12:45:00,15,1,-0.406323,0.406323
Alpha,syn_I,2022-09-18,2022-09-18 11:00:00,2022-09-18 11:00:00,15,1,-0.139282,0.139282
Alpha,syn_I,2022-09-18,2022-09-18 11:45:00,2022-09-18 12:30:00,60,4,-0.579686,0.579686
Alpha,syn_I,2022-09-18,2022-09-18 13:15:00,2022-09-18 13:15:00,15,1,-0.14451,0.14451
Alpha,syn_I,2022-09-25,2022-09-25 09:30:00,2022-09-25 14:15:00,300,20,-1.409924,1.409924
Alpha,syn_I,2022-10-02,2022-10-02 10:30:00,2022-10-02 10:45:00,30,2,-0.413816,0.413816
Alpha,syn_I,2022-10-02,2022-10-02 13:00:00,2022-10-02 13:00:00,15,1,-0.169362,0.169362
Alpha,syn_I,2022-10-02,2022-10-02 13:30:00,2022-10-02 14:00:00,45,3,-0.808778,0.808778
Alpha,syn_I,2022-10-03,2022-10-03 11:45:00,2022-10-03 12:15:00,45,3,-0.653251,0.653251
Alpha,syn_I,2022-10-03,2022-10-03 13:15:00,2022-10-03 14:15:00,75,5,-1.053708,1.053708
Alpha,syn_I,2022-10-09,2022-10-09 11:00:00,2022-10-09 11:00:00,15,1,-0.050759,0.050759
Alpha,syn_I,2022-10-15,2022-10-15 10:15:00,2022-10-15 11:30:00,90,6,-0.677463,0.677463
Alpha,syn_I,2022-10-15,2022-10-15 12:15:00,2022-10-15 12:15:00,15,1,-0.171201,0.171201
Alpha,syn_I,2022-10-15,2022-10-15 13:15:00,2022-10-15 14:30:00,90,6,-0.756734,0.756734
Alpha,syn_I,2022-10-16,2022-10-16 11:45:00,2022-10-16 12:00:00,30,2,-1.091653,1.091653
Alpha,syn_I,2022-10-16,2022-10-16 12:45:00,2022-10-16 13:15:00,45,3,-0.770488,0.770488
Alpha,syn_I,2022-10-29,2022-10-29 10:30:00,2022-10-29 14:00:00,225,15,-0.973007,0.973007
Alpha,syn_I,2022-10-30,2022-10-30 09:00:00,2022-10-30 12:15:00,210,14,-0.995687,0.995687
Alpha,syn_I,2022-10-30,2022-10-30 12:45:00,2022-10-30 13:00:00,30,2,-0.576347,0.576347
Alpha,syn_I,2022-11-05,2022-11-05 12:15:00,2022-11-05 12:15:00,15,1,-0.06596,0.06596
Alpha,syn_I,2022-11-05,2022-11-05 13:00:00,2022-11-05 13:00:00,15,1,-0.045067,0.045067
Alpha,syn_I,2022-11-05,2022-11-05 14:00:00,2022-11-05 14:30:00,45,3,-0.396784,0.396784
Alpha,syn_I,2022-11-06,2022-11-06 11:00:00,2022-11-06 12:15:00,90,6,-0.510791,0.510791
Alpha,syn_I,2022-11-06,2022-11-06 12:45:00,2022-11-06 15:30:00,180,12,-1.115939,1.115939
Alpha,syn_I,2022-11-12,2022-11-12 12:30:00,2022-11-12 13:30:00,75,5,-0.175364,0.175364
Alpha,syn_I,2022-11-12,2022-11-12 14:00:00,2022-11-12 14:15:00,30,2,-0.166558,0.166558
Alpha,syn_I,2022-11-19,2022-11-19 10:45:00,2022-11-19 15:45:00,315,21,-2.09971,2.09971
Alpha,syn_I,2022-11-20,2022-11-20 09:45:00,2022-11-20 12:15:00,165,11,-2.125164,2.125164
Alpha,syn_I,2022-11-20,2022-11-20 12:45:00,2022-11-20 13:45:00,75,5,-2.354156,2.354156
Alpha,syn_I,2022-11-20,2022-11-20 14:30:00,2022-11-20 15:00:00,45,3,-1.701709,1.701709
Alpha,syn_I,2022-11-20,2022-11-20 15:45:00,2022-11-20 16:15:00,45,3,-0.698649,0.698649
Alpha,syn_I,2022-11-26,2022-11-26 11:15:00,2022-11-26 16:00:00,300,20,-2.303964,2.303964
Alpha,syn_I,2022-11-27,2022-11-27 10:30:00,2022-11-27 10:30:00,15,1,-0.465991,0.465991
Alpha,syn_I,2022-11-27,2022-11-27 11:15:00,2022-11-27 11:15:00,15,1,-0.254857,0.254857
Alpha,syn_I,2022-11-27,2022-11-27 13:00:00,2022-11-27 13:00:00,15,1,-0.630637,0.630637
Alpha,syn_I,2022-11-27,2022-11-27 15:00:00,2022-11-27 15:00:00,15,1,-0.84632,0.84632
Alpha,syn_I,2022-12-03,2022-12-03 10:00:00,2022-12-03 16:45:00,420,28,-2.557844,2.557844
Alpha,syn_I,2022-12-04,2022-12-04 13:00:00,2022-12-04 14:15:00,90,6,-1.446018,1.446018
Alpha,syn_I,2022-12-04,2022-12-04 14:45:00,2022-12-04 16:15:00,105,7,-1.223241,1.223241
Alpha,syn_I,2022-12-10,2022-12-10 16:15:00,2022-12-10 16:15:00,15,1,-0.360327,0.360327
Alpha,syn_I,2022-12-11,2022-12-11 09:45:00,2022-12-11 14:30:00,300,20,-1.706474,1.706474
Alpha,syn_I,2022-12-11,2022-12-11 15:00:00,2022-12-11 15:45:00,60,4,-0.604939,0.604939
Alpha,syn_I,2022-12-17,2022-12-17 14:00:00,2022-12-17 14:30:00,45,3,-0.528968,0.528968
Alpha,syn_I,2022-12-17,2022-12-17 15:45:00,2022-12-17 16:15:00,45,3,-0.53536,0.53536
Alpha,syn_I,2022-12-23,2022-12-23 10:15:00,2022-12-23 12:15:00,135,9,-1.45875,1.45875
Alpha,syn_I,2022-12-23,2022-12-23 13:30:00,2022-12-23 13:30:00,15,1,-0.877602,0.877602
Alpha,syn_I,2022-12-23,2022-12-23 15:30:00,2022-12-23 15:30:00,15,1,-0.712386,0.712386
Alpha,syn_I,2022-12-24,2022-12-24 09:15:00,2022-12-24 15:45:00,405,27,-1.931523,1.931523
Alpha,syn_I,2022-12-25,2022-12-25 11:00:00,2022-12-25 16:30:00,345,23,-2.81994,2.81994
Alpha,syn_I,2022-12-26,2022-12-26 09:15:00,2022-12-26 16:00:00,420,28,-2.464262,2.464262
Alpha,syn_I,2022-12-27,2022-12-27 09:00:00,2022-12-27 16:30:00,465,31,-2.700518,2.700518
Alpha,syn_I,2022-12-28,2022-12-28 09:45:00,2022-12-28 15:30:00,360,24,-1.662188,1.662188
Alpha,syn_I,2022-12-30,2022-12-30 12:15:00,2022-12-30 12:15:00,15,1,-0.214891,0.214891
Alpha,syn_I,2022-12-30,2022-12-30 13:30:00,2022-12-30 13:45:00,30,2,-0.466831,0.466831
Alpha,syn_I,2022-12-31,2022-12-31 12:15:00,2022-12-31 13:45:00,105,7,-2.269287,2.269287
Alpha,syn_I,2022-12-31,2022-12-31 14:15:00,2022-12-31 14:15:00,15,1,-0.682216,0.682216
Alpha,syn_I,2022-12-31,2022-12-31 16:45:00,2022-12-31 16:45:00,15,1,-0.414282,0.414282
Alpha,syn_I,2023-01-01,2023-01-01 13:15:00,2023-01-01 13:30:00,30,2,-2.025766,2.025766
Alpha,syn_I,2023-01-01,2023-01-01 14:00:00,2023-01-01 16:30:00,165,11,-2.929566,2.929566
Alpha,syn_I,2023-01-02,2023-01-02 09:15:00,2023-01-02 11:00:00,120,8,-1.713257,1.713257
Alpha,syn_I,2023-01-02,2023-01-02 12:30:00,2023-01-02 16:30:00,255,17,-3.186854,3.186854
Alpha,syn_I,2023-01-08,2023-01-08 11:30:00,2023-01-08 11:30:00,15,1,-0.026329,0.026329
Alpha,syn_I,2023-01-08,2023-01-08 12:45:00,2023-01-08 16:45:00,255,17,-2.308624,2.308624
Alpha,syn_I,2023-01-14,2023-01-14 13:00:00,2023-01-14 13:00:00,15,1,-0.107593,0.107593
Alpha,syn_I,2023-01-14,2023-01-14 13:30:00,2023-01-14 16:00:00,165,11,-0.984752,0.984752
Alpha,syn_I,2023-01-15,2023-01-15 10:45:00,2023-01-15 14:15:00,225,15,-0.65837,0.65837
Alpha,syn_I,2023-01-21,2023-01-21 10:45:00,2023-01-21 10:45:00,15,1,-0.037402,0.037402
Alpha,syn_I,2023-01-21,2023-01-21 11:15:00,2023-01-21 11:45:00,45,3,-0.842468,0.842468
Alpha,syn_I,2023-01-21,2023-01-21 12:30:00,2023-01-21 12:45:00,30,2,-1.380008,1.380008
Alpha,syn_I,2023-01-21,2023-01-21 13:15:00,2023-01-21 15:30:00,150,10,-1.649986,1.649986
Alpha,syn_I,2023-02-04,2023-02-04 10:45:00,2023-02-04 16:00:00,330,22,-1.677948,1.677948
Alpha,syn_I,2023-02-05,2023-02-05 10:15:00,2023-02-05 15:45:00,345,23,-1.977527,1.977527
Alpha,syn_I,2023-02-25,2023-02-25 12:00:00,2023-02-25 12:00:00,15,1,-0.456151,0.456151
Alpha,syn_I,2023-02-25,2023-02-25 12:45:00,2023-02-25 12:45:00,15,1,-0.065577,0.065577
Alpha,syn_I,2023-02-25,2023-02-25 13:30:00,2023-02-25 13:30:00,15,1,-0.703804,0.703804
Alpha,syn_I,2023-02-25,2023-02-25 14:30:00,2023-02-25 15:30:00,75,5,-0.525941,0.525941
Alpha,syn_I,2023-02-26,2023-02-26 10:30:00,2023-02-26 10:45:00,30,2,-0.272838,0.272838
Alpha,syn_I,2023-02-26,2023-02-26 11:15:00,2023-02-26 11:30:00,30,2,-1.190097,1.190097
Alpha,syn_I,2023-02-26,2023-02-26 12:00:00,2023-02-26 13:45:00,120,8,-1.428485,1.428485
Alpha,syn_I,2023-03-04,2023-03-04 13:15:00,2023-03-04 13:45:00,45,3,-0.66688,0.66688
Alpha,syn_I,2023-03-04,2023-03-04 14:15:00,2023-03-04 14:15:00,15,1,-0.428825,0.428825
Alpha,syn_I,2023-03-05,2023-03-05 10:30:00,2023-03-05 15:00:00,285,19,-1.58007,1.58007
Alpha,syn_I,2023-03-11,2023-03-11 12:00:00,2023-03-11 12:45:00,60,4,-0.457385,0.457385
Alpha,syn_I,2023-04-01,2023-04-01 10:15:00,2023-04-01 10:15:00,15,1,-0.195739,0.195739
Alpha,syn_I,2023-04-01,2023-04-01 11:15:00,2023-04-01 11:15:00,15,1,-0.323674,0.323674
Alpha,syn_I,2023-04-07,2023-04-07 13:00:00,2023-04-07 14:45:00,120,8,-2.440703,2.440703
Alpha,syn_I,2023-04-08,2023-04-08 09:30:00,2023-04-08 14:30:00,315,21,-2.450587,2.450587
Alpha,syn_I,2023-04-09,2023-04-09 09:15:00,2023-04-09 15:15:00,375,25,-3.408976,3.408976
Alpha,syn_I,2023-04-10,2023-04-10 09:30:00,2023-04-10 11:30:00,135,9,-2.206582,2.206582
Alpha,syn_I,2023-04-10,2023-04-10 12:00:00,2023-04-10 14:45:00,180,12,-2.095296,2.095296
Alpha,syn_I,2023-04-15,2023-04-15 11:00:00,2023-04-15 14:00:00,195,13,-1.099612,1.099612
Alpha,syn_I,2023-04-16,2023-04-16 12:45:00,2023-04-16 12:45:00,15,1,-0.396852,0.396852
Alpha,syn_I,2023-04-23,2023-04-23 11:00:00,2023-04-23 11:00:00,15,1,-0.184648,0.184648
Alpha,syn_I,2023-04-25,2023-04-25 10:45:00,2023-04-25 11:45:00,75,5,-0.926627,0.926627
Alpha,syn_I,2023-04-30,2023-04-30 12:00:00,2023-04-30 13:00:00,75,5,-0.576965,0.576965
Alpha,syn_I,2023-05-06,2023-05-06 11:45:00,2023-05-06 12:45:00,75,5,-0.413577,0.413577
Alpha,syn_I,2023-07-30,2023-07-30 12:30:00,2023-07-30 12:30:00,15,1,-0.044626,0.044626
Alpha,syn_I,2023-08-12,2023-08-12 11:30:00,2023-08-12 13:45:00,150,10,-0.623122,0.623122
Alpha,syn_I,2023-08-19,2023-08-19 11:30:00,2023-08-19 13:15:00,120,8,-0.637754,0.637754
Alpha,syn_I,2023-08-20,2023-08-20 11:00:00,2023-08-20 13:45:00,180,12,-0.949237,0.949237
Alpha,syn_I,2023-08-27,2023-08-27 12:00:00,2023-08-27 12:00:00,15,1,-0.115411,0.115411
Alpha,syn_I,2023-08-27,2023-08-27 13:30:00,2023-08-27 13:30:00,15,1,-0.015985,0.015985
Alpha,syn_I,2023-09-03,2023-09-03 10:30:00,2023-09-03 11:00:00,45,3,-0.46301,0.46301
Alpha,syn_I,2023-09-03,2023-09-03 12:00:00,2023-09-03 13:30:00,105,7,-1.393516,1.393516
Alpha,syn_I,2023-09-03,2023-09-03 14:00:00,2023-09-03 14:15:00,30,2,-0.374722,0.374722
Alpha,syn_I,2023-09-09,2023-09-09 10:30:00,2023-09-09 14:30:00,255,17,-1.630559,1.630559
Alpha,syn_I,2023-09-10,2023-09-10 10:15:00,2023-09-10 14:15:00,255,17,-1.816682,1.816682
Alpha,syn_I,2023-09-16,2023-09-16 10:30:00,2023-09-16 13:30:00,195,13,-0.911682,0.911682
Alpha,syn_I,2023-09-17,2023-09-17 09:30:00,2023-09-17 14:00:00,285,19,-2.089394,2.089394
Alpha,syn_I,2023-09-23,2023-09-23 13:00:00,2023-09-23 13:15:00,30,2,-1.149446,1.149446
Alpha,syn_I,2023-09-24,2023-09-24 12:30:00,2023-09-24 14:45:00,150,10,-1.880638,1.880638
Alpha,syn_I,2023-10-01,2023-10-01 09:45:00,2023-10-01 13:15:00,225,15,-1.952273,1.952273
Alpha,syn_I,2023-10-02,2023-10-02 09:00:00,2023-10-02 14:45:00,360,24,-2.682285,2.682285
Alpha,syn_I,2023-10-07,2023-10-07 11:30:00,2023-10-07 11:30:00,15,1,-1.016177,1.016177
Alpha,syn_I,2023-10-07,2023-10-07 12:00:00,2023-10-07 15:00:00,195,13,-2.466283,2.466283
Alpha,syn_I,2023-10-08,2023-10-08 11:30:00,2023-10-08 15:15:00,240,16,-2.665852,2.665852
Alpha,syn_I,2023-10-14,2023-10-14 09:15:00,2023-10-14 14:45:00,345,23,-2.973281,2.973281
Alpha,syn_I,2023-10-15,2023-10-15 08:30:00,2023-10-15 15:00:00,405,27,-3.191193,3.191193
Alpha,syn_I,2023-10-21,2023-10-21 09:15:00,2023-10-21 14:15:00,315,21,-2.449453,2.449453
Alpha,syn_I,2023-10-21,2023-10-21 14:45:00,2023-10-21 15:00:00,30,2,-0.503332,0.503332
Alpha,syn_I,2023-10-22,2023-10-22 08:45:00,2023-10-22 14:45:00,375,25,-2.510675,2.510675
Alpha,syn_I,2023-10-28,2023-10-28 14:00:00,2023-10-28 14:15:00,30,2,-0.39706,0.39706
Alpha,syn_I,2023-10-29,2023-10-29 08:30:00,2023-10-29 14:45:00,390,26,-2.737492,2.737492
Alpha,syn_I,2023-11-11,2023-11-11 10:00:00,2023-11-11 15:00:00,315,21,-1.855187,1.855187
Alpha,syn_I,2023-11-12,2023-11-12 09:30:00,2023-11-12 14:00:00,285,19,-2.536667,2.536667
Alpha,syn_I,2023-11-12,2023-11-12 14:30:00,2023-11-12 14:45:00,30,2,-1.217699,1.217699
Alpha,syn_I,2023-11-18,2023-11-18 11:00:00,2023-11-18 11:00:00,15,1,-0.296727,0.296727
Alpha,syn_I,2023-11-18,2023-11-18 13:15:00,2023-11-18 13:15:00,15,1,-0.366082,0.366082
Alpha,syn_I,2023-11-18,2023-11-18 13:45:00,2023-11-18 16:30:00,180,12,-2.601028,2.601028
Alpha,syn_I,2023-11-19,2023-11-19 09:00:00,2023-11-19 16:00:00,435,29,-3.083027,3.083027
Alpha,syn_I,2023-11-26,2023-11-26 10:15:00,2023-11-26 12:30:00,150,10,-2.400744,2.400744
Alpha,syn_I,2023-11-26,2023-11-26 13:00:00,2023-11-26 15:15:00,150,10,-2.369522,2.369522
Alpha,syn_I,2023-12-02,2023-12-02 14:00:00,2023-12-02 14:15:00,30,2,-1.504083,1.504083
Alpha,syn_I,2023-12-03,2023-12-03 09:15:00,2023-12-03 15:15:00,375,25,-2.803181,2.803181
Alpha,syn_I,2023-12-10,2023-12-10 13:30:00,2023-12-10 13:30:00,15,1,-0.144974,0.144974
Alpha,syn_I,2023-12-10,2023-12-10 14:00:00,2023-12-10 15:15:00,90,6,-0.777577,0.777577
Alpha,syn_I,2023-12-16,2023-12-16 11:00:00,2023-12-16 13:15:00,150,10,-0.386276,0.386276
Alpha,syn_I,2023-12-17,2023-12-17 13:15:00,2023-12-17 14:00:00,60,4,-1.226474,1.226474
Alpha,syn_I,2023-12-17,2023-12-17 14:45:00,2023-12-17 15:15:00,45,3,-0.665725,0.665725
Alpha,syn_I,2023-12-22,2023-12-22 12:30:00,2023-12-22 17:00:00,285,19,-3.753541,3.753541
Alpha,syn_I,2023-12-23,2023-12-23 09:15:00,2023-12-23 10:00:00,60,4,-1.337019,1.337019
Alpha,syn_I,2023-12-23,2023-12-23 10:30:00,2023-12-23 10:30:00,15,1,-0.983926,0.983926
Alpha,syn_I,2023-12-23,2023-12-23 11:00:00,2023-12-23 11:15:00,30,2,-1.728606,1.728606
Alpha,syn_I,2023-12-23,2023-12-23 12:00:00,2023-12-23 15:45:00,240,16,-3.911637,3.911637
Alpha,syn_I,2023-12-24,2023-12-24 09:15:00,2023-12-24 09:15:00,15,1,-0.375645,0.375645
Alpha,syn_I,2023-12-24,2023-12-24 10:15:00,2023-12-24 10:15:00,15,1,-0.818001,0.818001
Alpha,syn_I,2023-12-24,2023-12-24 10:45:00,2023-12-24 10:45:00,15,1,-1.763778,1.763778
Alpha,syn_I,2023-12-24,2023-12-24 13:30:00,2023-12-24 14:30:00,75,5,-3.063288,3.063288
Alpha,syn_I,2023-12-24,2023-12-24 15:15:00,2023-12-24 15:15:00,15,1,-1.583043,1.583043
Alpha,syn_I,2023-12-24,2023-12-24 16:00:00,2023-12-24 16:15:00,30,2,-2.625107,2.625107
Alpha,syn_I,2023-12-25,2023-12-25 09:15:00,2023-12-25 15:30:00,390,26,-3.880593,3.880593
Alpha,syn_I,2023-12-26,2023-12-26 09:45:00,2023-12-26 12:15:00,165,11,-3.379335,3.379335
Alpha,syn_I,2023-12-26,2023-12-26 13:00:00,2023-12-26 14:45:00,120,8,-3.534074,3.534074
Alpha,syn_I,2023-12-27,2023-12-27 11:00:00,2023-12-27 11:15:00,30,2,-0.5611,0.5611
Alpha,syn_I,2023-12-27,2023-12-27 13:00:00,2023-12-27 13:45:00,60,4,-2.192754,2.192754
Alpha,syn_I,2023-12-27,2023-12-27 14:30:00,2023-12-27 14:30:00,15,1,-0.090941,0.090941
Alpha,syn_I,2023-12-28,2023-12-28 09:30:00,2023-12-28 09:45:00,30,2,-0.303809,0.303809
Alpha,syn_I,2023-12-28,2023-12-28 11:30:00,2023-12-28 13:30:00,135,9,-1.921814,1.921814
Alpha,syn_I,2023-12-28,2023-12-28 14:45:00,2023-12-28 14:45:00,15,1,-0.769475,0.769475
Alpha,syn_I,2023-12-28,2023-12-28 15:45:00,2023-12-28 15:45:00,15,1,-0.382154,0.382154
Alpha,syn_I,2023-12-29,2023-12-29 12:30:00,2023-12-29 12:45:00,30,2,-0.53686,0.53686
Alpha,syn_I,2023-12-30,2023-12-30 09:00:00,2023-12-30 17:00:00,495,33,-3.623186,3.623186
Alpha,syn_I,2024-01-02,2024-01-02 12:45:00,2024-01-02 13:00:00,30,2,-0.519054,0.519054
Alpha,syn_I,2024-01-02,2024-01-02 13:30:00,2024-01-02 13:30:00,15,1,-0.399724,0.399724
Alpha,syn_I,2024-01-02,2024-01-02 14:00:00,2024-01-02 16:15:00,150,10,-0.970602,0.970602
Alpha,syn_I,2024-01-03,2024-01-03 11:45:00,2024-01-03 12:30:00,60,4,-0.468979,0.468979
Alpha,syn_I,2024-01-03,2024-01-03 13:00:00,2024-01-03 13:30:00,45,3,-0.076871,0.076871
Alpha,syn_I,2024-01-05,2024-01-05 16:30:00,2024-01-05 16:30:00,15,1,-1.007848,1.007848
Alpha,syn_I,2024-01-06,2024-01-06 09:15:00,2024-01-06 15:30:00,390,26,-3.562871,3.562871
Alpha,syn_I,2024-01-06,2024-01-06 16:15:00,2024-01-06 16:45:00,45,3,-1.371968,1.371968
Alpha,syn_I,2024-01-07,2024-01-07 10:15:00,2024-01-07 15:30:00,330,22,-3.519729,3.519729
Alpha,syn_I,2024-01-07,2024-01-07 16:00:00,2024-01-07 16:15:00,30,2,-1.315956,1.315956
Alpha,syn_I,2024-01-13,2024-01-13 13:15:00,2024-01-13 14:30:00,90,6,-0.461232,0.461232
Alpha,syn_I,2024-01-20,2024-01-20 14:45:00,2024-01-20 14:45:00,15,1,-1.289477,1.289477
Alpha,syn_I,2024-01-20,2024-01-20 16:45:00,2024-01-20 16:45:00,15,1,-0.312545,0.312545
Alpha,syn_I,2024-01-21,2024-01-21 10:30:00,2024-01-21 12:45:00,150,10,-0.43361,0.43361
Alpha,syn_I,2024-01-28,2024-01-28 11:45:00,2024-01-28 11:45:00,15,1,-0.63472,0.63472
Alpha,syn_I,2024-01-28,2024-01-28 13:30:00,2024-01-28 14:30:00,75,5,-2.386878,2.386878
Alpha,syn_I,2024-01-28,2024-01-28 15:00:00,2024-01-28 15:00:00,15,1,-0.007982,0.007982
Alpha,syn_I,2024-02-04,2024-02-04 10:15:00,2024-02-04 10:30:00,30,2,-0.240324,0.240324
Alpha,syn_I,2024-02-04,2024-02-04 11:00:00,2024-02-04 12:30:00,105,7,-1.138948,1.138948
Alpha,syn_I,2024-02-10,2024-02-10 12:15:00,2024-02-10 12:15:00,15,1,-0.354986,0.354986
Alpha,syn_I,2024-02-10,2024-02-10 13:00:00,2024-02-10 13:45:00,60,4,-1.5801,1.5801
Alpha,syn_I,2024-02-10,2024-02-10 14:45:00,2024-02-10 14:45:00,15,1,-0.080932,0.080932
Alpha,syn_I,2024-02-17,2024-02-17 12:00:00,2024-02-17 13:00:00,75,5,-0.459569,0.459569
Alpha,syn_I,2024-02-17,2024-02-17 14:00:00,2024-02-17 14:15:00,30,2,-0.156014,0.156014
Alpha,syn_I,2024-02-18,2024-02-18 10:45:00,2024-02-18 12:45:00,135,9,-1.015694,1.015694
Alpha,syn_I,2024-02-18,2024-02-18 13:30:00,2024-02-18 13:30:00,15,1,-0.398781,0.398781
Alpha,syn_I,2024-02-25,2024-02-25 09:45:00,2024-02-25 11:45:00,135,9,-2.950636,2.950636
Alpha,syn_I,2024-02-25,2024-02-25 12:45:00,2024-02-25 14:00:00,90,6,-1.28094,1.28094
Alpha,syn_I,2024-02-25,2024-02-25 14:30:00,2024-02-25 15:45:00,90,6,-2.312645,2.312645
Alpha,syn_I,2024-03-03,2024-03-03 11:00:00,2024-03-03 11:00:00,15,1,-0.383947,0.383947
Alpha,syn_I,2024-03-03,2024-03-03 12:15:00,2024-03-03 13:00:00,60,4,-0.887915,0.887915
Alpha,syn_I,2024-03-03,2024-03-03 13:30:00,2024-03-03 13:30:00,15,1,-1.169335,1.169335
Alpha,syn_I,2024-03-03,2024-03-03 14:00:00,2024-03-03 14:00:00,15,1,-0.297975,0.297975
Alpha,syn_I,2024-03-03,2024-03-03 15:15:00,2024-03-03 15:15:00,15,1,-0.312431,0.312431
Alpha,syn_I,2024-03-09,2024-03-09 12:00:00,2024-03-09 15:15:00,210,14,-1.569909,1.569909
Alpha,syn_I,2024-03-10,2024-03-10 13:00:00,2024-03-10 15:00:00,135,9,-2.099737,2.099737
Alpha,syn_I,2024-03-16,2024-03-16 13:30:00,2024-03-16 13:45:00,30,2,-1.769834,1.769834
Alpha,syn_I,2024-03-23,2024-03-23 10:30:00,2024-03-23 11:45:00,90,6,-0.84275,0.84275
Alpha,syn_I,2024-03-23,2024-03-23 12:30:00,2024-03-23 12:30:00,15,1,-0.055747,0.055747
Alpha,syn_I,2024-03-23,2024-03-23 13:15:00,2024-03-23 14:15:00,75,5,-1.64325,1.64325
Alpha,syn_I,2024-03-24,2024-03-24 11:15:00,2024-03-24 13:00:00,120,8,-1.792312,1.792312
Alpha,syn_I,2024-03-24,2024-03-24 14:00:00,2024-03-24 14:00:00,15,1,-1.058315,1.058315
Alpha,syn_I,2024-03-24,2024-03-24 14:30:00,2024-03-24 14:45:00,30,2,-0.796616,0.796616
Alpha,syn_I,2024-03-29,2024-03-29 12:45:00,2024-03-29 12:45:00,15,1,-0.004995,0.004995
Alpha,syn_I,2024-03-29,2024-03-29 13:30:00,2024-03-29 13:30:00,15,1,-0.327609,0.327609
Alpha,syn_I,2024-03-29,2024-03-29 14:00:00,2024-03-29 14:15:00,30,2,-1.93578,1.93578
Alpha,syn_I,2024-03-29,2024-03-29 15:00:00,2024-03-29 16:00:00,75,5,-1.36917,1.36917
Alpha,syn_I,2024-03-30,2024-03-30 10:15:00,2024-03-30 15:45:00,345,23,-2.883255,2.883255
Alpha,syn_I,2024-03-31,2024-03-31 11:00:00,2024-03-31 15:00:00,255,17,-2.832153,2.832153
Alpha,syn_I,2024-03-31,2024-03-31 15:45:00,2024-03-31 15:45:00,15,1,-0.253081,0.253081
Alpha,syn_I,2024-04-01,2024-04-01 09:45:00,2024-04-01 14:15:00,285,19,-2.105385,2.105385
Alpha,syn_I,2024-04-06,2024-04-06 10:15:00,2024-04-06 14:15:00,255,17,-2.064516,2.064516
Alpha,syn_I,2024-04-07,2024-04-07 09:30:00,2024-04-07 12:15:00,180,12,-1.701281,1.701281
Alpha,syn_I,2024-04-07,2024-04-07 12:45:00,2024-04-07 13:15:00,45,3,-1.389389,1.389389
Alpha,syn_I,2024-04-07,2024-04-07 14:00:00,2024-04-07 14:00:00,15,1,-0.876713,0.876713
Alpha,syn_I,2024-04-13,2024-04-13 11:15:00,2024-04-13 11:15:00,15,1,-0.028816,0.028816
Alpha,syn_I,2024-04-13,2024-04-13 13:15:00,2024-04-13 13:45:00,45,3,-1.199855,1.199855
Alpha,syn_I,2024-04-13,2024-04-13 14:15:00,2024-04-13 14:30:00,30,2,-0.550938,0.550938
Alpha,syn_I,2024-04-14,2024-04-14 09:45:00,2024-04-14 09:45:00,15,1,-0.39539,0.39539
Alpha,syn_I,2024-04-14,2024-04-14 10:45:00,2024-04-14 11:00:00,30,2,-0.598652,0.598652
Alpha,syn_I,2024-04-14,2024-04-14 11:30:00,2024-04-14 11:30:00,15,1,-0.798112,0.798112
Alpha,syn_I,2024-04-14,2024-04-14 12:00:00,2024-04-14 12:00:00,15,1,-0.775939,0.775939
Alpha,syn_I,2024-04-14,2024-04-14 12:30:00,2024-04-14 12:45:00,30,2,-1.363306,1.363306
Alpha,syn_I,2024-04-25,2024-04-25 10:00:00,2024-04-25 11:45:00,120,8,-1.20046,1.20046
Alpha,syn_I,2024-04-26,2024-04-26 12:00:00,2024-04-26 12:45:00,60,4,-0.252576,0.252576
Alpha,syn_I,2024-04-27,2024-04-27 10:15:00,2024-04-27 10:45:00,45,3,-0.603229,0.603229
Alpha,syn_I,2024-04-28,2024-04-28 10:00:00,2024-04-28 13:30:00,225,15,-1.902095,1.902095
Alpha,syn_I,2024-05-12,2024-05-12 11:30:00,2024-05-12 11:30:00,15,1,-0.049624,0.049624
Alpha,syn_I,2024-05-18,2024-05-18 12:00:00,2024-05-18 12:00:00,15,1,-0.014731,0.014731
Alpha,syn_I,2024-05-19,2024-05-19 10:45:00,2024-05-19 11:30:00,60,4,-0.723223,0.723223
Alpha,syn_I,2024-05-19,2024-05-19 12:15:00,2024-05-19 13:15:00,75,5,-0.930962,0.930962
Alpha,syn_I,2024-05-26,2024-05-26 11:15:00,2024-05-26 13:15:00,135,9,-0.517832,0.517832
Alpha,syn_I,2024-06-08,2024-06-08 13:15:00,2024-06-08 13:30:00,30,2,-1.275493,1.275493
Alpha,syn_I,2024-06-09,2024-06-09 12:15:00,2024-06-09 12:30:00,30,2,-0.671458,0.671458
Alpha,syn_I,2024-06-09,2024-06-09 13:15:00,2024-06-09 13:15:00,15,1,-0.559293,0.559293
Alpha,syn_I,2024-06-10,2024-06-10 12:00:00,2024-06-10 12:15:00,30,2,-0.137984,0.137984
Alpha,syn_I,2024-07-14,2024-07-14 12:45:00,2024-07-14 12:45:00,15,1,-0.339015,0.339015
Alpha,syn_I,2024-07-21,2024-07-21 12:00:00,2024-07-21 13:15:00,90,6,-0.471056,0.471056
Alpha,syn_I,2024-07-28,2024-07-28 12:00:00,2024-07-28 13:15:00,90,6,-0.365165,0.365165
Alpha,syn_I,2024-08-17,2024-08-17 11:30:00,2024-08-17 13:00:00,105,7,-1.579185,1.579185
Alpha,syn_I,2024-08-17,2024-08-17 13:30:00,2024-08-17 13:30:00,15,1,-0.133243,0.133243
Alpha,syn_I,2024-08-18,2024-08-18 10:15:00,2024-08-18 10:45:00,45,3,-0.731306,0.731306
Alpha,syn_I,2024-08-24,2024-08-24 11:15:00,2024-08-24 11:15:00,15,1,-0.319856,0.319856
Alpha,syn_I,2024-08-24,2024-08-24 11:45:00,2024-08-24 12:45:00,75,5,-1.881036,1.881036
Alpha,syn_I,2024-08-24,2024-08-24 13:30:00,2024-08-24 13:30:00,15,1,-0.050664,0.050664
Alpha,syn_I,2024-08-24,2024-08-24 14:15:00,2024-08-24 14:15:00,15,1,-0.328342,0.328342
Alpha,syn_I,2024-08-31,2024-08-31 10:00:00,2024-08-31 14:45:00,300,20,-2.496597,2.496597
Alpha,syn_I,2024-09-01,2024-09-01 09:30:00,2024-09-01 14:45:00,330,22,-2.816854,2.816854
Alpha,syn_I,2024-09-14,2024-09-14 10:00:00,2024-09-14 14:15:00,270,18,-1.832087,1.832087
Alpha,syn_I,2024-09-15,2024-09-15 09:30:00,2024-09-15 10:00:00,45,3,-0.35429,0.35429
Alpha,syn_I,2024-09-15,2024-09-15 10:45:00,2024-09-15 10:45:00,15,1,-0.696737,0.696737
Alpha,syn_I,2024-09-15,2024-09-15 11:30:00,2024-09-15 12:00:00,45,3,-1.934894,1.934894
Alpha,syn_I,2024-09-15,2024-09-15 12:30:00,2024-09-15 13:00:00,45,3,-1.829681,1.829681
Alpha,syn_I,2024-09-15,2024-09-15 13:45:00,2024-09-15 13:45:00,15,1,-0.210009,0.210009
Alpha,syn_I,2024-09-15,2024-09-15 14:15:00,2024-09-15 14:30:00,30,2,-1.110928,1.110928
Alpha,syn_I,2024-09-21,2024-09-21 09:45:00,2024-09-21 14:45:00,315,21,-2.666392,2.666392
Alpha,syn_I,2024-09-22,2024-09-22 08:45:00,2024-09-22 12:15:00,225,15,-3.374496,3.374496
Alpha,syn_I,2024-09-22,2024-09-22 13:00:00,2024-09-22 14:45:00,120,8,-2.375362,2.375362
Alpha,syn_I,2024-09-29,2024-09-29 11:00:00,2024-09-29 11:15:00,30,2,-0.151844,0.151844
Alpha,syn_J,2021-11-13,2021-11-13 14:30:00,2021-11-13 14:30:00,15,1,-0.087078,0.087078
Alpha,syn_J,2021-11-14,2021-11-14 10:45:00,2021-11-14 12:30:00,120,8,-0.464539,0.464539
Alpha,syn_J,2021-11-14,2021-11-14 13:00:00,2021-11-14 13:15:00,30,2,-0.249143,0.249143
Alpha,syn_J,2021-11-15,2021-11-15 11:00:00,2021-11-15 15:15:00,270,18,-0.515628,0.515628
Alpha,syn_J,2021-12-10,2021-12-10 11:00:00,2021-12-10 12:45:00,120,8,-0.287111,0.287111
Alpha,syn_J,2022-02-04,2022-02-04 12:30:00,2022-02-04 12:30:00,15,1,-0.020179,0.020179
Alpha,syn_J,2022-02-04,2022-02-04 13:15:00,2022-02-04 13:15:00,15,1,-0.19312,0.19312
Alpha,syn_J,2022-02-04,2022-02-04 15:30:00,2022-02-04 15:30:00,15,1,-0.200011,0.200011
Alpha,syn_J,2022-02-05,2022-02-05 11:30:00,2022-02-05 11:30:00,15,1,-0.037231,0.037231
Alpha,syn_J,2022-02-07,2022-02-07 12:45:00,2022-02-07 13:00:00,30,2,-0.321759,0.321759
Alpha,syn_J,2022-02-08,2022-02-08 13:30:00,2022-02-08 13:30:00,15,1,-0.124189,0.124189
Alpha,syn_J,2022-02-08,2022-02-08 14:00:00,2022-02-08 14:15:00,30,2,-0.179456,0.179456
Alpha,syn_J,2022-02-13,2022-02-13 12:15:00,2022-02-13 12:15:00,15,1,-0.055232,0.055232
Alpha,syn_J,2022-04-03,2022-04-03 14:45:00,2022-04-03 14:45:00,15,1,-0.0916,0.0916
Alpha,syn_J,2022-04-04,2022-04-04 10:45:00,2022-04-04 12:00:00,90,6,-0.195305,0.195305
Alpha,syn_J,2022-04-16,2022-04-16 10:45:00,2022-04-16 10:45:00,15,1,-0.035387,0.035387
Alpha,syn_J,2022-04-16,2022-04-16 11:15:00,2022-04-16 12:30:00,90,6,-0.379104,0.379104
Alpha,syn_J,2022-04-17,2022-04-17 11:15:00,2022-04-17 11:45:00,45,3,-0.099118,0.099118
Alpha,syn_J,2022-04-17,2022-04-17 12:15:00,2022-04-17 12:30:00,30,2,-0.02898,0.02898
Alpha,syn_J,2022-04-19,2022-04-19 11:30:00,2022-04-19 11:30:00,15,1,-0.030273,0.030273
Alpha,syn_J,2022-04-20,2022-04-20 10:30:00,2022-04-20 13:15:00,180,12,-0.446279,0.446279
Alpha,syn_J,2022-04-21,2022-04-21 10:15:00,2022-04-21 12:45:00,165,11,-0.336806,0.336806
Alpha,syn_J,2022-05-03,2022-05-03 11:30:00,2022-05-03 12:00:00,45,3,-0.04083,0.04083
Alpha,syn_J,2022-05-03,2022-05-03 18:15:00,2022-05-03 18:30:00,30,2,-0.007308,0.007308
Alpha,syn_J,2022-05-04,2022-05-04 18:00:00,2022-05-04 18:30:00,45,3,-0.009318,0.009318
Alpha,syn_J,2022-05-06,2022-05-06 11:15:00,2022-05-06 13:15:00,135,9,-0.236301,0.236301
Alpha,syn_J,2022-08-17,2022-08-17 12:00:00,2022-08-17 13:30:00,105,7,-0.323926,0.323926
Alpha,syn_J,2022-08-18,2022-08-18 12:30:00,2022-08-18 12:30:00,15,1,-0.148574,0.148574
Alpha,syn_J,2022-08-19,2022-08-19 12:00:00,2022-08-19 13:15:00,90,6,-0.57469,0.57469
Alpha,syn_J,2022-08-20,2022-08-20 12:00:00,2022-08-20 13:30:00,105,7,-0.207221,0.207221
Alpha,syn_J,2022-08-21,2022-08-21 13:30:00,2022-08-21 13:45:00,30,2,-0.031666,0.031666
Alpha,syn_J,2022-08-22,2022-08-22 11:30:00,2022-08-22 12:00:00,45,3,-0.192441,0.192441
Alpha,syn_J,2022-08-24,2022-08-24 12:00:00,2022-08-24 13:45:00,120,8,-0.215751,0.215751
Alpha,syn_J,2022-08-25,2022-08-25 12:15:00,2022-08-25 13:30:00,90,6,-0.193259,0.193259
Alpha,syn_J,2022-08-27,2022-08-27 12:00:00,2022-08-27 12:15:00,30,2,-0.360765,0.360765
Alpha,syn_J,2022-08-28,2022-08-28 11:15:00,2022-08-28 13:45:00,165,11,-0.244351,0.244351
Alpha,syn_J,2022-08-31,2022-08-31 10:30:00,2022-08-31 11:00:00,45,3,-0.387371,0.387371
Alpha,syn_J,2022-09-01,2022-09-01 10:30:00,2022-09-01 10:30:00,15,1,-0.172613,0.172613
Alpha,syn_J,2022-09-01,2022-09-01 11:15:00,2022-09-01 13:30:00,150,10,-0.741992,0.741992
Alpha,syn_J,2022-09-05,2022-09-05 11:45:00,2022-09-05 12:00:00,30,2,-0.381715,0.381715
Alpha,syn_J,2022-09-05,2022-09-05 13:15:00,2022-09-05 13:15:00,15,1,-0.190392,0.190392
Alpha,syn_J,2022-09-07,2022-09-07 10:45:00,2022-09-07 11:00:00,30,2,-0.030037,0.030037
Alpha,syn_J,2022-09-07,2022-09-07 13:00:00,2022-09-07 13:15:00,30,2,-0.171509,0.171509
Alpha,syn_J,2022-09-08,2022-09-08 10:30:00,2022-09-08 12:00:00,105,7,-0.525254,0.525254
Alpha,syn_J,2022-09-09,2022-09-09 13:15:00,2022-09-09 14:00:00,60,4,-0.155427,0.155427
Alpha,syn_J,2022-09-10,2022-09-10 11:45:00,2022-09-10 11:45:00,15,1,-0.226186,0.226186
Alpha,syn_J,2022-09-10,2022-09-10 12:15:00,2022-09-10 12:15:00,15,1,-0.48011,0.48011
Alpha,syn_J,2022-09-11,2022-09-11 10:30:00,2022-09-11 14:15:00,240,16,-0.847059,0.847059
Alpha,syn_J,2022-09-12,2022-09-12 10:15:00,2022-09-12 14:30:00,270,18,-0.953722,0.953722
Alpha,syn_J,2022-09-14,2022-09-14 10:15:00,2022-09-14 12:30:00,150,10,-0.666543,0.666543
Alpha,syn_J,2022-09-14,2022-09-14 14:15:00,2022-09-14 14:30:00,30,2,-0.157974,0.157974
Alpha,syn_J,2022-09-16,2022-09-16 10:15:00,2022-09-16 14:30:00,270,18,-1.069803,1.069803
Alpha,syn_J,2022-09-17,2022-09-17 10:00:00,2022-09-17 12:15:00,150,10,-1.026229,1.026229
Alpha,syn_J,2022-09-17,2022-09-17 12:45:00,2022-09-17 14:00:00,90,6,-0.612621,0.612621
Alpha,syn_J,2022-09-17,2022-09-17 14:30:00,2022-09-17 14:30:00,15,1,-0.290807,0.290807
Alpha,syn_J,2022-09-18,2022-09-18 10:15:00,2022-09-18 14:30:00,270,18,-0.896729,0.896729
Alpha,syn_J,2022-09-19,2022-09-19 11:30:00,2022-09-19 13:00:00,105,7,-1.177319,1.177319
Alpha,syn_J,2022-09-19,2022-09-19 13:30:00,2022-09-19 14:45:00,90,6,-0.674311,0.674311
Alpha,syn_J,2022-09-20,2022-09-20 10:00:00,2022-09-20 10:45:00,60,4,-0.634896,0.634896
Alpha,syn_J,2022-09-20,2022-09-20 11:15:00,2022-09-20 12:45:00,105,7,-0.670821,0.670821
Alpha,syn_J,2022-09-20,2022-09-20 14:00:00,2022-09-20 14:30:00,45,3,-0.306177,0.306177
Alpha,syn_J,2022-09-21,2022-09-21 11:30:00,2022-09-21 11:30:00,15,1,-0.159286,0.159286
Alpha,syn_J,2022-09-24,2022-09-24 13:15:00,2022-09-24 13:45:00,45,3,-0.705326,0.705326
Alpha,syn_J,2022-09-25,2022-09-25 09:45:00,2022-09-25 14:45:00,315,21,-1.084175,1.084175
Alpha,syn_J,2022-09-26,2022-09-26 13:15:00,2022-09-26 13:15:00,15,1,-0.465813,0.465813
Alpha,syn_J,2022-09-27,2022-09-27 11:30:00,2022-09-27 12:00:00,45,3,-0.556135,0.556135
Alpha,syn_J,2022-09-27,2022-09-27 12:30:00,2022-09-27 12:45:00,30,2,-0.397837,0.397837
Alpha,syn_J,2022-09-28,2022-09-28 09:30:00,2022-09-28 15:00:00,345,23,-1.391331,1.391331
Alpha,syn_J,2022-09-29,2022-09-29 10:30:00,2022-09-29 10:45:00,30,2,-0.058676,0.058676
Alpha,syn_J,2022-09-29,2022-09-29 11:30:00,2022-09-29 11:30:00,15,1,-0.121212,0.121212
Alpha,syn_J,2022-09-29,2022-09-29 12:45:00,2022-09-29 13:00:00,30,2,-0.498487,0.498487
Alpha,syn_J,2022-09-30,2022-09-30 10:45:00,2022-09-30 10:45:00,15,1,-0.074033,0.074033
Alpha,syn_J,2022-09-30,2022-09-30 11:15:00,2022-09-30 11:15:00,15,1,-0.063074,0.063074
Alpha,syn_J,2022-09-30,2022-09-30 13:30:00,2022-09-30 14:15:00,60,4,-0.688569,0.688569
Alpha,syn_J,2022-10-01,2022-10-01 12:00:00,2022-10-01 12:00:00,15,1,-0.029703,0.029703
Alpha,syn_J,2022-10-02,2022-10-02 10:00:00,2022-10-02 10:15:00,30,2,-0.141961,0.141961
Alpha,syn_J,2022-10-02,2022-10-02 12:45:00,2022-10-02 12:45:00,15,1,-0.494312,0.494312
Alpha,syn_J,2022-10-02,2022-10-02 13:15:00,2022-10-02 14:00:00,60,4,-0.977749,0.977749
Alpha,syn_J,2022-10-03,2022-10-03 09:30:00,2022-10-03 09:30:00,15,1,-0.018491,0.018491
Alpha,syn_J,2022-10-03,2022-10-03 10:45:00,2022-10-03 10:45:00,15,1,-0.246461,0.246461
Alpha,syn_J,2022-10-03,2022-10-03 11:30:00,2022-10-03 11:30:00,15,1,-0.061054,0.061054
Alpha,syn_J,2022-10-03,2022-10-03 13:15:00,2022-10-03 13:15:00,15,1,-0.021543,0.021543
Alpha,syn_J,2022-10-04,2022-10-04 09:15:00,2022-10-04 14:30:00,330,22,-1.288492,1.288492
Alpha,syn_J,2022-10-10,2022-10-10 11:45:00,2022-10-10 12:15:00,45,3,-0.531,0.531
Alpha,syn_J,2022-10-11,2022-10-11 12:30:00,2022-10-11 12:30:00,15,1,-0.056777,0.056777
Alpha,syn_J,2022-10-11,2022-10-11 14:00:00,2022-10-11 14:45:00,60,4,-0.560793,0.560793
Alpha,syn_J,2022-10-12,2022-10-12 13:30:00,2022-10-12 14:15:00,60,4,-0.774224,0.774224
Alpha,syn_J,2022-10-13,2022-10-13 10:00:00,2022-10-13 10:00:00,15,1,-0.078795,0.078795
Alpha,syn_J,2022-10-13,2022-10-13 12:15:00,2022-10-13 12:30:00,30,2,-0.464558,0.464558
Alpha,syn_J,2022-10-13,2022-10-13 13:00:00,2022-10-13 13:15:00,30,2,-0.204884,0.204884
Alpha,syn_J,2022-10-13,2022-10-13 14:15:00,2022-10-13 14:30:00,30,2,-0.542257,0.542257
Alpha,syn_J,2022-10-14,2022-10-14 12:15:00,2022-10-14 13:00:00,60,4,-0.317359,0.317359
Alpha,syn_J,2022-10-14,2022-10-14 13:30:00,2022-10-14 14:45:00,90,6,-0.601769,0.601769
Alpha,syn_J,2022-10-15,2022-10-15 09:00:00,2022-10-15 11:15:00,150,10,-1.103803,1.103803
Alpha,syn_J,2022-10-15,2022-10-15 11:45:00,2022-10-15 12:30:00,60,4,-0.751444,0.751444
Alpha,syn_J,2022-10-15,2022-10-15 13:00:00,2022-10-15 14:30:00,105,7,-0.799393,0.799393
Alpha,syn_J,2022-10-16,2022-10-16 09:00:00,2022-10-16 13:15:00,270,18,-1.153142,1.153142
Alpha,syn_J,2022-10-16,2022-10-16 14:00:00,2022-10-16 14:00:00,15,1,-0.138087,0.138087
Alpha,syn_J,2022-10-17,2022-10-17 11:15:00,2022-10-17 11:15:00,15,1,-0.110338,0.110338
Alpha,syn_J,2022-10-17,2022-10-17 14:45:00,2022-10-17 14:45:00,15,1,-0.015472,0.015472
Alpha,syn_J,2022-10-18,2022-10-18 09:15:00,2022-10-18 10:30:00,90,6,-0.665661,0.665661
Alpha,syn_J,2022-10-18,2022-10-18 11:30:00,2022-10-18 12:15:00,60,4,-0.22745,0.22745
Alpha,syn_J,2022-10-18,2022-10-18 13:15:00,2022-10-18 13:30:00,30,2,-0.47152,0.47152
Alpha,syn_J,2022-10-18,2022-10-18 14:00:00,2022-10-18 14:00:00,15,1,-0.268193,0.268193
Alpha,syn_J,2022-10-21,2022-10-21 12:00:00,2022-10-21 12:00:00,15,1,-0.14235,0.14235
Alpha,syn_J,2022-10-21,2022-10-21 13:30:00,2022-10-21 13:30:00,15,1,-0.512544,0.512544
Alpha,syn_J,2022-10-23,2022-10-23 10:15:00,2022-10-23 11:15:00,75,5,-0.622452,0.622452
Alpha,syn_J,2022-10-25,2022-10-25 11:00:00,2022-10-25 11:15:00,30,2,-0.944876,0.944876
Alpha,syn_J,2022-10-25,2022-10-25 12:00:00,2022-10-25 12:15:00,30,2,-1.038271,1.038271
Alpha,syn_J,2022-10-26,2022-10-26 09:00:00,2022-10-26 11:30:00,165,11,-0.958788,0.958788
Alpha,syn_J,2022-10-26,2022-10-26 12:30:00,2022-10-26 12:30:00,15,1,-0.051296,0.051296
Alpha,syn_J,2022-10-27,2022-10-27 09:00:00,2022-10-27 09:45:00,60,4,-0.392671,0.392671
Alpha,syn_J,2022-10-27,2022-10-27 11:00:00,2022-10-27 11:30:00,45,3,-0.726024,0.726024
Alpha,syn_J,2022-10-27,2022-10-27 12:00:00,2022-10-27 12:00:00,15,1,-0.287855,0.287855
Alpha,syn_J,2022-10-27,2022-10-27 12:30:00,2022-10-27 12:30:00,15,1,-0.018536,0.018536
Alpha,syn_J,2022-10-28,2022-10-28 08:30:00,2022-10-28 15:00:00,405,27,-1.684181,1.684181
Alpha,syn_J,2022-10-29,2022-10-29 08:45:00,2022-10-29 14:45:00,375,25,-1.611323,1.611323
Alpha,syn_J,2022-10-30,2022-10-30 08:30:00,2022-10-30 13:45:00,330,22,-1.12277,1.12277
Alpha,syn_J,2022-10-31,2022-10-31 09:30:00,2022-10-31 10:45:00,90,6,-0.847933,0.847933
Alpha,syn_J,2022-10-31,2022-10-31 11:45:00,2022-10-31 12:00:00,30,2,-0.230599,0.230599
Alpha,syn_J,2022-11-01,2022-11-01 09:30:00,2022-11-01 15:45:00,390,26,-1.750471,1.750471
Alpha,syn_J,2022-11-02,2022-11-02 10:45:00,2022-11-02 10:45:00,15,1,-0.150812,0.150812
Alpha,syn_J,2022-11-02,2022-11-02 12:30:00,2022-11-02 15:15:00,180,12,-1.597389,1.597389
Alpha,syn_J,2022-11-02,2022-11-02 16:00:00,2022-11-02 16:00:00,15,1,-0.425933,0.425933
Alpha,syn_J,2022-11-03,2022-11-03 09:30:00,2022-11-03 12:45:00,210,14,-1.732846,1.732846
Alpha,syn_J,2022-11-03,2022-11-03 13:45:00,2022-11-03 14:00:00,30,2,-0.764725,0.764725
Alpha,syn_J,2022-11-04,2022-11-04 10:15:00,2022-11-04 11:15:00,75,5,-0.21317,0.21317
Alpha,syn_J,2022-11-04,2022-11-04 12:15:00,2022-11-04 12:45:00,45,3,-1.086762,1.086762
Alpha,syn_J,2022-11-04,2022-11-04 13:45:00,2022-11-04 14:45:00,75,5,-0.866637,0.866637
Alpha,syn_J,2022-11-05,2022-11-05 09:45:00,2022-11-05 11:15:00,105,7,-0.402128,0.402128
Alpha,syn_J,2022-11-05,2022-11-05 11:45:00,2022-11-05 12:15:00,45,3,-0.891005,0.891005
Alpha,syn_J,2022-11-05,2022-11-05 13:00:00,2022-11-05 13:30:00,45,3,-0.710447,0.710447
Alpha,syn_J,2022-11-05,2022-11-05 14:00:00,2022-11-05 16:00:00,135,9,-1.134778,1.134778
Alpha,syn_J,2022-11-06,2022-11-06 09:45:00,2022-11-06 15:00:00,330,22,-1.194974,1.194974
Alpha,syn_J,2022-11-07,2022-11-07 09:30:00,2022-11-07 09:30:00,15,1,-0.17531,0.17531
Alpha,syn_J,2022-11-07,2022-11-07 11:30:00,2022-11-07 13:30:00,135,9,-0.948452,0.948452
Alpha,syn_J,2022-11-07,2022-11-07 14:00:00,2022-11-07 14:15:00,30,2,-0.189731,0.189731
Alpha,syn_J,2022-11-07,2022-11-07 15:15:00,2022-11-07 15:30:00,30,2,-0.404476,0.404476
Alpha,syn_J,2022-11-08,2022-11-08 09:30:00,2022-11-08 10:00:00,45,3,-0.133624,0.133624
Alpha,syn_J,2022-11-08,2022-11-08 10:45:00,2022-11-08 11:00:00,30,2,-0.215175,0.215175
Alpha,syn_J,2022-11-08,2022-11-08 11:45:00,2022-11-08 12:00:00,30,2,-0.338185,0.338185
Alpha,syn_J,2022-11-08,2022-11-08 13:30:00,2022-11-08 13:45:00,30,2,-0.4619,0.4619
Alpha,syn_J,2022-11-08,2022-11-08 14:15:00,2022-11-08 14:15:00,15,1,-0.46877,0.46877
Alpha,syn_J,2022-11-08,2022-11-08 15:15:00,2022-11-08 15:30:00,30,2,-0.485155,0.485155
Alpha,syn_J,2022-11-09,2022-11-09 10:15:00,2022-11-09 10:45:00,45,3,-0.518862,0.518862
Alpha,syn_J,2022-11-09,2022-11-09 12:00:00,2022-11-09 14:30:00,165,11,-0.883258,0.883258
Alpha,syn_J,2022-11-10,2022-11-10 09:30:00,2022-11-10 13:15:00,240,16,-1.333223,1.333223
Alpha,syn_J,2022-11-10,2022-11-10 13:45:00,2022-11-10 15:30:00,120,8,-1.089599,1.089599
Alpha,syn_J,2022-11-11,2022-11-11 10:00:00,2022-11-11 11:15:00,90,6,-0.644889,0.644889
Alpha,syn_J,2022-11-11,2022-11-11 11:45:00,2022-11-11 12:30:00,60,4,-0.877378,0.877378
Alpha,syn_J,2022-11-11,2022-11-11 13:30:00,2022-11-11 13:45:00,30,2,-0.594603,0.594603
Alpha,syn_J,2022-11-12,2022-11-12 11:45:00,2022-11-12 12:30:00,60,4,-0.347496,0.347496
Alpha,syn_J,2022-11-14,2022-11-14 10:15:00,2022-11-14 15:00:00,300,20,-0.800892,0.800892
Alpha,syn_J,2022-11-15,2022-11-15 09:45:00,2022-11-15 11:00:00,90,6,-0.567509,0.567509
Alpha,syn_J,2022-11-15,2022-11-15 11:30:00,2022-11-15 12:00:00,45,3,-0.5677,0.5677
Alpha,syn_J,2022-11-16,2022-11-16 09:15:00,2022-11-16 09:45:00,45,3,-0.486168,0.486168
Alpha,syn_J,2022-11-16,2022-11-16 10:30:00,2022-11-16 12:45:00,150,10,-1.261691,1.261691
Alpha,syn_J,2022-11-16,2022-11-16 13:30:00,2022-11-16 13:30:00,15,1,-0.192875,0.192875
Alpha,syn_J,2022-11-16,2022-11-16 14:45:00,2022-11-16 15:00:00,30,2,-0.619289,0.619289
Alpha,syn_J,2022-11-17,2022-11-17 09:30:00,2022-11-17 11:30:00,135,9,-1.06855,1.06855
Alpha,syn_J,2022-11-17,2022-11-17 12:15:00,2022-11-17 12:30:00,30,2,-0.816667,0.816667
Alpha,syn_J,2022-11-17,2022-11-17 13:00:00,2022-11-17 13:00:00,15,1,-0.054718,0.054718
Alpha,syn_J,2022-11-17,2022-11-17 15:45:00,2022-11-17 15:45:00,15,1,-0.409069,0.409069
Alpha,syn_J,2022-11-18,2022-11-18 09:30:00,2022-11-18 13:45:00,270,18,-1.396873,1.396873
Alpha,syn_J,2022-11-19,2022-11-19 09:45:00,2022-11-19 15:15:00,345,23,-1.399151,1.399151
Alpha,syn_J,2022-11-20,2022-11-20 10:45:00,2022-11-20 11:00:00,30,2,-0.131609,0.131609
Alpha,syn_J,2022-11-20,2022-11-20 11:45:00,2022-11-20 14:30:00,180,12,-0.561435,0.561435
Alpha,syn_J,2022-11-21,2022-11-21 09:45:00,2022-11-21 14:45:00,315,21,-1.209904,1.209904
Alpha,syn_J,2022-11-22,2022-11-22 09:15:00,2022-11-22 16:00:00,420,28,-1.856097,1.856097
Alpha,syn_J,2022-11-23,2022-11-23 09:30:00,2022-11-23 15:30:00,375,25,-1.538,1.538
Alpha,syn_J,2022-11-24,2022-11-24 09:45:00,2022-11-24 13:45:00,255,17,-0.858626,0.858626
Alpha,syn_J,2022-11-25,2022-11-25 10:30:00,2022-11-25 10:30:00,15,1,-0.076714,0.076714
Alpha,syn_J,2022-11-25,2022-11-25 11:00:00,2022-11-25 12:00:00,75,5,-0.467612,0.467612
Alpha,syn_J,2022-11-26,2022-11-26 11:30:00,2022-11-26 12:00:00,45,3,-0.40009,0.40009
Alpha,syn_J,2022-11-26,2022-11-26 12:45:00,2022-11-26 15:30:00,180,12,-0.975066,0.975066
Alpha,syn_J,2022-11-27,2022-11-27 10:45:00,2022-11-27 10:45:00,15,1,-0.167563,0.167563
Alpha,syn_J,2022-11-27,2022-11-27 12:00:00,2022-11-27 12:45:00,60,4,-0.73344,0.73344
Alpha,syn_J,2022-11-28,2022-11-28 11:45:00,2022-11-28 11:45:00,15,1,-0.119625,0.119625
Alpha,syn_J,2022-11-29,2022-11-29 10:15:00,2022-11-29 10:15:00,15,1,-0.00609,0.00609
Alpha,syn_J,2022-11-29,2022-11-29 12:00:00,2022-11-29 12:00:00,15,1,-0.054332,0.054332
Alpha,syn_J,2022-11-29,2022-11-29 13:45:00,2022-11-29 15:15:00,105,7,-0.567958,0.567958
Alpha,syn_J,2022-11-30,2022-11-30 10:00:00,2022-11-30 10:00:00,15,1,-0.034292,0.034292
Alpha,syn_J,2022-11-30,2022-11-30 14:30:00,2022-11-30 15:00:00,45,3,-0.494127,0.494127
Alpha,syn_J,2022-12-02,2022-12-02 10:30:00,2022-12-02 10:30:00,15,1,-0.110027,0.110027
Alpha,syn_J,2022-12-02,2022-12-02 13:00:00,2022-12-02 14:15:00,90,6,-0.869447,0.869447
Alpha,syn_J,2022-12-03,2022-12-03 11:00:00,2022-12-03 15:00:00,255,17,-0.949133,0.949133
Alpha,syn_J,2022-12-04,2022-12-04 09:45:00,2022-12-04 09:45:00,15,1,-0.0417,0.0417
Alpha,syn_J,2022-12-04,2022-12-04 10:45:00,2022-12-04 11:00:00,30,2,-0.396249,0.396249
Alpha,syn_J,2022-12-04,2022-12-04 14:00:00,2022-12-04 14:00:00,15,1,-0.454022,0.454022
Alpha,syn_J,2022-12-05,2022-12-05 10:30:00,2022-12-05 10:45:00,30,2,-0.18319,0.18319
Alpha,syn_J,2022-12-05,2022-12-05 11:45:00,2022-12-05 12:30:00,60,4,-0.417846,0.417846
Alpha,syn_J,2022-12-07,2022-12-07 10:15:00,2022-12-07 10:15:00,15,1,-0.070032,0.070032
Alpha,syn_J,2022-12-07,2022-12-07 11:00:00,2022-12-07 11:00:00,15,1,-0.503666,0.503666
Alpha,syn_J,2022-12-08,2022-12-08 11:15:00,2022-12-08 12:30:00,90,6,-0.34635,0.34635
Alpha,syn_J,2022-12-08,2022-12-08 14:15:00,2022-12-08 15:30:00,90,6,-0.383769,0.383769
Alpha,syn_J,2022-12-09,2022-12-09 10:45:00,2022-12-09 11:15:00,45,3,-0.862143,0.862143
Alpha,syn_J,2022-12-09,2022-12-09 12:15:00,2022-12-09 15:30:00,210,14,-1.670072,1.670072
Alpha,syn_J,2022-12-10,2022-12-10 14:30:00,2022-12-10 14:30:00,15,1,-0.059725,0.059725
Alpha,syn_J,2022-12-11,2022-12-11 10:00:00,2022-12-11 13:15:00,210,14,-0.683946,0.683946
Alpha,syn_J,2022-12-13,2022-12-13 09:30:00,2022-12-13 15:15:00,360,24,-1.295918,1.295918
Alpha,syn_J,2022-12-14,2022-12-14 09:45:00,2022-12-14 10:45:00,75,5,-0.600488,0.600488
Alpha,syn_J,2022-12-14,2022-12-14 12:15:00,2022-12-14 15:30:00,210,14,-0.901953,0.901953
Alpha,syn_J,2022-12-15,2022-12-15 09:30:00,2022-12-15 13:15:00,240,16,-1.232907,1.232907
Alpha,syn_J,2022-12-15,2022-12-15 13:45:00,2022-12-15 14:00:00,30,2,-0.851502,0.851502
Alpha,syn_J,2022-12-16,2022-12-16 12:15:00,2022-12-16 14:30:00,150,10,-1.347918,1.347918
Alpha,syn_J,2022-12-17,2022-12-17 11:15:00,2022-12-17 11:15:00,15,1,-0.328783,0.328783
Alpha,syn_J,2022-12-17,2022-12-17 13:15:00,2022-12-17 13:15:00,15,1,-0.148509,0.148509
Alpha,syn_J,2022-12-18,2022-12-18 12:30:00,2022-12-18 12:30:00,15,1,-0.104167,0.104167
Alpha,syn_J,2022-12-18,2022-12-18 13:00:00,2022-12-18 13:00:00,15,1,-0.253801,0.253801
Alpha,syn_J,2022-12-18,2022-12-18 13:45:00,2022-12-18 13:45:00,15,1,-0.247703,0.247703
Alpha,syn_J,2022-12-19,2022-12-19 13:00:00,2022-12-19 13:00:00,15,1,-0.040552,0.040552
Alpha,syn_J,2022-12-19,2022-12-19 13:30:00,2022-12-19 13:45:00,30,2,-0.570263,0.570263
Alpha,syn_J,2022-12-19,2022-12-19 15:15:00,2022-12-19 15:15:00,15,1,-0.115548,0.115548
Alpha,syn_J,2022-12-19,2022-12-19 15:45:00,2022-12-19 16:00:00,30,2,-0.346159,0.346159
Alpha,syn_J,2022-12-20,2022-12-20 10:45:00,2022-12-20 11:00:00,30,2,-0.587739,0.587739
Alpha,syn_J,2022-12-20,2022-12-20 11:30:00,2022-12-20 11:30:00,15,1,-0.049583,0.049583
Alpha,syn_J,2022-12-20,2022-12-20 12:45:00,2022-12-20 13:00:00,30,2,-0.374307,0.374307
Alpha,syn_J,2022-12-20,2022-12-20 15:30:00,2022-12-20 16:00:00,45,3,-1.092024,1.092024
Alpha,syn_J,2022-12-21,2022-12-21 09:30:00,2022-12-21 09:30:00,15,1,-0.041448,0.041448
Alpha,syn_J,2022-12-21,2022-12-21 13:15:00,2022-12-21 15:30:00,150,10,-1.312424,1.312424
Alpha,syn_J,2022-12-21,2022-12-21 16:00:00,2022-12-21 16:15:00,30,2,-0.217329,0.217329
Alpha,syn_J,2022-12-22,2022-12-22 09:30:00,2022-12-22 10:30:00,75,5,-0.74903,0.74903
Alpha,syn_J,2022-12-22,2022-12-22 12:30:00,2022-12-22 13:15:00,60,4,-1.089244,1.089244
Alpha,syn_J,2022-12-22,2022-12-22 13:45:00,2022-12-22 14:00:00,30,2,-0.483222,0.483222
Alpha,syn_J,2023-01-06,2023-01-06 14:00:00,2023-01-06 14:15:00,30,2,-0.72158,0.72158
Alpha,syn_J,2023-01-06,2023-01-06 15:45:00,2023-01-06 15:45:00,15,1,-0.269853,0.269853
Alpha,syn_J,2023-01-08,2023-01-08 11:30:00,2023-01-08 11:30:00,15,1,-0.109481,0.109481
Alpha,syn_J,2023-01-08,2023-01-08 13:00:00,2023-01-08 13:15:00,30,2,-0.559383,0.559383
Alpha,syn_J,2023-01-09,2023-01-09 10:00:00,2023-01-09 13:15:00,210,14,-0.66817,0.66817
Alpha,syn_J,2023-01-20,2023-01-20 11:15:00,2023-01-20 11:15:00,15,1,-0.189986,0.189986
Alpha,syn_J,2023-01-21,2023-01-21 10:45:00,2023-01-21 11:00:00,30,2,-0.086804,0.086804
Alpha,syn_J,2023-01-21,2023-01-21 12:15:00,2023-01-21 12:15:00,15,1,-0.446055,0.446055
Alpha,syn_J,2023-02-04,2023-02-04 10:45:00,2023-02-04 14:15:00,225,15,-0.591655,0.591655
Alpha,syn_J,2023-02-05,2023-02-05 10:45:00,2023-02-05 12:00:00,90,6,-0.173191,0.173191
Alpha,syn_J,2023-02-25,2023-02-25 11:15:00,2023-02-25 11:15:00,15,1,-0.073871,0.073871
Alpha,syn_J,2023-02-25,2023-02-25 11:45:00,2023-02-25 11:45:00,15,1,-0.153253,0.153253
Alpha,syn_J,2023-02-25,2023-02-25 13:15:00,2023-02-25 13:15:00,15,1,-0.328499,0.328499
Alpha,syn_J,2023-03-09,2023-03-09 11:45:00,2023-03-09 12:30:00,60,4,-0.091702,0.091702
Alpha,syn_J,2023-03-29,2023-03-29 12:15:00,2023-03-29 12:15:00,15,1,-0.023969,0.023969
Alpha,syn_J,2023-03-30,2023-03-30 10:45:00,2023-03-30 10:45:00,15,1,-0.175919,0.175919
Alpha,syn_J,2023-03-30,2023-03-30 11:15:00,2023-03-30 11:30:00,30,2,-0.362736,0.362736
Alpha,syn_J,2023-03-30,2023-03-30 12:00:00,2023-03-30 13:00:00,75,5,-0.731972,0.731972
Alpha,syn_J,2023-03-31,2023-03-31 10:30:00,2023-03-31 15:30:00,315,21,-1.274453,1.274453
Alpha,syn_J,2023-04-01,2023-04-01 10:00:00,2023-04-01 11:45:00,120,8,-0.958161,0.958161
Alpha,syn_J,2023-04-01,2023-04-01 12:15:00,2023-04-01 12:30:00,30,2,-0.35896,0.35896
Alpha,syn_J,2023-04-01,2023-04-01 13:00:00,2023-04-01 13:00:00,15,1,-0.290835,0.290835
Alpha,syn_J,2023-04-01,2023-04-01 14:30:00,2023-04-01 14:30:00,15,1,-0.098138,0.098138
Alpha,syn_J,2023-04-02,2023-04-02 10:45:00,2023-04-02 11:45:00,75,5,-0.763968,0.763968
Alpha,syn_J,2023-04-02,2023-04-02 12:30:00,2023-04-02 12:45:00,30,2,-0.39131,0.39131
Alpha,syn_J,2023-04-03,2023-04-03 12:00:00,2023-04-03 12:00:00,15,1,-0.261834,0.261834
Alpha,syn_J,2023-04-04,2023-04-04 11:30:00,2023-04-04 11:30:00,15,1,-0.032036,0.032036
Alpha,syn_J,2023-04-04,2023-04-04 12:00:00,2023-04-04 12:30:00,45,3,-0.377192,0.377192
Alpha,syn_J,2023-04-05,2023-04-05 13:30:00,2023-04-05 13:45:00,30,2,-0.487692,0.487692
Alpha,syn_J,2023-04-06,2023-04-06 10:45:00,2023-04-06 10:45:00,15,1,-0.042827,0.042827
Alpha,syn_J,2023-04-06,2023-04-06 12:00:00,2023-04-06 12:00:00,15,1,-0.105056,0.105056
Alpha,syn_J,2023-04-06,2023-04-06 12:30:00,2023-04-06 12:30:00,15,1,-0.153034,0.153034
Alpha,syn_J,2023-04-07,2023-04-07 14:15:00,2023-04-07 14:30:00,30,2,-0.575479,0.575479
Alpha,syn_J,2023-04-08,2023-04-08 09:30:00,2023-04-08 13:15:00,240,16,-0.665726,0.665726
Alpha,syn_J,2023-04-08,2023-04-08 13:45:00,2023-04-08 13:45:00,15,1,-0.296638,0.296638
Alpha,syn_J,2023-04-08,2023-04-08 14:15:00,2023-04-08 14:30:00,30,2,-0.134679,0.134679
Alpha,syn_J,2023-04-09,2023-04-09 09:45:00,2023-04-09 14:45:00,315,21,-1.28515,1.28515
Alpha,syn_J,2023-04-10,2023-04-10 09:30:00,2023-04-10 11:15:00,120,8,-0.847622,0.847622
Alpha,syn_J,2023-04-10,2023-04-10 12:00:00,2023-04-10 12:15:00,30,2,-0.682287,0.682287
Alpha,syn_J,2023-04-10,2023-04-10 13:00:00,2023-04-10 14:30:00,105,7,-0.535172,0.535172
Alpha,syn_J,2023-04-11,2023-04-11 09:45:00,2023-04-11 14:45:00,315,21,-1.34811,1.34811
Alpha,syn_J,2023-04-12,2023-04-12 09:30:00,2023-04-12 10:30:00,75,5,-0.817728,0.817728
Alpha,syn_J,2023-04-12,2023-04-12 11:00:00,2023-04-12 11:15:00,30,2,-0.981574,0.981574
Alpha,syn_J,2023-04-13,2023-04-13 10:00:00,2023-04-13 10:30:00,45,3,-0.459847,0.459847
Alpha,syn_J,2023-04-13,2023-04-13 12:15:00,2023-04-13 12:15:00,15,1,-0.103407,0.103407
Alpha,syn_J,2023-04-13,2023-04-13 13:45:00,2023-04-13 13:45:00,15,1,-0.407593,0.407593
Alpha,syn_J,2023-04-14,2023-04-14 10:00:00,2023-04-14 10:00:00,15,1,-0.412432,0.412432
Alpha,syn_J,2023-04-14,2023-04-14 11:15:00,2023-04-14 11:30:00,30,2,-0.508116,0.508116
Alpha,syn_J,2023-04-14,2023-04-14 13:30:00,2023-04-14 13:45:00,30,2,-0.600845,0.600845
Alpha,syn_J,2023-04-15,2023-04-15 09:45:00,2023-04-15 14:15:00,285,19,-1.064849,1.064849
Alpha,syn_J,2023-04-17,2023-04-17 09:45:00,2023-04-17 11:00:00,90,6,-0.498047,0.498047
Alpha,syn_J,2023-04-17,2023-04-17 13:00:00,2023-04-17 13:15:00,30,2,-0.68647,0.68647
Alpha,syn_J,2023-04-18,2023-04-18 09:45:00,2023-04-18 12:00:00,150,10,-0.710851,0.710851
Alpha,syn_J,2023-04-18,2023-04-18 13:00:00,2023-04-18 13:00:00,15,1,-0.541572,0.541572
Alpha,syn_J,2023-04-19,2023-04-19 09:45:00,2023-04-19 13:30:00,240,16,-1.152872,1.152872
Alpha,syn_J,2023-04-19,2023-04-19 14:00:00,2023-04-19 14:15:00,30,2,-0.0603,0.0603
Alpha,syn_J,2023-04-21,2023-04-21 10:00:00,2023-04-21 10:30:00,45,3,-0.446486,0.446486
Alpha,syn_J,2023-04-21,2023-04-21 11:00:00,2023-04-21 11:00:00,15,1,-0.635995,0.635995
Alpha,syn_J,2023-04-21,2023-04-21 12:00:00,2023-04-21 12:15:00,30,2,-0.474098,0.474098
Alpha,syn_J,2023-04-23,2023-04-23 12:45:00,2023-04-23 12:45:00,15,1,-0.222015,0.222015
Alpha,syn_J,2023-04-24,2023-04-24 10:30:00,2023-04-24 11:30:00,75,5,-0.357479,0.357479
Alpha,syn_J,2023-04-25,2023-04-25 10:30:00,2023-04-25 10:30:00,15,1,-0.101997,0.101997
Alpha,syn_J,2023-04-25,2023-04-25 11:30:00,2023-04-25 11:45:00,30,2,-0.259965,0.259965
Alpha,syn_J,2023-04-25,2023-04-25 13:45:00,2023-04-25 13:45:00,15,1,-0.118977,0.118977
Alpha,syn_J,2023-04-26,2023-04-26 10:15:00,2023-04-26 13:00:00,180,12,-0.856583,0.856583
Alpha,syn_J,2023-04-27,2023-04-27 10:00:00,2023-04-27 12:00:00,135,9,-0.761495,0.761495
Alpha,syn_J,2023-04-27,2023-04-27 13:00:00,2023-04-27 13:00:00,15,1,-0.221163,0.221163
Alpha,syn_J,2023-04-27,2023-04-27 13:30:00,2023-04-27 13:45:00,30,2,-0.329856,0.329856
Alpha,syn_J,2023-04-28,2023-04-28 10:15:00,2023-04-28 13:30:00,210,14,-0.688824,0.688824
Alpha,syn_J,2023-04-30,2023-04-30 11:15:00,2023-04-30 13:30:00,150,10,-0.817568,0.817568
Alpha,syn_J,2023-05-01,2023-05-01 10:15:00,2023-05-01 10:15:00,15,1,-0.105327,0.105327
Alpha,syn_J,2023-05-01,2023-05-01 11:00:00,2023-05-01 14:00:00,195,13,-0.954703,0.954703
Alpha,syn_J,2023-05-02,2023-05-02 10:30:00,2023-05-02 13:45:00,210,14,-0.935507,0.935507
Alpha,syn_J,2023-05-03,2023-05-03 10:15:00,2023-05-03 14:00:00,240,16,-0.665382,0.665382
Alpha,syn_J,2023-05-04,2023-05-04 10:15:00,2023-05-04 14:00:00,240,16,-0.934276,0.934276
Alpha,syn_J,2023-05-05,2023-05-05 10:45:00,2023-05-05 13:15:00,165,11,-0.828529,0.828529
Alpha,syn_J,2023-05-05,2023-05-05 14:00:00,2023-05-05 14:00:00,15,1,-0.047014,0.047014
Alpha,syn_J,2023-05-06,2023-05-06 10:45:00,2023-05-06 14:00:00,210,14,-0.635566,0.635566
Alpha,syn_J,2023-05-09,2023-05-09 11:45:00,2023-05-09 12:30:00,60,4,-0.211144,0.211144
Alpha,syn_J,2023-05-10,2023-05-10 11:15:00,2023-05-10 13:30:00,150,10,-0.341327,0.341327
Alpha,syn_J,2023-05-11,2023-05-11 11:15:00,2023-05-11 13:30:00,150,10,-0.45732,0.45732
Alpha,syn_J,2023-05-12,2023-05-12 11:30:00,2023-05-12 13:30:00,135,9,-0.34433,0.34433
Alpha,syn_J,2023-05-13,2023-05-13 11:15:00,2023-05-13 12:15:00,75,5,-0.401641,0.401641
Alpha,syn_J,2023-05-14,2023-05-14 11:30:00,2023-05-14 12:30:00,75,5,-0.37614,0.37614
Alpha,syn_J,2023-05-14,2023-05-14 13:00:00,2023-05-14 13:30:00,45,3,-0.361956,0.361956
Alpha,syn_J,2023-05-16,2023-05-16 12:15:00,2023-05-16 13:15:00,75,5,-0.326655,0.326655
Alpha,syn_J,2023-05-18,2023-05-18 12:15:00,2023-05-18 12:15:00,15,1,-0.097612,0.097612
Alpha,syn_J,2023-05-19,2023-05-19 12:00:00,2023-05-19 13:15:00,90,6,-0.078303,0.078303
Alpha,syn_J,2023-05-31,2023-05-31 12:45:00,2023-05-31 12:45:00,15,1,-0.038055,0.038055
Alpha,syn_J,2023-06-09,2023-06-09 11:45:00,2023-06-09 13:00:00,90,6,-0.104542,0.104542
Alpha,syn_J,2023-06-17,2023-06-17 11:45:00,2023-06-17 13:00:00,90,6,-0.562812,0.562812
Alpha,syn_J,2023-06-27,2023-06-27 12:30:00,2023-06-27 12:30:00,15,1,-0.005865,0.005865
Alpha,syn_J,2023-07-05,2023-07-05 11:45:00,2023-07-05 12:45:00,75,5,-0.149258,0.149258
Alpha,syn_J,2023-07-07,2023-07-07 12:00:00,2023-07-07 12:30:00,45,3,-0.099163,0.099163
Alpha,syn_J,2023-07-10,2023-07-10 12:15:00,2023-07-10 12:30:00,30,2,-0.032673,0.032673
Alpha,syn_J,2023-07-11,2023-07-11 12:15:00,2023-07-11 13:15:00,75,5,-0.074537,0.074537
Alpha,syn_J,2023-07-13,2023-07-13 12:45:00,2023-07-13 13:00:00,30,2,-0.090022,0.090022
Alpha,syn_J,2023-07-14,2023-07-14 11:45:00,2023-07-14 13:30:00,120,8,-0.206287,0.206287
Alpha,syn_J,2023-07-19,2023-07-19 11:30:00,2023-07-19 13:45:00,150,10,-0.41722,0.41722
Alpha,syn_J,2023-07-25,2023-07-25 12:00:00,2023-07-25 12:15:00,30,2,-0.147585,0.147585
Alpha,syn_J,2023-07-26,2023-07-26 12:00:00,2023-07-26 13:45:00,120,8,-0.217578,0.217578
Alpha,syn_J,2023-07-27,2023-07-27 12:00:00,2023-07-27 13:45:00,120,8,-0.284238,0.284238
Alpha,syn_J,2023-07-28,2023-07-28 11:15:00,2023-07-28 11:15:00,15,1,-0.043272,0.043272
Alpha,syn_J,2023-07-28,2023-07-28 11:45:00,2023-07-28 12:00:00,30,2,-0.61907,0.61907
Alpha,syn_J,2023-07-29,2023-07-29 11:00:00,2023-07-29 11:00:00,15,1,-0.042246,0.042246
Alpha,syn_J,2023-07-29,2023-07-29 11:30:00,2023-07-29 13:15:00,120,8,-1.870999,1.870999
Alpha,syn_J,2023-07-29,2023-07-29 13:45:00,2023-07-29 14:15:00,45,3,-1.386451,1.386451
Alpha,syn_J,2023-07-30,2023-07-30 11:45:00,2023-07-30 14:00:00,150,10,-0.648322,0.648322
Alpha,syn_J,2023-07-31,2023-07-31 10:30:00,2023-07-31 14:15:00,240,16,-0.889469,0.889469
Alpha,syn_J,2023-08-01,2023-08-01 10:45:00,2023-08-01 14:15:00,225,15,-0.77793,0.77793
Alpha,syn_J,2023-08-02,2023-08-02 11:00:00,2023-08-02 12:00:00,75,5,-0.647995,0.647995
Alpha,syn_J,2023-08-02,2023-08-02 13:00:00,2023-08-02 13:00:00,15,1,-0.066858,0.066858
Alpha,syn_J,2023-08-03,2023-08-03 12:15:00,2023-08-03 14:00:00,120,8,-0.283565,0.283565
Alpha,syn_J,2023-08-04,2023-08-04 11:15:00,2023-08-04 14:00:00,180,12,-0.605156,0.605156
Alpha,syn_J,2023-08-05,2023-08-05 11:15:00,2023-08-05 11:15:00,15,1,-0.226783,0.226783
Alpha,syn_J,2023-08-07,2023-08-07 11:15:00,2023-08-07 11:15:00,15,1,-0.187178,0.187178
Alpha,syn_J,2023-08-09,2023-08-09 11:00:00,2023-08-09 14:15:00,210,14,-0.754355,0.754355
Alpha,syn_J,2023-08-10,2023-08-10 11:00:00,2023-08-10 13:15:00,150,10,-0.715153,0.715153
Alpha,syn_J,2023-08-10,2023-08-10 13:45:00,2023-08-10 13:45:00,15,1,-0.167356,0.167356
Alpha,syn_J,2023-08-11,2023-08-11 10:30:00,2023-08-11 14:30:00,255,17,-1.087048,1.087048
Alpha,syn_J,2023-08-12,2023-08-12 11:00:00,2023-08-12 14:15:00,210,14,-0.860112,0.860112
Alpha,syn_J,2023-08-13,2023-08-13 12:30:00,2023-08-13 12:45:00,30,2,-0.475826,0.475826
Alpha,syn_J,2023-08-15,2023-08-15 11:30:00,2023-08-15 11:30:00,15,1,-0.161931,0.161931
Alpha,syn_J,2023-08-15,2023-08-15 12:15:00,2023-08-15 12:15:00,15,1,-0.006682,0.006682
Alpha,syn_J,2023-08-15,2023-08-15 13:30:00,2023-08-15 13:30:00,15,1,-0.009966,0.009966
Alpha,syn_J,2023-08-16,2023-08-16 10:30:00,2023-08-16 10:30:00,15,1,-0.049337,0.049337
Alpha,syn_J,2023-08-16,2023-08-16 12:00:00,2023-08-16 13:00:00,75,5,-0.995144,0.995144
Alpha,syn_J,2023-08-16,2023-08-16 14:00:00,2023-08-16 14:00:00,15,1,-0.205538,0.205538
Alpha,syn_J,2023-08-17,2023-08-17 11:00:00,2023-08-17 14:15:00,210,14,-0.985931,0.985931
Alpha,syn_J,2023-08-18,2023-08-18 10:30:00,2023-08-18 10:30:00,15,1,-0.048307,0.048307
Alpha,syn_J,2023-08-18,2023-08-18 11:00:00,2023-08-18 11:30:00,45,3,-0.455648,0.455648
Alpha,syn_J,2023-08-18,2023-08-18 12:15:00,2023-08-18 13:45:00,105,7,-1.222075,1.222075
Alpha,syn_J,2023-08-19,2023-08-19 11:00:00,2023-08-19 14:30:00,225,15,-0.853839,0.853839
Alpha,syn_J,2023-08-20,2023-08-20 10:30:00,2023-08-20 14:30:00,255,17,-1.100583,1.100583
Alpha,syn_J,2023-08-21,2023-08-21 10:15:00,2023-08-21 14:45:00,285,19,-1.288838,1.288838
Alpha,syn_J,2023-08-22,2023-08-22 10:30:00,2023-08-22 14:00:00,225,15,-1.343513,1.343513
Alpha,syn_J,2023-08-23,2023-08-23 10:00:00,2023-08-23 14:45:00,300,20,-1.524042,1.524042
Alpha,syn_J,2023-08-24,2023-08-24 13:00:00,2023-08-24 13:00:00,15,1,-0.088878,0.088878
Alpha,syn_J,2023-08-24,2023-08-24 13:30:00,2023-08-24 14:15:00,60,4,-0.843737,0.843737
Alpha,syn_J,2023-08-25,2023-08-25 10:30:00,2023-08-25 14:45:00,270,18,-1.303246,1.303246
Alpha,syn_J,2023-08-26,2023-08-26 10:15:00,2023-08-26 14:45:00,285,19,-1.232524,1.232524
Alpha,syn_J,2023-08-27,2023-08-27 10:15:00,2023-08-27 14:15:00,255,17,-1.13001,1.13001
Alpha,syn_J,2023-08-28,2023-08-28 10:15:00,2023-08-28 14:15:00,255,17,-1.210348,1.210348
Alpha,syn_J,2023-08-28,2023-08-28 14:45:00,2023-08-28 14:45:00,15,1,-0.252698,0.252698
Alpha,syn_J,2023-08-29,2023-08-29 10:00:00,2023-08-29 14:45:00,300,20,-1.394837,1.394837
Alpha,syn_J,2023-08-30,2023-08-30 10:00:00,2023-08-30 14:15:00,270,18,-1.448052,1.448052
Alpha,syn_J,2023-08-31,2023-08-31 09:30:00,2023-08-31 12:00:00,165,11,-1.377748,1.377748
Alpha,syn_J,2023-08-31,2023-08-31 12:30:00,2023-08-31 12:30:00,15,1,-0.196503,0.196503
Alpha,syn_J,2023-09-02,2023-09-02 10:00:00,2023-09-02 10:15:00,30,2,-0.48685,0.48685
Alpha,syn_J,2023-09-02,2023-09-02 11:00:00,2023-09-02 11:00:00,15,1,-0.577335,0.577335
Alpha,syn_J,2023-09-02,2023-09-02 11:30:00,2023-09-02 11:45:00,30,2,-0.443925,0.443925
Alpha,syn_J,2023-09-03,2023-09-03 10:15:00,2023-09-03 11:30:00,90,6,-1.023061,1.023061
Alpha,syn_J,2023-09-03,2023-09-03 12:00:00,2023-09-03 14:45:00,180,12,-1.269231,1.269231
Alpha,syn_J,2023-09-04,2023-09-04 10:00:00,2023-09-04 14:45:00,300,20,-1.374485,1.374485
Alpha,syn_J,2023-09-05,2023-09-05 09:30:00,2023-09-05 15:00:00,345,23,-1.823567,1.823567
Alpha,syn_J,2023-09-06,2023-09-06 09:30:00,2023-09-06 15:00:00,345,23,-1.800091,1.800091
Alpha,syn_J,2023-09-07,2023-09-07 09:45:00,2023-09-07 10:15:00,45,3,-0.555306,0.555306
Alpha,syn_J,2023-09-07,2023-09-07 11:30:00,2023-09-07 14:30:00,195,13,-1.569378,1.569378
Alpha,syn_J,2023-09-09,2023-09-09 09:45:00,2023-09-09 15:00:00,330,22,-1.762051,1.762051
Alpha,syn_J,2023-09-10,2023-09-10 10:00:00,2023-09-10 15:00:00,315,21,-1.508488,1.508488
Alpha,syn_J,2023-09-11,2023-09-11 10:00:00,2023-09-11 11:30:00,105,7,-0.977898,0.977898
Alpha,syn_J,2023-09-11,2023-09-11 12:15:00,2023-09-11 13:00:00,60,4,-0.746021,0.746021
Alpha,syn_J,2023-09-11,2023-09-11 14:00:00,2023-09-11 14:00:00,15,1,-0.269175,0.269175
Alpha,syn_J,2023-09-12,2023-09-12 09:45:00,2023-09-12 13:45:00,255,17,-1.686072,1.686072
Alpha,syn_J,2023-09-13,2023-09-13 09:30:00,2023-09-13 15:00:00,345,23,-1.915316,1.915316
Alpha,syn_J,2023-09-14,2023-09-14 09:30:00,2023-09-14 14:45:00,330,22,-1.786104,1.786104
Alpha,syn_J,2023-09-15,2023-09-15 09:30:00,2023-09-15 14:45:00,330,22,-1.651234,1.651234
Alpha,syn_J,2023-09-16,2023-09-16 09:15:00,2023-09-16 14:15:00,315,21,-1.71204,1.71204
Alpha,syn_J,2023-09-17,2023-09-17 09:15:00,2023-09-17 13:30:00,270,18,-1.26873,1.26873
Alpha,syn_J,2023-09-18,2023-09-18 09:00:00,2023-09-18 12:45:00,240,16,-1.197558,1.197558
Alpha,syn_J,2023-09-19,2023-09-19 09:15:00,2023-09-19 12:45:00,225,15,-0.874678,0.874678
Alpha,syn_J,2023-09-20,2023-09-20 09:15:00,2023-09-20 12:45:00,225,15,-0.746032,0.746032
Alpha,syn_J,2023-09-21,2023-09-21 09:45:00,2023-09-21 11:15:00,105,7,-0.887556,0.887556
Alpha,syn_J,2023-09-21,2023-09-21 11:45:00,2023-09-21 12:00:00,30,2,-1.197327,1.197327
Alpha,syn_J,2023-09-21,2023-09-21 14:00:00,2023-09-21 14:30:00,45,3,-0.705701,0.705701
Alpha,syn_J,2023-09-22,2023-09-22 11:15:00,2023-09-22 11:30:00,30,2,-0.943181,0.943181
Alpha,syn_J,2023-09-22,2023-09-22 12:00:00,2023-09-22 12:15:00,30,2,-0.816626,0.816626
Alpha,syn_J,2023-09-22,2023-09-22 12:45:00,2023-09-22 12:45:00,15,1,-0.193101,0.193101
Alpha,syn_J,2023-09-22,2023-09-22 13:15:00,2023-09-22 13:15:00,15,1,-0.309225,0.309225
Alpha,syn_J,2023-09-22,2023-09-22 13:45:00,2023-09-22 14:30:00,60,4,-0.571226,0.571226
Alpha,syn_J,2023-09-23,2023-09-23 09:00:00,2023-09-23 09:00:00,15,1,-0.061554,0.061554
Alpha,syn_J,2023-09-24,2023-09-24 09:30:00,2023-09-24 15:00:00,345,23,-1.993373,1.993373
Alpha,syn_J,2023-09-25,2023-09-25 08:45:00,2023-09-25 14:30:00,360,24,-2.097043,2.097043
Alpha,syn_J,2023-09-26,2023-09-26 08:45:00,2023-09-26 12:30:00,240,16,-1.700444,1.700444
Alpha,syn_J,2023-09-27,2023-09-27 10:15:00,2023-09-27 14:30:00,270,18,-1.626026,1.626026
Alpha,syn_J,2023-09-28,2023-09-28 09:30:00,2023-09-28 09:45:00,30,2,-0.92807,0.92807
Alpha,syn_J,2023-09-28,2023-09-28 12:30:00,2023-09-28 13:00:00,45,3,-1.420597,1.420597
Alpha,syn_J,2023-09-28,2023-09-28 14:00:00,2023-09-28 14:45:00,60,4,-0.380545,0.380545
Alpha,syn_J,2023-09-29,2023-09-29 08:45:00,2023-09-29 14:15:00,345,23,-1.922727,1.922727
Alpha,syn_J,2023-10-01,2023-10-01 08:45:00,2023-10-01 12:30:00,240,16,-0.913331,0.913331
Alpha,syn_J,2023-10-02,2023-10-02 09:15:00,2023-10-02 13:45:00,285,19,-1.013118,1.013118
Alpha,syn_J,2023-10-03,2023-10-03 08:45:00,2023-10-03 12:00:00,210,14,-0.922445,0.922445
Alpha,syn_J,2023-10-04,2023-10-04 09:00:00,2023-10-04 11:15:00,150,10,-0.983336,0.983336
Alpha,syn_J,2023-10-05,2023-10-05 08:30:00,2023-10-05 13:00:00,285,19,-2.532289,2.532289
Alpha,syn_J,2023-10-05,2023-10-05 13:45:00,2023-10-05 14:00:00,30,2,-0.380742,0.380742
Alpha,syn_J,2023-10-05,2023-10-05 14:45:00,2023-10-05 14:45:00,15,1,-0.30917,0.30917
Alpha,syn_J,2023-10-06,2023-10-06 08:30:00,2023-10-06 13:45:00,330,22,-2.242522,2.242522
Alpha,syn_J,2023-10-06,2023-10-06 14:15:00,2023-10-06 14:30:00,30,2,-0.890677,0.890677
Alpha,syn_J,2023-10-06,2023-10-06 15:00:00,2023-10-06 15:00:00,15,1,-0.616297,0.616297
Alpha,syn_J,2023-10-07,2023-10-07 09:00:00,2023-10-07 10:30:00,105,7,-1.068955,1.068955
Alpha,syn_J,2023-10-07,2023-10-07 11:00:00,2023-10-07 11:00:00,15,1,-0.074257,0.074257
Alpha,syn_J,2023-10-07,2023-10-07 11:45:00,2023-10-07 12:30:00,60,4,-0.517311,0.517311
Alpha,syn_J,2023-10-07,2023-10-07 13:15:00,2023-10-07 13:30:00,30,2,-0.732728,0.732728
Alpha,syn_J,2023-10-08,2023-10-08 08:45:00,2023-10-08 10:30:00,120,8,-0.841678,0.841678
Alpha,syn_J,2023-10-08,2023-10-08 11:00:00,2023-10-08 11:00:00,15,1,-0.003278,0.003278
Alpha,syn_J,2023-10-08,2023-10-08 11:30:00,2023-10-08 15:00:00,225,15,-1.869412,1.869412
Alpha,syn_J,2023-10-09,2023-10-09 08:30:00,2023-10-09 15:00:00,405,27,-2.18274,2.18274
Alpha,syn_J,2023-10-10,2023-10-10 08:30:00,2023-10-10 11:45:00,210,14,-1.231247,1.231247
Alpha,syn_J,2023-10-10,2023-10-10 14:00:00,2023-10-10 14:00:00,15,1,-0.377265,0.377265
Alpha,syn_J,2023-10-11,2023-10-11 08:45:00,2023-10-11 08:45:00,15,1,-0.022128,0.022128
Alpha,syn_J,2023-10-11,2023-10-11 09:30:00,2023-10-11 13:30:00,255,17,-1.690579,1.690579
Alpha,syn_J,2023-10-11,2023-10-11 14:00:00,2023-10-11 14:00:00,15,1,-0.17592,0.17592
Alpha,syn_J,2023-10-12,2023-10-12 08:15:00,2023-10-12 13:15:00,315,21,-1.477163,1.477163
Alpha,syn_J,2023-10-13,2023-10-13 08:15:00,2023-10-13 14:15:00,375,25,-1.613816,1.613816
Alpha,syn_J,2023-10-14,2023-10-14 09:15:00,2023-10-14 14:15:00,315,21,-1.581173,1.581173
Alpha,syn_J,2023-10-15,2023-10-15 09:00:00,2023-10-15 13:30:00,285,19,-1.042176,1.042176
Alpha,syn_J,2023-10-16,2023-10-16 09:00:00,2023-10-16 11:45:00,180,12,-1.190126,1.190126
Alpha,syn_J,2023-10-16,2023-10-16 13:15:00,2023-10-16 13:15:00,15,1,-0.551393,0.551393
Alpha,syn_J,2023-10-17,2023-10-17 09:00:00,2023-10-17 09:15:00,30,2,-0.16351,0.16351
Alpha,syn_J,2023-10-17,2023-10-17 12:30:00,2023-10-17 13:45:00,90,6,-1.67582,1.67582
Alpha,syn_J,2023-10-17,2023-10-17 14:30:00,2023-10-17 14:30:00,15,1,-0.405972,0.405972
Alpha,syn_J,2023-10-18,2023-10-18 13:15:00,2023-10-18 13:30:00,30,2,-0.358763,0.358763
Alpha,syn_J,2023-10-18,2023-10-18 14:00:00,2023-10-18 14:00:00,15,1,-0.119812,0.119812
Alpha,syn_J,2023-10-18,2023-10-18 14:30:00,2023-10-18 14:45:00,30,2,-0.276195,0.276195
Alpha,syn_J,2023-10-19,2023-10-19 12:15:00,2023-10-19 12:30:00,30,2,-0.356299,0.356299
Alpha,syn_J,2023-10-19,2023-10-19 13:00:00,2023-10-19 14:45:00,120,8,-1.194188,1.194188
Alpha,syn_J,2023-10-20,2023-10-20 08:45:00,2023-10-20 13:30:00,300,20,-1.26042,1.26042
Alpha,syn_J,2023-10-21,2023-10-21 09:45:00,2023-10-21 11:30:00,120,8,-0.328415,0.328415
Alpha,syn_J,2023-10-23,2023-10-23 08:45:00,2023-10-23 13:15:00,285,19,-1.177768,1.177768
Alpha,syn_J,2023-10-24,2023-10-24 09:00:00,2023-10-24 12:00:00,195,13,-0.8333,0.8333
Alpha,syn_J,2023-10-25,2023-10-25 09:30:00,2023-10-25 12:45:00,210,14,-0.511276,0.511276
Alpha,syn_J,2023-10-27,2023-10-27 14:30:00,2023-10-27 14:30:00,15,1,-0.040687,0.040687
Alpha,syn_J,2023-10-28,2023-10-28 09:00:00,2023-10-28 09:00:00,15,1,-0.004278,0.004278
Alpha,syn_J,2023-10-28,2023-10-28 09:45:00,2023-10-28 10:15:00,45,3,-0.410271,0.410271
Alpha,syn_J,2023-10-28,2023-10-28 14:45:00,2023-10-28 14:45:00,15,1,-0.289724,0.289724
Alpha,syn_J,2023-10-29,2023-10-29 08:45:00,2023-10-29 14:00:00,330,22,-1.733063,1.733063
Alpha,syn_J,2023-10-30,2023-10-30 08:45:00,2023-10-30 12:45:00,255,17,-1.037489,1.037489
Alpha,syn_J,2023-11-01,2023-11-01 10:15:00,2023-11-01 11:30:00,90,6,-0.521405,0.521405
Alpha,syn_J,2023-11-01,2023-11-01 12:30:00,2023-11-01 14:00:00,105,7,-1.20621,1.20621
Alpha,syn_J,2023-11-01,2023-11-01 14:30:00,2023-11-01 14:30:00,15,1,-0.618644,0.618644
Alpha,syn_J,2023-11-01,2023-11-01 15:15:00,2023-11-01 15:30:00,30,2,-0.478137,0.478137
Alpha,syn_J,2023-11-02,2023-11-02 11:45:00,2023-11-02 12:15:00,45,3,-1.13913,1.13913
Alpha,syn_J,2023-11-02,2023-11-02 12:45:00,2023-11-02 12:45:00,15,1,-0.193186,0.193186
Alpha,syn_J,2023-11-02,2023-11-02 13:15:00,2023-11-02 13:45:00,45,3,-1.021136,1.021136
Alpha,syn_J,2023-11-02,2023-11-02 14:30:00,2023-11-02 14:30:00,15,1,-0.178256,0.178256
Alpha,syn_J,2023-11-02,2023-11-02 15:00:00,2023-11-02 15:30:00,45,3,-0.30205,0.30205
Alpha,syn_J,2023-11-03,2023-11-03 12:15:00,2023-11-03 12:15:00,15,1,-0.610853,0.610853
Alpha,syn_J,2023-11-03,2023-11-03 14:15:00,2023-11-03 15:15:00,75,5,-0.956479,0.956479
Alpha,syn_J,2023-11-07,2023-11-07 09:45:00,2023-11-07 14:00:00,270,18,-1.441655,1.441655
Alpha,syn_J,2023-11-07,2023-11-07 14:30:00,2023-11-07 15:00:00,45,3,-0.688261,0.688261
Alpha,syn_J,2023-11-08,2023-11-08 09:45:00,2023-11-08 12:15:00,165,11,-1.101876,1.101876
Alpha,syn_J,2023-11-08,2023-11-08 12:45:00,2023-11-08 12:45:00,15,1,-0.053193,0.053193
Alpha,syn_J,2023-11-08,2023-11-08 13:30:00,2023-11-08 14:15:00,60,4,-0.472196,0.472196
Alpha,syn_J,2023-11-09,2023-11-09 11:30:00,2023-11-09 11:30:00,15,1,-0.349554,0.349554
Alpha,syn_J,2023-11-09,2023-11-09 12:30:00,2023-11-09 14:15:00,120,8,-0.829254,0.829254
Alpha,syn_J,2023-11-10,2023-11-10 10:00:00,2023-11-10 10:30:00,45,3,-0.375418,0.375418
Alpha,syn_J,2023-11-10,2023-11-10 11:30:00,2023-11-10 12:30:00,75,5,-0.613995,0.613995
Alpha,syn_J,2023-11-11,2023-11-11 10:30:00,2023-11-11 11:45:00,90,6,-0.197841,0.197841
Alpha,syn_J,2023-11-13,2023-11-13 12:15:00,2023-11-13 12:30:00,30,2,-0.022057,0.022057
Alpha,syn_J,2023-11-13,2023-11-13 13:30:00,2023-11-13 13:30:00,15,1,-0.174009,0.174009
Alpha,syn_J,2023-11-13,2023-11-13 14:30:00,2023-11-13 14:30:00,15,1,-0.096061,0.096061
Alpha,syn_J,2023-11-14,2023-11-14 10:45:00,2023-11-14 12:45:00,135,9,-0.686881,0.686881
Alpha,syn_J,2023-11-16,2023-11-16 11:15:00,2023-11-16 11:30:00,30,2,-0.126693,0.126693
Alpha,syn_J,2023-11-17,2023-11-17 13:30:00,2023-11-17 13:30:00,15,1,-0.230623,0.230623
Alpha,syn_J,2023-11-17,2023-11-17 14:00:00,2023-11-17 14:30:00,45,3,-0.322034,0.322034
Alpha,syn_J,2023-11-17,2023-11-17 15:00:00,2023-11-17 15:45:00,60,4,-0.64139,0.64139
Alpha,syn_J,2023-11-18,2023-11-18 10:45:00,2023-11-18 10:45:00,15,1,-0.07044,0.07044
Alpha,syn_J,2023-11-18,2023-11-18 11:30:00,2023-11-18 15:30:00,255,17,-1.143912,1.143912
Alpha,syn_J,2023-11-19,2023-11-19 09:45:00,2023-11-19 13:45:00,255,17,-1.196716,1.196716
Alpha,syn_J,2023-11-21,2023-11-21 12:45:00,2023-11-21 12:45:00,15,1,-0.478099,0.478099
Alpha,syn_J,2023-12-22,2023-12-22 12:15:00,2023-12-22 12:15:00,15,1,-0.45097,0.45097
Alpha,syn_J,2023-12-22,2023-12-22 13:45:00,2023-12-22 14:00:00,30,2,-0.477457,0.477457
Alpha,syn_J,2023-12-23,2023-12-23 10:30:00,2023-12-23 10:30:00,15,1,-0.047582,0.047582
Alpha,syn_J,2023-12-24,2023-12-24 13:45:00,2023-12-24 14:15:00,45,3,-0.766169,0.766169
Alpha,syn_J,2023-12-24,2023-12-24 14:45:00,2023-12-24 15:00:00,30,2,-0.355126,0.355126
Alpha,syn_J,2023-12-25,2023-12-25 11:00:00,2023-12-25 11:15:00,30,2,-0.136214,0.136214
Alpha,syn_J,2024-01-06,2024-01-06 13:00:00,2024-01-06 13:00:00,15,1,-0.043132,0.043132
Alpha,syn_J,2024-03-21,2024-03-21 11:15:00,2024-03-21 11:45:00,45,3,-1.111348,1.111348
Alpha,syn_J,2024-03-21,2024-03-21 12:15:00,2024-03-21 12:30:00,30,2,-0.551384,0.551384
Alpha,syn_J,2024-03-21,2024-03-21 13:00:00,2024-03-21 13:00:00,15,1,-0.807884,0.807884
Alpha,syn_J,2024-03-21,2024-03-21 13:45:00,2024-03-21 14:00:00,30,2,-0.371654,0.371654
Alpha,syn_J,2024-03-22,2024-03-22 13:00:00,2024-03-22 13:15:00,30,2,-0.44681,0.44681
Alpha,syn_J,2024-03-22,2024-03-22 14:00:00,2024-03-22 15:00:00,75,5,-0.500097,0.500097
Alpha,syn_J,2024-03-23,2024-03-23 12:00:00,2024-03-23 12:00:00,15,1,-0.117605,0.117605
Alpha,syn_J,2024-03-23,2024-03-23 12:30:00,2024-03-23 12:30:00,15,1,-0.323141,0.323141
Alpha,syn_J,2024-03-23,2024-03-23 13:30:00,2024-03-23 13:45:00,30,2,-0.536933,0.536933
Alpha,syn_J,2024-03-24,2024-03-24 11:30:00,2024-03-24 14:15:00,180,12,-0.808335,0.808335
Alpha,syn_J,2024-03-25,2024-03-25 11:15:00,2024-03-25 12:45:00,105,7,-0.233598,0.233598
Alpha,syn_J,2024-03-26,2024-03-26 11:45:00,2024-03-26 12:00:00,30,2,-0.023869,0.023869
Alpha,syn_J,2024-03-29,2024-03-29 14:15:00,2024-03-29 15:00:00,60,4,-0.794207,0.794207
Alpha,syn_J,2024-03-30,2024-03-30 10:45:00,2024-03-30 14:00:00,210,14,-1.056255,1.056255
Alpha,syn_J,2024-03-30,2024-03-30 14:30:00,2024-03-30 14:30:00,15,1,-0.062899,0.062899
Alpha,syn_J,2024-03-31,2024-03-31 11:15:00,2024-03-31 13:15:00,135,9,-0.970067,0.970067
Alpha,syn_J,2024-04-01,2024-04-01 10:00:00,2024-04-01 12:15:00,150,10,-0.54532,0.54532
Alpha,syn_J,2024-04-03,2024-04-03 09:45:00,2024-04-03 12:30:00,180,12,-1.052578,1.052578
Alpha,syn_J,2024-04-07,2024-04-07 10:00:00,2024-04-07 13:30:00,225,15,-0.897039,0.897039
Alpha,syn_J,2024-04-08,2024-04-08 10:00:00,2024-04-08 10:00:00,15,1,-0.141797,0.141797
Alpha,syn_J,2024-04-08,2024-04-08 10:45:00,2024-04-08 11:30:00,60,4,-0.449326,0.449326
Alpha,syn_J,2024-04-08,2024-04-08 12:15:00,2024-04-08 12:30:00,30,2,-0.504613,0.504613
Alpha,syn_J,2024-04-09,2024-04-09 09:30:00,2024-04-09 10:00:00,45,3,-0.349591,0.349591
Alpha,syn_J,2024-04-09,2024-04-09 10:45:00,2024-04-09 11:45:00,75,5,-0.839495,0.839495
Alpha,syn_J,2024-04-09,2024-04-09 12:15:00,2024-04-09 12:45:00,45,3,-0.127476,0.127476
Alpha,syn_J,2024-04-10,2024-04-10 09:30:00,2024-04-10 10:00:00,45,3,-0.116444,0.116444
Alpha,syn_J,2024-04-10,2024-04-10 12:30:00,2024-04-10 13:30:00,75,5,-1.201214,1.201214
Alpha,syn_J,2024-04-10,2024-04-10 14:00:00,2024-04-10 14:00:00,15,1,-0.205729,0.205729
Alpha,syn_J,2024-04-11,2024-04-11 09:45:00,2024-04-11 14:00:00,270,18,-1.490873,1.490873
Alpha,syn_J,2024-04-12,2024-04-12 09:45:00,2024-04-12 14:15:00,285,19,-1.097285,1.097285
Alpha,syn_J,2024-04-13,2024-04-13 09:45:00,2024-04-13 10:15:00,45,3,-0.221857,0.221857
Alpha,syn_J,2024-04-13,2024-04-13 10:45:00,2024-04-13 14:00:00,210,14,-1.139798,1.139798
Alpha,syn_J,2024-04-14,2024-04-14 10:00:00,2024-04-14 13:45:00,240,16,-1.058577,1.058577
Alpha,syn_J,2024-04-15,2024-04-15 10:45:00,2024-04-15 13:15:00,165,11,-0.750146,0.750146
Alpha,syn_J,2024-04-16,2024-04-16 10:30:00,2024-04-16 10:30:00,15,1,-0.305335,0.305335
Alpha,syn_J,2024-04-16,2024-04-16 11:15:00,2024-04-16 11:30:00,30,2,-0.401071,0.401071
Alpha,syn_J,2024-04-17,2024-04-17 10:15:00,2024-04-17 10:15:00,15,1,-0.081672,0.081672
Alpha,syn_J,2024-04-17,2024-04-17 11:45:00,2024-04-17 11:45:00,15,1,-0.068963,0.068963
Alpha,syn_J,2024-04-17,2024-04-17 12:30:00,2024-04-17 12:30:00,15,1,-0.15728,0.15728
Alpha,syn_J,2024-04-18,2024-04-18 09:45:00,2024-04-18 09:45:00,15,1,-0.297787,0.297787
Alpha,syn_J,2024-04-18,2024-04-18 10:15:00,2024-04-18 10:30:00,30,2,-0.781563,0.781563
Alpha,syn_J,2024-04-18,2024-04-18 11:00:00,2024-04-18 11:15:00,30,2,-0.812787,0.812787
Alpha,syn_J,2024-04-18,2024-04-18 11:45:00,2024-04-18 12:45:00,75,5,-0.977873,0.977873
Alpha,syn_J,2024-04-19,2024-04-19 09:45:00,2024-04-19 12:45:00,195,13,-1.375073,1.375073
Alpha,syn_J,2024-04-22,2024-04-22 10:00:00,2024-04-22 10:45:00,60,4,-0.436682,0.436682
Alpha,syn_J,2024-04-22,2024-04-22 11:15:00,2024-04-22 11:15:00,15,1,-0.479582,0.479582
Alpha,syn_J,2024-04-23,2024-04-23 09:45:00,2024-04-23 14:00:00,270,18,-1.168764,1.168764
Alpha,syn_J,2024-04-25,2024-04-25 10:45:00,2024-04-25 11:00:00,30,2,-0.418747,0.418747
Alpha,syn_J,2024-04-25,2024-04-25 11:30:00,2024-04-25 12:15:00,60,4,-0.698923,0.698923
Alpha,syn_J,2024-04-26,2024-04-26 10:15:00,2024-04-26 12:00:00,120,8,-0.990066,0.990066
Alpha,syn_J,2024-04-26,2024-04-26 12:30:00,2024-04-26 12:45:00,30,2,-1.225922,1.225922
Alpha,syn_J,2024-04-27,2024-04-27 10:15:00,2024-04-27 12:00:00,120,8,-0.814271,0.814271
Alpha,syn_J,2024-04-27,2024-04-27 12:30:00,2024-04-27 13:00:00,45,3,-0.728405,0.728405
Alpha,syn_J,2024-04-28,2024-04-28 11:15:00,2024-04-28 13:30:00,150,10,-0.738017,0.738017
Alpha,syn_J,2024-04-29,2024-04-29 10:30:00,2024-04-29 12:45:00,150,10,-0.78924,0.78924
Alpha,syn_J,2024-04-29,2024-04-29 13:15:00,2024-04-29 13:30:00,30,2,-0.33314,0.33314
Alpha,syn_J,2024-05-03,2024-05-03 10:30:00,2024-05-03 11:15:00,60,4,-0.331592,0.331592
Alpha,syn_J,2024-05-07,2024-05-07 12:00:00,2024-05-07 12:00:00,15,1,-0.322431,0.322431
Alpha,syn_J,2024-05-14,2024-05-14 10:45:00,2024-05-14 13:30:00,180,12,-0.717631,0.717631
Alpha,syn_J,2024-05-15,2024-05-15 11:00:00,2024-05-15 11:30:00,45,3,-0.333398,0.333398
Alpha,syn_J,2024-05-15,2024-05-15 12:00:00,2024-05-15 12:00:00,15,1,-0.069544,0.069544
Alpha,syn_J,2024-05-15,2024-05-15 12:30:00,2024-05-15 13:00:00,45,3,-0.418038,0.418038
Alpha,syn_J,2024-05-16,2024-05-16 11:15:00,2024-05-16 11:15:00,15,1,-0.011225,0.011225
Alpha,syn_J,2024-05-16,2024-05-16 11:45:00,2024-05-16 12:00:00,30,2,-0.429843,0.429843
Alpha,syn_J,2024-05-16,2024-05-16 12:45:00,2024-05-16 13:15:00,45,3,-0.306045,0.306045
Alpha,syn_J,2024-05-17,2024-05-17 11:15:00,2024-05-17 13:15:00,135,9,-0.43294,0.43294
Alpha,syn_J,2024-05-22,2024-05-22 11:30:00,2024-05-22 12:45:00,90,6,-0.194117,0.194117
Alpha,syn_J,2024-05-24,2024-05-24 12:00:00,2024-05-24 12:00:00,15,1,-0.033417,0.033417
Alpha,syn_J,2024-05-30,2024-05-30 12:15:00,2024-05-30 12:45:00,45,3,-0.081156,0.081156
Alpha,syn_J,2024-06-08,2024-06-08 12:45:00,2024-06-08 12:45:00,15,1,-0.045739,0.045739
Alpha,syn_J,2024-07-18,2024-07-18 13:15:00,2024-07-18 13:15:00,15,1,-0.071286,0.071286
Alpha,syn_J,2024-07-23,2024-07-23 13:00:00,2024-07-23 13:00:00,15,1,-0.086317,0.086317
Alpha,syn_J,2024-07-25,2024-07-25 11:30:00,2024-07-25 11:45:00,30,2,-0.118186,0.118186
Alpha,syn_J,2024-07-25,2024-07-25 13:15:00,2024-07-25 13:30:00,30,2,-0.441778,0.441778
Alpha,syn_J,2024-07-26,2024-07-26 12:45:00,2024-07-26 13:45:00,75,5,-0.237275,0.237275
Alpha,syn_J,2024-08-03,2024-08-03 12:00:00,2024-08-03 13:15:00,90,6,-0.293336,0.293336
Alpha,syn_J,2024-08-06,2024-08-06 11:15:00,2024-08-06 12:00:00,60,4,-0.507064,0.507064
Alpha,syn_J,2024-08-06,2024-08-06 14:15:00,2024-08-06 14:15:00,15,1,-0.092252,0.092252
Alpha,syn_J,2024-08-07,2024-08-07 12:00:00,2024-08-07 13:45:00,120,8,-0.624154,0.624154
Alpha,syn_J,2024-08-08,2024-08-08 11:30:00,2024-08-08 13:45:00,150,10,-0.452939,0.452939
Alpha,syn_J,2024-08-09,2024-08-09 12:00:00,2024-08-09 12:00:00,15,1,-0.572673,0.572673
Alpha,syn_J,2024-08-09,2024-08-09 12:30:00,2024-08-09 14:00:00,105,7,-0.598607,0.598607
Alpha,syn_J,2024-08-16,2024-08-16 13:45:00,2024-08-16 13:45:00,15,1,-0.103671,0.103671
Alpha,syn_J,2024-08-17,2024-08-17 10:30:00,2024-08-17 12:45:00,150,10,-1.192569,1.192569
Alpha,syn_J,2024-08-17,2024-08-17 13:15:00,2024-08-17 13:30:00,30,2,-0.713438,0.713438
Alpha,syn_J,2024-08-17,2024-08-17 14:00:00,2024-08-17 14:00:00,15,1,-0.126314,0.126314
Alpha,syn_J,2024-08-18,2024-08-18 10:30:00,2024-08-18 11:45:00,90,6,-0.662538,0.662538
Alpha,syn_J,2024-08-19,2024-08-19 10:30:00,2024-08-19 10:45:00,30,2,-0.215535,0.215535
Alpha,syn_J,2024-08-19,2024-08-19 11:30:00,2024-08-19 12:15:00,60,4,-1.47739,1.47739
Alpha,syn_J,2024-08-20,2024-08-20 11:00:00,2024-08-20 14:30:00,225,15,-1.103091,1.103091
Alpha,syn_J,2024-08-21,2024-08-21 11:00:00,2024-08-21 11:00:00,15,1,-0.023418,0.023418
Alpha,syn_J,2024-08-21,2024-08-21 11:30:00,2024-08-21 14:15:00,180,12,-1.184505,1.184505
Alpha,syn_J,2024-08-22,2024-08-22 13:00:00,2024-08-22 14:30:00,105,7,-1.253726,1.253726
Alpha,syn_J,2024-08-23,2024-08-23 10:00:00,2024-08-23 10:15:00,30,2,-0.304561,0.304561
Alpha,syn_J,2024-08-23,2024-08-23 10:45:00,2024-08-23 10:45:00,15,1,-0.038965,0.038965
Alpha,syn_J,2024-08-23,2024-08-23 11:15:00,2024-08-23 13:45:00,165,11,-1.586802,1.586802
Alpha,syn_J,2024-08-23,2024-08-23 14:15:00,2024-08-23 14:15:00,15,1,-0.020902,0.020902
Alpha,syn_J,2024-08-24,2024-08-24 10:30:00,2024-08-24 10:45:00,30,2,-0.048255,0.048255
Alpha,syn_J,2024-08-26,2024-08-26 09:45:00,2024-08-26 14:45:00,315,21,-1.763887,1.763887
Alpha,syn_J,2024-08-27,2024-08-27 09:45:00,2024-08-27 14:45:00,315,21,-1.931361,1.931361
Alpha,syn_J,2024-08-28,2024-08-28 09:45:00,2024-08-28 14:30:00,300,20,-1.693892,1.693892
Alpha,syn_J,2024-08-29,2024-08-29 09:30:00,2024-08-29 14:45:00,330,22,-1.794273,1.794273
Alpha,syn_J,2024-08-30,2024-08-30 09:30:00,2024-08-30 14:15:00,300,20,-1.48655,1.48655
Alpha,syn_J,2024-08-31,2024-08-31 09:45:00,2024-08-31 14:45:00,315,21,-1.915168,1.915168
Alpha,syn_J,2024-09-01,2024-09-01 09:30:00,2024-09-01 14:30:00,315,21,-1.765242,1.765242
Alpha,syn_J,2024-09-02,2024-09-02 09:15:00,2024-09-02 14:45:00,345,23,-1.829174,1.829174
Alpha,syn_J,2024-09-03,2024-09-03 09:30:00,2024-09-03 14:45:00,330,22,-2.08019,2.08019
Alpha,syn_J,2024-09-04,2024-09-04 10:00:00,2024-09-04 14:45:00,300,20,-1.896718,1.896718
Alpha,syn_J,2024-09-05,2024-09-05 09:30:00,2024-09-05 14:45:00,330,22,-2.001163,2.001163
Alpha,syn_J,2024-09-06,2024-09-06 09:30:00,2024-09-06 14:30:00,315,21,-1.869881,1.869881
Alpha,syn_J,2024-09-07,2024-09-07 09:30:00,2024-09-07 13:45:00,270,18,-1.214245,1.214245
Alpha,syn_J,2024-09-08,2024-09-08 10:45:00,2024-09-08 10:45:00,15,1,-0.037094,0.037094
Alpha,syn_J,2024-09-08,2024-09-08 11:15:00,2024-09-08 11:30:00,30,2,-0.233469,0.233469
Alpha,syn_J,2024-09-09,2024-09-09 10:00:00,2024-09-09 12:30:00,165,11,-2.107736,2.107736
Alpha,syn_J,2024-09-09,2024-09-09 13:30:00,2024-09-09 13:45:00,30,2,-1.148507,1.148507
Alpha,syn_J,2024-09-10,2024-09-10 09:15:00,2024-09-10 14:00:00,300,20,-1.938199,1.938199
Alpha,syn_J,2024-09-11,2024-09-11 09:30:00,2024-09-11 14:30:00,315,21,-1.768339,1.768339
Alpha,syn_J,2024-09-12,2024-09-12 11:30:00,2024-09-12 12:00:00,45,3,-0.929489,0.929489
Alpha,syn_J,2024-09-13,2024-09-13 11:30:00,2024-09-13 11:45:00,30,2,-0.808981,0.808981
Alpha,syn_J,2024-09-14,2024-09-14 09:30:00,2024-09-14 15:00:00,345,23,-2.027741,2.027741
Alpha,syn_J,2024-09-15,2024-09-15 09:30:00,2024-09-15 10:45:00,90,6,-0.712213,0.712213
Alpha,syn_J,2024-09-15,2024-09-15 11:45:00,2024-09-15 11:45:00,15,1,-0.194762,0.194762
Alpha,syn_J,2024-09-15,2024-09-15 12:30:00,2024-09-15 12:30:00,15,1,-0.451326,0.451326
Alpha,syn_J,2024-09-15,2024-09-15 13:15:00,2024-09-15 13:30:00,30,2,-0.803497,0.803497
Alpha,syn_J,2024-09-15,2024-09-15 14:30:00,2024-09-15 14:45:00,30,2,-0.405393,0.405393
Alpha,syn_J,2024-09-16,2024-09-16 09:30:00,2024-09-16 14:45:00,330,22,-2.167926,2.167926
Alpha,syn_J,2024-09-17,2024-09-17 09:15:00,2024-09-17 15:00:00,360,24,-2.076577,2.076577
Alpha,syn_J,2024-09-18,2024-09-18 09:15:00,2024-09-18 15:00:00,360,24,-2.346689,2.346689
Alpha,syn_J,2024-09-19,2024-09-19 09:00:00,2024-09-19 14:45:00,360,24,-2.327916,2.327916
Alpha,syn_J,2024-09-20,2024-09-20 09:00:00,2024-09-20 15:00:00,375,25,-2.357914,2.357914
Alpha,syn_J,2024-09-21,2024-09-21 09:00:00,2024-09-21 15:00:00,375,25,-2.264372,2.264372
Alpha,syn_J,2024-09-22,2024-09-22 09:00:00,2024-09-22 14:45:00,360,24,-2.220374,2.220374
Alpha,syn_J,2024-09-23,2024-09-23 09:00:00,2024-09-23 14:30:00,345,23,-2.202956,2.202956
Alpha,syn_J,2024-09-24,2024-09-24 09:30:00,2024-09-24 11:00:00,105,7,-1.311465,1.311465
Alpha,syn_J,2024-09-24,2024-09-24 11:30:00,2024-09-24 12:15:00,60,4,-1.019806,1.019806
Alpha,syn_J,2024-09-25,2024-09-25 12:00:00,2024-09-25 12:45:00,60,4,-1.475132,1.475132
Alpha,syn_J,2024-09-25,2024-09-25 14:15:00,2024-09-25 14:15:00,15,1,-0.623379,0.623379
Alpha,syn_J,2024-09-27,2024-09-27 11:30:00,2024-09-27 11:45:00,30,2,-0.551255,0.551255
Alpha,syn_J,2024-09-27,2024-09-27 13:00:00,2024-09-27 13:00:00,15,1,-0.27966,0.27966
Alpha,syn_J,2024-09-28,2024-09-28 09:30:00,2024-09-28 09:45:00,30,2,-0.326366,0.326366
Alpha,syn_J,2024-09-28,2024-09-28 12:30:00,2024-09-28 13:15:00,60,4,-0.692859,0.692859
Alpha,syn_J,2024-09-29,2024-09-29 11:45:00,2024-09-29 11:45:00,15,1,-0.322818,0.322818
Beta,act_A,2023-10-05,2023-10-05 10:15:00,2023-10-05 15:30:00,330,22,-5.121677,5.121677
Beta,act_A,2023-10-07,2023-10-07 11:15:00,2023-10-07 15:30:00,270,18,-5.598393,5.598393
Beta,act_A,2023-10-08,2023-10-08 11:15:00,2023-10-08 15:15:00,255,17,-5.388778,5.388778
Beta,act_A,2023-10-14,2023-10-14 10:45:00,2023-10-14 14:15:00,225,15,-3.847059,3.847059
Beta,act_A,2023-10-15,2023-10-15 10:45:00,2023-10-15 14:45:00,255,17,-4.174885,4.174885
Beta,act_A,2023-10-16,2023-10-16 12:15:00,2023-10-16 13:45:00,105,7,-2.581256,2.581256
Beta,act_A,2023-10-17,2023-10-17 12:00:00,2023-10-17 14:30:00,165,11,-2.703728,2.703728
Beta,act_A,2023-10-18,2023-10-18 11:45:00,2023-10-18 15:45:00,255,17,-5.271427,5.271427
Beta,act_A,2023-10-19,2023-10-19 12:45:00,2023-10-19 14:45:00,135,9,-5.642115,5.642115
Beta,act_A,2023-10-29,2023-10-29 10:15:00,2023-10-29 14:15:00,255,17,-5.117,5.117
Beta,act_A,2023-10-31,2023-10-31 11:45:00,2023-10-31 13:45:00,135,9,-3.364607,3.364607
Beta,act_A,2023-11-17,2023-11-17 12:15:00,2023-11-17 16:00:00,240,16,-5.188725,5.188725
Beta,act_A,2023-11-19,2023-11-19 09:30:00,2023-11-19 15:15:00,360,24,-3.972845,3.972845
Beta,act_A,2023-11-21,2023-11-21 13:45:00,2023-11-21 15:15:00,105,7,-8.208509,8.208509
Beta,act_A,2023-11-22,2023-11-22 13:15:00,2023-11-22 13:45:00,45,3,-0.019512,0.019512
Beta,act_A,2024-02-10,2024-02-10 12:15:00,2024-02-10 12:45:00,45,3,-0.453266,0.453266
Beta,act_A,2024-04-27,2024-04-27 11:30:00,2024-04-27 14:00:00,165,11,-2.982723,2.982723
Beta,act_A,2024-08-26,2024-08-26 10:15:00,2024-08-26 13:45:00,225,15,-2.932001,2.932001
Beta,act_A,2024-08-27,2024-08-27 10:15:00,2024-08-27 13:15:00,195,13,-3.459135,3.459135
Beta,act_A,2024-08-31,2024-08-31 11:00:00,2024-08-31 13:45:00,180,12,-4.401536,4.401536
Beta,act_A,2024-09-03,2024-09-03 09:45:00,2024-09-03 14:30:00,300,20,-4.401943,4.401943
Beta,act_A,2024-09-04,2024-09-04 10:00:00,2024-09-04 14:45:00,300,20,-3.959667,3.959667
Beta,act_A,2024-09-05,2024-09-05 10:30:00,2024-09-05 14:00:00,225,15,-3.546492,3.546492
Beta,act_A,2024-09-07,2024-09-07 11:00:00,2024-09-07 12:30:00,105,7,-1.067914,1.067914
Beta,act_A,2024-09-10,2024-09-10 10:30:00,2024-09-10 14:30:00,255,17,-4.246076,4.246076
Beta,act_A,2024-09-11,2024-09-11 09:45:00,2024-09-11 12:45:00,195,13,-4.026986,4.026986
Beta,act_A,2024-09-14,2024-09-14 10:15:00,2024-09-14 14:45:00,285,19,-5.040099,5.040099
Beta,act_A,2024-09-16,2024-09-16 09:45:00,2024-09-16 14:45:00,315,21,-5.854232,5.854232
Beta,act_A,2024-09-17,2024-09-17 09:45:00,2024-09-17 14:45:00,315,21,-5.126463,5.126463
Beta,act_A,2024-09-18,2024-09-18 09:15:00,2024-09-18 14:45:00,345,23,-5.826618,5.826618
Beta,act_A,2024-09-20,2024-09-20 09:15:00,2024-09-20 13:15:00,255,17,-5.314994,5.314994
Beta,act_A,2024-09-21,2024-09-21 09:30:00,2024-09-21 14:30:00,315,21,-5.969137,5.969137
Beta,act_A,2024-09-23,2024-09-23 09:15:00,2024-09-23 14:15:00,315,21,-4.821006,4.821006
Beta,act_B,2023-10-02,2023-10-02 10:00:00,2023-10-02 15:45:00,360,24,-3.492708,3.492708
Beta,act_B,2023-10-03,2023-10-03 09:45:00,2023-10-03 13:30:00,240,16,-3.003347,3.003347
Beta,act_B,2023-10-05,2023-10-05 09:30:00,2023-10-05 16:30:00,435,29,-6.413504,6.413504
Beta,act_B,2023-10-06,2023-10-06 09:30:00,2023-10-06 15:30:00,375,25,-6.091583,6.091583
Beta,act_B,2023-10-07,2023-10-07 10:45:00,2023-10-07 16:15:00,345,23,-4.397572,4.397572
Beta,act_B,2023-10-09,2023-10-09 09:30:00,2023-10-09 16:15:00,420,28,-5.897212,5.897212
Beta,act_B,2023-10-10,2023-10-10 09:15:00,2023-10-10 15:30:00,390,26,-5.180401,5.180401
Beta,act_B,2023-10-11,2023-10-11 10:00:00,2023-10-11 16:00:00,375,25,-4.634391,4.634391
Beta,act_B,2023-10-12,2023-10-12 09:00:00,2023-10-12 15:30:00,405,27,-4.883234,4.883234
Beta,act_B,2023-10-13,2023-10-13 09:15:00,2023-10-13 16:15:00,435,29,-5.863622,5.863622
Beta,act_B,2023-10-14,2023-10-14 09:15:00,2023-10-14 15:45:00,405,27,-5.37395,5.37395
Beta,act_B,2023-10-15,2023-10-15 09:15:00,2023-10-15 15:30:00,390,26,-4.547354,4.547354
Beta,act_B,2023-10-16,2023-10-16 09:15:00,2023-10-16 15:45:00,405,27,-4.969672,4.969672
Beta,act_B,2023-10-17,2023-10-17 09:15:00,2023-10-17 14:30:00,330,22,-5.985374,5.985374
Beta,act_B,2023-10-18,2023-10-18 11:45:00,2023-10-18 16:30:00,300,20,-5.361244,5.361244
Beta,act_B,2023-10-19,2023-10-19 11:30:00,2023-10-19 15:15:00,240,16,-5.084651,5.084651
Beta,act_B,2023-10-20,2023-10-20 09:15:00,2023-10-20 16:15:00,435,29,-5.386944,5.386944
Beta,act_B,2023-10-21,2023-10-21 09:45:00,2023-10-21 15:15:00,345,23,-3.263704,3.263704
Beta,act_B,2023-10-22,2023-10-22 12:45:00,2023-10-22 14:00:00,90,6,-0.583269,0.583269
Beta,act_B,2023-10-23,2023-10-23 09:00:00,2023-10-23 16:00:00,435,29,-5.259015,5.259015
Beta,act_B,2023-10-24,2023-10-24 09:15:00,2023-10-24 15:00:00,360,24,-4.528604,4.528604
Beta,act_B,2023-10-25,2023-10-25 09:45:00,2023-10-25 15:45:00,375,25,-4.942199,4.942199
Beta,act_B,2023-10-29,2023-10-29 08:45:00,2023-10-29 16:15:00,465,31,-5.438896,5.438896
Beta,act_B,2023-10-30,2023-10-30 09:00:00,2023-10-30 15:15:00,390,26,-5.092185,5.092185
Beta,act_B,2023-10-31,2023-10-31 10:30:00,2023-10-31 15:45:00,330,22,-4.173812,4.173812
Beta,act_B,2023-11-02,2023-11-02 09:15:00,2023-11-02 16:30:00,450,30,-4.665982,4.665982
Beta,act_B,2023-11-03,2023-11-03 11:30:00,2023-11-03 16:15:00,300,20,-4.827595,4.827595
Beta,act_B,2023-11-07,2023-11-07 10:30:00,2023-11-07 15:45:00,330,22,-5.771815,5.771815
Beta,act_B,2023-11-08,2023-11-08 09:00:00,2023-11-08 16:15:00,450,30,-5.83972,5.83972
Beta,act_B,2023-11-09,2023-11-09 12:15:00,2023-11-09 15:00:00,180,12,-5.160194,5.160194
Beta,act_B,2023-11-10,2023-11-10 11:45:00,2023-11-10 16:00:00,270,18,-4.52558,4.52558
Beta,act_B,2023-11-11,2023-11-11 09:15:00,2023-11-11 14:00:00,300,20,-3.176147,3.176147
Beta,act_B,2023-11-12,2023-11-12 11:00:00,2023-11-12 11:00:00,15,1,-0.762489,0.762489
Beta,act_B,2023-11-12,2023-11-12 11:30:00,2023-11-12 12:00:00,45,3,-0.762489,0.762489
Beta,act_B,2023-11-13,2023-11-13 11:45:00,2023-11-13 16:15:00,285,19,-4.029934,4.029934
Beta,act_B,2023-11-14,2023-11-14 09:00:00,2023-11-14 15:00:00,375,25,-4.839678,4.839678
Beta,act_B,2023-11-15,2023-11-15 12:45:00,2023-11-15 15:15:00,165,11,-4.645971,4.645971
Beta,act_B,2023-11-16,2023-11-16 10:30:00,2023-11-16 14:30:00,255,17,-2.970743,2.970743
Beta,act_B,2023-11-17,2023-11-17 10:00:00,2023-11-17 16:45:00,420,28,-5.407827,5.407827
Beta,act_B,2023-11-18,2023-11-18 10:15:00,2023-11-18 16:45:00,405,27,-5.150184,5.150184
Beta,act_B,2023-11-19,2023-11-19 09:00:00,2023-11-19 15:30:00,405,27,-5.021827,5.021827
Beta,act_B,2023-11-22,2023-11-22 12:15:00,2023-11-22 16:00:00,240,16,-3.28583,3.28583
Beta,act_B,2023-11-27,2023-11-27 10:15:00,2023-11-27 14:00:00,240,16,-2.572686,2.572686
Beta,act_B,2023-12-05,2023-12-05 11:15:00,2023-12-05 12:30:00,90,6,-3.667256,3.667256
Beta,act_B,2023-12-06,2023-12-06 10:00:00,2023-12-06 15:15:00,330,22,-2.380636,2.380636
Beta,act_B,2023-12-07,2023-12-07 12:15:00,2023-12-07 13:30:00,90,6,-1.839847,1.839847
Beta,act_B,2023-12-11,2023-12-11 11:45:00,2023-12-11 13:30:00,120,8,-3.593939,3.593939
Beta,act_B,2023-12-12,2023-12-12 13:00:00,2023-12-12 13:30:00,45,3,-0.406082,0.406082
Beta,act_B,2023-12-23,2023-12-23 10:30:00,2023-12-23 11:30:00,75,5,-3.588295,3.588295
Beta,act_B,2023-12-23,2023-12-23 12:00:00,2023-12-23 14:45:00,180,12,-3.587601,3.587601
Beta,act_B,2023-12-25,2023-12-25 11:15:00,2023-12-25 13:15:00,135,9,-2.79059,2.79059
Beta,act_B,2023-12-25,2023-12-25 13:45:00,2023-12-25 13:45:00,15,1,-1.488671,1.488671
Beta,act_B,2023-12-27,2023-12-27 12:15:00,2023-12-27 13:15:00,75,5,-1.268662,1.268662
Beta,act_B,2023-12-30,2023-12-30 09:45:00,2023-12-30 15:15:00,345,23,-2.712525,2.712525
Beta,act_B,2024-01-02,2024-01-02 12:15:00,2024-01-02 14:45:00,165,11,-2.912671,2.912671
Beta,act_B,2024-01-03,2024-01-03 12:45:00,2024-01-03 13:15:00,45,3,-0.0428,0.0428
Beta,act_B,2024-01-07,2024-01-07 10:45:00,2024-01-07 11:30:00,60,4,-2.291249,2.291249
Beta,act_B,2024-01-07,2024-01-07 12:00:00,2024-01-07 12:45:00,60,4,-2.217903,2.217903
Beta,act_B,2024-01-12,2024-01-12 11:45:00,2024-01-12 13:30:00,120,8,-1.940968,1.940968
Beta,act_B,2024-01-19,2024-01-19 09:30:00,2024-01-19 15:45:00,390,26,-3.551585,3.551585
Beta,act_B,2024-01-24,2024-01-24 09:45:00,2024-01-24 13:00:00,210,14,-2.278583,2.278583
Beta,act_B,2024-02-03,2024-02-03 15:15:00,2024-02-03 15:45:00,45,3,-0.470597,0.470597
Beta,act_B,2024-02-12,2024-02-12 11:30:00,2024-02-12 11:30:00,15,1,-0.769681,0.769681
Beta,act_B,2024-02-12,2024-02-12 12:30:00,2024-02-12 12:30:00,15,1,-0.47992,0.47992
Beta,act_B,2024-02-12,2024-02-12 13:15:00,2024-02-12 13:15:00,15,1,-0.716264,0.716264
Beta,act_B,2024-02-13,2024-02-13 12:00:00,2024-02-13 13:45:00,120,8,-3.254043,3.254043
Beta,act_B,2024-02-21,2024-02-21 10:30:00,2024-02-21 13:15:00,180,12,-3.241003,3.241003
Beta,act_B,2024-02-21,2024-02-21 13:45:00,2024-02-21 14:30:00,60,4,-5.484398,5.484398
Beta,act_B,2024-02-22,2024-02-22 11:30:00,2024-02-22 13:30:00,135,9,-2.005017,2.005017
Beta,act_B,2024-02-26,2024-02-26 11:15:00,2024-02-26 12:30:00,90,6,-2.399307,2.399307
Beta,act_B,2024-02-28,2024-02-28 12:45:00,2024-02-28 13:45:00,75,5,-2.670198,2.670198
Beta,act_B,2024-03-03,2024-03-03 13:30:00,2024-03-03 14:00:00,45,3,-1.130967,1.130967
Beta,act_B,2024-03-05,2024-03-05 12:30:00,2024-03-05 12:30:00,15,1,-1.70843,1.70843
Beta,act_B,2024-03-05,2024-03-05 13:00:00,2024-03-05 13:45:00,60,4,-3.229755,3.229755
Beta,act_B,2024-03-05,2024-03-05 14:15:00,2024-03-05 14:15:00,15,1,-1.34154,1.34154
Beta,act_B,2024-03-06,2024-03-06 09:45:00,2024-03-06 14:45:00,315,21,-4.083428,4.083428
Beta,act_B,2024-03-07,2024-03-07 11:30:00,2024-03-07 11:45:00,30,2,-0.770813,0.770813
Beta,act_B,2024-03-08,2024-03-08 12:45:00,2024-03-08 14:30:00,120,8,-0.741003,0.741003
Beta,act_B,2024-03-09,2024-03-09 11:15:00,2024-03-09 11:30:00,30,2,-4.115168,4.115168
Beta,act_B,2024-03-09,2024-03-09 12:15:00,2024-03-09 14:00:00,120,8,-1.855227,1.855227
Beta,act_B,2024-03-10,2024-03-10 11:45:00,2024-03-10 14:30:00,180,12,-3.898146,3.898146
Beta,act_B,2024-03-11,2024-03-11 10:45:00,2024-03-11 14:45:00,255,17,-3.261918,3.261918
Beta,act_B,2024-03-12,2024-03-12 10:00:00,2024-03-12 14:15:00,270,18,-3.20881,3.20881
Beta,act_B,2024-03-14,2024-03-14 13:15:00,2024-03-14 15:00:00,120,8,-4.726696,4.726696
Beta,act_B,2024-03-19,2024-03-19 12:15:00,2024-03-19 15:30:00,210,14,-3.601677,3.601677
Beta,act_B,2024-03-26,2024-03-26 10:45:00,2024-03-26 15:15:00,285,19,-3.60654,3.60654
Beta,act_B,2024-03-30,2024-03-30 10:15:00,2024-03-30 15:15:00,315,21,-1.956793,1.956793
Beta,act_B,2024-04-01,2024-04-01 09:45:00,2024-04-01 15:15:00,345,23,-3.401501,3.401501
Beta,act_B,2024-04-03,2024-04-03 09:45:00,2024-04-03 15:45:00,375,25,-4.810292,4.810292
Beta,act_B,2024-04-06,2024-04-06 10:15:00,2024-04-06 16:00:00,360,24,-3.928051,3.928051
Beta,act_B,2024-04-07,2024-04-07 09:15:00,2024-04-07 14:30:00,330,22,-4.140367,4.140367
Beta,act_B,2024-04-09,2024-04-09 08:45:00,2024-04-09 13:15:00,285,19,-5.582774,5.582774
Beta,act_B,2024-04-10,2024-04-10 09:00:00,2024-04-10 15:00:00,375,25,-5.261182,5.261182
Beta,act_B,2024-04-11,2024-04-11 08:45:00,2024-04-11 15:15:00,405,27,-5.86573,5.86573
Beta,act_B,2024-04-12,2024-04-12 08:45:00,2024-04-12 13:00:00,270,18,-3.892562,3.892562
Beta,act_B,2024-04-14,2024-04-14 09:15:00,2024-04-14 14:15:00,315,21,-4.053171,4.053171
Beta,act_B,2024-04-15,2024-04-15 09:30:00,2024-04-15 14:00:00,285,19,-4.432514,4.432514
Beta,act_B,2024-04-19,2024-04-19 09:15:00,2024-04-19 12:30:00,210,14,-5.553494,5.553494
Beta,act_B,2024-04-22,2024-04-22 09:15:00,2024-04-22 15:00:00,360,24,-5.028676,5.028676
Beta,act_B,2024-04-23,2024-04-23 09:15:00,2024-04-23 14:45:00,345,23,-5.100133,5.100133
Beta,act_B,2024-04-26,2024-04-26 09:15:00,2024-04-26 15:00:00,360,24,-4.82397,4.82397
Beta,act_B,2024-04-27,2024-04-27 09:30:00,2024-04-27 14:30:00,315,21,-4.188043,4.188043
Beta,act_B,2024-04-28,2024-04-28 09:45:00,2024-04-28 14:45:00,315,21,-4.539046,4.539046
Beta,act_B,2024-04-29,2024-04-29 10:00:00,2024-04-29 14:00:00,255,17,-4.566418,4.566418
Beta,act_B,2024-05-14,2024-05-14 10:00:00,2024-05-14 14:30:00,285,19,-3.991925,3.991925
Beta,act_B,2024-05-15,2024-05-15 10:00:00,2024-05-15 14:00:00,255,17,-3.109404,3.109404
Beta,act_B,2024-05-16,2024-05-16 10:00:00,2024-05-16 13:45:00,240,16,-2.683248,2.683248
Beta,act_B,2024-05-17,2024-05-17 09:15:00,2024-05-17 14:30:00,330,22,-4.537481,4.537481
Beta,act_B,2024-05-22,2024-05-22 10:15:00,2024-05-22 14:30:00,270,18,-3.716341,3.716341
Beta,act_B,2024-05-23,2024-05-23 11:30:00,2024-05-23 14:30:00,195,13,-3.334965,3.334965
Beta,act_B,2024-05-24,2024-05-24 10:15:00,2024-05-24 13:00:00,180,12,-3.355569,3.355569
Beta,act_B,2024-05-26,2024-05-26 10:15:00,2024-05-26 13:45:00,225,15,-2.129696,2.129696
Beta,act_B,2024-05-27,2024-05-27 11:00:00,2024-05-27 13:30:00,165,11,-3.627734,3.627734
Beta,act_B,2024-05-28,2024-05-28 10:15:00,2024-05-28 14:30:00,270,18,-3.449791,3.449791
Beta,act_B,2024-05-29,2024-05-29 10:30:00,2024-05-29 14:00:00,225,15,-3.429266,3.429266
Beta,act_B,2024-05-30,2024-05-30 10:30:00,2024-05-30 14:00:00,225,15,-3.380378,3.380378
Beta,act_B,2024-09-01,2024-09-01 09:00:00,2024-09-01 15:15:00,390,26,-6.228107,6.228107
Beta,act_B,2024-09-02,2024-09-02 08:45:00,2024-09-02 15:30:00,420,28,-7.258991,7.258991
Beta,act_B,2024-09-03,2024-09-03 08:30:00,2024-09-03 15:45:00,450,30,-7.391595,7.391595
Beta,act_B,2024-09-04,2024-09-04 09:00:00,2024-09-04 15:30:00,405,27,-6.942981,6.942981
Beta,act_B,2024-09-05,2024-09-05 08:45:00,2024-09-05 15:30:00,420,28,-7.208405,7.208405
Beta,act_B,2024-09-06,2024-09-06 08:45:00,2024-09-06 15:15:00,405,27,-6.841947,6.841947
Beta,act_B,2024-09-07,2024-09-07 09:00:00,2024-09-07 15:15:00,390,26,-5.130921,5.130921
Beta,act_B,2024-09-08,2024-09-08 10:45:00,2024-09-08 11:45:00,75,5,-2.871868,2.871868
Beta,act_B,2024-09-09,2024-09-09 08:45:00,2024-09-09 15:30:00,420,28,-7.116742,7.116742
Beta,act_B,2024-09-10,2024-09-10 08:45:00,2024-09-10 15:30:00,420,28,-7.416517,7.416517
Beta,act_B,2024-09-11,2024-09-11 08:45:00,2024-09-11 15:30:00,420,28,-7.23532,7.23532
Beta,act_B,2024-09-12,2024-09-12 12:30:00,2024-09-12 14:45:00,150,10,-4.555342,4.555342
Beta,act_B,2024-09-13,2024-09-13 09:15:00,2024-09-13 12:00:00,180,12,-4.050611,4.050611
Beta,act_B,2024-09-14,2024-09-14 08:45:00,2024-09-14 15:15:00,405,27,-7.112097,7.112097
Beta,act_B,2024-09-15,2024-09-15 08:45:00,2024-09-15 14:30:00,360,24,-5.821066,5.821066
Beta,act_B,2024-09-16,2024-09-16 08:45:00,2024-09-16 15:45:00,435,29,-7.858061,7.858061
Beta,act_B,2024-09-17,2024-09-17 08:45:00,2024-09-17 15:30:00,420,28,-6.45435,6.45435
Beta,act_B,2024-09-18,2024-09-18 08:30:00,2024-09-18 15:45:00,450,30,-8.245311,8.245311
Beta,act_B,2024-09-19,2024-09-19 08:15:00,2024-09-19 15:45:00,465,31,-8.049779,8.049779
Beta,act_B,2024-09-20,2024-09-20 08:15:00,2024-09-20 15:45:00,465,31,-8.129718,8.129718
Beta,act_B,2024-09-21,2024-09-21 08:30:00,2024-09-21 15:30:00,435,29,-7.325841,7.325841
Beta,act_B,2024-09-22,2024-09-22 08:00:00,2024-09-22 15:15:00,450,30,-7.226591,7.226591
Beta,act_B,2024-09-23,2024-09-23 08:30:00,2024-09-23 15:30:00,435,29,-7.580399,7.580399
Beta,act_B,2024-09-24,2024-09-24 09:00:00,2024-09-24 14:00:00,315,21,-5.826739,5.826739
Beta,act_C,2024-03-05,2024-03-05 11:45:00,2024-03-05 15:30:00,240,16,-1.795029,1.795029
Beta,act_C,2024-09-22,2024-09-22 11:00:00,2024-09-22 11:45:00,60,4,-0.931794,0.931794
Beta,act_C,2024-09-22,2024-09-22 12:45:00,2024-09-22 13:15:00,45,3,-1.114281,1.114281
Beta,act_C,2024-09-22,2024-09-22 13:45:00,2024-09-22 14:00:00,30,2,-1.000328,1.000328
Beta,act_C,2024-09-23,2024-09-23 10:30:00,2024-09-23 14:15:00,240,16,-1.313623,1.313623
Beta,act_D,2023-10-01,2023-10-01 08:45:00,2023-10-01 15:00:00,390,26,-1.747632,1.747632
Beta,act_D,2023-10-03,2023-10-03 08:45:00,2023-10-03 15:00:00,390,26,-1.25612,1.25612
Beta,act_D,2023-10-04,2023-10-04 09:15:00,2023-10-04 15:00:00,360,24,-3.806129,3.806129
Beta,act_D,2023-10-05,2023-10-05 08:45:00,2023-10-05 15:15:00,405,27,-2.817182,2.817182
Beta,act_D,2023-10-06,2023-10-06 09:00:00,2023-10-06 14:45:00,360,24,-2.62259,2.62259
Beta,act_D,2023-10-07,2023-10-07 13:15:00,2023-10-07 14:15:00,75,5,-1.827371,1.827371
Beta,act_D,2023-10-08,2023-10-08 09:30:00,2023-10-08 14:15:00,300,20,-1.966866,1.966866
Beta,act_D,2023-10-09,2023-10-09 11:15:00,2023-10-09 14:45:00,225,15,-2.627275,2.627275
Beta,act_D,2023-10-10,2023-10-10 12:00:00,2023-10-10 13:30:00,105,7,-2.004233,2.004233
Beta,act_D,2023-10-11,2023-10-11 09:15:00,2023-10-11 14:45:00,345,23,-2.604242,2.604242
Beta,act_D,2023-10-12,2023-10-12 08:45:00,2023-10-12 13:00:00,270,18,-1.575024,1.575024
Beta,act_D,2023-10-13,2023-10-13 10:45:00,2023-10-13 17:00:00,390,26,-2.585414,2.585414
Beta,act_D,2023-10-14,2023-10-14 09:00:00,2023-10-14 13:45:00,300,20,-1.345449,1.345449
Beta,act_D,2023-10-16,2023-10-16 08:30:00,2023-10-16 14:30:00,375,25,-1.960329,1.960329
Beta,act_D,2023-10-17,2023-10-17 12:30:00,2023-10-17 15:45:00,210,14,-2.276932,2.276932
Beta,act_D,2023-10-18,2023-10-18 10:15:00,2023-10-18 15:00:00,300,20,-2.871083,2.871083
Beta,act_D,2023-10-19,2023-10-19 11:30:00,2023-10-19 15:00:00,225,15,-1.631225,1.631225
Beta,act_D,2023-10-20,2023-10-20 08:45:00,2023-10-20 14:30:00,360,24,-2.344617,2.344617
Beta,act_D,2023-10-23,2023-10-23 08:30:00,2023-10-23 14:30:00,375,25,-2.413988,2.413988
Beta,act_D,2023-10-24,2023-10-24 08:30:00,2023-10-24 13:45:00,330,22,-1.744313,1.744313
Beta,act_D,2023-10-25,2023-10-25 11:30:00,2023-10-25 14:30:00,195,13,-2.238418,2.238418
Beta,act_D,2023-10-27,2023-10-27 11:15:00,2023-10-27 13:30:00,150,10,-2.393263,2.393263
Beta,act_D,2023-10-29,2023-10-29 08:30:00,2023-10-29 14:15:00,360,24,-1.549289,1.549289
Beta,act_D,2023-10-30,2023-10-30 08:30:00,2023-10-30 13:30:00,315,21,-2.169619,2.169619
Beta,act_D,2023-10-31,2023-10-31 10:30:00,2023-10-31 11:45:00,90,6,-0.783665,0.783665
Beta,act_D,2023-11-01,2023-11-01 10:30:00,2023-11-01 11:00:00,45,3,-1.538368,1.538368
Beta,act_D,2023-11-01,2023-11-01 11:30:00,2023-11-01 15:15:00,240,16,-2.457233,2.457233
Beta,act_D,2023-11-02,2023-11-02 10:30:00,2023-11-02 15:15:00,300,20,-2.772169,2.772169
Beta,act_D,2023-11-03,2023-11-03 11:30:00,2023-11-03 14:45:00,210,14,-2.584709,2.584709
Beta,act_D,2023-11-04,2023-11-04 12:30:00,2023-11-04 14:15:00,120,8,-2.000593,2.000593
Beta,act_D,2023-11-07,2023-11-07 11:00:00,2023-11-07 15:15:00,270,18,-2.683207,2.683207
Beta,act_D,2023-11-08,2023-11-08 10:30:00,2023-11-08 15:00:00,285,19,-2.329179,2.329179
Beta,act_D,2023-11-09,2023-11-09 12:15:00,2023-11-09 14:30:00,150,10,-2.500248,2.500248
Beta,act_D,2023-11-10,2023-11-10 09:00:00,2023-11-10 14:00:00,315,21,-2.338162,2.338162
Beta,act_D,2023-11-14,2023-11-14 10:00:00,2023-11-14 13:30:00,225,15,-1.83794,1.83794
Beta,act_D,2023-11-17,2023-11-17 14:00:00,2023-11-17 15:15:00,90,6,-2.426733,2.426733
Beta,act_D,2023-11-18,2023-11-18 11:45:00,2023-11-18 14:45:00,195,13,-2.440841,2.440841
Beta,act_D,2023-11-19,2023-11-19 12:15:00,2023-11-19 13:15:00,75,5,-1.323863,1.323863
Beta,act_D,2023-11-22,2023-11-22 13:00:00,2023-11-22 14:30:00,105,7,-1.233859,1.233859
Beta,act_D,2023-12-04,2023-12-04 09:30:00,2023-12-04 14:00:00,285,19,-1.229839,1.229839
Beta,act_D,2023-12-07,2023-12-07 09:00:00,2023-12-07 14:30:00,345,23,-2.981068,2.981068
Beta,act_D,2023-12-13,2023-12-13 12:00:00,2023-12-13 13:45:00,120,8,-1.879824,1.879824
Beta,act_D,2023-12-15,2023-12-15 11:30:00,2023-12-15 16:00:00,285,19,-2.795524,2.795524
Beta,act_D,2023-12-16,2023-12-16 10:15:00,2023-12-16 14:00:00,240,16,-5.162345,5.162345
Beta,act_D,2023-12-22,2023-12-22 12:00:00,2023-12-22 14:45:00,180,12,-2.310293,2.310293
Beta,act_D,2023-12-25,2023-12-25 10:15:00,2023-12-25 14:15:00,255,17,-2.8611,2.8611
Beta,act_D,2024-01-28,2024-01-28 10:45:00,2024-01-28 13:00:00,150,10,-3.381741,3.381741
Beta,act_D,2024-01-29,2024-01-29 12:45:00,2024-01-29 14:30:00,120,8,-2.996818,2.996818
Beta,act_D,2024-02-17,2024-02-17 11:45:00,2024-02-17 13:45:00,135,9,-3.821674,3.821674
Beta,act_D,2024-02-21,2024-02-21 09:30:00,2024-02-21 14:45:00,330,22,-2.524957,2.524957
Beta,act_D,2024-02-28,2024-02-28 10:45:00,2024-02-28 13:45:00,195,13,-0.363339,0.363339
Beta,act_D,2024-03-14,2024-03-14 09:15:00,2024-03-14 14:15:00,315,21,-2.069526,2.069526
Beta,act_D,2024-03-22,2024-03-22 11:00:00,2024-03-22 17:00:00,375,25,-3.958661,3.958661
Beta,act_D,2024-03-27,2024-03-27 10:00:00,2024-03-27 16:00:00,375,25,-2.172022,2.172022
Beta,act_D,2024-03-28,2024-03-28 11:45:00,2024-03-28 15:15:00,225,15,-2.505733,2.505733
Beta,act_D,2024-03-29,2024-03-29 13:00:00,2024-03-29 17:00:00,255,17,-2.109081,2.109081
Beta,act_D,2024-04-03,2024-04-03 14:00:00,2024-04-03 14:30:00,45,3,-0.022571,0.022571
Beta,act_D,2024-04-08,2024-04-08 09:30:00,2024-04-08 13:00:00,225,15,-0.679481,0.679481
Beta,act_D,2024-04-10,2024-04-10 10:00:00,2024-04-10 13:00:00,195,13,-3.474087,3.474087
Beta,act_D,2024-04-11,2024-04-11 08:30:00,2024-04-11 13:00:00,285,19,-2.045576,2.045576
Beta,act_D,2024-04-16,2024-04-16 09:30:00,2024-04-16 13:00:00,225,15,-2.042302,2.042302
Beta,act_D,2024-04-19,2024-04-19 08:45:00,2024-04-19 13:00:00,270,18,-2.238323,2.238323
Beta,act_D,2024-04-21,2024-04-21 13:45:00,2024-04-21 14:15:00,45,3,-0.096287,0.096287
Beta,act_D,2024-04-22,2024-04-22 09:00:00,2024-04-22 14:45:00,360,24,-0.078361,0.078361
Beta,act_D,2024-05-09,2024-05-09 11:15:00,2024-05-09 12:45:00,105,7,-1.72295,1.72295
Beta,act_D,2024-05-16,2024-05-16 11:00:00,2024-05-16 13:15:00,150,10,-2.610211,2.610211
Beta,act_D,2024-05-16,2024-05-16 13:45:00,2024-05-16 13:45:00,15,1,,
Beta,act_D,2024-05-17,2024-05-17 11:00:00,2024-05-17 15:00:00,255,17,-0.175646,0.175646
Beta,act_D,2024-06-13,2024-06-13 10:45:00,2024-06-13 12:30:00,120,8,-0.739325,0.739325
Beta,act_D,2024-06-20,2024-06-20 10:45:00,2024-06-20 13:30:00,180,12,-3.317673,3.317673
Beta,act_D,2024-06-24,2024-06-24 11:45:00,2024-06-24 12:30:00,60,4,-1.820542,1.820542
Beta,act_D,2024-07-04,2024-07-04 12:15:00,2024-07-04 13:00:00,60,4,-0.252222,0.252222
Beta,act_D,2024-08-03,2024-08-03 11:00:00,2024-08-03 14:15:00,210,14,-2.06995,2.06995
Beta,act_D,2024-08-21,2024-08-21 11:30:00,2024-08-21 13:15:00,120,8,-0.630886,0.630886
Beta,act_D,2024-08-22,2024-08-22 12:15:00,2024-08-22 13:30:00,90,6,-1.482808,1.482808
Beta,act_D,2024-08-23,2024-08-23 10:45:00,2024-08-23 13:30:00,180,12,-1.881679,1.881679
Beta,act_D,2024-08-26,2024-08-26 08:45:00,2024-08-26 13:30:00,300,20,-1.597618,1.597618
Beta,act_D,2024-08-27,2024-08-27 10:45:00,2024-08-27 13:45:00,195,13,-2.790536,2.790536
Beta,act_D,2024-08-28,2024-08-28 10:45:00,2024-08-28 13:30:00,180,12,-2.473864,2.473864
Beta,act_D,2024-08-29,2024-08-29 10:30:00,2024-08-29 13:45:00,210,14,-2.597503,2.597503
Beta,act_D,2024-08-30,2024-08-30 08:30:00,2024-08-30 13:00:00,285,19,-2.099213,2.099213
Beta,act_D,2024-08-31,2024-08-31 08:30:00,2024-08-31 12:30:00,255,17,-0.836309,0.836309
Beta,act_D,2024-09-02,2024-09-02 08:15:00,2024-09-02 13:45:00,345,23,-2.549588,2.549588
Beta,act_D,2024-09-03,2024-09-03 10:15:00,2024-09-03 14:00:00,240,16,-2.915037,2.915037
Beta,act_D,2024-09-04,2024-09-04 10:30:00,2024-09-04 14:00:00,225,15,-2.755391,2.755391
Beta,act_D,2024-09-05,2024-09-05 10:30:00,2024-09-05 13:45:00,210,14,-2.778531,2.778531
Beta,act_D,2024-09-06,2024-09-06 08:15:00,2024-09-06 13:30:00,330,22,-2.509911,2.509911
Beta,act_D,2024-09-10,2024-09-10 10:30:00,2024-09-10 13:45:00,210,14,-2.582827,2.582827
Beta,act_D,2024-09-11,2024-09-11 10:30:00,2024-09-11 13:45:00,210,14,-2.622298,2.622298
Beta,act_D,2024-09-14,2024-09-14 08:45:00,2024-09-14 13:00:00,270,18,-1.173822,1.173822
Beta,act_D,2024-09-16,2024-09-16 10:30:00,2024-09-16 14:15:00,240,16,-2.714798,2.714798
Beta,act_D,2024-09-17,2024-09-17 10:15:00,2024-09-17 13:30:00,210,14,-2.981378,2.981378
Beta,act_D,2024-09-18,2024-09-18 10:15:00,2024-09-18 14:15:00,255,17,-3.171244,3.171244
Beta,act_D,2024-09-19,2024-09-19 09:45:00,2024-09-19 14:15:00,285,19,-2.894807,2.894807
Beta,act_D,2024-09-20,2024-09-20 09:30:00,2024-09-20 14:00:00,285,19,-3.072292,3.072292
Beta,act_D,2024-09-21,2024-09-21 08:15:00,2024-09-21 14:00:00,360,24,-2.509188,2.509188
Beta,act_D,2024-09-22,2024-09-22 07:45:00,2024-09-22 13:30:00,360,24,-2.408305,2.408305
Beta,act_D,2024-09-23,2024-09-23 09:45:00,2024-09-23 14:00:00,270,18,-2.990286,2.990286
Beta,act_E,2023-10-05,2023-10-05 11:00:00,2023-10-05 14:30:00,225,15,-0.861378,0.861378
Beta,act_E,2023-10-06,2023-10-06 11:30:00,2023-10-06 13:15:00,120,8,-0.449936,0.449936
Beta,act_E,2023-10-07,2023-10-07 12:15:00,2023-10-07 13:45:00,105,7,-0.436274,0.436274
Beta,act_E,2023-10-08,2023-10-08 11:45:00,2023-10-08 13:45:00,135,9,-0.559467,0.559467
Beta,act_E,2023-10-09,2023-10-09 11:15:00,2023-10-09 14:30:00,210,14,-0.65611,0.65611
Beta,act_E,2023-10-10,2023-10-10 12:00:00,2023-10-10 13:45:00,120,8,-0.439197,0.439197
Beta,act_E,2023-10-11,2023-10-11 12:15:00,2023-10-11 15:00:00,180,12,-0.644299,0.644299
Beta,act_E,2023-10-12,2023-10-12 11:30:00,2023-10-12 13:15:00,120,8,-0.243904,0.243904
Beta,act_E,2023-10-13,2023-10-13 11:00:00,2023-10-13 11:00:00,15,1,-0.394097,0.394097
Beta,act_E,2023-10-13,2023-10-13 11:30:00,2023-10-13 13:45:00,150,10,-0.718695,0.718695
Beta,act_E,2023-10-14,2023-10-14 11:30:00,2023-10-14 13:45:00,150,10,-0.304967,0.304967
Beta,act_E,2023-10-15,2023-10-15 11:45:00,2023-10-15 13:15:00,105,7,-0.305614,0.305614
Beta,act_E,2023-10-18,2023-10-18 11:15:00,2023-10-18 15:30:00,270,18,-1.038402,1.038402
Beta,act_E,2023-10-19,2023-10-19 14:00:00,2023-10-19 15:15:00,90,6,-0.384432,0.384432
Beta,act_E,2023-10-20,2023-10-20 11:30:00,2023-10-20 13:45:00,150,10,-0.313503,0.313503
Beta,act_E,2023-10-21,2023-10-21 12:15:00,2023-10-21 13:30:00,90,6,-0.251277,0.251277
Beta,act_E,2023-10-22,2023-10-22 11:45:00,2023-10-22 13:45:00,135,9,-0.274903,0.274903
Beta,act_E,2023-10-23,2023-10-23 11:30:00,2023-10-23 14:45:00,210,14,-0.45525,0.45525
Beta,act_E,2023-10-24,2023-10-24 10:45:00,2023-10-24 13:45:00,195,13,-0.419457,0.419457
Beta,act_E,2023-10-25,2023-10-25 12:00:00,2023-10-25 15:15:00,210,14,-0.723866,0.723866
Beta,act_E,2023-10-28,2023-10-28 13:45:00,2023-10-28 15:00:00,90,6,-0.589933,0.589933
Beta,act_E,2023-10-29,2023-10-29 12:00:00,2023-10-29 14:30:00,165,11,-0.607675,0.607675
Beta,act_E,2023-10-30,2023-10-30 11:00:00,2023-10-30 11:00:00,15,1,-0.298465,0.298465
Beta,act_E,2023-10-30,2023-10-30 11:30:00,2023-10-30 13:30:00,135,9,-0.240538,0.240538
Beta,act_E,2023-10-31,2023-10-31 11:45:00,2023-10-31 13:45:00,135,9,-1.057751,1.057751
Beta,act_E,2023-11-07,2023-11-07 12:30:00,2023-11-07 14:45:00,150,10,-0.458524,0.458524
Beta,act_E,2023-11-09,2023-11-09 12:30:00,2023-11-09 14:15:00,120,8,-0.508996,0.508996
Beta,act_E,2023-11-10,2023-11-10 11:45:00,2023-11-10 14:30:00,180,12,-0.497185,0.497185
Beta,act_E,2023-11-11,2023-11-11 11:30:00,2023-11-11 13:15:00,120,8,-0.572354,0.572354
Beta,act_E,2023-11-11,2023-11-11 13:45:00,2023-11-11 13:45:00,15,1,-0.485357,0.485357
Beta,act_E,2023-11-14,2023-11-14 11:15:00,2023-11-14 14:30:00,210,14,-0.513291,0.513291
Beta,act_E,2023-11-16,2023-11-16 11:30:00,2023-11-16 13:15:00,120,8,-0.280268,0.280268
Beta,act_E,2023-11-17,2023-11-17 13:30:00,2023-11-17 15:30:00,135,9,-0.546581,0.546581
Beta,act_E,2023-11-18,2023-11-18 11:15:00,2023-11-18 15:15:00,255,17,-0.769786,0.769786
Beta,act_E,2023-11-19,2023-11-19 11:00:00,2023-11-19 14:30:00,225,15,-0.524174,0.524174
Beta,act_E,2024-04-11,2024-04-11 11:30:00,2024-04-11 13:45:00,150,10,-1.004329,1.004329
Beta,act_E,2024-08-21,2024-08-21 11:30:00,2024-08-21 13:15:00,120,8,-0.512241,0.512241
Beta,act_E,2024-08-23,2024-08-23 11:45:00,2024-08-23 13:15:00,105,7,-0.429297,0.429297
Beta,act_E,2024-08-26,2024-08-26 11:15:00,2024-08-26 14:00:00,180,12,-0.699256,0.699256
Beta,act_E,2024-08-27,2024-08-27 11:00:00,2024-08-27 14:00:00,195,13,-1.042691,1.042691
Beta,act_E,2024-08-28,2024-08-28 10:45:00,2024-08-28 14:00:00,210,14,-0.8093,0.8093
Beta,act_E,2024-08-29,2024-08-29 11:30:00,2024-08-29 13:45:00,150,10,-0.826854,0.826854
Beta,act_E,2024-08-30,2024-08-30 11:30:00,2024-08-30 13:45:00,150,10,-0.331814,0.331814
Beta,act_E,2024-08-31,2024-08-31 11:30:00,2024-08-31 13:45:00,150,10,-0.549802,0.549802
Beta,act_E,2024-09-01,2024-09-01 11:45:00,2024-09-01 13:45:00,135,9,-0.490735,0.490735
Beta,act_E,2024-09-02,2024-09-02 11:00:00,2024-09-02 13:45:00,180,12,-0.798921,0.798921
Beta,act_E,2024-09-03,2024-09-03 10:30:00,2024-09-03 14:45:00,270,18,-1.029021,1.029021
Beta,act_E,2024-09-04,2024-09-04 11:15:00,2024-09-04 14:00:00,180,12,-0.775307,0.775307
Beta,act_E,2024-09-05,2024-09-05 11:00:00,2024-09-05 14:15:00,210,14,-0.765643,0.765643
Beta,act_E,2024-09-06,2024-09-06 10:00:00,2024-09-06 13:15:00,210,14,-0.616909,0.616909
Beta,act_E,2024-09-07,2024-09-07 11:30:00,2024-09-07 13:00:00,105,7,-0.539548,0.539548
Beta,act_E,2024-09-09,2024-09-09 12:30:00,2024-09-09 14:30:00,135,9,-0.694414,0.694414
Beta,act_E,2024-09-10,2024-09-10 10:45:00,2024-09-10 13:45:00,195,13,-0.592752,0.592752
Beta,act_E,2024-09-11,2024-09-11 11:15:00,2024-09-11 13:00:00,120,8,-0.946558,0.946558
Beta,act_E,2024-09-14,2024-09-14 11:45:00,2024-09-14 13:45:00,135,9,-0.446714,0.446714
Beta,act_E,2024-09-16,2024-09-16 10:45:00,2024-09-16 14:00:00,210,14,-0.923424,0.923424
Beta,act_E,2024-09-17,2024-09-17 10:30:00,2024-09-17 14:15:00,240,16,-1.08027,1.08027
Beta,act_E,2024-09-18,2024-09-18 10:30:00,2024-09-18 14:45:00,270,18,-1.272793,1.272793
Beta,act_E,2024-09-19,2024-09-19 10:30:00,2024-09-19 14:15:00,240,16,-1.180653,1.180653
Beta,act_E,2024-09-20,2024-09-20 10:30:00,2024-09-20 14:45:00,270,18,-1.232756,1.232756
Beta,act_E,2024-09-21,2024-09-21 11:00:00,2024-09-21 14:15:00,210,14,-0.710542,0.710542
Beta,act_E,2024-09-22,2024-09-22 10:45:00,2024-09-22 14:00:00,210,14,-0.668997,0.668997
Beta,act_E,2024-09-23,2024-09-23 10:00:00,2024-09-23 13:45:00,240,16,-0.853582,0.853582
Beta,act_F,2023-10-01,2023-10-01 09:45:00,2023-10-01 14:45:00,315,21,-0.940174,0.940174
Beta,act_F,2023-10-02,2023-10-02 09:45:00,2023-10-02 16:00:00,390,26,-1.345942,1.345942
Beta,act_F,2023-10-03,2023-10-03 09:15:00,2023-10-03 15:30:00,390,26,-1.423396,1.423396
Beta,act_F,2023-10-05,2023-10-05 09:15:00,2023-10-05 16:30:00,450,30,-1.9198,1.9198
Beta,act_F,2023-10-06,2023-10-06 09:15:00,2023-10-06 15:00:00,360,24,-1.59491,1.59491
Beta,act_F,2023-10-08,2023-10-08 12:00:00,2023-10-08 16:30:00,285,19,-1.297726,1.297726
Beta,act_F,2023-10-09,2023-10-09 09:30:00,2023-10-09 16:45:00,450,30,-1.855356,1.855356
Beta,act_F,2023-10-10,2023-10-10 09:30:00,2023-10-10 16:00:00,405,27,-1.422582,1.422582
Beta,act_F,2023-10-11,2023-10-11 10:00:00,2023-10-11 16:30:00,405,27,-1.610496,1.610496
Beta,act_F,2023-10-12,2023-10-12 09:00:00,2023-10-12 16:15:00,450,30,-1.776332,1.776332
Beta,act_F,2023-10-13,2023-10-13 09:00:00,2023-10-13 16:45:00,480,32,-1.945695,1.945695
Beta,act_F,2023-10-14,2023-10-14 09:15:00,2023-10-14 16:30:00,450,30,-1.722251,1.722251
Beta,act_F,2023-10-15,2023-10-15 09:30:00,2023-10-15 16:15:00,420,28,-1.576212,1.576212
Beta,act_F,2023-10-16,2023-10-16 09:00:00,2023-10-16 14:45:00,360,24,-1.828339,1.828339
Beta,act_F,2023-10-17,2023-10-17 09:00:00,2023-10-17 13:15:00,270,18,-1.65123,1.65123
Beta,act_F,2023-10-18,2023-10-18 10:45:00,2023-10-18 16:30:00,360,24,-1.13985,1.13985
Beta,act_F,2023-10-19,2023-10-19 12:15:00,2023-10-19 17:00:00,300,20,-1.54591,1.54591
Beta,act_F,2023-10-20,2023-10-20 09:00:00,2023-10-20 16:15:00,450,30,-1.785754,1.785754
Beta,act_F,2023-10-21,2023-10-21 09:15:00,2023-10-21 15:00:00,360,24,-1.294919,1.294919
Beta,act_F,2023-10-22,2023-10-22 09:30:00,2023-10-22 15:00:00,345,23,-0.963782,0.963782
Beta,act_F,2023-10-23,2023-10-23 09:00:00,2023-10-23 16:15:00,450,30,-1.700079,1.700079
Beta,act_F,2023-10-24,2023-10-24 08:45:00,2023-10-24 15:45:00,435,29,-1.709139,1.709139
Beta,act_F,2023-10-25,2023-10-25 09:15:00,2023-10-25 15:45:00,405,27,-1.498601,1.498601
Beta,act_F,2023-10-29,2023-10-29 09:15:00,2023-10-29 16:30:00,450,30,-1.693328,1.693328
Beta,act_F,2023-10-30,2023-10-30 08:45:00,2023-10-30 16:15:00,465,31,-1.894406,1.894406
Beta,act_F,2023-10-31,2023-10-31 10:30:00,2023-10-31 16:15:00,360,24,-1.727766,1.727766
Beta,act_F,2023-11-01,2023-11-01 09:30:00,2023-11-01 15:00:00,345,23,-1.337532,1.337532
Beta,act_F,2023-11-02,2023-11-02 09:00:00,2023-11-02 16:45:00,480,32,-1.411362,1.411362
Beta,act_F,2023-11-03,2023-11-03 09:45:00,2023-11-03 16:15:00,405,27,-1.338807,1.338807
Beta,act_F,2023-11-07,2023-11-07 08:45:00,2023-11-07 16:15:00,465,31,-1.559149,1.559149
Beta,act_F,2023-11-08,2023-11-08 08:45:00,2023-11-08 14:30:00,360,24,-1.798422,1.798422
Beta,act_F,2023-11-09,2023-11-09 10:45:00,2023-11-09 13:30:00,180,12,-1.770872,1.770872
Beta,act_F,2023-11-10,2023-11-10 09:00:00,2023-11-10 16:30:00,465,31,-1.531011,1.531011
Beta,act_F,2023-11-11,2023-11-11 09:00:00,2023-11-11 14:45:00,360,24,-1.336352,1.336352
Beta,act_F,2023-11-12,2023-11-12 09:45:00,2023-11-12 13:15:00,225,15,-0.599038,0.599038
Beta,act_F,2023-11-14,2023-11-14 08:30:00,2023-11-14 16:00:00,465,31,-1.728279,1.728279
Beta,act_F,2023-11-15,2023-11-15 08:45:00,2023-11-15 14:00:00,330,22,-1.140454,1.140454
Beta,act_F,2023-11-16,2023-11-16 09:15:00,2023-11-16 15:00:00,360,24,-1.407118,1.407118
Beta,act_F,2023-11-17,2023-11-17 12:45:00,2023-11-17 16:45:00,255,17,-1.214399,1.214399
Beta,act_F,2023-11-18,2023-11-18 10:00:00,2023-11-18 16:45:00,420,28,-1.583146,1.583146
Beta,act_F,2023-11-19,2023-11-19 08:45:00,2023-11-19 15:45:00,435,29,-1.655968,1.655968
Beta,act_F,2023-11-26,2023-11-26 09:15:00,2023-11-26 15:15:00,375,25,-1.243794,1.243794
Beta,act_F,2023-11-27,2023-11-27 09:15:00,2023-11-27 13:30:00,270,18,-1.455172,1.455172
Beta,act_F,2023-12-25,2023-12-25 10:15:00,2023-12-25 14:00:00,240,16,-0.87655,0.87655
Beta,act_F,2024-01-13,2024-01-13 09:45:00,2024-01-13 13:00:00,210,14,-0.628741,0.628741
Beta,act_F,2024-01-24,2024-01-24 09:15:00,2024-01-24 14:45:00,345,23,-1.31031,1.31031
Beta,act_F,2024-02-13,2024-02-13 09:30:00,2024-02-13 13:30:00,255,17,-0.903142,0.903142
Beta,act_F,2024-03-06,2024-03-06 09:30:00,2024-03-06 14:45:00,330,22,-1.574233,1.574233
Beta,act_F,2024-03-07,2024-03-07 09:45:00,2024-03-07 14:45:00,315,21,-0.86769,0.86769
Beta,act_F,2024-03-09,2024-03-09 11:00:00,2024-03-09 15:45:00,300,20,-0.737891,0.737891
Beta,act_F,2024-03-11,2024-03-11 13:00:00,2024-03-11 15:15:00,150,10,-1.527413,1.527413
Beta,act_F,2024-03-12,2024-03-12 09:30:00,2024-03-12 15:15:00,360,24,-1.380955,1.380955
Beta,act_F,2024-03-14,2024-03-14 09:45:00,2024-03-14 14:30:00,300,20,-1.216122,1.216122
Beta,act_F,2024-03-19,2024-03-19 11:15:00,2024-03-19 16:00:00,300,20,-1.567395,1.567395
Beta,act_F,2024-03-20,2024-03-20 11:15:00,2024-03-20 13:00:00,120,8,-1.199663,1.199663
Beta,act_F,2024-03-21,2024-03-21 10:45:00,2024-03-21 15:30:00,300,20,-1.203084,1.203084
Beta,act_F,2024-03-22,2024-03-22 12:15:00,2024-03-22 15:45:00,225,15,-0.93476,0.93476
Beta,act_F,2024-03-23,2024-03-23 12:45:00,2024-03-23 16:00:00,210,14,-0.941717,0.941717
Beta,act_F,2024-03-24,2024-03-24 10:45:00,2024-03-24 16:00:00,330,22,-0.972643,0.972643
Beta,act_F,2024-03-25,2024-03-25 09:45:00,2024-03-25 16:00:00,390,26,-1.43013,1.43013
Beta,act_F,2024-03-26,2024-03-26 09:45:00,2024-03-26 15:45:00,375,25,-1.435554,1.435554
Beta,act_F,2024-03-30,2024-03-30 10:15:00,2024-03-30 15:30:00,330,22,-1.304598,1.304598
Beta,act_F,2024-04-01,2024-04-01 10:15:00,2024-04-01 15:45:00,345,23,-1.271097,1.271097
Beta,act_F,2024-04-03,2024-04-03 10:30:00,2024-04-03 16:00:00,345,23,-1.660907,1.660907
Beta,act_F,2024-04-06,2024-04-06 10:15:00,2024-04-06 16:15:00,375,25,-1.138986,1.138986
Beta,act_F,2024-04-07,2024-04-07 09:15:00,2024-04-07 15:00:00,360,24,-1.31047,1.31047
Beta,act_F,2024-04-08,2024-04-08 09:00:00,2024-04-08 14:00:00,315,21,-1.067663,1.067663
Beta,act_F,2024-04-09,2024-04-09 09:15:00,2024-04-09 15:30:00,390,26,-1.546187,1.546187
Beta,act_F,2024-04-10,2024-04-10 09:00:00,2024-04-10 15:45:00,420,28,-1.626469,1.626469
Beta,act_F,2024-04-11,2024-04-11 09:00:00,2024-04-11 15:30:00,405,27,-1.711447,1.711447
Beta,act_F,2024-04-12,2024-04-12 09:00:00,2024-04-12 15:30:00,405,27,-1.530578,1.530578
Beta,act_F,2024-04-13,2024-04-13 09:15:00,2024-04-13 15:00:00,360,24,-1.175147,1.175147
Beta,act_F,2024-04-14,2024-04-14 10:15:00,2024-04-14 14:30:00,270,18,-1.315011,1.315011
Beta,act_F,2024-04-15,2024-04-15 09:00:00,2024-04-15 14:30:00,345,23,-1.504361,1.504361
Beta,act_F,2024-04-16,2024-04-16 09:30:00,2024-04-16 14:15:00,300,20,-1.256139,1.256139
Beta,act_F,2024-04-17,2024-04-17 11:00:00,2024-04-17 13:45:00,180,12,-1.160332,1.160332
Beta,act_F,2024-04-18,2024-04-18 09:45:00,2024-04-18 15:15:00,345,23,-1.417706,1.417706
Beta,act_F,2024-04-19,2024-04-19 09:15:00,2024-04-19 13:45:00,285,19,-1.541341,1.541341
Beta,act_F,2024-04-22,2024-04-22 09:15:00,2024-04-22 15:00:00,360,24,-1.338091,1.338091
Beta,act_F,2024-04-23,2024-04-23 09:30:00,2024-04-23 15:15:00,360,24,-1.542448,1.542448
Beta,act_F,2024-04-25,2024-04-25 10:15:00,2024-04-25 15:00:00,300,20,-0.952335,0.952335
Beta,act_F,2024-04-26,2024-04-26 09:30:00,2024-04-26 15:00:00,345,23,-1.414171,1.414171
Beta,act_F,2024-04-27,2024-04-27 09:45:00,2024-04-27 13:45:00,255,17,-0.851597,0.851597
Beta,act_F,2024-04-28,2024-04-28 10:15:00,2024-04-28 14:45:00,285,19,-1.085023,1.085023
Beta,act_F,2024-04-29,2024-04-29 10:30:00,2024-04-29 14:30:00,255,17,-1.377312,1.377312
Beta,act_F,2024-05-14,2024-05-14 09:45:00,2024-05-14 15:00:00,330,22,-1.179777,1.179777
Beta,act_F,2024-05-15,2024-05-15 09:45:00,2024-05-15 14:45:00,315,21,-0.984443,0.984443
Beta,act_F,2024-05-17,2024-05-17 11:00:00,2024-05-17 14:45:00,240,16,-1.16843,1.16843
Beta,act_F,2024-05-22,2024-05-22 10:15:00,2024-05-22 14:00:00,240,16,-1.024483,1.024483
Beta,act_F,2024-05-23,2024-05-23 10:45:00,2024-05-23 14:45:00,255,17,-0.953535,0.953535
Beta,act_F,2024-05-24,2024-05-24 10:30:00,2024-05-24 13:00:00,165,11,-0.777486,0.777486
Beta,act_F,2024-05-26,2024-05-26 11:00:00,2024-05-26 14:00:00,195,13,-0.470921,0.470921
Beta,act_F,2024-05-27,2024-05-27 10:30:00,2024-05-27 14:30:00,255,17,-0.867735,0.867735
Beta,act_F,2024-05-28,2024-05-28 10:15:00,2024-05-28 14:30:00,270,18,-0.902329,0.902329
Beta,act_F,2024-05-29,2024-05-29 10:30:00,2024-05-29 14:30:00,255,17,-0.810798,0.810798
Beta,act_F,2024-05-30,2024-05-30 10:15:00,2024-05-30 14:15:00,255,17,-0.929631,0.929631
Beta,act_F,2024-09-01,2024-09-01 09:15:00,2024-09-01 15:30:00,390,26,-1.69755,1.69755
Beta,act_F,2024-09-02,2024-09-02 08:45:00,2024-09-02 15:45:00,435,29,-2.008898,2.008898
Beta,act_F,2024-09-03,2024-09-03 09:00:00,2024-09-03 15:45:00,420,28,-2.09818,2.09818
Beta,act_F,2024-09-04,2024-09-04 09:15:00,2024-09-04 15:45:00,405,27,-2.050194,2.050194
Beta,act_F,2024-09-05,2024-09-05 09:00:00,2024-09-05 15:45:00,420,28,-2.049259,2.049259
Beta,act_F,2024-09-06,2024-09-06 09:00:00,2024-09-06 15:45:00,420,28,-1.979502,1.979502
Beta,act_F,2024-09-07,2024-09-07 09:00:00,2024-09-07 14:30:00,345,23,-1.565498,1.565498
Beta,act_F,2024-09-10,2024-09-10 08:45:00,2024-09-10 15:30:00,420,28,-1.848234,1.848234
Beta,act_F,2024-09-11,2024-09-11 09:00:00,2024-09-11 15:30:00,405,27,-2.064852,2.064852
Beta,act_F,2024-09-14,2024-09-14 09:15:00,2024-09-14 15:45:00,405,27,-1.859677,1.859677
Beta,act_F,2024-09-15,2024-09-15 09:15:00,2024-09-15 15:15:00,375,25,-1.392029,1.392029
Beta,act_F,2024-09-16,2024-09-16 09:00:00,2024-09-16 16:00:00,435,29,-2.081337,2.081337
Beta,act_F,2024-09-17,2024-09-17 08:45:00,2024-09-17 15:45:00,435,29,-2.14874,2.14874
Beta,act_F,2024-09-18,2024-09-18 08:45:00,2024-09-18 16:00:00,450,30,-2.148718,2.148718
Beta,act_F,2024-09-19,2024-09-19 08:45:00,2024-09-19 16:00:00,450,30,-2.200849,2.200849
Beta,act_F,2024-09-20,2024-09-20 08:30:00,2024-09-20 16:00:00,465,31,-2.221656,2.221656
Beta,act_F,2024-09-21,2024-09-21 09:00:00,2024-09-21 15:45:00,420,28,-1.977072,1.977072
Beta,act_F,2024-09-22,2024-09-22 08:45:00,2024-09-22 15:45:00,435,29,-1.89948,1.89948
Beta,act_F,2024-09-23,2024-09-23 08:30:00,2024-09-23 15:45:00,450,30,-2.20336,2.20336
Beta,act_F,2024-09-24,2024-09-24 09:15:00,2024-09-24 13:15:00,255,17,-1.614216,1.614216
Beta,act_F,2024-09-25,2024-09-25 10:00:00,2024-09-25 15:45:00,360,24,-1.816911,1.816911
Beta,act_F,2024-09-30,2024-09-30 09:45:00,2024-09-30 15:45:00,375,25,-1.584271,1.584271
Beta,act_G,2023-10-01,2023-10-01 10:15:00,2023-10-01 14:30:00,270,18,-1.631776,1.631776
Beta,act_G,2023-10-02,2023-10-02 09:30:00,2023-10-02 15:15:00,360,24,-2.147518,2.147518
Beta,act_G,2023-10-03,2023-10-03 09:15:00,2023-10-03 14:30:00,330,22,-2.069957,2.069957
Beta,act_G,2023-10-05,2023-10-05 09:15:00,2023-10-05 16:15:00,435,29,-3.599789,3.599789
Beta,act_G,2023-10-06,2023-10-06 09:30:00,2023-10-06 15:00:00,345,23,-3.305554,3.305554
Beta,act_G,2023-10-07,2023-10-07 11:15:00,2023-10-07 14:45:00,225,15,-2.493568,2.493568
Beta,act_G,2023-10-08,2023-10-08 09:30:00,2023-10-08 16:30:00,435,29,-3.175958,3.175958
Beta,act_G,2023-10-09,2023-10-09 09:15:00,2023-10-09 16:30:00,450,30,-3.025649,3.025649
Beta,act_G,2023-10-10,2023-10-10 09:30:00,2023-10-10 16:00:00,405,27,-3.04378,3.04378
Beta,act_G,2023-10-11,2023-10-11 09:30:00,2023-10-11 16:15:00,420,28,-2.706528,2.706528
Beta,act_G,2023-10-12,2023-10-12 09:15:00,2023-10-12 15:45:00,405,27,-2.558608,2.558608
Beta,act_G,2023-10-13,2023-10-13 09:00:00,2023-10-13 16:30:00,465,31,-3.356617,3.356617
Beta,act_G,2023-10-14,2023-10-14 09:15:00,2023-10-14 16:15:00,435,29,-3.471394,3.471394
Beta,act_G,2023-10-15,2023-10-15 09:30:00,2023-10-15 15:45:00,390,26,-2.854264,2.854264
Beta,act_G,2023-10-16,2023-10-16 09:00:00,2023-10-16 16:15:00,450,30,-2.954655,2.954655
Beta,act_G,2023-10-19,2023-10-19 10:45:00,2023-10-19 16:45:00,375,25,-3.431267,3.431267
Beta,act_G,2023-10-20,2023-10-20 09:15:00,2023-10-20 16:00:00,420,28,-3.104883,3.104883
Beta,act_G,2023-10-21,2023-10-21 09:15:00,2023-10-21 14:15:00,315,21,-2.159943,2.159943
Beta,act_G,2023-10-22,2023-10-22 09:30:00,2023-10-22 13:15:00,240,16,-1.192473,1.192473
Beta,act_G,2023-10-23,2023-10-23 08:45:00,2023-10-23 15:45:00,435,29,-2.963086,2.963086
Beta,act_G,2023-10-24,2023-10-24 09:15:00,2023-10-24 15:00:00,360,24,-2.594696,2.594696
Beta,act_G,2023-10-27,2023-10-27 13:30:00,2023-10-27 16:00:00,165,11,-1.931521,1.931521
Beta,act_G,2023-10-28,2023-10-28 10:15:00,2023-10-28 15:00:00,300,20,-2.963201,2.963201
Beta,act_G,2023-10-29,2023-10-29 09:00:00,2023-10-29 16:00:00,435,29,-3.670113,3.670113
Beta,act_G,2023-10-30,2023-10-30 08:45:00,2023-10-30 15:45:00,435,29,-2.958251,2.958251
Beta,act_G,2023-10-31,2023-10-31 11:30:00,2023-10-31 15:15:00,240,16,-2.535217,2.535217
Beta,act_G,2023-11-01,2023-11-01 11:30:00,2023-11-01 16:45:00,330,22,-3.172835,3.172835
Beta,act_G,2023-11-02,2023-11-02 10:15:00,2023-11-02 16:45:00,405,27,-2.660224,2.660224
Beta,act_G,2023-11-04,2023-11-04 11:15:00,2023-11-04 16:30:00,330,22,-2.440504,2.440504
Beta,act_G,2023-11-05,2023-11-05 11:15:00,2023-11-05 13:00:00,120,8,-0.929792,0.929792
Beta,act_G,2023-11-07,2023-11-07 09:15:00,2023-11-07 16:45:00,465,31,-3.35454,3.35454
Beta,act_G,2023-11-08,2023-11-08 08:45:00,2023-11-08 15:00:00,390,26,-2.818432,2.818432
Beta,act_G,2023-11-10,2023-11-10 09:15:00,2023-11-10 16:00:00,420,28,-2.789816,2.789816
Beta,act_G,2023-11-11,2023-11-11 09:15:00,2023-11-11 14:00:00,300,20,-2.108205,2.108205
Beta,act_G,2023-11-13,2023-11-13 10:45:00,2023-11-13 16:15:00,345,23,-2.616853,2.616853
Beta,act_G,2023-11-14,2023-11-14 09:00:00,2023-11-14 15:00:00,375,25,-2.66456,2.66456
Beta,act_G,2023-11-15,2023-11-15 09:15:00,2023-11-15 14:00:00,300,20,-2.188105,2.188105
Beta,act_G,2023-11-16,2023-11-16 10:00:00,2023-11-16 13:15:00,210,14,-2.328758,2.328758
Beta,act_G,2023-11-18,2023-11-18 09:00:00,2023-11-18 16:30:00,465,31,-3.40064,3.40064
Beta,act_G,2023-11-19,2023-11-19 08:45:00,2023-11-19 15:00:00,390,26,-3.042551,3.042551
Beta,act_G,2023-11-21,2023-11-21 11:00:00,2023-11-21 15:45:00,300,20,-2.202904,2.202904
Beta,act_G,2023-11-26,2023-11-26 09:30:00,2023-11-26 14:00:00,285,19,-1.967825,1.967825
Beta,act_G,2023-11-30,2023-11-30 09:15:00,2023-11-30 15:30:00,390,26,-2.668068,2.668068
Beta,act_G,2023-12-03,2023-12-03 09:15:00,2023-12-03 11:30:00,150,10,-1.384547,1.384547
Beta,act_G,2023-12-22,2023-12-22 10:45:00,2023-12-22 15:30:00,300,20,-3.061493,3.061493
Beta,act_G,2023-12-23,2023-12-23 09:00:00,2023-12-23 15:00:00,375,25,-2.564974,2.564974
Beta,act_G,2023-12-24,2023-12-24 12:45:00,2023-12-24 14:45:00,135,9,-3.051842,3.051842
Beta,act_G,2023-12-25,2023-12-25 10:00:00,2023-12-25 12:45:00,180,12,-1.651912,1.651912
Beta,act_G,2023-12-26,2023-12-26 09:15:00,2023-12-26 13:00:00,240,16,-1.468706,1.468706
Beta,act_G,2023-12-29,2023-12-29 09:15:00,2023-12-29 12:30:00,210,14,-2.653968,2.653968
Beta,act_G,2023-12-30,2023-12-30 09:30:00,2023-12-30 12:00:00,165,11,-0.934633,0.934633
Beta,act_G,2024-01-01,2024-01-01 10:15:00,2024-01-01 14:30:00,270,18,-2.825322,2.825322
Beta,act_G,2024-01-06,2024-01-06 11:30:00,2024-01-06 14:30:00,195,13,-1.838583,1.838583
Beta,act_G,2024-02-25,2024-02-25 12:30:00,2024-02-25 15:15:00,180,12,-1.649724,1.649724
Beta,act_G,2024-03-23,2024-03-23 11:45:00,2024-03-23 15:15:00,225,15,-1.734727,1.734727
Beta,act_G,2024-03-24,2024-03-24 10:45:00,2024-03-24 16:00:00,330,22,-2.552509,2.552509
Beta,act_G,2024-03-25,2024-03-25 09:30:00,2024-03-25 16:00:00,405,27,-2.7,2.7
Beta,act_G,2024-03-26,2024-03-26 09:30:00,2024-03-26 15:45:00,390,26,-2.738846,2.738846
Beta,act_G,2024-03-29,2024-03-29 12:00:00,2024-03-29 16:15:00,270,18,-2.234747,2.234747
Beta,act_G,2024-03-30,2024-03-30 09:45:00,2024-03-30 16:00:00,390,26,-3.09272,3.09272
Beta,act_G,2024-03-31,2024-03-31 10:15:00,2024-03-31 14:30:00,270,18,-2.313496,2.313496
Beta,act_G,2024-04-01,2024-04-01 10:15:00,2024-04-01 15:30:00,330,22,-2.79,2.79
Beta,act_G,2024-04-03,2024-04-03 09:30:00,2024-04-03 16:15:00,420,28,-3.104466,3.104466
Beta,act_G,2024-04-06,2024-04-06 10:15:00,2024-04-06 16:30:00,390,26,-2.419144,2.419144
Beta,act_G,2024-04-07,2024-04-07 09:00:00,2024-04-07 15:15:00,390,26,-2.886117,2.886117
Beta,act_G,2024-04-11,2024-04-11 08:45:00,2024-04-11 15:30:00,420,28,-3.296385,3.296385
Beta,act_G,2024-04-12,2024-04-12 09:00:00,2024-04-12 15:45:00,420,28,-3.066265,3.066265
Beta,act_G,2024-04-13,2024-04-13 09:15:00,2024-04-13 15:30:00,390,26,-3.034156,3.034156
Beta,act_G,2024-04-14,2024-04-14 10:00:00,2024-04-14 15:00:00,315,21,-2.931818,2.931818
Beta,act_G,2024-04-15,2024-04-15 09:15:00,2024-04-15 14:30:00,330,22,-2.50714,2.50714
Beta,act_G,2024-04-23,2024-04-23 09:15:00,2024-04-23 15:30:00,390,26,-2.932247,2.932247
Beta,act_G,2024-04-27,2024-04-27 09:30:00,2024-04-27 15:15:00,360,24,-2.583613,2.583613
Beta,act_G,2024-04-28,2024-04-28 11:30:00,2024-04-28 15:00:00,225,15,-2.306392,2.306392
Beta,act_G,2024-04-29,2024-04-29 09:30:00,2024-04-29 15:15:00,360,24,-2.584182,2.584182
Beta,act_G,2024-05-14,2024-05-14 09:30:00,2024-05-14 15:15:00,360,24,-2.227369,2.227369
Beta,act_G,2024-05-15,2024-05-15 09:30:00,2024-05-15 15:15:00,360,24,-2.082873,2.082873
Beta,act_G,2024-07-21,2024-07-21 11:30:00,2024-07-21 14:15:00,180,12,-0.951328,0.951328
Beta,act_G,2024-07-28,2024-07-28 11:00:00,2024-07-28 14:30:00,225,15,-1.252974,1.252974
Beta,act_G,2024-08-03,2024-08-03 10:45:00,2024-08-03 15:00:00,270,18,-2.082864,2.082864
Beta,act_G,2024-08-26,2024-08-26 09:15:00,2024-08-26 16:00:00,420,28,-3.68986,3.68986
Beta,act_G,2024-08-29,2024-08-29 08:45:00,2024-08-29 16:00:00,450,30,-3.723699,3.723699
Beta,act_G,2024-08-30,2024-08-30 08:45:00,2024-08-30 15:45:00,435,29,-3.599996,3.599996
Beta,act_G,2024-08-31,2024-08-31 09:00:00,2024-08-31 15:45:00,420,28,-3.831356,3.831356
Beta,act_G,2024-09-01,2024-09-01 09:00:00,2024-09-01 15:30:00,405,27,-3.767135,3.767135
Beta,act_G,2024-09-02,2024-09-02 09:15:00,2024-09-02 16:00:00,420,28,-3.818452,3.818452
Beta,act_G,2024-09-03,2024-09-03 08:45:00,2024-09-03 16:00:00,450,30,-3.741604,3.741604
Beta,act_G,2024-09-04,2024-09-04 09:00:00,2024-09-04 15:45:00,420,28,-3.497657,3.497657
Beta,act_G,2024-09-05,2024-09-05 08:45:00,2024-09-05 16:00:00,450,30,-3.700087,3.700087
Beta,act_G,2024-09-06,2024-09-06 08:45:00,2024-09-06 15:45:00,435,29,-3.785254,3.785254
Beta,act_G,2024-09-07,2024-09-07 09:00:00,2024-09-07 15:15:00,390,26,-3.127141,3.127141
Beta,act_G,2024-09-10,2024-09-10 08:45:00,2024-09-10 15:45:00,435,29,-3.685369,3.685369
Beta,act_G,2024-09-11,2024-09-11 08:45:00,2024-09-11 15:15:00,405,27,-3.458559,3.458559
Beta,act_G,2024-09-14,2024-09-14 08:45:00,2024-09-14 16:00:00,450,30,-4.0399,4.0399
Beta,act_G,2024-09-15,2024-09-15 08:45:00,2024-09-15 15:30:00,420,28,-2.875052,2.875052
Beta,act_G,2024-09-16,2024-09-16 08:45:00,2024-09-16 16:00:00,450,30,-3.946188,3.946188
Beta,act_G,2024-09-17,2024-09-17 08:45:00,2024-09-17 15:30:00,420,28,-3.846439,3.846439
Beta,act_G,2024-09-18,2024-09-18 08:30:00,2024-09-18 16:00:00,465,31,-4.1399,4.1399
Beta,act_G,2024-09-20,2024-09-20 08:15:00,2024-09-20 16:00:00,480,32,-4.267271,4.267271
Beta,act_G,2024-09-21,2024-09-21 08:45:00,2024-09-21 15:45:00,435,29,-4.292155,4.292155
Beta,act_G,2024-09-22,2024-09-22 08:30:00,2024-09-22 15:45:00,450,30,-4.187335,4.187335
Beta,act_G,2024-09-23,2024-09-23 08:15:00,2024-09-23 16:00:00,480,32,-3.944782,3.944782
Beta,act_G,2024-09-24,2024-09-24 09:15:00,2024-09-24 13:45:00,285,19,-2.428324,2.428324
Beta,act_G,2024-09-25,2024-09-25 09:30:00,2024-09-25 15:00:00,345,23,-3.455338,3.455338
Beta,act_G,2024-09-28,2024-09-28 12:30:00,2024-09-28 15:30:00,195,13,-2.438108,2.438108
Beta,act_G,2024-09-29,2024-09-29 12:00:00,2024-09-29 15:15:00,210,14,-2.214088,2.214088
Beta,act_G,2024-09-30,2024-09-30 09:15:00,2024-09-30 15:15:00,375,25,-2.855423,2.855423
Beta,act_H,2023-11-18,2023-11-18 13:45:00,2023-11-18 15:00:00,90,6,-0.695165,0.695165
Beta,act_H,2024-09-02,2024-09-02 11:00:00,2024-09-02 13:45:00,180,12,-0.855728,0.855728
Beta,act_H,2024-09-03,2024-09-03 11:15:00,2024-09-03 14:00:00,180,12,-0.732648,0.732648
Beta,act_H,2024-09-04,2024-09-04 11:15:00,2024-09-04 14:00:00,180,12,-1.05885,1.05885
Beta,act_H,2024-09-11,2024-09-11 11:15:00,2024-09-11 13:00:00,120,8,-1.058708,1.058708
Beta,act_H,2024-09-13,2024-09-13 10:45:00,2024-09-13 14:00:00,210,14,-1.879562,1.879562
Beta,act_H,2024-09-17,2024-09-17 10:15:00,2024-09-17 14:30:00,270,18,-1.579775,1.579775
Beta,act_H,2024-09-18,2024-09-18 10:30:00,2024-09-18 14:15:00,240,16,-1.519964,1.519964
Beta,act_H,2024-09-20,2024-09-20 10:45:00,2024-09-20 14:00:00,210,14,-1.163026,1.163026
Beta,act_H,2024-09-21,2024-09-21 11:30:00,2024-09-21 13:45:00,150,10,-0.935168,0.935168
Beta,act_H,2024-09-23,2024-09-23 11:00:00,2024-09-23 13:45:00,180,12,-1.201152,1.201152
