target_timestamp,data_condition,model,y_reference,y_pred,is_placeholder,status
2024-09-01 00:00:00,raw_uncorrected,perfect_model_baseline,7.419762,7.419762,False,complete
2024-09-01 00:15:00,raw_uncorrected,perfect_model_baseline,,,False,complete
2024-09-01 00:30:00,raw_uncorrected,perfect_model_baseline,7.0927,7.0927,False,complete
2024-09-01 00:45:00,raw_uncorrected,perfect_model_baseline,7.0927,7.0927,False,complete
2024-09-01 01:00:00,raw_uncorrected,perfect_model_baseline,7.0927,7.0927,False,complete
2024-09-01 01:15:00,raw_uncorrected,perfect_model_baseline,6.975753,6.975753,False,complete
2024-09-01 01:30:00,raw_uncorrected,perfect_model_baseline,6.45842,6.45842,False,complete
2024-09-01 01:45:00,raw_uncorrected,perfect_model_baseline,6.45842,6.45842,False,complete
2024-09-01 02:00:00,raw_uncorrected,perfect_model_baseline,6.264751,6.264751,False,complete
2024-09-01 02:15:00,raw_uncorrected,perfect_model_baseline,6.264751,6.264751,False,complete
2024-09-01 02:30:00,raw_uncorrected,perfect_model_baseline,6.018404,6.018404,False,complete
2024-09-01 02:45:00,raw_uncorrected,perfect_model_baseline,5.975326,5.975326,False,complete
2024-09-01 03:00:00,raw_uncorrected,perfect_model_baseline,5.975326,5.975326,False,complete
2024-09-01 03:15:00,raw_uncorrected,perfect_model_baseline,5.794437,5.794437,False,complete
2024-09-01 03:30:00,raw_uncorrected,perfect_model_baseline,5.527672,5.527672,False,complete
2024-09-01 03:45:00,raw_uncorrected,perfect_model_baseline,5.527672,5.527672,False,complete
2024-09-01 04:00:00,raw_uncorrected,perfect_model_baseline,5.527672,5.527672,False,complete
2024-09-01 04:15:00,raw_uncorrected,perfect_model_baseline,5.527672,5.527672,False,complete
2024-09-01 04:30:00,raw_uncorrected,perfect_model_baseline,5.502798,5.502798,False,complete
2024-09-01 04:45:00,raw_uncorrected,perfect_model_baseline,5.502798,5.502798,False,complete
2024-09-01 05:00:00,raw_uncorrected,perfect_model_baseline,5.497718,5.497718,False,complete
2024-09-01 05:15:00,raw_uncorrected,perfect_model_baseline,5.497718,5.497718,False,complete
2024-09-01 05:30:00,raw_uncorrected,perfect_model_baseline,5.595233,5.595233,False,complete
2024-09-01 05:45:00,raw_uncorrected,perfect_model_baseline,5.595233,5.595233,False,complete
2024-09-01 06:00:00,raw_uncorrected,perfect_model_baseline,5.595233,5.595233,False,complete
2024-09-01 06:15:00,raw_uncorrected,perfect_model_baseline,5.595233,5.595233,False,complete
2024-09-01 06:30:00,raw_uncorrected,perfect_model_baseline,5.536088,5.536088,False,complete
2024-09-01 06:45:00,raw_uncorrected,perfect_model_baseline,5.536088,5.536088,False,complete
2024-09-01 07:00:00,raw_uncorrected,perfect_model_baseline,4.985183,4.985183,False,complete
2024-09-01 07:15:00,raw_uncorrected,perfect_model_baseline,4.761029,4.761029,False,complete
2024-09-01 07:30:00,raw_uncorrected,perfect_model_baseline,4.087097,4.087097,False,complete
2024-09-01 07:45:00,raw_uncorrected,perfect_model_baseline,3.475191,3.475191,False,complete
2024-09-01 08:00:00,raw_uncorrected,perfect_model_baseline,2.612126,2.612126,False,complete
2024-09-01 08:15:00,raw_uncorrected,perfect_model_baseline,2.292951,2.292951,False,complete
2024-09-01 08:30:00,raw_uncorrected,perfect_model_baseline,1.736174,1.736174,False,complete
2024-09-01 08:45:00,raw_uncorrected,perfect_model_baseline,1.540038,1.540038,False,complete
2024-09-01 09:00:00,raw_uncorrected,perfect_model_baseline,-1.540038,1.540038,False,complete
2024-09-01 09:15:00,raw_uncorrected,perfect_model_baseline,-1.987196,1.987196,False,complete
2024-09-01 09:30:00,raw_uncorrected,perfect_model_baseline,-2.639596,2.639596,False,complete
2024-09-01 09:45:00,raw_uncorrected,perfect_model_baseline,-3.259874,3.259874,False,complete
2024-09-01 10:00:00,raw_uncorrected,perfect_model_baseline,-3.482946,3.482946,False,complete
2024-09-01 10:15:00,raw_uncorrected,perfect_model_baseline,-4.151008,4.151008,False,complete
2024-09-01 10:30:00,raw_uncorrected,perfect_model_baseline,-4.694655,4.694655,False,complete
2024-09-01 10:45:00,raw_uncorrected,perfect_model_baseline,-5.093699,5.093699,False,complete
2024-09-01 11:00:00,raw_uncorrected,perfect_model_baseline,-5.316181,5.316181,False,complete
2024-09-01 11:15:00,raw_uncorrected,perfect_model_baseline,-5.76134,5.76134,False,complete
2024-09-01 11:30:00,raw_uncorrected,perfect_model_baseline,-5.991692,5.991692,False,complete
2024-09-01 11:45:00,raw_uncorrected,perfect_model_baseline,-6.171315,6.171315,False,complete
2024-09-01 12:00:00,raw_uncorrected,perfect_model_baseline,-6.171315,6.171315,False,complete
2024-09-01 12:15:00,raw_uncorrected,perfect_model_baseline,-6.171315,6.171315,False,complete
2024-09-01 12:30:00,raw_uncorrected,perfect_model_baseline,-6.228107,6.228107,False,complete
2024-09-01 12:45:00,raw_uncorrected,perfect_model_baseline,-6.228107,6.228107,False,complete
2024-09-01 13:00:00,raw_uncorrected,perfect_model_baseline,-6.065597,6.065597,False,complete
2024-09-01 13:15:00,raw_uncorrected,perfect_model_baseline,-5.757546,5.757546,False,complete
2024-09-01 13:30:00,raw_uncorrected,perfect_model_baseline,-5.290561,5.290561,False,complete
2024-09-01 13:45:00,raw_uncorrected,perfect_model_baseline,-4.872121,4.872121,False,complete
2024-09-01 14:00:00,raw_uncorrected,perfect_model_baseline,-4.426863,4.426863,False,complete
2024-09-01 14:15:00,raw_uncorrected,perfect_model_baseline,-3.981605,3.981605,False,complete
2024-09-01 14:30:00,raw_uncorrected,perfect_model_baseline,-3.328649,3.328649,False,complete
2024-09-01 14:45:00,raw_uncorrected,perfect_model_baseline,-2.603608,2.603608,False,complete
2024-09-01 15:00:00,raw_uncorrected,perfect_model_baseline,-1.792847,1.792847,False,complete
2024-09-01 15:15:00,raw_uncorrected,perfect_model_baseline,-1.571349,1.571349,False,complete
2024-09-01 15:30:00,raw_uncorrected,perfect_model_baseline,1.792166,1.792166,False,complete
2024-09-01 15:45:00,raw_uncorrected,perfect_model_baseline,2.182104,2.182104,False,complete
2024-09-01 16:00:00,raw_uncorrected,perfect_model_baseline,2.932575,2.932575,False,complete
2024-09-01 16:15:00,raw_uncorrected,perfect_model_baseline,4.017673,4.017673,False,complete
2024-09-01 16:30:00,raw_uncorrected,perfect_model_baseline,5.238444,5.238444,False,complete
2024-09-01 16:45:00,raw_uncorrected,perfect_model_baseline,6.304026,6.304026,False,complete
2024-09-01 17:00:00,raw_uncorrected,perfect_model_baseline,7.35497,7.35497,False,complete
2024-09-01 17:15:00,raw_uncorrected,perfect_model_baseline,8.162086,8.162086,False,complete
2024-09-01 17:30:00,raw_uncorrected,perfect_model_baseline,8.866188,8.866188,False,complete
2024-09-01 17:45:00,raw_uncorrected,perfect_model_baseline,9.372046,9.372046,False,complete
2024-09-01 18:00:00,raw_uncorrected,perfect_model_baseline,9.595905,9.595905,False,complete
2024-09-01 18:15:00,raw_uncorrected,perfect_model_baseline,10.043424,10.043424,False,complete
2024-09-01 18:30:00,raw_uncorrected,perfect_model_baseline,9.914177,9.914177,False,complete
2024-09-01 18:45:00,raw_uncorrected,perfect_model_baseline,9.914177,9.914177,False,complete
2024-09-01 19:00:00,raw_uncorrected,perfect_model_baseline,9.802342,9.802342,False,complete
2024-09-01 19:15:00,raw_uncorrected,perfect_model_baseline,9.587472,9.587472,False,complete
2024-09-01 19:30:00,raw_uncorrected,perfect_model_baseline,9.240528,9.240528,False,complete
2024-09-01 19:45:00,raw_uncorrected,perfect_model_baseline,9.162829,9.162829,False,complete
2024-09-01 20:00:00,raw_uncorrected,perfect_model_baseline,8.955914,8.955914,False,complete
2024-09-01 20:15:00,raw_uncorrected,perfect_model_baseline,8.731466,8.731466,False,complete
2024-09-01 20:30:00,raw_uncorrected,perfect_model_baseline,8.532222,8.532222,False,complete
2024-09-01 20:45:00,raw_uncorrected,perfect_model_baseline,8.532222,8.532222,False,complete
2024-09-01 21:00:00,raw_uncorrected,perfect_model_baseline,8.359114,8.359114,False,complete
2024-09-01 21:15:00,raw_uncorrected,perfect_model_baseline,8.359114,8.359114,False,complete
2024-09-01 21:30:00,raw_uncorrected,perfect_model_baseline,7.835255,7.835255,False,complete
2024-09-01 21:45:00,raw_uncorrected,perfect_model_baseline,7.835255,7.835255,False,complete
2024-09-01 22:00:00,raw_uncorrected,perfect_model_baseline,7.835255,7.835255,False,complete
2024-09-01 22:15:00,raw_uncorrected,perfect_model_baseline,7.835255,7.835255,False,complete
2024-09-01 22:30:00,raw_uncorrected,perfect_model_baseline,7.709251,7.709251,False,complete
2024-09-01 22:45:00,raw_uncorrected,perfect_model_baseline,7.709251,7.709251,False,complete
2024-09-01 23:00:00,raw_uncorrected,perfect_model_baseline,7.605523,7.605523,False,complete
2024-09-01 23:15:00,raw_uncorrected,perfect_model_baseline,7.663249,7.663249,False,complete
2024-09-01 23:30:00,raw_uncorrected,perfect_model_baseline,7.513606,7.513606,False,complete
2024-09-01 23:45:00,raw_uncorrected,perfect_model_baseline,7.19249,7.19249,False,complete
2024-09-02 00:00:00,raw_uncorrected,perfect_model_baseline,7.140671,7.140671,False,complete
2024-09-02 00:15:00,raw_uncorrected,perfect_model_baseline,,,False,complete
2024-09-02 00:30:00,raw_uncorrected,perfect_model_baseline,6.912183,6.912183,False,complete
2024-09-02 00:45:00,raw_uncorrected,perfect_model_baseline,6.868978,6.868978,False,complete
2024-09-02 01:00:00,raw_uncorrected,perfect_model_baseline,6.868978,6.868978,False,complete
2024-09-02 01:15:00,raw_uncorrected,perfect_model_baseline,6.713384,6.713384,False,complete
2024-09-02 01:30:00,raw_uncorrected,perfect_model_baseline,6.317566,6.317566,False,complete
2024-09-02 01:45:00,raw_uncorrected,perfect_model_baseline,6.231127,6.231127,False,complete
2024-09-02 02:00:00,raw_uncorrected,perfect_model_baseline,6.231127,6.231127,False,complete
2024-09-02 02:15:00,raw_uncorrected,perfect_model_baseline,6.231127,6.231127,False,complete
2024-09-02 02:30:00,raw_uncorrected,perfect_model_baseline,5.870005,5.870005,False,complete
2024-09-02 02:45:00,raw_uncorrected,perfect_model_baseline,5.870005,5.870005,False,complete
2024-09-02 03:00:00,raw_uncorrected,perfect_model_baseline,5.870005,5.870005,False,complete
2024-09-02 03:15:00,raw_uncorrected,perfect_model_baseline,5.775211,5.775211,False,complete
2024-09-02 03:30:00,raw_uncorrected,perfect_model_baseline,5.55922,5.55922,False,complete
2024-09-02 03:45:00,raw_uncorrected,perfect_model_baseline,5.55922,5.55922,False,complete
2024-09-02 04:00:00,raw_uncorrected,perfect_model_baseline,5.55922,5.55922,False,complete
2024-09-02 04:15:00,raw_uncorrected,perfect_model_baseline,5.55922,5.55922,False,complete
2024-09-02 04:30:00,raw_uncorrected,perfect_model_baseline,5.557769,5.557769,False,complete
2024-09-02 04:45:00,raw_uncorrected,perfect_model_baseline,5.557769,5.557769,False,complete
2024-09-02 05:00:00,raw_uncorrected,perfect_model_baseline,5.557769,5.557769,False,complete
2024-09-02 05:15:00,raw_uncorrected,perfect_model_baseline,5.757103,5.757103,False,complete
2024-09-02 05:30:00,raw_uncorrected,perfect_model_baseline,6.001531,6.001531,False,complete
2024-09-02 05:45:00,raw_uncorrected,perfect_model_baseline,6.114228,6.114228,False,complete
2024-09-02 06:00:00,raw_uncorrected,perfect_model_baseline,6.424685,6.424685,False,complete
2024-09-02 06:15:00,raw_uncorrected,perfect_model_baseline,6.424685,6.424685,False,complete
2024-09-02 06:30:00,raw_uncorrected,perfect_model_baseline,6.399819,6.399819,False,complete
2024-09-02 06:45:00,raw_uncorrected,perfect_model_baseline,6.399819,6.399819,False,complete
2024-09-02 07:00:00,raw_uncorrected,perfect_model_baseline,5.961478,5.961478,False,complete
2024-09-02 07:15:00,raw_uncorrected,perfect_model_baseline,5.222945,5.222945,False,complete
2024-09-02 07:30:00,raw_uncorrected,perfect_model_baseline,4.316673,4.316673,False,complete
2024-09-02 07:45:00,raw_uncorrected,perfect_model_baseline,3.548848,3.548848,False,complete
2024-09-02 08:00:00,raw_uncorrected,perfect_model_baseline,2.720227,2.720227,False,complete
2024-09-02 08:15:00,raw_uncorrected,perfect_model_baseline,1.853684,1.853684,False,complete
2024-09-02 08:30:00,raw_uncorrected,perfect_model_baseline,1.581858,1.581858,False,complete
2024-09-02 08:45:00,raw_uncorrected,perfect_model_baseline,-1.50444,1.50444,False,complete
2024-09-02 09:00:00,raw_uncorrected,perfect_model_baseline,-1.985861,1.985861,False,complete
2024-09-02 09:15:00,raw_uncorrected,perfect_model_baseline,-2.683851,2.683851,False,complete
2024-09-02 09:30:00,raw_uncorrected,perfect_model_baseline,-3.535526,3.535526,False,complete
2024-09-02 09:45:00,raw_uncorrected,perfect_model_baseline,-4.465232,4.465232,False,complete
2024-09-02 10:00:00,raw_uncorrected,perfect_model_baseline,-5.066738,5.066738,False,complete
2024-09-02 10:15:00,raw_uncorrected,perfect_model_baseline,-5.509536,5.509536,False,complete
2024-09-02 10:30:00,raw_uncorrected,perfect_model_baseline,-6.013331,6.013331,False,complete
2024-09-02 10:45:00,raw_uncorrected,perfect_model_baseline,-6.423495,6.423495,False,complete
2024-09-02 11:00:00,raw_uncorrected,perfect_model_baseline,-6.86826,6.86826,False,complete
2024-09-02 11:15:00,raw_uncorrected,perfect_model_baseline,-7.090545,7.090545,False,complete
2024-09-02 11:30:00,raw_uncorrected,perfect_model_baseline,-7.130858,7.130858,False,complete
2024-09-02 11:45:00,raw_uncorrected,perfect_model_baseline,-7.258991,7.258991,False,complete
2024-09-02 12:00:00,raw_uncorrected,perfect_model_baseline,-7.258991,7.258991,False,complete
2024-09-02 12:15:00,raw_uncorrected,perfect_model_baseline,-7.036903,7.036903,False,complete
2024-09-02 12:30:00,raw_uncorrected,perfect_model_baseline,-7.102094,7.102094,False,complete
2024-09-02 12:45:00,raw_uncorrected,perfect_model_baseline,-6.931407,6.931407,False,complete
2024-09-02 13:00:00,raw_uncorrected,perfect_model_baseline,-6.931407,6.931407,False,complete
2024-09-02 13:15:00,raw_uncorrected,perfect_model_baseline,-6.410686,6.410686,False,complete
2024-09-02 13:30:00,raw_uncorrected,perfect_model_baseline,-6.069425,6.069425,False,complete
2024-09-02 13:45:00,raw_uncorrected,perfect_model_baseline,-5.746445,5.746445,False,complete
2024-09-02 14:00:00,raw_uncorrected,perfect_model_baseline,-5.21118,5.21118,False,complete
2024-09-02 14:15:00,raw_uncorrected,perfect_model_baseline,-4.483561,4.483561,False,complete
2024-09-02 14:30:00,raw_uncorrected,perfect_model_baseline,-3.810072,3.810072,False,complete
2024-09-02 14:45:00,raw_uncorrected,perfect_model_baseline,-3.201528,3.201528,False,complete
2024-09-02 15:00:00,raw_uncorrected,perfect_model_baseline,-2.530155,2.530155,False,complete
2024-09-02 15:15:00,raw_uncorrected,perfect_model_baseline,-1.95416,1.95416,False,complete
2024-09-02 15:30:00,raw_uncorrected,perfect_model_baseline,-1.507167,1.507167,False,complete
2024-09-02 15:45:00,raw_uncorrected,perfect_model_baseline,1.507167,1.507167,False,complete
2024-09-02 16:00:00,raw_uncorrected,perfect_model_baseline,2.222536,2.222536,False,complete
2024-09-02 16:15:00,raw_uncorrected,perfect_model_baseline,3.320088,3.320088,False,complete
2024-09-02 16:30:00,raw_uncorrected,perfect_model_baseline,4.5355,4.5355,False,complete
2024-09-02 16:45:00,raw_uncorrected,perfect_model_baseline,5.636723,5.636723,False,complete
2024-09-02 17:00:00,raw_uncorrected,perfect_model_baseline,6.977897,6.977897,False,complete
2024-09-02 17:15:00,raw_uncorrected,perfect_model_baseline,8.051849,8.051849,False,complete
2024-09-02 17:30:00,raw_uncorrected,perfect_model_baseline,8.885612,8.885612,False,complete
2024-09-02 17:45:00,raw_uncorrected,perfect_model_baseline,9.542776,9.542776,False,complete
2024-09-02 18:00:00,raw_uncorrected,perfect_model_baseline,10.074515,10.074515,False,complete
2024-09-02 18:15:00,raw_uncorrected,perfect_model_baseline,10.074515,10.074515,False,complete
2024-09-02 18:30:00,raw_uncorrected,perfect_model_baseline,10.143349,10.143349,False,complete
2024-09-02 18:45:00,raw_uncorrected,perfect_model_baseline,9.918803,9.918803,False,complete
2024-09-02 19:00:00,raw_uncorrected,perfect_model_baseline,9.616796,9.616796,False,complete
2024-09-02 19:15:00,raw_uncorrected,perfect_model_baseline,9.616796,9.616796,False,complete
2024-09-02 19:30:00,raw_uncorrected,perfect_model_baseline,9.298083,9.298083,False,complete
2024-09-02 19:45:00,raw_uncorrected,perfect_model_baseline,9.177682,9.177682,False,complete
2024-09-02 20:00:00,raw_uncorrected,perfect_model_baseline,9.177682,9.177682,False,complete
2024-09-02 20:15:00,raw_uncorrected,perfect_model_baseline,8.688437,8.688437,False,complete
2024-09-02 20:30:00,raw_uncorrected,perfect_model_baseline,8.588947,8.588947,False,complete
2024-09-02 20:45:00,raw_uncorrected,perfect_model_baseline,8.459795,8.459795,False,complete
2024-09-02 21:00:00,raw_uncorrected,perfect_model_baseline,8.459795,8.459795,False,complete
2024-09-02 21:15:00,raw_uncorrected,perfect_model_baseline,8.244736,8.244736,False,complete
2024-09-02 21:30:00,raw_uncorrected,perfect_model_baseline,7.886482,7.886482,False,complete
2024-09-02 21:45:00,raw_uncorrected,perfect_model_baseline,7.808847,7.808847,False,complete
2024-09-02 22:00:00,raw_uncorrected,perfect_model_baseline,7.808847,7.808847,False,complete
2024-09-02 22:15:00,raw_uncorrected,perfect_model_baseline,8.266483,8.266483,False,complete
2024-09-02 22:30:00,raw_uncorrected,perfect_model_baseline,7.981574,7.981574,False,complete
2024-09-02 22:45:00,raw_uncorrected,perfect_model_baseline,7.929837,7.929837,False,complete
2024-09-02 23:00:00,raw_uncorrected,perfect_model_baseline,7.809189,7.809189,False,complete
2024-09-02 23:15:00,raw_uncorrected,perfect_model_baseline,8.033245,8.033245,False,complete
2024-09-02 23:30:00,raw_uncorrected,perfect_model_baseline,7.712044,7.712044,False,complete
2024-09-02 23:45:00,raw_uncorrected,perfect_model_baseline,7.712044,7.712044,False,complete
2024-09-03 00:00:00,raw_uncorrected,perfect_model_baseline,7.712044,7.712044,False,complete
2024-09-03 00:15:00,raw_uncorrected,perfect_model_baseline,3.731378,3.731378,False,complete
2024-09-03 00:30:00,raw_uncorrected,perfect_model_baseline,7.401765,7.401765,False,complete
2024-09-03 00:45:00,raw_uncorrected,perfect_model_baseline,7.324402,7.324402,False,complete
2024-09-03 01:00:00,raw_uncorrected,perfect_model_baseline,7.39531,7.39531,False,complete
2024-09-03 01:15:00,raw_uncorrected,perfect_model_baseline,7.186946,7.186946,False,complete
2024-09-03 01:30:00,raw_uncorrected,perfect_model_baseline,6.709822,6.709822,False,complete
2024-09-03 01:45:00,raw_uncorrected,perfect_model_baseline,6.649291,6.649291,False,complete
2024-09-03 02:00:00,raw_uncorrected,perfect_model_baseline,6.649291,6.649291,False,complete
2024-09-03 02:15:00,raw_uncorrected,perfect_model_baseline,6.653832,6.653832,False,complete
2024-09-03 02:30:00,raw_uncorrected,perfect_model_baseline,6.263836,6.263836,False,complete
2024-09-03 02:45:00,raw_uncorrected,perfect_model_baseline,6.246365,6.246365,False,complete
2024-09-03 03:00:00,raw_uncorrected,perfect_model_baseline,6.083713,6.083713,False,complete
2024-09-03 03:15:00,raw_uncorrected,perfect_model_baseline,6.083713,6.083713,False,complete
2024-09-03 03:30:00,raw_uncorrected,perfect_model_baseline,5.921563,5.921563,False,complete
2024-09-03 03:45:00,raw_uncorrected,perfect_model_baseline,5.800821,5.800821,False,complete
2024-09-03 04:00:00,raw_uncorrected,perfect_model_baseline,5.800821,5.800821,False,complete
2024-09-03 04:15:00,raw_uncorrected,perfect_model_baseline,5.800821,5.800821,False,complete
2024-09-03 04:30:00,raw_uncorrected,perfect_model_baseline,5.730634,5.730634,False,complete
2024-09-03 04:45:00,raw_uncorrected,perfect_model_baseline,5.730634,5.730634,False,complete
2024-09-03 05:00:00,raw_uncorrected,perfect_model_baseline,5.730634,5.730634,False,complete
2024-09-03 05:15:00,raw_uncorrected,perfect_model_baseline,6.239014,6.239014,False,complete
2024-09-03 05:30:00,raw_uncorrected,perfect_model_baseline,6.322711,6.322711,False,complete
2024-09-03 05:45:00,raw_uncorrected,perfect_model_baseline,6.661918,6.661918,False,complete
2024-09-03 06:00:00,raw_uncorrected,perfect_model_baseline,6.883875,6.883875,False,complete
2024-09-03 06:15:00,raw_uncorrected,perfect_model_baseline,6.920828,6.920828,False,complete
2024-09-03 06:30:00,raw_uncorrected,perfect_model_baseline,7.037734,7.037734,False,complete
2024-09-03 06:45:00,raw_uncorrected,perfect_model_baseline,7.037734,7.037734,False,complete
2024-09-03 07:00:00,raw_uncorrected,perfect_model_baseline,6.495311,6.495311,False,complete
2024-09-03 07:15:00,raw_uncorrected,perfect_model_baseline,5.948001,5.948001,False,complete
2024-09-03 07:30:00,raw_uncorrected,perfect_model_baseline,5.074307,5.074307,False,complete
2024-09-03 07:45:00,raw_uncorrected,perfect_model_baseline,4.256625,4.256625,False,complete
2024-09-03 08:00:00,raw_uncorrected,perfect_model_baseline,3.152997,3.152997,False,complete
2024-09-03 08:15:00,raw_uncorrected,perfect_model_baseline,2.147538,2.147538,False,complete
2024-09-03 08:30:00,raw_uncorrected,perfect_model_baseline,-1.583206,1.583206,False,complete
2024-09-03 08:45:00,raw_uncorrected,perfect_model_baseline,-1.625447,1.625447,False,complete
2024-09-03 09:00:00,raw_uncorrected,perfect_model_baseline,-2.197311,2.197311,False,complete
2024-09-03 09:15:00,raw_uncorrected,perfect_model_baseline,-2.758214,2.758214,False,complete
2024-09-03 09:30:00,raw_uncorrected,perfect_model_baseline,-3.748156,3.748156,False,complete
2024-09-03 09:45:00,raw_uncorrected,perfect_model_baseline,-4.505136,4.505136,False,complete
2024-09-03 10:00:00,raw_uncorrected,perfect_model_baseline,-5.190559,5.190559,False,complete
2024-09-03 10:15:00,raw_uncorrected,perfect_model_baseline,-5.731193,5.731193,False,complete
2024-09-03 10:30:00,raw_uncorrected,perfect_model_baseline,-6.338033,6.338033,False,complete
2024-09-03 10:45:00,raw_uncorrected,perfect_model_baseline,-6.827823,6.827823,False,complete
2024-09-03 11:00:00,raw_uncorrected,perfect_model_baseline,-6.811159,6.811159,False,complete
2024-09-03 11:15:00,raw_uncorrected,perfect_model_baseline,-6.811159,6.811159,False,complete
2024-09-03 11:30:00,raw_uncorrected,perfect_model_baseline,-7.311727,7.311727,False,complete
2024-09-03 11:45:00,raw_uncorrected,perfect_model_baseline,-7.311727,7.311727,False,complete
2024-09-03 12:00:00,raw_uncorrected,perfect_model_baseline,-7.311727,7.311727,False,complete
2024-09-03 12:15:00,raw_uncorrected,perfect_model_baseline,-7.311727,7.311727,False,complete
2024-09-03 12:30:00,raw_uncorrected,perfect_model_baseline,-7.391595,7.391595,False,complete
2024-09-03 12:45:00,raw_uncorrected,perfect_model_baseline,-7.391595,7.391595,False,complete
2024-09-03 13:00:00,raw_uncorrected,perfect_model_baseline,-7.391595,7.391595,False,complete
2024-09-03 13:15:00,raw_uncorrected,perfect_model_baseline,-7.08368,7.08368,False,complete
2024-09-03 13:30:00,raw_uncorrected,perfect_model_baseline,-6.680049,6.680049,False,complete
2024-09-03 13:45:00,raw_uncorrected,perfect_model_baseline,-6.414937,6.414937,False,complete
2024-09-03 14:00:00,raw_uncorrected,perfect_model_baseline,-5.970172,5.970172,False,complete
2024-09-03 14:15:00,raw_uncorrected,perfect_model_baseline,-5.525406,5.525406,False,complete
2024-09-03 14:30:00,raw_uncorrected,perfect_model_baseline,-4.89355,4.89355,False,complete
2024-09-03 14:45:00,raw_uncorrected,perfect_model_baseline,-4.274619,4.274619,False,complete
2024-09-03 15:00:00,raw_uncorrected,perfect_model_baseline,-3.489404,3.489404,False,complete
2024-09-03 15:15:00,raw_uncorrected,perfect_model_baseline,-2.700549,2.700549,False,complete
2024-09-03 15:30:00,raw_uncorrected,perfect_model_baseline,-2.113416,2.113416,False,complete
2024-09-03 15:45:00,raw_uncorrected,perfect_model_baseline,-1.94862,1.94862,False,complete
2024-09-03 16:00:00,raw_uncorrected,perfect_model_baseline,1.97598,1.97598,False,complete
2024-09-03 16:15:00,raw_uncorrected,perfect_model_baseline,2.832183,2.832183,False,complete
2024-09-03 16:30:00,raw_uncorrected,perfect_model_baseline,4.198772,4.198772,False,complete
2024-09-03 16:45:00,raw_uncorrected,perfect_model_baseline,5.408571,5.408571,False,complete
2024-09-03 17:00:00,raw_uncorrected,perfect_model_baseline,6.756113,6.756113,False,complete
2024-09-03 17:15:00,raw_uncorrected,perfect_model_baseline,7.905604,7.905604,False,complete
2024-09-03 17:30:00,raw_uncorrected,perfect_model_baseline,8.904406,8.904406,False,complete
2024-09-03 17:45:00,raw_uncorrected,perfect_model_baseline,9.857162,9.857162,False,complete
2024-09-03 18:00:00,raw_uncorrected,perfect_model_baseline,10.722673,10.722673,False,complete
2024-09-03 18:15:00,raw_uncorrected,perfect_model_baseline,10.947909,10.947909,False,complete
2024-09-03 18:30:00,raw_uncorrected,perfect_model_baseline,11.17635,11.17635,False,complete
2024-09-03 18:45:00,raw_uncorrected,perfect_model_baseline,10.967315,10.967315,False,complete
2024-09-03 19:00:00,raw_uncorrected,perfect_model_baseline,10.967315,10.967315,False,complete
2024-09-03 19:15:00,raw_uncorrected,perfect_model_baseline,10.734234,10.734234,False,complete
2024-09-03 19:30:00,raw_uncorrected,perfect_model_baseline,10.687222,10.687222,False,complete
2024-09-03 19:45:00,raw_uncorrected,perfect_model_baseline,10.55777,10.55777,False,complete
2024-09-03 20:00:00,raw_uncorrected,perfect_model_baseline,10.55777,10.55777,False,complete
2024-09-03 20:15:00,raw_uncorrected,perfect_model_baseline,10.065691,10.065691,False,complete
2024-09-03 20:30:00,raw_uncorrected,perfect_model_baseline,10.025168,10.025168,False,complete
2024-09-03 20:45:00,raw_uncorrected,perfect_model_baseline,9.89524,9.89524,False,complete
2024-09-03 21:00:00,raw_uncorrected,perfect_model_baseline,9.89524,9.89524,False,complete
2024-09-03 21:15:00,raw_uncorrected,perfect_model_baseline,9.660933,9.660933,False,complete
2024-09-03 21:30:00,raw_uncorrected,perfect_model_baseline,9.305013,9.305013,False,complete
2024-09-03 21:45:00,raw_uncorrected,perfect_model_baseline,9.192733,9.192733,False,complete
2024-09-03 22:00:00,raw_uncorrected,perfect_model_baseline,8.925373,8.925373,False,complete
2024-09-03 22:15:00,raw_uncorrected,perfect_model_baseline,9.373384,9.373384,False,complete
2024-09-03 22:30:00,raw_uncorrected,perfect_model_baseline,9.17068,9.17068,False,complete
2024-09-03 22:45:00,raw_uncorrected,perfect_model_baseline,9.101928,9.101928,False,complete
2024-09-03 23:00:00,raw_uncorrected,perfect_model_baseline,8.90416,8.90416,False,complete
2024-09-03 23:15:00,raw_uncorrected,perfect_model_baseline,8.90416,8.90416,False,complete
2024-09-03 23:30:00,raw_uncorrected,perfect_model_baseline,8.621315,8.621315,False,complete
2024-09-03 23:45:00,raw_uncorrected,perfect_model_baseline,8.681816,8.681816,False,complete
2024-09-04 00:00:00,raw_uncorrected,perfect_model_baseline,8.681816,8.681816,False,complete
2024-09-04 00:15:00,raw_uncorrected,perfect_model_baseline,,,False,complete
2024-09-04 00:30:00,raw_uncorrected,perfect_model_baseline,8.430261,8.430261,False,complete
2024-09-04 00:45:00,raw_uncorrected,perfect_model_baseline,8.334581,8.334581,False,complete
2024-09-04 01:00:00,raw_uncorrected,perfect_model_baseline,8.334581,8.334581,False,complete
2024-09-04 01:15:00,raw_uncorrected,perfect_model_baseline,8.109021,8.109021,False,complete
2024-09-04 01:30:00,raw_uncorrected,perfect_model_baseline,7.58906,7.58906,False,complete
2024-09-04 01:45:00,raw_uncorrected,perfect_model_baseline,7.341726,7.341726,False,complete
2024-09-04 02:00:00,raw_uncorrected,perfect_model_baseline,7.341726,7.341726,False,complete
2024-09-04 02:15:00,raw_uncorrected,perfect_model_baseline,7.11826,7.11826,False,complete
2024-09-04 02:30:00,raw_uncorrected,perfect_model_baseline,6.745117,6.745117,False,complete
2024-09-04 02:45:00,raw_uncorrected,perfect_model_baseline,6.745117,6.745117,False,complete
2024-09-04 03:00:00,raw_uncorrected,perfect_model_baseline,6.658859,6.658859,False,complete
2024-09-04 03:15:00,raw_uncorrected,perfect_model_baseline,6.658859,6.658859,False,complete
2024-09-04 03:30:00,raw_uncorrected,perfect_model_baseline,6.460384,6.460384,False,complete
2024-09-04 03:45:00,raw_uncorrected,perfect_model_baseline,6.460384,6.460384,False,complete
2024-09-04 04:00:00,raw_uncorrected,perfect_model_baseline,6.40879,6.40879,False,complete
2024-09-04 04:15:00,raw_uncorrected,perfect_model_baseline,6.40879,6.40879,False,complete
2024-09-04 04:30:00,raw_uncorrected,perfect_model_baseline,6.586691,6.586691,False,complete
2024-09-04 04:45:00,raw_uncorrected,perfect_model_baseline,6.586691,6.586691,False,complete
2024-09-04 05:00:00,raw_uncorrected,perfect_model_baseline,6.707502,6.707502,False,complete
2024-09-04 05:15:00,raw_uncorrected,perfect_model_baseline,7.147765,7.147765,False,complete
2024-09-04 05:30:00,raw_uncorrected,perfect_model_baseline,7.331725,7.331725,False,complete
2024-09-04 05:45:00,raw_uncorrected,perfect_model_baseline,7.79379,7.79379,False,complete
2024-09-04 06:00:00,raw_uncorrected,perfect_model_baseline,8.284285,8.284285,False,complete
2024-09-04 06:15:00,raw_uncorrected,perfect_model_baseline,8.768672,8.768672,False,complete
2024-09-04 06:30:00,raw_uncorrected,perfect_model_baseline,9.008729,9.008729,False,complete
2024-09-04 06:45:00,raw_uncorrected,perfect_model_baseline,9.008729,9.008729,False,complete
2024-09-04 07:00:00,raw_uncorrected,perfect_model_baseline,8.477732,8.477732,False,complete
2024-09-04 07:15:00,raw_uncorrected,perfect_model_baseline,7.928161,7.928161,False,complete
2024-09-04 07:30:00,raw_uncorrected,perfect_model_baseline,7.111864,7.111864,False,complete
2024-09-04 07:45:00,raw_uncorrected,perfect_model_baseline,6.275423,6.275423,False,complete
2024-09-04 08:00:00,raw_uncorrected,perfect_model_baseline,5.014544,5.014544,False,complete
2024-09-04 08:15:00,raw_uncorrected,perfect_model_baseline,4.894676,4.894676,False,complete
2024-09-04 08:30:00,raw_uncorrected,perfect_model_baseline,2.969365,2.969365,False,complete
2024-09-04 08:45:00,raw_uncorrected,perfect_model_baseline,1.493849,1.493849,False,complete
2024-09-04 09:00:00,raw_uncorrected,perfect_model_baseline,-1.493849,1.493849,False,complete
2024-09-04 09:15:00,raw_uncorrected,perfect_model_baseline,-1.761416,1.761416,False,complete
2024-09-04 09:30:00,raw_uncorrected,perfect_model_baseline,-2.56582,2.56582,False,complete
2024-09-04 09:45:00,raw_uncorrected,perfect_model_baseline,-3.380482,3.380482,False,complete
2024-09-04 10:00:00,raw_uncorrected,perfect_model_baseline,-4.221523,4.221523,False,complete
2024-09-04 10:15:00,raw_uncorrected,perfect_model_baseline,-4.862457,4.862457,False,complete
2024-09-04 10:30:00,raw_uncorrected,perfect_model_baseline,-5.623912,5.623912,False,complete
2024-09-04 10:45:00,raw_uncorrected,perfect_model_baseline,-6.173283,6.173283,False,complete
2024-09-04 11:00:00,raw_uncorrected,perfect_model_baseline,-6.395077,6.395077,False,complete
2024-09-04 11:15:00,raw_uncorrected,perfect_model_baseline,-6.597159,6.597159,False,complete
2024-09-04 11:30:00,raw_uncorrected,perfect_model_baseline,-6.79668,6.79668,False,complete
2024-09-04 11:45:00,raw_uncorrected,perfect_model_baseline,-6.79668,6.79668,False,complete
2024-09-04 12:00:00,raw_uncorrected,perfect_model_baseline,-6.79668,6.79668,False,complete
2024-09-04 12:15:00,raw_uncorrected,perfect_model_baseline,-6.79668,6.79668,False,complete
2024-09-04 12:30:00,raw_uncorrected,perfect_model_baseline,-6.942981,6.942981,False,complete
2024-09-04 12:45:00,raw_uncorrected,perfect_model_baseline,-6.942981,6.942981,False,complete
2024-09-04 13:00:00,raw_uncorrected,perfect_model_baseline,-6.712354,6.712354,False,complete
2024-09-04 13:15:00,raw_uncorrected,perfect_model_baseline,-6.712354,6.712354,False,complete
2024-09-04 13:30:00,raw_uncorrected,perfect_model_baseline,-6.28449,6.28449,False,complete
2024-09-04 13:45:00,raw_uncorrected,perfect_model_baseline,-5.960907,5.960907,False,complete
2024-09-04 14:00:00,raw_uncorrected,perfect_model_baseline,-5.73882,5.73882,False,complete
2024-09-04 14:15:00,raw_uncorrected,perfect_model_baseline,-5.227474,5.227474,False,complete
2024-09-04 14:30:00,raw_uncorrected,perfect_model_baseline,-4.393119,4.393119,False,complete
2024-09-04 14:45:00,raw_uncorrected,perfect_model_baseline,-3.622981,3.622981,False,complete
2024-09-04 15:00:00,raw_uncorrected,perfect_model_baseline,-2.951506,2.951506,False,complete
2024-09-04 15:15:00,raw_uncorrected,perfect_model_baseline,-2.243254,2.243254,False,complete
2024-09-04 15:30:00,raw_uncorrected,perfect_model_baseline,-1.627381,1.627381,False,complete
2024-09-04 15:45:00,raw_uncorrected,perfect_model_baseline,1.627381,1.627381,False,complete
2024-09-04 16:00:00,raw_uncorrected,perfect_model_baseline,1.973369,1.973369,False,complete
2024-09-04 16:15:00,raw_uncorrected,perfect_model_baseline,2.931277,2.931277,False,complete
2024-09-04 16:30:00,raw_uncorrected,perfect_model_baseline,4.11594,4.11594,False,complete
2024-09-04 16:45:00,raw_uncorrected,perfect_model_baseline,5.23316,5.23316,False,complete
2024-09-04 17:00:00,raw_uncorrected,perfect_model_baseline,6.600922,6.600922,False,complete
2024-09-04 17:15:00,raw_uncorrected,perfect_model_baseline,7.647428,7.647428,False,complete
2024-09-04 17:30:00,raw_uncorrected,perfect_model_baseline,8.615323,8.615323,False,complete
2024-09-04 17:45:00,raw_uncorrected,perfect_model_baseline,9.115673,9.115673,False,complete
2024-09-04 18:00:00,raw_uncorrected,perfect_model_baseline,9.713323,9.713323,False,complete
2024-09-04 18:15:00,raw_uncorrected,perfect_model_baseline,10.458452,10.458452,False,complete
2024-09-04 18:30:00,raw_uncorrected,perfect_model_baseline,10.439684,10.439684,False,complete
2024-09-04 18:45:00,raw_uncorrected,perfect_model_baseline,10.335481,10.335481,False,complete
2024-09-04 19:00:00,raw_uncorrected,perfect_model_baseline,10.118625,10.118625,False,complete
2024-09-04 19:15:00,raw_uncorrected,perfect_model_baseline,9.892898,9.892898,False,complete
2024-09-04 19:30:00,raw_uncorrected,perfect_model_baseline,9.845066,9.845066,False,complete
2024-09-04 19:45:00,raw_uncorrected,perfect_model_baseline,9.714781,9.714781,False,complete
2024-09-04 20:00:00,raw_uncorrected,perfect_model_baseline,9.714781,9.714781,False,complete
2024-09-04 20:15:00,raw_uncorrected,perfect_model_baseline,9.714781,9.714781,False,complete
2024-09-04 20:30:00,raw_uncorrected,perfect_model_baseline,9.34998,9.34998,False,complete
2024-09-04 20:45:00,raw_uncorrected,perfect_model_baseline,9.254137,9.254137,False,complete
2024-09-04 21:00:00,raw_uncorrected,perfect_model_baseline,9.029574,9.029574,False,complete
2024-09-04 21:15:00,raw_uncorrected,perfect_model_baseline,9.029574,9.029574,False,complete
2024-09-04 21:30:00,raw_uncorrected,perfect_model_baseline,8.658407,8.658407,False,complete
2024-09-04 21:45:00,raw_uncorrected,perfect_model_baseline,8.658407,8.658407,False,complete
2024-09-04 22:00:00,raw_uncorrected,perfect_model_baseline,8.443239,8.443239,False,complete
2024-09-04 22:15:00,raw_uncorrected,perfect_model_baseline,8.651213,8.651213,False,complete
2024-09-04 22:30:00,raw_uncorrected,perfect_model_baseline,8.591019,8.591019,False,complete
2024-09-04 22:45:00,raw_uncorrected,perfect_model_baseline,8.591019,8.591019,False,complete
2024-09-04 23:00:00,raw_uncorrected,perfect_model_baseline,8.462097,8.462097,False,complete
2024-09-04 23:15:00,raw_uncorrected,perfect_model_baseline,8.462097,8.462097,False,complete
2024-09-04 23:30:00,raw_uncorrected,perfect_model_baseline,8.290891,8.290891,False,complete
2024-09-04 23:45:00,raw_uncorrected,perfect_model_baseline,8.21347,8.21347,False,complete
2024-09-05 00:00:00,raw_uncorrected,perfect_model_baseline,8.015616,8.015616,False,complete
2024-09-05 00:15:00,raw_uncorrected,perfect_model_baseline,,,False,complete
2024-09-05 00:30:00,raw_uncorrected,perfect_model_baseline,7.741354,7.741354,False,complete
2024-09-05 00:45:00,raw_uncorrected,perfect_model_baseline,7.595038,7.595038,False,complete
2024-09-05 01:00:00,raw_uncorrected,perfect_model_baseline,7.595038,7.595038,False,complete
2024-09-05 01:15:00,raw_uncorrected,perfect_model_baseline,7.595038,7.595038,False,complete
2024-09-05 01:30:00,raw_uncorrected,perfect_model_baseline,7.112716,7.112716,False,complete
2024-09-05 01:45:00,raw_uncorrected,perfect_model_baseline,6.94132,6.94132,False,complete
2024-09-05 02:00:00,raw_uncorrected,perfect_model_baseline,6.700363,6.700363,False,complete
2024-09-05 02:15:00,raw_uncorrected,perfect_model_baseline,6.700363,6.700363,False,complete
2024-09-05 02:30:00,raw_uncorrected,perfect_model_baseline,6.306795,6.306795,False,complete
2024-09-05 02:45:00,raw_uncorrected,perfect_model_baseline,6.306795,6.306795,False,complete
2024-09-05 03:00:00,raw_uncorrected,perfect_model_baseline,6.306795,6.306795,False,complete
2024-09-05 03:15:00,raw_uncorrected,perfect_model_baseline,6.228924,6.228924,False,complete
2024-09-05 03:30:00,raw_uncorrected,perfect_model_baseline,5.984656,5.984656,False,complete
2024-09-05 03:45:00,raw_uncorrected,perfect_model_baseline,5.984656,5.984656,False,complete
2024-09-05 04:00:00,raw_uncorrected,perfect_model_baseline,5.984656,5.984656,False,complete
2024-09-05 04:15:00,raw_uncorrected,perfect_model_baseline,5.984656,5.984656,False,complete
2024-09-05 04:30:00,raw_uncorrected,perfect_model_baseline,6.093295,6.093295,False,complete
2024-09-05 04:45:00,raw_uncorrected,perfect_model_baseline,6.093295,6.093295,False,complete
2024-09-05 05:00:00,raw_uncorrected,perfect_model_baseline,6.22273,6.22273,False,complete
2024-09-05 05:15:00,raw_uncorrected,perfect_model_baseline,6.22273,6.22273,False,complete
2024-09-05 05:30:00,raw_uncorrected,perfect_model_baseline,6.609937,6.609937,False,complete
2024-09-05 05:45:00,raw_uncorrected,perfect_model_baseline,6.918842,6.918842,False,complete
2024-09-05 06:00:00,raw_uncorrected,perfect_model_baseline,7.143093,7.143093,False,complete
2024-09-05 06:15:00,raw_uncorrected,perfect_model_baseline,7.367443,7.367443,False,complete
2024-09-05 06:30:00,raw_uncorrected,perfect_model_baseline,7.53643,7.53643,False,complete
2024-09-05 06:45:00,raw_uncorrected,perfect_model_baseline,7.355073,7.355073,False,complete
2024-09-05 07:00:00,raw_uncorrected,perfect_model_baseline,6.899144,6.899144,False,complete
2024-09-05 07:15:00,raw_uncorrected,perfect_model_baseline,6.28997,6.28997,False,complete
2024-09-05 07:30:00,raw_uncorrected,perfect_model_baseline,5.341468,5.341468,False,complete
2024-09-05 07:45:00,raw_uncorrected,perfect_model_baseline,4.562096,4.562096,False,complete
2024-09-05 08:00:00,raw_uncorrected,perfect_model_baseline,3.474972,3.474972,False,complete
2024-09-05 08:15:00,raw_uncorrected,perfect_model_baseline,2.371624,2.371624,False,complete
2024-09-05 08:30:00,raw_uncorrected,perfect_model_baseline,1.789617,1.789617,False,complete
2024-09-05 08:45:00,raw_uncorrected,perfect_model_baseline,-1.721083,1.721083,False,complete
2024-09-05 09:00:00,raw_uncorrected,perfect_model_baseline,-1.943761,1.943761,False,complete
2024-09-05 09:15:00,raw_uncorrected,perfect_model_baseline,-2.414178,2.414178,False,complete
2024-09-05 09:30:00,raw_uncorrected,perfect_model_baseline,-3.187053,3.187053,False,complete
2024-09-05 09:45:00,raw_uncorrected,perfect_model_baseline,-4.220487,4.220487,False,complete
2024-09-05 10:00:00,raw_uncorrected,perfect_model_baseline,-4.880392,4.880392,False,complete
2024-09-05 10:15:00,raw_uncorrected,perfect_model_baseline,-4.768333,4.768333,False,complete
2024-09-05 10:30:00,raw_uncorrected,perfect_model_baseline,-4.590696,4.590696,False,complete
2024-09-05 10:45:00,raw_uncorrected,perfect_model_baseline,-6.138558,6.138558,False,complete
2024-09-05 11:00:00,raw_uncorrected,perfect_model_baseline,-6.596123,6.596123,False,complete
2024-09-05 11:15:00,raw_uncorrected,perfect_model_baseline,-6.941017,6.941017,False,complete
2024-09-05 11:30:00,raw_uncorrected,perfect_model_baseline,-7.05173,7.05173,False,complete
2024-09-05 11:45:00,raw_uncorrected,perfect_model_baseline,-7.05173,7.05173,False,complete
2024-09-05 12:00:00,raw_uncorrected,perfect_model_baseline,-7.05173,7.05173,False,complete
2024-09-05 12:15:00,raw_uncorrected,perfect_model_baseline,-7.208405,7.208405,False,complete
2024-09-05 12:30:00,raw_uncorrected,perfect_model_baseline,-7.067687,7.067687,False,complete
2024-09-05 12:45:00,raw_uncorrected,perfect_model_baseline,-7.067687,7.067687,False,complete
2024-09-05 13:00:00,raw_uncorrected,perfect_model_baseline,-6.829364,6.829364,False,complete
2024-09-05 13:15:00,raw_uncorrected,perfect_model_baseline,-6.609536,6.609536,False,complete
2024-09-05 13:30:00,raw_uncorrected,perfect_model_baseline,-6.405439,6.405439,False,complete
2024-09-05 13:45:00,raw_uncorrected,perfect_model_baseline,-5.938485,5.938485,False,complete
2024-09-05 14:00:00,raw_uncorrected,perfect_model_baseline,-5.344695,5.344695,False,complete
2024-09-05 14:15:00,raw_uncorrected,perfect_model_baseline,-4.852574,4.852574,False,complete
2024-09-05 14:30:00,raw_uncorrected,perfect_model_baseline,-4.390971,4.390971,False,complete
2024-09-05 14:45:00,raw_uncorrected,perfect_model_baseline,-3.707155,3.707155,False,complete
2024-09-05 15:00:00,raw_uncorrected,perfect_model_baseline,-2.824399,2.824399,False,complete
2024-09-05 15:15:00,raw_uncorrected,perfect_model_baseline,-1.959757,1.959757,False,complete
2024-09-05 15:30:00,raw_uncorrected,perfect_model_baseline,-1.771686,1.771686,False,complete
2024-09-05 15:45:00,raw_uncorrected,perfect_model_baseline,1.771686,1.771686,False,complete
2024-09-05 16:00:00,raw_uncorrected,perfect_model_baseline,2.388745,2.388745,False,complete
2024-09-05 16:15:00,raw_uncorrected,perfect_model_baseline,3.310628,3.310628,False,complete
2024-09-05 16:30:00,raw_uncorrected,perfect_model_baseline,4.519634,4.519634,False,complete
2024-09-05 16:45:00,raw_uncorrected,perfect_model_baseline,5.746469,5.746469,False,complete
2024-09-05 17:00:00,raw_uncorrected,perfect_model_baseline,6.823561,6.823561,False,complete
2024-09-05 17:15:00,raw_uncorrected,perfect_model_baseline,7.818857,7.818857,False,complete
2024-09-05 17:30:00,raw_uncorrected,perfect_model_baseline,8.474007,8.474007,False,complete
2024-09-05 17:45:00,raw_uncorrected,perfect_model_baseline,9.052989,9.052989,False,complete
2024-09-05 18:00:00,raw_uncorrected,perfect_model_baseline,9.593594,9.593594,False,complete
2024-09-05 18:15:00,raw_uncorrected,perfect_model_baseline,9.938159,9.938159,False,complete
2024-09-05 18:30:00,raw_uncorrected,perfect_model_baseline,9.938159,9.938159,False,complete
2024-09-05 18:45:00,raw_uncorrected,perfect_model_baseline,9.938159,9.938159,False,complete
2024-09-05 19:00:00,raw_uncorrected,perfect_model_baseline,9.938159,9.938159,False,complete
2024-09-05 19:15:00,raw_uncorrected,perfect_model_baseline,9.418538,9.418538,False,complete
2024-09-05 19:30:00,raw_uncorrected,perfect_model_baseline,9.418538,9.418538,False,complete
2024-09-05 19:45:00,raw_uncorrected,perfect_model_baseline,9.418538,9.418538,False,complete
2024-09-05 20:00:00,raw_uncorrected,perfect_model_baseline,9.221658,9.221658,False,complete
2024-09-05 20:15:00,raw_uncorrected,perfect_model_baseline,8.809461,8.809461,False,complete
2024-09-05 20:30:00,raw_uncorrected,perfect_model_baseline,8.809461,8.809461,False,complete
2024-09-05 20:45:00,raw_uncorrected,perfect_model_baseline,8.704648,8.704648,False,complete
2024-09-05 21:00:00,raw_uncorrected,perfect_model_baseline,8.455399,8.455399,False,complete
2024-09-05 21:15:00,raw_uncorrected,perfect_model_baseline,8.176553,8.176553,False,complete
2024-09-05 21:30:00,raw_uncorrected,perfect_model_baseline,8.021637,8.021637,False,complete
2024-09-05 21:45:00,raw_uncorrected,perfect_model_baseline,8.021637,8.021637,False,complete
2024-09-05 22:00:00,raw_uncorrected,perfect_model_baseline,7.795482,7.795482,False,complete
2024-09-05 22:15:00,raw_uncorrected,perfect_model_baseline,8.29908,8.29908,False,complete
2024-09-05 22:30:00,raw_uncorrected,perfect_model_baseline,8.29908,8.29908,False,complete
2024-09-05 22:45:00,raw_uncorrected,perfect_model_baseline,8.082186,8.082186,False,complete
2024-09-05 23:00:00,raw_uncorrected,perfect_model_baseline,7.77149,7.77149,False,complete
2024-09-05 23:15:00,raw_uncorrected,perfect_model_baseline,7.817818,7.817818,False,complete
2024-09-05 23:30:00,raw_uncorrected,perfect_model_baseline,7.884801,7.884801,False,complete
2024-09-05 23:45:00,raw_uncorrected,perfect_model_baseline,7.702403,7.702403,False,complete
2024-09-06 00:00:00,raw_uncorrected,perfect_model_baseline,7.702403,7.702403,False,complete
2024-09-06 00:15:00,raw_uncorrected,perfect_model_baseline,7.648982,7.648982,False,complete
2024-09-06 00:30:00,raw_uncorrected,perfect_model_baseline,7.648982,7.648982,False,complete
2024-09-06 00:45:00,raw_uncorrected,perfect_model_baseline,7.450948,7.450948,False,complete
2024-09-06 01:00:00,raw_uncorrected,perfect_model_baseline,7.450948,7.450948,False,complete
2024-09-06 01:15:00,raw_uncorrected,perfect_model_baseline,7.088593,7.088593,False,complete
2024-09-06 01:30:00,raw_uncorrected,perfect_model_baseline,6.703239,6.703239,False,complete
2024-09-06 01:45:00,raw_uncorrected,perfect_model_baseline,6.477495,6.477495,False,complete
2024-09-06 02:00:00,raw_uncorrected,perfect_model_baseline,6.477495,6.477495,False,complete
2024-09-06 02:15:00,raw_uncorrected,perfect_model_baseline,6.197446,6.197446,False,complete
2024-09-06 02:30:00,raw_uncorrected,perfect_model_baseline,6.016555,6.016555,False,complete
2024-09-06 02:45:00,raw_uncorrected,perfect_model_baseline,6.016555,6.016555,False,complete
2024-09-06 03:00:00,raw_uncorrected,perfect_model_baseline,6.016555,6.016555,False,complete
2024-09-06 03:15:00,raw_uncorrected,perfect_model_baseline,5.663071,5.663071,False,complete
2024-09-06 03:30:00,raw_uncorrected,perfect_model_baseline,5.663071,5.663071,False,complete
2024-09-06 03:45:00,raw_uncorrected,perfect_model_baseline,5.663071,5.663071,False,complete
2024-09-06 04:00:00,raw_uncorrected,perfect_model_baseline,5.568149,5.568149,False,complete
2024-09-06 04:15:00,raw_uncorrected,perfect_model_baseline,5.687736,5.687736,False,complete
2024-09-06 04:30:00,raw_uncorrected,perfect_model_baseline,5.687736,5.687736,False,complete
2024-09-06 04:45:00,raw_uncorrected,perfect_model_baseline,5.687736,5.687736,False,complete
2024-09-06 05:00:00,raw_uncorrected,perfect_model_baseline,5.808701,5.808701,False,complete
2024-09-06 05:15:00,raw_uncorrected,perfect_model_baseline,6.010384,6.010384,False,complete
2024-09-06 05:30:00,raw_uncorrected,perfect_model_baseline,6.010384,6.010384,False,complete
2024-09-06 05:45:00,raw_uncorrected,perfect_model_baseline,6.215037,6.215037,False,complete
2024-09-06 06:00:00,raw_uncorrected,perfect_model_baseline,6.444706,6.444706,False,complete
2024-09-06 06:15:00,raw_uncorrected,perfect_model_baseline,6.704375,6.704375,False,complete
2024-09-06 06:30:00,raw_uncorrected,perfect_model_baseline,6.704375,6.704375,False,complete
2024-09-06 06:45:00,raw_uncorrected,perfect_model_baseline,6.486257,6.486257,False,complete
2024-09-06 07:00:00,raw_uncorrected,perfect_model_baseline,5.879406,5.879406,False,complete
2024-09-06 07:15:00,raw_uncorrected,perfect_model_baseline,5.158549,5.158549,False,complete
2024-09-06 07:30:00,raw_uncorrected,perfect_model_baseline,4.563061,4.563061,False,complete
2024-09-06 07:45:00,raw_uncorrected,perfect_model_baseline,3.770299,3.770299,False,complete
2024-09-06 08:00:00,raw_uncorrected,perfect_model_baseline,2.90342,2.90342,False,complete
2024-09-06 08:15:00,raw_uncorrected,perfect_model_baseline,2.154447,2.154447,False,complete
2024-09-06 08:30:00,raw_uncorrected,perfect_model_baseline,1.752155,1.752155,False,complete
2024-09-06 08:45:00,raw_uncorrected,perfect_model_baseline,-1.752155,1.752155,False,complete
2024-09-06 09:00:00,raw_uncorrected,perfect_model_baseline,-1.975522,1.975522,False,complete
2024-09-06 09:15:00,raw_uncorrected,perfect_model_baseline,-2.903457,2.903457,False,complete
2024-09-06 09:30:00,raw_uncorrected,perfect_model_baseline,-3.17859,3.17859,False,complete
2024-09-06 09:45:00,raw_uncorrected,perfect_model_baseline,-3.990378,3.990378,False,complete
2024-09-06 10:00:00,raw_uncorrected,perfect_model_baseline,-4.655329,4.655329,False,complete
2024-09-06 10:15:00,raw_uncorrected,perfect_model_baseline,-4.783112,4.783112,False,complete
2024-09-06 10:30:00,raw_uncorrected,perfect_model_baseline,-5.60413,5.60413,False,complete
2024-09-06 10:45:00,raw_uncorrected,perfect_model_baseline,-5.884124,5.884124,False,complete
2024-09-06 11:00:00,raw_uncorrected,perfect_model_baseline,-6.420613,6.420613,False,complete
2024-09-06 11:15:00,raw_uncorrected,perfect_model_baseline,-6.61986,6.61986,False,complete
2024-09-06 11:30:00,raw_uncorrected,perfect_model_baseline,-6.841947,6.841947,False,complete
2024-09-06 11:45:00,raw_uncorrected,perfect_model_baseline,-6.841947,6.841947,False,complete
2024-09-06 12:00:00,raw_uncorrected,perfect_model_baseline,-6.841947,6.841947,False,complete
2024-09-06 12:15:00,raw_uncorrected,perfect_model_baseline,-6.769184,6.769184,False,complete
2024-09-06 12:30:00,raw_uncorrected,perfect_model_baseline,-6.769184,6.769184,False,complete
2024-09-06 12:45:00,raw_uncorrected,perfect_model_baseline,-6.740683,6.740683,False,complete
2024-09-06 13:00:00,raw_uncorrected,perfect_model_baseline,-6.375215,6.375215,False,complete
2024-09-06 13:15:00,raw_uncorrected,perfect_model_baseline,-6.102811,6.102811,False,complete
2024-09-06 13:30:00,raw_uncorrected,perfect_model_baseline,-5.925014,5.925014,False,complete
2024-09-06 13:45:00,raw_uncorrected,perfect_model_baseline,-5.336887,5.336887,False,complete
2024-09-06 14:00:00,raw_uncorrected,perfect_model_baseline,-5.116766,5.116766,False,complete
2024-09-06 14:15:00,raw_uncorrected,perfect_model_baseline,-4.336747,4.336747,False,complete
2024-09-06 14:30:00,raw_uncorrected,perfect_model_baseline,-3.894586,3.894586,False,complete
2024-09-06 14:45:00,raw_uncorrected,perfect_model_baseline,-2.877799,2.877799,False,complete
2024-09-06 15:00:00,raw_uncorrected,perfect_model_baseline,-2.068869,2.068869,False,complete
2024-09-06 15:15:00,raw_uncorrected,perfect_model_baseline,-1.474661,1.474661,False,complete
2024-09-06 15:30:00,raw_uncorrected,perfect_model_baseline,1.474661,1.474661,False,complete
2024-09-06 15:45:00,raw_uncorrected,perfect_model_baseline,1.670806,1.670806,False,complete
2024-09-06 16:00:00,raw_uncorrected,perfect_model_baseline,2.640825,2.640825,False,complete
2024-09-06 16:15:00,raw_uncorrected,perfect_model_baseline,3.792749,3.792749,False,complete
2024-09-06 16:30:00,raw_uncorrected,perfect_model_baseline,4.958687,4.958687,False,complete
2024-09-06 16:45:00,raw_uncorrected,perfect_model_baseline,6.08045,6.08045,False,complete
2024-09-06 17:00:00,raw_uncorrected,perfect_model_baseline,7.313576,7.313576,False,complete
2024-09-06 17:15:00,raw_uncorrected,perfect_model_baseline,8.155029,8.155029,False,complete
2024-09-06 17:30:00,raw_uncorrected,perfect_model_baseline,8.69608,8.69608,False,complete
2024-09-06 17:45:00,raw_uncorrected,perfect_model_baseline,9.143795,9.143795,False,complete
2024-09-06 18:00:00,raw_uncorrected,perfect_model_baseline,9.591512,9.591512,False,complete
2024-09-06 18:15:00,raw_uncorrected,perfect_model_baseline,9.647217,9.647217,False,complete
2024-09-06 18:30:00,raw_uncorrected,perfect_model_baseline,9.647217,9.647217,False,complete
2024-09-06 18:45:00,raw_uncorrected,perfect_model_baseline,9.802334,9.802334,False,complete
2024-09-06 19:00:00,raw_uncorrected,perfect_model_baseline,9.578279,9.578279,False,complete
2024-09-06 19:15:00,raw_uncorrected,perfect_model_baseline,9.341919,9.341919,False,complete
2024-09-06 19:30:00,raw_uncorrected,perfect_model_baseline,9.177823,9.177823,False,complete
2024-09-06 19:45:00,raw_uncorrected,perfect_model_baseline,9.177823,9.177823,False,complete
2024-09-06 20:00:00,raw_uncorrected,perfect_model_baseline,8.951191,8.951191,False,complete
2024-09-06 20:15:00,raw_uncorrected,perfect_model_baseline,8.727322,8.727322,False,complete
2024-09-06 20:30:00,raw_uncorrected,perfect_model_baseline,8.727322,8.727322,False,complete
2024-09-06 20:45:00,raw_uncorrected,perfect_model_baseline,8.545717,8.545717,False,complete
2024-09-06 21:00:00,raw_uncorrected,perfect_model_baseline,8.569796,8.569796,False,complete
2024-09-06 21:15:00,raw_uncorrected,perfect_model_baseline,8.259937,8.259937,False,complete
2024-09-06 21:30:00,raw_uncorrected,perfect_model_baseline,8.096505,8.096505,False,complete
2024-09-06 21:45:00,raw_uncorrected,perfect_model_baseline,8.096505,8.096505,False,complete
2024-09-06 22:00:00,raw_uncorrected,perfect_model_baseline,7.892354,7.892354,False,complete
2024-09-06 22:15:00,raw_uncorrected,perfect_model_baseline,8.199364,8.199364,False,complete
2024-09-06 22:30:00,raw_uncorrected,perfect_model_baseline,8.199364,8.199364,False,complete
2024-09-06 22:45:00,raw_uncorrected,perfect_model_baseline,8.199364,8.199364,False,complete
2024-09-06 23:00:00,raw_uncorrected,perfect_model_baseline,7.936307,7.936307,False,complete
2024-09-06 23:15:00,raw_uncorrected,perfect_model_baseline,8.039232,8.039232,False,complete
2024-09-06 23:30:00,raw_uncorrected,perfect_model_baseline,7.853962,7.853962,False,complete
2024-09-06 23:45:00,raw_uncorrected,perfect_model_baseline,7.644648,7.644648,False,complete
2024-09-07 00:00:00,raw_uncorrected,perfect_model_baseline,7.644648,7.644648,False,complete
2024-09-07 00:15:00,raw_uncorrected,perfect_model_baseline,7.650338,7.650338,False,complete
2024-09-07 00:30:00,raw_uncorrected,perfect_model_baseline,7.650338,7.650338,False,complete
2024-09-07 00:45:00,raw_uncorrected,perfect_model_baseline,7.190077,7.190077,False,complete
2024-09-07 01:00:00,raw_uncorrected,perfect_model_baseline,7.190077,7.190077,False,complete
2024-09-07 01:15:00,raw_uncorrected,perfect_model_baseline,7.135774,7.135774,False,complete
2024-09-07 01:30:00,raw_uncorrected,perfect_model_baseline,7.013685,7.013685,False,complete
2024-09-07 01:45:00,raw_uncorrected,perfect_model_baseline,6.769324,6.769324,False,complete
2024-09-07 02:00:00,raw_uncorrected,perfect_model_baseline,6.542613,6.542613,False,complete
2024-09-07 02:15:00,raw_uncorrected,perfect_model_baseline,6.189389,6.189389,False,complete
2024-09-07 02:30:00,raw_uncorrected,perfect_model_baseline,6.059775,6.059775,False,complete
2024-09-07 02:45:00,raw_uncorrected,perfect_model_baseline,6.059775,6.059775,False,complete
2024-09-07 03:00:00,raw_uncorrected,perfect_model_baseline,5.808701,5.808701,False,complete
2024-09-07 03:15:00,raw_uncorrected,perfect_model_baseline,5.747867,5.747867,False,complete
2024-09-07 03:30:00,raw_uncorrected,perfect_model_baseline,5.747867,5.747867,False,complete
2024-09-07 03:45:00,raw_uncorrected,perfect_model_baseline,5.733993,5.733993,False,complete
2024-09-07 04:00:00,raw_uncorrected,perfect_model_baseline,5.587881,5.587881,False,complete
2024-09-07 04:15:00,raw_uncorrected,perfect_model_baseline,5.511592,5.511592,False,complete
2024-09-07 04:30:00,raw_uncorrected,perfect_model_baseline,5.511592,5.511592,False,complete
2024-09-07 04:45:00,raw_uncorrected,perfect_model_baseline,5.511592,5.511592,False,complete
2024-09-07 05:00:00,raw_uncorrected,perfect_model_baseline,5.511592,5.511592,False,complete
2024-09-07 05:15:00,raw_uncorrected,perfect_model_baseline,5.615967,5.615967,False,complete
2024-09-07 05:30:00,raw_uncorrected,perfect_model_baseline,5.615967,5.615967,False,complete
2024-09-07 05:45:00,raw_uncorrected,perfect_model_baseline,5.615967,5.615967,False,complete
2024-09-07 06:00:00,raw_uncorrected,perfect_model_baseline,5.615967,5.615967,False,complete
2024-09-07 06:15:00,raw_uncorrected,perfect_model_baseline,5.866381,5.866381,False,complete
2024-09-07 06:30:00,raw_uncorrected,perfect_model_baseline,5.866381,5.866381,False,complete
2024-09-07 06:45:00,raw_uncorrected,perfect_model_baseline,5.642705,5.642705,False,complete
2024-09-07 07:00:00,raw_uncorrected,perfect_model_baseline,5.078393,5.078393,False,complete
2024-09-07 07:15:00,raw_uncorrected,perfect_model_baseline,4.59075,4.59075,False,complete
2024-09-07 07:30:00,raw_uncorrected,perfect_model_baseline,3.944383,3.944383,False,complete
2024-09-07 07:45:00,raw_uncorrected,perfect_model_baseline,3.318346,3.318346,False,complete
2024-09-07 08:00:00,raw_uncorrected,perfect_model_baseline,2.642883,2.642883,False,complete
2024-09-07 08:15:00,raw_uncorrected,perfect_model_baseline,1.788571,1.788571,False,complete
2024-09-07 08:30:00,raw_uncorrected,perfect_model_baseline,1.788571,1.788571,False,complete
2024-09-07 08:45:00,raw_uncorrected,perfect_model_baseline,1.788571,1.788571,False,complete
2024-09-07 09:00:00,raw_uncorrected,perfect_model_baseline,-1.556758,1.556758,False,complete
2024-09-07 09:15:00,raw_uncorrected,perfect_model_baseline,-1.677693,1.677693,False,complete
2024-09-07 09:30:00,raw_uncorrected,perfect_model_baseline,-2.525661,2.525661,False,complete
2024-09-07 09:45:00,raw_uncorrected,perfect_model_baseline,-3.083889,3.083889,False,complete
2024-09-07 10:00:00,raw_uncorrected,perfect_model_baseline,-3.529343,3.529343,False,complete
2024-09-07 10:15:00,raw_uncorrected,perfect_model_baseline,-4.015105,4.015105,False,complete
2024-09-07 10:30:00,raw_uncorrected,perfect_model_baseline,-4.182937,4.182937,False,complete
2024-09-07 10:45:00,raw_uncorrected,perfect_model_baseline,-4.407537,4.407537,False,complete
2024-09-07 11:00:00,raw_uncorrected,perfect_model_baseline,-4.629723,4.629723,False,complete
2024-09-07 11:15:00,raw_uncorrected,perfect_model_baseline,-5.130921,5.130921,False,complete
2024-09-07 11:30:00,raw_uncorrected,perfect_model_baseline,-5.130921,5.130921,False,complete
2024-09-07 11:45:00,raw_uncorrected,perfect_model_baseline,-5.130921,5.130921,False,complete
2024-09-07 12:00:00,raw_uncorrected,perfect_model_baseline,-4.912407,4.912407,False,complete
2024-09-07 12:15:00,raw_uncorrected,perfect_model_baseline,-4.529665,4.529665,False,complete
2024-09-07 12:30:00,raw_uncorrected,perfect_model_baseline,-3.916605,3.916605,False,complete
2024-09-07 12:45:00,raw_uncorrected,perfect_model_baseline,-2.17976,2.17976,False,complete
2024-09-07 13:00:00,raw_uncorrected,perfect_model_baseline,-3.354281,3.354281,False,complete
2024-09-07 13:15:00,raw_uncorrected,perfect_model_baseline,-2.303228,2.303228,False,complete
2024-09-07 13:30:00,raw_uncorrected,perfect_model_baseline,-4.367816,4.367816,False,complete
2024-09-07 13:45:00,raw_uncorrected,perfect_model_baseline,-2.061642,2.061642,False,complete
2024-09-07 14:00:00,raw_uncorrected,perfect_model_baseline,-1.37461,1.37461,False,complete
2024-09-07 14:15:00,raw_uncorrected,perfect_model_baseline,-2.24993,2.24993,False,complete
2024-09-07 14:30:00,raw_uncorrected,perfect_model_baseline,-1.992105,1.992105,False,complete
2024-09-07 14:45:00,raw_uncorrected,perfect_model_baseline,-2.425529,2.425529,False,complete
2024-09-07 15:00:00,raw_uncorrected,perfect_model_baseline,-1.699136,1.699136,False,complete
2024-09-07 15:15:00,raw_uncorrected,perfect_model_baseline,-1.294253,1.294253,False,complete
2024-09-07 15:30:00,raw_uncorrected,perfect_model_baseline,3.956813,3.956813,False,complete
2024-09-07 15:45:00,raw_uncorrected,perfect_model_baseline,6.445189,6.445189,False,complete
2024-09-07 16:00:00,raw_uncorrected,perfect_model_baseline,6.90602,6.90602,False,complete
2024-09-07 16:15:00,raw_uncorrected,perfect_model_baseline,7.071056,7.071056,False,complete
2024-09-07 16:30:00,raw_uncorrected,perfect_model_baseline,7.581373,7.581373,False,complete
2024-09-07 16:45:00,raw_uncorrected,perfect_model_baseline,7.124496,7.124496,False,complete
2024-09-07 17:00:00,raw_uncorrected,perfect_model_baseline,7.542255,7.542255,False,complete
2024-09-07 17:15:00,raw_uncorrected,perfect_model_baseline,8.372659,8.372659,False,complete
2024-09-07 17:30:00,raw_uncorrected,perfect_model_baseline,8.926883,8.926883,False,complete
2024-09-07 17:45:00,raw_uncorrected,perfect_model_baseline,9.151234,9.151234,False,complete
2024-09-07 18:00:00,raw_uncorrected,perfect_model_baseline,9.151234,9.151234,False,complete
2024-09-07 18:15:00,raw_uncorrected,perfect_model_baseline,9.438947,9.438947,False,complete
2024-09-07 18:30:00,raw_uncorrected,perfect_model_baseline,9.577259,9.577259,False,complete
2024-09-07 18:45:00,raw_uncorrected,perfect_model_baseline,9.577259,9.577259,False,complete
2024-09-07 19:00:00,raw_uncorrected,perfect_model_baseline,9.352516,9.352516,False,complete
2024-09-07 19:15:00,raw_uncorrected,perfect_model_baseline,9.109158,9.109158,False,complete
2024-09-07 19:30:00,raw_uncorrected,perfect_model_baseline,9.109158,9.109158,False,complete
2024-09-07 19:45:00,raw_uncorrected,perfect_model_baseline,8.919488,8.919488,False,complete
2024-09-07 20:00:00,raw_uncorrected,perfect_model_baseline,8.695096,8.695096,False,complete
2024-09-07 20:15:00,raw_uncorrected,perfect_model_baseline,8.341159,8.341159,False,complete
2024-09-07 20:30:00,raw_uncorrected,perfect_model_baseline,8.263387,8.263387,False,complete
2024-09-07 20:45:00,raw_uncorrected,perfect_model_baseline,8.263387,8.263387,False,complete
2024-09-07 21:00:00,raw_uncorrected,perfect_model_baseline,8.263387,8.263387,False,complete
2024-09-07 21:15:00,raw_uncorrected,perfect_model_baseline,7.990425,7.990425,False,complete
2024-09-07 21:30:00,raw_uncorrected,perfect_model_baseline,7.846974,7.846974,False,complete
2024-09-07 21:45:00,raw_uncorrected,perfect_model_baseline,7.846974,7.846974,False,complete
2024-09-07 22:00:00,raw_uncorrected,perfect_model_baseline,7.846974,7.846974,False,complete
2024-09-07 22:15:00,raw_uncorrected,perfect_model_baseline,7.93347,7.93347,False,complete
2024-09-07 22:30:00,raw_uncorrected,perfect_model_baseline,7.93347,7.93347,False,complete
2024-09-07 22:45:00,raw_uncorrected,perfect_model_baseline,7.93347,7.93347,False,complete
2024-09-07 23:00:00,raw_uncorrected,perfect_model_baseline,7.93347,7.93347,False,complete
2024-09-07 23:15:00,raw_uncorrected,perfect_model_baseline,7.796623,7.796623,False,complete
2024-09-07 23:30:00,raw_uncorrected,perfect_model_baseline,7.631949,7.631949,False,complete
2024-09-07 23:45:00,raw_uncorrected,perfect_model_baseline,7.397326,7.397326,False,complete
2024-09-08 00:00:00,raw_uncorrected,perfect_model_baseline,7.397326,7.397326,False,complete
2024-09-08 00:15:00,raw_uncorrected,perfect_model_baseline,7.329743,7.329743,False,complete
2024-09-08 00:30:00,raw_uncorrected,perfect_model_baseline,7.18221,7.18221,False,complete
2024-09-08 00:45:00,raw_uncorrected,perfect_model_baseline,7.18221,7.18221,False,complete
2024-09-08 01:00:00,raw_uncorrected,perfect_model_baseline,7.18221,7.18221,False,complete
2024-09-08 01:15:00,raw_uncorrected,perfect_model_baseline,6.897548,6.897548,False,complete
2024-09-08 01:30:00,raw_uncorrected,perfect_model_baseline,6.505551,6.505551,False,complete
2024-09-08 01:45:00,raw_uncorrected,perfect_model_baseline,6.279627,6.279627,False,complete
2024-09-08 02:00:00,raw_uncorrected,perfect_model_baseline,6.0539,6.0539,False,complete
2024-09-08 02:15:00,raw_uncorrected,perfect_model_baseline,5.897814,5.897814,False,complete
2024-09-08 02:30:00,raw_uncorrected,perfect_model_baseline,5.828557,5.828557,False,complete
2024-09-08 02:45:00,raw_uncorrected,perfect_model_baseline,5.828557,5.828557,False,complete
2024-09-08 03:00:00,raw_uncorrected,perfect_model_baseline,5.733973,5.733973,False,complete
2024-09-08 03:15:00,raw_uncorrected,perfect_model_baseline,5.547183,5.547183,False,complete
2024-09-08 03:30:00,raw_uncorrected,perfect_model_baseline,5.547183,5.547183,False,complete
2024-09-08 03:45:00,raw_uncorrected,perfect_model_baseline,5.547183,5.547183,False,complete
2024-09-08 04:00:00,raw_uncorrected,perfect_model_baseline,5.547183,5.547183,False,complete
2024-09-08 04:15:00,raw_uncorrected,perfect_model_baseline,5.429918,5.429918,False,complete
2024-09-08 04:30:00,raw_uncorrected,perfect_model_baseline,5.429918,5.429918,False,complete
2024-09-08 04:45:00,raw_uncorrected,perfect_model_baseline,5.429918,5.429918,False,complete
2024-09-08 05:00:00,raw_uncorrected,perfect_model_baseline,5.429918,5.429918,False,complete
2024-09-08 05:15:00,raw_uncorrected,perfect_model_baseline,5.412788,5.412788,False,complete
2024-09-08 05:30:00,raw_uncorrected,perfect_model_baseline,5.412788,5.412788,False,complete
2024-09-08 05:45:00,raw_uncorrected,perfect_model_baseline,5.412788,5.412788,False,complete
2024-09-08 06:00:00,raw_uncorrected,perfect_model_baseline,5.412788,5.412788,False,complete
2024-09-08 06:15:00,raw_uncorrected,perfect_model_baseline,5.710014,5.710014,False,complete
2024-09-08 06:30:00,raw_uncorrected,perfect_model_baseline,5.710014,5.710014,False,complete
2024-09-08 06:45:00,raw_uncorrected,perfect_model_baseline,5.710014,5.710014,False,complete
2024-09-08 07:00:00,raw_uncorrected,perfect_model_baseline,5.710014,5.710014,False,complete
2024-09-08 07:15:00,raw_uncorrected,perfect_model_baseline,5.414749,5.414749,False,complete
2024-09-08 07:30:00,raw_uncorrected,perfect_model_baseline,5.302951,5.302951,False,complete
2024-09-08 07:45:00,raw_uncorrected,perfect_model_baseline,5.583615,5.583615,False,complete
2024-09-08 08:00:00,raw_uncorrected,perfect_model_baseline,5.826812,5.826812,False,complete
2024-09-08 08:15:00,raw_uncorrected,perfect_model_baseline,6.530727,6.530727,False,complete
2024-09-08 08:30:00,raw_uncorrected,perfect_model_baseline,6.352758,6.352758,False,complete
2024-09-08 08:45:00,raw_uncorrected,perfect_model_baseline,6.150438,6.150438,False,complete
2024-09-08 09:00:00,raw_uncorrected,perfect_model_baseline,5.247586,5.247586,False,complete
2024-09-08 09:15:00,raw_uncorrected,perfect_model_baseline,6.146547,6.146547,False,complete
2024-09-08 09:30:00,raw_uncorrected,perfect_model_baseline,6.125727,6.125727,False,complete
2024-09-08 09:45:00,raw_uncorrected,perfect_model_baseline,6.783381,6.783381,False,complete
2024-09-08 10:00:00,raw_uncorrected,perfect_model_baseline,7.006059,7.006059,False,complete
2024-09-08 10:15:00,raw_uncorrected,perfect_model_baseline,6.388117,6.388117,False,complete
2024-09-08 10:30:00,raw_uncorrected,perfect_model_baseline,3.38976,3.38976,False,complete
2024-09-08 10:45:00,raw_uncorrected,perfect_model_baseline,-2.53964,2.53964,False,complete
2024-09-08 11:00:00,raw_uncorrected,perfect_model_baseline,-2.871868,2.871868,False,complete
2024-09-08 11:15:00,raw_uncorrected,perfect_model_baseline,-2.840834,2.840834,False,complete
2024-09-08 11:30:00,raw_uncorrected,perfect_model_baseline,-2.498411,2.498411,False,complete
2024-09-08 11:45:00,raw_uncorrected,perfect_model_baseline,-2.476768,2.476768,False,complete
2024-09-08 12:00:00,raw_uncorrected,perfect_model_baseline,3.510717,3.510717,False,complete
2024-09-08 12:15:00,raw_uncorrected,perfect_model_baseline,5.957469,5.957469,False,complete
2024-09-08 12:30:00,raw_uncorrected,perfect_model_baseline,4.493104,4.493104,False,complete
2024-09-08 12:45:00,raw_uncorrected,perfect_model_baseline,5.641987,5.641987,False,complete
2024-09-08 13:00:00,raw_uncorrected,perfect_model_baseline,5.260859,5.260859,False,complete
2024-09-08 13:15:00,raw_uncorrected,perfect_model_baseline,5.264475,5.264475,False,complete
2024-09-08 13:30:00,raw_uncorrected,perfect_model_baseline,6.302555,6.302555,False,complete
2024-09-08 13:45:00,raw_uncorrected,perfect_model_baseline,6.727371,6.727371,False,complete
2024-09-08 14:00:00,raw_uncorrected,perfect_model_baseline,6.719067,6.719067,False,complete
2024-09-08 14:15:00,raw_uncorrected,perfect_model_baseline,6.879136,6.879136,False,complete
2024-09-08 14:30:00,raw_uncorrected,perfect_model_baseline,6.902041,6.902041,False,complete
2024-09-08 14:45:00,raw_uncorrected,perfect_model_baseline,7.350766,7.350766,False,complete
2024-09-08 15:00:00,raw_uncorrected,perfect_model_baseline,6.295715,6.295715,False,complete
2024-09-08 15:15:00,raw_uncorrected,perfect_model_baseline,5.060125,5.060125,False,complete
2024-09-08 15:30:00,raw_uncorrected,perfect_model_baseline,7.224426,7.224426,False,complete
2024-09-08 15:45:00,raw_uncorrected,perfect_model_baseline,8.056322,8.056322,False,complete
2024-09-08 16:00:00,raw_uncorrected,perfect_model_baseline,7.429187,7.429187,False,complete
2024-09-08 16:15:00,raw_uncorrected,perfect_model_baseline,7.800996,7.800996,False,complete
2024-09-08 16:30:00,raw_uncorrected,perfect_model_baseline,8.09664,8.09664,False,complete
2024-09-08 16:45:00,raw_uncorrected,perfect_model_baseline,7.814114,7.814114,False,complete
2024-09-08 17:00:00,raw_uncorrected,perfect_model_baseline,8.568684,8.568684,False,complete
2024-09-08 17:15:00,raw_uncorrected,perfect_model_baseline,9.5656,9.5656,False,complete
2024-09-08 17:30:00,raw_uncorrected,perfect_model_baseline,9.5656,9.5656,False,complete
2024-09-08 17:45:00,raw_uncorrected,perfect_model_baseline,10.070276,10.070276,False,complete
2024-09-08 18:00:00,raw_uncorrected,perfect_model_baseline,10.070276,10.070276,False,complete
2024-09-08 18:15:00,raw_uncorrected,perfect_model_baseline,10.315996,10.315996,False,complete
2024-09-08 18:30:00,raw_uncorrected,perfect_model_baseline,10.445392,10.445392,False,complete
2024-09-08 18:45:00,raw_uncorrected,perfect_model_baseline,10.22114,10.22114,False,complete
2024-09-08 19:00:00,raw_uncorrected,perfect_model_baseline,10.046015,10.046015,False,complete
2024-09-08 19:15:00,raw_uncorrected,perfect_model_baseline,9.877521,9.877521,False,complete
2024-09-08 19:30:00,raw_uncorrected,perfect_model_baseline,9.559719,9.559719,False,complete
2024-09-08 19:45:00,raw_uncorrected,perfect_model_baseline,9.559719,9.559719,False,complete
2024-09-08 20:00:00,raw_uncorrected,perfect_model_baseline,9.336352,9.336352,False,complete
2024-09-08 20:15:00,raw_uncorrected,perfect_model_baseline,9.00032,9.00032,False,complete
2024-09-08 20:30:00,raw_uncorrected,perfect_model_baseline,8.871503,8.871503,False,complete
2024-09-08 20:45:00,raw_uncorrected,perfect_model_baseline,8.66263,8.66263,False,complete
2024-09-08 21:00:00,raw_uncorrected,perfect_model_baseline,8.768712,8.768712,False,complete
2024-09-08 21:15:00,raw_uncorrected,perfect_model_baseline,8.482035,8.482035,False,complete
2024-09-08 21:30:00,raw_uncorrected,perfect_model_baseline,8.33411,8.33411,False,complete
2024-09-08 21:45:00,raw_uncorrected,perfect_model_baseline,8.56033,8.56033,False,complete
2024-09-08 22:00:00,raw_uncorrected,perfect_model_baseline,8.33411,8.33411,False,complete
2024-09-08 22:15:00,raw_uncorrected,perfect_model_baseline,8.200037,8.200037,False,complete
2024-09-08 22:30:00,raw_uncorrected,perfect_model_baseline,8.086574,8.086574,False,complete
2024-09-08 22:45:00,raw_uncorrected,perfect_model_baseline,8.086574,8.086574,False,complete
2024-09-08 23:00:00,raw_uncorrected,perfect_model_baseline,7.89474,7.89474,False,complete
2024-09-08 23:15:00,raw_uncorrected,perfect_model_baseline,7.786726,7.786726,False,complete
2024-09-08 23:30:00,raw_uncorrected,perfect_model_baseline,7.614222,7.614222,False,complete
2024-09-08 23:45:00,raw_uncorrected,perfect_model_baseline,7.355585,7.355585,False,complete
2024-09-09 00:00:00,raw_uncorrected,perfect_model_baseline,7.355585,7.355585,False,complete
2024-09-09 00:15:00,raw_uncorrected,perfect_model_baseline,7.525603,7.525603,False,complete
2024-09-09 00:30:00,raw_uncorrected,perfect_model_baseline,7.489372,7.489372,False,complete
2024-09-09 00:45:00,raw_uncorrected,perfect_model_baseline,7.350302,7.350302,False,complete
2024-09-09 01:00:00,raw_uncorrected,perfect_model_baseline,7.533676,7.533676,False,complete
2024-09-09 01:15:00,raw_uncorrected,perfect_model_baseline,6.941562,6.941562,False,complete
2024-09-09 01:30:00,raw_uncorrected,perfect_model_baseline,6.684295,6.684295,False,complete
2024-09-09 01:45:00,raw_uncorrected,perfect_model_baseline,6.46083,6.46083,False,complete
2024-09-09 02:00:00,raw_uncorrected,perfect_model_baseline,6.46083,6.46083,False,complete
2024-09-09 02:15:00,raw_uncorrected,perfect_model_baseline,6.135624,6.135624,False,complete
2024-09-09 02:30:00,raw_uncorrected,perfect_model_baseline,6.031936,6.031936,False,complete
2024-09-09 02:45:00,raw_uncorrected,perfect_model_baseline,6.031936,6.031936,False,complete
2024-09-09 03:00:00,raw_uncorrected,perfect_model_baseline,5.798814,5.798814,False,complete
2024-09-09 03:15:00,raw_uncorrected,perfect_model_baseline,5.638349,5.638349,False,complete
2024-09-09 03:30:00,raw_uncorrected,perfect_model_baseline,5.638349,5.638349,False,complete
2024-09-09 03:45:00,raw_uncorrected,perfect_model_baseline,5.560546,5.560546,False,complete
2024-09-09 04:00:00,raw_uncorrected,perfect_model_baseline,5.560546,5.560546,False,complete
2024-09-09 04:15:00,raw_uncorrected,perfect_model_baseline,5.72955,5.72955,False,complete
2024-09-09 04:30:00,raw_uncorrected,perfect_model_baseline,5.72955,5.72955,False,complete
2024-09-09 04:45:00,raw_uncorrected,perfect_model_baseline,5.82443,5.82443,False,complete
2024-09-09 05:00:00,raw_uncorrected,perfect_model_baseline,6.005945,6.005945,False,complete
2024-09-09 05:15:00,raw_uncorrected,perfect_model_baseline,6.120511,6.120511,False,complete
2024-09-09 05:30:00,raw_uncorrected,perfect_model_baseline,6.235863,6.235863,False,complete
2024-09-09 05:45:00,raw_uncorrected,perfect_model_baseline,6.505308,6.505308,False,complete
2024-09-09 06:00:00,raw_uncorrected,perfect_model_baseline,6.731134,6.731134,False,complete
2024-09-09 06:15:00,raw_uncorrected,perfect_model_baseline,6.998945,6.998945,False,complete
2024-09-09 06:30:00,raw_uncorrected,perfect_model_baseline,6.471549,6.471549,False,complete
2024-09-09 06:45:00,raw_uncorrected,perfect_model_baseline,6.471549,6.471549,False,complete
2024-09-09 07:00:00,raw_uncorrected,perfect_model_baseline,5.840022,5.840022,False,complete
2024-09-09 07:15:00,raw_uncorrected,perfect_model_baseline,4.274975,4.274975,False,complete
2024-09-09 07:30:00,raw_uncorrected,perfect_model_baseline,5.631836,5.631836,False,complete
2024-09-09 07:45:00,raw_uncorrected,perfect_model_baseline,5.948555,5.948555,False,complete
2024-09-09 08:00:00,raw_uncorrected,perfect_model_baseline,5.948555,5.948555,False,complete
2024-09-09 08:15:00,raw_uncorrected,perfect_model_baseline,5.234586,5.234586,False,complete
2024-09-09 08:30:00,raw_uncorrected,perfect_model_baseline,4.44528,4.44528,False,complete
2024-09-09 08:45:00,raw_uncorrected,perfect_model_baseline,-2.00031,2.00031,False,complete
2024-09-09 09:00:00,raw_uncorrected,perfect_model_baseline,-2.0131,2.0131,False,complete
2024-09-09 09:15:00,raw_uncorrected,perfect_model_baseline,-3.047593,3.047593,False,complete
2024-09-09 09:30:00,raw_uncorrected,perfect_model_baseline,-4.381288,4.381288,False,complete
2024-09-09 09:45:00,raw_uncorrected,perfect_model_baseline,-3.695757,3.695757,False,complete
2024-09-09 10:00:00,raw_uncorrected,perfect_model_baseline,-5.332192,5.332192,False,complete
2024-09-09 10:15:00,raw_uncorrected,perfect_model_baseline,-5.236009,5.236009,False,complete
2024-09-09 10:30:00,raw_uncorrected,perfect_model_baseline,-6.262241,6.262241,False,complete
2024-09-09 10:45:00,raw_uncorrected,perfect_model_baseline,-6.527378,6.527378,False,complete
2024-09-09 11:00:00,raw_uncorrected,perfect_model_baseline,-6.644067,6.644067,False,complete
2024-09-09 11:15:00,raw_uncorrected,perfect_model_baseline,-5.321354,5.321354,False,complete
2024-09-09 11:30:00,raw_uncorrected,perfect_model_baseline,-7.116742,7.116742,False,complete
2024-09-09 11:45:00,raw_uncorrected,perfect_model_baseline,-6.05611,6.05611,False,complete
2024-09-09 12:00:00,raw_uncorrected,perfect_model_baseline,-5.865854,5.865854,False,complete
2024-09-09 12:15:00,raw_uncorrected,perfect_model_baseline,-2.459867,2.459867,False,complete
2024-09-09 12:30:00,raw_uncorrected,perfect_model_baseline,-1.96484,1.96484,False,complete
2024-09-09 12:45:00,raw_uncorrected,perfect_model_baseline,-1.96484,1.96484,False,complete
2024-09-09 13:00:00,raw_uncorrected,perfect_model_baseline,-1.96484,1.96484,False,complete
2024-09-09 13:15:00,raw_uncorrected,perfect_model_baseline,-3.363677,3.363677,False,complete
2024-09-09 13:30:00,raw_uncorrected,perfect_model_baseline,-6.744321,6.744321,False,complete
2024-09-09 13:45:00,raw_uncorrected,perfect_model_baseline,-4.875151,4.875151,False,complete
2024-09-09 14:00:00,raw_uncorrected,perfect_model_baseline,-4.341913,4.341913,False,complete
2024-09-09 14:15:00,raw_uncorrected,perfect_model_baseline,-2.12219,2.12219,False,complete
2024-09-09 14:30:00,raw_uncorrected,perfect_model_baseline,-2.546139,2.546139,False,complete
2024-09-09 14:45:00,raw_uncorrected,perfect_model_baseline,-1.728689,1.728689,False,complete
2024-09-09 15:00:00,raw_uncorrected,perfect_model_baseline,-3.922572,3.922572,False,complete
2024-09-09 15:15:00,raw_uncorrected,perfect_model_baseline,-2.215074,2.215074,False,complete
2024-09-09 15:30:00,raw_uncorrected,perfect_model_baseline,-1.491894,1.491894,False,complete
2024-09-09 15:45:00,raw_uncorrected,perfect_model_baseline,1.491894,1.491894,False,complete
2024-09-09 16:00:00,raw_uncorrected,perfect_model_baseline,2.032723,2.032723,False,complete
2024-09-09 16:15:00,raw_uncorrected,perfect_model_baseline,2.936377,2.936377,False,complete
2024-09-09 16:30:00,raw_uncorrected,perfect_model_baseline,4.19724,4.19724,False,complete
2024-09-09 16:45:00,raw_uncorrected,perfect_model_baseline,5.431931,5.431931,False,complete
2024-09-09 17:00:00,raw_uncorrected,perfect_model_baseline,6.801635,6.801635,False,complete
2024-09-09 17:15:00,raw_uncorrected,perfect_model_baseline,7.974804,7.974804,False,complete
2024-09-09 17:30:00,raw_uncorrected,perfect_model_baseline,8.828518,8.828518,False,complete
2024-09-09 17:45:00,raw_uncorrected,perfect_model_baseline,9.454189,9.454189,False,complete
2024-09-09 18:00:00,raw_uncorrected,perfect_model_baseline,10.015749,10.015749,False,complete
2024-09-09 18:15:00,raw_uncorrected,perfect_model_baseline,10.337955,10.337955,False,complete
2024-09-09 18:30:00,raw_uncorrected,perfect_model_baseline,10.458601,10.458601,False,complete
2024-09-09 18:45:00,raw_uncorrected,perfect_model_baseline,10.234547,10.234547,False,complete
2024-09-09 19:00:00,raw_uncorrected,perfect_model_baseline,10.011355,10.011355,False,complete
2024-09-09 19:15:00,raw_uncorrected,perfect_model_baseline,9.621701,9.621701,False,complete
2024-09-09 19:30:00,raw_uncorrected,perfect_model_baseline,9.621701,9.621701,False,complete
2024-09-09 19:45:00,raw_uncorrected,perfect_model_baseline,9.159357,9.159357,False,complete
2024-09-09 20:00:00,raw_uncorrected,perfect_model_baseline,9.159357,9.159357,False,complete
2024-09-09 20:15:00,raw_uncorrected,perfect_model_baseline,8.816043,8.816043,False,complete
2024-09-09 20:30:00,raw_uncorrected,perfect_model_baseline,8.686606,8.686606,False,complete
2024-09-09 20:45:00,raw_uncorrected,perfect_model_baseline,8.686606,8.686606,False,complete
2024-09-09 21:00:00,raw_uncorrected,perfect_model_baseline,8.458096,8.458096,False,complete
2024-09-09 21:15:00,raw_uncorrected,perfect_model_baseline,8.148913,8.148913,False,complete
2024-09-09 21:30:00,raw_uncorrected,perfect_model_baseline,8.148913,8.148913,False,complete
2024-09-09 21:45:00,raw_uncorrected,perfect_model_baseline,8.148913,8.148913,False,complete
2024-09-09 22:00:00,raw_uncorrected,perfect_model_baseline,7.743996,7.743996,False,complete
2024-09-09 22:15:00,raw_uncorrected,perfect_model_baseline,8.235476,8.235476,False,complete
2024-09-09 22:30:00,raw_uncorrected,perfect_model_baseline,8.235476,8.235476,False,complete
2024-09-09 22:45:00,raw_uncorrected,perfect_model_baseline,8.235476,8.235476,False,complete
2024-09-09 23:00:00,raw_uncorrected,perfect_model_baseline,7.757647,7.757647,False,complete
2024-09-09 23:15:00,raw_uncorrected,perfect_model_baseline,8.009285,8.009285,False,complete
2024-09-09 23:30:00,raw_uncorrected,perfect_model_baseline,8.009285,8.009285,False,complete
2024-09-09 23:45:00,raw_uncorrected,perfect_model_baseline,8.009285,8.009285,False,complete
2024-09-10 00:00:00,raw_uncorrected,perfect_model_baseline,7.736371,7.736371,False,complete
2024-09-10 00:15:00,raw_uncorrected,perfect_model_baseline,7.632196,7.632196,False,complete
2024-09-10 00:30:00,raw_uncorrected,perfect_model_baseline,7.539302,7.539302,False,complete
2024-09-10 00:45:00,raw_uncorrected,perfect_model_baseline,7.384596,7.384596,False,complete
2024-09-10 01:00:00,raw_uncorrected,perfect_model_baseline,7.384596,7.384596,False,complete
2024-09-10 01:15:00,raw_uncorrected,perfect_model_baseline,7.190908,7.190908,False,complete
2024-09-10 01:30:00,raw_uncorrected,perfect_model_baseline,6.872253,6.872253,False,complete
2024-09-10 01:45:00,raw_uncorrected,perfect_model_baseline,6.424438,6.424438,False,complete
2024-09-10 02:00:00,raw_uncorrected,perfect_model_baseline,6.424438,6.424438,False,complete
2024-09-10 02:15:00,raw_uncorrected,perfect_model_baseline,6.619686,6.619686,False,complete
2024-09-10 02:30:00,raw_uncorrected,perfect_model_baseline,6.619686,6.619686,False,complete
2024-09-10 02:45:00,raw_uncorrected,perfect_model_baseline,6.619686,6.619686,False,complete
2024-09-10 03:00:00,raw_uncorrected,perfect_model_baseline,6.619686,6.619686,False,complete
2024-09-10 03:15:00,raw_uncorrected,perfect_model_baseline,6.078309,6.078309,False,complete
2024-09-10 03:30:00,raw_uncorrected,perfect_model_baseline,5.983616,5.983616,False,complete
2024-09-10 03:45:00,raw_uncorrected,perfect_model_baseline,5.983616,5.983616,False,complete
2024-09-10 04:00:00,raw_uncorrected,perfect_model_baseline,5.751376,5.751376,False,complete
2024-09-10 04:15:00,raw_uncorrected,perfect_model_baseline,5.71127,5.71127,False,complete
2024-09-10 04:30:00,raw_uncorrected,perfect_model_baseline,5.71127,5.71127,False,complete
2024-09-10 04:45:00,raw_uncorrected,perfect_model_baseline,5.901689,5.901689,False,complete
2024-09-10 05:00:00,raw_uncorrected,perfect_model_baseline,6.230445,6.230445,False,complete
2024-09-10 05:15:00,raw_uncorrected,perfect_model_baseline,6.327343,6.327343,False,complete
2024-09-10 05:30:00,raw_uncorrected,perfect_model_baseline,6.532994,6.532994,False,complete
2024-09-10 05:45:00,raw_uncorrected,perfect_model_baseline,6.706705,6.706705,False,complete
2024-09-10 06:00:00,raw_uncorrected,perfect_model_baseline,6.872825,6.872825,False,complete
2024-09-10 06:15:00,raw_uncorrected,perfect_model_baseline,7.382669,7.382669,False,complete
2024-09-10 06:30:00,raw_uncorrected,perfect_model_baseline,7.166857,7.166857,False,complete
2024-09-10 06:45:00,raw_uncorrected,perfect_model_baseline,6.896406,6.896406,False,complete
2024-09-10 07:00:00,raw_uncorrected,perfect_model_baseline,6.367174,6.367174,False,complete
2024-09-10 07:15:00,raw_uncorrected,perfect_model_baseline,5.570344,5.570344,False,complete
2024-09-10 07:30:00,raw_uncorrected,perfect_model_baseline,4.84784,4.84784,False,complete
2024-09-10 07:45:00,raw_uncorrected,perfect_model_baseline,3.945187,3.945187,False,complete
2024-09-10 08:00:00,raw_uncorrected,perfect_model_baseline,2.88749,2.88749,False,complete
2024-09-10 08:15:00,raw_uncorrected,perfect_model_baseline,2.009897,2.009897,False,complete
2024-09-10 08:30:00,raw_uncorrected,perfect_model_baseline,1.784896,1.784896,False,complete
2024-09-10 08:45:00,raw_uncorrected,perfect_model_baseline,-1.496501,1.496501,False,complete
2024-09-10 09:00:00,raw_uncorrected,perfect_model_baseline,-2.352802,2.352802,False,complete
2024-09-10 09:15:00,raw_uncorrected,perfect_model_baseline,-3.151745,3.151745,False,complete
2024-09-10 09:30:00,raw_uncorrected,perfect_model_baseline,-3.74528,3.74528,False,complete
2024-09-10 09:45:00,raw_uncorrected,perfect_model_baseline,-4.479068,4.479068,False,complete
2024-09-10 10:00:00,raw_uncorrected,perfect_model_baseline,-5.025905,5.025905,False,complete
2024-09-10 10:15:00,raw_uncorrected,perfect_model_baseline,-5.470206,5.470206,False,complete
2024-09-10 10:30:00,raw_uncorrected,perfect_model_baseline,-5.898473,5.898473,False,complete
2024-09-10 10:45:00,raw_uncorrected,perfect_model_baseline,-6.339795,6.339795,False,complete
2024-09-10 11:00:00,raw_uncorrected,perfect_model_baseline,-6.560407,6.560407,False,complete
2024-09-10 11:15:00,raw_uncorrected,perfect_model_baseline,-7.012453,7.012453,False,complete
2024-09-10 11:30:00,raw_uncorrected,perfect_model_baseline,-7.19229,7.19229,False,complete
2024-09-10 11:45:00,raw_uncorrected,perfect_model_baseline,-7.19229,7.19229,False,complete
2024-09-10 12:00:00,raw_uncorrected,perfect_model_baseline,-7.416517,7.416517,False,complete
2024-09-10 12:15:00,raw_uncorrected,perfect_model_baseline,-7.290709,7.290709,False,complete
2024-09-10 12:30:00,raw_uncorrected,perfect_model_baseline,-7.231673,7.231673,False,complete
2024-09-10 12:45:00,raw_uncorrected,perfect_model_baseline,-6.372696,6.372696,False,complete
2024-09-10 13:00:00,raw_uncorrected,perfect_model_baseline,-6.035558,6.035558,False,complete
2024-09-10 13:15:00,raw_uncorrected,perfect_model_baseline,-6.095175,6.095175,False,complete
2024-09-10 13:30:00,raw_uncorrected,perfect_model_baseline,-4.959267,4.959267,False,complete
2024-09-10 13:45:00,raw_uncorrected,perfect_model_baseline,-4.169735,4.169735,False,complete
2024-09-10 14:00:00,raw_uncorrected,perfect_model_baseline,-2.914103,2.914103,False,complete
2024-09-10 14:15:00,raw_uncorrected,perfect_model_baseline,-2.998417,2.998417,False,complete
2024-09-10 14:30:00,raw_uncorrected,perfect_model_baseline,-3.362596,3.362596,False,complete
2024-09-10 14:45:00,raw_uncorrected,perfect_model_baseline,-2.121485,2.121485,False,complete
2024-09-10 15:00:00,raw_uncorrected,perfect_model_baseline,-3.119214,3.119214,False,complete
2024-09-10 15:15:00,raw_uncorrected,perfect_model_baseline,-2.803413,2.803413,False,complete
2024-09-10 15:30:00,raw_uncorrected,perfect_model_baseline,-1.503462,1.503462,False,complete
2024-09-10 15:45:00,raw_uncorrected,perfect_model_baseline,1.503462,1.503462,False,complete
2024-09-10 16:00:00,raw_uncorrected,perfect_model_baseline,2.19321,2.19321,False,complete
2024-09-10 16:15:00,raw_uncorrected,perfect_model_baseline,3.099187,3.099187,False,complete
2024-09-10 16:30:00,raw_uncorrected,perfect_model_baseline,4.174794,4.174794,False,complete
2024-09-10 16:45:00,raw_uncorrected,perfect_model_baseline,5.447038,5.447038,False,complete
2024-09-10 17:00:00,raw_uncorrected,perfect_model_baseline,6.84824,6.84824,False,complete
2024-09-10 17:15:00,raw_uncorrected,perfect_model_baseline,7.65037,7.65037,False,complete
2024-09-10 17:30:00,raw_uncorrected,perfect_model_baseline,8.425423,8.425423,False,complete
2024-09-10 17:45:00,raw_uncorrected,perfect_model_baseline,9.155311,9.155311,False,complete
2024-09-10 18:00:00,raw_uncorrected,perfect_model_baseline,9.918717,9.918717,False,complete
2024-09-10 18:15:00,raw_uncorrected,perfect_model_baseline,10.150009,10.150009,False,complete
2024-09-10 18:30:00,raw_uncorrected,perfect_model_baseline,10.150009,10.150009,False,complete
2024-09-10 18:45:00,raw_uncorrected,perfect_model_baseline,10.288192,10.288192,False,complete
2024-09-10 19:00:00,raw_uncorrected,perfect_model_baseline,10.288192,10.288192,False,complete
2024-09-10 19:15:00,raw_uncorrected,perfect_model_baseline,9.94422,9.94422,False,complete
2024-09-10 19:30:00,raw_uncorrected,perfect_model_baseline,9.609781,9.609781,False,complete
2024-09-10 19:45:00,raw_uncorrected,perfect_model_baseline,9.609781,9.609781,False,complete
2024-09-10 20:00:00,raw_uncorrected,perfect_model_baseline,9.252,9.252,False,complete
2024-09-10 20:15:00,raw_uncorrected,perfect_model_baseline,9.001905,9.001905,False,complete
2024-09-10 20:30:00,raw_uncorrected,perfect_model_baseline,9.001905,9.001905,False,complete
2024-09-10 20:45:00,raw_uncorrected,perfect_model_baseline,8.733072,8.733072,False,complete
2024-09-10 21:00:00,raw_uncorrected,perfect_model_baseline,8.733072,8.733072,False,complete
2024-09-10 21:15:00,raw_uncorrected,perfect_model_baseline,8.236602,8.236602,False,complete
2024-09-10 21:30:00,raw_uncorrected,perfect_model_baseline,8.236602,8.236602,False,complete
2024-09-10 21:45:00,raw_uncorrected,perfect_model_baseline,7.99961,7.99961,False,complete
2024-09-10 22:00:00,raw_uncorrected,perfect_model_baseline,7.995166,7.995166,False,complete
2024-09-10 22:15:00,raw_uncorrected,perfect_model_baseline,8.402636,8.402636,False,complete
2024-09-10 22:30:00,raw_uncorrected,perfect_model_baseline,8.402636,8.402636,False,complete
2024-09-10 22:45:00,raw_uncorrected,perfect_model_baseline,8.402636,8.402636,False,complete
2024-09-10 23:00:00,raw_uncorrected,perfect_model_baseline,8.116662,8.116662,False,complete
2024-09-10 23:15:00,raw_uncorrected,perfect_model_baseline,8.218931,8.218931,False,complete
2024-09-10 23:30:00,raw_uncorrected,perfect_model_baseline,7.776493,7.776493,False,complete
2024-09-10 23:45:00,raw_uncorrected,perfect_model_baseline,7.776493,7.776493,False,complete
2024-09-11 00:00:00,raw_uncorrected,perfect_model_baseline,7.776493,7.776493,False,complete
2024-09-11 00:15:00,raw_uncorrected,perfect_model_baseline,7.640139,7.640139,False,complete
2024-09-11 00:30:00,raw_uncorrected,perfect_model_baseline,7.528005,7.528005,False,complete
2024-09-11 00:45:00,raw_uncorrected,perfect_model_baseline,7.338335,7.338335,False,complete
2024-09-11 01:00:00,raw_uncorrected,perfect_model_baseline,7.338335,7.338335,False,complete
2024-09-11 01:15:00,raw_uncorrected,perfect_model_baseline,7.262003,7.262003,False,complete
2024-09-11 01:30:00,raw_uncorrected,perfect_model_baseline,6.874821,6.874821,False,complete
2024-09-11 01:45:00,raw_uncorrected,perfect_model_baseline,6.874821,6.874821,False,complete
2024-09-11 02:00:00,raw_uncorrected,perfect_model_baseline,6.65106,6.65106,False,complete
2024-09-11 02:15:00,raw_uncorrected,perfect_model_baseline,6.395785,6.395785,False,complete
2024-09-11 02:30:00,raw_uncorrected,perfect_model_baseline,6.395785,6.395785,False,complete
2024-09-11 02:45:00,raw_uncorrected,perfect_model_baseline,6.214735,6.214735,False,complete
2024-09-11 03:00:00,raw_uncorrected,perfect_model_baseline,6.214735,6.214735,False,complete
2024-09-11 03:15:00,raw_uncorrected,perfect_model_baseline,6.153417,6.153417,False,complete
2024-09-11 03:30:00,raw_uncorrected,perfect_model_baseline,6.016318,6.016318,False,complete
2024-09-11 03:45:00,raw_uncorrected,perfect_model_baseline,6.016318,6.016318,False,complete
2024-09-11 04:00:00,raw_uncorrected,perfect_model_baseline,6.016318,6.016318,False,complete
2024-09-11 04:15:00,raw_uncorrected,perfect_model_baseline,5.964186,5.964186,False,complete
2024-09-11 04:30:00,raw_uncorrected,perfect_model_baseline,5.964186,5.964186,False,complete
2024-09-11 04:45:00,raw_uncorrected,perfect_model_baseline,5.964186,5.964186,False,complete
2024-09-11 05:00:00,raw_uncorrected,perfect_model_baseline,6.15294,6.15294,False,complete
2024-09-11 05:15:00,raw_uncorrected,perfect_model_baseline,6.352119,6.352119,False,complete
2024-09-11 05:30:00,raw_uncorrected,perfect_model_baseline,6.352119,6.352119,False,complete
2024-09-11 05:45:00,raw_uncorrected,perfect_model_baseline,6.608941,6.608941,False,complete
2024-09-11 06:00:00,raw_uncorrected,perfect_model_baseline,6.876123,6.876123,False,complete
2024-09-11 06:15:00,raw_uncorrected,perfect_model_baseline,7.309641,7.309641,False,complete
2024-09-11 06:30:00,raw_uncorrected,perfect_model_baseline,6.835528,6.835528,False,complete
2024-09-11 06:45:00,raw_uncorrected,perfect_model_baseline,6.613046,6.613046,False,complete
2024-09-11 07:00:00,raw_uncorrected,perfect_model_baseline,6.168182,6.168182,False,complete
2024-09-11 07:15:00,raw_uncorrected,perfect_model_baseline,5.51424,5.51424,False,complete
2024-09-11 07:30:00,raw_uncorrected,perfect_model_baseline,4.742801,4.742801,False,complete
2024-09-11 07:45:00,raw_uncorrected,perfect_model_baseline,3.6678,3.6678,False,complete
2024-09-11 08:00:00,raw_uncorrected,perfect_model_baseline,3.008404,3.008404,False,complete
2024-09-11 08:15:00,raw_uncorrected,perfect_model_baseline,2.161208,2.161208,False,complete
2024-09-11 08:30:00,raw_uncorrected,perfect_model_baseline,1.974315,1.974315,False,complete
2024-09-11 08:45:00,raw_uncorrected,perfect_model_baseline,-1.974315,1.974315,False,complete
2024-09-11 09:00:00,raw_uncorrected,perfect_model_baseline,-2.196108,2.196108,False,complete
2024-09-11 09:15:00,raw_uncorrected,perfect_model_baseline,-2.726375,2.726375,False,complete
2024-09-11 09:30:00,raw_uncorrected,perfect_model_baseline,-3.494907,3.494907,False,complete
2024-09-11 09:45:00,raw_uncorrected,perfect_model_baseline,-4.298329,4.298329,False,complete
2024-09-11 10:00:00,raw_uncorrected,perfect_model_baseline,-4.929484,4.929484,False,complete
2024-09-11 10:15:00,raw_uncorrected,perfect_model_baseline,-5.240259,5.240259,False,complete
2024-09-11 10:30:00,raw_uncorrected,perfect_model_baseline,-5.692819,5.692819,False,complete
2024-09-11 10:45:00,raw_uncorrected,perfect_model_baseline,-6.35682,6.35682,False,complete
2024-09-11 11:00:00,raw_uncorrected,perfect_model_baseline,-6.577826,6.577826,False,complete
2024-09-11 11:15:00,raw_uncorrected,perfect_model_baseline,-6.901242,6.901242,False,complete
2024-09-11 11:30:00,raw_uncorrected,perfect_model_baseline,-7.028745,7.028745,False,complete
2024-09-11 11:45:00,raw_uncorrected,perfect_model_baseline,-7.23532,7.23532,False,complete
2024-09-11 12:00:00,raw_uncorrected,perfect_model_baseline,-7.23532,7.23532,False,complete
2024-09-11 12:15:00,raw_uncorrected,perfect_model_baseline,-6.975427,6.975427,False,complete
2024-09-11 12:30:00,raw_uncorrected,perfect_model_baseline,-6.975427,6.975427,False,complete
2024-09-11 12:45:00,raw_uncorrected,perfect_model_baseline,-6.855943,6.855943,False,complete
2024-09-11 13:00:00,raw_uncorrected,perfect_model_baseline,-6.855943,6.855943,False,complete
2024-09-11 13:15:00,raw_uncorrected,perfect_model_baseline,-6.063909,6.063909,False,complete
2024-09-11 13:30:00,raw_uncorrected,perfect_model_baseline,-5.304339,5.304339,False,complete
2024-09-11 13:45:00,raw_uncorrected,perfect_model_baseline,-3.030055,3.030055,False,complete
2024-09-11 14:00:00,raw_uncorrected,perfect_model_baseline,-5.723969,5.723969,False,complete
2024-09-11 14:15:00,raw_uncorrected,perfect_model_baseline,-4.869979,4.869979,False,complete
2024-09-11 14:30:00,raw_uncorrected,perfect_model_baseline,-4.018267,4.018267,False,complete
2024-09-11 14:45:00,raw_uncorrected,perfect_model_baseline,-3.363071,3.363071,False,complete
2024-09-11 15:00:00,raw_uncorrected,perfect_model_baseline,-2.194262,2.194262,False,complete
2024-09-11 15:15:00,raw_uncorrected,perfect_model_baseline,-1.833988,1.833988,False,complete
2024-09-11 15:30:00,raw_uncorrected,perfect_model_baseline,-1.492174,1.492174,False,complete
2024-09-11 15:45:00,raw_uncorrected,perfect_model_baseline,2.726967,2.726967,False,complete
2024-09-11 16:00:00,raw_uncorrected,perfect_model_baseline,4.860244,4.860244,False,complete
2024-09-11 16:15:00,raw_uncorrected,perfect_model_baseline,5.075157,5.075157,False,complete
2024-09-11 16:30:00,raw_uncorrected,perfect_model_baseline,5.536668,5.536668,False,complete
2024-09-11 16:45:00,raw_uncorrected,perfect_model_baseline,6.926632,6.926632,False,complete
2024-09-11 17:00:00,raw_uncorrected,perfect_model_baseline,7.66801,7.66801,False,complete
2024-09-11 17:15:00,raw_uncorrected,perfect_model_baseline,7.886757,7.886757,False,complete
2024-09-11 17:30:00,raw_uncorrected,perfect_model_baseline,8.493274,8.493274,False,complete
2024-09-11 17:45:00,raw_uncorrected,perfect_model_baseline,9.297627,9.297627,False,complete
2024-09-11 18:00:00,raw_uncorrected,perfect_model_baseline,9.82172,9.82172,False,complete
2024-09-11 18:15:00,raw_uncorrected,perfect_model_baseline,10.056503,10.056503,False,complete
2024-09-11 18:30:00,raw_uncorrected,perfect_model_baseline,10.056503,10.056503,False,complete
2024-09-11 18:45:00,raw_uncorrected,perfect_model_baseline,10.056503,10.056503,False,complete
2024-09-11 19:00:00,raw_uncorrected,perfect_model_baseline,9.834686,9.834686,False,complete
2024-09-11 19:15:00,raw_uncorrected,perfect_model_baseline,9.373226,9.373226,False,complete
2024-09-11 19:30:00,raw_uncorrected,perfect_model_baseline,9.261831,9.261831,False,complete
2024-09-11 19:45:00,raw_uncorrected,perfect_model_baseline,9.071867,9.071867,False,complete
2024-09-11 20:00:00,raw_uncorrected,perfect_model_baseline,9.071867,9.071867,False,complete
2024-09-11 20:15:00,raw_uncorrected,perfect_model_baseline,8.871839,8.871839,False,complete
2024-09-11 20:30:00,raw_uncorrected,perfect_model_baseline,8.871839,8.871839,False,complete
2024-09-11 20:45:00,raw_uncorrected,perfect_model_baseline,8.717333,8.717333,False,complete
2024-09-11 21:00:00,raw_uncorrected,perfect_model_baseline,8.422187,8.422187,False,complete
2024-09-11 21:15:00,raw_uncorrected,perfect_model_baseline,8.133204,8.133204,False,complete
2024-09-11 21:30:00,raw_uncorrected,perfect_model_baseline,7.961758,7.961758,False,complete
2024-09-11 21:45:00,raw_uncorrected,perfect_model_baseline,7.961758,7.961758,False,complete
2024-09-11 22:00:00,raw_uncorrected,perfect_model_baseline,7.738918,7.738918,False,complete
2024-09-11 22:15:00,raw_uncorrected,perfect_model_baseline,8.33055,8.33055,False,complete
2024-09-11 22:30:00,raw_uncorrected,perfect_model_baseline,8.33055,8.33055,False,complete
2024-09-11 22:45:00,raw_uncorrected,perfect_model_baseline,8.077293,8.077293,False,complete
2024-09-11 23:00:00,raw_uncorrected,perfect_model_baseline,7.745751,7.745751,False,complete
2024-09-11 23:15:00,raw_uncorrected,perfect_model_baseline,7.779893,7.779893,False,complete
2024-09-11 23:30:00,raw_uncorrected,perfect_model_baseline,7.598922,7.598922,False,complete
2024-09-11 23:45:00,raw_uncorrected,perfect_model_baseline,7.662317,7.662317,False,complete
2024-09-12 00:00:00,raw_uncorrected,perfect_model_baseline,7.393064,7.393064,False,complete
2024-09-12 00:15:00,raw_uncorrected,perfect_model_baseline,7.391731,7.391731,False,complete
2024-09-12 00:30:00,raw_uncorrected,perfect_model_baseline,7.391731,7.391731,False,complete
2024-09-12 00:45:00,raw_uncorrected,perfect_model_baseline,7.217563,7.217563,False,complete
2024-09-12 01:00:00,raw_uncorrected,perfect_model_baseline,7.217563,7.217563,False,complete
2024-09-12 01:15:00,raw_uncorrected,perfect_model_baseline,6.788664,6.788664,False,complete
2024-09-12 01:30:00,raw_uncorrected,perfect_model_baseline,6.659278,6.659278,False,complete
2024-09-12 01:45:00,raw_uncorrected,perfect_model_baseline,6.441525,6.441525,False,complete
2024-09-12 02:00:00,raw_uncorrected,perfect_model_baseline,6.441525,6.441525,False,complete
2024-09-12 02:15:00,raw_uncorrected,perfect_model_baseline,5.975986,5.975986,False,complete
2024-09-12 02:30:00,raw_uncorrected,perfect_model_baseline,5.975986,5.975986,False,complete
2024-09-12 02:45:00,raw_uncorrected,perfect_model_baseline,5.975986,5.975986,False,complete
2024-09-12 03:00:00,raw_uncorrected,perfect_model_baseline,5.78381,5.78381,False,complete
2024-09-12 03:15:00,raw_uncorrected,perfect_model_baseline,5.711169,5.711169,False,complete
2024-09-12 03:30:00,raw_uncorrected,perfect_model_baseline,5.711169,5.711169,False,complete
2024-09-12 03:45:00,raw_uncorrected,perfect_model_baseline,5.711169,5.711169,False,complete
2024-09-12 04:00:00,raw_uncorrected,perfect_model_baseline,5.590256,5.590256,False,complete
2024-09-12 04:15:00,raw_uncorrected,perfect_model_baseline,5.495862,5.495862,False,complete
2024-09-12 04:30:00,raw_uncorrected,perfect_model_baseline,5.495862,5.495862,False,complete
2024-09-12 04:45:00,raw_uncorrected,perfect_model_baseline,5.495862,5.495862,False,complete
2024-09-12 05:00:00,raw_uncorrected,perfect_model_baseline,5.69214,5.69214,False,complete
2024-09-12 05:15:00,raw_uncorrected,perfect_model_baseline,5.884337,5.884337,False,complete
2024-09-12 05:30:00,raw_uncorrected,perfect_model_baseline,5.961573,5.961573,False,complete
2024-09-12 05:45:00,raw_uncorrected,perfect_model_baseline,5.961573,5.961573,False,complete
2024-09-12 06:00:00,raw_uncorrected,perfect_model_baseline,6.184546,6.184546,False,complete
2024-09-12 06:15:00,raw_uncorrected,perfect_model_baseline,6.66516,6.66516,False,complete
2024-09-12 06:30:00,raw_uncorrected,perfect_model_baseline,6.837113,6.837113,False,complete
2024-09-12 06:45:00,raw_uncorrected,perfect_model_baseline,6.837113,6.837113,False,complete
2024-09-12 07:00:00,raw_uncorrected,perfect_model_baseline,6.837113,6.837113,False,complete
2024-09-12 07:15:00,raw_uncorrected,perfect_model_baseline,6.799066,6.799066,False,complete
2024-09-12 07:30:00,raw_uncorrected,perfect_model_baseline,6.799066,6.799066,False,complete
2024-09-12 07:45:00,raw_uncorrected,perfect_model_baseline,7.083145,7.083145,False,complete
2024-09-12 08:00:00,raw_uncorrected,perfect_model_baseline,6.858893,6.858893,False,complete
2024-09-12 08:15:00,raw_uncorrected,perfect_model_baseline,6.912255,6.912255,False,complete
2024-09-12 08:30:00,raw_uncorrected,perfect_model_baseline,6.060106,6.060106,False,complete
2024-09-12 08:45:00,raw_uncorrected,perfect_model_baseline,4.817432,4.817432,False,complete
2024-09-12 09:00:00,raw_uncorrected,perfect_model_baseline,5.428131,5.428131,False,complete
2024-09-12 09:15:00,raw_uncorrected,perfect_model_baseline,5.78971,5.78971,False,complete
2024-09-12 09:30:00,raw_uncorrected,perfect_model_baseline,4.713165,4.713165,False,complete
2024-09-12 09:45:00,raw_uncorrected,perfect_model_baseline,3.142501,3.142501,False,complete
2024-09-12 10:00:00,raw_uncorrected,perfect_model_baseline,3.07308,3.07308,False,complete
2024-09-12 10:15:00,raw_uncorrected,perfect_model_baseline,2.067457,2.067457,False,complete
2024-09-12 10:30:00,raw_uncorrected,perfect_model_baseline,2.098853,2.098853,False,complete
2024-09-12 10:45:00,raw_uncorrected,perfect_model_baseline,2.212765,2.212765,False,complete
2024-09-12 11:00:00,raw_uncorrected,perfect_model_baseline,2.278332,2.278332,False,complete
2024-09-12 11:15:00,raw_uncorrected,perfect_model_baseline,2.364463,2.364463,False,complete
2024-09-12 11:30:00,raw_uncorrected,perfect_model_baseline,2.818469,2.818469,False,complete
2024-09-12 11:45:00,raw_uncorrected,perfect_model_baseline,2.71389,2.71389,False,complete
2024-09-12 12:00:00,raw_uncorrected,perfect_model_baseline,4.742673,4.742673,False,complete
2024-09-12 12:15:00,raw_uncorrected,perfect_model_baseline,2.603001,2.603001,False,complete
2024-09-12 12:30:00,raw_uncorrected,perfect_model_baseline,-1.777361,1.777361,False,complete
2024-09-12 12:45:00,raw_uncorrected,perfect_model_baseline,-2.456907,2.456907,False,complete
2024-09-12 13:00:00,raw_uncorrected,perfect_model_baseline,-4.555342,4.555342,False,complete
2024-09-12 13:15:00,raw_uncorrected,perfect_model_baseline,-3.068291,3.068291,False,complete
2024-09-12 13:30:00,raw_uncorrected,perfect_model_baseline,-3.281024,3.281024,False,complete
2024-09-12 13:45:00,raw_uncorrected,perfect_model_baseline,-4.394463,4.394463,False,complete
2024-09-12 14:00:00,raw_uncorrected,perfect_model_baseline,-3.515498,3.515498,False,complete
2024-09-12 14:15:00,raw_uncorrected,perfect_model_baseline,-3.854629,3.854629,False,complete
2024-09-12 14:30:00,raw_uncorrected,perfect_model_baseline,-2.71617,2.71617,False,complete
2024-09-12 14:45:00,raw_uncorrected,perfect_model_baseline,-2.000623,2.000623,False,complete
2024-09-12 15:00:00,raw_uncorrected,perfect_model_baseline,2.594542,2.594542,False,complete
2024-09-12 15:15:00,raw_uncorrected,perfect_model_baseline,2.0251,2.0251,False,complete
2024-09-12 15:30:00,raw_uncorrected,perfect_model_baseline,3.261666,3.261666,False,complete
2024-09-12 15:45:00,raw_uncorrected,perfect_model_baseline,5.435839,5.435839,False,complete
2024-09-12 16:00:00,raw_uncorrected,perfect_model_baseline,3.42753,3.42753,False,complete
2024-09-12 16:15:00,raw_uncorrected,perfect_model_baseline,3.952132,3.952132,False,complete
2024-09-12 16:30:00,raw_uncorrected,perfect_model_baseline,4.629173,4.629173,False,complete
2024-09-12 16:45:00,raw_uncorrected,perfect_model_baseline,7.131543,7.131543,False,complete
2024-09-12 17:00:00,raw_uncorrected,perfect_model_baseline,8.445533,8.445533,False,complete
2024-09-12 17:15:00,raw_uncorrected,perfect_model_baseline,9.107171,9.107171,False,complete
2024-09-12 17:30:00,raw_uncorrected,perfect_model_baseline,9.597173,9.597173,False,complete
2024-09-12 17:45:00,raw_uncorrected,perfect_model_baseline,9.597173,9.597173,False,complete
2024-09-12 18:00:00,raw_uncorrected,perfect_model_baseline,10.046365,10.046365,False,complete
2024-09-12 18:15:00,raw_uncorrected,perfect_model_baseline,10.381399,10.381399,False,complete
2024-09-12 18:30:00,raw_uncorrected,perfect_model_baseline,10.458995,10.458995,False,complete
2024-09-12 18:45:00,raw_uncorrected,perfect_model_baseline,10.458995,10.458995,False,complete
2024-09-12 19:00:00,raw_uncorrected,perfect_model_baseline,10.024367,10.024367,False,complete
2024-09-12 19:15:00,raw_uncorrected,perfect_model_baseline,9.934112,9.934112,False,complete
2024-09-12 19:30:00,raw_uncorrected,perfect_model_baseline,9.934112,9.934112,False,complete
2024-09-12 19:45:00,raw_uncorrected,perfect_model_baseline,9.795748,9.795748,False,complete
2024-09-12 20:00:00,raw_uncorrected,perfect_model_baseline,9.60558,9.60558,False,complete
2024-09-12 20:15:00,raw_uncorrected,perfect_model_baseline,9.522948,9.522948,False,complete
2024-09-12 20:30:00,raw_uncorrected,perfect_model_baseline,9.522948,9.522948,False,complete
2024-09-12 20:45:00,raw_uncorrected,perfect_model_baseline,9.37574,9.37574,False,complete
2024-09-12 21:00:00,raw_uncorrected,perfect_model_baseline,9.231561,9.231561,False,complete
2024-09-12 21:15:00,raw_uncorrected,perfect_model_baseline,8.660353,8.660353,False,complete
2024-09-12 21:30:00,raw_uncorrected,perfect_model_baseline,8.660353,8.660353,False,complete
2024-09-12 21:45:00,raw_uncorrected,perfect_model_baseline,8.660353,8.660353,False,complete
2024-09-12 22:00:00,raw_uncorrected,perfect_model_baseline,8.660353,8.660353,False,complete
2024-09-12 22:15:00,raw_uncorrected,perfect_model_baseline,8.811845,8.811845,False,complete
2024-09-12 22:30:00,raw_uncorrected,perfect_model_baseline,8.91336,8.91336,False,complete
2024-09-12 22:45:00,raw_uncorrected,perfect_model_baseline,8.6353,8.6353,False,complete
2024-09-12 23:00:00,raw_uncorrected,perfect_model_baseline,8.296563,8.296563,False,complete
2024-09-12 23:15:00,raw_uncorrected,perfect_model_baseline,8.496361,8.496361,False,complete
2024-09-12 23:30:00,raw_uncorrected,perfect_model_baseline,8.496361,8.496361,False,complete
2024-09-12 23:45:00,raw_uncorrected,perfect_model_baseline,8.200922,8.200922,False,complete
2024-09-13 00:00:00,raw_uncorrected,perfect_model_baseline,8.200922,8.200922,False,complete
2024-09-13 00:15:00,raw_uncorrected,perfect_model_baseline,8.055133,8.055133,False,complete
2024-09-13 00:30:00,raw_uncorrected,perfect_model_baseline,7.924664,7.924664,False,complete
2024-09-13 00:45:00,raw_uncorrected,perfect_model_baseline,7.628841,7.628841,False,complete
2024-09-13 01:00:00,raw_uncorrected,perfect_model_baseline,7.628841,7.628841,False,complete
2024-09-13 01:15:00,raw_uncorrected,perfect_model_baseline,7.409443,7.409443,False,complete
2024-09-13 01:30:00,raw_uncorrected,perfect_model_baseline,6.881206,6.881206,False,complete
2024-09-13 01:45:00,raw_uncorrected,perfect_model_baseline,6.64591,6.64591,False,complete
2024-09-13 02:00:00,raw_uncorrected,perfect_model_baseline,6.64591,6.64591,False,complete
2024-09-13 02:15:00,raw_uncorrected,perfect_model_baseline,6.364262,6.364262,False,complete
2024-09-13 02:30:00,raw_uncorrected,perfect_model_baseline,6.209417,6.209417,False,complete
2024-09-13 02:45:00,raw_uncorrected,perfect_model_baseline,6.209417,6.209417,False,complete
2024-09-13 03:00:00,raw_uncorrected,perfect_model_baseline,6.209417,6.209417,False,complete
2024-09-13 03:15:00,raw_uncorrected,perfect_model_baseline,6.11652,6.11652,False,complete
2024-09-13 03:30:00,raw_uncorrected,perfect_model_baseline,6.11652,6.11652,False,complete
2024-09-13 03:45:00,raw_uncorrected,perfect_model_baseline,6.021637,6.021637,False,complete
2024-09-13 04:00:00,raw_uncorrected,perfect_model_baseline,6.021637,6.021637,False,complete
2024-09-13 04:15:00,raw_uncorrected,perfect_model_baseline,5.963845,5.963845,False,complete
2024-09-13 04:30:00,raw_uncorrected,perfect_model_baseline,5.963845,5.963845,False,complete
2024-09-13 04:45:00,raw_uncorrected,perfect_model_baseline,5.963845,5.963845,False,complete
2024-09-13 05:00:00,raw_uncorrected,perfect_model_baseline,5.963845,5.963845,False,complete
2024-09-13 05:15:00,raw_uncorrected,perfect_model_baseline,6.133209,6.133209,False,complete
2024-09-13 05:30:00,raw_uncorrected,perfect_model_baseline,6.418922,6.418922,False,complete
2024-09-13 05:45:00,raw_uncorrected,perfect_model_baseline,6.642289,6.642289,False,complete
2024-09-13 06:00:00,raw_uncorrected,perfect_model_baseline,6.642289,6.642289,False,complete
2024-09-13 06:15:00,raw_uncorrected,perfect_model_baseline,6.908611,6.908611,False,complete
2024-09-13 06:30:00,raw_uncorrected,perfect_model_baseline,6.908611,6.908611,False,complete
2024-09-13 06:45:00,raw_uncorrected,perfect_model_baseline,6.908611,6.908611,False,complete
2024-09-13 07:00:00,raw_uncorrected,perfect_model_baseline,6.908611,6.908611,False,complete
2024-09-13 07:15:00,raw_uncorrected,perfect_model_baseline,6.717002,6.717002,False,complete
2024-09-13 07:30:00,raw_uncorrected,perfect_model_baseline,6.434371,6.434371,False,complete
2024-09-13 07:45:00,raw_uncorrected,perfect_model_baseline,5.640187,5.640187,False,complete
2024-09-13 08:00:00,raw_uncorrected,perfect_model_baseline,5.813758,5.813758,False,complete
2024-09-13 08:15:00,raw_uncorrected,perfect_model_baseline,4.868017,4.868017,False,complete
2024-09-13 08:30:00,raw_uncorrected,perfect_model_baseline,6.005115,6.005115,False,complete
2024-09-13 08:45:00,raw_uncorrected,perfect_model_baseline,3.468834,3.468834,False,complete
2024-09-13 09:00:00,raw_uncorrected,perfect_model_baseline,2.170301,2.170301,False,complete
2024-09-13 09:15:00,raw_uncorrected,perfect_model_baseline,-1.758304,1.758304,False,complete
2024-09-13 09:30:00,raw_uncorrected,perfect_model_baseline,-1.792131,1.792131,False,complete
2024-09-13 09:45:00,raw_uncorrected,perfect_model_baseline,-1.944533,1.944533,False,complete
2024-09-13 10:00:00,raw_uncorrected,perfect_model_baseline,-2.402706,2.402706,False,complete
2024-09-13 10:15:00,raw_uncorrected,perfect_model_baseline,-4.050611,4.050611,False,complete
2024-09-13 10:30:00,raw_uncorrected,perfect_model_baseline,-2.730786,2.730786,False,complete
2024-09-13 10:45:00,raw_uncorrected,perfect_model_baseline,-2.992112,2.992112,False,complete
2024-09-13 11:00:00,raw_uncorrected,perfect_model_baseline,-3.231633,3.231633,False,complete
2024-09-13 11:15:00,raw_uncorrected,perfect_model_baseline,-3.658455,3.658455,False,complete
2024-09-13 11:30:00,raw_uncorrected,perfect_model_baseline,-3.602273,3.602273,False,complete
2024-09-13 11:45:00,raw_uncorrected,perfect_model_baseline,-1.623776,1.623776,False,complete
2024-09-13 12:00:00,raw_uncorrected,perfect_model_baseline,-1.525539,1.525539,False,complete
2024-09-13 12:15:00,raw_uncorrected,perfect_model_baseline,3.64072,3.64072,False,complete
2024-09-13 12:30:00,raw_uncorrected,perfect_model_baseline,3.057015,3.057015,False,complete
2024-09-13 12:45:00,raw_uncorrected,perfect_model_baseline,3.711816,3.711816,False,complete
2024-09-13 13:00:00,raw_uncorrected,perfect_model_baseline,2.415062,2.415062,False,complete
2024-09-13 13:15:00,raw_uncorrected,perfect_model_baseline,3.503795,3.503795,False,complete
2024-09-13 13:30:00,raw_uncorrected,perfect_model_baseline,2.495074,2.495074,False,complete
2024-09-13 13:45:00,raw_uncorrected,perfect_model_baseline,3.700085,3.700085,False,complete
2024-09-13 14:00:00,raw_uncorrected,perfect_model_baseline,2.064746,2.064746,False,complete
2024-09-13 14:15:00,raw_uncorrected,perfect_model_baseline,2.305975,2.305975,False,complete
2024-09-13 14:30:00,raw_uncorrected,perfect_model_baseline,2.985668,2.985668,False,complete
2024-09-13 14:45:00,raw_uncorrected,perfect_model_baseline,2.915934,2.915934,False,complete
2024-09-13 15:00:00,raw_uncorrected,perfect_model_baseline,1.933392,1.933392,False,complete
2024-09-13 15:15:00,raw_uncorrected,perfect_model_baseline,2.607446,2.607446,False,complete
2024-09-13 15:30:00,raw_uncorrected,perfect_model_baseline,1.855504,1.855504,False,complete
2024-09-13 15:45:00,raw_uncorrected,perfect_model_baseline,1.855504,1.855504,False,complete
2024-09-13 16:00:00,raw_uncorrected,perfect_model_baseline,2.278839,2.278839,False,complete
2024-09-13 16:15:00,raw_uncorrected,perfect_model_baseline,3.185736,3.185736,False,complete
2024-09-13 16:30:00,raw_uncorrected,perfect_model_baseline,4.265948,4.265948,False,complete
2024-09-13 16:45:00,raw_uncorrected,perfect_model_baseline,5.664974,5.664974,False,complete
2024-09-13 17:00:00,raw_uncorrected,perfect_model_baseline,7.283908,7.283908,False,complete
2024-09-13 17:15:00,raw_uncorrected,perfect_model_baseline,8.122145,8.122145,False,complete
2024-09-13 17:30:00,raw_uncorrected,perfect_model_baseline,8.791395,8.791395,False,complete
2024-09-13 17:45:00,raw_uncorrected,perfect_model_baseline,9.331482,9.331482,False,complete
2024-09-13 18:00:00,raw_uncorrected,perfect_model_baseline,9.926883,9.926883,False,complete
2024-09-13 18:15:00,raw_uncorrected,perfect_model_baseline,10.541953,10.541953,False,complete
2024-09-13 18:30:00,raw_uncorrected,perfect_model_baseline,10.720881,10.720881,False,complete
2024-09-13 18:45:00,raw_uncorrected,perfect_model_baseline,10.720881,10.720881,False,complete
2024-09-13 19:00:00,raw_uncorrected,perfect_model_baseline,10.720881,10.720881,False,complete
2024-09-13 19:15:00,raw_uncorrected,perfect_model_baseline,10.62079,10.62079,False,complete
2024-09-13 19:30:00,raw_uncorrected,perfect_model_baseline,10.62079,10.62079,False,complete
2024-09-13 19:45:00,raw_uncorrected,perfect_model_baseline,10.62079,10.62079,False,complete
2024-09-13 20:00:00,raw_uncorrected,perfect_model_baseline,10.345029,10.345029,False,complete
2024-09-13 20:15:00,raw_uncorrected,perfect_model_baseline,10.169785,10.169785,False,complete
2024-09-13 20:30:00,raw_uncorrected,perfect_model_baseline,10.083338,10.083338,False,complete
2024-09-13 20:45:00,raw_uncorrected,perfect_model_baseline,10.083338,10.083338,False,complete
2024-09-13 21:00:00,raw_uncorrected,perfect_model_baseline,10.083338,10.083338,False,complete
2024-09-13 21:15:00,raw_uncorrected,perfect_model_baseline,9.598302,9.598302,False,complete
2024-09-13 21:30:00,raw_uncorrected,perfect_model_baseline,9.612545,9.612545,False,complete
2024-09-13 21:45:00,raw_uncorrected,perfect_model_baseline,9.612545,9.612545,False,complete
2024-09-13 22:00:00,raw_uncorrected,perfect_model_baseline,9.204069,9.204069,False,complete
2024-09-13 22:15:00,raw_uncorrected,perfect_model_baseline,9.812466,9.812466,False,complete
2024-09-13 22:30:00,raw_uncorrected,perfect_model_baseline,9.812466,9.812466,False,complete
2024-09-13 22:45:00,raw_uncorrected,perfect_model_baseline,9.812466,9.812466,False,complete
2024-09-13 23:00:00,raw_uncorrected,perfect_model_baseline,9.506103,9.506103,False,complete
2024-09-13 23:15:00,raw_uncorrected,perfect_model_baseline,9.315937,9.315937,False,complete
2024-09-13 23:30:00,raw_uncorrected,perfect_model_baseline,8.860814,8.860814,False,complete
2024-09-13 23:45:00,raw_uncorrected,perfect_model_baseline,8.978047,8.978047,False,complete
2024-09-14 00:00:00,raw_uncorrected,perfect_model_baseline,8.712106,8.712106,False,complete
2024-09-14 00:15:00,raw_uncorrected,perfect_model_baseline,8.644213,8.644213,False,complete
2024-09-14 00:30:00,raw_uncorrected,perfect_model_baseline,8.48026,8.48026,False,complete
2024-09-14 00:45:00,raw_uncorrected,perfect_model_baseline,8.23876,8.23876,False,complete
2024-09-14 01:00:00,raw_uncorrected,perfect_model_baseline,8.23876,8.23876,False,complete
2024-09-14 01:15:00,raw_uncorrected,perfect_model_baseline,7.945016,7.945016,False,complete
2024-09-14 01:30:00,raw_uncorrected,perfect_model_baseline,7.592349,7.592349,False,complete
2024-09-14 01:45:00,raw_uncorrected,perfect_model_baseline,7.36731,7.36731,False,complete
2024-09-14 02:00:00,raw_uncorrected,perfect_model_baseline,7.142174,7.142174,False,complete
2024-09-14 02:15:00,raw_uncorrected,perfect_model_baseline,7.089625,7.089625,False,complete
2024-09-14 02:30:00,raw_uncorrected,perfect_model_baseline,6.959955,6.959955,False,complete
2024-09-14 02:45:00,raw_uncorrected,perfect_model_baseline,6.959955,6.959955,False,complete
2024-09-14 03:00:00,raw_uncorrected,perfect_model_baseline,6.683226,6.683226,False,complete
2024-09-14 03:15:00,raw_uncorrected,perfect_model_baseline,6.430556,6.430556,False,complete
2024-09-14 03:30:00,raw_uncorrected,perfect_model_baseline,6.392961,6.392961,False,complete
2024-09-14 03:45:00,raw_uncorrected,perfect_model_baseline,6.392961,6.392961,False,complete
2024-09-14 04:00:00,raw_uncorrected,perfect_model_baseline,6.392961,6.392961,False,complete
2024-09-14 04:15:00,raw_uncorrected,perfect_model_baseline,6.176399,6.176399,False,complete
2024-09-14 04:30:00,raw_uncorrected,perfect_model_baseline,6.176399,6.176399,False,complete
2024-09-14 04:45:00,raw_uncorrected,perfect_model_baseline,6.176399,6.176399,False,complete
2024-09-14 05:00:00,raw_uncorrected,perfect_model_baseline,6.176399,6.176399,False,complete
2024-09-14 05:15:00,raw_uncorrected,perfect_model_baseline,6.464277,6.464277,False,complete
2024-09-14 05:30:00,raw_uncorrected,perfect_model_baseline,6.464277,6.464277,False,complete
2024-09-14 05:45:00,raw_uncorrected,perfect_model_baseline,6.905047,6.905047,False,complete
2024-09-14 06:00:00,raw_uncorrected,perfect_model_baseline,6.905047,6.905047,False,complete
2024-09-14 06:15:00,raw_uncorrected,perfect_model_baseline,6.973072,6.973072,False,complete
2024-09-14 06:30:00,raw_uncorrected,perfect_model_baseline,6.973072,6.973072,False,complete
2024-09-14 06:45:00,raw_uncorrected,perfect_model_baseline,6.245944,6.245944,False,complete
2024-09-14 07:00:00,raw_uncorrected,perfect_model_baseline,5.73091,5.73091,False,complete
2024-09-14 07:15:00,raw_uncorrected,perfect_model_baseline,5.289236,5.289236,False,complete
2024-09-14 07:30:00,raw_uncorrected,perfect_model_baseline,4.761798,4.761798,False,complete
2024-09-14 07:45:00,raw_uncorrected,perfect_model_baseline,3.992389,3.992389,False,complete
2024-09-14 08:00:00,raw_uncorrected,perfect_model_baseline,3.159552,3.159552,False,complete
2024-09-14 08:15:00,raw_uncorrected,perfect_model_baseline,2.334467,2.334467,False,complete
2024-09-14 08:30:00,raw_uncorrected,perfect_model_baseline,1.552349,1.552349,False,complete
2024-09-14 08:45:00,raw_uncorrected,perfect_model_baseline,-1.552349,1.552349,False,complete
2024-09-14 09:00:00,raw_uncorrected,perfect_model_baseline,-1.730184,1.730184,False,complete
2024-09-14 09:15:00,raw_uncorrected,perfect_model_baseline,-2.238858,2.238858,False,complete
2024-09-14 09:30:00,raw_uncorrected,perfect_model_baseline,-2.969266,2.969266,False,complete
2024-09-14 09:45:00,raw_uncorrected,perfect_model_baseline,-3.572124,3.572124,False,complete
2024-09-14 10:00:00,raw_uncorrected,perfect_model_baseline,-4.235538,4.235538,False,complete
2024-09-14 10:15:00,raw_uncorrected,perfect_model_baseline,-4.950159,4.950159,False,complete
2024-09-14 10:30:00,raw_uncorrected,perfect_model_baseline,-5.647918,5.647918,False,complete
2024-09-14 10:45:00,raw_uncorrected,perfect_model_baseline,-5.869514,5.869514,False,complete
2024-09-14 11:00:00,raw_uncorrected,perfect_model_baseline,-6.365229,6.365229,False,complete
2024-09-14 11:15:00,raw_uncorrected,perfect_model_baseline,-6.668963,6.668963,False,complete
2024-09-14 11:30:00,raw_uncorrected,perfect_model_baseline,-7.001731,7.001731,False,complete
2024-09-14 11:45:00,raw_uncorrected,perfect_model_baseline,-6.781119,6.781119,False,complete
2024-09-14 12:00:00,raw_uncorrected,perfect_model_baseline,-6.781119,6.781119,False,complete
2024-09-14 12:15:00,raw_uncorrected,perfect_model_baseline,-7.112097,7.112097,False,complete
2024-09-14 12:30:00,raw_uncorrected,perfect_model_baseline,-7.112097,7.112097,False,complete
2024-09-14 12:45:00,raw_uncorrected,perfect_model_baseline,-6.902075,6.902075,False,complete
2024-09-14 13:00:00,raw_uncorrected,perfect_model_baseline,-6.902075,6.902075,False,complete
2024-09-14 13:15:00,raw_uncorrected,perfect_model_baseline,-6.584549,6.584549,False,complete
2024-09-14 13:30:00,raw_uncorrected,perfect_model_baseline,-6.388343,6.388343,False,complete
2024-09-14 13:45:00,raw_uncorrected,perfect_model_baseline,-5.930026,5.930026,False,complete
2024-09-14 14:00:00,raw_uncorrected,perfect_model_baseline,-5.486341,5.486341,False,complete
2024-09-14 14:15:00,raw_uncorrected,perfect_model_baseline,-5.051047,5.051047,False,complete
2024-09-14 14:30:00,raw_uncorrected,perfect_model_baseline,-4.153481,4.153481,False,complete
2024-09-14 14:45:00,raw_uncorrected,perfect_model_baseline,-3.873935,3.873935,False,complete
2024-09-14 15:00:00,raw_uncorrected,perfect_model_baseline,-3.174797,3.174797,False,complete
2024-09-14 15:15:00,raw_uncorrected,perfect_model_baseline,-2.285767,2.285767,False,complete
2024-09-14 15:30:00,raw_uncorrected,perfect_model_baseline,4.171182,4.171182,False,complete
2024-09-14 15:45:00,raw_uncorrected,perfect_model_baseline,3.712777,3.712777,False,complete
2024-09-14 16:00:00,raw_uncorrected,perfect_model_baseline,2.988115,2.988115,False,complete
2024-09-14 16:15:00,raw_uncorrected,perfect_model_baseline,2.645689,2.645689,False,complete
2024-09-14 16:30:00,raw_uncorrected,perfect_model_baseline,5.051918,5.051918,False,complete
2024-09-14 16:45:00,raw_uncorrected,perfect_model_baseline,5.356652,5.356652,False,complete
2024-09-14 17:00:00,raw_uncorrected,perfect_model_baseline,6.3222,6.3222,False,complete
2024-09-14 17:15:00,raw_uncorrected,perfect_model_baseline,7.052126,7.052126,False,complete
2024-09-14 17:30:00,raw_uncorrected,perfect_model_baseline,8.03829,8.03829,False,complete
2024-09-14 17:45:00,raw_uncorrected,perfect_model_baseline,8.844279,8.844279,False,complete
2024-09-14 18:00:00,raw_uncorrected,perfect_model_baseline,9.068629,9.068629,False,complete
2024-09-14 18:15:00,raw_uncorrected,perfect_model_baseline,9.587802,9.587802,False,complete
2024-09-14 18:30:00,raw_uncorrected,perfect_model_baseline,9.587802,9.587802,False,complete
2024-09-14 18:45:00,raw_uncorrected,perfect_model_baseline,9.587802,9.587802,False,complete
2024-09-14 19:00:00,raw_uncorrected,perfect_model_baseline,9.587802,9.587802,False,complete
2024-09-14 19:15:00,raw_uncorrected,perfect_model_baseline,9.41164,9.41164,False,complete
2024-09-14 19:30:00,raw_uncorrected,perfect_model_baseline,9.307998,9.307998,False,complete
2024-09-14 19:45:00,raw_uncorrected,perfect_model_baseline,9.143976,9.143976,False,complete
2024-09-14 20:00:00,raw_uncorrected,perfect_model_baseline,9.143976,9.143976,False,complete
2024-09-14 20:15:00,raw_uncorrected,perfect_model_baseline,8.721618,8.721618,False,complete
2024-09-14 20:30:00,raw_uncorrected,perfect_model_baseline,8.721618,8.721618,False,complete
2024-09-14 20:45:00,raw_uncorrected,perfect_model_baseline,8.721618,8.721618,False,complete
2024-09-14 21:00:00,raw_uncorrected,perfect_model_baseline,8.721618,8.721618,False,complete
2024-09-14 21:15:00,raw_uncorrected,perfect_model_baseline,8.511085,8.511085,False,complete
2024-09-14 21:30:00,raw_uncorrected,perfect_model_baseline,8.407574,8.407574,False,complete
2024-09-14 21:45:00,raw_uncorrected,perfect_model_baseline,8.631826,8.631826,False,complete
2024-09-14 22:00:00,raw_uncorrected,perfect_model_baseline,8.407574,8.407574,False,complete
2024-09-14 22:15:00,raw_uncorrected,perfect_model_baseline,8.375493,8.375493,False,complete
2024-09-14 22:30:00,raw_uncorrected,perfect_model_baseline,8.271895,8.271895,False,complete
2024-09-14 22:45:00,raw_uncorrected,perfect_model_baseline,8.271895,8.271895,False,complete
2024-09-14 23:00:00,raw_uncorrected,perfect_model_baseline,8.271895,8.271895,False,complete
2024-09-14 23:15:00,raw_uncorrected,perfect_model_baseline,8.270481,8.270481,False,complete
2024-09-14 23:30:00,raw_uncorrected,perfect_model_baseline,8.080309,8.080309,False,complete
2024-09-14 23:45:00,raw_uncorrected,perfect_model_baseline,7.803824,7.803824,False,complete
2024-09-15 00:00:00,raw_uncorrected,perfect_model_baseline,7.803824,7.803824,False,complete
2024-09-15 00:15:00,raw_uncorrected,perfect_model_baseline,7.826126,7.826126,False,complete
2024-09-15 00:30:00,raw_uncorrected,perfect_model_baseline,7.826126,7.826126,False,complete
2024-09-15 00:45:00,raw_uncorrected,perfect_model_baseline,7.645459,7.645459,False,complete
2024-09-15 01:00:00,raw_uncorrected,perfect_model_baseline,7.660848,7.660848,False,complete
2024-09-15 01:15:00,raw_uncorrected,perfect_model_baseline,7.283098,7.283098,False,complete
2024-09-15 01:30:00,raw_uncorrected,perfect_model_baseline,6.941315,6.941315,False,complete
2024-09-15 01:45:00,raw_uncorrected,perfect_model_baseline,6.715391,6.715391,False,complete
2024-09-15 02:00:00,raw_uncorrected,perfect_model_baseline,6.489566,6.489566,False,complete
2024-09-15 02:15:00,raw_uncorrected,perfect_model_baseline,6.350547,6.350547,False,complete
2024-09-15 02:30:00,raw_uncorrected,perfect_model_baseline,6.237586,6.237586,False,complete
2024-09-15 02:45:00,raw_uncorrected,perfect_model_baseline,6.037817,6.037817,False,complete
2024-09-15 03:00:00,raw_uncorrected,perfect_model_baseline,6.037817,6.037817,False,complete
2024-09-15 03:15:00,raw_uncorrected,perfect_model_baseline,6.190874,6.190874,False,complete
2024-09-15 03:30:00,raw_uncorrected,perfect_model_baseline,6.190874,6.190874,False,complete
2024-09-15 03:45:00,raw_uncorrected,perfect_model_baseline,6.190874,6.190874,False,complete
2024-09-15 04:00:00,raw_uncorrected,perfect_model_baseline,6.190874,6.190874,False,complete
2024-09-15 04:15:00,raw_uncorrected,perfect_model_baseline,5.884029,5.884029,False,complete
2024-09-15 04:30:00,raw_uncorrected,perfect_model_baseline,5.82124,5.82124,False,complete
2024-09-15 04:45:00,raw_uncorrected,perfect_model_baseline,5.82124,5.82124,False,complete
2024-09-15 05:00:00,raw_uncorrected,perfect_model_baseline,5.82124,5.82124,False,complete
2024-09-15 05:15:00,raw_uncorrected,perfect_model_baseline,6.009088,6.009088,False,complete
2024-09-15 05:30:00,raw_uncorrected,perfect_model_baseline,6.009088,6.009088,False,complete
2024-09-15 05:45:00,raw_uncorrected,perfect_model_baseline,6.009088,6.009088,False,complete
2024-09-15 06:00:00,raw_uncorrected,perfect_model_baseline,6.009088,6.009088,False,complete
2024-09-15 06:15:00,raw_uncorrected,perfect_model_baseline,6.27975,6.27975,False,complete
2024-09-15 06:30:00,raw_uncorrected,perfect_model_baseline,6.27975,6.27975,False,complete
2024-09-15 06:45:00,raw_uncorrected,perfect_model_baseline,6.27975,6.27975,False,complete
2024-09-15 07:00:00,raw_uncorrected,perfect_model_baseline,5.761277,5.761277,False,complete
2024-09-15 07:15:00,raw_uncorrected,perfect_model_baseline,5.890403,5.890403,False,complete
2024-09-15 07:30:00,raw_uncorrected,perfect_model_baseline,4.234735,4.234735,False,complete
2024-09-15 07:45:00,raw_uncorrected,perfect_model_baseline,3.092587,3.092587,False,complete
2024-09-15 08:00:00,raw_uncorrected,perfect_model_baseline,2.409049,2.409049,False,complete
2024-09-15 08:15:00,raw_uncorrected,perfect_model_baseline,1.859076,1.859076,False,complete
2024-09-15 08:30:00,raw_uncorrected,perfect_model_baseline,1.702546,1.702546,False,complete
2024-09-15 08:45:00,raw_uncorrected,perfect_model_baseline,-1.702546,1.702546,False,complete
2024-09-15 09:00:00,raw_uncorrected,perfect_model_baseline,-1.926011,1.926011,False,complete
2024-09-15 09:15:00,raw_uncorrected,perfect_model_baseline,-2.359466,2.359466,False,complete
2024-09-15 09:30:00,raw_uncorrected,perfect_model_baseline,-2.927327,2.927327,False,complete
2024-09-15 09:45:00,raw_uncorrected,perfect_model_baseline,-2.045016,2.045016,False,complete
2024-09-15 10:00:00,raw_uncorrected,perfect_model_baseline,-1.855782,1.855782,False,complete
2024-09-15 10:15:00,raw_uncorrected,perfect_model_baseline,-2.708373,2.708373,False,complete
2024-09-15 10:30:00,raw_uncorrected,perfect_model_baseline,-2.010871,2.010871,False,complete
2024-09-15 10:45:00,raw_uncorrected,perfect_model_baseline,-1.921936,1.921936,False,complete
2024-09-15 11:00:00,raw_uncorrected,perfect_model_baseline,-2.711255,2.711255,False,complete
2024-09-15 11:15:00,raw_uncorrected,perfect_model_baseline,-2.719456,2.719456,False,complete
2024-09-15 11:30:00,raw_uncorrected,perfect_model_baseline,-2.613298,2.613298,False,complete
2024-09-15 11:45:00,raw_uncorrected,perfect_model_baseline,-4.199278,4.199278,False,complete
2024-09-15 12:00:00,raw_uncorrected,perfect_model_baseline,-3.018104,3.018104,False,complete
2024-09-15 12:15:00,raw_uncorrected,perfect_model_baseline,-3.196952,3.196952,False,complete
2024-09-15 12:30:00,raw_uncorrected,perfect_model_baseline,-4.92868,4.92868,False,complete
2024-09-15 12:45:00,raw_uncorrected,perfect_model_baseline,-5.821066,5.821066,False,complete
2024-09-15 13:00:00,raw_uncorrected,perfect_model_baseline,-4.355795,4.355795,False,complete
2024-09-15 13:15:00,raw_uncorrected,perfect_model_baseline,-3.318898,3.318898,False,complete
2024-09-15 13:30:00,raw_uncorrected,perfect_model_baseline,-2.76229,2.76229,False,complete
2024-09-15 13:45:00,raw_uncorrected,perfect_model_baseline,-4.163969,4.163969,False,complete
2024-09-15 14:00:00,raw_uncorrected,perfect_model_baseline,-2.530858,2.530858,False,complete
2024-09-15 14:15:00,raw_uncorrected,perfect_model_baseline,-1.686617,1.686617,False,complete
2024-09-15 14:30:00,raw_uncorrected,perfect_model_baseline,-1.577574,1.577574,False,complete
2024-09-15 14:45:00,raw_uncorrected,perfect_model_baseline,2.189354,2.189354,False,complete
2024-09-15 15:00:00,raw_uncorrected,perfect_model_baseline,1.740963,1.740963,False,complete
2024-09-15 15:15:00,raw_uncorrected,perfect_model_baseline,2.545078,2.545078,False,complete
2024-09-15 15:30:00,raw_uncorrected,perfect_model_baseline,2.210872,2.210872,False,complete
2024-09-15 15:45:00,raw_uncorrected,perfect_model_baseline,4.317189,4.317189,False,complete
2024-09-15 16:00:00,raw_uncorrected,perfect_model_baseline,6.524398,6.524398,False,complete
2024-09-15 16:15:00,raw_uncorrected,perfect_model_baseline,5.485592,5.485592,False,complete
2024-09-15 16:30:00,raw_uncorrected,perfect_model_baseline,6.788345,6.788345,False,complete
2024-09-15 16:45:00,raw_uncorrected,perfect_model_baseline,7.425226,7.425226,False,complete
2024-09-15 17:00:00,raw_uncorrected,perfect_model_baseline,8.836473,8.836473,False,complete
2024-09-15 17:15:00,raw_uncorrected,perfect_model_baseline,9.863977,9.863977,False,complete
2024-09-15 17:30:00,raw_uncorrected,perfect_model_baseline,10.745535,10.745535,False,complete
2024-09-15 17:45:00,raw_uncorrected,perfect_model_baseline,11.737349,11.737349,False,complete
2024-09-15 18:00:00,raw_uncorrected,perfect_model_baseline,12.564694,12.564694,False,complete
2024-09-15 18:15:00,raw_uncorrected,perfect_model_baseline,13.266768,13.266768,False,complete
2024-09-15 18:30:00,raw_uncorrected,perfect_model_baseline,13.73547,13.73547,False,complete
2024-09-15 18:45:00,raw_uncorrected,perfect_model_baseline,13.509251,13.509251,False,complete
2024-09-15 19:00:00,raw_uncorrected,perfect_model_baseline,13.283131,13.283131,False,complete
2024-09-15 19:15:00,raw_uncorrected,perfect_model_baseline,13.262794,13.262794,False,complete
2024-09-15 19:30:00,raw_uncorrected,perfect_model_baseline,12.836375,12.836375,False,complete
2024-09-15 19:45:00,raw_uncorrected,perfect_model_baseline,12.38384,12.38384,False,complete
2024-09-15 20:00:00,raw_uncorrected,perfect_model_baseline,12.38384,12.38384,False,complete
2024-09-15 20:15:00,raw_uncorrected,perfect_model_baseline,11.849331,11.849331,False,complete
2024-09-15 20:30:00,raw_uncorrected,perfect_model_baseline,11.849331,11.849331,False,complete
2024-09-15 20:45:00,raw_uncorrected,perfect_model_baseline,11.453818,11.453818,False,complete
2024-09-15 21:00:00,raw_uncorrected,perfect_model_baseline,11.227993,11.227993,False,complete
2024-09-15 21:15:00,raw_uncorrected,perfect_model_baseline,10.68982,10.68982,False,complete
2024-09-15 21:30:00,raw_uncorrected,perfect_model_baseline,10.151957,10.151957,False,complete
2024-09-15 21:45:00,raw_uncorrected,perfect_model_baseline,10.378865,10.378865,False,complete
2024-09-15 22:00:00,raw_uncorrected,perfect_model_baseline,10.109568,10.109568,False,complete
2024-09-15 22:15:00,raw_uncorrected,perfect_model_baseline,9.868703,9.868703,False,complete
2024-09-15 22:30:00,raw_uncorrected,perfect_model_baseline,9.584565,9.584565,False,complete
2024-09-15 22:45:00,raw_uncorrected,perfect_model_baseline,9.135964,9.135964,False,complete
2024-09-15 23:00:00,raw_uncorrected,perfect_model_baseline,8.911614,8.911614,False,complete
2024-09-15 23:15:00,raw_uncorrected,perfect_model_baseline,9.03342,9.03342,False,complete
2024-09-15 23:30:00,raw_uncorrected,perfect_model_baseline,8.842916,8.842916,False,complete
2024-09-15 23:45:00,raw_uncorrected,perfect_model_baseline,8.625194,8.625194,False,complete
2024-09-16 00:00:00,raw_uncorrected,perfect_model_baseline,8.39917,8.39917,False,complete
2024-09-16 00:15:00,raw_uncorrected,perfect_model_baseline,8.243417,8.243417,False,complete
2024-09-16 00:30:00,raw_uncorrected,perfect_model_baseline,8.243417,8.243417,False,complete
2024-09-16 00:45:00,raw_uncorrected,perfect_model_baseline,7.868726,7.868726,False,complete
2024-09-16 01:00:00,raw_uncorrected,perfect_model_baseline,7.762762,7.762762,False,complete
2024-09-16 01:15:00,raw_uncorrected,perfect_model_baseline,7.766039,7.766039,False,complete
2024-09-16 01:30:00,raw_uncorrected,perfect_model_baseline,7.347996,7.347996,False,complete
2024-09-16 01:45:00,raw_uncorrected,perfect_model_baseline,7.12345,7.12345,False,complete
2024-09-16 02:00:00,raw_uncorrected,perfect_model_baseline,7.092368,7.092368,False,complete
2024-09-16 02:15:00,raw_uncorrected,perfect_model_baseline,6.981142,6.981142,False,complete
2024-09-16 02:30:00,raw_uncorrected,perfect_model_baseline,6.895062,6.895062,False,complete
2024-09-16 02:45:00,raw_uncorrected,perfect_model_baseline,6.653984,6.653984,False,complete
2024-09-16 03:00:00,raw_uncorrected,perfect_model_baseline,6.653984,6.653984,False,complete
2024-09-16 03:15:00,raw_uncorrected,perfect_model_baseline,6.496101,6.496101,False,complete
2024-09-16 03:30:00,raw_uncorrected,perfect_model_baseline,6.496101,6.496101,False,complete
2024-09-16 03:45:00,raw_uncorrected,perfect_model_baseline,6.496101,6.496101,False,complete
2024-09-16 04:00:00,raw_uncorrected,perfect_model_baseline,6.496101,6.496101,False,complete
2024-09-16 04:15:00,raw_uncorrected,perfect_model_baseline,6.565115,6.565115,False,complete
2024-09-16 04:30:00,raw_uncorrected,perfect_model_baseline,6.565115,6.565115,False,complete
2024-09-16 04:45:00,raw_uncorrected,perfect_model_baseline,6.565115,6.565115,False,complete
2024-09-16 05:00:00,raw_uncorrected,perfect_model_baseline,6.711382,6.711382,False,complete
2024-09-16 05:15:00,raw_uncorrected,perfect_model_baseline,7.154009,7.154009,False,complete
2024-09-16 05:30:00,raw_uncorrected,perfect_model_baseline,7.265966,7.265966,False,complete
2024-09-16 05:45:00,raw_uncorrected,perfect_model_baseline,7.792416,7.792416,False,complete
2024-09-16 06:00:00,raw_uncorrected,perfect_model_baseline,8.016079,8.016079,False,complete
2024-09-16 06:15:00,raw_uncorrected,perfect_model_baseline,8.348802,8.348802,False,complete
2024-09-16 06:30:00,raw_uncorrected,perfect_model_baseline,8.366568,8.366568,False,complete
2024-09-16 06:45:00,raw_uncorrected,perfect_model_baseline,7.821074,7.821074,False,complete
2024-09-16 07:00:00,raw_uncorrected,perfect_model_baseline,7.172586,7.172586,False,complete
2024-09-16 07:15:00,raw_uncorrected,perfect_model_baseline,6.19693,6.19693,False,complete
2024-09-16 07:30:00,raw_uncorrected,perfect_model_baseline,5.347866,5.347866,False,complete
2024-09-16 07:45:00,raw_uncorrected,perfect_model_baseline,4.316364,4.316364,False,complete
2024-09-16 08:00:00,raw_uncorrected,perfect_model_baseline,3.302288,3.302288,False,complete
2024-09-16 08:15:00,raw_uncorrected,perfect_model_baseline,2.215284,2.215284,False,complete
2024-09-16 08:30:00,raw_uncorrected,perfect_model_baseline,1.509072,1.509072,False,complete
2024-09-16 08:45:00,raw_uncorrected,perfect_model_baseline,-1.499966,1.499966,False,complete
2024-09-16 09:00:00,raw_uncorrected,perfect_model_baseline,-2.190898,2.190898,False,complete
2024-09-16 09:15:00,raw_uncorrected,perfect_model_baseline,-3.123465,3.123465,False,complete
2024-09-16 09:30:00,raw_uncorrected,perfect_model_baseline,-3.929793,3.929793,False,complete
2024-09-16 09:45:00,raw_uncorrected,perfect_model_baseline,-4.597936,4.597936,False,complete
2024-09-16 10:00:00,raw_uncorrected,perfect_model_baseline,-5.305223,5.305223,False,complete
2024-09-16 10:15:00,raw_uncorrected,perfect_model_baseline,-5.890396,5.890396,False,complete
2024-09-16 10:30:00,raw_uncorrected,perfect_model_baseline,-6.463582,6.463582,False,complete
2024-09-16 10:45:00,raw_uncorrected,perfect_model_baseline,-7.155466,7.155466,False,complete
2024-09-16 11:00:00,raw_uncorrected,perfect_model_baseline,-7.155466,7.155466,False,complete
2024-09-16 11:15:00,raw_uncorrected,perfect_model_baseline,-7.296793,7.296793,False,complete
2024-09-16 11:30:00,raw_uncorrected,perfect_model_baseline,-7.62619,7.62619,False,complete
2024-09-16 11:45:00,raw_uncorrected,perfect_model_baseline,-7.845721,7.845721,False,complete
2024-09-16 12:00:00,raw_uncorrected,perfect_model_baseline,-7.845721,7.845721,False,complete
2024-09-16 12:15:00,raw_uncorrected,perfect_model_baseline,-7.858061,7.858061,False,complete
2024-09-16 12:30:00,raw_uncorrected,perfect_model_baseline,-7.858061,7.858061,False,complete
2024-09-16 12:45:00,raw_uncorrected,perfect_model_baseline,-7.714259,7.714259,False,complete
2024-09-16 13:00:00,raw_uncorrected,perfect_model_baseline,-7.714259,7.714259,False,complete
2024-09-16 13:15:00,raw_uncorrected,perfect_model_baseline,-7.18459,7.18459,False,complete
2024-09-16 13:30:00,raw_uncorrected,perfect_model_baseline,-6.952115,6.952115,False,complete
2024-09-16 13:45:00,raw_uncorrected,perfect_model_baseline,-6.722131,6.722131,False,complete
2024-09-16 14:00:00,raw_uncorrected,perfect_model_baseline,-6.168123,6.168123,False,complete
2024-09-16 14:15:00,raw_uncorrected,perfect_model_baseline,-5.439457,5.439457,False,complete
2024-09-16 14:30:00,raw_uncorrected,perfect_model_baseline,-5.01022,5.01022,False,complete
2024-09-16 14:45:00,raw_uncorrected,perfect_model_baseline,-4.569388,4.569388,False,complete
2024-09-16 15:00:00,raw_uncorrected,perfect_model_baseline,-3.863672,3.863672,False,complete
2024-09-16 15:15:00,raw_uncorrected,perfect_model_baseline,-2.975073,2.975073,False,complete
2024-09-16 15:30:00,raw_uncorrected,perfect_model_baseline,-2.196825,2.196825,False,complete
2024-09-16 15:45:00,raw_uncorrected,perfect_model_baseline,-1.969994,1.969994,False,complete
2024-09-16 16:00:00,raw_uncorrected,perfect_model_baseline,2.191893,2.191893,False,complete
2024-09-16 16:15:00,raw_uncorrected,perfect_model_baseline,2.912556,2.912556,False,complete
2024-09-16 16:30:00,raw_uncorrected,perfect_model_baseline,4.003428,4.003428,False,complete
2024-09-16 16:45:00,raw_uncorrected,perfect_model_baseline,5.338772,5.338772,False,complete
2024-09-16 17:00:00,raw_uncorrected,perfect_model_baseline,6.900519,6.900519,False,complete
2024-09-16 17:15:00,raw_uncorrected,perfect_model_baseline,8.031447,8.031447,False,complete
2024-09-16 17:30:00,raw_uncorrected,perfect_model_baseline,9.12956,9.12956,False,complete
2024-09-16 17:45:00,raw_uncorrected,perfect_model_baseline,10.274532,10.274532,False,complete
2024-09-16 18:00:00,raw_uncorrected,perfect_model_baseline,11.000289,11.000289,False,complete
2024-09-16 18:15:00,raw_uncorrected,perfect_model_baseline,11.714166,11.714166,False,complete
2024-09-16 18:30:00,raw_uncorrected,perfect_model_baseline,11.714166,11.714166,False,complete
2024-09-16 18:45:00,raw_uncorrected,perfect_model_baseline,11.714166,11.714166,False,complete
2024-09-16 19:00:00,raw_uncorrected,perfect_model_baseline,11.546317,11.546317,False,complete
2024-09-16 19:15:00,raw_uncorrected,perfect_model_baseline,11.283048,11.283048,False,complete
2024-09-16 19:30:00,raw_uncorrected,perfect_model_baseline,11.128,11.128,False,complete
2024-09-16 19:45:00,raw_uncorrected,perfect_model_baseline,10.904964,10.904964,False,complete
2024-09-16 20:00:00,raw_uncorrected,perfect_model_baseline,10.904964,10.904964,False,complete
2024-09-16 20:15:00,raw_uncorrected,perfect_model_baseline,10.652787,10.652787,False,complete
2024-09-16 20:30:00,raw_uncorrected,perfect_model_baseline,10.652787,10.652787,False,complete
2024-09-16 20:45:00,raw_uncorrected,perfect_model_baseline,10.50661,10.50661,False,complete
2024-09-16 21:00:00,raw_uncorrected,perfect_model_baseline,10.217334,10.217334,False,complete
2024-09-16 21:15:00,raw_uncorrected,perfect_model_baseline,9.848489,9.848489,False,complete
2024-09-16 21:30:00,raw_uncorrected,perfect_model_baseline,9.580142,9.580142,False,complete
2024-09-16 21:45:00,raw_uncorrected,perfect_model_baseline,9.580142,9.580142,False,complete
2024-09-16 22:00:00,raw_uncorrected,perfect_model_baseline,9.131343,9.131343,False,complete
2024-09-16 22:15:00,raw_uncorrected,perfect_model_baseline,9.573923,9.573923,False,complete
2024-09-16 22:30:00,raw_uncorrected,perfect_model_baseline,9.453165,9.453165,False,complete
2024-09-16 22:45:00,raw_uncorrected,perfect_model_baseline,9.226609,9.226609,False,complete
2024-09-16 23:00:00,raw_uncorrected,perfect_model_baseline,9.226609,9.226609,False,complete
2024-09-16 23:15:00,raw_uncorrected,perfect_model_baseline,9.094065,9.094065,False,complete
2024-09-16 23:30:00,raw_uncorrected,perfect_model_baseline,8.938122,8.938122,False,complete
2024-09-16 23:45:00,raw_uncorrected,perfect_model_baseline,8.712985,8.712985,False,complete
2024-09-17 00:00:00,raw_uncorrected,perfect_model_baseline,8.48775,8.48775,False,complete
2024-09-17 00:15:00,raw_uncorrected,perfect_model_baseline,8.346928,8.346928,False,complete
2024-09-17 00:30:00,raw_uncorrected,perfect_model_baseline,8.260438,8.260438,False,complete
2024-09-17 00:45:00,raw_uncorrected,perfect_model_baseline,8.026847,8.026847,False,complete
2024-09-17 01:00:00,raw_uncorrected,perfect_model_baseline,8.026847,8.026847,False,complete
2024-09-17 01:15:00,raw_uncorrected,perfect_model_baseline,7.82557,7.82557,False,complete
2024-09-17 01:30:00,raw_uncorrected,perfect_model_baseline,7.634818,7.634818,False,complete
2024-09-17 01:45:00,raw_uncorrected,perfect_model_baseline,7.341824,7.341824,False,complete
2024-09-17 02:00:00,raw_uncorrected,perfect_model_baseline,7.341824,7.341824,False,complete
2024-09-17 02:15:00,raw_uncorrected,perfect_model_baseline,7.054974,7.054974,False,complete
2024-09-17 02:30:00,raw_uncorrected,perfect_model_baseline,6.925588,6.925588,False,complete
2024-09-17 02:45:00,raw_uncorrected,perfect_model_baseline,6.925588,6.925588,False,complete
2024-09-17 03:00:00,raw_uncorrected,perfect_model_baseline,6.659979,6.659979,False,complete
2024-09-17 03:15:00,raw_uncorrected,perfect_model_baseline,6.463145,6.463145,False,complete
2024-09-17 03:30:00,raw_uncorrected,perfect_model_baseline,6.402804,6.402804,False,complete
2024-09-17 03:45:00,raw_uncorrected,perfect_model_baseline,6.402804,6.402804,False,complete
2024-09-17 04:00:00,raw_uncorrected,perfect_model_baseline,6.402804,6.402804,False,complete
2024-09-17 04:15:00,raw_uncorrected,perfect_model_baseline,6.564044,6.564044,False,complete
2024-09-17 04:30:00,raw_uncorrected,perfect_model_baseline,6.564044,6.564044,False,complete
2024-09-17 04:45:00,raw_uncorrected,perfect_model_baseline,6.564044,6.564044,False,complete
2024-09-17 05:00:00,raw_uncorrected,perfect_model_baseline,6.6583,6.6583,False,complete
2024-09-17 05:15:00,raw_uncorrected,perfect_model_baseline,6.937359,6.937359,False,complete
2024-09-17 05:30:00,raw_uncorrected,perfect_model_baseline,7.065836,7.065836,False,complete
2024-09-17 05:45:00,raw_uncorrected,perfect_model_baseline,7.281485,7.281485,False,complete
2024-09-17 06:00:00,raw_uncorrected,perfect_model_baseline,7.504163,7.504163,False,complete
2024-09-17 06:15:00,raw_uncorrected,perfect_model_baseline,7.775129,7.775129,False,complete
2024-09-17 06:30:00,raw_uncorrected,perfect_model_baseline,7.775129,7.775129,False,complete
2024-09-17 06:45:00,raw_uncorrected,perfect_model_baseline,7.990378,7.990378,False,complete
2024-09-17 07:00:00,raw_uncorrected,perfect_model_baseline,7.543926,7.543926,False,complete
2024-09-17 07:15:00,raw_uncorrected,perfect_model_baseline,7.220908,7.220908,False,complete
2024-09-17 07:30:00,raw_uncorrected,perfect_model_baseline,6.83923,6.83923,False,complete
2024-09-17 07:45:00,raw_uncorrected,perfect_model_baseline,4.162057,4.162057,False,complete
2024-09-17 08:00:00,raw_uncorrected,perfect_model_baseline,3.017195,3.017195,False,complete
2024-09-17 08:15:00,raw_uncorrected,perfect_model_baseline,2.047578,2.047578,False,complete
2024-09-17 08:30:00,raw_uncorrected,perfect_model_baseline,1.767455,1.767455,False,complete
2024-09-17 08:45:00,raw_uncorrected,perfect_model_baseline,-1.590189,1.590189,False,complete
2024-09-17 09:00:00,raw_uncorrected,perfect_model_baseline,-2.303617,2.303617,False,complete
2024-09-17 09:15:00,raw_uncorrected,perfect_model_baseline,-3.08517,3.08517,False,complete
2024-09-17 09:30:00,raw_uncorrected,perfect_model_baseline,-3.753012,3.753012,False,complete
2024-09-17 09:45:00,raw_uncorrected,perfect_model_baseline,-3.532286,3.532286,False,complete
2024-09-17 10:00:00,raw_uncorrected,perfect_model_baseline,-3.051019,3.051019,False,complete
2024-09-17 10:15:00,raw_uncorrected,perfect_model_baseline,-4.132179,4.132179,False,complete
2024-09-17 10:30:00,raw_uncorrected,perfect_model_baseline,-5.303406,5.303406,False,complete
2024-09-17 10:45:00,raw_uncorrected,perfect_model_baseline,-5.208009,5.208009,False,complete
2024-09-17 11:00:00,raw_uncorrected,perfect_model_baseline,-5.690659,5.690659,False,complete
2024-09-17 11:15:00,raw_uncorrected,perfect_model_baseline,-6.067993,6.067993,False,complete
2024-09-17 11:30:00,raw_uncorrected,perfect_model_baseline,-6.139841,6.139841,False,complete
2024-09-17 11:45:00,raw_uncorrected,perfect_model_baseline,-6.108469,6.108469,False,complete
2024-09-17 12:00:00,raw_uncorrected,perfect_model_baseline,-5.081984,5.081984,False,complete
2024-09-17 12:15:00,raw_uncorrected,perfect_model_baseline,-3.455323,3.455323,False,complete
2024-09-17 12:30:00,raw_uncorrected,perfect_model_baseline,-2.96018,2.96018,False,complete
2024-09-17 12:45:00,raw_uncorrected,perfect_model_baseline,-4.80324,4.80324,False,complete
2024-09-17 13:00:00,raw_uncorrected,perfect_model_baseline,-5.213974,5.213974,False,complete
2024-09-17 13:15:00,raw_uncorrected,perfect_model_baseline,-6.45435,6.45435,False,complete
2024-09-17 13:30:00,raw_uncorrected,perfect_model_baseline,-5.479703,5.479703,False,complete
2024-09-17 13:45:00,raw_uncorrected,perfect_model_baseline,-6.315659,6.315659,False,complete
2024-09-17 14:00:00,raw_uncorrected,perfect_model_baseline,-5.675471,5.675471,False,complete
2024-09-17 14:15:00,raw_uncorrected,perfect_model_baseline,-4.642018,4.642018,False,complete
2024-09-17 14:30:00,raw_uncorrected,perfect_model_baseline,-4.24031,4.24031,False,complete
2024-09-17 14:45:00,raw_uncorrected,perfect_model_baseline,-3.472844,3.472844,False,complete
2024-09-17 15:00:00,raw_uncorrected,perfect_model_baseline,-2.298824,2.298824,False,complete
2024-09-17 15:15:00,raw_uncorrected,perfect_model_baseline,-2.627884,2.627884,False,complete
2024-09-17 15:30:00,raw_uncorrected,perfect_model_baseline,-1.704933,1.704933,False,complete
2024-09-17 15:45:00,raw_uncorrected,perfect_model_baseline,1.704933,1.704933,False,complete
2024-09-17 16:00:00,raw_uncorrected,perfect_model_baseline,1.926627,1.926627,False,complete
2024-09-17 16:15:00,raw_uncorrected,perfect_model_baseline,2.794094,2.794094,False,complete
2024-09-17 16:30:00,raw_uncorrected,perfect_model_baseline,4.08503,4.08503,False,complete
2024-09-17 16:45:00,raw_uncorrected,perfect_model_baseline,5.326678,5.326678,False,complete
2024-09-17 17:00:00,raw_uncorrected,perfect_model_baseline,6.587014,6.587014,False,complete
2024-09-17 17:15:00,raw_uncorrected,perfect_model_baseline,7.517662,7.517662,False,complete
2024-09-17 17:30:00,raw_uncorrected,perfect_model_baseline,8.438535,8.438535,False,complete
2024-09-17 17:45:00,raw_uncorrected,perfect_model_baseline,9.440287,9.440287,False,complete
2024-09-17 18:00:00,raw_uncorrected,perfect_model_baseline,10.193012,10.193012,False,complete
2024-09-17 18:15:00,raw_uncorrected,perfect_model_baseline,10.402959,10.402959,False,complete
2024-09-17 18:30:00,raw_uncorrected,perfect_model_baseline,10.402959,10.402959,False,complete
2024-09-17 18:45:00,raw_uncorrected,perfect_model_baseline,10.402959,10.402959,False,complete
2024-09-17 19:00:00,raw_uncorrected,perfect_model_baseline,10.402959,10.402959,False,complete
2024-09-17 19:15:00,raw_uncorrected,perfect_model_baseline,10.124726,10.124726,False,complete
2024-09-17 19:30:00,raw_uncorrected,perfect_model_baseline,10.004212,10.004212,False,complete
2024-09-17 19:45:00,raw_uncorrected,perfect_model_baseline,10.004212,10.004212,False,complete
2024-09-17 20:00:00,raw_uncorrected,perfect_model_baseline,9.778705,9.778705,False,complete
2024-09-17 20:15:00,raw_uncorrected,perfect_model_baseline,9.705214,9.705214,False,complete
2024-09-17 20:30:00,raw_uncorrected,perfect_model_baseline,9.610248,9.610248,False,complete
2024-09-17 20:45:00,raw_uncorrected,perfect_model_baseline,9.610248,9.610248,False,complete
2024-09-17 21:00:00,raw_uncorrected,perfect_model_baseline,9.610248,9.610248,False,complete
2024-09-17 21:15:00,raw_uncorrected,perfect_model_baseline,9.084197,9.084197,False,complete
2024-09-17 21:30:00,raw_uncorrected,perfect_model_baseline,8.860684,8.860684,False,complete
2024-09-17 21:45:00,raw_uncorrected,perfect_model_baseline,8.625456,8.625456,False,complete
2024-09-17 22:00:00,raw_uncorrected,perfect_model_baseline,8.625456,8.625456,False,complete
2024-09-17 22:15:00,raw_uncorrected,perfect_model_baseline,9.051477,9.051477,False,complete
2024-09-17 22:30:00,raw_uncorrected,perfect_model_baseline,8.865797,8.865797,False,complete
2024-09-17 22:45:00,raw_uncorrected,perfect_model_baseline,8.621652,8.621652,False,complete
2024-09-17 23:00:00,raw_uncorrected,perfect_model_baseline,8.567801,8.567801,False,complete
2024-09-17 23:15:00,raw_uncorrected,perfect_model_baseline,8.809962,8.809962,False,complete
2024-09-17 23:30:00,raw_uncorrected,perfect_model_baseline,8.809962,8.809962,False,complete
2024-09-17 23:45:00,raw_uncorrected,perfect_model_baseline,8.58439,8.58439,False,complete
2024-09-18 00:00:00,raw_uncorrected,perfect_model_baseline,8.280662,8.280662,False,complete
2024-09-18 00:15:00,raw_uncorrected,perfect_model_baseline,8.245168,8.245168,False,complete
2024-09-18 00:30:00,raw_uncorrected,perfect_model_baseline,8.047137,8.047137,False,complete
2024-09-18 00:45:00,raw_uncorrected,perfect_model_baseline,7.755849,7.755849,False,complete
2024-09-18 01:00:00,raw_uncorrected,perfect_model_baseline,7.755849,7.755849,False,complete
2024-09-18 01:15:00,raw_uncorrected,perfect_model_baseline,7.466827,7.466827,False,complete
2024-09-18 01:30:00,raw_uncorrected,perfect_model_baseline,7.312183,7.312183,False,complete
2024-09-18 01:45:00,raw_uncorrected,perfect_model_baseline,7.312183,7.312183,False,complete
2024-09-18 02:00:00,raw_uncorrected,perfect_model_baseline,6.857162,6.857162,False,complete
2024-09-18 02:15:00,raw_uncorrected,perfect_model_baseline,6.639404,6.639404,False,complete
2024-09-18 02:30:00,raw_uncorrected,perfect_model_baseline,6.562079,6.562079,False,complete
2024-09-18 02:45:00,raw_uncorrected,perfect_model_baseline,6.562079,6.562079,False,complete
2024-09-18 03:00:00,raw_uncorrected,perfect_model_baseline,6.407507,6.407507,False,complete
2024-09-18 03:15:00,raw_uncorrected,perfect_model_baseline,6.349156,6.349156,False,complete
2024-09-18 03:30:00,raw_uncorrected,perfect_model_baseline,6.349156,6.349156,False,complete
2024-09-18 03:45:00,raw_uncorrected,perfect_model_baseline,6.349156,6.349156,False,complete
2024-09-18 04:00:00,raw_uncorrected,perfect_model_baseline,6.349156,6.349156,False,complete
2024-09-18 04:15:00,raw_uncorrected,perfect_model_baseline,6.375322,6.375322,False,complete
2024-09-18 04:30:00,raw_uncorrected,perfect_model_baseline,6.375322,6.375322,False,complete
2024-09-18 04:45:00,raw_uncorrected,perfect_model_baseline,6.361916,6.361916,False,complete
2024-09-18 05:00:00,raw_uncorrected,perfect_model_baseline,6.361916,6.361916,False,complete
2024-09-18 05:15:00,raw_uncorrected,perfect_model_baseline,6.782441,6.782441,False,complete
2024-09-18 05:30:00,raw_uncorrected,perfect_model_baseline,6.996667,6.996667,False,complete
2024-09-18 05:45:00,raw_uncorrected,perfect_model_baseline,7.306429,7.306429,False,complete
2024-09-18 06:00:00,raw_uncorrected,perfect_model_baseline,7.534167,7.534167,False,complete
2024-09-18 06:15:00,raw_uncorrected,perfect_model_baseline,7.477104,7.477104,False,complete
2024-09-18 06:30:00,raw_uncorrected,perfect_model_baseline,7.477104,7.477104,False,complete
2024-09-18 06:45:00,raw_uncorrected,perfect_model_baseline,6.998873,6.998873,False,complete
2024-09-18 07:00:00,raw_uncorrected,perfect_model_baseline,6.306566,6.306566,False,complete
2024-09-18 07:15:00,raw_uncorrected,perfect_model_baseline,5.409718,5.409718,False,complete
2024-09-18 07:30:00,raw_uncorrected,perfect_model_baseline,4.638074,4.638074,False,complete
2024-09-18 07:45:00,raw_uncorrected,perfect_model_baseline,3.604865,3.604865,False,complete
2024-09-18 08:00:00,raw_uncorrected,perfect_model_baseline,2.501221,2.501221,False,complete
2024-09-18 08:15:00,raw_uncorrected,perfect_model_baseline,1.587158,1.587158,False,complete
2024-09-18 08:30:00,raw_uncorrected,perfect_model_baseline,-1.540337,1.540337,False,complete
2024-09-18 08:45:00,raw_uncorrected,perfect_model_baseline,-2.170661,2.170661,False,complete
2024-09-18 09:00:00,raw_uncorrected,perfect_model_baseline,-2.9826,2.9826,False,complete
2024-09-18 09:15:00,raw_uncorrected,perfect_model_baseline,-3.805287,3.805287,False,complete
2024-09-18 09:30:00,raw_uncorrected,perfect_model_baseline,-4.812121,4.812121,False,complete
2024-09-18 09:45:00,raw_uncorrected,perfect_model_baseline,-5.47538,5.47538,False,complete
2024-09-18 10:00:00,raw_uncorrected,perfect_model_baseline,-5.997102,5.997102,False,complete
2024-09-18 10:15:00,raw_uncorrected,perfect_model_baseline,-6.497142,6.497142,False,complete
2024-09-18 10:30:00,raw_uncorrected,perfect_model_baseline,-7.179525,7.179525,False,complete
2024-09-18 10:45:00,raw_uncorrected,perfect_model_baseline,-7.679014,7.679014,False,complete
2024-09-18 11:00:00,raw_uncorrected,perfect_model_baseline,-7.900709,7.900709,False,complete
2024-09-18 11:15:00,raw_uncorrected,perfect_model_baseline,-8.068451,8.068451,False,complete
2024-09-18 11:30:00,raw_uncorrected,perfect_model_baseline,-8.068451,8.068451,False,complete
2024-09-18 11:45:00,raw_uncorrected,perfect_model_baseline,-8.068451,8.068451,False,complete
2024-09-18 12:00:00,raw_uncorrected,perfect_model_baseline,-8.068451,8.068451,False,complete
2024-09-18 12:15:00,raw_uncorrected,perfect_model_baseline,-8.245311,8.245311,False,complete
2024-09-18 12:30:00,raw_uncorrected,perfect_model_baseline,-8.232415,8.232415,False,complete
2024-09-18 12:45:00,raw_uncorrected,perfect_model_baseline,-8.232415,8.232415,False,complete
2024-09-18 13:00:00,raw_uncorrected,perfect_model_baseline,-8.232415,8.232415,False,complete
2024-09-18 13:15:00,raw_uncorrected,perfect_model_baseline,-7.700438,7.700438,False,complete
2024-09-18 13:30:00,raw_uncorrected,perfect_model_baseline,-7.452543,7.452543,False,complete
2024-09-18 13:45:00,raw_uncorrected,perfect_model_baseline,-7.173746,7.173746,False,complete
2024-09-18 14:00:00,raw_uncorrected,perfect_model_baseline,-6.680453,6.680453,False,complete
2024-09-18 14:15:00,raw_uncorrected,perfect_model_baseline,-6.071165,6.071165,False,complete
2024-09-18 14:30:00,raw_uncorrected,perfect_model_baseline,-5.443808,5.443808,False,complete
2024-09-18 14:45:00,raw_uncorrected,perfect_model_baseline,-4.775669,4.775669,False,complete
2024-09-18 15:00:00,raw_uncorrected,perfect_model_baseline,-3.876002,3.876002,False,complete
2024-09-18 15:15:00,raw_uncorrected,perfect_model_baseline,-3.136553,3.136553,False,complete
2024-09-18 15:30:00,raw_uncorrected,perfect_model_baseline,-2.07701,2.07701,False,complete
2024-09-18 15:45:00,raw_uncorrected,perfect_model_baseline,-1.744898,1.744898,False,complete
2024-09-18 16:00:00,raw_uncorrected,perfect_model_baseline,1.966691,1.966691,False,complete
2024-09-18 16:15:00,raw_uncorrected,perfect_model_baseline,2.279343,2.279343,False,complete
2024-09-18 16:30:00,raw_uncorrected,perfect_model_baseline,3.353865,3.353865,False,complete
2024-09-18 16:45:00,raw_uncorrected,perfect_model_baseline,4.696926,4.696926,False,complete
2024-09-18 17:00:00,raw_uncorrected,perfect_model_baseline,6.098098,6.098098,False,complete
2024-09-18 17:15:00,raw_uncorrected,perfect_model_baseline,7.024817,7.024817,False,complete
2024-09-18 17:30:00,raw_uncorrected,perfect_model_baseline,8.006594,8.006594,False,complete
2024-09-18 17:45:00,raw_uncorrected,perfect_model_baseline,8.930612,8.930612,False,complete
2024-09-18 18:00:00,raw_uncorrected,perfect_model_baseline,9.484853,9.484853,False,complete
2024-09-18 18:15:00,raw_uncorrected,perfect_model_baseline,9.924033,9.924033,False,complete
2024-09-18 18:30:00,raw_uncorrected,perfect_model_baseline,9.963577,9.963577,False,complete
2024-09-18 18:45:00,raw_uncorrected,perfect_model_baseline,9.963577,9.963577,False,complete
2024-09-18 19:00:00,raw_uncorrected,perfect_model_baseline,9.963577,9.963577,False,complete
2024-09-18 19:15:00,raw_uncorrected,perfect_model_baseline,9.768539,9.768539,False,complete
2024-09-18 19:30:00,raw_uncorrected,perfect_model_baseline,9.578954,9.578954,False,complete
2024-09-18 19:45:00,raw_uncorrected,perfect_model_baseline,9.343388,9.343388,False,complete
2024-09-18 20:00:00,raw_uncorrected,perfect_model_baseline,9.119333,9.119333,False,complete
2024-09-18 20:15:00,raw_uncorrected,perfect_model_baseline,9.121397,9.121397,False,complete
2024-09-18 20:30:00,raw_uncorrected,perfect_model_baseline,8.948441,8.948441,False,complete
2024-09-18 20:45:00,raw_uncorrected,perfect_model_baseline,8.948441,8.948441,False,complete
2024-09-18 21:00:00,raw_uncorrected,perfect_model_baseline,8.697765,8.697765,False,complete
2024-09-18 21:15:00,raw_uncorrected,perfect_model_baseline,8.463824,8.463824,False,complete
2024-09-18 21:30:00,raw_uncorrected,perfect_model_baseline,8.223277,8.223277,False,complete
2024-09-18 21:45:00,raw_uncorrected,perfect_model_baseline,8.223277,8.223277,False,complete
2024-09-18 22:00:00,raw_uncorrected,perfect_model_baseline,8.223277,8.223277,False,complete
2024-09-18 22:15:00,raw_uncorrected,perfect_model_baseline,8.23343,8.23343,False,complete
2024-09-18 22:30:00,raw_uncorrected,perfect_model_baseline,8.0936,8.0936,False,complete
2024-09-18 22:45:00,raw_uncorrected,perfect_model_baseline,8.0936,8.0936,False,complete
2024-09-18 23:00:00,raw_uncorrected,perfect_model_baseline,8.0936,8.0936,False,complete
2024-09-18 23:15:00,raw_uncorrected,perfect_model_baseline,8.189042,8.189042,False,complete
2024-09-18 23:30:00,raw_uncorrected,perfect_model_baseline,8.008555,8.008555,False,complete
2024-09-18 23:45:00,raw_uncorrected,perfect_model_baseline,8.10045,8.10045,False,complete
2024-09-19 00:00:00,raw_uncorrected,perfect_model_baseline,7.765306,7.765306,False,complete
2024-09-19 00:15:00,raw_uncorrected,perfect_model_baseline,7.798927,7.798927,False,complete
2024-09-19 00:30:00,raw_uncorrected,perfect_model_baseline,7.798927,7.798927,False,complete
2024-09-19 00:45:00,raw_uncorrected,perfect_model_baseline,7.300777,7.300777,False,complete
2024-09-19 01:00:00,raw_uncorrected,perfect_model_baseline,7.524045,7.524045,False,complete
2024-09-19 01:15:00,raw_uncorrected,perfect_model_baseline,7.305365,7.305365,False,complete
2024-09-19 01:30:00,raw_uncorrected,perfect_model_baseline,6.86018,6.86018,False,complete
2024-09-19 01:45:00,raw_uncorrected,perfect_model_baseline,6.86018,6.86018,False,complete
2024-09-19 02:00:00,raw_uncorrected,perfect_model_baseline,6.636616,6.636616,False,complete
2024-09-19 02:15:00,raw_uncorrected,perfect_model_baseline,6.408562,6.408562,False,complete
2024-09-19 02:30:00,raw_uncorrected,perfect_model_baseline,6.210271,6.210271,False,complete
2024-09-19 02:45:00,raw_uncorrected,perfect_model_baseline,6.210271,6.210271,False,complete
2024-09-19 03:00:00,raw_uncorrected,perfect_model_baseline,5.981875,5.981875,False,complete
2024-09-19 03:15:00,raw_uncorrected,perfect_model_baseline,6.084668,6.084668,False,complete
2024-09-19 03:30:00,raw_uncorrected,perfect_model_baseline,6.084668,6.084668,False,complete
2024-09-19 03:45:00,raw_uncorrected,perfect_model_baseline,6.084668,6.084668,False,complete
2024-09-19 04:00:00,raw_uncorrected,perfect_model_baseline,6.084668,6.084668,False,complete
2024-09-19 04:15:00,raw_uncorrected,perfect_model_baseline,5.755643,5.755643,False,complete
2024-09-19 04:30:00,raw_uncorrected,perfect_model_baseline,5.755643,5.755643,False,complete
2024-09-19 04:45:00,raw_uncorrected,perfect_model_baseline,5.739508,5.739508,False,complete
2024-09-19 05:00:00,raw_uncorrected,perfect_model_baseline,5.739508,5.739508,False,complete
2024-09-19 05:15:00,raw_uncorrected,perfect_model_baseline,6.196814,6.196814,False,complete
2024-09-19 05:30:00,raw_uncorrected,perfect_model_baseline,6.376841,6.376841,False,complete
2024-09-19 05:45:00,raw_uncorrected,perfect_model_baseline,6.376841,6.376841,False,complete
2024-09-19 06:00:00,raw_uncorrected,perfect_model_baseline,6.376841,6.376841,False,complete
2024-09-19 06:15:00,raw_uncorrected,perfect_model_baseline,6.723708,6.723708,False,complete
2024-09-19 06:30:00,raw_uncorrected,perfect_model_baseline,6.166467,6.166467,False,complete
2024-09-19 06:45:00,raw_uncorrected,perfect_model_baseline,5.583926,5.583926,False,complete
2024-09-19 07:00:00,raw_uncorrected,perfect_model_baseline,4.980999,4.980999,False,complete
2024-09-19 07:15:00,raw_uncorrected,perfect_model_baseline,4.286427,4.286427,False,complete
2024-09-19 07:30:00,raw_uncorrected,perfect_model_baseline,3.568125,3.568125,False,complete
2024-09-19 07:45:00,raw_uncorrected,perfect_model_baseline,2.601005,2.601005,False,complete
2024-09-19 08:00:00,raw_uncorrected,perfect_model_baseline,1.932022,1.932022,False,complete
2024-09-19 08:15:00,raw_uncorrected,perfect_model_baseline,-1.698366,1.698366,False,complete
2024-09-19 08:30:00,raw_uncorrected,perfect_model_baseline,-1.886913,1.886913,False,complete
2024-09-19 08:45:00,raw_uncorrected,perfect_model_baseline,-2.535695,2.535695,False,complete
2024-09-19 09:00:00,raw_uncorrected,perfect_model_baseline,-3.439808,3.439808,False,complete
2024-09-19 09:15:00,raw_uncorrected,perfect_model_baseline,-4.007761,4.007761,False,complete
2024-09-19 09:30:00,raw_uncorrected,perfect_model_baseline,-4.83223,4.83223,False,complete
2024-09-19 09:45:00,raw_uncorrected,perfect_model_baseline,-5.446236,5.446236,False,complete
2024-09-19 10:00:00,raw_uncorrected,perfect_model_baseline,-6.025325,6.025325,False,complete
2024-09-19 10:15:00,raw_uncorrected,perfect_model_baseline,-6.297486,6.297486,False,complete
2024-09-19 10:30:00,raw_uncorrected,perfect_model_baseline,-6.958779,6.958779,False,complete
2024-09-19 10:45:00,raw_uncorrected,perfect_model_baseline,-7.480965,7.480965,False,complete
2024-09-19 11:00:00,raw_uncorrected,perfect_model_baseline,-7.703053,7.703053,False,complete
2024-09-19 11:15:00,raw_uncorrected,perfect_model_baseline,-7.85523,7.85523,False,complete
2024-09-19 11:30:00,raw_uncorrected,perfect_model_baseline,-8.049779,8.049779,False,complete
2024-09-19 11:45:00,raw_uncorrected,perfect_model_baseline,-8.049779,8.049779,False,complete
2024-09-19 12:00:00,raw_uncorrected,perfect_model_baseline,-8.049779,8.049779,False,complete
2024-09-19 12:15:00,raw_uncorrected,perfect_model_baseline,-7.961774,7.961774,False,complete
2024-09-19 12:30:00,raw_uncorrected,perfect_model_baseline,-7.961774,7.961774,False,complete
2024-09-19 12:45:00,raw_uncorrected,perfect_model_baseline,-7.63991,7.63991,False,complete
2024-09-19 13:00:00,raw_uncorrected,perfect_model_baseline,-7.419691,7.419691,False,complete
2024-09-19 13:15:00,raw_uncorrected,perfect_model_baseline,-7.143882,7.143882,False,complete
2024-09-19 13:30:00,raw_uncorrected,perfect_model_baseline,-7.143882,7.143882,False,complete
2024-09-19 13:45:00,raw_uncorrected,perfect_model_baseline,-6.606545,6.606545,False,complete
2024-09-19 14:00:00,raw_uncorrected,perfect_model_baseline,-6.386523,6.386523,False,complete
2024-09-19 14:15:00,raw_uncorrected,perfect_model_baseline,-5.950395,5.950395,False,complete
2024-09-19 14:30:00,raw_uncorrected,perfect_model_baseline,-5.214797,5.214797,False,complete
2024-09-19 14:45:00,raw_uncorrected,perfect_model_baseline,-4.461789,4.461789,False,complete
2024-09-19 15:00:00,raw_uncorrected,perfect_model_baseline,-3.699192,3.699192,False,complete
2024-09-19 15:15:00,raw_uncorrected,perfect_model_baseline,-2.902397,2.902397,False,complete
2024-09-19 15:30:00,raw_uncorrected,perfect_model_baseline,-1.801681,1.801681,False,complete
2024-09-19 15:45:00,raw_uncorrected,perfect_model_baseline,-1.559279,1.559279,False,complete
2024-09-19 16:00:00,raw_uncorrected,perfect_model_baseline,1.818677,1.818677,False,complete
2024-09-19 16:15:00,raw_uncorrected,perfect_model_baseline,2.587066,2.587066,False,complete
2024-09-19 16:30:00,raw_uncorrected,perfect_model_baseline,3.648781,3.648781,False,complete
2024-09-19 16:45:00,raw_uncorrected,perfect_model_baseline,4.859026,4.859026,False,complete
2024-09-19 17:00:00,raw_uncorrected,perfect_model_baseline,6.053887,6.053887,False,complete
2024-09-19 17:15:00,raw_uncorrected,perfect_model_baseline,6.885486,6.885486,False,complete
2024-09-19 17:30:00,raw_uncorrected,perfect_model_baseline,7.967465,7.967465,False,complete
2024-09-19 17:45:00,raw_uncorrected,perfect_model_baseline,8.659595,8.659595,False,complete
2024-09-19 18:00:00,raw_uncorrected,perfect_model_baseline,9.107213,9.107213,False,complete
2024-09-19 18:15:00,raw_uncorrected,perfect_model_baseline,9.498787,9.498787,False,complete
2024-09-19 18:30:00,raw_uncorrected,perfect_model_baseline,9.498787,9.498787,False,complete
2024-09-19 18:45:00,raw_uncorrected,perfect_model_baseline,9.498787,9.498787,False,complete
2024-09-19 19:00:00,raw_uncorrected,perfect_model_baseline,9.498787,9.498787,False,complete
2024-09-19 19:15:00,raw_uncorrected,perfect_model_baseline,9.193083,9.193083,False,complete
2024-09-19 19:30:00,raw_uncorrected,perfect_model_baseline,9.193083,9.193083,False,complete
2024-09-19 19:45:00,raw_uncorrected,perfect_model_baseline,8.935167,8.935167,False,complete
2024-09-19 20:00:00,raw_uncorrected,perfect_model_baseline,8.674929,8.674929,False,complete
2024-09-19 20:15:00,raw_uncorrected,perfect_model_baseline,8.715147,8.715147,False,complete
2024-09-19 20:30:00,raw_uncorrected,perfect_model_baseline,8.199478,8.199478,False,complete
2024-09-19 20:45:00,raw_uncorrected,perfect_model_baseline,8.199478,8.199478,False,complete
2024-09-19 21:00:00,raw_uncorrected,perfect_model_baseline,8.199478,8.199478,False,complete
2024-09-19 21:15:00,raw_uncorrected,perfect_model_baseline,8.047397,8.047397,False,complete
2024-09-19 21:30:00,raw_uncorrected,perfect_model_baseline,8.047397,8.047397,False,complete
2024-09-19 21:45:00,raw_uncorrected,perfect_model_baseline,7.788358,7.788358,False,complete
2024-09-19 22:00:00,raw_uncorrected,perfect_model_baseline,7.788358,7.788358,False,complete
2024-09-19 22:15:00,raw_uncorrected,perfect_model_baseline,7.851774,7.851774,False,complete
2024-09-19 22:30:00,raw_uncorrected,perfect_model_baseline,7.997239,7.997239,False,complete
2024-09-19 22:45:00,raw_uncorrected,perfect_model_baseline,7.729964,7.729964,False,complete
2024-09-19 23:00:00,raw_uncorrected,perfect_model_baseline,7.729964,7.729964,False,complete
2024-09-19 23:15:00,raw_uncorrected,perfect_model_baseline,7.890209,7.890209,False,complete
2024-09-19 23:30:00,raw_uncorrected,perfect_model_baseline,7.890209,7.890209,False,complete
2024-09-19 23:45:00,raw_uncorrected,perfect_model_baseline,7.329714,7.329714,False,complete
2024-09-20 00:00:00,raw_uncorrected,perfect_model_baseline,7.329714,7.329714,False,complete
2024-09-20 00:15:00,raw_uncorrected,perfect_model_baseline,7.704418,7.704418,False,complete
2024-09-20 00:30:00,raw_uncorrected,perfect_model_baseline,7.704418,7.704418,False,complete
2024-09-20 00:45:00,raw_uncorrected,perfect_model_baseline,7.489048,7.489048,False,complete
2024-09-20 01:00:00,raw_uncorrected,perfect_model_baseline,7.489048,7.489048,False,complete
2024-09-20 01:15:00,raw_uncorrected,perfect_model_baseline,7.098521,7.098521,False,complete
2024-09-20 01:30:00,raw_uncorrected,perfect_model_baseline,6.917314,6.917314,False,complete
2024-09-20 01:45:00,raw_uncorrected,perfect_model_baseline,6.662902,6.662902,False,complete
2024-09-20 02:00:00,raw_uncorrected,perfect_model_baseline,6.438552,6.438552,False,complete
2024-09-20 02:15:00,raw_uncorrected,perfect_model_baseline,6.45896,6.45896,False,complete
2024-09-20 02:30:00,raw_uncorrected,perfect_model_baseline,6.243901,6.243901,False,complete
2024-09-20 02:45:00,raw_uncorrected,perfect_model_baseline,5.968748,5.968748,False,complete
2024-09-20 03:00:00,raw_uncorrected,perfect_model_baseline,5.968748,5.968748,False,complete
2024-09-20 03:15:00,raw_uncorrected,perfect_model_baseline,5.78461,5.78461,False,complete
2024-09-20 03:30:00,raw_uncorrected,perfect_model_baseline,5.689899,5.689899,False,complete
2024-09-20 03:45:00,raw_uncorrected,perfect_model_baseline,5.689899,5.689899,False,complete
2024-09-20 04:00:00,raw_uncorrected,perfect_model_baseline,5.689899,5.689899,False,complete
2024-09-20 04:15:00,raw_uncorrected,perfect_model_baseline,5.734222,5.734222,False,complete
2024-09-20 04:30:00,raw_uncorrected,perfect_model_baseline,5.734222,5.734222,False,complete
2024-09-20 04:45:00,raw_uncorrected,perfect_model_baseline,5.734222,5.734222,False,complete
2024-09-20 05:00:00,raw_uncorrected,perfect_model_baseline,5.734222,5.734222,False,complete
2024-09-20 05:15:00,raw_uncorrected,perfect_model_baseline,5.957882,5.957882,False,complete
2024-09-20 05:30:00,raw_uncorrected,perfect_model_baseline,6.415935,6.415935,False,complete
2024-09-20 05:45:00,raw_uncorrected,perfect_model_baseline,6.415935,6.415935,False,complete
2024-09-20 06:00:00,raw_uncorrected,perfect_model_baseline,6.415935,6.415935,False,complete
2024-09-20 06:15:00,raw_uncorrected,perfect_model_baseline,6.344575,6.344575,False,complete
2024-09-20 06:30:00,raw_uncorrected,perfect_model_baseline,5.958245,5.958245,False,complete
2024-09-20 06:45:00,raw_uncorrected,perfect_model_baseline,5.511808,5.511808,False,complete
2024-09-20 07:00:00,raw_uncorrected,perfect_model_baseline,5.062275,5.062275,False,complete
2024-09-20 07:15:00,raw_uncorrected,perfect_model_baseline,4.249898,4.249898,False,complete
2024-09-20 07:30:00,raw_uncorrected,perfect_model_baseline,3.421324,3.421324,False,complete
2024-09-20 07:45:00,raw_uncorrected,perfect_model_baseline,2.541375,2.541375,False,complete
2024-09-20 08:00:00,raw_uncorrected,perfect_model_baseline,1.925213,1.925213,False,complete
2024-09-20 08:15:00,raw_uncorrected,perfect_model_baseline,-1.716566,1.716566,False,complete
2024-09-20 08:30:00,raw_uncorrected,perfect_model_baseline,-1.895897,1.895897,False,complete
2024-09-20 08:45:00,raw_uncorrected,perfect_model_baseline,-2.646298,2.646298,False,complete
2024-09-20 09:00:00,raw_uncorrected,perfect_model_baseline,-3.334023,3.334023,False,complete
2024-09-20 09:15:00,raw_uncorrected,perfect_model_baseline,-4.047357,4.047357,False,complete
2024-09-20 09:30:00,raw_uncorrected,perfect_model_baseline,-5.055824,5.055824,False,complete
2024-09-20 09:45:00,raw_uncorrected,perfect_model_baseline,-5.782052,5.782052,False,complete
2024-09-20 10:00:00,raw_uncorrected,perfect_model_baseline,-6.352458,6.352458,False,complete
2024-09-20 10:15:00,raw_uncorrected,perfect_model_baseline,-6.277482,6.277482,False,complete
2024-09-20 10:30:00,raw_uncorrected,perfect_model_baseline,-6.778672,6.778672,False,complete
2024-09-20 10:45:00,raw_uncorrected,perfect_model_baseline,-7.220388,7.220388,False,complete
2024-09-20 11:00:00,raw_uncorrected,perfect_model_baseline,-7.662106,7.662106,False,complete
2024-09-20 11:15:00,raw_uncorrected,perfect_model_baseline,-7.678934,7.678934,False,complete
2024-09-20 11:30:00,raw_uncorrected,perfect_model_baseline,-7.678934,7.678934,False,complete
2024-09-20 11:45:00,raw_uncorrected,perfect_model_baseline,-7.856883,7.856883,False,complete
2024-09-20 12:00:00,raw_uncorrected,perfect_model_baseline,-7.856883,7.856883,False,complete
2024-09-20 12:15:00,raw_uncorrected,perfect_model_baseline,-8.129718,8.129718,False,complete
2024-09-20 12:30:00,raw_uncorrected,perfect_model_baseline,-7.909832,7.909832,False,complete
2024-09-20 12:45:00,raw_uncorrected,perfect_model_baseline,-7.65528,7.65528,False,complete
2024-09-20 13:00:00,raw_uncorrected,perfect_model_baseline,-7.65528,7.65528,False,complete
2024-09-20 13:15:00,raw_uncorrected,perfect_model_baseline,-7.398582,7.398582,False,complete
2024-09-20 13:30:00,raw_uncorrected,perfect_model_baseline,-6.858306,6.858306,False,complete
2024-09-20 13:45:00,raw_uncorrected,perfect_model_baseline,-6.637497,6.637497,False,complete
2024-09-20 14:00:00,raw_uncorrected,perfect_model_baseline,-6.03947,6.03947,False,complete
2024-09-20 14:15:00,raw_uncorrected,perfect_model_baseline,-5.528621,5.528621,False,complete
2024-09-20 14:30:00,raw_uncorrected,perfect_model_baseline,-4.963004,4.963004,False,complete
2024-09-20 14:45:00,raw_uncorrected,perfect_model_baseline,-4.110681,4.110681,False,complete
2024-09-20 15:00:00,raw_uncorrected,perfect_model_baseline,-3.317189,3.317189,False,complete
2024-09-20 15:15:00,raw_uncorrected,perfect_model_baseline,-2.650257,2.650257,False,complete
2024-09-20 15:30:00,raw_uncorrected,perfect_model_baseline,-1.742956,1.742956,False,complete
2024-09-20 15:45:00,raw_uncorrected,perfect_model_baseline,-1.521557,1.521557,False,complete
2024-09-20 16:00:00,raw_uncorrected,perfect_model_baseline,1.924918,1.924918,False,complete
2024-09-20 16:15:00,raw_uncorrected,perfect_model_baseline,2.709363,2.709363,False,complete
2024-09-20 16:30:00,raw_uncorrected,perfect_model_baseline,3.842129,3.842129,False,complete
2024-09-20 16:45:00,raw_uncorrected,perfect_model_baseline,4.824944,4.824944,False,complete
2024-09-20 17:00:00,raw_uncorrected,perfect_model_baseline,5.932135,5.932135,False,complete
2024-09-20 17:15:00,raw_uncorrected,perfect_model_baseline,6.845088,6.845088,False,complete
2024-09-20 17:30:00,raw_uncorrected,perfect_model_baseline,7.847978,7.847978,False,complete
2024-09-20 17:45:00,raw_uncorrected,perfect_model_baseline,8.391362,8.391362,False,complete
2024-09-20 18:00:00,raw_uncorrected,perfect_model_baseline,8.705544,8.705544,False,complete
2024-09-20 18:15:00,raw_uncorrected,perfect_model_baseline,9.06913,9.06913,False,complete
2024-09-20 18:30:00,raw_uncorrected,perfect_model_baseline,9.06913,9.06913,False,complete
2024-09-20 18:45:00,raw_uncorrected,perfect_model_baseline,9.06913,9.06913,False,complete
2024-09-20 19:00:00,raw_uncorrected,perfect_model_baseline,9.06913,9.06913,False,complete
2024-09-20 19:15:00,raw_uncorrected,perfect_model_baseline,9.003391,9.003391,False,complete
2024-09-20 19:30:00,raw_uncorrected,perfect_model_baseline,8.919338,8.919338,False,complete
2024-09-20 19:45:00,raw_uncorrected,perfect_model_baseline,8.755847,8.755847,False,complete
2024-09-20 20:00:00,raw_uncorrected,perfect_model_baseline,8.533599,8.533599,False,complete
2024-09-20 20:15:00,raw_uncorrected,perfect_model_baseline,8.252382,8.252382,False,complete
2024-09-20 20:30:00,raw_uncorrected,perfect_model_baseline,8.252382,8.252382,False,complete
2024-09-20 20:45:00,raw_uncorrected,perfect_model_baseline,8.209273,8.209273,False,complete
2024-09-20 21:00:00,raw_uncorrected,perfect_model_baseline,8.209273,8.209273,False,complete
2024-09-20 21:15:00,raw_uncorrected,perfect_model_baseline,8.064225,8.064225,False,complete
2024-09-20 21:30:00,raw_uncorrected,perfect_model_baseline,7.79301,7.79301,False,complete
2024-09-20 21:45:00,raw_uncorrected,perfect_model_baseline,7.79301,7.79301,False,complete
2024-09-20 22:00:00,raw_uncorrected,perfect_model_baseline,7.79301,7.79301,False,complete
2024-09-20 22:15:00,raw_uncorrected,perfect_model_baseline,8.193092,8.193092,False,complete
2024-09-20 22:30:00,raw_uncorrected,perfect_model_baseline,8.193092,8.193092,False,complete
2024-09-20 22:45:00,raw_uncorrected,perfect_model_baseline,8.193092,8.193092,False,complete
2024-09-20 23:00:00,raw_uncorrected,perfect_model_baseline,8.193092,8.193092,False,complete
2024-09-20 23:15:00,raw_uncorrected,perfect_model_baseline,8.165078,8.165078,False,complete
2024-09-20 23:30:00,raw_uncorrected,perfect_model_baseline,7.984506,7.984506,False,complete
2024-09-20 23:45:00,raw_uncorrected,perfect_model_baseline,7.752548,7.752548,False,complete
2024-09-21 00:00:00,raw_uncorrected,perfect_model_baseline,7.783423,7.783423,False,complete
2024-09-21 00:15:00,raw_uncorrected,perfect_model_baseline,7.640794,7.640794,False,complete
2024-09-21 00:30:00,raw_uncorrected,perfect_model_baseline,7.640794,7.640794,False,complete
2024-09-21 00:45:00,raw_uncorrected,perfect_model_baseline,7.305618,7.305618,False,complete
2024-09-21 01:00:00,raw_uncorrected,perfect_model_baseline,7.305618,7.305618,False,complete
2024-09-21 01:15:00,raw_uncorrected,perfect_model_baseline,7.176672,7.176672,False,complete
2024-09-21 01:30:00,raw_uncorrected,perfect_model_baseline,6.927095,6.927095,False,complete
2024-09-21 01:45:00,raw_uncorrected,perfect_model_baseline,6.645377,6.645377,False,complete
2024-09-21 02:00:00,raw_uncorrected,perfect_model_baseline,6.421618,6.421618,False,complete
2024-09-21 02:15:00,raw_uncorrected,perfect_model_baseline,6.365951,6.365951,False,complete
2024-09-21 02:30:00,raw_uncorrected,perfect_model_baseline,6.365951,6.365951,False,complete
2024-09-21 02:45:00,raw_uncorrected,perfect_model_baseline,6.202647,6.202647,False,complete
2024-09-21 03:00:00,raw_uncorrected,perfect_model_baseline,6.202647,6.202647,False,complete
2024-09-21 03:15:00,raw_uncorrected,perfect_model_baseline,5.961832,5.961832,False,complete
2024-09-21 03:30:00,raw_uncorrected,perfect_model_baseline,5.961832,5.961832,False,complete
2024-09-21 03:45:00,raw_uncorrected,perfect_model_baseline,5.961832,5.961832,False,complete
2024-09-21 04:00:00,raw_uncorrected,perfect_model_baseline,5.755103,5.755103,False,complete
2024-09-21 04:15:00,raw_uncorrected,perfect_model_baseline,5.703538,5.703538,False,complete
2024-09-21 04:30:00,raw_uncorrected,perfect_model_baseline,5.703538,5.703538,False,complete
2024-09-21 04:45:00,raw_uncorrected,perfect_model_baseline,5.582943,5.582943,False,complete
2024-09-21 05:00:00,raw_uncorrected,perfect_model_baseline,5.559936,5.559936,False,complete
2024-09-21 05:15:00,raw_uncorrected,perfect_model_baseline,5.807871,5.807871,False,complete
2024-09-21 05:30:00,raw_uncorrected,perfect_model_baseline,5.971375,5.971375,False,complete
2024-09-21 05:45:00,raw_uncorrected,perfect_model_baseline,5.971375,5.971375,False,complete
2024-09-21 06:00:00,raw_uncorrected,perfect_model_baseline,5.971375,5.971375,False,complete
2024-09-21 06:15:00,raw_uncorrected,perfect_model_baseline,5.931924,5.931924,False,complete
2024-09-21 06:30:00,raw_uncorrected,perfect_model_baseline,5.402083,5.402083,False,complete
2024-09-21 06:45:00,raw_uncorrected,perfect_model_baseline,4.742436,4.742436,False,complete
2024-09-21 07:00:00,raw_uncorrected,perfect_model_baseline,4.196397,4.196397,False,complete
2024-09-21 07:15:00,raw_uncorrected,perfect_model_baseline,3.623643,3.623643,False,complete
2024-09-21 07:30:00,raw_uncorrected,perfect_model_baseline,2.946166,2.946166,False,complete
2024-09-21 07:45:00,raw_uncorrected,perfect_model_baseline,2.242216,2.242216,False,complete
2024-09-21 08:00:00,raw_uncorrected,perfect_model_baseline,2.018849,2.018849,False,complete
2024-09-21 08:15:00,raw_uncorrected,perfect_model_baseline,1.598358,1.598358,False,complete
2024-09-21 08:30:00,raw_uncorrected,perfect_model_baseline,-1.598358,1.598358,False,complete
2024-09-21 08:45:00,raw_uncorrected,perfect_model_baseline,-2.31106,2.31106,False,complete
2024-09-21 09:00:00,raw_uncorrected,perfect_model_baseline,-2.894673,2.894673,False,complete
2024-09-21 09:15:00,raw_uncorrected,perfect_model_baseline,-3.385866,3.385866,False,complete
2024-09-21 09:30:00,raw_uncorrected,perfect_model_baseline,-4.248305,4.248305,False,complete
2024-09-21 09:45:00,raw_uncorrected,perfect_model_baseline,-4.900849,4.900849,False,complete
2024-09-21 10:00:00,raw_uncorrected,perfect_model_baseline,-5.612366,5.612366,False,complete
2024-09-21 10:15:00,raw_uncorrected,perfect_model_baseline,-5.78869,5.78869,False,complete
2024-09-21 10:30:00,raw_uncorrected,perfect_model_baseline,-6.469517,6.469517,False,complete
2024-09-21 10:45:00,raw_uncorrected,perfect_model_baseline,-6.681972,6.681972,False,complete
2024-09-21 11:00:00,raw_uncorrected,perfect_model_baseline,-7.162437,7.162437,False,complete
2024-09-21 11:15:00,raw_uncorrected,perfect_model_baseline,-7.115132,7.115132,False,complete
2024-09-21 11:30:00,raw_uncorrected,perfect_model_baseline,-7.115132,7.115132,False,complete
2024-09-21 11:45:00,raw_uncorrected,perfect_model_baseline,-7.325841,7.325841,False,complete
2024-09-21 12:00:00,raw_uncorrected,perfect_model_baseline,-7.325841,7.325841,False,complete
2024-09-21 12:15:00,raw_uncorrected,perfect_model_baseline,-7.300596,7.300596,False,complete
2024-09-21 12:30:00,raw_uncorrected,perfect_model_baseline,-7.300596,7.300596,False,complete
2024-09-21 12:45:00,raw_uncorrected,perfect_model_baseline,-7.199456,7.199456,False,complete
2024-09-21 13:00:00,raw_uncorrected,perfect_model_baseline,-6.063136,6.063136,False,complete
2024-09-21 13:15:00,raw_uncorrected,perfect_model_baseline,-6.388214,6.388214,False,complete
2024-09-21 13:30:00,raw_uncorrected,perfect_model_baseline,-6.417929,6.417929,False,complete
2024-09-21 13:45:00,raw_uncorrected,perfect_model_baseline,-6.065688,6.065688,False,complete
2024-09-21 14:00:00,raw_uncorrected,perfect_model_baseline,-5.555271,5.555271,False,complete
2024-09-21 14:15:00,raw_uncorrected,perfect_model_baseline,-5.190353,5.190353,False,complete
2024-09-21 14:30:00,raw_uncorrected,perfect_model_baseline,-4.452826,4.452826,False,complete
2024-09-21 14:45:00,raw_uncorrected,perfect_model_baseline,-3.799806,3.799806,False,complete
2024-09-21 15:00:00,raw_uncorrected,perfect_model_baseline,-3.103595,3.103595,False,complete
2024-09-21 15:15:00,raw_uncorrected,perfect_model_baseline,-2.488938,2.488938,False,complete
2024-09-21 15:30:00,raw_uncorrected,perfect_model_baseline,-1.911239,1.911239,False,complete
2024-09-21 15:45:00,raw_uncorrected,perfect_model_baseline,1.911239,1.911239,False,complete
2024-09-21 16:00:00,raw_uncorrected,perfect_model_baseline,1.911239,1.911239,False,complete
2024-09-21 16:15:00,raw_uncorrected,perfect_model_baseline,2.612664,2.612664,False,complete
2024-09-21 16:30:00,raw_uncorrected,perfect_model_baseline,4.152258,4.152258,False,complete
2024-09-21 16:45:00,raw_uncorrected,perfect_model_baseline,5.271748,5.271748,False,complete
2024-09-21 17:00:00,raw_uncorrected,perfect_model_baseline,5.998329,5.998329,False,complete
2024-09-21 17:15:00,raw_uncorrected,perfect_model_baseline,6.704423,6.704423,False,complete
2024-09-21 17:30:00,raw_uncorrected,perfect_model_baseline,7.805948,7.805948,False,complete
2024-09-21 17:45:00,raw_uncorrected,perfect_model_baseline,8.152333,8.152333,False,complete
2024-09-21 18:00:00,raw_uncorrected,perfect_model_baseline,8.659709,8.659709,False,complete
2024-09-21 18:15:00,raw_uncorrected,perfect_model_baseline,9.102704,9.102704,False,complete
2024-09-21 18:30:00,raw_uncorrected,perfect_model_baseline,9.102704,9.102704,False,complete
2024-09-21 18:45:00,raw_uncorrected,perfect_model_baseline,9.102704,9.102704,False,complete
2024-09-21 19:00:00,raw_uncorrected,perfect_model_baseline,9.102704,9.102704,False,complete
2024-09-21 19:15:00,raw_uncorrected,perfect_model_baseline,8.96735,8.96735,False,complete
2024-09-21 19:30:00,raw_uncorrected,perfect_model_baseline,8.855123,8.855123,False,complete
2024-09-21 19:45:00,raw_uncorrected,perfect_model_baseline,8.682545,8.682545,False,complete
2024-09-21 20:00:00,raw_uncorrected,perfect_model_baseline,8.458096,8.458096,False,complete
2024-09-21 20:15:00,raw_uncorrected,perfect_model_baseline,8.471477,8.471477,False,complete
2024-09-21 20:30:00,raw_uncorrected,perfect_model_baseline,8.308098,8.308098,False,complete
2024-09-21 20:45:00,raw_uncorrected,perfect_model_baseline,8.308098,8.308098,False,complete
2024-09-21 21:00:00,raw_uncorrected,perfect_model_baseline,8.308098,8.308098,False,complete
2024-09-21 21:15:00,raw_uncorrected,perfect_model_baseline,7.944979,7.944979,False,complete
2024-09-21 21:30:00,raw_uncorrected,perfect_model_baseline,7.781316,7.781316,False,complete
2024-09-21 21:45:00,raw_uncorrected,perfect_model_baseline,7.781316,7.781316,False,complete
2024-09-21 22:00:00,raw_uncorrected,perfect_model_baseline,7.781316,7.781316,False,complete
2024-09-21 22:15:00,raw_uncorrected,perfect_model_baseline,7.976152,7.976152,False,complete
2024-09-21 22:30:00,raw_uncorrected,perfect_model_baseline,7.976152,7.976152,False,complete
2024-09-21 22:45:00,raw_uncorrected,perfect_model_baseline,7.976152,7.976152,False,complete
2024-09-21 23:00:00,raw_uncorrected,perfect_model_baseline,7.976152,7.976152,False,complete
2024-09-21 23:15:00,raw_uncorrected,perfect_model_baseline,7.950665,7.950665,False,complete
2024-09-21 23:30:00,raw_uncorrected,perfect_model_baseline,7.950665,7.950665,False,complete
2024-09-21 23:45:00,raw_uncorrected,perfect_model_baseline,7.674299,7.674299,False,complete
2024-09-22 00:00:00,raw_uncorrected,perfect_model_baseline,7.674299,7.674299,False,complete
2024-09-22 00:15:00,raw_uncorrected,perfect_model_baseline,7.448335,7.448335,False,complete
2024-09-22 00:30:00,raw_uncorrected,perfect_model_baseline,7.362047,7.362047,False,complete
2024-09-22 00:45:00,raw_uncorrected,perfect_model_baseline,7.111701,7.111701,False,complete
2024-09-22 01:00:00,raw_uncorrected,perfect_model_baseline,7.111701,7.111701,False,complete
2024-09-22 01:15:00,raw_uncorrected,perfect_model_baseline,6.985351,6.985351,False,complete
2024-09-22 01:30:00,raw_uncorrected,perfect_model_baseline,6.683209,6.683209,False,complete
2024-09-22 01:45:00,raw_uncorrected,perfect_model_baseline,6.438552,6.438552,False,complete
2024-09-22 02:00:00,raw_uncorrected,perfect_model_baseline,6.438552,6.438552,False,complete
2024-09-22 02:15:00,raw_uncorrected,perfect_model_baseline,6.11843,6.11843,False,complete
2024-09-22 02:30:00,raw_uncorrected,perfect_model_baseline,6.014512,6.014512,False,complete
2024-09-22 02:45:00,raw_uncorrected,perfect_model_baseline,6.014512,6.014512,False,complete
2024-09-22 03:00:00,raw_uncorrected,perfect_model_baseline,6.014512,6.014512,False,complete
2024-09-22 03:15:00,raw_uncorrected,perfect_model_baseline,5.881642,5.881642,False,complete
2024-09-22 03:30:00,raw_uncorrected,perfect_model_baseline,5.763308,5.763308,False,complete
2024-09-22 03:45:00,raw_uncorrected,perfect_model_baseline,5.759566,5.759566,False,complete
2024-09-22 04:00:00,raw_uncorrected,perfect_model_baseline,5.568898,5.568898,False,complete
2024-09-22 04:15:00,raw_uncorrected,perfect_model_baseline,5.487205,5.487205,False,complete
2024-09-22 04:30:00,raw_uncorrected,perfect_model_baseline,5.487205,5.487205,False,complete
2024-09-22 04:45:00,raw_uncorrected,perfect_model_baseline,5.487205,5.487205,False,complete
2024-09-22 05:00:00,raw_uncorrected,perfect_model_baseline,5.487205,5.487205,False,complete
2024-09-22 05:15:00,raw_uncorrected,perfect_model_baseline,5.690297,5.690297,False,complete
2024-09-22 05:30:00,raw_uncorrected,perfect_model_baseline,5.690297,5.690297,False,complete
2024-09-22 05:45:00,raw_uncorrected,perfect_model_baseline,5.811686,5.811686,False,complete
2024-09-22 06:00:00,raw_uncorrected,perfect_model_baseline,5.811686,5.811686,False,complete
2024-09-22 06:15:00,raw_uncorrected,perfect_model_baseline,5.601134,5.601134,False,complete
2024-09-22 06:30:00,raw_uncorrected,perfect_model_baseline,5.006829,5.006829,False,complete
2024-09-22 06:45:00,raw_uncorrected,perfect_model_baseline,4.518824,4.518824,False,complete
2024-09-22 07:00:00,raw_uncorrected,perfect_model_baseline,3.737325,3.737325,False,complete
2024-09-22 07:15:00,raw_uncorrected,perfect_model_baseline,3.225114,3.225114,False,complete
2024-09-22 07:30:00,raw_uncorrected,perfect_model_baseline,2.469864,2.469864,False,complete
2024-09-22 07:45:00,raw_uncorrected,perfect_model_baseline,1.942017,1.942017,False,complete
2024-09-22 08:00:00,raw_uncorrected,perfect_model_baseline,-1.718552,1.718552,False,complete
2024-09-22 08:15:00,raw_uncorrected,perfect_model_baseline,-1.74507,1.74507,False,complete
2024-09-22 08:30:00,raw_uncorrected,perfect_model_baseline,-1.873659,1.873659,False,complete
2024-09-22 08:45:00,raw_uncorrected,perfect_model_baseline,-2.382537,2.382537,False,complete
2024-09-22 09:00:00,raw_uncorrected,perfect_model_baseline,-3.010048,3.010048,False,complete
2024-09-22 09:15:00,raw_uncorrected,perfect_model_baseline,-3.510339,3.510339,False,complete
2024-09-22 09:30:00,raw_uncorrected,perfect_model_baseline,-4.361738,4.361738,False,complete
2024-09-22 09:45:00,raw_uncorrected,perfect_model_baseline,-5.038315,5.038315,False,complete
2024-09-22 10:00:00,raw_uncorrected,perfect_model_baseline,-5.552953,5.552953,False,complete
2024-09-22 10:15:00,raw_uncorrected,perfect_model_baseline,-5.819821,5.819821,False,complete
2024-09-22 10:30:00,raw_uncorrected,perfect_model_baseline,-6.368,6.368,False,complete
2024-09-22 10:45:00,raw_uncorrected,perfect_model_baseline,-6.368,6.368,False,complete
2024-09-22 11:00:00,raw_uncorrected,perfect_model_baseline,-6.811881,6.811881,False,complete
2024-09-22 11:15:00,raw_uncorrected,perfect_model_baseline,-7.054146,7.054146,False,complete
2024-09-22 11:30:00,raw_uncorrected,perfect_model_baseline,-7.054146,7.054146,False,complete
2024-09-22 11:45:00,raw_uncorrected,perfect_model_baseline,-7.226591,7.226591,False,complete
2024-09-22 12:00:00,raw_uncorrected,perfect_model_baseline,-7.012531,7.012531,False,complete
2024-09-22 12:15:00,raw_uncorrected,perfect_model_baseline,-6.846164,6.846164,False,complete
2024-09-22 12:30:00,raw_uncorrected,perfect_model_baseline,-6.365856,6.365856,False,complete
2024-09-22 12:45:00,raw_uncorrected,perfect_model_baseline,-6.706531,6.706531,False,complete
2024-09-22 13:00:00,raw_uncorrected,perfect_model_baseline,-6.597354,6.597354,False,complete
2024-09-22 13:15:00,raw_uncorrected,perfect_model_baseline,-6.476132,6.476132,False,complete
2024-09-22 13:30:00,raw_uncorrected,perfect_model_baseline,-6.337914,6.337914,False,complete
2024-09-22 13:45:00,raw_uncorrected,perfect_model_baseline,-5.492078,5.492078,False,complete
2024-09-22 14:00:00,raw_uncorrected,perfect_model_baseline,-5.158504,5.158504,False,complete
2024-09-22 14:15:00,raw_uncorrected,perfect_model_baseline,-4.737183,4.737183,False,complete
2024-09-22 14:30:00,raw_uncorrected,perfect_model_baseline,-4.122855,4.122855,False,complete
2024-09-22 14:45:00,raw_uncorrected,perfect_model_baseline,-3.430103,3.430103,False,complete
2024-09-22 15:00:00,raw_uncorrected,perfect_model_baseline,-2.574361,2.574361,False,complete
2024-09-22 15:15:00,raw_uncorrected,perfect_model_baseline,-1.757047,1.757047,False,complete
2024-09-22 15:30:00,raw_uncorrected,perfect_model_baseline,1.757047,1.757047,False,complete
2024-09-22 15:45:00,raw_uncorrected,perfect_model_baseline,1.757047,1.757047,False,complete
2024-09-22 16:00:00,raw_uncorrected,perfect_model_baseline,2.348981,2.348981,False,complete
2024-09-22 16:15:00,raw_uncorrected,perfect_model_baseline,3.412319,3.412319,False,complete
2024-09-22 16:30:00,raw_uncorrected,perfect_model_baseline,4.403154,4.403154,False,complete
2024-09-22 16:45:00,raw_uncorrected,perfect_model_baseline,5.617927,5.617927,False,complete
2024-09-22 17:00:00,raw_uncorrected,perfect_model_baseline,6.806347,6.806347,False,complete
2024-09-22 17:15:00,raw_uncorrected,perfect_model_baseline,7.701844,7.701844,False,complete
2024-09-22 17:30:00,raw_uncorrected,perfect_model_baseline,8.54616,8.54616,False,complete
2024-09-22 17:45:00,raw_uncorrected,perfect_model_baseline,9.234896,9.234896,False,complete
2024-09-22 18:00:00,raw_uncorrected,perfect_model_baseline,9.458558,9.458558,False,complete
2024-09-22 18:15:00,raw_uncorrected,perfect_model_baseline,9.994154,9.994154,False,complete
2024-09-22 18:30:00,raw_uncorrected,perfect_model_baseline,9.994154,9.994154,False,complete
2024-09-22 18:45:00,raw_uncorrected,perfect_model_baseline,9.794874,9.794874,False,complete
2024-09-22 19:00:00,raw_uncorrected,perfect_model_baseline,9.57594,9.57594,False,complete
2024-09-22 19:15:00,raw_uncorrected,perfect_model_baseline,9.633864,9.633864,False,complete
2024-09-22 19:30:00,raw_uncorrected,perfect_model_baseline,9.468423,9.468423,False,complete
2024-09-22 19:45:00,raw_uncorrected,perfect_model_baseline,9.1744,9.1744,False,complete
2024-09-22 20:00:00,raw_uncorrected,perfect_model_baseline,8.957707,8.957707,False,complete
2024-09-22 20:15:00,raw_uncorrected,perfect_model_baseline,8.734362,8.734362,False,complete
2024-09-22 20:30:00,raw_uncorrected,perfect_model_baseline,8.734362,8.734362,False,complete
2024-09-22 20:45:00,raw_uncorrected,perfect_model_baseline,8.491908,8.491908,False,complete
2024-09-22 21:00:00,raw_uncorrected,perfect_model_baseline,8.259006,8.259006,False,complete
2024-09-22 21:15:00,raw_uncorrected,perfect_model_baseline,8.248014,8.248014,False,complete
2024-09-22 21:30:00,raw_uncorrected,perfect_model_baseline,8.091533,8.091533,False,complete
2024-09-22 21:45:00,raw_uncorrected,perfect_model_baseline,8.091533,8.091533,False,complete
2024-09-22 22:00:00,raw_uncorrected,perfect_model_baseline,8.091533,8.091533,False,complete
2024-09-22 22:15:00,raw_uncorrected,perfect_model_baseline,8.03362,8.03362,False,complete
2024-09-22 22:30:00,raw_uncorrected,perfect_model_baseline,7.86089,7.86089,False,complete
2024-09-22 22:45:00,raw_uncorrected,perfect_model_baseline,7.86089,7.86089,False,complete
2024-09-22 23:00:00,raw_uncorrected,perfect_model_baseline,7.567124,7.567124,False,complete
2024-09-22 23:15:00,raw_uncorrected,perfect_model_baseline,7.814604,7.814604,False,complete
2024-09-22 23:30:00,raw_uncorrected,perfect_model_baseline,7.597984,7.597984,False,complete
2024-09-22 23:45:00,raw_uncorrected,perfect_model_baseline,7.32881,7.32881,False,complete
2024-09-23 00:00:00,raw_uncorrected,perfect_model_baseline,7.32881,7.32881,False,complete
2024-09-23 00:15:00,raw_uncorrected,perfect_model_baseline,7.3104,7.3104,False,complete
2024-09-23 00:30:00,raw_uncorrected,perfect_model_baseline,7.3104,7.3104,False,complete
2024-09-23 00:45:00,raw_uncorrected,perfect_model_baseline,7.138351,7.138351,False,complete
2024-09-23 01:00:00,raw_uncorrected,perfect_model_baseline,7.138351,7.138351,False,complete
2024-09-23 01:15:00,raw_uncorrected,perfect_model_baseline,6.942954,6.942954,False,complete
2024-09-23 01:30:00,raw_uncorrected,perfect_model_baseline,6.424438,6.424438,False,complete
2024-09-23 01:45:00,raw_uncorrected,perfect_model_baseline,6.424438,6.424438,False,complete
2024-09-23 02:00:00,raw_uncorrected,perfect_model_baseline,6.200482,6.200482,False,complete
2024-09-23 02:15:00,raw_uncorrected,perfect_model_baseline,6.138571,6.138571,False,complete
2024-09-23 02:30:00,raw_uncorrected,perfect_model_baseline,6.017548,6.017548,False,complete
2024-09-23 02:45:00,raw_uncorrected,perfect_model_baseline,6.017548,6.017548,False,complete
2024-09-23 03:00:00,raw_uncorrected,perfect_model_baseline,6.017548,6.017548,False,complete
2024-09-23 03:15:00,raw_uncorrected,perfect_model_baseline,5.798305,5.798305,False,complete
2024-09-23 03:30:00,raw_uncorrected,perfect_model_baseline,5.712128,5.712128,False,complete
2024-09-23 03:45:00,raw_uncorrected,perfect_model_baseline,5.712128,5.712128,False,complete
2024-09-23 04:00:00,raw_uncorrected,perfect_model_baseline,5.712128,5.712128,False,complete
2024-09-23 04:15:00,raw_uncorrected,perfect_model_baseline,5.593985,5.593985,False,complete
2024-09-23 04:30:00,raw_uncorrected,perfect_model_baseline,5.593985,5.593985,False,complete
2024-09-23 04:45:00,raw_uncorrected,perfect_model_baseline,5.593985,5.593985,False,complete
2024-09-23 05:00:00,raw_uncorrected,perfect_model_baseline,5.593985,5.593985,False,complete
2024-09-23 05:15:00,raw_uncorrected,perfect_model_baseline,5.957133,5.957133,False,complete
2024-09-23 05:30:00,raw_uncorrected,perfect_model_baseline,5.957133,5.957133,False,complete
2024-09-23 05:45:00,raw_uncorrected,perfect_model_baseline,5.957133,5.957133,False,complete
2024-09-23 06:00:00,raw_uncorrected,perfect_model_baseline,6.172005,6.172005,False,complete
2024-09-23 06:15:00,raw_uncorrected,perfect_model_baseline,6.191438,6.191438,False,complete
2024-09-23 06:30:00,raw_uncorrected,perfect_model_baseline,6.044874,6.044874,False,complete
2024-09-23 06:45:00,raw_uncorrected,perfect_model_baseline,5.28118,5.28118,False,complete
2024-09-23 07:00:00,raw_uncorrected,perfect_model_baseline,4.588136,4.588136,False,complete
2024-09-23 07:15:00,raw_uncorrected,perfect_model_baseline,3.868244,3.868244,False,complete
2024-09-23 07:30:00,raw_uncorrected,perfect_model_baseline,3.072877,3.072877,False,complete
2024-09-23 07:45:00,raw_uncorrected,perfect_model_baseline,2.070497,2.070497,False,complete
2024-09-23 08:00:00,raw_uncorrected,perfect_model_baseline,2.070497,2.070497,False,complete
2024-09-23 08:15:00,raw_uncorrected,perfect_model_baseline,1.989805,1.989805,False,complete
2024-09-23 08:30:00,raw_uncorrected,perfect_model_baseline,-1.989805,1.989805,False,complete
2024-09-23 08:45:00,raw_uncorrected,perfect_model_baseline,-2.601288,2.601288,False,complete
2024-09-23 09:00:00,raw_uncorrected,perfect_model_baseline,-3.376506,3.376506,False,complete
2024-09-23 09:15:00,raw_uncorrected,perfect_model_baseline,-4.048626,4.048626,False,complete
2024-09-23 09:30:00,raw_uncorrected,perfect_model_baseline,-4.983896,4.983896,False,complete
2024-09-23 09:45:00,raw_uncorrected,perfect_model_baseline,-5.485096,5.485096,False,complete
2024-09-23 10:00:00,raw_uncorrected,perfect_model_baseline,-5.92937,5.92937,False,complete
2024-09-23 10:15:00,raw_uncorrected,perfect_model_baseline,-6.240825,6.240825,False,complete
2024-09-23 10:30:00,raw_uncorrected,perfect_model_baseline,-6.799804,6.799804,False,complete
2024-09-23 10:45:00,raw_uncorrected,perfect_model_baseline,-6.933235,6.933235,False,complete
2024-09-23 11:00:00,raw_uncorrected,perfect_model_baseline,-7.455957,7.455957,False,complete
2024-09-23 11:15:00,raw_uncorrected,perfect_model_baseline,-7.401493,7.401493,False,complete
2024-09-23 11:30:00,raw_uncorrected,perfect_model_baseline,-7.580399,7.580399,False,complete
2024-09-23 11:45:00,raw_uncorrected,perfect_model_baseline,-7.570047,7.570047,False,complete
2024-09-23 12:00:00,raw_uncorrected,perfect_model_baseline,-7.570047,7.570047,False,complete
2024-09-23 12:15:00,raw_uncorrected,perfect_model_baseline,-7.546422,7.546422,False,complete
2024-09-23 12:30:00,raw_uncorrected,perfect_model_baseline,-7.427303,7.427303,False,complete
2024-09-23 12:45:00,raw_uncorrected,perfect_model_baseline,-7.231628,7.231628,False,complete
2024-09-23 13:00:00,raw_uncorrected,perfect_model_baseline,-6.789222,6.789222,False,complete
2024-09-23 13:15:00,raw_uncorrected,perfect_model_baseline,-6.825679,6.825679,False,complete
2024-09-23 13:30:00,raw_uncorrected,perfect_model_baseline,-6.621673,6.621673,False,complete
2024-09-23 13:45:00,raw_uncorrected,perfect_model_baseline,-5.997976,5.997976,False,complete
2024-09-23 14:00:00,raw_uncorrected,perfect_model_baseline,-5.457145,5.457145,False,complete
2024-09-23 14:15:00,raw_uncorrected,perfect_model_baseline,-4.927861,4.927861,False,complete
2024-09-23 14:30:00,raw_uncorrected,perfect_model_baseline,-4.353054,4.353054,False,complete
2024-09-23 14:45:00,raw_uncorrected,perfect_model_baseline,-3.70038,3.70038,False,complete
2024-09-23 15:00:00,raw_uncorrected,perfect_model_baseline,-2.729767,2.729767,False,complete
2024-09-23 15:15:00,raw_uncorrected,perfect_model_baseline,-1.772014,1.772014,False,complete
2024-09-23 15:30:00,raw_uncorrected,perfect_model_baseline,-1.531047,1.531047,False,complete
2024-09-23 15:45:00,raw_uncorrected,perfect_model_baseline,1.531047,1.531047,False,complete
2024-09-23 16:00:00,raw_uncorrected,perfect_model_baseline,2.213105,2.213105,False,complete
2024-09-23 16:15:00,raw_uncorrected,perfect_model_baseline,3.500348,3.500348,False,complete
2024-09-23 16:30:00,raw_uncorrected,perfect_model_baseline,4.577646,4.577646,False,complete
2024-09-23 16:45:00,raw_uncorrected,perfect_model_baseline,5.762485,5.762485,False,complete
2024-09-23 17:00:00,raw_uncorrected,perfect_model_baseline,6.837753,6.837753,False,complete
2024-09-23 17:15:00,raw_uncorrected,perfect_model_baseline,7.581233,7.581233,False,complete
2024-09-23 17:30:00,raw_uncorrected,perfect_model_baseline,8.467048,8.467048,False,complete
2024-09-23 17:45:00,raw_uncorrected,perfect_model_baseline,9.304914,9.304914,False,complete
2024-09-23 18:00:00,raw_uncorrected,perfect_model_baseline,9.529658,9.529658,False,complete
2024-09-23 18:15:00,raw_uncorrected,perfect_model_baseline,9.981888,9.981888,False,complete
2024-09-23 18:30:00,raw_uncorrected,perfect_model_baseline,10.224148,10.224148,False,complete
2024-09-23 18:45:00,raw_uncorrected,perfect_model_baseline,10.000092,10.000092,False,complete
2024-09-23 19:00:00,raw_uncorrected,perfect_model_baseline,10.000092,10.000092,False,complete
2024-09-23 19:15:00,raw_uncorrected,perfect_model_baseline,9.751215,9.751215,False,complete
2024-09-23 19:30:00,raw_uncorrected,perfect_model_baseline,9.587336,9.587336,False,complete
2024-09-23 19:45:00,raw_uncorrected,perfect_model_baseline,9.35159,9.35159,False,complete
2024-09-23 20:00:00,raw_uncorrected,perfect_model_baseline,9.182755,9.182755,False,complete
2024-09-23 20:15:00,raw_uncorrected,perfect_model_baseline,8.887432,8.887432,False,complete
2024-09-23 20:30:00,raw_uncorrected,perfect_model_baseline,8.714322,8.714322,False,complete
2024-09-23 20:45:00,raw_uncorrected,perfect_model_baseline,8.714322,8.714322,False,complete
2024-09-23 21:00:00,raw_uncorrected,perfect_model_baseline,8.484045,8.484045,False,complete
2024-09-23 21:15:00,raw_uncorrected,perfect_model_baseline,8.203006,8.203006,False,complete
2024-09-23 21:30:00,raw_uncorrected,perfect_model_baseline,8.07249,8.07249,False,complete
2024-09-23 21:45:00,raw_uncorrected,perfect_model_baseline,7.846364,7.846364,False,complete
2024-09-23 22:00:00,raw_uncorrected,perfect_model_baseline,7.846364,7.846364,False,complete
2024-09-23 22:15:00,raw_uncorrected,perfect_model_baseline,7.910962,7.910962,False,complete
2024-09-23 22:30:00,raw_uncorrected,perfect_model_baseline,7.981997,7.981997,False,complete
2024-09-23 22:45:00,raw_uncorrected,perfect_model_baseline,7.756467,7.756467,False,complete
2024-09-23 23:00:00,raw_uncorrected,perfect_model_baseline,7.756467,7.756467,False,complete
2024-09-23 23:15:00,raw_uncorrected,perfect_model_baseline,7.799843,7.799843,False,complete
2024-09-23 23:30:00,raw_uncorrected,perfect_model_baseline,7.63496,7.63496,False,complete
2024-09-23 23:45:00,raw_uncorrected,perfect_model_baseline,7.63496,7.63496,False,complete
2024-09-24 00:00:00,raw_uncorrected,perfect_model_baseline,7.63496,7.63496,False,complete
2024-09-24 00:15:00,raw_uncorrected,perfect_model_baseline,7.472299,7.472299,False,complete
2024-09-24 00:30:00,raw_uncorrected,perfect_model_baseline,7.385324,7.385324,False,complete
2024-09-24 00:45:00,raw_uncorrected,perfect_model_baseline,7.167806,7.167806,False,complete
2024-09-24 01:00:00,raw_uncorrected,perfect_model_baseline,7.167806,7.167806,False,complete
2024-09-24 01:15:00,raw_uncorrected,perfect_model_baseline,6.874758,6.874758,False,complete
2024-09-24 01:30:00,raw_uncorrected,perfect_model_baseline,6.62886,6.62886,False,complete
2024-09-24 01:45:00,raw_uncorrected,perfect_model_baseline,6.405691,6.405691,False,complete
2024-09-24 02:00:00,raw_uncorrected,perfect_model_baseline,6.181415,6.181415,False,complete
2024-09-24 02:15:00,raw_uncorrected,perfect_model_baseline,6.005186,6.005186,False,complete
2024-09-24 02:30:00,raw_uncorrected,perfect_model_baseline,6.005186,6.005186,False,complete
2024-09-24 02:45:00,raw_uncorrected,perfect_model_baseline,6.005186,6.005186,False,complete
2024-09-24 03:00:00,raw_uncorrected,perfect_model_baseline,5.772617,5.772617,False,complete
2024-09-24 03:15:00,raw_uncorrected,perfect_model_baseline,5.812012,5.812012,False,complete
2024-09-24 03:30:00,raw_uncorrected,perfect_model_baseline,5.812012,5.812012,False,complete
2024-09-24 03:45:00,raw_uncorrected,perfect_model_baseline,5.812012,5.812012,False,complete
2024-09-24 04:00:00,raw_uncorrected,perfect_model_baseline,5.812012,5.812012,False,complete
2024-09-24 04:15:00,raw_uncorrected,perfect_model_baseline,5.614908,5.614908,False,complete
2024-09-24 04:30:00,raw_uncorrected,perfect_model_baseline,5.614908,5.614908,False,complete
2024-09-24 04:45:00,raw_uncorrected,perfect_model_baseline,5.614908,5.614908,False,complete
2024-09-24 05:00:00,raw_uncorrected,perfect_model_baseline,5.614908,5.614908,False,complete
2024-09-24 05:15:00,raw_uncorrected,perfect_model_baseline,5.963146,5.963146,False,complete
2024-09-24 05:30:00,raw_uncorrected,perfect_model_baseline,5.963146,5.963146,False,complete
2024-09-24 05:45:00,raw_uncorrected,perfect_model_baseline,5.963146,5.963146,False,complete
2024-09-24 06:00:00,raw_uncorrected,perfect_model_baseline,5.963146,5.963146,False,complete
2024-09-24 06:15:00,raw_uncorrected,perfect_model_baseline,6.089136,6.089136,False,complete
2024-09-24 06:30:00,raw_uncorrected,perfect_model_baseline,5.521523,5.521523,False,complete
2024-09-24 06:45:00,raw_uncorrected,perfect_model_baseline,4.69248,4.69248,False,complete
2024-09-24 07:00:00,raw_uncorrected,perfect_model_baseline,4.844885,4.844885,False,complete
2024-09-24 07:15:00,raw_uncorrected,perfect_model_baseline,4.922935,4.922935,False,complete
2024-09-24 07:30:00,raw_uncorrected,perfect_model_baseline,4.07172,4.07172,False,complete
2024-09-24 07:45:00,raw_uncorrected,perfect_model_baseline,3.535613,3.535613,False,complete
2024-09-24 08:00:00,raw_uncorrected,perfect_model_baseline,2.530258,2.530258,False,complete
2024-09-24 08:15:00,raw_uncorrected,perfect_model_baseline,2.050875,2.050875,False,complete
2024-09-24 08:30:00,raw_uncorrected,perfect_model_baseline,2.287282,2.287282,False,complete
2024-09-24 08:45:00,raw_uncorrected,perfect_model_baseline,1.897086,1.897086,False,complete
2024-09-24 09:00:00,raw_uncorrected,perfect_model_baseline,-1.860049,1.860049,False,complete
2024-09-24 09:15:00,raw_uncorrected,perfect_model_baseline,-2.830731,2.830731,False,complete
2024-09-24 09:30:00,raw_uncorrected,perfect_model_baseline,-3.814328,3.814328,False,complete
2024-09-24 09:45:00,raw_uncorrected,perfect_model_baseline,-4.867734,4.867734,False,complete
2024-09-24 10:00:00,raw_uncorrected,perfect_model_baseline,-4.709795,4.709795,False,complete
2024-09-24 10:15:00,raw_uncorrected,perfect_model_baseline,-5.659966,5.659966,False,complete
2024-09-24 10:30:00,raw_uncorrected,perfect_model_baseline,-4.230643,4.230643,False,complete
2024-09-24 10:45:00,raw_uncorrected,perfect_model_baseline,-4.453319,4.453319,False,complete
2024-09-24 11:00:00,raw_uncorrected,perfect_model_baseline,-2.556932,2.556932,False,complete
2024-09-24 11:15:00,raw_uncorrected,perfect_model_baseline,-5.826739,5.826739,False,complete
2024-09-24 11:30:00,raw_uncorrected,perfect_model_baseline,-5.401349,5.401349,False,complete
2024-09-24 11:45:00,raw_uncorrected,perfect_model_baseline,-4.413378,4.413378,False,complete
2024-09-24 12:00:00,raw_uncorrected,perfect_model_baseline,-4.487985,4.487985,False,complete
2024-09-24 12:15:00,raw_uncorrected,perfect_model_baseline,-3.168412,3.168412,False,complete
2024-09-24 12:30:00,raw_uncorrected,perfect_model_baseline,-2.510739,2.510739,False,complete
2024-09-24 12:45:00,raw_uncorrected,perfect_model_baseline,-3.413151,3.413151,False,complete
2024-09-24 13:00:00,raw_uncorrected,perfect_model_baseline,-2.564168,2.564168,False,complete
2024-09-24 13:15:00,raw_uncorrected,perfect_model_baseline,-1.93681,1.93681,False,complete
2024-09-24 13:30:00,raw_uncorrected,perfect_model_baseline,-1.93681,1.93681,False,complete
2024-09-24 13:45:00,raw_uncorrected,perfect_model_baseline,-1.871383,1.871383,False,complete
2024-09-24 14:00:00,raw_uncorrected,perfect_model_baseline,-1.453887,1.453887,False,complete
2024-09-24 14:15:00,raw_uncorrected,perfect_model_baseline,1.583451,1.583451,False,complete
2024-09-24 14:30:00,raw_uncorrected,perfect_model_baseline,2.695884,2.695884,False,complete
2024-09-24 14:45:00,raw_uncorrected,perfect_model_baseline,2.530519,2.530519,False,complete
2024-09-24 15:00:00,raw_uncorrected,perfect_model_baseline,1.823846,1.823846,False,complete
2024-09-24 15:15:00,raw_uncorrected,perfect_model_baseline,2.979171,2.979171,False,complete
2024-09-24 15:30:00,raw_uncorrected,perfect_model_baseline,4.360745,4.360745,False,complete
2024-09-24 15:45:00,raw_uncorrected,perfect_model_baseline,5.16398,5.16398,False,complete
2024-09-24 16:00:00,raw_uncorrected,perfect_model_baseline,5.714262,5.714262,False,complete
2024-09-24 16:15:00,raw_uncorrected,perfect_model_baseline,6.032474,6.032474,False,complete
2024-09-24 16:30:00,raw_uncorrected,perfect_model_baseline,6.696221,6.696221,False,complete
2024-09-24 16:45:00,raw_uncorrected,perfect_model_baseline,7.56909,7.56909,False,complete
2024-09-24 17:00:00,raw_uncorrected,perfect_model_baseline,7.632205,7.632205,False,complete
2024-09-24 17:15:00,raw_uncorrected,perfect_model_baseline,7.666404,7.666404,False,complete
2024-09-24 17:30:00,raw_uncorrected,perfect_model_baseline,8.659238,8.659238,False,complete
2024-09-24 17:45:00,raw_uncorrected,perfect_model_baseline,8.954216,8.954216,False,complete
2024-09-24 18:00:00,raw_uncorrected,perfect_model_baseline,9.52494,9.52494,False,complete
2024-09-24 18:15:00,raw_uncorrected,perfect_model_baseline,10.029065,10.029065,False,complete
2024-09-24 18:30:00,raw_uncorrected,perfect_model_baseline,10.029065,10.029065,False,complete
2024-09-24 18:45:00,raw_uncorrected,perfect_model_baseline,10.029065,10.029065,False,complete
2024-09-24 19:00:00,raw_uncorrected,perfect_model_baseline,9.8126,9.8126,False,complete
2024-09-24 19:15:00,raw_uncorrected,perfect_model_baseline,9.551767,9.551767,False,complete
2024-09-24 19:30:00,raw_uncorrected,perfect_model_baseline,9.551767,9.551767,False,complete
2024-09-24 19:45:00,raw_uncorrected,perfect_model_baseline,9.091463,9.091463,False,complete
2024-09-24 20:00:00,raw_uncorrected,perfect_model_baseline,8.867408,8.867408,False,complete
2024-09-24 20:15:00,raw_uncorrected,perfect_model_baseline,8.688102,8.688102,False,complete
2024-09-24 20:30:00,raw_uncorrected,perfect_model_baseline,8.688102,8.688102,False,complete
2024-09-24 20:45:00,raw_uncorrected,perfect_model_baseline,8.479574,8.479574,False,complete
2024-09-24 21:00:00,raw_uncorrected,perfect_model_baseline,8.479574,8.479574,False,complete
2024-09-24 21:15:00,raw_uncorrected,perfect_model_baseline,8.073374,8.073374,False,complete
2024-09-24 21:30:00,raw_uncorrected,perfect_model_baseline,8.073374,8.073374,False,complete
2024-09-24 21:45:00,raw_uncorrected,perfect_model_baseline,8.073374,8.073374,False,complete
2024-09-24 22:00:00,raw_uncorrected,perfect_model_baseline,7.941416,7.941416,False,complete
2024-09-24 22:15:00,raw_uncorrected,perfect_model_baseline,8.119015,8.119015,False,complete
2024-09-24 22:30:00,raw_uncorrected,perfect_model_baseline,8.119015,8.119015,False,complete
2024-09-24 22:45:00,raw_uncorrected,perfect_model_baseline,7.905465,7.905465,False,complete
2024-09-24 23:00:00,raw_uncorrected,perfect_model_baseline,7.725052,7.725052,False,complete
2024-09-24 23:15:00,raw_uncorrected,perfect_model_baseline,7.969295,7.969295,False,complete
2024-09-24 23:30:00,raw_uncorrected,perfect_model_baseline,7.969295,7.969295,False,complete
2024-09-24 23:45:00,raw_uncorrected,perfect_model_baseline,7.676559,7.676559,False,complete
2024-09-25 00:00:00,raw_uncorrected,perfect_model_baseline,7.676559,7.676559,False,complete
2024-09-25 00:15:00,raw_uncorrected,perfect_model_baseline,7.365247,7.365247,False,complete
2024-09-25 00:30:00,raw_uncorrected,perfect_model_baseline,7.064072,7.064072,False,complete
2024-09-25 00:45:00,raw_uncorrected,perfect_model_baseline,7.064072,7.064072,False,complete
2024-09-25 01:00:00,raw_uncorrected,perfect_model_baseline,7.064072,7.064072,False,complete
2024-09-25 01:15:00,raw_uncorrected,perfect_model_baseline,6.891699,6.891699,False,complete
2024-09-25 01:30:00,raw_uncorrected,perfect_model_baseline,6.650727,6.650727,False,complete
2024-09-25 01:45:00,raw_uncorrected,perfect_model_baseline,6.392989,6.392989,False,complete
2024-09-25 02:00:00,raw_uncorrected,perfect_model_baseline,6.392989,6.392989,False,complete
2024-09-25 02:15:00,raw_uncorrected,perfect_model_baseline,6.142905,6.142905,False,complete
2024-09-25 02:30:00,raw_uncorrected,perfect_model_baseline,5.970325,5.970325,False,complete
2024-09-25 02:45:00,raw_uncorrected,perfect_model_baseline,5.970325,5.970325,False,complete
2024-09-25 03:00:00,raw_uncorrected,perfect_model_baseline,5.739419,5.739419,False,complete
2024-09-25 03:15:00,raw_uncorrected,perfect_model_baseline,5.605046,5.605046,False,complete
2024-09-25 03:30:00,raw_uncorrected,perfect_model_baseline,5.605046,5.605046,False,complete
2024-09-25 03:45:00,raw_uncorrected,perfect_model_baseline,5.605046,5.605046,False,complete
2024-09-25 04:00:00,raw_uncorrected,perfect_model_baseline,5.605046,5.605046,False,complete
2024-09-25 04:15:00,raw_uncorrected,perfect_model_baseline,5.661766,5.661766,False,complete
2024-09-25 04:30:00,raw_uncorrected,perfect_model_baseline,5.661766,5.661766,False,complete
2024-09-25 04:45:00,raw_uncorrected,perfect_model_baseline,5.661766,5.661766,False,complete
2024-09-25 05:00:00,raw_uncorrected,perfect_model_baseline,5.661766,5.661766,False,complete
2024-09-25 05:15:00,raw_uncorrected,perfect_model_baseline,5.94566,5.94566,False,complete
2024-09-25 05:30:00,raw_uncorrected,perfect_model_baseline,5.94566,5.94566,False,complete
2024-09-25 05:45:00,raw_uncorrected,perfect_model_baseline,5.94566,5.94566,False,complete
2024-09-25 06:00:00,raw_uncorrected,perfect_model_baseline,6.178846,6.178846,False,complete
2024-09-25 06:15:00,raw_uncorrected,perfect_model_baseline,6.476783,6.476783,False,complete
2024-09-25 06:30:00,raw_uncorrected,perfect_model_baseline,6.663948,6.663948,False,complete
2024-09-25 06:45:00,raw_uncorrected,perfect_model_baseline,6.663948,6.663948,False,complete
2024-09-25 07:00:00,raw_uncorrected,perfect_model_baseline,6.498516,6.498516,False,complete
2024-09-25 07:15:00,raw_uncorrected,perfect_model_baseline,5.95957,5.95957,False,complete
2024-09-25 07:30:00,raw_uncorrected,perfect_model_baseline,6.349567,6.349567,False,complete
2024-09-25 07:45:00,raw_uncorrected,perfect_model_baseline,6.27454,6.27454,False,complete
2024-09-25 08:00:00,raw_uncorrected,perfect_model_baseline,5.464299,5.464299,False,complete
2024-09-25 08:15:00,raw_uncorrected,perfect_model_baseline,5.544016,5.544016,False,complete
2024-09-25 08:30:00,raw_uncorrected,perfect_model_baseline,5.971197,5.971197,False,complete
2024-09-25 08:45:00,raw_uncorrected,perfect_model_baseline,6.528148,6.528148,False,complete
2024-09-25 09:00:00,raw_uncorrected,perfect_model_baseline,5.622834,5.622834,False,complete
2024-09-25 09:15:00,raw_uncorrected,perfect_model_baseline,5.301888,5.301888,False,complete
2024-09-25 09:30:00,raw_uncorrected,perfect_model_baseline,4.202118,4.202118,False,complete
2024-09-25 09:45:00,raw_uncorrected,perfect_model_baseline,5.046296,5.046296,False,complete
2024-09-25 10:00:00,raw_uncorrected,perfect_model_baseline,5.270646,5.270646,False,complete
2024-09-25 10:15:00,raw_uncorrected,perfect_model_baseline,5.846995,5.846995,False,complete
2024-09-25 10:30:00,raw_uncorrected,perfect_model_baseline,4.961074,4.961074,False,complete
2024-09-25 10:45:00,raw_uncorrected,perfect_model_baseline,2.29531,2.29531,False,complete
2024-09-25 11:00:00,raw_uncorrected,perfect_model_baseline,2.222041,2.222041,False,complete
2024-09-25 11:15:00,raw_uncorrected,perfect_model_baseline,1.407884,1.407884,False,complete
2024-09-25 11:30:00,raw_uncorrected,perfect_model_baseline,2.325775,2.325775,False,complete
2024-09-25 11:45:00,raw_uncorrected,perfect_model_baseline,1.715012,1.715012,False,complete
2024-09-25 12:00:00,raw_uncorrected,perfect_model_baseline,2.37105,2.37105,False,complete
2024-09-25 12:15:00,raw_uncorrected,perfect_model_baseline,3.297634,3.297634,False,complete
2024-09-25 12:30:00,raw_uncorrected,perfect_model_baseline,5.441793,5.441793,False,complete
2024-09-25 12:45:00,raw_uncorrected,perfect_model_baseline,6.911098,6.911098,False,complete
2024-09-25 13:00:00,raw_uncorrected,perfect_model_baseline,5.44232,5.44232,False,complete
2024-09-25 13:15:00,raw_uncorrected,perfect_model_baseline,2.01467,2.01467,False,complete
2024-09-25 13:30:00,raw_uncorrected,perfect_model_baseline,2.589174,2.589174,False,complete
2024-09-25 13:45:00,raw_uncorrected,perfect_model_baseline,6.211157,6.211157,False,complete
2024-09-25 14:00:00,raw_uncorrected,perfect_model_baseline,4.261666,4.261666,False,complete
2024-09-25 14:15:00,raw_uncorrected,perfect_model_baseline,3.532303,3.532303,False,complete
2024-09-25 14:30:00,raw_uncorrected,perfect_model_baseline,2.909088,2.909088,False,complete
2024-09-25 14:45:00,raw_uncorrected,perfect_model_baseline,2.083272,2.083272,False,complete
2024-09-25 15:00:00,raw_uncorrected,perfect_model_baseline,1.701108,1.701108,False,complete
2024-09-25 15:15:00,raw_uncorrected,perfect_model_baseline,2.30945,2.30945,False,complete
2024-09-25 15:30:00,raw_uncorrected,perfect_model_baseline,4.521613,4.521613,False,complete
2024-09-25 15:45:00,raw_uncorrected,perfect_model_baseline,4.041833,4.041833,False,complete
2024-09-25 16:00:00,raw_uncorrected,perfect_model_baseline,5.847597,5.847597,False,complete
2024-09-25 16:15:00,raw_uncorrected,perfect_model_baseline,4.893353,4.893353,False,complete
2024-09-25 16:30:00,raw_uncorrected,perfect_model_baseline,7.034026,7.034026,False,complete
2024-09-25 16:45:00,raw_uncorrected,perfect_model_baseline,7.034026,7.034026,False,complete
2024-09-25 17:00:00,raw_uncorrected,perfect_model_baseline,7.776564,7.776564,False,complete
2024-09-25 17:15:00,raw_uncorrected,perfect_model_baseline,8.498938,8.498938,False,complete
2024-09-25 17:30:00,raw_uncorrected,perfect_model_baseline,8.794645,8.794645,False,complete
2024-09-25 17:45:00,raw_uncorrected,perfect_model_baseline,9.486432,9.486432,False,complete
2024-09-25 18:00:00,raw_uncorrected,perfect_model_baseline,9.710487,9.710487,False,complete
2024-09-25 18:15:00,raw_uncorrected,perfect_model_baseline,10.151994,10.151994,False,complete
2024-09-25 18:30:00,raw_uncorrected,perfect_model_baseline,10.151994,10.151994,False,complete
2024-09-25 18:45:00,raw_uncorrected,perfect_model_baseline,10.000914,10.000914,False,complete
2024-09-25 19:00:00,raw_uncorrected,perfect_model_baseline,10.000914,10.000914,False,complete
2024-09-25 19:15:00,raw_uncorrected,perfect_model_baseline,9.628301,9.628301,False,complete
2024-09-25 19:30:00,raw_uncorrected,perfect_model_baseline,9.628301,9.628301,False,complete
2024-09-25 19:45:00,raw_uncorrected,perfect_model_baseline,9.396631,9.396631,False,complete
2024-09-25 20:00:00,raw_uncorrected,perfect_model_baseline,9.124731,9.124731,False,complete
2024-09-25 20:15:00,raw_uncorrected,perfect_model_baseline,8.98067,8.98067,False,complete
2024-09-25 20:30:00,raw_uncorrected,perfect_model_baseline,8.85986,8.85986,False,complete
2024-09-25 20:45:00,raw_uncorrected,perfect_model_baseline,8.85986,8.85986,False,complete
2024-09-25 21:00:00,raw_uncorrected,perfect_model_baseline,8.644233,8.644233,False,complete
2024-09-25 21:15:00,raw_uncorrected,perfect_model_baseline,8.723679,8.723679,False,complete
2024-09-25 21:30:00,raw_uncorrected,perfect_model_baseline,8.491989,8.491989,False,complete
2024-09-25 21:45:00,raw_uncorrected,perfect_model_baseline,8.256811,8.256811,False,complete
2024-09-25 22:00:00,raw_uncorrected,perfect_model_baseline,8.256811,8.256811,False,complete
2024-09-25 22:15:00,raw_uncorrected,perfect_model_baseline,8.260721,8.260721,False,complete
2024-09-25 22:30:00,raw_uncorrected,perfect_model_baseline,8.260721,8.260721,False,complete
2024-09-25 22:45:00,raw_uncorrected,perfect_model_baseline,8.092372,8.092372,False,complete
2024-09-25 23:00:00,raw_uncorrected,perfect_model_baseline,8.036243,8.036243,False,complete
2024-09-25 23:15:00,raw_uncorrected,perfect_model_baseline,8.190728,8.190728,False,complete
2024-09-25 23:30:00,raw_uncorrected,perfect_model_baseline,7.947321,7.947321,False,complete
2024-09-25 23:45:00,raw_uncorrected,perfect_model_baseline,7.582056,7.582056,False,complete
2024-09-26 00:00:00,raw_uncorrected,perfect_model_baseline,7.582056,7.582056,False,complete
2024-09-26 00:15:00,raw_uncorrected,perfect_model_baseline,7.433174,7.433174,False,complete
2024-09-26 00:30:00,raw_uncorrected,perfect_model_baseline,7.433174,7.433174,False,complete
2024-09-26 00:45:00,raw_uncorrected,perfect_model_baseline,7.191673,7.191673,False,complete
2024-09-26 01:00:00,raw_uncorrected,perfect_model_baseline,7.191673,7.191673,False,complete
2024-09-26 01:15:00,raw_uncorrected,perfect_model_baseline,6.851854,6.851854,False,complete
2024-09-26 01:30:00,raw_uncorrected,perfect_model_baseline,6.627897,6.627897,False,complete
2024-09-26 01:45:00,raw_uncorrected,perfect_model_baseline,6.445079,6.445079,False,complete
2024-09-26 02:00:00,raw_uncorrected,perfect_model_baseline,6.445079,6.445079,False,complete
2024-09-26 02:15:00,raw_uncorrected,perfect_model_baseline,6.096743,6.096743,False,complete
2024-09-26 02:30:00,raw_uncorrected,perfect_model_baseline,5.933657,5.933657,False,complete
2024-09-26 02:45:00,raw_uncorrected,perfect_model_baseline,5.933657,5.933657,False,complete
2024-09-26 03:00:00,raw_uncorrected,perfect_model_baseline,5.700639,5.700639,False,complete
2024-09-26 03:15:00,raw_uncorrected,perfect_model_baseline,5.611211,5.611211,False,complete
2024-09-26 03:30:00,raw_uncorrected,perfect_model_baseline,5.611211,5.611211,False,complete
2024-09-26 03:45:00,raw_uncorrected,perfect_model_baseline,5.82646,5.82646,False,complete
2024-09-26 04:00:00,raw_uncorrected,perfect_model_baseline,5.82646,5.82646,False,complete
2024-09-26 04:15:00,raw_uncorrected,perfect_model_baseline,5.87755,5.87755,False,complete
2024-09-26 04:30:00,raw_uncorrected,perfect_model_baseline,5.87755,5.87755,False,complete
2024-09-26 04:45:00,raw_uncorrected,perfect_model_baseline,5.87755,5.87755,False,complete
2024-09-26 05:00:00,raw_uncorrected,perfect_model_baseline,5.87755,5.87755,False,complete
2024-09-26 05:15:00,raw_uncorrected,perfect_model_baseline,5.739449,5.739449,False,complete
2024-09-26 05:30:00,raw_uncorrected,perfect_model_baseline,5.739449,5.739449,False,complete
2024-09-26 05:45:00,raw_uncorrected,perfect_model_baseline,6.024198,6.024198,False,complete
2024-09-26 06:00:00,raw_uncorrected,perfect_model_baseline,6.404033,6.404033,False,complete
2024-09-26 06:15:00,raw_uncorrected,perfect_model_baseline,6.70371,6.70371,False,complete
2024-09-26 06:30:00,raw_uncorrected,perfect_model_baseline,6.841779,6.841779,False,complete
2024-09-26 06:45:00,raw_uncorrected,perfect_model_baseline,7.074077,7.074077,False,complete
2024-09-26 07:00:00,raw_uncorrected,perfect_model_baseline,7.074077,7.074077,False,complete
2024-09-26 07:15:00,raw_uncorrected,perfect_model_baseline,7.273978,7.273978,False,complete
2024-09-26 07:30:00,raw_uncorrected,perfect_model_baseline,7.498033,7.498033,False,complete
2024-09-26 07:45:00,raw_uncorrected,perfect_model_baseline,7.740234,7.740234,False,complete
2024-09-26 08:00:00,raw_uncorrected,perfect_model_baseline,7.516081,7.516081,False,complete
2024-09-26 08:15:00,raw_uncorrected,perfect_model_baseline,7.053419,7.053419,False,complete
2024-09-26 08:30:00,raw_uncorrected,perfect_model_baseline,7.264547,7.264547,False,complete
2024-09-26 08:45:00,raw_uncorrected,perfect_model_baseline,7.519378,7.519378,False,complete
2024-09-26 09:00:00,raw_uncorrected,perfect_model_baseline,7.167394,7.167394,False,complete
2024-09-26 09:15:00,raw_uncorrected,perfect_model_baseline,7.062294,7.062294,False,complete
2024-09-26 09:30:00,raw_uncorrected,perfect_model_baseline,7.215144,7.215144,False,complete
2024-09-26 09:45:00,raw_uncorrected,perfect_model_baseline,7.077506,7.077506,False,complete
2024-09-26 10:00:00,raw_uncorrected,perfect_model_baseline,7.313213,7.313213,False,complete
2024-09-26 10:15:00,raw_uncorrected,perfect_model_baseline,7.279179,7.279179,False,complete
2024-09-26 10:30:00,raw_uncorrected,perfect_model_baseline,7.455103,7.455103,False,complete
2024-09-26 10:45:00,raw_uncorrected,perfect_model_baseline,6.636974,6.636974,False,complete
2024-09-26 11:00:00,raw_uncorrected,perfect_model_baseline,7.46014,7.46014,False,complete
2024-09-26 11:15:00,raw_uncorrected,perfect_model_baseline,8.083162,8.083162,False,complete
2024-09-26 11:30:00,raw_uncorrected,perfect_model_baseline,8.069519,8.069519,False,complete
2024-09-26 11:45:00,raw_uncorrected,perfect_model_baseline,8.362985,8.362985,False,complete
2024-09-26 12:00:00,raw_uncorrected,perfect_model_baseline,8.341927,8.341927,False,complete
2024-09-26 12:15:00,raw_uncorrected,perfect_model_baseline,8.266295,8.266295,False,complete
2024-09-26 12:30:00,raw_uncorrected,perfect_model_baseline,8.594744,8.594744,False,complete
2024-09-26 12:45:00,raw_uncorrected,perfect_model_baseline,8.284438,8.284438,False,complete
2024-09-26 13:00:00,raw_uncorrected,perfect_model_baseline,8.655603,8.655603,False,complete
2024-09-26 13:15:00,raw_uncorrected,perfect_model_baseline,8.051427,8.051427,False,complete
2024-09-26 13:30:00,raw_uncorrected,perfect_model_baseline,7.18327,7.18327,False,complete
2024-09-26 13:45:00,raw_uncorrected,perfect_model_baseline,6.321434,6.321434,False,complete
2024-09-26 14:00:00,raw_uncorrected,perfect_model_baseline,5.963858,5.963858,False,complete
2024-09-26 14:15:00,raw_uncorrected,perfect_model_baseline,7.055324,7.055324,False,complete
2024-09-26 14:30:00,raw_uncorrected,perfect_model_baseline,7.501667,7.501667,False,complete
2024-09-26 14:45:00,raw_uncorrected,perfect_model_baseline,6.766789,6.766789,False,complete
2024-09-26 15:00:00,raw_uncorrected,perfect_model_baseline,7.403086,7.403086,False,complete
2024-09-26 15:15:00,raw_uncorrected,perfect_model_baseline,7.780951,7.780951,False,complete
2024-09-26 15:30:00,raw_uncorrected,perfect_model_baseline,8.663186,8.663186,False,complete
2024-09-26 15:45:00,raw_uncorrected,perfect_model_baseline,8.764117,8.764117,False,complete
2024-09-26 16:00:00,raw_uncorrected,perfect_model_baseline,9.169884,9.169884,False,complete
2024-09-26 16:15:00,raw_uncorrected,perfect_model_baseline,8.913513,8.913513,False,complete
2024-09-26 16:30:00,raw_uncorrected,perfect_model_baseline,9.533185,9.533185,False,complete
2024-09-26 16:45:00,raw_uncorrected,perfect_model_baseline,10.027297,10.027297,False,complete
2024-09-26 17:00:00,raw_uncorrected,perfect_model_baseline,10.252335,10.252335,False,complete
2024-09-26 17:15:00,raw_uncorrected,perfect_model_baseline,10.653223,10.653223,False,complete
2024-09-26 17:30:00,raw_uncorrected,perfect_model_baseline,11.447923,11.447923,False,complete
2024-09-26 17:45:00,raw_uncorrected,perfect_model_baseline,11.84669,11.84669,False,complete
2024-09-26 18:00:00,raw_uncorrected,perfect_model_baseline,12.302781,12.302781,False,complete
2024-09-26 18:15:00,raw_uncorrected,perfect_model_baseline,12.194345,12.194345,False,complete
2024-09-26 18:30:00,raw_uncorrected,perfect_model_baseline,12.618467,12.618467,False,complete
2024-09-26 18:45:00,raw_uncorrected,perfect_model_baseline,12.400014,12.400014,False,complete
2024-09-26 19:00:00,raw_uncorrected,perfect_model_baseline,12.174036,12.174036,False,complete
2024-09-26 19:15:00,raw_uncorrected,perfect_model_baseline,12.037666,12.037666,False,complete
2024-09-26 19:30:00,raw_uncorrected,perfect_model_baseline,11.796272,11.796272,False,complete
2024-09-26 19:45:00,raw_uncorrected,perfect_model_baseline,11.33087,11.33087,False,complete
2024-09-26 20:00:00,raw_uncorrected,perfect_model_baseline,11.106617,11.106617,False,complete
2024-09-26 20:15:00,raw_uncorrected,perfect_model_baseline,10.936683,10.936683,False,complete
2024-09-26 20:30:00,raw_uncorrected,perfect_model_baseline,10.736332,10.736332,False,complete
2024-09-26 20:45:00,raw_uncorrected,perfect_model_baseline,10.498144,10.498144,False,complete
2024-09-26 21:00:00,raw_uncorrected,perfect_model_baseline,10.272515,10.272515,False,complete
2024-09-26 21:15:00,raw_uncorrected,perfect_model_baseline,10.019393,10.019393,False,complete
2024-09-26 21:30:00,raw_uncorrected,perfect_model_baseline,9.828558,9.828558,False,complete
2024-09-26 21:45:00,raw_uncorrected,perfect_model_baseline,9.541432,9.541432,False,complete
2024-09-26 22:00:00,raw_uncorrected,perfect_model_baseline,9.048972,9.048972,False,complete
2024-09-26 22:15:00,raw_uncorrected,perfect_model_baseline,9.5042,9.5042,False,complete
2024-09-26 22:30:00,raw_uncorrected,perfect_model_baseline,9.144668,9.144668,False,complete
2024-09-26 22:45:00,raw_uncorrected,perfect_model_baseline,8.919039,8.919039,False,complete
2024-09-26 23:00:00,raw_uncorrected,perfect_model_baseline,8.919039,8.919039,False,complete
2024-09-26 23:15:00,raw_uncorrected,perfect_model_baseline,9.001078,9.001078,False,complete
2024-09-26 23:30:00,raw_uncorrected,perfect_model_baseline,8.801482,8.801482,False,complete
2024-09-26 23:45:00,raw_uncorrected,perfect_model_baseline,8.471574,8.471574,False,complete
2024-09-27 00:00:00,raw_uncorrected,perfect_model_baseline,8.471574,8.471574,False,complete
2024-09-27 00:15:00,raw_uncorrected,perfect_model_baseline,8.166516,8.166516,False,complete
2024-09-27 00:30:00,raw_uncorrected,perfect_model_baseline,8.04459,8.04459,False,complete
2024-09-27 00:45:00,raw_uncorrected,perfect_model_baseline,7.818367,7.818367,False,complete
2024-09-27 01:00:00,raw_uncorrected,perfect_model_baseline,8.044684,8.044684,False,complete
2024-09-27 01:15:00,raw_uncorrected,perfect_model_baseline,7.789897,7.789897,False,complete
2024-09-27 01:30:00,raw_uncorrected,perfect_model_baseline,7.333725,7.333725,False,complete
2024-09-27 01:45:00,raw_uncorrected,perfect_model_baseline,6.816784,6.816784,False,complete
2024-09-27 02:00:00,raw_uncorrected,perfect_model_baseline,6.816784,6.816784,False,complete
2024-09-27 02:15:00,raw_uncorrected,perfect_model_baseline,6.95835,6.95835,False,complete
2024-09-27 02:30:00,raw_uncorrected,perfect_model_baseline,6.95835,6.95835,False,complete
2024-09-27 02:45:00,raw_uncorrected,perfect_model_baseline,6.72578,6.72578,False,complete
2024-09-27 03:00:00,raw_uncorrected,perfect_model_baseline,6.389995,6.389995,False,complete
2024-09-27 03:15:00,raw_uncorrected,perfect_model_baseline,6.346374,6.346374,False,complete
2024-09-27 03:30:00,raw_uncorrected,perfect_model_baseline,6.346374,6.346374,False,complete
2024-09-27 03:45:00,raw_uncorrected,perfect_model_baseline,6.346374,6.346374,False,complete
2024-09-27 04:00:00,raw_uncorrected,perfect_model_baseline,6.346374,6.346374,False,complete
2024-09-27 04:15:00,raw_uncorrected,perfect_model_baseline,6.365296,6.365296,False,complete
2024-09-27 04:30:00,raw_uncorrected,perfect_model_baseline,6.365296,6.365296,False,complete
2024-09-27 04:45:00,raw_uncorrected,perfect_model_baseline,6.365296,6.365296,False,complete
2024-09-27 05:00:00,raw_uncorrected,perfect_model_baseline,6.365296,6.365296,False,complete
2024-09-27 05:15:00,raw_uncorrected,perfect_model_baseline,6.496156,6.496156,False,complete
2024-09-27 05:30:00,raw_uncorrected,perfect_model_baseline,6.601832,6.601832,False,complete
2024-09-27 05:45:00,raw_uncorrected,perfect_model_baseline,6.819668,6.819668,False,complete
2024-09-27 06:00:00,raw_uncorrected,perfect_model_baseline,6.819668,6.819668,False,complete
2024-09-27 06:15:00,raw_uncorrected,perfect_model_baseline,6.831759,6.831759,False,complete
2024-09-27 06:30:00,raw_uncorrected,perfect_model_baseline,6.847594,6.847594,False,complete
2024-09-27 06:45:00,raw_uncorrected,perfect_model_baseline,6.050374,6.050374,False,complete
2024-09-27 07:00:00,raw_uncorrected,perfect_model_baseline,6.085079,6.085079,False,complete
2024-09-27 07:15:00,raw_uncorrected,perfect_model_baseline,6.209725,6.209725,False,complete
2024-09-27 07:30:00,raw_uncorrected,perfect_model_baseline,6.627086,6.627086,False,complete
2024-09-27 07:45:00,raw_uncorrected,perfect_model_baseline,3.841139,3.841139,False,complete
2024-09-27 08:00:00,raw_uncorrected,perfect_model_baseline,4.73851,4.73851,False,complete
2024-09-27 08:15:00,raw_uncorrected,perfect_model_baseline,2.757848,2.757848,False,complete
2024-09-27 08:30:00,raw_uncorrected,perfect_model_baseline,2.169953,2.169953,False,complete
2024-09-27 08:45:00,raw_uncorrected,perfect_model_baseline,3.272464,3.272464,False,complete
2024-09-27 09:00:00,raw_uncorrected,perfect_model_baseline,3.334024,3.334024,False,complete
2024-09-27 09:15:00,raw_uncorrected,perfect_model_baseline,3.507666,3.507666,False,complete
2024-09-27 09:30:00,raw_uncorrected,perfect_model_baseline,2.837195,2.837195,False,complete
2024-09-27 09:45:00,raw_uncorrected,perfect_model_baseline,3.246916,3.246916,False,complete
2024-09-27 10:00:00,raw_uncorrected,perfect_model_baseline,2.669795,2.669795,False,complete
2024-09-27 10:15:00,raw_uncorrected,perfect_model_baseline,2.853429,2.853429,False,complete
2024-09-27 10:30:00,raw_uncorrected,perfect_model_baseline,2.976934,2.976934,False,complete
2024-09-27 10:45:00,raw_uncorrected,perfect_model_baseline,2.204342,2.204342,False,complete
2024-09-27 11:00:00,raw_uncorrected,perfect_model_baseline,1.935918,1.935918,False,complete
2024-09-27 11:15:00,raw_uncorrected,perfect_model_baseline,4.236267,4.236267,False,complete
2024-09-27 11:30:00,raw_uncorrected,perfect_model_baseline,3.214807,3.214807,False,complete
2024-09-27 11:45:00,raw_uncorrected,perfect_model_baseline,2.671536,2.671536,False,complete
2024-09-27 12:00:00,raw_uncorrected,perfect_model_baseline,2.50519,2.50519,False,complete
2024-09-27 12:15:00,raw_uncorrected,perfect_model_baseline,5.582839,5.582839,False,complete
2024-09-27 12:30:00,raw_uncorrected,perfect_model_baseline,3.116416,3.116416,False,complete
2024-09-27 12:45:00,raw_uncorrected,perfect_model_baseline,1.950507,1.950507,False,complete
2024-09-27 13:00:00,raw_uncorrected,perfect_model_baseline,2.583491,2.583491,False,complete
2024-09-27 13:15:00,raw_uncorrected,perfect_model_baseline,2.278551,2.278551,False,complete
2024-09-27 13:30:00,raw_uncorrected,perfect_model_baseline,2.376469,2.376469,False,complete
2024-09-27 13:45:00,raw_uncorrected,perfect_model_baseline,2.48193,2.48193,False,complete
2024-09-27 14:00:00,raw_uncorrected,perfect_model_baseline,3.094483,3.094483,False,complete
2024-09-27 14:15:00,raw_uncorrected,perfect_model_baseline,2.260198,2.260198,False,complete
2024-09-27 14:30:00,raw_uncorrected,perfect_model_baseline,3.020356,3.020356,False,complete
2024-09-27 14:45:00,raw_uncorrected,perfect_model_baseline,3.558955,3.558955,False,complete
2024-09-27 15:00:00,raw_uncorrected,perfect_model_baseline,3.79493,3.79493,False,complete
2024-09-27 15:15:00,raw_uncorrected,perfect_model_baseline,4.122748,4.122748,False,complete
2024-09-27 15:30:00,raw_uncorrected,perfect_model_baseline,4.322241,4.322241,False,complete
2024-09-27 15:45:00,raw_uncorrected,perfect_model_baseline,4.456959,4.456959,False,complete
2024-09-27 16:00:00,raw_uncorrected,perfect_model_baseline,5.095023,5.095023,False,complete
2024-09-27 16:15:00,raw_uncorrected,perfect_model_baseline,4.939011,4.939011,False,complete
2024-09-27 16:30:00,raw_uncorrected,perfect_model_baseline,6.4012,6.4012,False,complete
2024-09-27 16:45:00,raw_uncorrected,perfect_model_baseline,7.447639,7.447639,False,complete
2024-09-27 17:00:00,raw_uncorrected,perfect_model_baseline,8.123755,8.123755,False,complete
2024-09-27 17:15:00,raw_uncorrected,perfect_model_baseline,8.418288,8.418288,False,complete
2024-09-27 17:30:00,raw_uncorrected,perfect_model_baseline,9.197606,9.197606,False,complete
2024-09-27 17:45:00,raw_uncorrected,perfect_model_baseline,9.879386,9.879386,False,complete
2024-09-27 18:00:00,raw_uncorrected,perfect_model_baseline,10.512738,10.512738,False,complete
2024-09-27 18:15:00,raw_uncorrected,perfect_model_baseline,10.897559,10.897559,False,complete
2024-09-27 18:30:00,raw_uncorrected,perfect_model_baseline,11.350754,11.350754,False,complete
2024-09-27 18:45:00,raw_uncorrected,perfect_model_baseline,11.350754,11.350754,False,complete
2024-09-27 19:00:00,raw_uncorrected,perfect_model_baseline,11.302992,11.302992,False,complete
2024-09-27 19:15:00,raw_uncorrected,perfect_model_baseline,11.019821,11.019821,False,complete
2024-09-27 19:30:00,raw_uncorrected,perfect_model_baseline,10.916042,10.916042,False,complete
2024-09-27 19:45:00,raw_uncorrected,perfect_model_baseline,10.916042,10.916042,False,complete
2024-09-27 20:00:00,raw_uncorrected,perfect_model_baseline,10.690944,10.690944,False,complete
2024-09-27 20:15:00,raw_uncorrected,perfect_model_baseline,10.523656,10.523656,False,complete
2024-09-27 20:30:00,raw_uncorrected,perfect_model_baseline,10.290345,10.290345,False,complete
2024-09-27 20:45:00,raw_uncorrected,perfect_model_baseline,10.055748,10.055748,False,complete
2024-09-27 21:00:00,raw_uncorrected,perfect_model_baseline,10.055748,10.055748,False,complete
2024-09-27 21:15:00,raw_uncorrected,perfect_model_baseline,9.953057,9.953057,False,complete
2024-09-27 21:30:00,raw_uncorrected,perfect_model_baseline,9.600013,9.600013,False,complete
2024-09-27 21:45:00,raw_uncorrected,perfect_model_baseline,9.555171,9.555171,False,complete
2024-09-27 22:00:00,raw_uncorrected,perfect_model_baseline,9.148658,9.148658,False,complete
2024-09-27 22:15:00,raw_uncorrected,perfect_model_baseline,9.554414,9.554414,False,complete
2024-09-27 22:30:00,raw_uncorrected,perfect_model_baseline,9.554414,9.554414,False,complete
2024-09-27 22:45:00,raw_uncorrected,perfect_model_baseline,9.128716,9.128716,False,complete
2024-09-27 23:00:00,raw_uncorrected,perfect_model_baseline,8.903481,8.903481,False,complete
2024-09-27 23:15:00,raw_uncorrected,perfect_model_baseline,9.106066,9.106066,False,complete
2024-09-27 23:30:00,raw_uncorrected,perfect_model_baseline,8.821565,8.821565,False,complete
2024-09-27 23:45:00,raw_uncorrected,perfect_model_baseline,8.416188,8.416188,False,complete
2024-09-28 00:00:00,raw_uncorrected,perfect_model_baseline,8.416188,8.416188,False,complete
2024-09-28 00:15:00,raw_uncorrected,perfect_model_baseline,8.236911,8.236911,False,complete
2024-09-28 00:30:00,raw_uncorrected,perfect_model_baseline,8.033995,8.033995,False,complete
2024-09-28 00:45:00,raw_uncorrected,perfect_model_baseline,8.033995,8.033995,False,complete
2024-09-28 01:00:00,raw_uncorrected,perfect_model_baseline,8.033995,8.033995,False,complete
2024-09-28 01:15:00,raw_uncorrected,perfect_model_baseline,7.572244,7.572244,False,complete
2024-09-28 01:30:00,raw_uncorrected,perfect_model_baseline,7.327166,7.327166,False,complete
2024-09-28 01:45:00,raw_uncorrected,perfect_model_baseline,6.816784,6.816784,False,complete
2024-09-28 02:00:00,raw_uncorrected,perfect_model_baseline,6.816784,6.816784,False,complete
2024-09-28 02:15:00,raw_uncorrected,perfect_model_baseline,6.616551,6.616551,False,complete
2024-09-28 02:30:00,raw_uncorrected,perfect_model_baseline,6.616551,6.616551,False,complete
2024-09-28 02:45:00,raw_uncorrected,perfect_model_baseline,6.375963,6.375963,False,complete
2024-09-28 03:00:00,raw_uncorrected,perfect_model_baseline,6.152498,6.152498,False,complete
2024-09-28 03:15:00,raw_uncorrected,perfect_model_baseline,6.384535,6.384535,False,complete
2024-09-28 03:30:00,raw_uncorrected,perfect_model_baseline,6.42751,6.42751,False,complete
2024-09-28 03:45:00,raw_uncorrected,perfect_model_baseline,6.42751,6.42751,False,complete
2024-09-28 04:00:00,raw_uncorrected,perfect_model_baseline,6.204045,6.204045,False,complete
2024-09-28 04:15:00,raw_uncorrected,perfect_model_baseline,5.892984,5.892984,False,complete
2024-09-28 04:30:00,raw_uncorrected,perfect_model_baseline,5.892984,5.892984,False,complete
2024-09-28 04:45:00,raw_uncorrected,perfect_model_baseline,5.892984,5.892984,False,complete
2024-09-28 05:00:00,raw_uncorrected,perfect_model_baseline,5.892984,5.892984,False,complete
2024-09-28 05:15:00,raw_uncorrected,perfect_model_baseline,6.09391,6.09391,False,complete
2024-09-28 05:30:00,raw_uncorrected,perfect_model_baseline,6.19732,6.19732,False,complete
2024-09-28 05:45:00,raw_uncorrected,perfect_model_baseline,6.19732,6.19732,False,complete
2024-09-28 06:00:00,raw_uncorrected,perfect_model_baseline,6.19732,6.19732,False,complete
2024-09-28 06:15:00,raw_uncorrected,perfect_model_baseline,6.023635,6.023635,False,complete
2024-09-28 06:30:00,raw_uncorrected,perfect_model_baseline,5.929132,5.929132,False,complete
2024-09-28 06:45:00,raw_uncorrected,perfect_model_baseline,5.705667,5.705667,False,complete
2024-09-28 07:00:00,raw_uncorrected,perfect_model_baseline,5.705667,5.705667,False,complete
2024-09-28 07:15:00,raw_uncorrected,perfect_model_baseline,5.745116,5.745116,False,complete
2024-09-28 07:30:00,raw_uncorrected,perfect_model_baseline,4.746841,4.746841,False,complete
2024-09-28 07:45:00,raw_uncorrected,perfect_model_baseline,6.594538,6.594538,False,complete
2024-09-28 08:00:00,raw_uncorrected,perfect_model_baseline,6.07486,6.07486,False,complete
2024-09-28 08:15:00,raw_uncorrected,perfect_model_baseline,2.296532,2.296532,False,complete
2024-09-28 08:30:00,raw_uncorrected,perfect_model_baseline,2.296532,2.296532,False,complete
2024-09-28 08:45:00,raw_uncorrected,perfect_model_baseline,5.476926,5.476926,False,complete
2024-09-28 09:00:00,raw_uncorrected,perfect_model_baseline,3.936206,3.936206,False,complete
2024-09-28 09:15:00,raw_uncorrected,perfect_model_baseline,1.918531,1.918531,False,complete
2024-09-28 09:30:00,raw_uncorrected,perfect_model_baseline,2.757763,2.757763,False,complete
2024-09-28 09:45:00,raw_uncorrected,perfect_model_baseline,1.920557,1.920557,False,complete
2024-09-28 10:00:00,raw_uncorrected,perfect_model_baseline,2.584805,2.584805,False,complete
2024-09-28 10:15:00,raw_uncorrected,perfect_model_baseline,2.511192,2.511192,False,complete
2024-09-28 10:30:00,raw_uncorrected,perfect_model_baseline,3.485972,3.485972,False,complete
2024-09-28 10:45:00,raw_uncorrected,perfect_model_baseline,4.008236,4.008236,False,complete
2024-09-28 11:00:00,raw_uncorrected,perfect_model_baseline,4.121363,4.121363,False,complete
2024-09-28 11:15:00,raw_uncorrected,perfect_model_baseline,1.480739,1.480739,False,complete
2024-09-28 11:30:00,raw_uncorrected,perfect_model_baseline,3.547994,3.547994,False,complete
2024-09-28 11:45:00,raw_uncorrected,perfect_model_baseline,1.666683,1.666683,False,complete
2024-09-28 12:00:00,raw_uncorrected,perfect_model_baseline,3.651065,3.651065,False,complete
2024-09-28 12:15:00,raw_uncorrected,perfect_model_baseline,2.386907,2.386907,False,complete
2024-09-28 12:30:00,raw_uncorrected,perfect_model_baseline,2.772442,2.772442,False,complete
2024-09-28 12:45:00,raw_uncorrected,perfect_model_baseline,2.697678,2.697678,False,complete
2024-09-28 13:00:00,raw_uncorrected,perfect_model_baseline,5.501539,5.501539,False,complete
2024-09-28 13:15:00,raw_uncorrected,perfect_model_baseline,4.119562,4.119562,False,complete
2024-09-28 13:30:00,raw_uncorrected,perfect_model_baseline,2.011089,2.011089,False,complete
2024-09-28 13:45:00,raw_uncorrected,perfect_model_baseline,1.873439,1.873439,False,complete
2024-09-28 14:00:00,raw_uncorrected,perfect_model_baseline,3.576658,3.576658,False,complete
2024-09-28 14:15:00,raw_uncorrected,perfect_model_baseline,3.499718,3.499718,False,complete
2024-09-28 14:30:00,raw_uncorrected,perfect_model_baseline,3.089577,3.089577,False,complete
2024-09-28 14:45:00,raw_uncorrected,perfect_model_baseline,2.633714,2.633714,False,complete
2024-09-28 15:00:00,raw_uncorrected,perfect_model_baseline,3.744818,3.744818,False,complete
2024-09-28 15:15:00,raw_uncorrected,perfect_model_baseline,4.938024,4.938024,False,complete
2024-09-28 15:30:00,raw_uncorrected,perfect_model_baseline,4.151595,4.151595,False,complete
2024-09-28 15:45:00,raw_uncorrected,perfect_model_baseline,4.924085,4.924085,False,complete
2024-09-28 16:00:00,raw_uncorrected,perfect_model_baseline,3.498837,3.498837,False,complete
2024-09-28 16:15:00,raw_uncorrected,perfect_model_baseline,2.917866,2.917866,False,complete
2024-09-28 16:30:00,raw_uncorrected,perfect_model_baseline,5.210471,5.210471,False,complete
2024-09-28 16:45:00,raw_uncorrected,perfect_model_baseline,7.496439,7.496439,False,complete
2024-09-28 17:00:00,raw_uncorrected,perfect_model_baseline,8.030428,8.030428,False,complete
2024-09-28 17:15:00,raw_uncorrected,perfect_model_baseline,8.177835,8.177835,False,complete
2024-09-28 17:30:00,raw_uncorrected,perfect_model_baseline,8.908394,8.908394,False,complete
2024-09-28 17:45:00,raw_uncorrected,perfect_model_baseline,9.457358,9.457358,False,complete
2024-09-28 18:00:00,raw_uncorrected,perfect_model_baseline,9.457358,9.457358,False,complete
2024-09-28 18:15:00,raw_uncorrected,perfect_model_baseline,9.993515,9.993515,False,complete
2024-09-28 18:30:00,raw_uncorrected,perfect_model_baseline,10.223155,10.223155,False,complete
2024-09-28 18:45:00,raw_uncorrected,perfect_model_baseline,10.223155,10.223155,False,complete
2024-09-28 19:00:00,raw_uncorrected,perfect_model_baseline,10.223155,10.223155,False,complete
2024-09-28 19:15:00,raw_uncorrected,perfect_model_baseline,9.960075,9.960075,False,complete
2024-09-28 19:30:00,raw_uncorrected,perfect_model_baseline,9.753072,9.753072,False,complete
2024-09-28 19:45:00,raw_uncorrected,perfect_model_baseline,9.753072,9.753072,False,complete
2024-09-28 20:00:00,raw_uncorrected,perfect_model_baseline,9.519999,9.519999,False,complete
2024-09-28 20:15:00,raw_uncorrected,perfect_model_baseline,9.2062,9.2062,False,complete
2024-09-28 20:30:00,raw_uncorrected,perfect_model_baseline,9.026104,9.026104,False,complete
2024-09-28 20:45:00,raw_uncorrected,perfect_model_baseline,9.026104,9.026104,False,complete
2024-09-28 21:00:00,raw_uncorrected,perfect_model_baseline,9.026104,9.026104,False,complete
2024-09-28 21:15:00,raw_uncorrected,perfect_model_baseline,8.817962,8.817962,False,complete
2024-09-28 21:30:00,raw_uncorrected,perfect_model_baseline,8.611841,8.611841,False,complete
2024-09-28 21:45:00,raw_uncorrected,perfect_model_baseline,8.611841,8.611841,False,complete
2024-09-28 22:00:00,raw_uncorrected,perfect_model_baseline,8.611841,8.611841,False,complete
2024-09-28 22:15:00,raw_uncorrected,perfect_model_baseline,8.48638,8.48638,False,complete
2024-09-28 22:30:00,raw_uncorrected,perfect_model_baseline,8.365732,8.365732,False,complete
2024-09-28 22:45:00,raw_uncorrected,perfect_model_baseline,8.365732,8.365732,False,complete
2024-09-28 23:00:00,raw_uncorrected,perfect_model_baseline,8.167616,8.167616,False,complete
2024-09-28 23:15:00,raw_uncorrected,perfect_model_baseline,8.126741,8.126741,False,complete
2024-09-28 23:30:00,raw_uncorrected,perfect_model_baseline,7.946486,7.946486,False,complete
2024-09-28 23:45:00,raw_uncorrected,perfect_model_baseline,7.689096,7.689096,False,complete
2024-09-29 00:00:00,raw_uncorrected,perfect_model_baseline,7.689096,7.689096,False,complete
2024-09-29 00:15:00,raw_uncorrected,perfect_model_baseline,7.391571,7.391571,False,complete
2024-09-29 00:30:00,raw_uncorrected,perfect_model_baseline,7.271082,7.271082,False,complete
2024-09-29 00:45:00,raw_uncorrected,perfect_model_baseline,7.271082,7.271082,False,complete
2024-09-29 01:00:00,raw_uncorrected,perfect_model_baseline,7.271082,7.271082,False,complete
2024-09-29 01:15:00,raw_uncorrected,perfect_model_baseline,7.013433,7.013433,False,complete
2024-09-29 01:30:00,raw_uncorrected,perfect_model_baseline,6.592313,6.592313,False,complete
2024-09-29 01:45:00,raw_uncorrected,perfect_model_baseline,6.368553,6.368553,False,complete
2024-09-29 02:00:00,raw_uncorrected,perfect_model_baseline,6.368553,6.368553,False,complete
2024-09-29 02:15:00,raw_uncorrected,perfect_model_baseline,6.241396,6.241396,False,complete
2024-09-29 02:30:00,raw_uncorrected,perfect_model_baseline,6.129171,6.129171,False,complete
2024-09-29 02:45:00,raw_uncorrected,perfect_model_baseline,5.939252,5.939252,False,complete
2024-09-29 03:00:00,raw_uncorrected,perfect_model_baseline,5.939252,5.939252,False,complete
2024-09-29 03:15:00,raw_uncorrected,perfect_model_baseline,5.767864,5.767864,False,complete
2024-09-29 03:30:00,raw_uncorrected,perfect_model_baseline,5.767864,5.767864,False,complete
2024-09-29 03:45:00,raw_uncorrected,perfect_model_baseline,5.767864,5.767864,False,complete
2024-09-29 04:00:00,raw_uncorrected,perfect_model_baseline,5.767864,5.767864,False,complete
2024-09-29 04:15:00,raw_uncorrected,perfect_model_baseline,5.767864,5.767864,False,complete
2024-09-29 04:30:00,raw_uncorrected,perfect_model_baseline,5.671641,5.671641,False,complete
2024-09-29 04:45:00,raw_uncorrected,perfect_model_baseline,5.671641,5.671641,False,complete
2024-09-29 05:00:00,raw_uncorrected,perfect_model_baseline,5.671641,5.671641,False,complete
2024-09-29 05:15:00,raw_uncorrected,perfect_model_baseline,5.675292,5.675292,False,complete
2024-09-29 05:30:00,raw_uncorrected,perfect_model_baseline,5.675292,5.675292,False,complete
2024-09-29 05:45:00,raw_uncorrected,perfect_model_baseline,5.675292,5.675292,False,complete
2024-09-29 06:00:00,raw_uncorrected,perfect_model_baseline,5.675292,5.675292,False,complete
2024-09-29 06:15:00,raw_uncorrected,perfect_model_baseline,5.469925,5.469925,False,complete
2024-09-29 06:30:00,raw_uncorrected,perfect_model_baseline,5.469925,5.469925,False,complete
2024-09-29 06:45:00,raw_uncorrected,perfect_model_baseline,5.25458,5.25458,False,complete
2024-09-29 07:00:00,raw_uncorrected,perfect_model_baseline,4.706972,4.706972,False,complete
2024-09-29 07:15:00,raw_uncorrected,perfect_model_baseline,4.929966,4.929966,False,complete
2024-09-29 07:30:00,raw_uncorrected,perfect_model_baseline,5.5914,5.5914,False,complete
2024-09-29 07:45:00,raw_uncorrected,perfect_model_baseline,5.504791,5.504791,False,complete
2024-09-29 08:00:00,raw_uncorrected,perfect_model_baseline,4.081329,4.081329,False,complete
2024-09-29 08:15:00,raw_uncorrected,perfect_model_baseline,5.830674,5.830674,False,complete
2024-09-29 08:30:00,raw_uncorrected,perfect_model_baseline,5.922741,5.922741,False,complete
2024-09-29 08:45:00,raw_uncorrected,perfect_model_baseline,4.87018,4.87018,False,complete
2024-09-29 09:00:00,raw_uncorrected,perfect_model_baseline,1.859933,1.859933,False,complete
2024-09-29 09:15:00,raw_uncorrected,perfect_model_baseline,3.514771,3.514771,False,complete
2024-09-29 09:30:00,raw_uncorrected,perfect_model_baseline,6.255557,6.255557,False,complete
2024-09-29 09:45:00,raw_uncorrected,perfect_model_baseline,2.420698,2.420698,False,complete
2024-09-29 10:00:00,raw_uncorrected,perfect_model_baseline,4.144349,4.144349,False,complete
2024-09-29 10:15:00,raw_uncorrected,perfect_model_baseline,3.029209,3.029209,False,complete
2024-09-29 10:30:00,raw_uncorrected,perfect_model_baseline,1.933301,1.933301,False,complete
2024-09-29 10:45:00,raw_uncorrected,perfect_model_baseline,2.387394,2.387394,False,complete
2024-09-29 11:00:00,raw_uncorrected,perfect_model_baseline,3.799093,3.799093,False,complete
2024-09-29 11:15:00,raw_uncorrected,perfect_model_baseline,2.317319,2.317319,False,complete
2024-09-29 11:30:00,raw_uncorrected,perfect_model_baseline,2.672672,2.672672,False,complete
2024-09-29 11:45:00,raw_uncorrected,perfect_model_baseline,3.23172,3.23172,False,complete
2024-09-29 12:00:00,raw_uncorrected,perfect_model_baseline,3.235169,3.235169,False,complete
2024-09-29 12:15:00,raw_uncorrected,perfect_model_baseline,3.445348,3.445348,False,complete
2024-09-29 12:30:00,raw_uncorrected,perfect_model_baseline,3.149287,3.149287,False,complete
2024-09-29 12:45:00,raw_uncorrected,perfect_model_baseline,2.335091,2.335091,False,complete
2024-09-29 13:00:00,raw_uncorrected,perfect_model_baseline,1.984729,1.984729,False,complete
2024-09-29 13:15:00,raw_uncorrected,perfect_model_baseline,1.934935,1.934935,False,complete
2024-09-29 13:30:00,raw_uncorrected,perfect_model_baseline,4.098381,4.098381,False,complete
2024-09-29 13:45:00,raw_uncorrected,perfect_model_baseline,3.45661,3.45661,False,complete
2024-09-29 14:00:00,raw_uncorrected,perfect_model_baseline,5.485788,5.485788,False,complete
2024-09-29 14:15:00,raw_uncorrected,perfect_model_baseline,4.498162,4.498162,False,complete
2024-09-29 14:30:00,raw_uncorrected,perfect_model_baseline,5.712925,5.712925,False,complete
2024-09-29 14:45:00,raw_uncorrected,perfect_model_baseline,6.510514,6.510514,False,complete
2024-09-29 15:00:00,raw_uncorrected,perfect_model_baseline,5.439777,5.439777,False,complete
2024-09-29 15:15:00,raw_uncorrected,perfect_model_baseline,4.295758,4.295758,False,complete
2024-09-29 15:30:00,raw_uncorrected,perfect_model_baseline,6.056924,6.056924,False,complete
2024-09-29 15:45:00,raw_uncorrected,perfect_model_baseline,6.293606,6.293606,False,complete
2024-09-29 16:00:00,raw_uncorrected,perfect_model_baseline,6.353171,6.353171,False,complete
2024-09-29 16:15:00,raw_uncorrected,perfect_model_baseline,6.401396,6.401396,False,complete
2024-09-29 16:30:00,raw_uncorrected,perfect_model_baseline,6.823581,6.823581,False,complete
2024-09-29 16:45:00,raw_uncorrected,perfect_model_baseline,7.888126,7.888126,False,complete
2024-09-29 17:00:00,raw_uncorrected,perfect_model_baseline,8.281865,8.281865,False,complete
2024-09-29 17:15:00,raw_uncorrected,perfect_model_baseline,8.613673,8.613673,False,complete
2024-09-29 17:30:00,raw_uncorrected,perfect_model_baseline,9.414592,9.414592,False,complete
2024-09-29 17:45:00,raw_uncorrected,perfect_model_baseline,9.990275,9.990275,False,complete
2024-09-29 18:00:00,raw_uncorrected,perfect_model_baseline,9.990275,9.990275,False,complete
2024-09-29 18:15:00,raw_uncorrected,perfect_model_baseline,10.402283,10.402283,False,complete
2024-09-29 18:30:00,raw_uncorrected,perfect_model_baseline,10.402283,10.402283,False,complete
2024-09-29 18:45:00,raw_uncorrected,perfect_model_baseline,10.402283,10.402283,False,complete
2024-09-29 19:00:00,raw_uncorrected,perfect_model_baseline,10.18351,10.18351,False,complete
2024-09-29 19:15:00,raw_uncorrected,perfect_model_baseline,10.092427,10.092427,False,complete
2024-09-29 19:30:00,raw_uncorrected,perfect_model_baseline,10.092427,10.092427,False,complete
2024-09-29 19:45:00,raw_uncorrected,perfect_model_baseline,9.532532,9.532532,False,complete
2024-09-29 20:00:00,raw_uncorrected,perfect_model_baseline,9.356497,9.356497,False,complete
2024-09-29 20:15:00,raw_uncorrected,perfect_model_baseline,9.174232,9.174232,False,complete
2024-09-29 20:30:00,raw_uncorrected,perfect_model_baseline,9.174232,9.174232,False,complete
2024-09-29 20:45:00,raw_uncorrected,perfect_model_baseline,8.888483,8.888483,False,complete
2024-09-29 21:00:00,raw_uncorrected,perfect_model_baseline,8.657238,8.657238,False,complete
2024-09-29 21:15:00,raw_uncorrected,perfect_model_baseline,8.439647,8.439647,False,complete
2024-09-29 21:30:00,raw_uncorrected,perfect_model_baseline,8.189132,8.189132,False,complete
2024-09-29 21:45:00,raw_uncorrected,perfect_model_baseline,8.189132,8.189132,False,complete
2024-09-29 22:00:00,raw_uncorrected,perfect_model_baseline,8.189132,8.189132,False,complete
2024-09-29 22:15:00,raw_uncorrected,perfect_model_baseline,8.172971,8.172971,False,complete
2024-09-29 22:30:00,raw_uncorrected,perfect_model_baseline,8.172971,8.172971,False,complete
2024-09-29 22:45:00,raw_uncorrected,perfect_model_baseline,7.983303,7.983303,False,complete
2024-09-29 23:00:00,raw_uncorrected,perfect_model_baseline,7.724665,7.724665,False,complete
2024-09-29 23:15:00,raw_uncorrected,perfect_model_baseline,7.835024,7.835024,False,complete
2024-09-29 23:30:00,raw_uncorrected,perfect_model_baseline,7.835024,7.835024,False,complete
2024-09-29 23:45:00,raw_uncorrected,perfect_model_baseline,7.274783,7.274783,False,complete
2024-09-30 00:00:00,raw_uncorrected,perfect_model_baseline,7.249241,7.249241,False,complete
2024-09-30 00:15:00,raw_uncorrected,perfect_model_baseline,7.377117,7.377117,False,complete
2024-09-30 00:30:00,raw_uncorrected,perfect_model_baseline,7.377117,7.377117,False,complete
2024-09-30 00:45:00,raw_uncorrected,perfect_model_baseline,7.176546,7.176546,False,complete
2024-09-30 01:00:00,raw_uncorrected,perfect_model_baseline,7.176546,7.176546,False,complete
2024-09-30 01:15:00,raw_uncorrected,perfect_model_baseline,6.833666,6.833666,False,complete
2024-09-30 01:30:00,raw_uncorrected,perfect_model_baseline,6.388149,6.388149,False,complete
2024-09-30 01:45:00,raw_uncorrected,perfect_model_baseline,6.355972,6.355972,False,complete
2024-09-30 02:00:00,raw_uncorrected,perfect_model_baseline,6.355972,6.355972,False,complete
2024-09-30 02:15:00,raw_uncorrected,perfect_model_baseline,5.916375,5.916375,False,complete
2024-09-30 02:30:00,raw_uncorrected,perfect_model_baseline,5.677098,5.677098,False,complete
2024-09-30 02:45:00,raw_uncorrected,perfect_model_baseline,5.677098,5.677098,False,complete
2024-09-30 03:00:00,raw_uncorrected,perfect_model_baseline,5.677098,5.677098,False,complete
2024-09-30 03:15:00,raw_uncorrected,perfect_model_baseline,5.698524,5.698524,False,complete
2024-09-30 03:30:00,raw_uncorrected,perfect_model_baseline,5.698524,5.698524,False,complete
2024-09-30 03:45:00,raw_uncorrected,perfect_model_baseline,5.698524,5.698524,False,complete
2024-09-30 04:00:00,raw_uncorrected,perfect_model_baseline,5.698524,5.698524,False,complete
2024-09-30 04:15:00,raw_uncorrected,perfect_model_baseline,5.555913,5.555913,False,complete
2024-09-30 04:30:00,raw_uncorrected,perfect_model_baseline,5.607228,5.607228,False,complete
2024-09-30 04:45:00,raw_uncorrected,perfect_model_baseline,5.607228,5.607228,False,complete
2024-09-30 05:00:00,raw_uncorrected,perfect_model_baseline,5.832955,5.832955,False,complete
2024-09-30 05:15:00,raw_uncorrected,perfect_model_baseline,6.145239,6.145239,False,complete
2024-09-30 05:30:00,raw_uncorrected,perfect_model_baseline,6.145239,6.145239,False,complete
2024-09-30 05:45:00,raw_uncorrected,perfect_model_baseline,6.145239,6.145239,False,complete
2024-09-30 06:00:00,raw_uncorrected,perfect_model_baseline,6.327608,6.327608,False,complete
2024-09-30 06:15:00,raw_uncorrected,perfect_model_baseline,6.568006,6.568006,False,complete
2024-09-30 06:30:00,raw_uncorrected,perfect_model_baseline,6.756094,6.756094,False,complete
2024-09-30 06:45:00,raw_uncorrected,perfect_model_baseline,6.756094,6.756094,False,complete
2024-09-30 07:00:00,raw_uncorrected,perfect_model_baseline,6.32518,6.32518,False,complete
2024-09-30 07:15:00,raw_uncorrected,perfect_model_baseline,6.194439,6.194439,False,complete
2024-09-30 07:30:00,raw_uncorrected,perfect_model_baseline,5.901531,5.901531,False,complete
2024-09-30 07:45:00,raw_uncorrected,perfect_model_baseline,5.159443,5.159443,False,complete
2024-09-30 08:00:00,raw_uncorrected,perfect_model_baseline,5.284565,5.284565,False,complete
2024-09-30 08:15:00,raw_uncorrected,perfect_model_baseline,3.66899,3.66899,False,complete
2024-09-30 08:30:00,raw_uncorrected,perfect_model_baseline,2.582023,2.582023,False,complete
2024-09-30 08:45:00,raw_uncorrected,perfect_model_baseline,3.132251,3.132251,False,complete
2024-09-30 09:00:00,raw_uncorrected,perfect_model_baseline,4.85936,4.85936,False,complete
2024-09-30 09:15:00,raw_uncorrected,perfect_model_baseline,3.416198,3.416198,False,complete
2024-09-30 09:30:00,raw_uncorrected,perfect_model_baseline,4.557761,4.557761,False,complete
2024-09-30 09:45:00,raw_uncorrected,perfect_model_baseline,2.469335,2.469335,False,complete
2024-09-30 10:00:00,raw_uncorrected,perfect_model_baseline,4.281586,4.281586,False,complete
2024-09-30 10:15:00,raw_uncorrected,perfect_model_baseline,4.588939,4.588939,False,complete
2024-09-30 10:30:00,raw_uncorrected,perfect_model_baseline,2.786135,2.786135,False,complete
2024-09-30 10:45:00,raw_uncorrected,perfect_model_baseline,2.203743,2.203743,False,complete
2024-09-30 11:00:00,raw_uncorrected,perfect_model_baseline,3.09733,3.09733,False,complete
2024-09-30 11:15:00,raw_uncorrected,perfect_model_baseline,2.237374,2.237374,False,complete
2024-09-30 11:30:00,raw_uncorrected,perfect_model_baseline,2.99687,2.99687,False,complete
2024-09-30 11:45:00,raw_uncorrected,perfect_model_baseline,2.287579,2.287579,False,complete
2024-09-30 12:00:00,raw_uncorrected,perfect_model_baseline,2.097089,2.097089,False,complete
2024-09-30 12:15:00,raw_uncorrected,perfect_model_baseline,2.623801,2.623801,False,complete
2024-09-30 12:30:00,raw_uncorrected,perfect_model_baseline,6.511866,6.511866,False,complete
2024-09-30 12:45:00,raw_uncorrected,perfect_model_baseline,3.437506,3.437506,False,complete
2024-09-30 13:00:00,raw_uncorrected,perfect_model_baseline,2.123237,2.123237,False,complete
2024-09-30 13:15:00,raw_uncorrected,perfect_model_baseline,4.923136,4.923136,False,complete
2024-09-30 13:30:00,raw_uncorrected,perfect_model_baseline,3.557742,3.557742,False,complete
2024-09-30 13:45:00,raw_uncorrected,perfect_model_baseline,3.17781,3.17781,False,complete
2024-09-30 14:00:00,raw_uncorrected,perfect_model_baseline,2.801415,2.801415,False,complete
2024-09-30 14:15:00,raw_uncorrected,perfect_model_baseline,3.198132,3.198132,False,complete
2024-09-30 14:30:00,raw_uncorrected,perfect_model_baseline,2.779272,2.779272,False,complete
2024-09-30 14:45:00,raw_uncorrected,perfect_model_baseline,2.174797,2.174797,False,complete
2024-09-30 15:00:00,raw_uncorrected,perfect_model_baseline,2.177198,2.177198,False,complete
2024-09-30 15:15:00,raw_uncorrected,perfect_model_baseline,2.042673,2.042673,False,complete
2024-09-30 15:30:00,raw_uncorrected,perfect_model_baseline,2.178807,2.178807,False,complete
2024-09-30 15:45:00,raw_uncorrected,perfect_model_baseline,2.355797,2.355797,False,complete
2024-09-30 16:00:00,raw_uncorrected,perfect_model_baseline,4.13272,4.13272,False,complete
2024-09-30 16:15:00,raw_uncorrected,perfect_model_baseline,3.906629,3.906629,False,complete
2024-09-30 16:30:00,raw_uncorrected,perfect_model_baseline,6.04644,6.04644,False,complete
2024-09-30 16:45:00,raw_uncorrected,perfect_model_baseline,6.137624,6.137624,False,complete
2024-09-30 17:00:00,raw_uncorrected,perfect_model_baseline,7.637628,7.637628,False,complete
2024-09-30 17:15:00,raw_uncorrected,perfect_model_baseline,8.139658,8.139658,False,complete
2024-09-30 17:30:00,raw_uncorrected,perfect_model_baseline,8.828132,8.828132,False,complete
2024-09-30 17:45:00,raw_uncorrected,perfect_model_baseline,9.552136,9.552136,False,complete
2024-09-30 18:00:00,raw_uncorrected,perfect_model_baseline,10.173052,10.173052,False,complete
2024-09-30 18:15:00,raw_uncorrected,perfect_model_baseline,10.548728,10.548728,False,complete
2024-09-30 18:30:00,raw_uncorrected,perfect_model_baseline,10.548728,10.548728,False,complete
2024-09-30 18:45:00,raw_uncorrected,perfect_model_baseline,10.724346,10.724346,False,complete
2024-09-30 19:00:00,raw_uncorrected,perfect_model_baseline,10.498619,10.498619,False,complete
2024-09-30 19:15:00,raw_uncorrected,perfect_model_baseline,10.037317,10.037317,False,complete
2024-09-30 19:30:00,raw_uncorrected,perfect_model_baseline,10.037317,10.037317,False,complete
2024-09-30 19:45:00,raw_uncorrected,perfect_model_baseline,10.037317,10.037317,False,complete
2024-09-30 20:00:00,raw_uncorrected,perfect_model_baseline,9.807588,9.807588,False,complete
2024-09-30 20:15:00,raw_uncorrected,perfect_model_baseline,9.678557,9.678557,False,complete
2024-09-30 20:30:00,raw_uncorrected,perfect_model_baseline,9.38235,9.38235,False,complete
2024-09-30 20:45:00,raw_uncorrected,perfect_model_baseline,9.38235,9.38235,False,complete
2024-09-30 21:00:00,raw_uncorrected,perfect_model_baseline,9.143741,9.143741,False,complete
2024-09-30 21:15:00,raw_uncorrected,perfect_model_baseline,9.059639,9.059639,False,complete
2024-09-30 21:30:00,raw_uncorrected,perfect_model_baseline,8.658927,8.658927,False,complete
2024-09-30 21:45:00,raw_uncorrected,perfect_model_baseline,8.658927,8.658927,False,complete
2024-09-30 22:00:00,raw_uncorrected,perfect_model_baseline,8.405284,8.405284,False,complete
2024-09-30 22:15:00,raw_uncorrected,perfect_model_baseline,8.457618,8.457618,False,complete
2024-09-30 22:30:00,raw_uncorrected,perfect_model_baseline,8.457618,8.457618,False,complete
2024-09-30 22:45:00,raw_uncorrected,perfect_model_baseline,8.24288,8.24288,False,complete
2024-09-30 23:00:00,raw_uncorrected,perfect_model_baseline,8.139649,8.139649,False,complete
2024-09-30 23:15:00,raw_uncorrected,perfect_model_baseline,8.317368,8.317368,False,complete
2024-09-30 23:30:00,raw_uncorrected,perfect_model_baseline,8.317368,8.317368,False,complete
2024-09-30 23:45:00,raw_uncorrected,perfect_model_baseline,8.317368,8.317368,False,complete
2024-09-01 00:00:00,m8_xgb_corrected,perfect_model_baseline,7.419762,7.419762,False,complete
2024-09-01 00:15:00,m8_xgb_corrected,perfect_model_baseline,,,False,complete
2024-09-01 00:30:00,m8_xgb_corrected,perfect_model_baseline,7.0927,7.0927,False,complete
2024-09-01 00:45:00,m8_xgb_corrected,perfect_model_baseline,7.0927,7.0927,False,complete
2024-09-01 01:00:00,m8_xgb_corrected,perfect_model_baseline,7.0927,7.0927,False,complete
2024-09-01 01:15:00,m8_xgb_corrected,perfect_model_baseline,6.975753,6.975753,False,complete
2024-09-01 01:30:00,m8_xgb_corrected,perfect_model_baseline,6.45842,6.45842,False,complete
2024-09-01 01:45:00,m8_xgb_corrected,perfect_model_baseline,6.45842,6.45842,False,complete
2024-09-01 02:00:00,m8_xgb_corrected,perfect_model_baseline,6.264751,6.264751,False,complete
2024-09-01 02:15:00,m8_xgb_corrected,perfect_model_baseline,6.264751,6.264751,False,complete
2024-09-01 02:30:00,m8_xgb_corrected,perfect_model_baseline,6.018404,6.018404,False,complete
2024-09-01 02:45:00,m8_xgb_corrected,perfect_model_baseline,5.975326,5.975326,False,complete
2024-09-01 03:00:00,m8_xgb_corrected,perfect_model_baseline,5.975326,5.975326,False,complete
2024-09-01 03:15:00,m8_xgb_corrected,perfect_model_baseline,5.794437,5.794437,False,complete
2024-09-01 03:30:00,m8_xgb_corrected,perfect_model_baseline,5.527672,5.527672,False,complete
2024-09-01 03:45:00,m8_xgb_corrected,perfect_model_baseline,5.527672,5.527672,False,complete
2024-09-01 04:00:00,m8_xgb_corrected,perfect_model_baseline,5.527672,5.527672,False,complete
2024-09-01 04:15:00,m8_xgb_corrected,perfect_model_baseline,5.527672,5.527672,False,complete
2024-09-01 04:30:00,m8_xgb_corrected,perfect_model_baseline,5.502798,5.502798,False,complete
2024-09-01 04:45:00,m8_xgb_corrected,perfect_model_baseline,5.502798,5.502798,False,complete
2024-09-01 05:00:00,m8_xgb_corrected,perfect_model_baseline,5.497718,5.497718,False,complete
2024-09-01 05:15:00,m8_xgb_corrected,perfect_model_baseline,5.497718,5.497718,False,complete
2024-09-01 05:30:00,m8_xgb_corrected,perfect_model_baseline,5.595233,5.595233,False,complete
2024-09-01 05:45:00,m8_xgb_corrected,perfect_model_baseline,5.595233,5.595233,False,complete
2024-09-01 06:00:00,m8_xgb_corrected,perfect_model_baseline,5.595233,5.595233,False,complete
2024-09-01 06:15:00,m8_xgb_corrected,perfect_model_baseline,5.595233,5.595233,False,complete
2024-09-01 06:30:00,m8_xgb_corrected,perfect_model_baseline,5.536088,5.536088,False,complete
2024-09-01 06:45:00,m8_xgb_corrected,perfect_model_baseline,5.536088,5.536088,False,complete
2024-09-01 07:00:00,m8_xgb_corrected,perfect_model_baseline,4.985183,4.985183,False,complete
2024-09-01 07:15:00,m8_xgb_corrected,perfect_model_baseline,4.761029,4.761029,False,complete
2024-09-01 07:30:00,m8_xgb_corrected,perfect_model_baseline,4.087097,4.087097,False,complete
2024-09-01 07:45:00,m8_xgb_corrected,perfect_model_baseline,3.475191,3.475191,False,complete
2024-09-01 08:00:00,m8_xgb_corrected,perfect_model_baseline,2.612126,2.612126,False,complete
2024-09-01 08:15:00,m8_xgb_corrected,perfect_model_baseline,2.292951,2.292951,False,complete
2024-09-01 08:30:00,m8_xgb_corrected,perfect_model_baseline,1.736174,1.736174,False,complete
2024-09-01 08:45:00,m8_xgb_corrected,perfect_model_baseline,1.540038,1.540038,False,complete
2024-09-01 09:00:00,m8_xgb_corrected,perfect_model_baseline,-1.540038,-1.2320304000000002,False,complete
2024-09-01 09:15:00,m8_xgb_corrected,perfect_model_baseline,-1.987196,-1.5897568,False,complete
2024-09-01 09:30:00,m8_xgb_corrected,perfect_model_baseline,-2.639596,-2.1116768,False,complete
2024-09-01 09:45:00,m8_xgb_corrected,perfect_model_baseline,-3.259874,-2.6078992000000003,False,complete
2024-09-01 10:00:00,m8_xgb_corrected,perfect_model_baseline,-3.482946,-2.7863568,False,complete
2024-09-01 10:15:00,m8_xgb_corrected,perfect_model_baseline,-4.151008,-3.3208064000000004,False,complete
2024-09-01 10:30:00,m8_xgb_corrected,perfect_model_baseline,-4.694655,-3.755724,False,complete
2024-09-01 10:45:00,m8_xgb_corrected,perfect_model_baseline,-5.093699,-4.0749591999999994,False,complete
2024-09-01 11:00:00,m8_xgb_corrected,perfect_model_baseline,-5.316181,-4.2529448,False,complete
2024-09-01 11:15:00,m8_xgb_corrected,perfect_model_baseline,-5.76134,-4.609072,False,complete
2024-09-01 11:30:00,m8_xgb_corrected,perfect_model_baseline,-5.991692,-4.7933536,False,complete
2024-09-01 11:45:00,m8_xgb_corrected,perfect_model_baseline,-6.171315,-4.9370519999999996,False,complete
2024-09-01 12:00:00,m8_xgb_corrected,perfect_model_baseline,-6.171315,-4.9370519999999996,False,complete
2024-09-01 12:15:00,m8_xgb_corrected,perfect_model_baseline,-6.171315,-4.9370519999999996,False,complete
2024-09-01 12:30:00,m8_xgb_corrected,perfect_model_baseline,-6.228107,-4.9824856,False,complete
2024-09-01 12:45:00,m8_xgb_corrected,perfect_model_baseline,-6.228107,-4.9824856,False,complete
2024-09-01 13:00:00,m8_xgb_corrected,perfect_model_baseline,-6.065597,-4.8524776,False,complete
2024-09-01 13:15:00,m8_xgb_corrected,perfect_model_baseline,-5.757546,-4.6060368,False,complete
2024-09-01 13:30:00,m8_xgb_corrected,perfect_model_baseline,-5.290561,-4.2324488,False,complete
2024-09-01 13:45:00,m8_xgb_corrected,perfect_model_baseline,-4.872121,-3.8976968000000003,False,complete
2024-09-01 14:00:00,m8_xgb_corrected,perfect_model_baseline,-4.426863,-3.5414904,False,complete
2024-09-01 14:15:00,m8_xgb_corrected,perfect_model_baseline,-3.981605,-3.1852840000000002,False,complete
2024-09-01 14:30:00,m8_xgb_corrected,perfect_model_baseline,-3.328649,-2.6629191999999997,False,complete
2024-09-01 14:45:00,m8_xgb_corrected,perfect_model_baseline,-2.603608,-2.0828864,False,complete
2024-09-01 15:00:00,m8_xgb_corrected,perfect_model_baseline,-1.792847,-1.4342776000000002,False,complete
2024-09-01 15:15:00,m8_xgb_corrected,perfect_model_baseline,-1.571349,-1.2570792000000002,False,complete
2024-09-01 15:30:00,m8_xgb_corrected,perfect_model_baseline,1.792166,1.792166,False,complete
2024-09-01 15:45:00,m8_xgb_corrected,perfect_model_baseline,2.182104,2.182104,False,complete
2024-09-01 16:00:00,m8_xgb_corrected,perfect_model_baseline,2.932575,2.932575,False,complete
2024-09-01 16:15:00,m8_xgb_corrected,perfect_model_baseline,4.017673,4.017673,False,complete
2024-09-01 16:30:00,m8_xgb_corrected,perfect_model_baseline,5.238444,5.238444,False,complete
2024-09-01 16:45:00,m8_xgb_corrected,perfect_model_baseline,6.304026,6.304026,False,complete
2024-09-01 17:00:00,m8_xgb_corrected,perfect_model_baseline,7.35497,7.35497,False,complete
2024-09-01 17:15:00,m8_xgb_corrected,perfect_model_baseline,8.162086,8.162086,False,complete
2024-09-01 17:30:00,m8_xgb_corrected,perfect_model_baseline,8.866188,8.866188,False,complete
2024-09-01 17:45:00,m8_xgb_corrected,perfect_model_baseline,9.372046,9.372046,False,complete
2024-09-01 18:00:00,m8_xgb_corrected,perfect_model_baseline,9.595905,9.595905,False,complete
2024-09-01 18:15:00,m8_xgb_corrected,perfect_model_baseline,10.043424,10.043424,False,complete
2024-09-01 18:30:00,m8_xgb_corrected,perfect_model_baseline,9.914177,9.914177,False,complete
2024-09-01 18:45:00,m8_xgb_corrected,perfect_model_baseline,9.914177,9.914177,False,complete
2024-09-01 19:00:00,m8_xgb_corrected,perfect_model_baseline,9.802342,9.802342,False,complete
2024-09-01 19:15:00,m8_xgb_corrected,perfect_model_baseline,9.587472,9.587472,False,complete
2024-09-01 19:30:00,m8_xgb_corrected,perfect_model_baseline,9.240528,9.240528,False,complete
2024-09-01 19:45:00,m8_xgb_corrected,perfect_model_baseline,9.162829,9.162829,False,complete
2024-09-01 20:00:00,m8_xgb_corrected,perfect_model_baseline,8.955914,8.955914,False,complete
2024-09-01 20:15:00,m8_xgb_corrected,perfect_model_baseline,8.731466,8.731466,False,complete
2024-09-01 20:30:00,m8_xgb_corrected,perfect_model_baseline,8.532222,8.532222,False,complete
2024-09-01 20:45:00,m8_xgb_corrected,perfect_model_baseline,8.532222,8.532222,False,complete
2024-09-01 21:00:00,m8_xgb_corrected,perfect_model_baseline,8.359114,8.359114,False,complete
2024-09-01 21:15:00,m8_xgb_corrected,perfect_model_baseline,8.359114,8.359114,False,complete
2024-09-01 21:30:00,m8_xgb_corrected,perfect_model_baseline,7.835255,7.835255,False,complete
2024-09-01 21:45:00,m8_xgb_corrected,perfect_model_baseline,7.835255,7.835255,False,complete
2024-09-01 22:00:00,m8_xgb_corrected,perfect_model_baseline,7.835255,7.835255,False,complete
2024-09-01 22:15:00,m8_xgb_corrected,perfect_model_baseline,7.835255,7.835255,False,complete
2024-09-01 22:30:00,m8_xgb_corrected,perfect_model_baseline,7.709251,7.709251,False,complete
2024-09-01 22:45:00,m8_xgb_corrected,perfect_model_baseline,7.709251,7.709251,False,complete
2024-09-01 23:00:00,m8_xgb_corrected,perfect_model_baseline,7.605523,7.605523,False,complete
2024-09-01 23:15:00,m8_xgb_corrected,perfect_model_baseline,7.663249,7.663249,False,complete
2024-09-01 23:30:00,m8_xgb_corrected,perfect_model_baseline,7.513606,7.513606,False,complete
2024-09-01 23:45:00,m8_xgb_corrected,perfect_model_baseline,7.19249,7.19249,False,complete
2024-09-02 00:00:00,m8_xgb_corrected,perfect_model_baseline,7.140671,7.140671,False,complete
2024-09-02 00:15:00,m8_xgb_corrected,perfect_model_baseline,,,False,complete
2024-09-02 00:30:00,m8_xgb_corrected,perfect_model_baseline,6.912183,6.912183,False,complete
2024-09-02 00:45:00,m8_xgb_corrected,perfect_model_baseline,6.868978,6.868978,False,complete
2024-09-02 01:00:00,m8_xgb_corrected,perfect_model_baseline,6.868978,6.868978,False,complete
2024-09-02 01:15:00,m8_xgb_corrected,perfect_model_baseline,6.713384,6.713384,False,complete
2024-09-02 01:30:00,m8_xgb_corrected,perfect_model_baseline,6.317566,6.317566,False,complete
2024-09-02 01:45:00,m8_xgb_corrected,perfect_model_baseline,6.231127,6.231127,False,complete
2024-09-02 02:00:00,m8_xgb_corrected,perfect_model_baseline,6.231127,6.231127,False,complete
2024-09-02 02:15:00,m8_xgb_corrected,perfect_model_baseline,6.231127,6.231127,False,complete
2024-09-02 02:30:00,m8_xgb_corrected,perfect_model_baseline,5.870005,5.870005,False,complete
2024-09-02 02:45:00,m8_xgb_corrected,perfect_model_baseline,5.870005,5.870005,False,complete
2024-09-02 03:00:00,m8_xgb_corrected,perfect_model_baseline,5.870005,5.870005,False,complete
2024-09-02 03:15:00,m8_xgb_corrected,perfect_model_baseline,5.775211,5.775211,False,complete
2024-09-02 03:30:00,m8_xgb_corrected,perfect_model_baseline,5.55922,5.55922,False,complete
2024-09-02 03:45:00,m8_xgb_corrected,perfect_model_baseline,5.55922,5.55922,False,complete
2024-09-02 04:00:00,m8_xgb_corrected,perfect_model_baseline,5.55922,5.55922,False,complete
2024-09-02 04:15:00,m8_xgb_corrected,perfect_model_baseline,5.55922,5.55922,False,complete
2024-09-02 04:30:00,m8_xgb_corrected,perfect_model_baseline,5.557769,5.557769,False,complete
2024-09-02 04:45:00,m8_xgb_corrected,perfect_model_baseline,5.557769,5.557769,False,complete
2024-09-02 05:00:00,m8_xgb_corrected,perfect_model_baseline,5.557769,5.557769,False,complete
2024-09-02 05:15:00,m8_xgb_corrected,perfect_model_baseline,5.757103,5.757103,False,complete
2024-09-02 05:30:00,m8_xgb_corrected,perfect_model_baseline,6.001531,6.001531,False,complete
2024-09-02 05:45:00,m8_xgb_corrected,perfect_model_baseline,6.114228,6.114228,False,complete
2024-09-02 06:00:00,m8_xgb_corrected,perfect_model_baseline,6.424685,6.424685,False,complete
2024-09-02 06:15:00,m8_xgb_corrected,perfect_model_baseline,6.424685,6.424685,False,complete
2024-09-02 06:30:00,m8_xgb_corrected,perfect_model_baseline,6.399819,6.399819,False,complete
2024-09-02 06:45:00,m8_xgb_corrected,perfect_model_baseline,6.399819,6.399819,False,complete
2024-09-02 07:00:00,m8_xgb_corrected,perfect_model_baseline,5.961478,5.961478,False,complete
2024-09-02 07:15:00,m8_xgb_corrected,perfect_model_baseline,5.222945,5.222945,False,complete
2024-09-02 07:30:00,m8_xgb_corrected,perfect_model_baseline,4.316673,4.316673,False,complete
2024-09-02 07:45:00,m8_xgb_corrected,perfect_model_baseline,3.548848,3.548848,False,complete
2024-09-02 08:00:00,m8_xgb_corrected,perfect_model_baseline,2.720227,2.720227,False,complete
2024-09-02 08:15:00,m8_xgb_corrected,perfect_model_baseline,1.853684,1.853684,False,complete
2024-09-02 08:30:00,m8_xgb_corrected,perfect_model_baseline,1.581858,1.581858,False,complete
2024-09-02 08:45:00,m8_xgb_corrected,perfect_model_baseline,-1.50444,-1.203552,False,complete
2024-09-02 09:00:00,m8_xgb_corrected,perfect_model_baseline,-1.985861,-1.5886888000000001,False,complete
2024-09-02 09:15:00,m8_xgb_corrected,perfect_model_baseline,-2.683851,-2.1470808,False,complete
2024-09-02 09:30:00,m8_xgb_corrected,perfect_model_baseline,-3.535526,-2.8284208,False,complete
2024-09-02 09:45:00,m8_xgb_corrected,perfect_model_baseline,-4.465232,-3.5721856000000005,False,complete
2024-09-02 10:00:00,m8_xgb_corrected,perfect_model_baseline,-5.066738,-4.0533904000000005,False,complete
2024-09-02 10:15:00,m8_xgb_corrected,perfect_model_baseline,-5.509536,-4.4076288,False,complete
2024-09-02 10:30:00,m8_xgb_corrected,perfect_model_baseline,-6.013331,-4.8106648000000005,False,complete
2024-09-02 10:45:00,m8_xgb_corrected,perfect_model_baseline,-6.423495,-5.138796,False,complete
2024-09-02 11:00:00,m8_xgb_corrected,perfect_model_baseline,-6.86826,-5.494608,False,complete
2024-09-02 11:15:00,m8_xgb_corrected,perfect_model_baseline,-7.090545,-5.672436,False,complete
2024-09-02 11:30:00,m8_xgb_corrected,perfect_model_baseline,-7.130858,-5.7046864,False,complete
2024-09-02 11:45:00,m8_xgb_corrected,perfect_model_baseline,-7.258991,-5.8071928,False,complete
2024-09-02 12:00:00,m8_xgb_corrected,perfect_model_baseline,-7.258991,-5.8071928,False,complete
2024-09-02 12:15:00,m8_xgb_corrected,perfect_model_baseline,-7.036903,-5.6295224,False,complete
2024-09-02 12:30:00,m8_xgb_corrected,perfect_model_baseline,-7.102094,-5.6816752,False,complete
2024-09-02 12:45:00,m8_xgb_corrected,perfect_model_baseline,-6.931407,-5.5451256,False,complete
2024-09-02 13:00:00,m8_xgb_corrected,perfect_model_baseline,-6.931407,-5.5451256,False,complete
2024-09-02 13:15:00,m8_xgb_corrected,perfect_model_baseline,-6.410686,-5.128548800000001,False,complete
2024-09-02 13:30:00,m8_xgb_corrected,perfect_model_baseline,-6.069425,-4.85554,False,complete
2024-09-02 13:45:00,m8_xgb_corrected,perfect_model_baseline,-5.746445,-4.597156,False,complete
2024-09-02 14:00:00,m8_xgb_corrected,perfect_model_baseline,-5.21118,-4.168944,False,complete
2024-09-02 14:15:00,m8_xgb_corrected,perfect_model_baseline,-4.483561,-3.5868488000000003,False,complete
2024-09-02 14:30:00,m8_xgb_corrected,perfect_model_baseline,-3.810072,-3.0480576,False,complete
2024-09-02 14:45:00,m8_xgb_corrected,perfect_model_baseline,-3.201528,-2.5612224,False,complete
2024-09-02 15:00:00,m8_xgb_corrected,perfect_model_baseline,-2.530155,-2.024124,False,complete
2024-09-02 15:15:00,m8_xgb_corrected,perfect_model_baseline,-1.95416,-1.5633279999999998,False,complete
2024-09-02 15:30:00,m8_xgb_corrected,perfect_model_baseline,-1.507167,-1.2057335999999998,False,complete
2024-09-02 15:45:00,m8_xgb_corrected,perfect_model_baseline,1.507167,1.507167,False,complete
2024-09-02 16:00:00,m8_xgb_corrected,perfect_model_baseline,2.222536,2.222536,False,complete
2024-09-02 16:15:00,m8_xgb_corrected,perfect_model_baseline,3.320088,3.320088,False,complete
2024-09-02 16:30:00,m8_xgb_corrected,perfect_model_baseline,4.5355,4.5355,False,complete
2024-09-02 16:45:00,m8_xgb_corrected,perfect_model_baseline,5.636723,5.636723,False,complete
2024-09-02 17:00:00,m8_xgb_corrected,perfect_model_baseline,6.977897,6.977897,False,complete
2024-09-02 17:15:00,m8_xgb_corrected,perfect_model_baseline,8.051849,8.051849,False,complete
2024-09-02 17:30:00,m8_xgb_corrected,perfect_model_baseline,8.885612,8.885612,False,complete
2024-09-02 17:45:00,m8_xgb_corrected,perfect_model_baseline,9.542776,9.542776,False,complete
2024-09-02 18:00:00,m8_xgb_corrected,perfect_model_baseline,10.074515,10.074515,False,complete
2024-09-02 18:15:00,m8_xgb_corrected,perfect_model_baseline,10.074515,10.074515,False,complete
2024-09-02 18:30:00,m8_xgb_corrected,perfect_model_baseline,10.143349,10.143349,False,complete
2024-09-02 18:45:00,m8_xgb_corrected,perfect_model_baseline,9.918803,9.918803,False,complete
2024-09-02 19:00:00,m8_xgb_corrected,perfect_model_baseline,9.616796,9.616796,False,complete
2024-09-02 19:15:00,m8_xgb_corrected,perfect_model_baseline,9.616796,9.616796,False,complete
2024-09-02 19:30:00,m8_xgb_corrected,perfect_model_baseline,9.298083,9.298083,False,complete
2024-09-02 19:45:00,m8_xgb_corrected,perfect_model_baseline,9.177682,9.177682,False,complete
2024-09-02 20:00:00,m8_xgb_corrected,perfect_model_baseline,9.177682,9.177682,False,complete
2024-09-02 20:15:00,m8_xgb_corrected,perfect_model_baseline,8.688437,8.688437,False,complete
2024-09-02 20:30:00,m8_xgb_corrected,perfect_model_baseline,8.588947,8.588947,False,complete
2024-09-02 20:45:00,m8_xgb_corrected,perfect_model_baseline,8.459795,8.459795,False,complete
2024-09-02 21:00:00,m8_xgb_corrected,perfect_model_baseline,8.459795,8.459795,False,complete
2024-09-02 21:15:00,m8_xgb_corrected,perfect_model_baseline,8.244736,8.244736,False,complete
2024-09-02 21:30:00,m8_xgb_corrected,perfect_model_baseline,7.886482,7.886482,False,complete
2024-09-02 21:45:00,m8_xgb_corrected,perfect_model_baseline,7.808847,7.808847,False,complete
2024-09-02 22:00:00,m8_xgb_corrected,perfect_model_baseline,7.808847,7.808847,False,complete
2024-09-02 22:15:00,m8_xgb_corrected,perfect_model_baseline,8.266483,8.266483,False,complete
2024-09-02 22:30:00,m8_xgb_corrected,perfect_model_baseline,7.981574,7.981574,False,complete
2024-09-02 22:45:00,m8_xgb_corrected,perfect_model_baseline,7.929837,7.929837,False,complete
2024-09-02 23:00:00,m8_xgb_corrected,perfect_model_baseline,7.809189,7.809189,False,complete
2024-09-02 23:15:00,m8_xgb_corrected,perfect_model_baseline,8.033245,8.033245,False,complete
2024-09-02 23:30:00,m8_xgb_corrected,perfect_model_baseline,7.712044,7.712044,False,complete
2024-09-02 23:45:00,m8_xgb_corrected,perfect_model_baseline,7.712044,7.712044,False,complete
2024-09-03 00:00:00,m8_xgb_corrected,perfect_model_baseline,7.712044,7.712044,False,complete
2024-09-03 00:15:00,m8_xgb_corrected,perfect_model_baseline,3.731378,3.731378,False,complete
2024-09-03 00:30:00,m8_xgb_corrected,perfect_model_baseline,7.401765,7.401765,False,complete
2024-09-03 00:45:00,m8_xgb_corrected,perfect_model_baseline,7.324402,7.324402,False,complete
2024-09-03 01:00:00,m8_xgb_corrected,perfect_model_baseline,7.39531,7.39531,False,complete
2024-09-03 01:15:00,m8_xgb_corrected,perfect_model_baseline,7.186946,7.186946,False,complete
2024-09-03 01:30:00,m8_xgb_corrected,perfect_model_baseline,6.709822,6.709822,False,complete
2024-09-03 01:45:00,m8_xgb_corrected,perfect_model_baseline,6.649291,6.649291,False,complete
2024-09-03 02:00:00,m8_xgb_corrected,perfect_model_baseline,6.649291,6.649291,False,complete
2024-09-03 02:15:00,m8_xgb_corrected,perfect_model_baseline,6.653832,6.653832,False,complete
2024-09-03 02:30:00,m8_xgb_corrected,perfect_model_baseline,6.263836,6.263836,False,complete
2024-09-03 02:45:00,m8_xgb_corrected,perfect_model_baseline,6.246365,6.246365,False,complete
2024-09-03 03:00:00,m8_xgb_corrected,perfect_model_baseline,6.083713,6.083713,False,complete
2024-09-03 03:15:00,m8_xgb_corrected,perfect_model_baseline,6.083713,6.083713,False,complete
2024-09-03 03:30:00,m8_xgb_corrected,perfect_model_baseline,5.921563,5.921563,False,complete
2024-09-03 03:45:00,m8_xgb_corrected,perfect_model_baseline,5.800821,5.800821,False,complete
2024-09-03 04:00:00,m8_xgb_corrected,perfect_model_baseline,5.800821,5.800821,False,complete
2024-09-03 04:15:00,m8_xgb_corrected,perfect_model_baseline,5.800821,5.800821,False,complete
2024-09-03 04:30:00,m8_xgb_corrected,perfect_model_baseline,5.730634,5.730634,False,complete
2024-09-03 04:45:00,m8_xgb_corrected,perfect_model_baseline,5.730634,5.730634,False,complete
2024-09-03 05:00:00,m8_xgb_corrected,perfect_model_baseline,5.730634,5.730634,False,complete
2024-09-03 05:15:00,m8_xgb_corrected,perfect_model_baseline,6.239014,6.239014,False,complete
2024-09-03 05:30:00,m8_xgb_corrected,perfect_model_baseline,6.322711,6.322711,False,complete
2024-09-03 05:45:00,m8_xgb_corrected,perfect_model_baseline,6.661918,6.661918,False,complete
2024-09-03 06:00:00,m8_xgb_corrected,perfect_model_baseline,6.883875,6.883875,False,complete
2024-09-03 06:15:00,m8_xgb_corrected,perfect_model_baseline,6.920828,6.920828,False,complete
2024-09-03 06:30:00,m8_xgb_corrected,perfect_model_baseline,7.037734,7.037734,False,complete
2024-09-03 06:45:00,m8_xgb_corrected,perfect_model_baseline,7.037734,7.037734,False,complete
2024-09-03 07:00:00,m8_xgb_corrected,perfect_model_baseline,6.495311,6.495311,False,complete
2024-09-03 07:15:00,m8_xgb_corrected,perfect_model_baseline,5.948001,5.948001,False,complete
2024-09-03 07:30:00,m8_xgb_corrected,perfect_model_baseline,5.074307,5.074307,False,complete
2024-09-03 07:45:00,m8_xgb_corrected,perfect_model_baseline,4.256625,4.256625,False,complete
2024-09-03 08:00:00,m8_xgb_corrected,perfect_model_baseline,3.152997,3.152997,False,complete
2024-09-03 08:15:00,m8_xgb_corrected,perfect_model_baseline,2.147538,2.147538,False,complete
2024-09-03 08:30:00,m8_xgb_corrected,perfect_model_baseline,-1.583206,-1.2665648,False,complete
2024-09-03 08:45:00,m8_xgb_corrected,perfect_model_baseline,-1.625447,-1.3003576000000001,False,complete
2024-09-03 09:00:00,m8_xgb_corrected,perfect_model_baseline,-2.197311,-1.7578488,False,complete
2024-09-03 09:15:00,m8_xgb_corrected,perfect_model_baseline,-2.758214,-2.2065712000000004,False,complete
2024-09-03 09:30:00,m8_xgb_corrected,perfect_model_baseline,-3.748156,-2.9985248,False,complete
2024-09-03 09:45:00,m8_xgb_corrected,perfect_model_baseline,-4.505136,-3.6041088000000006,False,complete
2024-09-03 10:00:00,m8_xgb_corrected,perfect_model_baseline,-5.190559,-4.152447200000001,False,complete
2024-09-03 10:15:00,m8_xgb_corrected,perfect_model_baseline,-5.731193,-4.5849544,False,complete
2024-09-03 10:30:00,m8_xgb_corrected,perfect_model_baseline,-6.338033,-5.0704264,False,complete
2024-09-03 10:45:00,m8_xgb_corrected,perfect_model_baseline,-6.827823,-5.4622584000000005,False,complete
2024-09-03 11:00:00,m8_xgb_corrected,perfect_model_baseline,-6.811159,-5.4489272,False,complete
2024-09-03 11:15:00,m8_xgb_corrected,perfect_model_baseline,-6.811159,-5.4489272,False,complete
2024-09-03 11:30:00,m8_xgb_corrected,perfect_model_baseline,-7.311727,-5.8493816,False,complete
2024-09-03 11:45:00,m8_xgb_corrected,perfect_model_baseline,-7.311727,-5.8493816,False,complete
2024-09-03 12:00:00,m8_xgb_corrected,perfect_model_baseline,-7.311727,-5.8493816,False,complete
2024-09-03 12:15:00,m8_xgb_corrected,perfect_model_baseline,-7.311727,-5.8493816,False,complete
2024-09-03 12:30:00,m8_xgb_corrected,perfect_model_baseline,-7.391595,-5.913276,False,complete
2024-09-03 12:45:00,m8_xgb_corrected,perfect_model_baseline,-7.391595,-5.913276,False,complete
2024-09-03 13:00:00,m8_xgb_corrected,perfect_model_baseline,-7.391595,-5.913276,False,complete
2024-09-03 13:15:00,m8_xgb_corrected,perfect_model_baseline,-7.08368,-5.666944,False,complete
2024-09-03 13:30:00,m8_xgb_corrected,perfect_model_baseline,-6.680049,-5.344039200000001,False,complete
2024-09-03 13:45:00,m8_xgb_corrected,perfect_model_baseline,-6.414937,-5.1319496000000004,False,complete
2024-09-03 14:00:00,m8_xgb_corrected,perfect_model_baseline,-5.970172,-4.7761376,False,complete
2024-09-03 14:15:00,m8_xgb_corrected,perfect_model_baseline,-5.525406,-4.4203248,False,complete
2024-09-03 14:30:00,m8_xgb_corrected,perfect_model_baseline,-4.89355,-3.9148400000000003,False,complete
2024-09-03 14:45:00,m8_xgb_corrected,perfect_model_baseline,-4.274619,-3.4196952000000005,False,complete
2024-09-03 15:00:00,m8_xgb_corrected,perfect_model_baseline,-3.489404,-2.7915232,False,complete
2024-09-03 15:15:00,m8_xgb_corrected,perfect_model_baseline,-2.700549,-2.1604392000000003,False,complete
2024-09-03 15:30:00,m8_xgb_corrected,perfect_model_baseline,-2.113416,-1.6907328000000001,False,complete
2024-09-03 15:45:00,m8_xgb_corrected,perfect_model_baseline,-1.94862,-1.558896,False,complete
2024-09-03 16:00:00,m8_xgb_corrected,perfect_model_baseline,1.97598,1.97598,False,complete
2024-09-03 16:15:00,m8_xgb_corrected,perfect_model_baseline,2.832183,2.832183,False,complete
2024-09-03 16:30:00,m8_xgb_corrected,perfect_model_baseline,4.198772,4.198772,False,complete
2024-09-03 16:45:00,m8_xgb_corrected,perfect_model_baseline,5.408571,5.408571,False,complete
2024-09-03 17:00:00,m8_xgb_corrected,perfect_model_baseline,6.756113,6.756113,False,complete
2024-09-03 17:15:00,m8_xgb_corrected,perfect_model_baseline,7.905604,7.905604,False,complete
2024-09-03 17:30:00,m8_xgb_corrected,perfect_model_baseline,8.904406,8.904406,False,complete
2024-09-03 17:45:00,m8_xgb_corrected,perfect_model_baseline,9.857162,9.857162,False,complete
2024-09-03 18:00:00,m8_xgb_corrected,perfect_model_baseline,10.722673,10.722673,False,complete
2024-09-03 18:15:00,m8_xgb_corrected,perfect_model_baseline,10.947909,10.947909,False,complete
2024-09-03 18:30:00,m8_xgb_corrected,perfect_model_baseline,11.17635,11.17635,False,complete
2024-09-03 18:45:00,m8_xgb_corrected,perfect_model_baseline,10.967315,10.967315,False,complete
2024-09-03 19:00:00,m8_xgb_corrected,perfect_model_baseline,10.967315,10.967315,False,complete
2024-09-03 19:15:00,m8_xgb_corrected,perfect_model_baseline,10.734234,10.734234,False,complete
2024-09-03 19:30:00,m8_xgb_corrected,perfect_model_baseline,10.687222,10.687222,False,complete
2024-09-03 19:45:00,m8_xgb_corrected,perfect_model_baseline,10.55777,10.55777,False,complete
2024-09-03 20:00:00,m8_xgb_corrected,perfect_model_baseline,10.55777,10.55777,False,complete
2024-09-03 20:15:00,m8_xgb_corrected,perfect_model_baseline,10.065691,10.065691,False,complete
2024-09-03 20:30:00,m8_xgb_corrected,perfect_model_baseline,10.025168,10.025168,False,complete
2024-09-03 20:45:00,m8_xgb_corrected,perfect_model_baseline,9.89524,9.89524,False,complete
2024-09-03 21:00:00,m8_xgb_corrected,perfect_model_baseline,9.89524,9.89524,False,complete
2024-09-03 21:15:00,m8_xgb_corrected,perfect_model_baseline,9.660933,9.660933,False,complete
2024-09-03 21:30:00,m8_xgb_corrected,perfect_model_baseline,9.305013,9.305013,False,complete
2024-09-03 21:45:00,m8_xgb_corrected,perfect_model_baseline,9.192733,9.192733,False,complete
2024-09-03 22:00:00,m8_xgb_corrected,perfect_model_baseline,8.925373,8.925373,False,complete
2024-09-03 22:15:00,m8_xgb_corrected,perfect_model_baseline,9.373384,9.373384,False,complete
2024-09-03 22:30:00,m8_xgb_corrected,perfect_model_baseline,9.17068,9.17068,False,complete
2024-09-03 22:45:00,m8_xgb_corrected,perfect_model_baseline,9.101928,9.101928,False,complete
2024-09-03 23:00:00,m8_xgb_corrected,perfect_model_baseline,8.90416,8.90416,False,complete
2024-09-03 23:15:00,m8_xgb_corrected,perfect_model_baseline,8.90416,8.90416,False,complete
2024-09-03 23:30:00,m8_xgb_corrected,perfect_model_baseline,8.621315,8.621315,False,complete
2024-09-03 23:45:00,m8_xgb_corrected,perfect_model_baseline,8.681816,8.681816,False,complete
2024-09-04 00:00:00,m8_xgb_corrected,perfect_model_baseline,8.681816,8.681816,False,complete
2024-09-04 00:15:00,m8_xgb_corrected,perfect_model_baseline,,,False,complete
2024-09-04 00:30:00,m8_xgb_corrected,perfect_model_baseline,8.430261,8.430261,False,complete
2024-09-04 00:45:00,m8_xgb_corrected,perfect_model_baseline,8.334581,8.334581,False,complete
2024-09-04 01:00:00,m8_xgb_corrected,perfect_model_baseline,8.334581,8.334581,False,complete
2024-09-04 01:15:00,m8_xgb_corrected,perfect_model_baseline,8.109021,8.109021,False,complete
2024-09-04 01:30:00,m8_xgb_corrected,perfect_model_baseline,7.58906,7.58906,False,complete
2024-09-04 01:45:00,m8_xgb_corrected,perfect_model_baseline,7.341726,7.341726,False,complete
2024-09-04 02:00:00,m8_xgb_corrected,perfect_model_baseline,7.341726,7.341726,False,complete
2024-09-04 02:15:00,m8_xgb_corrected,perfect_model_baseline,7.11826,7.11826,False,complete
2024-09-04 02:30:00,m8_xgb_corrected,perfect_model_baseline,6.745117,6.745117,False,complete
2024-09-04 02:45:00,m8_xgb_corrected,perfect_model_baseline,6.745117,6.745117,False,complete
2024-09-04 03:00:00,m8_xgb_corrected,perfect_model_baseline,6.658859,6.658859,False,complete
2024-09-04 03:15:00,m8_xgb_corrected,perfect_model_baseline,6.658859,6.658859,False,complete
2024-09-04 03:30:00,m8_xgb_corrected,perfect_model_baseline,6.460384,6.460384,False,complete
2024-09-04 03:45:00,m8_xgb_corrected,perfect_model_baseline,6.460384,6.460384,False,complete
2024-09-04 04:00:00,m8_xgb_corrected,perfect_model_baseline,6.40879,6.40879,False,complete
2024-09-04 04:15:00,m8_xgb_corrected,perfect_model_baseline,6.40879,6.40879,False,complete
2024-09-04 04:30:00,m8_xgb_corrected,perfect_model_baseline,6.586691,6.586691,False,complete
2024-09-04 04:45:00,m8_xgb_corrected,perfect_model_baseline,6.586691,6.586691,False,complete
2024-09-04 05:00:00,m8_xgb_corrected,perfect_model_baseline,6.707502,6.707502,False,complete
2024-09-04 05:15:00,m8_xgb_corrected,perfect_model_baseline,7.147765,7.147765,False,complete
2024-09-04 05:30:00,m8_xgb_corrected,perfect_model_baseline,7.331725,7.331725,False,complete
2024-09-04 05:45:00,m8_xgb_corrected,perfect_model_baseline,7.79379,7.79379,False,complete
2024-09-04 06:00:00,m8_xgb_corrected,perfect_model_baseline,8.284285,8.284285,False,complete
2024-09-04 06:15:00,m8_xgb_corrected,perfect_model_baseline,8.768672,8.768672,False,complete
2024-09-04 06:30:00,m8_xgb_corrected,perfect_model_baseline,9.008729,9.008729,False,complete
2024-09-04 06:45:00,m8_xgb_corrected,perfect_model_baseline,9.008729,9.008729,False,complete
2024-09-04 07:00:00,m8_xgb_corrected,perfect_model_baseline,8.477732,8.477732,False,complete
2024-09-04 07:15:00,m8_xgb_corrected,perfect_model_baseline,7.928161,7.928161,False,complete
2024-09-04 07:30:00,m8_xgb_corrected,perfect_model_baseline,7.111864,7.111864,False,complete
2024-09-04 07:45:00,m8_xgb_corrected,perfect_model_baseline,6.275423,6.275423,False,complete
2024-09-04 08:00:00,m8_xgb_corrected,perfect_model_baseline,5.014544,5.014544,False,complete
2024-09-04 08:15:00,m8_xgb_corrected,perfect_model_baseline,4.894676,4.894676,False,complete
2024-09-04 08:30:00,m8_xgb_corrected,perfect_model_baseline,2.969365,2.969365,False,complete
2024-09-04 08:45:00,m8_xgb_corrected,perfect_model_baseline,1.493849,1.493849,False,complete
2024-09-04 09:00:00,m8_xgb_corrected,perfect_model_baseline,-1.493849,-1.1950792,False,complete
2024-09-04 09:15:00,m8_xgb_corrected,perfect_model_baseline,-1.761416,-1.4091328,False,complete
2024-09-04 09:30:00,m8_xgb_corrected,perfect_model_baseline,-2.56582,-2.0526560000000003,False,complete
2024-09-04 09:45:00,m8_xgb_corrected,perfect_model_baseline,-3.380482,-2.7043856,False,complete
2024-09-04 10:00:00,m8_xgb_corrected,perfect_model_baseline,-4.221523,-3.3772184000000003,False,complete
2024-09-04 10:15:00,m8_xgb_corrected,perfect_model_baseline,-4.862457,-3.8899656000000005,False,complete
2024-09-04 10:30:00,m8_xgb_corrected,perfect_model_baseline,-5.623912,-4.4991296,False,complete
2024-09-04 10:45:00,m8_xgb_corrected,perfect_model_baseline,-6.173283,-4.9386264,False,complete
2024-09-04 11:00:00,m8_xgb_corrected,perfect_model_baseline,-6.395077,-5.116061599999999,False,complete
2024-09-04 11:15:00,m8_xgb_corrected,perfect_model_baseline,-6.597159,-5.2777272,False,complete
2024-09-04 11:30:00,m8_xgb_corrected,perfect_model_baseline,-6.79668,-5.437344,False,complete
2024-09-04 11:45:00,m8_xgb_corrected,perfect_model_baseline,-6.79668,-5.437344,False,complete
2024-09-04 12:00:00,m8_xgb_corrected,perfect_model_baseline,-6.79668,-5.437344,False,complete
2024-09-04 12:15:00,m8_xgb_corrected,perfect_model_baseline,-6.79668,-5.437344,False,complete
2024-09-04 12:30:00,m8_xgb_corrected,perfect_model_baseline,-6.942981,-5.554384799999999,False,complete
2024-09-04 12:45:00,m8_xgb_corrected,perfect_model_baseline,-6.942981,-5.554384799999999,False,complete
2024-09-04 13:00:00,m8_xgb_corrected,perfect_model_baseline,-6.712354,-5.3698832,False,complete
2024-09-04 13:15:00,m8_xgb_corrected,perfect_model_baseline,-6.712354,-5.3698832,False,complete
2024-09-04 13:30:00,m8_xgb_corrected,perfect_model_baseline,-6.28449,-5.027592,False,complete
2024-09-04 13:45:00,m8_xgb_corrected,perfect_model_baseline,-5.960907,-4.7687256,False,complete
2024-09-04 14:00:00,m8_xgb_corrected,perfect_model_baseline,-5.73882,-4.591055999999999,False,complete
2024-09-04 14:15:00,m8_xgb_corrected,perfect_model_baseline,-5.227474,-4.1819792,False,complete
2024-09-04 14:30:00,m8_xgb_corrected,perfect_model_baseline,-4.393119,-3.5144952000000007,False,complete
2024-09-04 14:45:00,m8_xgb_corrected,perfect_model_baseline,-3.622981,-2.8983848,False,complete
2024-09-04 15:00:00,m8_xgb_corrected,perfect_model_baseline,-2.951506,-2.3612048000000003,False,complete
2024-09-04 15:15:00,m8_xgb_corrected,perfect_model_baseline,-2.243254,-1.7946031999999996,False,complete
2024-09-04 15:30:00,m8_xgb_corrected,perfect_model_baseline,-1.627381,-1.3019048,False,complete
2024-09-04 15:45:00,m8_xgb_corrected,perfect_model_baseline,1.627381,1.627381,False,complete
2024-09-04 16:00:00,m8_xgb_corrected,perfect_model_baseline,1.973369,1.973369,False,complete
2024-09-04 16:15:00,m8_xgb_corrected,perfect_model_baseline,2.931277,2.931277,False,complete
2024-09-04 16:30:00,m8_xgb_corrected,perfect_model_baseline,4.11594,4.11594,False,complete
2024-09-04 16:45:00,m8_xgb_corrected,perfect_model_baseline,5.23316,5.23316,False,complete
2024-09-04 17:00:00,m8_xgb_corrected,perfect_model_baseline,6.600922,6.600922,False,complete
2024-09-04 17:15:00,m8_xgb_corrected,perfect_model_baseline,7.647428,7.647428,False,complete
2024-09-04 17:30:00,m8_xgb_corrected,perfect_model_baseline,8.615323,8.615323,False,complete
2024-09-04 17:45:00,m8_xgb_corrected,perfect_model_baseline,9.115673,9.115673,False,complete
2024-09-04 18:00:00,m8_xgb_corrected,perfect_model_baseline,9.713323,9.713323,False,complete
2024-09-04 18:15:00,m8_xgb_corrected,perfect_model_baseline,10.458452,10.458452,False,complete
2024-09-04 18:30:00,m8_xgb_corrected,perfect_model_baseline,10.439684,10.439684,False,complete
2024-09-04 18:45:00,m8_xgb_corrected,perfect_model_baseline,10.335481,10.335481,False,complete
2024-09-04 19:00:00,m8_xgb_corrected,perfect_model_baseline,10.118625,10.118625,False,complete
2024-09-04 19:15:00,m8_xgb_corrected,perfect_model_baseline,9.892898,9.892898,False,complete
2024-09-04 19:30:00,m8_xgb_corrected,perfect_model_baseline,9.845066,9.845066,False,complete
2024-09-04 19:45:00,m8_xgb_corrected,perfect_model_baseline,9.714781,9.714781,False,complete
2024-09-04 20:00:00,m8_xgb_corrected,perfect_model_baseline,9.714781,9.714781,False,complete
2024-09-04 20:15:00,m8_xgb_corrected,perfect_model_baseline,9.714781,9.714781,False,complete
2024-09-04 20:30:00,m8_xgb_corrected,perfect_model_baseline,9.34998,9.34998,False,complete
2024-09-04 20:45:00,m8_xgb_corrected,perfect_model_baseline,9.254137,9.254137,False,complete
2024-09-04 21:00:00,m8_xgb_corrected,perfect_model_baseline,9.029574,9.029574,False,complete
2024-09-04 21:15:00,m8_xgb_corrected,perfect_model_baseline,9.029574,9.029574,False,complete
2024-09-04 21:30:00,m8_xgb_corrected,perfect_model_baseline,8.658407,8.658407,False,complete
2024-09-04 21:45:00,m8_xgb_corrected,perfect_model_baseline,8.658407,8.658407,False,complete
2024-09-04 22:00:00,m8_xgb_corrected,perfect_model_baseline,8.443239,8.443239,False,complete
2024-09-04 22:15:00,m8_xgb_corrected,perfect_model_baseline,8.651213,8.651213,False,complete
2024-09-04 22:30:00,m8_xgb_corrected,perfect_model_baseline,8.591019,8.591019,False,complete
2024-09-04 22:45:00,m8_xgb_corrected,perfect_model_baseline,8.591019,8.591019,False,complete
2024-09-04 23:00:00,m8_xgb_corrected,perfect_model_baseline,8.462097,8.462097,False,complete
2024-09-04 23:15:00,m8_xgb_corrected,perfect_model_baseline,8.462097,8.462097,False,complete
2024-09-04 23:30:00,m8_xgb_corrected,perfect_model_baseline,8.290891,8.290891,False,complete
2024-09-04 23:45:00,m8_xgb_corrected,perfect_model_baseline,8.21347,8.21347,False,complete
2024-09-05 00:00:00,m8_xgb_corrected,perfect_model_baseline,8.015616,8.015616,False,complete
2024-09-05 00:15:00,m8_xgb_corrected,perfect_model_baseline,,,False,complete
2024-09-05 00:30:00,m8_xgb_corrected,perfect_model_baseline,7.741354,7.741354,False,complete
2024-09-05 00:45:00,m8_xgb_corrected,perfect_model_baseline,7.595038,7.595038,False,complete
2024-09-05 01:00:00,m8_xgb_corrected,perfect_model_baseline,7.595038,7.595038,False,complete
2024-09-05 01:15:00,m8_xgb_corrected,perfect_model_baseline,7.595038,7.595038,False,complete
2024-09-05 01:30:00,m8_xgb_corrected,perfect_model_baseline,7.112716,7.112716,False,complete
2024-09-05 01:45:00,m8_xgb_corrected,perfect_model_baseline,6.94132,6.94132,False,complete
2024-09-05 02:00:00,m8_xgb_corrected,perfect_model_baseline,6.700363,6.700363,False,complete
2024-09-05 02:15:00,m8_xgb_corrected,perfect_model_baseline,6.700363,6.700363,False,complete
2024-09-05 02:30:00,m8_xgb_corrected,perfect_model_baseline,6.306795,6.306795,False,complete
2024-09-05 02:45:00,m8_xgb_corrected,perfect_model_baseline,6.306795,6.306795,False,complete
2024-09-05 03:00:00,m8_xgb_corrected,perfect_model_baseline,6.306795,6.306795,False,complete
2024-09-05 03:15:00,m8_xgb_corrected,perfect_model_baseline,6.228924,6.228924,False,complete
2024-09-05 03:30:00,m8_xgb_corrected,perfect_model_baseline,5.984656,5.984656,False,complete
2024-09-05 03:45:00,m8_xgb_corrected,perfect_model_baseline,5.984656,5.984656,False,complete
2024-09-05 04:00:00,m8_xgb_corrected,perfect_model_baseline,5.984656,5.984656,False,complete
2024-09-05 04:15:00,m8_xgb_corrected,perfect_model_baseline,5.984656,5.984656,False,complete
2024-09-05 04:30:00,m8_xgb_corrected,perfect_model_baseline,6.093295,6.093295,False,complete
2024-09-05 04:45:00,m8_xgb_corrected,perfect_model_baseline,6.093295,6.093295,False,complete
2024-09-05 05:00:00,m8_xgb_corrected,perfect_model_baseline,6.22273,6.22273,False,complete
2024-09-05 05:15:00,m8_xgb_corrected,perfect_model_baseline,6.22273,6.22273,False,complete
2024-09-05 05:30:00,m8_xgb_corrected,perfect_model_baseline,6.609937,6.609937,False,complete
2024-09-05 05:45:00,m8_xgb_corrected,perfect_model_baseline,6.918842,6.918842,False,complete
2024-09-05 06:00:00,m8_xgb_corrected,perfect_model_baseline,7.143093,7.143093,False,complete
2024-09-05 06:15:00,m8_xgb_corrected,perfect_model_baseline,7.367443,7.367443,False,complete
2024-09-05 06:30:00,m8_xgb_corrected,perfect_model_baseline,7.53643,7.53643,False,complete
2024-09-05 06:45:00,m8_xgb_corrected,perfect_model_baseline,7.355073,7.355073,False,complete
2024-09-05 07:00:00,m8_xgb_corrected,perfect_model_baseline,6.899144,6.899144,False,complete
2024-09-05 07:15:00,m8_xgb_corrected,perfect_model_baseline,6.28997,6.28997,False,complete
2024-09-05 07:30:00,m8_xgb_corrected,perfect_model_baseline,5.341468,5.341468,False,complete
2024-09-05 07:45:00,m8_xgb_corrected,perfect_model_baseline,4.562096,4.562096,False,complete
2024-09-05 08:00:00,m8_xgb_corrected,perfect_model_baseline,3.474972,3.474972,False,complete
2024-09-05 08:15:00,m8_xgb_corrected,perfect_model_baseline,2.371624,2.371624,False,complete
2024-09-05 08:30:00,m8_xgb_corrected,perfect_model_baseline,1.789617,1.789617,False,complete
2024-09-05 08:45:00,m8_xgb_corrected,perfect_model_baseline,-1.721083,-1.3768664,False,complete
2024-09-05 09:00:00,m8_xgb_corrected,perfect_model_baseline,-1.943761,-1.5550088000000002,False,complete
2024-09-05 09:15:00,m8_xgb_corrected,perfect_model_baseline,-2.414178,-1.9313424000000003,False,complete
2024-09-05 09:30:00,m8_xgb_corrected,perfect_model_baseline,-3.187053,-2.5496424,False,complete
2024-09-05 09:45:00,m8_xgb_corrected,perfect_model_baseline,-4.220487,-3.3763896000000004,False,complete
2024-09-05 10:00:00,m8_xgb_corrected,perfect_model_baseline,-4.880392,-3.904313599999999,False,complete
2024-09-05 10:15:00,m8_xgb_corrected,perfect_model_baseline,-4.768333,-3.8146664,False,complete
2024-09-05 10:30:00,m8_xgb_corrected,perfect_model_baseline,-4.590696,-3.6725567999999997,False,complete
2024-09-05 10:45:00,m8_xgb_corrected,perfect_model_baseline,-6.138558,-4.9108464000000005,False,complete
2024-09-05 11:00:00,m8_xgb_corrected,perfect_model_baseline,-6.596123,-5.2768984,False,complete
2024-09-05 11:15:00,m8_xgb_corrected,perfect_model_baseline,-6.941017,-5.5528136,False,complete
2024-09-05 11:30:00,m8_xgb_corrected,perfect_model_baseline,-7.05173,-5.6413839999999995,False,complete
2024-09-05 11:45:00,m8_xgb_corrected,perfect_model_baseline,-7.05173,-5.6413839999999995,False,complete
2024-09-05 12:00:00,m8_xgb_corrected,perfect_model_baseline,-7.05173,-5.6413839999999995,False,complete
2024-09-05 12:15:00,m8_xgb_corrected,perfect_model_baseline,-7.208405,-5.766724,False,complete
2024-09-05 12:30:00,m8_xgb_corrected,perfect_model_baseline,-7.067687,-5.6541496,False,complete
2024-09-05 12:45:00,m8_xgb_corrected,perfect_model_baseline,-7.067687,-5.6541496,False,complete
2024-09-05 13:00:00,m8_xgb_corrected,perfect_model_baseline,-6.829364,-5.4634912,False,complete
2024-09-05 13:15:00,m8_xgb_corrected,perfect_model_baseline,-6.609536,-5.2876288,False,complete
2024-09-05 13:30:00,m8_xgb_corrected,perfect_model_baseline,-6.405439,-5.1243512,False,complete
2024-09-05 13:45:00,m8_xgb_corrected,perfect_model_baseline,-5.938485,-4.750788,False,complete
2024-09-05 14:00:00,m8_xgb_corrected,perfect_model_baseline,-5.344695,-4.2757559999999994,False,complete
2024-09-05 14:15:00,m8_xgb_corrected,perfect_model_baseline,-4.852574,-3.8820591999999996,False,complete
2024-09-05 14:30:00,m8_xgb_corrected,perfect_model_baseline,-4.390971,-3.5127768,False,complete
2024-09-05 14:45:00,m8_xgb_corrected,perfect_model_baseline,-3.707155,-2.9657240000000002,False,complete
2024-09-05 15:00:00,m8_xgb_corrected,perfect_model_baseline,-2.824399,-2.2595192,False,complete
2024-09-05 15:15:00,m8_xgb_corrected,perfect_model_baseline,-1.959757,-1.5678056,False,complete
2024-09-05 15:30:00,m8_xgb_corrected,perfect_model_baseline,-1.771686,-1.4173488,False,complete
2024-09-05 15:45:00,m8_xgb_corrected,perfect_model_baseline,1.771686,1.771686,False,complete
2024-09-05 16:00:00,m8_xgb_corrected,perfect_model_baseline,2.388745,2.388745,False,complete
2024-09-05 16:15:00,m8_xgb_corrected,perfect_model_baseline,3.310628,3.310628,False,complete
2024-09-05 16:30:00,m8_xgb_corrected,perfect_model_baseline,4.519634,4.519634,False,complete
2024-09-05 16:45:00,m8_xgb_corrected,perfect_model_baseline,5.746469,5.746469,False,complete
2024-09-05 17:00:00,m8_xgb_corrected,perfect_model_baseline,6.823561,6.823561,False,complete
2024-09-05 17:15:00,m8_xgb_corrected,perfect_model_baseline,7.818857,7.818857,False,complete
2024-09-05 17:30:00,m8_xgb_corrected,perfect_model_baseline,8.474007,8.474007,False,complete
2024-09-05 17:45:00,m8_xgb_corrected,perfect_model_baseline,9.052989,9.052989,False,complete
2024-09-05 18:00:00,m8_xgb_corrected,perfect_model_baseline,9.593594,9.593594,False,complete
2024-09-05 18:15:00,m8_xgb_corrected,perfect_model_baseline,9.938159,9.938159,False,complete
2024-09-05 18:30:00,m8_xgb_corrected,perfect_model_baseline,9.938159,9.938159,False,complete
2024-09-05 18:45:00,m8_xgb_corrected,perfect_model_baseline,9.938159,9.938159,False,complete
2024-09-05 19:00:00,m8_xgb_corrected,perfect_model_baseline,9.938159,9.938159,False,complete
2024-09-05 19:15:00,m8_xgb_corrected,perfect_model_baseline,9.418538,9.418538,False,complete
2024-09-05 19:30:00,m8_xgb_corrected,perfect_model_baseline,9.418538,9.418538,False,complete
2024-09-05 19:45:00,m8_xgb_corrected,perfect_model_baseline,9.418538,9.418538,False,complete
2024-09-05 20:00:00,m8_xgb_corrected,perfect_model_baseline,9.221658,9.221658,False,complete
2024-09-05 20:15:00,m8_xgb_corrected,perfect_model_baseline,8.809461,8.809461,False,complete
2024-09-05 20:30:00,m8_xgb_corrected,perfect_model_baseline,8.809461,8.809461,False,complete
2024-09-05 20:45:00,m8_xgb_corrected,perfect_model_baseline,8.704648,8.704648,False,complete
2024-09-05 21:00:00,m8_xgb_corrected,perfect_model_baseline,8.455399,8.455399,False,complete
2024-09-05 21:15:00,m8_xgb_corrected,perfect_model_baseline,8.176553,8.176553,False,complete
2024-09-05 21:30:00,m8_xgb_corrected,perfect_model_baseline,8.021637,8.021637,False,complete
2024-09-05 21:45:00,m8_xgb_corrected,perfect_model_baseline,8.021637,8.021637,False,complete
2024-09-05 22:00:00,m8_xgb_corrected,perfect_model_baseline,7.795482,7.795482,False,complete
2024-09-05 22:15:00,m8_xgb_corrected,perfect_model_baseline,8.29908,8.29908,False,complete
2024-09-05 22:30:00,m8_xgb_corrected,perfect_model_baseline,8.29908,8.29908,False,complete
2024-09-05 22:45:00,m8_xgb_corrected,perfect_model_baseline,8.082186,8.082186,False,complete
2024-09-05 23:00:00,m8_xgb_corrected,perfect_model_baseline,7.77149,7.77149,False,complete
2024-09-05 23:15:00,m8_xgb_corrected,perfect_model_baseline,7.817818,7.817818,False,complete
2024-09-05 23:30:00,m8_xgb_corrected,perfect_model_baseline,7.884801,7.884801,False,complete
2024-09-05 23:45:00,m8_xgb_corrected,perfect_model_baseline,7.702403,7.702403,False,complete
2024-09-06 00:00:00,m8_xgb_corrected,perfect_model_baseline,7.702403,7.702403,False,complete
2024-09-06 00:15:00,m8_xgb_corrected,perfect_model_baseline,7.648982,7.648982,False,complete
2024-09-06 00:30:00,m8_xgb_corrected,perfect_model_baseline,7.648982,7.648982,False,complete
2024-09-06 00:45:00,m8_xgb_corrected,perfect_model_baseline,7.450948,7.450948,False,complete
2024-09-06 01:00:00,m8_xgb_corrected,perfect_model_baseline,7.450948,7.450948,False,complete
2024-09-06 01:15:00,m8_xgb_corrected,perfect_model_baseline,7.088593,7.088593,False,complete
2024-09-06 01:30:00,m8_xgb_corrected,perfect_model_baseline,6.703239,6.703239,False,complete
2024-09-06 01:45:00,m8_xgb_corrected,perfect_model_baseline,6.477495,6.477495,False,complete
2024-09-06 02:00:00,m8_xgb_corrected,perfect_model_baseline,6.477495,6.477495,False,complete
2024-09-06 02:15:00,m8_xgb_corrected,perfect_model_baseline,6.197446,6.197446,False,complete
2024-09-06 02:30:00,m8_xgb_corrected,perfect_model_baseline,6.016555,6.016555,False,complete
2024-09-06 02:45:00,m8_xgb_corrected,perfect_model_baseline,6.016555,6.016555,False,complete
2024-09-06 03:00:00,m8_xgb_corrected,perfect_model_baseline,6.016555,6.016555,False,complete
2024-09-06 03:15:00,m8_xgb_corrected,perfect_model_baseline,5.663071,5.663071,False,complete
2024-09-06 03:30:00,m8_xgb_corrected,perfect_model_baseline,5.663071,5.663071,False,complete
2024-09-06 03:45:00,m8_xgb_corrected,perfect_model_baseline,5.663071,5.663071,False,complete
2024-09-06 04:00:00,m8_xgb_corrected,perfect_model_baseline,5.568149,5.568149,False,complete
2024-09-06 04:15:00,m8_xgb_corrected,perfect_model_baseline,5.687736,5.687736,False,complete
2024-09-06 04:30:00,m8_xgb_corrected,perfect_model_baseline,5.687736,5.687736,False,complete
2024-09-06 04:45:00,m8_xgb_corrected,perfect_model_baseline,5.687736,5.687736,False,complete
2024-09-06 05:00:00,m8_xgb_corrected,perfect_model_baseline,5.808701,5.808701,False,complete
2024-09-06 05:15:00,m8_xgb_corrected,perfect_model_baseline,6.010384,6.010384,False,complete
2024-09-06 05:30:00,m8_xgb_corrected,perfect_model_baseline,6.010384,6.010384,False,complete
2024-09-06 05:45:00,m8_xgb_corrected,perfect_model_baseline,6.215037,6.215037,False,complete
2024-09-06 06:00:00,m8_xgb_corrected,perfect_model_baseline,6.444706,6.444706,False,complete
2024-09-06 06:15:00,m8_xgb_corrected,perfect_model_baseline,6.704375,6.704375,False,complete
2024-09-06 06:30:00,m8_xgb_corrected,perfect_model_baseline,6.704375,6.704375,False,complete
2024-09-06 06:45:00,m8_xgb_corrected,perfect_model_baseline,6.486257,6.486257,False,complete
2024-09-06 07:00:00,m8_xgb_corrected,perfect_model_baseline,5.879406,5.879406,False,complete
2024-09-06 07:15:00,m8_xgb_corrected,perfect_model_baseline,5.158549,5.158549,False,complete
2024-09-06 07:30:00,m8_xgb_corrected,perfect_model_baseline,4.563061,4.563061,False,complete
2024-09-06 07:45:00,m8_xgb_corrected,perfect_model_baseline,3.770299,3.770299,False,complete
2024-09-06 08:00:00,m8_xgb_corrected,perfect_model_baseline,2.90342,2.90342,False,complete
2024-09-06 08:15:00,m8_xgb_corrected,perfect_model_baseline,2.154447,2.154447,False,complete
2024-09-06 08:30:00,m8_xgb_corrected,perfect_model_baseline,1.752155,1.752155,False,complete
2024-09-06 08:45:00,m8_xgb_corrected,perfect_model_baseline,-1.752155,-1.401724,False,complete
2024-09-06 09:00:00,m8_xgb_corrected,perfect_model_baseline,-1.975522,-1.5804175999999999,False,complete
2024-09-06 09:15:00,m8_xgb_corrected,perfect_model_baseline,-2.903457,-2.3227656,False,complete
2024-09-06 09:30:00,m8_xgb_corrected,perfect_model_baseline,-3.17859,-2.542872,False,complete
2024-09-06 09:45:00,m8_xgb_corrected,perfect_model_baseline,-3.990378,-3.1923024000000004,False,complete
2024-09-06 10:00:00,m8_xgb_corrected,perfect_model_baseline,-4.655329,-3.7242632000000007,False,complete
2024-09-06 10:15:00,m8_xgb_corrected,perfect_model_baseline,-4.783112,-3.8264895999999995,False,complete
2024-09-06 10:30:00,m8_xgb_corrected,perfect_model_baseline,-5.60413,-4.483304,False,complete
2024-09-06 10:45:00,m8_xgb_corrected,perfect_model_baseline,-5.884124,-4.7072992,False,complete
2024-09-06 11:00:00,m8_xgb_corrected,perfect_model_baseline,-6.420613,-5.1364904000000005,False,complete
2024-09-06 11:15:00,m8_xgb_corrected,perfect_model_baseline,-6.61986,-5.295888000000001,False,complete
2024-09-06 11:30:00,m8_xgb_corrected,perfect_model_baseline,-6.841947,-5.4735576,False,complete
2024-09-06 11:45:00,m8_xgb_corrected,perfect_model_baseline,-6.841947,-5.4735576,False,complete
2024-09-06 12:00:00,m8_xgb_corrected,perfect_model_baseline,-6.841947,-5.4735576,False,complete
2024-09-06 12:15:00,m8_xgb_corrected,perfect_model_baseline,-6.769184,-5.4153472,False,complete
2024-09-06 12:30:00,m8_xgb_corrected,perfect_model_baseline,-6.769184,-5.4153472,False,complete
2024-09-06 12:45:00,m8_xgb_corrected,perfect_model_baseline,-6.740683,-5.3925464,False,complete
2024-09-06 13:00:00,m8_xgb_corrected,perfect_model_baseline,-6.375215,-5.100172,False,complete
2024-09-06 13:15:00,m8_xgb_corrected,perfect_model_baseline,-6.102811,-4.8822488,False,complete
2024-09-06 13:30:00,m8_xgb_corrected,perfect_model_baseline,-5.925014,-4.7400112000000005,False,complete
2024-09-06 13:45:00,m8_xgb_corrected,perfect_model_baseline,-5.336887,-4.2695096,False,complete
2024-09-06 14:00:00,m8_xgb_corrected,perfect_model_baseline,-5.116766,-4.0934128,False,complete
2024-09-06 14:15:00,m8_xgb_corrected,perfect_model_baseline,-4.336747,-3.4693975999999997,False,complete
2024-09-06 14:30:00,m8_xgb_corrected,perfect_model_baseline,-3.894586,-3.1156688,False,complete
2024-09-06 14:45:00,m8_xgb_corrected,perfect_model_baseline,-2.877799,-2.3022392000000003,False,complete
2024-09-06 15:00:00,m8_xgb_corrected,perfect_model_baseline,-2.068869,-1.6550951999999999,False,complete
2024-09-06 15:15:00,m8_xgb_corrected,perfect_model_baseline,-1.474661,-1.1797288000000001,False,complete
2024-09-06 15:30:00,m8_xgb_corrected,perfect_model_baseline,1.474661,1.474661,False,complete
2024-09-06 15:45:00,m8_xgb_corrected,perfect_model_baseline,1.670806,1.670806,False,complete
2024-09-06 16:00:00,m8_xgb_corrected,perfect_model_baseline,2.640825,2.640825,False,complete
2024-09-06 16:15:00,m8_xgb_corrected,perfect_model_baseline,3.792749,3.792749,False,complete
2024-09-06 16:30:00,m8_xgb_corrected,perfect_model_baseline,4.958687,4.958687,False,complete
2024-09-06 16:45:00,m8_xgb_corrected,perfect_model_baseline,6.08045,6.08045,False,complete
2024-09-06 17:00:00,m8_xgb_corrected,perfect_model_baseline,7.313576,7.313576,False,complete
2024-09-06 17:15:00,m8_xgb_corrected,perfect_model_baseline,8.155029,8.155029,False,complete
2024-09-06 17:30:00,m8_xgb_corrected,perfect_model_baseline,8.69608,8.69608,False,complete
2024-09-06 17:45:00,m8_xgb_corrected,perfect_model_baseline,9.143795,9.143795,False,complete
2024-09-06 18:00:00,m8_xgb_corrected,perfect_model_baseline,9.591512,9.591512,False,complete
2024-09-06 18:15:00,m8_xgb_corrected,perfect_model_baseline,9.647217,9.647217,False,complete
2024-09-06 18:30:00,m8_xgb_corrected,perfect_model_baseline,9.647217,9.647217,False,complete
2024-09-06 18:45:00,m8_xgb_corrected,perfect_model_baseline,9.802334,9.802334,False,complete
2024-09-06 19:00:00,m8_xgb_corrected,perfect_model_baseline,9.578279,9.578279,False,complete
2024-09-06 19:15:00,m8_xgb_corrected,perfect_model_baseline,9.341919,9.341919,False,complete
2024-09-06 19:30:00,m8_xgb_corrected,perfect_model_baseline,9.177823,9.177823,False,complete
2024-09-06 19:45:00,m8_xgb_corrected,perfect_model_baseline,9.177823,9.177823,False,complete
2024-09-06 20:00:00,m8_xgb_corrected,perfect_model_baseline,8.951191,8.951191,False,complete
2024-09-06 20:15:00,m8_xgb_corrected,perfect_model_baseline,8.727322,8.727322,False,complete
2024-09-06 20:30:00,m8_xgb_corrected,perfect_model_baseline,8.727322,8.727322,False,complete
2024-09-06 20:45:00,m8_xgb_corrected,perfect_model_baseline,8.545717,8.545717,False,complete
2024-09-06 21:00:00,m8_xgb_corrected,perfect_model_baseline,8.569796,8.569796,False,complete
2024-09-06 21:15:00,m8_xgb_corrected,perfect_model_baseline,8.259937,8.259937,False,complete
2024-09-06 21:30:00,m8_xgb_corrected,perfect_model_baseline,8.096505,8.096505,False,complete
2024-09-06 21:45:00,m8_xgb_corrected,perfect_model_baseline,8.096505,8.096505,False,complete
2024-09-06 22:00:00,m8_xgb_corrected,perfect_model_baseline,7.892354,7.892354,False,complete
2024-09-06 22:15:00,m8_xgb_corrected,perfect_model_baseline,8.199364,8.199364,False,complete
2024-09-06 22:30:00,m8_xgb_corrected,perfect_model_baseline,8.199364,8.199364,False,complete
2024-09-06 22:45:00,m8_xgb_corrected,perfect_model_baseline,8.199364,8.199364,False,complete
2024-09-06 23:00:00,m8_xgb_corrected,perfect_model_baseline,7.936307,7.936307,False,complete
2024-09-06 23:15:00,m8_xgb_corrected,perfect_model_baseline,8.039232,8.039232,False,complete
2024-09-06 23:30:00,m8_xgb_corrected,perfect_model_baseline,7.853962,7.853962,False,complete
2024-09-06 23:45:00,m8_xgb_corrected,perfect_model_baseline,7.644648,7.644648,False,complete
2024-09-07 00:00:00,m8_xgb_corrected,perfect_model_baseline,7.644648,7.644648,False,complete
2024-09-07 00:15:00,m8_xgb_corrected,perfect_model_baseline,7.650338,7.650338,False,complete
2024-09-07 00:30:00,m8_xgb_corrected,perfect_model_baseline,7.650338,7.650338,False,complete
2024-09-07 00:45:00,m8_xgb_corrected,perfect_model_baseline,7.190077,7.190077,False,complete
2024-09-07 01:00:00,m8_xgb_corrected,perfect_model_baseline,7.190077,7.190077,False,complete
2024-09-07 01:15:00,m8_xgb_corrected,perfect_model_baseline,7.135774,7.135774,False,complete
2024-09-07 01:30:00,m8_xgb_corrected,perfect_model_baseline,7.013685,7.013685,False,complete
2024-09-07 01:45:00,m8_xgb_corrected,perfect_model_baseline,6.769324,6.769324,False,complete
2024-09-07 02:00:00,m8_xgb_corrected,perfect_model_baseline,6.542613,6.542613,False,complete
2024-09-07 02:15:00,m8_xgb_corrected,perfect_model_baseline,6.189389,6.189389,False,complete
2024-09-07 02:30:00,m8_xgb_corrected,perfect_model_baseline,6.059775,6.059775,False,complete
2024-09-07 02:45:00,m8_xgb_corrected,perfect_model_baseline,6.059775,6.059775,False,complete
2024-09-07 03:00:00,m8_xgb_corrected,perfect_model_baseline,5.808701,5.808701,False,complete
2024-09-07 03:15:00,m8_xgb_corrected,perfect_model_baseline,5.747867,5.747867,False,complete
2024-09-07 03:30:00,m8_xgb_corrected,perfect_model_baseline,5.747867,5.747867,False,complete
2024-09-07 03:45:00,m8_xgb_corrected,perfect_model_baseline,5.733993,5.733993,False,complete
2024-09-07 04:00:00,m8_xgb_corrected,perfect_model_baseline,5.587881,5.587881,False,complete
2024-09-07 04:15:00,m8_xgb_corrected,perfect_model_baseline,5.511592,5.511592,False,complete
2024-09-07 04:30:00,m8_xgb_corrected,perfect_model_baseline,5.511592,5.511592,False,complete
2024-09-07 04:45:00,m8_xgb_corrected,perfect_model_baseline,5.511592,5.511592,False,complete
2024-09-07 05:00:00,m8_xgb_corrected,perfect_model_baseline,5.511592,5.511592,False,complete
2024-09-07 05:15:00,m8_xgb_corrected,perfect_model_baseline,5.615967,5.615967,False,complete
2024-09-07 05:30:00,m8_xgb_corrected,perfect_model_baseline,5.615967,5.615967,False,complete
2024-09-07 05:45:00,m8_xgb_corrected,perfect_model_baseline,5.615967,5.615967,False,complete
2024-09-07 06:00:00,m8_xgb_corrected,perfect_model_baseline,5.615967,5.615967,False,complete
2024-09-07 06:15:00,m8_xgb_corrected,perfect_model_baseline,5.866381,5.866381,False,complete
2024-09-07 06:30:00,m8_xgb_corrected,perfect_model_baseline,5.866381,5.866381,False,complete
2024-09-07 06:45:00,m8_xgb_corrected,perfect_model_baseline,5.642705,5.642705,False,complete
2024-09-07 07:00:00,m8_xgb_corrected,perfect_model_baseline,5.078393,5.078393,False,complete
2024-09-07 07:15:00,m8_xgb_corrected,perfect_model_baseline,4.59075,4.59075,False,complete
2024-09-07 07:30:00,m8_xgb_corrected,perfect_model_baseline,3.944383,3.944383,False,complete
2024-09-07 07:45:00,m8_xgb_corrected,perfect_model_baseline,3.318346,3.318346,False,complete
2024-09-07 08:00:00,m8_xgb_corrected,perfect_model_baseline,2.642883,2.642883,False,complete
2024-09-07 08:15:00,m8_xgb_corrected,perfect_model_baseline,1.788571,1.788571,False,complete
2024-09-07 08:30:00,m8_xgb_corrected,perfect_model_baseline,1.788571,1.788571,False,complete
2024-09-07 08:45:00,m8_xgb_corrected,perfect_model_baseline,1.788571,1.788571,False,complete
2024-09-07 09:00:00,m8_xgb_corrected,perfect_model_baseline,-1.556758,-1.2454064,False,complete
2024-09-07 09:15:00,m8_xgb_corrected,perfect_model_baseline,-1.677693,-1.3421544,False,complete
2024-09-07 09:30:00,m8_xgb_corrected,perfect_model_baseline,-2.525661,-2.0205287999999997,False,complete
2024-09-07 09:45:00,m8_xgb_corrected,perfect_model_baseline,-3.083889,-2.4671112,False,complete
2024-09-07 10:00:00,m8_xgb_corrected,perfect_model_baseline,-3.529343,-2.8234744000000003,False,complete
2024-09-07 10:15:00,m8_xgb_corrected,perfect_model_baseline,-4.015105,-3.212084,False,complete
2024-09-07 10:30:00,m8_xgb_corrected,perfect_model_baseline,-4.182937,-3.3463496,False,complete
2024-09-07 10:45:00,m8_xgb_corrected,perfect_model_baseline,-4.407537,-3.5260295999999998,False,complete
2024-09-07 11:00:00,m8_xgb_corrected,perfect_model_baseline,-4.629723,-3.7037784000000005,False,complete
2024-09-07 11:15:00,m8_xgb_corrected,perfect_model_baseline,-5.130921,-4.1047368,False,complete
2024-09-07 11:30:00,m8_xgb_corrected,perfect_model_baseline,-5.130921,-4.1047368,False,complete
2024-09-07 11:45:00,m8_xgb_corrected,perfect_model_baseline,-5.130921,-4.1047368,False,complete
2024-09-07 12:00:00,m8_xgb_corrected,perfect_model_baseline,-4.912407,-3.9299256000000002,False,complete
2024-09-07 12:15:00,m8_xgb_corrected,perfect_model_baseline,-4.529665,-3.623732,False,complete
2024-09-07 12:30:00,m8_xgb_corrected,perfect_model_baseline,-3.916605,-3.133284,False,complete
2024-09-07 12:45:00,m8_xgb_corrected,perfect_model_baseline,-2.17976,-1.743808,False,complete
2024-09-07 13:00:00,m8_xgb_corrected,perfect_model_baseline,-3.354281,-2.6834247999999996,False,complete
2024-09-07 13:15:00,m8_xgb_corrected,perfect_model_baseline,-2.303228,-1.8425824000000002,False,complete
2024-09-07 13:30:00,m8_xgb_corrected,perfect_model_baseline,-4.367816,-3.4942528000000004,False,complete
2024-09-07 13:45:00,m8_xgb_corrected,perfect_model_baseline,-2.061642,-1.6493136000000002,False,complete
2024-09-07 14:00:00,m8_xgb_corrected,perfect_model_baseline,-1.37461,-1.099688,False,complete
2024-09-07 14:15:00,m8_xgb_corrected,perfect_model_baseline,-2.24993,-1.799944,False,complete
2024-09-07 14:30:00,m8_xgb_corrected,perfect_model_baseline,-1.992105,-1.593684,False,complete
2024-09-07 14:45:00,m8_xgb_corrected,perfect_model_baseline,-2.425529,-1.9404232000000003,False,complete
2024-09-07 15:00:00,m8_xgb_corrected,perfect_model_baseline,-1.699136,-1.3593088,False,complete
2024-09-07 15:15:00,m8_xgb_corrected,perfect_model_baseline,-1.294253,-1.0354024,False,complete
2024-09-07 15:30:00,m8_xgb_corrected,perfect_model_baseline,3.956813,3.956813,False,complete
2024-09-07 15:45:00,m8_xgb_corrected,perfect_model_baseline,6.445189,6.445189,False,complete
2024-09-07 16:00:00,m8_xgb_corrected,perfect_model_baseline,6.90602,6.90602,False,complete
2024-09-07 16:15:00,m8_xgb_corrected,perfect_model_baseline,7.071056,7.071056,False,complete
2024-09-07 16:30:00,m8_xgb_corrected,perfect_model_baseline,7.581373,7.581373,False,complete
2024-09-07 16:45:00,m8_xgb_corrected,perfect_model_baseline,7.124496,7.124496,False,complete
2024-09-07 17:00:00,m8_xgb_corrected,perfect_model_baseline,7.542255,7.542255,False,complete
2024-09-07 17:15:00,m8_xgb_corrected,perfect_model_baseline,8.372659,8.372659,False,complete
2024-09-07 17:30:00,m8_xgb_corrected,perfect_model_baseline,8.926883,8.926883,False,complete
2024-09-07 17:45:00,m8_xgb_corrected,perfect_model_baseline,9.151234,9.151234,False,complete
2024-09-07 18:00:00,m8_xgb_corrected,perfect_model_baseline,9.151234,9.151234,False,complete
2024-09-07 18:15:00,m8_xgb_corrected,perfect_model_baseline,9.438947,9.438947,False,complete
2024-09-07 18:30:00,m8_xgb_corrected,perfect_model_baseline,9.577259,9.577259,False,complete
2024-09-07 18:45:00,m8_xgb_corrected,perfect_model_baseline,9.577259,9.577259,False,complete
2024-09-07 19:00:00,m8_xgb_corrected,perfect_model_baseline,9.352516,9.352516,False,complete
2024-09-07 19:15:00,m8_xgb_corrected,perfect_model_baseline,9.109158,9.109158,False,complete
2024-09-07 19:30:00,m8_xgb_corrected,perfect_model_baseline,9.109158,9.109158,False,complete
2024-09-07 19:45:00,m8_xgb_corrected,perfect_model_baseline,8.919488,8.919488,False,complete
2024-09-07 20:00:00,m8_xgb_corrected,perfect_model_baseline,8.695096,8.695096,False,complete
2024-09-07 20:15:00,m8_xgb_corrected,perfect_model_baseline,8.341159,8.341159,False,complete
2024-09-07 20:30:00,m8_xgb_corrected,perfect_model_baseline,8.263387,8.263387,False,complete
2024-09-07 20:45:00,m8_xgb_corrected,perfect_model_baseline,8.263387,8.263387,False,complete
2024-09-07 21:00:00,m8_xgb_corrected,perfect_model_baseline,8.263387,8.263387,False,complete
2024-09-07 21:15:00,m8_xgb_corrected,perfect_model_baseline,7.990425,7.990425,False,complete
2024-09-07 21:30:00,m8_xgb_corrected,perfect_model_baseline,7.846974,7.846974,False,complete
2024-09-07 21:45:00,m8_xgb_corrected,perfect_model_baseline,7.846974,7.846974,False,complete
2024-09-07 22:00:00,m8_xgb_corrected,perfect_model_baseline,7.846974,7.846974,False,complete
2024-09-07 22:15:00,m8_xgb_corrected,perfect_model_baseline,7.93347,7.93347,False,complete
2024-09-07 22:30:00,m8_xgb_corrected,perfect_model_baseline,7.93347,7.93347,False,complete
2024-09-07 22:45:00,m8_xgb_corrected,perfect_model_baseline,7.93347,7.93347,False,complete
2024-09-07 23:00:00,m8_xgb_corrected,perfect_model_baseline,7.93347,7.93347,False,complete
2024-09-07 23:15:00,m8_xgb_corrected,perfect_model_baseline,7.796623,7.796623,False,complete
2024-09-07 23:30:00,m8_xgb_corrected,perfect_model_baseline,7.631949,7.631949,False,complete
2024-09-07 23:45:00,m8_xgb_corrected,perfect_model_baseline,7.397326,7.397326,False,complete
2024-09-08 00:00:00,m8_xgb_corrected,perfect_model_baseline,7.397326,7.397326,False,complete
2024-09-08 00:15:00,m8_xgb_corrected,perfect_model_baseline,7.329743,7.329743,False,complete
2024-09-08 00:30:00,m8_xgb_corrected,perfect_model_baseline,7.18221,7.18221,False,complete
2024-09-08 00:45:00,m8_xgb_corrected,perfect_model_baseline,7.18221,7.18221,False,complete
2024-09-08 01:00:00,m8_xgb_corrected,perfect_model_baseline,7.18221,7.18221,False,complete
2024-09-08 01:15:00,m8_xgb_corrected,perfect_model_baseline,6.897548,6.897548,False,complete
2024-09-08 01:30:00,m8_xgb_corrected,perfect_model_baseline,6.505551,6.505551,False,complete
2024-09-08 01:45:00,m8_xgb_corrected,perfect_model_baseline,6.279627,6.279627,False,complete
2024-09-08 02:00:00,m8_xgb_corrected,perfect_model_baseline,6.0539,6.0539,False,complete
2024-09-08 02:15:00,m8_xgb_corrected,perfect_model_baseline,5.897814,5.897814,False,complete
2024-09-08 02:30:00,m8_xgb_corrected,perfect_model_baseline,5.828557,5.828557,False,complete
2024-09-08 02:45:00,m8_xgb_corrected,perfect_model_baseline,5.828557,5.828557,False,complete
2024-09-08 03:00:00,m8_xgb_corrected,perfect_model_baseline,5.733973,5.733973,False,complete
2024-09-08 03:15:00,m8_xgb_corrected,perfect_model_baseline,5.547183,5.547183,False,complete
2024-09-08 03:30:00,m8_xgb_corrected,perfect_model_baseline,5.547183,5.547183,False,complete
2024-09-08 03:45:00,m8_xgb_corrected,perfect_model_baseline,5.547183,5.547183,False,complete
2024-09-08 04:00:00,m8_xgb_corrected,perfect_model_baseline,5.547183,5.547183,False,complete
2024-09-08 04:15:00,m8_xgb_corrected,perfect_model_baseline,5.429918,5.429918,False,complete
2024-09-08 04:30:00,m8_xgb_corrected,perfect_model_baseline,5.429918,5.429918,False,complete
2024-09-08 04:45:00,m8_xgb_corrected,perfect_model_baseline,5.429918,5.429918,False,complete
2024-09-08 05:00:00,m8_xgb_corrected,perfect_model_baseline,5.429918,5.429918,False,complete
2024-09-08 05:15:00,m8_xgb_corrected,perfect_model_baseline,5.412788,5.412788,False,complete
2024-09-08 05:30:00,m8_xgb_corrected,perfect_model_baseline,5.412788,5.412788,False,complete
2024-09-08 05:45:00,m8_xgb_corrected,perfect_model_baseline,5.412788,5.412788,False,complete
2024-09-08 06:00:00,m8_xgb_corrected,perfect_model_baseline,5.412788,5.412788,False,complete
2024-09-08 06:15:00,m8_xgb_corrected,perfect_model_baseline,5.710014,5.710014,False,complete
2024-09-08 06:30:00,m8_xgb_corrected,perfect_model_baseline,5.710014,5.710014,False,complete
2024-09-08 06:45:00,m8_xgb_corrected,perfect_model_baseline,5.710014,5.710014,False,complete
2024-09-08 07:00:00,m8_xgb_corrected,perfect_model_baseline,5.710014,5.710014,False,complete
2024-09-08 07:15:00,m8_xgb_corrected,perfect_model_baseline,5.414749,5.414749,False,complete
2024-09-08 07:30:00,m8_xgb_corrected,perfect_model_baseline,5.302951,5.302951,False,complete
2024-09-08 07:45:00,m8_xgb_corrected,perfect_model_baseline,5.583615,5.583615,False,complete
2024-09-08 08:00:00,m8_xgb_corrected,perfect_model_baseline,5.826812,5.826812,False,complete
2024-09-08 08:15:00,m8_xgb_corrected,perfect_model_baseline,6.530727,6.530727,False,complete
2024-09-08 08:30:00,m8_xgb_corrected,perfect_model_baseline,6.352758,6.352758,False,complete
2024-09-08 08:45:00,m8_xgb_corrected,perfect_model_baseline,6.150438,6.150438,False,complete
2024-09-08 09:00:00,m8_xgb_corrected,perfect_model_baseline,5.247586,5.247586,False,complete
2024-09-08 09:15:00,m8_xgb_corrected,perfect_model_baseline,6.146547,6.146547,False,complete
2024-09-08 09:30:00,m8_xgb_corrected,perfect_model_baseline,6.125727,6.125727,False,complete
2024-09-08 09:45:00,m8_xgb_corrected,perfect_model_baseline,6.783381,6.783381,False,complete
2024-09-08 10:00:00,m8_xgb_corrected,perfect_model_baseline,7.006059,7.006059,False,complete
2024-09-08 10:15:00,m8_xgb_corrected,perfect_model_baseline,6.388117,6.388117,False,complete
2024-09-08 10:30:00,m8_xgb_corrected,perfect_model_baseline,3.38976,3.38976,False,complete
2024-09-08 10:45:00,m8_xgb_corrected,perfect_model_baseline,-2.53964,-2.031712,False,complete
2024-09-08 11:00:00,m8_xgb_corrected,perfect_model_baseline,-2.871868,-2.2974944,False,complete
2024-09-08 11:15:00,m8_xgb_corrected,perfect_model_baseline,-2.840834,-2.2726672,False,complete
2024-09-08 11:30:00,m8_xgb_corrected,perfect_model_baseline,-2.498411,-1.9987288,False,complete
2024-09-08 11:45:00,m8_xgb_corrected,perfect_model_baseline,-2.476768,-1.9814144,False,complete
2024-09-08 12:00:00,m8_xgb_corrected,perfect_model_baseline,3.510717,3.510717,False,complete
2024-09-08 12:15:00,m8_xgb_corrected,perfect_model_baseline,5.957469,5.957469,False,complete
2024-09-08 12:30:00,m8_xgb_corrected,perfect_model_baseline,4.493104,4.493104,False,complete
2024-09-08 12:45:00,m8_xgb_corrected,perfect_model_baseline,5.641987,5.641987,False,complete
2024-09-08 13:00:00,m8_xgb_corrected,perfect_model_baseline,5.260859,5.260859,False,complete
2024-09-08 13:15:00,m8_xgb_corrected,perfect_model_baseline,5.264475,5.264475,False,complete
2024-09-08 13:30:00,m8_xgb_corrected,perfect_model_baseline,6.302555,6.302555,False,complete
2024-09-08 13:45:00,m8_xgb_corrected,perfect_model_baseline,6.727371,6.727371,False,complete
2024-09-08 14:00:00,m8_xgb_corrected,perfect_model_baseline,6.719067,6.719067,False,complete
2024-09-08 14:15:00,m8_xgb_corrected,perfect_model_baseline,6.879136,6.879136,False,complete
2024-09-08 14:30:00,m8_xgb_corrected,perfect_model_baseline,6.902041,6.902041,False,complete
2024-09-08 14:45:00,m8_xgb_corrected,perfect_model_baseline,7.350766,7.350766,False,complete
2024-09-08 15:00:00,m8_xgb_corrected,perfect_model_baseline,6.295715,6.295715,False,complete
2024-09-08 15:15:00,m8_xgb_corrected,perfect_model_baseline,5.060125,5.060125,False,complete
2024-09-08 15:30:00,m8_xgb_corrected,perfect_model_baseline,7.224426,7.224426,False,complete
2024-09-08 15:45:00,m8_xgb_corrected,perfect_model_baseline,8.056322,8.056322,False,complete
2024-09-08 16:00:00,m8_xgb_corrected,perfect_model_baseline,7.429187,7.429187,False,complete
2024-09-08 16:15:00,m8_xgb_corrected,perfect_model_baseline,7.800996,7.800996,False,complete
2024-09-08 16:30:00,m8_xgb_corrected,perfect_model_baseline,8.09664,8.09664,False,complete
2024-09-08 16:45:00,m8_xgb_corrected,perfect_model_baseline,7.814114,7.814114,False,complete
2024-09-08 17:00:00,m8_xgb_corrected,perfect_model_baseline,8.568684,8.568684,False,complete
2024-09-08 17:15:00,m8_xgb_corrected,perfect_model_baseline,9.5656,9.5656,False,complete
2024-09-08 17:30:00,m8_xgb_corrected,perfect_model_baseline,9.5656,9.5656,False,complete
2024-09-08 17:45:00,m8_xgb_corrected,perfect_model_baseline,10.070276,10.070276,False,complete
2024-09-08 18:00:00,m8_xgb_corrected,perfect_model_baseline,10.070276,10.070276,False,complete
2024-09-08 18:15:00,m8_xgb_corrected,perfect_model_baseline,10.315996,10.315996,False,complete
2024-09-08 18:30:00,m8_xgb_corrected,perfect_model_baseline,10.445392,10.445392,False,complete
2024-09-08 18:45:00,m8_xgb_corrected,perfect_model_baseline,10.22114,10.22114,False,complete
2024-09-08 19:00:00,m8_xgb_corrected,perfect_model_baseline,10.046015,10.046015,False,complete
2024-09-08 19:15:00,m8_xgb_corrected,perfect_model_baseline,9.877521,9.877521,False,complete
2024-09-08 19:30:00,m8_xgb_corrected,perfect_model_baseline,9.559719,9.559719,False,complete
2024-09-08 19:45:00,m8_xgb_corrected,perfect_model_baseline,9.559719,9.559719,False,complete
2024-09-08 20:00:00,m8_xgb_corrected,perfect_model_baseline,9.336352,9.336352,False,complete
2024-09-08 20:15:00,m8_xgb_corrected,perfect_model_baseline,9.00032,9.00032,False,complete
2024-09-08 20:30:00,m8_xgb_corrected,perfect_model_baseline,8.871503,8.871503,False,complete
2024-09-08 20:45:00,m8_xgb_corrected,perfect_model_baseline,8.66263,8.66263,False,complete
2024-09-08 21:00:00,m8_xgb_corrected,perfect_model_baseline,8.768712,8.768712,False,complete
2024-09-08 21:15:00,m8_xgb_corrected,perfect_model_baseline,8.482035,8.482035,False,complete
2024-09-08 21:30:00,m8_xgb_corrected,perfect_model_baseline,8.33411,8.33411,False,complete
2024-09-08 21:45:00,m8_xgb_corrected,perfect_model_baseline,8.56033,8.56033,False,complete
2024-09-08 22:00:00,m8_xgb_corrected,perfect_model_baseline,8.33411,8.33411,False,complete
2024-09-08 22:15:00,m8_xgb_corrected,perfect_model_baseline,8.200037,8.200037,False,complete
2024-09-08 22:30:00,m8_xgb_corrected,perfect_model_baseline,8.086574,8.086574,False,complete
2024-09-08 22:45:00,m8_xgb_corrected,perfect_model_baseline,8.086574,8.086574,False,complete
2024-09-08 23:00:00,m8_xgb_corrected,perfect_model_baseline,7.89474,7.89474,False,complete
2024-09-08 23:15:00,m8_xgb_corrected,perfect_model_baseline,7.786726,7.786726,False,complete
2024-09-08 23:30:00,m8_xgb_corrected,perfect_model_baseline,7.614222,7.614222,False,complete
2024-09-08 23:45:00,m8_xgb_corrected,perfect_model_baseline,7.355585,7.355585,False,complete
2024-09-09 00:00:00,m8_xgb_corrected,perfect_model_baseline,7.355585,7.355585,False,complete
2024-09-09 00:15:00,m8_xgb_corrected,perfect_model_baseline,7.525603,7.525603,False,complete
2024-09-09 00:30:00,m8_xgb_corrected,perfect_model_baseline,7.489372,7.489372,False,complete
2024-09-09 00:45:00,m8_xgb_corrected,perfect_model_baseline,7.350302,7.350302,False,complete
2024-09-09 01:00:00,m8_xgb_corrected,perfect_model_baseline,7.533676,7.533676,False,complete
2024-09-09 01:15:00,m8_xgb_corrected,perfect_model_baseline,6.941562,6.941562,False,complete
2024-09-09 01:30:00,m8_xgb_corrected,perfect_model_baseline,6.684295,6.684295,False,complete
2024-09-09 01:45:00,m8_xgb_corrected,perfect_model_baseline,6.46083,6.46083,False,complete
2024-09-09 02:00:00,m8_xgb_corrected,perfect_model_baseline,6.46083,6.46083,False,complete
2024-09-09 02:15:00,m8_xgb_corrected,perfect_model_baseline,6.135624,6.135624,False,complete
2024-09-09 02:30:00,m8_xgb_corrected,perfect_model_baseline,6.031936,6.031936,False,complete
2024-09-09 02:45:00,m8_xgb_corrected,perfect_model_baseline,6.031936,6.031936,False,complete
2024-09-09 03:00:00,m8_xgb_corrected,perfect_model_baseline,5.798814,5.798814,False,complete
2024-09-09 03:15:00,m8_xgb_corrected,perfect_model_baseline,5.638349,5.638349,False,complete
2024-09-09 03:30:00,m8_xgb_corrected,perfect_model_baseline,5.638349,5.638349,False,complete
2024-09-09 03:45:00,m8_xgb_corrected,perfect_model_baseline,5.560546,5.560546,False,complete
2024-09-09 04:00:00,m8_xgb_corrected,perfect_model_baseline,5.560546,5.560546,False,complete
2024-09-09 04:15:00,m8_xgb_corrected,perfect_model_baseline,5.72955,5.72955,False,complete
2024-09-09 04:30:00,m8_xgb_corrected,perfect_model_baseline,5.72955,5.72955,False,complete
2024-09-09 04:45:00,m8_xgb_corrected,perfect_model_baseline,5.82443,5.82443,False,complete
2024-09-09 05:00:00,m8_xgb_corrected,perfect_model_baseline,6.005945,6.005945,False,complete
2024-09-09 05:15:00,m8_xgb_corrected,perfect_model_baseline,6.120511,6.120511,False,complete
2024-09-09 05:30:00,m8_xgb_corrected,perfect_model_baseline,6.235863,6.235863,False,complete
2024-09-09 05:45:00,m8_xgb_corrected,perfect_model_baseline,6.505308,6.505308,False,complete
2024-09-09 06:00:00,m8_xgb_corrected,perfect_model_baseline,6.731134,6.731134,False,complete
2024-09-09 06:15:00,m8_xgb_corrected,perfect_model_baseline,6.998945,6.998945,False,complete
2024-09-09 06:30:00,m8_xgb_corrected,perfect_model_baseline,6.471549,6.471549,False,complete
2024-09-09 06:45:00,m8_xgb_corrected,perfect_model_baseline,6.471549,6.471549,False,complete
2024-09-09 07:00:00,m8_xgb_corrected,perfect_model_baseline,5.840022,5.840022,False,complete
2024-09-09 07:15:00,m8_xgb_corrected,perfect_model_baseline,4.274975,4.274975,False,complete
2024-09-09 07:30:00,m8_xgb_corrected,perfect_model_baseline,5.631836,5.631836,False,complete
2024-09-09 07:45:00,m8_xgb_corrected,perfect_model_baseline,5.948555,5.948555,False,complete
2024-09-09 08:00:00,m8_xgb_corrected,perfect_model_baseline,5.948555,5.948555,False,complete
2024-09-09 08:15:00,m8_xgb_corrected,perfect_model_baseline,5.234586,5.234586,False,complete
2024-09-09 08:30:00,m8_xgb_corrected,perfect_model_baseline,4.44528,4.44528,False,complete
2024-09-09 08:45:00,m8_xgb_corrected,perfect_model_baseline,-2.00031,-1.600248,False,complete
2024-09-09 09:00:00,m8_xgb_corrected,perfect_model_baseline,-2.0131,-1.6104800000000001,False,complete
2024-09-09 09:15:00,m8_xgb_corrected,perfect_model_baseline,-3.047593,-2.4380744,False,complete
2024-09-09 09:30:00,m8_xgb_corrected,perfect_model_baseline,-4.381288,-3.5050304,False,complete
2024-09-09 09:45:00,m8_xgb_corrected,perfect_model_baseline,-3.695757,-2.9566056,False,complete
2024-09-09 10:00:00,m8_xgb_corrected,perfect_model_baseline,-5.332192,-4.2657536,False,complete
2024-09-09 10:15:00,m8_xgb_corrected,perfect_model_baseline,-5.236009,-4.1888072,False,complete
2024-09-09 10:30:00,m8_xgb_corrected,perfect_model_baseline,-6.262241,-5.0097928000000005,False,complete
2024-09-09 10:45:00,m8_xgb_corrected,perfect_model_baseline,-6.527378,-5.2219024,False,complete
2024-09-09 11:00:00,m8_xgb_corrected,perfect_model_baseline,-6.644067,-5.3152536,False,complete
2024-09-09 11:15:00,m8_xgb_corrected,perfect_model_baseline,-5.321354,-4.2570832,False,complete
2024-09-09 11:30:00,m8_xgb_corrected,perfect_model_baseline,-7.116742,-5.6933936,False,complete
2024-09-09 11:45:00,m8_xgb_corrected,perfect_model_baseline,-6.05611,-4.844888000000001,False,complete
2024-09-09 12:00:00,m8_xgb_corrected,perfect_model_baseline,-5.865854,-4.6926832,False,complete
2024-09-09 12:15:00,m8_xgb_corrected,perfect_model_baseline,-2.459867,-1.9678936,False,complete
2024-09-09 12:30:00,m8_xgb_corrected,perfect_model_baseline,-1.96484,-1.571872,False,complete
2024-09-09 12:45:00,m8_xgb_corrected,perfect_model_baseline,-1.96484,-1.571872,False,complete
2024-09-09 13:00:00,m8_xgb_corrected,perfect_model_baseline,-1.96484,-1.571872,False,complete
2024-09-09 13:15:00,m8_xgb_corrected,perfect_model_baseline,-3.363677,-2.6909416000000004,False,complete
2024-09-09 13:30:00,m8_xgb_corrected,perfect_model_baseline,-6.744321,-5.395456800000001,False,complete
2024-09-09 13:45:00,m8_xgb_corrected,perfect_model_baseline,-4.875151,-3.9001208000000003,False,complete
2024-09-09 14:00:00,m8_xgb_corrected,perfect_model_baseline,-4.341913,-3.4735304,False,complete
2024-09-09 14:15:00,m8_xgb_corrected,perfect_model_baseline,-2.12219,-1.697752,False,complete
2024-09-09 14:30:00,m8_xgb_corrected,perfect_model_baseline,-2.546139,-2.0369112000000005,False,complete
2024-09-09 14:45:00,m8_xgb_corrected,perfect_model_baseline,-1.728689,-1.3829512,False,complete
2024-09-09 15:00:00,m8_xgb_corrected,perfect_model_baseline,-3.922572,-3.1380576000000002,False,complete
2024-09-09 15:15:00,m8_xgb_corrected,perfect_model_baseline,-2.215074,-1.7720592000000002,False,complete
2024-09-09 15:30:00,m8_xgb_corrected,perfect_model_baseline,-1.491894,-1.1935152,False,complete
2024-09-09 15:45:00,m8_xgb_corrected,perfect_model_baseline,1.491894,1.491894,False,complete
2024-09-09 16:00:00,m8_xgb_corrected,perfect_model_baseline,2.032723,2.032723,False,complete
2024-09-09 16:15:00,m8_xgb_corrected,perfect_model_baseline,2.936377,2.936377,False,complete
2024-09-09 16:30:00,m8_xgb_corrected,perfect_model_baseline,4.19724,4.19724,False,complete
2024-09-09 16:45:00,m8_xgb_corrected,perfect_model_baseline,5.431931,5.431931,False,complete
2024-09-09 17:00:00,m8_xgb_corrected,perfect_model_baseline,6.801635,6.801635,False,complete
2024-09-09 17:15:00,m8_xgb_corrected,perfect_model_baseline,7.974804,7.974804,False,complete
2024-09-09 17:30:00,m8_xgb_corrected,perfect_model_baseline,8.828518,8.828518,False,complete
2024-09-09 17:45:00,m8_xgb_corrected,perfect_model_baseline,9.454189,9.454189,False,complete
2024-09-09 18:00:00,m8_xgb_corrected,perfect_model_baseline,10.015749,10.015749,False,complete
2024-09-09 18:15:00,m8_xgb_corrected,perfect_model_baseline,10.337955,10.337955,False,complete
2024-09-09 18:30:00,m8_xgb_corrected,perfect_model_baseline,10.458601,10.458601,False,complete
2024-09-09 18:45:00,m8_xgb_corrected,perfect_model_baseline,10.234547,10.234547,False,complete
2024-09-09 19:00:00,m8_xgb_corrected,perfect_model_baseline,10.011355,10.011355,False,complete
2024-09-09 19:15:00,m8_xgb_corrected,perfect_model_baseline,9.621701,9.621701,False,complete
2024-09-09 19:30:00,m8_xgb_corrected,perfect_model_baseline,9.621701,9.621701,False,complete
2024-09-09 19:45:00,m8_xgb_corrected,perfect_model_baseline,9.159357,9.159357,False,complete
2024-09-09 20:00:00,m8_xgb_corrected,perfect_model_baseline,9.159357,9.159357,False,complete
2024-09-09 20:15:00,m8_xgb_corrected,perfect_model_baseline,8.816043,8.816043,False,complete
2024-09-09 20:30:00,m8_xgb_corrected,perfect_model_baseline,8.686606,8.686606,False,complete
2024-09-09 20:45:00,m8_xgb_corrected,perfect_model_baseline,8.686606,8.686606,False,complete
2024-09-09 21:00:00,m8_xgb_corrected,perfect_model_baseline,8.458096,8.458096,False,complete
2024-09-09 21:15:00,m8_xgb_corrected,perfect_model_baseline,8.148913,8.148913,False,complete
2024-09-09 21:30:00,m8_xgb_corrected,perfect_model_baseline,8.148913,8.148913,False,complete
2024-09-09 21:45:00,m8_xgb_corrected,perfect_model_baseline,8.148913,8.148913,False,complete
2024-09-09 22:00:00,m8_xgb_corrected,perfect_model_baseline,7.743996,7.743996,False,complete
2024-09-09 22:15:00,m8_xgb_corrected,perfect_model_baseline,8.235476,8.235476,False,complete
2024-09-09 22:30:00,m8_xgb_corrected,perfect_model_baseline,8.235476,8.235476,False,complete
2024-09-09 22:45:00,m8_xgb_corrected,perfect_model_baseline,8.235476,8.235476,False,complete
2024-09-09 23:00:00,m8_xgb_corrected,perfect_model_baseline,7.757647,7.757647,False,complete
2024-09-09 23:15:00,m8_xgb_corrected,perfect_model_baseline,8.009285,8.009285,False,complete
2024-09-09 23:30:00,m8_xgb_corrected,perfect_model_baseline,8.009285,8.009285,False,complete
2024-09-09 23:45:00,m8_xgb_corrected,perfect_model_baseline,8.009285,8.009285,False,complete
2024-09-10 00:00:00,m8_xgb_corrected,perfect_model_baseline,7.736371,7.736371,False,complete
2024-09-10 00:15:00,m8_xgb_corrected,perfect_model_baseline,7.632196,7.632196,False,complete
2024-09-10 00:30:00,m8_xgb_corrected,perfect_model_baseline,7.539302,7.539302,False,complete
2024-09-10 00:45:00,m8_xgb_corrected,perfect_model_baseline,7.384596,7.384596,False,complete
2024-09-10 01:00:00,m8_xgb_corrected,perfect_model_baseline,7.384596,7.384596,False,complete
2024-09-10 01:15:00,m8_xgb_corrected,perfect_model_baseline,7.190908,7.190908,False,complete
2024-09-10 01:30:00,m8_xgb_corrected,perfect_model_baseline,6.872253,6.872253,False,complete
2024-09-10 01:45:00,m8_xgb_corrected,perfect_model_baseline,6.424438,6.424438,False,complete
2024-09-10 02:00:00,m8_xgb_corrected,perfect_model_baseline,6.424438,6.424438,False,complete
2024-09-10 02:15:00,m8_xgb_corrected,perfect_model_baseline,6.619686,6.619686,False,complete
2024-09-10 02:30:00,m8_xgb_corrected,perfect_model_baseline,6.619686,6.619686,False,complete
2024-09-10 02:45:00,m8_xgb_corrected,perfect_model_baseline,6.619686,6.619686,False,complete
2024-09-10 03:00:00,m8_xgb_corrected,perfect_model_baseline,6.619686,6.619686,False,complete
2024-09-10 03:15:00,m8_xgb_corrected,perfect_model_baseline,6.078309,6.078309,False,complete
2024-09-10 03:30:00,m8_xgb_corrected,perfect_model_baseline,5.983616,5.983616,False,complete
2024-09-10 03:45:00,m8_xgb_corrected,perfect_model_baseline,5.983616,5.983616,False,complete
2024-09-10 04:00:00,m8_xgb_corrected,perfect_model_baseline,5.751376,5.751376,False,complete
2024-09-10 04:15:00,m8_xgb_corrected,perfect_model_baseline,5.71127,5.71127,False,complete
2024-09-10 04:30:00,m8_xgb_corrected,perfect_model_baseline,5.71127,5.71127,False,complete
2024-09-10 04:45:00,m8_xgb_corrected,perfect_model_baseline,5.901689,5.901689,False,complete
2024-09-10 05:00:00,m8_xgb_corrected,perfect_model_baseline,6.230445,6.230445,False,complete
2024-09-10 05:15:00,m8_xgb_corrected,perfect_model_baseline,6.327343,6.327343,False,complete
2024-09-10 05:30:00,m8_xgb_corrected,perfect_model_baseline,6.532994,6.532994,False,complete
2024-09-10 05:45:00,m8_xgb_corrected,perfect_model_baseline,6.706705,6.706705,False,complete
2024-09-10 06:00:00,m8_xgb_corrected,perfect_model_baseline,6.872825,6.872825,False,complete
2024-09-10 06:15:00,m8_xgb_corrected,perfect_model_baseline,7.382669,7.382669,False,complete
2024-09-10 06:30:00,m8_xgb_corrected,perfect_model_baseline,7.166857,7.166857,False,complete
2024-09-10 06:45:00,m8_xgb_corrected,perfect_model_baseline,6.896406,6.896406,False,complete
2024-09-10 07:00:00,m8_xgb_corrected,perfect_model_baseline,6.367174,6.367174,False,complete
2024-09-10 07:15:00,m8_xgb_corrected,perfect_model_baseline,5.570344,5.570344,False,complete
2024-09-10 07:30:00,m8_xgb_corrected,perfect_model_baseline,4.84784,4.84784,False,complete
2024-09-10 07:45:00,m8_xgb_corrected,perfect_model_baseline,3.945187,3.945187,False,complete
2024-09-10 08:00:00,m8_xgb_corrected,perfect_model_baseline,2.88749,2.88749,False,complete
2024-09-10 08:15:00,m8_xgb_corrected,perfect_model_baseline,2.009897,2.009897,False,complete
2024-09-10 08:30:00,m8_xgb_corrected,perfect_model_baseline,1.784896,1.784896,False,complete
2024-09-10 08:45:00,m8_xgb_corrected,perfect_model_baseline,-1.496501,-1.1972008,False,complete
2024-09-10 09:00:00,m8_xgb_corrected,perfect_model_baseline,-2.352802,-1.8822416,False,complete
2024-09-10 09:15:00,m8_xgb_corrected,perfect_model_baseline,-3.151745,-2.521396,False,complete
2024-09-10 09:30:00,m8_xgb_corrected,perfect_model_baseline,-3.74528,-2.996224,False,complete
2024-09-10 09:45:00,m8_xgb_corrected,perfect_model_baseline,-4.479068,-3.5832543999999995,False,complete
2024-09-10 10:00:00,m8_xgb_corrected,perfect_model_baseline,-5.025905,-4.0207239999999995,False,complete
2024-09-10 10:15:00,m8_xgb_corrected,perfect_model_baseline,-5.470206,-4.376164800000001,False,complete
2024-09-10 10:30:00,m8_xgb_corrected,perfect_model_baseline,-5.898473,-4.718778400000001,False,complete
2024-09-10 10:45:00,m8_xgb_corrected,perfect_model_baseline,-6.339795,-5.071836,False,complete
2024-09-10 11:00:00,m8_xgb_corrected,perfect_model_baseline,-6.560407,-5.248325599999999,False,complete
2024-09-10 11:15:00,m8_xgb_corrected,perfect_model_baseline,-7.012453,-5.6099624,False,complete
2024-09-10 11:30:00,m8_xgb_corrected,perfect_model_baseline,-7.19229,-5.753832,False,complete
2024-09-10 11:45:00,m8_xgb_corrected,perfect_model_baseline,-7.19229,-5.753832,False,complete
2024-09-10 12:00:00,m8_xgb_corrected,perfect_model_baseline,-7.416517,-5.933213599999999,False,complete
2024-09-10 12:15:00,m8_xgb_corrected,perfect_model_baseline,-7.290709,-5.8325672,False,complete
2024-09-10 12:30:00,m8_xgb_corrected,perfect_model_baseline,-7.231673,-5.7853384,False,complete
2024-09-10 12:45:00,m8_xgb_corrected,perfect_model_baseline,-6.372696,-5.098156800000001,False,complete
2024-09-10 13:00:00,m8_xgb_corrected,perfect_model_baseline,-6.035558,-4.828446400000001,False,complete
2024-09-10 13:15:00,m8_xgb_corrected,perfect_model_baseline,-6.095175,-4.87614,False,complete
2024-09-10 13:30:00,m8_xgb_corrected,perfect_model_baseline,-4.959267,-3.9674135999999995,False,complete
2024-09-10 13:45:00,m8_xgb_corrected,perfect_model_baseline,-4.169735,-3.335788,False,complete
2024-09-10 14:00:00,m8_xgb_corrected,perfect_model_baseline,-2.914103,-2.3312824,False,complete
2024-09-10 14:15:00,m8_xgb_corrected,perfect_model_baseline,-2.998417,-2.3987336,False,complete
2024-09-10 14:30:00,m8_xgb_corrected,perfect_model_baseline,-3.362596,-2.6900768,False,complete
2024-09-10 14:45:00,m8_xgb_corrected,perfect_model_baseline,-2.121485,-1.697188,False,complete
2024-09-10 15:00:00,m8_xgb_corrected,perfect_model_baseline,-3.119214,-2.4953711999999997,False,complete
2024-09-10 15:15:00,m8_xgb_corrected,perfect_model_baseline,-2.803413,-2.2427304,False,complete
2024-09-10 15:30:00,m8_xgb_corrected,perfect_model_baseline,-1.503462,-1.2027696,False,complete
2024-09-10 15:45:00,m8_xgb_corrected,perfect_model_baseline,1.503462,1.503462,False,complete
2024-09-10 16:00:00,m8_xgb_corrected,perfect_model_baseline,2.19321,2.19321,False,complete
2024-09-10 16:15:00,m8_xgb_corrected,perfect_model_baseline,3.099187,3.099187,False,complete
2024-09-10 16:30:00,m8_xgb_corrected,perfect_model_baseline,4.174794,4.174794,False,complete
2024-09-10 16:45:00,m8_xgb_corrected,perfect_model_baseline,5.447038,5.447038,False,complete
2024-09-10 17:00:00,m8_xgb_corrected,perfect_model_baseline,6.84824,6.84824,False,complete
2024-09-10 17:15:00,m8_xgb_corrected,perfect_model_baseline,7.65037,7.65037,False,complete
2024-09-10 17:30:00,m8_xgb_corrected,perfect_model_baseline,8.425423,8.425423,False,complete
2024-09-10 17:45:00,m8_xgb_corrected,perfect_model_baseline,9.155311,9.155311,False,complete
2024-09-10 18:00:00,m8_xgb_corrected,perfect_model_baseline,9.918717,9.918717,False,complete
2024-09-10 18:15:00,m8_xgb_corrected,perfect_model_baseline,10.150009,10.150009,False,complete
2024-09-10 18:30:00,m8_xgb_corrected,perfect_model_baseline,10.150009,10.150009,False,complete
2024-09-10 18:45:00,m8_xgb_corrected,perfect_model_baseline,10.288192,10.288192,False,complete
2024-09-10 19:00:00,m8_xgb_corrected,perfect_model_baseline,10.288192,10.288192,False,complete
2024-09-10 19:15:00,m8_xgb_corrected,perfect_model_baseline,9.94422,9.94422,False,complete
2024-09-10 19:30:00,m8_xgb_corrected,perfect_model_baseline,9.609781,9.609781,False,complete
2024-09-10 19:45:00,m8_xgb_corrected,perfect_model_baseline,9.609781,9.609781,False,complete
2024-09-10 20:00:00,m8_xgb_corrected,perfect_model_baseline,9.252,9.252,False,complete
2024-09-10 20:15:00,m8_xgb_corrected,perfect_model_baseline,9.001905,9.001905,False,complete
2024-09-10 20:30:00,m8_xgb_corrected,perfect_model_baseline,9.001905,9.001905,False,complete
2024-09-10 20:45:00,m8_xgb_corrected,perfect_model_baseline,8.733072,8.733072,False,complete
2024-09-10 21:00:00,m8_xgb_corrected,perfect_model_baseline,8.733072,8.733072,False,complete
2024-09-10 21:15:00,m8_xgb_corrected,perfect_model_baseline,8.236602,8.236602,False,complete
2024-09-10 21:30:00,m8_xgb_corrected,perfect_model_baseline,8.236602,8.236602,False,complete
2024-09-10 21:45:00,m8_xgb_corrected,perfect_model_baseline,7.99961,7.99961,False,complete
2024-09-10 22:00:00,m8_xgb_corrected,perfect_model_baseline,7.995166,7.995166,False,complete
2024-09-10 22:15:00,m8_xgb_corrected,perfect_model_baseline,8.402636,8.402636,False,complete
2024-09-10 22:30:00,m8_xgb_corrected,perfect_model_baseline,8.402636,8.402636,False,complete
2024-09-10 22:45:00,m8_xgb_corrected,perfect_model_baseline,8.402636,8.402636,False,complete
2024-09-10 23:00:00,m8_xgb_corrected,perfect_model_baseline,8.116662,8.116662,False,complete
2024-09-10 23:15:00,m8_xgb_corrected,perfect_model_baseline,8.218931,8.218931,False,complete
2024-09-10 23:30:00,m8_xgb_corrected,perfect_model_baseline,7.776493,7.776493,False,complete
2024-09-10 23:45:00,m8_xgb_corrected,perfect_model_baseline,7.776493,7.776493,False,complete
2024-09-11 00:00:00,m8_xgb_corrected,perfect_model_baseline,7.776493,7.776493,False,complete
2024-09-11 00:15:00,m8_xgb_corrected,perfect_model_baseline,7.640139,7.640139,False,complete
2024-09-11 00:30:00,m8_xgb_corrected,perfect_model_baseline,7.528005,7.528005,False,complete
2024-09-11 00:45:00,m8_xgb_corrected,perfect_model_baseline,7.338335,7.338335,False,complete
2024-09-11 01:00:00,m8_xgb_corrected,perfect_model_baseline,7.338335,7.338335,False,complete
2024-09-11 01:15:00,m8_xgb_corrected,perfect_model_baseline,7.262003,7.262003,False,complete
2024-09-11 01:30:00,m8_xgb_corrected,perfect_model_baseline,6.874821,6.874821,False,complete
2024-09-11 01:45:00,m8_xgb_corrected,perfect_model_baseline,6.874821,6.874821,False,complete
2024-09-11 02:00:00,m8_xgb_corrected,perfect_model_baseline,6.65106,6.65106,False,complete
2024-09-11 02:15:00,m8_xgb_corrected,perfect_model_baseline,6.395785,6.395785,False,complete
2024-09-11 02:30:00,m8_xgb_corrected,perfect_model_baseline,6.395785,6.395785,False,complete
2024-09-11 02:45:00,m8_xgb_corrected,perfect_model_baseline,6.214735,6.214735,False,complete
2024-09-11 03:00:00,m8_xgb_corrected,perfect_model_baseline,6.214735,6.214735,False,complete
2024-09-11 03:15:00,m8_xgb_corrected,perfect_model_baseline,6.153417,6.153417,False,complete
2024-09-11 03:30:00,m8_xgb_corrected,perfect_model_baseline,6.016318,6.016318,False,complete
2024-09-11 03:45:00,m8_xgb_corrected,perfect_model_baseline,6.016318,6.016318,False,complete
2024-09-11 04:00:00,m8_xgb_corrected,perfect_model_baseline,6.016318,6.016318,False,complete
2024-09-11 04:15:00,m8_xgb_corrected,perfect_model_baseline,5.964186,5.964186,False,complete
2024-09-11 04:30:00,m8_xgb_corrected,perfect_model_baseline,5.964186,5.964186,False,complete
2024-09-11 04:45:00,m8_xgb_corrected,perfect_model_baseline,5.964186,5.964186,False,complete
2024-09-11 05:00:00,m8_xgb_corrected,perfect_model_baseline,6.15294,6.15294,False,complete
2024-09-11 05:15:00,m8_xgb_corrected,perfect_model_baseline,6.352119,6.352119,False,complete
2024-09-11 05:30:00,m8_xgb_corrected,perfect_model_baseline,6.352119,6.352119,False,complete
2024-09-11 05:45:00,m8_xgb_corrected,perfect_model_baseline,6.608941,6.608941,False,complete
2024-09-11 06:00:00,m8_xgb_corrected,perfect_model_baseline,6.876123,6.876123,False,complete
2024-09-11 06:15:00,m8_xgb_corrected,perfect_model_baseline,7.309641,7.309641,False,complete
2024-09-11 06:30:00,m8_xgb_corrected,perfect_model_baseline,6.835528,6.835528,False,complete
2024-09-11 06:45:00,m8_xgb_corrected,perfect_model_baseline,6.613046,6.613046,False,complete
2024-09-11 07:00:00,m8_xgb_corrected,perfect_model_baseline,6.168182,6.168182,False,complete
2024-09-11 07:15:00,m8_xgb_corrected,perfect_model_baseline,5.51424,5.51424,False,complete
2024-09-11 07:30:00,m8_xgb_corrected,perfect_model_baseline,4.742801,4.742801,False,complete
2024-09-11 07:45:00,m8_xgb_corrected,perfect_model_baseline,3.6678,3.6678,False,complete
2024-09-11 08:00:00,m8_xgb_corrected,perfect_model_baseline,3.008404,3.008404,False,complete
2024-09-11 08:15:00,m8_xgb_corrected,perfect_model_baseline,2.161208,2.161208,False,complete
2024-09-11 08:30:00,m8_xgb_corrected,perfect_model_baseline,1.974315,1.974315,False,complete
2024-09-11 08:45:00,m8_xgb_corrected,perfect_model_baseline,-1.974315,-1.579452,False,complete
2024-09-11 09:00:00,m8_xgb_corrected,perfect_model_baseline,-2.196108,-1.7568864000000002,False,complete
2024-09-11 09:15:00,m8_xgb_corrected,perfect_model_baseline,-2.726375,-2.1811,False,complete
2024-09-11 09:30:00,m8_xgb_corrected,perfect_model_baseline,-3.494907,-2.7959256,False,complete
2024-09-11 09:45:00,m8_xgb_corrected,perfect_model_baseline,-4.298329,-3.4386631999999997,False,complete
2024-09-11 10:00:00,m8_xgb_corrected,perfect_model_baseline,-4.929484,-3.943587200000001,False,complete
2024-09-11 10:15:00,m8_xgb_corrected,perfect_model_baseline,-5.240259,-4.1922072,False,complete
2024-09-11 10:30:00,m8_xgb_corrected,perfect_model_baseline,-5.692819,-4.5542552,False,complete
2024-09-11 10:45:00,m8_xgb_corrected,perfect_model_baseline,-6.35682,-5.085456,False,complete
2024-09-11 11:00:00,m8_xgb_corrected,perfect_model_baseline,-6.577826,-5.2622608,False,complete
2024-09-11 11:15:00,m8_xgb_corrected,perfect_model_baseline,-6.901242,-5.520993600000001,False,complete
2024-09-11 11:30:00,m8_xgb_corrected,perfect_model_baseline,-7.028745,-5.622996,False,complete
2024-09-11 11:45:00,m8_xgb_corrected,perfect_model_baseline,-7.23532,-5.7882560000000005,False,complete
2024-09-11 12:00:00,m8_xgb_corrected,perfect_model_baseline,-7.23532,-5.7882560000000005,False,complete
2024-09-11 12:15:00,m8_xgb_corrected,perfect_model_baseline,-6.975427,-5.580341600000001,False,complete
2024-09-11 12:30:00,m8_xgb_corrected,perfect_model_baseline,-6.975427,-5.580341600000001,False,complete
2024-09-11 12:45:00,m8_xgb_corrected,perfect_model_baseline,-6.855943,-5.4847544,False,complete
2024-09-11 13:00:00,m8_xgb_corrected,perfect_model_baseline,-6.855943,-5.4847544,False,complete
2024-09-11 13:15:00,m8_xgb_corrected,perfect_model_baseline,-6.063909,-4.8511272,False,complete
2024-09-11 13:30:00,m8_xgb_corrected,perfect_model_baseline,-5.304339,-4.243471199999999,False,complete
2024-09-11 13:45:00,m8_xgb_corrected,perfect_model_baseline,-3.030055,-2.4240440000000003,False,complete
2024-09-11 14:00:00,m8_xgb_corrected,perfect_model_baseline,-5.723969,-4.5791752,False,complete
2024-09-11 14:15:00,m8_xgb_corrected,perfect_model_baseline,-4.869979,-3.8959832000000003,False,complete
2024-09-11 14:30:00,m8_xgb_corrected,perfect_model_baseline,-4.018267,-3.2146136,False,complete
2024-09-11 14:45:00,m8_xgb_corrected,perfect_model_baseline,-3.363071,-2.6904568,False,complete
2024-09-11 15:00:00,m8_xgb_corrected,perfect_model_baseline,-2.194262,-1.7554096000000001,False,complete
2024-09-11 15:15:00,m8_xgb_corrected,perfect_model_baseline,-1.833988,-1.4671904,False,complete
2024-09-11 15:30:00,m8_xgb_corrected,perfect_model_baseline,-1.492174,-1.1937392,False,complete
2024-09-11 15:45:00,m8_xgb_corrected,perfect_model_baseline,2.726967,2.726967,False,complete
2024-09-11 16:00:00,m8_xgb_corrected,perfect_model_baseline,4.860244,4.860244,False,complete
2024-09-11 16:15:00,m8_xgb_corrected,perfect_model_baseline,5.075157,5.075157,False,complete
2024-09-11 16:30:00,m8_xgb_corrected,perfect_model_baseline,5.536668,5.536668,False,complete
2024-09-11 16:45:00,m8_xgb_corrected,perfect_model_baseline,6.926632,6.926632,False,complete
2024-09-11 17:00:00,m8_xgb_corrected,perfect_model_baseline,7.66801,7.66801,False,complete
2024-09-11 17:15:00,m8_xgb_corrected,perfect_model_baseline,7.886757,7.886757,False,complete
2024-09-11 17:30:00,m8_xgb_corrected,perfect_model_baseline,8.493274,8.493274,False,complete
2024-09-11 17:45:00,m8_xgb_corrected,perfect_model_baseline,9.297627,9.297627,False,complete
2024-09-11 18:00:00,m8_xgb_corrected,perfect_model_baseline,9.82172,9.82172,False,complete
2024-09-11 18:15:00,m8_xgb_corrected,perfect_model_baseline,10.056503,10.056503,False,complete
2024-09-11 18:30:00,m8_xgb_corrected,perfect_model_baseline,10.056503,10.056503,False,complete
2024-09-11 18:45:00,m8_xgb_corrected,perfect_model_baseline,10.056503,10.056503,False,complete
2024-09-11 19:00:00,m8_xgb_corrected,perfect_model_baseline,9.834686,9.834686,False,complete
2024-09-11 19:15:00,m8_xgb_corrected,perfect_model_baseline,9.373226,9.373226,False,complete
2024-09-11 19:30:00,m8_xgb_corrected,perfect_model_baseline,9.261831,9.261831,False,complete
2024-09-11 19:45:00,m8_xgb_corrected,perfect_model_baseline,9.071867,9.071867,False,complete
2024-09-11 20:00:00,m8_xgb_corrected,perfect_model_baseline,9.071867,9.071867,False,complete
2024-09-11 20:15:00,m8_xgb_corrected,perfect_model_baseline,8.871839,8.871839,False,complete
2024-09-11 20:30:00,m8_xgb_corrected,perfect_model_baseline,8.871839,8.871839,False,complete
2024-09-11 20:45:00,m8_xgb_corrected,perfect_model_baseline,8.717333,8.717333,False,complete
2024-09-11 21:00:00,m8_xgb_corrected,perfect_model_baseline,8.422187,8.422187,False,complete
2024-09-11 21:15:00,m8_xgb_corrected,perfect_model_baseline,8.133204,8.133204,False,complete
2024-09-11 21:30:00,m8_xgb_corrected,perfect_model_baseline,7.961758,7.961758,False,complete
2024-09-11 21:45:00,m8_xgb_corrected,perfect_model_baseline,7.961758,7.961758,False,complete
2024-09-11 22:00:00,m8_xgb_corrected,perfect_model_baseline,7.738918,7.738918,False,complete
2024-09-11 22:15:00,m8_xgb_corrected,perfect_model_baseline,8.33055,8.33055,False,complete
2024-09-11 22:30:00,m8_xgb_corrected,perfect_model_baseline,8.33055,8.33055,False,complete
2024-09-11 22:45:00,m8_xgb_corrected,perfect_model_baseline,8.077293,8.077293,False,complete
2024-09-11 23:00:00,m8_xgb_corrected,perfect_model_baseline,7.745751,7.745751,False,complete
2024-09-11 23:15:00,m8_xgb_corrected,perfect_model_baseline,7.779893,7.779893,False,complete
2024-09-11 23:30:00,m8_xgb_corrected,perfect_model_baseline,7.598922,7.598922,False,complete
2024-09-11 23:45:00,m8_xgb_corrected,perfect_model_baseline,7.662317,7.662317,False,complete
2024-09-12 00:00:00,m8_xgb_corrected,perfect_model_baseline,7.393064,7.393064,False,complete
2024-09-12 00:15:00,m8_xgb_corrected,perfect_model_baseline,7.391731,7.391731,False,complete
2024-09-12 00:30:00,m8_xgb_corrected,perfect_model_baseline,7.391731,7.391731,False,complete
2024-09-12 00:45:00,m8_xgb_corrected,perfect_model_baseline,7.217563,7.217563,False,complete
2024-09-12 01:00:00,m8_xgb_corrected,perfect_model_baseline,7.217563,7.217563,False,complete
2024-09-12 01:15:00,m8_xgb_corrected,perfect_model_baseline,6.788664,6.788664,False,complete
2024-09-12 01:30:00,m8_xgb_corrected,perfect_model_baseline,6.659278,6.659278,False,complete
2024-09-12 01:45:00,m8_xgb_corrected,perfect_model_baseline,6.441525,6.441525,False,complete
2024-09-12 02:00:00,m8_xgb_corrected,perfect_model_baseline,6.441525,6.441525,False,complete
2024-09-12 02:15:00,m8_xgb_corrected,perfect_model_baseline,5.975986,5.975986,False,complete
2024-09-12 02:30:00,m8_xgb_corrected,perfect_model_baseline,5.975986,5.975986,False,complete
2024-09-12 02:45:00,m8_xgb_corrected,perfect_model_baseline,5.975986,5.975986,False,complete
2024-09-12 03:00:00,m8_xgb_corrected,perfect_model_baseline,5.78381,5.78381,False,complete
2024-09-12 03:15:00,m8_xgb_corrected,perfect_model_baseline,5.711169,5.711169,False,complete
2024-09-12 03:30:00,m8_xgb_corrected,perfect_model_baseline,5.711169,5.711169,False,complete
2024-09-12 03:45:00,m8_xgb_corrected,perfect_model_baseline,5.711169,5.711169,False,complete
2024-09-12 04:00:00,m8_xgb_corrected,perfect_model_baseline,5.590256,5.590256,False,complete
2024-09-12 04:15:00,m8_xgb_corrected,perfect_model_baseline,5.495862,5.495862,False,complete
2024-09-12 04:30:00,m8_xgb_corrected,perfect_model_baseline,5.495862,5.495862,False,complete
2024-09-12 04:45:00,m8_xgb_corrected,perfect_model_baseline,5.495862,5.495862,False,complete
2024-09-12 05:00:00,m8_xgb_corrected,perfect_model_baseline,5.69214,5.69214,False,complete
2024-09-12 05:15:00,m8_xgb_corrected,perfect_model_baseline,5.884337,5.884337,False,complete
2024-09-12 05:30:00,m8_xgb_corrected,perfect_model_baseline,5.961573,5.961573,False,complete
2024-09-12 05:45:00,m8_xgb_corrected,perfect_model_baseline,5.961573,5.961573,False,complete
2024-09-12 06:00:00,m8_xgb_corrected,perfect_model_baseline,6.184546,6.184546,False,complete
2024-09-12 06:15:00,m8_xgb_corrected,perfect_model_baseline,6.66516,6.66516,False,complete
2024-09-12 06:30:00,m8_xgb_corrected,perfect_model_baseline,6.837113,6.837113,False,complete
2024-09-12 06:45:00,m8_xgb_corrected,perfect_model_baseline,6.837113,6.837113,False,complete
2024-09-12 07:00:00,m8_xgb_corrected,perfect_model_baseline,6.837113,6.837113,False,complete
2024-09-12 07:15:00,m8_xgb_corrected,perfect_model_baseline,6.799066,6.799066,False,complete
2024-09-12 07:30:00,m8_xgb_corrected,perfect_model_baseline,6.799066,6.799066,False,complete
2024-09-12 07:45:00,m8_xgb_corrected,perfect_model_baseline,7.083145,7.083145,False,complete
2024-09-12 08:00:00,m8_xgb_corrected,perfect_model_baseline,6.858893,6.858893,False,complete
2024-09-12 08:15:00,m8_xgb_corrected,perfect_model_baseline,6.912255,6.912255,False,complete
2024-09-12 08:30:00,m8_xgb_corrected,perfect_model_baseline,6.060106,6.060106,False,complete
2024-09-12 08:45:00,m8_xgb_corrected,perfect_model_baseline,4.817432,4.817432,False,complete
2024-09-12 09:00:00,m8_xgb_corrected,perfect_model_baseline,5.428131,5.428131,False,complete
2024-09-12 09:15:00,m8_xgb_corrected,perfect_model_baseline,5.78971,5.78971,False,complete
2024-09-12 09:30:00,m8_xgb_corrected,perfect_model_baseline,4.713165,4.713165,False,complete
2024-09-12 09:45:00,m8_xgb_corrected,perfect_model_baseline,3.142501,3.142501,False,complete
2024-09-12 10:00:00,m8_xgb_corrected,perfect_model_baseline,3.07308,3.07308,False,complete
2024-09-12 10:15:00,m8_xgb_corrected,perfect_model_baseline,2.067457,2.067457,False,complete
2024-09-12 10:30:00,m8_xgb_corrected,perfect_model_baseline,2.098853,2.098853,False,complete
2024-09-12 10:45:00,m8_xgb_corrected,perfect_model_baseline,2.212765,2.212765,False,complete
2024-09-12 11:00:00,m8_xgb_corrected,perfect_model_baseline,2.278332,2.278332,False,complete
2024-09-12 11:15:00,m8_xgb_corrected,perfect_model_baseline,2.364463,2.364463,False,complete
2024-09-12 11:30:00,m8_xgb_corrected,perfect_model_baseline,2.818469,2.818469,False,complete
2024-09-12 11:45:00,m8_xgb_corrected,perfect_model_baseline,2.71389,2.71389,False,complete
2024-09-12 12:00:00,m8_xgb_corrected,perfect_model_baseline,4.742673,4.742673,False,complete
2024-09-12 12:15:00,m8_xgb_corrected,perfect_model_baseline,2.603001,2.603001,False,complete
2024-09-12 12:30:00,m8_xgb_corrected,perfect_model_baseline,-1.777361,-1.4218888,False,complete
2024-09-12 12:45:00,m8_xgb_corrected,perfect_model_baseline,-2.456907,-1.9655256000000003,False,complete
2024-09-12 13:00:00,m8_xgb_corrected,perfect_model_baseline,-4.555342,-3.6442736,False,complete
2024-09-12 13:15:00,m8_xgb_corrected,perfect_model_baseline,-3.068291,-2.4546328,False,complete
2024-09-12 13:30:00,m8_xgb_corrected,perfect_model_baseline,-3.281024,-2.6248191999999997,False,complete
2024-09-12 13:45:00,m8_xgb_corrected,perfect_model_baseline,-4.394463,-3.5155704,False,complete
2024-09-12 14:00:00,m8_xgb_corrected,perfect_model_baseline,-3.515498,-2.8123984,False,complete
2024-09-12 14:15:00,m8_xgb_corrected,perfect_model_baseline,-3.854629,-3.0837032000000004,False,complete
2024-09-12 14:30:00,m8_xgb_corrected,perfect_model_baseline,-2.71617,-2.172936,False,complete
2024-09-12 14:45:00,m8_xgb_corrected,perfect_model_baseline,-2.000623,-1.6004984000000002,False,complete
2024-09-12 15:00:00,m8_xgb_corrected,perfect_model_baseline,2.594542,2.594542,False,complete
2024-09-12 15:15:00,m8_xgb_corrected,perfect_model_baseline,2.0251,2.0251,False,complete
2024-09-12 15:30:00,m8_xgb_corrected,perfect_model_baseline,3.261666,3.261666,False,complete
2024-09-12 15:45:00,m8_xgb_corrected,perfect_model_baseline,5.435839,5.435839,False,complete
2024-09-12 16:00:00,m8_xgb_corrected,perfect_model_baseline,3.42753,3.42753,False,complete
2024-09-12 16:15:00,m8_xgb_corrected,perfect_model_baseline,3.952132,3.952132,False,complete
2024-09-12 16:30:00,m8_xgb_corrected,perfect_model_baseline,4.629173,4.629173,False,complete
2024-09-12 16:45:00,m8_xgb_corrected,perfect_model_baseline,7.131543,7.131543,False,complete
2024-09-12 17:00:00,m8_xgb_corrected,perfect_model_baseline,8.445533,8.445533,False,complete
2024-09-12 17:15:00,m8_xgb_corrected,perfect_model_baseline,9.107171,9.107171,False,complete
2024-09-12 17:30:00,m8_xgb_corrected,perfect_model_baseline,9.597173,9.597173,False,complete
2024-09-12 17:45:00,m8_xgb_corrected,perfect_model_baseline,9.597173,9.597173,False,complete
2024-09-12 18:00:00,m8_xgb_corrected,perfect_model_baseline,10.046365,10.046365,False,complete
2024-09-12 18:15:00,m8_xgb_corrected,perfect_model_baseline,10.381399,10.381399,False,complete
2024-09-12 18:30:00,m8_xgb_corrected,perfect_model_baseline,10.458995,10.458995,False,complete
2024-09-12 18:45:00,m8_xgb_corrected,perfect_model_baseline,10.458995,10.458995,False,complete
2024-09-12 19:00:00,m8_xgb_corrected,perfect_model_baseline,10.024367,10.024367,False,complete
2024-09-12 19:15:00,m8_xgb_corrected,perfect_model_baseline,9.934112,9.934112,False,complete
2024-09-12 19:30:00,m8_xgb_corrected,perfect_model_baseline,9.934112,9.934112,False,complete
2024-09-12 19:45:00,m8_xgb_corrected,perfect_model_baseline,9.795748,9.795748,False,complete
2024-09-12 20:00:00,m8_xgb_corrected,perfect_model_baseline,9.60558,9.60558,False,complete
2024-09-12 20:15:00,m8_xgb_corrected,perfect_model_baseline,9.522948,9.522948,False,complete
2024-09-12 20:30:00,m8_xgb_corrected,perfect_model_baseline,9.522948,9.522948,False,complete
2024-09-12 20:45:00,m8_xgb_corrected,perfect_model_baseline,9.37574,9.37574,False,complete
2024-09-12 21:00:00,m8_xgb_corrected,perfect_model_baseline,9.231561,9.231561,False,complete
2024-09-12 21:15:00,m8_xgb_corrected,perfect_model_baseline,8.660353,8.660353,False,complete
2024-09-12 21:30:00,m8_xgb_corrected,perfect_model_baseline,8.660353,8.660353,False,complete
2024-09-12 21:45:00,m8_xgb_corrected,perfect_model_baseline,8.660353,8.660353,False,complete
2024-09-12 22:00:00,m8_xgb_corrected,perfect_model_baseline,8.660353,8.660353,False,complete
2024-09-12 22:15:00,m8_xgb_corrected,perfect_model_baseline,8.811845,8.811845,False,complete
2024-09-12 22:30:00,m8_xgb_corrected,perfect_model_baseline,8.91336,8.91336,False,complete
2024-09-12 22:45:00,m8_xgb_corrected,perfect_model_baseline,8.6353,8.6353,False,complete
2024-09-12 23:00:00,m8_xgb_corrected,perfect_model_baseline,8.296563,8.296563,False,complete
2024-09-12 23:15:00,m8_xgb_corrected,perfect_model_baseline,8.496361,8.496361,False,complete
2024-09-12 23:30:00,m8_xgb_corrected,perfect_model_baseline,8.496361,8.496361,False,complete
2024-09-12 23:45:00,m8_xgb_corrected,perfect_model_baseline,8.200922,8.200922,False,complete
2024-09-13 00:00:00,m8_xgb_corrected,perfect_model_baseline,8.200922,8.200922,False,complete
2024-09-13 00:15:00,m8_xgb_corrected,perfect_model_baseline,8.055133,8.055133,False,complete
2024-09-13 00:30:00,m8_xgb_corrected,perfect_model_baseline,7.924664,7.924664,False,complete
2024-09-13 00:45:00,m8_xgb_corrected,perfect_model_baseline,7.628841,7.628841,False,complete
2024-09-13 01:00:00,m8_xgb_corrected,perfect_model_baseline,7.628841,7.628841,False,complete
2024-09-13 01:15:00,m8_xgb_corrected,perfect_model_baseline,7.409443,7.409443,False,complete
2024-09-13 01:30:00,m8_xgb_corrected,perfect_model_baseline,6.881206,6.881206,False,complete
2024-09-13 01:45:00,m8_xgb_corrected,perfect_model_baseline,6.64591,6.64591,False,complete
2024-09-13 02:00:00,m8_xgb_corrected,perfect_model_baseline,6.64591,6.64591,False,complete
2024-09-13 02:15:00,m8_xgb_corrected,perfect_model_baseline,6.364262,6.364262,False,complete
2024-09-13 02:30:00,m8_xgb_corrected,perfect_model_baseline,6.209417,6.209417,False,complete
2024-09-13 02:45:00,m8_xgb_corrected,perfect_model_baseline,6.209417,6.209417,False,complete
2024-09-13 03:00:00,m8_xgb_corrected,perfect_model_baseline,6.209417,6.209417,False,complete
2024-09-13 03:15:00,m8_xgb_corrected,perfect_model_baseline,6.11652,6.11652,False,complete
2024-09-13 03:30:00,m8_xgb_corrected,perfect_model_baseline,6.11652,6.11652,False,complete
2024-09-13 03:45:00,m8_xgb_corrected,perfect_model_baseline,6.021637,6.021637,False,complete
2024-09-13 04:00:00,m8_xgb_corrected,perfect_model_baseline,6.021637,6.021637,False,complete
2024-09-13 04:15:00,m8_xgb_corrected,perfect_model_baseline,5.963845,5.963845,False,complete
2024-09-13 04:30:00,m8_xgb_corrected,perfect_model_baseline,5.963845,5.963845,False,complete
2024-09-13 04:45:00,m8_xgb_corrected,perfect_model_baseline,5.963845,5.963845,False,complete
2024-09-13 05:00:00,m8_xgb_corrected,perfect_model_baseline,5.963845,5.963845,False,complete
2024-09-13 05:15:00,m8_xgb_corrected,perfect_model_baseline,6.133209,6.133209,False,complete
2024-09-13 05:30:00,m8_xgb_corrected,perfect_model_baseline,6.418922,6.418922,False,complete
2024-09-13 05:45:00,m8_xgb_corrected,perfect_model_baseline,6.642289,6.642289,False,complete
2024-09-13 06:00:00,m8_xgb_corrected,perfect_model_baseline,6.642289,6.642289,False,complete
2024-09-13 06:15:00,m8_xgb_corrected,perfect_model_baseline,6.908611,6.908611,False,complete
2024-09-13 06:30:00,m8_xgb_corrected,perfect_model_baseline,6.908611,6.908611,False,complete
2024-09-13 06:45:00,m8_xgb_corrected,perfect_model_baseline,6.908611,6.908611,False,complete
2024-09-13 07:00:00,m8_xgb_corrected,perfect_model_baseline,6.908611,6.908611,False,complete
2024-09-13 07:15:00,m8_xgb_corrected,perfect_model_baseline,6.717002,6.717002,False,complete
2024-09-13 07:30:00,m8_xgb_corrected,perfect_model_baseline,6.434371,6.434371,False,complete
2024-09-13 07:45:00,m8_xgb_corrected,perfect_model_baseline,5.640187,5.640187,False,complete
2024-09-13 08:00:00,m8_xgb_corrected,perfect_model_baseline,5.813758,5.813758,False,complete
2024-09-13 08:15:00,m8_xgb_corrected,perfect_model_baseline,4.868017,4.868017,False,complete
2024-09-13 08:30:00,m8_xgb_corrected,perfect_model_baseline,6.005115,6.005115,False,complete
2024-09-13 08:45:00,m8_xgb_corrected,perfect_model_baseline,3.468834,3.468834,False,complete
2024-09-13 09:00:00,m8_xgb_corrected,perfect_model_baseline,2.170301,2.170301,False,complete
2024-09-13 09:15:00,m8_xgb_corrected,perfect_model_baseline,-1.758304,-1.4066432000000002,False,complete
2024-09-13 09:30:00,m8_xgb_corrected,perfect_model_baseline,-1.792131,-1.4337048000000001,False,complete
2024-09-13 09:45:00,m8_xgb_corrected,perfect_model_baseline,-1.944533,-1.5556264000000002,False,complete
2024-09-13 10:00:00,m8_xgb_corrected,perfect_model_baseline,-2.402706,-1.9221647999999996,False,complete
2024-09-13 10:15:00,m8_xgb_corrected,perfect_model_baseline,-4.050611,-3.2404888,False,complete
2024-09-13 10:30:00,m8_xgb_corrected,perfect_model_baseline,-2.730786,-2.1846288000000005,False,complete
2024-09-13 10:45:00,m8_xgb_corrected,perfect_model_baseline,-2.992112,-2.3936896,False,complete
2024-09-13 11:00:00,m8_xgb_corrected,perfect_model_baseline,-3.231633,-2.5853064,False,complete
2024-09-13 11:15:00,m8_xgb_corrected,perfect_model_baseline,-3.658455,-2.9267640000000004,False,complete
2024-09-13 11:30:00,m8_xgb_corrected,perfect_model_baseline,-3.602273,-2.8818184,False,complete
2024-09-13 11:45:00,m8_xgb_corrected,perfect_model_baseline,-1.623776,-1.2990208,False,complete
2024-09-13 12:00:00,m8_xgb_corrected,perfect_model_baseline,-1.525539,-1.2204312,False,complete
2024-09-13 12:15:00,m8_xgb_corrected,perfect_model_baseline,3.64072,3.64072,False,complete
2024-09-13 12:30:00,m8_xgb_corrected,perfect_model_baseline,3.057015,3.057015,False,complete
2024-09-13 12:45:00,m8_xgb_corrected,perfect_model_baseline,3.711816,3.711816,False,complete
2024-09-13 13:00:00,m8_xgb_corrected,perfect_model_baseline,2.415062,2.415062,False,complete
2024-09-13 13:15:00,m8_xgb_corrected,perfect_model_baseline,3.503795,3.503795,False,complete
2024-09-13 13:30:00,m8_xgb_corrected,perfect_model_baseline,2.495074,2.495074,False,complete
2024-09-13 13:45:00,m8_xgb_corrected,perfect_model_baseline,3.700085,3.700085,False,complete
2024-09-13 14:00:00,m8_xgb_corrected,perfect_model_baseline,2.064746,2.064746,False,complete
2024-09-13 14:15:00,m8_xgb_corrected,perfect_model_baseline,2.305975,2.305975,False,complete
2024-09-13 14:30:00,m8_xgb_corrected,perfect_model_baseline,2.985668,2.985668,False,complete
2024-09-13 14:45:00,m8_xgb_corrected,perfect_model_baseline,2.915934,2.915934,False,complete
2024-09-13 15:00:00,m8_xgb_corrected,perfect_model_baseline,1.933392,1.933392,False,complete
2024-09-13 15:15:00,m8_xgb_corrected,perfect_model_baseline,2.607446,2.607446,False,complete
2024-09-13 15:30:00,m8_xgb_corrected,perfect_model_baseline,1.855504,1.855504,False,complete
2024-09-13 15:45:00,m8_xgb_corrected,perfect_model_baseline,1.855504,1.855504,False,complete
2024-09-13 16:00:00,m8_xgb_corrected,perfect_model_baseline,2.278839,2.278839,False,complete
2024-09-13 16:15:00,m8_xgb_corrected,perfect_model_baseline,3.185736,3.185736,False,complete
2024-09-13 16:30:00,m8_xgb_corrected,perfect_model_baseline,4.265948,4.265948,False,complete
2024-09-13 16:45:00,m8_xgb_corrected,perfect_model_baseline,5.664974,5.664974,False,complete
2024-09-13 17:00:00,m8_xgb_corrected,perfect_model_baseline,7.283908,7.283908,False,complete
2024-09-13 17:15:00,m8_xgb_corrected,perfect_model_baseline,8.122145,8.122145,False,complete
2024-09-13 17:30:00,m8_xgb_corrected,perfect_model_baseline,8.791395,8.791395,False,complete
2024-09-13 17:45:00,m8_xgb_corrected,perfect_model_baseline,9.331482,9.331482,False,complete
2024-09-13 18:00:00,m8_xgb_corrected,perfect_model_baseline,9.926883,9.926883,False,complete
2024-09-13 18:15:00,m8_xgb_corrected,perfect_model_baseline,10.541953,10.541953,False,complete
2024-09-13 18:30:00,m8_xgb_corrected,perfect_model_baseline,10.720881,10.720881,False,complete
2024-09-13 18:45:00,m8_xgb_corrected,perfect_model_baseline,10.720881,10.720881,False,complete
2024-09-13 19:00:00,m8_xgb_corrected,perfect_model_baseline,10.720881,10.720881,False,complete
2024-09-13 19:15:00,m8_xgb_corrected,perfect_model_baseline,10.62079,10.62079,False,complete
2024-09-13 19:30:00,m8_xgb_corrected,perfect_model_baseline,10.62079,10.62079,False,complete
2024-09-13 19:45:00,m8_xgb_corrected,perfect_model_baseline,10.62079,10.62079,False,complete
2024-09-13 20:00:00,m8_xgb_corrected,perfect_model_baseline,10.345029,10.345029,False,complete
2024-09-13 20:15:00,m8_xgb_corrected,perfect_model_baseline,10.169785,10.169785,False,complete
2024-09-13 20:30:00,m8_xgb_corrected,perfect_model_baseline,10.083338,10.083338,False,complete
2024-09-13 20:45:00,m8_xgb_corrected,perfect_model_baseline,10.083338,10.083338,False,complete
2024-09-13 21:00:00,m8_xgb_corrected,perfect_model_baseline,10.083338,10.083338,False,complete
2024-09-13 21:15:00,m8_xgb_corrected,perfect_model_baseline,9.598302,9.598302,False,complete
2024-09-13 21:30:00,m8_xgb_corrected,perfect_model_baseline,9.612545,9.612545,False,complete
2024-09-13 21:45:00,m8_xgb_corrected,perfect_model_baseline,9.612545,9.612545,False,complete
2024-09-13 22:00:00,m8_xgb_corrected,perfect_model_baseline,9.204069,9.204069,False,complete
2024-09-13 22:15:00,m8_xgb_corrected,perfect_model_baseline,9.812466,9.812466,False,complete
2024-09-13 22:30:00,m8_xgb_corrected,perfect_model_baseline,9.812466,9.812466,False,complete
2024-09-13 22:45:00,m8_xgb_corrected,perfect_model_baseline,9.812466,9.812466,False,complete
2024-09-13 23:00:00,m8_xgb_corrected,perfect_model_baseline,9.506103,9.506103,False,complete
2024-09-13 23:15:00,m8_xgb_corrected,perfect_model_baseline,9.315937,9.315937,False,complete
2024-09-13 23:30:00,m8_xgb_corrected,perfect_model_baseline,8.860814,8.860814,False,complete
2024-09-13 23:45:00,m8_xgb_corrected,perfect_model_baseline,8.978047,8.978047,False,complete
2024-09-14 00:00:00,m8_xgb_corrected,perfect_model_baseline,8.712106,8.712106,False,complete
2024-09-14 00:15:00,m8_xgb_corrected,perfect_model_baseline,8.644213,8.644213,False,complete
2024-09-14 00:30:00,m8_xgb_corrected,perfect_model_baseline,8.48026,8.48026,False,complete
2024-09-14 00:45:00,m8_xgb_corrected,perfect_model_baseline,8.23876,8.23876,False,complete
2024-09-14 01:00:00,m8_xgb_corrected,perfect_model_baseline,8.23876,8.23876,False,complete
2024-09-14 01:15:00,m8_xgb_corrected,perfect_model_baseline,7.945016,7.945016,False,complete
2024-09-14 01:30:00,m8_xgb_corrected,perfect_model_baseline,7.592349,7.592349,False,complete
2024-09-14 01:45:00,m8_xgb_corrected,perfect_model_baseline,7.36731,7.36731,False,complete
2024-09-14 02:00:00,m8_xgb_corrected,perfect_model_baseline,7.142174,7.142174,False,complete
2024-09-14 02:15:00,m8_xgb_corrected,perfect_model_baseline,7.089625,7.089625,False,complete
2024-09-14 02:30:00,m8_xgb_corrected,perfect_model_baseline,6.959955,6.959955,False,complete
2024-09-14 02:45:00,m8_xgb_corrected,perfect_model_baseline,6.959955,6.959955,False,complete
2024-09-14 03:00:00,m8_xgb_corrected,perfect_model_baseline,6.683226,6.683226,False,complete
2024-09-14 03:15:00,m8_xgb_corrected,perfect_model_baseline,6.430556,6.430556,False,complete
2024-09-14 03:30:00,m8_xgb_corrected,perfect_model_baseline,6.392961,6.392961,False,complete
2024-09-14 03:45:00,m8_xgb_corrected,perfect_model_baseline,6.392961,6.392961,False,complete
2024-09-14 04:00:00,m8_xgb_corrected,perfect_model_baseline,6.392961,6.392961,False,complete
2024-09-14 04:15:00,m8_xgb_corrected,perfect_model_baseline,6.176399,6.176399,False,complete
2024-09-14 04:30:00,m8_xgb_corrected,perfect_model_baseline,6.176399,6.176399,False,complete
2024-09-14 04:45:00,m8_xgb_corrected,perfect_model_baseline,6.176399,6.176399,False,complete
2024-09-14 05:00:00,m8_xgb_corrected,perfect_model_baseline,6.176399,6.176399,False,complete
2024-09-14 05:15:00,m8_xgb_corrected,perfect_model_baseline,6.464277,6.464277,False,complete
2024-09-14 05:30:00,m8_xgb_corrected,perfect_model_baseline,6.464277,6.464277,False,complete
2024-09-14 05:45:00,m8_xgb_corrected,perfect_model_baseline,6.905047,6.905047,False,complete
2024-09-14 06:00:00,m8_xgb_corrected,perfect_model_baseline,6.905047,6.905047,False,complete
2024-09-14 06:15:00,m8_xgb_corrected,perfect_model_baseline,6.973072,6.973072,False,complete
2024-09-14 06:30:00,m8_xgb_corrected,perfect_model_baseline,6.973072,6.973072,False,complete
2024-09-14 06:45:00,m8_xgb_corrected,perfect_model_baseline,6.245944,6.245944,False,complete
2024-09-14 07:00:00,m8_xgb_corrected,perfect_model_baseline,5.73091,5.73091,False,complete
2024-09-14 07:15:00,m8_xgb_corrected,perfect_model_baseline,5.289236,5.289236,False,complete
2024-09-14 07:30:00,m8_xgb_corrected,perfect_model_baseline,4.761798,4.761798,False,complete
2024-09-14 07:45:00,m8_xgb_corrected,perfect_model_baseline,3.992389,3.992389,False,complete
2024-09-14 08:00:00,m8_xgb_corrected,perfect_model_baseline,3.159552,3.159552,False,complete
2024-09-14 08:15:00,m8_xgb_corrected,perfect_model_baseline,2.334467,2.334467,False,complete
2024-09-14 08:30:00,m8_xgb_corrected,perfect_model_baseline,1.552349,1.552349,False,complete
2024-09-14 08:45:00,m8_xgb_corrected,perfect_model_baseline,-1.552349,-1.2418792,False,complete
2024-09-14 09:00:00,m8_xgb_corrected,perfect_model_baseline,-1.730184,-1.3841472000000001,False,complete
2024-09-14 09:15:00,m8_xgb_corrected,perfect_model_baseline,-2.238858,-1.7910863999999997,False,complete
2024-09-14 09:30:00,m8_xgb_corrected,perfect_model_baseline,-2.969266,-2.3754128000000003,False,complete
2024-09-14 09:45:00,m8_xgb_corrected,perfect_model_baseline,-3.572124,-2.8576992000000003,False,complete
2024-09-14 10:00:00,m8_xgb_corrected,perfect_model_baseline,-4.235538,-3.3884304,False,complete
2024-09-14 10:15:00,m8_xgb_corrected,perfect_model_baseline,-4.950159,-3.9601271999999996,False,complete
2024-09-14 10:30:00,m8_xgb_corrected,perfect_model_baseline,-5.647918,-4.5183344,False,complete
2024-09-14 10:45:00,m8_xgb_corrected,perfect_model_baseline,-5.869514,-4.695611199999999,False,complete
2024-09-14 11:00:00,m8_xgb_corrected,perfect_model_baseline,-6.365229,-5.0921832,False,complete
2024-09-14 11:15:00,m8_xgb_corrected,perfect_model_baseline,-6.668963,-5.3351704,False,complete
2024-09-14 11:30:00,m8_xgb_corrected,perfect_model_baseline,-7.001731,-5.601384800000001,False,complete
2024-09-14 11:45:00,m8_xgb_corrected,perfect_model_baseline,-6.781119,-5.4248952,False,complete
2024-09-14 12:00:00,m8_xgb_corrected,perfect_model_baseline,-6.781119,-5.4248952,False,complete
2024-09-14 12:15:00,m8_xgb_corrected,perfect_model_baseline,-7.112097,-5.6896776000000004,False,complete
2024-09-14 12:30:00,m8_xgb_corrected,perfect_model_baseline,-7.112097,-5.6896776000000004,False,complete
2024-09-14 12:45:00,m8_xgb_corrected,perfect_model_baseline,-6.902075,-5.521660000000001,False,complete
2024-09-14 13:00:00,m8_xgb_corrected,perfect_model_baseline,-6.902075,-5.521660000000001,False,complete
2024-09-14 13:15:00,m8_xgb_corrected,perfect_model_baseline,-6.584549,-5.2676392000000005,False,complete
2024-09-14 13:30:00,m8_xgb_corrected,perfect_model_baseline,-6.388343,-5.1106744,False,complete
2024-09-14 13:45:00,m8_xgb_corrected,perfect_model_baseline,-5.930026,-4.7440207999999995,False,complete
2024-09-14 14:00:00,m8_xgb_corrected,perfect_model_baseline,-5.486341,-4.3890728,False,complete
2024-09-14 14:15:00,m8_xgb_corrected,perfect_model_baseline,-5.051047,-4.0408376,False,complete
2024-09-14 14:30:00,m8_xgb_corrected,perfect_model_baseline,-4.153481,-3.3227848,False,complete
2024-09-14 14:45:00,m8_xgb_corrected,perfect_model_baseline,-3.873935,-3.099148,False,complete
2024-09-14 15:00:00,m8_xgb_corrected,perfect_model_baseline,-3.174797,-2.5398376000000003,False,complete
2024-09-14 15:15:00,m8_xgb_corrected,perfect_model_baseline,-2.285767,-1.8286135999999997,False,complete
2024-09-14 15:30:00,m8_xgb_corrected,perfect_model_baseline,4.171182,4.171182,False,complete
2024-09-14 15:45:00,m8_xgb_corrected,perfect_model_baseline,3.712777,3.712777,False,complete
2024-09-14 16:00:00,m8_xgb_corrected,perfect_model_baseline,2.988115,2.988115,False,complete
2024-09-14 16:15:00,m8_xgb_corrected,perfect_model_baseline,2.645689,2.645689,False,complete
2024-09-14 16:30:00,m8_xgb_corrected,perfect_model_baseline,5.051918,5.051918,False,complete
2024-09-14 16:45:00,m8_xgb_corrected,perfect_model_baseline,5.356652,5.356652,False,complete
2024-09-14 17:00:00,m8_xgb_corrected,perfect_model_baseline,6.3222,6.3222,False,complete
2024-09-14 17:15:00,m8_xgb_corrected,perfect_model_baseline,7.052126,7.052126,False,complete
2024-09-14 17:30:00,m8_xgb_corrected,perfect_model_baseline,8.03829,8.03829,False,complete
2024-09-14 17:45:00,m8_xgb_corrected,perfect_model_baseline,8.844279,8.844279,False,complete
2024-09-14 18:00:00,m8_xgb_corrected,perfect_model_baseline,9.068629,9.068629,False,complete
2024-09-14 18:15:00,m8_xgb_corrected,perfect_model_baseline,9.587802,9.587802,False,complete
2024-09-14 18:30:00,m8_xgb_corrected,perfect_model_baseline,9.587802,9.587802,False,complete
2024-09-14 18:45:00,m8_xgb_corrected,perfect_model_baseline,9.587802,9.587802,False,complete
2024-09-14 19:00:00,m8_xgb_corrected,perfect_model_baseline,9.587802,9.587802,False,complete
2024-09-14 19:15:00,m8_xgb_corrected,perfect_model_baseline,9.41164,9.41164,False,complete
2024-09-14 19:30:00,m8_xgb_corrected,perfect_model_baseline,9.307998,9.307998,False,complete
2024-09-14 19:45:00,m8_xgb_corrected,perfect_model_baseline,9.143976,9.143976,False,complete
2024-09-14 20:00:00,m8_xgb_corrected,perfect_model_baseline,9.143976,9.143976,False,complete
2024-09-14 20:15:00,m8_xgb_corrected,perfect_model_baseline,8.721618,8.721618,False,complete
2024-09-14 20:30:00,m8_xgb_corrected,perfect_model_baseline,8.721618,8.721618,False,complete
2024-09-14 20:45:00,m8_xgb_corrected,perfect_model_baseline,8.721618,8.721618,False,complete
2024-09-14 21:00:00,m8_xgb_corrected,perfect_model_baseline,8.721618,8.721618,False,complete
2024-09-14 21:15:00,m8_xgb_corrected,perfect_model_baseline,8.511085,8.511085,False,complete
2024-09-14 21:30:00,m8_xgb_corrected,perfect_model_baseline,8.407574,8.407574,False,complete
2024-09-14 21:45:00,m8_xgb_corrected,perfect_model_baseline,8.631826,8.631826,False,complete
2024-09-14 22:00:00,m8_xgb_corrected,perfect_model_baseline,8.407574,8.407574,False,complete
2024-09-14 22:15:00,m8_xgb_corrected,perfect_model_baseline,8.375493,8.375493,False,complete
2024-09-14 22:30:00,m8_xgb_corrected,perfect_model_baseline,8.271895,8.271895,False,complete
2024-09-14 22:45:00,m8_xgb_corrected,perfect_model_baseline,8.271895,8.271895,False,complete
2024-09-14 23:00:00,m8_xgb_corrected,perfect_model_baseline,8.271895,8.271895,False,complete
2024-09-14 23:15:00,m8_xgb_corrected,perfect_model_baseline,8.270481,8.270481,False,complete
2024-09-14 23:30:00,m8_xgb_corrected,perfect_model_baseline,8.080309,8.080309,False,complete
2024-09-14 23:45:00,m8_xgb_corrected,perfect_model_baseline,7.803824,7.803824,False,complete
2024-09-15 00:00:00,m8_xgb_corrected,perfect_model_baseline,7.803824,7.803824,False,complete
2024-09-15 00:15:00,m8_xgb_corrected,perfect_model_baseline,7.826126,7.826126,False,complete
2024-09-15 00:30:00,m8_xgb_corrected,perfect_model_baseline,7.826126,7.826126,False,complete
2024-09-15 00:45:00,m8_xgb_corrected,perfect_model_baseline,7.645459,7.645459,False,complete
2024-09-15 01:00:00,m8_xgb_corrected,perfect_model_baseline,7.660848,7.660848,False,complete
2024-09-15 01:15:00,m8_xgb_corrected,perfect_model_baseline,7.283098,7.283098,False,complete
2024-09-15 01:30:00,m8_xgb_corrected,perfect_model_baseline,6.941315,6.941315,False,complete
2024-09-15 01:45:00,m8_xgb_corrected,perfect_model_baseline,6.715391,6.715391,False,complete
2024-09-15 02:00:00,m8_xgb_corrected,perfect_model_baseline,6.489566,6.489566,False,complete
2024-09-15 02:15:00,m8_xgb_corrected,perfect_model_baseline,6.350547,6.350547,False,complete
2024-09-15 02:30:00,m8_xgb_corrected,perfect_model_baseline,6.237586,6.237586,False,complete
2024-09-15 02:45:00,m8_xgb_corrected,perfect_model_baseline,6.037817,6.037817,False,complete
2024-09-15 03:00:00,m8_xgb_corrected,perfect_model_baseline,6.037817,6.037817,False,complete
2024-09-15 03:15:00,m8_xgb_corrected,perfect_model_baseline,6.190874,6.190874,False,complete
2024-09-15 03:30:00,m8_xgb_corrected,perfect_model_baseline,6.190874,6.190874,False,complete
2024-09-15 03:45:00,m8_xgb_corrected,perfect_model_baseline,6.190874,6.190874,False,complete
2024-09-15 04:00:00,m8_xgb_corrected,perfect_model_baseline,6.190874,6.190874,False,complete
2024-09-15 04:15:00,m8_xgb_corrected,perfect_model_baseline,5.884029,5.884029,False,complete
2024-09-15 04:30:00,m8_xgb_corrected,perfect_model_baseline,5.82124,5.82124,False,complete
2024-09-15 04:45:00,m8_xgb_corrected,perfect_model_baseline,5.82124,5.82124,False,complete
2024-09-15 05:00:00,m8_xgb_corrected,perfect_model_baseline,5.82124,5.82124,False,complete
2024-09-15 05:15:00,m8_xgb_corrected,perfect_model_baseline,6.009088,6.009088,False,complete
2024-09-15 05:30:00,m8_xgb_corrected,perfect_model_baseline,6.009088,6.009088,False,complete
2024-09-15 05:45:00,m8_xgb_corrected,perfect_model_baseline,6.009088,6.009088,False,complete
2024-09-15 06:00:00,m8_xgb_corrected,perfect_model_baseline,6.009088,6.009088,False,complete
2024-09-15 06:15:00,m8_xgb_corrected,perfect_model_baseline,6.27975,6.27975,False,complete
2024-09-15 06:30:00,m8_xgb_corrected,perfect_model_baseline,6.27975,6.27975,False,complete
2024-09-15 06:45:00,m8_xgb_corrected,perfect_model_baseline,6.27975,6.27975,False,complete
2024-09-15 07:00:00,m8_xgb_corrected,perfect_model_baseline,5.761277,5.761277,False,complete
2024-09-15 07:15:00,m8_xgb_corrected,perfect_model_baseline,5.890403,5.890403,False,complete
2024-09-15 07:30:00,m8_xgb_corrected,perfect_model_baseline,4.234735,4.234735,False,complete
2024-09-15 07:45:00,m8_xgb_corrected,perfect_model_baseline,3.092587,3.092587,False,complete
2024-09-15 08:00:00,m8_xgb_corrected,perfect_model_baseline,2.409049,2.409049,False,complete
2024-09-15 08:15:00,m8_xgb_corrected,perfect_model_baseline,1.859076,1.859076,False,complete
2024-09-15 08:30:00,m8_xgb_corrected,perfect_model_baseline,1.702546,1.702546,False,complete
2024-09-15 08:45:00,m8_xgb_corrected,perfect_model_baseline,-1.702546,-1.3620367999999998,False,complete
2024-09-15 09:00:00,m8_xgb_corrected,perfect_model_baseline,-1.926011,-1.5408088,False,complete
2024-09-15 09:15:00,m8_xgb_corrected,perfect_model_baseline,-2.359466,-1.8875727999999996,False,complete
2024-09-15 09:30:00,m8_xgb_corrected,perfect_model_baseline,-2.927327,-2.3418616,False,complete
2024-09-15 09:45:00,m8_xgb_corrected,perfect_model_baseline,-2.045016,-1.6360128,False,complete
2024-09-15 10:00:00,m8_xgb_corrected,perfect_model_baseline,-1.855782,-1.4846256000000002,False,complete
2024-09-15 10:15:00,m8_xgb_corrected,perfect_model_baseline,-2.708373,-2.1666984,False,complete
2024-09-15 10:30:00,m8_xgb_corrected,perfect_model_baseline,-2.010871,-1.6086968,False,complete
2024-09-15 10:45:00,m8_xgb_corrected,perfect_model_baseline,-1.921936,-1.5375488000000002,False,complete
2024-09-15 11:00:00,m8_xgb_corrected,perfect_model_baseline,-2.711255,-2.1690039999999997,False,complete
2024-09-15 11:15:00,m8_xgb_corrected,perfect_model_baseline,-2.719456,-2.1755648,False,complete
2024-09-15 11:30:00,m8_xgb_corrected,perfect_model_baseline,-2.613298,-2.0906384,False,complete
2024-09-15 11:45:00,m8_xgb_corrected,perfect_model_baseline,-4.199278,-3.3594223999999997,False,complete
2024-09-15 12:00:00,m8_xgb_corrected,perfect_model_baseline,-3.018104,-2.4144832000000003,False,complete
2024-09-15 12:15:00,m8_xgb_corrected,perfect_model_baseline,-3.196952,-2.5575616,False,complete
2024-09-15 12:30:00,m8_xgb_corrected,perfect_model_baseline,-4.92868,-3.9429440000000002,False,complete
2024-09-15 12:45:00,m8_xgb_corrected,perfect_model_baseline,-5.821066,-4.6568528,False,complete
2024-09-15 13:00:00,m8_xgb_corrected,perfect_model_baseline,-4.355795,-3.484636,False,complete
2024-09-15 13:15:00,m8_xgb_corrected,perfect_model_baseline,-3.318898,-2.6551184,False,complete
2024-09-15 13:30:00,m8_xgb_corrected,perfect_model_baseline,-2.76229,-2.2098320000000005,False,complete
2024-09-15 13:45:00,m8_xgb_corrected,perfect_model_baseline,-4.163969,-3.3311751999999997,False,complete
2024-09-15 14:00:00,m8_xgb_corrected,perfect_model_baseline,-2.530858,-2.0246863999999998,False,complete
2024-09-15 14:15:00,m8_xgb_corrected,perfect_model_baseline,-1.686617,-1.3492936000000002,False,complete
2024-09-15 14:30:00,m8_xgb_corrected,perfect_model_baseline,-1.577574,-1.2620592000000002,False,complete
2024-09-15 14:45:00,m8_xgb_corrected,perfect_model_baseline,2.189354,2.189354,False,complete
2024-09-15 15:00:00,m8_xgb_corrected,perfect_model_baseline,1.740963,1.740963,False,complete
2024-09-15 15:15:00,m8_xgb_corrected,perfect_model_baseline,2.545078,2.545078,False,complete
2024-09-15 15:30:00,m8_xgb_corrected,perfect_model_baseline,2.210872,2.210872,False,complete
2024-09-15 15:45:00,m8_xgb_corrected,perfect_model_baseline,4.317189,4.317189,False,complete
2024-09-15 16:00:00,m8_xgb_corrected,perfect_model_baseline,6.524398,6.524398,False,complete
2024-09-15 16:15:00,m8_xgb_corrected,perfect_model_baseline,5.485592,5.485592,False,complete
2024-09-15 16:30:00,m8_xgb_corrected,perfect_model_baseline,6.788345,6.788345,False,complete
2024-09-15 16:45:00,m8_xgb_corrected,perfect_model_baseline,7.425226,7.425226,False,complete
2024-09-15 17:00:00,m8_xgb_corrected,perfect_model_baseline,8.836473,8.836473,False,complete
2024-09-15 17:15:00,m8_xgb_corrected,perfect_model_baseline,9.863977,9.863977,False,complete
2024-09-15 17:30:00,m8_xgb_corrected,perfect_model_baseline,10.745535,10.745535,False,complete
2024-09-15 17:45:00,m8_xgb_corrected,perfect_model_baseline,11.737349,11.737349,False,complete
2024-09-15 18:00:00,m8_xgb_corrected,perfect_model_baseline,12.564694,12.564694,False,complete
2024-09-15 18:15:00,m8_xgb_corrected,perfect_model_baseline,13.266768,13.266768,False,complete
2024-09-15 18:30:00,m8_xgb_corrected,perfect_model_baseline,13.73547,13.73547,False,complete
2024-09-15 18:45:00,m8_xgb_corrected,perfect_model_baseline,13.509251,13.509251,False,complete
2024-09-15 19:00:00,m8_xgb_corrected,perfect_model_baseline,13.283131,13.283131,False,complete
2024-09-15 19:15:00,m8_xgb_corrected,perfect_model_baseline,13.262794,13.262794,False,complete
2024-09-15 19:30:00,m8_xgb_corrected,perfect_model_baseline,12.836375,12.836375,False,complete
2024-09-15 19:45:00,m8_xgb_corrected,perfect_model_baseline,12.38384,12.38384,False,complete
2024-09-15 20:00:00,m8_xgb_corrected,perfect_model_baseline,12.38384,12.38384,False,complete
2024-09-15 20:15:00,m8_xgb_corrected,perfect_model_baseline,11.849331,11.849331,False,complete
2024-09-15 20:30:00,m8_xgb_corrected,perfect_model_baseline,11.849331,11.849331,False,complete
2024-09-15 20:45:00,m8_xgb_corrected,perfect_model_baseline,11.453818,11.453818,False,complete
2024-09-15 21:00:00,m8_xgb_corrected,perfect_model_baseline,11.227993,11.227993,False,complete
2024-09-15 21:15:00,m8_xgb_corrected,perfect_model_baseline,10.68982,10.68982,False,complete
2024-09-15 21:30:00,m8_xgb_corrected,perfect_model_baseline,10.151957,10.151957,False,complete
2024-09-15 21:45:00,m8_xgb_corrected,perfect_model_baseline,10.378865,10.378865,False,complete
2024-09-15 22:00:00,m8_xgb_corrected,perfect_model_baseline,10.109568,10.109568,False,complete
2024-09-15 22:15:00,m8_xgb_corrected,perfect_model_baseline,9.868703,9.868703,False,complete
2024-09-15 22:30:00,m8_xgb_corrected,perfect_model_baseline,9.584565,9.584565,False,complete
2024-09-15 22:45:00,m8_xgb_corrected,perfect_model_baseline,9.135964,9.135964,False,complete
2024-09-15 23:00:00,m8_xgb_corrected,perfect_model_baseline,8.911614,8.911614,False,complete
2024-09-15 23:15:00,m8_xgb_corrected,perfect_model_baseline,9.03342,9.03342,False,complete
2024-09-15 23:30:00,m8_xgb_corrected,perfect_model_baseline,8.842916,8.842916,False,complete
2024-09-15 23:45:00,m8_xgb_corrected,perfect_model_baseline,8.625194,8.625194,False,complete
2024-09-16 00:00:00,m8_xgb_corrected,perfect_model_baseline,8.39917,8.39917,False,complete
2024-09-16 00:15:00,m8_xgb_corrected,perfect_model_baseline,8.243417,8.243417,False,complete
2024-09-16 00:30:00,m8_xgb_corrected,perfect_model_baseline,8.243417,8.243417,False,complete
2024-09-16 00:45:00,m8_xgb_corrected,perfect_model_baseline,7.868726,7.868726,False,complete
2024-09-16 01:00:00,m8_xgb_corrected,perfect_model_baseline,7.762762,7.762762,False,complete
2024-09-16 01:15:00,m8_xgb_corrected,perfect_model_baseline,7.766039,7.766039,False,complete
2024-09-16 01:30:00,m8_xgb_corrected,perfect_model_baseline,7.347996,7.347996,False,complete
2024-09-16 01:45:00,m8_xgb_corrected,perfect_model_baseline,7.12345,7.12345,False,complete
2024-09-16 02:00:00,m8_xgb_corrected,perfect_model_baseline,7.092368,7.092368,False,complete
2024-09-16 02:15:00,m8_xgb_corrected,perfect_model_baseline,6.981142,6.981142,False,complete
2024-09-16 02:30:00,m8_xgb_corrected,perfect_model_baseline,6.895062,6.895062,False,complete
2024-09-16 02:45:00,m8_xgb_corrected,perfect_model_baseline,6.653984,6.653984,False,complete
2024-09-16 03:00:00,m8_xgb_corrected,perfect_model_baseline,6.653984,6.653984,False,complete
2024-09-16 03:15:00,m8_xgb_corrected,perfect_model_baseline,6.496101,6.496101,False,complete
2024-09-16 03:30:00,m8_xgb_corrected,perfect_model_baseline,6.496101,6.496101,False,complete
2024-09-16 03:45:00,m8_xgb_corrected,perfect_model_baseline,6.496101,6.496101,False,complete
2024-09-16 04:00:00,m8_xgb_corrected,perfect_model_baseline,6.496101,6.496101,False,complete
2024-09-16 04:15:00,m8_xgb_corrected,perfect_model_baseline,6.565115,6.565115,False,complete
2024-09-16 04:30:00,m8_xgb_corrected,perfect_model_baseline,6.565115,6.565115,False,complete
2024-09-16 04:45:00,m8_xgb_corrected,perfect_model_baseline,6.565115,6.565115,False,complete
2024-09-16 05:00:00,m8_xgb_corrected,perfect_model_baseline,6.711382,6.711382,False,complete
2024-09-16 05:15:00,m8_xgb_corrected,perfect_model_baseline,7.154009,7.154009,False,complete
2024-09-16 05:30:00,m8_xgb_corrected,perfect_model_baseline,7.265966,7.265966,False,complete
2024-09-16 05:45:00,m8_xgb_corrected,perfect_model_baseline,7.792416,7.792416,False,complete
2024-09-16 06:00:00,m8_xgb_corrected,perfect_model_baseline,8.016079,8.016079,False,complete
2024-09-16 06:15:00,m8_xgb_corrected,perfect_model_baseline,8.348802,8.348802,False,complete
2024-09-16 06:30:00,m8_xgb_corrected,perfect_model_baseline,8.366568,8.366568,False,complete
2024-09-16 06:45:00,m8_xgb_corrected,perfect_model_baseline,7.821074,7.821074,False,complete
2024-09-16 07:00:00,m8_xgb_corrected,perfect_model_baseline,7.172586,7.172586,False,complete
2024-09-16 07:15:00,m8_xgb_corrected,perfect_model_baseline,6.19693,6.19693,False,complete
2024-09-16 07:30:00,m8_xgb_corrected,perfect_model_baseline,5.347866,5.347866,False,complete
2024-09-16 07:45:00,m8_xgb_corrected,perfect_model_baseline,4.316364,4.316364,False,complete
2024-09-16 08:00:00,m8_xgb_corrected,perfect_model_baseline,3.302288,3.302288,False,complete
2024-09-16 08:15:00,m8_xgb_corrected,perfect_model_baseline,2.215284,2.215284,False,complete
2024-09-16 08:30:00,m8_xgb_corrected,perfect_model_baseline,1.509072,1.509072,False,complete
2024-09-16 08:45:00,m8_xgb_corrected,perfect_model_baseline,-1.499966,-1.1999728,False,complete
2024-09-16 09:00:00,m8_xgb_corrected,perfect_model_baseline,-2.190898,-1.7527184,False,complete
2024-09-16 09:15:00,m8_xgb_corrected,perfect_model_baseline,-3.123465,-2.498772,False,complete
2024-09-16 09:30:00,m8_xgb_corrected,perfect_model_baseline,-3.929793,-3.1438344000000003,False,complete
2024-09-16 09:45:00,m8_xgb_corrected,perfect_model_baseline,-4.597936,-3.6783487999999993,False,complete
2024-09-16 10:00:00,m8_xgb_corrected,perfect_model_baseline,-5.305223,-4.2441784,False,complete
2024-09-16 10:15:00,m8_xgb_corrected,perfect_model_baseline,-5.890396,-4.7123168,False,complete
2024-09-16 10:30:00,m8_xgb_corrected,perfect_model_baseline,-6.463582,-5.1708656,False,complete
2024-09-16 10:45:00,m8_xgb_corrected,perfect_model_baseline,-7.155466,-5.7243728,False,complete
2024-09-16 11:00:00,m8_xgb_corrected,perfect_model_baseline,-7.155466,-5.7243728,False,complete
2024-09-16 11:15:00,m8_xgb_corrected,perfect_model_baseline,-7.296793,-5.8374344,False,complete
2024-09-16 11:30:00,m8_xgb_corrected,perfect_model_baseline,-7.62619,-6.100952,False,complete
2024-09-16 11:45:00,m8_xgb_corrected,perfect_model_baseline,-7.845721,-6.2765768,False,complete
2024-09-16 12:00:00,m8_xgb_corrected,perfect_model_baseline,-7.845721,-6.2765768,False,complete
2024-09-16 12:15:00,m8_xgb_corrected,perfect_model_baseline,-7.858061,-6.2864488,False,complete
2024-09-16 12:30:00,m8_xgb_corrected,perfect_model_baseline,-7.858061,-6.2864488,False,complete
2024-09-16 12:45:00,m8_xgb_corrected,perfect_model_baseline,-7.714259,-6.171407200000001,False,complete
2024-09-16 13:00:00,m8_xgb_corrected,perfect_model_baseline,-7.714259,-6.171407200000001,False,complete
2024-09-16 13:15:00,m8_xgb_corrected,perfect_model_baseline,-7.18459,-5.747672,False,complete
2024-09-16 13:30:00,m8_xgb_corrected,perfect_model_baseline,-6.952115,-5.561692,False,complete
2024-09-16 13:45:00,m8_xgb_corrected,perfect_model_baseline,-6.722131,-5.3777048,False,complete
2024-09-16 14:00:00,m8_xgb_corrected,perfect_model_baseline,-6.168123,-4.9344984,False,complete
2024-09-16 14:15:00,m8_xgb_corrected,perfect_model_baseline,-5.439457,-4.3515656,False,complete
2024-09-16 14:30:00,m8_xgb_corrected,perfect_model_baseline,-5.01022,-4.008176000000001,False,complete
2024-09-16 14:45:00,m8_xgb_corrected,perfect_model_baseline,-4.569388,-3.6555104000000003,False,complete
2024-09-16 15:00:00,m8_xgb_corrected,perfect_model_baseline,-3.863672,-3.0909376,False,complete
2024-09-16 15:15:00,m8_xgb_corrected,perfect_model_baseline,-2.975073,-2.3800584000000002,False,complete
2024-09-16 15:30:00,m8_xgb_corrected,perfect_model_baseline,-2.196825,-1.75746,False,complete
2024-09-16 15:45:00,m8_xgb_corrected,perfect_model_baseline,-1.969994,-1.5759952000000002,False,complete
2024-09-16 16:00:00,m8_xgb_corrected,perfect_model_baseline,2.191893,2.191893,False,complete
2024-09-16 16:15:00,m8_xgb_corrected,perfect_model_baseline,2.912556,2.912556,False,complete
2024-09-16 16:30:00,m8_xgb_corrected,perfect_model_baseline,4.003428,4.003428,False,complete
2024-09-16 16:45:00,m8_xgb_corrected,perfect_model_baseline,5.338772,5.338772,False,complete
2024-09-16 17:00:00,m8_xgb_corrected,perfect_model_baseline,6.900519,6.900519,False,complete
2024-09-16 17:15:00,m8_xgb_corrected,perfect_model_baseline,8.031447,8.031447,False,complete
2024-09-16 17:30:00,m8_xgb_corrected,perfect_model_baseline,9.12956,9.12956,False,complete
2024-09-16 17:45:00,m8_xgb_corrected,perfect_model_baseline,10.274532,10.274532,False,complete
2024-09-16 18:00:00,m8_xgb_corrected,perfect_model_baseline,11.000289,11.000289,False,complete
2024-09-16 18:15:00,m8_xgb_corrected,perfect_model_baseline,11.714166,11.714166,False,complete
2024-09-16 18:30:00,m8_xgb_corrected,perfect_model_baseline,11.714166,11.714166,False,complete
2024-09-16 18:45:00,m8_xgb_corrected,perfect_model_baseline,11.714166,11.714166,False,complete
2024-09-16 19:00:00,m8_xgb_corrected,perfect_model_baseline,11.546317,11.546317,False,complete
2024-09-16 19:15:00,m8_xgb_corrected,perfect_model_baseline,11.283048,11.283048,False,complete
2024-09-16 19:30:00,m8_xgb_corrected,perfect_model_baseline,11.128,11.128,False,complete
2024-09-16 19:45:00,m8_xgb_corrected,perfect_model_baseline,10.904964,10.904964,False,complete
2024-09-16 20:00:00,m8_xgb_corrected,perfect_model_baseline,10.904964,10.904964,False,complete
2024-09-16 20:15:00,m8_xgb_corrected,perfect_model_baseline,10.652787,10.652787,False,complete
2024-09-16 20:30:00,m8_xgb_corrected,perfect_model_baseline,10.652787,10.652787,False,complete
2024-09-16 20:45:00,m8_xgb_corrected,perfect_model_baseline,10.50661,10.50661,False,complete
2024-09-16 21:00:00,m8_xgb_corrected,perfect_model_baseline,10.217334,10.217334,False,complete
2024-09-16 21:15:00,m8_xgb_corrected,perfect_model_baseline,9.848489,9.848489,False,complete
2024-09-16 21:30:00,m8_xgb_corrected,perfect_model_baseline,9.580142,9.580142,False,complete
2024-09-16 21:45:00,m8_xgb_corrected,perfect_model_baseline,9.580142,9.580142,False,complete
2024-09-16 22:00:00,m8_xgb_corrected,perfect_model_baseline,9.131343,9.131343,False,complete
2024-09-16 22:15:00,m8_xgb_corrected,perfect_model_baseline,9.573923,9.573923,False,complete
2024-09-16 22:30:00,m8_xgb_corrected,perfect_model_baseline,9.453165,9.453165,False,complete
2024-09-16 22:45:00,m8_xgb_corrected,perfect_model_baseline,9.226609,9.226609,False,complete
2024-09-16 23:00:00,m8_xgb_corrected,perfect_model_baseline,9.226609,9.226609,False,complete
2024-09-16 23:15:00,m8_xgb_corrected,perfect_model_baseline,9.094065,9.094065,False,complete
2024-09-16 23:30:00,m8_xgb_corrected,perfect_model_baseline,8.938122,8.938122,False,complete
2024-09-16 23:45:00,m8_xgb_corrected,perfect_model_baseline,8.712985,8.712985,False,complete
2024-09-17 00:00:00,m8_xgb_corrected,perfect_model_baseline,8.48775,8.48775,False,complete
2024-09-17 00:15:00,m8_xgb_corrected,perfect_model_baseline,8.346928,8.346928,False,complete
2024-09-17 00:30:00,m8_xgb_corrected,perfect_model_baseline,8.260438,8.260438,False,complete
2024-09-17 00:45:00,m8_xgb_corrected,perfect_model_baseline,8.026847,8.026847,False,complete
2024-09-17 01:00:00,m8_xgb_corrected,perfect_model_baseline,8.026847,8.026847,False,complete
2024-09-17 01:15:00,m8_xgb_corrected,perfect_model_baseline,7.82557,7.82557,False,complete
2024-09-17 01:30:00,m8_xgb_corrected,perfect_model_baseline,7.634818,7.634818,False,complete
2024-09-17 01:45:00,m8_xgb_corrected,perfect_model_baseline,7.341824,7.341824,False,complete
2024-09-17 02:00:00,m8_xgb_corrected,perfect_model_baseline,7.341824,7.341824,False,complete
2024-09-17 02:15:00,m8_xgb_corrected,perfect_model_baseline,7.054974,7.054974,False,complete
2024-09-17 02:30:00,m8_xgb_corrected,perfect_model_baseline,6.925588,6.925588,False,complete
2024-09-17 02:45:00,m8_xgb_corrected,perfect_model_baseline,6.925588,6.925588,False,complete
2024-09-17 03:00:00,m8_xgb_corrected,perfect_model_baseline,6.659979,6.659979,False,complete
2024-09-17 03:15:00,m8_xgb_corrected,perfect_model_baseline,6.463145,6.463145,False,complete
2024-09-17 03:30:00,m8_xgb_corrected,perfect_model_baseline,6.402804,6.402804,False,complete
2024-09-17 03:45:00,m8_xgb_corrected,perfect_model_baseline,6.402804,6.402804,False,complete
2024-09-17 04:00:00,m8_xgb_corrected,perfect_model_baseline,6.402804,6.402804,False,complete
2024-09-17 04:15:00,m8_xgb_corrected,perfect_model_baseline,6.564044,6.564044,False,complete
2024-09-17 04:30:00,m8_xgb_corrected,perfect_model_baseline,6.564044,6.564044,False,complete
2024-09-17 04:45:00,m8_xgb_corrected,perfect_model_baseline,6.564044,6.564044,False,complete
2024-09-17 05:00:00,m8_xgb_corrected,perfect_model_baseline,6.6583,6.6583,False,complete
2024-09-17 05:15:00,m8_xgb_corrected,perfect_model_baseline,6.937359,6.937359,False,complete
2024-09-17 05:30:00,m8_xgb_corrected,perfect_model_baseline,7.065836,7.065836,False,complete
2024-09-17 05:45:00,m8_xgb_corrected,perfect_model_baseline,7.281485,7.281485,False,complete
2024-09-17 06:00:00,m8_xgb_corrected,perfect_model_baseline,7.504163,7.504163,False,complete
2024-09-17 06:15:00,m8_xgb_corrected,perfect_model_baseline,7.775129,7.775129,False,complete
2024-09-17 06:30:00,m8_xgb_corrected,perfect_model_baseline,7.775129,7.775129,False,complete
2024-09-17 06:45:00,m8_xgb_corrected,perfect_model_baseline,7.990378,7.990378,False,complete
2024-09-17 07:00:00,m8_xgb_corrected,perfect_model_baseline,7.543926,7.543926,False,complete
2024-09-17 07:15:00,m8_xgb_corrected,perfect_model_baseline,7.220908,7.220908,False,complete
2024-09-17 07:30:00,m8_xgb_corrected,perfect_model_baseline,6.83923,6.83923,False,complete
2024-09-17 07:45:00,m8_xgb_corrected,perfect_model_baseline,4.162057,4.162057,False,complete
2024-09-17 08:00:00,m8_xgb_corrected,perfect_model_baseline,3.017195,3.017195,False,complete
2024-09-17 08:15:00,m8_xgb_corrected,perfect_model_baseline,2.047578,2.047578,False,complete
2024-09-17 08:30:00,m8_xgb_corrected,perfect_model_baseline,1.767455,1.767455,False,complete
2024-09-17 08:45:00,m8_xgb_corrected,perfect_model_baseline,-1.590189,-1.2721512000000001,False,complete
2024-09-17 09:00:00,m8_xgb_corrected,perfect_model_baseline,-2.303617,-1.8428936,False,complete
2024-09-17 09:15:00,m8_xgb_corrected,perfect_model_baseline,-3.08517,-2.468136,False,complete
2024-09-17 09:30:00,m8_xgb_corrected,perfect_model_baseline,-3.753012,-3.0024096,False,complete
2024-09-17 09:45:00,m8_xgb_corrected,perfect_model_baseline,-3.532286,-2.8258288,False,complete
2024-09-17 10:00:00,m8_xgb_corrected,perfect_model_baseline,-3.051019,-2.4408152000000003,False,complete
2024-09-17 10:15:00,m8_xgb_corrected,perfect_model_baseline,-4.132179,-3.3057432,False,complete
2024-09-17 10:30:00,m8_xgb_corrected,perfect_model_baseline,-5.303406,-4.2427248,False,complete
2024-09-17 10:45:00,m8_xgb_corrected,perfect_model_baseline,-5.208009,-4.166407199999999,False,complete
2024-09-17 11:00:00,m8_xgb_corrected,perfect_model_baseline,-5.690659,-4.5525272,False,complete
2024-09-17 11:15:00,m8_xgb_corrected,perfect_model_baseline,-6.067993,-4.8543944,False,complete
2024-09-17 11:30:00,m8_xgb_corrected,perfect_model_baseline,-6.139841,-4.9118728,False,complete
2024-09-17 11:45:00,m8_xgb_corrected,perfect_model_baseline,-6.108469,-4.8867752,False,complete
2024-09-17 12:00:00,m8_xgb_corrected,perfect_model_baseline,-5.081984,-4.0655872,False,complete
2024-09-17 12:15:00,m8_xgb_corrected,perfect_model_baseline,-3.455323,-2.7642584,False,complete
2024-09-17 12:30:00,m8_xgb_corrected,perfect_model_baseline,-2.96018,-2.3681439999999996,False,complete
2024-09-17 12:45:00,m8_xgb_corrected,perfect_model_baseline,-4.80324,-3.8425920000000002,False,complete
2024-09-17 13:00:00,m8_xgb_corrected,perfect_model_baseline,-5.213974,-4.171179200000001,False,complete
2024-09-17 13:15:00,m8_xgb_corrected,perfect_model_baseline,-6.45435,-5.16348,False,complete
2024-09-17 13:30:00,m8_xgb_corrected,perfect_model_baseline,-5.479703,-4.383762399999999,False,complete
2024-09-17 13:45:00,m8_xgb_corrected,perfect_model_baseline,-6.315659,-5.0525272,False,complete
2024-09-17 14:00:00,m8_xgb_corrected,perfect_model_baseline,-5.675471,-4.540376800000001,False,complete
2024-09-17 14:15:00,m8_xgb_corrected,perfect_model_baseline,-4.642018,-3.7136144000000004,False,complete
2024-09-17 14:30:00,m8_xgb_corrected,perfect_model_baseline,-4.24031,-3.3922480000000004,False,complete
2024-09-17 14:45:00,m8_xgb_corrected,perfect_model_baseline,-3.472844,-2.7782752,False,complete
2024-09-17 15:00:00,m8_xgb_corrected,perfect_model_baseline,-2.298824,-1.8390592,False,complete
2024-09-17 15:15:00,m8_xgb_corrected,perfect_model_baseline,-2.627884,-2.1023072000000003,False,complete
2024-09-17 15:30:00,m8_xgb_corrected,perfect_model_baseline,-1.704933,-1.3639464000000001,False,complete
2024-09-17 15:45:00,m8_xgb_corrected,perfect_model_baseline,1.704933,1.704933,False,complete
2024-09-17 16:00:00,m8_xgb_corrected,perfect_model_baseline,1.926627,1.926627,False,complete
2024-09-17 16:15:00,m8_xgb_corrected,perfect_model_baseline,2.794094,2.794094,False,complete
2024-09-17 16:30:00,m8_xgb_corrected,perfect_model_baseline,4.08503,4.08503,False,complete
2024-09-17 16:45:00,m8_xgb_corrected,perfect_model_baseline,5.326678,5.326678,False,complete
2024-09-17 17:00:00,m8_xgb_corrected,perfect_model_baseline,6.587014,6.587014,False,complete
2024-09-17 17:15:00,m8_xgb_corrected,perfect_model_baseline,7.517662,7.517662,False,complete
2024-09-17 17:30:00,m8_xgb_corrected,perfect_model_baseline,8.438535,8.438535,False,complete
2024-09-17 17:45:00,m8_xgb_corrected,perfect_model_baseline,9.440287,9.440287,False,complete
2024-09-17 18:00:00,m8_xgb_corrected,perfect_model_baseline,10.193012,10.193012,False,complete
2024-09-17 18:15:00,m8_xgb_corrected,perfect_model_baseline,10.402959,10.402959,False,complete
2024-09-17 18:30:00,m8_xgb_corrected,perfect_model_baseline,10.402959,10.402959,False,complete
2024-09-17 18:45:00,m8_xgb_corrected,perfect_model_baseline,10.402959,10.402959,False,complete
2024-09-17 19:00:00,m8_xgb_corrected,perfect_model_baseline,10.402959,10.402959,False,complete
2024-09-17 19:15:00,m8_xgb_corrected,perfect_model_baseline,10.124726,10.124726,False,complete
2024-09-17 19:30:00,m8_xgb_corrected,perfect_model_baseline,10.004212,10.004212,False,complete
2024-09-17 19:45:00,m8_xgb_corrected,perfect_model_baseline,10.004212,10.004212,False,complete
2024-09-17 20:00:00,m8_xgb_corrected,perfect_model_baseline,9.778705,9.778705,False,complete
2024-09-17 20:15:00,m8_xgb_corrected,perfect_model_baseline,9.705214,9.705214,False,complete
2024-09-17 20:30:00,m8_xgb_corrected,perfect_model_baseline,9.610248,9.610248,False,complete
2024-09-17 20:45:00,m8_xgb_corrected,perfect_model_baseline,9.610248,9.610248,False,complete
2024-09-17 21:00:00,m8_xgb_corrected,perfect_model_baseline,9.610248,9.610248,False,complete
2024-09-17 21:15:00,m8_xgb_corrected,perfect_model_baseline,9.084197,9.084197,False,complete
2024-09-17 21:30:00,m8_xgb_corrected,perfect_model_baseline,8.860684,8.860684,False,complete
2024-09-17 21:45:00,m8_xgb_corrected,perfect_model_baseline,8.625456,8.625456,False,complete
2024-09-17 22:00:00,m8_xgb_corrected,perfect_model_baseline,8.625456,8.625456,False,complete
2024-09-17 22:15:00,m8_xgb_corrected,perfect_model_baseline,9.051477,9.051477,False,complete
2024-09-17 22:30:00,m8_xgb_corrected,perfect_model_baseline,8.865797,8.865797,False,complete
2024-09-17 22:45:00,m8_xgb_corrected,perfect_model_baseline,8.621652,8.621652,False,complete
2024-09-17 23:00:00,m8_xgb_corrected,perfect_model_baseline,8.567801,8.567801,False,complete
2024-09-17 23:15:00,m8_xgb_corrected,perfect_model_baseline,8.809962,8.809962,False,complete
2024-09-17 23:30:00,m8_xgb_corrected,perfect_model_baseline,8.809962,8.809962,False,complete
2024-09-17 23:45:00,m8_xgb_corrected,perfect_model_baseline,8.58439,8.58439,False,complete
2024-09-18 00:00:00,m8_xgb_corrected,perfect_model_baseline,8.280662,8.280662,False,complete
2024-09-18 00:15:00,m8_xgb_corrected,perfect_model_baseline,8.245168,8.245168,False,complete
2024-09-18 00:30:00,m8_xgb_corrected,perfect_model_baseline,8.047137,8.047137,False,complete
2024-09-18 00:45:00,m8_xgb_corrected,perfect_model_baseline,7.755849,7.755849,False,complete
2024-09-18 01:00:00,m8_xgb_corrected,perfect_model_baseline,7.755849,7.755849,False,complete
2024-09-18 01:15:00,m8_xgb_corrected,perfect_model_baseline,7.466827,7.466827,False,complete
2024-09-18 01:30:00,m8_xgb_corrected,perfect_model_baseline,7.312183,7.312183,False,complete
2024-09-18 01:45:00,m8_xgb_corrected,perfect_model_baseline,7.312183,7.312183,False,complete
2024-09-18 02:00:00,m8_xgb_corrected,perfect_model_baseline,6.857162,6.857162,False,complete
2024-09-18 02:15:00,m8_xgb_corrected,perfect_model_baseline,6.639404,6.639404,False,complete
2024-09-18 02:30:00,m8_xgb_corrected,perfect_model_baseline,6.562079,6.562079,False,complete
2024-09-18 02:45:00,m8_xgb_corrected,perfect_model_baseline,6.562079,6.562079,False,complete
2024-09-18 03:00:00,m8_xgb_corrected,perfect_model_baseline,6.407507,6.407507,False,complete
2024-09-18 03:15:00,m8_xgb_corrected,perfect_model_baseline,6.349156,6.349156,False,complete
2024-09-18 03:30:00,m8_xgb_corrected,perfect_model_baseline,6.349156,6.349156,False,complete
2024-09-18 03:45:00,m8_xgb_corrected,perfect_model_baseline,6.349156,6.349156,False,complete
2024-09-18 04:00:00,m8_xgb_corrected,perfect_model_baseline,6.349156,6.349156,False,complete
2024-09-18 04:15:00,m8_xgb_corrected,perfect_model_baseline,6.375322,6.375322,False,complete
2024-09-18 04:30:00,m8_xgb_corrected,perfect_model_baseline,6.375322,6.375322,False,complete
2024-09-18 04:45:00,m8_xgb_corrected,perfect_model_baseline,6.361916,6.361916,False,complete
2024-09-18 05:00:00,m8_xgb_corrected,perfect_model_baseline,6.361916,6.361916,False,complete
2024-09-18 05:15:00,m8_xgb_corrected,perfect_model_baseline,6.782441,6.782441,False,complete
2024-09-18 05:30:00,m8_xgb_corrected,perfect_model_baseline,6.996667,6.996667,False,complete
2024-09-18 05:45:00,m8_xgb_corrected,perfect_model_baseline,7.306429,7.306429,False,complete
2024-09-18 06:00:00,m8_xgb_corrected,perfect_model_baseline,7.534167,7.534167,False,complete
2024-09-18 06:15:00,m8_xgb_corrected,perfect_model_baseline,7.477104,7.477104,False,complete
2024-09-18 06:30:00,m8_xgb_corrected,perfect_model_baseline,7.477104,7.477104,False,complete
2024-09-18 06:45:00,m8_xgb_corrected,perfect_model_baseline,6.998873,6.998873,False,complete
2024-09-18 07:00:00,m8_xgb_corrected,perfect_model_baseline,6.306566,6.306566,False,complete
2024-09-18 07:15:00,m8_xgb_corrected,perfect_model_baseline,5.409718,5.409718,False,complete
2024-09-18 07:30:00,m8_xgb_corrected,perfect_model_baseline,4.638074,4.638074,False,complete
2024-09-18 07:45:00,m8_xgb_corrected,perfect_model_baseline,3.604865,3.604865,False,complete
2024-09-18 08:00:00,m8_xgb_corrected,perfect_model_baseline,2.501221,2.501221,False,complete
2024-09-18 08:15:00,m8_xgb_corrected,perfect_model_baseline,1.587158,1.587158,False,complete
2024-09-18 08:30:00,m8_xgb_corrected,perfect_model_baseline,-1.540337,-1.2322696,False,complete
2024-09-18 08:45:00,m8_xgb_corrected,perfect_model_baseline,-2.170661,-1.7365287999999999,False,complete
2024-09-18 09:00:00,m8_xgb_corrected,perfect_model_baseline,-2.9826,-2.38608,False,complete
2024-09-18 09:15:00,m8_xgb_corrected,perfect_model_baseline,-3.805287,-3.0442296,False,complete
2024-09-18 09:30:00,m8_xgb_corrected,perfect_model_baseline,-4.812121,-3.8496968000000007,False,complete
2024-09-18 09:45:00,m8_xgb_corrected,perfect_model_baseline,-5.47538,-4.380304,False,complete
2024-09-18 10:00:00,m8_xgb_corrected,perfect_model_baseline,-5.997102,-4.797681600000001,False,complete
2024-09-18 10:15:00,m8_xgb_corrected,perfect_model_baseline,-6.497142,-5.1977136,False,complete
2024-09-18 10:30:00,m8_xgb_corrected,perfect_model_baseline,-7.179525,-5.74362,False,complete
2024-09-18 10:45:00,m8_xgb_corrected,perfect_model_baseline,-7.679014,-6.1432112,False,complete
2024-09-18 11:00:00,m8_xgb_corrected,perfect_model_baseline,-7.900709,-6.3205672,False,complete
2024-09-18 11:15:00,m8_xgb_corrected,perfect_model_baseline,-8.068451,-6.4547608,False,complete
2024-09-18 11:30:00,m8_xgb_corrected,perfect_model_baseline,-8.068451,-6.4547608,False,complete
2024-09-18 11:45:00,m8_xgb_corrected,perfect_model_baseline,-8.068451,-6.4547608,False,complete
2024-09-18 12:00:00,m8_xgb_corrected,perfect_model_baseline,-8.068451,-6.4547608,False,complete
2024-09-18 12:15:00,m8_xgb_corrected,perfect_model_baseline,-8.245311,-6.5962488,False,complete
2024-09-18 12:30:00,m8_xgb_corrected,perfect_model_baseline,-8.232415,-6.585932,False,complete
2024-09-18 12:45:00,m8_xgb_corrected,perfect_model_baseline,-8.232415,-6.585932,False,complete
2024-09-18 13:00:00,m8_xgb_corrected,perfect_model_baseline,-8.232415,-6.585932,False,complete
2024-09-18 13:15:00,m8_xgb_corrected,perfect_model_baseline,-7.700438,-6.1603504000000004,False,complete
2024-09-18 13:30:00,m8_xgb_corrected,perfect_model_baseline,-7.452543,-5.9620344,False,complete
2024-09-18 13:45:00,m8_xgb_corrected,perfect_model_baseline,-7.173746,-5.7389968,False,complete
2024-09-18 14:00:00,m8_xgb_corrected,perfect_model_baseline,-6.680453,-5.3443624,False,complete
2024-09-18 14:15:00,m8_xgb_corrected,perfect_model_baseline,-6.071165,-4.856932,False,complete
2024-09-18 14:30:00,m8_xgb_corrected,perfect_model_baseline,-5.443808,-4.3550464,False,complete
2024-09-18 14:45:00,m8_xgb_corrected,perfect_model_baseline,-4.775669,-3.8205351999999992,False,complete
2024-09-18 15:00:00,m8_xgb_corrected,perfect_model_baseline,-3.876002,-3.1008016,False,complete
2024-09-18 15:15:00,m8_xgb_corrected,perfect_model_baseline,-3.136553,-2.5092424,False,complete
2024-09-18 15:30:00,m8_xgb_corrected,perfect_model_baseline,-2.07701,-1.6616080000000002,False,complete
2024-09-18 15:45:00,m8_xgb_corrected,perfect_model_baseline,-1.744898,-1.3959184000000002,False,complete
2024-09-18 16:00:00,m8_xgb_corrected,perfect_model_baseline,1.966691,1.966691,False,complete
2024-09-18 16:15:00,m8_xgb_corrected,perfect_model_baseline,2.279343,2.279343,False,complete
2024-09-18 16:30:00,m8_xgb_corrected,perfect_model_baseline,3.353865,3.353865,False,complete
2024-09-18 16:45:00,m8_xgb_corrected,perfect_model_baseline,4.696926,4.696926,False,complete
2024-09-18 17:00:00,m8_xgb_corrected,perfect_model_baseline,6.098098,6.098098,False,complete
2024-09-18 17:15:00,m8_xgb_corrected,perfect_model_baseline,7.024817,7.024817,False,complete
2024-09-18 17:30:00,m8_xgb_corrected,perfect_model_baseline,8.006594,8.006594,False,complete
2024-09-18 17:45:00,m8_xgb_corrected,perfect_model_baseline,8.930612,8.930612,False,complete
2024-09-18 18:00:00,m8_xgb_corrected,perfect_model_baseline,9.484853,9.484853,False,complete
2024-09-18 18:15:00,m8_xgb_corrected,perfect_model_baseline,9.924033,9.924033,False,complete
2024-09-18 18:30:00,m8_xgb_corrected,perfect_model_baseline,9.963577,9.963577,False,complete
2024-09-18 18:45:00,m8_xgb_corrected,perfect_model_baseline,9.963577,9.963577,False,complete
2024-09-18 19:00:00,m8_xgb_corrected,perfect_model_baseline,9.963577,9.963577,False,complete
2024-09-18 19:15:00,m8_xgb_corrected,perfect_model_baseline,9.768539,9.768539,False,complete
2024-09-18 19:30:00,m8_xgb_corrected,perfect_model_baseline,9.578954,9.578954,False,complete
2024-09-18 19:45:00,m8_xgb_corrected,perfect_model_baseline,9.343388,9.343388,False,complete
2024-09-18 20:00:00,m8_xgb_corrected,perfect_model_baseline,9.119333,9.119333,False,complete
2024-09-18 20:15:00,m8_xgb_corrected,perfect_model_baseline,9.121397,9.121397,False,complete
2024-09-18 20:30:00,m8_xgb_corrected,perfect_model_baseline,8.948441,8.948441,False,complete
2024-09-18 20:45:00,m8_xgb_corrected,perfect_model_baseline,8.948441,8.948441,False,complete
2024-09-18 21:00:00,m8_xgb_corrected,perfect_model_baseline,8.697765,8.697765,False,complete
2024-09-18 21:15:00,m8_xgb_corrected,perfect_model_baseline,8.463824,8.463824,False,complete
2024-09-18 21:30:00,m8_xgb_corrected,perfect_model_baseline,8.223277,8.223277,False,complete
2024-09-18 21:45:00,m8_xgb_corrected,perfect_model_baseline,8.223277,8.223277,False,complete
2024-09-18 22:00:00,m8_xgb_corrected,perfect_model_baseline,8.223277,8.223277,False,complete
2024-09-18 22:15:00,m8_xgb_corrected,perfect_model_baseline,8.23343,8.23343,False,complete
2024-09-18 22:30:00,m8_xgb_corrected,perfect_model_baseline,8.0936,8.0936,False,complete
2024-09-18 22:45:00,m8_xgb_corrected,perfect_model_baseline,8.0936,8.0936,False,complete
2024-09-18 23:00:00,m8_xgb_corrected,perfect_model_baseline,8.0936,8.0936,False,complete
2024-09-18 23:15:00,m8_xgb_corrected,perfect_model_baseline,8.189042,8.189042,False,complete
2024-09-18 23:30:00,m8_xgb_corrected,perfect_model_baseline,8.008555,8.008555,False,complete
2024-09-18 23:45:00,m8_xgb_corrected,perfect_model_baseline,8.10045,8.10045,False,complete
2024-09-19 00:00:00,m8_xgb_corrected,perfect_model_baseline,7.765306,7.765306,False,complete
2024-09-19 00:15:00,m8_xgb_corrected,perfect_model_baseline,7.798927,7.798927,False,complete
2024-09-19 00:30:00,m8_xgb_corrected,perfect_model_baseline,7.798927,7.798927,False,complete
2024-09-19 00:45:00,m8_xgb_corrected,perfect_model_baseline,7.300777,7.300777,False,complete
2024-09-19 01:00:00,m8_xgb_corrected,perfect_model_baseline,7.524045,7.524045,False,complete
2024-09-19 01:15:00,m8_xgb_corrected,perfect_model_baseline,7.305365,7.305365,False,complete
2024-09-19 01:30:00,m8_xgb_corrected,perfect_model_baseline,6.86018,6.86018,False,complete
2024-09-19 01:45:00,m8_xgb_corrected,perfect_model_baseline,6.86018,6.86018,False,complete
2024-09-19 02:00:00,m8_xgb_corrected,perfect_model_baseline,6.636616,6.636616,False,complete
2024-09-19 02:15:00,m8_xgb_corrected,perfect_model_baseline,6.408562,6.408562,False,complete
2024-09-19 02:30:00,m8_xgb_corrected,perfect_model_baseline,6.210271,6.210271,False,complete
2024-09-19 02:45:00,m8_xgb_corrected,perfect_model_baseline,6.210271,6.210271,False,complete
2024-09-19 03:00:00,m8_xgb_corrected,perfect_model_baseline,5.981875,5.981875,False,complete
2024-09-19 03:15:00,m8_xgb_corrected,perfect_model_baseline,6.084668,6.084668,False,complete
2024-09-19 03:30:00,m8_xgb_corrected,perfect_model_baseline,6.084668,6.084668,False,complete
2024-09-19 03:45:00,m8_xgb_corrected,perfect_model_baseline,6.084668,6.084668,False,complete
2024-09-19 04:00:00,m8_xgb_corrected,perfect_model_baseline,6.084668,6.084668,False,complete
2024-09-19 04:15:00,m8_xgb_corrected,perfect_model_baseline,5.755643,5.755643,False,complete
2024-09-19 04:30:00,m8_xgb_corrected,perfect_model_baseline,5.755643,5.755643,False,complete
2024-09-19 04:45:00,m8_xgb_corrected,perfect_model_baseline,5.739508,5.739508,False,complete
2024-09-19 05:00:00,m8_xgb_corrected,perfect_model_baseline,5.739508,5.739508,False,complete
2024-09-19 05:15:00,m8_xgb_corrected,perfect_model_baseline,6.196814,6.196814,False,complete
2024-09-19 05:30:00,m8_xgb_corrected,perfect_model_baseline,6.376841,6.376841,False,complete
2024-09-19 05:45:00,m8_xgb_corrected,perfect_model_baseline,6.376841,6.376841,False,complete
2024-09-19 06:00:00,m8_xgb_corrected,perfect_model_baseline,6.376841,6.376841,False,complete
2024-09-19 06:15:00,m8_xgb_corrected,perfect_model_baseline,6.723708,6.723708,False,complete
2024-09-19 06:30:00,m8_xgb_corrected,perfect_model_baseline,6.166467,6.166467,False,complete
2024-09-19 06:45:00,m8_xgb_corrected,perfect_model_baseline,5.583926,5.583926,False,complete
2024-09-19 07:00:00,m8_xgb_corrected,perfect_model_baseline,4.980999,4.980999,False,complete
2024-09-19 07:15:00,m8_xgb_corrected,perfect_model_baseline,4.286427,4.286427,False,complete
2024-09-19 07:30:00,m8_xgb_corrected,perfect_model_baseline,3.568125,3.568125,False,complete
2024-09-19 07:45:00,m8_xgb_corrected,perfect_model_baseline,2.601005,2.601005,False,complete
2024-09-19 08:00:00,m8_xgb_corrected,perfect_model_baseline,1.932022,1.932022,False,complete
2024-09-19 08:15:00,m8_xgb_corrected,perfect_model_baseline,-1.698366,-1.3586928,False,complete
2024-09-19 08:30:00,m8_xgb_corrected,perfect_model_baseline,-1.886913,-1.5095304,False,complete
2024-09-19 08:45:00,m8_xgb_corrected,perfect_model_baseline,-2.535695,-2.028556,False,complete
2024-09-19 09:00:00,m8_xgb_corrected,perfect_model_baseline,-3.439808,-2.7518464000000002,False,complete
2024-09-19 09:15:00,m8_xgb_corrected,perfect_model_baseline,-4.007761,-3.2062088000000006,False,complete
2024-09-19 09:30:00,m8_xgb_corrected,perfect_model_baseline,-4.83223,-3.865784,False,complete
2024-09-19 09:45:00,m8_xgb_corrected,perfect_model_baseline,-5.446236,-4.3569888,False,complete
2024-09-19 10:00:00,m8_xgb_corrected,perfect_model_baseline,-6.025325,-4.82026,False,complete
2024-09-19 10:15:00,m8_xgb_corrected,perfect_model_baseline,-6.297486,-5.0379888,False,complete
2024-09-19 10:30:00,m8_xgb_corrected,perfect_model_baseline,-6.958779,-5.5670231999999995,False,complete
2024-09-19 10:45:00,m8_xgb_corrected,perfect_model_baseline,-7.480965,-5.984772,False,complete
2024-09-19 11:00:00,m8_xgb_corrected,perfect_model_baseline,-7.703053,-6.1624424,False,complete
2024-09-19 11:15:00,m8_xgb_corrected,perfect_model_baseline,-7.85523,-6.284184,False,complete
2024-09-19 11:30:00,m8_xgb_corrected,perfect_model_baseline,-8.049779,-6.439823199999999,False,complete
2024-09-19 11:45:00,m8_xgb_corrected,perfect_model_baseline,-8.049779,-6.439823199999999,False,complete
2024-09-19 12:00:00,m8_xgb_corrected,perfect_model_baseline,-8.049779,-6.439823199999999,False,complete
2024-09-19 12:15:00,m8_xgb_corrected,perfect_model_baseline,-7.961774,-6.3694192,False,complete
2024-09-19 12:30:00,m8_xgb_corrected,perfect_model_baseline,-7.961774,-6.3694192,False,complete
2024-09-19 12:45:00,m8_xgb_corrected,perfect_model_baseline,-7.63991,-6.111928000000001,False,complete
2024-09-19 13:00:00,m8_xgb_corrected,perfect_model_baseline,-7.419691,-5.9357528,False,complete
2024-09-19 13:15:00,m8_xgb_corrected,perfect_model_baseline,-7.143882,-5.715105599999999,False,complete
2024-09-19 13:30:00,m8_xgb_corrected,perfect_model_baseline,-7.143882,-5.715105599999999,False,complete
2024-09-19 13:45:00,m8_xgb_corrected,perfect_model_baseline,-6.606545,-5.285236,False,complete
2024-09-19 14:00:00,m8_xgb_corrected,perfect_model_baseline,-6.386523,-5.1092184000000005,False,complete
2024-09-19 14:15:00,m8_xgb_corrected,perfect_model_baseline,-5.950395,-4.760316,False,complete
2024-09-19 14:30:00,m8_xgb_corrected,perfect_model_baseline,-5.214797,-4.1718376,False,complete
2024-09-19 14:45:00,m8_xgb_corrected,perfect_model_baseline,-4.461789,-3.5694312,False,complete
2024-09-19 15:00:00,m8_xgb_corrected,perfect_model_baseline,-3.699192,-2.9593536,False,complete
2024-09-19 15:15:00,m8_xgb_corrected,perfect_model_baseline,-2.902397,-2.3219176000000004,False,complete
2024-09-19 15:30:00,m8_xgb_corrected,perfect_model_baseline,-1.801681,-1.4413448000000002,False,complete
2024-09-19 15:45:00,m8_xgb_corrected,perfect_model_baseline,-1.559279,-1.2474232,False,complete
2024-09-19 16:00:00,m8_xgb_corrected,perfect_model_baseline,1.818677,1.818677,False,complete
2024-09-19 16:15:00,m8_xgb_corrected,perfect_model_baseline,2.587066,2.587066,False,complete
2024-09-19 16:30:00,m8_xgb_corrected,perfect_model_baseline,3.648781,3.648781,False,complete
2024-09-19 16:45:00,m8_xgb_corrected,perfect_model_baseline,4.859026,4.859026,False,complete
2024-09-19 17:00:00,m8_xgb_corrected,perfect_model_baseline,6.053887,6.053887,False,complete
2024-09-19 17:15:00,m8_xgb_corrected,perfect_model_baseline,6.885486,6.885486,False,complete
2024-09-19 17:30:00,m8_xgb_corrected,perfect_model_baseline,7.967465,7.967465,False,complete
2024-09-19 17:45:00,m8_xgb_corrected,perfect_model_baseline,8.659595,8.659595,False,complete
2024-09-19 18:00:00,m8_xgb_corrected,perfect_model_baseline,9.107213,9.107213,False,complete
2024-09-19 18:15:00,m8_xgb_corrected,perfect_model_baseline,9.498787,9.498787,False,complete
2024-09-19 18:30:00,m8_xgb_corrected,perfect_model_baseline,9.498787,9.498787,False,complete
2024-09-19 18:45:00,m8_xgb_corrected,perfect_model_baseline,9.498787,9.498787,False,complete
2024-09-19 19:00:00,m8_xgb_corrected,perfect_model_baseline,9.498787,9.498787,False,complete
2024-09-19 19:15:00,m8_xgb_corrected,perfect_model_baseline,9.193083,9.193083,False,complete
2024-09-19 19:30:00,m8_xgb_corrected,perfect_model_baseline,9.193083,9.193083,False,complete
2024-09-19 19:45:00,m8_xgb_corrected,perfect_model_baseline,8.935167,8.935167,False,complete
2024-09-19 20:00:00,m8_xgb_corrected,perfect_model_baseline,8.674929,8.674929,False,complete
2024-09-19 20:15:00,m8_xgb_corrected,perfect_model_baseline,8.715147,8.715147,False,complete
2024-09-19 20:30:00,m8_xgb_corrected,perfect_model_baseline,8.199478,8.199478,False,complete
2024-09-19 20:45:00,m8_xgb_corrected,perfect_model_baseline,8.199478,8.199478,False,complete
2024-09-19 21:00:00,m8_xgb_corrected,perfect_model_baseline,8.199478,8.199478,False,complete
2024-09-19 21:15:00,m8_xgb_corrected,perfect_model_baseline,8.047397,8.047397,False,complete
2024-09-19 21:30:00,m8_xgb_corrected,perfect_model_baseline,8.047397,8.047397,False,complete
2024-09-19 21:45:00,m8_xgb_corrected,perfect_model_baseline,7.788358,7.788358,False,complete
2024-09-19 22:00:00,m8_xgb_corrected,perfect_model_baseline,7.788358,7.788358,False,complete
2024-09-19 22:15:00,m8_xgb_corrected,perfect_model_baseline,7.851774,7.851774,False,complete
2024-09-19 22:30:00,m8_xgb_corrected,perfect_model_baseline,7.997239,7.997239,False,complete
2024-09-19 22:45:00,m8_xgb_corrected,perfect_model_baseline,7.729964,7.729964,False,complete
2024-09-19 23:00:00,m8_xgb_corrected,perfect_model_baseline,7.729964,7.729964,False,complete
2024-09-19 23:15:00,m8_xgb_corrected,perfect_model_baseline,7.890209,7.890209,False,complete
2024-09-19 23:30:00,m8_xgb_corrected,perfect_model_baseline,7.890209,7.890209,False,complete
2024-09-19 23:45:00,m8_xgb_corrected,perfect_model_baseline,7.329714,7.329714,False,complete
2024-09-20 00:00:00,m8_xgb_corrected,perfect_model_baseline,7.329714,7.329714,False,complete
2024-09-20 00:15:00,m8_xgb_corrected,perfect_model_baseline,7.704418,7.704418,False,complete
2024-09-20 00:30:00,m8_xgb_corrected,perfect_model_baseline,7.704418,7.704418,False,complete
2024-09-20 00:45:00,m8_xgb_corrected,perfect_model_baseline,7.489048,7.489048,False,complete
2024-09-20 01:00:00,m8_xgb_corrected,perfect_model_baseline,7.489048,7.489048,False,complete
2024-09-20 01:15:00,m8_xgb_corrected,perfect_model_baseline,7.098521,7.098521,False,complete
2024-09-20 01:30:00,m8_xgb_corrected,perfect_model_baseline,6.917314,6.917314,False,complete
2024-09-20 01:45:00,m8_xgb_corrected,perfect_model_baseline,6.662902,6.662902,False,complete
2024-09-20 02:00:00,m8_xgb_corrected,perfect_model_baseline,6.438552,6.438552,False,complete
2024-09-20 02:15:00,m8_xgb_corrected,perfect_model_baseline,6.45896,6.45896,False,complete
2024-09-20 02:30:00,m8_xgb_corrected,perfect_model_baseline,6.243901,6.243901,False,complete
2024-09-20 02:45:00,m8_xgb_corrected,perfect_model_baseline,5.968748,5.968748,False,complete
2024-09-20 03:00:00,m8_xgb_corrected,perfect_model_baseline,5.968748,5.968748,False,complete
2024-09-20 03:15:00,m8_xgb_corrected,perfect_model_baseline,5.78461,5.78461,False,complete
2024-09-20 03:30:00,m8_xgb_corrected,perfect_model_baseline,5.689899,5.689899,False,complete
2024-09-20 03:45:00,m8_xgb_corrected,perfect_model_baseline,5.689899,5.689899,False,complete
2024-09-20 04:00:00,m8_xgb_corrected,perfect_model_baseline,5.689899,5.689899,False,complete
2024-09-20 04:15:00,m8_xgb_corrected,perfect_model_baseline,5.734222,5.734222,False,complete
2024-09-20 04:30:00,m8_xgb_corrected,perfect_model_baseline,5.734222,5.734222,False,complete
2024-09-20 04:45:00,m8_xgb_corrected,perfect_model_baseline,5.734222,5.734222,False,complete
2024-09-20 05:00:00,m8_xgb_corrected,perfect_model_baseline,5.734222,5.734222,False,complete
2024-09-20 05:15:00,m8_xgb_corrected,perfect_model_baseline,5.957882,5.957882,False,complete
2024-09-20 05:30:00,m8_xgb_corrected,perfect_model_baseline,6.415935,6.415935,False,complete
2024-09-20 05:45:00,m8_xgb_corrected,perfect_model_baseline,6.415935,6.415935,False,complete
2024-09-20 06:00:00,m8_xgb_corrected,perfect_model_baseline,6.415935,6.415935,False,complete
2024-09-20 06:15:00,m8_xgb_corrected,perfect_model_baseline,6.344575,6.344575,False,complete
2024-09-20 06:30:00,m8_xgb_corrected,perfect_model_baseline,5.958245,5.958245,False,complete
2024-09-20 06:45:00,m8_xgb_corrected,perfect_model_baseline,5.511808,5.511808,False,complete
2024-09-20 07:00:00,m8_xgb_corrected,perfect_model_baseline,5.062275,5.062275,False,complete
2024-09-20 07:15:00,m8_xgb_corrected,perfect_model_baseline,4.249898,4.249898,False,complete
2024-09-20 07:30:00,m8_xgb_corrected,perfect_model_baseline,3.421324,3.421324,False,complete
2024-09-20 07:45:00,m8_xgb_corrected,perfect_model_baseline,2.541375,2.541375,False,complete
2024-09-20 08:00:00,m8_xgb_corrected,perfect_model_baseline,1.925213,1.925213,False,complete
2024-09-20 08:15:00,m8_xgb_corrected,perfect_model_baseline,-1.716566,-1.3732528000000002,False,complete
2024-09-20 08:30:00,m8_xgb_corrected,perfect_model_baseline,-1.895897,-1.5167176,False,complete
2024-09-20 08:45:00,m8_xgb_corrected,perfect_model_baseline,-2.646298,-2.1170384,False,complete
2024-09-20 09:00:00,m8_xgb_corrected,perfect_model_baseline,-3.334023,-2.6672184000000003,False,complete
2024-09-20 09:15:00,m8_xgb_corrected,perfect_model_baseline,-4.047357,-3.2378856000000003,False,complete
2024-09-20 09:30:00,m8_xgb_corrected,perfect_model_baseline,-5.055824,-4.044659200000001,False,complete
2024-09-20 09:45:00,m8_xgb_corrected,perfect_model_baseline,-5.782052,-4.6256416,False,complete
2024-09-20 10:00:00,m8_xgb_corrected,perfect_model_baseline,-6.352458,-5.081966400000001,False,complete
2024-09-20 10:15:00,m8_xgb_corrected,perfect_model_baseline,-6.277482,-5.0219856,False,complete
2024-09-20 10:30:00,m8_xgb_corrected,perfect_model_baseline,-6.778672,-5.422937600000001,False,complete
2024-09-20 10:45:00,m8_xgb_corrected,perfect_model_baseline,-7.220388,-5.7763104,False,complete
2024-09-20 11:00:00,m8_xgb_corrected,perfect_model_baseline,-7.662106,-6.1296848,False,complete
2024-09-20 11:15:00,m8_xgb_corrected,perfect_model_baseline,-7.678934,-6.1431472,False,complete
2024-09-20 11:30:00,m8_xgb_corrected,perfect_model_baseline,-7.678934,-6.1431472,False,complete
2024-09-20 11:45:00,m8_xgb_corrected,perfect_model_baseline,-7.856883,-6.2855064,False,complete
2024-09-20 12:00:00,m8_xgb_corrected,perfect_model_baseline,-7.856883,-6.2855064,False,complete
2024-09-20 12:15:00,m8_xgb_corrected,perfect_model_baseline,-8.129718,-6.503774400000001,False,complete
2024-09-20 12:30:00,m8_xgb_corrected,perfect_model_baseline,-7.909832,-6.3278656,False,complete
2024-09-20 12:45:00,m8_xgb_corrected,perfect_model_baseline,-7.65528,-6.124224000000001,False,complete
2024-09-20 13:00:00,m8_xgb_corrected,perfect_model_baseline,-7.65528,-6.124224000000001,False,complete
2024-09-20 13:15:00,m8_xgb_corrected,perfect_model_baseline,-7.398582,-5.9188656,False,complete
2024-09-20 13:30:00,m8_xgb_corrected,perfect_model_baseline,-6.858306,-5.4866448,False,complete
2024-09-20 13:45:00,m8_xgb_corrected,perfect_model_baseline,-6.637497,-5.3099976,False,complete
2024-09-20 14:00:00,m8_xgb_corrected,perfect_model_baseline,-6.03947,-4.831576,False,complete
2024-09-20 14:15:00,m8_xgb_corrected,perfect_model_baseline,-5.528621,-4.4228968,False,complete
2024-09-20 14:30:00,m8_xgb_corrected,perfect_model_baseline,-4.963004,-3.9704032,False,complete
2024-09-20 14:45:00,m8_xgb_corrected,perfect_model_baseline,-4.110681,-3.2885447999999995,False,complete
2024-09-20 15:00:00,m8_xgb_corrected,perfect_model_baseline,-3.317189,-2.6537512000000003,False,complete
2024-09-20 15:15:00,m8_xgb_corrected,perfect_model_baseline,-2.650257,-2.1202056000000002,False,complete
2024-09-20 15:30:00,m8_xgb_corrected,perfect_model_baseline,-1.742956,-1.3943648,False,complete
2024-09-20 15:45:00,m8_xgb_corrected,perfect_model_baseline,-1.521557,-1.2172456,False,complete
2024-09-20 16:00:00,m8_xgb_corrected,perfect_model_baseline,1.924918,1.924918,False,complete
2024-09-20 16:15:00,m8_xgb_corrected,perfect_model_baseline,2.709363,2.709363,False,complete
2024-09-20 16:30:00,m8_xgb_corrected,perfect_model_baseline,3.842129,3.842129,False,complete
2024-09-20 16:45:00,m8_xgb_corrected,perfect_model_baseline,4.824944,4.824944,False,complete
2024-09-20 17:00:00,m8_xgb_corrected,perfect_model_baseline,5.932135,5.932135,False,complete
2024-09-20 17:15:00,m8_xgb_corrected,perfect_model_baseline,6.845088,6.845088,False,complete
2024-09-20 17:30:00,m8_xgb_corrected,perfect_model_baseline,7.847978,7.847978,False,complete
2024-09-20 17:45:00,m8_xgb_corrected,perfect_model_baseline,8.391362,8.391362,False,complete
2024-09-20 18:00:00,m8_xgb_corrected,perfect_model_baseline,8.705544,8.705544,False,complete
2024-09-20 18:15:00,m8_xgb_corrected,perfect_model_baseline,9.06913,9.06913,False,complete
2024-09-20 18:30:00,m8_xgb_corrected,perfect_model_baseline,9.06913,9.06913,False,complete
2024-09-20 18:45:00,m8_xgb_corrected,perfect_model_baseline,9.06913,9.06913,False,complete
2024-09-20 19:00:00,m8_xgb_corrected,perfect_model_baseline,9.06913,9.06913,False,complete
2024-09-20 19:15:00,m8_xgb_corrected,perfect_model_baseline,9.003391,9.003391,False,complete
2024-09-20 19:30:00,m8_xgb_corrected,perfect_model_baseline,8.919338,8.919338,False,complete
2024-09-20 19:45:00,m8_xgb_corrected,perfect_model_baseline,8.755847,8.755847,False,complete
2024-09-20 20:00:00,m8_xgb_corrected,perfect_model_baseline,8.533599,8.533599,False,complete
2024-09-20 20:15:00,m8_xgb_corrected,perfect_model_baseline,8.252382,8.252382,False,complete
2024-09-20 20:30:00,m8_xgb_corrected,perfect_model_baseline,8.252382,8.252382,False,complete
2024-09-20 20:45:00,m8_xgb_corrected,perfect_model_baseline,8.209273,8.209273,False,complete
2024-09-20 21:00:00,m8_xgb_corrected,perfect_model_baseline,8.209273,8.209273,False,complete
2024-09-20 21:15:00,m8_xgb_corrected,perfect_model_baseline,8.064225,8.064225,False,complete
2024-09-20 21:30:00,m8_xgb_corrected,perfect_model_baseline,7.79301,7.79301,False,complete
2024-09-20 21:45:00,m8_xgb_corrected,perfect_model_baseline,7.79301,7.79301,False,complete
2024-09-20 22:00:00,m8_xgb_corrected,perfect_model_baseline,7.79301,7.79301,False,complete
2024-09-20 22:15:00,m8_xgb_corrected,perfect_model_baseline,8.193092,8.193092,False,complete
2024-09-20 22:30:00,m8_xgb_corrected,perfect_model_baseline,8.193092,8.193092,False,complete
2024-09-20 22:45:00,m8_xgb_corrected,perfect_model_baseline,8.193092,8.193092,False,complete
2024-09-20 23:00:00,m8_xgb_corrected,perfect_model_baseline,8.193092,8.193092,False,complete
2024-09-20 23:15:00,m8_xgb_corrected,perfect_model_baseline,8.165078,8.165078,False,complete
2024-09-20 23:30:00,m8_xgb_corrected,perfect_model_baseline,7.984506,7.984506,False,complete
2024-09-20 23:45:00,m8_xgb_corrected,perfect_model_baseline,7.752548,7.752548,False,complete
2024-09-21 00:00:00,m8_xgb_corrected,perfect_model_baseline,7.783423,7.783423,False,complete
2024-09-21 00:15:00,m8_xgb_corrected,perfect_model_baseline,7.640794,7.640794,False,complete
2024-09-21 00:30:00,m8_xgb_corrected,perfect_model_baseline,7.640794,7.640794,False,complete
2024-09-21 00:45:00,m8_xgb_corrected,perfect_model_baseline,7.305618,7.305618,False,complete
2024-09-21 01:00:00,m8_xgb_corrected,perfect_model_baseline,7.305618,7.305618,False,complete
2024-09-21 01:15:00,m8_xgb_corrected,perfect_model_baseline,7.176672,7.176672,False,complete
2024-09-21 01:30:00,m8_xgb_corrected,perfect_model_baseline,6.927095,6.927095,False,complete
2024-09-21 01:45:00,m8_xgb_corrected,perfect_model_baseline,6.645377,6.645377,False,complete
2024-09-21 02:00:00,m8_xgb_corrected,perfect_model_baseline,6.421618,6.421618,False,complete
2024-09-21 02:15:00,m8_xgb_corrected,perfect_model_baseline,6.365951,6.365951,False,complete
2024-09-21 02:30:00,m8_xgb_corrected,perfect_model_baseline,6.365951,6.365951,False,complete
2024-09-21 02:45:00,m8_xgb_corrected,perfect_model_baseline,6.202647,6.202647,False,complete
2024-09-21 03:00:00,m8_xgb_corrected,perfect_model_baseline,6.202647,6.202647,False,complete
2024-09-21 03:15:00,m8_xgb_corrected,perfect_model_baseline,5.961832,5.961832,False,complete
2024-09-21 03:30:00,m8_xgb_corrected,perfect_model_baseline,5.961832,5.961832,False,complete
2024-09-21 03:45:00,m8_xgb_corrected,perfect_model_baseline,5.961832,5.961832,False,complete
2024-09-21 04:00:00,m8_xgb_corrected,perfect_model_baseline,5.755103,5.755103,False,complete
2024-09-21 04:15:00,m8_xgb_corrected,perfect_model_baseline,5.703538,5.703538,False,complete
2024-09-21 04:30:00,m8_xgb_corrected,perfect_model_baseline,5.703538,5.703538,False,complete
2024-09-21 04:45:00,m8_xgb_corrected,perfect_model_baseline,5.582943,5.582943,False,complete
2024-09-21 05:00:00,m8_xgb_corrected,perfect_model_baseline,5.559936,5.559936,False,complete
2024-09-21 05:15:00,m8_xgb_corrected,perfect_model_baseline,5.807871,5.807871,False,complete
2024-09-21 05:30:00,m8_xgb_corrected,perfect_model_baseline,5.971375,5.971375,False,complete
2024-09-21 05:45:00,m8_xgb_corrected,perfect_model_baseline,5.971375,5.971375,False,complete
2024-09-21 06:00:00,m8_xgb_corrected,perfect_model_baseline,5.971375,5.971375,False,complete
2024-09-21 06:15:00,m8_xgb_corrected,perfect_model_baseline,5.931924,5.931924,False,complete
2024-09-21 06:30:00,m8_xgb_corrected,perfect_model_baseline,5.402083,5.402083,False,complete
2024-09-21 06:45:00,m8_xgb_corrected,perfect_model_baseline,4.742436,4.742436,False,complete
2024-09-21 07:00:00,m8_xgb_corrected,perfect_model_baseline,4.196397,4.196397,False,complete
2024-09-21 07:15:00,m8_xgb_corrected,perfect_model_baseline,3.623643,3.623643,False,complete
2024-09-21 07:30:00,m8_xgb_corrected,perfect_model_baseline,2.946166,2.946166,False,complete
2024-09-21 07:45:00,m8_xgb_corrected,perfect_model_baseline,2.242216,2.242216,False,complete
2024-09-21 08:00:00,m8_xgb_corrected,perfect_model_baseline,2.018849,2.018849,False,complete
2024-09-21 08:15:00,m8_xgb_corrected,perfect_model_baseline,1.598358,1.598358,False,complete
2024-09-21 08:30:00,m8_xgb_corrected,perfect_model_baseline,-1.598358,-1.2786864,False,complete
2024-09-21 08:45:00,m8_xgb_corrected,perfect_model_baseline,-2.31106,-1.8488479999999998,False,complete
2024-09-21 09:00:00,m8_xgb_corrected,perfect_model_baseline,-2.894673,-2.3157384,False,complete
2024-09-21 09:15:00,m8_xgb_corrected,perfect_model_baseline,-3.385866,-2.7086928,False,complete
2024-09-21 09:30:00,m8_xgb_corrected,perfect_model_baseline,-4.248305,-3.398644,False,complete
2024-09-21 09:45:00,m8_xgb_corrected,perfect_model_baseline,-4.900849,-3.9206791999999995,False,complete
2024-09-21 10:00:00,m8_xgb_corrected,perfect_model_baseline,-5.612366,-4.4898928,False,complete
2024-09-21 10:15:00,m8_xgb_corrected,perfect_model_baseline,-5.78869,-4.630952,False,complete
2024-09-21 10:30:00,m8_xgb_corrected,perfect_model_baseline,-6.469517,-5.1756136,False,complete
2024-09-21 10:45:00,m8_xgb_corrected,perfect_model_baseline,-6.681972,-5.3455776,False,complete
2024-09-21 11:00:00,m8_xgb_corrected,perfect_model_baseline,-7.162437,-5.7299496,False,complete
2024-09-21 11:15:00,m8_xgb_corrected,perfect_model_baseline,-7.115132,-5.6921056000000005,False,complete
2024-09-21 11:30:00,m8_xgb_corrected,perfect_model_baseline,-7.115132,-5.6921056000000005,False,complete
2024-09-21 11:45:00,m8_xgb_corrected,perfect_model_baseline,-7.325841,-5.8606728,False,complete
2024-09-21 12:00:00,m8_xgb_corrected,perfect_model_baseline,-7.325841,-5.8606728,False,complete
2024-09-21 12:15:00,m8_xgb_corrected,perfect_model_baseline,-7.300596,-5.8404768,False,complete
2024-09-21 12:30:00,m8_xgb_corrected,perfect_model_baseline,-7.300596,-5.8404768,False,complete
2024-09-21 12:45:00,m8_xgb_corrected,perfect_model_baseline,-7.199456,-5.7595648,False,complete
2024-09-21 13:00:00,m8_xgb_corrected,perfect_model_baseline,-6.063136,-4.8505088,False,complete
2024-09-21 13:15:00,m8_xgb_corrected,perfect_model_baseline,-6.388214,-5.1105712,False,complete
2024-09-21 13:30:00,m8_xgb_corrected,perfect_model_baseline,-6.417929,-5.1343432,False,complete
2024-09-21 13:45:00,m8_xgb_corrected,perfect_model_baseline,-6.065688,-4.8525504,False,complete
2024-09-21 14:00:00,m8_xgb_corrected,perfect_model_baseline,-5.555271,-4.4442168,False,complete
2024-09-21 14:15:00,m8_xgb_corrected,perfect_model_baseline,-5.190353,-4.152282400000001,False,complete
2024-09-21 14:30:00,m8_xgb_corrected,perfect_model_baseline,-4.452826,-3.5622608000000002,False,complete
2024-09-21 14:45:00,m8_xgb_corrected,perfect_model_baseline,-3.799806,-3.0398447999999996,False,complete
2024-09-21 15:00:00,m8_xgb_corrected,perfect_model_baseline,-3.103595,-2.4828759999999996,False,complete
2024-09-21 15:15:00,m8_xgb_corrected,perfect_model_baseline,-2.488938,-1.9911504000000002,False,complete
2024-09-21 15:30:00,m8_xgb_corrected,perfect_model_baseline,-1.911239,-1.5289911999999999,False,complete
2024-09-21 15:45:00,m8_xgb_corrected,perfect_model_baseline,1.911239,1.911239,False,complete
2024-09-21 16:00:00,m8_xgb_corrected,perfect_model_baseline,1.911239,1.911239,False,complete
2024-09-21 16:15:00,m8_xgb_corrected,perfect_model_baseline,2.612664,2.612664,False,complete
2024-09-21 16:30:00,m8_xgb_corrected,perfect_model_baseline,4.152258,4.152258,False,complete
2024-09-21 16:45:00,m8_xgb_corrected,perfect_model_baseline,5.271748,5.271748,False,complete
2024-09-21 17:00:00,m8_xgb_corrected,perfect_model_baseline,5.998329,5.998329,False,complete
2024-09-21 17:15:00,m8_xgb_corrected,perfect_model_baseline,6.704423,6.704423,False,complete
2024-09-21 17:30:00,m8_xgb_corrected,perfect_model_baseline,7.805948,7.805948,False,complete
2024-09-21 17:45:00,m8_xgb_corrected,perfect_model_baseline,8.152333,8.152333,False,complete
2024-09-21 18:00:00,m8_xgb_corrected,perfect_model_baseline,8.659709,8.659709,False,complete
2024-09-21 18:15:00,m8_xgb_corrected,perfect_model_baseline,9.102704,9.102704,False,complete
2024-09-21 18:30:00,m8_xgb_corrected,perfect_model_baseline,9.102704,9.102704,False,complete
2024-09-21 18:45:00,m8_xgb_corrected,perfect_model_baseline,9.102704,9.102704,False,complete
2024-09-21 19:00:00,m8_xgb_corrected,perfect_model_baseline,9.102704,9.102704,False,complete
2024-09-21 19:15:00,m8_xgb_corrected,perfect_model_baseline,8.96735,8.96735,False,complete
2024-09-21 19:30:00,m8_xgb_corrected,perfect_model_baseline,8.855123,8.855123,False,complete
2024-09-21 19:45:00,m8_xgb_corrected,perfect_model_baseline,8.682545,8.682545,False,complete
2024-09-21 20:00:00,m8_xgb_corrected,perfect_model_baseline,8.458096,8.458096,False,complete
2024-09-21 20:15:00,m8_xgb_corrected,perfect_model_baseline,8.471477,8.471477,False,complete
2024-09-21 20:30:00,m8_xgb_corrected,perfect_model_baseline,8.308098,8.308098,False,complete
2024-09-21 20:45:00,m8_xgb_corrected,perfect_model_baseline,8.308098,8.308098,False,complete
2024-09-21 21:00:00,m8_xgb_corrected,perfect_model_baseline,8.308098,8.308098,False,complete
2024-09-21 21:15:00,m8_xgb_corrected,perfect_model_baseline,7.944979,7.944979,False,complete
2024-09-21 21:30:00,m8_xgb_corrected,perfect_model_baseline,7.781316,7.781316,False,complete
2024-09-21 21:45:00,m8_xgb_corrected,perfect_model_baseline,7.781316,7.781316,False,complete
2024-09-21 22:00:00,m8_xgb_corrected,perfect_model_baseline,7.781316,7.781316,False,complete
2024-09-21 22:15:00,m8_xgb_corrected,perfect_model_baseline,7.976152,7.976152,False,complete
2024-09-21 22:30:00,m8_xgb_corrected,perfect_model_baseline,7.976152,7.976152,False,complete
2024-09-21 22:45:00,m8_xgb_corrected,perfect_model_baseline,7.976152,7.976152,False,complete
2024-09-21 23:00:00,m8_xgb_corrected,perfect_model_baseline,7.976152,7.976152,False,complete
2024-09-21 23:15:00,m8_xgb_corrected,perfect_model_baseline,7.950665,7.950665,False,complete
2024-09-21 23:30:00,m8_xgb_corrected,perfect_model_baseline,7.950665,7.950665,False,complete
2024-09-21 23:45:00,m8_xgb_corrected,perfect_model_baseline,7.674299,7.674299,False,complete
2024-09-22 00:00:00,m8_xgb_corrected,perfect_model_baseline,7.674299,7.674299,False,complete
2024-09-22 00:15:00,m8_xgb_corrected,perfect_model_baseline,7.448335,7.448335,False,complete
2024-09-22 00:30:00,m8_xgb_corrected,perfect_model_baseline,7.362047,7.362047,False,complete
2024-09-22 00:45:00,m8_xgb_corrected,perfect_model_baseline,7.111701,7.111701,False,complete
2024-09-22 01:00:00,m8_xgb_corrected,perfect_model_baseline,7.111701,7.111701,False,complete
2024-09-22 01:15:00,m8_xgb_corrected,perfect_model_baseline,6.985351,6.985351,False,complete
2024-09-22 01:30:00,m8_xgb_corrected,perfect_model_baseline,6.683209,6.683209,False,complete
2024-09-22 01:45:00,m8_xgb_corrected,perfect_model_baseline,6.438552,6.438552,False,complete
2024-09-22 02:00:00,m8_xgb_corrected,perfect_model_baseline,6.438552,6.438552,False,complete
2024-09-22 02:15:00,m8_xgb_corrected,perfect_model_baseline,6.11843,6.11843,False,complete
2024-09-22 02:30:00,m8_xgb_corrected,perfect_model_baseline,6.014512,6.014512,False,complete
2024-09-22 02:45:00,m8_xgb_corrected,perfect_model_baseline,6.014512,6.014512,False,complete
2024-09-22 03:00:00,m8_xgb_corrected,perfect_model_baseline,6.014512,6.014512,False,complete
2024-09-22 03:15:00,m8_xgb_corrected,perfect_model_baseline,5.881642,5.881642,False,complete
2024-09-22 03:30:00,m8_xgb_corrected,perfect_model_baseline,5.763308,5.763308,False,complete
2024-09-22 03:45:00,m8_xgb_corrected,perfect_model_baseline,5.759566,5.759566,False,complete
2024-09-22 04:00:00,m8_xgb_corrected,perfect_model_baseline,5.568898,5.568898,False,complete
2024-09-22 04:15:00,m8_xgb_corrected,perfect_model_baseline,5.487205,5.487205,False,complete
2024-09-22 04:30:00,m8_xgb_corrected,perfect_model_baseline,5.487205,5.487205,False,complete
2024-09-22 04:45:00,m8_xgb_corrected,perfect_model_baseline,5.487205,5.487205,False,complete
2024-09-22 05:00:00,m8_xgb_corrected,perfect_model_baseline,5.487205,5.487205,False,complete
2024-09-22 05:15:00,m8_xgb_corrected,perfect_model_baseline,5.690297,5.690297,False,complete
2024-09-22 05:30:00,m8_xgb_corrected,perfect_model_baseline,5.690297,5.690297,False,complete
2024-09-22 05:45:00,m8_xgb_corrected,perfect_model_baseline,5.811686,5.811686,False,complete
2024-09-22 06:00:00,m8_xgb_corrected,perfect_model_baseline,5.811686,5.811686,False,complete
2024-09-22 06:15:00,m8_xgb_corrected,perfect_model_baseline,5.601134,5.601134,False,complete
2024-09-22 06:30:00,m8_xgb_corrected,perfect_model_baseline,5.006829,5.006829,False,complete
2024-09-22 06:45:00,m8_xgb_corrected,perfect_model_baseline,4.518824,4.518824,False,complete
2024-09-22 07:00:00,m8_xgb_corrected,perfect_model_baseline,3.737325,3.737325,False,complete
2024-09-22 07:15:00,m8_xgb_corrected,perfect_model_baseline,3.225114,3.225114,False,complete
2024-09-22 07:30:00,m8_xgb_corrected,perfect_model_baseline,2.469864,2.469864,False,complete
2024-09-22 07:45:00,m8_xgb_corrected,perfect_model_baseline,1.942017,1.942017,False,complete
2024-09-22 08:00:00,m8_xgb_corrected,perfect_model_baseline,-1.718552,-1.3748416,False,complete
2024-09-22 08:15:00,m8_xgb_corrected,perfect_model_baseline,-1.74507,-1.396056,False,complete
2024-09-22 08:30:00,m8_xgb_corrected,perfect_model_baseline,-1.873659,-1.4989272,False,complete
2024-09-22 08:45:00,m8_xgb_corrected,perfect_model_baseline,-2.382537,-1.9060296,False,complete
2024-09-22 09:00:00,m8_xgb_corrected,perfect_model_baseline,-3.010048,-2.4080384,False,complete
2024-09-22 09:15:00,m8_xgb_corrected,perfect_model_baseline,-3.510339,-2.8082712,False,complete
2024-09-22 09:30:00,m8_xgb_corrected,perfect_model_baseline,-4.361738,-3.4893904,False,complete
2024-09-22 09:45:00,m8_xgb_corrected,perfect_model_baseline,-5.038315,-4.030652,False,complete
2024-09-22 10:00:00,m8_xgb_corrected,perfect_model_baseline,-5.552953,-4.4423623999999995,False,complete
2024-09-22 10:15:00,m8_xgb_corrected,perfect_model_baseline,-5.819821,-4.6558568,False,complete
2024-09-22 10:30:00,m8_xgb_corrected,perfect_model_baseline,-6.368,-5.0944,False,complete
2024-09-22 10:45:00,m8_xgb_corrected,perfect_model_baseline,-6.368,-5.0944,False,complete
2024-09-22 11:00:00,m8_xgb_corrected,perfect_model_baseline,-6.811881,-5.4495048,False,complete
2024-09-22 11:15:00,m8_xgb_corrected,perfect_model_baseline,-7.054146,-5.6433168,False,complete
2024-09-22 11:30:00,m8_xgb_corrected,perfect_model_baseline,-7.054146,-5.6433168,False,complete
2024-09-22 11:45:00,m8_xgb_corrected,perfect_model_baseline,-7.226591,-5.7812728,False,complete
2024-09-22 12:00:00,m8_xgb_corrected,perfect_model_baseline,-7.012531,-5.610024800000001,False,complete
2024-09-22 12:15:00,m8_xgb_corrected,perfect_model_baseline,-6.846164,-5.4769312,False,complete
2024-09-22 12:30:00,m8_xgb_corrected,perfect_model_baseline,-6.365856,-5.0926848,False,complete
2024-09-22 12:45:00,m8_xgb_corrected,perfect_model_baseline,-6.706531,-5.3652248,False,complete
2024-09-22 13:00:00,m8_xgb_corrected,perfect_model_baseline,-6.597354,-5.277883200000001,False,complete
2024-09-22 13:15:00,m8_xgb_corrected,perfect_model_baseline,-6.476132,-5.1809056,False,complete
2024-09-22 13:30:00,m8_xgb_corrected,perfect_model_baseline,-6.337914,-5.0703312,False,complete
2024-09-22 13:45:00,m8_xgb_corrected,perfect_model_baseline,-5.492078,-4.3936624,False,complete
2024-09-22 14:00:00,m8_xgb_corrected,perfect_model_baseline,-5.158504,-4.1268032,False,complete
2024-09-22 14:15:00,m8_xgb_corrected,perfect_model_baseline,-4.737183,-3.7897464000000003,False,complete
2024-09-22 14:30:00,m8_xgb_corrected,perfect_model_baseline,-4.122855,-3.2982840000000007,False,complete
2024-09-22 14:45:00,m8_xgb_corrected,perfect_model_baseline,-3.430103,-2.7440824,False,complete
2024-09-22 15:00:00,m8_xgb_corrected,perfect_model_baseline,-2.574361,-2.0594888,False,complete
2024-09-22 15:15:00,m8_xgb_corrected,perfect_model_baseline,-1.757047,-1.4056376,False,complete
2024-09-22 15:30:00,m8_xgb_corrected,perfect_model_baseline,1.757047,1.757047,False,complete
2024-09-22 15:45:00,m8_xgb_corrected,perfect_model_baseline,1.757047,1.757047,False,complete
2024-09-22 16:00:00,m8_xgb_corrected,perfect_model_baseline,2.348981,2.348981,False,complete
2024-09-22 16:15:00,m8_xgb_corrected,perfect_model_baseline,3.412319,3.412319,False,complete
2024-09-22 16:30:00,m8_xgb_corrected,perfect_model_baseline,4.403154,4.403154,False,complete
2024-09-22 16:45:00,m8_xgb_corrected,perfect_model_baseline,5.617927,5.617927,False,complete
2024-09-22 17:00:00,m8_xgb_corrected,perfect_model_baseline,6.806347,6.806347,False,complete
2024-09-22 17:15:00,m8_xgb_corrected,perfect_model_baseline,7.701844,7.701844,False,complete
2024-09-22 17:30:00,m8_xgb_corrected,perfect_model_baseline,8.54616,8.54616,False,complete
2024-09-22 17:45:00,m8_xgb_corrected,perfect_model_baseline,9.234896,9.234896,False,complete
2024-09-22 18:00:00,m8_xgb_corrected,perfect_model_baseline,9.458558,9.458558,False,complete
2024-09-22 18:15:00,m8_xgb_corrected,perfect_model_baseline,9.994154,9.994154,False,complete
2024-09-22 18:30:00,m8_xgb_corrected,perfect_model_baseline,9.994154,9.994154,False,complete
2024-09-22 18:45:00,m8_xgb_corrected,perfect_model_baseline,9.794874,9.794874,False,complete
2024-09-22 19:00:00,m8_xgb_corrected,perfect_model_baseline,9.57594,9.57594,False,complete
2024-09-22 19:15:00,m8_xgb_corrected,perfect_model_baseline,9.633864,9.633864,False,complete
2024-09-22 19:30:00,m8_xgb_corrected,perfect_model_baseline,9.468423,9.468423,False,complete
2024-09-22 19:45:00,m8_xgb_corrected,perfect_model_baseline,9.1744,9.1744,False,complete
2024-09-22 20:00:00,m8_xgb_corrected,perfect_model_baseline,8.957707,8.957707,False,complete
2024-09-22 20:15:00,m8_xgb_corrected,perfect_model_baseline,8.734362,8.734362,False,complete
2024-09-22 20:30:00,m8_xgb_corrected,perfect_model_baseline,8.734362,8.734362,False,complete
2024-09-22 20:45:00,m8_xgb_corrected,perfect_model_baseline,8.491908,8.491908,False,complete
2024-09-22 21:00:00,m8_xgb_corrected,perfect_model_baseline,8.259006,8.259006,False,complete
2024-09-22 21:15:00,m8_xgb_corrected,perfect_model_baseline,8.248014,8.248014,False,complete
2024-09-22 21:30:00,m8_xgb_corrected,perfect_model_baseline,8.091533,8.091533,False,complete
2024-09-22 21:45:00,m8_xgb_corrected,perfect_model_baseline,8.091533,8.091533,False,complete
2024-09-22 22:00:00,m8_xgb_corrected,perfect_model_baseline,8.091533,8.091533,False,complete
2024-09-22 22:15:00,m8_xgb_corrected,perfect_model_baseline,8.03362,8.03362,False,complete
2024-09-22 22:30:00,m8_xgb_corrected,perfect_model_baseline,7.86089,7.86089,False,complete
2024-09-22 22:45:00,m8_xgb_corrected,perfect_model_baseline,7.86089,7.86089,False,complete
2024-09-22 23:00:00,m8_xgb_corrected,perfect_model_baseline,7.567124,7.567124,False,complete
2024-09-22 23:15:00,m8_xgb_corrected,perfect_model_baseline,7.814604,7.814604,False,complete
2024-09-22 23:30:00,m8_xgb_corrected,perfect_model_baseline,7.597984,7.597984,False,complete
2024-09-22 23:45:00,m8_xgb_corrected,perfect_model_baseline,7.32881,7.32881,False,complete
2024-09-23 00:00:00,m8_xgb_corrected,perfect_model_baseline,7.32881,7.32881,False,complete
2024-09-23 00:15:00,m8_xgb_corrected,perfect_model_baseline,7.3104,7.3104,False,complete
2024-09-23 00:30:00,m8_xgb_corrected,perfect_model_baseline,7.3104,7.3104,False,complete
2024-09-23 00:45:00,m8_xgb_corrected,perfect_model_baseline,7.138351,7.138351,False,complete
2024-09-23 01:00:00,m8_xgb_corrected,perfect_model_baseline,7.138351,7.138351,False,complete
2024-09-23 01:15:00,m8_xgb_corrected,perfect_model_baseline,6.942954,6.942954,False,complete
2024-09-23 01:30:00,m8_xgb_corrected,perfect_model_baseline,6.424438,6.424438,False,complete
2024-09-23 01:45:00,m8_xgb_corrected,perfect_model_baseline,6.424438,6.424438,False,complete
2024-09-23 02:00:00,m8_xgb_corrected,perfect_model_baseline,6.200482,6.200482,False,complete
2024-09-23 02:15:00,m8_xgb_corrected,perfect_model_baseline,6.138571,6.138571,False,complete
2024-09-23 02:30:00,m8_xgb_corrected,perfect_model_baseline,6.017548,6.017548,False,complete
2024-09-23 02:45:00,m8_xgb_corrected,perfect_model_baseline,6.017548,6.017548,False,complete
2024-09-23 03:00:00,m8_xgb_corrected,perfect_model_baseline,6.017548,6.017548,False,complete
2024-09-23 03:15:00,m8_xgb_corrected,perfect_model_baseline,5.798305,5.798305,False,complete
2024-09-23 03:30:00,m8_xgb_corrected,perfect_model_baseline,5.712128,5.712128,False,complete
2024-09-23 03:45:00,m8_xgb_corrected,perfect_model_baseline,5.712128,5.712128,False,complete
2024-09-23 04:00:00,m8_xgb_corrected,perfect_model_baseline,5.712128,5.712128,False,complete
2024-09-23 04:15:00,m8_xgb_corrected,perfect_model_baseline,5.593985,5.593985,False,complete
2024-09-23 04:30:00,m8_xgb_corrected,perfect_model_baseline,5.593985,5.593985,False,complete
2024-09-23 04:45:00,m8_xgb_corrected,perfect_model_baseline,5.593985,5.593985,False,complete
2024-09-23 05:00:00,m8_xgb_corrected,perfect_model_baseline,5.593985,5.593985,False,complete
2024-09-23 05:15:00,m8_xgb_corrected,perfect_model_baseline,5.957133,5.957133,False,complete
2024-09-23 05:30:00,m8_xgb_corrected,perfect_model_baseline,5.957133,5.957133,False,complete
2024-09-23 05:45:00,m8_xgb_corrected,perfect_model_baseline,5.957133,5.957133,False,complete
2024-09-23 06:00:00,m8_xgb_corrected,perfect_model_baseline,6.172005,6.172005,False,complete
2024-09-23 06:15:00,m8_xgb_corrected,perfect_model_baseline,6.191438,6.191438,False,complete
2024-09-23 06:30:00,m8_xgb_corrected,perfect_model_baseline,6.044874,6.044874,False,complete
2024-09-23 06:45:00,m8_xgb_corrected,perfect_model_baseline,5.28118,5.28118,False,complete
2024-09-23 07:00:00,m8_xgb_corrected,perfect_model_baseline,4.588136,4.588136,False,complete
2024-09-23 07:15:00,m8_xgb_corrected,perfect_model_baseline,3.868244,3.868244,False,complete
2024-09-23 07:30:00,m8_xgb_corrected,perfect_model_baseline,3.072877,3.072877,False,complete
2024-09-23 07:45:00,m8_xgb_corrected,perfect_model_baseline,2.070497,2.070497,False,complete
2024-09-23 08:00:00,m8_xgb_corrected,perfect_model_baseline,2.070497,2.070497,False,complete
2024-09-23 08:15:00,m8_xgb_corrected,perfect_model_baseline,1.989805,1.989805,False,complete
2024-09-23 08:30:00,m8_xgb_corrected,perfect_model_baseline,-1.989805,-1.591844,False,complete
2024-09-23 08:45:00,m8_xgb_corrected,perfect_model_baseline,-2.601288,-2.0810304,False,complete
2024-09-23 09:00:00,m8_xgb_corrected,perfect_model_baseline,-3.376506,-2.7012048,False,complete
2024-09-23 09:15:00,m8_xgb_corrected,perfect_model_baseline,-4.048626,-3.2389007999999997,False,complete
2024-09-23 09:30:00,m8_xgb_corrected,perfect_model_baseline,-4.983896,-3.9871168000000003,False,complete
2024-09-23 09:45:00,m8_xgb_corrected,perfect_model_baseline,-5.485096,-4.3880768,False,complete
2024-09-23 10:00:00,m8_xgb_corrected,perfect_model_baseline,-5.92937,-4.7434959999999995,False,complete
2024-09-23 10:15:00,m8_xgb_corrected,perfect_model_baseline,-6.240825,-4.99266,False,complete
2024-09-23 10:30:00,m8_xgb_corrected,perfect_model_baseline,-6.799804,-5.4398432,False,complete
2024-09-23 10:45:00,m8_xgb_corrected,perfect_model_baseline,-6.933235,-5.546588,False,complete
2024-09-23 11:00:00,m8_xgb_corrected,perfect_model_baseline,-7.455957,-5.9647656,False,complete
2024-09-23 11:15:00,m8_xgb_corrected,perfect_model_baseline,-7.401493,-5.921194400000001,False,complete
2024-09-23 11:30:00,m8_xgb_corrected,perfect_model_baseline,-7.580399,-6.0643192,False,complete
2024-09-23 11:45:00,m8_xgb_corrected,perfect_model_baseline,-7.570047,-6.0560376,False,complete
2024-09-23 12:00:00,m8_xgb_corrected,perfect_model_baseline,-7.570047,-6.0560376,False,complete
2024-09-23 12:15:00,m8_xgb_corrected,perfect_model_baseline,-7.546422,-6.037137599999999,False,complete
2024-09-23 12:30:00,m8_xgb_corrected,perfect_model_baseline,-7.427303,-5.9418424000000005,False,complete
2024-09-23 12:45:00,m8_xgb_corrected,perfect_model_baseline,-7.231628,-5.7853024,False,complete
2024-09-23 13:00:00,m8_xgb_corrected,perfect_model_baseline,-6.789222,-5.4313776,False,complete
2024-09-23 13:15:00,m8_xgb_corrected,perfect_model_baseline,-6.825679,-5.4605432,False,complete
2024-09-23 13:30:00,m8_xgb_corrected,perfect_model_baseline,-6.621673,-5.2973384,False,complete
2024-09-23 13:45:00,m8_xgb_corrected,perfect_model_baseline,-5.997976,-4.7983808,False,complete
2024-09-23 14:00:00,m8_xgb_corrected,perfect_model_baseline,-5.457145,-4.365716,False,complete
2024-09-23 14:15:00,m8_xgb_corrected,perfect_model_baseline,-4.927861,-3.9422888,False,complete
2024-09-23 14:30:00,m8_xgb_corrected,perfect_model_baseline,-4.353054,-3.4824432000000005,False,complete
2024-09-23 14:45:00,m8_xgb_corrected,perfect_model_baseline,-3.70038,-2.960304,False,complete
2024-09-23 15:00:00,m8_xgb_corrected,perfect_model_baseline,-2.729767,-2.1838135999999997,False,complete
2024-09-23 15:15:00,m8_xgb_corrected,perfect_model_baseline,-1.772014,-1.4176112,False,complete
2024-09-23 15:30:00,m8_xgb_corrected,perfect_model_baseline,-1.531047,-1.2248376,False,complete
2024-09-23 15:45:00,m8_xgb_corrected,perfect_model_baseline,1.531047,1.531047,False,complete
2024-09-23 16:00:00,m8_xgb_corrected,perfect_model_baseline,2.213105,2.213105,False,complete
2024-09-23 16:15:00,m8_xgb_corrected,perfect_model_baseline,3.500348,3.500348,False,complete
2024-09-23 16:30:00,m8_xgb_corrected,perfect_model_baseline,4.577646,4.577646,False,complete
2024-09-23 16:45:00,m8_xgb_corrected,perfect_model_baseline,5.762485,5.762485,False,complete
2024-09-23 17:00:00,m8_xgb_corrected,perfect_model_baseline,6.837753,6.837753,False,complete
2024-09-23 17:15:00,m8_xgb_corrected,perfect_model_baseline,7.581233,7.581233,False,complete
2024-09-23 17:30:00,m8_xgb_corrected,perfect_model_baseline,8.467048,8.467048,False,complete
2024-09-23 17:45:00,m8_xgb_corrected,perfect_model_baseline,9.304914,9.304914,False,complete
2024-09-23 18:00:00,m8_xgb_corrected,perfect_model_baseline,9.529658,9.529658,False,complete
2024-09-23 18:15:00,m8_xgb_corrected,perfect_model_baseline,9.981888,9.981888,False,complete
2024-09-23 18:30:00,m8_xgb_corrected,perfect_model_baseline,10.224148,10.224148,False,complete
2024-09-23 18:45:00,m8_xgb_corrected,perfect_model_baseline,10.000092,10.000092,False,complete
2024-09-23 19:00:00,m8_xgb_corrected,perfect_model_baseline,10.000092,10.000092,False,complete
2024-09-23 19:15:00,m8_xgb_corrected,perfect_model_baseline,9.751215,9.751215,False,complete
2024-09-23 19:30:00,m8_xgb_corrected,perfect_model_baseline,9.587336,9.587336,False,complete
2024-09-23 19:45:00,m8_xgb_corrected,perfect_model_baseline,9.35159,9.35159,False,complete
2024-09-23 20:00:00,m8_xgb_corrected,perfect_model_baseline,9.182755,9.182755,False,complete
2024-09-23 20:15:00,m8_xgb_corrected,perfect_model_baseline,8.887432,8.887432,False,complete
2024-09-23 20:30:00,m8_xgb_corrected,perfect_model_baseline,8.714322,8.714322,False,complete
2024-09-23 20:45:00,m8_xgb_corrected,perfect_model_baseline,8.714322,8.714322,False,complete
2024-09-23 21:00:00,m8_xgb_corrected,perfect_model_baseline,8.484045,8.484045,False,complete
2024-09-23 21:15:00,m8_xgb_corrected,perfect_model_baseline,8.203006,8.203006,False,complete
2024-09-23 21:30:00,m8_xgb_corrected,perfect_model_baseline,8.07249,8.07249,False,complete
2024-09-23 21:45:00,m8_xgb_corrected,perfect_model_baseline,7.846364,7.846364,False,complete
2024-09-23 22:00:00,m8_xgb_corrected,perfect_model_baseline,7.846364,7.846364,False,complete
2024-09-23 22:15:00,m8_xgb_corrected,perfect_model_baseline,7.910962,7.910962,False,complete
2024-09-23 22:30:00,m8_xgb_corrected,perfect_model_baseline,7.981997,7.981997,False,complete
2024-09-23 22:45:00,m8_xgb_corrected,perfect_model_baseline,7.756467,7.756467,False,complete
2024-09-23 23:00:00,m8_xgb_corrected,perfect_model_baseline,7.756467,7.756467,False,complete
2024-09-23 23:15:00,m8_xgb_corrected,perfect_model_baseline,7.799843,7.799843,False,complete
2024-09-23 23:30:00,m8_xgb_corrected,perfect_model_baseline,7.63496,7.63496,False,complete
2024-09-23 23:45:00,m8_xgb_corrected,perfect_model_baseline,7.63496,7.63496,False,complete
2024-09-24 00:00:00,m8_xgb_corrected,perfect_model_baseline,7.63496,7.63496,False,complete
2024-09-24 00:15:00,m8_xgb_corrected,perfect_model_baseline,7.472299,7.472299,False,complete
2024-09-24 00:30:00,m8_xgb_corrected,perfect_model_baseline,7.385324,7.385324,False,complete
2024-09-24 00:45:00,m8_xgb_corrected,perfect_model_baseline,7.167806,7.167806,False,complete
2024-09-24 01:00:00,m8_xgb_corrected,perfect_model_baseline,7.167806,7.167806,False,complete
2024-09-24 01:15:00,m8_xgb_corrected,perfect_model_baseline,6.874758,6.874758,False,complete
2024-09-24 01:30:00,m8_xgb_corrected,perfect_model_baseline,6.62886,6.62886,False,complete
2024-09-24 01:45:00,m8_xgb_corrected,perfect_model_baseline,6.405691,6.405691,False,complete
2024-09-24 02:00:00,m8_xgb_corrected,perfect_model_baseline,6.181415,6.181415,False,complete
2024-09-24 02:15:00,m8_xgb_corrected,perfect_model_baseline,6.005186,6.005186,False,complete
2024-09-24 02:30:00,m8_xgb_corrected,perfect_model_baseline,6.005186,6.005186,False,complete
2024-09-24 02:45:00,m8_xgb_corrected,perfect_model_baseline,6.005186,6.005186,False,complete
2024-09-24 03:00:00,m8_xgb_corrected,perfect_model_baseline,5.772617,5.772617,False,complete
2024-09-24 03:15:00,m8_xgb_corrected,perfect_model_baseline,5.812012,5.812012,False,complete
2024-09-24 03:30:00,m8_xgb_corrected,perfect_model_baseline,5.812012,5.812012,False,complete
2024-09-24 03:45:00,m8_xgb_corrected,perfect_model_baseline,5.812012,5.812012,False,complete
2024-09-24 04:00:00,m8_xgb_corrected,perfect_model_baseline,5.812012,5.812012,False,complete
2024-09-24 04:15:00,m8_xgb_corrected,perfect_model_baseline,5.614908,5.614908,False,complete
2024-09-24 04:30:00,m8_xgb_corrected,perfect_model_baseline,5.614908,5.614908,False,complete
2024-09-24 04:45:00,m8_xgb_corrected,perfect_model_baseline,5.614908,5.614908,False,complete
2024-09-24 05:00:00,m8_xgb_corrected,perfect_model_baseline,5.614908,5.614908,False,complete
2024-09-24 05:15:00,m8_xgb_corrected,perfect_model_baseline,5.963146,5.963146,False,complete
2024-09-24 05:30:00,m8_xgb_corrected,perfect_model_baseline,5.963146,5.963146,False,complete
2024-09-24 05:45:00,m8_xgb_corrected,perfect_model_baseline,5.963146,5.963146,False,complete
2024-09-24 06:00:00,m8_xgb_corrected,perfect_model_baseline,5.963146,5.963146,False,complete
2024-09-24 06:15:00,m8_xgb_corrected,perfect_model_baseline,6.089136,6.089136,False,complete
2024-09-24 06:30:00,m8_xgb_corrected,perfect_model_baseline,5.521523,5.521523,False,complete
2024-09-24 06:45:00,m8_xgb_corrected,perfect_model_baseline,4.69248,4.69248,False,complete
2024-09-24 07:00:00,m8_xgb_corrected,perfect_model_baseline,4.844885,4.844885,False,complete
2024-09-24 07:15:00,m8_xgb_corrected,perfect_model_baseline,4.922935,4.922935,False,complete
2024-09-24 07:30:00,m8_xgb_corrected,perfect_model_baseline,4.07172,4.07172,False,complete
2024-09-24 07:45:00,m8_xgb_corrected,perfect_model_baseline,3.535613,3.535613,False,complete
2024-09-24 08:00:00,m8_xgb_corrected,perfect_model_baseline,2.530258,2.530258,False,complete
2024-09-24 08:15:00,m8_xgb_corrected,perfect_model_baseline,2.050875,2.050875,False,complete
2024-09-24 08:30:00,m8_xgb_corrected,perfect_model_baseline,2.287282,2.287282,False,complete
2024-09-24 08:45:00,m8_xgb_corrected,perfect_model_baseline,1.897086,1.897086,False,complete
2024-09-24 09:00:00,m8_xgb_corrected,perfect_model_baseline,-1.860049,-1.4880392000000002,False,complete
2024-09-24 09:15:00,m8_xgb_corrected,perfect_model_baseline,-2.830731,-2.2645848,False,complete
2024-09-24 09:30:00,m8_xgb_corrected,perfect_model_baseline,-3.814328,-3.0514624,False,complete
2024-09-24 09:45:00,m8_xgb_corrected,perfect_model_baseline,-4.867734,-3.8941871999999997,False,complete
2024-09-24 10:00:00,m8_xgb_corrected,perfect_model_baseline,-4.709795,-3.7678360000000004,False,complete
2024-09-24 10:15:00,m8_xgb_corrected,perfect_model_baseline,-5.659966,-4.5279728,False,complete
2024-09-24 10:30:00,m8_xgb_corrected,perfect_model_baseline,-4.230643,-3.3845143999999996,False,complete
2024-09-24 10:45:00,m8_xgb_corrected,perfect_model_baseline,-4.453319,-3.562655199999999,False,complete
2024-09-24 11:00:00,m8_xgb_corrected,perfect_model_baseline,-2.556932,-2.0455456,False,complete
2024-09-24 11:15:00,m8_xgb_corrected,perfect_model_baseline,-5.826739,-4.661391200000001,False,complete
2024-09-24 11:30:00,m8_xgb_corrected,perfect_model_baseline,-5.401349,-4.3210792,False,complete
2024-09-24 11:45:00,m8_xgb_corrected,perfect_model_baseline,-4.413378,-3.5307024,False,complete
2024-09-24 12:00:00,m8_xgb_corrected,perfect_model_baseline,-4.487985,-3.5903880000000004,False,complete
2024-09-24 12:15:00,m8_xgb_corrected,perfect_model_baseline,-3.168412,-2.5347296000000004,False,complete
2024-09-24 12:30:00,m8_xgb_corrected,perfect_model_baseline,-2.510739,-2.0085912,False,complete
2024-09-24 12:45:00,m8_xgb_corrected,perfect_model_baseline,-3.413151,-2.7305208,False,complete
2024-09-24 13:00:00,m8_xgb_corrected,perfect_model_baseline,-2.564168,-2.0513344,False,complete
2024-09-24 13:15:00,m8_xgb_corrected,perfect_model_baseline,-1.93681,-1.549448,False,complete
2024-09-24 13:30:00,m8_xgb_corrected,perfect_model_baseline,-1.93681,-1.549448,False,complete
2024-09-24 13:45:00,m8_xgb_corrected,perfect_model_baseline,-1.871383,-1.4971064,False,complete
2024-09-24 14:00:00,m8_xgb_corrected,perfect_model_baseline,-1.453887,-1.1631095999999999,False,complete
2024-09-24 14:15:00,m8_xgb_corrected,perfect_model_baseline,1.583451,1.583451,False,complete
2024-09-24 14:30:00,m8_xgb_corrected,perfect_model_baseline,2.695884,2.695884,False,complete
2024-09-24 14:45:00,m8_xgb_corrected,perfect_model_baseline,2.530519,2.530519,False,complete
2024-09-24 15:00:00,m8_xgb_corrected,perfect_model_baseline,1.823846,1.823846,False,complete
2024-09-24 15:15:00,m8_xgb_corrected,perfect_model_baseline,2.979171,2.979171,False,complete
2024-09-24 15:30:00,m8_xgb_corrected,perfect_model_baseline,4.360745,4.360745,False,complete
2024-09-24 15:45:00,m8_xgb_corrected,perfect_model_baseline,5.16398,5.16398,False,complete
2024-09-24 16:00:00,m8_xgb_corrected,perfect_model_baseline,5.714262,5.714262,False,complete
2024-09-24 16:15:00,m8_xgb_corrected,perfect_model_baseline,6.032474,6.032474,False,complete
2024-09-24 16:30:00,m8_xgb_corrected,perfect_model_baseline,6.696221,6.696221,False,complete
2024-09-24 16:45:00,m8_xgb_corrected,perfect_model_baseline,7.56909,7.56909,False,complete
2024-09-24 17:00:00,m8_xgb_corrected,perfect_model_baseline,7.632205,7.632205,False,complete
2024-09-24 17:15:00,m8_xgb_corrected,perfect_model_baseline,7.666404,7.666404,False,complete
2024-09-24 17:30:00,m8_xgb_corrected,perfect_model_baseline,8.659238,8.659238,False,complete
2024-09-24 17:45:00,m8_xgb_corrected,perfect_model_baseline,8.954216,8.954216,False,complete
2024-09-24 18:00:00,m8_xgb_corrected,perfect_model_baseline,9.52494,9.52494,False,complete
2024-09-24 18:15:00,m8_xgb_corrected,perfect_model_baseline,10.029065,10.029065,False,complete
2024-09-24 18:30:00,m8_xgb_corrected,perfect_model_baseline,10.029065,10.029065,False,complete
2024-09-24 18:45:00,m8_xgb_corrected,perfect_model_baseline,10.029065,10.029065,False,complete
2024-09-24 19:00:00,m8_xgb_corrected,perfect_model_baseline,9.8126,9.8126,False,complete
2024-09-24 19:15:00,m8_xgb_corrected,perfect_model_baseline,9.551767,9.551767,False,complete
2024-09-24 19:30:00,m8_xgb_corrected,perfect_model_baseline,9.551767,9.551767,False,complete
2024-09-24 19:45:00,m8_xgb_corrected,perfect_model_baseline,9.091463,9.091463,False,complete
2024-09-24 20:00:00,m8_xgb_corrected,perfect_model_baseline,8.867408,8.867408,False,complete
2024-09-24 20:15:00,m8_xgb_corrected,perfect_model_baseline,8.688102,8.688102,False,complete
2024-09-24 20:30:00,m8_xgb_corrected,perfect_model_baseline,8.688102,8.688102,False,complete
2024-09-24 20:45:00,m8_xgb_corrected,perfect_model_baseline,8.479574,8.479574,False,complete
2024-09-24 21:00:00,m8_xgb_corrected,perfect_model_baseline,8.479574,8.479574,False,complete
2024-09-24 21:15:00,m8_xgb_corrected,perfect_model_baseline,8.073374,8.073374,False,complete
2024-09-24 21:30:00,m8_xgb_corrected,perfect_model_baseline,8.073374,8.073374,False,complete
2024-09-24 21:45:00,m8_xgb_corrected,perfect_model_baseline,8.073374,8.073374,False,complete
2024-09-24 22:00:00,m8_xgb_corrected,perfect_model_baseline,7.941416,7.941416,False,complete
2024-09-24 22:15:00,m8_xgb_corrected,perfect_model_baseline,8.119015,8.119015,False,complete
2024-09-24 22:30:00,m8_xgb_corrected,perfect_model_baseline,8.119015,8.119015,False,complete
2024-09-24 22:45:00,m8_xgb_corrected,perfect_model_baseline,7.905465,7.905465,False,complete
2024-09-24 23:00:00,m8_xgb_corrected,perfect_model_baseline,7.725052,7.725052,False,complete
2024-09-24 23:15:00,m8_xgb_corrected,perfect_model_baseline,7.969295,7.969295,False,complete
2024-09-24 23:30:00,m8_xgb_corrected,perfect_model_baseline,7.969295,7.969295,False,complete
2024-09-24 23:45:00,m8_xgb_corrected,perfect_model_baseline,7.676559,7.676559,False,complete
2024-09-25 00:00:00,m8_xgb_corrected,perfect_model_baseline,7.676559,7.676559,False,complete
2024-09-25 00:15:00,m8_xgb_corrected,perfect_model_baseline,7.365247,7.365247,False,complete
2024-09-25 00:30:00,m8_xgb_corrected,perfect_model_baseline,7.064072,7.064072,False,complete
2024-09-25 00:45:00,m8_xgb_corrected,perfect_model_baseline,7.064072,7.064072,False,complete
2024-09-25 01:00:00,m8_xgb_corrected,perfect_model_baseline,7.064072,7.064072,False,complete
2024-09-25 01:15:00,m8_xgb_corrected,perfect_model_baseline,6.891699,6.891699,False,complete
2024-09-25 01:30:00,m8_xgb_corrected,perfect_model_baseline,6.650727,6.650727,False,complete
2024-09-25 01:45:00,m8_xgb_corrected,perfect_model_baseline,6.392989,6.392989,False,complete
2024-09-25 02:00:00,m8_xgb_corrected,perfect_model_baseline,6.392989,6.392989,False,complete
2024-09-25 02:15:00,m8_xgb_corrected,perfect_model_baseline,6.142905,6.142905,False,complete
2024-09-25 02:30:00,m8_xgb_corrected,perfect_model_baseline,5.970325,5.970325,False,complete
2024-09-25 02:45:00,m8_xgb_corrected,perfect_model_baseline,5.970325,5.970325,False,complete
2024-09-25 03:00:00,m8_xgb_corrected,perfect_model_baseline,5.739419,5.739419,False,complete
2024-09-25 03:15:00,m8_xgb_corrected,perfect_model_baseline,5.605046,5.605046,False,complete
2024-09-25 03:30:00,m8_xgb_corrected,perfect_model_baseline,5.605046,5.605046,False,complete
2024-09-25 03:45:00,m8_xgb_corrected,perfect_model_baseline,5.605046,5.605046,False,complete
2024-09-25 04:00:00,m8_xgb_corrected,perfect_model_baseline,5.605046,5.605046,False,complete
2024-09-25 04:15:00,m8_xgb_corrected,perfect_model_baseline,5.661766,5.661766,False,complete
2024-09-25 04:30:00,m8_xgb_corrected,perfect_model_baseline,5.661766,5.661766,False,complete
2024-09-25 04:45:00,m8_xgb_corrected,perfect_model_baseline,5.661766,5.661766,False,complete
2024-09-25 05:00:00,m8_xgb_corrected,perfect_model_baseline,5.661766,5.661766,False,complete
2024-09-25 05:15:00,m8_xgb_corrected,perfect_model_baseline,5.94566,5.94566,False,complete
2024-09-25 05:30:00,m8_xgb_corrected,perfect_model_baseline,5.94566,5.94566,False,complete
2024-09-25 05:45:00,m8_xgb_corrected,perfect_model_baseline,5.94566,5.94566,False,complete
2024-09-25 06:00:00,m8_xgb_corrected,perfect_model_baseline,6.178846,6.178846,False,complete
2024-09-25 06:15:00,m8_xgb_corrected,perfect_model_baseline,6.476783,6.476783,False,complete
2024-09-25 06:30:00,m8_xgb_corrected,perfect_model_baseline,6.663948,6.663948,False,complete
2024-09-25 06:45:00,m8_xgb_corrected,perfect_model_baseline,6.663948,6.663948,False,complete
2024-09-25 07:00:00,m8_xgb_corrected,perfect_model_baseline,6.498516,6.498516,False,complete
2024-09-25 07:15:00,m8_xgb_corrected,perfect_model_baseline,5.95957,5.95957,False,complete
2024-09-25 07:30:00,m8_xgb_corrected,perfect_model_baseline,6.349567,6.349567,False,complete
2024-09-25 07:45:00,m8_xgb_corrected,perfect_model_baseline,6.27454,6.27454,False,complete
2024-09-25 08:00:00,m8_xgb_corrected,perfect_model_baseline,5.464299,5.464299,False,complete
2024-09-25 08:15:00,m8_xgb_corrected,perfect_model_baseline,5.544016,5.544016,False,complete
2024-09-25 08:30:00,m8_xgb_corrected,perfect_model_baseline,5.971197,5.971197,False,complete
2024-09-25 08:45:00,m8_xgb_corrected,perfect_model_baseline,6.528148,6.528148,False,complete
2024-09-25 09:00:00,m8_xgb_corrected,perfect_model_baseline,5.622834,5.622834,False,complete
2024-09-25 09:15:00,m8_xgb_corrected,perfect_model_baseline,5.301888,5.301888,False,complete
2024-09-25 09:30:00,m8_xgb_corrected,perfect_model_baseline,4.202118,4.202118,False,complete
2024-09-25 09:45:00,m8_xgb_corrected,perfect_model_baseline,5.046296,5.046296,False,complete
2024-09-25 10:00:00,m8_xgb_corrected,perfect_model_baseline,5.270646,5.270646,False,complete
2024-09-25 10:15:00,m8_xgb_corrected,perfect_model_baseline,5.846995,5.846995,False,complete
2024-09-25 10:30:00,m8_xgb_corrected,perfect_model_baseline,4.961074,4.961074,False,complete
2024-09-25 10:45:00,m8_xgb_corrected,perfect_model_baseline,2.29531,2.29531,False,complete
2024-09-25 11:00:00,m8_xgb_corrected,perfect_model_baseline,2.222041,2.222041,False,complete
2024-09-25 11:15:00,m8_xgb_corrected,perfect_model_baseline,1.407884,1.407884,False,complete
2024-09-25 11:30:00,m8_xgb_corrected,perfect_model_baseline,2.325775,2.325775,False,complete
2024-09-25 11:45:00,m8_xgb_corrected,perfect_model_baseline,1.715012,1.715012,False,complete
2024-09-25 12:00:00,m8_xgb_corrected,perfect_model_baseline,2.37105,2.37105,False,complete
2024-09-25 12:15:00,m8_xgb_corrected,perfect_model_baseline,3.297634,3.297634,False,complete
2024-09-25 12:30:00,m8_xgb_corrected,perfect_model_baseline,5.441793,5.441793,False,complete
2024-09-25 12:45:00,m8_xgb_corrected,perfect_model_baseline,6.911098,6.911098,False,complete
2024-09-25 13:00:00,m8_xgb_corrected,perfect_model_baseline,5.44232,5.44232,False,complete
2024-09-25 13:15:00,m8_xgb_corrected,perfect_model_baseline,2.01467,2.01467,False,complete
2024-09-25 13:30:00,m8_xgb_corrected,perfect_model_baseline,2.589174,2.589174,False,complete
2024-09-25 13:45:00,m8_xgb_corrected,perfect_model_baseline,6.211157,6.211157,False,complete
2024-09-25 14:00:00,m8_xgb_corrected,perfect_model_baseline,4.261666,4.261666,False,complete
2024-09-25 14:15:00,m8_xgb_corrected,perfect_model_baseline,3.532303,3.532303,False,complete
2024-09-25 14:30:00,m8_xgb_corrected,perfect_model_baseline,2.909088,2.909088,False,complete
2024-09-25 14:45:00,m8_xgb_corrected,perfect_model_baseline,2.083272,2.083272,False,complete
2024-09-25 15:00:00,m8_xgb_corrected,perfect_model_baseline,1.701108,1.701108,False,complete
2024-09-25 15:15:00,m8_xgb_corrected,perfect_model_baseline,2.30945,2.30945,False,complete
2024-09-25 15:30:00,m8_xgb_corrected,perfect_model_baseline,4.521613,4.521613,False,complete
2024-09-25 15:45:00,m8_xgb_corrected,perfect_model_baseline,4.041833,4.041833,False,complete
2024-09-25 16:00:00,m8_xgb_corrected,perfect_model_baseline,5.847597,5.847597,False,complete
2024-09-25 16:15:00,m8_xgb_corrected,perfect_model_baseline,4.893353,4.893353,False,complete
2024-09-25 16:30:00,m8_xgb_corrected,perfect_model_baseline,7.034026,7.034026,False,complete
2024-09-25 16:45:00,m8_xgb_corrected,perfect_model_baseline,7.034026,7.034026,False,complete
2024-09-25 17:00:00,m8_xgb_corrected,perfect_model_baseline,7.776564,7.776564,False,complete
2024-09-25 17:15:00,m8_xgb_corrected,perfect_model_baseline,8.498938,8.498938,False,complete
2024-09-25 17:30:00,m8_xgb_corrected,perfect_model_baseline,8.794645,8.794645,False,complete
2024-09-25 17:45:00,m8_xgb_corrected,perfect_model_baseline,9.486432,9.486432,False,complete
2024-09-25 18:00:00,m8_xgb_corrected,perfect_model_baseline,9.710487,9.710487,False,complete
2024-09-25 18:15:00,m8_xgb_corrected,perfect_model_baseline,10.151994,10.151994,False,complete
2024-09-25 18:30:00,m8_xgb_corrected,perfect_model_baseline,10.151994,10.151994,False,complete
2024-09-25 18:45:00,m8_xgb_corrected,perfect_model_baseline,10.000914,10.000914,False,complete
2024-09-25 19:00:00,m8_xgb_corrected,perfect_model_baseline,10.000914,10.000914,False,complete
2024-09-25 19:15:00,m8_xgb_corrected,perfect_model_baseline,9.628301,9.628301,False,complete
2024-09-25 19:30:00,m8_xgb_corrected,perfect_model_baseline,9.628301,9.628301,False,complete
2024-09-25 19:45:00,m8_xgb_corrected,perfect_model_baseline,9.396631,9.396631,False,complete
2024-09-25 20:00:00,m8_xgb_corrected,perfect_model_baseline,9.124731,9.124731,False,complete
2024-09-25 20:15:00,m8_xgb_corrected,perfect_model_baseline,8.98067,8.98067,False,complete
2024-09-25 20:30:00,m8_xgb_corrected,perfect_model_baseline,8.85986,8.85986,False,complete
2024-09-25 20:45:00,m8_xgb_corrected,perfect_model_baseline,8.85986,8.85986,False,complete
2024-09-25 21:00:00,m8_xgb_corrected,perfect_model_baseline,8.644233,8.644233,False,complete
2024-09-25 21:15:00,m8_xgb_corrected,perfect_model_baseline,8.723679,8.723679,False,complete
2024-09-25 21:30:00,m8_xgb_corrected,perfect_model_baseline,8.491989,8.491989,False,complete
2024-09-25 21:45:00,m8_xgb_corrected,perfect_model_baseline,8.256811,8.256811,False,complete
2024-09-25 22:00:00,m8_xgb_corrected,perfect_model_baseline,8.256811,8.256811,False,complete
2024-09-25 22:15:00,m8_xgb_corrected,perfect_model_baseline,8.260721,8.260721,False,complete
2024-09-25 22:30:00,m8_xgb_corrected,perfect_model_baseline,8.260721,8.260721,False,complete
2024-09-25 22:45:00,m8_xgb_corrected,perfect_model_baseline,8.092372,8.092372,False,complete
2024-09-25 23:00:00,m8_xgb_corrected,perfect_model_baseline,8.036243,8.036243,False,complete
2024-09-25 23:15:00,m8_xgb_corrected,perfect_model_baseline,8.190728,8.190728,False,complete
2024-09-25 23:30:00,m8_xgb_corrected,perfect_model_baseline,7.947321,7.947321,False,complete
2024-09-25 23:45:00,m8_xgb_corrected,perfect_model_baseline,7.582056,7.582056,False,complete
2024-09-26 00:00:00,m8_xgb_corrected,perfect_model_baseline,7.582056,7.582056,False,complete
2024-09-26 00:15:00,m8_xgb_corrected,perfect_model_baseline,7.433174,7.433174,False,complete
2024-09-26 00:30:00,m8_xgb_corrected,perfect_model_baseline,7.433174,7.433174,False,complete
2024-09-26 00:45:00,m8_xgb_corrected,perfect_model_baseline,7.191673,7.191673,False,complete
2024-09-26 01:00:00,m8_xgb_corrected,perfect_model_baseline,7.191673,7.191673,False,complete
2024-09-26 01:15:00,m8_xgb_corrected,perfect_model_baseline,6.851854,6.851854,False,complete
2024-09-26 01:30:00,m8_xgb_corrected,perfect_model_baseline,6.627897,6.627897,False,complete
2024-09-26 01:45:00,m8_xgb_corrected,perfect_model_baseline,6.445079,6.445079,False,complete
2024-09-26 02:00:00,m8_xgb_corrected,perfect_model_baseline,6.445079,6.445079,False,complete
2024-09-26 02:15:00,m8_xgb_corrected,perfect_model_baseline,6.096743,6.096743,False,complete
2024-09-26 02:30:00,m8_xgb_corrected,perfect_model_baseline,5.933657,5.933657,False,complete
2024-09-26 02:45:00,m8_xgb_corrected,perfect_model_baseline,5.933657,5.933657,False,complete
2024-09-26 03:00:00,m8_xgb_corrected,perfect_model_baseline,5.700639,5.700639,False,complete
2024-09-26 03:15:00,m8_xgb_corrected,perfect_model_baseline,5.611211,5.611211,False,complete
2024-09-26 03:30:00,m8_xgb_corrected,perfect_model_baseline,5.611211,5.611211,False,complete
2024-09-26 03:45:00,m8_xgb_corrected,perfect_model_baseline,5.82646,5.82646,False,complete
2024-09-26 04:00:00,m8_xgb_corrected,perfect_model_baseline,5.82646,5.82646,False,complete
2024-09-26 04:15:00,m8_xgb_corrected,perfect_model_baseline,5.87755,5.87755,False,complete
2024-09-26 04:30:00,m8_xgb_corrected,perfect_model_baseline,5.87755,5.87755,False,complete
2024-09-26 04:45:00,m8_xgb_corrected,perfect_model_baseline,5.87755,5.87755,False,complete
2024-09-26 05:00:00,m8_xgb_corrected,perfect_model_baseline,5.87755,5.87755,False,complete
2024-09-26 05:15:00,m8_xgb_corrected,perfect_model_baseline,5.739449,5.739449,False,complete
2024-09-26 05:30:00,m8_xgb_corrected,perfect_model_baseline,5.739449,5.739449,False,complete
2024-09-26 05:45:00,m8_xgb_corrected,perfect_model_baseline,6.024198,6.024198,False,complete
2024-09-26 06:00:00,m8_xgb_corrected,perfect_model_baseline,6.404033,6.404033,False,complete
2024-09-26 06:15:00,m8_xgb_corrected,perfect_model_baseline,6.70371,6.70371,False,complete
2024-09-26 06:30:00,m8_xgb_corrected,perfect_model_baseline,6.841779,6.841779,False,complete
2024-09-26 06:45:00,m8_xgb_corrected,perfect_model_baseline,7.074077,7.074077,False,complete
2024-09-26 07:00:00,m8_xgb_corrected,perfect_model_baseline,7.074077,7.074077,False,complete
2024-09-26 07:15:00,m8_xgb_corrected,perfect_model_baseline,7.273978,7.273978,False,complete
2024-09-26 07:30:00,m8_xgb_corrected,perfect_model_baseline,7.498033,7.498033,False,complete
2024-09-26 07:45:00,m8_xgb_corrected,perfect_model_baseline,7.740234,7.740234,False,complete
2024-09-26 08:00:00,m8_xgb_corrected,perfect_model_baseline,7.516081,7.516081,False,complete
2024-09-26 08:15:00,m8_xgb_corrected,perfect_model_baseline,7.053419,7.053419,False,complete
2024-09-26 08:30:00,m8_xgb_corrected,perfect_model_baseline,7.264547,7.264547,False,complete
2024-09-26 08:45:00,m8_xgb_corrected,perfect_model_baseline,7.519378,7.519378,False,complete
2024-09-26 09:00:00,m8_xgb_corrected,perfect_model_baseline,7.167394,7.167394,False,complete
2024-09-26 09:15:00,m8_xgb_corrected,perfect_model_baseline,7.062294,7.062294,False,complete
2024-09-26 09:30:00,m8_xgb_corrected,perfect_model_baseline,7.215144,7.215144,False,complete
2024-09-26 09:45:00,m8_xgb_corrected,perfect_model_baseline,7.077506,7.077506,False,complete
2024-09-26 10:00:00,m8_xgb_corrected,perfect_model_baseline,7.313213,7.313213,False,complete
2024-09-26 10:15:00,m8_xgb_corrected,perfect_model_baseline,7.279179,7.279179,False,complete
2024-09-26 10:30:00,m8_xgb_corrected,perfect_model_baseline,7.455103,7.455103,False,complete
2024-09-26 10:45:00,m8_xgb_corrected,perfect_model_baseline,6.636974,6.636974,False,complete
2024-09-26 11:00:00,m8_xgb_corrected,perfect_model_baseline,7.46014,7.46014,False,complete
2024-09-26 11:15:00,m8_xgb_corrected,perfect_model_baseline,8.083162,8.083162,False,complete
2024-09-26 11:30:00,m8_xgb_corrected,perfect_model_baseline,8.069519,8.069519,False,complete
2024-09-26 11:45:00,m8_xgb_corrected,perfect_model_baseline,8.362985,8.362985,False,complete
2024-09-26 12:00:00,m8_xgb_corrected,perfect_model_baseline,8.341927,8.341927,False,complete
2024-09-26 12:15:00,m8_xgb_corrected,perfect_model_baseline,8.266295,8.266295,False,complete
2024-09-26 12:30:00,m8_xgb_corrected,perfect_model_baseline,8.594744,8.594744,False,complete
2024-09-26 12:45:00,m8_xgb_corrected,perfect_model_baseline,8.284438,8.284438,False,complete
2024-09-26 13:00:00,m8_xgb_corrected,perfect_model_baseline,8.655603,8.655603,False,complete
2024-09-26 13:15:00,m8_xgb_corrected,perfect_model_baseline,8.051427,8.051427,False,complete
2024-09-26 13:30:00,m8_xgb_corrected,perfect_model_baseline,7.18327,7.18327,False,complete
2024-09-26 13:45:00,m8_xgb_corrected,perfect_model_baseline,6.321434,6.321434,False,complete
2024-09-26 14:00:00,m8_xgb_corrected,perfect_model_baseline,5.963858,5.963858,False,complete
2024-09-26 14:15:00,m8_xgb_corrected,perfect_model_baseline,7.055324,7.055324,False,complete
2024-09-26 14:30:00,m8_xgb_corrected,perfect_model_baseline,7.501667,7.501667,False,complete
2024-09-26 14:45:00,m8_xgb_corrected,perfect_model_baseline,6.766789,6.766789,False,complete
2024-09-26 15:00:00,m8_xgb_corrected,perfect_model_baseline,7.403086,7.403086,False,complete
2024-09-26 15:15:00,m8_xgb_corrected,perfect_model_baseline,7.780951,7.780951,False,complete
2024-09-26 15:30:00,m8_xgb_corrected,perfect_model_baseline,8.663186,8.663186,False,complete
2024-09-26 15:45:00,m8_xgb_corrected,perfect_model_baseline,8.764117,8.764117,False,complete
2024-09-26 16:00:00,m8_xgb_corrected,perfect_model_baseline,9.169884,9.169884,False,complete
2024-09-26 16:15:00,m8_xgb_corrected,perfect_model_baseline,8.913513,8.913513,False,complete
2024-09-26 16:30:00,m8_xgb_corrected,perfect_model_baseline,9.533185,9.533185,False,complete
2024-09-26 16:45:00,m8_xgb_corrected,perfect_model_baseline,10.027297,10.027297,False,complete
2024-09-26 17:00:00,m8_xgb_corrected,perfect_model_baseline,10.252335,10.252335,False,complete
2024-09-26 17:15:00,m8_xgb_corrected,perfect_model_baseline,10.653223,10.653223,False,complete
2024-09-26 17:30:00,m8_xgb_corrected,perfect_model_baseline,11.447923,11.447923,False,complete
2024-09-26 17:45:00,m8_xgb_corrected,perfect_model_baseline,11.84669,11.84669,False,complete
2024-09-26 18:00:00,m8_xgb_corrected,perfect_model_baseline,12.302781,12.302781,False,complete
2024-09-26 18:15:00,m8_xgb_corrected,perfect_model_baseline,12.194345,12.194345,False,complete
2024-09-26 18:30:00,m8_xgb_corrected,perfect_model_baseline,12.618467,12.618467,False,complete
2024-09-26 18:45:00,m8_xgb_corrected,perfect_model_baseline,12.400014,12.400014,False,complete
2024-09-26 19:00:00,m8_xgb_corrected,perfect_model_baseline,12.174036,12.174036,False,complete
2024-09-26 19:15:00,m8_xgb_corrected,perfect_model_baseline,12.037666,12.037666,False,complete
2024-09-26 19:30:00,m8_xgb_corrected,perfect_model_baseline,11.796272,11.796272,False,complete
2024-09-26 19:45:00,m8_xgb_corrected,perfect_model_baseline,11.33087,11.33087,False,complete
2024-09-26 20:00:00,m8_xgb_corrected,perfect_model_baseline,11.106617,11.106617,False,complete
2024-09-26 20:15:00,m8_xgb_corrected,perfect_model_baseline,10.936683,10.936683,False,complete
2024-09-26 20:30:00,m8_xgb_corrected,perfect_model_baseline,10.736332,10.736332,False,complete
2024-09-26 20:45:00,m8_xgb_corrected,perfect_model_baseline,10.498144,10.498144,False,complete
2024-09-26 21:00:00,m8_xgb_corrected,perfect_model_baseline,10.272515,10.272515,False,complete
2024-09-26 21:15:00,m8_xgb_corrected,perfect_model_baseline,10.019393,10.019393,False,complete
2024-09-26 21:30:00,m8_xgb_corrected,perfect_model_baseline,9.828558,9.828558,False,complete
2024-09-26 21:45:00,m8_xgb_corrected,perfect_model_baseline,9.541432,9.541432,False,complete
2024-09-26 22:00:00,m8_xgb_corrected,perfect_model_baseline,9.048972,9.048972,False,complete
2024-09-26 22:15:00,m8_xgb_corrected,perfect_model_baseline,9.5042,9.5042,False,complete
2024-09-26 22:30:00,m8_xgb_corrected,perfect_model_baseline,9.144668,9.144668,False,complete
2024-09-26 22:45:00,m8_xgb_corrected,perfect_model_baseline,8.919039,8.919039,False,complete
2024-09-26 23:00:00,m8_xgb_corrected,perfect_model_baseline,8.919039,8.919039,False,complete
2024-09-26 23:15:00,m8_xgb_corrected,perfect_model_baseline,9.001078,9.001078,False,complete
2024-09-26 23:30:00,m8_xgb_corrected,perfect_model_baseline,8.801482,8.801482,False,complete
2024-09-26 23:45:00,m8_xgb_corrected,perfect_model_baseline,8.471574,8.471574,False,complete
2024-09-27 00:00:00,m8_xgb_corrected,perfect_model_baseline,8.471574,8.471574,False,complete
2024-09-27 00:15:00,m8_xgb_corrected,perfect_model_baseline,8.166516,8.166516,False,complete
2024-09-27 00:30:00,m8_xgb_corrected,perfect_model_baseline,8.04459,8.04459,False,complete
2024-09-27 00:45:00,m8_xgb_corrected,perfect_model_baseline,7.818367,7.818367,False,complete
2024-09-27 01:00:00,m8_xgb_corrected,perfect_model_baseline,8.044684,8.044684,False,complete
2024-09-27 01:15:00,m8_xgb_corrected,perfect_model_baseline,7.789897,7.789897,False,complete
2024-09-27 01:30:00,m8_xgb_corrected,perfect_model_baseline,7.333725,7.333725,False,complete
2024-09-27 01:45:00,m8_xgb_corrected,perfect_model_baseline,6.816784,6.816784,False,complete
2024-09-27 02:00:00,m8_xgb_corrected,perfect_model_baseline,6.816784,6.816784,False,complete
2024-09-27 02:15:00,m8_xgb_corrected,perfect_model_baseline,6.95835,6.95835,False,complete
2024-09-27 02:30:00,m8_xgb_corrected,perfect_model_baseline,6.95835,6.95835,False,complete
2024-09-27 02:45:00,m8_xgb_corrected,perfect_model_baseline,6.72578,6.72578,False,complete
2024-09-27 03:00:00,m8_xgb_corrected,perfect_model_baseline,6.389995,6.389995,False,complete
2024-09-27 03:15:00,m8_xgb_corrected,perfect_model_baseline,6.346374,6.346374,False,complete
2024-09-27 03:30:00,m8_xgb_corrected,perfect_model_baseline,6.346374,6.346374,False,complete
2024-09-27 03:45:00,m8_xgb_corrected,perfect_model_baseline,6.346374,6.346374,False,complete
2024-09-27 04:00:00,m8_xgb_corrected,perfect_model_baseline,6.346374,6.346374,False,complete
2024-09-27 04:15:00,m8_xgb_corrected,perfect_model_baseline,6.365296,6.365296,False,complete
2024-09-27 04:30:00,m8_xgb_corrected,perfect_model_baseline,6.365296,6.365296,False,complete
2024-09-27 04:45:00,m8_xgb_corrected,perfect_model_baseline,6.365296,6.365296,False,complete
2024-09-27 05:00:00,m8_xgb_corrected,perfect_model_baseline,6.365296,6.365296,False,complete
2024-09-27 05:15:00,m8_xgb_corrected,perfect_model_baseline,6.496156,6.496156,False,complete
2024-09-27 05:30:00,m8_xgb_corrected,perfect_model_baseline,6.601832,6.601832,False,complete
2024-09-27 05:45:00,m8_xgb_corrected,perfect_model_baseline,6.819668,6.819668,False,complete
2024-09-27 06:00:00,m8_xgb_corrected,perfect_model_baseline,6.819668,6.819668,False,complete
2024-09-27 06:15:00,m8_xgb_corrected,perfect_model_baseline,6.831759,6.831759,False,complete
2024-09-27 06:30:00,m8_xgb_corrected,perfect_model_baseline,6.847594,6.847594,False,complete
2024-09-27 06:45:00,m8_xgb_corrected,perfect_model_baseline,6.050374,6.050374,False,complete
2024-09-27 07:00:00,m8_xgb_corrected,perfect_model_baseline,6.085079,6.085079,False,complete
2024-09-27 07:15:00,m8_xgb_corrected,perfect_model_baseline,6.209725,6.209725,False,complete
2024-09-27 07:30:00,m8_xgb_corrected,perfect_model_baseline,6.627086,6.627086,False,complete
2024-09-27 07:45:00,m8_xgb_corrected,perfect_model_baseline,3.841139,3.841139,False,complete
2024-09-27 08:00:00,m8_xgb_corrected,perfect_model_baseline,4.73851,4.73851,False,complete
2024-09-27 08:15:00,m8_xgb_corrected,perfect_model_baseline,2.757848,2.757848,False,complete
2024-09-27 08:30:00,m8_xgb_corrected,perfect_model_baseline,2.169953,2.169953,False,complete
2024-09-27 08:45:00,m8_xgb_corrected,perfect_model_baseline,3.272464,3.272464,False,complete
2024-09-27 09:00:00,m8_xgb_corrected,perfect_model_baseline,3.334024,3.334024,False,complete
2024-09-27 09:15:00,m8_xgb_corrected,perfect_model_baseline,3.507666,3.507666,False,complete
2024-09-27 09:30:00,m8_xgb_corrected,perfect_model_baseline,2.837195,2.837195,False,complete
2024-09-27 09:45:00,m8_xgb_corrected,perfect_model_baseline,3.246916,3.246916,False,complete
2024-09-27 10:00:00,m8_xgb_corrected,perfect_model_baseline,2.669795,2.669795,False,complete
2024-09-27 10:15:00,m8_xgb_corrected,perfect_model_baseline,2.853429,2.853429,False,complete
2024-09-27 10:30:00,m8_xgb_corrected,perfect_model_baseline,2.976934,2.976934,False,complete
2024-09-27 10:45:00,m8_xgb_corrected,perfect_model_baseline,2.204342,2.204342,False,complete
2024-09-27 11:00:00,m8_xgb_corrected,perfect_model_baseline,1.935918,1.935918,False,complete
2024-09-27 11:15:00,m8_xgb_corrected,perfect_model_baseline,4.236267,4.236267,False,complete
2024-09-27 11:30:00,m8_xgb_corrected,perfect_model_baseline,3.214807,3.214807,False,complete
2024-09-27 11:45:00,m8_xgb_corrected,perfect_model_baseline,2.671536,2.671536,False,complete
2024-09-27 12:00:00,m8_xgb_corrected,perfect_model_baseline,2.50519,2.50519,False,complete
2024-09-27 12:15:00,m8_xgb_corrected,perfect_model_baseline,5.582839,5.582839,False,complete
2024-09-27 12:30:00,m8_xgb_corrected,perfect_model_baseline,3.116416,3.116416,False,complete
2024-09-27 12:45:00,m8_xgb_corrected,perfect_model_baseline,1.950507,1.950507,False,complete
2024-09-27 13:00:00,m8_xgb_corrected,perfect_model_baseline,2.583491,2.583491,False,complete
2024-09-27 13:15:00,m8_xgb_corrected,perfect_model_baseline,2.278551,2.278551,False,complete
2024-09-27 13:30:00,m8_xgb_corrected,perfect_model_baseline,2.376469,2.376469,False,complete
2024-09-27 13:45:00,m8_xgb_corrected,perfect_model_baseline,2.48193,2.48193,False,complete
2024-09-27 14:00:00,m8_xgb_corrected,perfect_model_baseline,3.094483,3.094483,False,complete
2024-09-27 14:15:00,m8_xgb_corrected,perfect_model_baseline,2.260198,2.260198,False,complete
2024-09-27 14:30:00,m8_xgb_corrected,perfect_model_baseline,3.020356,3.020356,False,complete
2024-09-27 14:45:00,m8_xgb_corrected,perfect_model_baseline,3.558955,3.558955,False,complete
2024-09-27 15:00:00,m8_xgb_corrected,perfect_model_baseline,3.79493,3.79493,False,complete
2024-09-27 15:15:00,m8_xgb_corrected,perfect_model_baseline,4.122748,4.122748,False,complete
2024-09-27 15:30:00,m8_xgb_corrected,perfect_model_baseline,4.322241,4.322241,False,complete
2024-09-27 15:45:00,m8_xgb_corrected,perfect_model_baseline,4.456959,4.456959,False,complete
2024-09-27 16:00:00,m8_xgb_corrected,perfect_model_baseline,5.095023,5.095023,False,complete
2024-09-27 16:15:00,m8_xgb_corrected,perfect_model_baseline,4.939011,4.939011,False,complete
2024-09-27 16:30:00,m8_xgb_corrected,perfect_model_baseline,6.4012,6.4012,False,complete
2024-09-27 16:45:00,m8_xgb_corrected,perfect_model_baseline,7.447639,7.447639,False,complete
2024-09-27 17:00:00,m8_xgb_corrected,perfect_model_baseline,8.123755,8.123755,False,complete
2024-09-27 17:15:00,m8_xgb_corrected,perfect_model_baseline,8.418288,8.418288,False,complete
2024-09-27 17:30:00,m8_xgb_corrected,perfect_model_baseline,9.197606,9.197606,False,complete
2024-09-27 17:45:00,m8_xgb_corrected,perfect_model_baseline,9.879386,9.879386,False,complete
2024-09-27 18:00:00,m8_xgb_corrected,perfect_model_baseline,10.512738,10.512738,False,complete
2024-09-27 18:15:00,m8_xgb_corrected,perfect_model_baseline,10.897559,10.897559,False,complete
2024-09-27 18:30:00,m8_xgb_corrected,perfect_model_baseline,11.350754,11.350754,False,complete
2024-09-27 18:45:00,m8_xgb_corrected,perfect_model_baseline,11.350754,11.350754,False,complete
2024-09-27 19:00:00,m8_xgb_corrected,perfect_model_baseline,11.302992,11.302992,False,complete
2024-09-27 19:15:00,m8_xgb_corrected,perfect_model_baseline,11.019821,11.019821,False,complete
2024-09-27 19:30:00,m8_xgb_corrected,perfect_model_baseline,10.916042,10.916042,False,complete
2024-09-27 19:45:00,m8_xgb_corrected,perfect_model_baseline,10.916042,10.916042,False,complete
2024-09-27 20:00:00,m8_xgb_corrected,perfect_model_baseline,10.690944,10.690944,False,complete
2024-09-27 20:15:00,m8_xgb_corrected,perfect_model_baseline,10.523656,10.523656,False,complete
2024-09-27 20:30:00,m8_xgb_corrected,perfect_model_baseline,10.290345,10.290345,False,complete
2024-09-27 20:45:00,m8_xgb_corrected,perfect_model_baseline,10.055748,10.055748,False,complete
2024-09-27 21:00:00,m8_xgb_corrected,perfect_model_baseline,10.055748,10.055748,False,complete
2024-09-27 21:15:00,m8_xgb_corrected,perfect_model_baseline,9.953057,9.953057,False,complete
2024-09-27 21:30:00,m8_xgb_corrected,perfect_model_baseline,9.600013,9.600013,False,complete
2024-09-27 21:45:00,m8_xgb_corrected,perfect_model_baseline,9.555171,9.555171,False,complete
2024-09-27 22:00:00,m8_xgb_corrected,perfect_model_baseline,9.148658,9.148658,False,complete
2024-09-27 22:15:00,m8_xgb_corrected,perfect_model_baseline,9.554414,9.554414,False,complete
2024-09-27 22:30:00,m8_xgb_corrected,perfect_model_baseline,9.554414,9.554414,False,complete
2024-09-27 22:45:00,m8_xgb_corrected,perfect_model_baseline,9.128716,9.128716,False,complete
2024-09-27 23:00:00,m8_xgb_corrected,perfect_model_baseline,8.903481,8.903481,False,complete
2024-09-27 23:15:00,m8_xgb_corrected,perfect_model_baseline,9.106066,9.106066,False,complete
2024-09-27 23:30:00,m8_xgb_corrected,perfect_model_baseline,8.821565,8.821565,False,complete
2024-09-27 23:45:00,m8_xgb_corrected,perfect_model_baseline,8.416188,8.416188,False,complete
2024-09-28 00:00:00,m8_xgb_corrected,perfect_model_baseline,8.416188,8.416188,False,complete
2024-09-28 00:15:00,m8_xgb_corrected,perfect_model_baseline,8.236911,8.236911,False,complete
2024-09-28 00:30:00,m8_xgb_corrected,perfect_model_baseline,8.033995,8.033995,False,complete
2024-09-28 00:45:00,m8_xgb_corrected,perfect_model_baseline,8.033995,8.033995,False,complete
2024-09-28 01:00:00,m8_xgb_corrected,perfect_model_baseline,8.033995,8.033995,False,complete
2024-09-28 01:15:00,m8_xgb_corrected,perfect_model_baseline,7.572244,7.572244,False,complete
2024-09-28 01:30:00,m8_xgb_corrected,perfect_model_baseline,7.327166,7.327166,False,complete
2024-09-28 01:45:00,m8_xgb_corrected,perfect_model_baseline,6.816784,6.816784,False,complete
2024-09-28 02:00:00,m8_xgb_corrected,perfect_model_baseline,6.816784,6.816784,False,complete
2024-09-28 02:15:00,m8_xgb_corrected,perfect_model_baseline,6.616551,6.616551,False,complete
2024-09-28 02:30:00,m8_xgb_corrected,perfect_model_baseline,6.616551,6.616551,False,complete
2024-09-28 02:45:00,m8_xgb_corrected,perfect_model_baseline,6.375963,6.375963,False,complete
2024-09-28 03:00:00,m8_xgb_corrected,perfect_model_baseline,6.152498,6.152498,False,complete
2024-09-28 03:15:00,m8_xgb_corrected,perfect_model_baseline,6.384535,6.384535,False,complete
2024-09-28 03:30:00,m8_xgb_corrected,perfect_model_baseline,6.42751,6.42751,False,complete
2024-09-28 03:45:00,m8_xgb_corrected,perfect_model_baseline,6.42751,6.42751,False,complete
2024-09-28 04:00:00,m8_xgb_corrected,perfect_model_baseline,6.204045,6.204045,False,complete
2024-09-28 04:15:00,m8_xgb_corrected,perfect_model_baseline,5.892984,5.892984,False,complete
2024-09-28 04:30:00,m8_xgb_corrected,perfect_model_baseline,5.892984,5.892984,False,complete
2024-09-28 04:45:00,m8_xgb_corrected,perfect_model_baseline,5.892984,5.892984,False,complete
2024-09-28 05:00:00,m8_xgb_corrected,perfect_model_baseline,5.892984,5.892984,False,complete
2024-09-28 05:15:00,m8_xgb_corrected,perfect_model_baseline,6.09391,6.09391,False,complete
2024-09-28 05:30:00,m8_xgb_corrected,perfect_model_baseline,6.19732,6.19732,False,complete
2024-09-28 05:45:00,m8_xgb_corrected,perfect_model_baseline,6.19732,6.19732,False,complete
2024-09-28 06:00:00,m8_xgb_corrected,perfect_model_baseline,6.19732,6.19732,False,complete
2024-09-28 06:15:00,m8_xgb_corrected,perfect_model_baseline,6.023635,6.023635,False,complete
2024-09-28 06:30:00,m8_xgb_corrected,perfect_model_baseline,5.929132,5.929132,False,complete
2024-09-28 06:45:00,m8_xgb_corrected,perfect_model_baseline,5.705667,5.705667,False,complete
2024-09-28 07:00:00,m8_xgb_corrected,perfect_model_baseline,5.705667,5.705667,False,complete
2024-09-28 07:15:00,m8_xgb_corrected,perfect_model_baseline,5.745116,5.745116,False,complete
2024-09-28 07:30:00,m8_xgb_corrected,perfect_model_baseline,4.746841,4.746841,False,complete
2024-09-28 07:45:00,m8_xgb_corrected,perfect_model_baseline,6.594538,6.594538,False,complete
2024-09-28 08:00:00,m8_xgb_corrected,perfect_model_baseline,6.07486,6.07486,False,complete
2024-09-28 08:15:00,m8_xgb_corrected,perfect_model_baseline,2.296532,2.296532,False,complete
2024-09-28 08:30:00,m8_xgb_corrected,perfect_model_baseline,2.296532,2.296532,False,complete
2024-09-28 08:45:00,m8_xgb_corrected,perfect_model_baseline,5.476926,5.476926,False,complete
2024-09-28 09:00:00,m8_xgb_corrected,perfect_model_baseline,3.936206,3.936206,False,complete
2024-09-28 09:15:00,m8_xgb_corrected,perfect_model_baseline,1.918531,1.918531,False,complete
2024-09-28 09:30:00,m8_xgb_corrected,perfect_model_baseline,2.757763,2.757763,False,complete
2024-09-28 09:45:00,m8_xgb_corrected,perfect_model_baseline,1.920557,1.920557,False,complete
2024-09-28 10:00:00,m8_xgb_corrected,perfect_model_baseline,2.584805,2.584805,False,complete
2024-09-28 10:15:00,m8_xgb_corrected,perfect_model_baseline,2.511192,2.511192,False,complete
2024-09-28 10:30:00,m8_xgb_corrected,perfect_model_baseline,3.485972,3.485972,False,complete
2024-09-28 10:45:00,m8_xgb_corrected,perfect_model_baseline,4.008236,4.008236,False,complete
2024-09-28 11:00:00,m8_xgb_corrected,perfect_model_baseline,4.121363,4.121363,False,complete
2024-09-28 11:15:00,m8_xgb_corrected,perfect_model_baseline,1.480739,1.480739,False,complete
2024-09-28 11:30:00,m8_xgb_corrected,perfect_model_baseline,3.547994,3.547994,False,complete
2024-09-28 11:45:00,m8_xgb_corrected,perfect_model_baseline,1.666683,1.666683,False,complete
2024-09-28 12:00:00,m8_xgb_corrected,perfect_model_baseline,3.651065,3.651065,False,complete
2024-09-28 12:15:00,m8_xgb_corrected,perfect_model_baseline,2.386907,2.386907,False,complete
2024-09-28 12:30:00,m8_xgb_corrected,perfect_model_baseline,2.772442,2.772442,False,complete
2024-09-28 12:45:00,m8_xgb_corrected,perfect_model_baseline,2.697678,2.697678,False,complete
2024-09-28 13:00:00,m8_xgb_corrected,perfect_model_baseline,5.501539,5.501539,False,complete
2024-09-28 13:15:00,m8_xgb_corrected,perfect_model_baseline,4.119562,4.119562,False,complete
2024-09-28 13:30:00,m8_xgb_corrected,perfect_model_baseline,2.011089,2.011089,False,complete
2024-09-28 13:45:00,m8_xgb_corrected,perfect_model_baseline,1.873439,1.873439,False,complete
2024-09-28 14:00:00,m8_xgb_corrected,perfect_model_baseline,3.576658,3.576658,False,complete
2024-09-28 14:15:00,m8_xgb_corrected,perfect_model_baseline,3.499718,3.499718,False,complete
2024-09-28 14:30:00,m8_xgb_corrected,perfect_model_baseline,3.089577,3.089577,False,complete
2024-09-28 14:45:00,m8_xgb_corrected,perfect_model_baseline,2.633714,2.633714,False,complete
2024-09-28 15:00:00,m8_xgb_corrected,perfect_model_baseline,3.744818,3.744818,False,complete
2024-09-28 15:15:00,m8_xgb_corrected,perfect_model_baseline,4.938024,4.938024,False,complete
2024-09-28 15:30:00,m8_xgb_corrected,perfect_model_baseline,4.151595,4.151595,False,complete
2024-09-28 15:45:00,m8_xgb_corrected,perfect_model_baseline,4.924085,4.924085,False,complete
2024-09-28 16:00:00,m8_xgb_corrected,perfect_model_baseline,3.498837,3.498837,False,complete
2024-09-28 16:15:00,m8_xgb_corrected,perfect_model_baseline,2.917866,2.917866,False,complete
2024-09-28 16:30:00,m8_xgb_corrected,perfect_model_baseline,5.210471,5.210471,False,complete
2024-09-28 16:45:00,m8_xgb_corrected,perfect_model_baseline,7.496439,7.496439,False,complete
2024-09-28 17:00:00,m8_xgb_corrected,perfect_model_baseline,8.030428,8.030428,False,complete
2024-09-28 17:15:00,m8_xgb_corrected,perfect_model_baseline,8.177835,8.177835,False,complete
2024-09-28 17:30:00,m8_xgb_corrected,perfect_model_baseline,8.908394,8.908394,False,complete
2024-09-28 17:45:00,m8_xgb_corrected,perfect_model_baseline,9.457358,9.457358,False,complete
2024-09-28 18:00:00,m8_xgb_corrected,perfect_model_baseline,9.457358,9.457358,False,complete
2024-09-28 18:15:00,m8_xgb_corrected,perfect_model_baseline,9.993515,9.993515,False,complete
2024-09-28 18:30:00,m8_xgb_corrected,perfect_model_baseline,10.223155,10.223155,False,complete
2024-09-28 18:45:00,m8_xgb_corrected,perfect_model_baseline,10.223155,10.223155,False,complete
2024-09-28 19:00:00,m8_xgb_corrected,perfect_model_baseline,10.223155,10.223155,False,complete
2024-09-28 19:15:00,m8_xgb_corrected,perfect_model_baseline,9.960075,9.960075,False,complete
2024-09-28 19:30:00,m8_xgb_corrected,perfect_model_baseline,9.753072,9.753072,False,complete
2024-09-28 19:45:00,m8_xgb_corrected,perfect_model_baseline,9.753072,9.753072,False,complete
2024-09-28 20:00:00,m8_xgb_corrected,perfect_model_baseline,9.519999,9.519999,False,complete
2024-09-28 20:15:00,m8_xgb_corrected,perfect_model_baseline,9.2062,9.2062,False,complete
2024-09-28 20:30:00,m8_xgb_corrected,perfect_model_baseline,9.026104,9.026104,False,complete
2024-09-28 20:45:00,m8_xgb_corrected,perfect_model_baseline,9.026104,9.026104,False,complete
2024-09-28 21:00:00,m8_xgb_corrected,perfect_model_baseline,9.026104,9.026104,False,complete
2024-09-28 21:15:00,m8_xgb_corrected,perfect_model_baseline,8.817962,8.817962,False,complete
2024-09-28 21:30:00,m8_xgb_corrected,perfect_model_baseline,8.611841,8.611841,False,complete
2024-09-28 21:45:00,m8_xgb_corrected,perfect_model_baseline,8.611841,8.611841,False,complete
2024-09-28 22:00:00,m8_xgb_corrected,perfect_model_baseline,8.611841,8.611841,False,complete
2024-09-28 22:15:00,m8_xgb_corrected,perfect_model_baseline,8.48638,8.48638,False,complete
2024-09-28 22:30:00,m8_xgb_corrected,perfect_model_baseline,8.365732,8.365732,False,complete
2024-09-28 22:45:00,m8_xgb_corrected,perfect_model_baseline,8.365732,8.365732,False,complete
2024-09-28 23:00:00,m8_xgb_corrected,perfect_model_baseline,8.167616,8.167616,False,complete
2024-09-28 23:15:00,m8_xgb_corrected,perfect_model_baseline,8.126741,8.126741,False,complete
2024-09-28 23:30:00,m8_xgb_corrected,perfect_model_baseline,7.946486,7.946486,False,complete
2024-09-28 23:45:00,m8_xgb_corrected,perfect_model_baseline,7.689096,7.689096,False,complete
2024-09-29 00:00:00,m8_xgb_corrected,perfect_model_baseline,7.689096,7.689096,False,complete
2024-09-29 00:15:00,m8_xgb_corrected,perfect_model_baseline,7.391571,7.391571,False,complete
2024-09-29 00:30:00,m8_xgb_corrected,perfect_model_baseline,7.271082,7.271082,False,complete
2024-09-29 00:45:00,m8_xgb_corrected,perfect_model_baseline,7.271082,7.271082,False,complete
2024-09-29 01:00:00,m8_xgb_corrected,perfect_model_baseline,7.271082,7.271082,False,complete
2024-09-29 01:15:00,m8_xgb_corrected,perfect_model_baseline,7.013433,7.013433,False,complete
2024-09-29 01:30:00,m8_xgb_corrected,perfect_model_baseline,6.592313,6.592313,False,complete
2024-09-29 01:45:00,m8_xgb_corrected,perfect_model_baseline,6.368553,6.368553,False,complete
2024-09-29 02:00:00,m8_xgb_corrected,perfect_model_baseline,6.368553,6.368553,False,complete
2024-09-29 02:15:00,m8_xgb_corrected,perfect_model_baseline,6.241396,6.241396,False,complete
2024-09-29 02:30:00,m8_xgb_corrected,perfect_model_baseline,6.129171,6.129171,False,complete
2024-09-29 02:45:00,m8_xgb_corrected,perfect_model_baseline,5.939252,5.939252,False,complete
2024-09-29 03:00:00,m8_xgb_corrected,perfect_model_baseline,5.939252,5.939252,False,complete
2024-09-29 03:15:00,m8_xgb_corrected,perfect_model_baseline,5.767864,5.767864,False,complete
2024-09-29 03:30:00,m8_xgb_corrected,perfect_model_baseline,5.767864,5.767864,False,complete
2024-09-29 03:45:00,m8_xgb_corrected,perfect_model_baseline,5.767864,5.767864,False,complete
2024-09-29 04:00:00,m8_xgb_corrected,perfect_model_baseline,5.767864,5.767864,False,complete
2024-09-29 04:15:00,m8_xgb_corrected,perfect_model_baseline,5.767864,5.767864,False,complete
2024-09-29 04:30:00,m8_xgb_corrected,perfect_model_baseline,5.671641,5.671641,False,complete
2024-09-29 04:45:00,m8_xgb_corrected,perfect_model_baseline,5.671641,5.671641,False,complete
2024-09-29 05:00:00,m8_xgb_corrected,perfect_model_baseline,5.671641,5.671641,False,complete
2024-09-29 05:15:00,m8_xgb_corrected,perfect_model_baseline,5.675292,5.675292,False,complete
2024-09-29 05:30:00,m8_xgb_corrected,perfect_model_baseline,5.675292,5.675292,False,complete
2024-09-29 05:45:00,m8_xgb_corrected,perfect_model_baseline,5.675292,5.675292,False,complete
2024-09-29 06:00:00,m8_xgb_corrected,perfect_model_baseline,5.675292,5.675292,False,complete
2024-09-29 06:15:00,m8_xgb_corrected,perfect_model_baseline,5.469925,5.469925,False,complete
2024-09-29 06:30:00,m8_xgb_corrected,perfect_model_baseline,5.469925,5.469925,False,complete
2024-09-29 06:45:00,m8_xgb_corrected,perfect_model_baseline,5.25458,5.25458,False,complete
2024-09-29 07:00:00,m8_xgb_corrected,perfect_model_baseline,4.706972,4.706972,False,complete
2024-09-29 07:15:00,m8_xgb_corrected,perfect_model_baseline,4.929966,4.929966,False,complete
2024-09-29 07:30:00,m8_xgb_corrected,perfect_model_baseline,5.5914,5.5914,False,complete
2024-09-29 07:45:00,m8_xgb_corrected,perfect_model_baseline,5.504791,5.504791,False,complete
2024-09-29 08:00:00,m8_xgb_corrected,perfect_model_baseline,4.081329,4.081329,False,complete
2024-09-29 08:15:00,m8_xgb_corrected,perfect_model_baseline,5.830674,5.830674,False,complete
2024-09-29 08:30:00,m8_xgb_corrected,perfect_model_baseline,5.922741,5.922741,False,complete
2024-09-29 08:45:00,m8_xgb_corrected,perfect_model_baseline,4.87018,4.87018,False,complete
2024-09-29 09:00:00,m8_xgb_corrected,perfect_model_baseline,1.859933,1.859933,False,complete
2024-09-29 09:15:00,m8_xgb_corrected,perfect_model_baseline,3.514771,3.514771,False,complete
2024-09-29 09:30:00,m8_xgb_corrected,perfect_model_baseline,6.255557,6.255557,False,complete
2024-09-29 09:45:00,m8_xgb_corrected,perfect_model_baseline,2.420698,2.420698,False,complete
2024-09-29 10:00:00,m8_xgb_corrected,perfect_model_baseline,4.144349,4.144349,False,complete
2024-09-29 10:15:00,m8_xgb_corrected,perfect_model_baseline,3.029209,3.029209,False,complete
2024-09-29 10:30:00,m8_xgb_corrected,perfect_model_baseline,1.933301,1.933301,False,complete
2024-09-29 10:45:00,m8_xgb_corrected,perfect_model_baseline,2.387394,2.387394,False,complete
2024-09-29 11:00:00,m8_xgb_corrected,perfect_model_baseline,3.799093,3.799093,False,complete
2024-09-29 11:15:00,m8_xgb_corrected,perfect_model_baseline,2.317319,2.317319,False,complete
2024-09-29 11:30:00,m8_xgb_corrected,perfect_model_baseline,2.672672,2.672672,False,complete
2024-09-29 11:45:00,m8_xgb_corrected,perfect_model_baseline,3.23172,3.23172,False,complete
2024-09-29 12:00:00,m8_xgb_corrected,perfect_model_baseline,3.235169,3.235169,False,complete
2024-09-29 12:15:00,m8_xgb_corrected,perfect_model_baseline,3.445348,3.445348,False,complete
2024-09-29 12:30:00,m8_xgb_corrected,perfect_model_baseline,3.149287,3.149287,False,complete
2024-09-29 12:45:00,m8_xgb_corrected,perfect_model_baseline,2.335091,2.335091,False,complete
2024-09-29 13:00:00,m8_xgb_corrected,perfect_model_baseline,1.984729,1.984729,False,complete
2024-09-29 13:15:00,m8_xgb_corrected,perfect_model_baseline,1.934935,1.934935,False,complete
2024-09-29 13:30:00,m8_xgb_corrected,perfect_model_baseline,4.098381,4.098381,False,complete
2024-09-29 13:45:00,m8_xgb_corrected,perfect_model_baseline,3.45661,3.45661,False,complete
2024-09-29 14:00:00,m8_xgb_corrected,perfect_model_baseline,5.485788,5.485788,False,complete
2024-09-29 14:15:00,m8_xgb_corrected,perfect_model_baseline,4.498162,4.498162,False,complete
2024-09-29 14:30:00,m8_xgb_corrected,perfect_model_baseline,5.712925,5.712925,False,complete
2024-09-29 14:45:00,m8_xgb_corrected,perfect_model_baseline,6.510514,6.510514,False,complete
2024-09-29 15:00:00,m8_xgb_corrected,perfect_model_baseline,5.439777,5.439777,False,complete
2024-09-29 15:15:00,m8_xgb_corrected,perfect_model_baseline,4.295758,4.295758,False,complete
2024-09-29 15:30:00,m8_xgb_corrected,perfect_model_baseline,6.056924,6.056924,False,complete
2024-09-29 15:45:00,m8_xgb_corrected,perfect_model_baseline,6.293606,6.293606,False,complete
2024-09-29 16:00:00,m8_xgb_corrected,perfect_model_baseline,6.353171,6.353171,False,complete
2024-09-29 16:15:00,m8_xgb_corrected,perfect_model_baseline,6.401396,6.401396,False,complete
2024-09-29 16:30:00,m8_xgb_corrected,perfect_model_baseline,6.823581,6.823581,False,complete
2024-09-29 16:45:00,m8_xgb_corrected,perfect_model_baseline,7.888126,7.888126,False,complete
2024-09-29 17:00:00,m8_xgb_corrected,perfect_model_baseline,8.281865,8.281865,False,complete
2024-09-29 17:15:00,m8_xgb_corrected,perfect_model_baseline,8.613673,8.613673,False,complete
2024-09-29 17:30:00,m8_xgb_corrected,perfect_model_baseline,9.414592,9.414592,False,complete
2024-09-29 17:45:00,m8_xgb_corrected,perfect_model_baseline,9.990275,9.990275,False,complete
2024-09-29 18:00:00,m8_xgb_corrected,perfect_model_baseline,9.990275,9.990275,False,complete
2024-09-29 18:15:00,m8_xgb_corrected,perfect_model_baseline,10.402283,10.402283,False,complete
2024-09-29 18:30:00,m8_xgb_corrected,perfect_model_baseline,10.402283,10.402283,False,complete
2024-09-29 18:45:00,m8_xgb_corrected,perfect_model_baseline,10.402283,10.402283,False,complete
2024-09-29 19:00:00,m8_xgb_corrected,perfect_model_baseline,10.18351,10.18351,False,complete
2024-09-29 19:15:00,m8_xgb_corrected,perfect_model_baseline,10.092427,10.092427,False,complete
2024-09-29 19:30:00,m8_xgb_corrected,perfect_model_baseline,10.092427,10.092427,False,complete
2024-09-29 19:45:00,m8_xgb_corrected,perfect_model_baseline,9.532532,9.532532,False,complete
2024-09-29 20:00:00,m8_xgb_corrected,perfect_model_baseline,9.356497,9.356497,False,complete
2024-09-29 20:15:00,m8_xgb_corrected,perfect_model_baseline,9.174232,9.174232,False,complete
2024-09-29 20:30:00,m8_xgb_corrected,perfect_model_baseline,9.174232,9.174232,False,complete
2024-09-29 20:45:00,m8_xgb_corrected,perfect_model_baseline,8.888483,8.888483,False,complete
2024-09-29 21:00:00,m8_xgb_corrected,perfect_model_baseline,8.657238,8.657238,False,complete
2024-09-29 21:15:00,m8_xgb_corrected,perfect_model_baseline,8.439647,8.439647,False,complete
2024-09-29 21:30:00,m8_xgb_corrected,perfect_model_baseline,8.189132,8.189132,False,complete
2024-09-29 21:45:00,m8_xgb_corrected,perfect_model_baseline,8.189132,8.189132,False,complete
2024-09-29 22:00:00,m8_xgb_corrected,perfect_model_baseline,8.189132,8.189132,False,complete
2024-09-29 22:15:00,m8_xgb_corrected,perfect_model_baseline,8.172971,8.172971,False,complete
2024-09-29 22:30:00,m8_xgb_corrected,perfect_model_baseline,8.172971,8.172971,False,complete
2024-09-29 22:45:00,m8_xgb_corrected,perfect_model_baseline,7.983303,7.983303,False,complete
2024-09-29 23:00:00,m8_xgb_corrected,perfect_model_baseline,7.724665,7.724665,False,complete
2024-09-29 23:15:00,m8_xgb_corrected,perfect_model_baseline,7.835024,7.835024,False,complete
2024-09-29 23:30:00,m8_xgb_corrected,perfect_model_baseline,7.835024,7.835024,False,complete
2024-09-29 23:45:00,m8_xgb_corrected,perfect_model_baseline,7.274783,7.274783,False,complete
2024-09-30 00:00:00,m8_xgb_corrected,perfect_model_baseline,7.249241,7.249241,False,complete
2024-09-30 00:15:00,m8_xgb_corrected,perfect_model_baseline,7.377117,7.377117,False,complete
2024-09-30 00:30:00,m8_xgb_corrected,perfect_model_baseline,7.377117,7.377117,False,complete
2024-09-30 00:45:00,m8_xgb_corrected,perfect_model_baseline,7.176546,7.176546,False,complete
2024-09-30 01:00:00,m8_xgb_corrected,perfect_model_baseline,7.176546,7.176546,False,complete
2024-09-30 01:15:00,m8_xgb_corrected,perfect_model_baseline,6.833666,6.833666,False,complete
2024-09-30 01:30:00,m8_xgb_corrected,perfect_model_baseline,6.388149,6.388149,False,complete
2024-09-30 01:45:00,m8_xgb_corrected,perfect_model_baseline,6.355972,6.355972,False,complete
2024-09-30 02:00:00,m8_xgb_corrected,perfect_model_baseline,6.355972,6.355972,False,complete
2024-09-30 02:15:00,m8_xgb_corrected,perfect_model_baseline,5.916375,5.916375,False,complete
2024-09-30 02:30:00,m8_xgb_corrected,perfect_model_baseline,5.677098,5.677098,False,complete
2024-09-30 02:45:00,m8_xgb_corrected,perfect_model_baseline,5.677098,5.677098,False,complete
2024-09-30 03:00:00,m8_xgb_corrected,perfect_model_baseline,5.677098,5.677098,False,complete
2024-09-30 03:15:00,m8_xgb_corrected,perfect_model_baseline,5.698524,5.698524,False,complete
2024-09-30 03:30:00,m8_xgb_corrected,perfect_model_baseline,5.698524,5.698524,False,complete
2024-09-30 03:45:00,m8_xgb_corrected,perfect_model_baseline,5.698524,5.698524,False,complete
2024-09-30 04:00:00,m8_xgb_corrected,perfect_model_baseline,5.698524,5.698524,False,complete
2024-09-30 04:15:00,m8_xgb_corrected,perfect_model_baseline,5.555913,5.555913,False,complete
2024-09-30 04:30:00,m8_xgb_corrected,perfect_model_baseline,5.607228,5.607228,False,complete
2024-09-30 04:45:00,m8_xgb_corrected,perfect_model_baseline,5.607228,5.607228,False,complete
2024-09-30 05:00:00,m8_xgb_corrected,perfect_model_baseline,5.832955,5.832955,False,complete
2024-09-30 05:15:00,m8_xgb_corrected,perfect_model_baseline,6.145239,6.145239,False,complete
2024-09-30 05:30:00,m8_xgb_corrected,perfect_model_baseline,6.145239,6.145239,False,complete
2024-09-30 05:45:00,m8_xgb_corrected,perfect_model_baseline,6.145239,6.145239,False,complete
2024-09-30 06:00:00,m8_xgb_corrected,perfect_model_baseline,6.327608,6.327608,False,complete
2024-09-30 06:15:00,m8_xgb_corrected,perfect_model_baseline,6.568006,6.568006,False,complete
2024-09-30 06:30:00,m8_xgb_corrected,perfect_model_baseline,6.756094,6.756094,False,complete
2024-09-30 06:45:00,m8_xgb_corrected,perfect_model_baseline,6.756094,6.756094,False,complete
2024-09-30 07:00:00,m8_xgb_corrected,perfect_model_baseline,6.32518,6.32518,False,complete
2024-09-30 07:15:00,m8_xgb_corrected,perfect_model_baseline,6.194439,6.194439,False,complete
2024-09-30 07:30:00,m8_xgb_corrected,perfect_model_baseline,5.901531,5.901531,False,complete
2024-09-30 07:45:00,m8_xgb_corrected,perfect_model_baseline,5.159443,5.159443,False,complete
2024-09-30 08:00:00,m8_xgb_corrected,perfect_model_baseline,5.284565,5.284565,False,complete
2024-09-30 08:15:00,m8_xgb_corrected,perfect_model_baseline,3.66899,3.66899,False,complete
2024-09-30 08:30:00,m8_xgb_corrected,perfect_model_baseline,2.582023,2.582023,False,complete
2024-09-30 08:45:00,m8_xgb_corrected,perfect_model_baseline,3.132251,3.132251,False,complete
2024-09-30 09:00:00,m8_xgb_corrected,perfect_model_baseline,4.85936,4.85936,False,complete
2024-09-30 09:15:00,m8_xgb_corrected,perfect_model_baseline,3.416198,3.416198,False,complete
2024-09-30 09:30:00,m8_xgb_corrected,perfect_model_baseline,4.557761,4.557761,False,complete
2024-09-30 09:45:00,m8_xgb_corrected,perfect_model_baseline,2.469335,2.469335,False,complete
2024-09-30 10:00:00,m8_xgb_corrected,perfect_model_baseline,4.281586,4.281586,False,complete
2024-09-30 10:15:00,m8_xgb_corrected,perfect_model_baseline,4.588939,4.588939,False,complete
2024-09-30 10:30:00,m8_xgb_corrected,perfect_model_baseline,2.786135,2.786135,False,complete
2024-09-30 10:45:00,m8_xgb_corrected,perfect_model_baseline,2.203743,2.203743,False,complete
2024-09-30 11:00:00,m8_xgb_corrected,perfect_model_baseline,3.09733,3.09733,False,complete
2024-09-30 11:15:00,m8_xgb_corrected,perfect_model_baseline,2.237374,2.237374,False,complete
2024-09-30 11:30:00,m8_xgb_corrected,perfect_model_baseline,2.99687,2.99687,False,complete
2024-09-30 11:45:00,m8_xgb_corrected,perfect_model_baseline,2.287579,2.287579,False,complete
2024-09-30 12:00:00,m8_xgb_corrected,perfect_model_baseline,2.097089,2.097089,False,complete
2024-09-30 12:15:00,m8_xgb_corrected,perfect_model_baseline,2.623801,2.623801,False,complete
2024-09-30 12:30:00,m8_xgb_corrected,perfect_model_baseline,6.511866,6.511866,False,complete
2024-09-30 12:45:00,m8_xgb_corrected,perfect_model_baseline,3.437506,3.437506,False,complete
2024-09-30 13:00:00,m8_xgb_corrected,perfect_model_baseline,2.123237,2.123237,False,complete
2024-09-30 13:15:00,m8_xgb_corrected,perfect_model_baseline,4.923136,4.923136,False,complete
2024-09-30 13:30:00,m8_xgb_corrected,perfect_model_baseline,3.557742,3.557742,False,complete
2024-09-30 13:45:00,m8_xgb_corrected,perfect_model_baseline,3.17781,3.17781,False,complete
2024-09-30 14:00:00,m8_xgb_corrected,perfect_model_baseline,2.801415,2.801415,False,complete
2024-09-30 14:15:00,m8_xgb_corrected,perfect_model_baseline,3.198132,3.198132,False,complete
2024-09-30 14:30:00,m8_xgb_corrected,perfect_model_baseline,2.779272,2.779272,False,complete
2024-09-30 14:45:00,m8_xgb_corrected,perfect_model_baseline,2.174797,2.174797,False,complete
2024-09-30 15:00:00,m8_xgb_corrected,perfect_model_baseline,2.177198,2.177198,False,complete
2024-09-30 15:15:00,m8_xgb_corrected,perfect_model_baseline,2.042673,2.042673,False,complete
2024-09-30 15:30:00,m8_xgb_corrected,perfect_model_baseline,2.178807,2.178807,False,complete
2024-09-30 15:45:00,m8_xgb_corrected,perfect_model_baseline,2.355797,2.355797,False,complete
2024-09-30 16:00:00,m8_xgb_corrected,perfect_model_baseline,4.13272,4.13272,False,complete
2024-09-30 16:15:00,m8_xgb_corrected,perfect_model_baseline,3.906629,3.906629,False,complete
2024-09-30 16:30:00,m8_xgb_corrected,perfect_model_baseline,6.04644,6.04644,False,complete
2024-09-30 16:45:00,m8_xgb_corrected,perfect_model_baseline,6.137624,6.137624,False,complete
2024-09-30 17:00:00,m8_xgb_corrected,perfect_model_baseline,7.637628,7.637628,False,complete
2024-09-30 17:15:00,m8_xgb_corrected,perfect_model_baseline,8.139658,8.139658,False,complete
2024-09-30 17:30:00,m8_xgb_corrected,perfect_model_baseline,8.828132,8.828132,False,complete
2024-09-30 17:45:00,m8_xgb_corrected,perfect_model_baseline,9.552136,9.552136,False,complete
2024-09-30 18:00:00,m8_xgb_corrected,perfect_model_baseline,10.173052,10.173052,False,complete
2024-09-30 18:15:00,m8_xgb_corrected,perfect_model_baseline,10.548728,10.548728,False,complete
2024-09-30 18:30:00,m8_xgb_corrected,perfect_model_baseline,10.548728,10.548728,False,complete
2024-09-30 18:45:00,m8_xgb_corrected,perfect_model_baseline,10.724346,10.724346,False,complete
2024-09-30 19:00:00,m8_xgb_corrected,perfect_model_baseline,10.498619,10.498619,False,complete
2024-09-30 19:15:00,m8_xgb_corrected,perfect_model_baseline,10.037317,10.037317,False,complete
2024-09-30 19:30:00,m8_xgb_corrected,perfect_model_baseline,10.037317,10.037317,False,complete
2024-09-30 19:45:00,m8_xgb_corrected,perfect_model_baseline,10.037317,10.037317,False,complete
2024-09-30 20:00:00,m8_xgb_corrected,perfect_model_baseline,9.807588,9.807588,False,complete
2024-09-30 20:15:00,m8_xgb_corrected,perfect_model_baseline,9.678557,9.678557,False,complete
2024-09-30 20:30:00,m8_xgb_corrected,perfect_model_baseline,9.38235,9.38235,False,complete
2024-09-30 20:45:00,m8_xgb_corrected,perfect_model_baseline,9.38235,9.38235,False,complete
2024-09-30 21:00:00,m8_xgb_corrected,perfect_model_baseline,9.143741,9.143741,False,complete
2024-09-30 21:15:00,m8_xgb_corrected,perfect_model_baseline,9.059639,9.059639,False,complete
2024-09-30 21:30:00,m8_xgb_corrected,perfect_model_baseline,8.658927,8.658927,False,complete
2024-09-30 21:45:00,m8_xgb_corrected,perfect_model_baseline,8.658927,8.658927,False,complete
2024-09-30 22:00:00,m8_xgb_corrected,perfect_model_baseline,8.405284,8.405284,False,complete
2024-09-30 22:15:00,m8_xgb_corrected,perfect_model_baseline,8.457618,8.457618,False,complete
2024-09-30 22:30:00,m8_xgb_corrected,perfect_model_baseline,8.457618,8.457618,False,complete
2024-09-30 22:45:00,m8_xgb_corrected,perfect_model_baseline,8.24288,8.24288,False,complete
2024-09-30 23:00:00,m8_xgb_corrected,perfect_model_baseline,8.139649,8.139649,False,complete
2024-09-30 23:15:00,m8_xgb_corrected,perfect_model_baseline,8.317368,8.317368,False,complete
2024-09-30 23:30:00,m8_xgb_corrected,perfect_model_baseline,8.317368,8.317368,False,complete
2024-09-30 23:45:00,m8_xgb_corrected,perfect_model_baseline,8.317368,8.317368,False,complete
2024-09-01 00:00:00,reference_corrected,perfect_model_baseline,7.419762,7.419762,False,complete
2024-09-01 00:15:00,reference_corrected,perfect_model_baseline,,,False,complete
2024-09-01 00:30:00,reference_corrected,perfect_model_baseline,7.0927,7.0927,False,complete
2024-09-01 00:45:00,reference_corrected,perfect_model_baseline,7.0927,7.0927,False,complete
2024-09-01 01:00:00,reference_corrected,perfect_model_baseline,7.0927,7.0927,False,complete
2024-09-01 01:15:00,reference_corrected,perfect_model_baseline,6.975753,6.975753,False,complete
2024-09-01 01:30:00,reference_corrected,perfect_model_baseline,6.45842,6.45842,False,complete
2024-09-01 01:45:00,reference_corrected,perfect_model_baseline,6.45842,6.45842,False,complete
2024-09-01 02:00:00,reference_corrected,perfect_model_baseline,6.264751,6.264751,False,complete
2024-09-01 02:15:00,reference_corrected,perfect_model_baseline,6.264751,6.264751,False,complete
2024-09-01 02:30:00,reference_corrected,perfect_model_baseline,6.018404,6.018404,False,complete
2024-09-01 02:45:00,reference_corrected,perfect_model_baseline,5.975326,5.975326,False,complete
2024-09-01 03:00:00,reference_corrected,perfect_model_baseline,5.975326,5.975326,False,complete
2024-09-01 03:15:00,reference_corrected,perfect_model_baseline,5.794437,5.794437,False,complete
2024-09-01 03:30:00,reference_corrected,perfect_model_baseline,5.527672,5.527672,False,complete
2024-09-01 03:45:00,reference_corrected,perfect_model_baseline,5.527672,5.527672,False,complete
2024-09-01 04:00:00,reference_corrected,perfect_model_baseline,5.527672,5.527672,False,complete
2024-09-01 04:15:00,reference_corrected,perfect_model_baseline,5.527672,5.527672,False,complete
2024-09-01 04:30:00,reference_corrected,perfect_model_baseline,5.502798,5.502798,False,complete
2024-09-01 04:45:00,reference_corrected,perfect_model_baseline,5.502798,5.502798,False,complete
2024-09-01 05:00:00,reference_corrected,perfect_model_baseline,5.497718,5.497718,False,complete
2024-09-01 05:15:00,reference_corrected,perfect_model_baseline,5.497718,5.497718,False,complete
2024-09-01 05:30:00,reference_corrected,perfect_model_baseline,5.595233,5.595233,False,complete
2024-09-01 05:45:00,reference_corrected,perfect_model_baseline,5.595233,5.595233,False,complete
2024-09-01 06:00:00,reference_corrected,perfect_model_baseline,5.595233,5.595233,False,complete
2024-09-01 06:15:00,reference_corrected,perfect_model_baseline,5.595233,5.595233,False,complete
2024-09-01 06:30:00,reference_corrected,perfect_model_baseline,5.536088,5.536088,False,complete
2024-09-01 06:45:00,reference_corrected,perfect_model_baseline,5.536088,5.536088,False,complete
2024-09-01 07:00:00,reference_corrected,perfect_model_baseline,4.985183,4.985183,False,complete
2024-09-01 07:15:00,reference_corrected,perfect_model_baseline,4.761029,4.761029,False,complete
2024-09-01 07:30:00,reference_corrected,perfect_model_baseline,4.087097,4.087097,False,complete
2024-09-01 07:45:00,reference_corrected,perfect_model_baseline,3.475191,3.475191,False,complete
2024-09-01 08:00:00,reference_corrected,perfect_model_baseline,2.612126,2.612126,False,complete
2024-09-01 08:15:00,reference_corrected,perfect_model_baseline,2.292951,2.292951,False,complete
2024-09-01 08:30:00,reference_corrected,perfect_model_baseline,1.736174,1.736174,False,complete
2024-09-01 08:45:00,reference_corrected,perfect_model_baseline,1.540038,1.540038,False,complete
2024-09-01 09:00:00,reference_corrected,perfect_model_baseline,-1.540038,-1.540038,False,complete
2024-09-01 09:15:00,reference_corrected,perfect_model_baseline,-1.987196,-1.987196,False,complete
2024-09-01 09:30:00,reference_corrected,perfect_model_baseline,-2.639596,-2.639596,False,complete
2024-09-01 09:45:00,reference_corrected,perfect_model_baseline,-3.259874,-3.259874,False,complete
2024-09-01 10:00:00,reference_corrected,perfect_model_baseline,-3.482946,-3.482946,False,complete
2024-09-01 10:15:00,reference_corrected,perfect_model_baseline,-4.151008,-4.151008,False,complete
2024-09-01 10:30:00,reference_corrected,perfect_model_baseline,-4.694655,-4.694655,False,complete
2024-09-01 10:45:00,reference_corrected,perfect_model_baseline,-5.093699,-5.093699,False,complete
2024-09-01 11:00:00,reference_corrected,perfect_model_baseline,-5.316181,-5.316181,False,complete
2024-09-01 11:15:00,reference_corrected,perfect_model_baseline,-5.76134,-5.76134,False,complete
2024-09-01 11:30:00,reference_corrected,perfect_model_baseline,-5.991692,-5.991692,False,complete
2024-09-01 11:45:00,reference_corrected,perfect_model_baseline,-6.171315,-6.171315,False,complete
2024-09-01 12:00:00,reference_corrected,perfect_model_baseline,-6.171315,-6.171315,False,complete
2024-09-01 12:15:00,reference_corrected,perfect_model_baseline,-6.171315,-6.171315,False,complete
2024-09-01 12:30:00,reference_corrected,perfect_model_baseline,-6.228107,-6.228107,False,complete
2024-09-01 12:45:00,reference_corrected,perfect_model_baseline,-6.228107,-6.228107,False,complete
2024-09-01 13:00:00,reference_corrected,perfect_model_baseline,-6.065597,-6.065597,False,complete
2024-09-01 13:15:00,reference_corrected,perfect_model_baseline,-5.757546,-5.757546,False,complete
2024-09-01 13:30:00,reference_corrected,perfect_model_baseline,-5.290561,-5.290561,False,complete
2024-09-01 13:45:00,reference_corrected,perfect_model_baseline,-4.872121,-4.872121,False,complete
2024-09-01 14:00:00,reference_corrected,perfect_model_baseline,-4.426863,-4.426863,False,complete
2024-09-01 14:15:00,reference_corrected,perfect_model_baseline,-3.981605,-3.981605,False,complete
2024-09-01 14:30:00,reference_corrected,perfect_model_baseline,-3.328649,-3.328649,False,complete
2024-09-01 14:45:00,reference_corrected,perfect_model_baseline,-2.603608,-2.603608,False,complete
2024-09-01 15:00:00,reference_corrected,perfect_model_baseline,-1.792847,-1.792847,False,complete
2024-09-01 15:15:00,reference_corrected,perfect_model_baseline,-1.571349,-1.571349,False,complete
2024-09-01 15:30:00,reference_corrected,perfect_model_baseline,1.792166,1.792166,False,complete
2024-09-01 15:45:00,reference_corrected,perfect_model_baseline,2.182104,2.182104,False,complete
2024-09-01 16:00:00,reference_corrected,perfect_model_baseline,2.932575,2.932575,False,complete
2024-09-01 16:15:00,reference_corrected,perfect_model_baseline,4.017673,4.017673,False,complete
2024-09-01 16:30:00,reference_corrected,perfect_model_baseline,5.238444,5.238444,False,complete
2024-09-01 16:45:00,reference_corrected,perfect_model_baseline,6.304026,6.304026,False,complete
2024-09-01 17:00:00,reference_corrected,perfect_model_baseline,7.35497,7.35497,False,complete
2024-09-01 17:15:00,reference_corrected,perfect_model_baseline,8.162086,8.162086,False,complete
2024-09-01 17:30:00,reference_corrected,perfect_model_baseline,8.866188,8.866188,False,complete
2024-09-01 17:45:00,reference_corrected,perfect_model_baseline,9.372046,9.372046,False,complete
2024-09-01 18:00:00,reference_corrected,perfect_model_baseline,9.595905,9.595905,False,complete
2024-09-01 18:15:00,reference_corrected,perfect_model_baseline,10.043424,10.043424,False,complete
2024-09-01 18:30:00,reference_corrected,perfect_model_baseline,9.914177,9.914177,False,complete
2024-09-01 18:45:00,reference_corrected,perfect_model_baseline,9.914177,9.914177,False,complete
2024-09-01 19:00:00,reference_corrected,perfect_model_baseline,9.802342,9.802342,False,complete
2024-09-01 19:15:00,reference_corrected,perfect_model_baseline,9.587472,9.587472,False,complete
2024-09-01 19:30:00,reference_corrected,perfect_model_baseline,9.240528,9.240528,False,complete
2024-09-01 19:45:00,reference_corrected,perfect_model_baseline,9.162829,9.162829,False,complete
2024-09-01 20:00:00,reference_corrected,perfect_model_baseline,8.955914,8.955914,False,complete
2024-09-01 20:15:00,reference_corrected,perfect_model_baseline,8.731466,8.731466,False,complete
2024-09-01 20:30:00,reference_corrected,perfect_model_baseline,8.532222,8.532222,False,complete
2024-09-01 20:45:00,reference_corrected,perfect_model_baseline,8.532222,8.532222,False,complete
2024-09-01 21:00:00,reference_corrected,perfect_model_baseline,8.359114,8.359114,False,complete
2024-09-01 21:15:00,reference_corrected,perfect_model_baseline,8.359114,8.359114,False,complete
2024-09-01 21:30:00,reference_corrected,perfect_model_baseline,7.835255,7.835255,False,complete
2024-09-01 21:45:00,reference_corrected,perfect_model_baseline,7.835255,7.835255,False,complete
2024-09-01 22:00:00,reference_corrected,perfect_model_baseline,7.835255,7.835255,False,complete
2024-09-01 22:15:00,reference_corrected,perfect_model_baseline,7.835255,7.835255,False,complete
2024-09-01 22:30:00,reference_corrected,perfect_model_baseline,7.709251,7.709251,False,complete
2024-09-01 22:45:00,reference_corrected,perfect_model_baseline,7.709251,7.709251,False,complete
2024-09-01 23:00:00,reference_corrected,perfect_model_baseline,7.605523,7.605523,False,complete
2024-09-01 23:15:00,reference_corrected,perfect_model_baseline,7.663249,7.663249,False,complete
2024-09-01 23:30:00,reference_corrected,perfect_model_baseline,7.513606,7.513606,False,complete
2024-09-01 23:45:00,reference_corrected,perfect_model_baseline,7.19249,7.19249,False,complete
2024-09-02 00:00:00,reference_corrected,perfect_model_baseline,7.140671,7.140671,False,complete
2024-09-02 00:15:00,reference_corrected,perfect_model_baseline,,,False,complete
2024-09-02 00:30:00,reference_corrected,perfect_model_baseline,6.912183,6.912183,False,complete
2024-09-02 00:45:00,reference_corrected,perfect_model_baseline,6.868978,6.868978,False,complete
2024-09-02 01:00:00,reference_corrected,perfect_model_baseline,6.868978,6.868978,False,complete
2024-09-02 01:15:00,reference_corrected,perfect_model_baseline,6.713384,6.713384,False,complete
2024-09-02 01:30:00,reference_corrected,perfect_model_baseline,6.317566,6.317566,False,complete
2024-09-02 01:45:00,reference_corrected,perfect_model_baseline,6.231127,6.231127,False,complete
2024-09-02 02:00:00,reference_corrected,perfect_model_baseline,6.231127,6.231127,False,complete
2024-09-02 02:15:00,reference_corrected,perfect_model_baseline,6.231127,6.231127,False,complete
2024-09-02 02:30:00,reference_corrected,perfect_model_baseline,5.870005,5.870005,False,complete
2024-09-02 02:45:00,reference_corrected,perfect_model_baseline,5.870005,5.870005,False,complete
2024-09-02 03:00:00,reference_corrected,perfect_model_baseline,5.870005,5.870005,False,complete
2024-09-02 03:15:00,reference_corrected,perfect_model_baseline,5.775211,5.775211,False,complete
2024-09-02 03:30:00,reference_corrected,perfect_model_baseline,5.55922,5.55922,False,complete
2024-09-02 03:45:00,reference_corrected,perfect_model_baseline,5.55922,5.55922,False,complete
2024-09-02 04:00:00,reference_corrected,perfect_model_baseline,5.55922,5.55922,False,complete
2024-09-02 04:15:00,reference_corrected,perfect_model_baseline,5.55922,5.55922,False,complete
2024-09-02 04:30:00,reference_corrected,perfect_model_baseline,5.557769,5.557769,False,complete
2024-09-02 04:45:00,reference_corrected,perfect_model_baseline,5.557769,5.557769,False,complete
2024-09-02 05:00:00,reference_corrected,perfect_model_baseline,5.557769,5.557769,False,complete
2024-09-02 05:15:00,reference_corrected,perfect_model_baseline,5.757103,5.757103,False,complete
2024-09-02 05:30:00,reference_corrected,perfect_model_baseline,6.001531,6.001531,False,complete
2024-09-02 05:45:00,reference_corrected,perfect_model_baseline,6.114228,6.114228,False,complete
2024-09-02 06:00:00,reference_corrected,perfect_model_baseline,6.424685,6.424685,False,complete
2024-09-02 06:15:00,reference_corrected,perfect_model_baseline,6.424685,6.424685,False,complete
2024-09-02 06:30:00,reference_corrected,perfect_model_baseline,6.399819,6.399819,False,complete
2024-09-02 06:45:00,reference_corrected,perfect_model_baseline,6.399819,6.399819,False,complete
2024-09-02 07:00:00,reference_corrected,perfect_model_baseline,5.961478,5.961478,False,complete
2024-09-02 07:15:00,reference_corrected,perfect_model_baseline,5.222945,5.222945,False,complete
2024-09-02 07:30:00,reference_corrected,perfect_model_baseline,4.316673,4.316673,False,complete
2024-09-02 07:45:00,reference_corrected,perfect_model_baseline,3.548848,3.548848,False,complete
2024-09-02 08:00:00,reference_corrected,perfect_model_baseline,2.720227,2.720227,False,complete
2024-09-02 08:15:00,reference_corrected,perfect_model_baseline,1.853684,1.853684,False,complete
2024-09-02 08:30:00,reference_corrected,perfect_model_baseline,1.581858,1.581858,False,complete
2024-09-02 08:45:00,reference_corrected,perfect_model_baseline,-1.50444,-1.50444,False,complete
2024-09-02 09:00:00,reference_corrected,perfect_model_baseline,-1.985861,-1.985861,False,complete
2024-09-02 09:15:00,reference_corrected,perfect_model_baseline,-2.683851,-2.683851,False,complete
2024-09-02 09:30:00,reference_corrected,perfect_model_baseline,-3.535526,-3.535526,False,complete
2024-09-02 09:45:00,reference_corrected,perfect_model_baseline,-4.465232,-4.465232,False,complete
2024-09-02 10:00:00,reference_corrected,perfect_model_baseline,-5.066738,-5.066738,False,complete
2024-09-02 10:15:00,reference_corrected,perfect_model_baseline,-5.509536,-5.509536,False,complete
2024-09-02 10:30:00,reference_corrected,perfect_model_baseline,-6.013331,-6.013331,False,complete
2024-09-02 10:45:00,reference_corrected,perfect_model_baseline,-6.423495,-6.423495,False,complete
2024-09-02 11:00:00,reference_corrected,perfect_model_baseline,-6.86826,-6.86826,False,complete
2024-09-02 11:15:00,reference_corrected,perfect_model_baseline,-7.090545,-7.090545,False,complete
2024-09-02 11:30:00,reference_corrected,perfect_model_baseline,-7.130858,-7.130858,False,complete
2024-09-02 11:45:00,reference_corrected,perfect_model_baseline,-7.258991,-7.258991,False,complete
2024-09-02 12:00:00,reference_corrected,perfect_model_baseline,-7.258991,-7.258991,False,complete
2024-09-02 12:15:00,reference_corrected,perfect_model_baseline,-7.036903,-7.036903,False,complete
2024-09-02 12:30:00,reference_corrected,perfect_model_baseline,-7.102094,-7.102094,False,complete
2024-09-02 12:45:00,reference_corrected,perfect_model_baseline,-6.931407,-6.931407,False,complete
2024-09-02 13:00:00,reference_corrected,perfect_model_baseline,-6.931407,-6.931407,False,complete
2024-09-02 13:15:00,reference_corrected,perfect_model_baseline,-6.410686,-6.410686,False,complete
2024-09-02 13:30:00,reference_corrected,perfect_model_baseline,-6.069425,-6.069425,False,complete
2024-09-02 13:45:00,reference_corrected,perfect_model_baseline,-5.746445,-5.746445,False,complete
2024-09-02 14:00:00,reference_corrected,perfect_model_baseline,-5.21118,-5.21118,False,complete
2024-09-02 14:15:00,reference_corrected,perfect_model_baseline,-4.483561,-4.483561,False,complete
2024-09-02 14:30:00,reference_corrected,perfect_model_baseline,-3.810072,-3.810072,False,complete
2024-09-02 14:45:00,reference_corrected,perfect_model_baseline,-3.201528,-3.201528,False,complete
2024-09-02 15:00:00,reference_corrected,perfect_model_baseline,-2.530155,-2.530155,False,complete
2024-09-02 15:15:00,reference_corrected,perfect_model_baseline,-1.95416,-1.95416,False,complete
2024-09-02 15:30:00,reference_corrected,perfect_model_baseline,-1.507167,-1.507167,False,complete
2024-09-02 15:45:00,reference_corrected,perfect_model_baseline,1.507167,1.507167,False,complete
2024-09-02 16:00:00,reference_corrected,perfect_model_baseline,2.222536,2.222536,False,complete
2024-09-02 16:15:00,reference_corrected,perfect_model_baseline,3.320088,3.320088,False,complete
2024-09-02 16:30:00,reference_corrected,perfect_model_baseline,4.5355,4.5355,False,complete
2024-09-02 16:45:00,reference_corrected,perfect_model_baseline,5.636723,5.636723,False,complete
2024-09-02 17:00:00,reference_corrected,perfect_model_baseline,6.977897,6.977897,False,complete
2024-09-02 17:15:00,reference_corrected,perfect_model_baseline,8.051849,8.051849,False,complete
2024-09-02 17:30:00,reference_corrected,perfect_model_baseline,8.885612,8.885612,False,complete
2024-09-02 17:45:00,reference_corrected,perfect_model_baseline,9.542776,9.542776,False,complete
2024-09-02 18:00:00,reference_corrected,perfect_model_baseline,10.074515,10.074515,False,complete
2024-09-02 18:15:00,reference_corrected,perfect_model_baseline,10.074515,10.074515,False,complete
2024-09-02 18:30:00,reference_corrected,perfect_model_baseline,10.143349,10.143349,False,complete
2024-09-02 18:45:00,reference_corrected,perfect_model_baseline,9.918803,9.918803,False,complete
2024-09-02 19:00:00,reference_corrected,perfect_model_baseline,9.616796,9.616796,False,complete
2024-09-02 19:15:00,reference_corrected,perfect_model_baseline,9.616796,9.616796,False,complete
2024-09-02 19:30:00,reference_corrected,perfect_model_baseline,9.298083,9.298083,False,complete
2024-09-02 19:45:00,reference_corrected,perfect_model_baseline,9.177682,9.177682,False,complete
2024-09-02 20:00:00,reference_corrected,perfect_model_baseline,9.177682,9.177682,False,complete
2024-09-02 20:15:00,reference_corrected,perfect_model_baseline,8.688437,8.688437,False,complete
2024-09-02 20:30:00,reference_corrected,perfect_model_baseline,8.588947,8.588947,False,complete
2024-09-02 20:45:00,reference_corrected,perfect_model_baseline,8.459795,8.459795,False,complete
2024-09-02 21:00:00,reference_corrected,perfect_model_baseline,8.459795,8.459795,False,complete
2024-09-02 21:15:00,reference_corrected,perfect_model_baseline,8.244736,8.244736,False,complete
2024-09-02 21:30:00,reference_corrected,perfect_model_baseline,7.886482,7.886482,False,complete
2024-09-02 21:45:00,reference_corrected,perfect_model_baseline,7.808847,7.808847,False,complete
2024-09-02 22:00:00,reference_corrected,perfect_model_baseline,7.808847,7.808847,False,complete
2024-09-02 22:15:00,reference_corrected,perfect_model_baseline,8.266483,8.266483,False,complete
2024-09-02 22:30:00,reference_corrected,perfect_model_baseline,7.981574,7.981574,False,complete
2024-09-02 22:45:00,reference_corrected,perfect_model_baseline,7.929837,7.929837,False,complete
2024-09-02 23:00:00,reference_corrected,perfect_model_baseline,7.809189,7.809189,False,complete
2024-09-02 23:15:00,reference_corrected,perfect_model_baseline,8.033245,8.033245,False,complete
2024-09-02 23:30:00,reference_corrected,perfect_model_baseline,7.712044,7.712044,False,complete
2024-09-02 23:45:00,reference_corrected,perfect_model_baseline,7.712044,7.712044,False,complete
2024-09-03 00:00:00,reference_corrected,perfect_model_baseline,7.712044,7.712044,False,complete
2024-09-03 00:15:00,reference_corrected,perfect_model_baseline,3.731378,3.731378,False,complete
2024-09-03 00:30:00,reference_corrected,perfect_model_baseline,7.401765,7.401765,False,complete
2024-09-03 00:45:00,reference_corrected,perfect_model_baseline,7.324402,7.324402,False,complete
2024-09-03 01:00:00,reference_corrected,perfect_model_baseline,7.39531,7.39531,False,complete
2024-09-03 01:15:00,reference_corrected,perfect_model_baseline,7.186946,7.186946,False,complete
2024-09-03 01:30:00,reference_corrected,perfect_model_baseline,6.709822,6.709822,False,complete
2024-09-03 01:45:00,reference_corrected,perfect_model_baseline,6.649291,6.649291,False,complete
2024-09-03 02:00:00,reference_corrected,perfect_model_baseline,6.649291,6.649291,False,complete
2024-09-03 02:15:00,reference_corrected,perfect_model_baseline,6.653832,6.653832,False,complete
2024-09-03 02:30:00,reference_corrected,perfect_model_baseline,6.263836,6.263836,False,complete
2024-09-03 02:45:00,reference_corrected,perfect_model_baseline,6.246365,6.246365,False,complete
2024-09-03 03:00:00,reference_corrected,perfect_model_baseline,6.083713,6.083713,False,complete
2024-09-03 03:15:00,reference_corrected,perfect_model_baseline,6.083713,6.083713,False,complete
2024-09-03 03:30:00,reference_corrected,perfect_model_baseline,5.921563,5.921563,False,complete
2024-09-03 03:45:00,reference_corrected,perfect_model_baseline,5.800821,5.800821,False,complete
2024-09-03 04:00:00,reference_corrected,perfect_model_baseline,5.800821,5.800821,False,complete
2024-09-03 04:15:00,reference_corrected,perfect_model_baseline,5.800821,5.800821,False,complete
2024-09-03 04:30:00,reference_corrected,perfect_model_baseline,5.730634,5.730634,False,complete
2024-09-03 04:45:00,reference_corrected,perfect_model_baseline,5.730634,5.730634,False,complete
2024-09-03 05:00:00,reference_corrected,perfect_model_baseline,5.730634,5.730634,False,complete
2024-09-03 05:15:00,reference_corrected,perfect_model_baseline,6.239014,6.239014,False,complete
2024-09-03 05:30:00,reference_corrected,perfect_model_baseline,6.322711,6.322711,False,complete
2024-09-03 05:45:00,reference_corrected,perfect_model_baseline,6.661918,6.661918,False,complete
2024-09-03 06:00:00,reference_corrected,perfect_model_baseline,6.883875,6.883875,False,complete
2024-09-03 06:15:00,reference_corrected,perfect_model_baseline,6.920828,6.920828,False,complete
2024-09-03 06:30:00,reference_corrected,perfect_model_baseline,7.037734,7.037734,False,complete
2024-09-03 06:45:00,reference_corrected,perfect_model_baseline,7.037734,7.037734,False,complete
2024-09-03 07:00:00,reference_corrected,perfect_model_baseline,6.495311,6.495311,False,complete
2024-09-03 07:15:00,reference_corrected,perfect_model_baseline,5.948001,5.948001,False,complete
2024-09-03 07:30:00,reference_corrected,perfect_model_baseline,5.074307,5.074307,False,complete
2024-09-03 07:45:00,reference_corrected,perfect_model_baseline,4.256625,4.256625,False,complete
2024-09-03 08:00:00,reference_corrected,perfect_model_baseline,3.152997,3.152997,False,complete
2024-09-03 08:15:00,reference_corrected,perfect_model_baseline,2.147538,2.147538,False,complete
2024-09-03 08:30:00,reference_corrected,perfect_model_baseline,-1.583206,-1.583206,False,complete
2024-09-03 08:45:00,reference_corrected,perfect_model_baseline,-1.625447,-1.625447,False,complete
2024-09-03 09:00:00,reference_corrected,perfect_model_baseline,-2.197311,-2.197311,False,complete
2024-09-03 09:15:00,reference_corrected,perfect_model_baseline,-2.758214,-2.758214,False,complete
2024-09-03 09:30:00,reference_corrected,perfect_model_baseline,-3.748156,-3.748156,False,complete
2024-09-03 09:45:00,reference_corrected,perfect_model_baseline,-4.505136,-4.505136,False,complete
2024-09-03 10:00:00,reference_corrected,perfect_model_baseline,-5.190559,-5.190559,False,complete
2024-09-03 10:15:00,reference_corrected,perfect_model_baseline,-5.731193,-5.731193,False,complete
2024-09-03 10:30:00,reference_corrected,perfect_model_baseline,-6.338033,-6.338033,False,complete
2024-09-03 10:45:00,reference_corrected,perfect_model_baseline,-6.827823,-6.827823,False,complete
2024-09-03 11:00:00,reference_corrected,perfect_model_baseline,-6.811159,-6.811159,False,complete
2024-09-03 11:15:00,reference_corrected,perfect_model_baseline,-6.811159,-6.811159,False,complete
2024-09-03 11:30:00,reference_corrected,perfect_model_baseline,-7.311727,-7.311727,False,complete
2024-09-03 11:45:00,reference_corrected,perfect_model_baseline,-7.311727,-7.311727,False,complete
2024-09-03 12:00:00,reference_corrected,perfect_model_baseline,-7.311727,-7.311727,False,complete
2024-09-03 12:15:00,reference_corrected,perfect_model_baseline,-7.311727,-7.311727,False,complete
2024-09-03 12:30:00,reference_corrected,perfect_model_baseline,-7.391595,-7.391595,False,complete
2024-09-03 12:45:00,reference_corrected,perfect_model_baseline,-7.391595,-7.391595,False,complete
2024-09-03 13:00:00,reference_corrected,perfect_model_baseline,-7.391595,-7.391595,False,complete
2024-09-03 13:15:00,reference_corrected,perfect_model_baseline,-7.08368,-7.08368,False,complete
2024-09-03 13:30:00,reference_corrected,perfect_model_baseline,-6.680049,-6.680049,False,complete
2024-09-03 13:45:00,reference_corrected,perfect_model_baseline,-6.414937,-6.414937,False,complete
2024-09-03 14:00:00,reference_corrected,perfect_model_baseline,-5.970172,-5.970172,False,complete
2024-09-03 14:15:00,reference_corrected,perfect_model_baseline,-5.525406,-5.525406,False,complete
2024-09-03 14:30:00,reference_corrected,perfect_model_baseline,-4.89355,-4.89355,False,complete
2024-09-03 14:45:00,reference_corrected,perfect_model_baseline,-4.274619,-4.274619,False,complete
2024-09-03 15:00:00,reference_corrected,perfect_model_baseline,-3.489404,-3.489404,False,complete
2024-09-03 15:15:00,reference_corrected,perfect_model_baseline,-2.700549,-2.700549,False,complete
2024-09-03 15:30:00,reference_corrected,perfect_model_baseline,-2.113416,-2.113416,False,complete
2024-09-03 15:45:00,reference_corrected,perfect_model_baseline,-1.94862,-1.94862,False,complete
2024-09-03 16:00:00,reference_corrected,perfect_model_baseline,1.97598,1.97598,False,complete
2024-09-03 16:15:00,reference_corrected,perfect_model_baseline,2.832183,2.832183,False,complete
2024-09-03 16:30:00,reference_corrected,perfect_model_baseline,4.198772,4.198772,False,complete
2024-09-03 16:45:00,reference_corrected,perfect_model_baseline,5.408571,5.408571,False,complete
2024-09-03 17:00:00,reference_corrected,perfect_model_baseline,6.756113,6.756113,False,complete
2024-09-03 17:15:00,reference_corrected,perfect_model_baseline,7.905604,7.905604,False,complete
2024-09-03 17:30:00,reference_corrected,perfect_model_baseline,8.904406,8.904406,False,complete
2024-09-03 17:45:00,reference_corrected,perfect_model_baseline,9.857162,9.857162,False,complete
2024-09-03 18:00:00,reference_corrected,perfect_model_baseline,10.722673,10.722673,False,complete
2024-09-03 18:15:00,reference_corrected,perfect_model_baseline,10.947909,10.947909,False,complete
2024-09-03 18:30:00,reference_corrected,perfect_model_baseline,11.17635,11.17635,False,complete
2024-09-03 18:45:00,reference_corrected,perfect_model_baseline,10.967315,10.967315,False,complete
2024-09-03 19:00:00,reference_corrected,perfect_model_baseline,10.967315,10.967315,False,complete
2024-09-03 19:15:00,reference_corrected,perfect_model_baseline,10.734234,10.734234,False,complete
2024-09-03 19:30:00,reference_corrected,perfect_model_baseline,10.687222,10.687222,False,complete
2024-09-03 19:45:00,reference_corrected,perfect_model_baseline,10.55777,10.55777,False,complete
2024-09-03 20:00:00,reference_corrected,perfect_model_baseline,10.55777,10.55777,False,complete
2024-09-03 20:15:00,reference_corrected,perfect_model_baseline,10.065691,10.065691,False,complete
2024-09-03 20:30:00,reference_corrected,perfect_model_baseline,10.025168,10.025168,False,complete
2024-09-03 20:45:00,reference_corrected,perfect_model_baseline,9.89524,9.89524,False,complete
2024-09-03 21:00:00,reference_corrected,perfect_model_baseline,9.89524,9.89524,False,complete
2024-09-03 21:15:00,reference_corrected,perfect_model_baseline,9.660933,9.660933,False,complete
2024-09-03 21:30:00,reference_corrected,perfect_model_baseline,9.305013,9.305013,False,complete
2024-09-03 21:45:00,reference_corrected,perfect_model_baseline,9.192733,9.192733,False,complete
2024-09-03 22:00:00,reference_corrected,perfect_model_baseline,8.925373,8.925373,False,complete
2024-09-03 22:15:00,reference_corrected,perfect_model_baseline,9.373384,9.373384,False,complete
2024-09-03 22:30:00,reference_corrected,perfect_model_baseline,9.17068,9.17068,False,complete
2024-09-03 22:45:00,reference_corrected,perfect_model_baseline,9.101928,9.101928,False,complete
2024-09-03 23:00:00,reference_corrected,perfect_model_baseline,8.90416,8.90416,False,complete
2024-09-03 23:15:00,reference_corrected,perfect_model_baseline,8.90416,8.90416,False,complete
2024-09-03 23:30:00,reference_corrected,perfect_model_baseline,8.621315,8.621315,False,complete
2024-09-03 23:45:00,reference_corrected,perfect_model_baseline,8.681816,8.681816,False,complete
2024-09-04 00:00:00,reference_corrected,perfect_model_baseline,8.681816,8.681816,False,complete
2024-09-04 00:15:00,reference_corrected,perfect_model_baseline,,,False,complete
2024-09-04 00:30:00,reference_corrected,perfect_model_baseline,8.430261,8.430261,False,complete
2024-09-04 00:45:00,reference_corrected,perfect_model_baseline,8.334581,8.334581,False,complete
2024-09-04 01:00:00,reference_corrected,perfect_model_baseline,8.334581,8.334581,False,complete
2024-09-04 01:15:00,reference_corrected,perfect_model_baseline,8.109021,8.109021,False,complete
2024-09-04 01:30:00,reference_corrected,perfect_model_baseline,7.58906,7.58906,False,complete
2024-09-04 01:45:00,reference_corrected,perfect_model_baseline,7.341726,7.341726,False,complete
2024-09-04 02:00:00,reference_corrected,perfect_model_baseline,7.341726,7.341726,False,complete
2024-09-04 02:15:00,reference_corrected,perfect_model_baseline,7.11826,7.11826,False,complete
2024-09-04 02:30:00,reference_corrected,perfect_model_baseline,6.745117,6.745117,False,complete
2024-09-04 02:45:00,reference_corrected,perfect_model_baseline,6.745117,6.745117,False,complete
2024-09-04 03:00:00,reference_corrected,perfect_model_baseline,6.658859,6.658859,False,complete
2024-09-04 03:15:00,reference_corrected,perfect_model_baseline,6.658859,6.658859,False,complete
2024-09-04 03:30:00,reference_corrected,perfect_model_baseline,6.460384,6.460384,False,complete
2024-09-04 03:45:00,reference_corrected,perfect_model_baseline,6.460384,6.460384,False,complete
2024-09-04 04:00:00,reference_corrected,perfect_model_baseline,6.40879,6.40879,False,complete
2024-09-04 04:15:00,reference_corrected,perfect_model_baseline,6.40879,6.40879,False,complete
2024-09-04 04:30:00,reference_corrected,perfect_model_baseline,6.586691,6.586691,False,complete
2024-09-04 04:45:00,reference_corrected,perfect_model_baseline,6.586691,6.586691,False,complete
2024-09-04 05:00:00,reference_corrected,perfect_model_baseline,6.707502,6.707502,False,complete
2024-09-04 05:15:00,reference_corrected,perfect_model_baseline,7.147765,7.147765,False,complete
2024-09-04 05:30:00,reference_corrected,perfect_model_baseline,7.331725,7.331725,False,complete
2024-09-04 05:45:00,reference_corrected,perfect_model_baseline,7.79379,7.79379,False,complete
2024-09-04 06:00:00,reference_corrected,perfect_model_baseline,8.284285,8.284285,False,complete
2024-09-04 06:15:00,reference_corrected,perfect_model_baseline,8.768672,8.768672,False,complete
2024-09-04 06:30:00,reference_corrected,perfect_model_baseline,9.008729,9.008729,False,complete
2024-09-04 06:45:00,reference_corrected,perfect_model_baseline,9.008729,9.008729,False,complete
2024-09-04 07:00:00,reference_corrected,perfect_model_baseline,8.477732,8.477732,False,complete
2024-09-04 07:15:00,reference_corrected,perfect_model_baseline,7.928161,7.928161,False,complete
2024-09-04 07:30:00,reference_corrected,perfect_model_baseline,7.111864,7.111864,False,complete
2024-09-04 07:45:00,reference_corrected,perfect_model_baseline,6.275423,6.275423,False,complete
2024-09-04 08:00:00,reference_corrected,perfect_model_baseline,5.014544,5.014544,False,complete
2024-09-04 08:15:00,reference_corrected,perfect_model_baseline,4.894676,4.894676,False,complete
2024-09-04 08:30:00,reference_corrected,perfect_model_baseline,2.969365,2.969365,False,complete
2024-09-04 08:45:00,reference_corrected,perfect_model_baseline,1.493849,1.493849,False,complete
2024-09-04 09:00:00,reference_corrected,perfect_model_baseline,-1.493849,-1.493849,False,complete
2024-09-04 09:15:00,reference_corrected,perfect_model_baseline,-1.761416,-1.761416,False,complete
2024-09-04 09:30:00,reference_corrected,perfect_model_baseline,-2.56582,-2.56582,False,complete
2024-09-04 09:45:00,reference_corrected,perfect_model_baseline,-3.380482,-3.380482,False,complete
2024-09-04 10:00:00,reference_corrected,perfect_model_baseline,-4.221523,-4.221523,False,complete
2024-09-04 10:15:00,reference_corrected,perfect_model_baseline,-4.862457,-4.862457,False,complete
2024-09-04 10:30:00,reference_corrected,perfect_model_baseline,-5.623912,-5.623912,False,complete
2024-09-04 10:45:00,reference_corrected,perfect_model_baseline,-6.173283,-6.173283,False,complete
2024-09-04 11:00:00,reference_corrected,perfect_model_baseline,-6.395077,-6.395077,False,complete
2024-09-04 11:15:00,reference_corrected,perfect_model_baseline,-6.597159,-6.597159,False,complete
2024-09-04 11:30:00,reference_corrected,perfect_model_baseline,-6.79668,-6.79668,False,complete
2024-09-04 11:45:00,reference_corrected,perfect_model_baseline,-6.79668,-6.79668,False,complete
2024-09-04 12:00:00,reference_corrected,perfect_model_baseline,-6.79668,-6.79668,False,complete
2024-09-04 12:15:00,reference_corrected,perfect_model_baseline,-6.79668,-6.79668,False,complete
2024-09-04 12:30:00,reference_corrected,perfect_model_baseline,-6.942981,-6.942981,False,complete
2024-09-04 12:45:00,reference_corrected,perfect_model_baseline,-6.942981,-6.942981,False,complete
2024-09-04 13:00:00,reference_corrected,perfect_model_baseline,-6.712354,-6.712354,False,complete
2024-09-04 13:15:00,reference_corrected,perfect_model_baseline,-6.712354,-6.712354,False,complete
2024-09-04 13:30:00,reference_corrected,perfect_model_baseline,-6.28449,-6.28449,False,complete
2024-09-04 13:45:00,reference_corrected,perfect_model_baseline,-5.960907,-5.960907,False,complete
2024-09-04 14:00:00,reference_corrected,perfect_model_baseline,-5.73882,-5.73882,False,complete
2024-09-04 14:15:00,reference_corrected,perfect_model_baseline,-5.227474,-5.227474,False,complete
2024-09-04 14:30:00,reference_corrected,perfect_model_baseline,-4.393119,-4.393119,False,complete
2024-09-04 14:45:00,reference_corrected,perfect_model_baseline,-3.622981,-3.622981,False,complete
2024-09-04 15:00:00,reference_corrected,perfect_model_baseline,-2.951506,-2.951506,False,complete
2024-09-04 15:15:00,reference_corrected,perfect_model_baseline,-2.243254,-2.243254,False,complete
2024-09-04 15:30:00,reference_corrected,perfect_model_baseline,-1.627381,-1.627381,False,complete
2024-09-04 15:45:00,reference_corrected,perfect_model_baseline,1.627381,1.627381,False,complete
2024-09-04 16:00:00,reference_corrected,perfect_model_baseline,1.973369,1.973369,False,complete
2024-09-04 16:15:00,reference_corrected,perfect_model_baseline,2.931277,2.931277,False,complete
2024-09-04 16:30:00,reference_corrected,perfect_model_baseline,4.11594,4.11594,False,complete
2024-09-04 16:45:00,reference_corrected,perfect_model_baseline,5.23316,5.23316,False,complete
2024-09-04 17:00:00,reference_corrected,perfect_model_baseline,6.600922,6.600922,False,complete
2024-09-04 17:15:00,reference_corrected,perfect_model_baseline,7.647428,7.647428,False,complete
2024-09-04 17:30:00,reference_corrected,perfect_model_baseline,8.615323,8.615323,False,complete
2024-09-04 17:45:00,reference_corrected,perfect_model_baseline,9.115673,9.115673,False,complete
2024-09-04 18:00:00,reference_corrected,perfect_model_baseline,9.713323,9.713323,False,complete
2024-09-04 18:15:00,reference_corrected,perfect_model_baseline,10.458452,10.458452,False,complete
2024-09-04 18:30:00,reference_corrected,perfect_model_baseline,10.439684,10.439684,False,complete
2024-09-04 18:45:00,reference_corrected,perfect_model_baseline,10.335481,10.335481,False,complete
2024-09-04 19:00:00,reference_corrected,perfect_model_baseline,10.118625,10.118625,False,complete
2024-09-04 19:15:00,reference_corrected,perfect_model_baseline,9.892898,9.892898,False,complete
2024-09-04 19:30:00,reference_corrected,perfect_model_baseline,9.845066,9.845066,False,complete
2024-09-04 19:45:00,reference_corrected,perfect_model_baseline,9.714781,9.714781,False,complete
2024-09-04 20:00:00,reference_corrected,perfect_model_baseline,9.714781,9.714781,False,complete
2024-09-04 20:15:00,reference_corrected,perfect_model_baseline,9.714781,9.714781,False,complete
2024-09-04 20:30:00,reference_corrected,perfect_model_baseline,9.34998,9.34998,False,complete
2024-09-04 20:45:00,reference_corrected,perfect_model_baseline,9.254137,9.254137,False,complete
2024-09-04 21:00:00,reference_corrected,perfect_model_baseline,9.029574,9.029574,False,complete
2024-09-04 21:15:00,reference_corrected,perfect_model_baseline,9.029574,9.029574,False,complete
2024-09-04 21:30:00,reference_corrected,perfect_model_baseline,8.658407,8.658407,False,complete
2024-09-04 21:45:00,reference_corrected,perfect_model_baseline,8.658407,8.658407,False,complete
2024-09-04 22:00:00,reference_corrected,perfect_model_baseline,8.443239,8.443239,False,complete
2024-09-04 22:15:00,reference_corrected,perfect_model_baseline,8.651213,8.651213,False,complete
2024-09-04 22:30:00,reference_corrected,perfect_model_baseline,8.591019,8.591019,False,complete
2024-09-04 22:45:00,reference_corrected,perfect_model_baseline,8.591019,8.591019,False,complete
2024-09-04 23:00:00,reference_corrected,perfect_model_baseline,8.462097,8.462097,False,complete
2024-09-04 23:15:00,reference_corrected,perfect_model_baseline,8.462097,8.462097,False,complete
2024-09-04 23:30:00,reference_corrected,perfect_model_baseline,8.290891,8.290891,False,complete
2024-09-04 23:45:00,reference_corrected,perfect_model_baseline,8.21347,8.21347,False,complete
2024-09-05 00:00:00,reference_corrected,perfect_model_baseline,8.015616,8.015616,False,complete
2024-09-05 00:15:00,reference_corrected,perfect_model_baseline,,,False,complete
2024-09-05 00:30:00,reference_corrected,perfect_model_baseline,7.741354,7.741354,False,complete
2024-09-05 00:45:00,reference_corrected,perfect_model_baseline,7.595038,7.595038,False,complete
2024-09-05 01:00:00,reference_corrected,perfect_model_baseline,7.595038,7.595038,False,complete
2024-09-05 01:15:00,reference_corrected,perfect_model_baseline,7.595038,7.595038,False,complete
2024-09-05 01:30:00,reference_corrected,perfect_model_baseline,7.112716,7.112716,False,complete
2024-09-05 01:45:00,reference_corrected,perfect_model_baseline,6.94132,6.94132,False,complete
2024-09-05 02:00:00,reference_corrected,perfect_model_baseline,6.700363,6.700363,False,complete
2024-09-05 02:15:00,reference_corrected,perfect_model_baseline,6.700363,6.700363,False,complete
2024-09-05 02:30:00,reference_corrected,perfect_model_baseline,6.306795,6.306795,False,complete
2024-09-05 02:45:00,reference_corrected,perfect_model_baseline,6.306795,6.306795,False,complete
2024-09-05 03:00:00,reference_corrected,perfect_model_baseline,6.306795,6.306795,False,complete
2024-09-05 03:15:00,reference_corrected,perfect_model_baseline,6.228924,6.228924,False,complete
2024-09-05 03:30:00,reference_corrected,perfect_model_baseline,5.984656,5.984656,False,complete
2024-09-05 03:45:00,reference_corrected,perfect_model_baseline,5.984656,5.984656,False,complete
2024-09-05 04:00:00,reference_corrected,perfect_model_baseline,5.984656,5.984656,False,complete
2024-09-05 04:15:00,reference_corrected,perfect_model_baseline,5.984656,5.984656,False,complete
2024-09-05 04:30:00,reference_corrected,perfect_model_baseline,6.093295,6.093295,False,complete
2024-09-05 04:45:00,reference_corrected,perfect_model_baseline,6.093295,6.093295,False,complete
2024-09-05 05:00:00,reference_corrected,perfect_model_baseline,6.22273,6.22273,False,complete
2024-09-05 05:15:00,reference_corrected,perfect_model_baseline,6.22273,6.22273,False,complete
2024-09-05 05:30:00,reference_corrected,perfect_model_baseline,6.609937,6.609937,False,complete
2024-09-05 05:45:00,reference_corrected,perfect_model_baseline,6.918842,6.918842,False,complete
2024-09-05 06:00:00,reference_corrected,perfect_model_baseline,7.143093,7.143093,False,complete
2024-09-05 06:15:00,reference_corrected,perfect_model_baseline,7.367443,7.367443,False,complete
2024-09-05 06:30:00,reference_corrected,perfect_model_baseline,7.53643,7.53643,False,complete
2024-09-05 06:45:00,reference_corrected,perfect_model_baseline,7.355073,7.355073,False,complete
2024-09-05 07:00:00,reference_corrected,perfect_model_baseline,6.899144,6.899144,False,complete
2024-09-05 07:15:00,reference_corrected,perfect_model_baseline,6.28997,6.28997,False,complete
2024-09-05 07:30:00,reference_corrected,perfect_model_baseline,5.341468,5.341468,False,complete
2024-09-05 07:45:00,reference_corrected,perfect_model_baseline,4.562096,4.562096,False,complete
2024-09-05 08:00:00,reference_corrected,perfect_model_baseline,3.474972,3.474972,False,complete
2024-09-05 08:15:00,reference_corrected,perfect_model_baseline,2.371624,2.371624,False,complete
2024-09-05 08:30:00,reference_corrected,perfect_model_baseline,1.789617,1.789617,False,complete
2024-09-05 08:45:00,reference_corrected,perfect_model_baseline,-1.721083,-1.721083,False,complete
2024-09-05 09:00:00,reference_corrected,perfect_model_baseline,-1.943761,-1.943761,False,complete
2024-09-05 09:15:00,reference_corrected,perfect_model_baseline,-2.414178,-2.414178,False,complete
2024-09-05 09:30:00,reference_corrected,perfect_model_baseline,-3.187053,-3.187053,False,complete
2024-09-05 09:45:00,reference_corrected,perfect_model_baseline,-4.220487,-4.220487,False,complete
2024-09-05 10:00:00,reference_corrected,perfect_model_baseline,-4.880392,-4.880392,False,complete
2024-09-05 10:15:00,reference_corrected,perfect_model_baseline,-4.768333,-4.768333,False,complete
2024-09-05 10:30:00,reference_corrected,perfect_model_baseline,-4.590696,-4.590696,False,complete
2024-09-05 10:45:00,reference_corrected,perfect_model_baseline,-6.138558,-6.138558,False,complete
2024-09-05 11:00:00,reference_corrected,perfect_model_baseline,-6.596123,-6.596123,False,complete
2024-09-05 11:15:00,reference_corrected,perfect_model_baseline,-6.941017,-6.941017,False,complete
2024-09-05 11:30:00,reference_corrected,perfect_model_baseline,-7.05173,-7.05173,False,complete
2024-09-05 11:45:00,reference_corrected,perfect_model_baseline,-7.05173,-7.05173,False,complete
2024-09-05 12:00:00,reference_corrected,perfect_model_baseline,-7.05173,-7.05173,False,complete
2024-09-05 12:15:00,reference_corrected,perfect_model_baseline,-7.208405,-7.208405,False,complete
2024-09-05 12:30:00,reference_corrected,perfect_model_baseline,-7.067687,-7.067687,False,complete
2024-09-05 12:45:00,reference_corrected,perfect_model_baseline,-7.067687,-7.067687,False,complete
2024-09-05 13:00:00,reference_corrected,perfect_model_baseline,-6.829364,-6.829364,False,complete
2024-09-05 13:15:00,reference_corrected,perfect_model_baseline,-6.609536,-6.609536,False,complete
2024-09-05 13:30:00,reference_corrected,perfect_model_baseline,-6.405439,-6.405439,False,complete
2024-09-05 13:45:00,reference_corrected,perfect_model_baseline,-5.938485,-5.938485,False,complete
2024-09-05 14:00:00,reference_corrected,perfect_model_baseline,-5.344695,-5.344695,False,complete
2024-09-05 14:15:00,reference_corrected,perfect_model_baseline,-4.852574,-4.852574,False,complete
2024-09-05 14:30:00,reference_corrected,perfect_model_baseline,-4.390971,-4.390971,False,complete
2024-09-05 14:45:00,reference_corrected,perfect_model_baseline,-3.707155,-3.707155,False,complete
2024-09-05 15:00:00,reference_corrected,perfect_model_baseline,-2.824399,-2.824399,False,complete
2024-09-05 15:15:00,reference_corrected,perfect_model_baseline,-1.959757,-1.959757,False,complete
2024-09-05 15:30:00,reference_corrected,perfect_model_baseline,-1.771686,-1.771686,False,complete
2024-09-05 15:45:00,reference_corrected,perfect_model_baseline,1.771686,1.771686,False,complete
2024-09-05 16:00:00,reference_corrected,perfect_model_baseline,2.388745,2.388745,False,complete
2024-09-05 16:15:00,reference_corrected,perfect_model_baseline,3.310628,3.310628,False,complete
2024-09-05 16:30:00,reference_corrected,perfect_model_baseline,4.519634,4.519634,False,complete
2024-09-05 16:45:00,reference_corrected,perfect_model_baseline,5.746469,5.746469,False,complete
2024-09-05 17:00:00,reference_corrected,perfect_model_baseline,6.823561,6.823561,False,complete
2024-09-05 17:15:00,reference_corrected,perfect_model_baseline,7.818857,7.818857,False,complete
2024-09-05 17:30:00,reference_corrected,perfect_model_baseline,8.474007,8.474007,False,complete
2024-09-05 17:45:00,reference_corrected,perfect_model_baseline,9.052989,9.052989,False,complete
2024-09-05 18:00:00,reference_corrected,perfect_model_baseline,9.593594,9.593594,False,complete
2024-09-05 18:15:00,reference_corrected,perfect_model_baseline,9.938159,9.938159,False,complete
2024-09-05 18:30:00,reference_corrected,perfect_model_baseline,9.938159,9.938159,False,complete
2024-09-05 18:45:00,reference_corrected,perfect_model_baseline,9.938159,9.938159,False,complete
2024-09-05 19:00:00,reference_corrected,perfect_model_baseline,9.938159,9.938159,False,complete
2024-09-05 19:15:00,reference_corrected,perfect_model_baseline,9.418538,9.418538,False,complete
2024-09-05 19:30:00,reference_corrected,perfect_model_baseline,9.418538,9.418538,False,complete
2024-09-05 19:45:00,reference_corrected,perfect_model_baseline,9.418538,9.418538,False,complete
2024-09-05 20:00:00,reference_corrected,perfect_model_baseline,9.221658,9.221658,False,complete
2024-09-05 20:15:00,reference_corrected,perfect_model_baseline,8.809461,8.809461,False,complete
2024-09-05 20:30:00,reference_corrected,perfect_model_baseline,8.809461,8.809461,False,complete
2024-09-05 20:45:00,reference_corrected,perfect_model_baseline,8.704648,8.704648,False,complete
2024-09-05 21:00:00,reference_corrected,perfect_model_baseline,8.455399,8.455399,False,complete
2024-09-05 21:15:00,reference_corrected,perfect_model_baseline,8.176553,8.176553,False,complete
2024-09-05 21:30:00,reference_corrected,perfect_model_baseline,8.021637,8.021637,False,complete
2024-09-05 21:45:00,reference_corrected,perfect_model_baseline,8.021637,8.021637,False,complete
2024-09-05 22:00:00,reference_corrected,perfect_model_baseline,7.795482,7.795482,False,complete
2024-09-05 22:15:00,reference_corrected,perfect_model_baseline,8.29908,8.29908,False,complete
2024-09-05 22:30:00,reference_corrected,perfect_model_baseline,8.29908,8.29908,False,complete
2024-09-05 22:45:00,reference_corrected,perfect_model_baseline,8.082186,8.082186,False,complete
2024-09-05 23:00:00,reference_corrected,perfect_model_baseline,7.77149,7.77149,False,complete
2024-09-05 23:15:00,reference_corrected,perfect_model_baseline,7.817818,7.817818,False,complete
2024-09-05 23:30:00,reference_corrected,perfect_model_baseline,7.884801,7.884801,False,complete
2024-09-05 23:45:00,reference_corrected,perfect_model_baseline,7.702403,7.702403,False,complete
2024-09-06 00:00:00,reference_corrected,perfect_model_baseline,7.702403,7.702403,False,complete
2024-09-06 00:15:00,reference_corrected,perfect_model_baseline,7.648982,7.648982,False,complete
2024-09-06 00:30:00,reference_corrected,perfect_model_baseline,7.648982,7.648982,False,complete
2024-09-06 00:45:00,reference_corrected,perfect_model_baseline,7.450948,7.450948,False,complete
2024-09-06 01:00:00,reference_corrected,perfect_model_baseline,7.450948,7.450948,False,complete
2024-09-06 01:15:00,reference_corrected,perfect_model_baseline,7.088593,7.088593,False,complete
2024-09-06 01:30:00,reference_corrected,perfect_model_baseline,6.703239,6.703239,False,complete
2024-09-06 01:45:00,reference_corrected,perfect_model_baseline,6.477495,6.477495,False,complete
2024-09-06 02:00:00,reference_corrected,perfect_model_baseline,6.477495,6.477495,False,complete
2024-09-06 02:15:00,reference_corrected,perfect_model_baseline,6.197446,6.197446,False,complete
2024-09-06 02:30:00,reference_corrected,perfect_model_baseline,6.016555,6.016555,False,complete
2024-09-06 02:45:00,reference_corrected,perfect_model_baseline,6.016555,6.016555,False,complete
2024-09-06 03:00:00,reference_corrected,perfect_model_baseline,6.016555,6.016555,False,complete
2024-09-06 03:15:00,reference_corrected,perfect_model_baseline,5.663071,5.663071,False,complete
2024-09-06 03:30:00,reference_corrected,perfect_model_baseline,5.663071,5.663071,False,complete
2024-09-06 03:45:00,reference_corrected,perfect_model_baseline,5.663071,5.663071,False,complete
2024-09-06 04:00:00,reference_corrected,perfect_model_baseline,5.568149,5.568149,False,complete
2024-09-06 04:15:00,reference_corrected,perfect_model_baseline,5.687736,5.687736,False,complete
2024-09-06 04:30:00,reference_corrected,perfect_model_baseline,5.687736,5.687736,False,complete
2024-09-06 04:45:00,reference_corrected,perfect_model_baseline,5.687736,5.687736,False,complete
2024-09-06 05:00:00,reference_corrected,perfect_model_baseline,5.808701,5.808701,False,complete
2024-09-06 05:15:00,reference_corrected,perfect_model_baseline,6.010384,6.010384,False,complete
2024-09-06 05:30:00,reference_corrected,perfect_model_baseline,6.010384,6.010384,False,complete
2024-09-06 05:45:00,reference_corrected,perfect_model_baseline,6.215037,6.215037,False,complete
2024-09-06 06:00:00,reference_corrected,perfect_model_baseline,6.444706,6.444706,False,complete
2024-09-06 06:15:00,reference_corrected,perfect_model_baseline,6.704375,6.704375,False,complete
2024-09-06 06:30:00,reference_corrected,perfect_model_baseline,6.704375,6.704375,False,complete
2024-09-06 06:45:00,reference_corrected,perfect_model_baseline,6.486257,6.486257,False,complete
2024-09-06 07:00:00,reference_corrected,perfect_model_baseline,5.879406,5.879406,False,complete
2024-09-06 07:15:00,reference_corrected,perfect_model_baseline,5.158549,5.158549,False,complete
2024-09-06 07:30:00,reference_corrected,perfect_model_baseline,4.563061,4.563061,False,complete
2024-09-06 07:45:00,reference_corrected,perfect_model_baseline,3.770299,3.770299,False,complete
2024-09-06 08:00:00,reference_corrected,perfect_model_baseline,2.90342,2.90342,False,complete
2024-09-06 08:15:00,reference_corrected,perfect_model_baseline,2.154447,2.154447,False,complete
2024-09-06 08:30:00,reference_corrected,perfect_model_baseline,1.752155,1.752155,False,complete
2024-09-06 08:45:00,reference_corrected,perfect_model_baseline,-1.752155,-1.752155,False,complete
2024-09-06 09:00:00,reference_corrected,perfect_model_baseline,-1.975522,-1.975522,False,complete
2024-09-06 09:15:00,reference_corrected,perfect_model_baseline,-2.903457,-2.903457,False,complete
2024-09-06 09:30:00,reference_corrected,perfect_model_baseline,-3.17859,-3.17859,False,complete
2024-09-06 09:45:00,reference_corrected,perfect_model_baseline,-3.990378,-3.990378,False,complete
2024-09-06 10:00:00,reference_corrected,perfect_model_baseline,-4.655329,-4.655329,False,complete
2024-09-06 10:15:00,reference_corrected,perfect_model_baseline,-4.783112,-4.783112,False,complete
2024-09-06 10:30:00,reference_corrected,perfect_model_baseline,-5.60413,-5.60413,False,complete
2024-09-06 10:45:00,reference_corrected,perfect_model_baseline,-5.884124,-5.884124,False,complete
2024-09-06 11:00:00,reference_corrected,perfect_model_baseline,-6.420613,-6.420613,False,complete
2024-09-06 11:15:00,reference_corrected,perfect_model_baseline,-6.61986,-6.61986,False,complete
2024-09-06 11:30:00,reference_corrected,perfect_model_baseline,-6.841947,-6.841947,False,complete
2024-09-06 11:45:00,reference_corrected,perfect_model_baseline,-6.841947,-6.841947,False,complete
2024-09-06 12:00:00,reference_corrected,perfect_model_baseline,-6.841947,-6.841947,False,complete
2024-09-06 12:15:00,reference_corrected,perfect_model_baseline,-6.769184,-6.769184,False,complete
2024-09-06 12:30:00,reference_corrected,perfect_model_baseline,-6.769184,-6.769184,False,complete
2024-09-06 12:45:00,reference_corrected,perfect_model_baseline,-6.740683,-6.740683,False,complete
2024-09-06 13:00:00,reference_corrected,perfect_model_baseline,-6.375215,-6.375215,False,complete
2024-09-06 13:15:00,reference_corrected,perfect_model_baseline,-6.102811,-6.102811,False,complete
2024-09-06 13:30:00,reference_corrected,perfect_model_baseline,-5.925014,-5.925014,False,complete
2024-09-06 13:45:00,reference_corrected,perfect_model_baseline,-5.336887,-5.336887,False,complete
2024-09-06 14:00:00,reference_corrected,perfect_model_baseline,-5.116766,-5.116766,False,complete
2024-09-06 14:15:00,reference_corrected,perfect_model_baseline,-4.336747,-4.336747,False,complete
2024-09-06 14:30:00,reference_corrected,perfect_model_baseline,-3.894586,-3.894586,False,complete
2024-09-06 14:45:00,reference_corrected,perfect_model_baseline,-2.877799,-2.877799,False,complete
2024-09-06 15:00:00,reference_corrected,perfect_model_baseline,-2.068869,-2.068869,False,complete
2024-09-06 15:15:00,reference_corrected,perfect_model_baseline,-1.474661,-1.474661,False,complete
2024-09-06 15:30:00,reference_corrected,perfect_model_baseline,1.474661,1.474661,False,complete
2024-09-06 15:45:00,reference_corrected,perfect_model_baseline,1.670806,1.670806,False,complete
2024-09-06 16:00:00,reference_corrected,perfect_model_baseline,2.640825,2.640825,False,complete
2024-09-06 16:15:00,reference_corrected,perfect_model_baseline,3.792749,3.792749,False,complete
2024-09-06 16:30:00,reference_corrected,perfect_model_baseline,4.958687,4.958687,False,complete
2024-09-06 16:45:00,reference_corrected,perfect_model_baseline,6.08045,6.08045,False,complete
2024-09-06 17:00:00,reference_corrected,perfect_model_baseline,7.313576,7.313576,False,complete
2024-09-06 17:15:00,reference_corrected,perfect_model_baseline,8.155029,8.155029,False,complete
2024-09-06 17:30:00,reference_corrected,perfect_model_baseline,8.69608,8.69608,False,complete
2024-09-06 17:45:00,reference_corrected,perfect_model_baseline,9.143795,9.143795,False,complete
2024-09-06 18:00:00,reference_corrected,perfect_model_baseline,9.591512,9.591512,False,complete
2024-09-06 18:15:00,reference_corrected,perfect_model_baseline,9.647217,9.647217,False,complete
2024-09-06 18:30:00,reference_corrected,perfect_model_baseline,9.647217,9.647217,False,complete
2024-09-06 18:45:00,reference_corrected,perfect_model_baseline,9.802334,9.802334,False,complete
2024-09-06 19:00:00,reference_corrected,perfect_model_baseline,9.578279,9.578279,False,complete
2024-09-06 19:15:00,reference_corrected,perfect_model_baseline,9.341919,9.341919,False,complete
2024-09-06 19:30:00,reference_corrected,perfect_model_baseline,9.177823,9.177823,False,complete
2024-09-06 19:45:00,reference_corrected,perfect_model_baseline,9.177823,9.177823,False,complete
2024-09-06 20:00:00,reference_corrected,perfect_model_baseline,8.951191,8.951191,False,complete
2024-09-06 20:15:00,reference_corrected,perfect_model_baseline,8.727322,8.727322,False,complete
2024-09-06 20:30:00,reference_corrected,perfect_model_baseline,8.727322,8.727322,False,complete
2024-09-06 20:45:00,reference_corrected,perfect_model_baseline,8.545717,8.545717,False,complete
2024-09-06 21:00:00,reference_corrected,perfect_model_baseline,8.569796,8.569796,False,complete
2024-09-06 21:15:00,reference_corrected,perfect_model_baseline,8.259937,8.259937,False,complete
2024-09-06 21:30:00,reference_corrected,perfect_model_baseline,8.096505,8.096505,False,complete
2024-09-06 21:45:00,reference_corrected,perfect_model_baseline,8.096505,8.096505,False,complete
2024-09-06 22:00:00,reference_corrected,perfect_model_baseline,7.892354,7.892354,False,complete
2024-09-06 22:15:00,reference_corrected,perfect_model_baseline,8.199364,8.199364,False,complete
2024-09-06 22:30:00,reference_corrected,perfect_model_baseline,8.199364,8.199364,False,complete
2024-09-06 22:45:00,reference_corrected,perfect_model_baseline,8.199364,8.199364,False,complete
2024-09-06 23:00:00,reference_corrected,perfect_model_baseline,7.936307,7.936307,False,complete
2024-09-06 23:15:00,reference_corrected,perfect_model_baseline,8.039232,8.039232,False,complete
2024-09-06 23:30:00,reference_corrected,perfect_model_baseline,7.853962,7.853962,False,complete
2024-09-06 23:45:00,reference_corrected,perfect_model_baseline,7.644648,7.644648,False,complete
2024-09-07 00:00:00,reference_corrected,perfect_model_baseline,7.644648,7.644648,False,complete
2024-09-07 00:15:00,reference_corrected,perfect_model_baseline,7.650338,7.650338,False,complete
2024-09-07 00:30:00,reference_corrected,perfect_model_baseline,7.650338,7.650338,False,complete
2024-09-07 00:45:00,reference_corrected,perfect_model_baseline,7.190077,7.190077,False,complete
2024-09-07 01:00:00,reference_corrected,perfect_model_baseline,7.190077,7.190077,False,complete
2024-09-07 01:15:00,reference_corrected,perfect_model_baseline,7.135774,7.135774,False,complete
2024-09-07 01:30:00,reference_corrected,perfect_model_baseline,7.013685,7.013685,False,complete
2024-09-07 01:45:00,reference_corrected,perfect_model_baseline,6.769324,6.769324,False,complete
2024-09-07 02:00:00,reference_corrected,perfect_model_baseline,6.542613,6.542613,False,complete
2024-09-07 02:15:00,reference_corrected,perfect_model_baseline,6.189389,6.189389,False,complete
2024-09-07 02:30:00,reference_corrected,perfect_model_baseline,6.059775,6.059775,False,complete
2024-09-07 02:45:00,reference_corrected,perfect_model_baseline,6.059775,6.059775,False,complete
2024-09-07 03:00:00,reference_corrected,perfect_model_baseline,5.808701,5.808701,False,complete
2024-09-07 03:15:00,reference_corrected,perfect_model_baseline,5.747867,5.747867,False,complete
2024-09-07 03:30:00,reference_corrected,perfect_model_baseline,5.747867,5.747867,False,complete
2024-09-07 03:45:00,reference_corrected,perfect_model_baseline,5.733993,5.733993,False,complete
2024-09-07 04:00:00,reference_corrected,perfect_model_baseline,5.587881,5.587881,False,complete
2024-09-07 04:15:00,reference_corrected,perfect_model_baseline,5.511592,5.511592,False,complete
2024-09-07 04:30:00,reference_corrected,perfect_model_baseline,5.511592,5.511592,False,complete
2024-09-07 04:45:00,reference_corrected,perfect_model_baseline,5.511592,5.511592,False,complete
2024-09-07 05:00:00,reference_corrected,perfect_model_baseline,5.511592,5.511592,False,complete
2024-09-07 05:15:00,reference_corrected,perfect_model_baseline,5.615967,5.615967,False,complete
2024-09-07 05:30:00,reference_corrected,perfect_model_baseline,5.615967,5.615967,False,complete
2024-09-07 05:45:00,reference_corrected,perfect_model_baseline,5.615967,5.615967,False,complete
2024-09-07 06:00:00,reference_corrected,perfect_model_baseline,5.615967,5.615967,False,complete
2024-09-07 06:15:00,reference_corrected,perfect_model_baseline,5.866381,5.866381,False,complete
2024-09-07 06:30:00,reference_corrected,perfect_model_baseline,5.866381,5.866381,False,complete
2024-09-07 06:45:00,reference_corrected,perfect_model_baseline,5.642705,5.642705,False,complete
2024-09-07 07:00:00,reference_corrected,perfect_model_baseline,5.078393,5.078393,False,complete
2024-09-07 07:15:00,reference_corrected,perfect_model_baseline,4.59075,4.59075,False,complete
2024-09-07 07:30:00,reference_corrected,perfect_model_baseline,3.944383,3.944383,False,complete
2024-09-07 07:45:00,reference_corrected,perfect_model_baseline,3.318346,3.318346,False,complete
2024-09-07 08:00:00,reference_corrected,perfect_model_baseline,2.642883,2.642883,False,complete
2024-09-07 08:15:00,reference_corrected,perfect_model_baseline,1.788571,1.788571,False,complete
2024-09-07 08:30:00,reference_corrected,perfect_model_baseline,1.788571,1.788571,False,complete
2024-09-07 08:45:00,reference_corrected,perfect_model_baseline,1.788571,1.788571,False,complete
2024-09-07 09:00:00,reference_corrected,perfect_model_baseline,-1.556758,-1.556758,False,complete
2024-09-07 09:15:00,reference_corrected,perfect_model_baseline,-1.677693,-1.677693,False,complete
2024-09-07 09:30:00,reference_corrected,perfect_model_baseline,-2.525661,-2.525661,False,complete
2024-09-07 09:45:00,reference_corrected,perfect_model_baseline,-3.083889,-3.083889,False,complete
2024-09-07 10:00:00,reference_corrected,perfect_model_baseline,-3.529343,-3.529343,False,complete
2024-09-07 10:15:00,reference_corrected,perfect_model_baseline,-4.015105,-4.015105,False,complete
2024-09-07 10:30:00,reference_corrected,perfect_model_baseline,-4.182937,-4.182937,False,complete
2024-09-07 10:45:00,reference_corrected,perfect_model_baseline,-4.407537,-4.407537,False,complete
2024-09-07 11:00:00,reference_corrected,perfect_model_baseline,-4.629723,-4.629723,False,complete
2024-09-07 11:15:00,reference_corrected,perfect_model_baseline,-5.130921,-5.130921,False,complete
2024-09-07 11:30:00,reference_corrected,perfect_model_baseline,-5.130921,-5.130921,False,complete
2024-09-07 11:45:00,reference_corrected,perfect_model_baseline,-5.130921,-5.130921,False,complete
2024-09-07 12:00:00,reference_corrected,perfect_model_baseline,-4.912407,-4.912407,False,complete
2024-09-07 12:15:00,reference_corrected,perfect_model_baseline,-4.529665,-4.529665,False,complete
2024-09-07 12:30:00,reference_corrected,perfect_model_baseline,-3.916605,-3.916605,False,complete
2024-09-07 12:45:00,reference_corrected,perfect_model_baseline,-2.17976,-2.17976,False,complete
2024-09-07 13:00:00,reference_corrected,perfect_model_baseline,-3.354281,-3.354281,False,complete
2024-09-07 13:15:00,reference_corrected,perfect_model_baseline,-2.303228,-2.303228,False,complete
2024-09-07 13:30:00,reference_corrected,perfect_model_baseline,-4.367816,-4.367816,False,complete
2024-09-07 13:45:00,reference_corrected,perfect_model_baseline,-2.061642,-2.061642,False,complete
2024-09-07 14:00:00,reference_corrected,perfect_model_baseline,-1.37461,-1.37461,False,complete
2024-09-07 14:15:00,reference_corrected,perfect_model_baseline,-2.24993,-2.24993,False,complete
2024-09-07 14:30:00,reference_corrected,perfect_model_baseline,-1.992105,-1.992105,False,complete
2024-09-07 14:45:00,reference_corrected,perfect_model_baseline,-2.425529,-2.425529,False,complete
2024-09-07 15:00:00,reference_corrected,perfect_model_baseline,-1.699136,-1.699136,False,complete
2024-09-07 15:15:00,reference_corrected,perfect_model_baseline,-1.294253,-1.294253,False,complete
2024-09-07 15:30:00,reference_corrected,perfect_model_baseline,3.956813,3.956813,False,complete
2024-09-07 15:45:00,reference_corrected,perfect_model_baseline,6.445189,6.445189,False,complete
2024-09-07 16:00:00,reference_corrected,perfect_model_baseline,6.90602,6.90602,False,complete
2024-09-07 16:15:00,reference_corrected,perfect_model_baseline,7.071056,7.071056,False,complete
2024-09-07 16:30:00,reference_corrected,perfect_model_baseline,7.581373,7.581373,False,complete
2024-09-07 16:45:00,reference_corrected,perfect_model_baseline,7.124496,7.124496,False,complete
2024-09-07 17:00:00,reference_corrected,perfect_model_baseline,7.542255,7.542255,False,complete
2024-09-07 17:15:00,reference_corrected,perfect_model_baseline,8.372659,8.372659,False,complete
2024-09-07 17:30:00,reference_corrected,perfect_model_baseline,8.926883,8.926883,False,complete
2024-09-07 17:45:00,reference_corrected,perfect_model_baseline,9.151234,9.151234,False,complete
2024-09-07 18:00:00,reference_corrected,perfect_model_baseline,9.151234,9.151234,False,complete
2024-09-07 18:15:00,reference_corrected,perfect_model_baseline,9.438947,9.438947,False,complete
2024-09-07 18:30:00,reference_corrected,perfect_model_baseline,9.577259,9.577259,False,complete
2024-09-07 18:45:00,reference_corrected,perfect_model_baseline,9.577259,9.577259,False,complete
2024-09-07 19:00:00,reference_corrected,perfect_model_baseline,9.352516,9.352516,False,complete
2024-09-07 19:15:00,reference_corrected,perfect_model_baseline,9.109158,9.109158,False,complete
2024-09-07 19:30:00,reference_corrected,perfect_model_baseline,9.109158,9.109158,False,complete
2024-09-07 19:45:00,reference_corrected,perfect_model_baseline,8.919488,8.919488,False,complete
2024-09-07 20:00:00,reference_corrected,perfect_model_baseline,8.695096,8.695096,False,complete
2024-09-07 20:15:00,reference_corrected,perfect_model_baseline,8.341159,8.341159,False,complete
2024-09-07 20:30:00,reference_corrected,perfect_model_baseline,8.263387,8.263387,False,complete
2024-09-07 20:45:00,reference_corrected,perfect_model_baseline,8.263387,8.263387,False,complete
2024-09-07 21:00:00,reference_corrected,perfect_model_baseline,8.263387,8.263387,False,complete
2024-09-07 21:15:00,reference_corrected,perfect_model_baseline,7.990425,7.990425,False,complete
2024-09-07 21:30:00,reference_corrected,perfect_model_baseline,7.846974,7.846974,False,complete
2024-09-07 21:45:00,reference_corrected,perfect_model_baseline,7.846974,7.846974,False,complete
2024-09-07 22:00:00,reference_corrected,perfect_model_baseline,7.846974,7.846974,False,complete
2024-09-07 22:15:00,reference_corrected,perfect_model_baseline,7.93347,7.93347,False,complete
2024-09-07 22:30:00,reference_corrected,perfect_model_baseline,7.93347,7.93347,False,complete
2024-09-07 22:45:00,reference_corrected,perfect_model_baseline,7.93347,7.93347,False,complete
2024-09-07 23:00:00,reference_corrected,perfect_model_baseline,7.93347,7.93347,False,complete
2024-09-07 23:15:00,reference_corrected,perfect_model_baseline,7.796623,7.796623,False,complete
2024-09-07 23:30:00,reference_corrected,perfect_model_baseline,7.631949,7.631949,False,complete
2024-09-07 23:45:00,reference_corrected,perfect_model_baseline,7.397326,7.397326,False,complete
2024-09-08 00:00:00,reference_corrected,perfect_model_baseline,7.397326,7.397326,False,complete
2024-09-08 00:15:00,reference_corrected,perfect_model_baseline,7.329743,7.329743,False,complete
2024-09-08 00:30:00,reference_corrected,perfect_model_baseline,7.18221,7.18221,False,complete
2024-09-08 00:45:00,reference_corrected,perfect_model_baseline,7.18221,7.18221,False,complete
2024-09-08 01:00:00,reference_corrected,perfect_model_baseline,7.18221,7.18221,False,complete
2024-09-08 01:15:00,reference_corrected,perfect_model_baseline,6.897548,6.897548,False,complete
2024-09-08 01:30:00,reference_corrected,perfect_model_baseline,6.505551,6.505551,False,complete
2024-09-08 01:45:00,reference_corrected,perfect_model_baseline,6.279627,6.279627,False,complete
2024-09-08 02:00:00,reference_corrected,perfect_model_baseline,6.0539,6.0539,False,complete
2024-09-08 02:15:00,reference_corrected,perfect_model_baseline,5.897814,5.897814,False,complete
2024-09-08 02:30:00,reference_corrected,perfect_model_baseline,5.828557,5.828557,False,complete
2024-09-08 02:45:00,reference_corrected,perfect_model_baseline,5.828557,5.828557,False,complete
2024-09-08 03:00:00,reference_corrected,perfect_model_baseline,5.733973,5.733973,False,complete
2024-09-08 03:15:00,reference_corrected,perfect_model_baseline,5.547183,5.547183,False,complete
2024-09-08 03:30:00,reference_corrected,perfect_model_baseline,5.547183,5.547183,False,complete
2024-09-08 03:45:00,reference_corrected,perfect_model_baseline,5.547183,5.547183,False,complete
2024-09-08 04:00:00,reference_corrected,perfect_model_baseline,5.547183,5.547183,False,complete
2024-09-08 04:15:00,reference_corrected,perfect_model_baseline,5.429918,5.429918,False,complete
2024-09-08 04:30:00,reference_corrected,perfect_model_baseline,5.429918,5.429918,False,complete
2024-09-08 04:45:00,reference_corrected,perfect_model_baseline,5.429918,5.429918,False,complete
2024-09-08 05:00:00,reference_corrected,perfect_model_baseline,5.429918,5.429918,False,complete
2024-09-08 05:15:00,reference_corrected,perfect_model_baseline,5.412788,5.412788,False,complete
2024-09-08 05:30:00,reference_corrected,perfect_model_baseline,5.412788,5.412788,False,complete
2024-09-08 05:45:00,reference_corrected,perfect_model_baseline,5.412788,5.412788,False,complete
2024-09-08 06:00:00,reference_corrected,perfect_model_baseline,5.412788,5.412788,False,complete
2024-09-08 06:15:00,reference_corrected,perfect_model_baseline,5.710014,5.710014,False,complete
2024-09-08 06:30:00,reference_corrected,perfect_model_baseline,5.710014,5.710014,False,complete
2024-09-08 06:45:00,reference_corrected,perfect_model_baseline,5.710014,5.710014,False,complete
2024-09-08 07:00:00,reference_corrected,perfect_model_baseline,5.710014,5.710014,False,complete
2024-09-08 07:15:00,reference_corrected,perfect_model_baseline,5.414749,5.414749,False,complete
2024-09-08 07:30:00,reference_corrected,perfect_model_baseline,5.302951,5.302951,False,complete
2024-09-08 07:45:00,reference_corrected,perfect_model_baseline,5.583615,5.583615,False,complete
2024-09-08 08:00:00,reference_corrected,perfect_model_baseline,5.826812,5.826812,False,complete
2024-09-08 08:15:00,reference_corrected,perfect_model_baseline,6.530727,6.530727,False,complete
2024-09-08 08:30:00,reference_corrected,perfect_model_baseline,6.352758,6.352758,False,complete
2024-09-08 08:45:00,reference_corrected,perfect_model_baseline,6.150438,6.150438,False,complete
2024-09-08 09:00:00,reference_corrected,perfect_model_baseline,5.247586,5.247586,False,complete
2024-09-08 09:15:00,reference_corrected,perfect_model_baseline,6.146547,6.146547,False,complete
2024-09-08 09:30:00,reference_corrected,perfect_model_baseline,6.125727,6.125727,False,complete
2024-09-08 09:45:00,reference_corrected,perfect_model_baseline,6.783381,6.783381,False,complete
2024-09-08 10:00:00,reference_corrected,perfect_model_baseline,7.006059,7.006059,False,complete
2024-09-08 10:15:00,reference_corrected,perfect_model_baseline,6.388117,6.388117,False,complete
2024-09-08 10:30:00,reference_corrected,perfect_model_baseline,3.38976,3.38976,False,complete
2024-09-08 10:45:00,reference_corrected,perfect_model_baseline,-2.53964,-2.53964,False,complete
2024-09-08 11:00:00,reference_corrected,perfect_model_baseline,-2.871868,-2.871868,False,complete
2024-09-08 11:15:00,reference_corrected,perfect_model_baseline,-2.840834,-2.840834,False,complete
2024-09-08 11:30:00,reference_corrected,perfect_model_baseline,-2.498411,-2.498411,False,complete
2024-09-08 11:45:00,reference_corrected,perfect_model_baseline,-2.476768,-2.476768,False,complete
2024-09-08 12:00:00,reference_corrected,perfect_model_baseline,3.510717,3.510717,False,complete
2024-09-08 12:15:00,reference_corrected,perfect_model_baseline,5.957469,5.957469,False,complete
2024-09-08 12:30:00,reference_corrected,perfect_model_baseline,4.493104,4.493104,False,complete
2024-09-08 12:45:00,reference_corrected,perfect_model_baseline,5.641987,5.641987,False,complete
2024-09-08 13:00:00,reference_corrected,perfect_model_baseline,5.260859,5.260859,False,complete
2024-09-08 13:15:00,reference_corrected,perfect_model_baseline,5.264475,5.264475,False,complete
2024-09-08 13:30:00,reference_corrected,perfect_model_baseline,6.302555,6.302555,False,complete
2024-09-08 13:45:00,reference_corrected,perfect_model_baseline,6.727371,6.727371,False,complete
2024-09-08 14:00:00,reference_corrected,perfect_model_baseline,6.719067,6.719067,False,complete
2024-09-08 14:15:00,reference_corrected,perfect_model_baseline,6.879136,6.879136,False,complete
2024-09-08 14:30:00,reference_corrected,perfect_model_baseline,6.902041,6.902041,False,complete
2024-09-08 14:45:00,reference_corrected,perfect_model_baseline,7.350766,7.350766,False,complete
2024-09-08 15:00:00,reference_corrected,perfect_model_baseline,6.295715,6.295715,False,complete
2024-09-08 15:15:00,reference_corrected,perfect_model_baseline,5.060125,5.060125,False,complete
2024-09-08 15:30:00,reference_corrected,perfect_model_baseline,7.224426,7.224426,False,complete
2024-09-08 15:45:00,reference_corrected,perfect_model_baseline,8.056322,8.056322,False,complete
2024-09-08 16:00:00,reference_corrected,perfect_model_baseline,7.429187,7.429187,False,complete
2024-09-08 16:15:00,reference_corrected,perfect_model_baseline,7.800996,7.800996,False,complete
2024-09-08 16:30:00,reference_corrected,perfect_model_baseline,8.09664,8.09664,False,complete
2024-09-08 16:45:00,reference_corrected,perfect_model_baseline,7.814114,7.814114,False,complete
2024-09-08 17:00:00,reference_corrected,perfect_model_baseline,8.568684,8.568684,False,complete
2024-09-08 17:15:00,reference_corrected,perfect_model_baseline,9.5656,9.5656,False,complete
2024-09-08 17:30:00,reference_corrected,perfect_model_baseline,9.5656,9.5656,False,complete
2024-09-08 17:45:00,reference_corrected,perfect_model_baseline,10.070276,10.070276,False,complete
2024-09-08 18:00:00,reference_corrected,perfect_model_baseline,10.070276,10.070276,False,complete
2024-09-08 18:15:00,reference_corrected,perfect_model_baseline,10.315996,10.315996,False,complete
2024-09-08 18:30:00,reference_corrected,perfect_model_baseline,10.445392,10.445392,False,complete
2024-09-08 18:45:00,reference_corrected,perfect_model_baseline,10.22114,10.22114,False,complete
2024-09-08 19:00:00,reference_corrected,perfect_model_baseline,10.046015,10.046015,False,complete
2024-09-08 19:15:00,reference_corrected,perfect_model_baseline,9.877521,9.877521,False,complete
2024-09-08 19:30:00,reference_corrected,perfect_model_baseline,9.559719,9.559719,False,complete
2024-09-08 19:45:00,reference_corrected,perfect_model_baseline,9.559719,9.559719,False,complete
2024-09-08 20:00:00,reference_corrected,perfect_model_baseline,9.336352,9.336352,False,complete
2024-09-08 20:15:00,reference_corrected,perfect_model_baseline,9.00032,9.00032,False,complete
2024-09-08 20:30:00,reference_corrected,perfect_model_baseline,8.871503,8.871503,False,complete
2024-09-08 20:45:00,reference_corrected,perfect_model_baseline,8.66263,8.66263,False,complete
2024-09-08 21:00:00,reference_corrected,perfect_model_baseline,8.768712,8.768712,False,complete
2024-09-08 21:15:00,reference_corrected,perfect_model_baseline,8.482035,8.482035,False,complete
2024-09-08 21:30:00,reference_corrected,perfect_model_baseline,8.33411,8.33411,False,complete
2024-09-08 21:45:00,reference_corrected,perfect_model_baseline,8.56033,8.56033,False,complete
2024-09-08 22:00:00,reference_corrected,perfect_model_baseline,8.33411,8.33411,False,complete
2024-09-08 22:15:00,reference_corrected,perfect_model_baseline,8.200037,8.200037,False,complete
2024-09-08 22:30:00,reference_corrected,perfect_model_baseline,8.086574,8.086574,False,complete
2024-09-08 22:45:00,reference_corrected,perfect_model_baseline,8.086574,8.086574,False,complete
2024-09-08 23:00:00,reference_corrected,perfect_model_baseline,7.89474,7.89474,False,complete
2024-09-08 23:15:00,reference_corrected,perfect_model_baseline,7.786726,7.786726,False,complete
2024-09-08 23:30:00,reference_corrected,perfect_model_baseline,7.614222,7.614222,False,complete
2024-09-08 23:45:00,reference_corrected,perfect_model_baseline,7.355585,7.355585,False,complete
2024-09-09 00:00:00,reference_corrected,perfect_model_baseline,7.355585,7.355585,False,complete
2024-09-09 00:15:00,reference_corrected,perfect_model_baseline,7.525603,7.525603,False,complete
2024-09-09 00:30:00,reference_corrected,perfect_model_baseline,7.489372,7.489372,False,complete
2024-09-09 00:45:00,reference_corrected,perfect_model_baseline,7.350302,7.350302,False,complete
2024-09-09 01:00:00,reference_corrected,perfect_model_baseline,7.533676,7.533676,False,complete
2024-09-09 01:15:00,reference_corrected,perfect_model_baseline,6.941562,6.941562,False,complete
2024-09-09 01:30:00,reference_corrected,perfect_model_baseline,6.684295,6.684295,False,complete
2024-09-09 01:45:00,reference_corrected,perfect_model_baseline,6.46083,6.46083,False,complete
2024-09-09 02:00:00,reference_corrected,perfect_model_baseline,6.46083,6.46083,False,complete
2024-09-09 02:15:00,reference_corrected,perfect_model_baseline,6.135624,6.135624,False,complete
2024-09-09 02:30:00,reference_corrected,perfect_model_baseline,6.031936,6.031936,False,complete
2024-09-09 02:45:00,reference_corrected,perfect_model_baseline,6.031936,6.031936,False,complete
2024-09-09 03:00:00,reference_corrected,perfect_model_baseline,5.798814,5.798814,False,complete
2024-09-09 03:15:00,reference_corrected,perfect_model_baseline,5.638349,5.638349,False,complete
2024-09-09 03:30:00,reference_corrected,perfect_model_baseline,5.638349,5.638349,False,complete
2024-09-09 03:45:00,reference_corrected,perfect_model_baseline,5.560546,5.560546,False,complete
2024-09-09 04:00:00,reference_corrected,perfect_model_baseline,5.560546,5.560546,False,complete
2024-09-09 04:15:00,reference_corrected,perfect_model_baseline,5.72955,5.72955,False,complete
2024-09-09 04:30:00,reference_corrected,perfect_model_baseline,5.72955,5.72955,False,complete
2024-09-09 04:45:00,reference_corrected,perfect_model_baseline,5.82443,5.82443,False,complete
2024-09-09 05:00:00,reference_corrected,perfect_model_baseline,6.005945,6.005945,False,complete
2024-09-09 05:15:00,reference_corrected,perfect_model_baseline,6.120511,6.120511,False,complete
2024-09-09 05:30:00,reference_corrected,perfect_model_baseline,6.235863,6.235863,False,complete
2024-09-09 05:45:00,reference_corrected,perfect_model_baseline,6.505308,6.505308,False,complete
2024-09-09 06:00:00,reference_corrected,perfect_model_baseline,6.731134,6.731134,False,complete
2024-09-09 06:15:00,reference_corrected,perfect_model_baseline,6.998945,6.998945,False,complete
2024-09-09 06:30:00,reference_corrected,perfect_model_baseline,6.471549,6.471549,False,complete
2024-09-09 06:45:00,reference_corrected,perfect_model_baseline,6.471549,6.471549,False,complete
2024-09-09 07:00:00,reference_corrected,perfect_model_baseline,5.840022,5.840022,False,complete
2024-09-09 07:15:00,reference_corrected,perfect_model_baseline,4.274975,4.274975,False,complete
2024-09-09 07:30:00,reference_corrected,perfect_model_baseline,5.631836,5.631836,False,complete
2024-09-09 07:45:00,reference_corrected,perfect_model_baseline,5.948555,5.948555,False,complete
2024-09-09 08:00:00,reference_corrected,perfect_model_baseline,5.948555,5.948555,False,complete
2024-09-09 08:15:00,reference_corrected,perfect_model_baseline,5.234586,5.234586,False,complete
2024-09-09 08:30:00,reference_corrected,perfect_model_baseline,4.44528,4.44528,False,complete
2024-09-09 08:45:00,reference_corrected,perfect_model_baseline,-2.00031,-2.00031,False,complete
2024-09-09 09:00:00,reference_corrected,perfect_model_baseline,-2.0131,-2.0131,False,complete
2024-09-09 09:15:00,reference_corrected,perfect_model_baseline,-3.047593,-3.047593,False,complete
2024-09-09 09:30:00,reference_corrected,perfect_model_baseline,-4.381288,-4.381288,False,complete
2024-09-09 09:45:00,reference_corrected,perfect_model_baseline,-3.695757,-3.695757,False,complete
2024-09-09 10:00:00,reference_corrected,perfect_model_baseline,-5.332192,-5.332192,False,complete
2024-09-09 10:15:00,reference_corrected,perfect_model_baseline,-5.236009,-5.236009,False,complete
2024-09-09 10:30:00,reference_corrected,perfect_model_baseline,-6.262241,-6.262241,False,complete
2024-09-09 10:45:00,reference_corrected,perfect_model_baseline,-6.527378,-6.527378,False,complete
2024-09-09 11:00:00,reference_corrected,perfect_model_baseline,-6.644067,-6.644067,False,complete
2024-09-09 11:15:00,reference_corrected,perfect_model_baseline,-5.321354,-5.321354,False,complete
2024-09-09 11:30:00,reference_corrected,perfect_model_baseline,-7.116742,-7.116742,False,complete
2024-09-09 11:45:00,reference_corrected,perfect_model_baseline,-6.05611,-6.05611,False,complete
2024-09-09 12:00:00,reference_corrected,perfect_model_baseline,-5.865854,-5.865854,False,complete
2024-09-09 12:15:00,reference_corrected,perfect_model_baseline,-2.459867,-2.459867,False,complete
2024-09-09 12:30:00,reference_corrected,perfect_model_baseline,-1.96484,-1.96484,False,complete
2024-09-09 12:45:00,reference_corrected,perfect_model_baseline,-1.96484,-1.96484,False,complete
2024-09-09 13:00:00,reference_corrected,perfect_model_baseline,-1.96484,-1.96484,False,complete
2024-09-09 13:15:00,reference_corrected,perfect_model_baseline,-3.363677,-3.363677,False,complete
2024-09-09 13:30:00,reference_corrected,perfect_model_baseline,-6.744321,-6.744321,False,complete
2024-09-09 13:45:00,reference_corrected,perfect_model_baseline,-4.875151,-4.875151,False,complete
2024-09-09 14:00:00,reference_corrected,perfect_model_baseline,-4.341913,-4.341913,False,complete
2024-09-09 14:15:00,reference_corrected,perfect_model_baseline,-2.12219,-2.12219,False,complete
2024-09-09 14:30:00,reference_corrected,perfect_model_baseline,-2.546139,-2.546139,False,complete
2024-09-09 14:45:00,reference_corrected,perfect_model_baseline,-1.728689,-1.728689,False,complete
2024-09-09 15:00:00,reference_corrected,perfect_model_baseline,-3.922572,-3.922572,False,complete
2024-09-09 15:15:00,reference_corrected,perfect_model_baseline,-2.215074,-2.215074,False,complete
2024-09-09 15:30:00,reference_corrected,perfect_model_baseline,-1.491894,-1.491894,False,complete
2024-09-09 15:45:00,reference_corrected,perfect_model_baseline,1.491894,1.491894,False,complete
2024-09-09 16:00:00,reference_corrected,perfect_model_baseline,2.032723,2.032723,False,complete
2024-09-09 16:15:00,reference_corrected,perfect_model_baseline,2.936377,2.936377,False,complete
2024-09-09 16:30:00,reference_corrected,perfect_model_baseline,4.19724,4.19724,False,complete
2024-09-09 16:45:00,reference_corrected,perfect_model_baseline,5.431931,5.431931,False,complete
2024-09-09 17:00:00,reference_corrected,perfect_model_baseline,6.801635,6.801635,False,complete
2024-09-09 17:15:00,reference_corrected,perfect_model_baseline,7.974804,7.974804,False,complete
2024-09-09 17:30:00,reference_corrected,perfect_model_baseline,8.828518,8.828518,False,complete
2024-09-09 17:45:00,reference_corrected,perfect_model_baseline,9.454189,9.454189,False,complete
2024-09-09 18:00:00,reference_corrected,perfect_model_baseline,10.015749,10.015749,False,complete
2024-09-09 18:15:00,reference_corrected,perfect_model_baseline,10.337955,10.337955,False,complete
2024-09-09 18:30:00,reference_corrected,perfect_model_baseline,10.458601,10.458601,False,complete
2024-09-09 18:45:00,reference_corrected,perfect_model_baseline,10.234547,10.234547,False,complete
2024-09-09 19:00:00,reference_corrected,perfect_model_baseline,10.011355,10.011355,False,complete
2024-09-09 19:15:00,reference_corrected,perfect_model_baseline,9.621701,9.621701,False,complete
2024-09-09 19:30:00,reference_corrected,perfect_model_baseline,9.621701,9.621701,False,complete
2024-09-09 19:45:00,reference_corrected,perfect_model_baseline,9.159357,9.159357,False,complete
2024-09-09 20:00:00,reference_corrected,perfect_model_baseline,9.159357,9.159357,False,complete
2024-09-09 20:15:00,reference_corrected,perfect_model_baseline,8.816043,8.816043,False,complete
2024-09-09 20:30:00,reference_corrected,perfect_model_baseline,8.686606,8.686606,False,complete
2024-09-09 20:45:00,reference_corrected,perfect_model_baseline,8.686606,8.686606,False,complete
2024-09-09 21:00:00,reference_corrected,perfect_model_baseline,8.458096,8.458096,False,complete
2024-09-09 21:15:00,reference_corrected,perfect_model_baseline,8.148913,8.148913,False,complete
2024-09-09 21:30:00,reference_corrected,perfect_model_baseline,8.148913,8.148913,False,complete
2024-09-09 21:45:00,reference_corrected,perfect_model_baseline,8.148913,8.148913,False,complete
2024-09-09 22:00:00,reference_corrected,perfect_model_baseline,7.743996,7.743996,False,complete
2024-09-09 22:15:00,reference_corrected,perfect_model_baseline,8.235476,8.235476,False,complete
2024-09-09 22:30:00,reference_corrected,perfect_model_baseline,8.235476,8.235476,False,complete
2024-09-09 22:45:00,reference_corrected,perfect_model_baseline,8.235476,8.235476,False,complete
2024-09-09 23:00:00,reference_corrected,perfect_model_baseline,7.757647,7.757647,False,complete
2024-09-09 23:15:00,reference_corrected,perfect_model_baseline,8.009285,8.009285,False,complete
2024-09-09 23:30:00,reference_corrected,perfect_model_baseline,8.009285,8.009285,False,complete
2024-09-09 23:45:00,reference_corrected,perfect_model_baseline,8.009285,8.009285,False,complete
2024-09-10 00:00:00,reference_corrected,perfect_model_baseline,7.736371,7.736371,False,complete
2024-09-10 00:15:00,reference_corrected,perfect_model_baseline,7.632196,7.632196,False,complete
2024-09-10 00:30:00,reference_corrected,perfect_model_baseline,7.539302,7.539302,False,complete
2024-09-10 00:45:00,reference_corrected,perfect_model_baseline,7.384596,7.384596,False,complete
2024-09-10 01:00:00,reference_corrected,perfect_model_baseline,7.384596,7.384596,False,complete
2024-09-10 01:15:00,reference_corrected,perfect_model_baseline,7.190908,7.190908,False,complete
2024-09-10 01:30:00,reference_corrected,perfect_model_baseline,6.872253,6.872253,False,complete
2024-09-10 01:45:00,reference_corrected,perfect_model_baseline,6.424438,6.424438,False,complete
2024-09-10 02:00:00,reference_corrected,perfect_model_baseline,6.424438,6.424438,False,complete
2024-09-10 02:15:00,reference_corrected,perfect_model_baseline,6.619686,6.619686,False,complete
2024-09-10 02:30:00,reference_corrected,perfect_model_baseline,6.619686,6.619686,False,complete
2024-09-10 02:45:00,reference_corrected,perfect_model_baseline,6.619686,6.619686,False,complete
2024-09-10 03:00:00,reference_corrected,perfect_model_baseline,6.619686,6.619686,False,complete
2024-09-10 03:15:00,reference_corrected,perfect_model_baseline,6.078309,6.078309,False,complete
2024-09-10 03:30:00,reference_corrected,perfect_model_baseline,5.983616,5.983616,False,complete
2024-09-10 03:45:00,reference_corrected,perfect_model_baseline,5.983616,5.983616,False,complete
2024-09-10 04:00:00,reference_corrected,perfect_model_baseline,5.751376,5.751376,False,complete
2024-09-10 04:15:00,reference_corrected,perfect_model_baseline,5.71127,5.71127,False,complete
2024-09-10 04:30:00,reference_corrected,perfect_model_baseline,5.71127,5.71127,False,complete
2024-09-10 04:45:00,reference_corrected,perfect_model_baseline,5.901689,5.901689,False,complete
2024-09-10 05:00:00,reference_corrected,perfect_model_baseline,6.230445,6.230445,False,complete
2024-09-10 05:15:00,reference_corrected,perfect_model_baseline,6.327343,6.327343,False,complete
2024-09-10 05:30:00,reference_corrected,perfect_model_baseline,6.532994,6.532994,False,complete
2024-09-10 05:45:00,reference_corrected,perfect_model_baseline,6.706705,6.706705,False,complete
2024-09-10 06:00:00,reference_corrected,perfect_model_baseline,6.872825,6.872825,False,complete
2024-09-10 06:15:00,reference_corrected,perfect_model_baseline,7.382669,7.382669,False,complete
2024-09-10 06:30:00,reference_corrected,perfect_model_baseline,7.166857,7.166857,False,complete
2024-09-10 06:45:00,reference_corrected,perfect_model_baseline,6.896406,6.896406,False,complete
2024-09-10 07:00:00,reference_corrected,perfect_model_baseline,6.367174,6.367174,False,complete
2024-09-10 07:15:00,reference_corrected,perfect_model_baseline,5.570344,5.570344,False,complete
2024-09-10 07:30:00,reference_corrected,perfect_model_baseline,4.84784,4.84784,False,complete
2024-09-10 07:45:00,reference_corrected,perfect_model_baseline,3.945187,3.945187,False,complete
2024-09-10 08:00:00,reference_corrected,perfect_model_baseline,2.88749,2.88749,False,complete
2024-09-10 08:15:00,reference_corrected,perfect_model_baseline,2.009897,2.009897,False,complete
2024-09-10 08:30:00,reference_corrected,perfect_model_baseline,1.784896,1.784896,False,complete
2024-09-10 08:45:00,reference_corrected,perfect_model_baseline,-1.496501,-1.496501,False,complete
2024-09-10 09:00:00,reference_corrected,perfect_model_baseline,-2.352802,-2.352802,False,complete
2024-09-10 09:15:00,reference_corrected,perfect_model_baseline,-3.151745,-3.151745,False,complete
2024-09-10 09:30:00,reference_corrected,perfect_model_baseline,-3.74528,-3.74528,False,complete
2024-09-10 09:45:00,reference_corrected,perfect_model_baseline,-4.479068,-4.479068,False,complete
2024-09-10 10:00:00,reference_corrected,perfect_model_baseline,-5.025905,-5.025905,False,complete
2024-09-10 10:15:00,reference_corrected,perfect_model_baseline,-5.470206,-5.470206,False,complete
2024-09-10 10:30:00,reference_corrected,perfect_model_baseline,-5.898473,-5.898473,False,complete
2024-09-10 10:45:00,reference_corrected,perfect_model_baseline,-6.339795,-6.339795,False,complete
2024-09-10 11:00:00,reference_corrected,perfect_model_baseline,-6.560407,-6.560407,False,complete
2024-09-10 11:15:00,reference_corrected,perfect_model_baseline,-7.012453,-7.012453,False,complete
2024-09-10 11:30:00,reference_corrected,perfect_model_baseline,-7.19229,-7.19229,False,complete
2024-09-10 11:45:00,reference_corrected,perfect_model_baseline,-7.19229,-7.19229,False,complete
2024-09-10 12:00:00,reference_corrected,perfect_model_baseline,-7.416517,-7.416517,False,complete
2024-09-10 12:15:00,reference_corrected,perfect_model_baseline,-7.290709,-7.290709,False,complete
2024-09-10 12:30:00,reference_corrected,perfect_model_baseline,-7.231673,-7.231673,False,complete
2024-09-10 12:45:00,reference_corrected,perfect_model_baseline,-6.372696,-6.372696,False,complete
2024-09-10 13:00:00,reference_corrected,perfect_model_baseline,-6.035558,-6.035558,False,complete
2024-09-10 13:15:00,reference_corrected,perfect_model_baseline,-6.095175,-6.095175,False,complete
2024-09-10 13:30:00,reference_corrected,perfect_model_baseline,-4.959267,-4.959267,False,complete
2024-09-10 13:45:00,reference_corrected,perfect_model_baseline,-4.169735,-4.169735,False,complete
2024-09-10 14:00:00,reference_corrected,perfect_model_baseline,-2.914103,-2.914103,False,complete
2024-09-10 14:15:00,reference_corrected,perfect_model_baseline,-2.998417,-2.998417,False,complete
2024-09-10 14:30:00,reference_corrected,perfect_model_baseline,-3.362596,-3.362596,False,complete
2024-09-10 14:45:00,reference_corrected,perfect_model_baseline,-2.121485,-2.121485,False,complete
2024-09-10 15:00:00,reference_corrected,perfect_model_baseline,-3.119214,-3.119214,False,complete
2024-09-10 15:15:00,reference_corrected,perfect_model_baseline,-2.803413,-2.803413,False,complete
2024-09-10 15:30:00,reference_corrected,perfect_model_baseline,-1.503462,-1.503462,False,complete
2024-09-10 15:45:00,reference_corrected,perfect_model_baseline,1.503462,1.503462,False,complete
2024-09-10 16:00:00,reference_corrected,perfect_model_baseline,2.19321,2.19321,False,complete
2024-09-10 16:15:00,reference_corrected,perfect_model_baseline,3.099187,3.099187,False,complete
2024-09-10 16:30:00,reference_corrected,perfect_model_baseline,4.174794,4.174794,False,complete
2024-09-10 16:45:00,reference_corrected,perfect_model_baseline,5.447038,5.447038,False,complete
2024-09-10 17:00:00,reference_corrected,perfect_model_baseline,6.84824,6.84824,False,complete
2024-09-10 17:15:00,reference_corrected,perfect_model_baseline,7.65037,7.65037,False,complete
2024-09-10 17:30:00,reference_corrected,perfect_model_baseline,8.425423,8.425423,False,complete
2024-09-10 17:45:00,reference_corrected,perfect_model_baseline,9.155311,9.155311,False,complete
2024-09-10 18:00:00,reference_corrected,perfect_model_baseline,9.918717,9.918717,False,complete
2024-09-10 18:15:00,reference_corrected,perfect_model_baseline,10.150009,10.150009,False,complete
2024-09-10 18:30:00,reference_corrected,perfect_model_baseline,10.150009,10.150009,False,complete
2024-09-10 18:45:00,reference_corrected,perfect_model_baseline,10.288192,10.288192,False,complete
2024-09-10 19:00:00,reference_corrected,perfect_model_baseline,10.288192,10.288192,False,complete
2024-09-10 19:15:00,reference_corrected,perfect_model_baseline,9.94422,9.94422,False,complete
2024-09-10 19:30:00,reference_corrected,perfect_model_baseline,9.609781,9.609781,False,complete
2024-09-10 19:45:00,reference_corrected,perfect_model_baseline,9.609781,9.609781,False,complete
2024-09-10 20:00:00,reference_corrected,perfect_model_baseline,9.252,9.252,False,complete
2024-09-10 20:15:00,reference_corrected,perfect_model_baseline,9.001905,9.001905,False,complete
2024-09-10 20:30:00,reference_corrected,perfect_model_baseline,9.001905,9.001905,False,complete
2024-09-10 20:45:00,reference_corrected,perfect_model_baseline,8.733072,8.733072,False,complete
2024-09-10 21:00:00,reference_corrected,perfect_model_baseline,8.733072,8.733072,False,complete
2024-09-10 21:15:00,reference_corrected,perfect_model_baseline,8.236602,8.236602,False,complete
2024-09-10 21:30:00,reference_corrected,perfect_model_baseline,8.236602,8.236602,False,complete
2024-09-10 21:45:00,reference_corrected,perfect_model_baseline,7.99961,7.99961,False,complete
2024-09-10 22:00:00,reference_corrected,perfect_model_baseline,7.995166,7.995166,False,complete
2024-09-10 22:15:00,reference_corrected,perfect_model_baseline,8.402636,8.402636,False,complete
2024-09-10 22:30:00,reference_corrected,perfect_model_baseline,8.402636,8.402636,False,complete
2024-09-10 22:45:00,reference_corrected,perfect_model_baseline,8.402636,8.402636,False,complete
2024-09-10 23:00:00,reference_corrected,perfect_model_baseline,8.116662,8.116662,False,complete
2024-09-10 23:15:00,reference_corrected,perfect_model_baseline,8.218931,8.218931,False,complete
2024-09-10 23:30:00,reference_corrected,perfect_model_baseline,7.776493,7.776493,False,complete
2024-09-10 23:45:00,reference_corrected,perfect_model_baseline,7.776493,7.776493,False,complete
2024-09-11 00:00:00,reference_corrected,perfect_model_baseline,7.776493,7.776493,False,complete
2024-09-11 00:15:00,reference_corrected,perfect_model_baseline,7.640139,7.640139,False,complete
2024-09-11 00:30:00,reference_corrected,perfect_model_baseline,7.528005,7.528005,False,complete
2024-09-11 00:45:00,reference_corrected,perfect_model_baseline,7.338335,7.338335,False,complete
2024-09-11 01:00:00,reference_corrected,perfect_model_baseline,7.338335,7.338335,False,complete
2024-09-11 01:15:00,reference_corrected,perfect_model_baseline,7.262003,7.262003,False,complete
2024-09-11 01:30:00,reference_corrected,perfect_model_baseline,6.874821,6.874821,False,complete
2024-09-11 01:45:00,reference_corrected,perfect_model_baseline,6.874821,6.874821,False,complete
2024-09-11 02:00:00,reference_corrected,perfect_model_baseline,6.65106,6.65106,False,complete
2024-09-11 02:15:00,reference_corrected,perfect_model_baseline,6.395785,6.395785,False,complete
2024-09-11 02:30:00,reference_corrected,perfect_model_baseline,6.395785,6.395785,False,complete
2024-09-11 02:45:00,reference_corrected,perfect_model_baseline,6.214735,6.214735,False,complete
2024-09-11 03:00:00,reference_corrected,perfect_model_baseline,6.214735,6.214735,False,complete
2024-09-11 03:15:00,reference_corrected,perfect_model_baseline,6.153417,6.153417,False,complete
2024-09-11 03:30:00,reference_corrected,perfect_model_baseline,6.016318,6.016318,False,complete
2024-09-11 03:45:00,reference_corrected,perfect_model_baseline,6.016318,6.016318,False,complete
2024-09-11 04:00:00,reference_corrected,perfect_model_baseline,6.016318,6.016318,False,complete
2024-09-11 04:15:00,reference_corrected,perfect_model_baseline,5.964186,5.964186,False,complete
2024-09-11 04:30:00,reference_corrected,perfect_model_baseline,5.964186,5.964186,False,complete
2024-09-11 04:45:00,reference_corrected,perfect_model_baseline,5.964186,5.964186,False,complete
2024-09-11 05:00:00,reference_corrected,perfect_model_baseline,6.15294,6.15294,False,complete
2024-09-11 05:15:00,reference_corrected,perfect_model_baseline,6.352119,6.352119,False,complete
2024-09-11 05:30:00,reference_corrected,perfect_model_baseline,6.352119,6.352119,False,complete
2024-09-11 05:45:00,reference_corrected,perfect_model_baseline,6.608941,6.608941,False,complete
2024-09-11 06:00:00,reference_corrected,perfect_model_baseline,6.876123,6.876123,False,complete
2024-09-11 06:15:00,reference_corrected,perfect_model_baseline,7.309641,7.309641,False,complete
2024-09-11 06:30:00,reference_corrected,perfect_model_baseline,6.835528,6.835528,False,complete
2024-09-11 06:45:00,reference_corrected,perfect_model_baseline,6.613046,6.613046,False,complete
2024-09-11 07:00:00,reference_corrected,perfect_model_baseline,6.168182,6.168182,False,complete
2024-09-11 07:15:00,reference_corrected,perfect_model_baseline,5.51424,5.51424,False,complete
2024-09-11 07:30:00,reference_corrected,perfect_model_baseline,4.742801,4.742801,False,complete
2024-09-11 07:45:00,reference_corrected,perfect_model_baseline,3.6678,3.6678,False,complete
2024-09-11 08:00:00,reference_corrected,perfect_model_baseline,3.008404,3.008404,False,complete
2024-09-11 08:15:00,reference_corrected,perfect_model_baseline,2.161208,2.161208,False,complete
2024-09-11 08:30:00,reference_corrected,perfect_model_baseline,1.974315,1.974315,False,complete
2024-09-11 08:45:00,reference_corrected,perfect_model_baseline,-1.974315,-1.974315,False,complete
2024-09-11 09:00:00,reference_corrected,perfect_model_baseline,-2.196108,-2.196108,False,complete
2024-09-11 09:15:00,reference_corrected,perfect_model_baseline,-2.726375,-2.726375,False,complete
2024-09-11 09:30:00,reference_corrected,perfect_model_baseline,-3.494907,-3.494907,False,complete
2024-09-11 09:45:00,reference_corrected,perfect_model_baseline,-4.298329,-4.298329,False,complete
2024-09-11 10:00:00,reference_corrected,perfect_model_baseline,-4.929484,-4.929484,False,complete
2024-09-11 10:15:00,reference_corrected,perfect_model_baseline,-5.240259,-5.240259,False,complete
2024-09-11 10:30:00,reference_corrected,perfect_model_baseline,-5.692819,-5.692819,False,complete
2024-09-11 10:45:00,reference_corrected,perfect_model_baseline,-6.35682,-6.35682,False,complete
2024-09-11 11:00:00,reference_corrected,perfect_model_baseline,-6.577826,-6.577826,False,complete
2024-09-11 11:15:00,reference_corrected,perfect_model_baseline,-6.901242,-6.901242,False,complete
2024-09-11 11:30:00,reference_corrected,perfect_model_baseline,-7.028745,-7.028745,False,complete
2024-09-11 11:45:00,reference_corrected,perfect_model_baseline,-7.23532,-7.23532,False,complete
2024-09-11 12:00:00,reference_corrected,perfect_model_baseline,-7.23532,-7.23532,False,complete
2024-09-11 12:15:00,reference_corrected,perfect_model_baseline,-6.975427,-6.975427,False,complete
2024-09-11 12:30:00,reference_corrected,perfect_model_baseline,-6.975427,-6.975427,False,complete
2024-09-11 12:45:00,reference_corrected,perfect_model_baseline,-6.855943,-6.855943,False,complete
2024-09-11 13:00:00,reference_corrected,perfect_model_baseline,-6.855943,-6.855943,False,complete
2024-09-11 13:15:00,reference_corrected,perfect_model_baseline,-6.063909,-6.063909,False,complete
2024-09-11 13:30:00,reference_corrected,perfect_model_baseline,-5.304339,-5.304339,False,complete
2024-09-11 13:45:00,reference_corrected,perfect_model_baseline,-3.030055,-3.030055,False,complete
2024-09-11 14:00:00,reference_corrected,perfect_model_baseline,-5.723969,-5.723969,False,complete
2024-09-11 14:15:00,reference_corrected,perfect_model_baseline,-4.869979,-4.869979,False,complete
2024-09-11 14:30:00,reference_corrected,perfect_model_baseline,-4.018267,-4.018267,False,complete
2024-09-11 14:45:00,reference_corrected,perfect_model_baseline,-3.363071,-3.363071,False,complete
2024-09-11 15:00:00,reference_corrected,perfect_model_baseline,-2.194262,-2.194262,False,complete
2024-09-11 15:15:00,reference_corrected,perfect_model_baseline,-1.833988,-1.833988,False,complete
2024-09-11 15:30:00,reference_corrected,perfect_model_baseline,-1.492174,-1.492174,False,complete
2024-09-11 15:45:00,reference_corrected,perfect_model_baseline,2.726967,2.726967,False,complete
2024-09-11 16:00:00,reference_corrected,perfect_model_baseline,4.860244,4.860244,False,complete
2024-09-11 16:15:00,reference_corrected,perfect_model_baseline,5.075157,5.075157,False,complete
2024-09-11 16:30:00,reference_corrected,perfect_model_baseline,5.536668,5.536668,False,complete
2024-09-11 16:45:00,reference_corrected,perfect_model_baseline,6.926632,6.926632,False,complete
2024-09-11 17:00:00,reference_corrected,perfect_model_baseline,7.66801,7.66801,False,complete
2024-09-11 17:15:00,reference_corrected,perfect_model_baseline,7.886757,7.886757,False,complete
2024-09-11 17:30:00,reference_corrected,perfect_model_baseline,8.493274,8.493274,False,complete
2024-09-11 17:45:00,reference_corrected,perfect_model_baseline,9.297627,9.297627,False,complete
2024-09-11 18:00:00,reference_corrected,perfect_model_baseline,9.82172,9.82172,False,complete
2024-09-11 18:15:00,reference_corrected,perfect_model_baseline,10.056503,10.056503,False,complete
2024-09-11 18:30:00,reference_corrected,perfect_model_baseline,10.056503,10.056503,False,complete
2024-09-11 18:45:00,reference_corrected,perfect_model_baseline,10.056503,10.056503,False,complete
2024-09-11 19:00:00,reference_corrected,perfect_model_baseline,9.834686,9.834686,False,complete
2024-09-11 19:15:00,reference_corrected,perfect_model_baseline,9.373226,9.373226,False,complete
2024-09-11 19:30:00,reference_corrected,perfect_model_baseline,9.261831,9.261831,False,complete
2024-09-11 19:45:00,reference_corrected,perfect_model_baseline,9.071867,9.071867,False,complete
2024-09-11 20:00:00,reference_corrected,perfect_model_baseline,9.071867,9.071867,False,complete
2024-09-11 20:15:00,reference_corrected,perfect_model_baseline,8.871839,8.871839,False,complete
2024-09-11 20:30:00,reference_corrected,perfect_model_baseline,8.871839,8.871839,False,complete
2024-09-11 20:45:00,reference_corrected,perfect_model_baseline,8.717333,8.717333,False,complete
2024-09-11 21:00:00,reference_corrected,perfect_model_baseline,8.422187,8.422187,False,complete
2024-09-11 21:15:00,reference_corrected,perfect_model_baseline,8.133204,8.133204,False,complete
2024-09-11 21:30:00,reference_corrected,perfect_model_baseline,7.961758,7.961758,False,complete
2024-09-11 21:45:00,reference_corrected,perfect_model_baseline,7.961758,7.961758,False,complete
2024-09-11 22:00:00,reference_corrected,perfect_model_baseline,7.738918,7.738918,False,complete
2024-09-11 22:15:00,reference_corrected,perfect_model_baseline,8.33055,8.33055,False,complete
2024-09-11 22:30:00,reference_corrected,perfect_model_baseline,8.33055,8.33055,False,complete
2024-09-11 22:45:00,reference_corrected,perfect_model_baseline,8.077293,8.077293,False,complete
2024-09-11 23:00:00,reference_corrected,perfect_model_baseline,7.745751,7.745751,False,complete
2024-09-11 23:15:00,reference_corrected,perfect_model_baseline,7.779893,7.779893,False,complete
2024-09-11 23:30:00,reference_corrected,perfect_model_baseline,7.598922,7.598922,False,complete
2024-09-11 23:45:00,reference_corrected,perfect_model_baseline,7.662317,7.662317,False,complete
2024-09-12 00:00:00,reference_corrected,perfect_model_baseline,7.393064,7.393064,False,complete
2024-09-12 00:15:00,reference_corrected,perfect_model_baseline,7.391731,7.391731,False,complete
2024-09-12 00:30:00,reference_corrected,perfect_model_baseline,7.391731,7.391731,False,complete
2024-09-12 00:45:00,reference_corrected,perfect_model_baseline,7.217563,7.217563,False,complete
2024-09-12 01:00:00,reference_corrected,perfect_model_baseline,7.217563,7.217563,False,complete
2024-09-12 01:15:00,reference_corrected,perfect_model_baseline,6.788664,6.788664,False,complete
2024-09-12 01:30:00,reference_corrected,perfect_model_baseline,6.659278,6.659278,False,complete
2024-09-12 01:45:00,reference_corrected,perfect_model_baseline,6.441525,6.441525,False,complete
2024-09-12 02:00:00,reference_corrected,perfect_model_baseline,6.441525,6.441525,False,complete
2024-09-12 02:15:00,reference_corrected,perfect_model_baseline,5.975986,5.975986,False,complete
2024-09-12 02:30:00,reference_corrected,perfect_model_baseline,5.975986,5.975986,False,complete
2024-09-12 02:45:00,reference_corrected,perfect_model_baseline,5.975986,5.975986,False,complete
2024-09-12 03:00:00,reference_corrected,perfect_model_baseline,5.78381,5.78381,False,complete
2024-09-12 03:15:00,reference_corrected,perfect_model_baseline,5.711169,5.711169,False,complete
2024-09-12 03:30:00,reference_corrected,perfect_model_baseline,5.711169,5.711169,False,complete
2024-09-12 03:45:00,reference_corrected,perfect_model_baseline,5.711169,5.711169,False,complete
2024-09-12 04:00:00,reference_corrected,perfect_model_baseline,5.590256,5.590256,False,complete
2024-09-12 04:15:00,reference_corrected,perfect_model_baseline,5.495862,5.495862,False,complete
2024-09-12 04:30:00,reference_corrected,perfect_model_baseline,5.495862,5.495862,False,complete
2024-09-12 04:45:00,reference_corrected,perfect_model_baseline,5.495862,5.495862,False,complete
2024-09-12 05:00:00,reference_corrected,perfect_model_baseline,5.69214,5.69214,False,complete
2024-09-12 05:15:00,reference_corrected,perfect_model_baseline,5.884337,5.884337,False,complete
2024-09-12 05:30:00,reference_corrected,perfect_model_baseline,5.961573,5.961573,False,complete
2024-09-12 05:45:00,reference_corrected,perfect_model_baseline,5.961573,5.961573,False,complete
2024-09-12 06:00:00,reference_corrected,perfect_model_baseline,6.184546,6.184546,False,complete
2024-09-12 06:15:00,reference_corrected,perfect_model_baseline,6.66516,6.66516,False,complete
2024-09-12 06:30:00,reference_corrected,perfect_model_baseline,6.837113,6.837113,False,complete
2024-09-12 06:45:00,reference_corrected,perfect_model_baseline,6.837113,6.837113,False,complete
2024-09-12 07:00:00,reference_corrected,perfect_model_baseline,6.837113,6.837113,False,complete
2024-09-12 07:15:00,reference_corrected,perfect_model_baseline,6.799066,6.799066,False,complete
2024-09-12 07:30:00,reference_corrected,perfect_model_baseline,6.799066,6.799066,False,complete
2024-09-12 07:45:00,reference_corrected,perfect_model_baseline,7.083145,7.083145,False,complete
2024-09-12 08:00:00,reference_corrected,perfect_model_baseline,6.858893,6.858893,False,complete
2024-09-12 08:15:00,reference_corrected,perfect_model_baseline,6.912255,6.912255,False,complete
2024-09-12 08:30:00,reference_corrected,perfect_model_baseline,6.060106,6.060106,False,complete
2024-09-12 08:45:00,reference_corrected,perfect_model_baseline,4.817432,4.817432,False,complete
2024-09-12 09:00:00,reference_corrected,perfect_model_baseline,5.428131,5.428131,False,complete
2024-09-12 09:15:00,reference_corrected,perfect_model_baseline,5.78971,5.78971,False,complete
2024-09-12 09:30:00,reference_corrected,perfect_model_baseline,4.713165,4.713165,False,complete
2024-09-12 09:45:00,reference_corrected,perfect_model_baseline,3.142501,3.142501,False,complete
2024-09-12 10:00:00,reference_corrected,perfect_model_baseline,3.07308,3.07308,False,complete
2024-09-12 10:15:00,reference_corrected,perfect_model_baseline,2.067457,2.067457,False,complete
2024-09-12 10:30:00,reference_corrected,perfect_model_baseline,2.098853,2.098853,False,complete
2024-09-12 10:45:00,reference_corrected,perfect_model_baseline,2.212765,2.212765,False,complete
2024-09-12 11:00:00,reference_corrected,perfect_model_baseline,2.278332,2.278332,False,complete
2024-09-12 11:15:00,reference_corrected,perfect_model_baseline,2.364463,2.364463,False,complete
2024-09-12 11:30:00,reference_corrected,perfect_model_baseline,2.818469,2.818469,False,complete
2024-09-12 11:45:00,reference_corrected,perfect_model_baseline,2.71389,2.71389,False,complete
2024-09-12 12:00:00,reference_corrected,perfect_model_baseline,4.742673,4.742673,False,complete
2024-09-12 12:15:00,reference_corrected,perfect_model_baseline,2.603001,2.603001,False,complete
2024-09-12 12:30:00,reference_corrected,perfect_model_baseline,-1.777361,-1.777361,False,complete
2024-09-12 12:45:00,reference_corrected,perfect_model_baseline,-2.456907,-2.456907,False,complete
2024-09-12 13:00:00,reference_corrected,perfect_model_baseline,-4.555342,-4.555342,False,complete
2024-09-12 13:15:00,reference_corrected,perfect_model_baseline,-3.068291,-3.068291,False,complete
2024-09-12 13:30:00,reference_corrected,perfect_model_baseline,-3.281024,-3.281024,False,complete
2024-09-12 13:45:00,reference_corrected,perfect_model_baseline,-4.394463,-4.394463,False,complete
2024-09-12 14:00:00,reference_corrected,perfect_model_baseline,-3.515498,-3.515498,False,complete
2024-09-12 14:15:00,reference_corrected,perfect_model_baseline,-3.854629,-3.854629,False,complete
2024-09-12 14:30:00,reference_corrected,perfect_model_baseline,-2.71617,-2.71617,False,complete
2024-09-12 14:45:00,reference_corrected,perfect_model_baseline,-2.000623,-2.000623,False,complete
2024-09-12 15:00:00,reference_corrected,perfect_model_baseline,2.594542,2.594542,False,complete
2024-09-12 15:15:00,reference_corrected,perfect_model_baseline,2.0251,2.0251,False,complete
2024-09-12 15:30:00,reference_corrected,perfect_model_baseline,3.261666,3.261666,False,complete
2024-09-12 15:45:00,reference_corrected,perfect_model_baseline,5.435839,5.435839,False,complete
2024-09-12 16:00:00,reference_corrected,perfect_model_baseline,3.42753,3.42753,False,complete
2024-09-12 16:15:00,reference_corrected,perfect_model_baseline,3.952132,3.952132,False,complete
2024-09-12 16:30:00,reference_corrected,perfect_model_baseline,4.629173,4.629173,False,complete
2024-09-12 16:45:00,reference_corrected,perfect_model_baseline,7.131543,7.131543,False,complete
2024-09-12 17:00:00,reference_corrected,perfect_model_baseline,8.445533,8.445533,False,complete
2024-09-12 17:15:00,reference_corrected,perfect_model_baseline,9.107171,9.107171,False,complete
2024-09-12 17:30:00,reference_corrected,perfect_model_baseline,9.597173,9.597173,False,complete
2024-09-12 17:45:00,reference_corrected,perfect_model_baseline,9.597173,9.597173,False,complete
2024-09-12 18:00:00,reference_corrected,perfect_model_baseline,10.046365,10.046365,False,complete
2024-09-12 18:15:00,reference_corrected,perfect_model_baseline,10.381399,10.381399,False,complete
2024-09-12 18:30:00,reference_corrected,perfect_model_baseline,10.458995,10.458995,False,complete
2024-09-12 18:45:00,reference_corrected,perfect_model_baseline,10.458995,10.458995,False,complete
2024-09-12 19:00:00,reference_corrected,perfect_model_baseline,10.024367,10.024367,False,complete
2024-09-12 19:15:00,reference_corrected,perfect_model_baseline,9.934112,9.934112,False,complete
2024-09-12 19:30:00,reference_corrected,perfect_model_baseline,9.934112,9.934112,False,complete
2024-09-12 19:45:00,reference_corrected,perfect_model_baseline,9.795748,9.795748,False,complete
2024-09-12 20:00:00,reference_corrected,perfect_model_baseline,9.60558,9.60558,False,complete
2024-09-12 20:15:00,reference_corrected,perfect_model_baseline,9.522948,9.522948,False,complete
2024-09-12 20:30:00,reference_corrected,perfect_model_baseline,9.522948,9.522948,False,complete
2024-09-12 20:45:00,reference_corrected,perfect_model_baseline,9.37574,9.37574,False,complete
2024-09-12 21:00:00,reference_corrected,perfect_model_baseline,9.231561,9.231561,False,complete
2024-09-12 21:15:00,reference_corrected,perfect_model_baseline,8.660353,8.660353,False,complete
2024-09-12 21:30:00,reference_corrected,perfect_model_baseline,8.660353,8.660353,False,complete
2024-09-12 21:45:00,reference_corrected,perfect_model_baseline,8.660353,8.660353,False,complete
2024-09-12 22:00:00,reference_corrected,perfect_model_baseline,8.660353,8.660353,False,complete
2024-09-12 22:15:00,reference_corrected,perfect_model_baseline,8.811845,8.811845,False,complete
2024-09-12 22:30:00,reference_corrected,perfect_model_baseline,8.91336,8.91336,False,complete
2024-09-12 22:45:00,reference_corrected,perfect_model_baseline,8.6353,8.6353,False,complete
2024-09-12 23:00:00,reference_corrected,perfect_model_baseline,8.296563,8.296563,False,complete
2024-09-12 23:15:00,reference_corrected,perfect_model_baseline,8.496361,8.496361,False,complete
2024-09-12 23:30:00,reference_corrected,perfect_model_baseline,8.496361,8.496361,False,complete
2024-09-12 23:45:00,reference_corrected,perfect_model_baseline,8.200922,8.200922,False,complete
2024-09-13 00:00:00,reference_corrected,perfect_model_baseline,8.200922,8.200922,False,complete
2024-09-13 00:15:00,reference_corrected,perfect_model_baseline,8.055133,8.055133,False,complete
2024-09-13 00:30:00,reference_corrected,perfect_model_baseline,7.924664,7.924664,False,complete
2024-09-13 00:45:00,reference_corrected,perfect_model_baseline,7.628841,7.628841,False,complete
2024-09-13 01:00:00,reference_corrected,perfect_model_baseline,7.628841,7.628841,False,complete
2024-09-13 01:15:00,reference_corrected,perfect_model_baseline,7.409443,7.409443,False,complete
2024-09-13 01:30:00,reference_corrected,perfect_model_baseline,6.881206,6.881206,False,complete
2024-09-13 01:45:00,reference_corrected,perfect_model_baseline,6.64591,6.64591,False,complete
2024-09-13 02:00:00,reference_corrected,perfect_model_baseline,6.64591,6.64591,False,complete
2024-09-13 02:15:00,reference_corrected,perfect_model_baseline,6.364262,6.364262,False,complete
2024-09-13 02:30:00,reference_corrected,perfect_model_baseline,6.209417,6.209417,False,complete
2024-09-13 02:45:00,reference_corrected,perfect_model_baseline,6.209417,6.209417,False,complete
2024-09-13 03:00:00,reference_corrected,perfect_model_baseline,6.209417,6.209417,False,complete
2024-09-13 03:15:00,reference_corrected,perfect_model_baseline,6.11652,6.11652,False,complete
2024-09-13 03:30:00,reference_corrected,perfect_model_baseline,6.11652,6.11652,False,complete
2024-09-13 03:45:00,reference_corrected,perfect_model_baseline,6.021637,6.021637,False,complete
2024-09-13 04:00:00,reference_corrected,perfect_model_baseline,6.021637,6.021637,False,complete
2024-09-13 04:15:00,reference_corrected,perfect_model_baseline,5.963845,5.963845,False,complete
2024-09-13 04:30:00,reference_corrected,perfect_model_baseline,5.963845,5.963845,False,complete
2024-09-13 04:45:00,reference_corrected,perfect_model_baseline,5.963845,5.963845,False,complete
2024-09-13 05:00:00,reference_corrected,perfect_model_baseline,5.963845,5.963845,False,complete
2024-09-13 05:15:00,reference_corrected,perfect_model_baseline,6.133209,6.133209,False,complete
2024-09-13 05:30:00,reference_corrected,perfect_model_baseline,6.418922,6.418922,False,complete
2024-09-13 05:45:00,reference_corrected,perfect_model_baseline,6.642289,6.642289,False,complete
2024-09-13 06:00:00,reference_corrected,perfect_model_baseline,6.642289,6.642289,False,complete
2024-09-13 06:15:00,reference_corrected,perfect_model_baseline,6.908611,6.908611,False,complete
2024-09-13 06:30:00,reference_corrected,perfect_model_baseline,6.908611,6.908611,False,complete
2024-09-13 06:45:00,reference_corrected,perfect_model_baseline,6.908611,6.908611,False,complete
2024-09-13 07:00:00,reference_corrected,perfect_model_baseline,6.908611,6.908611,False,complete
2024-09-13 07:15:00,reference_corrected,perfect_model_baseline,6.717002,6.717002,False,complete
2024-09-13 07:30:00,reference_corrected,perfect_model_baseline,6.434371,6.434371,False,complete
2024-09-13 07:45:00,reference_corrected,perfect_model_baseline,5.640187,5.640187,False,complete
2024-09-13 08:00:00,reference_corrected,perfect_model_baseline,5.813758,5.813758,False,complete
2024-09-13 08:15:00,reference_corrected,perfect_model_baseline,4.868017,4.868017,False,complete
2024-09-13 08:30:00,reference_corrected,perfect_model_baseline,6.005115,6.005115,False,complete
2024-09-13 08:45:00,reference_corrected,perfect_model_baseline,3.468834,3.468834,False,complete
2024-09-13 09:00:00,reference_corrected,perfect_model_baseline,2.170301,2.170301,False,complete
2024-09-13 09:15:00,reference_corrected,perfect_model_baseline,-1.758304,-1.758304,False,complete
2024-09-13 09:30:00,reference_corrected,perfect_model_baseline,-1.792131,-1.792131,False,complete
2024-09-13 09:45:00,reference_corrected,perfect_model_baseline,-1.944533,-1.944533,False,complete
2024-09-13 10:00:00,reference_corrected,perfect_model_baseline,-2.402706,-2.402706,False,complete
2024-09-13 10:15:00,reference_corrected,perfect_model_baseline,-4.050611,-4.050611,False,complete
2024-09-13 10:30:00,reference_corrected,perfect_model_baseline,-2.730786,-2.730786,False,complete
2024-09-13 10:45:00,reference_corrected,perfect_model_baseline,-2.992112,-2.992112,False,complete
2024-09-13 11:00:00,reference_corrected,perfect_model_baseline,-3.231633,-3.231633,False,complete
2024-09-13 11:15:00,reference_corrected,perfect_model_baseline,-3.658455,-3.658455,False,complete
2024-09-13 11:30:00,reference_corrected,perfect_model_baseline,-3.602273,-3.602273,False,complete
2024-09-13 11:45:00,reference_corrected,perfect_model_baseline,-1.623776,-1.623776,False,complete
2024-09-13 12:00:00,reference_corrected,perfect_model_baseline,-1.525539,-1.525539,False,complete
2024-09-13 12:15:00,reference_corrected,perfect_model_baseline,3.64072,3.64072,False,complete
2024-09-13 12:30:00,reference_corrected,perfect_model_baseline,3.057015,3.057015,False,complete
2024-09-13 12:45:00,reference_corrected,perfect_model_baseline,3.711816,3.711816,False,complete
2024-09-13 13:00:00,reference_corrected,perfect_model_baseline,2.415062,2.415062,False,complete
2024-09-13 13:15:00,reference_corrected,perfect_model_baseline,3.503795,3.503795,False,complete
2024-09-13 13:30:00,reference_corrected,perfect_model_baseline,2.495074,2.495074,False,complete
2024-09-13 13:45:00,reference_corrected,perfect_model_baseline,3.700085,3.700085,False,complete
2024-09-13 14:00:00,reference_corrected,perfect_model_baseline,2.064746,2.064746,False,complete
2024-09-13 14:15:00,reference_corrected,perfect_model_baseline,2.305975,2.305975,False,complete
2024-09-13 14:30:00,reference_corrected,perfect_model_baseline,2.985668,2.985668,False,complete
2024-09-13 14:45:00,reference_corrected,perfect_model_baseline,2.915934,2.915934,False,complete
2024-09-13 15:00:00,reference_corrected,perfect_model_baseline,1.933392,1.933392,False,complete
2024-09-13 15:15:00,reference_corrected,perfect_model_baseline,2.607446,2.607446,False,complete
2024-09-13 15:30:00,reference_corrected,perfect_model_baseline,1.855504,1.855504,False,complete
2024-09-13 15:45:00,reference_corrected,perfect_model_baseline,1.855504,1.855504,False,complete
2024-09-13 16:00:00,reference_corrected,perfect_model_baseline,2.278839,2.278839,False,complete
2024-09-13 16:15:00,reference_corrected,perfect_model_baseline,3.185736,3.185736,False,complete
2024-09-13 16:30:00,reference_corrected,perfect_model_baseline,4.265948,4.265948,False,complete
2024-09-13 16:45:00,reference_corrected,perfect_model_baseline,5.664974,5.664974,False,complete
2024-09-13 17:00:00,reference_corrected,perfect_model_baseline,7.283908,7.283908,False,complete
2024-09-13 17:15:00,reference_corrected,perfect_model_baseline,8.122145,8.122145,False,complete
2024-09-13 17:30:00,reference_corrected,perfect_model_baseline,8.791395,8.791395,False,complete
2024-09-13 17:45:00,reference_corrected,perfect_model_baseline,9.331482,9.331482,False,complete
2024-09-13 18:00:00,reference_corrected,perfect_model_baseline,9.926883,9.926883,False,complete
2024-09-13 18:15:00,reference_corrected,perfect_model_baseline,10.541953,10.541953,False,complete
2024-09-13 18:30:00,reference_corrected,perfect_model_baseline,10.720881,10.720881,False,complete
2024-09-13 18:45:00,reference_corrected,perfect_model_baseline,10.720881,10.720881,False,complete
2024-09-13 19:00:00,reference_corrected,perfect_model_baseline,10.720881,10.720881,False,complete
2024-09-13 19:15:00,reference_corrected,perfect_model_baseline,10.62079,10.62079,False,complete
2024-09-13 19:30:00,reference_corrected,perfect_model_baseline,10.62079,10.62079,False,complete
2024-09-13 19:45:00,reference_corrected,perfect_model_baseline,10.62079,10.62079,False,complete
2024-09-13 20:00:00,reference_corrected,perfect_model_baseline,10.345029,10.345029,False,complete
2024-09-13 20:15:00,reference_corrected,perfect_model_baseline,10.169785,10.169785,False,complete
2024-09-13 20:30:00,reference_corrected,perfect_model_baseline,10.083338,10.083338,False,complete
2024-09-13 20:45:00,reference_corrected,perfect_model_baseline,10.083338,10.083338,False,complete
2024-09-13 21:00:00,reference_corrected,perfect_model_baseline,10.083338,10.083338,False,complete
2024-09-13 21:15:00,reference_corrected,perfect_model_baseline,9.598302,9.598302,False,complete
2024-09-13 21:30:00,reference_corrected,perfect_model_baseline,9.612545,9.612545,False,complete
2024-09-13 21:45:00,reference_corrected,perfect_model_baseline,9.612545,9.612545,False,complete
2024-09-13 22:00:00,reference_corrected,perfect_model_baseline,9.204069,9.204069,False,complete
2024-09-13 22:15:00,reference_corrected,perfect_model_baseline,9.812466,9.812466,False,complete
2024-09-13 22:30:00,reference_corrected,perfect_model_baseline,9.812466,9.812466,False,complete
2024-09-13 22:45:00,reference_corrected,perfect_model_baseline,9.812466,9.812466,False,complete
2024-09-13 23:00:00,reference_corrected,perfect_model_baseline,9.506103,9.506103,False,complete
2024-09-13 23:15:00,reference_corrected,perfect_model_baseline,9.315937,9.315937,False,complete
2024-09-13 23:30:00,reference_corrected,perfect_model_baseline,8.860814,8.860814,False,complete
2024-09-13 23:45:00,reference_corrected,perfect_model_baseline,8.978047,8.978047,False,complete
2024-09-14 00:00:00,reference_corrected,perfect_model_baseline,8.712106,8.712106,False,complete
2024-09-14 00:15:00,reference_corrected,perfect_model_baseline,8.644213,8.644213,False,complete
2024-09-14 00:30:00,reference_corrected,perfect_model_baseline,8.48026,8.48026,False,complete
2024-09-14 00:45:00,reference_corrected,perfect_model_baseline,8.23876,8.23876,False,complete
2024-09-14 01:00:00,reference_corrected,perfect_model_baseline,8.23876,8.23876,False,complete
2024-09-14 01:15:00,reference_corrected,perfect_model_baseline,7.945016,7.945016,False,complete
2024-09-14 01:30:00,reference_corrected,perfect_model_baseline,7.592349,7.592349,False,complete
2024-09-14 01:45:00,reference_corrected,perfect_model_baseline,7.36731,7.36731,False,complete
2024-09-14 02:00:00,reference_corrected,perfect_model_baseline,7.142174,7.142174,False,complete
2024-09-14 02:15:00,reference_corrected,perfect_model_baseline,7.089625,7.089625,False,complete
2024-09-14 02:30:00,reference_corrected,perfect_model_baseline,6.959955,6.959955,False,complete
2024-09-14 02:45:00,reference_corrected,perfect_model_baseline,6.959955,6.959955,False,complete
2024-09-14 03:00:00,reference_corrected,perfect_model_baseline,6.683226,6.683226,False,complete
2024-09-14 03:15:00,reference_corrected,perfect_model_baseline,6.430556,6.430556,False,complete
2024-09-14 03:30:00,reference_corrected,perfect_model_baseline,6.392961,6.392961,False,complete
2024-09-14 03:45:00,reference_corrected,perfect_model_baseline,6.392961,6.392961,False,complete
2024-09-14 04:00:00,reference_corrected,perfect_model_baseline,6.392961,6.392961,False,complete
2024-09-14 04:15:00,reference_corrected,perfect_model_baseline,6.176399,6.176399,False,complete
2024-09-14 04:30:00,reference_corrected,perfect_model_baseline,6.176399,6.176399,False,complete
2024-09-14 04:45:00,reference_corrected,perfect_model_baseline,6.176399,6.176399,False,complete
2024-09-14 05:00:00,reference_corrected,perfect_model_baseline,6.176399,6.176399,False,complete
2024-09-14 05:15:00,reference_corrected,perfect_model_baseline,6.464277,6.464277,False,complete
2024-09-14 05:30:00,reference_corrected,perfect_model_baseline,6.464277,6.464277,False,complete
2024-09-14 05:45:00,reference_corrected,perfect_model_baseline,6.905047,6.905047,False,complete
2024-09-14 06:00:00,reference_corrected,perfect_model_baseline,6.905047,6.905047,False,complete
2024-09-14 06:15:00,reference_corrected,perfect_model_baseline,6.973072,6.973072,False,complete
2024-09-14 06:30:00,reference_corrected,perfect_model_baseline,6.973072,6.973072,False,complete
2024-09-14 06:45:00,reference_corrected,perfect_model_baseline,6.245944,6.245944,False,complete
2024-09-14 07:00:00,reference_corrected,perfect_model_baseline,5.73091,5.73091,False,complete
2024-09-14 07:15:00,reference_corrected,perfect_model_baseline,5.289236,5.289236,False,complete
2024-09-14 07:30:00,reference_corrected,perfect_model_baseline,4.761798,4.761798,False,complete
2024-09-14 07:45:00,reference_corrected,perfect_model_baseline,3.992389,3.992389,False,complete
2024-09-14 08:00:00,reference_corrected,perfect_model_baseline,3.159552,3.159552,False,complete
2024-09-14 08:15:00,reference_corrected,perfect_model_baseline,2.334467,2.334467,False,complete
2024-09-14 08:30:00,reference_corrected,perfect_model_baseline,1.552349,1.552349,False,complete
2024-09-14 08:45:00,reference_corrected,perfect_model_baseline,-1.552349,-1.552349,False,complete
2024-09-14 09:00:00,reference_corrected,perfect_model_baseline,-1.730184,-1.730184,False,complete
2024-09-14 09:15:00,reference_corrected,perfect_model_baseline,-2.238858,-2.238858,False,complete
2024-09-14 09:30:00,reference_corrected,perfect_model_baseline,-2.969266,-2.969266,False,complete
2024-09-14 09:45:00,reference_corrected,perfect_model_baseline,-3.572124,-3.572124,False,complete
2024-09-14 10:00:00,reference_corrected,perfect_model_baseline,-4.235538,-4.235538,False,complete
2024-09-14 10:15:00,reference_corrected,perfect_model_baseline,-4.950159,-4.950159,False,complete
2024-09-14 10:30:00,reference_corrected,perfect_model_baseline,-5.647918,-5.647918,False,complete
2024-09-14 10:45:00,reference_corrected,perfect_model_baseline,-5.869514,-5.869514,False,complete
2024-09-14 11:00:00,reference_corrected,perfect_model_baseline,-6.365229,-6.365229,False,complete
2024-09-14 11:15:00,reference_corrected,perfect_model_baseline,-6.668963,-6.668963,False,complete
2024-09-14 11:30:00,reference_corrected,perfect_model_baseline,-7.001731,-7.001731,False,complete
2024-09-14 11:45:00,reference_corrected,perfect_model_baseline,-6.781119,-6.781119,False,complete
2024-09-14 12:00:00,reference_corrected,perfect_model_baseline,-6.781119,-6.781119,False,complete
2024-09-14 12:15:00,reference_corrected,perfect_model_baseline,-7.112097,-7.112097,False,complete
2024-09-14 12:30:00,reference_corrected,perfect_model_baseline,-7.112097,-7.112097,False,complete
2024-09-14 12:45:00,reference_corrected,perfect_model_baseline,-6.902075,-6.902075,False,complete
2024-09-14 13:00:00,reference_corrected,perfect_model_baseline,-6.902075,-6.902075,False,complete
2024-09-14 13:15:00,reference_corrected,perfect_model_baseline,-6.584549,-6.584549,False,complete
2024-09-14 13:30:00,reference_corrected,perfect_model_baseline,-6.388343,-6.388343,False,complete
2024-09-14 13:45:00,reference_corrected,perfect_model_baseline,-5.930026,-5.930026,False,complete
2024-09-14 14:00:00,reference_corrected,perfect_model_baseline,-5.486341,-5.486341,False,complete
2024-09-14 14:15:00,reference_corrected,perfect_model_baseline,-5.051047,-5.051047,False,complete
2024-09-14 14:30:00,reference_corrected,perfect_model_baseline,-4.153481,-4.153481,False,complete
2024-09-14 14:45:00,reference_corrected,perfect_model_baseline,-3.873935,-3.873935,False,complete
2024-09-14 15:00:00,reference_corrected,perfect_model_baseline,-3.174797,-3.174797,False,complete
2024-09-14 15:15:00,reference_corrected,perfect_model_baseline,-2.285767,-2.285767,False,complete
2024-09-14 15:30:00,reference_corrected,perfect_model_baseline,4.171182,4.171182,False,complete
2024-09-14 15:45:00,reference_corrected,perfect_model_baseline,3.712777,3.712777,False,complete
2024-09-14 16:00:00,reference_corrected,perfect_model_baseline,2.988115,2.988115,False,complete
2024-09-14 16:15:00,reference_corrected,perfect_model_baseline,2.645689,2.645689,False,complete
2024-09-14 16:30:00,reference_corrected,perfect_model_baseline,5.051918,5.051918,False,complete
2024-09-14 16:45:00,reference_corrected,perfect_model_baseline,5.356652,5.356652,False,complete
2024-09-14 17:00:00,reference_corrected,perfect_model_baseline,6.3222,6.3222,False,complete
2024-09-14 17:15:00,reference_corrected,perfect_model_baseline,7.052126,7.052126,False,complete
2024-09-14 17:30:00,reference_corrected,perfect_model_baseline,8.03829,8.03829,False,complete
2024-09-14 17:45:00,reference_corrected,perfect_model_baseline,8.844279,8.844279,False,complete
2024-09-14 18:00:00,reference_corrected,perfect_model_baseline,9.068629,9.068629,False,complete
2024-09-14 18:15:00,reference_corrected,perfect_model_baseline,9.587802,9.587802,False,complete
2024-09-14 18:30:00,reference_corrected,perfect_model_baseline,9.587802,9.587802,False,complete
2024-09-14 18:45:00,reference_corrected,perfect_model_baseline,9.587802,9.587802,False,complete
2024-09-14 19:00:00,reference_corrected,perfect_model_baseline,9.587802,9.587802,False,complete
2024-09-14 19:15:00,reference_corrected,perfect_model_baseline,9.41164,9.41164,False,complete
2024-09-14 19:30:00,reference_corrected,perfect_model_baseline,9.307998,9.307998,False,complete
2024-09-14 19:45:00,reference_corrected,perfect_model_baseline,9.143976,9.143976,False,complete
2024-09-14 20:00:00,reference_corrected,perfect_model_baseline,9.143976,9.143976,False,complete
2024-09-14 20:15:00,reference_corrected,perfect_model_baseline,8.721618,8.721618,False,complete
2024-09-14 20:30:00,reference_corrected,perfect_model_baseline,8.721618,8.721618,False,complete
2024-09-14 20:45:00,reference_corrected,perfect_model_baseline,8.721618,8.721618,False,complete
2024-09-14 21:00:00,reference_corrected,perfect_model_baseline,8.721618,8.721618,False,complete
2024-09-14 21:15:00,reference_corrected,perfect_model_baseline,8.511085,8.511085,False,complete
2024-09-14 21:30:00,reference_corrected,perfect_model_baseline,8.407574,8.407574,False,complete
2024-09-14 21:45:00,reference_corrected,perfect_model_baseline,8.631826,8.631826,False,complete
2024-09-14 22:00:00,reference_corrected,perfect_model_baseline,8.407574,8.407574,False,complete
2024-09-14 22:15:00,reference_corrected,perfect_model_baseline,8.375493,8.375493,False,complete
2024-09-14 22:30:00,reference_corrected,perfect_model_baseline,8.271895,8.271895,False,complete
2024-09-14 22:45:00,reference_corrected,perfect_model_baseline,8.271895,8.271895,False,complete
2024-09-14 23:00:00,reference_corrected,perfect_model_baseline,8.271895,8.271895,False,complete
2024-09-14 23:15:00,reference_corrected,perfect_model_baseline,8.270481,8.270481,False,complete
2024-09-14 23:30:00,reference_corrected,perfect_model_baseline,8.080309,8.080309,False,complete
2024-09-14 23:45:00,reference_corrected,perfect_model_baseline,7.803824,7.803824,False,complete
2024-09-15 00:00:00,reference_corrected,perfect_model_baseline,7.803824,7.803824,False,complete
2024-09-15 00:15:00,reference_corrected,perfect_model_baseline,7.826126,7.826126,False,complete
2024-09-15 00:30:00,reference_corrected,perfect_model_baseline,7.826126,7.826126,False,complete
2024-09-15 00:45:00,reference_corrected,perfect_model_baseline,7.645459,7.645459,False,complete
2024-09-15 01:00:00,reference_corrected,perfect_model_baseline,7.660848,7.660848,False,complete
2024-09-15 01:15:00,reference_corrected,perfect_model_baseline,7.283098,7.283098,False,complete
2024-09-15 01:30:00,reference_corrected,perfect_model_baseline,6.941315,6.941315,False,complete
2024-09-15 01:45:00,reference_corrected,perfect_model_baseline,6.715391,6.715391,False,complete
2024-09-15 02:00:00,reference_corrected,perfect_model_baseline,6.489566,6.489566,False,complete
2024-09-15 02:15:00,reference_corrected,perfect_model_baseline,6.350547,6.350547,False,complete
2024-09-15 02:30:00,reference_corrected,perfect_model_baseline,6.237586,6.237586,False,complete
2024-09-15 02:45:00,reference_corrected,perfect_model_baseline,6.037817,6.037817,False,complete
2024-09-15 03:00:00,reference_corrected,perfect_model_baseline,6.037817,6.037817,False,complete
2024-09-15 03:15:00,reference_corrected,perfect_model_baseline,6.190874,6.190874,False,complete
2024-09-15 03:30:00,reference_corrected,perfect_model_baseline,6.190874,6.190874,False,complete
2024-09-15 03:45:00,reference_corrected,perfect_model_baseline,6.190874,6.190874,False,complete
2024-09-15 04:00:00,reference_corrected,perfect_model_baseline,6.190874,6.190874,False,complete
2024-09-15 04:15:00,reference_corrected,perfect_model_baseline,5.884029,5.884029,False,complete
2024-09-15 04:30:00,reference_corrected,perfect_model_baseline,5.82124,5.82124,False,complete
2024-09-15 04:45:00,reference_corrected,perfect_model_baseline,5.82124,5.82124,False,complete
2024-09-15 05:00:00,reference_corrected,perfect_model_baseline,5.82124,5.82124,False,complete
2024-09-15 05:15:00,reference_corrected,perfect_model_baseline,6.009088,6.009088,False,complete
2024-09-15 05:30:00,reference_corrected,perfect_model_baseline,6.009088,6.009088,False,complete
2024-09-15 05:45:00,reference_corrected,perfect_model_baseline,6.009088,6.009088,False,complete
2024-09-15 06:00:00,reference_corrected,perfect_model_baseline,6.009088,6.009088,False,complete
2024-09-15 06:15:00,reference_corrected,perfect_model_baseline,6.27975,6.27975,False,complete
2024-09-15 06:30:00,reference_corrected,perfect_model_baseline,6.27975,6.27975,False,complete
2024-09-15 06:45:00,reference_corrected,perfect_model_baseline,6.27975,6.27975,False,complete
2024-09-15 07:00:00,reference_corrected,perfect_model_baseline,5.761277,5.761277,False,complete
2024-09-15 07:15:00,reference_corrected,perfect_model_baseline,5.890403,5.890403,False,complete
2024-09-15 07:30:00,reference_corrected,perfect_model_baseline,4.234735,4.234735,False,complete
2024-09-15 07:45:00,reference_corrected,perfect_model_baseline,3.092587,3.092587,False,complete
2024-09-15 08:00:00,reference_corrected,perfect_model_baseline,2.409049,2.409049,False,complete
2024-09-15 08:15:00,reference_corrected,perfect_model_baseline,1.859076,1.859076,False,complete
2024-09-15 08:30:00,reference_corrected,perfect_model_baseline,1.702546,1.702546,False,complete
2024-09-15 08:45:00,reference_corrected,perfect_model_baseline,-1.702546,-1.702546,False,complete
2024-09-15 09:00:00,reference_corrected,perfect_model_baseline,-1.926011,-1.926011,False,complete
2024-09-15 09:15:00,reference_corrected,perfect_model_baseline,-2.359466,-2.359466,False,complete
2024-09-15 09:30:00,reference_corrected,perfect_model_baseline,-2.927327,-2.927327,False,complete
2024-09-15 09:45:00,reference_corrected,perfect_model_baseline,-2.045016,-2.045016,False,complete
2024-09-15 10:00:00,reference_corrected,perfect_model_baseline,-1.855782,-1.855782,False,complete
2024-09-15 10:15:00,reference_corrected,perfect_model_baseline,-2.708373,-2.708373,False,complete
2024-09-15 10:30:00,reference_corrected,perfect_model_baseline,-2.010871,-2.010871,False,complete
2024-09-15 10:45:00,reference_corrected,perfect_model_baseline,-1.921936,-1.921936,False,complete
2024-09-15 11:00:00,reference_corrected,perfect_model_baseline,-2.711255,-2.711255,False,complete
2024-09-15 11:15:00,reference_corrected,perfect_model_baseline,-2.719456,-2.719456,False,complete
2024-09-15 11:30:00,reference_corrected,perfect_model_baseline,-2.613298,-2.613298,False,complete
2024-09-15 11:45:00,reference_corrected,perfect_model_baseline,-4.199278,-4.199278,False,complete
2024-09-15 12:00:00,reference_corrected,perfect_model_baseline,-3.018104,-3.018104,False,complete
2024-09-15 12:15:00,reference_corrected,perfect_model_baseline,-3.196952,-3.196952,False,complete
2024-09-15 12:30:00,reference_corrected,perfect_model_baseline,-4.92868,-4.92868,False,complete
2024-09-15 12:45:00,reference_corrected,perfect_model_baseline,-5.821066,-5.821066,False,complete
2024-09-15 13:00:00,reference_corrected,perfect_model_baseline,-4.355795,-4.355795,False,complete
2024-09-15 13:15:00,reference_corrected,perfect_model_baseline,-3.318898,-3.318898,False,complete
2024-09-15 13:30:00,reference_corrected,perfect_model_baseline,-2.76229,-2.76229,False,complete
2024-09-15 13:45:00,reference_corrected,perfect_model_baseline,-4.163969,-4.163969,False,complete
2024-09-15 14:00:00,reference_corrected,perfect_model_baseline,-2.530858,-2.530858,False,complete
2024-09-15 14:15:00,reference_corrected,perfect_model_baseline,-1.686617,-1.686617,False,complete
2024-09-15 14:30:00,reference_corrected,perfect_model_baseline,-1.577574,-1.577574,False,complete
2024-09-15 14:45:00,reference_corrected,perfect_model_baseline,2.189354,2.189354,False,complete
2024-09-15 15:00:00,reference_corrected,perfect_model_baseline,1.740963,1.740963,False,complete
2024-09-15 15:15:00,reference_corrected,perfect_model_baseline,2.545078,2.545078,False,complete
2024-09-15 15:30:00,reference_corrected,perfect_model_baseline,2.210872,2.210872,False,complete
2024-09-15 15:45:00,reference_corrected,perfect_model_baseline,4.317189,4.317189,False,complete
2024-09-15 16:00:00,reference_corrected,perfect_model_baseline,6.524398,6.524398,False,complete
2024-09-15 16:15:00,reference_corrected,perfect_model_baseline,5.485592,5.485592,False,complete
2024-09-15 16:30:00,reference_corrected,perfect_model_baseline,6.788345,6.788345,False,complete
2024-09-15 16:45:00,reference_corrected,perfect_model_baseline,7.425226,7.425226,False,complete
2024-09-15 17:00:00,reference_corrected,perfect_model_baseline,8.836473,8.836473,False,complete
2024-09-15 17:15:00,reference_corrected,perfect_model_baseline,9.863977,9.863977,False,complete
2024-09-15 17:30:00,reference_corrected,perfect_model_baseline,10.745535,10.745535,False,complete
2024-09-15 17:45:00,reference_corrected,perfect_model_baseline,11.737349,11.737349,False,complete
2024-09-15 18:00:00,reference_corrected,perfect_model_baseline,12.564694,12.564694,False,complete
2024-09-15 18:15:00,reference_corrected,perfect_model_baseline,13.266768,13.266768,False,complete
2024-09-15 18:30:00,reference_corrected,perfect_model_baseline,13.73547,13.73547,False,complete
2024-09-15 18:45:00,reference_corrected,perfect_model_baseline,13.509251,13.509251,False,complete
2024-09-15 19:00:00,reference_corrected,perfect_model_baseline,13.283131,13.283131,False,complete
2024-09-15 19:15:00,reference_corrected,perfect_model_baseline,13.262794,13.262794,False,complete
2024-09-15 19:30:00,reference_corrected,perfect_model_baseline,12.836375,12.836375,False,complete
2024-09-15 19:45:00,reference_corrected,perfect_model_baseline,12.38384,12.38384,False,complete
2024-09-15 20:00:00,reference_corrected,perfect_model_baseline,12.38384,12.38384,False,complete
2024-09-15 20:15:00,reference_corrected,perfect_model_baseline,11.849331,11.849331,False,complete
2024-09-15 20:30:00,reference_corrected,perfect_model_baseline,11.849331,11.849331,False,complete
2024-09-15 20:45:00,reference_corrected,perfect_model_baseline,11.453818,11.453818,False,complete
2024-09-15 21:00:00,reference_corrected,perfect_model_baseline,11.227993,11.227993,False,complete
2024-09-15 21:15:00,reference_corrected,perfect_model_baseline,10.68982,10.68982,False,complete
2024-09-15 21:30:00,reference_corrected,perfect_model_baseline,10.151957,10.151957,False,complete
2024-09-15 21:45:00,reference_corrected,perfect_model_baseline,10.378865,10.378865,False,complete
2024-09-15 22:00:00,reference_corrected,perfect_model_baseline,10.109568,10.109568,False,complete
2024-09-15 22:15:00,reference_corrected,perfect_model_baseline,9.868703,9.868703,False,complete
2024-09-15 22:30:00,reference_corrected,perfect_model_baseline,9.584565,9.584565,False,complete
2024-09-15 22:45:00,reference_corrected,perfect_model_baseline,9.135964,9.135964,False,complete
2024-09-15 23:00:00,reference_corrected,perfect_model_baseline,8.911614,8.911614,False,complete
2024-09-15 23:15:00,reference_corrected,perfect_model_baseline,9.03342,9.03342,False,complete
2024-09-15 23:30:00,reference_corrected,perfect_model_baseline,8.842916,8.842916,False,complete
2024-09-15 23:45:00,reference_corrected,perfect_model_baseline,8.625194,8.625194,False,complete
2024-09-16 00:00:00,reference_corrected,perfect_model_baseline,8.39917,8.39917,False,complete
2024-09-16 00:15:00,reference_corrected,perfect_model_baseline,8.243417,8.243417,False,complete
2024-09-16 00:30:00,reference_corrected,perfect_model_baseline,8.243417,8.243417,False,complete
2024-09-16 00:45:00,reference_corrected,perfect_model_baseline,7.868726,7.868726,False,complete
2024-09-16 01:00:00,reference_corrected,perfect_model_baseline,7.762762,7.762762,False,complete
2024-09-16 01:15:00,reference_corrected,perfect_model_baseline,7.766039,7.766039,False,complete
2024-09-16 01:30:00,reference_corrected,perfect_model_baseline,7.347996,7.347996,False,complete
2024-09-16 01:45:00,reference_corrected,perfect_model_baseline,7.12345,7.12345,False,complete
2024-09-16 02:00:00,reference_corrected,perfect_model_baseline,7.092368,7.092368,False,complete
2024-09-16 02:15:00,reference_corrected,perfect_model_baseline,6.981142,6.981142,False,complete
2024-09-16 02:30:00,reference_corrected,perfect_model_baseline,6.895062,6.895062,False,complete
2024-09-16 02:45:00,reference_corrected,perfect_model_baseline,6.653984,6.653984,False,complete
2024-09-16 03:00:00,reference_corrected,perfect_model_baseline,6.653984,6.653984,False,complete
2024-09-16 03:15:00,reference_corrected,perfect_model_baseline,6.496101,6.496101,False,complete
2024-09-16 03:30:00,reference_corrected,perfect_model_baseline,6.496101,6.496101,False,complete
2024-09-16 03:45:00,reference_corrected,perfect_model_baseline,6.496101,6.496101,False,complete
2024-09-16 04:00:00,reference_corrected,perfect_model_baseline,6.496101,6.496101,False,complete
2024-09-16 04:15:00,reference_corrected,perfect_model_baseline,6.565115,6.565115,False,complete
2024-09-16 04:30:00,reference_corrected,perfect_model_baseline,6.565115,6.565115,False,complete
2024-09-16 04:45:00,reference_corrected,perfect_model_baseline,6.565115,6.565115,False,complete
2024-09-16 05:00:00,reference_corrected,perfect_model_baseline,6.711382,6.711382,False,complete
2024-09-16 05:15:00,reference_corrected,perfect_model_baseline,7.154009,7.154009,False,complete
2024-09-16 05:30:00,reference_corrected,perfect_model_baseline,7.265966,7.265966,False,complete
2024-09-16 05:45:00,reference_corrected,perfect_model_baseline,7.792416,7.792416,False,complete
2024-09-16 06:00:00,reference_corrected,perfect_model_baseline,8.016079,8.016079,False,complete
2024-09-16 06:15:00,reference_corrected,perfect_model_baseline,8.348802,8.348802,False,complete
2024-09-16 06:30:00,reference_corrected,perfect_model_baseline,8.366568,8.366568,False,complete
2024-09-16 06:45:00,reference_corrected,perfect_model_baseline,7.821074,7.821074,False,complete
2024-09-16 07:00:00,reference_corrected,perfect_model_baseline,7.172586,7.172586,False,complete
2024-09-16 07:15:00,reference_corrected,perfect_model_baseline,6.19693,6.19693,False,complete
2024-09-16 07:30:00,reference_corrected,perfect_model_baseline,5.347866,5.347866,False,complete
2024-09-16 07:45:00,reference_corrected,perfect_model_baseline,4.316364,4.316364,False,complete
2024-09-16 08:00:00,reference_corrected,perfect_model_baseline,3.302288,3.302288,False,complete
2024-09-16 08:15:00,reference_corrected,perfect_model_baseline,2.215284,2.215284,False,complete
2024-09-16 08:30:00,reference_corrected,perfect_model_baseline,1.509072,1.509072,False,complete
2024-09-16 08:45:00,reference_corrected,perfect_model_baseline,-1.499966,-1.499966,False,complete
2024-09-16 09:00:00,reference_corrected,perfect_model_baseline,-2.190898,-2.190898,False,complete
2024-09-16 09:15:00,reference_corrected,perfect_model_baseline,-3.123465,-3.123465,False,complete
2024-09-16 09:30:00,reference_corrected,perfect_model_baseline,-3.929793,-3.929793,False,complete
2024-09-16 09:45:00,reference_corrected,perfect_model_baseline,-4.597936,-4.597936,False,complete
2024-09-16 10:00:00,reference_corrected,perfect_model_baseline,-5.305223,-5.305223,False,complete
2024-09-16 10:15:00,reference_corrected,perfect_model_baseline,-5.890396,-5.890396,False,complete
2024-09-16 10:30:00,reference_corrected,perfect_model_baseline,-6.463582,-6.463582,False,complete
2024-09-16 10:45:00,reference_corrected,perfect_model_baseline,-7.155466,-7.155466,False,complete
2024-09-16 11:00:00,reference_corrected,perfect_model_baseline,-7.155466,-7.155466,False,complete
2024-09-16 11:15:00,reference_corrected,perfect_model_baseline,-7.296793,-7.296793,False,complete
2024-09-16 11:30:00,reference_corrected,perfect_model_baseline,-7.62619,-7.62619,False,complete
2024-09-16 11:45:00,reference_corrected,perfect_model_baseline,-7.845721,-7.845721,False,complete
2024-09-16 12:00:00,reference_corrected,perfect_model_baseline,-7.845721,-7.845721,False,complete
2024-09-16 12:15:00,reference_corrected,perfect_model_baseline,-7.858061,-7.858061,False,complete
2024-09-16 12:30:00,reference_corrected,perfect_model_baseline,-7.858061,-7.858061,False,complete
2024-09-16 12:45:00,reference_corrected,perfect_model_baseline,-7.714259,-7.714259,False,complete
2024-09-16 13:00:00,reference_corrected,perfect_model_baseline,-7.714259,-7.714259,False,complete
2024-09-16 13:15:00,reference_corrected,perfect_model_baseline,-7.18459,-7.18459,False,complete
2024-09-16 13:30:00,reference_corrected,perfect_model_baseline,-6.952115,-6.952115,False,complete
2024-09-16 13:45:00,reference_corrected,perfect_model_baseline,-6.722131,-6.722131,False,complete
2024-09-16 14:00:00,reference_corrected,perfect_model_baseline,-6.168123,-6.168123,False,complete
2024-09-16 14:15:00,reference_corrected,perfect_model_baseline,-5.439457,-5.439457,False,complete
2024-09-16 14:30:00,reference_corrected,perfect_model_baseline,-5.01022,-5.01022,False,complete
2024-09-16 14:45:00,reference_corrected,perfect_model_baseline,-4.569388,-4.569388,False,complete
2024-09-16 15:00:00,reference_corrected,perfect_model_baseline,-3.863672,-3.863672,False,complete
2024-09-16 15:15:00,reference_corrected,perfect_model_baseline,-2.975073,-2.975073,False,complete
2024-09-16 15:30:00,reference_corrected,perfect_model_baseline,-2.196825,-2.196825,False,complete
2024-09-16 15:45:00,reference_corrected,perfect_model_baseline,-1.969994,-1.969994,False,complete
2024-09-16 16:00:00,reference_corrected,perfect_model_baseline,2.191893,2.191893,False,complete
2024-09-16 16:15:00,reference_corrected,perfect_model_baseline,2.912556,2.912556,False,complete
2024-09-16 16:30:00,reference_corrected,perfect_model_baseline,4.003428,4.003428,False,complete
2024-09-16 16:45:00,reference_corrected,perfect_model_baseline,5.338772,5.338772,False,complete
2024-09-16 17:00:00,reference_corrected,perfect_model_baseline,6.900519,6.900519,False,complete
2024-09-16 17:15:00,reference_corrected,perfect_model_baseline,8.031447,8.031447,False,complete
2024-09-16 17:30:00,reference_corrected,perfect_model_baseline,9.12956,9.12956,False,complete
2024-09-16 17:45:00,reference_corrected,perfect_model_baseline,10.274532,10.274532,False,complete
2024-09-16 18:00:00,reference_corrected,perfect_model_baseline,11.000289,11.000289,False,complete
2024-09-16 18:15:00,reference_corrected,perfect_model_baseline,11.714166,11.714166,False,complete
2024-09-16 18:30:00,reference_corrected,perfect_model_baseline,11.714166,11.714166,False,complete
2024-09-16 18:45:00,reference_corrected,perfect_model_baseline,11.714166,11.714166,False,complete
2024-09-16 19:00:00,reference_corrected,perfect_model_baseline,11.546317,11.546317,False,complete
2024-09-16 19:15:00,reference_corrected,perfect_model_baseline,11.283048,11.283048,False,complete
2024-09-16 19:30:00,reference_corrected,perfect_model_baseline,11.128,11.128,False,complete
2024-09-16 19:45:00,reference_corrected,perfect_model_baseline,10.904964,10.904964,False,complete
2024-09-16 20:00:00,reference_corrected,perfect_model_baseline,10.904964,10.904964,False,complete
2024-09-16 20:15:00,reference_corrected,perfect_model_baseline,10.652787,10.652787,False,complete
2024-09-16 20:30:00,reference_corrected,perfect_model_baseline,10.652787,10.652787,False,complete
2024-09-16 20:45:00,reference_corrected,perfect_model_baseline,10.50661,10.50661,False,complete
2024-09-16 21:00:00,reference_corrected,perfect_model_baseline,10.217334,10.217334,False,complete
2024-09-16 21:15:00,reference_corrected,perfect_model_baseline,9.848489,9.848489,False,complete
2024-09-16 21:30:00,reference_corrected,perfect_model_baseline,9.580142,9.580142,False,complete
2024-09-16 21:45:00,reference_corrected,perfect_model_baseline,9.580142,9.580142,False,complete
2024-09-16 22:00:00,reference_corrected,perfect_model_baseline,9.131343,9.131343,False,complete
2024-09-16 22:15:00,reference_corrected,perfect_model_baseline,9.573923,9.573923,False,complete
2024-09-16 22:30:00,reference_corrected,perfect_model_baseline,9.453165,9.453165,False,complete
2024-09-16 22:45:00,reference_corrected,perfect_model_baseline,9.226609,9.226609,False,complete
2024-09-16 23:00:00,reference_corrected,perfect_model_baseline,9.226609,9.226609,False,complete
2024-09-16 23:15:00,reference_corrected,perfect_model_baseline,9.094065,9.094065,False,complete
2024-09-16 23:30:00,reference_corrected,perfect_model_baseline,8.938122,8.938122,False,complete
2024-09-16 23:45:00,reference_corrected,perfect_model_baseline,8.712985,8.712985,False,complete
2024-09-17 00:00:00,reference_corrected,perfect_model_baseline,8.48775,8.48775,False,complete
2024-09-17 00:15:00,reference_corrected,perfect_model_baseline,8.346928,8.346928,False,complete
2024-09-17 00:30:00,reference_corrected,perfect_model_baseline,8.260438,8.260438,False,complete
2024-09-17 00:45:00,reference_corrected,perfect_model_baseline,8.026847,8.026847,False,complete
2024-09-17 01:00:00,reference_corrected,perfect_model_baseline,8.026847,8.026847,False,complete
2024-09-17 01:15:00,reference_corrected,perfect_model_baseline,7.82557,7.82557,False,complete
2024-09-17 01:30:00,reference_corrected,perfect_model_baseline,7.634818,7.634818,False,complete
2024-09-17 01:45:00,reference_corrected,perfect_model_baseline,7.341824,7.341824,False,complete
2024-09-17 02:00:00,reference_corrected,perfect_model_baseline,7.341824,7.341824,False,complete
2024-09-17 02:15:00,reference_corrected,perfect_model_baseline,7.054974,7.054974,False,complete
2024-09-17 02:30:00,reference_corrected,perfect_model_baseline,6.925588,6.925588,False,complete
2024-09-17 02:45:00,reference_corrected,perfect_model_baseline,6.925588,6.925588,False,complete
2024-09-17 03:00:00,reference_corrected,perfect_model_baseline,6.659979,6.659979,False,complete
2024-09-17 03:15:00,reference_corrected,perfect_model_baseline,6.463145,6.463145,False,complete
2024-09-17 03:30:00,reference_corrected,perfect_model_baseline,6.402804,6.402804,False,complete
2024-09-17 03:45:00,reference_corrected,perfect_model_baseline,6.402804,6.402804,False,complete
2024-09-17 04:00:00,reference_corrected,perfect_model_baseline,6.402804,6.402804,False,complete
2024-09-17 04:15:00,reference_corrected,perfect_model_baseline,6.564044,6.564044,False,complete
2024-09-17 04:30:00,reference_corrected,perfect_model_baseline,6.564044,6.564044,False,complete
2024-09-17 04:45:00,reference_corrected,perfect_model_baseline,6.564044,6.564044,False,complete
2024-09-17 05:00:00,reference_corrected,perfect_model_baseline,6.6583,6.6583,False,complete
2024-09-17 05:15:00,reference_corrected,perfect_model_baseline,6.937359,6.937359,False,complete
2024-09-17 05:30:00,reference_corrected,perfect_model_baseline,7.065836,7.065836,False,complete
2024-09-17 05:45:00,reference_corrected,perfect_model_baseline,7.281485,7.281485,False,complete
2024-09-17 06:00:00,reference_corrected,perfect_model_baseline,7.504163,7.504163,False,complete
2024-09-17 06:15:00,reference_corrected,perfect_model_baseline,7.775129,7.775129,False,complete
2024-09-17 06:30:00,reference_corrected,perfect_model_baseline,7.775129,7.775129,False,complete
2024-09-17 06:45:00,reference_corrected,perfect_model_baseline,7.990378,7.990378,False,complete
2024-09-17 07:00:00,reference_corrected,perfect_model_baseline,7.543926,7.543926,False,complete
2024-09-17 07:15:00,reference_corrected,perfect_model_baseline,7.220908,7.220908,False,complete
2024-09-17 07:30:00,reference_corrected,perfect_model_baseline,6.83923,6.83923,False,complete
2024-09-17 07:45:00,reference_corrected,perfect_model_baseline,4.162057,4.162057,False,complete
2024-09-17 08:00:00,reference_corrected,perfect_model_baseline,3.017195,3.017195,False,complete
2024-09-17 08:15:00,reference_corrected,perfect_model_baseline,2.047578,2.047578,False,complete
2024-09-17 08:30:00,reference_corrected,perfect_model_baseline,1.767455,1.767455,False,complete
2024-09-17 08:45:00,reference_corrected,perfect_model_baseline,-1.590189,-1.590189,False,complete
2024-09-17 09:00:00,reference_corrected,perfect_model_baseline,-2.303617,-2.303617,False,complete
2024-09-17 09:15:00,reference_corrected,perfect_model_baseline,-3.08517,-3.08517,False,complete
2024-09-17 09:30:00,reference_corrected,perfect_model_baseline,-3.753012,-3.753012,False,complete
2024-09-17 09:45:00,reference_corrected,perfect_model_baseline,-3.532286,-3.532286,False,complete
2024-09-17 10:00:00,reference_corrected,perfect_model_baseline,-3.051019,-3.051019,False,complete
2024-09-17 10:15:00,reference_corrected,perfect_model_baseline,-4.132179,-4.132179,False,complete
2024-09-17 10:30:00,reference_corrected,perfect_model_baseline,-5.303406,-5.303406,False,complete
2024-09-17 10:45:00,reference_corrected,perfect_model_baseline,-5.208009,-5.208009,False,complete
2024-09-17 11:00:00,reference_corrected,perfect_model_baseline,-5.690659,-5.690659,False,complete
2024-09-17 11:15:00,reference_corrected,perfect_model_baseline,-6.067993,-6.067993,False,complete
2024-09-17 11:30:00,reference_corrected,perfect_model_baseline,-6.139841,-6.139841,False,complete
2024-09-17 11:45:00,reference_corrected,perfect_model_baseline,-6.108469,-6.108469,False,complete
2024-09-17 12:00:00,reference_corrected,perfect_model_baseline,-5.081984,-5.081984,False,complete
2024-09-17 12:15:00,reference_corrected,perfect_model_baseline,-3.455323,-3.455323,False,complete
2024-09-17 12:30:00,reference_corrected,perfect_model_baseline,-2.96018,-2.96018,False,complete
2024-09-17 12:45:00,reference_corrected,perfect_model_baseline,-4.80324,-4.80324,False,complete
2024-09-17 13:00:00,reference_corrected,perfect_model_baseline,-5.213974,-5.213974,False,complete
2024-09-17 13:15:00,reference_corrected,perfect_model_baseline,-6.45435,-6.45435,False,complete
2024-09-17 13:30:00,reference_corrected,perfect_model_baseline,-5.479703,-5.479703,False,complete
2024-09-17 13:45:00,reference_corrected,perfect_model_baseline,-6.315659,-6.315659,False,complete
2024-09-17 14:00:00,reference_corrected,perfect_model_baseline,-5.675471,-5.675471,False,complete
2024-09-17 14:15:00,reference_corrected,perfect_model_baseline,-4.642018,-4.642018,False,complete
2024-09-17 14:30:00,reference_corrected,perfect_model_baseline,-4.24031,-4.24031,False,complete
2024-09-17 14:45:00,reference_corrected,perfect_model_baseline,-3.472844,-3.472844,False,complete
2024-09-17 15:00:00,reference_corrected,perfect_model_baseline,-2.298824,-2.298824,False,complete
2024-09-17 15:15:00,reference_corrected,perfect_model_baseline,-2.627884,-2.627884,False,complete
2024-09-17 15:30:00,reference_corrected,perfect_model_baseline,-1.704933,-1.704933,False,complete
2024-09-17 15:45:00,reference_corrected,perfect_model_baseline,1.704933,1.704933,False,complete
2024-09-17 16:00:00,reference_corrected,perfect_model_baseline,1.926627,1.926627,False,complete
2024-09-17 16:15:00,reference_corrected,perfect_model_baseline,2.794094,2.794094,False,complete
2024-09-17 16:30:00,reference_corrected,perfect_model_baseline,4.08503,4.08503,False,complete
2024-09-17 16:45:00,reference_corrected,perfect_model_baseline,5.326678,5.326678,False,complete
2024-09-17 17:00:00,reference_corrected,perfect_model_baseline,6.587014,6.587014,False,complete
2024-09-17 17:15:00,reference_corrected,perfect_model_baseline,7.517662,7.517662,False,complete
2024-09-17 17:30:00,reference_corrected,perfect_model_baseline,8.438535,8.438535,False,complete
2024-09-17 17:45:00,reference_corrected,perfect_model_baseline,9.440287,9.440287,False,complete
2024-09-17 18:00:00,reference_corrected,perfect_model_baseline,10.193012,10.193012,False,complete
2024-09-17 18:15:00,reference_corrected,perfect_model_baseline,10.402959,10.402959,False,complete
2024-09-17 18:30:00,reference_corrected,perfect_model_baseline,10.402959,10.402959,False,complete
2024-09-17 18:45:00,reference_corrected,perfect_model_baseline,10.402959,10.402959,False,complete
2024-09-17 19:00:00,reference_corrected,perfect_model_baseline,10.402959,10.402959,False,complete
2024-09-17 19:15:00,reference_corrected,perfect_model_baseline,10.124726,10.124726,False,complete
2024-09-17 19:30:00,reference_corrected,perfect_model_baseline,10.004212,10.004212,False,complete
2024-09-17 19:45:00,reference_corrected,perfect_model_baseline,10.004212,10.004212,False,complete
2024-09-17 20:00:00,reference_corrected,perfect_model_baseline,9.778705,9.778705,False,complete
2024-09-17 20:15:00,reference_corrected,perfect_model_baseline,9.705214,9.705214,False,complete
2024-09-17 20:30:00,reference_corrected,perfect_model_baseline,9.610248,9.610248,False,complete
2024-09-17 20:45:00,reference_corrected,perfect_model_baseline,9.610248,9.610248,False,complete
2024-09-17 21:00:00,reference_corrected,perfect_model_baseline,9.610248,9.610248,False,complete
2024-09-17 21:15:00,reference_corrected,perfect_model_baseline,9.084197,9.084197,False,complete
2024-09-17 21:30:00,reference_corrected,perfect_model_baseline,8.860684,8.860684,False,complete
2024-09-17 21:45:00,reference_corrected,perfect_model_baseline,8.625456,8.625456,False,complete
2024-09-17 22:00:00,reference_corrected,perfect_model_baseline,8.625456,8.625456,False,complete
2024-09-17 22:15:00,reference_corrected,perfect_model_baseline,9.051477,9.051477,False,complete
2024-09-17 22:30:00,reference_corrected,perfect_model_baseline,8.865797,8.865797,False,complete
2024-09-17 22:45:00,reference_corrected,perfect_model_baseline,8.621652,8.621652,False,complete
2024-09-17 23:00:00,reference_corrected,perfect_model_baseline,8.567801,8.567801,False,complete
2024-09-17 23:15:00,reference_corrected,perfect_model_baseline,8.809962,8.809962,False,complete
2024-09-17 23:30:00,reference_corrected,perfect_model_baseline,8.809962,8.809962,False,complete
2024-09-17 23:45:00,reference_corrected,perfect_model_baseline,8.58439,8.58439,False,complete
2024-09-18 00:00:00,reference_corrected,perfect_model_baseline,8.280662,8.280662,False,complete
2024-09-18 00:15:00,reference_corrected,perfect_model_baseline,8.245168,8.245168,False,complete
2024-09-18 00:30:00,reference_corrected,perfect_model_baseline,8.047137,8.047137,False,complete
2024-09-18 00:45:00,reference_corrected,perfect_model_baseline,7.755849,7.755849,False,complete
2024-09-18 01:00:00,reference_corrected,perfect_model_baseline,7.755849,7.755849,False,complete
2024-09-18 01:15:00,reference_corrected,perfect_model_baseline,7.466827,7.466827,False,complete
2024-09-18 01:30:00,reference_corrected,perfect_model_baseline,7.312183,7.312183,False,complete
2024-09-18 01:45:00,reference_corrected,perfect_model_baseline,7.312183,7.312183,False,complete
2024-09-18 02:00:00,reference_corrected,perfect_model_baseline,6.857162,6.857162,False,complete
2024-09-18 02:15:00,reference_corrected,perfect_model_baseline,6.639404,6.639404,False,complete
2024-09-18 02:30:00,reference_corrected,perfect_model_baseline,6.562079,6.562079,False,complete
2024-09-18 02:45:00,reference_corrected,perfect_model_baseline,6.562079,6.562079,False,complete
2024-09-18 03:00:00,reference_corrected,perfect_model_baseline,6.407507,6.407507,False,complete
2024-09-18 03:15:00,reference_corrected,perfect_model_baseline,6.349156,6.349156,False,complete
2024-09-18 03:30:00,reference_corrected,perfect_model_baseline,6.349156,6.349156,False,complete
2024-09-18 03:45:00,reference_corrected,perfect_model_baseline,6.349156,6.349156,False,complete
2024-09-18 04:00:00,reference_corrected,perfect_model_baseline,6.349156,6.349156,False,complete
2024-09-18 04:15:00,reference_corrected,perfect_model_baseline,6.375322,6.375322,False,complete
2024-09-18 04:30:00,reference_corrected,perfect_model_baseline,6.375322,6.375322,False,complete
2024-09-18 04:45:00,reference_corrected,perfect_model_baseline,6.361916,6.361916,False,complete
2024-09-18 05:00:00,reference_corrected,perfect_model_baseline,6.361916,6.361916,False,complete
2024-09-18 05:15:00,reference_corrected,perfect_model_baseline,6.782441,6.782441,False,complete
2024-09-18 05:30:00,reference_corrected,perfect_model_baseline,6.996667,6.996667,False,complete
2024-09-18 05:45:00,reference_corrected,perfect_model_baseline,7.306429,7.306429,False,complete
2024-09-18 06:00:00,reference_corrected,perfect_model_baseline,7.534167,7.534167,False,complete
2024-09-18 06:15:00,reference_corrected,perfect_model_baseline,7.477104,7.477104,False,complete
2024-09-18 06:30:00,reference_corrected,perfect_model_baseline,7.477104,7.477104,False,complete
2024-09-18 06:45:00,reference_corrected,perfect_model_baseline,6.998873,6.998873,False,complete
2024-09-18 07:00:00,reference_corrected,perfect_model_baseline,6.306566,6.306566,False,complete
2024-09-18 07:15:00,reference_corrected,perfect_model_baseline,5.409718,5.409718,False,complete
2024-09-18 07:30:00,reference_corrected,perfect_model_baseline,4.638074,4.638074,False,complete
2024-09-18 07:45:00,reference_corrected,perfect_model_baseline,3.604865,3.604865,False,complete
2024-09-18 08:00:00,reference_corrected,perfect_model_baseline,2.501221,2.501221,False,complete
2024-09-18 08:15:00,reference_corrected,perfect_model_baseline,1.587158,1.587158,False,complete
2024-09-18 08:30:00,reference_corrected,perfect_model_baseline,-1.540337,-1.540337,False,complete
2024-09-18 08:45:00,reference_corrected,perfect_model_baseline,-2.170661,-2.170661,False,complete
2024-09-18 09:00:00,reference_corrected,perfect_model_baseline,-2.9826,-2.9826,False,complete
2024-09-18 09:15:00,reference_corrected,perfect_model_baseline,-3.805287,-3.805287,False,complete
2024-09-18 09:30:00,reference_corrected,perfect_model_baseline,-4.812121,-4.812121,False,complete
2024-09-18 09:45:00,reference_corrected,perfect_model_baseline,-5.47538,-5.47538,False,complete
2024-09-18 10:00:00,reference_corrected,perfect_model_baseline,-5.997102,-5.997102,False,complete
2024-09-18 10:15:00,reference_corrected,perfect_model_baseline,-6.497142,-6.497142,False,complete
2024-09-18 10:30:00,reference_corrected,perfect_model_baseline,-7.179525,-7.179525,False,complete
2024-09-18 10:45:00,reference_corrected,perfect_model_baseline,-7.679014,-7.679014,False,complete
2024-09-18 11:00:00,reference_corrected,perfect_model_baseline,-7.900709,-7.900709,False,complete
2024-09-18 11:15:00,reference_corrected,perfect_model_baseline,-8.068451,-8.068451,False,complete
2024-09-18 11:30:00,reference_corrected,perfect_model_baseline,-8.068451,-8.068451,False,complete
2024-09-18 11:45:00,reference_corrected,perfect_model_baseline,-8.068451,-8.068451,False,complete
2024-09-18 12:00:00,reference_corrected,perfect_model_baseline,-8.068451,-8.068451,False,complete
2024-09-18 12:15:00,reference_corrected,perfect_model_baseline,-8.245311,-8.245311,False,complete
2024-09-18 12:30:00,reference_corrected,perfect_model_baseline,-8.232415,-8.232415,False,complete
2024-09-18 12:45:00,reference_corrected,perfect_model_baseline,-8.232415,-8.232415,False,complete
2024-09-18 13:00:00,reference_corrected,perfect_model_baseline,-8.232415,-8.232415,False,complete
2024-09-18 13:15:00,reference_corrected,perfect_model_baseline,-7.700438,-7.700438,False,complete
2024-09-18 13:30:00,reference_corrected,perfect_model_baseline,-7.452543,-7.452543,False,complete
2024-09-18 13:45:00,reference_corrected,perfect_model_baseline,-7.173746,-7.173746,False,complete
2024-09-18 14:00:00,reference_corrected,perfect_model_baseline,-6.680453,-6.680453,False,complete
2024-09-18 14:15:00,reference_corrected,perfect_model_baseline,-6.071165,-6.071165,False,complete
2024-09-18 14:30:00,reference_corrected,perfect_model_baseline,-5.443808,-5.443808,False,complete
2024-09-18 14:45:00,reference_corrected,perfect_model_baseline,-4.775669,-4.775669,False,complete
2024-09-18 15:00:00,reference_corrected,perfect_model_baseline,-3.876002,-3.876002,False,complete
2024-09-18 15:15:00,reference_corrected,perfect_model_baseline,-3.136553,-3.136553,False,complete
2024-09-18 15:30:00,reference_corrected,perfect_model_baseline,-2.07701,-2.07701,False,complete
2024-09-18 15:45:00,reference_corrected,perfect_model_baseline,-1.744898,-1.744898,False,complete
2024-09-18 16:00:00,reference_corrected,perfect_model_baseline,1.966691,1.966691,False,complete
2024-09-18 16:15:00,reference_corrected,perfect_model_baseline,2.279343,2.279343,False,complete
2024-09-18 16:30:00,reference_corrected,perfect_model_baseline,3.353865,3.353865,False,complete
2024-09-18 16:45:00,reference_corrected,perfect_model_baseline,4.696926,4.696926,False,complete
2024-09-18 17:00:00,reference_corrected,perfect_model_baseline,6.098098,6.098098,False,complete
2024-09-18 17:15:00,reference_corrected,perfect_model_baseline,7.024817,7.024817,False,complete
2024-09-18 17:30:00,reference_corrected,perfect_model_baseline,8.006594,8.006594,False,complete
2024-09-18 17:45:00,reference_corrected,perfect_model_baseline,8.930612,8.930612,False,complete
2024-09-18 18:00:00,reference_corrected,perfect_model_baseline,9.484853,9.484853,False,complete
2024-09-18 18:15:00,reference_corrected,perfect_model_baseline,9.924033,9.924033,False,complete
2024-09-18 18:30:00,reference_corrected,perfect_model_baseline,9.963577,9.963577,False,complete
2024-09-18 18:45:00,reference_corrected,perfect_model_baseline,9.963577,9.963577,False,complete
2024-09-18 19:00:00,reference_corrected,perfect_model_baseline,9.963577,9.963577,False,complete
2024-09-18 19:15:00,reference_corrected,perfect_model_baseline,9.768539,9.768539,False,complete
2024-09-18 19:30:00,reference_corrected,perfect_model_baseline,9.578954,9.578954,False,complete
2024-09-18 19:45:00,reference_corrected,perfect_model_baseline,9.343388,9.343388,False,complete
2024-09-18 20:00:00,reference_corrected,perfect_model_baseline,9.119333,9.119333,False,complete
2024-09-18 20:15:00,reference_corrected,perfect_model_baseline,9.121397,9.121397,False,complete
2024-09-18 20:30:00,reference_corrected,perfect_model_baseline,8.948441,8.948441,False,complete
2024-09-18 20:45:00,reference_corrected,perfect_model_baseline,8.948441,8.948441,False,complete
2024-09-18 21:00:00,reference_corrected,perfect_model_baseline,8.697765,8.697765,False,complete
2024-09-18 21:15:00,reference_corrected,perfect_model_baseline,8.463824,8.463824,False,complete
2024-09-18 21:30:00,reference_corrected,perfect_model_baseline,8.223277,8.223277,False,complete
2024-09-18 21:45:00,reference_corrected,perfect_model_baseline,8.223277,8.223277,False,complete
2024-09-18 22:00:00,reference_corrected,perfect_model_baseline,8.223277,8.223277,False,complete
2024-09-18 22:15:00,reference_corrected,perfect_model_baseline,8.23343,8.23343,False,complete
2024-09-18 22:30:00,reference_corrected,perfect_model_baseline,8.0936,8.0936,False,complete
2024-09-18 22:45:00,reference_corrected,perfect_model_baseline,8.0936,8.0936,False,complete
2024-09-18 23:00:00,reference_corrected,perfect_model_baseline,8.0936,8.0936,False,complete
2024-09-18 23:15:00,reference_corrected,perfect_model_baseline,8.189042,8.189042,False,complete
2024-09-18 23:30:00,reference_corrected,perfect_model_baseline,8.008555,8.008555,False,complete
2024-09-18 23:45:00,reference_corrected,perfect_model_baseline,8.10045,8.10045,False,complete
2024-09-19 00:00:00,reference_corrected,perfect_model_baseline,7.765306,7.765306,False,complete
2024-09-19 00:15:00,reference_corrected,perfect_model_baseline,7.798927,7.798927,False,complete
2024-09-19 00:30:00,reference_corrected,perfect_model_baseline,7.798927,7.798927,False,complete
2024-09-19 00:45:00,reference_corrected,perfect_model_baseline,7.300777,7.300777,False,complete
2024-09-19 01:00:00,reference_corrected,perfect_model_baseline,7.524045,7.524045,False,complete
2024-09-19 01:15:00,reference_corrected,perfect_model_baseline,7.305365,7.305365,False,complete
2024-09-19 01:30:00,reference_corrected,perfect_model_baseline,6.86018,6.86018,False,complete
2024-09-19 01:45:00,reference_corrected,perfect_model_baseline,6.86018,6.86018,False,complete
2024-09-19 02:00:00,reference_corrected,perfect_model_baseline,6.636616,6.636616,False,complete
2024-09-19 02:15:00,reference_corrected,perfect_model_baseline,6.408562,6.408562,False,complete
2024-09-19 02:30:00,reference_corrected,perfect_model_baseline,6.210271,6.210271,False,complete
2024-09-19 02:45:00,reference_corrected,perfect_model_baseline,6.210271,6.210271,False,complete
2024-09-19 03:00:00,reference_corrected,perfect_model_baseline,5.981875,5.981875,False,complete
2024-09-19 03:15:00,reference_corrected,perfect_model_baseline,6.084668,6.084668,False,complete
2024-09-19 03:30:00,reference_corrected,perfect_model_baseline,6.084668,6.084668,False,complete
2024-09-19 03:45:00,reference_corrected,perfect_model_baseline,6.084668,6.084668,False,complete
2024-09-19 04:00:00,reference_corrected,perfect_model_baseline,6.084668,6.084668,False,complete
2024-09-19 04:15:00,reference_corrected,perfect_model_baseline,5.755643,5.755643,False,complete
2024-09-19 04:30:00,reference_corrected,perfect_model_baseline,5.755643,5.755643,False,complete
2024-09-19 04:45:00,reference_corrected,perfect_model_baseline,5.739508,5.739508,False,complete
2024-09-19 05:00:00,reference_corrected,perfect_model_baseline,5.739508,5.739508,False,complete
2024-09-19 05:15:00,reference_corrected,perfect_model_baseline,6.196814,6.196814,False,complete
2024-09-19 05:30:00,reference_corrected,perfect_model_baseline,6.376841,6.376841,False,complete
2024-09-19 05:45:00,reference_corrected,perfect_model_baseline,6.376841,6.376841,False,complete
2024-09-19 06:00:00,reference_corrected,perfect_model_baseline,6.376841,6.376841,False,complete
2024-09-19 06:15:00,reference_corrected,perfect_model_baseline,6.723708,6.723708,False,complete
2024-09-19 06:30:00,reference_corrected,perfect_model_baseline,6.166467,6.166467,False,complete
2024-09-19 06:45:00,reference_corrected,perfect_model_baseline,5.583926,5.583926,False,complete
2024-09-19 07:00:00,reference_corrected,perfect_model_baseline,4.980999,4.980999,False,complete
2024-09-19 07:15:00,reference_corrected,perfect_model_baseline,4.286427,4.286427,False,complete
2024-09-19 07:30:00,reference_corrected,perfect_model_baseline,3.568125,3.568125,False,complete
2024-09-19 07:45:00,reference_corrected,perfect_model_baseline,2.601005,2.601005,False,complete
2024-09-19 08:00:00,reference_corrected,perfect_model_baseline,1.932022,1.932022,False,complete
2024-09-19 08:15:00,reference_corrected,perfect_model_baseline,-1.698366,-1.698366,False,complete
2024-09-19 08:30:00,reference_corrected,perfect_model_baseline,-1.886913,-1.886913,False,complete
2024-09-19 08:45:00,reference_corrected,perfect_model_baseline,-2.535695,-2.535695,False,complete
2024-09-19 09:00:00,reference_corrected,perfect_model_baseline,-3.439808,-3.439808,False,complete
2024-09-19 09:15:00,reference_corrected,perfect_model_baseline,-4.007761,-4.007761,False,complete
2024-09-19 09:30:00,reference_corrected,perfect_model_baseline,-4.83223,-4.83223,False,complete
2024-09-19 09:45:00,reference_corrected,perfect_model_baseline,-5.446236,-5.446236,False,complete
2024-09-19 10:00:00,reference_corrected,perfect_model_baseline,-6.025325,-6.025325,False,complete
2024-09-19 10:15:00,reference_corrected,perfect_model_baseline,-6.297486,-6.297486,False,complete
2024-09-19 10:30:00,reference_corrected,perfect_model_baseline,-6.958779,-6.958779,False,complete
2024-09-19 10:45:00,reference_corrected,perfect_model_baseline,-7.480965,-7.480965,False,complete
2024-09-19 11:00:00,reference_corrected,perfect_model_baseline,-7.703053,-7.703053,False,complete
2024-09-19 11:15:00,reference_corrected,perfect_model_baseline,-7.85523,-7.85523,False,complete
2024-09-19 11:30:00,reference_corrected,perfect_model_baseline,-8.049779,-8.049779,False,complete
2024-09-19 11:45:00,reference_corrected,perfect_model_baseline,-8.049779,-8.049779,False,complete
2024-09-19 12:00:00,reference_corrected,perfect_model_baseline,-8.049779,-8.049779,False,complete
2024-09-19 12:15:00,reference_corrected,perfect_model_baseline,-7.961774,-7.961774,False,complete
2024-09-19 12:30:00,reference_corrected,perfect_model_baseline,-7.961774,-7.961774,False,complete
2024-09-19 12:45:00,reference_corrected,perfect_model_baseline,-7.63991,-7.63991,False,complete
2024-09-19 13:00:00,reference_corrected,perfect_model_baseline,-7.419691,-7.419691,False,complete
2024-09-19 13:15:00,reference_corrected,perfect_model_baseline,-7.143882,-7.143882,False,complete
2024-09-19 13:30:00,reference_corrected,perfect_model_baseline,-7.143882,-7.143882,False,complete
2024-09-19 13:45:00,reference_corrected,perfect_model_baseline,-6.606545,-6.606545,False,complete
2024-09-19 14:00:00,reference_corrected,perfect_model_baseline,-6.386523,-6.386523,False,complete
2024-09-19 14:15:00,reference_corrected,perfect_model_baseline,-5.950395,-5.950395,False,complete
2024-09-19 14:30:00,reference_corrected,perfect_model_baseline,-5.214797,-5.214797,False,complete
2024-09-19 14:45:00,reference_corrected,perfect_model_baseline,-4.461789,-4.461789,False,complete
2024-09-19 15:00:00,reference_corrected,perfect_model_baseline,-3.699192,-3.699192,False,complete
2024-09-19 15:15:00,reference_corrected,perfect_model_baseline,-2.902397,-2.902397,False,complete
2024-09-19 15:30:00,reference_corrected,perfect_model_baseline,-1.801681,-1.801681,False,complete
2024-09-19 15:45:00,reference_corrected,perfect_model_baseline,-1.559279,-1.559279,False,complete
2024-09-19 16:00:00,reference_corrected,perfect_model_baseline,1.818677,1.818677,False,complete
2024-09-19 16:15:00,reference_corrected,perfect_model_baseline,2.587066,2.587066,False,complete
2024-09-19 16:30:00,reference_corrected,perfect_model_baseline,3.648781,3.648781,False,complete
2024-09-19 16:45:00,reference_corrected,perfect_model_baseline,4.859026,4.859026,False,complete
2024-09-19 17:00:00,reference_corrected,perfect_model_baseline,6.053887,6.053887,False,complete
2024-09-19 17:15:00,reference_corrected,perfect_model_baseline,6.885486,6.885486,False,complete
2024-09-19 17:30:00,reference_corrected,perfect_model_baseline,7.967465,7.967465,False,complete
2024-09-19 17:45:00,reference_corrected,perfect_model_baseline,8.659595,8.659595,False,complete
2024-09-19 18:00:00,reference_corrected,perfect_model_baseline,9.107213,9.107213,False,complete
2024-09-19 18:15:00,reference_corrected,perfect_model_baseline,9.498787,9.498787,False,complete
2024-09-19 18:30:00,reference_corrected,perfect_model_baseline,9.498787,9.498787,False,complete
2024-09-19 18:45:00,reference_corrected,perfect_model_baseline,9.498787,9.498787,False,complete
2024-09-19 19:00:00,reference_corrected,perfect_model_baseline,9.498787,9.498787,False,complete
2024-09-19 19:15:00,reference_corrected,perfect_model_baseline,9.193083,9.193083,False,complete
2024-09-19 19:30:00,reference_corrected,perfect_model_baseline,9.193083,9.193083,False,complete
2024-09-19 19:45:00,reference_corrected,perfect_model_baseline,8.935167,8.935167,False,complete
2024-09-19 20:00:00,reference_corrected,perfect_model_baseline,8.674929,8.674929,False,complete
2024-09-19 20:15:00,reference_corrected,perfect_model_baseline,8.715147,8.715147,False,complete
2024-09-19 20:30:00,reference_corrected,perfect_model_baseline,8.199478,8.199478,False,complete
2024-09-19 20:45:00,reference_corrected,perfect_model_baseline,8.199478,8.199478,False,complete
2024-09-19 21:00:00,reference_corrected,perfect_model_baseline,8.199478,8.199478,False,complete
2024-09-19 21:15:00,reference_corrected,perfect_model_baseline,8.047397,8.047397,False,complete
2024-09-19 21:30:00,reference_corrected,perfect_model_baseline,8.047397,8.047397,False,complete
2024-09-19 21:45:00,reference_corrected,perfect_model_baseline,7.788358,7.788358,False,complete
2024-09-19 22:00:00,reference_corrected,perfect_model_baseline,7.788358,7.788358,False,complete
2024-09-19 22:15:00,reference_corrected,perfect_model_baseline,7.851774,7.851774,False,complete
2024-09-19 22:30:00,reference_corrected,perfect_model_baseline,7.997239,7.997239,False,complete
2024-09-19 22:45:00,reference_corrected,perfect_model_baseline,7.729964,7.729964,False,complete
2024-09-19 23:00:00,reference_corrected,perfect_model_baseline,7.729964,7.729964,False,complete
2024-09-19 23:15:00,reference_corrected,perfect_model_baseline,7.890209,7.890209,False,complete
2024-09-19 23:30:00,reference_corrected,perfect_model_baseline,7.890209,7.890209,False,complete
2024-09-19 23:45:00,reference_corrected,perfect_model_baseline,7.329714,7.329714,False,complete
2024-09-20 00:00:00,reference_corrected,perfect_model_baseline,7.329714,7.329714,False,complete
2024-09-20 00:15:00,reference_corrected,perfect_model_baseline,7.704418,7.704418,False,complete
2024-09-20 00:30:00,reference_corrected,perfect_model_baseline,7.704418,7.704418,False,complete
2024-09-20 00:45:00,reference_corrected,perfect_model_baseline,7.489048,7.489048,False,complete
2024-09-20 01:00:00,reference_corrected,perfect_model_baseline,7.489048,7.489048,False,complete
2024-09-20 01:15:00,reference_corrected,perfect_model_baseline,7.098521,7.098521,False,complete
2024-09-20 01:30:00,reference_corrected,perfect_model_baseline,6.917314,6.917314,False,complete
2024-09-20 01:45:00,reference_corrected,perfect_model_baseline,6.662902,6.662902,False,complete
2024-09-20 02:00:00,reference_corrected,perfect_model_baseline,6.438552,6.438552,False,complete
2024-09-20 02:15:00,reference_corrected,perfect_model_baseline,6.45896,6.45896,False,complete
2024-09-20 02:30:00,reference_corrected,perfect_model_baseline,6.243901,6.243901,False,complete
2024-09-20 02:45:00,reference_corrected,perfect_model_baseline,5.968748,5.968748,False,complete
2024-09-20 03:00:00,reference_corrected,perfect_model_baseline,5.968748,5.968748,False,complete
2024-09-20 03:15:00,reference_corrected,perfect_model_baseline,5.78461,5.78461,False,complete
2024-09-20 03:30:00,reference_corrected,perfect_model_baseline,5.689899,5.689899,False,complete
2024-09-20 03:45:00,reference_corrected,perfect_model_baseline,5.689899,5.689899,False,complete
2024-09-20 04:00:00,reference_corrected,perfect_model_baseline,5.689899,5.689899,False,complete
2024-09-20 04:15:00,reference_corrected,perfect_model_baseline,5.734222,5.734222,False,complete
2024-09-20 04:30:00,reference_corrected,perfect_model_baseline,5.734222,5.734222,False,complete
2024-09-20 04:45:00,reference_corrected,perfect_model_baseline,5.734222,5.734222,False,complete
2024-09-20 05:00:00,reference_corrected,perfect_model_baseline,5.734222,5.734222,False,complete
2024-09-20 05:15:00,reference_corrected,perfect_model_baseline,5.957882,5.957882,False,complete
2024-09-20 05:30:00,reference_corrected,perfect_model_baseline,6.415935,6.415935,False,complete
2024-09-20 05:45:00,reference_corrected,perfect_model_baseline,6.415935,6.415935,False,complete
2024-09-20 06:00:00,reference_corrected,perfect_model_baseline,6.415935,6.415935,False,complete
2024-09-20 06:15:00,reference_corrected,perfect_model_baseline,6.344575,6.344575,False,complete
2024-09-20 06:30:00,reference_corrected,perfect_model_baseline,5.958245,5.958245,False,complete
2024-09-20 06:45:00,reference_corrected,perfect_model_baseline,5.511808,5.511808,False,complete
2024-09-20 07:00:00,reference_corrected,perfect_model_baseline,5.062275,5.062275,False,complete
2024-09-20 07:15:00,reference_corrected,perfect_model_baseline,4.249898,4.249898,False,complete
2024-09-20 07:30:00,reference_corrected,perfect_model_baseline,3.421324,3.421324,False,complete
2024-09-20 07:45:00,reference_corrected,perfect_model_baseline,2.541375,2.541375,False,complete
2024-09-20 08:00:00,reference_corrected,perfect_model_baseline,1.925213,1.925213,False,complete
2024-09-20 08:15:00,reference_corrected,perfect_model_baseline,-1.716566,-1.716566,False,complete
2024-09-20 08:30:00,reference_corrected,perfect_model_baseline,-1.895897,-1.895897,False,complete
2024-09-20 08:45:00,reference_corrected,perfect_model_baseline,-2.646298,-2.646298,False,complete
2024-09-20 09:00:00,reference_corrected,perfect_model_baseline,-3.334023,-3.334023,False,complete
2024-09-20 09:15:00,reference_corrected,perfect_model_baseline,-4.047357,-4.047357,False,complete
2024-09-20 09:30:00,reference_corrected,perfect_model_baseline,-5.055824,-5.055824,False,complete
2024-09-20 09:45:00,reference_corrected,perfect_model_baseline,-5.782052,-5.782052,False,complete
2024-09-20 10:00:00,reference_corrected,perfect_model_baseline,-6.352458,-6.352458,False,complete
2024-09-20 10:15:00,reference_corrected,perfect_model_baseline,-6.277482,-6.277482,False,complete
2024-09-20 10:30:00,reference_corrected,perfect_model_baseline,-6.778672,-6.778672,False,complete
2024-09-20 10:45:00,reference_corrected,perfect_model_baseline,-7.220388,-7.220388,False,complete
2024-09-20 11:00:00,reference_corrected,perfect_model_baseline,-7.662106,-7.662106,False,complete
2024-09-20 11:15:00,reference_corrected,perfect_model_baseline,-7.678934,-7.678934,False,complete
2024-09-20 11:30:00,reference_corrected,perfect_model_baseline,-7.678934,-7.678934,False,complete
2024-09-20 11:45:00,reference_corrected,perfect_model_baseline,-7.856883,-7.856883,False,complete
2024-09-20 12:00:00,reference_corrected,perfect_model_baseline,-7.856883,-7.856883,False,complete
2024-09-20 12:15:00,reference_corrected,perfect_model_baseline,-8.129718,-8.129718,False,complete
2024-09-20 12:30:00,reference_corrected,perfect_model_baseline,-7.909832,-7.909832,False,complete
2024-09-20 12:45:00,reference_corrected,perfect_model_baseline,-7.65528,-7.65528,False,complete
2024-09-20 13:00:00,reference_corrected,perfect_model_baseline,-7.65528,-7.65528,False,complete
2024-09-20 13:15:00,reference_corrected,perfect_model_baseline,-7.398582,-7.398582,False,complete
2024-09-20 13:30:00,reference_corrected,perfect_model_baseline,-6.858306,-6.858306,False,complete
2024-09-20 13:45:00,reference_corrected,perfect_model_baseline,-6.637497,-6.637497,False,complete
2024-09-20 14:00:00,reference_corrected,perfect_model_baseline,-6.03947,-6.03947,False,complete
2024-09-20 14:15:00,reference_corrected,perfect_model_baseline,-5.528621,-5.528621,False,complete
2024-09-20 14:30:00,reference_corrected,perfect_model_baseline,-4.963004,-4.963004,False,complete
2024-09-20 14:45:00,reference_corrected,perfect_model_baseline,-4.110681,-4.110681,False,complete
2024-09-20 15:00:00,reference_corrected,perfect_model_baseline,-3.317189,-3.317189,False,complete
2024-09-20 15:15:00,reference_corrected,perfect_model_baseline,-2.650257,-2.650257,False,complete
2024-09-20 15:30:00,reference_corrected,perfect_model_baseline,-1.742956,-1.742956,False,complete
2024-09-20 15:45:00,reference_corrected,perfect_model_baseline,-1.521557,-1.521557,False,complete
2024-09-20 16:00:00,reference_corrected,perfect_model_baseline,1.924918,1.924918,False,complete
2024-09-20 16:15:00,reference_corrected,perfect_model_baseline,2.709363,2.709363,False,complete
2024-09-20 16:30:00,reference_corrected,perfect_model_baseline,3.842129,3.842129,False,complete
2024-09-20 16:45:00,reference_corrected,perfect_model_baseline,4.824944,4.824944,False,complete
2024-09-20 17:00:00,reference_corrected,perfect_model_baseline,5.932135,5.932135,False,complete
2024-09-20 17:15:00,reference_corrected,perfect_model_baseline,6.845088,6.845088,False,complete
2024-09-20 17:30:00,reference_corrected,perfect_model_baseline,7.847978,7.847978,False,complete
2024-09-20 17:45:00,reference_corrected,perfect_model_baseline,8.391362,8.391362,False,complete
2024-09-20 18:00:00,reference_corrected,perfect_model_baseline,8.705544,8.705544,False,complete
2024-09-20 18:15:00,reference_corrected,perfect_model_baseline,9.06913,9.06913,False,complete
2024-09-20 18:30:00,reference_corrected,perfect_model_baseline,9.06913,9.06913,False,complete
2024-09-20 18:45:00,reference_corrected,perfect_model_baseline,9.06913,9.06913,False,complete
2024-09-20 19:00:00,reference_corrected,perfect_model_baseline,9.06913,9.06913,False,complete
2024-09-20 19:15:00,reference_corrected,perfect_model_baseline,9.003391,9.003391,False,complete
2024-09-20 19:30:00,reference_corrected,perfect_model_baseline,8.919338,8.919338,False,complete
2024-09-20 19:45:00,reference_corrected,perfect_model_baseline,8.755847,8.755847,False,complete
2024-09-20 20:00:00,reference_corrected,perfect_model_baseline,8.533599,8.533599,False,complete
2024-09-20 20:15:00,reference_corrected,perfect_model_baseline,8.252382,8.252382,False,complete
2024-09-20 20:30:00,reference_corrected,perfect_model_baseline,8.252382,8.252382,False,complete
2024-09-20 20:45:00,reference_corrected,perfect_model_baseline,8.209273,8.209273,False,complete
2024-09-20 21:00:00,reference_corrected,perfect_model_baseline,8.209273,8.209273,False,complete
2024-09-20 21:15:00,reference_corrected,perfect_model_baseline,8.064225,8.064225,False,complete
2024-09-20 21:30:00,reference_corrected,perfect_model_baseline,7.79301,7.79301,False,complete
2024-09-20 21:45:00,reference_corrected,perfect_model_baseline,7.79301,7.79301,False,complete
2024-09-20 22:00:00,reference_corrected,perfect_model_baseline,7.79301,7.79301,False,complete
2024-09-20 22:15:00,reference_corrected,perfect_model_baseline,8.193092,8.193092,False,complete
2024-09-20 22:30:00,reference_corrected,perfect_model_baseline,8.193092,8.193092,False,complete
2024-09-20 22:45:00,reference_corrected,perfect_model_baseline,8.193092,8.193092,False,complete
2024-09-20 23:00:00,reference_corrected,perfect_model_baseline,8.193092,8.193092,False,complete
2024-09-20 23:15:00,reference_corrected,perfect_model_baseline,8.165078,8.165078,False,complete
2024-09-20 23:30:00,reference_corrected,perfect_model_baseline,7.984506,7.984506,False,complete
2024-09-20 23:45:00,reference_corrected,perfect_model_baseline,7.752548,7.752548,False,complete
2024-09-21 00:00:00,reference_corrected,perfect_model_baseline,7.783423,7.783423,False,complete
2024-09-21 00:15:00,reference_corrected,perfect_model_baseline,7.640794,7.640794,False,complete
2024-09-21 00:30:00,reference_corrected,perfect_model_baseline,7.640794,7.640794,False,complete
2024-09-21 00:45:00,reference_corrected,perfect_model_baseline,7.305618,7.305618,False,complete
2024-09-21 01:00:00,reference_corrected,perfect_model_baseline,7.305618,7.305618,False,complete
2024-09-21 01:15:00,reference_corrected,perfect_model_baseline,7.176672,7.176672,False,complete
2024-09-21 01:30:00,reference_corrected,perfect_model_baseline,6.927095,6.927095,False,complete
2024-09-21 01:45:00,reference_corrected,perfect_model_baseline,6.645377,6.645377,False,complete
2024-09-21 02:00:00,reference_corrected,perfect_model_baseline,6.421618,6.421618,False,complete
2024-09-21 02:15:00,reference_corrected,perfect_model_baseline,6.365951,6.365951,False,complete
2024-09-21 02:30:00,reference_corrected,perfect_model_baseline,6.365951,6.365951,False,complete
2024-09-21 02:45:00,reference_corrected,perfect_model_baseline,6.202647,6.202647,False,complete
2024-09-21 03:00:00,reference_corrected,perfect_model_baseline,6.202647,6.202647,False,complete
2024-09-21 03:15:00,reference_corrected,perfect_model_baseline,5.961832,5.961832,False,complete
2024-09-21 03:30:00,reference_corrected,perfect_model_baseline,5.961832,5.961832,False,complete
2024-09-21 03:45:00,reference_corrected,perfect_model_baseline,5.961832,5.961832,False,complete
2024-09-21 04:00:00,reference_corrected,perfect_model_baseline,5.755103,5.755103,False,complete
2024-09-21 04:15:00,reference_corrected,perfect_model_baseline,5.703538,5.703538,False,complete
2024-09-21 04:30:00,reference_corrected,perfect_model_baseline,5.703538,5.703538,False,complete
2024-09-21 04:45:00,reference_corrected,perfect_model_baseline,5.582943,5.582943,False,complete
2024-09-21 05:00:00,reference_corrected,perfect_model_baseline,5.559936,5.559936,False,complete
2024-09-21 05:15:00,reference_corrected,perfect_model_baseline,5.807871,5.807871,False,complete
2024-09-21 05:30:00,reference_corrected,perfect_model_baseline,5.971375,5.971375,False,complete
2024-09-21 05:45:00,reference_corrected,perfect_model_baseline,5.971375,5.971375,False,complete
2024-09-21 06:00:00,reference_corrected,perfect_model_baseline,5.971375,5.971375,False,complete
2024-09-21 06:15:00,reference_corrected,perfect_model_baseline,5.931924,5.931924,False,complete
2024-09-21 06:30:00,reference_corrected,perfect_model_baseline,5.402083,5.402083,False,complete
2024-09-21 06:45:00,reference_corrected,perfect_model_baseline,4.742436,4.742436,False,complete
2024-09-21 07:00:00,reference_corrected,perfect_model_baseline,4.196397,4.196397,False,complete
2024-09-21 07:15:00,reference_corrected,perfect_model_baseline,3.623643,3.623643,False,complete
2024-09-21 07:30:00,reference_corrected,perfect_model_baseline,2.946166,2.946166,False,complete
2024-09-21 07:45:00,reference_corrected,perfect_model_baseline,2.242216,2.242216,False,complete
2024-09-21 08:00:00,reference_corrected,perfect_model_baseline,2.018849,2.018849,False,complete
2024-09-21 08:15:00,reference_corrected,perfect_model_baseline,1.598358,1.598358,False,complete
2024-09-21 08:30:00,reference_corrected,perfect_model_baseline,-1.598358,-1.598358,False,complete
2024-09-21 08:45:00,reference_corrected,perfect_model_baseline,-2.31106,-2.31106,False,complete
2024-09-21 09:00:00,reference_corrected,perfect_model_baseline,-2.894673,-2.894673,False,complete
2024-09-21 09:15:00,reference_corrected,perfect_model_baseline,-3.385866,-3.385866,False,complete
2024-09-21 09:30:00,reference_corrected,perfect_model_baseline,-4.248305,-4.248305,False,complete
2024-09-21 09:45:00,reference_corrected,perfect_model_baseline,-4.900849,-4.900849,False,complete
2024-09-21 10:00:00,reference_corrected,perfect_model_baseline,-5.612366,-5.612366,False,complete
2024-09-21 10:15:00,reference_corrected,perfect_model_baseline,-5.78869,-5.78869,False,complete
2024-09-21 10:30:00,reference_corrected,perfect_model_baseline,-6.469517,-6.469517,False,complete
2024-09-21 10:45:00,reference_corrected,perfect_model_baseline,-6.681972,-6.681972,False,complete
2024-09-21 11:00:00,reference_corrected,perfect_model_baseline,-7.162437,-7.162437,False,complete
2024-09-21 11:15:00,reference_corrected,perfect_model_baseline,-7.115132,-7.115132,False,complete
2024-09-21 11:30:00,reference_corrected,perfect_model_baseline,-7.115132,-7.115132,False,complete
2024-09-21 11:45:00,reference_corrected,perfect_model_baseline,-7.325841,-7.325841,False,complete
2024-09-21 12:00:00,reference_corrected,perfect_model_baseline,-7.325841,-7.325841,False,complete
2024-09-21 12:15:00,reference_corrected,perfect_model_baseline,-7.300596,-7.300596,False,complete
2024-09-21 12:30:00,reference_corrected,perfect_model_baseline,-7.300596,-7.300596,False,complete
2024-09-21 12:45:00,reference_corrected,perfect_model_baseline,-7.199456,-7.199456,False,complete
2024-09-21 13:00:00,reference_corrected,perfect_model_baseline,-6.063136,-6.063136,False,complete
2024-09-21 13:15:00,reference_corrected,perfect_model_baseline,-6.388214,-6.388214,False,complete
2024-09-21 13:30:00,reference_corrected,perfect_model_baseline,-6.417929,-6.417929,False,complete
2024-09-21 13:45:00,reference_corrected,perfect_model_baseline,-6.065688,-6.065688,False,complete
2024-09-21 14:00:00,reference_corrected,perfect_model_baseline,-5.555271,-5.555271,False,complete
2024-09-21 14:15:00,reference_corrected,perfect_model_baseline,-5.190353,-5.190353,False,complete
2024-09-21 14:30:00,reference_corrected,perfect_model_baseline,-4.452826,-4.452826,False,complete
2024-09-21 14:45:00,reference_corrected,perfect_model_baseline,-3.799806,-3.799806,False,complete
2024-09-21 15:00:00,reference_corrected,perfect_model_baseline,-3.103595,-3.103595,False,complete
2024-09-21 15:15:00,reference_corrected,perfect_model_baseline,-2.488938,-2.488938,False,complete
2024-09-21 15:30:00,reference_corrected,perfect_model_baseline,-1.911239,-1.911239,False,complete
2024-09-21 15:45:00,reference_corrected,perfect_model_baseline,1.911239,1.911239,False,complete
2024-09-21 16:00:00,reference_corrected,perfect_model_baseline,1.911239,1.911239,False,complete
2024-09-21 16:15:00,reference_corrected,perfect_model_baseline,2.612664,2.612664,False,complete
2024-09-21 16:30:00,reference_corrected,perfect_model_baseline,4.152258,4.152258,False,complete
2024-09-21 16:45:00,reference_corrected,perfect_model_baseline,5.271748,5.271748,False,complete
2024-09-21 17:00:00,reference_corrected,perfect_model_baseline,5.998329,5.998329,False,complete
2024-09-21 17:15:00,reference_corrected,perfect_model_baseline,6.704423,6.704423,False,complete
2024-09-21 17:30:00,reference_corrected,perfect_model_baseline,7.805948,7.805948,False,complete
2024-09-21 17:45:00,reference_corrected,perfect_model_baseline,8.152333,8.152333,False,complete
2024-09-21 18:00:00,reference_corrected,perfect_model_baseline,8.659709,8.659709,False,complete
2024-09-21 18:15:00,reference_corrected,perfect_model_baseline,9.102704,9.102704,False,complete
2024-09-21 18:30:00,reference_corrected,perfect_model_baseline,9.102704,9.102704,False,complete
2024-09-21 18:45:00,reference_corrected,perfect_model_baseline,9.102704,9.102704,False,complete
2024-09-21 19:00:00,reference_corrected,perfect_model_baseline,9.102704,9.102704,False,complete
2024-09-21 19:15:00,reference_corrected,perfect_model_baseline,8.96735,8.96735,False,complete
2024-09-21 19:30:00,reference_corrected,perfect_model_baseline,8.855123,8.855123,False,complete
2024-09-21 19:45:00,reference_corrected,perfect_model_baseline,8.682545,8.682545,False,complete
2024-09-21 20:00:00,reference_corrected,perfect_model_baseline,8.458096,8.458096,False,complete
2024-09-21 20:15:00,reference_corrected,perfect_model_baseline,8.471477,8.471477,False,complete
2024-09-21 20:30:00,reference_corrected,perfect_model_baseline,8.308098,8.308098,False,complete
2024-09-21 20:45:00,reference_corrected,perfect_model_baseline,8.308098,8.308098,False,complete
2024-09-21 21:00:00,reference_corrected,perfect_model_baseline,8.308098,8.308098,False,complete
2024-09-21 21:15:00,reference_corrected,perfect_model_baseline,7.944979,7.944979,False,complete
2024-09-21 21:30:00,reference_corrected,perfect_model_baseline,7.781316,7.781316,False,complete
2024-09-21 21:45:00,reference_corrected,perfect_model_baseline,7.781316,7.781316,False,complete
2024-09-21 22:00:00,reference_corrected,perfect_model_baseline,7.781316,7.781316,False,complete
2024-09-21 22:15:00,reference_corrected,perfect_model_baseline,7.976152,7.976152,False,complete
2024-09-21 22:30:00,reference_corrected,perfect_model_baseline,7.976152,7.976152,False,complete
2024-09-21 22:45:00,reference_corrected,perfect_model_baseline,7.976152,7.976152,False,complete
2024-09-21 23:00:00,reference_corrected,perfect_model_baseline,7.976152,7.976152,False,complete
2024-09-21 23:15:00,reference_corrected,perfect_model_baseline,7.950665,7.950665,False,complete
2024-09-21 23:30:00,reference_corrected,perfect_model_baseline,7.950665,7.950665,False,complete
2024-09-21 23:45:00,reference_corrected,perfect_model_baseline,7.674299,7.674299,False,complete
2024-09-22 00:00:00,reference_corrected,perfect_model_baseline,7.674299,7.674299,False,complete
2024-09-22 00:15:00,reference_corrected,perfect_model_baseline,7.448335,7.448335,False,complete
2024-09-22 00:30:00,reference_corrected,perfect_model_baseline,7.362047,7.362047,False,complete
2024-09-22 00:45:00,reference_corrected,perfect_model_baseline,7.111701,7.111701,False,complete
2024-09-22 01:00:00,reference_corrected,perfect_model_baseline,7.111701,7.111701,False,complete
2024-09-22 01:15:00,reference_corrected,perfect_model_baseline,6.985351,6.985351,False,complete
2024-09-22 01:30:00,reference_corrected,perfect_model_baseline,6.683209,6.683209,False,complete
2024-09-22 01:45:00,reference_corrected,perfect_model_baseline,6.438552,6.438552,False,complete
2024-09-22 02:00:00,reference_corrected,perfect_model_baseline,6.438552,6.438552,False,complete
2024-09-22 02:15:00,reference_corrected,perfect_model_baseline,6.11843,6.11843,False,complete
2024-09-22 02:30:00,reference_corrected,perfect_model_baseline,6.014512,6.014512,False,complete
2024-09-22 02:45:00,reference_corrected,perfect_model_baseline,6.014512,6.014512,False,complete
2024-09-22 03:00:00,reference_corrected,perfect_model_baseline,6.014512,6.014512,False,complete
2024-09-22 03:15:00,reference_corrected,perfect_model_baseline,5.881642,5.881642,False,complete
2024-09-22 03:30:00,reference_corrected,perfect_model_baseline,5.763308,5.763308,False,complete
2024-09-22 03:45:00,reference_corrected,perfect_model_baseline,5.759566,5.759566,False,complete
2024-09-22 04:00:00,reference_corrected,perfect_model_baseline,5.568898,5.568898,False,complete
2024-09-22 04:15:00,reference_corrected,perfect_model_baseline,5.487205,5.487205,False,complete
2024-09-22 04:30:00,reference_corrected,perfect_model_baseline,5.487205,5.487205,False,complete
2024-09-22 04:45:00,reference_corrected,perfect_model_baseline,5.487205,5.487205,False,complete
2024-09-22 05:00:00,reference_corrected,perfect_model_baseline,5.487205,5.487205,False,complete
2024-09-22 05:15:00,reference_corrected,perfect_model_baseline,5.690297,5.690297,False,complete
2024-09-22 05:30:00,reference_corrected,perfect_model_baseline,5.690297,5.690297,False,complete
2024-09-22 05:45:00,reference_corrected,perfect_model_baseline,5.811686,5.811686,False,complete
2024-09-22 06:00:00,reference_corrected,perfect_model_baseline,5.811686,5.811686,False,complete
2024-09-22 06:15:00,reference_corrected,perfect_model_baseline,5.601134,5.601134,False,complete
2024-09-22 06:30:00,reference_corrected,perfect_model_baseline,5.006829,5.006829,False,complete
2024-09-22 06:45:00,reference_corrected,perfect_model_baseline,4.518824,4.518824,False,complete
2024-09-22 07:00:00,reference_corrected,perfect_model_baseline,3.737325,3.737325,False,complete
2024-09-22 07:15:00,reference_corrected,perfect_model_baseline,3.225114,3.225114,False,complete
2024-09-22 07:30:00,reference_corrected,perfect_model_baseline,2.469864,2.469864,False,complete
2024-09-22 07:45:00,reference_corrected,perfect_model_baseline,1.942017,1.942017,False,complete
2024-09-22 08:00:00,reference_corrected,perfect_model_baseline,-1.718552,-1.718552,False,complete
2024-09-22 08:15:00,reference_corrected,perfect_model_baseline,-1.74507,-1.74507,False,complete
2024-09-22 08:30:00,reference_corrected,perfect_model_baseline,-1.873659,-1.873659,False,complete
2024-09-22 08:45:00,reference_corrected,perfect_model_baseline,-2.382537,-2.382537,False,complete
2024-09-22 09:00:00,reference_corrected,perfect_model_baseline,-3.010048,-3.010048,False,complete
2024-09-22 09:15:00,reference_corrected,perfect_model_baseline,-3.510339,-3.510339,False,complete
2024-09-22 09:30:00,reference_corrected,perfect_model_baseline,-4.361738,-4.361738,False,complete
2024-09-22 09:45:00,reference_corrected,perfect_model_baseline,-5.038315,-5.038315,False,complete
2024-09-22 10:00:00,reference_corrected,perfect_model_baseline,-5.552953,-5.552953,False,complete
2024-09-22 10:15:00,reference_corrected,perfect_model_baseline,-5.819821,-5.819821,False,complete
2024-09-22 10:30:00,reference_corrected,perfect_model_baseline,-6.368,-6.368,False,complete
2024-09-22 10:45:00,reference_corrected,perfect_model_baseline,-6.368,-6.368,False,complete
2024-09-22 11:00:00,reference_corrected,perfect_model_baseline,-6.811881,-6.811881,False,complete
2024-09-22 11:15:00,reference_corrected,perfect_model_baseline,-7.054146,-7.054146,False,complete
2024-09-22 11:30:00,reference_corrected,perfect_model_baseline,-7.054146,-7.054146,False,complete
2024-09-22 11:45:00,reference_corrected,perfect_model_baseline,-7.226591,-7.226591,False,complete
2024-09-22 12:00:00,reference_corrected,perfect_model_baseline,-7.012531,-7.012531,False,complete
2024-09-22 12:15:00,reference_corrected,perfect_model_baseline,-6.846164,-6.846164,False,complete
2024-09-22 12:30:00,reference_corrected,perfect_model_baseline,-6.365856,-6.365856,False,complete
2024-09-22 12:45:00,reference_corrected,perfect_model_baseline,-6.706531,-6.706531,False,complete
2024-09-22 13:00:00,reference_corrected,perfect_model_baseline,-6.597354,-6.597354,False,complete
2024-09-22 13:15:00,reference_corrected,perfect_model_baseline,-6.476132,-6.476132,False,complete
2024-09-22 13:30:00,reference_corrected,perfect_model_baseline,-6.337914,-6.337914,False,complete
2024-09-22 13:45:00,reference_corrected,perfect_model_baseline,-5.492078,-5.492078,False,complete
2024-09-22 14:00:00,reference_corrected,perfect_model_baseline,-5.158504,-5.158504,False,complete
2024-09-22 14:15:00,reference_corrected,perfect_model_baseline,-4.737183,-4.737183,False,complete
2024-09-22 14:30:00,reference_corrected,perfect_model_baseline,-4.122855,-4.122855,False,complete
2024-09-22 14:45:00,reference_corrected,perfect_model_baseline,-3.430103,-3.430103,False,complete
2024-09-22 15:00:00,reference_corrected,perfect_model_baseline,-2.574361,-2.574361,False,complete
2024-09-22 15:15:00,reference_corrected,perfect_model_baseline,-1.757047,-1.757047,False,complete
2024-09-22 15:30:00,reference_corrected,perfect_model_baseline,1.757047,1.757047,False,complete
2024-09-22 15:45:00,reference_corrected,perfect_model_baseline,1.757047,1.757047,False,complete
2024-09-22 16:00:00,reference_corrected,perfect_model_baseline,2.348981,2.348981,False,complete
2024-09-22 16:15:00,reference_corrected,perfect_model_baseline,3.412319,3.412319,False,complete
2024-09-22 16:30:00,reference_corrected,perfect_model_baseline,4.403154,4.403154,False,complete
2024-09-22 16:45:00,reference_corrected,perfect_model_baseline,5.617927,5.617927,False,complete
2024-09-22 17:00:00,reference_corrected,perfect_model_baseline,6.806347,6.806347,False,complete
2024-09-22 17:15:00,reference_corrected,perfect_model_baseline,7.701844,7.701844,False,complete
2024-09-22 17:30:00,reference_corrected,perfect_model_baseline,8.54616,8.54616,False,complete
2024-09-22 17:45:00,reference_corrected,perfect_model_baseline,9.234896,9.234896,False,complete
2024-09-22 18:00:00,reference_corrected,perfect_model_baseline,9.458558,9.458558,False,complete
2024-09-22 18:15:00,reference_corrected,perfect_model_baseline,9.994154,9.994154,False,complete
2024-09-22 18:30:00,reference_corrected,perfect_model_baseline,9.994154,9.994154,False,complete
2024-09-22 18:45:00,reference_corrected,perfect_model_baseline,9.794874,9.794874,False,complete
2024-09-22 19:00:00,reference_corrected,perfect_model_baseline,9.57594,9.57594,False,complete
2024-09-22 19:15:00,reference_corrected,perfect_model_baseline,9.633864,9.633864,False,complete
2024-09-22 19:30:00,reference_corrected,perfect_model_baseline,9.468423,9.468423,False,complete
2024-09-22 19:45:00,reference_corrected,perfect_model_baseline,9.1744,9.1744,False,complete
2024-09-22 20:00:00,reference_corrected,perfect_model_baseline,8.957707,8.957707,False,complete
2024-09-22 20:15:00,reference_corrected,perfect_model_baseline,8.734362,8.734362,False,complete
2024-09-22 20:30:00,reference_corrected,perfect_model_baseline,8.734362,8.734362,False,complete
2024-09-22 20:45:00,reference_corrected,perfect_model_baseline,8.491908,8.491908,False,complete
2024-09-22 21:00:00,reference_corrected,perfect_model_baseline,8.259006,8.259006,False,complete
2024-09-22 21:15:00,reference_corrected,perfect_model_baseline,8.248014,8.248014,False,complete
2024-09-22 21:30:00,reference_corrected,perfect_model_baseline,8.091533,8.091533,False,complete
2024-09-22 21:45:00,reference_corrected,perfect_model_baseline,8.091533,8.091533,False,complete
2024-09-22 22:00:00,reference_corrected,perfect_model_baseline,8.091533,8.091533,False,complete
2024-09-22 22:15:00,reference_corrected,perfect_model_baseline,8.03362,8.03362,False,complete
2024-09-22 22:30:00,reference_corrected,perfect_model_baseline,7.86089,7.86089,False,complete
2024-09-22 22:45:00,reference_corrected,perfect_model_baseline,7.86089,7.86089,False,complete
2024-09-22 23:00:00,reference_corrected,perfect_model_baseline,7.567124,7.567124,False,complete
2024-09-22 23:15:00,reference_corrected,perfect_model_baseline,7.814604,7.814604,False,complete
2024-09-22 23:30:00,reference_corrected,perfect_model_baseline,7.597984,7.597984,False,complete
2024-09-22 23:45:00,reference_corrected,perfect_model_baseline,7.32881,7.32881,False,complete
2024-09-23 00:00:00,reference_corrected,perfect_model_baseline,7.32881,7.32881,False,complete
2024-09-23 00:15:00,reference_corrected,perfect_model_baseline,7.3104,7.3104,False,complete
2024-09-23 00:30:00,reference_corrected,perfect_model_baseline,7.3104,7.3104,False,complete
2024-09-23 00:45:00,reference_corrected,perfect_model_baseline,7.138351,7.138351,False,complete
2024-09-23 01:00:00,reference_corrected,perfect_model_baseline,7.138351,7.138351,False,complete
2024-09-23 01:15:00,reference_corrected,perfect_model_baseline,6.942954,6.942954,False,complete
2024-09-23 01:30:00,reference_corrected,perfect_model_baseline,6.424438,6.424438,False,complete
2024-09-23 01:45:00,reference_corrected,perfect_model_baseline,6.424438,6.424438,False,complete
2024-09-23 02:00:00,reference_corrected,perfect_model_baseline,6.200482,6.200482,False,complete
2024-09-23 02:15:00,reference_corrected,perfect_model_baseline,6.138571,6.138571,False,complete
2024-09-23 02:30:00,reference_corrected,perfect_model_baseline,6.017548,6.017548,False,complete
2024-09-23 02:45:00,reference_corrected,perfect_model_baseline,6.017548,6.017548,False,complete
2024-09-23 03:00:00,reference_corrected,perfect_model_baseline,6.017548,6.017548,False,complete
2024-09-23 03:15:00,reference_corrected,perfect_model_baseline,5.798305,5.798305,False,complete
2024-09-23 03:30:00,reference_corrected,perfect_model_baseline,5.712128,5.712128,False,complete
2024-09-23 03:45:00,reference_corrected,perfect_model_baseline,5.712128,5.712128,False,complete
2024-09-23 04:00:00,reference_corrected,perfect_model_baseline,5.712128,5.712128,False,complete
2024-09-23 04:15:00,reference_corrected,perfect_model_baseline,5.593985,5.593985,False,complete
2024-09-23 04:30:00,reference_corrected,perfect_model_baseline,5.593985,5.593985,False,complete
2024-09-23 04:45:00,reference_corrected,perfect_model_baseline,5.593985,5.593985,False,complete
2024-09-23 05:00:00,reference_corrected,perfect_model_baseline,5.593985,5.593985,False,complete
2024-09-23 05:15:00,reference_corrected,perfect_model_baseline,5.957133,5.957133,False,complete
2024-09-23 05:30:00,reference_corrected,perfect_model_baseline,5.957133,5.957133,False,complete
2024-09-23 05:45:00,reference_corrected,perfect_model_baseline,5.957133,5.957133,False,complete
2024-09-23 06:00:00,reference_corrected,perfect_model_baseline,6.172005,6.172005,False,complete
2024-09-23 06:15:00,reference_corrected,perfect_model_baseline,6.191438,6.191438,False,complete
2024-09-23 06:30:00,reference_corrected,perfect_model_baseline,6.044874,6.044874,False,complete
2024-09-23 06:45:00,reference_corrected,perfect_model_baseline,5.28118,5.28118,False,complete
2024-09-23 07:00:00,reference_corrected,perfect_model_baseline,4.588136,4.588136,False,complete
2024-09-23 07:15:00,reference_corrected,perfect_model_baseline,3.868244,3.868244,False,complete
2024-09-23 07:30:00,reference_corrected,perfect_model_baseline,3.072877,3.072877,False,complete
2024-09-23 07:45:00,reference_corrected,perfect_model_baseline,2.070497,2.070497,False,complete
2024-09-23 08:00:00,reference_corrected,perfect_model_baseline,2.070497,2.070497,False,complete
2024-09-23 08:15:00,reference_corrected,perfect_model_baseline,1.989805,1.989805,False,complete
2024-09-23 08:30:00,reference_corrected,perfect_model_baseline,-1.989805,-1.989805,False,complete
2024-09-23 08:45:00,reference_corrected,perfect_model_baseline,-2.601288,-2.601288,False,complete
2024-09-23 09:00:00,reference_corrected,perfect_model_baseline,-3.376506,-3.376506,False,complete
2024-09-23 09:15:00,reference_corrected,perfect_model_baseline,-4.048626,-4.048626,False,complete
2024-09-23 09:30:00,reference_corrected,perfect_model_baseline,-4.983896,-4.983896,False,complete
2024-09-23 09:45:00,reference_corrected,perfect_model_baseline,-5.485096,-5.485096,False,complete
2024-09-23 10:00:00,reference_corrected,perfect_model_baseline,-5.92937,-5.92937,False,complete
2024-09-23 10:15:00,reference_corrected,perfect_model_baseline,-6.240825,-6.240825,False,complete
2024-09-23 10:30:00,reference_corrected,perfect_model_baseline,-6.799804,-6.799804,False,complete
2024-09-23 10:45:00,reference_corrected,perfect_model_baseline,-6.933235,-6.933235,False,complete
2024-09-23 11:00:00,reference_corrected,perfect_model_baseline,-7.455957,-7.455957,False,complete
2024-09-23 11:15:00,reference_corrected,perfect_model_baseline,-7.401493,-7.401493,False,complete
2024-09-23 11:30:00,reference_corrected,perfect_model_baseline,-7.580399,-7.580399,False,complete
2024-09-23 11:45:00,reference_corrected,perfect_model_baseline,-7.570047,-7.570047,False,complete
2024-09-23 12:00:00,reference_corrected,perfect_model_baseline,-7.570047,-7.570047,False,complete
2024-09-23 12:15:00,reference_corrected,perfect_model_baseline,-7.546422,-7.546422,False,complete
2024-09-23 12:30:00,reference_corrected,perfect_model_baseline,-7.427303,-7.427303,False,complete
2024-09-23 12:45:00,reference_corrected,perfect_model_baseline,-7.231628,-7.231628,False,complete
2024-09-23 13:00:00,reference_corrected,perfect_model_baseline,-6.789222,-6.789222,False,complete
2024-09-23 13:15:00,reference_corrected,perfect_model_baseline,-6.825679,-6.825679,False,complete
2024-09-23 13:30:00,reference_corrected,perfect_model_baseline,-6.621673,-6.621673,False,complete
2024-09-23 13:45:00,reference_corrected,perfect_model_baseline,-5.997976,-5.997976,False,complete
2024-09-23 14:00:00,reference_corrected,perfect_model_baseline,-5.457145,-5.457145,False,complete
2024-09-23 14:15:00,reference_corrected,perfect_model_baseline,-4.927861,-4.927861,False,complete
2024-09-23 14:30:00,reference_corrected,perfect_model_baseline,-4.353054,-4.353054,False,complete
2024-09-23 14:45:00,reference_corrected,perfect_model_baseline,-3.70038,-3.70038,False,complete
2024-09-23 15:00:00,reference_corrected,perfect_model_baseline,-2.729767,-2.729767,False,complete
2024-09-23 15:15:00,reference_corrected,perfect_model_baseline,-1.772014,-1.772014,False,complete
2024-09-23 15:30:00,reference_corrected,perfect_model_baseline,-1.531047,-1.531047,False,complete
2024-09-23 15:45:00,reference_corrected,perfect_model_baseline,1.531047,1.531047,False,complete
2024-09-23 16:00:00,reference_corrected,perfect_model_baseline,2.213105,2.213105,False,complete
2024-09-23 16:15:00,reference_corrected,perfect_model_baseline,3.500348,3.500348,False,complete
2024-09-23 16:30:00,reference_corrected,perfect_model_baseline,4.577646,4.577646,False,complete
2024-09-23 16:45:00,reference_corrected,perfect_model_baseline,5.762485,5.762485,False,complete
2024-09-23 17:00:00,reference_corrected,perfect_model_baseline,6.837753,6.837753,False,complete
2024-09-23 17:15:00,reference_corrected,perfect_model_baseline,7.581233,7.581233,False,complete
2024-09-23 17:30:00,reference_corrected,perfect_model_baseline,8.467048,8.467048,False,complete
2024-09-23 17:45:00,reference_corrected,perfect_model_baseline,9.304914,9.304914,False,complete
2024-09-23 18:00:00,reference_corrected,perfect_model_baseline,9.529658,9.529658,False,complete
2024-09-23 18:15:00,reference_corrected,perfect_model_baseline,9.981888,9.981888,False,complete
2024-09-23 18:30:00,reference_corrected,perfect_model_baseline,10.224148,10.224148,False,complete
2024-09-23 18:45:00,reference_corrected,perfect_model_baseline,10.000092,10.000092,False,complete
2024-09-23 19:00:00,reference_corrected,perfect_model_baseline,10.000092,10.000092,False,complete
2024-09-23 19:15:00,reference_corrected,perfect_model_baseline,9.751215,9.751215,False,complete
2024-09-23 19:30:00,reference_corrected,perfect_model_baseline,9.587336,9.587336,False,complete
2024-09-23 19:45:00,reference_corrected,perfect_model_baseline,9.35159,9.35159,False,complete
2024-09-23 20:00:00,reference_corrected,perfect_model_baseline,9.182755,9.182755,False,complete
2024-09-23 20:15:00,reference_corrected,perfect_model_baseline,8.887432,8.887432,False,complete
2024-09-23 20:30:00,reference_corrected,perfect_model_baseline,8.714322,8.714322,False,complete
2024-09-23 20:45:00,reference_corrected,perfect_model_baseline,8.714322,8.714322,False,complete
2024-09-23 21:00:00,reference_corrected,perfect_model_baseline,8.484045,8.484045,False,complete
2024-09-23 21:15:00,reference_corrected,perfect_model_baseline,8.203006,8.203006,False,complete
2024-09-23 21:30:00,reference_corrected,perfect_model_baseline,8.07249,8.07249,False,complete
2024-09-23 21:45:00,reference_corrected,perfect_model_baseline,7.846364,7.846364,False,complete
2024-09-23 22:00:00,reference_corrected,perfect_model_baseline,7.846364,7.846364,False,complete
2024-09-23 22:15:00,reference_corrected,perfect_model_baseline,7.910962,7.910962,False,complete
2024-09-23 22:30:00,reference_corrected,perfect_model_baseline,7.981997,7.981997,False,complete
2024-09-23 22:45:00,reference_corrected,perfect_model_baseline,7.756467,7.756467,False,complete
2024-09-23 23:00:00,reference_corrected,perfect_model_baseline,7.756467,7.756467,False,complete
2024-09-23 23:15:00,reference_corrected,perfect_model_baseline,7.799843,7.799843,False,complete
2024-09-23 23:30:00,reference_corrected,perfect_model_baseline,7.63496,7.63496,False,complete
2024-09-23 23:45:00,reference_corrected,perfect_model_baseline,7.63496,7.63496,False,complete
2024-09-24 00:00:00,reference_corrected,perfect_model_baseline,7.63496,7.63496,False,complete
2024-09-24 00:15:00,reference_corrected,perfect_model_baseline,7.472299,7.472299,False,complete
2024-09-24 00:30:00,reference_corrected,perfect_model_baseline,7.385324,7.385324,False,complete
2024-09-24 00:45:00,reference_corrected,perfect_model_baseline,7.167806,7.167806,False,complete
2024-09-24 01:00:00,reference_corrected,perfect_model_baseline,7.167806,7.167806,False,complete
2024-09-24 01:15:00,reference_corrected,perfect_model_baseline,6.874758,6.874758,False,complete
2024-09-24 01:30:00,reference_corrected,perfect_model_baseline,6.62886,6.62886,False,complete
2024-09-24 01:45:00,reference_corrected,perfect_model_baseline,6.405691,6.405691,False,complete
2024-09-24 02:00:00,reference_corrected,perfect_model_baseline,6.181415,6.181415,False,complete
2024-09-24 02:15:00,reference_corrected,perfect_model_baseline,6.005186,6.005186,False,complete
2024-09-24 02:30:00,reference_corrected,perfect_model_baseline,6.005186,6.005186,False,complete
2024-09-24 02:45:00,reference_corrected,perfect_model_baseline,6.005186,6.005186,False,complete
2024-09-24 03:00:00,reference_corrected,perfect_model_baseline,5.772617,5.772617,False,complete
2024-09-24 03:15:00,reference_corrected,perfect_model_baseline,5.812012,5.812012,False,complete
2024-09-24 03:30:00,reference_corrected,perfect_model_baseline,5.812012,5.812012,False,complete
2024-09-24 03:45:00,reference_corrected,perfect_model_baseline,5.812012,5.812012,False,complete
2024-09-24 04:00:00,reference_corrected,perfect_model_baseline,5.812012,5.812012,False,complete
2024-09-24 04:15:00,reference_corrected,perfect_model_baseline,5.614908,5.614908,False,complete
2024-09-24 04:30:00,reference_corrected,perfect_model_baseline,5.614908,5.614908,False,complete
2024-09-24 04:45:00,reference_corrected,perfect_model_baseline,5.614908,5.614908,False,complete
2024-09-24 05:00:00,reference_corrected,perfect_model_baseline,5.614908,5.614908,False,complete
2024-09-24 05:15:00,reference_corrected,perfect_model_baseline,5.963146,5.963146,False,complete
2024-09-24 05:30:00,reference_corrected,perfect_model_baseline,5.963146,5.963146,False,complete
2024-09-24 05:45:00,reference_corrected,perfect_model_baseline,5.963146,5.963146,False,complete
2024-09-24 06:00:00,reference_corrected,perfect_model_baseline,5.963146,5.963146,False,complete
2024-09-24 06:15:00,reference_corrected,perfect_model_baseline,6.089136,6.089136,False,complete
2024-09-24 06:30:00,reference_corrected,perfect_model_baseline,5.521523,5.521523,False,complete
2024-09-24 06:45:00,reference_corrected,perfect_model_baseline,4.69248,4.69248,False,complete
2024-09-24 07:00:00,reference_corrected,perfect_model_baseline,4.844885,4.844885,False,complete
2024-09-24 07:15:00,reference_corrected,perfect_model_baseline,4.922935,4.922935,False,complete
2024-09-24 07:30:00,reference_corrected,perfect_model_baseline,4.07172,4.07172,False,complete
2024-09-24 07:45:00,reference_corrected,perfect_model_baseline,3.535613,3.535613,False,complete
2024-09-24 08:00:00,reference_corrected,perfect_model_baseline,2.530258,2.530258,False,complete
2024-09-24 08:15:00,reference_corrected,perfect_model_baseline,2.050875,2.050875,False,complete
2024-09-24 08:30:00,reference_corrected,perfect_model_baseline,2.287282,2.287282,False,complete
2024-09-24 08:45:00,reference_corrected,perfect_model_baseline,1.897086,1.897086,False,complete
2024-09-24 09:00:00,reference_corrected,perfect_model_baseline,-1.860049,-1.860049,False,complete
2024-09-24 09:15:00,reference_corrected,perfect_model_baseline,-2.830731,-2.830731,False,complete
2024-09-24 09:30:00,reference_corrected,perfect_model_baseline,-3.814328,-3.814328,False,complete
2024-09-24 09:45:00,reference_corrected,perfect_model_baseline,-4.867734,-4.867734,False,complete
2024-09-24 10:00:00,reference_corrected,perfect_model_baseline,-4.709795,-4.709795,False,complete
2024-09-24 10:15:00,reference_corrected,perfect_model_baseline,-5.659966,-5.659966,False,complete
2024-09-24 10:30:00,reference_corrected,perfect_model_baseline,-4.230643,-4.230643,False,complete
2024-09-24 10:45:00,reference_corrected,perfect_model_baseline,-4.453319,-4.453319,False,complete
2024-09-24 11:00:00,reference_corrected,perfect_model_baseline,-2.556932,-2.556932,False,complete
2024-09-24 11:15:00,reference_corrected,perfect_model_baseline,-5.826739,-5.826739,False,complete
2024-09-24 11:30:00,reference_corrected,perfect_model_baseline,-5.401349,-5.401349,False,complete
2024-09-24 11:45:00,reference_corrected,perfect_model_baseline,-4.413378,-4.413378,False,complete
2024-09-24 12:00:00,reference_corrected,perfect_model_baseline,-4.487985,-4.487985,False,complete
2024-09-24 12:15:00,reference_corrected,perfect_model_baseline,-3.168412,-3.168412,False,complete
2024-09-24 12:30:00,reference_corrected,perfect_model_baseline,-2.510739,-2.510739,False,complete
2024-09-24 12:45:00,reference_corrected,perfect_model_baseline,-3.413151,-3.413151,False,complete
2024-09-24 13:00:00,reference_corrected,perfect_model_baseline,-2.564168,-2.564168,False,complete
2024-09-24 13:15:00,reference_corrected,perfect_model_baseline,-1.93681,-1.93681,False,complete
2024-09-24 13:30:00,reference_corrected,perfect_model_baseline,-1.93681,-1.93681,False,complete
2024-09-24 13:45:00,reference_corrected,perfect_model_baseline,-1.871383,-1.871383,False,complete
2024-09-24 14:00:00,reference_corrected,perfect_model_baseline,-1.453887,-1.453887,False,complete
2024-09-24 14:15:00,reference_corrected,perfect_model_baseline,1.583451,1.583451,False,complete
2024-09-24 14:30:00,reference_corrected,perfect_model_baseline,2.695884,2.695884,False,complete
2024-09-24 14:45:00,reference_corrected,perfect_model_baseline,2.530519,2.530519,False,complete
2024-09-24 15:00:00,reference_corrected,perfect_model_baseline,1.823846,1.823846,False,complete
2024-09-24 15:15:00,reference_corrected,perfect_model_baseline,2.979171,2.979171,False,complete
2024-09-24 15:30:00,reference_corrected,perfect_model_baseline,4.360745,4.360745,False,complete
2024-09-24 15:45:00,reference_corrected,perfect_model_baseline,5.16398,5.16398,False,complete
2024-09-24 16:00:00,reference_corrected,perfect_model_baseline,5.714262,5.714262,False,complete
2024-09-24 16:15:00,reference_corrected,perfect_model_baseline,6.032474,6.032474,False,complete
2024-09-24 16:30:00,reference_corrected,perfect_model_baseline,6.696221,6.696221,False,complete
2024-09-24 16:45:00,reference_corrected,perfect_model_baseline,7.56909,7.56909,False,complete
2024-09-24 17:00:00,reference_corrected,perfect_model_baseline,7.632205,7.632205,False,complete
2024-09-24 17:15:00,reference_corrected,perfect_model_baseline,7.666404,7.666404,False,complete
2024-09-24 17:30:00,reference_corrected,perfect_model_baseline,8.659238,8.659238,False,complete
2024-09-24 17:45:00,reference_corrected,perfect_model_baseline,8.954216,8.954216,False,complete
2024-09-24 18:00:00,reference_corrected,perfect_model_baseline,9.52494,9.52494,False,complete
2024-09-24 18:15:00,reference_corrected,perfect_model_baseline,10.029065,10.029065,False,complete
2024-09-24 18:30:00,reference_corrected,perfect_model_baseline,10.029065,10.029065,False,complete
2024-09-24 18:45:00,reference_corrected,perfect_model_baseline,10.029065,10.029065,False,complete
2024-09-24 19:00:00,reference_corrected,perfect_model_baseline,9.8126,9.8126,False,complete
2024-09-24 19:15:00,reference_corrected,perfect_model_baseline,9.551767,9.551767,False,complete
2024-09-24 19:30:00,reference_corrected,perfect_model_baseline,9.551767,9.551767,False,complete
2024-09-24 19:45:00,reference_corrected,perfect_model_baseline,9.091463,9.091463,False,complete
2024-09-24 20:00:00,reference_corrected,perfect_model_baseline,8.867408,8.867408,False,complete
2024-09-24 20:15:00,reference_corrected,perfect_model_baseline,8.688102,8.688102,False,complete
2024-09-24 20:30:00,reference_corrected,perfect_model_baseline,8.688102,8.688102,False,complete
2024-09-24 20:45:00,reference_corrected,perfect_model_baseline,8.479574,8.479574,False,complete
2024-09-24 21:00:00,reference_corrected,perfect_model_baseline,8.479574,8.479574,False,complete
2024-09-24 21:15:00,reference_corrected,perfect_model_baseline,8.073374,8.073374,False,complete
2024-09-24 21:30:00,reference_corrected,perfect_model_baseline,8.073374,8.073374,False,complete
2024-09-24 21:45:00,reference_corrected,perfect_model_baseline,8.073374,8.073374,False,complete
2024-09-24 22:00:00,reference_corrected,perfect_model_baseline,7.941416,7.941416,False,complete
2024-09-24 22:15:00,reference_corrected,perfect_model_baseline,8.119015,8.119015,False,complete
2024-09-24 22:30:00,reference_corrected,perfect_model_baseline,8.119015,8.119015,False,complete
2024-09-24 22:45:00,reference_corrected,perfect_model_baseline,7.905465,7.905465,False,complete
2024-09-24 23:00:00,reference_corrected,perfect_model_baseline,7.725052,7.725052,False,complete
2024-09-24 23:15:00,reference_corrected,perfect_model_baseline,7.969295,7.969295,False,complete
2024-09-24 23:30:00,reference_corrected,perfect_model_baseline,7.969295,7.969295,False,complete
2024-09-24 23:45:00,reference_corrected,perfect_model_baseline,7.676559,7.676559,False,complete
2024-09-25 00:00:00,reference_corrected,perfect_model_baseline,7.676559,7.676559,False,complete
2024-09-25 00:15:00,reference_corrected,perfect_model_baseline,7.365247,7.365247,False,complete
2024-09-25 00:30:00,reference_corrected,perfect_model_baseline,7.064072,7.064072,False,complete
2024-09-25 00:45:00,reference_corrected,perfect_model_baseline,7.064072,7.064072,False,complete
2024-09-25 01:00:00,reference_corrected,perfect_model_baseline,7.064072,7.064072,False,complete
2024-09-25 01:15:00,reference_corrected,perfect_model_baseline,6.891699,6.891699,False,complete
2024-09-25 01:30:00,reference_corrected,perfect_model_baseline,6.650727,6.650727,False,complete
2024-09-25 01:45:00,reference_corrected,perfect_model_baseline,6.392989,6.392989,False,complete
2024-09-25 02:00:00,reference_corrected,perfect_model_baseline,6.392989,6.392989,False,complete
2024-09-25 02:15:00,reference_corrected,perfect_model_baseline,6.142905,6.142905,False,complete
2024-09-25 02:30:00,reference_corrected,perfect_model_baseline,5.970325,5.970325,False,complete
2024-09-25 02:45:00,reference_corrected,perfect_model_baseline,5.970325,5.970325,False,complete
2024-09-25 03:00:00,reference_corrected,perfect_model_baseline,5.739419,5.739419,False,complete
2024-09-25 03:15:00,reference_corrected,perfect_model_baseline,5.605046,5.605046,False,complete
2024-09-25 03:30:00,reference_corrected,perfect_model_baseline,5.605046,5.605046,False,complete
2024-09-25 03:45:00,reference_corrected,perfect_model_baseline,5.605046,5.605046,False,complete
2024-09-25 04:00:00,reference_corrected,perfect_model_baseline,5.605046,5.605046,False,complete
2024-09-25 04:15:00,reference_corrected,perfect_model_baseline,5.661766,5.661766,False,complete
2024-09-25 04:30:00,reference_corrected,perfect_model_baseline,5.661766,5.661766,False,complete
2024-09-25 04:45:00,reference_corrected,perfect_model_baseline,5.661766,5.661766,False,complete
2024-09-25 05:00:00,reference_corrected,perfect_model_baseline,5.661766,5.661766,False,complete
2024-09-25 05:15:00,reference_corrected,perfect_model_baseline,5.94566,5.94566,False,complete
2024-09-25 05:30:00,reference_corrected,perfect_model_baseline,5.94566,5.94566,False,complete
2024-09-25 05:45:00,reference_corrected,perfect_model_baseline,5.94566,5.94566,False,complete
2024-09-25 06:00:00,reference_corrected,perfect_model_baseline,6.178846,6.178846,False,complete
2024-09-25 06:15:00,reference_corrected,perfect_model_baseline,6.476783,6.476783,False,complete
2024-09-25 06:30:00,reference_corrected,perfect_model_baseline,6.663948,6.663948,False,complete
2024-09-25 06:45:00,reference_corrected,perfect_model_baseline,6.663948,6.663948,False,complete
2024-09-25 07:00:00,reference_corrected,perfect_model_baseline,6.498516,6.498516,False,complete
2024-09-25 07:15:00,reference_corrected,perfect_model_baseline,5.95957,5.95957,False,complete
2024-09-25 07:30:00,reference_corrected,perfect_model_baseline,6.349567,6.349567,False,complete
2024-09-25 07:45:00,reference_corrected,perfect_model_baseline,6.27454,6.27454,False,complete
2024-09-25 08:00:00,reference_corrected,perfect_model_baseline,5.464299,5.464299,False,complete
2024-09-25 08:15:00,reference_corrected,perfect_model_baseline,5.544016,5.544016,False,complete
2024-09-25 08:30:00,reference_corrected,perfect_model_baseline,5.971197,5.971197,False,complete
2024-09-25 08:45:00,reference_corrected,perfect_model_baseline,6.528148,6.528148,False,complete
2024-09-25 09:00:00,reference_corrected,perfect_model_baseline,5.622834,5.622834,False,complete
2024-09-25 09:15:00,reference_corrected,perfect_model_baseline,5.301888,5.301888,False,complete
2024-09-25 09:30:00,reference_corrected,perfect_model_baseline,4.202118,4.202118,False,complete
2024-09-25 09:45:00,reference_corrected,perfect_model_baseline,5.046296,5.046296,False,complete
2024-09-25 10:00:00,reference_corrected,perfect_model_baseline,5.270646,5.270646,False,complete
2024-09-25 10:15:00,reference_corrected,perfect_model_baseline,5.846995,5.846995,False,complete
2024-09-25 10:30:00,reference_corrected,perfect_model_baseline,4.961074,4.961074,False,complete
2024-09-25 10:45:00,reference_corrected,perfect_model_baseline,2.29531,2.29531,False,complete
2024-09-25 11:00:00,reference_corrected,perfect_model_baseline,2.222041,2.222041,False,complete
2024-09-25 11:15:00,reference_corrected,perfect_model_baseline,1.407884,1.407884,False,complete
2024-09-25 11:30:00,reference_corrected,perfect_model_baseline,2.325775,2.325775,False,complete
2024-09-25 11:45:00,reference_corrected,perfect_model_baseline,1.715012,1.715012,False,complete
2024-09-25 12:00:00,reference_corrected,perfect_model_baseline,2.37105,2.37105,False,complete
2024-09-25 12:15:00,reference_corrected,perfect_model_baseline,3.297634,3.297634,False,complete
2024-09-25 12:30:00,reference_corrected,perfect_model_baseline,5.441793,5.441793,False,complete
2024-09-25 12:45:00,reference_corrected,perfect_model_baseline,6.911098,6.911098,False,complete
2024-09-25 13:00:00,reference_corrected,perfect_model_baseline,5.44232,5.44232,False,complete
2024-09-25 13:15:00,reference_corrected,perfect_model_baseline,2.01467,2.01467,False,complete
2024-09-25 13:30:00,reference_corrected,perfect_model_baseline,2.589174,2.589174,False,complete
2024-09-25 13:45:00,reference_corrected,perfect_model_baseline,6.211157,6.211157,False,complete
2024-09-25 14:00:00,reference_corrected,perfect_model_baseline,4.261666,4.261666,False,complete
2024-09-25 14:15:00,reference_corrected,perfect_model_baseline,3.532303,3.532303,False,complete
2024-09-25 14:30:00,reference_corrected,perfect_model_baseline,2.909088,2.909088,False,complete
2024-09-25 14:45:00,reference_corrected,perfect_model_baseline,2.083272,2.083272,False,complete
2024-09-25 15:00:00,reference_corrected,perfect_model_baseline,1.701108,1.701108,False,complete
2024-09-25 15:15:00,reference_corrected,perfect_model_baseline,2.30945,2.30945,False,complete
2024-09-25 15:30:00,reference_corrected,perfect_model_baseline,4.521613,4.521613,False,complete
2024-09-25 15:45:00,reference_corrected,perfect_model_baseline,4.041833,4.041833,False,complete
2024-09-25 16:00:00,reference_corrected,perfect_model_baseline,5.847597,5.847597,False,complete
2024-09-25 16:15:00,reference_corrected,perfect_model_baseline,4.893353,4.893353,False,complete
2024-09-25 16:30:00,reference_corrected,perfect_model_baseline,7.034026,7.034026,False,complete
2024-09-25 16:45:00,reference_corrected,perfect_model_baseline,7.034026,7.034026,False,complete
2024-09-25 17:00:00,reference_corrected,perfect_model_baseline,7.776564,7.776564,False,complete
2024-09-25 17:15:00,reference_corrected,perfect_model_baseline,8.498938,8.498938,False,complete
2024-09-25 17:30:00,reference_corrected,perfect_model_baseline,8.794645,8.794645,False,complete
2024-09-25 17:45:00,reference_corrected,perfect_model_baseline,9.486432,9.486432,False,complete
2024-09-25 18:00:00,reference_corrected,perfect_model_baseline,9.710487,9.710487,False,complete
2024-09-25 18:15:00,reference_corrected,perfect_model_baseline,10.151994,10.151994,False,complete
2024-09-25 18:30:00,reference_corrected,perfect_model_baseline,10.151994,10.151994,False,complete
2024-09-25 18:45:00,reference_corrected,perfect_model_baseline,10.000914,10.000914,False,complete
2024-09-25 19:00:00,reference_corrected,perfect_model_baseline,10.000914,10.000914,False,complete
2024-09-25 19:15:00,reference_corrected,perfect_model_baseline,9.628301,9.628301,False,complete
2024-09-25 19:30:00,reference_corrected,perfect_model_baseline,9.628301,9.628301,False,complete
2024-09-25 19:45:00,reference_corrected,perfect_model_baseline,9.396631,9.396631,False,complete
2024-09-25 20:00:00,reference_corrected,perfect_model_baseline,9.124731,9.124731,False,complete
2024-09-25 20:15:00,reference_corrected,perfect_model_baseline,8.98067,8.98067,False,complete
2024-09-25 20:30:00,reference_corrected,perfect_model_baseline,8.85986,8.85986,False,complete
2024-09-25 20:45:00,reference_corrected,perfect_model_baseline,8.85986,8.85986,False,complete
2024-09-25 21:00:00,reference_corrected,perfect_model_baseline,8.644233,8.644233,False,complete
2024-09-25 21:15:00,reference_corrected,perfect_model_baseline,8.723679,8.723679,False,complete
2024-09-25 21:30:00,reference_corrected,perfect_model_baseline,8.491989,8.491989,False,complete
2024-09-25 21:45:00,reference_corrected,perfect_model_baseline,8.256811,8.256811,False,complete
2024-09-25 22:00:00,reference_corrected,perfect_model_baseline,8.256811,8.256811,False,complete
2024-09-25 22:15:00,reference_corrected,perfect_model_baseline,8.260721,8.260721,False,complete
2024-09-25 22:30:00,reference_corrected,perfect_model_baseline,8.260721,8.260721,False,complete
2024-09-25 22:45:00,reference_corrected,perfect_model_baseline,8.092372,8.092372,False,complete
2024-09-25 23:00:00,reference_corrected,perfect_model_baseline,8.036243,8.036243,False,complete
2024-09-25 23:15:00,reference_corrected,perfect_model_baseline,8.190728,8.190728,False,complete
2024-09-25 23:30:00,reference_corrected,perfect_model_baseline,7.947321,7.947321,False,complete
2024-09-25 23:45:00,reference_corrected,perfect_model_baseline,7.582056,7.582056,False,complete
2024-09-26 00:00:00,reference_corrected,perfect_model_baseline,7.582056,7.582056,False,complete
2024-09-26 00:15:00,reference_corrected,perfect_model_baseline,7.433174,7.433174,False,complete
2024-09-26 00:30:00,reference_corrected,perfect_model_baseline,7.433174,7.433174,False,complete
2024-09-26 00:45:00,reference_corrected,perfect_model_baseline,7.191673,7.191673,False,complete
2024-09-26 01:00:00,reference_corrected,perfect_model_baseline,7.191673,7.191673,False,complete
2024-09-26 01:15:00,reference_corrected,perfect_model_baseline,6.851854,6.851854,False,complete
2024-09-26 01:30:00,reference_corrected,perfect_model_baseline,6.627897,6.627897,False,complete
2024-09-26 01:45:00,reference_corrected,perfect_model_baseline,6.445079,6.445079,False,complete
2024-09-26 02:00:00,reference_corrected,perfect_model_baseline,6.445079,6.445079,False,complete
2024-09-26 02:15:00,reference_corrected,perfect_model_baseline,6.096743,6.096743,False,complete
2024-09-26 02:30:00,reference_corrected,perfect_model_baseline,5.933657,5.933657,False,complete
2024-09-26 02:45:00,reference_corrected,perfect_model_baseline,5.933657,5.933657,False,complete
2024-09-26 03:00:00,reference_corrected,perfect_model_baseline,5.700639,5.700639,False,complete
2024-09-26 03:15:00,reference_corrected,perfect_model_baseline,5.611211,5.611211,False,complete
2024-09-26 03:30:00,reference_corrected,perfect_model_baseline,5.611211,5.611211,False,complete
2024-09-26 03:45:00,reference_corrected,perfect_model_baseline,5.82646,5.82646,False,complete
2024-09-26 04:00:00,reference_corrected,perfect_model_baseline,5.82646,5.82646,False,complete
2024-09-26 04:15:00,reference_corrected,perfect_model_baseline,5.87755,5.87755,False,complete
2024-09-26 04:30:00,reference_corrected,perfect_model_baseline,5.87755,5.87755,False,complete
2024-09-26 04:45:00,reference_corrected,perfect_model_baseline,5.87755,5.87755,False,complete
2024-09-26 05:00:00,reference_corrected,perfect_model_baseline,5.87755,5.87755,False,complete
2024-09-26 05:15:00,reference_corrected,perfect_model_baseline,5.739449,5.739449,False,complete
2024-09-26 05:30:00,reference_corrected,perfect_model_baseline,5.739449,5.739449,False,complete
2024-09-26 05:45:00,reference_corrected,perfect_model_baseline,6.024198,6.024198,False,complete
2024-09-26 06:00:00,reference_corrected,perfect_model_baseline,6.404033,6.404033,False,complete
2024-09-26 06:15:00,reference_corrected,perfect_model_baseline,6.70371,6.70371,False,complete
2024-09-26 06:30:00,reference_corrected,perfect_model_baseline,6.841779,6.841779,False,complete
2024-09-26 06:45:00,reference_corrected,perfect_model_baseline,7.074077,7.074077,False,complete
2024-09-26 07:00:00,reference_corrected,perfect_model_baseline,7.074077,7.074077,False,complete
2024-09-26 07:15:00,reference_corrected,perfect_model_baseline,7.273978,7.273978,False,complete
2024-09-26 07:30:00,reference_corrected,perfect_model_baseline,7.498033,7.498033,False,complete
2024-09-26 07:45:00,reference_corrected,perfect_model_baseline,7.740234,7.740234,False,complete
2024-09-26 08:00:00,reference_corrected,perfect_model_baseline,7.516081,7.516081,False,complete
2024-09-26 08:15:00,reference_corrected,perfect_model_baseline,7.053419,7.053419,False,complete
2024-09-26 08:30:00,reference_corrected,perfect_model_baseline,7.264547,7.264547,False,complete
2024-09-26 08:45:00,reference_corrected,perfect_model_baseline,7.519378,7.519378,False,complete
2024-09-26 09:00:00,reference_corrected,perfect_model_baseline,7.167394,7.167394,False,complete
2024-09-26 09:15:00,reference_corrected,perfect_model_baseline,7.062294,7.062294,False,complete
2024-09-26 09:30:00,reference_corrected,perfect_model_baseline,7.215144,7.215144,False,complete
2024-09-26 09:45:00,reference_corrected,perfect_model_baseline,7.077506,7.077506,False,complete
2024-09-26 10:00:00,reference_corrected,perfect_model_baseline,7.313213,7.313213,False,complete
2024-09-26 10:15:00,reference_corrected,perfect_model_baseline,7.279179,7.279179,False,complete
2024-09-26 10:30:00,reference_corrected,perfect_model_baseline,7.455103,7.455103,False,complete
2024-09-26 10:45:00,reference_corrected,perfect_model_baseline,6.636974,6.636974,False,complete
2024-09-26 11:00:00,reference_corrected,perfect_model_baseline,7.46014,7.46014,False,complete
2024-09-26 11:15:00,reference_corrected,perfect_model_baseline,8.083162,8.083162,False,complete
2024-09-26 11:30:00,reference_corrected,perfect_model_baseline,8.069519,8.069519,False,complete
2024-09-26 11:45:00,reference_corrected,perfect_model_baseline,8.362985,8.362985,False,complete
2024-09-26 12:00:00,reference_corrected,perfect_model_baseline,8.341927,8.341927,False,complete
2024-09-26 12:15:00,reference_corrected,perfect_model_baseline,8.266295,8.266295,False,complete
2024-09-26 12:30:00,reference_corrected,perfect_model_baseline,8.594744,8.594744,False,complete
2024-09-26 12:45:00,reference_corrected,perfect_model_baseline,8.284438,8.284438,False,complete
2024-09-26 13:00:00,reference_corrected,perfect_model_baseline,8.655603,8.655603,False,complete
2024-09-26 13:15:00,reference_corrected,perfect_model_baseline,8.051427,8.051427,False,complete
2024-09-26 13:30:00,reference_corrected,perfect_model_baseline,7.18327,7.18327,False,complete
2024-09-26 13:45:00,reference_corrected,perfect_model_baseline,6.321434,6.321434,False,complete
2024-09-26 14:00:00,reference_corrected,perfect_model_baseline,5.963858,5.963858,False,complete
2024-09-26 14:15:00,reference_corrected,perfect_model_baseline,7.055324,7.055324,False,complete
2024-09-26 14:30:00,reference_corrected,perfect_model_baseline,7.501667,7.501667,False,complete
2024-09-26 14:45:00,reference_corrected,perfect_model_baseline,6.766789,6.766789,False,complete
2024-09-26 15:00:00,reference_corrected,perfect_model_baseline,7.403086,7.403086,False,complete
2024-09-26 15:15:00,reference_corrected,perfect_model_baseline,7.780951,7.780951,False,complete
2024-09-26 15:30:00,reference_corrected,perfect_model_baseline,8.663186,8.663186,False,complete
2024-09-26 15:45:00,reference_corrected,perfect_model_baseline,8.764117,8.764117,False,complete
2024-09-26 16:00:00,reference_corrected,perfect_model_baseline,9.169884,9.169884,False,complete
2024-09-26 16:15:00,reference_corrected,perfect_model_baseline,8.913513,8.913513,False,complete
2024-09-26 16:30:00,reference_corrected,perfect_model_baseline,9.533185,9.533185,False,complete
2024-09-26 16:45:00,reference_corrected,perfect_model_baseline,10.027297,10.027297,False,complete
2024-09-26 17:00:00,reference_corrected,perfect_model_baseline,10.252335,10.252335,False,complete
2024-09-26 17:15:00,reference_corrected,perfect_model_baseline,10.653223,10.653223,False,complete
2024-09-26 17:30:00,reference_corrected,perfect_model_baseline,11.447923,11.447923,False,complete
2024-09-26 17:45:00,reference_corrected,perfect_model_baseline,11.84669,11.84669,False,complete
2024-09-26 18:00:00,reference_corrected,perfect_model_baseline,12.302781,12.302781,False,complete
2024-09-26 18:15:00,reference_corrected,perfect_model_baseline,12.194345,12.194345,False,complete
2024-09-26 18:30:00,reference_corrected,perfect_model_baseline,12.618467,12.618467,False,complete
2024-09-26 18:45:00,reference_corrected,perfect_model_baseline,12.400014,12.400014,False,complete
2024-09-26 19:00:00,reference_corrected,perfect_model_baseline,12.174036,12.174036,False,complete
2024-09-26 19:15:00,reference_corrected,perfect_model_baseline,12.037666,12.037666,False,complete
2024-09-26 19:30:00,reference_corrected,perfect_model_baseline,11.796272,11.796272,False,complete
2024-09-26 19:45:00,reference_corrected,perfect_model_baseline,11.33087,11.33087,False,complete
2024-09-26 20:00:00,reference_corrected,perfect_model_baseline,11.106617,11.106617,False,complete
2024-09-26 20:15:00,reference_corrected,perfect_model_baseline,10.936683,10.936683,False,complete
2024-09-26 20:30:00,reference_corrected,perfect_model_baseline,10.736332,10.736332,False,complete
2024-09-26 20:45:00,reference_corrected,perfect_model_baseline,10.498144,10.498144,False,complete
2024-09-26 21:00:00,reference_corrected,perfect_model_baseline,10.272515,10.272515,False,complete
2024-09-26 21:15:00,reference_corrected,perfect_model_baseline,10.019393,10.019393,False,complete
2024-09-26 21:30:00,reference_corrected,perfect_model_baseline,9.828558,9.828558,False,complete
2024-09-26 21:45:00,reference_corrected,perfect_model_baseline,9.541432,9.541432,False,complete
2024-09-26 22:00:00,reference_corrected,perfect_model_baseline,9.048972,9.048972,False,complete
2024-09-26 22:15:00,reference_corrected,perfect_model_baseline,9.5042,9.5042,False,complete
2024-09-26 22:30:00,reference_corrected,perfect_model_baseline,9.144668,9.144668,False,complete
2024-09-26 22:45:00,reference_corrected,perfect_model_baseline,8.919039,8.919039,False,complete
2024-09-26 23:00:00,reference_corrected,perfect_model_baseline,8.919039,8.919039,False,complete
2024-09-26 23:15:00,reference_corrected,perfect_model_baseline,9.001078,9.001078,False,complete
2024-09-26 23:30:00,reference_corrected,perfect_model_baseline,8.801482,8.801482,False,complete
2024-09-26 23:45:00,reference_corrected,perfect_model_baseline,8.471574,8.471574,False,complete
2024-09-27 00:00:00,reference_corrected,perfect_model_baseline,8.471574,8.471574,False,complete
2024-09-27 00:15:00,reference_corrected,perfect_model_baseline,8.166516,8.166516,False,complete
2024-09-27 00:30:00,reference_corrected,perfect_model_baseline,8.04459,8.04459,False,complete
2024-09-27 00:45:00,reference_corrected,perfect_model_baseline,7.818367,7.818367,False,complete
2024-09-27 01:00:00,reference_corrected,perfect_model_baseline,8.044684,8.044684,False,complete
2024-09-27 01:15:00,reference_corrected,perfect_model_baseline,7.789897,7.789897,False,complete
2024-09-27 01:30:00,reference_corrected,perfect_model_baseline,7.333725,7.333725,False,complete
2024-09-27 01:45:00,reference_corrected,perfect_model_baseline,6.816784,6.816784,False,complete
2024-09-27 02:00:00,reference_corrected,perfect_model_baseline,6.816784,6.816784,False,complete
2024-09-27 02:15:00,reference_corrected,perfect_model_baseline,6.95835,6.95835,False,complete
2024-09-27 02:30:00,reference_corrected,perfect_model_baseline,6.95835,6.95835,False,complete
2024-09-27 02:45:00,reference_corrected,perfect_model_baseline,6.72578,6.72578,False,complete
2024-09-27 03:00:00,reference_corrected,perfect_model_baseline,6.389995,6.389995,False,complete
2024-09-27 03:15:00,reference_corrected,perfect_model_baseline,6.346374,6.346374,False,complete
2024-09-27 03:30:00,reference_corrected,perfect_model_baseline,6.346374,6.346374,False,complete
2024-09-27 03:45:00,reference_corrected,perfect_model_baseline,6.346374,6.346374,False,complete
2024-09-27 04:00:00,reference_corrected,perfect_model_baseline,6.346374,6.346374,False,complete
2024-09-27 04:15:00,reference_corrected,perfect_model_baseline,6.365296,6.365296,False,complete
2024-09-27 04:30:00,reference_corrected,perfect_model_baseline,6.365296,6.365296,False,complete
2024-09-27 04:45:00,reference_corrected,perfect_model_baseline,6.365296,6.365296,False,complete
2024-09-27 05:00:00,reference_corrected,perfect_model_baseline,6.365296,6.365296,False,complete
2024-09-27 05:15:00,reference_corrected,perfect_model_baseline,6.496156,6.496156,False,complete
2024-09-27 05:30:00,reference_corrected,perfect_model_baseline,6.601832,6.601832,False,complete
2024-09-27 05:45:00,reference_corrected,perfect_model_baseline,6.819668,6.819668,False,complete
2024-09-27 06:00:00,reference_corrected,perfect_model_baseline,6.819668,6.819668,False,complete
2024-09-27 06:15:00,reference_corrected,perfect_model_baseline,6.831759,6.831759,False,complete
2024-09-27 06:30:00,reference_corrected,perfect_model_baseline,6.847594,6.847594,False,complete
2024-09-27 06:45:00,reference_corrected,perfect_model_baseline,6.050374,6.050374,False,complete
2024-09-27 07:00:00,reference_corrected,perfect_model_baseline,6.085079,6.085079,False,complete
2024-09-27 07:15:00,reference_corrected,perfect_model_baseline,6.209725,6.209725,False,complete
2024-09-27 07:30:00,reference_corrected,perfect_model_baseline,6.627086,6.627086,False,complete
2024-09-27 07:45:00,reference_corrected,perfect_model_baseline,3.841139,3.841139,False,complete
2024-09-27 08:00:00,reference_corrected,perfect_model_baseline,4.73851,4.73851,False,complete
2024-09-27 08:15:00,reference_corrected,perfect_model_baseline,2.757848,2.757848,False,complete
2024-09-27 08:30:00,reference_corrected,perfect_model_baseline,2.169953,2.169953,False,complete
2024-09-27 08:45:00,reference_corrected,perfect_model_baseline,3.272464,3.272464,False,complete
2024-09-27 09:00:00,reference_corrected,perfect_model_baseline,3.334024,3.334024,False,complete
2024-09-27 09:15:00,reference_corrected,perfect_model_baseline,3.507666,3.507666,False,complete
2024-09-27 09:30:00,reference_corrected,perfect_model_baseline,2.837195,2.837195,False,complete
2024-09-27 09:45:00,reference_corrected,perfect_model_baseline,3.246916,3.246916,False,complete
2024-09-27 10:00:00,reference_corrected,perfect_model_baseline,2.669795,2.669795,False,complete
2024-09-27 10:15:00,reference_corrected,perfect_model_baseline,2.853429,2.853429,False,complete
2024-09-27 10:30:00,reference_corrected,perfect_model_baseline,2.976934,2.976934,False,complete
2024-09-27 10:45:00,reference_corrected,perfect_model_baseline,2.204342,2.204342,False,complete
2024-09-27 11:00:00,reference_corrected,perfect_model_baseline,1.935918,1.935918,False,complete
2024-09-27 11:15:00,reference_corrected,perfect_model_baseline,4.236267,4.236267,False,complete
2024-09-27 11:30:00,reference_corrected,perfect_model_baseline,3.214807,3.214807,False,complete
2024-09-27 11:45:00,reference_corrected,perfect_model_baseline,2.671536,2.671536,False,complete
2024-09-27 12:00:00,reference_corrected,perfect_model_baseline,2.50519,2.50519,False,complete
2024-09-27 12:15:00,reference_corrected,perfect_model_baseline,5.582839,5.582839,False,complete
2024-09-27 12:30:00,reference_corrected,perfect_model_baseline,3.116416,3.116416,False,complete
2024-09-27 12:45:00,reference_corrected,perfect_model_baseline,1.950507,1.950507,False,complete
2024-09-27 13:00:00,reference_corrected,perfect_model_baseline,2.583491,2.583491,False,complete
2024-09-27 13:15:00,reference_corrected,perfect_model_baseline,2.278551,2.278551,False,complete
2024-09-27 13:30:00,reference_corrected,perfect_model_baseline,2.376469,2.376469,False,complete
2024-09-27 13:45:00,reference_corrected,perfect_model_baseline,2.48193,2.48193,False,complete
2024-09-27 14:00:00,reference_corrected,perfect_model_baseline,3.094483,3.094483,False,complete
2024-09-27 14:15:00,reference_corrected,perfect_model_baseline,2.260198,2.260198,False,complete
2024-09-27 14:30:00,reference_corrected,perfect_model_baseline,3.020356,3.020356,False,complete
2024-09-27 14:45:00,reference_corrected,perfect_model_baseline,3.558955,3.558955,False,complete
2024-09-27 15:00:00,reference_corrected,perfect_model_baseline,3.79493,3.79493,False,complete
2024-09-27 15:15:00,reference_corrected,perfect_model_baseline,4.122748,4.122748,False,complete
2024-09-27 15:30:00,reference_corrected,perfect_model_baseline,4.322241,4.322241,False,complete
2024-09-27 15:45:00,reference_corrected,perfect_model_baseline,4.456959,4.456959,False,complete
2024-09-27 16:00:00,reference_corrected,perfect_model_baseline,5.095023,5.095023,False,complete
2024-09-27 16:15:00,reference_corrected,perfect_model_baseline,4.939011,4.939011,False,complete
2024-09-27 16:30:00,reference_corrected,perfect_model_baseline,6.4012,6.4012,False,complete
2024-09-27 16:45:00,reference_corrected,perfect_model_baseline,7.447639,7.447639,False,complete
2024-09-27 17:00:00,reference_corrected,perfect_model_baseline,8.123755,8.123755,False,complete
2024-09-27 17:15:00,reference_corrected,perfect_model_baseline,8.418288,8.418288,False,complete
2024-09-27 17:30:00,reference_corrected,perfect_model_baseline,9.197606,9.197606,False,complete
2024-09-27 17:45:00,reference_corrected,perfect_model_baseline,9.879386,9.879386,False,complete
2024-09-27 18:00:00,reference_corrected,perfect_model_baseline,10.512738,10.512738,False,complete
2024-09-27 18:15:00,reference_corrected,perfect_model_baseline,10.897559,10.897559,False,complete
2024-09-27 18:30:00,reference_corrected,perfect_model_baseline,11.350754,11.350754,False,complete
2024-09-27 18:45:00,reference_corrected,perfect_model_baseline,11.350754,11.350754,False,complete
2024-09-27 19:00:00,reference_corrected,perfect_model_baseline,11.302992,11.302992,False,complete
2024-09-27 19:15:00,reference_corrected,perfect_model_baseline,11.019821,11.019821,False,complete
2024-09-27 19:30:00,reference_corrected,perfect_model_baseline,10.916042,10.916042,False,complete
2024-09-27 19:45:00,reference_corrected,perfect_model_baseline,10.916042,10.916042,False,complete
2024-09-27 20:00:00,reference_corrected,perfect_model_baseline,10.690944,10.690944,False,complete
2024-09-27 20:15:00,reference_corrected,perfect_model_baseline,10.523656,10.523656,False,complete
2024-09-27 20:30:00,reference_corrected,perfect_model_baseline,10.290345,10.290345,False,complete
2024-09-27 20:45:00,reference_corrected,perfect_model_baseline,10.055748,10.055748,False,complete
2024-09-27 21:00:00,reference_corrected,perfect_model_baseline,10.055748,10.055748,False,complete
2024-09-27 21:15:00,reference_corrected,perfect_model_baseline,9.953057,9.953057,False,complete
2024-09-27 21:30:00,reference_corrected,perfect_model_baseline,9.600013,9.600013,False,complete
2024-09-27 21:45:00,reference_corrected,perfect_model_baseline,9.555171,9.555171,False,complete
2024-09-27 22:00:00,reference_corrected,perfect_model_baseline,9.148658,9.148658,False,complete
2024-09-27 22:15:00,reference_corrected,perfect_model_baseline,9.554414,9.554414,False,complete
2024-09-27 22:30:00,reference_corrected,perfect_model_baseline,9.554414,9.554414,False,complete
2024-09-27 22:45:00,reference_corrected,perfect_model_baseline,9.128716,9.128716,False,complete
2024-09-27 23:00:00,reference_corrected,perfect_model_baseline,8.903481,8.903481,False,complete
2024-09-27 23:15:00,reference_corrected,perfect_model_baseline,9.106066,9.106066,False,complete
2024-09-27 23:30:00,reference_corrected,perfect_model_baseline,8.821565,8.821565,False,complete
2024-09-27 23:45:00,reference_corrected,perfect_model_baseline,8.416188,8.416188,False,complete
2024-09-28 00:00:00,reference_corrected,perfect_model_baseline,8.416188,8.416188,False,complete
2024-09-28 00:15:00,reference_corrected,perfect_model_baseline,8.236911,8.236911,False,complete
2024-09-28 00:30:00,reference_corrected,perfect_model_baseline,8.033995,8.033995,False,complete
2024-09-28 00:45:00,reference_corrected,perfect_model_baseline,8.033995,8.033995,False,complete
2024-09-28 01:00:00,reference_corrected,perfect_model_baseline,8.033995,8.033995,False,complete
2024-09-28 01:15:00,reference_corrected,perfect_model_baseline,7.572244,7.572244,False,complete
2024-09-28 01:30:00,reference_corrected,perfect_model_baseline,7.327166,7.327166,False,complete
2024-09-28 01:45:00,reference_corrected,perfect_model_baseline,6.816784,6.816784,False,complete
2024-09-28 02:00:00,reference_corrected,perfect_model_baseline,6.816784,6.816784,False,complete
2024-09-28 02:15:00,reference_corrected,perfect_model_baseline,6.616551,6.616551,False,complete
2024-09-28 02:30:00,reference_corrected,perfect_model_baseline,6.616551,6.616551,False,complete
2024-09-28 02:45:00,reference_corrected,perfect_model_baseline,6.375963,6.375963,False,complete
2024-09-28 03:00:00,reference_corrected,perfect_model_baseline,6.152498,6.152498,False,complete
2024-09-28 03:15:00,reference_corrected,perfect_model_baseline,6.384535,6.384535,False,complete
2024-09-28 03:30:00,reference_corrected,perfect_model_baseline,6.42751,6.42751,False,complete
2024-09-28 03:45:00,reference_corrected,perfect_model_baseline,6.42751,6.42751,False,complete
2024-09-28 04:00:00,reference_corrected,perfect_model_baseline,6.204045,6.204045,False,complete
2024-09-28 04:15:00,reference_corrected,perfect_model_baseline,5.892984,5.892984,False,complete
2024-09-28 04:30:00,reference_corrected,perfect_model_baseline,5.892984,5.892984,False,complete
2024-09-28 04:45:00,reference_corrected,perfect_model_baseline,5.892984,5.892984,False,complete
2024-09-28 05:00:00,reference_corrected,perfect_model_baseline,5.892984,5.892984,False,complete
2024-09-28 05:15:00,reference_corrected,perfect_model_baseline,6.09391,6.09391,False,complete
2024-09-28 05:30:00,reference_corrected,perfect_model_baseline,6.19732,6.19732,False,complete
2024-09-28 05:45:00,reference_corrected,perfect_model_baseline,6.19732,6.19732,False,complete
2024-09-28 06:00:00,reference_corrected,perfect_model_baseline,6.19732,6.19732,False,complete
2024-09-28 06:15:00,reference_corrected,perfect_model_baseline,6.023635,6.023635,False,complete
2024-09-28 06:30:00,reference_corrected,perfect_model_baseline,5.929132,5.929132,False,complete
2024-09-28 06:45:00,reference_corrected,perfect_model_baseline,5.705667,5.705667,False,complete
2024-09-28 07:00:00,reference_corrected,perfect_model_baseline,5.705667,5.705667,False,complete
2024-09-28 07:15:00,reference_corrected,perfect_model_baseline,5.745116,5.745116,False,complete
2024-09-28 07:30:00,reference_corrected,perfect_model_baseline,4.746841,4.746841,False,complete
2024-09-28 07:45:00,reference_corrected,perfect_model_baseline,6.594538,6.594538,False,complete
2024-09-28 08:00:00,reference_corrected,perfect_model_baseline,6.07486,6.07486,False,complete
2024-09-28 08:15:00,reference_corrected,perfect_model_baseline,2.296532,2.296532,False,complete
2024-09-28 08:30:00,reference_corrected,perfect_model_baseline,2.296532,2.296532,False,complete
2024-09-28 08:45:00,reference_corrected,perfect_model_baseline,5.476926,5.476926,False,complete
2024-09-28 09:00:00,reference_corrected,perfect_model_baseline,3.936206,3.936206,False,complete
2024-09-28 09:15:00,reference_corrected,perfect_model_baseline,1.918531,1.918531,False,complete
2024-09-28 09:30:00,reference_corrected,perfect_model_baseline,2.757763,2.757763,False,complete
2024-09-28 09:45:00,reference_corrected,perfect_model_baseline,1.920557,1.920557,False,complete
2024-09-28 10:00:00,reference_corrected,perfect_model_baseline,2.584805,2.584805,False,complete
2024-09-28 10:15:00,reference_corrected,perfect_model_baseline,2.511192,2.511192,False,complete
2024-09-28 10:30:00,reference_corrected,perfect_model_baseline,3.485972,3.485972,False,complete
2024-09-28 10:45:00,reference_corrected,perfect_model_baseline,4.008236,4.008236,False,complete
2024-09-28 11:00:00,reference_corrected,perfect_model_baseline,4.121363,4.121363,False,complete
2024-09-28 11:15:00,reference_corrected,perfect_model_baseline,1.480739,1.480739,False,complete
2024-09-28 11:30:00,reference_corrected,perfect_model_baseline,3.547994,3.547994,False,complete
2024-09-28 11:45:00,reference_corrected,perfect_model_baseline,1.666683,1.666683,False,complete
2024-09-28 12:00:00,reference_corrected,perfect_model_baseline,3.651065,3.651065,False,complete
2024-09-28 12:15:00,reference_corrected,perfect_model_baseline,2.386907,2.386907,False,complete
2024-09-28 12:30:00,reference_corrected,perfect_model_baseline,2.772442,2.772442,False,complete
2024-09-28 12:45:00,reference_corrected,perfect_model_baseline,2.697678,2.697678,False,complete
2024-09-28 13:00:00,reference_corrected,perfect_model_baseline,5.501539,5.501539,False,complete
2024-09-28 13:15:00,reference_corrected,perfect_model_baseline,4.119562,4.119562,False,complete
2024-09-28 13:30:00,reference_corrected,perfect_model_baseline,2.011089,2.011089,False,complete
2024-09-28 13:45:00,reference_corrected,perfect_model_baseline,1.873439,1.873439,False,complete
2024-09-28 14:00:00,reference_corrected,perfect_model_baseline,3.576658,3.576658,False,complete
2024-09-28 14:15:00,reference_corrected,perfect_model_baseline,3.499718,3.499718,False,complete
2024-09-28 14:30:00,reference_corrected,perfect_model_baseline,3.089577,3.089577,False,complete
2024-09-28 14:45:00,reference_corrected,perfect_model_baseline,2.633714,2.633714,False,complete
2024-09-28 15:00:00,reference_corrected,perfect_model_baseline,3.744818,3.744818,False,complete
2024-09-28 15:15:00,reference_corrected,perfect_model_baseline,4.938024,4.938024,False,complete
2024-09-28 15:30:00,reference_corrected,perfect_model_baseline,4.151595,4.151595,False,complete
2024-09-28 15:45:00,reference_corrected,perfect_model_baseline,4.924085,4.924085,False,complete
2024-09-28 16:00:00,reference_corrected,perfect_model_baseline,3.498837,3.498837,False,complete
2024-09-28 16:15:00,reference_corrected,perfect_model_baseline,2.917866,2.917866,False,complete
2024-09-28 16:30:00,reference_corrected,perfect_model_baseline,5.210471,5.210471,False,complete
2024-09-28 16:45:00,reference_corrected,perfect_model_baseline,7.496439,7.496439,False,complete
2024-09-28 17:00:00,reference_corrected,perfect_model_baseline,8.030428,8.030428,False,complete
2024-09-28 17:15:00,reference_corrected,perfect_model_baseline,8.177835,8.177835,False,complete
2024-09-28 17:30:00,reference_corrected,perfect_model_baseline,8.908394,8.908394,False,complete
2024-09-28 17:45:00,reference_corrected,perfect_model_baseline,9.457358,9.457358,False,complete
2024-09-28 18:00:00,reference_corrected,perfect_model_baseline,9.457358,9.457358,False,complete
2024-09-28 18:15:00,reference_corrected,perfect_model_baseline,9.993515,9.993515,False,complete
2024-09-28 18:30:00,reference_corrected,perfect_model_baseline,10.223155,10.223155,False,complete
2024-09-28 18:45:00,reference_corrected,perfect_model_baseline,10.223155,10.223155,False,complete
2024-09-28 19:00:00,reference_corrected,perfect_model_baseline,10.223155,10.223155,False,complete
2024-09-28 19:15:00,reference_corrected,perfect_model_baseline,9.960075,9.960075,False,complete
2024-09-28 19:30:00,reference_corrected,perfect_model_baseline,9.753072,9.753072,False,complete
2024-09-28 19:45:00,reference_corrected,perfect_model_baseline,9.753072,9.753072,False,complete
2024-09-28 20:00:00,reference_corrected,perfect_model_baseline,9.519999,9.519999,False,complete
2024-09-28 20:15:00,reference_corrected,perfect_model_baseline,9.2062,9.2062,False,complete
2024-09-28 20:30:00,reference_corrected,perfect_model_baseline,9.026104,9.026104,False,complete
2024-09-28 20:45:00,reference_corrected,perfect_model_baseline,9.026104,9.026104,False,complete
2024-09-28 21:00:00,reference_corrected,perfect_model_baseline,9.026104,9.026104,False,complete
2024-09-28 21:15:00,reference_corrected,perfect_model_baseline,8.817962,8.817962,False,complete
2024-09-28 21:30:00,reference_corrected,perfect_model_baseline,8.611841,8.611841,False,complete
2024-09-28 21:45:00,reference_corrected,perfect_model_baseline,8.611841,8.611841,False,complete
2024-09-28 22:00:00,reference_corrected,perfect_model_baseline,8.611841,8.611841,False,complete
2024-09-28 22:15:00,reference_corrected,perfect_model_baseline,8.48638,8.48638,False,complete
2024-09-28 22:30:00,reference_corrected,perfect_model_baseline,8.365732,8.365732,False,complete
2024-09-28 22:45:00,reference_corrected,perfect_model_baseline,8.365732,8.365732,False,complete
2024-09-28 23:00:00,reference_corrected,perfect_model_baseline,8.167616,8.167616,False,complete
2024-09-28 23:15:00,reference_corrected,perfect_model_baseline,8.126741,8.126741,False,complete
2024-09-28 23:30:00,reference_corrected,perfect_model_baseline,7.946486,7.946486,False,complete
2024-09-28 23:45:00,reference_corrected,perfect_model_baseline,7.689096,7.689096,False,complete
2024-09-29 00:00:00,reference_corrected,perfect_model_baseline,7.689096,7.689096,False,complete
2024-09-29 00:15:00,reference_corrected,perfect_model_baseline,7.391571,7.391571,False,complete
2024-09-29 00:30:00,reference_corrected,perfect_model_baseline,7.271082,7.271082,False,complete
2024-09-29 00:45:00,reference_corrected,perfect_model_baseline,7.271082,7.271082,False,complete
2024-09-29 01:00:00,reference_corrected,perfect_model_baseline,7.271082,7.271082,False,complete
2024-09-29 01:15:00,reference_corrected,perfect_model_baseline,7.013433,7.013433,False,complete
2024-09-29 01:30:00,reference_corrected,perfect_model_baseline,6.592313,6.592313,False,complete
2024-09-29 01:45:00,reference_corrected,perfect_model_baseline,6.368553,6.368553,False,complete
2024-09-29 02:00:00,reference_corrected,perfect_model_baseline,6.368553,6.368553,False,complete
2024-09-29 02:15:00,reference_corrected,perfect_model_baseline,6.241396,6.241396,False,complete
2024-09-29 02:30:00,reference_corrected,perfect_model_baseline,6.129171,6.129171,False,complete
2024-09-29 02:45:00,reference_corrected,perfect_model_baseline,5.939252,5.939252,False,complete
2024-09-29 03:00:00,reference_corrected,perfect_model_baseline,5.939252,5.939252,False,complete
2024-09-29 03:15:00,reference_corrected,perfect_model_baseline,5.767864,5.767864,False,complete
2024-09-29 03:30:00,reference_corrected,perfect_model_baseline,5.767864,5.767864,False,complete
2024-09-29 03:45:00,reference_corrected,perfect_model_baseline,5.767864,5.767864,False,complete
2024-09-29 04:00:00,reference_corrected,perfect_model_baseline,5.767864,5.767864,False,complete
2024-09-29 04:15:00,reference_corrected,perfect_model_baseline,5.767864,5.767864,False,complete
2024-09-29 04:30:00,reference_corrected,perfect_model_baseline,5.671641,5.671641,False,complete
2024-09-29 04:45:00,reference_corrected,perfect_model_baseline,5.671641,5.671641,False,complete
2024-09-29 05:00:00,reference_corrected,perfect_model_baseline,5.671641,5.671641,False,complete
2024-09-29 05:15:00,reference_corrected,perfect_model_baseline,5.675292,5.675292,False,complete
2024-09-29 05:30:00,reference_corrected,perfect_model_baseline,5.675292,5.675292,False,complete
2024-09-29 05:45:00,reference_corrected,perfect_model_baseline,5.675292,5.675292,False,complete
2024-09-29 06:00:00,reference_corrected,perfect_model_baseline,5.675292,5.675292,False,complete
2024-09-29 06:15:00,reference_corrected,perfect_model_baseline,5.469925,5.469925,False,complete
2024-09-29 06:30:00,reference_corrected,perfect_model_baseline,5.469925,5.469925,False,complete
2024-09-29 06:45:00,reference_corrected,perfect_model_baseline,5.25458,5.25458,False,complete
2024-09-29 07:00:00,reference_corrected,perfect_model_baseline,4.706972,4.706972,False,complete
2024-09-29 07:15:00,reference_corrected,perfect_model_baseline,4.929966,4.929966,False,complete
2024-09-29 07:30:00,reference_corrected,perfect_model_baseline,5.5914,5.5914,False,complete
2024-09-29 07:45:00,reference_corrected,perfect_model_baseline,5.504791,5.504791,False,complete
2024-09-29 08:00:00,reference_corrected,perfect_model_baseline,4.081329,4.081329,False,complete
2024-09-29 08:15:00,reference_corrected,perfect_model_baseline,5.830674,5.830674,False,complete
2024-09-29 08:30:00,reference_corrected,perfect_model_baseline,5.922741,5.922741,False,complete
2024-09-29 08:45:00,reference_corrected,perfect_model_baseline,4.87018,4.87018,False,complete
2024-09-29 09:00:00,reference_corrected,perfect_model_baseline,1.859933,1.859933,False,complete
2024-09-29 09:15:00,reference_corrected,perfect_model_baseline,3.514771,3.514771,False,complete
2024-09-29 09:30:00,reference_corrected,perfect_model_baseline,6.255557,6.255557,False,complete
2024-09-29 09:45:00,reference_corrected,perfect_model_baseline,2.420698,2.420698,False,complete
2024-09-29 10:00:00,reference_corrected,perfect_model_baseline,4.144349,4.144349,False,complete
2024-09-29 10:15:00,reference_corrected,perfect_model_baseline,3.029209,3.029209,False,complete
2024-09-29 10:30:00,reference_corrected,perfect_model_baseline,1.933301,1.933301,False,complete
2024-09-29 10:45:00,reference_corrected,perfect_model_baseline,2.387394,2.387394,False,complete
2024-09-29 11:00:00,reference_corrected,perfect_model_baseline,3.799093,3.799093,False,complete
2024-09-29 11:15:00,reference_corrected,perfect_model_baseline,2.317319,2.317319,False,complete
2024-09-29 11:30:00,reference_corrected,perfect_model_baseline,2.672672,2.672672,False,complete
2024-09-29 11:45:00,reference_corrected,perfect_model_baseline,3.23172,3.23172,False,complete
2024-09-29 12:00:00,reference_corrected,perfect_model_baseline,3.235169,3.235169,False,complete
2024-09-29 12:15:00,reference_corrected,perfect_model_baseline,3.445348,3.445348,False,complete
2024-09-29 12:30:00,reference_corrected,perfect_model_baseline,3.149287,3.149287,False,complete
2024-09-29 12:45:00,reference_corrected,perfect_model_baseline,2.335091,2.335091,False,complete
2024-09-29 13:00:00,reference_corrected,perfect_model_baseline,1.984729,1.984729,False,complete
2024-09-29 13:15:00,reference_corrected,perfect_model_baseline,1.934935,1.934935,False,complete
2024-09-29 13:30:00,reference_corrected,perfect_model_baseline,4.098381,4.098381,False,complete
2024-09-29 13:45:00,reference_corrected,perfect_model_baseline,3.45661,3.45661,False,complete
2024-09-29 14:00:00,reference_corrected,perfect_model_baseline,5.485788,5.485788,False,complete
2024-09-29 14:15:00,reference_corrected,perfect_model_baseline,4.498162,4.498162,False,complete
2024-09-29 14:30:00,reference_corrected,perfect_model_baseline,5.712925,5.712925,False,complete
2024-09-29 14:45:00,reference_corrected,perfect_model_baseline,6.510514,6.510514,False,complete
2024-09-29 15:00:00,reference_corrected,perfect_model_baseline,5.439777,5.439777,False,complete
2024-09-29 15:15:00,reference_corrected,perfect_model_baseline,4.295758,4.295758,False,complete
2024-09-29 15:30:00,reference_corrected,perfect_model_baseline,6.056924,6.056924,False,complete
2024-09-29 15:45:00,reference_corrected,perfect_model_baseline,6.293606,6.293606,False,complete
2024-09-29 16:00:00,reference_corrected,perfect_model_baseline,6.353171,6.353171,False,complete
2024-09-29 16:15:00,reference_corrected,perfect_model_baseline,6.401396,6.401396,False,complete
2024-09-29 16:30:00,reference_corrected,perfect_model_baseline,6.823581,6.823581,False,complete
2024-09-29 16:45:00,reference_corrected,perfect_model_baseline,7.888126,7.888126,False,complete
2024-09-29 17:00:00,reference_corrected,perfect_model_baseline,8.281865,8.281865,False,complete
2024-09-29 17:15:00,reference_corrected,perfect_model_baseline,8.613673,8.613673,False,complete
2024-09-29 17:30:00,reference_corrected,perfect_model_baseline,9.414592,9.414592,False,complete
2024-09-29 17:45:00,reference_corrected,perfect_model_baseline,9.990275,9.990275,False,complete
2024-09-29 18:00:00,reference_corrected,perfect_model_baseline,9.990275,9.990275,False,complete
2024-09-29 18:15:00,reference_corrected,perfect_model_baseline,10.402283,10.402283,False,complete
2024-09-29 18:30:00,reference_corrected,perfect_model_baseline,10.402283,10.402283,False,complete
2024-09-29 18:45:00,reference_corrected,perfect_model_baseline,10.402283,10.402283,False,complete
2024-09-29 19:00:00,reference_corrected,perfect_model_baseline,10.18351,10.18351,False,complete
2024-09-29 19:15:00,reference_corrected,perfect_model_baseline,10.092427,10.092427,False,complete
2024-09-29 19:30:00,reference_corrected,perfect_model_baseline,10.092427,10.092427,False,complete
2024-09-29 19:45:00,reference_corrected,perfect_model_baseline,9.532532,9.532532,False,complete
2024-09-29 20:00:00,reference_corrected,perfect_model_baseline,9.356497,9.356497,False,complete
2024-09-29 20:15:00,reference_corrected,perfect_model_baseline,9.174232,9.174232,False,complete
2024-09-29 20:30:00,reference_corrected,perfect_model_baseline,9.174232,9.174232,False,complete
2024-09-29 20:45:00,reference_corrected,perfect_model_baseline,8.888483,8.888483,False,complete
2024-09-29 21:00:00,reference_corrected,perfect_model_baseline,8.657238,8.657238,False,complete
2024-09-29 21:15:00,reference_corrected,perfect_model_baseline,8.439647,8.439647,False,complete
2024-09-29 21:30:00,reference_corrected,perfect_model_baseline,8.189132,8.189132,False,complete
2024-09-29 21:45:00,reference_corrected,perfect_model_baseline,8.189132,8.189132,False,complete
2024-09-29 22:00:00,reference_corrected,perfect_model_baseline,8.189132,8.189132,False,complete
2024-09-29 22:15:00,reference_corrected,perfect_model_baseline,8.172971,8.172971,False,complete
2024-09-29 22:30:00,reference_corrected,perfect_model_baseline,8.172971,8.172971,False,complete
2024-09-29 22:45:00,reference_corrected,perfect_model_baseline,7.983303,7.983303,False,complete
2024-09-29 23:00:00,reference_corrected,perfect_model_baseline,7.724665,7.724665,False,complete
2024-09-29 23:15:00,reference_corrected,perfect_model_baseline,7.835024,7.835024,False,complete
2024-09-29 23:30:00,reference_corrected,perfect_model_baseline,7.835024,7.835024,False,complete
2024-09-29 23:45:00,reference_corrected,perfect_model_baseline,7.274783,7.274783,False,complete
2024-09-30 00:00:00,reference_corrected,perfect_model_baseline,7.249241,7.249241,False,complete
2024-09-30 00:15:00,reference_corrected,perfect_model_baseline,7.377117,7.377117,False,complete
2024-09-30 00:30:00,reference_corrected,perfect_model_baseline,7.377117,7.377117,False,complete
2024-09-30 00:45:00,reference_corrected,perfect_model_baseline,7.176546,7.176546,False,complete
2024-09-30 01:00:00,reference_corrected,perfect_model_baseline,7.176546,7.176546,False,complete
2024-09-30 01:15:00,reference_corrected,perfect_model_baseline,6.833666,6.833666,False,complete
2024-09-30 01:30:00,reference_corrected,perfect_model_baseline,6.388149,6.388149,False,complete
2024-09-30 01:45:00,reference_corrected,perfect_model_baseline,6.355972,6.355972,False,complete
2024-09-30 02:00:00,reference_corrected,perfect_model_baseline,6.355972,6.355972,False,complete
2024-09-30 02:15:00,reference_corrected,perfect_model_baseline,5.916375,5.916375,False,complete
2024-09-30 02:30:00,reference_corrected,perfect_model_baseline,5.677098,5.677098,False,complete
2024-09-30 02:45:00,reference_corrected,perfect_model_baseline,5.677098,5.677098,False,complete
2024-09-30 03:00:00,reference_corrected,perfect_model_baseline,5.677098,5.677098,False,complete
2024-09-30 03:15:00,reference_corrected,perfect_model_baseline,5.698524,5.698524,False,complete
2024-09-30 03:30:00,reference_corrected,perfect_model_baseline,5.698524,5.698524,False,complete
2024-09-30 03:45:00,reference_corrected,perfect_model_baseline,5.698524,5.698524,False,complete
2024-09-30 04:00:00,reference_corrected,perfect_model_baseline,5.698524,5.698524,False,complete
2024-09-30 04:15:00,reference_corrected,perfect_model_baseline,5.555913,5.555913,False,complete
2024-09-30 04:30:00,reference_corrected,perfect_model_baseline,5.607228,5.607228,False,complete
2024-09-30 04:45:00,reference_corrected,perfect_model_baseline,5.607228,5.607228,False,complete
2024-09-30 05:00:00,reference_corrected,perfect_model_baseline,5.832955,5.832955,False,complete
2024-09-30 05:15:00,reference_corrected,perfect_model_baseline,6.145239,6.145239,False,complete
2024-09-30 05:30:00,reference_corrected,perfect_model_baseline,6.145239,6.145239,False,complete
2024-09-30 05:45:00,reference_corrected,perfect_model_baseline,6.145239,6.145239,False,complete
2024-09-30 06:00:00,reference_corrected,perfect_model_baseline,6.327608,6.327608,False,complete
2024-09-30 06:15:00,reference_corrected,perfect_model_baseline,6.568006,6.568006,False,complete
2024-09-30 06:30:00,reference_corrected,perfect_model_baseline,6.756094,6.756094,False,complete
2024-09-30 06:45:00,reference_corrected,perfect_model_baseline,6.756094,6.756094,False,complete
2024-09-30 07:00:00,reference_corrected,perfect_model_baseline,6.32518,6.32518,False,complete
2024-09-30 07:15:00,reference_corrected,perfect_model_baseline,6.194439,6.194439,False,complete
2024-09-30 07:30:00,reference_corrected,perfect_model_baseline,5.901531,5.901531,False,complete
2024-09-30 07:45:00,reference_corrected,perfect_model_baseline,5.159443,5.159443,False,complete
2024-09-30 08:00:00,reference_corrected,perfect_model_baseline,5.284565,5.284565,False,complete
2024-09-30 08:15:00,reference_corrected,perfect_model_baseline,3.66899,3.66899,False,complete
2024-09-30 08:30:00,reference_corrected,perfect_model_baseline,2.582023,2.582023,False,complete
2024-09-30 08:45:00,reference_corrected,perfect_model_baseline,3.132251,3.132251,False,complete
2024-09-30 09:00:00,reference_corrected,perfect_model_baseline,4.85936,4.85936,False,complete
2024-09-30 09:15:00,reference_corrected,perfect_model_baseline,3.416198,3.416198,False,complete
2024-09-30 09:30:00,reference_corrected,perfect_model_baseline,4.557761,4.557761,False,complete
2024-09-30 09:45:00,reference_corrected,perfect_model_baseline,2.469335,2.469335,False,complete
2024-09-30 10:00:00,reference_corrected,perfect_model_baseline,4.281586,4.281586,False,complete
2024-09-30 10:15:00,reference_corrected,perfect_model_baseline,4.588939,4.588939,False,complete
2024-09-30 10:30:00,reference_corrected,perfect_model_baseline,2.786135,2.786135,False,complete
2024-09-30 10:45:00,reference_corrected,perfect_model_baseline,2.203743,2.203743,False,complete
2024-09-30 11:00:00,reference_corrected,perfect_model_baseline,3.09733,3.09733,False,complete
2024-09-30 11:15:00,reference_corrected,perfect_model_baseline,2.237374,2.237374,False,complete
2024-09-30 11:30:00,reference_corrected,perfect_model_baseline,2.99687,2.99687,False,complete
2024-09-30 11:45:00,reference_corrected,perfect_model_baseline,2.287579,2.287579,False,complete
2024-09-30 12:00:00,reference_corrected,perfect_model_baseline,2.097089,2.097089,False,complete
2024-09-30 12:15:00,reference_corrected,perfect_model_baseline,2.623801,2.623801,False,complete
2024-09-30 12:30:00,reference_corrected,perfect_model_baseline,6.511866,6.511866,False,complete
2024-09-30 12:45:00,reference_corrected,perfect_model_baseline,3.437506,3.437506,False,complete
2024-09-30 13:00:00,reference_corrected,perfect_model_baseline,2.123237,2.123237,False,complete
2024-09-30 13:15:00,reference_corrected,perfect_model_baseline,4.923136,4.923136,False,complete
2024-09-30 13:30:00,reference_corrected,perfect_model_baseline,3.557742,3.557742,False,complete
2024-09-30 13:45:00,reference_corrected,perfect_model_baseline,3.17781,3.17781,False,complete
2024-09-30 14:00:00,reference_corrected,perfect_model_baseline,2.801415,2.801415,False,complete
2024-09-30 14:15:00,reference_corrected,perfect_model_baseline,3.198132,3.198132,False,complete
2024-09-30 14:30:00,reference_corrected,perfect_model_baseline,2.779272,2.779272,False,complete
2024-09-30 14:45:00,reference_corrected,perfect_model_baseline,2.174797,2.174797,False,complete
2024-09-30 15:00:00,reference_corrected,perfect_model_baseline,2.177198,2.177198,False,complete
2024-09-30 15:15:00,reference_corrected,perfect_model_baseline,2.042673,2.042673,False,complete
2024-09-30 15:30:00,reference_corrected,perfect_model_baseline,2.178807,2.178807,False,complete
2024-09-30 15:45:00,reference_corrected,perfect_model_baseline,2.355797,2.355797,False,complete
2024-09-30 16:00:00,reference_corrected,perfect_model_baseline,4.13272,4.13272,False,complete
2024-09-30 16:15:00,reference_corrected,perfect_model_baseline,3.906629,3.906629,False,complete
2024-09-30 16:30:00,reference_corrected,perfect_model_baseline,6.04644,6.04644,False,complete
2024-09-30 16:45:00,reference_corrected,perfect_model_baseline,6.137624,6.137624,False,complete
2024-09-30 17:00:00,reference_corrected,perfect_model_baseline,7.637628,7.637628,False,complete
2024-09-30 17:15:00,reference_corrected,perfect_model_baseline,8.139658,8.139658,False,complete
2024-09-30 17:30:00,reference_corrected,perfect_model_baseline,8.828132,8.828132,False,complete
2024-09-30 17:45:00,reference_corrected,perfect_model_baseline,9.552136,9.552136,False,complete
2024-09-30 18:00:00,reference_corrected,perfect_model_baseline,10.173052,10.173052,False,complete
2024-09-30 18:15:00,reference_corrected,perfect_model_baseline,10.548728,10.548728,False,complete
2024-09-30 18:30:00,reference_corrected,perfect_model_baseline,10.548728,10.548728,False,complete
2024-09-30 18:45:00,reference_corrected,perfect_model_baseline,10.724346,10.724346,False,complete
2024-09-30 19:00:00,reference_corrected,perfect_model_baseline,10.498619,10.498619,False,complete
2024-09-30 19:15:00,reference_corrected,perfect_model_baseline,10.037317,10.037317,False,complete
2024-09-30 19:30:00,reference_corrected,perfect_model_baseline,10.037317,10.037317,False,complete
2024-09-30 19:45:00,reference_corrected,perfect_model_baseline,10.037317,10.037317,False,complete
2024-09-30 20:00:00,reference_corrected,perfect_model_baseline,9.807588,9.807588,False,complete
2024-09-30 20:15:00,reference_corrected,perfect_model_baseline,9.678557,9.678557,False,complete
2024-09-30 20:30:00,reference_corrected,perfect_model_baseline,9.38235,9.38235,False,complete
2024-09-30 20:45:00,reference_corrected,perfect_model_baseline,9.38235,9.38235,False,complete
2024-09-30 21:00:00,reference_corrected,perfect_model_baseline,9.143741,9.143741,False,complete
2024-09-30 21:15:00,reference_corrected,perfect_model_baseline,9.059639,9.059639,False,complete
2024-09-30 21:30:00,reference_corrected,perfect_model_baseline,8.658927,8.658927,False,complete
2024-09-30 21:45:00,reference_corrected,perfect_model_baseline,8.658927,8.658927,False,complete
2024-09-30 22:00:00,reference_corrected,perfect_model_baseline,8.405284,8.405284,False,complete
2024-09-30 22:15:00,reference_corrected,perfect_model_baseline,8.457618,8.457618,False,complete
2024-09-30 22:30:00,reference_corrected,perfect_model_baseline,8.457618,8.457618,False,complete
2024-09-30 22:45:00,reference_corrected,perfect_model_baseline,8.24288,8.24288,False,complete
2024-09-30 23:00:00,reference_corrected,perfect_model_baseline,8.139649,8.139649,False,complete
2024-09-30 23:15:00,reference_corrected,perfect_model_baseline,8.317368,8.317368,False,complete
2024-09-30 23:30:00,reference_corrected,perfect_model_baseline,8.317368,8.317368,False,complete
2024-09-30 23:45:00,reference_corrected,perfect_model_baseline,8.317368,8.317368,False,complete
