direction,level,design,k,draw,n_days,n_rpf,energy_iou,energy_precision,day_precision,sure_day_recall,fp,fn,rate_uncertain,single_class_stations
alpha->beta,k0_source_pair,-,0,0,2305,470,0.8696971148975952,0.8813024882731093,0.6843657817109144,0.9872340425531915,214,6,0.02776572668112798,
alpha->beta,all_labels_intercept,-,-1,0,2305,470,0.8936958776993115,0.9375419556052199,0.9463087248322147,0.9,24,47,0.030802603036876357,
alpha->beta,R0_within_cohort,-,-1,0,2305,470,0.8945449477456121,0.940667717682573,0.9524886877828054,0.8957446808510638,21,49,0.04295010845986985,
alpha->beta,population,random,9,0,2305,470,0.8803825643390281,0.903291328302736,0.8171846435100548,0.951063829787234,100,23,0.026030368763557483,2.0
alpha->beta,population,random,9,1,2305,470,0.753552330773102,0.9434855582309132,0.8492822966507177,0.7553191489361702,63,115,0.15357917570498916,0.0
alpha->beta,population,random,9,2,2305,470,0.8775005505390071,0.9204273353922755,0.7845601436265709,0.9297872340425531,120,33,0.13449023861171366,1.0
alpha->beta,population,random,9,3,2305,470,0.8741659126819142,0.9067995601966038,0.8858350951374208,0.8914893617021277,54,51,0.1002169197396963,0.0
alpha->beta,population,random,9,4,2305,470,0.8743149008564136,0.9074634769247648,0.7398230088495575,0.8893617021276595,147,52,0.2806941431670282,1.0
alpha->beta,population,random,9,5,2305,470,0.8864691900473866,0.9188398860999435,0.8275862068965517,0.9191489361702128,90,38,0.029934924078091105,1.0
alpha->beta,population,random,9,6,2305,470,0.8918324801312822,0.9390142765573267,0.8648111332007953,0.925531914893617,68,35,0.039045553145336226,0.0
alpha->beta,population,random,9,7,2305,470,0.8938307542605852,0.932924534665659,0.8298676748582231,0.9340425531914893,90,31,0.039045553145336226,1.0
alpha->beta,population,random,9,8,2305,470,0.8443516901746776,0.9203811167434127,0.7942857142857143,0.8872340425531915,108,53,0.14490238611713666,1.0
alpha->beta,population,random,9,9,2305,470,0.7895429073544276,0.905203837963654,0.8101010101010101,0.8531914893617021,94,69,0.040347071583514096,1.0
alpha->beta,population,random,9,10,2305,470,0.9026880654289056,0.9388798159754693,0.8681541582150102,0.9106382978723404,65,42,0.03297180043383948,2.0
alpha->beta,population,random,9,11,2305,470,0.8601179375960294,0.8985109164349775,0.7696335078534031,0.9382978723404255,132,29,0.05553145336225596,1.0
alpha->beta,population,random,9,12,2305,470,0.8824424238173599,0.9255004900178188,0.786618444846293,0.925531914893617,118,35,0.039045553145336226,2.0
alpha->beta,population,random,9,13,2305,470,0.8862318708697415,0.914278980240296,0.8732673267326733,0.9382978723404255,64,29,0.03557483731019523,0.0
alpha->beta,population,random,9,14,2305,470,0.888084377619088,0.9190177714927741,0.8007246376811594,0.9404255319148936,110,28,0.030802603036876357,0.0
alpha->beta,population,random,9,15,2305,470,0.863931819517185,0.8865496793096933,0.7067082683307332,0.9638297872340426,188,17,0.203470715835141,1.0
alpha->beta,population,random,9,16,2305,470,0.8839390100270306,0.9010876587809286,0.8767395626242545,0.9382978723404255,62,29,0.07158351409978309,1.0
alpha->beta,population,random,9,17,2305,470,0.8721264172586023,0.9047555925051778,0.7617391304347826,0.9319148936170213,137,32,0.31713665943600866,0.0
alpha->beta,population,random,9,18,2305,470,0.8792401671839951,0.9170070874364311,0.8724279835390947,0.902127659574468,62,46,0.025162689804772233,1.0
alpha->beta,population,random,9,19,2305,470,0.8732995163163148,0.8938418944128123,0.7711864406779662,0.9680851063829787,135,15,0.050759219088937095,2.0
alpha->beta,population,random,18,0,2305,470,0.8752959276783246,0.9019301165438101,0.8203703703703704,0.9425531914893617,97,27,0.05553145336225596,0.0
alpha->beta,population,random,18,1,2305,470,0.869074961107379,0.9477210118290117,0.8798283261802575,0.8723404255319149,56,60,0.1492407809110629,0.0
alpha->beta,population,random,18,2,2305,470,0.8892867425115455,0.9280819614606495,0.9267241379310345,0.9148936170212766,34,40,0.030802603036876357,0.0
alpha->beta,population,random,18,3,2305,470,0.8743826105967931,0.9175400895690486,0.8045112781954887,0.9106382978723404,104,42,0.13058568329718004,0.0
alpha->beta,population,random,18,4,2305,470,0.8953749710036756,0.9195757519601723,0.9,0.9191489361702128,48,38,0.17483731019522777,0.0
alpha->beta,population,random,18,5,2305,470,0.8785838981228612,0.9111361636366785,0.8969072164948454,0.925531914893617,50,35,0.027331887201735357,0.0
alpha->beta,population,random,18,6,2305,470,0.8821356913845356,0.925045665128668,0.9025974025974026,0.8872340425531915,45,53,0.0386117136659436,0.0
alpha->beta,population,random,18,7,2305,470,0.8915729720060481,0.911913248557543,0.8631984585741811,0.9531914893617022,71,22,0.028199566160520606,0.0
alpha->beta,population,random,18,8,2305,470,0.8980798627350803,0.939294510077654,0.9058577405857741,0.9212765957446809,45,37,0.02776572668112798,0.0
alpha->beta,population,random,18,9,2305,470,0.8739925735900292,0.9141284899424483,0.8585657370517928,0.9170212765957447,71,39,0.02776572668112798,0.0
alpha->beta,population,random,18,10,2305,470,0.7915802809613386,0.9020885568461725,0.8297872340425532,0.7468085106382979,72,119,0.12537960954446856,0.0
alpha->beta,population,random,18,11,2305,470,0.8672891018513148,0.9489234041018381,0.9194630872483222,0.874468085106383,36,59,0.039913232104121475,0.0
alpha->beta,population,random,18,12,2305,470,0.8364390196372818,0.9111837254998489,0.8739316239316239,0.8702127659574468,59,61,0.03600867678958785,0.0
alpha->beta,population,random,18,13,2305,470,0.8507100133370656,0.9433731114048513,0.8857758620689655,0.874468085106383,53,59,0.0334056399132321,0.0
alpha->beta,population,random,18,14,2305,470,0.8741963781721566,0.9178350532179316,0.8064516129032258,0.9042553191489362,102,45,0.0351409978308026,0.0
alpha->beta,population,random,18,15,2305,470,0.8587876691896494,0.9260171758406617,0.910913140311804,0.8702127659574468,40,61,0.03774403470715835,0.0
alpha->beta,population,random,18,16,2305,470,0.888344051786169,0.9221705675787533,0.8868686868686869,0.9340425531914893,56,31,0.031236442516268982,0.0
alpha->beta,population,random,18,17,2305,470,0.8560250265782365,0.9209009190301449,0.775,0.9234042553191489,126,36,0.1002169197396963,0.0
alpha->beta,population,random,18,18,2305,470,0.5870520377201676,0.9257022552624414,0.9120879120879121,0.7063829787234043,32,138,0.04859002169197397,0.0
alpha->beta,population,random,18,19,2305,470,0.886118296997433,0.9213408852577668,0.9163090128755365,0.9085106382978724,39,43,0.03036876355748373,0.0
alpha->beta,population,random,27,0,2305,470,0.8877923054623496,0.9352423897956474,0.8936170212765957,0.8936170212765957,50,50,0.03297180043383948,0.0
alpha->beta,population,random,27,1,2305,470,0.8352995290211214,0.9238998658328077,0.8891304347826087,0.8702127659574468,51,61,0.03600867678958785,0.0
alpha->beta,population,random,27,2,2305,470,0.8773097697443749,0.9176434190455891,0.833984375,0.9085106382978724,85,43,0.05553145336225596,0.0
alpha->beta,population,random,27,3,2305,470,0.8860183325594329,0.9232759245762531,0.8548707753479126,0.9148936170212766,73,40,0.040347071583514096,0.0
alpha->beta,population,random,27,4,2305,470,0.893922240346503,0.9293369232213586,0.87374749498998,0.9276595744680851,63,34,0.026030368763557483,1.0
alpha->beta,population,random,27,5,2305,470,0.9011645691724692,0.9349357817095094,0.9337899543378996,0.8702127659574468,29,61,0.18308026030368763,0.0
alpha->beta,population,random,27,6,2305,470,0.8977601049534513,0.9241088739663813,0.9337748344370861,0.9,30,47,0.031236442516268982,0.0
alpha->beta,population,random,27,7,2305,470,0.8816000931610336,0.9198369486882534,0.8991228070175439,0.8723404255319149,46,60,0.03774403470715835,0.0
alpha->beta,population,random,27,8,2305,470,0.7948817612977301,0.9563752412108315,0.9226932668329177,0.7872340425531915,31,100,0.041648590021691974,0.0
alpha->beta,population,random,27,9,2305,470,0.8482983527779869,0.917309045281603,0.9006479481641468,0.8872340425531915,46,53,0.0334056399132321,0.0
alpha->beta,population,random,27,10,2305,470,0.8819948071846666,0.9296145992496047,0.8762677484787018,0.9191489361702128,61,38,0.03036876355748373,0.0
alpha->beta,population,random,27,11,2305,470,0.8984074848325797,0.9211043666052979,0.8953722334004024,0.9468085106382979,52,25,0.17310195227765726,0.0
alpha->beta,population,random,27,12,2305,470,0.8565730100320059,0.9407631825287069,0.9309462915601023,0.774468085106383,27,106,0.04251626898047722,0.0
alpha->beta,population,random,27,13,2305,470,0.8340048724889304,0.9077383903210342,0.7355516637478109,0.8936170212765957,151,50,0.24859002169197397,0.0
alpha->beta,population,random,27,14,2305,470,0.8697829612339525,0.9312128345011697,0.9356435643564357,0.8042553191489362,26,92,0.039913232104121475,0.0
alpha->beta,population,random,27,15,2305,470,0.8957853974291475,0.9501327641528089,0.954233409610984,0.8872340425531915,20,53,0.02776572668112798,0.0
alpha->beta,population,random,27,16,2305,470,0.7957428902030982,0.9083389676126749,0.8832951945080092,0.8212765957446808,51,84,0.0368763557483731,0.0
alpha->beta,population,random,27,17,2305,470,0.892328511591174,0.9170582099951133,0.9002079002079002,0.9212765957446809,48,37,0.030802603036876357,0.0
alpha->beta,population,random,27,18,2305,470,0.9003357822349004,0.9241415635290631,0.8708414872798435,0.9468085106382979,66,25,0.07418655097613883,0.0
alpha->beta,population,random,27,19,2305,470,0.8947483591534605,0.9443982963918885,0.8978723404255319,0.8978723404255319,48,48,0.06290672451193059,0.0
alpha->beta,population,random,54,0,2305,470,0.8655983903621707,0.9221492865953229,0.9056179775280899,0.8574468085106383,42,67,0.03644251626898048,0.0
alpha->beta,population,random,54,1,2305,470,0.8949533888999731,0.9465564451737175,0.9478458049886621,0.8893617021276595,23,52,0.0351409978308026,0.0
alpha->beta,population,random,54,2,2305,470,0.8744177422190911,0.9223680131845504,0.8874734607218684,0.8893617021276595,53,52,0.0334056399132321,0.0
alpha->beta,population,random,54,3,2305,470,0.8303151582326621,0.9169460686599235,0.8668076109936576,0.8723404255319149,63,60,0.03557483731019523,0.0
alpha->beta,population,random,54,4,2305,470,0.8509691019892874,0.9142193573189722,0.9017467248908297,0.8787234042553191,45,57,0.0316702819956616,0.0
alpha->beta,population,random,54,5,2305,470,0.8802841112440577,0.9299501234226799,0.9279279279279279,0.8765957446808511,32,58,0.03731019522776573,0.0
alpha->beta,population,random,54,6,2305,470,0.8905124803237027,0.9420808727910005,0.9569377990430622,0.851063829787234,18,70,0.0386117136659436,0.0
alpha->beta,population,random,54,7,2305,470,0.8990874259706177,0.9411829952447873,0.924892703862661,0.9170212765957447,35,39,0.03297180043383948,0.0
alpha->beta,population,random,54,8,2305,470,0.9032477022860944,0.9297041150393806,0.868421052631579,0.9127659574468086,65,41,0.2195227765726681,0.0
alpha->beta,population,random,54,9,2305,470,0.8917434537828584,0.9384719780907533,0.925764192139738,0.902127659574468,34,46,0.0334056399132321,0.0
alpha->beta,population,random,54,10,2305,470,0.8915089004970659,0.9368441071940685,0.933184855233853,0.8914893617021277,30,51,0.027331887201735357,0.0
alpha->beta,population,random,54,11,2305,470,0.8831013860593084,0.9325433630258356,0.9166666666666666,0.8659574468085106,37,63,0.03600867678958785,0.0
alpha->beta,population,random,54,12,2305,470,0.8878208934851931,0.9339508133510254,0.915948275862069,0.9042553191489362,39,45,0.03600867678958785,0.0
alpha->beta,population,random,54,13,2305,470,0.8979919495622474,0.9327926067509944,0.9207708779443254,0.9148936170212766,37,40,0.03253796095444685,0.0
alpha->beta,population,random,54,14,2305,470,0.8944018935987239,0.9476140349689509,0.9583333333333334,0.8808510638297873,18,56,0.02776572668112798,0.0
alpha->beta,population,random,54,15,2305,470,0.8732492326866226,0.9329987907577446,0.9467592592592593,0.8702127659574468,23,61,0.03557483731019523,0.0
alpha->beta,population,random,54,16,2305,470,0.8876530064237114,0.9478025875564174,0.9386363636363636,0.8787234042553191,27,57,0.03253796095444685,0.0
alpha->beta,population,random,54,17,2305,470,0.8549954530772644,0.9460806185663942,0.96398891966759,0.7404255319148936,13,122,0.04121475054229935,0.0
alpha->beta,population,random,54,18,2305,470,0.8991575528510248,0.9457902303481711,0.9527027027027027,0.9,21,47,0.031236442516268982,0.0
alpha->beta,population,random,54,19,2305,470,0.8739733640521395,0.9162998462433701,0.906183368869936,0.9042553191489362,44,45,0.03427331887201735,0.0
alpha->beta,population,random,108,0,2305,470,0.8902801624669748,0.9380730282255477,0.945823927765237,0.8914893617021277,24,51,0.029934924078091105,0.0
alpha->beta,population,random,108,1,2305,470,0.8806450482274066,0.9266888579374275,0.9137931034482759,0.902127659574468,40,46,0.03253796095444685,0.0
alpha->beta,population,random,108,2,2305,470,0.881717361584545,0.9217001844408885,0.9063829787234042,0.9063829787234042,44,44,0.0316702819956616,0.0
alpha->beta,population,random,108,3,2305,470,0.8869863431181486,0.9411970685237634,0.953810623556582,0.8787234042553191,20,57,0.03036876355748373,0.0
alpha->beta,population,random,108,4,2305,470,0.8647025591612457,0.9313024595348154,0.9319727891156463,0.874468085106383,30,59,0.030802603036876357,0.0
alpha->beta,population,random,108,5,2305,470,0.8901540268477409,0.9388402349898272,0.933920704845815,0.902127659574468,30,46,0.03427331887201735,0.0
alpha->beta,population,random,108,6,2305,470,0.8850591494794051,0.9306609230143824,0.9199134199134199,0.9042553191489362,37,45,0.029934924078091105,0.0
alpha->beta,population,random,108,7,2305,470,0.8878233432121421,0.9397774382644284,0.9393258426966292,0.8893617021276595,27,52,0.0316702819956616,0.0
alpha->beta,population,random,108,8,2305,470,0.8934732222754669,0.9376308464776104,0.952054794520548,0.8872340425531915,21,53,0.03210412147505423,0.0
alpha->beta,population,random,108,9,2305,470,0.8796986968541445,0.9214332447324487,0.9262472885032538,0.9085106382978724,34,43,0.026898047722342732,0.0
alpha->beta,population,random,108,10,2305,470,0.8781987658028536,0.9307137903434711,0.9251101321585903,0.8936170212765957,34,50,0.029067245119305855,0.0
alpha->beta,population,random,108,11,2305,470,0.8843128624991985,0.9334902431701875,0.9181034482758621,0.9063829787234042,38,44,0.030802603036876357,0.0
alpha->beta,population,random,108,12,2305,470,0.8862880301961368,0.9326809296299405,0.9296703296703297,0.9,32,47,0.03297180043383948,0.0
alpha->beta,population,random,108,13,2305,470,0.8855030706458092,0.9380685579711809,0.9352678571428571,0.8914893617021277,29,51,0.031236442516268982,0.0
alpha->beta,population,random,108,14,2305,470,0.8827474558253688,0.931600908674052,0.9369369369369369,0.8851063829787233,28,54,0.0334056399132321,0.0
alpha->beta,population,random,108,15,2305,470,0.8714549999213881,0.924705431830195,0.9328859060402684,0.8872340425531915,30,53,0.030802603036876357,0.0
alpha->beta,population,random,108,16,2305,470,0.8830947680450293,0.9211436100212764,0.9235807860262009,0.9,35,47,0.0334056399132321,0.0
alpha->beta,population,random,108,17,2305,470,0.881441649298835,0.9351876644854916,0.9523809523809523,0.851063829787234,20,70,0.03427331887201735,0.0
alpha->beta,population,random,108,18,2305,470,0.8855738454805336,0.940366625049325,0.9409090909090909,0.8808510638297873,26,56,0.031236442516268982,0.0
alpha->beta,population,random,108,19,2305,470,0.8846501752278826,0.9365813792348415,0.9254385964912281,0.8978723404255319,34,48,0.029934924078091105,0.0
alpha->beta,population,review,9,0,2305,470,0.8886102201824493,0.93386879435471,0.8879310344827587,0.8765957446808511,52,58,0.03644251626898048,0.0
alpha->beta,population,review,9,1,2305,470,0.8878453999458867,0.9253787958677422,0.8719512195121951,0.9127659574468086,63,41,0.03731019522776573,0.0
alpha->beta,population,review,9,2,2305,470,0.8889483545349532,0.9259493994395794,0.9235807860262009,0.9,35,47,0.03383947939262473,0.0
alpha->beta,population,review,9,3,2305,470,0.885162391785489,0.9341298311187903,0.8734439834024896,0.8957446808510638,61,49,0.039045553145336226,0.0
alpha->beta,population,review,9,4,2305,470,0.894627076063875,0.9330239628405503,0.8840579710144928,0.9085106382978724,56,43,0.03731019522776573,0.0
alpha->beta,population,review,9,5,2305,470,0.8916409729920644,0.9319000078634022,0.8661257606490872,0.9085106382978724,66,43,0.03947939262472885,0.0
alpha->beta,population,review,9,6,2305,470,0.8931036451364553,0.929152848321598,0.8900414937759336,0.9127659574468086,53,41,0.039045553145336226,0.0
alpha->beta,population,review,9,7,2305,470,0.8897617644639157,0.9414723126788871,0.8310679611650486,0.9106382978723404,87,42,0.1492407809110629,0.0
alpha->beta,population,review,9,8,2305,470,0.8922261158092889,0.9282030858238499,0.8704453441295547,0.9148936170212766,64,40,0.18481561822125814,0.0
alpha->beta,population,review,9,9,2305,470,0.891614656970297,0.9310949074048291,0.875,0.9085106382978724,61,43,0.03817787418655098,0.0
alpha->beta,population,review,9,10,2305,470,0.8847797697476817,0.9194802648807942,0.8654618473895582,0.9170212765957447,67,39,0.03774403470715835,0.0
alpha->beta,population,review,9,11,2305,470,0.8871610278263627,0.9342869500645404,0.9237668161434978,0.8765957446808511,34,58,0.0316702819956616,0.0
alpha->beta,population,review,9,12,2305,470,0.859174967273509,0.9330605370444093,0.9149888143176734,0.8702127659574468,38,61,0.039913232104121475,0.0
alpha->beta,population,review,9,13,2305,470,0.891941952073963,0.9401848418224823,0.8678861788617886,0.9085106382978724,65,43,0.03774403470715835,0.0
alpha->beta,population,review,9,14,2305,470,0.893608719669998,0.9316955182092169,0.8788501026694046,0.9106382978723404,59,42,0.0386117136659436,0.0
alpha->beta,population,review,9,15,2305,470,0.8891431444416925,0.9260961117026015,0.8298279158699808,0.9234042553191489,89,36,0.06898047722342733,0.0
alpha->beta,population,review,9,16,2305,470,0.8989442053214858,0.939075749426806,0.8811475409836066,0.9148936170212766,58,40,0.0368763557483731,0.0
alpha->beta,population,review,9,17,2305,470,0.8938695665356738,0.9343893693269852,0.8822314049586777,0.9085106382978724,57,43,0.03774403470715835,0.0
alpha->beta,population,review,9,18,2305,470,0.8933982361407559,0.9314667124382287,0.8770491803278688,0.9106382978723404,60,42,0.03947939262472885,0.0
alpha->beta,population,review,9,19,2305,470,0.893310854122183,0.9329992444931239,0.8817427385892116,0.9042553191489362,57,45,0.039913232104121475,0.0
alpha->beta,population,review,18,0,2305,470,0.8988605917418631,0.9269418569326264,0.8895833333333333,0.9085106382978724,53,43,0.03817787418655098,0.0
alpha->beta,population,review,18,1,2305,470,0.8976923461061534,0.9485286383720393,0.934640522875817,0.9127659574468086,30,41,0.03470715835140998,0.0
alpha->beta,population,review,18,2,2305,470,0.8858802411852521,0.9278363525779522,0.8974358974358975,0.8936170212765957,48,50,0.0386117136659436,0.0
alpha->beta,population,review,18,3,2305,470,0.8846673176484725,0.9369535700752629,0.8722109533468559,0.9148936170212766,63,40,0.03470715835140998,0.0
alpha->beta,population,review,18,4,2305,470,0.887308007833063,0.9290819224249652,0.8995633187772926,0.8765957446808511,46,58,0.039913232104121475,0.0
alpha->beta,population,review,18,5,2305,470,0.8868586464221597,0.9227360347190949,0.890495867768595,0.9170212765957447,53,39,0.03557483731019523,0.0
alpha->beta,population,review,18,6,2305,470,0.892470111199215,0.9277884879810597,0.899581589958159,0.9148936170212766,48,40,0.03731019522776573,0.0
alpha->beta,population,review,18,7,2305,470,0.8975448255340386,0.9405930927056191,0.908315565031983,0.9063829787234042,43,44,0.039045553145336226,0.0
alpha->beta,population,review,18,8,2305,470,0.887855430574323,0.9405771432720469,0.9002217294900222,0.8638297872340426,45,64,0.04295010845986985,0.0
alpha->beta,population,review,18,9,2305,470,0.8732853806574844,0.9264067270066039,0.8571428571428571,0.9063829787234042,71,44,0.03817787418655098,0.0
alpha->beta,population,review,18,10,2305,470,0.8984378791284329,0.936082679675573,0.9362637362637363,0.9063829787234042,29,44,0.0316702819956616,0.0
alpha->beta,population,review,18,11,2305,470,0.8933254125428676,0.9303748667204619,0.8907216494845361,0.9191489361702128,53,38,0.0386117136659436,0.0
alpha->beta,population,review,18,12,2305,470,0.8945829808411734,0.9351441168525174,0.9122807017543859,0.8851063829787233,40,54,0.04121475054229935,0.0
alpha->beta,population,review,18,13,2305,470,0.8940272082888724,0.9369415618838369,0.9311111111111111,0.8914893617021277,31,51,0.03036876355748373,0.0
alpha->beta,population,review,18,14,2305,470,0.8285038917900882,0.9280285382046414,0.8901345291479821,0.8446808510638298,49,73,0.04598698481561822,0.0
alpha->beta,population,review,18,15,2305,470,0.8926902741669945,0.9485796728629059,0.9234234234234234,0.8723404255319149,34,60,0.041648590021691974,0.0
alpha->beta,population,review,18,16,2305,470,0.8890370528986797,0.9290335099413702,0.9012605042016807,0.9127659574468086,47,41,0.03297180043383948,0.0
alpha->beta,population,review,18,17,2305,470,0.8870188149789425,0.9266026041319159,0.8909853249475891,0.9042553191489362,52,45,0.03731019522776573,0.0
alpha->beta,population,review,18,18,2305,470,0.8948030271440498,0.9406840136244923,0.9244444444444444,0.8851063829787233,34,54,0.03210412147505423,0.0
alpha->beta,population,review,18,19,2305,470,0.8504053501938329,0.9314041938563419,0.8526970954356846,0.874468085106383,71,59,0.040347071583514096,0.0
alpha->beta,population,review,27,0,2305,470,0.8904304453903483,0.907618984628301,0.8436911487758946,0.9531914893617022,83,22,0.0316702819956616,0.0
alpha->beta,population,review,27,1,2305,470,0.8926614025979737,0.915119339658602,0.8529980657640233,0.9382978723404255,76,29,0.03297180043383948,0.0
alpha->beta,population,review,27,2,2305,470,0.8906307089506635,0.9081003592738153,0.8275229357798165,0.9595744680851064,94,19,0.029934924078091105,0.0
alpha->beta,population,review,27,3,2305,470,0.8744718210321935,0.9121045688391181,0.8557114228456913,0.9085106382978724,72,43,0.03383947939262473,0.0
alpha->beta,population,review,27,4,2305,470,0.8753565846088156,0.9144237278728313,0.8877338877338877,0.9085106382978724,54,43,0.028199566160520606,0.0
alpha->beta,population,review,27,5,2305,470,0.892118107846575,0.9100267908160656,0.8284132841328413,0.9553191489361702,93,21,0.03383947939262473,0.0
alpha->beta,population,review,27,6,2305,470,0.8991883451029382,0.9215759542351972,0.8416030534351145,0.9382978723404255,83,29,0.03383947939262473,0.0
alpha->beta,population,review,27,7,2305,470,0.8788014342098758,0.9105861213525505,0.8702594810379242,0.9276595744680851,65,34,0.03731019522776573,0.0
alpha->beta,population,review,27,8,2305,470,0.8856524842161873,0.9044678075329882,0.8277777777777777,0.951063829787234,93,23,0.0316702819956616,0.0
alpha->beta,population,review,27,9,2305,470,0.8918160939797174,0.9114556890309358,0.8607350096711799,0.9468085106382979,72,25,0.029934924078091105,0.0
alpha->beta,population,review,27,10,2305,470,0.8862730907692572,0.9123143314117842,0.8467432950191571,0.9404255319148936,80,28,0.0386117136659436,0.0
alpha->beta,population,review,27,11,2305,470,0.8830770113948573,0.9111488949118464,0.8808080808080808,0.9276595744680851,59,34,0.027331887201735357,0.0
alpha->beta,population,review,27,12,2305,470,0.895614871785883,0.9176916954284419,0.8647058823529412,0.9382978723404255,69,29,0.02863340563991323,0.0
alpha->beta,population,review,27,13,2305,470,0.8874096094461718,0.9044319763238814,0.8193430656934306,0.9553191489361702,99,21,0.0351409978308026,0.0
alpha->beta,population,review,27,14,2305,470,0.8893939684829226,0.9079912056733438,0.8517110266159695,0.9531914893617022,78,22,0.02863340563991323,0.0
alpha->beta,population,review,27,15,2305,470,0.8855236280160307,0.9022133161678118,0.8185117967332124,0.9595744680851064,100,19,0.03036876355748373,0.0
alpha->beta,population,review,27,16,2305,470,0.8874411948243011,0.9052483090733551,0.8405253283302064,0.9531914893617022,85,22,0.031236442516268982,0.0
alpha->beta,population,review,27,17,2305,470,0.8903616840611338,0.9145038629108041,0.8419047619047619,0.9404255319148936,83,28,0.03427331887201735,0.0
alpha->beta,population,review,27,18,2305,470,0.8780943893381843,0.9104536947121988,0.8355640535372849,0.9297872340425531,86,33,0.03210412147505423,0.0
alpha->beta,population,review,27,19,2305,470,0.8772737105875107,0.9034151302086215,0.8406072106261859,0.9425531914893617,84,27,0.03557483731019523,0.0
alpha->beta,population,review,54,0,2305,470,0.8827876836739676,0.9120795910958405,0.8815261044176707,0.9340425531914893,59,31,0.0316702819956616,0.0
alpha->beta,population,review,54,1,2305,470,0.8892435408920165,0.9076520630715537,0.8674463937621832,0.9468085106382979,68,25,0.03210412147505423,0.0
alpha->beta,population,review,54,2,2305,470,0.8784880916432832,0.9162741029538808,0.8757637474541752,0.9148936170212766,61,40,0.03427331887201735,0.0
alpha->beta,population,review,54,3,2305,470,0.8781531414361526,0.9109689041653828,0.8719512195121951,0.9127659574468086,63,41,0.02863340563991323,0.0
alpha->beta,population,review,54,4,2305,470,0.8904019115268083,0.9083298202923258,0.8667953667953668,0.9553191489361702,69,21,0.028199566160520606,0.0
alpha->beta,population,review,54,5,2305,470,0.8921197481927595,0.9167682945927657,0.8895705521472392,0.925531914893617,54,35,0.03036876355748373,0.0
alpha->beta,population,review,54,6,2305,470,0.8839230731494869,0.9168024683745791,0.8792756539235412,0.9297872340425531,60,33,0.03600867678958785,0.0
alpha->beta,population,review,54,7,2305,470,0.8916770929006047,0.9095479400805981,0.8682170542635659,0.9531914893617022,68,22,0.029934924078091105,0.0
alpha->beta,population,review,54,8,2305,470,0.8961265847759488,0.9216248116385662,0.876,0.9319148936170213,62,32,0.03383947939262473,0.0
alpha->beta,population,review,54,9,2305,470,0.883966857931646,0.9098553016010816,0.860236220472441,0.9297872340425531,71,33,0.029934924078091105,0.0
alpha->beta,population,review,54,10,2305,470,0.8938113958250972,0.9197058529869268,0.8981670061099797,0.9382978723404255,50,29,0.029934924078091105,0.0
alpha->beta,population,review,54,11,2305,470,0.8823590424425041,0.9122268744144872,0.8491295938104448,0.9340425531914893,78,31,0.03731019522776573,0.0
alpha->beta,population,review,54,12,2305,470,0.8788919315492549,0.912126909541429,0.890020366598778,0.9297872340425531,54,33,0.031236442516268982,0.0
alpha->beta,population,review,54,13,2305,470,0.8961966396518769,0.9176510935723787,0.8929292929292929,0.9404255319148936,53,28,0.02863340563991323,0.0
alpha->beta,population,review,54,14,2305,470,0.8820876323624207,0.9184812502101818,0.8893528183716075,0.9063829787234042,53,44,0.03210412147505423,0.0
alpha->beta,population,review,54,15,2305,470,0.8885747663318301,0.9188721091958255,0.8693069306930693,0.9340425531914893,66,31,0.03557483731019523,0.0
alpha->beta,population,review,54,16,2305,470,0.895386120875512,0.915458467108309,0.8772277227722772,0.9425531914893617,62,27,0.030802603036876357,0.0
alpha->beta,population,review,54,17,2305,470,0.8895604736946502,0.9115860954664028,0.8707753479125249,0.9319148936170213,65,32,0.02863340563991323,0.0
alpha->beta,population,review,54,18,2305,470,0.8978117264284315,0.9384386872184068,0.9112050739957717,0.9170212765957447,42,39,0.03470715835140998,0.0
alpha->beta,population,review,54,19,2305,470,0.8766637337646517,0.9119358886927018,0.8877338877338877,0.9085106382978724,54,43,0.02950108459869848,0.0
alpha->beta,population,review,108,0,2305,470,0.8823492766738996,0.9102550422309855,0.8571428571428571,0.9446808510638298,74,26,0.0334056399132321,0.0
alpha->beta,population,review,108,1,2305,470,0.8855999413505082,0.9209875546872089,0.9073684210526316,0.9170212765957447,44,39,0.03210412147505423,0.0
alpha->beta,population,review,108,2,2305,470,0.8894838950743991,0.9219041421032612,0.889344262295082,0.9234042553191489,54,36,0.03470715835140998,0.0
alpha->beta,population,review,108,3,2305,470,0.8840442687961086,0.9141829781288401,0.8810483870967742,0.9297872340425531,59,33,0.0316702819956616,0.0
alpha->beta,population,review,108,4,2305,470,0.8818194154853264,0.9163723275910785,0.8872950819672131,0.9212765957446809,55,37,0.031236442516268982,0.0
alpha->beta,population,review,108,5,2305,470,0.893417815810643,0.9277068467790287,0.9150743099787686,0.9170212765957447,40,39,0.030802603036876357,0.0
alpha->beta,population,review,108,6,2305,470,0.8876084047821001,0.9201327181520632,0.906054279749478,0.9234042553191489,45,36,0.03210412147505423,0.0
alpha->beta,population,review,108,7,2305,470,0.8906364968384699,0.9193598761030904,0.8732673267326733,0.9382978723404255,64,29,0.0316702819956616,0.0
alpha->beta,population,review,108,8,2305,470,0.8967148834919475,0.9296741546910433,0.8985507246376812,0.9234042553191489,49,36,0.0368763557483731,0.0
alpha->beta,population,review,108,9,2305,470,0.8871636847120347,0.9178003170067498,0.9045643153526971,0.9276595744680851,46,34,0.030802603036876357,0.0
alpha->beta,population,review,108,10,2305,470,0.8854683918699026,0.9162180536613014,0.8952772073921971,0.9276595744680851,51,34,0.03470715835140998,0.0
alpha->beta,population,review,108,11,2305,470,0.8834373369535314,0.9145267097736095,0.889795918367347,0.9276595744680851,54,34,0.031236442516268982,0.0
alpha->beta,population,review,108,12,2305,470,0.8772973320502035,0.9190939561526927,0.9050632911392406,0.9127659574468086,45,41,0.031236442516268982,0.0
alpha->beta,population,review,108,13,2305,470,0.8977443089740509,0.935680293466992,0.9148936170212766,0.9148936170212766,40,40,0.0334056399132321,0.0
alpha->beta,population,review,108,14,2305,470,0.8883975189570503,0.9184164091699685,0.893223819301848,0.925531914893617,52,35,0.03297180043383948,0.0
alpha->beta,population,review,108,15,2305,470,0.8843769289479373,0.9193573347913144,0.8925619834710744,0.9191489361702128,52,38,0.03253796095444685,0.0
alpha->beta,population,review,108,16,2305,470,0.8874512425076485,0.9200803852220086,0.8985507246376812,0.9234042553191489,49,36,0.0316702819956616,0.0
alpha->beta,population,review,108,17,2305,470,0.8931766280282399,0.9200173398983365,0.8784860557768924,0.9382978723404255,61,29,0.03557483731019523,0.0
alpha->beta,population,review,108,18,2305,470,0.8931997337979183,0.9287951064056224,0.9245689655172413,0.9127659574468086,35,41,0.0334056399132321,0.0
alpha->beta,population,review,108,19,2305,470,0.8914784822494963,0.9242574757293938,0.9157894736842105,0.925531914893617,40,35,0.03383947939262473,0.0
alpha->beta,station,random,9,0,2233,455,0.8759719773177279,0.8969070829235825,0.7298657718120806,0.9560439560439561,161,20,0.03090013434841021,3.0
alpha->beta,station,random,9,1,2233,453,0.880943649096541,0.899703403633213,0.8449612403100775,0.9624724061810155,80,17,0.09628302731751008,1.0
alpha->beta,station,random,9,2,2233,449,0.8715950081583895,0.8967157105454541,0.7719928186714542,0.9576837416481069,127,19,0.06180026869682042,3.0
alpha->beta,station,random,9,3,2233,456,0.881518116224938,0.899240064604742,0.8279773156899811,0.9605263157894737,91,18,0.02104791759964174,4.0
alpha->beta,station,random,9,4,2233,450,0.8893877465228709,0.9204173339116061,0.7721518987341772,0.9488888888888889,126,23,0.036274070756829375,3.0
alpha->beta,station,random,9,5,2233,454,0.8790885407244438,0.9184597144512199,0.7867203219315896,0.8612334801762115,106,63,0.08060904612628751,3.0
alpha->beta,station,random,9,6,2233,453,0.8706962587302359,0.9106000057404152,0.8721973094170403,0.8587196467991169,57,64,0.03761755485893417,3.0
alpha->beta,station,random,9,7,2233,451,0.8744018473896388,0.9023439954728757,0.8467741935483871,0.9312638580931264,76,31,0.10165696372592924,3.0
alpha->beta,station,random,9,8,2233,457,0.8651626381474822,0.9409173897957214,0.8336798336798337,0.8774617067833698,80,56,0.04254366323331841,3.0
alpha->beta,station,random,9,9,2233,453,0.87683693048912,0.8995658616226448,0.7486725663716814,0.9337748344370861,142,30,0.025526197939991044,4.0
alpha->beta,station,random,9,10,2233,452,0.8892014646565504,0.9125939715434364,0.8586065573770492,0.9269911504424779,69,33,0.025974025974025976,3.0
alpha->beta,station,random,9,11,2233,453,0.8911042089511444,0.921338361614651,0.72,0.9536423841059603,168,21,0.06762203313927452,3.0
alpha->beta,station,random,9,12,2233,452,0.8748305783718103,0.8858843486841401,0.7331136738056013,0.9845132743362832,162,7,0.054187192118226604,4.0
alpha->beta,station,random,9,13,2233,453,0.8623902181704836,0.8854715790142238,0.6964856230031949,0.9624724061810155,190,17,0.06314375279892522,4.0
alpha->beta,station,random,9,14,2233,460,0.8462899208293548,0.9431826666984638,0.8438818565400844,0.8695652173913043,74,60,0.06359158083296014,3.0
alpha->beta,station,random,9,15,2233,456,0.8801243617691199,0.9205460559481481,0.879746835443038,0.9144736842105263,57,39,0.02910882221227049,2.0
alpha->beta,station,random,9,16,2233,455,0.866858276274563,0.9434140804744539,0.8082474226804124,0.8615384615384616,93,63,0.041648007165248545,4.0
alpha->beta,station,random,9,17,2233,454,0.8813305041465277,0.8960146813775504,0.7963963963963964,0.973568281938326,113,12,0.02821316614420063,3.0
alpha->beta,station,random,9,18,2233,457,0.8738401515095873,0.9400331630814167,0.8381742738589212,0.8840262582056893,78,53,0.0600089565606807,3.0
alpha->beta,station,random,9,19,2233,456,0.8897569129632884,0.9063170247680176,0.7391304347826086,0.9692982456140351,156,14,0.06224809673085535,3.0
alpha->beta,station,random,18,0,2161,439,0.8799585063570261,0.8981229103934694,0.8509316770186336,0.9362186788154897,72,28,0.10273021749190189,3.0
alpha->beta,station,random,18,1,2161,442,0.893020757966909,0.9331018328826856,0.8236514522821576,0.8981900452488688,85,45,0.06894956038870893,1.0
alpha->beta,station,random,18,2,2161,437,0.8820633574568982,0.938180315235248,0.9035294117647059,0.8787185354691075,41,53,0.04951411383618695,2.0
alpha->beta,station,random,18,3,2161,438,0.9012164477389633,0.9363182169493584,0.888641425389755,0.910958904109589,50,39,0.03007866728366497,3.0
alpha->beta,station,random,18,4,2161,432,0.8812355263674446,0.9025944257185724,0.7730923694779116,0.8912037037037037,113,47,0.04072188801480796,4.0
alpha->beta,station,random,18,5,2161,430,0.867200452793678,0.942296996858546,0.9257425742574258,0.8697674418604651,30,56,0.03840814437760296,1.0
alpha->beta,station,random,18,6,2161,437,0.9003948466006512,0.9235334038250574,0.8138613861386138,0.9405034324942791,94,26,0.07635354002776493,3.0
alpha->beta,station,random,18,7,2161,430,0.8858472708025295,0.9113237153006128,0.8255578093306288,0.9465116279069767,86,23,0.05599259602036094,2.0
alpha->beta,station,random,18,8,2161,434,0.8749458065043622,0.8890428006963729,0.8132295719844358,0.9631336405529954,96,16,0.024988431281813973,3.0
alpha->beta,station,random,18,9,2161,432,0.8988235287397484,0.9430808644381365,0.941031941031941,0.8865740740740741,24,49,0.031929662193428965,2.0
alpha->beta,station,random,18,10,2161,441,0.8805847188732056,0.897864702499669,0.7672727272727272,0.9569160997732427,128,19,0.14437760296159186,3.0
alpha->beta,station,random,18,11,2161,432,0.9090960821393991,0.9382652074154458,0.9322429906542056,0.9236111111111112,29,33,0.027764923646459973,2.0
alpha->beta,station,random,18,12,2161,437,0.9022726784035121,0.9238682857888391,0.9059080962800875,0.9473684210526315,43,23,0.02822767237390097,2.0
alpha->beta,station,random,18,13,2161,438,0.8917072645585913,0.9506886212306416,0.9485861182519281,0.8424657534246576,20,69,0.04211013419713096,1.0
alpha->beta,station,random,18,14,2161,435,0.88815218319867,0.9256661656800483,0.8886363636363637,0.8988505747126436,49,44,0.02869042110134197,2.0
alpha->beta,station,random,18,15,2161,440,0.8847807040700145,0.9407725705851283,0.8609865470852018,0.8727272727272727,62,56,0.036094400740397964,3.0
alpha->beta,station,random,18,16,2161,435,0.8563082081247798,0.9019966831253876,0.8329764453961456,0.8942528735632184,78,46,0.20546043498380379,2.0
alpha->beta,station,random,18,17,2161,430,0.8860612997512799,0.9084406762713303,0.7966804979253111,0.8930232558139535,98,46,0.04627487274409996,3.0
alpha->beta,station,random,18,18,2161,431,0.8823989822942429,0.8982768551083093,0.8583333333333333,0.9559164733178654,68,19,0.0994909763998149,2.0
alpha->beta,station,random,18,19,2161,433,0.8780858323019616,0.9452364911712016,0.8976744186046511,0.8914549653579676,44,47,0.03007866728366497,1.0
alpha->beta,station,random,27,0,2089,423,0.8985514340772716,0.9458878955313366,0.9411764705882353,0.8699763593380615,23,55,0.03398755385351843,1.0
alpha->beta,station,random,27,1,2089,415,0.9013561468983609,0.9527298013444693,0.9607329842931938,0.8843373493975903,15,48,0.03303015797032073,1.0
alpha->beta,station,random,27,2,2089,430,0.8965197936240239,0.9403511057573999,0.9343434343434344,0.8604651162790697,26,60,0.03207276208712303,2.0
alpha->beta,station,random,27,3,2089,417,0.872879318184926,0.9058749685941475,0.9054726368159204,0.8729016786570744,38,53,0.03542364767831498,2.0
alpha->beta,station,random,27,4,2089,416,0.8988070839406109,0.937216240805965,0.9140811455847255,0.9206730769230769,36,33,0.032551460028721876,2.0
alpha->beta,station,random,27,5,2089,420,0.8963739129588723,0.9327821770195661,0.9264705882352942,0.9,30,42,0.03350885591191958,2.0
alpha->beta,station,random,27,6,2089,430,0.88777955569795,0.9421995371661908,0.8912529550827423,0.8767441860465116,46,53,0.060794638583054096,2.0
alpha->beta,station,random,27,7,2089,421,0.8854549791801805,0.906103081285568,0.8816964285714286,0.9382422802850356,53,26,0.027285782671134514,2.0
alpha->beta,station,random,27,8,2089,418,0.900905276649271,0.9409836345131632,0.928395061728395,0.8995215311004785,29,42,0.02967927237912877,2.0
alpha->beta,station,random,27,9,2089,423,0.8731179640323911,0.9190697429005529,0.9242424242424242,0.8652482269503546,30,57,0.03303015797032073,2.0
alpha->beta,station,random,27,10,2089,416,0.8856439801876376,0.9068587402447197,0.8981481481481481,0.9326923076923077,44,28,0.023456199138343705,2.0
alpha->beta,station,random,27,11,2089,424,0.8859477345801675,0.9072395444625688,0.8856502242152466,0.9316037735849056,51,29,0.02584968884633796,2.0
alpha->beta,station,random,27,12,2089,426,0.8897734257652494,0.9134287863234234,0.8728070175438597,0.9342723004694836,58,28,0.028721876495931067,2.0
alpha->beta,station,random,27,13,2089,422,0.8955708050746631,0.940854321045003,0.9160671462829736,0.9052132701421801,35,40,0.031115366203925323,2.0
alpha->beta,station,random,27,14,2089,419,0.903820719590661,0.9321404194367884,0.8823529411764706,0.9307875894988067,52,29,0.05552896122546673,2.0
alpha->beta,station,random,27,15,2089,417,0.9044104350805096,0.9254051316281141,0.8618421052631579,0.9424460431654677,63,24,0.13977979894686454,2.0
alpha->beta,station,random,27,16,2089,414,0.9011248776217785,0.9234916442511255,0.9078014184397163,0.927536231884058,39,30,0.03781713738630924,2.0
alpha->beta,station,random,27,17,2089,426,0.870646700656963,0.9384540673104781,0.8721461187214612,0.8967136150234741,56,44,0.0636668262326472,2.0
alpha->beta,station,random,27,18,2089,427,0.8847601626229799,0.9114535514253642,0.9045454545454545,0.9320843091334895,42,29,0.028243178554332216,2.0
alpha->beta,station,random,27,19,2089,411,0.8983283410194929,0.928804114172489,0.9093078758949881,0.927007299270073,38,30,0.028721876495931067,2.0
alpha->beta,station,random,54,0,1873,372,0.8978437264083167,0.9509572990027502,0.960960960960961,0.8602150537634409,13,52,0.03897490656700481,1.0
alpha->beta,station,random,54,1,1873,380,0.8948991602664464,0.9236417613543324,0.9234828496042217,0.9210526315789473,29,30,0.027762947143619862,1.0
alpha->beta,station,random,54,2,1873,377,0.8980670806545553,0.9363067245045583,0.931129476584022,0.896551724137931,25,39,0.03577148958889482,2.0
alpha->beta,station,random,54,3,1873,367,0.8986799800221424,0.925507554781429,0.9074074074074074,0.9346049046321526,35,24,0.026695141484249868,2.0
alpha->beta,station,random,54,4,1873,375,0.9040327702517348,0.938361027464409,0.8743589743589744,0.9093333333333333,49,34,0.06994127068873465,2.0
alpha->beta,station,random,54,5,1873,375,0.8678577083665893,0.9493127865385603,0.9396551724137931,0.872,21,48,0.03897490656700481,1.0
alpha->beta,station,random,54,6,1873,360,0.907684013845811,0.928913961882978,0.9132791327913279,0.9361111111111111,32,23,0.029364655632674853,2.0
alpha->beta,station,random,54,7,1873,375,0.8873005928186578,0.919348190308741,0.9151193633952255,0.92,32,30,0.030432461292044848,1.0
alpha->beta,station,random,54,8,1873,365,0.9047041860596876,0.9301809292029856,0.9277777777777778,0.915068493150685,26,31,0.028830752802989856,2.0
alpha->beta,station,random,54,9,1873,371,0.8987806347552724,0.9293312294006116,0.928374655647383,0.9083557951482479,26,34,0.030432461292044848,1.0
alpha->beta,station,random,54,10,1873,363,0.8917718856723643,0.9401254138786043,0.9411764705882353,0.8815426997245179,20,43,0.03310197544046983,2.0
alpha->beta,station,random,54,11,1873,374,0.9011682403703553,0.951342357216063,0.9523809523809523,0.8556149732620321,16,54,0.03416978109983983,2.0
alpha->beta,station,random,54,12,1873,362,0.8751007272830569,0.8942990636651581,0.8386308068459658,0.9475138121546961,66,19,0.13240790176187933,2.0
alpha->beta,station,random,54,13,1873,378,0.9031604520019972,0.9334900301794414,0.9371584699453552,0.9074074074074074,23,35,0.02989855846235985,2.0
alpha->beta,station,random,54,14,1873,374,0.896628136499155,0.9391673086054848,0.884514435695538,0.9010695187165776,44,37,0.14095034703683929,2.0
alpha->beta,station,random,54,15,1873,369,0.8888866021845071,0.9302499121902118,0.9322033898305084,0.8943089430894309,24,39,0.030432461292044848,2.0
alpha->beta,station,random,54,16,1873,375,0.8969184636030995,0.9300556437845211,0.9380281690140845,0.888,22,42,0.034703683929524824,1.0
alpha->beta,station,random,54,17,1873,375,0.8932371232531559,0.923853747908558,0.9272237196765498,0.9173333333333333,27,31,0.028830752802989856,2.0
alpha->beta,station,random,54,18,1873,367,0.9130654673671733,0.9381688470881673,0.9191374663072777,0.9291553133514986,30,26,0.03203416978109984,1.0
alpha->beta,station,random,54,19,1873,366,0.902371583042023,0.9287730606636764,0.9211956521739131,0.9262295081967213,29,27,0.030432461292044848,1.0
alpha->beta,station,random,108,0,1441,277,0.9074087014995397,0.9564489329182728,0.9647058823529412,0.8880866425992779,9,31,0.02914642609299098,1.0
alpha->beta,station,random,108,1,1441,271,0.9144708997536994,0.9385313199896932,0.9571984435797666,0.9077490774907749,11,25,0.033310201249132546,1.0
alpha->beta,station,random,108,2,1441,254,0.9083143234040494,0.9331369535652393,0.9433198380566802,0.9173228346456693,14,21,0.031228313671061762,1.0
alpha->beta,station,random,108,3,1441,278,0.8901666471034372,0.9514353013663749,0.953125,0.8776978417266187,12,34,0.03608605135322693,1.0
alpha->beta,station,random,108,4,1441,275,0.9006636028329357,0.9291816224893673,0.9298892988929889,0.9163636363636364,19,23,0.027064538514920196,1.0
alpha->beta,station,random,108,5,1441,288,0.8931201730642905,0.9456500619092182,0.9655172413793104,0.875,9,36,0.030534351145038167,1.0
alpha->beta,station,random,108,6,1441,279,0.9062110426273763,0.9333840889362515,0.9514925373134329,0.9139784946236559,13,24,0.029840388619014575,1.0
alpha->beta,station,random,108,7,1441,278,0.9234094728475198,0.9441497794509045,0.9420289855072463,0.935251798561151,16,18,0.027758501040943788,2.0
alpha->beta,station,random,108,8,1441,270,0.898415478692247,0.9334387209057298,0.9207547169811321,0.9037037037037037,21,26,0.02914642609299098,1.0
alpha->beta,station,random,108,9,1441,278,0.9033946225650418,0.9345508152938903,0.9381818181818182,0.9280575539568345,17,20,0.029840388619014575,2.0
alpha->beta,station,random,108,10,1441,290,0.9160190529586778,0.9625780154698137,0.9595588235294118,0.9,11,29,0.030534351145038167,1.0
alpha->beta,station,random,108,11,1441,279,0.909049264547049,0.9542839951898981,0.9615384615384616,0.8960573476702509,10,29,0.0395558639833449,1.0
alpha->beta,station,random,108,12,1441,262,0.8953814480527783,0.9379905216164445,0.92578125,0.9045801526717557,19,25,0.033310201249132546,2.0
alpha->beta,station,random,108,13,1441,282,0.9072916031264058,0.9484936190981283,0.9347826086956522,0.9148936170212766,18,24,0.02914642609299098,2.0
alpha->beta,station,random,108,14,1441,291,0.8968249894402284,0.9451570613105112,0.9589552238805971,0.8831615120274914,11,34,0.03608605135322693,2.0
alpha->beta,station,random,108,15,1441,255,0.9014800614399369,0.9422524219219102,0.9458333333333333,0.8901960784313725,13,28,0.0395558639833449,1.0
alpha->beta,station,random,108,16,1441,252,0.8984173809008507,0.9449707995806086,0.9411764705882353,0.8888888888888888,14,28,0.03539208882720333,1.0
alpha->beta,station,random,108,17,1441,276,0.9246535315350282,0.9452616510091946,0.947565543071161,0.9166666666666666,14,23,0.03608605135322693,1.0
alpha->beta,station,random,108,18,1441,281,0.9050240211373829,0.9310641173461524,0.931899641577061,0.9252669039145908,19,21,0.034004163775156145,1.0
alpha->beta,station,random,108,19,1441,273,0.8887805058470991,0.9155099336095314,0.9191176470588235,0.9157509157509157,22,23,0.027064538514920196,1.0
alpha->beta,station,review,9,0,2233,441,0.8760217672756306,0.8924970260041213,0.8373015873015873,0.9569160997732427,82,19,0.14420062695924765,1.0
alpha->beta,station,review,9,1,2233,446,0.8915897448523673,0.926897267349098,0.9246575342465754,0.9080717488789237,33,41,0.03179579041648007,1.0
alpha->beta,station,review,9,2,2233,446,0.8877353783368239,0.9434737985761535,0.9331797235023042,0.9080717488789237,29,41,0.033139274518584866,1.0
alpha->beta,station,review,9,3,2233,443,0.8586852069628245,0.8971711812182197,0.8555045871559633,0.8419864559819413,63,70,0.11240483654276757,1.0
alpha->beta,station,review,9,4,2233,444,0.9005670560058864,0.9227239559332846,0.8919491525423728,0.9481981981981982,51,23,0.03045230631437528,1.0
alpha->beta,station,review,9,5,2233,442,0.8935209280052708,0.9142753404792311,0.8432539682539683,0.9615384615384616,79,17,0.028660994178235557,1.0
alpha->beta,station,review,9,6,2233,440,0.8983957962924464,0.9188365476511798,0.8765690376569037,0.9522727272727273,59,21,0.03045230631437528,1.0
alpha->beta,station,review,9,7,2233,444,0.867584011687803,0.9178532640809846,0.8957816377171216,0.8130630630630631,42,83,0.04567845947156292,1.0
alpha->beta,station,review,9,8,2233,444,0.8961783244858503,0.9182795742829404,0.8959660297239915,0.9504504504504504,49,22,0.02910882221227049,1.0
alpha->beta,station,review,9,9,2233,443,0.8915130724847924,0.9182043339660646,0.8571428571428571,0.9480812641083521,70,23,0.02821316614420063,1.0
alpha->beta,station,review,9,10,2233,442,0.8864169544856152,0.9284544267387513,0.9501312335958005,0.8190045248868778,19,80,0.039856695029108824,1.0
alpha->beta,station,review,9,11,2233,441,0.8683434979154313,0.8961592490737277,0.8639175257731959,0.9501133786848073,66,22,0.10434393193013883,1.0
alpha->beta,station,review,9,12,2233,444,0.8891908502892306,0.9109678272883914,0.8627049180327869,0.9481981981981982,67,23,0.03000447828034035,1.0
alpha->beta,station,review,9,13,2233,443,0.900639223902699,0.9226250456342416,0.8978723404255319,0.9525959367945824,48,21,0.027317510076130765,1.0
alpha->beta,station,review,9,14,2233,443,0.9015973150457033,0.9302799113615281,0.9229024943310657,0.9187358916478555,34,36,0.02821316614420063,1.0
alpha->beta,station,review,9,15,2233,443,0.8968629999102572,0.9178111661406901,0.8483033932135728,0.9593679458239278,76,18,0.07344379758172861,1.0
alpha->beta,station,review,9,16,2233,439,0.8900813329194432,0.9090325933278371,0.842,0.958997722095672,79,18,0.027317510076130765,1.0
alpha->beta,station,review,9,17,2233,441,0.8788778958840922,0.893713251017042,0.8304093567251462,0.9659863945578231,87,15,0.07254814151365875,1.0
alpha->beta,station,review,9,18,2233,442,0.8881402153934996,0.9080207680618808,0.8271119842829077,0.9524886877828054,88,21,0.03493058665472459,1.0
alpha->beta,station,review,9,19,2233,447,0.8996581712221166,0.9241728380066032,0.9220489977728286,0.9261744966442953,35,33,0.07523510971786834,1.0
alpha->beta,station,review,18,0,2161,415,0.8883141542483879,0.9100635670032856,0.8931818181818182,0.946987951807229,47,22,0.03007866728366497,1.0
alpha->beta,station,review,18,1,2161,417,0.8918590909060082,0.9173875809358893,0.9214285714285714,0.9280575539568345,33,30,0.03146691346598797,1.0
alpha->beta,station,review,18,2,2161,416,0.8879007670132931,0.9139210765552838,0.8990610328638498,0.9206730769230769,43,33,0.03285515964831097,1.0
alpha->beta,station,review,18,3,2161,413,0.8745351572159153,0.892946522085986,0.8559139784946237,0.9636803874092009,67,15,0.025913928736695974,1.0
alpha->beta,station,review,18,4,2161,412,0.877267657459229,0.895710475205938,0.8736141906873615,0.9563106796116505,57,18,0.025451180009254976,1.0
alpha->beta,station,review,18,5,2161,417,0.8836082099216909,0.9111629974054088,0.8997555012224939,0.882494004796163,41,49,0.03424340583063397,1.0
alpha->beta,station,review,18,6,2161,419,0.8929605334398969,0.9135769975627607,0.8921348314606742,0.9474940334128878,48,22,0.027302174919018974,1.0
alpha->beta,station,review,18,7,2161,413,0.8783163421546168,0.8967041886364568,0.8816964285714286,0.9564164648910412,53,18,0.025451180009254976,1.0
alpha->beta,station,review,18,8,2161,416,0.8872491184138973,0.9158010847364553,0.9057971014492754,0.9014423076923077,39,41,0.03239241092086997,1.0
alpha->beta,station,review,18,9,2161,413,0.8757008449370953,0.8932901725807463,0.8662280701754386,0.9564164648910412,61,18,0.02961591855622397,1.0
alpha->beta,station,review,18,10,2161,415,0.9047168448361116,0.9291816825993918,0.9367396593673966,0.927710843373494,26,30,0.029153169828782972,1.0
alpha->beta,station,review,18,11,2161,418,0.8787671321968695,0.8965891530204654,0.8736383442265795,0.9593301435406698,58,17,0.02313743637204998,1.0
alpha->beta,station,review,18,12,2161,418,0.8831705756462186,0.903450125269557,0.8997722095671982,0.9449760765550239,44,23,0.025451180009254976,1.0
alpha->beta,station,review,18,13,2161,421,0.87960072804803,0.8986550439473872,0.8898876404494382,0.9406175771971497,49,25,0.026839426191577972,1.0
alpha->beta,station,review,18,14,2161,416,0.874888113256118,0.899462137478465,0.8705882352941177,0.8894230769230769,55,46,0.03933364183248496,1.0
alpha->beta,station,review,18,15,2161,417,0.8686905556817065,0.9165617220328022,0.8958333333333334,0.8249400479616307,40,73,0.04211013419713096,1.0
alpha->beta,station,review,18,16,2161,420,0.8954850178603162,0.920476743705213,0.9122401847575058,0.9404761904761905,38,25,0.026376677464136973,1.0
alpha->beta,station,review,18,17,2161,418,0.8945439142019013,0.9371401324528297,0.9249394673123487,0.9138755980861244,31,36,0.03146691346598797,1.0
alpha->beta,station,review,18,18,2161,418,0.8861333748100495,0.9195857080146798,0.9029850746268657,0.868421052631579,39,55,0.03933364183248496,1.0
alpha->beta,station,review,18,19,2161,420,0.8861762203585936,0.9084888330141685,0.8986175115207373,0.9285714285714286,44,30,0.03054141601110597,1.0
alpha->beta,station,review,27,0,2089,392,0.8739081377519536,0.901444560532739,0.9043927648578811,0.8928571428571429,37,42,0.031115366203925323,1.0
alpha->beta,station,review,27,1,2089,392,0.8831253831073026,0.9150309255916289,0.9260273972602739,0.8622448979591837,27,54,0.03446625179511728,1.0
alpha->beta,station,review,27,2,2089,385,0.8773308107446859,0.8991788768586432,0.8957816377171216,0.9376623376623376,42,24,0.028243178554332216,1.0
alpha->beta,station,review,27,3,2089,387,0.8914538369632812,0.9151400513391769,0.914572864321608,0.9405684754521964,34,23,0.031594064145524174,1.0
alpha->beta,station,review,27,4,2089,392,0.8803048796489262,0.9025559066259037,0.8997555012224939,0.9387755102040817,41,24,0.027285782671134514,1.0
alpha->beta,station,review,27,5,2089,393,0.8789867805490528,0.9019577919229479,0.9081885856079405,0.9312977099236641,37,27,0.028243178554332216,1.0
alpha->beta,station,review,27,6,2089,388,0.8733139851449393,0.8934736184179333,0.8926829268292683,0.9432989690721649,44,22,0.026807084729535663,1.0
alpha->beta,station,review,27,7,2089,385,0.8789952609893615,0.899945795477525,0.8970588235294118,0.9506493506493506,42,19,0.028721876495931067,1.0
alpha->beta,station,review,27,8,2089,389,0.8880629021196791,0.9105071973545724,0.8997555012224939,0.9460154241645244,41,21,0.02967927237912877,1.0
alpha->beta,station,review,27,9,2089,394,0.8784814165033363,0.9005477223413166,0.8953771289537713,0.934010152284264,43,26,0.027764480612733365,1.0
alpha->beta,station,review,27,10,2089,382,0.8810974924507748,0.9004666795813363,0.8696682464454977,0.9607329842931938,55,15,0.02920057443752992,1.0
alpha->beta,station,review,27,11,2089,392,0.8770114482526506,0.8942924656403854,0.8833333333333333,0.9464285714285714,49,21,0.026328386787936812,1.0
alpha->beta,station,review,27,12,2089,390,0.8884066912006193,0.91107104452726,0.908641975308642,0.9435897435897436,37,22,0.028243178554332216,1.0
alpha->beta,station,review,27,13,2089,392,0.8677112642125279,0.8992812823426407,0.887434554973822,0.8647959183673469,43,53,0.03350885591191958,1.0
alpha->beta,station,review,27,14,2089,393,0.8749761164988875,0.8947365972713306,0.8886198547215496,0.9338422391857506,46,26,0.02920057443752992,1.0
alpha->beta,station,review,27,15,2089,389,0.8723657879390724,0.8958375029930313,0.8863636363636364,0.9023136246786633,45,38,0.031594064145524174,1.0
alpha->beta,station,review,27,16,2089,394,0.8945143061068443,0.9224423684593003,0.9304123711340206,0.916243654822335,27,33,0.031594064145524174,1.0
alpha->beta,station,review,27,17,2089,390,0.8741968133576062,0.8993024820402759,0.9067357512953368,0.8974358974358975,36,40,0.03015797032072762,1.0
alpha->beta,station,review,27,18,2089,388,0.8622483201119027,0.8942225080378657,0.893048128342246,0.8608247422680413,40,54,0.034944949736716135,1.0
alpha->beta,station,review,27,19,2089,391,0.8885801629254184,0.9159368457498774,0.9302949061662198,0.887468030690537,26,44,0.03590234561991384,1.0
alpha->beta,station,review,54,0,1873,309,0.8711523302961982,0.8918128188363734,0.8742690058479532,0.9676375404530745,43,10,0.027762947143619862,1.0
alpha->beta,station,review,54,1,1873,319,0.8815843097535392,0.9164450324146071,0.9195046439628483,0.9310344827586207,26,22,0.027762947143619862,1.0
alpha->beta,station,review,54,2,1873,315,0.8803108207087356,0.9011068680474953,0.9027355623100304,0.9428571428571428,32,18,0.030432461292044848,1.0
alpha->beta,station,review,54,3,1873,313,0.8686257202706416,0.8931119699139479,0.9049079754601227,0.9424920127795527,31,18,0.030432461292044848,1.0
alpha->beta,station,review,54,4,1873,309,0.871277165485433,0.9005024951244498,0.9053627760252366,0.9288025889967637,30,22,0.03310197544046983,1.0
alpha->beta,station,review,54,5,1873,309,0.8663762902296751,0.8899216439617272,0.8825301204819277,0.948220064724919,39,16,0.028830752802989856,1.0
alpha->beta,station,review,54,6,1873,308,0.8712820168821986,0.892030723466288,0.8902439024390244,0.948051948051948,36,16,0.02829684997330486,1.0
alpha->beta,station,review,54,7,1873,313,0.8730166262042759,0.897965519565993,0.9074074074074074,0.939297124600639,30,19,0.02989855846235985,1.0
alpha->beta,station,review,54,8,1873,315,0.8769245893450354,0.9001772900213436,0.8952095808383234,0.9492063492063492,35,16,0.03203416978109984,1.0
alpha->beta,station,review,54,9,1873,314,0.8662175960969322,0.8911822241774398,0.9046153846153846,0.9363057324840764,31,20,0.027762947143619862,1.0
alpha->beta,station,review,54,10,1873,319,0.8779943515638051,0.9001154331813989,0.9121212121212121,0.9435736677115988,29,18,0.030966364121729845,1.0
alpha->beta,station,review,54,11,1873,316,0.8663414874049984,0.8847104801943881,0.8839285714285714,0.939873417721519,39,19,0.03310197544046983,1.0
alpha->beta,station,review,54,12,1873,305,0.8735515876106409,0.9019375752119769,0.8954248366013072,0.898360655737705,32,31,0.03416978109983983,1.0
alpha->beta,station,review,54,13,1873,316,0.8743656325317876,0.9001386757921267,0.91875,0.930379746835443,26,22,0.028830752802989856,1.0
alpha->beta,station,review,54,14,1873,312,0.8789408293659081,0.8953178669852304,0.8782608695652174,0.9711538461538461,42,9,0.030432461292044848,1.0
alpha->beta,station,review,54,15,1873,316,0.8727430105330098,0.8971223132051152,0.9051987767584098,0.9367088607594937,31,20,0.028830752802989856,1.0
alpha->beta,station,review,54,16,1873,312,0.882595023595698,0.9007705863969528,0.8902077151335311,0.9615384615384616,37,12,0.028830752802989856,1.0
alpha->beta,station,review,54,17,1873,311,0.8795695981143002,0.9011902747238297,0.9040247678018576,0.9389067524115756,31,19,0.03203416978109984,1.0
alpha->beta,station,review,54,18,1873,317,0.8800792976137959,0.9055660384827573,0.9138461538461539,0.9369085173501577,28,20,0.027762947143619862,1.0
alpha->beta,station,review,54,19,1873,315,0.8726999562889501,0.8957162366836612,0.8982035928143712,0.9523809523809523,34,15,0.02829684997330486,1.0
alpha->beta,station,review,108,0,1441,192,0.8686920641858924,0.897618663879384,0.905940594059406,0.953125,19,9,0.02359472588480222,1.0
alpha->beta,station,review,108,1,1441,194,0.8677874749862078,0.9021991646023435,0.9414893617021277,0.9123711340206185,11,17,0.024288688410825817,1.0
alpha->beta,station,review,108,2,1441,190,0.8837728571789415,0.9143034906392372,0.9375,0.9473684210526315,12,10,0.021512838306731435,1.0
alpha->beta,station,review,108,3,1441,187,0.8960365100825816,0.9176396619468449,0.923469387755102,0.9679144385026738,15,6,0.020818875780707843,1.0
alpha->beta,station,review,108,4,1441,192,0.8757590101178936,0.9054531578992927,0.927461139896373,0.9322916666666666,14,13,0.11519777931991672,1.0
alpha->beta,station,review,108,5,1441,191,0.8671347390570371,0.8996404260288394,0.9267015706806283,0.9267015706806283,14,14,0.021512838306731435,1.0
alpha->beta,station,review,108,6,1441,190,0.8935708980025587,0.9324732349629036,0.9453551912568307,0.9105263157894737,10,17,0.020124913254684247,1.0
alpha->beta,station,review,108,7,1441,180,0.8692314899078866,0.8918613626313242,0.91005291005291,0.9555555555555556,17,8,0.01943095072866065,1.0
alpha->beta,station,review,108,8,1441,189,0.8833730078219348,0.9077885722774889,0.923469387755102,0.9576719576719577,15,8,0.01943095072866065,1.0
alpha->beta,station,review,108,9,1441,193,0.8753415120725055,0.9058951116207082,0.9278350515463918,0.9326424870466321,14,13,0.021512838306731435,1.0
alpha->beta,station,review,108,10,1441,198,0.8782221069103848,0.9062382773462658,0.9253731343283582,0.9393939393939394,15,12,0.022900763358778626,1.0
alpha->beta,station,review,108,11,1441,193,0.8728259308466814,0.8945817039967484,0.9195979899497487,0.9481865284974094,16,10,0.018043025676613464,1.0
alpha->beta,station,review,108,12,1441,192,0.8675350470566112,0.9013390359033665,0.9414893617021277,0.921875,11,15,0.024288688410825817,1.0
alpha->beta,station,review,108,13,1441,197,0.8700501472612091,0.905321026690378,0.9378238341968912,0.9187817258883249,12,16,0.020818875780707843,1.0
alpha->beta,station,review,108,14,1441,196,0.8793100342661476,0.9172057647670012,0.9521276595744681,0.9132653061224489,9,17,0.024288688410825817,1.0
alpha->beta,station,review,108,15,1441,188,0.8704533083616298,0.9003735932301191,0.9226804123711341,0.9521276595744681,15,9,0.02359472588480222,1.0
alpha->beta,station,review,108,16,1441,186,0.8815925701510948,0.9138506961781367,0.9263157894736842,0.946236559139785,14,10,0.01943095072866065,1.0
alpha->beta,station,review,108,17,1441,185,0.8665884983628414,0.8948106038782858,0.9157894736842105,0.9405405405405406,16,11,0.020818875780707843,1.0
alpha->beta,station,review,108,18,1441,191,0.8829508937568797,0.9135971970406266,0.9319371727748691,0.9319371727748691,13,13,0.027758501040943788,1.0
alpha->beta,station,review,108,19,1441,191,0.8728129388646537,0.9027783949459058,0.9315789473684211,0.9267015706806283,13,14,0.022900763358778626,1.0
beta->alpha,k0_source_pair,-,0,0,10425,3381,0.8741830166907575,0.9347037147440697,0.99906191369606,0.6299911268855368,2,1251,0.05064748201438849,
beta->alpha,all_labels_intercept,-,-1,0,10425,3381,0.8712171716797019,0.8917178172828927,0.9828665568369028,0.8822833481218575,52,398,0.023597122302158272,
beta->alpha,R0_within_cohort,-,-1,0,10425,3381,0.8692058067623027,0.8885742368962344,0.9773162939297124,0.9047619047619048,71,322,0.026091127098321343,
beta->alpha,population,random,9,0,10425,3381,0.875773340501388,0.9088224957879089,0.9901103081019399,0.7698905649216208,26,778,0.13630695443645083,1.0
beta->alpha,population,random,9,1,10425,3381,0.8711037379203831,0.911109874963649,0.9910714285714286,0.7551020408163265,23,828,0.1358273381294964,2.0
beta->alpha,population,random,9,2,10425,3381,0.8724741247524704,0.8959837306641869,0.9868101353696633,0.8408754806270334,38,538,0.1223021582733813,1.0
beta->alpha,population,random,9,3,10425,3381,0.8720227579415527,0.9017353803235083,0.9806763285024155,0.8405797101449275,56,539,0.05151079136690648,1.0
beta->alpha,population,random,9,4,10425,3381,0.8708901014834639,0.8916206103217633,0.9804241435562806,0.8887902987281869,60,376,0.1381294964028777,0.0
beta->alpha,population,random,9,5,10425,3381,0.8577847531829124,0.9120509235458393,0.9933070866141732,0.74622892635315,17,858,0.0339568345323741,0.0
beta->alpha,population,random,9,6,10425,3381,0.8765220410874738,0.9053980672295453,0.9850746268656716,0.8198757763975155,42,609,0.08047961630695444,0.0
beta->alpha,population,random,9,7,10425,3381,0.8742815784692808,0.9002846537297401,0.9868186676166726,0.8192842354333038,37,611,0.13851318944844124,0.0
beta->alpha,population,random,9,8,10425,3381,0.8717150104336315,0.8924848602903737,0.9829116003943477,0.8846495119787046,52,390,0.22916067146282973,1.0
beta->alpha,population,random,9,9,10425,3381,0.8744809111477214,0.9063598085609341,0.9912713472485768,0.7725524992605738,23,769,0.13381294964028778,1.0
beta->alpha,population,random,9,10,10425,3381,0.8694175743382573,0.8998491717348334,0.9865961199294533,0.8272700384501627,38,584,0.04086330935251799,1.0
beta->alpha,population,random,9,11,10425,3381,0.8765139025507587,0.9112731342297065,0.9911093931194433,0.7583555161194913,23,817,0.10426858513189448,1.0
beta->alpha,population,random,9,12,10425,3381,0.8728414842916671,0.8946673060240805,0.9874277947672443,0.8595090209997043,37,475,0.13995203836930456,0.0
beta->alpha,population,random,9,13,10425,3381,0.8756974978307019,0.9093467783559586,0.9897142857142858,0.7684117125110914,27,783,0.13419664268585133,2.0
beta->alpha,population,random,9,14,10425,3381,0.8746068658534668,0.8981530694119894,0.9877750611246944,0.8364389233954451,35,553,0.14014388489208632,0.0
beta->alpha,population,random,9,15,10425,3381,0.8754081383891342,0.8996294966392927,0.9900814736096352,0.8266784974859509,28,586,0.1289208633093525,0.0
beta->alpha,population,random,9,16,10425,3381,0.8741695618358518,0.8969599554615613,0.986731843575419,0.8358473824312334,38,555,0.06762589928057554,0.0
beta->alpha,population,random,9,17,10425,3381,0.874239858008123,0.8975144511000294,0.9884937238493724,0.8385093167701864,33,546,0.03242206235011991,0.0
beta->alpha,population,random,9,18,10425,3381,0.8735003643257578,0.8957358494980021,0.9868147120055517,0.8411712511091393,38,537,0.12853717026378897,0.0
beta->alpha,population,random,9,19,10425,3381,0.8704442585923354,0.9068257695367218,0.9869402985074627,0.782312925170068,35,736,0.07280575539568346,1.0
beta->alpha,population,random,18,0,10425,3381,0.8739397470829874,0.8952503622621131,0.9871317304436167,0.8621709553386572,38,466,0.025611510791366907,0.0
beta->alpha,population,random,18,1,10425,3381,0.8742749555906998,0.8953896157645108,0.9847023611572996,0.8757763975155279,46,420,0.06781774580335731,0.0
beta->alpha,population,random,18,2,10425,3381,0.8733832668946804,0.8987120254056856,0.9856943475226797,0.8355516119491275,41,556,0.029832134292565947,0.0
beta->alpha,population,random,18,3,10425,3381,0.8728855577020209,0.8940332754926321,0.9827127659574468,0.8742975451049986,52,425,0.06321342925659472,0.0
beta->alpha,population,random,18,4,10425,3381,0.875099261484161,0.8977871154629367,0.9831309041835358,0.8618751848565513,50,467,0.02657074340527578,0.0
beta->alpha,population,random,18,5,10425,3381,0.8705351186945937,0.8903308604119817,0.9813114754098361,0.8852410529429163,57,388,0.032709832134292564,0.0
beta->alpha,population,random,18,6,10425,3381,0.8705989652687416,0.8910733003076262,0.9817053250571709,0.8887902987281869,56,376,0.16920863309352518,0.0
beta->alpha,population,random,18,7,10425,3381,0.8742514922276609,0.8962004376568304,0.9857288481141692,0.8580301685891748,42,480,0.028585131894484413,0.0
beta->alpha,population,random,18,8,10425,3381,0.8722748749956692,0.8927210683953198,0.9829145728643216,0.867790594498669,51,447,0.12834532374100718,0.0
beta->alpha,population,random,18,9,10425,3381,0.8771446348199817,0.9004318797344983,0.9904929577464788,0.8320023661638568,27,568,0.026474820143884893,0.0
beta->alpha,population,random,18,10,10425,3381,0.8740650242632549,0.8961233089456464,0.9856508370345063,0.8532978408754807,42,496,0.02685851318944844,0.0
beta->alpha,population,random,18,11,10425,3381,0.8742514404009329,0.8971127384186937,0.9832707408671901,0.8518189884649512,49,501,0.04326139088729017,0.0
beta->alpha,population,random,18,12,10425,3381,0.8733334182158641,0.8956867287568165,0.9856065798492117,0.8506359065365277,42,505,0.029448441247002397,0.0
beta->alpha,population,random,18,13,10425,3381,0.8699912134992196,0.8897776191349629,0.979518855656697,0.891156462585034,63,368,0.06657074340527577,0.0
beta->alpha,population,random,18,14,10425,3381,0.8737113482302634,0.8968102529473386,0.9823489477257298,0.8559597752144336,52,487,0.03414868105515587,0.0
beta->alpha,population,random,18,15,10425,3381,0.876262753652946,0.8990699574124099,0.9899445214979196,0.844424726412304,29,526,0.03184652278177458,0.0
beta->alpha,population,random,18,16,10425,3381,0.8699033688605493,0.890347608529598,0.9819257311863293,0.8837622005323869,55,393,0.033189448441247,0.0
beta->alpha,population,random,18,17,10425,3381,0.8779103529228182,0.9016667486442322,0.9891948414081562,0.839396628216504,31,543,0.03117505995203837,0.0
beta->alpha,population,random,18,18,10425,3381,0.8632668302121226,0.9096227550967476,0.985837922895358,0.7412008281573499,36,875,0.04767386091127098,0.0
beta->alpha,population,random,18,19,10425,3381,0.8712288906601793,0.8923973432054859,0.9814015277316506,0.8740017746228926,56,426,0.12211031175059953,0.0
beta->alpha,population,random,27,0,10425,3381,0.8709578749521429,0.8914785583920256,0.9834656084656085,0.8796214137829045,50,407,0.02657074340527578,0.0
beta->alpha,population,random,27,1,10425,3381,0.8732556741436469,0.9008569545628414,0.9830742659758204,0.841762792073351,49,535,0.03904076738609113,0.0
beta->alpha,population,random,27,2,10425,3381,0.8775234409440466,0.901076806701924,0.9898174157303371,0.8337769890564921,29,562,0.02935251798561151,0.0
beta->alpha,population,random,27,3,10425,3381,0.8728317480402727,0.8947119652858382,0.984646878198567,0.8535936113575865,45,495,0.025035971223021584,0.0
beta->alpha,population,random,27,4,10425,3381,0.8718414912709377,0.895760206955414,0.9792155548105934,0.8639455782312925,62,460,0.07884892086330936,0.0
beta->alpha,population,random,27,5,10425,3381,0.8713423103870727,0.8922096756724099,0.9837317397078353,0.8763679384797397,49,418,0.0234052757793765,0.0
beta->alpha,population,random,27,6,10425,3381,0.8760994629852251,0.8986233915752568,0.9882960413080895,0.8491570541259982,34,510,0.027146282973621105,0.0
beta->alpha,population,random,27,7,10425,3381,0.8711404636620085,0.892016139286542,0.9839946648882961,0.8728186926944691,48,430,0.02973621103117506,0.0
beta->alpha,population,random,27,8,10425,3381,0.8739866537607869,0.8957977303832049,0.9845689365984569,0.868086364980775,46,446,0.15290167865707435,0.0
beta->alpha,population,random,27,9,10425,3381,0.873827707732656,0.8955236198084677,0.9868109570510653,0.8630582667849749,39,463,0.02158273381294964,0.0
beta->alpha,population,random,27,10,10425,3381,0.8721184827338233,0.893983463165693,0.9830680663731798,0.8586217095533866,50,478,0.031654676258992806,0.0
beta->alpha,population,random,27,11,10425,3381,0.8715778266138803,0.8923372339032821,0.9831293417135296,0.8790298728186927,51,409,0.03184652278177458,0.0
beta->alpha,population,random,27,12,10425,3381,0.8614751584982615,0.909005766368129,0.9842433125687065,0.7944395149364093,43,695,0.04364508393285372,0.0
beta->alpha,population,random,27,13,10425,3381,0.8713437563974505,0.8927384436673238,0.9828629032258065,0.865128660159716,51,456,0.02906474820143885,0.0
beta->alpha,population,random,27,14,10425,3381,0.8706003714079251,0.8912963634244492,0.98369384359401,0.8742975451049986,49,425,0.029544364508393286,0.0
beta->alpha,population,random,27,15,10425,3381,0.8752996070436844,0.8972760177367771,0.9851351351351352,0.8624667258207631,44,465,0.035299760191846524,0.0
beta->alpha,population,random,27,16,10425,3381,0.871685479624917,0.8926816789256287,0.9862462260986247,0.8695652173913043,41,441,0.030119904076738608,0.0
beta->alpha,population,random,27,17,10425,3381,0.8699179294932494,0.8905102760753522,0.9790232710586693,0.883466430050281,64,394,0.04402877697841727,0.0
beta->alpha,population,random,27,18,10425,3381,0.8758685219374616,0.8982086652265223,0.9889883000688231,0.8500443655723159,32,507,0.02724220623501199,0.0
beta->alpha,population,random,27,19,10425,3381,0.8721566500713522,0.8924967351611622,0.9815607507408627,0.8816918071576456,56,400,0.03664268585131895,0.0
beta->alpha,population,random,54,0,10425,3381,0.871218615406681,0.8921124774050517,0.9839946648882961,0.8728186926944691,48,430,0.0286810551558753,0.0
beta->alpha,population,random,54,1,10425,3381,0.8702430741439885,0.8909559243668042,0.982473544973545,0.8787341023365868,53,410,0.03175059952038369,0.0
beta->alpha,population,random,54,2,10425,3381,0.8729322243465485,0.8958510745002969,0.9861207494795281,0.8405797101449275,40,539,0.028489208633093524,0.0
beta->alpha,population,random,54,3,10425,3381,0.8714814720026313,0.8923580457361142,0.9840213049267643,0.8742975451049986,48,425,0.02158273381294964,0.0
beta->alpha,population,random,54,4,10425,3381,0.8725947614706293,0.8943766626593531,0.9835790884718498,0.868086364980775,49,446,0.026282973621103118,0.0
beta->alpha,population,random,54,5,10425,3381,0.8707419258956749,0.8910776020192748,0.9825543120473996,0.8828748890860693,53,396,0.02896882494004796,0.0
beta->alpha,population,random,54,6,10425,3381,0.8720711845614303,0.8943368025068834,0.9864038069340585,0.8583259390712807,40,479,0.03376498800959232,0.0
beta->alpha,population,random,54,7,10425,3381,0.871779799726315,0.8926890161046275,0.9849899933288859,0.8734102336586809,45,428,0.028297362110311752,0.0
beta->alpha,population,random,54,8,10425,3381,0.8719131077578178,0.8928622527447847,0.9838016528925619,0.8802129547471162,49,405,0.02896882494004796,0.0
beta->alpha,population,random,54,9,10425,3381,0.8708107329923523,0.8907974398531296,0.9812684850476503,0.8831706595681751,57,395,0.030023980815347722,0.0
beta->alpha,population,random,54,10,10425,3381,0.8708613669928832,0.891496175046441,0.9841531858699241,0.8816918071576456,48,400,0.0286810551558753,0.0
beta->alpha,population,random,54,11,10425,3381,0.8745507834961741,0.8963685686434899,0.9851200541088941,0.8615794143744454,44,468,0.03251798561151079,0.0
beta->alpha,population,random,54,12,10425,3381,0.8729188078438723,0.8951505445065829,0.9859154929577465,0.8488612836438924,41,511,0.024172661870503598,0.0
beta->alpha,population,random,54,13,10425,3381,0.8713381430031673,0.8922785388730873,0.9852596314907873,0.8698609878734103,44,440,0.023117505995203836,0.0
beta->alpha,population,random,54,14,10425,3381,0.8729038111877622,0.8940608526940758,0.9814753556070129,0.8775510204081632,56,414,0.03213429256594724,0.0
beta->alpha,population,random,54,15,10425,3381,0.8710678936402462,0.8915037874011721,0.9838230439088809,0.8813960366755398,49,401,0.02973621103117506,0.0
beta->alpha,population,random,54,16,10425,3381,0.868602775404663,0.8887145496696948,0.981342062193126,0.8867199053534457,57,383,0.03050359712230216,0.0
beta->alpha,population,random,54,17,10425,3381,0.8714870329501999,0.8917004006215342,0.9822075782537067,0.8816918071576456,54,400,0.031654676258992806,0.0
beta->alpha,population,random,54,18,10425,3381,0.8713948077025003,0.8932878468776541,0.9853542234332425,0.8556640047323277,43,488,0.032326139088729014,0.0
beta->alpha,population,random,54,19,10425,3381,0.8712241267121333,0.8919628234928073,0.9859766277128548,0.8734102336586809,42,428,0.023501199040767386,0.0
beta->alpha,population,random,108,0,10425,3381,0.8714161484884104,0.8915859270606369,0.9818780889621087,0.8813960366755398,55,401,0.02551558752997602,0.0
beta->alpha,population,random,108,1,10425,3381,0.8709277989864069,0.8915477925717761,0.9828269484808454,0.8802129547471162,52,405,0.025323741007194246,0.0
beta->alpha,population,random,108,2,10425,3381,0.8714557788156649,0.8922584120783439,0.9831683168316832,0.8811002661934338,51,402,0.028009592326139088,0.0
beta->alpha,population,random,108,3,10425,3381,0.8714362184627551,0.8921748505191058,0.9840848806366048,0.8778467908902692,48,413,0.02235011990407674,0.0
beta->alpha,population,random,108,4,10425,3381,0.8708184477545104,0.8913452387042157,0.9828439458924447,0.8811002661934338,52,402,0.02292565947242206,0.0
beta->alpha,population,random,108,5,10425,3381,0.871538031665639,0.8921349349114663,0.9817336433078712,0.8742975451049986,55,425,0.032709832134292564,0.0
beta->alpha,population,random,108,6,10425,3381,0.8703704993356506,0.8910406871914457,0.9828099173553719,0.8793256433007985,52,408,0.02685851318944844,0.0
beta->alpha,population,random,108,7,10425,3381,0.8703453453252994,0.8906660430946215,0.9832292009207497,0.8843537414965986,51,391,0.027338129496402876,0.0
beta->alpha,population,random,108,8,10425,3381,0.8711621359351324,0.8918819846481759,0.9824619457313037,0.878142561372375,53,412,0.022446043165467625,0.0
beta->alpha,population,random,108,9,10425,3381,0.8744437158267475,0.8962148953895636,0.9870748299319728,0.8583259390712807,38,479,0.024268585131894484,0.0
beta->alpha,population,random,108,10,10425,3381,0.8707031533205347,0.8911085115449681,0.9832126398946676,0.883466430050281,51,394,0.02896882494004796,0.0
beta->alpha,population,random,108,11,10425,3381,0.870633438834025,0.8909882337642765,0.9835634451019066,0.8849452824608104,50,389,0.026282973621103118,0.0
beta->alpha,population,random,108,12,10425,3381,0.870656781654358,0.890834692312053,0.9823066841415465,0.8867199053534457,54,383,0.028393285371702638,0.0
beta->alpha,population,random,108,13,10425,3381,0.8709391458038837,0.8917126279752221,0.9844319311030142,0.8790298728186927,47,409,0.02906474820143885,0.0
beta->alpha,population,random,108,14,10425,3381,0.8716185107852757,0.8922452414633617,0.9847833278200463,0.8805087252292221,46,404,0.027050359712230215,0.0
beta->alpha,population,random,108,15,10425,3381,0.8700740384909083,0.8903813432560282,0.9810022928267278,0.8858325939071281,58,386,0.033189448441247,0.0
beta->alpha,population,random,108,16,10425,3381,0.870493612288969,0.8912775169459854,0.9827185111332669,0.8745933155871044,52,424,0.026762589928057554,0.0
beta->alpha,population,random,108,17,10425,3381,0.872602548767052,0.8935160747203956,0.9853137516688919,0.8731144631765749,44,429,0.02513189448441247,0.0
beta->alpha,population,random,108,18,10425,3381,0.8730272894423936,0.8943884753315448,0.9852497485752598,0.8692694469091985,44,442,0.026762589928057554,0.0
beta->alpha,population,random,108,19,10425,3381,0.8713033365396581,0.8919631526743863,0.9828155981493721,0.8796214137829045,52,407,0.02484412470023981,0.0
beta->alpha,population,review,9,0,10425,3381,0.8714384502382103,0.8922274620073797,0.9843489843489843,0.8742975451049986,47,425,0.028585131894484413,1.0
beta->alpha,population,review,9,1,10425,3381,0.8718230316910139,0.8930078006235775,0.9858870967741935,0.867790594498669,42,447,0.021390887290167866,0.0
beta->alpha,population,review,9,2,10425,3381,0.8747101956973593,0.8968478132515647,0.9883760683760684,0.855072463768116,34,490,0.027913669064748202,0.0
beta->alpha,population,review,9,3,10425,3381,0.8727419027747852,0.8931276625114671,0.9821251241310824,0.8775510204081632,54,414,0.05630695443645084,0.0
beta->alpha,population,review,9,4,10425,3381,0.8716303237523513,0.8919794547353722,0.9824619457313037,0.878142561372375,53,412,0.02762589928057554,0.0
beta->alpha,population,review,9,5,10425,3381,0.8702932688181385,0.8906886233762427,0.9816333224007872,0.8852410529429163,56,388,0.02964028776978417,0.0
beta->alpha,population,review,9,6,10425,3381,0.8722335695845953,0.8936640291733549,0.9864910503208375,0.8639455782312925,40,460,0.021774580335731417,0.0
beta->alpha,population,review,9,7,10425,3381,0.8717070118419308,0.8946977439923767,0.9850034083162917,0.85477669328601,44,491,0.05103117505995204,1.0
beta->alpha,population,review,9,8,10425,3381,0.8729456953177701,0.8943134757460586,0.9871794871794872,0.865424430641822,38,455,0.02158273381294964,0.0
beta->alpha,population,review,9,9,10425,3381,0.8719677676062313,0.8927224821979137,0.9831849653808111,0.8819875776397516,51,399,0.13189448441247004,0.0
beta->alpha,population,review,9,10,10425,3381,0.8718506189837949,0.8930410255842707,0.9859013091641491,0.8686779059449867,42,444,0.02685851318944844,0.0
beta->alpha,population,review,9,11,10425,3381,0.8706133621794171,0.8915362353627699,0.9837855724685639,0.8793256433007985,49,408,0.05726618705035971,0.0
beta->alpha,population,review,9,12,10425,3381,0.8747917249863406,0.896949916675999,0.9880260006842285,0.8541851523217983,35,493,0.02446043165467626,1.0
beta->alpha,population,review,9,13,10425,3381,0.8705336351957299,0.8914364668368038,0.9837533156498673,0.8775510204081632,49,414,0.025323741007194246,0.0
beta->alpha,population,review,9,14,10425,3381,0.8709611441767798,0.8914665297209206,0.984457671957672,0.8805087252292221,47,404,0.050167865707434055,0.0
beta->alpha,population,review,9,15,10425,3381,0.8718878094266798,0.8951065981812665,0.986878453038674,0.8453120378586217,38,523,0.02724220623501199,1.0
beta->alpha,population,review,9,16,10425,3381,0.872290216208605,0.8928129846637638,0.9823509823509824,0.8725229222123632,53,431,0.04163069544364508,1.0
beta->alpha,population,review,9,17,10425,3381,0.8726874324315229,0.8947339859022401,0.982573726541555,0.8671990535344573,52,449,0.09189448441247003,0.0
beta->alpha,population,review,9,18,10425,3381,0.8699606446147554,0.89034803040618,0.981639344262295,0.8855368234250222,56,387,0.03779376498800959,0.0
beta->alpha,population,review,9,19,10425,3381,0.8716913121864219,0.8946286561517967,0.9869100930072339,0.8473824312333629,38,516,0.02541966426858513,1.0
beta->alpha,population,review,18,0,10425,3381,0.8724442351609125,0.8941785084301693,0.9837177747625508,0.8577343981070689,48,481,0.10148681055155875,0.0
beta->alpha,population,review,18,1,10425,3381,0.8731344617429113,0.8948328465686549,0.9832878581173261,0.8527062999112689,49,498,0.038465227817745806,0.0
beta->alpha,population,review,18,2,10425,3381,0.8712478930588649,0.8936634089589515,0.9811954331766286,0.8642413487133984,56,459,0.07482014388489208,0.0
beta->alpha,population,review,18,3,10425,3381,0.8710542396846965,0.8916194409681338,0.9803471994759253,0.8852410529429163,60,388,0.056594724220623505,0.0
beta->alpha,population,review,18,4,10425,3381,0.8715603782183892,0.8926314348274924,0.9853137516688919,0.8731144631765749,44,429,0.03117505995203837,0.0
beta->alpha,population,review,18,5,10425,3381,0.8740507755907861,0.8955310845975041,0.9839411174305788,0.8698609878734103,48,440,0.039904076738609115,0.0
beta->alpha,population,review,18,6,10425,3381,0.8720470342978183,0.8933091561649424,0.9826782145236509,0.8725229222123632,52,431,0.04239808153477218,0.0
beta->alpha,population,review,18,7,10425,3381,0.8707139536734945,0.891065028504399,0.9829396325459318,0.8861283643892339,52,385,0.041918465227817746,0.0
beta->alpha,population,review,18,8,10425,3381,0.8709889805221115,0.8920646149973521,0.9843437708194537,0.8740017746228926,47,426,0.04585131894484412,0.0
beta->alpha,population,review,18,9,10425,3381,0.8709454160005554,0.8913364385897157,0.9822192953572605,0.8822833481218575,54,398,0.049592326139088726,0.0
beta->alpha,population,review,18,10,10425,3381,0.8687572523719896,0.8888693877666218,0.9796050501780511,0.8950014788524105,63,355,0.0815347721822542,0.0
beta->alpha,population,review,18,11,10425,3381,0.870802783421623,0.8918109450443006,0.983016983016983,0.8731144631765749,51,429,0.02935251798561151,0.0
beta->alpha,population,review,18,12,10425,3381,0.8745812030648912,0.8966487497379743,0.9880423641954219,0.8553682342502218,35,489,0.03261390887290168,0.0
beta->alpha,population,review,18,13,10425,3381,0.8712125938382688,0.8918089674464634,0.9834327369118622,0.8778467908902692,50,413,0.023213429256594725,0.0
beta->alpha,population,review,18,14,10425,3381,0.8759021053290783,0.8994393625891097,0.9891608391608392,0.8367346938775511,31,552,0.030119904076738608,0.0
beta->alpha,population,review,18,15,10425,3381,0.871287285929604,0.8921943007381892,0.9820598006644519,0.8742975451049986,54,425,0.026091127098321343,0.0
beta->alpha,population,review,18,16,10425,3381,0.8700862925531522,0.8906183052365425,0.9843801927550682,0.8760721679976339,47,419,0.02935251798561151,0.0
beta->alpha,population,review,18,17,10425,3381,0.8707214306827222,0.8915876897159872,0.9833776595744681,0.8748890860692103,50,423,0.025707434052757792,0.0
beta->alpha,population,review,18,18,10425,3381,0.8719026946450665,0.8927893673463997,0.9840425531914894,0.8754806270334221,48,421,0.03050359712230216,0.0
beta->alpha,population,review,18,19,10425,3381,0.8704508001988144,0.8909610700778804,0.9847732538894406,0.8799171842650103,46,406,0.030119904076738608,0.0
beta->alpha,population,review,27,0,10425,3381,0.8708931321487899,0.8914379642411598,0.9841479524438573,0.8813960366755398,48,401,0.02330935251798561,0.0
beta->alpha,population,review,27,1,10425,3381,0.8721389502877692,0.8932518461922117,0.9852596314907873,0.8698609878734103,44,440,0.02023980815347722,0.0
beta->alpha,population,review,27,2,10425,3381,0.8728616770154899,0.8946435752882719,0.9867075664621677,0.8562555456965395,39,486,0.04479616306954436,0.0
beta->alpha,population,review,27,3,10425,3381,0.8714051074634678,0.8922464564193056,0.984457671957672,0.8805087252292221,47,404,0.034244604316546766,0.0
beta->alpha,population,review,27,4,10425,3381,0.8699861233567993,0.8903569703323928,0.9823298429319371,0.8879029872818692,54,379,0.048729016786570746,0.0
beta->alpha,population,review,27,5,10425,3381,0.8719111319208409,0.8931168916004457,0.9848688634835239,0.8663117420881397,45,452,0.029160671462829735,0.0
beta->alpha,population,review,27,6,10425,3381,0.8718181730046095,0.8924023847827086,0.9823008849557522,0.8864241348713399,54,384,0.047961630695443645,0.0
beta->alpha,population,review,27,7,10425,3381,0.8717025831954447,0.8922074318733816,0.9823215476984657,0.8710440698018338,53,436,0.028201438848920863,0.0
beta->alpha,population,review,27,8,10425,3381,0.8722449419341889,0.8936463418720888,0.9855656260490098,0.8683821354628808,43,445,0.022541966426858514,0.0
beta->alpha,population,review,27,9,10425,3381,0.8705200967314206,0.891283411083536,0.98342175066313,0.8772552499260574,50,415,0.029448441247002397,0.0
beta->alpha,population,review,27,10,10425,3381,0.8720864014962952,0.8938932211858811,0.9871404399323181,0.8627624963028689,38,464,0.03155875299760192,0.0
beta->alpha,population,review,27,11,10425,3381,0.8730684191609217,0.8943071521606422,0.9866041527126591,0.8713398402839396,40,435,0.029160671462829735,0.0
beta->alpha,population,review,27,12,10425,3381,0.8708103890444571,0.8914625263391153,0.9807504078303426,0.8890860692102928,59,375,0.09707434052757793,0.0
beta->alpha,population,review,27,13,10425,3381,0.8716720732183503,0.8926858180828661,0.984005331556148,0.8734102336586809,48,428,0.025899280575539568,0.0
beta->alpha,population,review,27,14,10425,3381,0.8714240249338323,0.8923738931526081,0.9849749582637729,0.8725229222123632,45,431,0.020335731414868104,0.0
beta->alpha,population,review,27,15,10425,3381,0.8707563321343783,0.8907726383132716,0.9812314784326638,0.8813960366755398,57,401,0.034532374100719423,0.0
beta->alpha,population,review,27,16,10425,3381,0.8708930207525892,0.8909436086812081,0.9798111364376425,0.8899733806566105,62,372,0.04163069544364508,0.0
beta->alpha,population,review,27,17,10425,3381,0.8712190914647685,0.8913820370554829,0.9812191103789127,0.880804495711328,57,403,0.03856115107913669,0.0
beta->alpha,population,review,27,18,10425,3381,0.8698590032267215,0.8901846618505113,0.9829396325459318,0.8861283643892339,52,385,0.030119904076738608,0.0
beta->alpha,population,review,27,19,10425,3381,0.8701984341635445,0.8908232651358894,0.9812623274161736,0.8828748890860693,57,396,0.054388489208633095,0.0
beta->alpha,population,review,54,0,10425,3381,0.8697290328602417,0.8901561378063639,0.980411361410382,0.8881987577639752,60,378,0.03606714628297362,0.0
beta->alpha,population,review,54,1,10425,3381,0.8723668624773064,0.8935772384440029,0.9814998348199537,0.8787341023365868,56,410,0.03884892086330935,0.0
beta->alpha,population,review,54,2,10425,3381,0.873630064505205,0.8952761898595235,0.9871142760257714,0.8609878734102336,38,470,0.023213429256594725,0.0
beta->alpha,population,review,54,3,10425,3381,0.8698052979999945,0.8901790504029233,0.9806493932436865,0.8843537414965986,59,391,0.03175059952038369,0.0
beta->alpha,population,review,54,4,10425,3381,0.8732092866326336,0.8947171365382849,0.9837425348374254,0.8769594794439515,49,416,0.035875299760191846,0.0
beta->alpha,population,review,54,5,10425,3381,0.8703487209257149,0.8909206536652399,0.9841269841269841,0.8802129547471162,48,405,0.03290167865707434,0.0
beta->alpha,population,review,54,6,10425,3381,0.870971181491198,0.8915367507970766,0.9844782034346103,0.8816918071576456,47,400,0.027721822541966427,0.0
beta->alpha,population,review,54,7,10425,3381,0.8701355907833093,0.890007930713662,0.9800131061598951,0.8846495119787046,61,390,0.03606714628297362,0.0
beta->alpha,population,review,54,8,10425,3381,0.8700495203342602,0.8902872287528485,0.9810704960835509,0.8890860692102928,58,375,0.03338129496402878,0.0
beta->alpha,population,review,54,9,10425,3381,0.8697411394274446,0.8901408147698736,0.9804560260586319,0.8902691511387164,60,371,0.03827338129496403,0.0
beta->alpha,population,review,54,10,10425,3381,0.8713441955477104,0.8919838513667607,0.9828722002635046,0.8825791186039633,52,397,0.031462829736211034,0.0
beta->alpha,population,review,54,11,10425,3381,0.8705909162468628,0.8908809918424611,0.9810147299509001,0.8864241348713399,58,384,0.03616306954436451,0.0
beta->alpha,population,review,54,12,10425,3381,0.8703296823962597,0.889940558773717,0.9802204928664072,0.8941141674060928,61,358,0.04067146282973621,0.0
beta->alpha,population,review,54,13,10425,3381,0.8701721469061275,0.8898686025585677,0.9797451813132964,0.8870156758355516,62,382,0.045179856115107914,0.0
beta->alpha,population,review,54,14,10425,3381,0.8709982656587326,0.8916570701274403,0.9831293417135296,0.8790298728186927,51,409,0.0347242206235012,0.0
beta->alpha,population,review,54,15,10425,3381,0.8704562667847494,0.8912139282570202,0.9818181818181818,0.878438331854481,55,411,0.027146282973621105,0.0
beta->alpha,population,review,54,16,10425,3381,0.870003157875332,0.8901285839305545,0.9792409990269219,0.8929310854776693,64,362,0.054772182254196645,0.0
beta->alpha,population,review,54,17,10425,3381,0.8719968388485262,0.8929235721599987,0.9846666666666667,0.8737060041407867,46,427,0.03223021582733813,0.0
beta->alpha,population,review,54,18,10425,3381,0.871218513691932,0.891175906944199,0.9810457516339869,0.8879029872818692,58,379,0.03980815347721822,0.0
beta->alpha,population,review,54,19,10425,3381,0.8712226257267464,0.8915915452662292,0.9821546596166556,0.8790298728186927,54,409,0.03079136690647482,0.0
beta->alpha,population,review,108,0,10425,3381,0.8697232851267033,0.8899570344876058,0.9826853969291082,0.8896776101745045,53,373,0.034244604316546766,0.0
beta->alpha,population,review,108,1,10425,3381,0.8717214839139812,0.8928677029158588,0.9853333333333333,0.8742975451049986,44,425,0.02762589928057554,0.0
beta->alpha,population,review,108,2,10425,3381,0.869904510897036,0.8902732965514158,0.9819316688567674,0.8840579710144928,55,392,0.030023980815347722,0.0
beta->alpha,population,review,108,3,10425,3381,0.8697431044217697,0.8899424483506292,0.9820671666123247,0.8908606921029282,55,369,0.033189448441247,0.0
beta->alpha,population,review,108,4,10425,3381,0.870490217171404,0.8909612561871443,0.9820143884892086,0.8881987577639752,55,378,0.038465227817745806,0.0
beta->alpha,population,review,108,5,10425,3381,0.8709389761805014,0.8910368313221346,0.9811074918566776,0.8908606921029282,58,369,0.03760191846522782,0.0
beta->alpha,population,review,108,6,10425,3381,0.8695888442621279,0.889907893882876,0.9813053460150869,0.8849452824608104,57,389,0.030215827338129497,0.0
beta->alpha,population,review,108,7,10425,3381,0.8714996838728087,0.8923082428431436,0.9838016528925619,0.8802129547471162,49,405,0.03357314148681055,0.0
beta->alpha,population,review,108,8,10425,3381,0.8708667888863008,0.8915343318550484,0.9815910585141354,0.8831706595681751,56,395,0.0339568345323741,0.0
beta->alpha,population,review,108,9,10425,3381,0.870176643766866,0.8906525077633776,0.9798505037374066,0.8917480035492458,62,366,0.04143884892086331,0.0
beta->alpha,population,review,108,10,10425,3381,0.8708688341058265,0.8909805034981196,0.981243830207305,0.8819875776397516,57,399,0.03280575539568345,0.0
beta->alpha,population,review,108,11,10425,3381,0.870907640983526,0.8915760909291541,0.9844370860927152,0.8793256433007985,47,408,0.025227817745803356,0.0
beta->alpha,population,review,108,12,10425,3381,0.8730134185384919,0.8942964015000604,0.98561872909699,0.8716356107660456,43,434,0.025995203836930457,0.0
beta->alpha,population,review,108,13,10425,3381,0.8700841694795122,0.8905605546218861,0.979518855656697,0.891156462585034,63,368,0.04249400479616307,0.0
beta->alpha,population,review,108,14,10425,3381,0.8703465984975716,0.8911152972649631,0.9843853820598006,0.8763679384797397,47,418,0.028489208633093524,0.0
beta->alpha,population,review,108,15,10425,3381,0.8706491415107194,0.890344343641873,0.9814090019569471,0.8899733806566105,57,372,0.03299760191846523,0.0
beta->alpha,population,review,108,16,10425,3381,0.8710568957998103,0.8907799304992409,0.9810704960835509,0.8890860692102928,58,375,0.033189448441247,0.0
beta->alpha,population,review,108,17,10425,3381,0.870897282492194,0.8911347949926977,0.9822660098522168,0.8846495119787046,54,390,0.026378896882494004,0.0
beta->alpha,population,review,108,18,10425,3381,0.8703752116219935,0.8905373013103937,0.9795520934761441,0.8926353149955635,63,363,0.035107913669064746,0.0
beta->alpha,population,review,108,19,10425,3381,0.8725791939513949,0.8938835672163243,0.9835845896147404,0.8683821354628808,49,445,0.026762589928057554,0.0
beta->alpha,station,random,9,0,10335,3353,0.8707850817937917,0.8918861053931156,0.979076718698107,0.8792126453921861,63,405,0.055152394775036286,5.0
beta->alpha,station,random,9,1,10335,3353,0.8675435354181177,0.8870272125988298,0.977871786527823,0.8962123471518043,68,348,0.16516690856313498,3.0
beta->alpha,station,random,9,2,10335,3354,0.8736309909810248,0.8957632847821843,0.9865887207702888,0.8553965414430531,39,485,0.04150943396226415,4.0
beta->alpha,station,random,9,3,10335,3357,0.8765322169053811,0.9009271785237527,0.9883966244725738,0.837354781054513,33,546,0.03647798742138365,5.0
beta->alpha,station,random,9,4,10335,3354,0.8718143346921245,0.8940656110097073,0.9800405953991881,0.8637447823494335,59,457,0.0428640541848089,5.0
beta->alpha,station,random,9,5,10335,3351,0.8705464075404181,0.8899658987624809,0.9763754045307443,0.9003282602208296,73,334,0.08514755684567005,4.0
beta->alpha,station,random,9,6,10335,3347,0.8738205598079417,0.903401112688513,0.9854067858445823,0.8069913355243502,40,646,0.033381712626995644,5.0
beta->alpha,station,random,9,7,10335,3352,0.8743190983546341,0.896794982800177,0.9850238257317904,0.8633651551312649,44,458,0.03260764392839865,5.0
beta->alpha,station,random,9,8,10335,3349,0.8728190304229223,0.8976876661657397,0.9811912225705329,0.8411466109286354,54,532,0.07256894049346879,4.0
beta->alpha,station,random,9,9,10335,3351,0.8701900475183753,0.8903764218772935,0.9824095585794889,0.8833184124142047,53,391,0.045476536042573776,4.0
beta->alpha,station,random,9,10,10335,3354,0.8758311904193159,0.909000376701987,0.9878138847858198,0.7975551580202743,33,679,0.04073536526366715,6.0
beta->alpha,station,random,9,11,10335,3353,0.8723037254996806,0.8935187708806953,0.9852840520191649,0.8586340590515956,43,474,0.0393807450411224,3.0
beta->alpha,station,random,9,12,10335,3354,0.8719111043308162,0.8951211034119063,0.9828178694158075,0.8527131782945736,50,494,0.1331398161586841,4.0
beta->alpha,station,random,9,13,10335,3357,0.8712992997895229,0.9068454185180072,0.9919416730621642,0.7700327673518021,21,772,0.043444605708756655,4.0
beta->alpha,station,random,9,14,10335,3352,0.8736749800526282,0.8953747821298892,0.9856361149110807,0.8597852028639618,42,470,0.02602805999032414,4.0
beta->alpha,station,random,9,15,10335,3348,0.8717030348953381,0.9014980511793792,0.9886363636363636,0.8055555555555556,31,651,0.03231736816642477,5.0
beta->alpha,station,random,9,16,10335,3349,0.8730024915815433,0.8941399034773827,0.9796327212020033,0.8760824126604957,61,415,0.11069182389937107,4.0
beta->alpha,station,random,9,17,10335,3354,0.8745150085163704,0.8979209823534147,0.9874651810584958,0.8455575432319619,36,518,0.035703918722786644,4.0
beta->alpha,station,random,9,18,10335,3348,0.8692426313957765,0.8990048092865591,0.980246913580247,0.8300477897252091,56,569,0.11785195936139332,6.0
beta->alpha,station,random,9,19,10335,3351,0.8754686544202133,0.8976513495797853,0.9895251396648045,0.8457176962100865,30,517,0.026124818577648767,4.0
beta->alpha,station,random,18,0,10245,3326,0.8723246881449832,0.8931148827575445,0.9805434417980543,0.8788334335538184,58,403,0.037872132747681794,4.0
beta->alpha,station,random,18,1,10245,3322,0.8713594352694896,0.8925284447119898,0.9816237888406282,0.884406983744732,55,384,0.03709126403123475,4.0
beta->alpha,station,random,18,2,10245,3324,0.8713021070911574,0.8909533996610596,0.9789473684210527,0.8953068592057761,64,348,0.07349926793557833,4.0
beta->alpha,station,random,18,3,10245,3320,0.8680722266128712,0.8882352466839374,0.9797879390324719,0.8906626506024097,61,363,0.04587603709126403,4.0
beta->alpha,station,random,18,4,10245,3320,0.8716349846451918,0.891849296188371,0.9803856382978723,0.8882530120481927,59,371,0.04333821376281113,4.0
beta->alpha,station,random,18,5,10245,3316,0.8696235674458372,0.8894937654728028,0.9780399868895444,0.8998793727382388,67,332,0.15324548560273304,3.0
beta->alpha,station,random,18,6,10245,3318,0.8709896108650784,0.8923544543268084,0.9780108254397835,0.8713080168776371,65,427,0.10990727183992191,4.0
beta->alpha,station,random,18,7,10245,3325,0.8686671436890072,0.8881856751910499,0.9789957335083689,0.8971428571428571,64,342,0.04978038067349927,4.0
beta->alpha,station,random,18,8,10245,3327,0.8744934903526714,0.8959391480305556,0.9861543786777431,0.8563270213405471,40,478,0.028111273792093706,4.0
beta->alpha,station,random,18,9,10245,3315,0.8703492914811678,0.8915386477772359,0.9800473452823808,0.8742081447963801,59,417,0.04685212298682284,3.0
beta->alpha,station,random,18,10,10245,3326,0.8711711305814275,0.8919495865841863,0.9814015277316506,0.8884546001202646,56,371,0.04411908247925817,4.0
beta->alpha,station,random,18,11,10245,3326,0.8721646972327142,0.8929387019418275,0.9814752441899629,0.8761274804570054,55,412,0.030453879941434846,4.0
beta->alpha,station,random,18,12,10245,3329,0.8753527754859153,0.8993756764124526,0.9889561809761311,0.8338840492640432,31,553,0.02879453391898487,4.0
beta->alpha,station,random,18,13,10245,3322,0.8732253011609388,0.8952560302256862,0.9864958448753463,0.8576158940397351,39,473,0.034553440702781844,4.0
beta->alpha,station,random,18,14,10245,3329,0.873499294223276,0.8966529513356297,0.9900990099009901,0.8410934214478822,28,529,0.030258662762323085,3.0
beta->alpha,station,random,18,15,10245,3316,0.8711639815600543,0.890506802080948,0.9792831305491615,0.8980699638118215,63,338,0.046949731576378724,3.0
beta->alpha,station,random,18,16,10245,3323,0.8755676241433454,0.9065509099740421,0.9843416370106761,0.8323803791754438,44,557,0.04509516837481698,5.0
beta->alpha,station,random,18,17,10245,3329,0.8734396427121663,0.8942505852411422,0.9821728893373697,0.8771402823670772,53,409,0.03718887262079063,4.0
beta->alpha,station,random,18,18,10245,3327,0.8707104734381942,0.8923308432862348,0.9818426361802286,0.8776675683799219,54,407,0.03601756954612006,4.0
beta->alpha,station,random,18,19,10245,3325,0.8712241378480519,0.8929144437958139,0.9809428284854563,0.882406015037594,57,391,0.036896046852122985,4.0
beta->alpha,station,random,27,0,10155,3291,0.8710368705258391,0.8904118322963483,0.9757217847769029,0.9036766940139775,74,317,0.1604135893648449,3.0
beta->alpha,station,random,27,1,10155,3295,0.8679367181865618,0.8881274398474281,0.9787234042553191,0.8934749620637329,64,351,0.09226981782373216,3.0
beta->alpha,station,random,27,2,10155,3293,0.8712994177611556,0.8908191656977015,0.9799599198396793,0.8909808685089584,60,359,0.1359921221073363,3.0
beta->alpha,station,random,27,3,10155,3295,0.869462911271157,0.8898843769383269,0.9811511275664759,0.8846737481031867,56,380,0.04017725258493353,4.0
beta->alpha,station,random,27,4,10155,3292,0.8709620413325657,0.8913083721616996,0.9827118644067797,0.8806196840826246,51,393,0.12112259970457903,3.0
beta->alpha,station,random,27,5,10155,3306,0.8731955200725432,0.896644250347911,0.9823468328141225,0.8584392014519057,51,468,0.13559822747415065,4.0
beta->alpha,station,random,27,6,10155,3291,0.8707134980386773,0.8912595023262329,0.9830278343516633,0.8799756912792465,50,395,0.054948301329394385,3.0
beta->alpha,station,random,27,7,10155,3292,0.8718213002377191,0.8919012377212211,0.9801680672268908,0.8857837181044957,59,376,0.03545051698670606,4.0
beta->alpha,station,random,27,8,10155,3296,0.8703905887712454,0.8912890558491721,0.9865656217705822,0.8689320388349514,39,432,0.0241260462826194,4.0
beta->alpha,station,random,27,9,10155,3288,0.870836000818874,0.8910065388281139,0.9808917197452229,0.8899026763990268,57,362,0.1188577055637617,4.0
beta->alpha,station,random,27,10,10155,3299,0.8725747855355596,0.8924752588458075,0.980365605958023,0.877841770233404,58,403,0.03978335795174791,4.0
beta->alpha,station,random,27,11,10155,3285,0.8700070141669848,0.8898248079030476,0.9817752278096524,0.8855403348554034,54,376,0.031610044313146235,3.0
beta->alpha,station,random,27,12,10155,3282,0.8689492911233844,0.8882048970807978,0.9784625579854208,0.8997562461913468,65,329,0.14455933037912358,3.0
beta->alpha,station,random,27,13,10155,3296,0.8707295503544683,0.8916728078660131,0.9856948228882834,0.8780339805825242,42,402,0.02826193993106844,4.0
beta->alpha,station,random,27,14,10155,3290,0.8681177690722405,0.888626778254358,0.9804845222072678,0.8857142857142857,58,376,0.049630723781388476,3.0
beta->alpha,station,random,27,15,10155,3293,0.8697025745020802,0.8899215764850232,0.9805499664654594,0.8879441238991801,58,369,0.03604135893648449,4.0
beta->alpha,station,random,27,16,10155,3281,0.8684189319464255,0.888773486393825,0.9811129848229342,0.8866199329472721,56,372,0.054357459379615954,4.0
beta->alpha,station,random,27,17,10155,3296,0.8698343016188329,0.8904490151727952,0.9793402199266911,0.8916868932038835,62,357,0.1414081733136386,3.0
beta->alpha,station,random,27,18,10155,3294,0.8718251677518065,0.8925237545873873,0.9824027072758037,0.8812993321190042,52,391,0.028557360905957656,4.0
beta->alpha,station,random,27,19,10155,3291,0.8688306524753363,0.8890405890333193,0.9797140006651147,0.8951686417502279,61,345,0.048055145248645986,4.0
beta->alpha,station,random,54,0,9885,3213,0.8713327428107789,0.8917044005277128,0.9805128205128205,0.892623716153128,57,345,0.12139605462822459,4.0
beta->alpha,station,random,54,1,9885,3209,0.8693822808182177,0.8900826565864984,0.9822916666666667,0.8815830476784045,51,380,0.03014668689934244,3.0
beta->alpha,station,random,54,2,9885,3202,0.870291946957115,0.8907199948666638,0.9823529411764705,0.886633354153654,51,363,0.13485078401618614,3.0
beta->alpha,station,random,54,3,9885,3211,0.8716220352982653,0.8922593950144198,0.9846582984658299,0.8794767985051386,44,387,0.02893272635306019,4.0
beta->alpha,station,random,54,4,9885,3209,0.8694021994941781,0.8896158409937914,0.9820998278829605,0.8890620130881894,52,356,0.03237228123419322,4.0
beta->alpha,station,random,54,5,9885,3197,0.8710004826289091,0.8910942399535562,0.9833506763787722,0.8867688457929309,48,362,0.03672230652503793,4.0
beta->alpha,station,random,54,6,9885,3218,0.8705136609925931,0.8912242937991878,0.9827645639434678,0.8859540087010566,50,367,0.12918563480020231,3.0
beta->alpha,station,random,54,7,9885,3206,0.8719864062543965,0.8919729788593803,0.9797041623667011,0.8883343730505302,59,358,0.03631765300961052,3.0
beta->alpha,station,random,54,8,9885,3202,0.8702934250424903,0.8912097813810446,0.9814490724536227,0.8757026858213617,53,398,0.03692463328275165,3.0
beta->alpha,station,random,54,9,9885,3208,0.8680472955875768,0.8883886094356466,0.9801573725624358,0.8930798004987531,58,343,0.13687405159332322,3.0
beta->alpha,station,random,54,10,9885,3203,0.869727924095552,0.8898529031974395,0.9806629834254144,0.8866687480487043,56,363,0.03844208396560445,4.0
beta->alpha,station,random,54,11,9885,3191,0.8695773641146438,0.8894531430923519,0.9801505817932923,0.8975242870573488,58,327,0.039656044511886694,3.0
beta->alpha,station,random,54,12,9885,3205,0.8711782532107187,0.8921824079532469,0.9805892547660312,0.8826833073322933,56,376,0.036519979767324226,3.0
beta->alpha,station,random,54,13,9885,3196,0.8673545790691825,0.8876514506911264,0.9800481596147231,0.8914267834793492,58,347,0.040667678300455236,4.0
beta->alpha,station,random,54,14,9885,3202,0.8703983976001022,0.8907951806154603,0.9816418427433322,0.8850718301061836,53,368,0.13222053616590795,3.0
beta->alpha,station,random,54,15,9885,3213,0.8710038873253145,0.8915786805098653,0.9823651452282157,0.8842203548085901,51,372,0.03368740515933232,4.0
beta->alpha,station,random,54,16,9885,3196,0.8695938120681991,0.8894188814117243,0.9810082872928176,0.8889236545682102,55,355,0.03732928679817906,3.0
beta->alpha,station,random,54,17,9885,3197,0.8689629798920364,0.8892898046816377,0.9799931010693342,0.8886456052549265,58,356,0.0370257966616085,4.0
beta->alpha,station,random,54,18,9885,3217,0.8697841752024458,0.8901560250903608,0.9807626245276537,0.8874728007460366,56,362,0.034092058674759736,3.0
beta->alpha,station,random,54,19,9885,3206,0.8714197184038616,0.8920154245054503,0.9838822704975473,0.875857766687461,46,398,0.0291350531107739,3.0
beta->alpha,station,random,108,0,9345,3025,0.8705874009506143,0.8899578689156582,0.9784172661870504,0.8991735537190083,60,305,0.14093097913322633,3.0
beta->alpha,station,random,108,1,9345,3040,0.869614625689136,0.8895511973342743,0.9808318264014466,0.8921052631578947,53,328,0.035098983413590155,3.0
beta->alpha,station,random,108,2,9345,3034,0.8700881710354794,0.8897726330485211,0.9782844733984799,0.8909030982201714,60,331,0.04066345639379347,3.0
beta->alpha,station,random,108,3,9345,3024,0.8718466993495392,0.8921363267179294,0.9810357403355215,0.8895502645502645,52,334,0.03124665596575709,3.0
beta->alpha,station,random,108,4,9345,3036,0.869986855580095,0.8895953538305524,0.9801801801801802,0.8959156785243741,55,316,0.036276083467094704,3.0
beta->alpha,station,random,108,5,9345,3018,0.8676329658154956,0.8880628297664311,0.9817916970138383,0.8933068257123923,50,322,0.13611556982343498,3.0
beta->alpha,station,random,108,6,9345,3041,0.8633660477516238,0.8839907814608207,0.9805335255948089,0.8944426175600132,54,321,0.035955056179775284,3.0
beta->alpha,station,random,108,7,9345,3021,0.8695070708524258,0.8887371485402122,0.9790840245221781,0.8987090367428004,58,306,0.0409844836811129,3.0
beta->alpha,station,random,108,8,9345,3026,0.8694535432043651,0.8896750057637328,0.9803063457330415,0.8883013879709187,54,338,0.03467094703049759,3.0
beta->alpha,station,random,108,9,9345,3035,0.8678821526992826,0.8880559923058311,0.9814747548129313,0.8902800658978584,51,333,0.12948100588550027,3.0
beta->alpha,station,random,108,10,9345,3014,0.8710119219009012,0.8904236168570974,0.980427691192461,0.8974784339747843,54,309,0.03927233814874264,3.0
beta->alpha,station,random,108,11,9345,3020,0.866594621286095,0.8866450610528914,0.9797760924521488,0.8983443708609271,56,307,0.037988228999464954,3.0
beta->alpha,station,random,108,12,9345,3038,0.8745159071602976,0.8950087970586293,0.9827901867447821,0.8834759710335747,47,354,0.029534510433386837,3.0
beta->alpha,station,random,108,13,9345,3029,0.8706151456641462,0.8901735406383633,0.9819168173598554,0.89633542423242,50,314,0.034777956126270736,3.0
beta->alpha,station,random,108,14,9345,3022,0.8686877287887965,0.8896072923355242,0.981118373275236,0.8941098610191925,52,320,0.03606206527554842,3.0
beta->alpha,station,random,108,15,9345,3023,0.8673833854682449,0.8871812860942343,0.9776817854571634,0.8984452530598743,62,307,0.14135901551631888,3.0
beta->alpha,station,random,108,16,9345,3046,0.8709838292027146,0.890832874223837,0.9803350327749454,0.8837820091923835,54,354,0.03220973782771536,3.0
beta->alpha,station,random,108,17,9345,3038,0.8712745775998381,0.890920544835221,0.9798850574712644,0.8979591836734694,56,310,0.13408239700374533,3.0
beta->alpha,station,random,108,18,9345,3034,0.8702716497692817,0.8900132438897108,0.9818379949146385,0.8909030982201714,50,331,0.03124665596575709,3.0
beta->alpha,station,random,108,19,9345,3021,0.8663975616902168,0.8850769486785002,0.9763779527559056,0.9030122476001324,66,293,0.13879079721776352,3.0
beta->alpha,station,review,9,0,10335,3328,0.8712696826692117,0.9131587126111065,0.9892058596761758,0.7710336538461539,28,762,0.03347847121432027,5.0
beta->alpha,station,review,9,1,10335,3326,0.8711856553484684,0.9122169776789849,0.9842873176206509,0.791040288634997,42,695,0.06105466860183841,5.0
beta->alpha,station,review,9,2,10335,3330,0.8708991065427995,0.9077684226883519,0.993006993006993,0.7675675675675676,18,774,0.03880019351717465,5.0
beta->alpha,station,review,9,3,10335,3329,0.8706632019539564,0.9061532298935587,0.9891219891219891,0.764794232502253,28,783,0.08079342041606193,5.0
beta->alpha,station,review,9,4,10335,3330,0.8738663645899463,0.9110657630211272,0.9889101338432122,0.7765765765765765,29,744,0.0420899854862119,5.0
beta->alpha,station,review,9,5,10335,3328,0.8725763584803203,0.9038863867987843,0.9850267379679144,0.8302283653846154,42,565,0.0382196419932269,4.0
beta->alpha,station,review,9,6,10335,3327,0.8723779477975594,0.9174277799509314,0.9869067103109657,0.7249774571686204,32,915,0.06105466860183841,6.0
beta->alpha,station,review,9,7,10335,3330,0.8727269164933531,0.8962279303963835,0.9841433988279904,0.8573573573573574,46,475,0.04489598451862603,3.0
beta->alpha,station,review,9,8,10335,3328,0.8716772637455502,0.9025615548956635,0.983303730017762,0.8317307692307693,47,560,0.036284470246734396,4.0
beta->alpha,station,review,9,9,10335,3331,0.8732136226725886,0.9047499115702131,0.984521238300936,0.8210747523266286,43,596,0.06066763425253991,4.0
beta->alpha,station,review,9,10,10335,3329,0.872724431779089,0.8945763572057883,0.9849624060150376,0.8657254430759987,44,447,0.024189646831156264,3.0
beta->alpha,station,review,9,11,10335,3334,0.8733706716258671,0.8957194042215728,0.9878514404720583,0.853629274145171,35,488,0.023028543783260764,3.0
beta->alpha,station,review,9,12,10335,3330,0.8723015115703745,0.9021152110684815,0.9849042709867453,0.8033033033033034,41,655,0.03260764392839865,4.0
beta->alpha,station,review,9,13,10335,3327,0.8722256131618855,0.9045098732352262,0.9808456812432237,0.8157499248572287,53,613,0.07556845670053217,5.0
beta->alpha,station,review,9,14,10335,3330,0.8701434634702728,0.8910225668703513,0.9820538384845464,0.8873873873873874,54,375,0.04760522496371553,3.0
beta->alpha,station,review,9,15,10335,3326,0.87388983361885,0.918581900018557,0.9872794419368075,0.7233914612146722,31,920,0.045960328979196906,6.0
beta->alpha,station,review,9,16,10335,3329,0.8731429486332922,0.9086184471222747,0.9829028737722808,0.8116551516972064,47,627,0.06850507982583454,4.0
beta->alpha,station,review,9,17,10335,3328,0.8742304341074033,0.9205218669213907,0.9933054393305439,0.7133413461538461,16,954,0.04073536526366715,6.0
beta->alpha,station,review,9,18,10335,3327,0.873656044634719,0.9103398925753041,0.9870918754745635,0.7814848211602043,34,727,0.03492985002418965,5.0
beta->alpha,station,review,9,19,10335,3332,0.8698761863926947,0.8911356035942339,0.9825268817204301,0.8775510204081632,52,408,0.031059506531204643,3.0
beta->alpha,station,review,18,0,10245,3278,0.8693392301477736,0.8907706019589599,0.9800675675675675,0.8849908480780964,59,377,0.0746705710102489,3.0
beta->alpha,station,review,18,1,10245,3275,0.8676639682182643,0.8876108239053371,0.9777260638297872,0.8980152671755726,67,334,0.05583211322596388,3.0
beta->alpha,station,review,18,2,10245,3278,0.8701601633253264,0.900799192200617,0.9800214056368177,0.8380109823062843,56,531,0.054660810151293315,4.0
beta->alpha,station,review,18,3,10245,3277,0.8688154790316194,0.8901297481145872,0.982894286691755,0.876716509002136,50,404,0.033284529038555395,3.0
beta->alpha,station,review,18,4,10245,3275,0.8701873061029137,0.9017972782214104,0.9816017316017316,0.8308396946564885,51,554,0.04509516837481698,4.0
beta->alpha,station,review,18,5,10245,3280,0.868850754777378,0.889795967265624,0.9814377320283496,0.8865853658536585,55,372,0.06012689116642265,3.0
beta->alpha,station,review,18,6,10245,3274,0.8691766511662552,0.8984201498170516,0.980050779833152,0.8252901649358583,55,572,0.06305514885309907,4.0
beta->alpha,station,review,18,7,10245,3274,0.8677803680655889,0.8880056526740309,0.977561955793704,0.8915699450213805,67,355,0.09282576866764275,3.0
beta->alpha,station,review,18,8,10245,3273,0.8707843043990317,0.9018875643753633,0.9790334044065387,0.8417354109379774,59,518,0.07750122010736944,4.0
beta->alpha,station,review,18,9,10245,3276,0.8687363744907459,0.8890313794082578,0.9788377561303325,0.8894993894993894,63,362,0.04001952171791118,3.0
beta->alpha,station,review,18,10,10245,3276,0.8722096914441887,0.8945577748754759,0.9859943977591037,0.8595848595848596,40,460,0.034553440702781844,3.0
beta->alpha,station,review,18,11,10245,3276,0.8694091769020131,0.8900825365155978,0.9791596638655462,0.8891941391941391,62,363,0.05836993655441679,3.0
beta->alpha,station,review,18,12,10245,3279,0.8691181958714028,0.8894873228065402,0.9794127573405332,0.8850259225373589,61,377,0.04070278184480234,3.0
beta->alpha,station,review,18,13,10245,3276,0.8662192832554418,0.8866683643574264,0.9767981438515081,0.8995726495726496,70,329,0.054660810151293315,3.0
beta->alpha,station,review,18,14,10245,3281,0.8703333046918633,0.891979672120854,0.9836407935955447,0.8613227674489485,47,455,0.02869692532942899,3.0
beta->alpha,station,review,18,15,10245,3281,0.8726223726467319,0.8955524460017845,0.9872971065631616,0.8527887839073454,36,483,0.03162518301610542,3.0
beta->alpha,station,review,18,16,10245,3276,0.8727495673798485,0.9055058652936745,0.9884328358208955,0.8086080586080586,31,627,0.033284529038555395,4.0
beta->alpha,station,review,18,17,10245,3276,0.8702489510131818,0.9016199220624008,0.9808595160707837,0.8290598290598291,53,560,0.04480234260614934,4.0
beta->alpha,station,review,18,18,10245,3275,0.8676587908930432,0.887762861819304,0.9776144336785834,0.8934351145038167,67,349,0.06871644704734016,3.0
beta->alpha,station,review,18,19,10245,3277,0.8679518750436914,0.8887970574609886,0.9814565070802428,0.8883124809276778,55,366,0.03982430453879941,3.0
beta->alpha,station,review,27,0,10155,3226,0.8663764087868228,0.8876945753039756,0.9810082872928176,0.8806571605703658,55,385,0.033382570162481535,3.0
beta->alpha,station,review,27,1,10155,3223,0.8665293209285431,0.892298694254233,0.9817784256559767,0.8358672044678871,50,529,0.04569177744953225,4.0
beta->alpha,station,review,27,2,10155,3230,0.8686421972793998,0.8904131632503498,0.9823346033945272,0.8780185758513932,51,394,0.041851304775972424,3.0
beta->alpha,station,review,27,3,10155,3230,0.8673879008577903,0.8889097907451139,0.982297813259285,0.8761609907120743,51,400,0.03879862136878385,3.0
beta->alpha,station,review,27,4,10155,3223,0.8688800288164775,0.8900347976704059,0.9813278008298755,0.8805460750853242,54,385,0.03032988675529296,3.0
beta->alpha,station,review,27,5,10155,3230,0.8674230214376366,0.8890170848107857,0.9807029634734665,0.8811145510835914,56,384,0.04982767109798129,3.0
beta->alpha,station,review,27,6,10155,3231,0.8682605111482361,0.8900040426312815,0.9825174825174825,0.8696997833488084,50,421,0.028163466272772032,3.0
beta->alpha,station,review,27,7,10155,3229,0.8684905074673287,0.9006364712253961,0.9823659074210139,0.8281201610405698,48,555,0.03535204332840965,4.0
beta->alpha,station,review,27,8,10155,3227,0.8670511642727396,0.8887316893270765,0.9809424809424809,0.8772854044003718,55,396,0.029935992122107336,3.0
beta->alpha,station,review,27,9,10155,3228,0.8679930762406427,0.8895097293242902,0.9802904564315352,0.8782527881040892,57,393,0.0465780403741999,3.0
beta->alpha,station,review,27,10,10155,3223,0.8644371586927543,0.8851829987446078,0.9783929777177582,0.8991622711759231,64,325,0.05091088133924175,3.0
beta->alpha,station,review,27,11,10155,3229,0.8677203623933094,0.8896301339637146,0.9821989528795811,0.8714772375348405,51,415,0.024519940915805023,3.0
beta->alpha,station,review,27,12,10155,3227,0.8644911508783361,0.8846338479237064,0.9755771160923385,0.9036256585063527,73,311,0.05504677498769079,3.0
beta->alpha,station,review,27,13,10155,3224,0.8667902701654536,0.8889209263618252,0.9841883345045678,0.8687965260545906,45,423,0.024224519940915804,3.0
beta->alpha,station,review,27,14,10155,3234,0.8678045301651403,0.8894473416766641,0.9813471502590674,0.87847866419295,54,393,0.034367306745445594,3.0
beta->alpha,station,review,27,15,10155,3234,0.8697324632966629,0.8924203729897836,0.9867904319885755,0.8546691403834261,37,470,0.027966518956179222,3.0
beta->alpha,station,review,27,16,10155,3224,0.8677058792587143,0.8888673995881688,0.979381443298969,0.8839950372208437,60,374,0.0603643525356967,3.0
beta->alpha,station,review,27,17,10155,3227,0.8684012747810512,0.890490475008408,0.9829387186629527,0.8748063216609855,49,404,0.03466272772033481,3.0
beta->alpha,station,review,27,18,10155,3221,0.8645722123970735,0.8851349374362992,0.9778911564625851,0.8925799441167339,65,346,0.04795667159034958,3.0
beta->alpha,station,review,27,19,10155,3222,0.8687506271255666,0.9007519441740794,0.9799270072992701,0.8333333333333334,55,537,0.059182668636139836,4.0
beta->alpha,station,review,54,0,9885,3081,0.8654135590294292,0.8883469553793517,0.9818181818181818,0.8763388510223953,50,381,0.0451188669701568,3.0
beta->alpha,station,review,54,1,9885,3085,0.8619137157426349,0.8846096889970775,0.9832239241429613,0.8739059967585089,46,389,0.03378856853818918,3.0
beta->alpha,station,review,54,2,9885,3083,0.8620454448414034,0.8843152823019494,0.978167501789549,0.8864742134284788,61,350,0.034597875569044007,3.0
beta->alpha,station,review,54,3,9885,3079,0.8603008116952929,0.8814176102791798,0.9761735419630156,0.891523221825268,67,334,0.049165402124430956,3.0
beta->alpha,station,review,54,4,9885,3077,0.8609195265989859,0.882438011458815,0.9780575539568346,0.8836529086772831,61,358,0.046130500758725344,3.0
beta->alpha,station,review,54,5,9885,3085,0.8621320674694383,0.8846139460145066,0.9801944544472452,0.8823338735818477,55,363,0.04046535154274153,3.0
beta->alpha,station,review,54,6,9885,3082,0.8622028841875099,0.8846813695116756,0.981798325445941,0.8750811161583387,50,385,0.03520485584218513,3.0
beta->alpha,station,review,54,7,9885,3075,0.8621566251224864,0.8832369593918348,0.9771754636233951,0.8910569105691057,64,335,0.055842185128983306,3.0
beta->alpha,station,review,54,8,9885,3076,0.8606626715535456,0.8828623886363449,0.9801587301587301,0.8832899869960988,55,359,0.040768841679312086,3.0
beta->alpha,station,review,54,9,9885,3084,0.8606046010738801,0.882513637451575,0.9768847795163584,0.8907263294422828,65,337,0.04127465857359636,3.0
beta->alpha,station,review,54,10,9885,3087,0.8631460430663327,0.8843645733511483,0.9773210489014883,0.8934240362811792,64,329,0.04693980778958017,3.0
beta->alpha,station,review,54,11,9885,3082,0.8621211360860497,0.8847222678519188,0.9809077809798271,0.8835171966255678,53,359,0.04542235710672737,3.0
beta->alpha,station,review,54,12,9885,3084,0.8621963220112369,0.883496112089058,0.976637168141593,0.8946173800259404,66,325,0.04501770359129995,3.0
beta->alpha,station,review,54,13,9885,3084,0.8606250695902896,0.882593959667992,0.9786324786324786,0.8910505836575876,60,336,0.038239757207890746,3.0
beta->alpha,station,review,54,14,9885,3081,0.863199936411728,0.885414673172239,0.9795845272206304,0.8876987990912042,57,346,0.0501770359129995,3.0
beta->alpha,station,review,54,15,9885,3079,0.8617483018437325,0.8840639032060887,0.9801587301587301,0.8824293601818772,55,362,0.042994436014162876,3.0
beta->alpha,station,review,54,16,9885,3082,0.8632259572563691,0.8850847963377826,0.9791965566714491,0.8857884490590525,58,352,0.054729387961557914,3.0
beta->alpha,station,review,54,17,9885,3077,0.8607263998482867,0.8816325567218432,0.9748251748251748,0.9060773480662984,72,289,0.06757713707637836,3.0
beta->alpha,station,review,54,18,9885,3087,0.8624968904121469,0.8849996602221533,0.9810977826245002,0.8743116294136702,52,388,0.03237228123419322,3.0
beta->alpha,station,review,54,19,9885,3083,0.8621446739685344,0.8848374145686357,0.9807692307692307,0.8767434317223484,53,380,0.03662114314618108,3.0
beta->alpha,station,review,108,0,9345,2815,0.8565082192494722,0.8803344509431726,0.9762939549585145,0.877797513321492,60,344,0.04312466559657571,3.0
beta->alpha,station,review,108,1,9345,2816,0.853410506179903,0.8768058051293469,0.9766521567075583,0.8764204545454546,59,348,0.039700374531835204,3.0
beta->alpha,station,review,108,2,9345,2813,0.8530300423393294,0.8766282163321679,0.9756862745098039,0.8844649840028439,62,325,0.04184055644729802,3.0
beta->alpha,station,review,108,3,9345,2814,0.8529391640919695,0.876769223054204,0.9752261108926464,0.8813077469793887,63,334,0.041091492776886035,3.0
beta->alpha,station,review,108,4,9345,2820,0.852678271940023,0.8762019565768124,0.9750681729645501,0.8875886524822695,64,317,0.04975922953451043,3.0
beta->alpha,station,review,108,5,9345,2812,0.8556473965646715,0.8788318711749307,0.9766627771295215,0.8929587482219061,60,301,0.04665596575708935,3.0
beta->alpha,station,review,108,6,9345,2814,0.8553654334730787,0.8788925460606504,0.9778305621536025,0.8777540867093105,56,344,0.04012841091492777,3.0
beta->alpha,station,review,108,7,9345,2811,0.8576748191250744,0.8807639784209457,0.9782866166600869,0.8815368196371398,55,333,0.04291064740502943,3.0
beta->alpha,station,review,108,8,9345,2808,0.8542223849789754,0.8781219888647976,0.9785373608903021,0.8767806267806267,54,346,0.044515783841626536,3.0
beta->alpha,station,review,108,9,9345,2816,0.8543259657921649,0.8781150218744767,0.9768536681051393,0.8842329545454546,59,326,0.04344569288389513,3.0
beta->alpha,station,review,108,10,9345,2817,0.8543974535396606,0.8778412840841862,0.977326968973747,0.8722044728434505,57,360,0.04184055644729802,3.0
beta->alpha,station,review,108,11,9345,2809,0.854154537146655,0.8768279977776238,0.975724353954581,0.8871484514061944,62,317,0.05029427501337614,3.0
beta->alpha,station,review,108,12,9345,2808,0.8532141346223162,0.8774579656708397,0.9788254095085897,0.8725071225071225,53,358,0.0415195291599786,3.0
beta->alpha,station,review,108,13,9345,2809,0.8533791534880225,0.8776968355466761,0.9793404847040127,0.8775364898540405,52,344,0.03616907437132156,3.0
beta->alpha,station,review,108,14,9345,2807,0.8577600815011589,0.8814352655700293,0.9776357827476039,0.8721054506590666,56,359,0.040235420010700906,3.0
beta->alpha,station,review,108,15,9345,2813,0.8564608883955548,0.8807081649998179,0.9784172661870504,0.8702452897262709,54,365,0.03563402889245586,3.0
beta->alpha,station,review,108,16,9345,2826,0.8578140668628852,0.881942898331754,0.9806094182825484,0.8768577494692145,49,348,0.04237560192616372,3.0
beta->alpha,station,review,108,17,9345,2818,0.8527238085193696,0.8763068502090584,0.9769170579029735,0.8860894251242015,59,321,0.04173354735152488,3.0
beta->alpha,station,review,108,18,9345,2817,0.8563877607186369,0.8802684232648008,0.9785373608903021,0.8739794107206248,54,355,0.035098983413590155,3.0
beta->alpha,station,review,108,19,9345,2795,0.8565867338581713,0.8802915958656197,0.9772545889864326,0.8762075134168158,57,346,0.039058319957196365,3.0
