subset_mask,feature_count,feature_set,feature_set_short,beta_sure_support,beta_sure_positive_support,beta_sure_tp,beta_sure_fp,beta_sure_fn,beta_sure_tn,beta_sure_precision,beta_sure_recall,beta_sure_f1,beta_sure_macro_precision,beta_sure_macro_recall,beta_sure_macro_f1,beta_all_support,beta_all_positive_support,beta_all_tp,beta_all_fp,beta_all_fn,beta_all_tn,beta_all_precision,beta_all_recall,beta_all_f1
107,5,F1_bridge_improvement + F2_roughness_improvement + F4_duration_plausibility + F6_solar_strength_ratio + F7_solar_peak_alignment,F1+F2+F4+F6+F7,2310,471,432,80,39,1759,0.84375,0.9171974522292994,0.878942014242116,0.6165780068811325,0.7366270967594497,0.6604017921990121,2928,630,536,223,94,2075,0.7061923583662714,0.8507936507936508,0.7717782577393809
123,6,F1_bridge_improvement + F2_roughness_improvement + F4_duration_plausibility + F5_n_height_ratio + F6_solar_strength_ratio + F7_solar_peak_alignment,F1+F2+F4+F5+F6+F7,2310,471,443,96,28,1743,0.8218923933209648,0.940552016985138,0.8772277227722772,0.6166860766045549,0.7785758489876137,0.6809245702820301,2928,630,555,258,75,2040,0.6826568265682657,0.8809523809523809,0.7692307692307692
59,5,F1_bridge_improvement + F2_roughness_improvement + F4_duration_plausibility + F5_n_height_ratio + F6_solar_strength_ratio,F1+F2+F4+F5+F6,2310,471,425,75,46,1764,0.85,0.9023354564755839,0.8753861997940268,0.649725084480832,0.7302737670825906,0.6730236351376492,2928,630,526,199,104,2099,0.7255172413793104,0.834920634920635,0.7763837638376384
91,5,F1_bridge_improvement + F2_roughness_improvement + F4_duration_plausibility + F5_n_height_ratio + F7_solar_peak_alignment,F1+F2+F4+F5+F7,2310,471,444,106,27,1733,0.8072727272727273,0.9426751592356688,0.8697355533790402,0.5968047090446986,0.7515742150006856,0.6575967239233993,2928,630,556,275,74,2023,0.6690734055354994,0.8825396825396825,0.7611225188227242
27,4,F1_bridge_improvement + F2_roughness_improvement + F4_duration_plausibility + F5_n_height_ratio,F1+F2+F4+F5,2310,471,425,92,46,1747,0.8220502901353965,0.9023354564755839,0.8603238866396761,0.6280131536735964,0.7302737670825906,0.6595006331621356,2928,630,527,227,103,2071,0.6989389920424404,0.8365079365079365,0.7615606936416186
75,4,F1_bridge_improvement + F2_roughness_improvement + F4_duration_plausibility + F7_solar_peak_alignment,F1+F2+F4+F7,2310,471,435,106,36,1733,0.8040665434380776,0.9235668789808917,0.8596837944664031,0.5883894601358187,0.7436629530600118,0.6433291899451992,2928,630,542,265,88,2033,0.6716232961586122,0.8603174603174604,0.7543493389004872
255,8,F1_bridge_improvement + F2_roughness_improvement + F3_slope_continuity_improvement + F4_duration_plausibility + F5_n_height_ratio + F6_solar_strength_ratio + F7_solar_peak_alignment + F8_substation_centered_core_score,F1+F2+F3+F4+F5+F6+F7+F8,2310,471,422,91,49,1748,0.8226120857699805,0.8959660297239915,0.8577235772357723,0.5957366632744621,0.7295506535947712,0.6419634164977053,2928,630,519,210,111,2088,0.7119341563786008,0.8238095238095238,0.7637969094922737
223,7,F1_bridge_improvement + F2_roughness_improvement + F3_slope_continuity_improvement + F4_duration_plausibility + F5_n_height_ratio + F7_solar_peak_alignment + F8_substation_centered_core_score,F1+F2+F3+F4+F5+F7+F8,2310,471,424,98,47,1741,0.8122605363984674,0.9002123142250531,0.8539778449144009,0.5867510466394847,0.731308229352347,0.6369341583339154,2928,630,521,226,109,2072,0.6974564926372155,0.8269841269841269,0.756717501815541
125,6,F1_bridge_improvement + F3_slope_continuity_improvement + F4_duration_plausibility + F5_n_height_ratio + F6_solar_strength_ratio + F7_solar_peak_alignment,F1+F3+F4+F5+F6+F7,2310,471,429,109,42,1730,0.7973977695167286,0.910828025477707,0.8503468780971258,0.6043175036995261,0.7613491639079875,0.6623634477543808,2928,630,531,253,99,2045,0.6772959183673469,0.8428571428571429,0.7510608203677511
127,7,F1_bridge_improvement + F2_roughness_improvement + F3_slope_continuity_improvement + F4_duration_plausibility + F5_n_height_ratio + F6_solar_strength_ratio + F7_solar_peak_alignment,F1+F2+F3+F4+F5+F6+F7,2310,471,446,134,25,1705,0.7689655172413793,0.9469214437367304,0.8487155090390104,0.5357387689845039,0.7254777183600714,0.6048230945451926,2928,630,554,318,76,1980,0.6353211009174312,0.8793650793650793,0.7376830892143809
253,7,F1_bridge_improvement + F3_slope_continuity_improvement + F4_duration_plausibility + F5_n_height_ratio + F6_solar_strength_ratio + F7_solar_peak_alignment + F8_substation_centered_core_score,F1+F3+F4+F5+F6+F7+F8,2310,471,409,87,62,1752,0.8245967741935484,0.8683651804670913,0.8459152016546019,0.6134548611111111,0.7448089720736779,0.6558431054638054,2928,630,501,194,129,2104,0.720863309352518,0.7952380952380952,0.7562264150943396
115,5,F1_bridge_improvement + F2_roughness_improvement + F5_n_height_ratio + F6_solar_strength_ratio + F7_solar_peak_alignment,F1+F2+F5+F6+F7,2310,471,444,137,27,1702,0.7641996557659209,0.9426751592356688,0.844106463878327,0.5520429074765351,0.7528911170528818,0.6230805026732078,2928,630,558,327,72,1971,0.6305084745762712,0.8857142857142857,0.7366336633663367
93,5,F1_bridge_improvement + F3_slope_continuity_improvement + F4_duration_plausibility + F5_n_height_ratio + F7_solar_peak_alignment,F1+F3+F4+F5+F7,2310,471,430,119,41,1720,0.7832422586520947,0.9129511677282378,0.8431372549019609,0.5798433479363738,0.733634517443341,0.6366654148081463,2928,630,531,272,99,2026,0.6612702366127023,0.8428571428571429,0.7411025819958129
221,6,F1_bridge_improvement + F3_slope_continuity_improvement + F4_duration_plausibility + F5_n_height_ratio + F7_solar_peak_alignment + F8_substation_centered_core_score,F1+F3+F4+F5+F7+F8,2310,471,408,90,63,1749,0.8192771084337349,0.8662420382165605,0.8421052631578947,0.6132930430454153,0.7438089720736779,0.6560822731926442,2928,630,499,199,131,2099,0.7148997134670487,0.792063492063492,0.7515060240963854
105,4,F1_bridge_improvement + F4_duration_plausibility + F6_solar_strength_ratio + F7_solar_peak_alignment,F1+F4+F6+F7,2310,471,451,150,20,1689,0.7504159733777038,0.9575371549893843,0.8414179104477612,0.5452566610883713,0.7870321769733535,0.6288941138938806,2928,630,573,342,57,1956,0.6262295081967213,0.9095238095238095,0.7417475728155339
13,3,F1_bridge_improvement + F3_slope_continuity_improvement + F4_duration_plausibility,F1+F3+F4,2310,471,434,127,37,1712,0.7736185383244206,0.921443736730361,0.8410852713178293,0.5695012066651679,0.7407948603683898,0.6297736543792913,2928,630,546,324,84,1974,0.6275862068965518,0.8666666666666667,0.7280000000000001
121,5,F1_bridge_improvement + F4_duration_plausibility + F5_n_height_ratio + F6_solar_strength_ratio + F7_solar_peak_alignment,F1+F4+F5+F6+F7,2310,471,428,120,43,1719,0.781021897810219,0.9087048832271762,0.8400392541707556,0.5739650437307466,0.7340816422139951,0.6264996245534702,2928,630,534,266,96,2032,0.6675,0.8476190476190476,0.7468531468531467
89,4,F1_bridge_improvement + F4_duration_plausibility + F5_n_height_ratio + F7_solar_peak_alignment,F1+F4+F5+F7,2310,471,434,130,37,1709,0.7695035460992907,0.921443736730361,0.838647342995169,0.5637572549076375,0.7395825334795922,0.622374172036795,2928,630,542,289,88,2009,0.6522262334536703,0.8603174603174604,0.7419575633127994
169,4,F1_bridge_improvement + F4_duration_plausibility + F6_solar_strength_ratio + F8_substation_centered_core_score,F1+F4+F6+F8,2310,471,439,139,32,1700,0.759515570934256,0.9320594479830149,0.8369876072449952,0.5601817870866219,0.8115141117052882,0.6362623529218285,2928,630,549,323,81,1975,0.6295871559633027,0.8714285714285714,0.7310252996005326
95,6,F1_bridge_improvement + F2_roughness_improvement + F3_slope_continuity_improvement + F4_duration_plausibility + F5_n_height_ratio + F7_solar_peak_alignment,F1+F2+F3+F4+F5+F7,2310,471,446,149,25,1690,0.7495798319327731,0.9469214437367304,0.8367729831144465,0.5247467627484873,0.7254777183600714,0.5967942044163008,2928,630,557,338,73,1960,0.6223463687150838,0.8841269841269841,0.7304918032786886
99,4,F1_bridge_improvement + F2_roughness_improvement + F6_solar_strength_ratio + F7_solar_peak_alignment,F1+F2+F6+F7,2310,471,443,145,28,1694,0.7534013605442177,0.940552016985138,0.8366383380547686,0.5683908013975456,0.7839188948306595,0.6404526475601479,2928,630,554,350,76,1948,0.6128318584070797,0.8793650793650793,0.7222946544980444
47,5,F1_bridge_improvement + F2_roughness_improvement + F3_slope_continuity_improvement + F4_duration_plausibility + F6_solar_strength_ratio,F1+F2+F3+F4+F6,2310,471,450,155,21,1684,0.743801652892562,0.9554140127388535,0.8364312267657993,0.5093853561492512,0.7276999405822935,0.5841288451617481,2928,630,564,383,66,1915,0.5955649419218585,0.8952380952380953,0.7152821813570068
233,5,F1_bridge_improvement + F4_duration_plausibility + F6_solar_strength_ratio + F7_solar_peak_alignment + F8_substation_centered_core_score,F1+F4+F6+F7+F8,2310,471,429,126,42,1713,0.772972972972973,0.910828025477707,0.8362573099415205,0.5791067519326719,0.8313077837195484,0.6475833699948137,2928,630,536,265,94,2033,0.6691635455680399,0.8507936507936508,0.7491264849755416
43,4,F1_bridge_improvement + F2_roughness_improvement + F4_duration_plausibility + F6_solar_strength_ratio,F1+F2+F4+F6,2310,471,422,118,49,1721,0.7814814814814814,0.8959660297239915,0.8348170128585559,0.5844120410853355,0.7273545751633987,0.6253522071856064,2928,630,528,313,102,1985,0.6278240190249703,0.8380952380952381,0.7178789938817132
191,7,F1_bridge_improvement + F2_roughness_improvement + F3_slope_continuity_improvement + F4_duration_plausibility + F5_n_height_ratio + F6_solar_strength_ratio + F8_substation_centered_core_score,F1+F2+F3+F4+F5+F6+F8,2310,471,423,120,48,1719,0.7790055248618785,0.8980891719745223,0.8343195266272189,0.5359952271281161,0.6998300653594771,0.5873272062511234,2928,630,527,283,103,2015,0.6506172839506172,0.8365079365079365,0.7319444444444444
243,6,F1_bridge_improvement + F2_roughness_improvement + F5_n_height_ratio + F6_solar_strength_ratio + F7_solar_peak_alignment + F8_substation_centered_core_score,F1+F2+F5+F6+F7+F8,2310,471,426,125,45,1714,0.7731397459165155,0.9044585987261147,0.8336594911937378,0.5584255870644259,0.7358893345216875,0.613485432090445,2928,630,531,271,99,2027,0.6620947630922693,0.8428571428571429,0.7416201117318436
187,6,F1_bridge_improvement + F2_roughness_improvement + F4_duration_plausibility + F5_n_height_ratio + F6_solar_strength_ratio + F8_substation_centered_core_score,F1+F2+F4+F5+F6+F8,2310,471,428,128,43,1711,0.7697841726618705,0.9087048832271762,0.8334956183057449,0.5719549688892263,0.7371905822935234,0.6190577565720619,2928,630,532,274,98,2024,0.6600496277915633,0.8444444444444444,0.7409470752089137
219,6,F1_bridge_improvement + F2_roughness_improvement + F4_duration_plausibility + F5_n_height_ratio + F7_solar_peak_alignment + F8_substation_centered_core_score,F1+F2+F4+F5+F7+F8,2310,471,427,127,44,1712,0.7707581227436823,0.9065817409766455,0.833170731707317,0.5725011028602021,0.7671393345216875,0.6287113165114628,2928,630,530,257,100,2041,0.6734434561626429,0.8412698412698413,0.7480592801693718
247,7,F1_bridge_improvement + F2_roughness_improvement + F3_slope_continuity_improvement + F5_n_height_ratio + F6_solar_strength_ratio + F7_solar_peak_alignment + F8_substation_centered_core_score,F1+F2+F3+F5+F6+F7+F8,2310,471,424,124,47,1715,0.7737226277372263,0.9002123142250531,0.8321884200196271,0.561341408544094,0.7320212418300653,0.6170396267469311,2928,630,526,263,104,2035,0.6666666666666666,0.834920634920635,0.741367159971811
155,5,F1_bridge_improvement + F2_roughness_improvement + F4_duration_plausibility + F5_n_height_ratio + F8_substation_centered_core_score,F1+F2+F4+F5+F8,2310,471,428,130,43,1709,0.7670250896057348,0.9087048832271762,0.8318756073858115,0.5561765777516123,0.7371905822935234,0.6099598888742235,2928,630,534,294,96,2004,0.644927536231884,0.8476190476190476,0.7325102880658436
201,4,F1_bridge_improvement + F4_duration_plausibility + F7_solar_peak_alignment + F8_substation_centered_core_score,F1+F4+F7+F8,2310,471,430,133,41,1706,0.7637655417406749,0.9129511677282378,0.8317214700193423,0.5716878542055703,0.8320653594771241,0.643655529163436,2928,630,537,286,93,2012,0.6524908869987849,0.8523809523809524,0.7391603578802477
111,6,F1_bridge_improvement + F2_roughness_improvement + F3_slope_continuity_improvement + F4_duration_plausibility + F6_solar_strength_ratio + F7_solar_peak_alignment,F1+F2+F3+F4+F6+F7,2310,471,437,143,34,1696,0.753448275862069,0.9278131634819533,0.8315889628924835,0.5792200793393482,0.7723764111705288,0.6422967975614777,2928,630,543,323,87,1975,0.6270207852193995,0.861904761904762,0.7259358288770053
45,4,F1_bridge_improvement + F3_slope_continuity_improvement + F4_duration_plausibility + F6_solar_strength_ratio,F1+F3+F4+F6,2310,471,431,135,40,1704,0.7614840989399293,0.9150743099787686,0.8312439729990356,0.5520955377921307,0.7380372846108141,0.6119267275241185,2928,630,539,313,91,1985,0.6326291079812206,0.8555555555555555,0.7273954116059379
15,4,F1_bridge_improvement + F2_roughness_improvement + F3_slope_continuity_improvement + F4_duration_plausibility,F1+F2+F3+F4,2310,471,452,165,19,1674,0.7325769854132901,0.9596602972399151,0.8308823529411764,0.5026398657255928,0.7319483065953654,0.5814889595190869,2928,630,570,399,60,1899,0.5882352941176471,0.9047619047619048,0.7129455909943715
79,5,F1_bridge_improvement + F2_roughness_improvement + F3_slope_continuity_improvement + F4_duration_plausibility + F7_solar_peak_alignment,F1+F2+F3+F4+F7,2310,471,437,144,34,1695,0.7521514629948365,0.9278131634819533,0.8307984790874524,0.5225053079417583,0.7134117647058824,0.5876390784966029,2928,630,545,331,85,1967,0.6221461187214612,0.8650793650793651,0.7237715803452855
83,4,F1_bridge_improvement + F2_roughness_improvement + F5_n_height_ratio + F7_solar_peak_alignment,F1+F2+F5+F7,2310,471,446,157,25,1682,0.7396351575456053,0.9469214437367304,0.8305400372439479,0.5353952013330983,0.7571394830659537,0.6110344839093207,2928,630,560,358,70,1940,0.6100217864923747,0.8888888888888888,0.7235142118863049
189,6,F1_bridge_improvement + F3_slope_continuity_improvement + F4_duration_plausibility + F5_n_height_ratio + F6_solar_strength_ratio + F8_substation_centered_core_score,F1+F3+F4+F5+F6+F8,2310,471,418,120,53,1719,0.7769516728624535,0.8874734607218684,0.8285431119920713,0.5587181705445907,0.7255649138443256,0.6114880493885861,2928,630,520,268,110,2030,0.6598984771573604,0.8253968253968254,0.7334273624823695
217,5,F1_bridge_improvement + F4_duration_plausibility + F5_n_height_ratio + F7_solar_peak_alignment + F8_substation_centered_core_score,F1+F4+F5+F7+F8,2310,471,441,153,30,1686,0.7424242424242424,0.9363057324840764,0.828169014084507,0.5430960016705462,0.8128010992275698,0.6230834755249057,2928,630,554,325,76,1973,0.6302616609783845,0.8793650793650793,0.7342611000662691
215,6,F1_bridge_improvement + F2_roughness_improvement + F3_slope_continuity_improvement + F5_n_height_ratio + F7_solar_peak_alignment + F8_substation_centered_core_score,F1+F2+F3+F5+F7+F8,2310,471,426,132,45,1707,0.7634408602150538,0.9044585987261147,0.8279883381924199,0.553430976221915,0.7337788175876412,0.6120996133931061,2928,630,530,284,100,2014,0.6511056511056511,0.8412698412698413,0.7340720221606649
109,5,F1_bridge_improvement + F3_slope_continuity_improvement + F4_duration_plausibility + F6_solar_strength_ratio + F7_solar_peak_alignment,F1+F3+F4+F6+F7,2310,471,454,172,17,1667,0.7252396166134185,0.9639065817409767,0.8277119416590702,0.5367805120685758,0.793383541295306,0.6248958414464674,2928,630,577,400,53,1898,0.5905834186284544,0.9158730158730158,0.7181082762912258
11,3,F1_bridge_improvement + F2_roughness_improvement + F4_duration_plausibility,F1+F2+F4,2310,471,415,117,56,1722,0.7800751879699248,0.881104033970276,0.8275174476570288,0.5848960624445922,0.7220515448603684,0.6222436122158554,2928,630,518,312,112,1986,0.6240963855421687,0.8222222222222222,0.7095890410958904
159,6,F1_bridge_improvement + F2_roughness_improvement + F3_slope_continuity_improvement + F4_duration_plausibility + F5_n_height_ratio + F8_substation_centered_core_score,F1+F2+F3+F4+F5+F8,2310,471,433,143,38,1696,0.7517361111111112,0.9193205944798302,0.8271251193887298,0.5204196769726974,0.7129910873440285,0.5835691440177605,2928,630,544,321,86,1977,0.6289017341040463,0.8634920634920635,0.7277591973244147
235,6,F1_bridge_improvement + F2_roughness_improvement + F4_duration_plausibility + F6_solar_strength_ratio + F7_solar_peak_alignment + F8_substation_centered_core_score,F1+F2+F4+F6+F7+F8,2310,471,425,132,46,1707,0.7630161579892281,0.9023354564755839,0.8268482490272373,0.566448497826085,0.7663086749851455,0.625004748646391,2928,630,530,282,100,2016,0.6527093596059114,0.8412698412698413,0.7350901525658807
157,5,F1_bridge_improvement + F3_slope_continuity_improvement + F4_duration_plausibility + F5_n_height_ratio + F8_substation_centered_core_score,F1+F3+F4+F5+F8,2310,471,417,121,54,1718,0.775092936802974,0.8853503184713376,0.8265609514370664,0.5585968201662035,0.7227871360665479,0.6106903855823205,2928,630,520,260,110,2038,0.6666666666666666,0.8253968253968254,0.7375886524822695
51,4,F1_bridge_improvement + F2_roughness_improvement + F5_n_height_ratio + F6_solar_strength_ratio,F1+F2+F5+F6,2310,471,421,127,50,1712,0.7682481751824818,0.8938428874734607,0.8263002944062808,0.5855875993768801,0.726639780154486,0.6217501040572604,2928,630,526,305,104,1993,0.6329723225030084,0.834920634920635,0.7200547570157425
203,5,F1_bridge_improvement + F2_roughness_improvement + F4_duration_plausibility + F7_solar_peak_alignment + F8_substation_centered_core_score,F1+F2+F4+F7+F8,2310,471,418,123,53,1716,0.7726432532347505,0.8874734607218684,0.8260869565217391,0.571208397333359,0.7581535947712418,0.6225826191031162,2928,630,520,267,110,2031,0.6607369758576874,0.8253968253968254,0.7339449541284404
171,5,F1_bridge_improvement + F2_roughness_improvement + F4_duration_plausibility + F6_solar_strength_ratio + F8_substation_centered_core_score,F1+F2+F4+F6+F8,2310,471,436,149,35,1690,0.7452991452991453,0.9256900212314225,0.8257575757575758,0.5372779131028773,0.7482565359477125,0.6021197751132945,2928,630,550,352,80,1946,0.6097560975609756,0.873015873015873,0.7180156657963446
211,5,F1_bridge_improvement + F2_roughness_improvement + F5_n_height_ratio + F7_solar_peak_alignment + F8_substation_centered_core_score,F1+F2+F5+F7+F8,2310,471,426,135,45,1704,0.7593582887700535,0.9044585987261147,0.8255813953488372,0.554269567992394,0.7358893345216875,0.6099506102054144,2928,630,532,288,98,2010,0.6487804878048781,0.8444444444444444,0.733793103448276
117,5,F1_bridge_improvement + F3_slope_continuity_improvement + F5_n_height_ratio + F6_solar_strength_ratio + F7_solar_peak_alignment,F1+F3+F5+F6+F7,2310,471,432,144,39,1695,0.75,0.9171974522292994,0.8252148997134672,0.5692340374961498,0.7665975299210593,0.6374203646413252,2928,630,538,312,92,1986,0.6329411764705882,0.8539682539682539,0.727027027027027
25,3,F1_bridge_improvement + F4_duration_plausibility + F5_n_height_ratio,F1+F4+F5,2310,471,417,124,54,1715,0.7707948243992606,0.8853503184713376,0.8241106719367589,0.573614451667877,0.7220358905800082,0.6140794830902221,2928,630,520,308,110,1990,0.6280193236714976,0.8253968253968254,0.7133058984910838
249,6,F1_bridge_improvement + F4_duration_plausibility + F5_n_height_ratio + F6_solar_strength_ratio + F7_solar_peak_alignment + F8_substation_centered_core_score,F1+F4+F5+F6+F7+F8,2310,471,441,159,30,1680,0.735,0.9363057324840764,0.823529411764706,0.5387738554878108,0.8130292632204397,0.6191770537020064,2928,630,556,332,74,1966,0.6261261261261262,0.8825396825396825,0.7325428194993412
137,3,F1_bridge_improvement + F4_duration_plausibility + F8_substation_centered_core_score,F1+F4+F8,2310,471,432,147,39,1692,0.7461139896373057,0.9171974522292994,0.8228571428571428,0.5512427447928901,0.8040577837195484,0.6255773761735526,2928,630,541,339,89,1959,0.6147727272727272,0.8587301587301587,0.7165562913907284
475,7,F1_bridge_improvement + F2_roughness_improvement + F4_duration_plausibility + F5_n_height_ratio + F7_solar_peak_alignment + F8_substation_centered_core_score + F9_substation_rank_core_score,F1+F2+F4+F5+F7+F8+F9,2310,471,418,127,53,1712,0.7669724770642202,0.8874734607218684,0.8228346456692912,0.5714163855176067,0.8210778371954842,0.62640860247834,2928,630,521,261,109,2037,0.6662404092071611,0.8269841269841269,0.7379603399433429
139,4,F1_bridge_improvement + F2_roughness_improvement + F4_duration_plausibility + F8_substation_centered_core_score,F1+F2+F4+F8,2310,471,435,153,36,1686,0.7397959183673469,0.9235668789808917,0.8215297450424929,0.5422372833032023,0.7751393345216875,0.613396292382218,2928,630,548,359,82,1939,0.6041896361631753,0.8698412698412699,0.7130774235523748
347,6,F1_bridge_improvement + F2_roughness_improvement + F4_duration_plausibility + F5_n_height_ratio + F7_solar_peak_alignment + F9_substation_rank_core_score,F1+F2+F4+F5+F7+F9,2310,471,416,126,55,1713,0.7675276752767528,0.8832271762208068,0.8213228035538007,0.5750001461775001,0.8178799762329174,0.6263058870812068,2928,630,518,266,112,2032,0.6607142857142857,0.8222222222222222,0.7326732673267325
67,3,F1_bridge_improvement + F2_roughness_improvement + F7_solar_peak_alignment,F1+F2+F7,2310,471,444,167,27,1672,0.7266775777414075,0.9426751592356688,0.8207024029574862,0.5506244885480581,0.7849188948306596,0.6271755077352879,2928,630,556,383,74,1915,0.5921192758253461,0.8825396825396825,0.7087316762268961
443,7,F1_bridge_improvement + F2_roughness_improvement + F4_duration_plausibility + F5_n_height_ratio + F6_solar_strength_ratio + F8_substation_centered_core_score + F9_substation_rank_core_score,F1+F2+F4+F5+F6+F8+F9,2310,471,415,127,56,1712,0.7656826568265682,0.881104033970276,0.8193484698914116,0.5697151363877906,0.8185769459298871,0.6243506220561659,2928,630,519,261,111,2037,0.6653846153846154,0.8238095238095238,0.7361702127659573
63,6,F1_bridge_improvement + F2_roughness_improvement + F3_slope_continuity_improvement + F4_duration_plausibility + F5_n_height_ratio + F6_solar_strength_ratio,F1+F2+F3+F4+F5+F6,2310,471,448,175,23,1664,0.7191011235955056,0.9511677282377919,0.8190127970749543,0.49787145099645097,0.726536541889483,0.5743084002251699,2928,630,563,408,67,1890,0.5798146240988672,0.8936507936507937,0.7033104309806372
315,6,F1_bridge_improvement + F2_roughness_improvement + F4_duration_plausibility + F5_n_height_ratio + F6_solar_strength_ratio + F9_substation_rank_core_score,F1+F2+F4+F5+F6+F9,2310,471,425,142,46,1697,0.7495590828924162,0.9023354564755839,0.8188824662813102,0.556661848668839,0.8266375519904932,0.6191071322390689,2928,630,534,296,96,2002,0.6433734939759036,0.8476190476190476,0.7315068493150685
411,6,F1_bridge_improvement + F2_roughness_improvement + F4_duration_plausibility + F5_n_height_ratio + F8_substation_centered_core_score + F9_substation_rank_core_score,F1+F2+F4+F5+F8+F9,2310,471,419,134,52,1705,0.7576853526220615,0.8895966029723992,0.818359375,0.564107302443931,0.8223202614379085,0.6210436643224648,2928,630,523,275,107,2023,0.6553884711779449,0.8301587301587302,0.7324929971988796
511,9,F1_bridge_improvement + F2_roughness_improvement + F3_slope_continuity_improvement + F4_duration_plausibility + F5_n_height_ratio + F6_solar_strength_ratio + F7_solar_peak_alignment + F8_substation_centered_core_score + F9_substation_rank_core_score,F1+F2+F3+F4+F5+F6+F7+F8+F9,2310,471,416,130,55,1709,0.7619047619047619,0.8832271762208068,0.8180924287118977,0.5778982665012077,0.8171812240047533,0.6361542377501266,2928,630,516,264,114,2034,0.6615384615384615,0.819047619047619,0.7319148936170211
119,6,F1_bridge_improvement + F2_roughness_improvement + F3_slope_continuity_improvement + F5_n_height_ratio + F6_solar_strength_ratio + F7_solar_peak_alignment,F1+F2+F3+F5+F6+F7,2310,471,446,174,25,1665,0.7193548387096774,0.9469214437367304,0.8175985334555453,0.5028777196120005,0.7254777183600714,0.5786364144704828,2928,630,560,380,70,1918,0.5957446808510638,0.8888888888888888,0.713375796178344
283,5,F1_bridge_improvement + F2_roughness_improvement + F4_duration_plausibility + F5_n_height_ratio + F9_substation_rank_core_score,F1+F2+F4+F5+F9,2310,471,414,128,57,1711,0.7638376383763837,0.8789808917197452,0.8173741362290228,0.5568154867103227,0.7553942364824717,0.6108175240219558,2928,630,521,278,109,2020,0.6520650813516896,0.8269841269841269,0.7291812456263123
61,5,F1_bridge_improvement + F3_slope_continuity_improvement + F4_duration_plausibility + F5_n_height_ratio + F6_solar_strength_ratio,F1+F3+F4+F5+F6,2310,471,424,143,47,1696,0.7477954144620811,0.9002123142250531,0.816955684007707,0.5473208916272114,0.731189393939394,0.6065185882493576,2928,630,531,334,99,1964,0.6138728323699422,0.8428571428571429,0.7103678929765886
271,5,F1_bridge_improvement + F2_roughness_improvement + F3_slope_continuity_improvement + F4_duration_plausibility + F9_substation_rank_core_score,F1+F2+F3+F4+F9,2310,471,415,130,56,1709,0.7614678899082569,0.881104033970276,0.8169291338582677,0.5561403713611426,0.7481945929887106,0.6113704133421332,2928,630,522,289,108,2009,0.6436498150431565,0.8285714285714286,0.7244968771686329
303,6,F1_bridge_improvement + F2_roughness_improvement + F3_slope_continuity_improvement + F4_duration_plausibility + F6_solar_strength_ratio + F9_substation_rank_core_score,F1+F2+F3+F4+F6+F9,2310,471,415,130,56,1709,0.7614678899082569,0.881104033970276,0.8169291338582677,0.5664767851299184,0.8084664289958408,0.6251169008980697,2928,630,521,284,109,2014,0.6472049689440994,0.8269841269841269,0.7261324041811846
367,7,F1_bridge_improvement + F2_roughness_improvement + F3_slope_continuity_improvement + F4_duration_plausibility + F6_solar_strength_ratio + F7_solar_peak_alignment + F9_substation_rank_core_score,F1+F2+F3+F4+F6+F7+F9,2310,471,421,139,50,1700,0.7517857142857143,0.8938428874734607,0.816682832201746,0.5583971542061972,0.8178841354723707,0.6222457838448511,2928,630,528,291,102,2007,0.6446886446886447,0.8380952380952381,0.7287784679089028
307,5,F1_bridge_improvement + F2_roughness_improvement + F5_n_height_ratio + F6_solar_strength_ratio + F9_substation_rank_core_score,F1+F2+F5+F6+F9,2310,471,425,146,46,1693,0.7443082311733801,0.9023354564755839,0.8157389635316697,0.5500264121731324,0.8266375519904932,0.6164645935294903,2928,630,534,309,96,1989,0.6334519572953736,0.8476190476190476,0.725050916496945
207,6,F1_bridge_improvement + F2_roughness_improvement + F3_slope_continuity_improvement + F4_duration_plausibility + F7_solar_peak_alignment + F8_substation_centered_core_score,F1+F2+F3+F4+F7+F8,2310,471,416,133,55,1706,0.7577413479052824,0.8832271762208068,0.8156862745098039,0.5884554453976304,0.7531019013666073,0.6338818200188387,2928,630,510,275,120,2023,0.6496815286624203,0.8095238095238095,0.7208480565371025
479,8,F1_bridge_improvement + F2_roughness_improvement + F3_slope_continuity_improvement + F4_duration_plausibility + F5_n_height_ratio + F7_solar_peak_alignment + F8_substation_centered_core_score + F9_substation_rank_core_score,F1+F2+F3+F4+F5+F7+F8+F9,2310,471,417,136,54,1703,0.7540687160940326,0.8853503184713376,0.814453125,0.5715712776925592,0.8179387997623292,0.6328596235849722,2928,630,518,272,112,2026,0.6556962025316456,0.8222222222222222,0.7295774647887324
251,7,F1_bridge_improvement + F2_roughness_improvement + F4_duration_plausibility + F5_n_height_ratio + F6_solar_strength_ratio + F7_solar_peak_alignment + F8_substation_centered_core_score,F1+F2+F4+F5+F6+F7+F8,2310,471,427,151,44,1688,0.7387543252595156,0.9065817409766455,0.8141086749285035,0.54414493670215,0.7386671122994652,0.598662666736215,2928,630,536,322,94,1976,0.6247086247086248,0.8507936507936508,0.7204301075268817
375,7,F1_bridge_improvement + F2_roughness_improvement + F3_slope_continuity_improvement + F5_n_height_ratio + F6_solar_strength_ratio + F7_solar_peak_alignment + F9_substation_rank_core_score,F1+F2+F3+F5+F6+F7+F9,2310,471,416,135,55,1704,0.7549909255898367,0.8832271762208068,0.8140900195694717,0.5580620221385086,0.7554833630421866,0.6140765437123741,2928,630,518,286,112,2012,0.6442786069651741,0.8222222222222222,0.7224546722454671
42,3,F2_roughness_improvement + F4_duration_plausibility + F6_solar_strength_ratio,F2+F4+F6,2310,471,451,186,20,1653,0.7080062794348508,0.9575371549893843,0.8140794223826715,0.48999009755899103,0.73058229352347,0.5673498627295336,2928,630,565,426,65,1872,0.5701311806256307,0.8968253968253969,0.6971005552128317
245,6,F1_bridge_improvement + F3_slope_continuity_improvement + F5_n_height_ratio + F6_solar_strength_ratio + F7_solar_peak_alignment + F8_substation_centered_core_score,F1+F3+F5+F6+F7+F8,2310,471,405,119,66,1720,0.7729007633587787,0.8598726114649682,0.8140703517587939,0.5677445169966455,0.7412938205585264,0.6167900142862865,2928,630,502,247,128,2051,0.6702269692923899,0.7968253968253968,0.7280638143582306
183,6,F1_bridge_improvement + F2_roughness_improvement + F3_slope_continuity_improvement + F5_n_height_ratio + F6_solar_strength_ratio + F8_substation_centered_core_score,F1+F2+F3+F5+F6+F8,2310,471,437,166,34,1673,0.724709784411277,0.9278131634819533,0.813780260707635,0.5020846317310561,0.715455733808675,0.5700448156484774,2928,630,551,363,79,1935,0.6028446389496718,0.8746031746031746,0.7137305699481866
186,5,F2_roughness_improvement + F4_duration_plausibility + F5_n_height_ratio + F6_solar_strength_ratio + F8_substation_centered_core_score,F2+F4+F5+F6+F8,2310,471,411,129,60,1710,0.7611111111111111,0.8726114649681529,0.8130563798219584,0.5553891594805761,0.6825347593582888,0.5897259937256616,2928,630,504,234,126,2064,0.6829268292682927,0.8,0.736842105263158
195,4,F1_bridge_improvement + F2_roughness_improvement + F7_solar_peak_alignment + F8_substation_centered_core_score,F1+F2+F7+F8,2310,471,422,146,49,1693,0.7429577464788732,0.8959660297239915,0.8123195380173244,0.5481196711704137,0.7626241830065359,0.6118801729179151,2928,630,523,312,107,1986,0.6263473053892216,0.8301587301587302,0.7139931740614335
173,5,F1_bridge_improvement + F3_slope_continuity_improvement + F4_duration_plausibility + F6_solar_strength_ratio + F8_substation_centered_core_score,F1+F3+F4+F6+F8,2310,471,410,129,61,1710,0.7606679035250464,0.8704883227176221,0.811881188118812,0.5621678829732389,0.7487703505644683,0.6172682597796555,2928,630,514,296,116,2002,0.6345679012345679,0.8158730158730159,0.7138888888888889
97,3,F1_bridge_improvement + F6_solar_strength_ratio + F7_solar_peak_alignment,F1+F6+F7,2310,471,452,191,19,1648,0.702954898911353,0.9596602972399151,0.8114901256732495,0.5174919702905743,0.7918398692810458,0.6061078159094371,2928,630,573,412,57,1886,0.581725888324873,0.9095238095238095,0.7095975232198142
41,3,F1_bridge_improvement + F4_duration_plausibility + F6_solar_strength_ratio,F1+F4+F6,2310,471,461,205,10,1634,0.6921921921921922,0.9787685774946921,0.8109058927000878,0.4967947610840554,0.7710604575163399,0.5882018571523178,2928,630,589,478,41,1820,0.5520149953139644,0.9349206349206349,0.694166175604007
103,5,F1_bridge_improvement + F2_roughness_improvement + F3_slope_continuity_improvement + F6_solar_strength_ratio + F7_solar_peak_alignment,F1+F2+F3+F6+F7,2310,471,443,179,28,1660,0.7122186495176849,0.940552016985138,0.8106129917657822,0.5391865604321835,0.7806247771836007,0.615927366735392,2928,630,557,397,73,1901,0.5838574423480084,0.8841269841269841,0.7032828282828283
170,4,F2_roughness_improvement + F4_duration_plausibility + F6_solar_strength_ratio + F8_substation_centered_core_score,F2+F4+F6+F8,2310,471,425,153,46,1686,0.7352941176470589,0.9023354564755839,0.8102955195424214,0.5551501335092917,0.8265282234105764,0.6156909915135825,2928,630,529,278,101,2020,0.6555142503097894,0.8396825396825397,0.7362560890744607
335,6,F1_bridge_improvement + F2_roughness_improvement + F3_slope_continuity_improvement + F4_duration_plausibility + F7_solar_peak_alignment + F9_substation_rank_core_score,F1+F2+F3+F4+F7+F9,2310,471,412,135,59,1704,0.753199268738574,0.8747346072186837,0.8094302554027506,0.5611751400018996,0.8074866310160428,0.6174446447764093,2928,630,515,274,115,2024,0.6527249683143219,0.8174603174603174,0.7258632840028189
237,6,F1_bridge_improvement + F3_slope_continuity_improvement + F4_duration_plausibility + F6_solar_strength_ratio + F7_solar_peak_alignment + F8_substation_centered_core_score,F1+F3+F4+F6+F7+F8,2310,471,417,143,54,1696,0.7446428571428572,0.8853503184713376,0.8089233753637245,0.5584995596252701,0.7578523469994058,0.6176092135118048,2928,630,527,302,103,1996,0.6357056694813028,0.8365079365079365,0.722412611377656
185,5,F1_bridge_improvement + F4_duration_plausibility + F5_n_height_ratio + F6_solar_strength_ratio + F8_substation_centered_core_score,F1+F4+F5+F6+F8,2310,471,443,182,28,1657,0.7088,0.940552016985138,0.8083941605839416,0.5125731857228548,0.7850216874628639,0.5941347434221584,2928,630,562,409,68,1889,0.5787847579814624,0.8920634920634921,0.7020612117426608
287,6,F1_bridge_improvement + F2_roughness_improvement + F3_slope_continuity_improvement + F4_duration_plausibility + F5_n_height_ratio + F9_substation_rank_core_score,F1+F2+F3+F4+F5+F9,2310,471,430,163,41,1676,0.7251264755480608,0.9129511677282378,0.8082706766917294,0.5381964470712126,0.7694548425430778,0.6036669623360141,2928,630,542,333,88,1965,0.6194285714285714,0.8603174603174604,0.7202657807308971
106,4,F2_roughness_improvement + F4_duration_plausibility + F6_solar_strength_ratio + F7_solar_peak_alignment,F2+F4+F6+F7,2310,471,415,142,56,1697,0.7450628366247756,0.881104033970276,0.8073929961089494,0.5445271004077925,0.7381859349800526,0.5968054827332778,2928,630,517,343,113,1955,0.6011627906976744,0.8206349206349206,0.6939597315436242
87,5,F1_bridge_improvement + F2_roughness_improvement + F3_slope_continuity_improvement + F5_n_height_ratio + F7_solar_peak_alignment,F1+F2+F3+F5+F7,2310,471,446,188,25,1651,0.7034700315457413,0.9469214437367304,0.8072398190045249,0.49370513798431415,0.7254777183600714,0.5713903329632994,2928,630,561,411,69,1887,0.5771604938271605,0.8904761904761904,0.7003745318352059
151,5,F1_bridge_improvement + F2_roughness_improvement + F3_slope_continuity_improvement + F5_n_height_ratio + F8_substation_centered_core_score,F1+F2+F3+F5+F8,2310,471,439,178,32,1661,0.7115072933549432,0.9320594479830149,0.8069852941176471,0.49497509019198355,0.7189910873440285,0.5650741314817094,2928,630,554,390,76,1908,0.586864406779661,0.8793650793650793,0.7039390088945363
297,4,F1_bridge_improvement + F4_duration_plausibility + F6_solar_strength_ratio + F9_substation_rank_core_score,F1+F4+F6+F9,2310,471,431,167,40,1672,0.7207357859531772,0.9150743099787686,0.8063610851262862,0.543600282144926,0.835232917409388,0.6123314379053018,2928,630,545,350,85,1948,0.6089385474860335,0.8650793650793651,0.7147540983606557
241,5,F1_bridge_improvement + F5_n_height_ratio + F6_solar_strength_ratio + F7_solar_peak_alignment + F8_substation_centered_core_score,F1+F5+F6+F7+F8,2310,471,437,176,34,1663,0.7128874388254486,0.9278131634819533,0.8062730627306273,0.5212077745953834,0.7787935234699941,0.5991159852135421,2928,630,551,358,79,1940,0.6061606160616062,0.8746031746031746,0.7160493827160495
175,6,F1_bridge_improvement + F2_roughness_improvement + F3_slope_continuity_improvement + F4_duration_plausibility + F6_solar_strength_ratio + F8_substation_centered_core_score,F1+F2+F3+F4+F6+F8,2310,471,427,162,44,1677,0.7249575551782682,0.9065817409766455,0.8056603773584906,0.532881904984426,0.7352494058229353,0.5898609084980398,2928,630,540,369,90,1929,0.594059405940594,0.8571428571428571,0.7017543859649122
225,4,F1_bridge_improvement + F6_solar_strength_ratio + F7_solar_peak_alignment + F8_substation_centered_core_score,F1+F6+F7+F8,2310,471,429,165,42,1674,0.7222222222222222,0.910828025477707,0.8056338028169014,0.5421681740878168,0.8313077837195484,0.6197087142072543,2928,630,539,337,91,1961,0.615296803652968,0.8555555555555555,0.7158034528552457
161,3,F1_bridge_improvement + F6_solar_strength_ratio + F8_substation_centered_core_score,F1+F6+F8,2310,471,433,171,38,1668,0.7168874172185431,0.9193205944798302,0.8055813953488372,0.531966067219749,0.8048153594771241,0.6077773360363874,2928,630,547,379,83,1919,0.5907127429805615,0.8682539682539683,0.7030848329048843
31,5,F1_bridge_improvement + F2_roughness_improvement + F3_slope_continuity_improvement + F4_duration_plausibility + F5_n_height_ratio,F1+F2+F3+F4+F5,2310,471,437,177,34,1662,0.7117263843648208,0.9278131634819533,0.8055299539170506,0.49950389623545477,0.7160071301247772,0.5681243265055336,2928,630,548,387,82,1911,0.586096256684492,0.8698412698412699,0.7003194888178915
379,7,F1_bridge_improvement + F2_roughness_improvement + F4_duration_plausibility + F5_n_height_ratio + F6_solar_strength_ratio + F7_solar_peak_alignment + F9_substation_rank_core_score,F1+F2+F4+F5+F6+F7+F9,2310,471,416,146,55,1693,0.7402135231316725,0.8832271762208068,0.8054211035818005,0.5491442953020134,0.8197765894236482,0.6091553452200278,2928,630,526,300,104,1998,0.6368038740920097,0.834920634920635,0.7225274725274726
73,3,F1_bridge_improvement + F4_duration_plausibility + F7_solar_peak_alignment,F1+F4+F7,2310,471,428,164,43,1675,0.722972972972973,0.9087048832271762,0.8052681091251176,0.5413097277469683,0.7337821769733535,0.5992508404977606,2928,630,544,355,86,1943,0.6051167964404894,0.8634920634920635,0.7115761935905821
349,6,F1_bridge_improvement + F3_slope_continuity_improvement + F4_duration_plausibility + F5_n_height_ratio + F7_solar_peak_alignment + F9_substation_rank_core_score,F1+F3+F4+F5+F7+F9,2310,471,408,135,63,1704,0.7513812154696132,0.8662420382165605,0.8047337278106509,0.5734591611300371,0.8051693404634581,0.628701035637592,2928,630,505,270,125,2028,0.6516129032258065,0.8015873015873016,0.7188612099644129
495,8,F1_bridge_improvement + F2_roughness_improvement + F3_slope_continuity_improvement + F4_duration_plausibility + F6_solar_strength_ratio + F7_solar_peak_alignment + F8_substation_centered_core_score + F9_substation_rank_core_score,F1+F2+F3+F4+F6+F7+F8+F9,2310,471,401,125,70,1714,0.7623574144486692,0.851380042462845,0.8044132397191575,0.5731784906174515,0.7973612596553774,0.6256702926111872,2928,630,500,256,130,2042,0.6613756613756614,0.7936507936507936,0.7215007215007215
181,5,F1_bridge_improvement + F3_slope_continuity_improvement + F5_n_height_ratio + F6_solar_strength_ratio + F8_substation_centered_core_score,F1+F3+F5+F6+F8,2310,471,419,152,52,1687,0.7338003502626971,0.8895966029723992,0.8042226487523993,0.5307635758280875,0.7270355020796198,0.5903892880370714,2928,630,529,335,101,1963,0.6122685185185185,0.8396825396825397,0.7081659973226238
213,5,F1_bridge_improvement + F3_slope_continuity_improvement + F5_n_height_ratio + F7_solar_peak_alignment + F8_substation_centered_core_score,F1+F3+F5+F7+F8,2310,471,400,124,71,1715,0.7633587786259542,0.8492569002123143,0.8040201005025126,0.5603325118956566,0.7360799168152109,0.6068781061020532,2928,630,495,251,135,2047,0.6635388739946381,0.7857142857142857,0.7194767441860466
363,6,F1_bridge_improvement + F2_roughness_improvement + F4_duration_plausibility + F6_solar_strength_ratio + F7_solar_peak_alignment + F9_substation_rank_core_score,F1+F2+F4+F6+F7+F9,2310,471,406,133,65,1706,0.7532467532467533,0.861995753715499,0.8039603960396039,0.5650261303127742,0.8088211527035056,0.6173776325757343,2928,630,512,277,118,2021,0.6489226869455006,0.8126984126984127,0.7216349541930939
383,8,F1_bridge_improvement + F2_roughness_improvement + F3_slope_continuity_improvement + F4_duration_plausibility + F5_n_height_ratio + F6_solar_strength_ratio + F7_solar_peak_alignment + F9_substation_rank_core_score,F1+F2+F3+F4+F5+F6+F7+F9,2310,471,405,132,66,1707,0.7541899441340782,0.8598726114649682,0.8035714285714286,0.5669713495656754,0.7747333630421865,0.618650117670196,2928,630,502,272,128,2026,0.648578811369509,0.7968253968253968,0.7150997150997151
29,4,F1_bridge_improvement + F3_slope_continuity_improvement + F4_duration_plausibility + F5_n_height_ratio,F1+F3+F4+F5,2310,471,417,150,54,1689,0.7354497354497355,0.8853503184713376,0.8034682080924855,0.5520355421589375,0.6793755411255411,0.5839743950973635,2928,630,514,351,116,1947,0.5942196531791908,0.8158730158730159,0.6876254180602007
239,7,F1_bridge_improvement + F2_roughness_improvement + F3_slope_continuity_improvement + F4_duration_plausibility + F6_solar_strength_ratio + F7_solar_peak_alignment + F8_substation_centered_core_score,F1+F2+F3+F4+F6+F7+F8,2310,471,416,149,55,1690,0.736283185840708,0.8832271762208068,0.8030888030888031,0.5640741382853033,0.7531019013666073,0.6140781981943548,2928,630,518,319,112,1979,0.6188769414575866,0.8222222222222222,0.7062031356509885
331,5,F1_bridge_improvement + F2_roughness_improvement + F4_duration_plausibility + F7_solar_peak_alignment + F9_substation_rank_core_score,F1+F2+F4+F7+F9,2310,471,392,114,79,1725,0.7747035573122529,0.832271762208068,0.8024564994882292,0.5817599818713863,0.7922780748663102,0.6193566726777792,2928,630,483,228,147,2070,0.679324894514768,0.7666666666666667,0.720357941834452
10,2,F2_roughness_improvement + F4_duration_plausibility,F2+F4,2310,471,434,177,37,1662,0.7103109656301145,0.921443736730361,0.8022181146025877,0.5042864881550561,0.7019330277565572,0.5652269860636747,2928,630,540,356,90,1942,0.6026785714285714,0.8571428571428571,0.7077326343381388
53,4,F1_bridge_improvement + F3_slope_continuity_improvement + F5_n_height_ratio + F6_solar_strength_ratio,F1+F3+F5+F6,2310,471,451,203,20,1636,0.6896024464831805,0.9575371549893843,0.8017777777777779,0.5029340819846047,0.7614407308377896,0.5879250362454137,2928,630,567,440,63,1858,0.5630585898709036,0.9,0.6927306047648136
57,4,F1_bridge_improvement + F4_duration_plausibility + F5_n_height_ratio + F6_solar_strength_ratio,F1+F4+F5+F6,2310,471,410,142,61,1697,0.7427536231884058,0.8704883227176221,0.8015640273704789,0.564282963830917,0.7180355020796197,0.598522164906119,2928,630,513,314,117,1984,0.6203143893591294,0.8142857142857143,0.7041866849691146
85,4,F1_bridge_improvement + F3_slope_continuity_improvement + F5_n_height_ratio + F7_solar_peak_alignment,F1+F3+F5+F7,2310,471,432,175,39,1664,0.7116968698517299,0.9171974522292994,0.8014842300556587,0.526700776819278,0.7361051056786351,0.5945701674778054,2928,630,538,358,92,1940,0.6004464285714286,0.8539682539682539,0.7051114023591087
227,5,F1_bridge_improvement + F2_roughness_improvement + F6_solar_strength_ratio + F7_solar_peak_alignment + F8_substation_centered_core_score,F1+F2+F6+F7+F8,2310,471,421,159,50,1680,0.7258620689655172,0.8938428874734607,0.8011417697431019,0.5409232000306212,0.7611535947712418,0.6000417191379382,2928,630,526,335,104,1963,0.610917537746806,0.834920634920635,0.7055667337357479
37,3,F1_bridge_improvement + F3_slope_continuity_improvement + F6_solar_strength_ratio,F1+F3+F6,2310,471,433,177,38,1662,0.7098360655737705,0.9193205944798302,0.8011100832562442,0.5298880208506893,0.7707578728461082,0.6046030645611626,2928,630,548,404,82,1894,0.5756302521008403,0.8698412698412699,0.6927939317319848
209,4,F1_bridge_improvement + F5_n_height_ratio + F7_solar_peak_alignment + F8_substation_centered_core_score,F1+F5+F7+F8,2310,471,442,191,29,1648,0.69826224328594,0.9384288747346072,0.8007246376811595,0.5174515042803052,0.8440510992275698,0.6082202579830899,2928,630,557,394,73,1904,0.5856992639327024,0.8841269841269841,0.7046173308032891
229,5,F1_bridge_improvement + F3_slope_continuity_improvement + F6_solar_strength_ratio + F7_solar_peak_alignment + F8_substation_centered_core_score,F1+F3+F6+F7+F8,2310,471,437,184,34,1655,0.7037037037037037,0.9278131634819533,0.8003663003663003,0.519856226111458,0.7783229352347,0.597940905112299,2928,630,554,384,76,1914,0.5906183368869936,0.8793650793650793,0.7066326530612245
143,5,F1_bridge_improvement + F2_roughness_improvement + F3_slope_continuity_improvement + F4_duration_plausibility + F8_substation_centered_core_score,F1+F2+F3+F4+F8,2310,471,430,174,41,1665,0.7119205298013245,0.9129511677282378,0.8,0.526020421104168,0.7400271836007131,0.5859379259625352,2928,630,544,382,86,1916,0.5874730021598272,0.8634920634920635,0.6992287917737791
267,4,F1_bridge_improvement + F2_roughness_improvement + F4_duration_plausibility + F9_substation_rank_core_score,F1+F2+F4+F9,2310,471,402,132,69,1707,0.7528089887640449,0.8535031847133758,0.7999999999999999,0.5698884129815924,0.8015508021390374,0.6167026047454132,2928,630,502,275,128,2023,0.646074646074646,0.7968253968253968,0.7135749822316986
295,5,F1_bridge_improvement + F2_roughness_improvement + F3_slope_continuity_improvement + F6_solar_strength_ratio + F9_substation_rank_core_score,F1+F2+F3+F6+F9,2310,471,419,158,52,1681,0.7261698440207972,0.8895966029723992,0.7996183206106869,0.5476354412050024,0.8151853832442069,0.6178634809299461,2928,630,529,326,101,1972,0.6187134502923977,0.8396825396825397,0.7124579124579123
503,8,F1_bridge_improvement + F2_roughness_improvement + F3_slope_continuity_improvement + F5_n_height_ratio + F6_solar_strength_ratio + F7_solar_peak_alignment + F8_substation_centered_core_score + F9_substation_rank_core_score,F1+F2+F3+F5+F6+F7+F8+F9,2310,471,411,146,60,1693,0.7378815080789947,0.8726114649681529,0.7996108949416343,0.5509482209177331,0.78016770647653,0.6085591203973589,2928,630,513,287,117,2011,0.64125,0.8142857142857143,0.7174825174825175
141,4,F1_bridge_improvement + F3_slope_continuity_improvement + F4_duration_plausibility + F8_substation_centered_core_score,F1+F3+F4+F8,2310,471,409,143,62,1696,0.7409420289855072,0.8683651804670913,0.7996089931573802,0.5427942817852862,0.7465867498514557,0.5960256827725295,2928,630,512,321,118,1977,0.6146458583433373,0.8126984126984127,0.6999316473000683
250,6,F2_roughness_improvement + F4_duration_plausibility + F5_n_height_ratio + F6_solar_strength_ratio + F7_solar_peak_alignment + F8_substation_centered_core_score,F2+F4+F5+F6+F7+F8,2310,471,405,137,66,1702,0.7472324723247232,0.8598726114649682,0.7996051332675221,0.5620611833284317,0.7439319667260844,0.6048203001635168,2928,630,503,251,127,2047,0.6671087533156499,0.7984126984126985,0.726878612716763
359,6,F1_bridge_improvement + F2_roughness_improvement + F3_slope_continuity_improvement + F6_solar_strength_ratio + F7_solar_peak_alignment + F9_substation_rank_core_score,F1+F2+F3+F6+F7+F9,2310,471,420,161,51,1678,0.7228915662650602,0.89171974522293,0.7984790874524715,0.543565993291345,0.816655971479501,0.6124833390698139,2928,630,528,323,102,1975,0.6204465334900118,0.8380952380952381,0.7130317353139771
473,6,F1_bridge_improvement + F4_duration_plausibility + F5_n_height_ratio + F7_solar_peak_alignment + F8_substation_centered_core_score + F9_substation_rank_core_score,F1+F4+F5+F7+F8+F9,2310,471,406,140,65,1699,0.7435897435897436,0.861995753715499,0.7984267453294003,0.5660584987122306,0.8105323826500297,0.6186342795559303,2928,630,511,271,119,2027,0.6534526854219949,0.8111111111111111,0.7237960339943342
193,3,F1_bridge_improvement + F7_solar_peak_alignment + F8_substation_centered_core_score,F1+F7+F8,2310,471,429,175,42,1664,0.7102649006622517,0.910828025477707,0.798139534883721,0.5311559578169167,0.8008153594771241,0.6090468634899182,2928,630,538,359,92,1939,0.5997770345596433,0.8539682539682539,0.704649639816634
395,5,F1_bridge_improvement + F2_roughness_improvement + F4_duration_plausibility + F8_substation_centered_core_score + F9_substation_rank_core_score,F1+F2+F4+F8+F9,2310,471,421,163,50,1676,0.7208904109589042,0.8938428874734607,0.7981042654028436,0.5362143965337938,0.8240778371954842,0.5986358739342105,2928,630,528,326,102,1972,0.6182669789227166,0.8380952380952381,0.7115902964959568
19,3,F1_bridge_improvement + F2_roughness_improvement + F5_n_height_ratio,F1+F2+F5,2310,471,419,160,52,1679,0.7236614853195165,0.8895966029723992,0.7980952380952382,0.5437050687900267,0.7251246286393345,0.5881262123951962,2928,630,528,364,102,1934,0.5919282511210763,0.8380952380952381,0.6938239159001315
234,5,F2_roughness_improvement + F4_duration_plausibility + F6_solar_strength_ratio + F7_solar_peak_alignment + F8_substation_centered_core_score,F2+F4+F6+F7+F8,2310,471,417,157,54,1682,0.7264808362369338,0.8853503184713376,0.7980861244019138,0.5541807039910354,0.8194836601307189,0.6080182502353992,2928,630,516,276,114,2022,0.6515151515151515,0.819047619047619,0.7257383966244725
505,7,F1_bridge_improvement + F4_duration_plausibility + F5_n_height_ratio + F6_solar_strength_ratio + F7_solar_peak_alignment + F8_substation_centered_core_score + F9_substation_rank_core_score,F1+F4+F5+F6+F7+F8+F9,2310,471,399,130,72,1709,0.7542533081285444,0.8471337579617835,0.798,0.5727180936166305,0.8035609031491384,0.6190352382747937,2928,630,501,255,129,2043,0.6626984126984127,0.7952380952380952,0.7229437229437229
202,4,F2_roughness_improvement + F4_duration_plausibility + F7_solar_peak_alignment + F8_substation_centered_core_score,F2+F4+F7+F8,2310,471,422,165,49,1674,0.7189097103918228,0.8959660297239915,0.7977315689981095,0.5472608777538581,0.8237563874034461,0.6111772923604408,2928,630,525,291,105,2007,0.6433823529411765,0.8333333333333334,0.7261410788381744
471,7,F1_bridge_improvement + F2_roughness_improvement + F3_slope_continuity_improvement + F5_n_height_ratio + F7_solar_peak_alignment + F8_substation_centered_core_score + F9_substation_rank_core_score,F1+F2+F3+F5+F7+F8+F9,2310,471,414,154,57,1685,0.7288732394366197,0.8789808917197452,0.796920115495669,0.5505407438968452,0.8129328579916815,0.6131372289575419,2928,630,519,298,111,2000,0.6352509179926561,0.8238095238095238,0.7173462335867313
399,6,F1_bridge_improvement + F2_roughness_improvement + F3_slope_continuity_improvement + F4_duration_plausibility + F8_substation_centered_core_score + F9_substation_rank_core_score,F1+F2+F3+F4+F8+F9,2310,471,412,151,59,1688,0.7317939609236235,0.8747346072186837,0.7969052224371374,0.5504932378896696,0.8076197266785502,0.608360364295613,2928,630,515,304,115,1994,0.6288156288156288,0.8174603174603174,0.7108350586611456
199,5,F1_bridge_improvement + F2_roughness_improvement + F3_slope_continuity_improvement + F7_solar_peak_alignment + F8_substation_centered_core_score,F1+F2+F3+F7+F8,2310,471,419,162,52,1677,0.7211703958691911,0.8895966029723992,0.7965779467680608,0.5428934227493076,0.7583502673796791,0.6064515577793466,2928,630,523,340,107,1958,0.6060254924681344,0.8301587301587302,0.7006028131279303
138,3,F2_roughness_improvement + F4_duration_plausibility + F8_substation_centered_core_score,F2+F4+F8,2310,471,428,176,43,1663,0.7086092715231788,0.9087048832271762,0.7962790697674418,0.5280482874968169,0.8003287284610814,0.5949081566215133,2928,630,536,325,94,1973,0.6225319396051103,0.8507936507936508,0.7189805499664655
265,3,F1_bridge_improvement + F4_duration_plausibility + F9_substation_rank_core_score,F1+F4+F9,2310,471,428,176,43,1663,0.7086092715231788,0.9087048832271762,0.7962790697674418,0.5355607398959323,0.8320047534165181,0.6038491753222632,2928,630,542,363,88,1935,0.5988950276243094,0.8603174603174604,0.7061889250814333
49,3,F1_bridge_improvement + F5_n_height_ratio + F6_solar_strength_ratio,F1+F5+F6,2310,471,408,146,63,1693,0.7364620938628159,0.8662420382165605,0.7960975609756098,0.5408463403764155,0.7158073380867498,0.5846920938891111,2928,630,513,345,117,1953,0.5979020979020979,0.8142857142857143,0.6895161290322581
381,7,F1_bridge_improvement + F3_slope_continuity_improvement + F4_duration_plausibility + F5_n_height_ratio + F6_solar_strength_ratio + F7_solar_peak_alignment + F9_substation_rank_core_score,F1+F3+F4+F5+F6+F7+F9,2310,471,402,137,69,1702,0.7458256029684601,0.8535031847133758,0.796039603960396,0.5722688881588369,0.7991978609625668,0.6208308446970517,2928,630,499,271,131,2027,0.6480519480519481,0.792063492063492,0.712857142857143
509,8,F1_bridge_improvement + F3_slope_continuity_improvement + F4_duration_plausibility + F5_n_height_ratio + F6_solar_strength_ratio + F7_solar_peak_alignment + F8_substation_centered_core_score + F9_substation_rank_core_score,F1+F3+F4+F5+F6+F7+F8+F9,2310,471,392,122,79,1717,0.7626459143968871,0.832271762208068,0.7959390862944162,0.5872357059215212,0.7868544266191325,0.6257124852311831,2928,630,487,236,143,2062,0.673582295988935,0.773015873015873,0.7198817442719883
65,2,F1_bridge_improvement + F7_solar_peak_alignment,F1+F7,2310,471,454,216,17,1623,0.6776119402985075,0.9639065817409767,0.7957931638913235,0.5005220001447452,0.7956176470588235,0.5941007946948604,2928,630,577,453,53,1845,0.5601941747572815,0.9158730158730158,0.6951807228915662
431,7,F1_bridge_improvement + F2_roughness_improvement + F3_slope_continuity_improvement + F4_duration_plausibility + F6_solar_strength_ratio + F8_substation_centered_core_score + F9_substation_rank_core_score,F1+F2+F3+F4+F6+F8+F9,2310,471,415,157,56,1682,0.7255244755244755,0.881104033970276,0.7957813998082455,0.5502140378099808,0.8140516934046346,0.6130468001729468,2928,630,520,316,110,1982,0.6220095693779905,0.8253968253968254,0.7094133697135061
153,4,F1_bridge_improvement + F4_duration_plausibility + F5_n_height_ratio + F8_substation_centered_core_score,F1+F4+F5+F8,2310,471,444,201,27,1638,0.6883720930232559,0.9426751592356688,0.7956989247311829,0.5031740812072285,0.8162716874628639,0.5905428702609117,2928,630,564,435,66,1863,0.5645645645645646,0.8952380952380953,0.6924493554327809
263,4,F1_bridge_improvement + F2_roughness_improvement + F3_slope_continuity_improvement + F9_substation_rank_core_score,F1+F2+F3+F9,2310,471,416,159,55,1680,0.7234782608695652,0.8832271762208068,0.7954110898661567,0.5323540702272964,0.7509723707664884,0.592995548882457,2928,630,525,332,105,1966,0.6126021003500584,0.8333333333333334,0.7061197041022191
365,6,F1_bridge_improvement + F3_slope_continuity_improvement + F4_duration_plausibility + F6_solar_strength_ratio + F7_solar_peak_alignment + F9_substation_rank_core_score,F1+F3+F4+F6+F7+F9,2310,471,381,106,90,1733,0.7823408624229979,0.8089171974522293,0.7954070981210857,0.5971945559020745,0.7708871063576945,0.6313633831766763,2928,630,474,221,156,2077,0.6820143884892086,0.7523809523809524,0.7154716981132075
319,7,F1_bridge_improvement + F2_roughness_improvement + F3_slope_continuity_improvement + F4_duration_plausibility + F5_n_height_ratio + F6_solar_strength_ratio + F9_substation_rank_core_score,F1+F2+F3+F4+F5+F6+F9,2310,471,414,156,57,1683,0.7263157894736842,0.8789808917197452,0.7953890489913545,0.5431998507261574,0.7534548425430778,0.5974632697758337,2928,630,521,310,109,1988,0.6269554753309265,0.8269841269841269,0.7132101300479123
327,5,F1_bridge_improvement + F2_roughness_improvement + F3_slope_continuity_improvement + F7_solar_peak_alignment + F9_substation_rank_core_score,F1+F2+F3+F7+F9,2310,471,412,153,59,1686,0.7292035398230089,0.8747346072186837,0.7953667953667954,0.547445898501567,0.805708853238265,0.6068607989062176,2928,630,515,306,115,1992,0.6272838002436053,0.8174603174603174,0.709855272226051
101,4,F1_bridge_improvement + F3_slope_continuity_improvement + F6_solar_strength_ratio + F7_solar_peak_alignment,F1+F3+F6+F7,2310,471,456,220,15,1619,0.6745562130177515,0.9681528662420382,0.7951176983435048,0.5080018282106443,0.7976319073083779,0.6019915025100165,2928,630,583,477,47,1821,0.55,0.9253968253968254,0.6899408284023669
427,6,F1_bridge_improvement + F2_roughness_improvement + F4_duration_plausibility + F6_solar_strength_ratio + F8_substation_centered_core_score + F9_substation_rank_core_score,F1+F2+F4+F6+F8+F9,2310,471,419,164,52,1675,0.7186963979416809,0.8895966029723992,0.7950664136622391,0.5370583993537957,0.8218496732026144,0.5997905456181556,2928,630,527,338,103,1960,0.6092485549132948,0.8365079365079365,0.7050167224080268
205,5,F1_bridge_improvement + F3_slope_continuity_improvement + F4_duration_plausibility + F7_solar_peak_alignment + F8_substation_centered_core_score,F1+F3+F4+F7+F8,2310,471,415,158,56,1681,0.7242582897033158,0.881104033970276,0.7950191570881227,0.543443395477355,0.7558523469994058,0.6059725945125328,2928,630,527,325,103,1973,0.6185446009389671,0.8365079365079365,0.7112010796221322
71,4,F1_bridge_improvement + F2_roughness_improvement + F3_slope_continuity_improvement + F7_solar_peak_alignment,F1+F2+F3+F7,2310,471,438,193,33,1646,0.694136291600634,0.9299363057324841,0.79491833030853,0.4784817963997968,0.7151247771836007,0.5498776868389402,2928,630,552,418,78,1880,0.5690721649484536,0.8761904761904762,0.69
131,3,F1_bridge_improvement + F2_roughness_improvement + F8_substation_centered_core_score,F1+F2+F8,2310,471,436,190,35,1649,0.6964856230031949,0.9256900212314225,0.7948951686417502,0.5154226778297916,0.7786301247771836,0.5935612124509682,2928,630,553,421,77,1877,0.5677618069815195,0.8777777777777778,0.6895261845386534
5,2,F1_bridge_improvement + F3_slope_continuity_improvement,F1+F3,2310,471,434,187,37,1652,0.6988727858293076,0.921443736730361,0.7948717948717949,0.5200569567890545,0.7715154486036839,0.5980608157531782,2928,630,549,416,81,1882,0.5689119170984456,0.8714285714285714,0.6884012539184953
447,8,F1_bridge_improvement + F2_roughness_improvement + F3_slope_continuity_improvement + F4_duration_plausibility + F5_n_height_ratio + F6_solar_strength_ratio + F8_substation_centered_core_score + F9_substation_rank_core_score,F1+F2+F3+F4+F5+F6+F8+F9,2310,471,417,162,54,1677,0.7202072538860104,0.8853503184713376,0.7942857142857144,0.5482814096090187,0.816065953654189,0.6086428643298318,2928,630,522,303,108,1995,0.6327272727272727,0.8285714285714286,0.7175257731958764
463,7,F1_bridge_improvement + F2_roughness_improvement + F3_slope_continuity_improvement + F4_duration_plausibility + F7_solar_peak_alignment + F8_substation_centered_core_score + F9_substation_rank_core_score,F1+F2+F3+F4+F7+F8+F9,2310,471,400,137,71,1702,0.74487895716946,0.8492569002123143,0.7936507936507937,0.5601229496215354,0.7961188354129531,0.6085211466555218,2928,630,499,267,131,2031,0.6514360313315927,0.792063492063492,0.7148997134670487
403,5,F1_bridge_improvement + F2_roughness_improvement + F5_n_height_ratio + F8_substation_centered_core_score + F9_substation_rank_core_score,F1+F2+F5+F8+F9,2310,471,419,166,52,1673,0.7162393162393162,0.8895966029723992,0.7935606060606061,0.5354555967178675,0.8223202614379085,0.5972230057621768,2928,630,526,324,104,1974,0.6188235294117647,0.834920634920635,0.7108108108108108
279,5,F1_bridge_improvement + F2_roughness_improvement + F3_slope_continuity_improvement + F5_n_height_ratio + F9_substation_rank_core_score,F1+F2+F3+F5+F9,2310,471,430,183,41,1656,0.7014681892332789,0.9129511677282378,0.7933579335793358,0.5224676365301365,0.7694548425430778,0.5918594020325278,2928,630,542,362,88,1936,0.5995575221238938,0.8603174603174604,0.7066492829204694
333,5,F1_bridge_improvement + F3_slope_continuity_improvement + F4_duration_plausibility + F7_solar_peak_alignment + F9_substation_rank_core_score,F1+F3+F4+F7+F9,2310,471,380,107,91,1732,0.7802874743326489,0.8067940552016986,0.7933194154488518,0.5940798531445146,0.7660891265597147,0.627562504409365,2928,630,474,224,156,2074,0.6790830945558739,0.7523809523809524,0.713855421686747
154,4,F2_roughness_improvement + F4_duration_plausibility + F5_n_height_ratio + F8_substation_centered_core_score,F2+F4+F5+F8,2310,471,414,159,57,1680,0.7225130890052356,0.8789808917197452,0.793103448275862,0.5333260973760902,0.686827688651218,0.5775626388886509,2928,630,508,276,122,2022,0.6479591836734694,0.8063492063492064,0.7185289957567186
301,5,F1_bridge_improvement + F3_slope_continuity_improvement + F4_duration_plausibility + F6_solar_strength_ratio + F9_substation_rank_core_score,F1+F3+F4+F6+F9,2310,471,396,132,75,1707,0.75,0.8407643312101911,0.7927927927927929,0.5762971478289503,0.7896423054070113,0.6251504082531866,2928,630,491,270,139,2028,0.6452036793692509,0.7793650793650794,0.7059669302659957
435,6,F1_bridge_improvement + F2_roughness_improvement + F5_n_height_ratio + F6_solar_strength_ratio + F8_substation_centered_core_score + F9_substation_rank_core_score,F1+F2+F5+F6+F8+F9,2310,471,415,161,56,1678,0.7204861111111112,0.881104033970276,0.7927411652340018,0.5410507381159212,0.8185769459298871,0.5983104999841591,2928,630,522,314,108,1984,0.6244019138755981,0.8285714285714286,0.7121418826739427
163,4,F1_bridge_improvement + F2_roughness_improvement + F6_solar_strength_ratio + F8_substation_centered_core_score,F1+F2+F6+F8,2310,471,432,187,39,1652,0.6978998384491115,0.9171974522292994,0.7926605504587158,0.5101859053738798,0.7430871954842543,0.5752880703122982,2928,630,547,418,83,1880,0.566839378238342,0.8682539682539683,0.6858934169278997
317,6,F1_bridge_improvement + F3_slope_continuity_improvement + F4_duration_plausibility + F5_n_height_ratio + F6_solar_strength_ratio + F9_substation_rank_core_score,F1+F3+F4+F5+F6+F9,2310,471,376,102,95,1737,0.7866108786610879,0.7983014861995754,0.7924130663856691,0.5935483335789966,0.6947693319752143,0.6065808055211064,2928,630,462,211,168,2087,0.6864784546805349,0.7333333333333333,0.7091327705295473
129,2,F1_bridge_improvement + F8_substation_centered_core_score,F1+F8,2310,471,436,195,35,1644,0.6909667194928685,0.9256900212314225,0.7912885662431942,0.5108698532572079,0.8075729352347,0.5935435896985469,2928,630,553,428,77,1870,0.563710499490316,0.8777777777777778,0.6865301055245189
7,3,F1_bridge_improvement + F2_roughness_improvement + F3_slope_continuity_improvement,F1+F2+F3,2310,471,453,221,18,1618,0.672106824925816,0.9617834394904459,0.7912663755458516,0.4993845848809382,0.7631983065953654,0.5812230239987375,2928,630,573,494,57,1804,0.5370196813495782,0.9095238095238095,0.675309369475545
77,4,F1_bridge_improvement + F3_slope_continuity_improvement + F4_duration_plausibility + F7_solar_peak_alignment,F1+F3+F4+F7,2310,471,432,189,39,1650,0.6956521739130435,0.9171974522292994,0.7912087912087912,0.525285320749452,0.7731613190730837,0.6042326270057268,2928,630,549,405,81,1893,0.5754716981132075,0.8714285714285714,0.6931818181818181
179,5,F1_bridge_improvement + F2_roughness_improvement + F5_n_height_ratio + F6_solar_strength_ratio + F8_substation_centered_core_score,F1+F2+F5+F6+F8,2310,471,411,157,60,1682,0.7235915492957746,0.8726114649681529,0.7911453320500481,0.5404355830591561,0.7175952168746286,0.5823753161938601,2928,630,516,338,114,1960,0.6042154566744731,0.819047619047619,0.6954177897574124
113,4,F1_bridge_improvement + F5_n_height_ratio + F6_solar_strength_ratio + F7_solar_peak_alignment,F1+F5+F6+F7,2310,471,435,194,36,1645,0.6915739268680445,0.9235668789808917,0.7909090909090909,0.5059535501032595,0.7485494652406417,0.5776427480027297,2928,630,555,408,75,1890,0.5763239875389408,0.8809523809523809,0.6967984934086628
497,6,F1_bridge_improvement + F5_n_height_ratio + F6_solar_strength_ratio + F7_solar_peak_alignment + F8_substation_centered_core_score + F9_substation_rank_core_score,F1+F5+F6+F7+F8+F9,2310,471,412,159,59,1680,0.7215411558669002,0.8747346072186837,0.7907869481765833,0.5485856035962773,0.8170029708853238,0.6071440988120144,2928,630,519,308,111,1990,0.6275695284159613,0.8238095238095238,0.7124227865477007
343,6,F1_bridge_improvement + F2_roughness_improvement + F3_slope_continuity_improvement + F5_n_height_ratio + F7_solar_peak_alignment + F9_substation_rank_core_score,F1+F2+F3+F5+F7+F9,2310,471,404,147,67,1692,0.7332123411978222,0.8577494692144374,0.7906066536203522,0.5426642001790023,0.7434833630421865,0.5937628178114636,2928,630,505,287,125,2011,0.6376262626262627,0.8015873015873016,0.710267229254571
507,8,F1_bridge_improvement + F2_roughness_improvement + F4_duration_plausibility + F5_n_height_ratio + F6_solar_strength_ratio + F7_solar_peak_alignment + F8_substation_centered_core_score + F9_substation_rank_core_score,F1+F2+F4+F5+F6+F7+F8+F9,2310,471,404,147,67,1692,0.7332123411978222,0.8577494692144374,0.7906066536203522,0.556324270411085,0.8099584076054664,0.6090685145456723,2928,630,509,287,121,2011,0.6394472361809045,0.807936507936508,0.7138849929873773
339,5,F1_bridge_improvement + F2_roughness_improvement + F5_n_height_ratio + F7_solar_peak_alignment + F9_substation_rank_core_score,F1+F2+F5+F7+F9,2310,471,407,152,64,1687,0.7280858676207513,0.8641188959660298,0.7902912621359224,0.5406160138059076,0.8093790849673203,0.5944086049315976,2928,630,510,310,120,1988,0.6219512195121951,0.8095238095238095,0.7034482758620689
455,6,F1_bridge_improvement + F2_roughness_improvement + F3_slope_continuity_improvement + F7_solar_peak_alignment + F8_substation_centered_core_score + F9_substation_rank_core_score,F1+F2+F3+F7+F8+F9,2310,471,407,152,64,1687,0.7280858676207513,0.8641188959660298,0.7902912621359224,0.5514999591544536,0.8028764111705289,0.6128271106775849,2928,630,510,299,120,1999,0.630407911001236,0.8095238095238095,0.708825573314802
149,4,F1_bridge_improvement + F3_slope_continuity_improvement + F5_n_height_ratio + F8_substation_centered_core_score,F1+F3+F5+F8,2310,471,420,172,51,1667,0.7094594594594594,0.89171974522293,0.7902163687676387,0.5173650679615219,0.7298132798573975,0.578983805717063,2928,630,533,371,97,1927,0.5896017699115044,0.846031746031746,0.6949152542372881
275,4,F1_bridge_improvement + F2_roughness_improvement + F5_n_height_ratio + F9_substation_rank_core_score,F1+F2+F5+F9,2310,471,416,166,55,1673,0.7147766323024055,0.8832271762208068,0.7901234567901235,0.5332861582861583,0.8178942364824717,0.5933678280530642,2928,630,526,327,104,1971,0.6166471277842908,0.834920634920635,0.7093728927848955
197,4,F1_bridge_improvement + F3_slope_continuity_improvement + F7_solar_peak_alignment + F8_substation_centered_core_score,F1+F3+F7+F8,2310,471,438,200,33,1639,0.6865203761755486,0.9299363057324841,0.7899008115419298,0.5083585963563839,0.7811007130124777,0.5910666647342686,2928,630,555,414,75,1884,0.5727554179566563,0.8809523809523809,0.6941838649155722
23,4,F1_bridge_improvement + F2_roughness_improvement + F3_slope_continuity_improvement + F5_n_height_ratio,F1+F2+F3+F5,2310,471,449,217,22,1622,0.6741741741741741,0.9532908704883227,0.7897977132805629,0.4758534469388007,0.7280071301247772,0.554852879560304,2928,630,565,465,65,1833,0.5485436893203883,0.8968253968253969,0.6807228915662651
147,4,F1_bridge_improvement + F2_roughness_improvement + F5_n_height_ratio + F8_substation_centered_core_score,F1+F2+F5+F8,2310,471,420,173,51,1666,0.7082630691399663,0.89171974522293,0.7894736842105263,0.5225519997738577,0.7310586749851455,0.5811585125689154,2928,630,530,372,100,1926,0.5875831485587583,0.8412698412698413,0.6919060052219321
467,6,F1_bridge_improvement + F2_roughness_improvement + F5_n_height_ratio + F7_solar_peak_alignment + F8_substation_centered_core_score + F9_substation_rank_core_score,F1+F2+F5+F7+F8+F9,2310,471,415,166,56,1673,0.7142857142857143,0.881104033970276,0.7889733840304182,0.5332430860441961,0.8176072489601901,0.5915721285078496,2928,630,519,329,111,1969,0.6120283018867925,0.8238095238095238,0.7023004059539919
55,5,F1_bridge_improvement + F2_roughness_improvement + F3_slope_continuity_improvement + F5_n_height_ratio + F6_solar_strength_ratio,F1+F2+F3+F5+F6,2310,471,454,226,17,1613,0.6676470588235294,0.9639065817409767,0.788879235447437,0.46807793814372767,0.7348894830659536,0.5540437619130671,2928,630,575,496,55,1802,0.5368814192343604,0.9126984126984127,0.6760728982951205
329,4,F1_bridge_improvement + F4_duration_plausibility + F7_solar_peak_alignment + F9_substation_rank_core_score,F1+F4+F7+F9,2310,471,408,156,63,1683,0.723404255319149,0.8662420382165605,0.7884057971014493,0.5549443183706458,0.8104979203802734,0.6053764873140537,2928,630,518,319,112,1979,0.6188769414575866,0.8222222222222222,0.7062031356509885
419,5,F1_bridge_improvement + F2_roughness_improvement + F6_solar_strength_ratio + F8_substation_centered_core_score + F9_substation_rank_core_score,F1+F2+F6+F8+F9,2310,471,434,196,37,1643,0.6888888888888889,0.921443736730361,0.7883742052679382,0.5166899896081805,0.838232917409388,0.5924271663549647,2928,630,548,389,82,1909,0.5848452508004269,0.8698412698412699,0.6994256541161455
361,5,F1_bridge_improvement + F4_duration_plausibility + F6_solar_strength_ratio + F7_solar_peak_alignment + F9_substation_rank_core_score,F1+F4+F6+F7+F9,2310,471,409,158,62,1681,0.7213403880070547,0.8683651804670913,0.788053949903661,0.5514273064385724,0.8130475341651813,0.6027285001041773,2928,630,517,321,113,1977,0.616945107398568,0.8206349206349206,0.7043596730245233
355,5,F1_bridge_improvement + F2_roughness_improvement + F6_solar_strength_ratio + F7_solar_peak_alignment + F9_substation_rank_core_score,F1+F2+F6+F7+F9,2310,471,420,175,51,1664,0.7058823529411765,0.89171974522293,0.7879924953095686,0.5317792362535935,0.8232917409387998,0.5983058000866626,2928,630,532,348,98,1950,0.6045454545454545,0.8444444444444444,0.7046357615894039
409,5,F1_bridge_improvement + F4_duration_plausibility + F5_n_height_ratio + F8_substation_centered_core_score + F9_substation_rank_core_score,F1+F4+F5+F8+F9,2310,471,405,152,66,1687,0.7271095152603232,0.8598726114649682,0.7879377431906615,0.5511897885607854,0.8082537136066548,0.6011712799345834,2928,630,510,297,120,2001,0.6319702602230484,0.8095238095238095,0.7098121085594989
17,2,F1_bridge_improvement + F5_n_height_ratio,F1+F5,2310,471,414,166,57,1673,0.7137931034482758,0.8789808917197452,0.7878211227402474,0.5441108274079465,0.7226154188948306,0.5852600061131631,2928,630,520,380,110,1918,0.5777777777777777,0.8253968253968254,0.6797385620915032
369,5,F1_bridge_improvement + F5_n_height_ratio + F6_solar_strength_ratio + F7_solar_peak_alignment + F9_substation_rank_core_score,F1+F5+F6+F7+F9,2310,471,417,171,54,1668,0.7091836734693877,0.8853503184713376,0.7875354107648725,0.5374333394891073,0.8196072489601901,0.5967275717739964,2928,630,529,334,101,1964,0.6129779837775203,0.8396825396825397,0.708640321500335
269,4,F1_bridge_improvement + F3_slope_continuity_improvement + F4_duration_plausibility + F9_substation_rank_core_score,F1+F3+F4+F9,2310,471,396,139,75,1700,0.7401869158878505,0.8407643312101911,0.7872763419483102,0.5640164966088704,0.789399881164587,0.6134377537058028,2928,630,494,282,136,2016,0.6365979381443299,0.7841269841269841,0.7027027027027027
413,6,F1_bridge_improvement + F3_slope_continuity_improvement + F4_duration_plausibility + F5_n_height_ratio + F8_substation_centered_core_score + F9_substation_rank_core_score,F1+F3+F4+F5+F8+F9,2310,471,390,130,81,1709,0.75,0.8280254777070064,0.7870837537840565,0.5670441246638481,0.7498510101010101,0.604192606758289,2928,630,481,255,149,2043,0.6535326086956522,0.7634920634920634,0.7042459736456808
477,7,F1_bridge_improvement + F3_slope_continuity_improvement + F4_duration_plausibility + F5_n_height_ratio + F7_solar_peak_alignment + F8_substation_centered_core_score + F9_substation_rank_core_score,F1+F3+F4+F5+F7+F8+F9,2310,471,390,130,81,1709,0.75,0.8280254777070064,0.7870837537840565,0.5709066134291472,0.7546044266191325,0.6097577127706315,2928,630,485,249,145,2049,0.6607629427792916,0.7698412698412699,0.7111436950146628
487,7,F1_bridge_improvement + F2_roughness_improvement + F3_slope_continuity_improvement + F6_solar_strength_ratio + F7_solar_peak_alignment + F8_substation_centered_core_score + F9_substation_rank_core_score,F1+F2+F3+F6+F7+F8+F9,2310,471,401,147,70,1692,0.7317518248175182,0.851380042462845,0.7870461236506379,0.5547739967805905,0.7976036838978016,0.6107279103569767,2928,630,503,289,127,2009,0.63510101010101,0.7984126984126985,0.7074542897327707
373,6,F1_bridge_improvement + F3_slope_continuity_improvement + F5_n_height_ratio + F6_solar_strength_ratio + F7_solar_peak_alignment + F9_substation_rank_core_score,F1+F3+F5+F6+F7+F9,2310,471,409,160,62,1679,0.718804920913884,0.8683651804670913,0.7865384615384615,0.5529057502484329,0.8075953654188949,0.6115316618191495,2928,630,512,303,118,1995,0.6282208588957056,0.8126984126984127,0.7086505190311418
167,5,F1_bridge_improvement + F2_roughness_improvement + F3_slope_continuity_improvement + F6_solar_strength_ratio + F8_substation_centered_core_score,F1+F2+F3+F6+F8,2310,471,457,235,14,1604,0.6604046242774566,0.970276008492569,0.7858985382631125,0.4849506168944637,0.7988600713012477,0.5778904231556463,2928,630,584,508,46,1790,0.5347985347985348,0.926984126984127,0.6782810685249709
299,5,F1_bridge_improvement + F2_roughness_improvement + F4_duration_plausibility + F6_solar_strength_ratio + F9_substation_rank_core_score,F1+F2+F4+F6+F9,2310,471,400,147,71,1692,0.7312614259597806,0.8492569002123143,0.7858546168958743,0.5526994052224699,0.7997932263814617,0.5946746568102032,2928,630,500,288,130,2010,0.6345177664974619,0.7936507936507936,0.7052186177715092
281,4,F1_bridge_improvement + F4_duration_plausibility + F5_n_height_ratio + F9_substation_rank_core_score,F1+F4+F5+F9,2310,471,398,144,73,1695,0.7343173431734318,0.8450106157112527,0.7857847976307997,0.5549453562003585,0.8020617944147356,0.6000945526605548,2928,630,502,280,128,2018,0.6419437340153452,0.7968253968253968,0.7110481586402266
465,5,F1_bridge_improvement + F5_n_height_ratio + F7_solar_peak_alignment + F8_substation_centered_core_score + F9_substation_rank_core_score,F1+F5+F7+F8+F9,2310,471,412,166,59,1673,0.71280276816609,0.8747346072186837,0.7855100095328885,0.5429164676529542,0.8170029708853238,0.6012191965352567,2928,630,520,315,110,1983,0.6227544910179641,0.8253968253968254,0.7098976109215016
441,6,F1_bridge_improvement + F4_duration_plausibility + F5_n_height_ratio + F6_solar_strength_ratio + F8_substation_centered_core_score + F9_substation_rank_core_score,F1+F4+F5+F6+F8+F9,2310,471,399,146,72,1693,0.7321100917431193,0.8471337579617835,0.7854330708661417,0.5582965419099939,0.8022679738562092,0.6024753979449344,2928,630,505,282,125,2016,0.6416772554002541,0.8015873015873016,0.7127734650670431
499,7,F1_bridge_improvement + F2_roughness_improvement + F5_n_height_ratio + F6_solar_strength_ratio + F7_solar_peak_alignment + F8_substation_centered_core_score + F9_substation_rank_core_score,F1+F2+F5+F6+F7+F8+F9,2310,471,417,174,54,1665,0.7055837563451777,0.8853503184713376,0.7853107344632768,0.534567200047267,0.8202917409387998,0.5965002699365697,2928,630,527,337,103,1961,0.6099537037037037,0.8365079365079365,0.7054886211512718
231,6,F1_bridge_improvement + F2_roughness_improvement + F3_slope_continuity_improvement + F6_solar_strength_ratio + F7_solar_peak_alignment + F8_substation_centered_core_score,F1+F2+F3+F6+F7+F8,2310,471,418,176,53,1663,0.7037037037037037,0.8874734607218684,0.7849765258215962,0.535895857448525,0.7555724896019014,0.5945476079540376,2928,630,524,349,106,1949,0.6002290950744559,0.8317460317460318,0.697272122421823
393,4,F1_bridge_improvement + F4_duration_plausibility + F8_substation_centered_core_score + F9_substation_rank_core_score,F1+F4+F8+F9,2310,471,412,167,59,1672,0.7115716753022453,0.8747346072186837,0.7847619047619049,0.5421332520644685,0.8141604278074867,0.59832534427091,2928,630,520,331,110,1967,0.6110458284371327,0.8253968253968254,0.7022282241728561
178,4,F2_roughness_improvement + F5_n_height_ratio + F6_solar_strength_ratio + F8_substation_centered_core_score,F2+F5+F6+F8,2310,471,415,172,56,1667,0.706984667802385,0.881104033970276,0.7844990548204159,0.5295127329761731,0.7167704991087345,0.5720217486091905,2928,630,515,298,115,2000,0.6334563345633456,0.8174603174603174,0.7137907137907139
341,5,F1_bridge_improvement + F3_slope_continuity_improvement + F5_n_height_ratio + F7_solar_peak_alignment + F9_substation_rank_core_score,F1+F3+F5+F7+F9,2310,471,409,163,62,1676,0.715034965034965,0.8683651804670913,0.7842761265580058,0.5494470247423878,0.8059269162210339,0.6069908917931319,2928,630,511,308,119,1990,0.6239316239316239,0.8111111111111111,0.7053140096618358
35,3,F1_bridge_improvement + F2_roughness_improvement + F6_solar_strength_ratio,F1+F2+F6,2310,471,428,194,43,1645,0.6881028938906752,0.9087048832271762,0.7831655992680696,0.5127919697676673,0.7388970588235294,0.5747422424143039,2928,630,544,433,86,1865,0.5568065506653019,0.8634920634920635,0.6770379589296827
371,6,F1_bridge_improvement + F2_roughness_improvement + F5_n_height_ratio + F6_solar_strength_ratio + F7_solar_peak_alignment + F9_substation_rank_core_score,F1+F2+F5+F6+F7+F9,2310,471,415,174,56,1665,0.7045840407470289,0.881104033970276,0.7830188679245282,0.5307345349190878,0.8182917409387997,0.5930349397589147,2928,630,526,340,104,1958,0.6073903002309469,0.834920634920635,0.7032085561497325
415,7,F1_bridge_improvement + F2_roughness_improvement + F3_slope_continuity_improvement + F4_duration_plausibility + F5_n_height_ratio + F8_substation_centered_core_score + F9_substation_rank_core_score,F1+F2+F3+F4+F5+F8+F9,2310,471,405,159,66,1680,0.7180851063829787,0.8598726114649682,0.7826086956521738,0.5399342163326724,0.7413983957219251,0.5891927323589017,2928,630,508,301,122,1997,0.6279357231149567,0.8063492063492064,0.7060458651841556
289,3,F1_bridge_improvement + F6_solar_strength_ratio + F9_substation_rank_core_score,F1+F6+F9,2310,471,431,200,40,1639,0.6830427892234548,0.9150743099787686,0.7822141560798548,0.5208113617723088,0.835232917409388,0.5897831793206659,2928,630,547,395,83,1903,0.5806794055201698,0.8682539682539683,0.6959287531806616
491,7,F1_bridge_improvement + F2_roughness_improvement + F4_duration_plausibility + F6_solar_strength_ratio + F7_solar_peak_alignment + F8_substation_centered_core_score + F9_substation_rank_core_score,F1+F2+F4+F6+F7+F8+F9,2310,471,404,158,67,1681,0.7188612099644128,0.8577494692144374,0.782187802516941,0.5496588262813477,0.8068211527035056,0.6008866315123713,2928,630,508,300,122,1998,0.6287128712871287,0.8063492063492064,0.70653685674548
146,3,F2_roughness_improvement + F5_n_height_ratio + F8_substation_centered_core_score,F2+F5+F8,2310,471,418,181,53,1658,0.6978297161936561,0.8874734607218684,0.7813084112149532,0.5173663909211981,0.7230836304218657,0.5711889063850109,2928,630,519,316,111,1982,0.6215568862275449,0.8238095238095238,0.7085324232081911
483,6,F1_bridge_improvement + F2_roughness_improvement + F6_solar_strength_ratio + F7_solar_peak_alignment + F8_substation_centered_core_score + F9_substation_rank_core_score,F1+F2+F6+F7+F8+F9,2310,471,416,179,55,1660,0.6991596638655462,0.8832271762208068,0.7804878048780488,0.5309480002629079,0.820503862150921,0.5939358463442749,2928,630,523,344,107,1954,0.6032295271049596,0.8301587301587302,0.6987307949231797
401,4,F1_bridge_improvement + F5_n_height_ratio + F8_substation_centered_core_score + F9_substation_rank_core_score,F1+F5+F8+F9,2310,471,410,170,61,1669,0.7068965517241379,0.8704883227176221,0.7802093244529019,0.5334622594816132,0.8122840166369578,0.5896308834112809,2928,630,518,331,112,1967,0.6101295641931684,0.8222222222222222,0.700473292765382
425,5,F1_bridge_improvement + F4_duration_plausibility + F6_solar_strength_ratio + F8_substation_centered_core_score + F9_substation_rank_core_score,F1+F4+F6+F8+F9,2310,471,406,164,65,1675,0.712280701754386,0.861995753715499,0.7800192122958695,0.5474730630618307,0.8091301247771836,0.5979878723551041,2928,630,515,321,115,1977,0.6160287081339713,0.8174603174603174,0.7025920873124146
259,3,F1_bridge_improvement + F2_roughness_improvement + F9_substation_rank_core_score,F1+F2+F9,2310,471,401,157,70,1682,0.7186379928315412,0.851380042462845,0.7793974732750243,0.5381737463721707,0.8005508021390375,0.5913150398956559,2928,630,505,311,125,1987,0.6188725490196079,0.8015873015873016,0.698478561549101
501,7,F1_bridge_improvement + F3_slope_continuity_improvement + F5_n_height_ratio + F6_solar_strength_ratio + F7_solar_peak_alignment + F8_substation_centered_core_score + F9_substation_rank_core_score,F1+F3+F5+F6+F7+F8+F9,2310,471,392,144,79,1695,0.7313432835820896,0.832271762208068,0.778550148957299,0.5650431127669558,0.7873250148544266,0.610173093514174,2928,630,488,275,142,2023,0.6395806028833552,0.7746031746031746,0.700646087580761
81,3,F1_bridge_improvement + F5_n_height_ratio + F7_solar_peak_alignment,F1+F5+F7,2310,471,441,221,30,1618,0.6661631419939577,0.9363057324840764,0.7784642541924095,0.4899523559170298,0.7538079322638146,0.5669653293920416,2928,630,562,447,68,1851,0.5569871159563925,0.8920634920634921,0.685784014643075
311,6,F1_bridge_improvement + F2_roughness_improvement + F3_slope_continuity_improvement + F5_n_height_ratio + F6_solar_strength_ratio + F9_substation_rank_core_score,F1+F2+F3+F5+F6+F9,2310,471,414,179,57,1660,0.6981450252951096,0.8789808917197452,0.7781954887218046,0.5242324097966811,0.7534548425430778,0.5838540761903059,2928,630,523,347,107,1951,0.6011494252873564,0.8301587301587302,0.6973333333333334
391,5,F1_bridge_improvement + F2_roughness_improvement + F3_slope_continuity_improvement + F8_substation_centered_core_score + F9_substation_rank_core_score,F1+F2+F3+F8+F9,2310,471,403,162,68,1677,0.7132743362831858,0.8556263269639066,0.777992277992278,0.5283843800257614,0.736826797385621,0.5825042162565954,2928,630,509,321,121,1977,0.6132530120481928,0.807936507936508,0.6972602739726028
3,2,F1_bridge_improvement + F2_roughness_improvement,F1+F2,2310,471,431,207,40,1632,0.6755485893416928,0.9150743099787686,0.7772768259693418,0.4991769705593908,0.7418970588235294,0.5676217767231593,2928,630,548,454,82,1844,0.5469061876247505,0.8698412698412699,0.6715686274509804
387,4,F1_bridge_improvement + F2_roughness_improvement + F8_substation_centered_core_score + F9_substation_rank_core_score,F1+F2+F8+F9,2310,471,424,196,47,1643,0.6838709677419355,0.9002123142250531,0.7772685609532538,0.5156822905558069,0.8277765894236482,0.5835055225303575,2928,630,536,388,94,1910,0.5800865800865801,0.8507936507936508,0.6898326898326899
407,6,F1_bridge_improvement + F2_roughness_improvement + F3_slope_continuity_improvement + F5_n_height_ratio + F8_substation_centered_core_score + F9_substation_rank_core_score,F1+F2+F3+F5+F8+F9,2310,471,413,179,58,1660,0.6976351351351351,0.8768577494692145,0.7770460959548448,0.5207660730133981,0.7494126559714795,0.5788907168861671,2928,630,522,337,108,1961,0.6076833527357393,0.8285714285714286,0.7011417058428477
177,4,F1_bridge_improvement + F5_n_height_ratio + F6_solar_strength_ratio + F8_substation_centered_core_score,F1+F5+F6+F8,2310,471,442,225,29,1614,0.6626686656671664,0.9384288747346072,0.7768014059753954,0.4855916574726995,0.7832944147355911,0.5704424694766921,2928,630,566,472,64,1826,0.5452793834296724,0.8984126984126984,0.6786570743405276
34,2,F2_roughness_improvement + F6_solar_strength_ratio,F2+F6,2310,471,452,241,19,1598,0.6522366522366523,0.9596602972399151,0.7766323024054983,0.45256951448004645,0.7315822935234699,0.5340894436503609,2928,630,567,509,63,1789,0.5269516728624535,0.9,0.6647127784290737
218,5,F2_roughness_improvement + F4_duration_plausibility + F5_n_height_ratio + F7_solar_peak_alignment + F8_substation_centered_core_score,F2+F4+F5+F7+F8,2310,471,392,147,79,1692,0.7272727272727273,0.832271762208068,0.7762376237623763,0.5537793009031345,0.735846999405823,0.5917974952715359,2928,630,485,253,145,2045,0.6571815718157181,0.7698412698412699,0.7090643274853801
423,6,F1_bridge_improvement + F2_roughness_improvement + F3_slope_continuity_improvement + F6_solar_strength_ratio + F8_substation_centered_core_score + F9_substation_rank_core_score,F1+F2+F3+F6+F8+F9,2310,471,404,166,67,1673,0.7087719298245614,0.8577494692144374,0.7761767531219981,0.534259644070715,0.798326797385621,0.5919820310357693,2928,630,509,323,121,1975,0.6117788461538461,0.807936507936508,0.6963064295485637
74,3,F2_roughness_improvement + F4_duration_plausibility + F7_solar_peak_alignment,F2+F4+F7,2310,471,424,198,47,1641,0.6816720257234726,0.9002123142250531,0.7758462946020128,0.5027016544232092,0.7527039724980902,0.5713601985220779,2928,630,530,445,100,1853,0.5435897435897435,0.8412698412698413,0.660436137071651
429,6,F1_bridge_improvement + F3_slope_continuity_improvement + F4_duration_plausibility + F6_solar_strength_ratio + F8_substation_centered_core_score + F9_substation_rank_core_score,F1+F3+F4+F6+F8+F9,2310,471,375,121,96,1718,0.7560483870967742,0.7961783439490446,0.7755946225439504,0.577693627209595,0.7579090909090909,0.6048407526659829,2928,630,468,241,162,2057,0.6600846262341326,0.7428571428571429,0.6990291262135923
285,5,F1_bridge_improvement + F3_slope_continuity_improvement + F4_duration_plausibility + F5_n_height_ratio + F9_substation_rank_core_score,F1+F3+F4+F5+F9,2310,471,380,129,91,1710,0.7465618860510805,0.8067940552016986,0.7755102040816326,0.5524580377997605,0.7134132501485443,0.5846560066132686,2928,630,469,253,161,2045,0.649584487534626,0.7444444444444445,0.6937869822485208
357,5,F1_bridge_improvement + F3_slope_continuity_improvement + F6_solar_strength_ratio + F7_solar_peak_alignment + F9_substation_rank_core_score,F1+F3+F6+F7+F9,2310,471,383,134,88,1705,0.7408123791102514,0.8131634819532909,0.7753036437246964,0.5669935539189522,0.7731152703505644,0.6071488230464427,2928,630,480,262,150,2036,0.6469002695417789,0.7619047619047619,0.6997084548104956
309,5,F1_bridge_improvement + F3_slope_continuity_improvement + F5_n_height_ratio + F6_solar_strength_ratio + F9_substation_rank_core_score,F1+F3+F5+F6+F9,2310,471,372,117,99,1722,0.7607361963190185,0.7898089171974523,0.775,0.5781121248990968,0.6887633902045667,0.590907493981089,2928,630,456,229,174,2069,0.6656934306569343,0.7238095238095238,0.6935361216730038
439,7,F1_bridge_improvement + F2_roughness_improvement + F3_slope_continuity_improvement + F5_n_height_ratio + F6_solar_strength_ratio + F8_substation_centered_core_score + F9_substation_rank_core_score,F1+F2+F3+F5+F6+F8+F9,2310,471,408,174,63,1665,0.7010309278350515,0.8662420382165605,0.774928774928775,0.5231661902572653,0.7456247771836008,0.579826332994197,2928,630,516,331,114,1967,0.6092089728453365,0.819047619047619,0.6987136086662153
273,3,F1_bridge_improvement + F5_n_height_ratio + F9_substation_rank_core_score,F1+F5+F9,2310,471,398,159,73,1680,0.7145421903052065,0.8450106157112527,0.77431906614786,0.5426228601291482,0.8020617944147356,0.5886971517756032,2928,630,502,308,128,1990,0.6197530864197531,0.7968253968253968,0.6972222222222222
433,5,F1_bridge_improvement + F5_n_height_ratio + F6_solar_strength_ratio + F8_substation_centered_core_score + F9_substation_rank_core_score,F1+F5+F6+F8+F9,2310,471,407,174,64,1665,0.7005163511187608,0.8641188959660298,0.7737642585551332,0.5350817123143852,0.8095264408793821,0.5870685652740307,2928,630,514,327,116,1971,0.6111771700356718,0.8158730158730159,0.698844323589395
345,5,F1_bridge_improvement + F4_duration_plausibility + F5_n_height_ratio + F7_solar_peak_alignment + F9_substation_rank_core_score,F1+F4+F5+F7+F9,2310,471,395,155,76,1684,0.7181818181818181,0.8386411889596603,0.7737512242899118,0.5444933341141021,0.7981206179441473,0.5879125721696368,2928,630,500,297,130,2001,0.6273525721455459,0.7936507936507936,0.700770847932726
33,2,F1_bridge_improvement + F6_solar_strength_ratio,F1+F6,2310,471,453,247,18,1592,0.6471428571428571,0.9617834394904459,0.7736976942783945,0.47186843598220063,0.7950882352941177,0.5660528343317052,2928,630,576,526,54,1772,0.5226860254083484,0.9142857142857143,0.6651270207852193
469,6,F1_bridge_improvement + F3_slope_continuity_improvement + F5_n_height_ratio + F7_solar_peak_alignment + F8_substation_centered_core_score + F9_substation_rank_core_score,F1+F3+F5+F7+F8+F9,2310,471,391,149,80,1690,0.7240740740740741,0.8301486199575372,0.7734915924826904,0.5521434782633186,0.7560750148544266,0.5965395799992803,2928,630,487,280,143,2018,0.6349413298565841,0.773015873015873,0.6972083035075162
351,7,F1_bridge_improvement + F2_roughness_improvement + F3_slope_continuity_improvement + F4_duration_plausibility + F5_n_height_ratio + F7_solar_peak_alignment + F9_substation_rank_core_score,F1+F2+F3+F4+F5+F7+F9,2310,471,396,157,75,1682,0.7160940325497287,0.8407643312101911,0.7734375,0.5522209402052481,0.8007890671420084,0.6033631770127688,2928,630,496,297,134,2001,0.6254728877679697,0.7873015873015873,0.6971187631763879
39,4,F1_bridge_improvement + F2_roughness_improvement + F3_slope_continuity_improvement + F6_solar_strength_ratio,F1+F2+F3+F6,2310,471,453,248,18,1591,0.6462196861626248,0.9617834394904459,0.773037542662116,0.47502773957987954,0.7631983065953654,0.558534225100768,2928,630,574,534,56,1764,0.5180505415162455,0.9111111111111111,0.6605293440736478
313,5,F1_bridge_improvement + F4_duration_plausibility + F5_n_height_ratio + F6_solar_strength_ratio + F9_substation_rank_core_score,F1+F4+F5+F6+F9,2310,471,390,149,81,1690,0.7235621521335807,0.8280254777070064,0.7722772277227723,0.5531096288018919,0.7952881758764112,0.5930159133341654,2928,630,494,281,136,2017,0.6374193548387097,0.7841269841269841,0.703202846975089
461,6,F1_bridge_improvement + F3_slope_continuity_improvement + F4_duration_plausibility + F7_solar_peak_alignment + F8_substation_centered_core_score + F9_substation_rank_core_score,F1+F3+F4+F7+F8+F9,2310,471,371,119,100,1720,0.7571428571428571,0.7876857749469215,0.7721123829344433,0.5782534815340161,0.7514183006535947,0.5959410574641838,2928,630,463,228,167,2070,0.6700434153400868,0.734920634920635,0.7009841029523088
489,6,F1_bridge_improvement + F4_duration_plausibility + F6_solar_strength_ratio + F7_solar_peak_alignment + F8_substation_centered_core_score + F9_substation_rank_core_score,F1+F4+F6+F7+F8+F9,2310,471,400,166,71,1673,0.7067137809187279,0.8492569002123143,0.7714561234329798,0.5467693977962822,0.8026595365418895,0.5918247814487673,2928,630,504,312,126,1986,0.6176470588235294,0.8,0.6970954356846473
122,5,F2_roughness_improvement + F4_duration_plausibility + F5_n_height_ratio + F6_solar_strength_ratio + F7_solar_peak_alignment,F2+F4+F5+F6+F7,2310,471,432,217,39,1622,0.6656394453004623,0.9171974522292994,0.7714285714285716,0.509631718551883,0.6926521517697988,0.5716218965618437,2928,630,530,417,100,1881,0.5596620908130939,0.8412698412698413,0.6721623335447051
417,4,F1_bridge_improvement + F6_solar_strength_ratio + F8_substation_centered_core_score + F9_substation_rank_core_score,F1+F6+F8+F9,2310,471,419,197,52,1642,0.6801948051948052,0.8895966029723992,0.7709291628334867,0.5194037576701312,0.8226672608437314,0.5844242061377423,2928,630,533,376,97,1922,0.5863586358635864,0.846031746031746,0.6926575698505523
165,4,F1_bridge_improvement + F3_slope_continuity_improvement + F6_solar_strength_ratio + F8_substation_centered_core_score,F1+F3+F6+F8,2310,471,424,205,47,1634,0.6740858505564388,0.9002123142250531,0.770909090909091,0.5077985977283176,0.7953305109922757,0.5844144825431941,2928,630,541,421,89,1877,0.5623700623700624,0.8587301587301587,0.6796482412060301
323,4,F1_bridge_improvement + F2_roughness_improvement + F7_solar_peak_alignment + F9_substation_rank_core_score,F1+F2+F7+F9,2310,471,407,178,64,1661,0.6957264957264957,0.8641188959660298,0.7708333333333334,0.5286430218500545,0.8098211527035056,0.5869213891452328,2928,630,515,345,115,1953,0.5988372093023255,0.8174603174603174,0.6912751677852348
133,3,F1_bridge_improvement + F3_slope_continuity_improvement + F8_substation_centered_core_score,F1+F3+F8,2310,471,418,196,53,1643,0.6807817589576547,0.8874734607218684,0.7705069124423962,0.5104684842879186,0.7574405822935235,0.5783496014402547,2928,630,533,409,97,1889,0.5658174097664543,0.846031746031746,0.678117048346056
325,4,F1_bridge_improvement + F3_slope_continuity_improvement + F7_solar_peak_alignment + F9_substation_rank_core_score,F1+F3+F7+F9,2310,471,381,137,90,1702,0.7355212355212355,0.8089171974522293,0.7704752275025277,0.5624977949397141,0.7675597147950088,0.6024827492176112,2928,630,479,267,151,2031,0.6420911528150134,0.7603174603174603,0.6962209302325582
451,5,F1_bridge_improvement + F2_roughness_improvement + F7_solar_peak_alignment + F8_substation_centered_core_score + F9_substation_rank_core_score,F1+F2+F7+F8+F9,2310,471,414,190,57,1649,0.6854304635761589,0.8789808917197452,0.7702325581395348,0.5209011838726108,0.818503862150921,0.583127308932472,2928,630,520,361,110,1937,0.5902383654937571,0.8253968253968254,0.6882859033752482
162,3,F2_roughness_improvement + F6_solar_strength_ratio + F8_substation_centered_core_score,F2+F6+F8,2310,471,427,211,44,1628,0.6692789968652038,0.9065817409766455,0.7700631199278629,0.5114509046322271,0.8307765894236483,0.5839284689842499,2928,630,540,385,90,1913,0.5837837837837838,0.8571428571428571,0.694533762057878
493,7,F1_bridge_improvement + F3_slope_continuity_improvement + F4_duration_plausibility + F6_solar_strength_ratio + F7_solar_peak_alignment + F8_substation_centered_core_score + F9_substation_rank_core_score,F1+F3+F4+F6+F7+F8+F9,2310,471,373,125,98,1714,0.748995983935743,0.7919320594479831,0.7698658410732714,0.5770873068878619,0.7534183006535947,0.5956615865027888,2928,630,466,233,164,2065,0.6666666666666666,0.7396825396825397,0.7012791572610987
385,3,F1_bridge_improvement + F8_substation_centered_core_score + F9_substation_rank_core_score,F1+F8+F9,2310,471,421,203,50,1636,0.6746794871794872,0.8938428874734607,0.7689497716894979,0.5158969870422897,0.8266874628639335,0.5815119664209175,2928,630,536,389,94,1909,0.5794594594594594,0.8507936507936508,0.6893890675241157
377,6,F1_bridge_improvement + F4_duration_plausibility + F5_n_height_ratio + F6_solar_strength_ratio + F7_solar_peak_alignment + F9_substation_rank_core_score,F1+F4+F5+F6+F7+F9,2310,471,394,160,77,1679,0.7111913357400722,0.8365180467091295,0.768780487804878,0.5464508815849762,0.8009281045751634,0.5918395133016989,2928,630,502,303,128,1995,0.6236024844720497,0.7968253968253968,0.6996515679442508
321,3,F1_bridge_improvement + F7_solar_peak_alignment + F9_substation_rank_core_score,F1+F7+F9,2310,471,410,186,61,1653,0.6879194630872483,0.8704883227176221,0.7685098406747891,0.5291151415954165,0.8147462863933452,0.5858297043206382,2928,630,523,366,107,1932,0.5883014623172104,0.8301587301587302,0.6886109282422647
194,3,F2_roughness_improvement + F7_solar_peak_alignment + F8_substation_centered_core_score,F2+F7+F8,2310,471,425,212,46,1627,0.6671899529042387,0.9023354564755839,0.7671480144404332,0.5087495222852019,0.8300695187165775,0.5827314443419325,2928,630,535,372,95,1926,0.5898566703417861,0.8492063492063492,0.6961613532856213
457,5,F1_bridge_improvement + F4_duration_plausibility + F7_solar_peak_alignment + F8_substation_centered_core_score + F9_substation_rank_core_score,F1+F4+F7+F8+F9,2310,471,400,172,71,1667,0.6993006993006993,0.8492569002123143,0.7670182166826461,0.5423941496699856,0.7999263220439692,0.5852116378478038,2928,630,504,311,126,1987,0.6184049079754601,0.8,0.6975778546712803
405,5,F1_bridge_improvement + F3_slope_continuity_improvement + F5_n_height_ratio + F8_substation_centered_core_score + F9_substation_rank_core_score,F1+F3+F5+F8+F9,2310,471,394,164,77,1675,0.7060931899641577,0.8365180467091295,0.7657920310981536,0.5370939671737736,0.7578771538918598,0.5836190816394091,2928,630,492,312,138,1986,0.6119402985074627,0.780952380952381,0.6861924686192468
277,4,F1_bridge_improvement + F3_slope_continuity_improvement + F5_n_height_ratio + F9_substation_rank_core_score,F1+F3+F5+F9,2310,471,376,135,95,1704,0.735812133072407,0.7983014861995754,0.7657841140529532,0.5523208440453347,0.7028963161021984,0.5768353177670917,2928,630,466,256,164,2042,0.6454293628808865,0.7396825396825397,0.6893491124260355
242,5,F2_roughness_improvement + F5_n_height_ratio + F6_solar_strength_ratio + F7_solar_peak_alignment + F8_substation_centered_core_score,F2+F5+F6+F7+F8,2310,471,404,181,67,1658,0.6905982905982906,0.8577494692144374,0.7651515151515151,0.5219671215962577,0.7472147950089126,0.5700128729812326,2928,630,501,320,129,1978,0.610231425091352,0.7952380952380952,0.6905582356995176
261,3,F1_bridge_improvement + F3_slope_continuity_improvement + F9_substation_rank_core_score,F1+F3+F9,2310,471,386,152,85,1687,0.7174721189591078,0.8195329087048833,0.7651139742319127,0.5438762170062243,0.7487078134284016,0.5882463809360079,2928,630,487,299,143,1999,0.6195928753180662,0.773015873015873,0.6878531073446328
257,2,F1_bridge_improvement + F9_substation_rank_core_score,F1+F9,2310,471,415,199,56,1640,0.6758957654723127,0.881104033970276,0.7649769585253456,0.5187324517976113,0.8180635769459299,0.58100333171758,2928,630,530,395,100,1903,0.572972972972973,0.8412698412698413,0.6816720257234727
69,3,F1_bridge_improvement + F3_slope_continuity_improvement + F7_solar_peak_alignment,F1+F3+F7,2310,471,439,238,32,1601,0.6484490398818316,0.9320594479830149,0.7648083623693379,0.5033287190676613,0.7806319073083778,0.5880563820374383,2928,630,561,491,69,1807,0.5332699619771863,0.8904761904761904,0.6670630202140309
337,4,F1_bridge_improvement + F5_n_height_ratio + F7_solar_peak_alignment + F9_substation_rank_core_score,F1+F5+F7+F9,2310,471,401,178,70,1661,0.6925734024179621,0.851380042462845,0.7638095238095239,0.526881406273946,0.8055323826500297,0.5825127429198595,2928,630,510,335,120,1963,0.6035502958579881,0.8095238095238095,0.6915254237288135
145,3,F1_bridge_improvement + F5_n_height_ratio + F8_substation_centered_core_score,F1+F5+F8,2310,471,439,240,32,1599,0.646539027982327,0.9320594479830149,0.7634782608695654,0.4733017566461716,0.7827994652406417,0.5591685944560785,2928,630,559,494,71,1804,0.5308641975308642,0.8873015873015873,0.6642899584076054
135,4,F1_bridge_improvement + F2_roughness_improvement + F3_slope_continuity_improvement + F8_substation_centered_core_score,F1+F2+F3+F8,2310,471,432,229,39,1610,0.653555219364599,0.9171974522292994,0.7632508833922261,0.4839087987065928,0.7727477718360072,0.5599081779516364,2928,630,548,472,82,1826,0.5372549019607843,0.8698412698412699,0.6642424242424243
1,1,F1_bridge_improvement,F1,2310,471,454,265,17,1574,0.631432545201669,0.9639065817409767,0.7630252100840336,0.46282658391223486,0.7965588235294118,0.5589276229172309,2928,630,579,549,51,1749,0.5132978723404256,0.919047619047619,0.658703071672355
353,4,F1_bridge_improvement + F6_solar_strength_ratio + F7_solar_peak_alignment + F9_substation_rank_core_score,F1+F6+F7+F9,2310,471,407,191,64,1648,0.6806020066889632,0.8641188959660298,0.7614593077642658,0.5228959033577261,0.8104533571004159,0.5794227063777124,2928,630,520,362,110,1936,0.5895691609977324,0.8253968253968254,0.6878306878306879
485,6,F1_bridge_improvement + F3_slope_continuity_improvement + F6_solar_strength_ratio + F7_solar_peak_alignment + F8_substation_centered_core_score + F9_substation_rank_core_score,F1+F3+F6+F7+F8+F9,2310,471,370,131,101,1708,0.7385229540918163,0.7855626326963907,0.7613168724279836,0.5646967539218963,0.7513737373737374,0.5923208812324334,2928,630,462,252,168,2046,0.6470588235294118,0.7333333333333333,0.6875
21,3,F1_bridge_improvement + F3_slope_continuity_improvement + F5_n_height_ratio,F1+F3+F5,2310,471,425,221,46,1618,0.6578947368421053,0.9023354564755839,0.7609668755595345,0.4873221273724147,0.690869302266361,0.5441937227832016,2928,630,527,449,103,1849,0.5399590163934426,0.8365079365079365,0.6562889165628891
291,4,F1_bridge_improvement + F2_roughness_improvement + F6_solar_strength_ratio + F9_substation_rank_core_score,F1+F2+F6+F9,2310,471,401,183,70,1656,0.6866438356164384,0.851380042462845,0.7601895734597157,0.5218437174232258,0.8043487819370172,0.5730154095971516,2928,630,508,361,122,1937,0.5845799769850403,0.8063492063492064,0.6777851901267511
9,2,F1_bridge_improvement + F4_duration_plausibility,F1+F4,2310,471,425,223,46,1616,0.6558641975308642,0.9023354564755839,0.7596067917783735,0.48763415126593057,0.735531045751634,0.5572975737733212,2928,630,545,477,85,1821,0.5332681017612525,0.8650793650793651,0.6598062953995159
305,4,F1_bridge_improvement + F5_n_height_ratio + F6_solar_strength_ratio + F9_substation_rank_core_score,F1+F5+F6+F9,2310,471,390,166,81,1673,0.7014388489208633,0.8280254777070064,0.759493670886076,0.5393011060618393,0.7952881758764112,0.5795958754143974,2928,630,492,309,138,1989,0.6142322097378277,0.780952380952381,0.6876310272536686
397,5,F1_bridge_improvement + F3_slope_continuity_improvement + F4_duration_plausibility + F8_substation_centered_core_score + F9_substation_rank_core_score,F1+F3+F4+F8+F9,2310,471,377,145,94,1694,0.7222222222222222,0.8004246284501062,0.7593152064451157,0.5542000549752317,0.7599090909090909,0.5824518925653834,2928,630,472,271,158,2027,0.6352624495289367,0.7492063492063492,0.6875455207574654
293,4,F1_bridge_improvement + F3_slope_continuity_improvement + F6_solar_strength_ratio + F9_substation_rank_core_score,F1+F3+F6+F9,2310,471,393,172,78,1667,0.695575221238938,0.8343949044585988,0.7586872586872586,0.5404209849470006,0.7871128936423054,0.5882400352257156,2928,630,493,320,137,1978,0.6063960639606396,0.7825396825396825,0.6832986832986834
98,3,F2_roughness_improvement + F6_solar_strength_ratio + F7_solar_peak_alignment,F2+F6+F7,2310,471,415,208,56,1631,0.666131621187801,0.881104033970276,0.7586837294332724,0.4865809685291068,0.7426677276971394,0.5494817600098274,2928,630,521,443,109,1855,0.5404564315352697,0.8269841269841269,0.6537013801756587
481,5,F1_bridge_improvement + F6_solar_strength_ratio + F7_solar_peak_alignment + F8_substation_centered_core_score + F9_substation_rank_core_score,F1+F6+F7+F8+F9,2310,471,405,192,66,1647,0.678391959798995,0.8598726114649682,0.7584269662921349,0.52618614010291,0.8066898395721925,0.5777628441983362,2928,630,513,358,117,1940,0.5889781859931114,0.8142857142857143,0.6835443037974683
130,2,F2_roughness_improvement + F8_substation_centered_core_score,F2+F8,2310,471,429,233,42,1606,0.648036253776435,0.910828025477707,0.7572815533980582,0.4933381336864537,0.8315787284610814,0.5689160979006631,2928,630,544,426,86,1872,0.5608247422680412,0.8634920634920635,0.68
389,4,F1_bridge_improvement + F3_slope_continuity_improvement + F8_substation_centered_core_score + F9_substation_rank_core_score,F1+F3+F8+F9,2310,471,383,158,88,1681,0.7079482439926063,0.8131634819532909,0.7569169960474309,0.5463312590459832,0.7739613784907902,0.5903775860611973,2928,630,483,306,147,1992,0.6121673003802282,0.7666666666666667,0.6807610993657506
226,4,F2_roughness_improvement + F6_solar_strength_ratio + F7_solar_peak_alignment + F8_substation_centered_core_score,F2+F6+F7+F8,2310,471,403,192,68,1647,0.6773109243697479,0.8556263269639066,0.7560975609756098,0.5246017059341458,0.811853238265003,0.5849775294850527,2928,630,506,341,124,1957,0.5974025974025974,0.8031746031746032,0.6851726472579553
210,4,F2_roughness_improvement + F5_n_height_ratio + F7_solar_peak_alignment + F8_substation_centered_core_score,F2+F5+F7+F8,2310,471,389,170,82,1669,0.6958855098389982,0.8259023354564756,0.7553398058252428,0.5281988035074938,0.7273948306595366,0.5653500772828497,2928,630,479,277,151,2021,0.6335978835978836,0.7603174603174603,0.6911976911976911
421,5,F1_bridge_improvement + F3_slope_continuity_improvement + F6_solar_strength_ratio + F8_substation_centered_core_score + F9_substation_rank_core_score,F1+F3+F6+F8+F9,2310,471,380,157,91,1682,0.707635009310987,0.8067940552016986,0.753968253968254,0.5499957253635721,0.7691836007130124,0.5909685454041107,2928,630,480,302,150,1996,0.6138107416879796,0.7619047619047619,0.6798866855524079
437,6,F1_bridge_improvement + F3_slope_continuity_improvement + F5_n_height_ratio + F6_solar_strength_ratio + F8_substation_centered_core_score + F9_substation_rank_core_score,F1+F3+F5+F6+F8+F9,2310,471,382,164,89,1675,0.6996336996336996,0.8110403397027601,0.7512291052114061,0.5432812196707483,0.746818330362448,0.5807989126862383,2928,630,478,300,152,1998,0.6143958868894601,0.7587301587301587,0.6789772727272727
445,7,F1_bridge_improvement + F3_slope_continuity_improvement + F4_duration_plausibility + F5_n_height_ratio + F6_solar_strength_ratio + F8_substation_centered_core_score + F9_substation_rank_core_score,F1+F3+F4+F5+F6+F8+F9,2310,471,365,137,106,1702,0.7270916334661355,0.7749469214437368,0.750256937307297,0.5646079979961559,0.7290815508021391,0.5871108992317482,2928,630,453,252,177,2046,0.6425531914893617,0.719047619047619,0.6786516853932585
114,4,F2_roughness_improvement + F5_n_height_ratio + F6_solar_strength_ratio + F7_solar_peak_alignment,F2+F5+F6+F7,2310,471,432,249,39,1590,0.6343612334801763,0.9171974522292994,0.7500000000000001,0.47501191316615454,0.6926521517697988,0.5442691570211589,2928,630,535,465,95,1833,0.535,0.8492063492063492,0.656441717791411
453,5,F1_bridge_improvement + F3_slope_continuity_improvement + F7_solar_peak_alignment + F8_substation_centered_core_score + F9_substation_rank_core_score,F1+F3+F7+F8+F9,2310,471,372,149,99,1690,0.7140115163147792,0.7898089171974523,0.75,0.5517642587803503,0.7528888888888889,0.5764130589481281,2928,630,465,274,165,2024,0.6292286874154263,0.7380952380952381,0.679327976625274
58,4,F2_roughness_improvement + F4_duration_plausibility + F5_n_height_ratio + F6_solar_strength_ratio,F2+F4+F5+F6,2310,471,437,258,34,1581,0.6287769784172662,0.9278131634819533,0.7495711835334478,0.47510808341101135,0.6820392156862745,0.5449997941657934,2928,630,537,445,93,1853,0.5468431771894093,0.8523809523809524,0.6662531017369726
449,4,F1_bridge_improvement + F7_solar_peak_alignment + F8_substation_centered_core_score + F9_substation_rank_core_score,F1+F7+F8+F9,2310,471,402,200,69,1639,0.6677740863787376,0.8535031847133758,0.7493010251630943,0.521317178802289,0.8044171122994652,0.5715438633931154,2928,630,509,364,121,1934,0.5830469644902635,0.807936507936508,0.6773120425815038
50,3,F2_roughness_improvement + F5_n_height_ratio + F6_solar_strength_ratio,F2+F5+F6,2310,471,426,242,45,1597,0.6377245508982036,0.9044585987261147,0.7480245829675153,0.47244534326888654,0.6545564043799338,0.5299818807629622,2928,630,522,426,108,1872,0.5506329113924051,0.8285714285714286,0.661596958174905
459,6,F1_bridge_improvement + F2_roughness_improvement + F4_duration_plausibility + F7_solar_peak_alignment + F8_substation_centered_core_score + F9_substation_rank_core_score,F1+F2+F4+F7+F8+F9,2310,471,387,183,84,1656,0.6789473684210526,0.821656050955414,0.7435158501440922,0.532508080045142,0.7948978015448603,0.5728697974856914,2928,630,490,326,140,1972,0.6004901960784313,0.7777777777777778,0.677731673582296
174,5,F2_roughness_improvement + F3_slope_continuity_improvement + F4_duration_plausibility + F6_solar_strength_ratio + F8_substation_centered_core_score,F2+F3+F4+F6+F8,2310,471,387,187,84,1652,0.6742160278745645,0.821656050955414,0.7406698564593301,0.538306971220019,0.7223335667600372,0.5685528691879862,2928,630,481,326,149,1972,0.5960346964064436,0.7634920634920634,0.6694502435629783
90,4,F2_roughness_improvement + F4_duration_plausibility + F5_n_height_ratio + F7_solar_peak_alignment,F2+F4+F5+F7,2310,471,433,267,38,1572,0.6185714285714285,0.9193205944798302,0.7395388556789069,0.4743305748274432,0.6934097275273745,0.548616007332493,2928,630,533,501,97,1797,0.5154738878143134,0.846031746031746,0.640625
46,4,F2_roughness_improvement + F3_slope_continuity_improvement + F4_duration_plausibility + F6_solar_strength_ratio,F2+F3+F4+F6,2310,471,404,223,67,1616,0.6443381180223285,0.8577494692144374,0.7358834244080147,0.4921571786481797,0.647008826141179,0.543101687529284,2928,630,504,430,126,1868,0.5396145610278372,0.8,0.6445012787723785
2,1,F2_roughness_improvement,F2,2310,471,458,317,13,1522,0.5909677419354838,0.9723991507430998,0.7351524879614766,0.415579885975029,0.7395882352941177,0.5053275316358345,2928,630,578,641,52,1657,0.4741591468416735,0.9174603174603174,0.6252028123309896
474,6,F2_roughness_improvement + F4_duration_plausibility + F5_n_height_ratio + F7_solar_peak_alignment + F8_substation_centered_core_score + F9_substation_rank_core_score,F2+F4+F5+F7+F8+F9,2310,471,373,185,98,1654,0.6684587813620072,0.7919320594479831,0.7249757045675412,0.5610858957424596,0.769698752228164,0.5819585608964559,2928,630,463,304,167,1994,0.6036505867014341,0.734920634920635,0.6628489620615605
66,2,F2_roughness_improvement + F7_solar_peak_alignment,F2+F7,2310,471,424,275,47,1564,0.6065808297567954,0.9002123142250531,0.7247863247863249,0.45197778200049066,0.7583836261777438,0.5288983655782655,2928,630,533,557,97,1741,0.4889908256880734,0.846031746031746,0.6197674418604651
246,6,F2_roughness_improvement + F3_slope_continuity_improvement + F5_n_height_ratio + F6_solar_strength_ratio + F7_solar_peak_alignment + F8_substation_centered_core_score,F2+F3+F5+F6+F7+F8,2310,471,391,221,80,1618,0.6388888888888888,0.8301486199575372,0.7220683287165282,0.5080236627181681,0.6898586282998047,0.5459421682594331,2928,630,483,365,147,1933,0.5695754716981132,0.7666666666666667,0.6535859269282814
254,7,F2_roughness_improvement + F3_slope_continuity_improvement + F4_duration_plausibility + F5_n_height_ratio + F6_solar_strength_ratio + F7_solar_peak_alignment + F8_substation_centered_core_score,F2+F3+F4+F5+F6+F7+F8,2310,471,372,190,99,1649,0.6619217081850534,0.7898089171974523,0.7202323330106485,0.5287916690471695,0.6604900687547746,0.5437044545710884,2928,630,455,298,175,2000,0.6042496679946879,0.7222222222222222,0.6579898770788142
126,6,F2_roughness_improvement + F3_slope_continuity_improvement + F4_duration_plausibility + F5_n_height_ratio + F6_solar_strength_ratio + F7_solar_peak_alignment,F2+F3+F4+F5+F6+F7,2310,471,405,255,66,1584,0.6136363636363636,0.8598726114649682,0.7161803713527851,0.4771816089254076,0.6739277226041932,0.5261612385919321,2928,630,495,441,135,1857,0.5288461538461539,0.7857142857142857,0.632183908045977
38,3,F2_roughness_improvement + F3_slope_continuity_improvement + F6_solar_strength_ratio,F2+F3+F6,2310,471,415,273,56,1566,0.6031976744186046,0.881104033970276,0.7161345987920621,0.4675878543371381,0.716562026209085,0.538919124493793,2928,630,524,518,106,1780,0.5028790786948176,0.8317460317460318,0.6267942583732058
410,5,F2_roughness_improvement + F4_duration_plausibility + F5_n_height_ratio + F8_substation_centered_core_score + F9_substation_rank_core_score,F2+F4+F5+F8+F9,2310,471,379,209,92,1630,0.6445578231292517,0.8046709129511678,0.7157695939565628,0.5435294179477048,0.7739067142008318,0.5710641876990045,2928,630,471,339,159,1959,0.5814814814814815,0.7476190476190476,0.6541666666666667
82,3,F2_roughness_improvement + F5_n_height_ratio + F7_solar_peak_alignment,F2+F5+F7,2310,471,433,307,38,1532,0.5851351351351352,0.9193205944798302,0.7151114781172584,0.4408017078792381,0.6934097275273745,0.5210897859965025,2928,630,537,556,93,1742,0.49130832570905764,0.8523809523809524,0.6233313987231572
18,2,F2_roughness_improvement + F5_n_height_ratio,F2+F5,2310,471,429,300,42,1539,0.588477366255144,0.910828025477707,0.715,0.4401907102123124,0.6570715558950853,0.5142107355076282,2928,630,527,509,103,1789,0.5086872586872587,0.8365079365079365,0.6326530612244898
206,5,F2_roughness_improvement + F3_slope_continuity_improvement + F4_duration_plausibility + F7_solar_peak_alignment + F8_substation_centered_core_score,F2+F3+F4+F7+F8,2310,471,356,169,115,1670,0.6780952380952381,0.7558386411889597,0.7148594377510041,0.5340937537097586,0.6435305576776165,0.5362652690280432,2928,630,435,283,195,2015,0.6058495821727019,0.6904761904761905,0.6454005934718101
134,3,F2_roughness_improvement + F3_slope_continuity_improvement + F8_substation_centered_core_score,F2+F3+F8,2310,471,351,168,120,1671,0.6763005780346821,0.7452229299363057,0.7090909090909091,0.5227629614809695,0.6433029878618114,0.5310292980840338,2928,630,438,308,192,1990,0.5871313672922251,0.6952380952380952,0.6366279069767442
182,5,F2_roughness_improvement + F3_slope_continuity_improvement + F5_n_height_ratio + F6_solar_strength_ratio + F8_substation_centered_core_score,F2+F3+F5+F6+F8,2310,471,378,218,93,1621,0.6342281879194631,0.802547770700637,0.7085285848172447,0.4998781978141367,0.6833259910024616,0.5292818499983778,2928,630,473,357,157,1941,0.5698795180722892,0.7507936507936508,0.647945205479452
26,3,F2_roughness_improvement + F4_duration_plausibility + F5_n_height_ratio,F2+F4+F5,2310,471,432,317,39,1522,0.5767690253671562,0.9171974522292994,0.7081967213114755,0.4399899652528157,0.6607703081232492,0.5123865666433094,2928,630,527,531,103,1767,0.498109640831758,0.8365079365079365,0.6244075829383886
506,7,F2_roughness_improvement + F4_duration_plausibility + F5_n_height_ratio + F6_solar_strength_ratio + F7_solar_peak_alignment + F8_substation_centered_core_score + F9_substation_rank_core_score,F2+F4+F5+F6+F7+F8+F9,2310,471,364,193,107,1646,0.6535008976660682,0.772823779193206,0.708171206225681,0.5534135366676838,0.760969696969697,0.566528600039574,2928,630,450,309,180,1989,0.5928853754940712,0.7142857142857143,0.6479481641468683
142,4,F2_roughness_improvement + F3_slope_continuity_improvement + F4_duration_plausibility + F8_substation_centered_core_score,F2+F3+F4+F8,2310,471,344,157,127,1682,0.6866267465069861,0.7303609341825902,0.7078189300411523,0.5331015668399097,0.6308311263899499,0.5268117167396759,2928,630,426,268,204,2030,0.6138328530259366,0.6761904761904762,0.6435045317220544
158,5,F2_roughness_improvement + F3_slope_continuity_improvement + F4_duration_plausibility + F5_n_height_ratio + F8_substation_centered_core_score,F2+F3+F4+F5+F8,2310,471,370,205,101,1634,0.6434782608695652,0.7855626326963907,0.7074569789674952,0.4958541578743142,0.6171102835073423,0.519585252023189,2928,630,455,329,175,1969,0.5803571428571429,0.7222222222222222,0.6435643564356436
110,5,F2_roughness_improvement + F3_slope_continuity_improvement + F4_duration_plausibility + F6_solar_strength_ratio + F7_solar_peak_alignment,F2+F3+F4+F6+F7,2310,471,367,201,104,1638,0.6461267605633803,0.7791932059447984,0.7064485081809432,0.5023720608942402,0.6173115740468682,0.5179731273525665,2928,630,461,373,169,1925,0.552757793764988,0.7317460317460317,0.6297814207650273
150,4,F2_roughness_improvement + F3_slope_continuity_improvement + F5_n_height_ratio + F8_substation_centered_core_score,F2+F3+F5+F8,2310,471,375,216,96,1623,0.6345177664974619,0.7961783439490446,0.7062146892655368,0.49350871458659673,0.6355706009676598,0.5256598356112279,2928,630,466,362,164,1936,0.5628019323671497,0.7396825396825397,0.6392318244170097
198,4,F2_roughness_improvement + F3_slope_continuity_improvement + F7_solar_peak_alignment + F8_substation_centered_core_score,F2+F3+F7+F8,2310,471,341,156,130,1683,0.6861167002012073,0.7239915074309978,0.7045454545454546,0.5232625582126693,0.6227986164162634,0.5213830109826697,2928,630,416,279,214,2019,0.5985611510791367,0.6603174603174603,0.6279245283018867
166,4,F2_roughness_improvement + F3_slope_continuity_improvement + F6_solar_strength_ratio + F8_substation_centered_core_score,F2+F3+F6+F8,2310,471,353,179,118,1660,0.6635338345864662,0.7494692144373672,0.7038883349950149,0.5317813901417047,0.6888747771836007,0.5323030522081755,2928,630,442,314,188,1984,0.5846560846560847,0.7015873015873015,0.6378066378066377
366,6,F2_roughness_improvement + F3_slope_continuity_improvement + F4_duration_plausibility + F6_solar_strength_ratio + F7_solar_peak_alignment + F9_substation_rank_core_score,F2+F3+F4+F6+F7+F9,2310,471,390,252,81,1587,0.6074766355140186,0.8280254777070064,0.7008086253369272,0.5317321746933397,0.7743405483405483,0.5681235092908314,2928,630,490,412,140,1886,0.5432372505543237,0.7777777777777778,0.639686684073107
190,6,F2_roughness_improvement + F3_slope_continuity_improvement + F4_duration_plausibility + F5_n_height_ratio + F6_solar_strength_ratio + F8_substation_centered_core_score,F2+F3+F4+F5+F6+F8,2310,471,370,215,101,1624,0.6324786324786325,0.7855626326963907,0.7007575757575757,0.5105834935097253,0.6536463373228079,0.5213384207401535,2928,630,459,333,171,1965,0.5795454545454546,0.7285714285714285,0.6455696202531646
230,5,F2_roughness_improvement + F3_slope_continuity_improvement + F6_solar_strength_ratio + F7_solar_peak_alignment + F8_substation_centered_core_score,F2+F3+F6+F7+F8,2310,471,353,186,118,1653,0.6549165120593692,0.7494692144373672,0.6990099009900989,0.5207141650737106,0.6368996265172735,0.5210185146107338,2928,630,433,316,197,1982,0.5781041388518025,0.6873015873015873,0.6279912980420594
214,5,F2_roughness_improvement + F3_slope_continuity_improvement + F5_n_height_ratio + F7_solar_peak_alignment + F8_substation_centered_core_score,F2+F3+F5+F7+F8,2310,471,364,209,107,1630,0.6352530541012217,0.772823779193206,0.6973180076628354,0.49802533077021155,0.6375711314828962,0.5167348257165018,2928,630,442,336,188,1962,0.5681233933161953,0.7015873015873015,0.627840909090909
118,5,F2_roughness_improvement + F3_slope_continuity_improvement + F5_n_height_ratio + F6_solar_strength_ratio + F7_solar_peak_alignment,F2+F3+F5+F6+F7,2310,471,401,288,70,1551,0.5820029027576198,0.851380042462845,0.6913793103448276,0.4489456586556661,0.6595381122145828,0.4971527010496418,2928,630,498,486,132,1812,0.5060975609756098,0.7904761904761904,0.6171003717472118
102,4,F2_roughness_improvement + F3_slope_continuity_improvement + F6_solar_strength_ratio + F7_solar_peak_alignment,F2+F3+F6+F7,2310,471,394,276,77,1563,0.5880597014925373,0.8365180467091295,0.6906222611744084,0.44403278427838,0.6523020672138319,0.4961802281015316,2928,630,500,491,130,1807,0.5045408678102926,0.7936507936507936,0.6169031462060457
442,6,F2_roughness_improvement + F4_duration_plausibility + F5_n_height_ratio + F6_solar_strength_ratio + F8_substation_centered_core_score + F9_substation_rank_core_score,F2+F4+F5+F6+F8+F9,2310,471,356,205,115,1634,0.6345811051693404,0.7558386411889597,0.689922480620155,0.5516989150479077,0.7562400475341652,0.5645678053192675,2928,630,446,331,184,1967,0.574002574002574,0.707936507936508,0.6339729921819474
510,8,F2_roughness_improvement + F3_slope_continuity_improvement + F4_duration_plausibility + F5_n_height_ratio + F6_solar_strength_ratio + F7_solar_peak_alignment + F8_substation_centered_core_score + F9_substation_rank_core_score,F2+F3+F4+F5+F6+F7+F8+F9,2310,471,376,245,95,1594,0.605475040257649,0.7983014861995754,0.6886446886446886,0.5275438381437139,0.7628544266191325,0.5545117002244487,2928,630,469,375,161,1923,0.5556872037914692,0.7444444444444445,0.6363636363636364
222,6,F2_roughness_improvement + F3_slope_continuity_improvement + F4_duration_plausibility + F5_n_height_ratio + F7_solar_peak_alignment + F8_substation_centered_core_score,F2+F3+F4+F5+F7+F8,2310,471,345,188,126,1651,0.6472795497185742,0.732484076433121,0.6872509960159363,0.5165074628167905,0.6338323147440794,0.5203746615259737,2928,630,422,284,208,2014,0.5977337110481586,0.6698412698412698,0.6317365269461077
238,6,F2_roughness_improvement + F3_slope_continuity_improvement + F4_duration_plausibility + F6_solar_strength_ratio + F7_solar_peak_alignment + F8_substation_centered_core_score,F2+F3+F4+F6+F7+F8,2310,471,353,204,118,1635,0.6337522441651705,0.7494692144373672,0.6867704280155642,0.5409482745411971,0.6807138400814872,0.5340143359722302,2928,630,438,316,192,1982,0.5809018567639257,0.6952380952380952,0.6329479768786127
494,7,F2_roughness_improvement + F3_slope_continuity_improvement + F4_duration_plausibility + F6_solar_strength_ratio + F7_solar_peak_alignment + F8_substation_centered_core_score + F9_substation_rank_core_score,F2+F3+F4+F6+F7+F8+F9,2310,471,370,242,101,1597,0.6045751633986928,0.7855626326963907,0.6832871652816251,0.529880341446149,0.7515353535353535,0.5478023723074661,2928,630,461,375,169,1923,0.5514354066985646,0.7317460317460317,0.6289222373806276
94,5,F2_roughness_improvement + F3_slope_continuity_improvement + F4_duration_plausibility + F5_n_height_ratio + F7_solar_peak_alignment,F2+F3+F4+F5+F7,2310,471,391,283,80,1556,0.5801186943620178,0.8301486199575372,0.6829694323144105,0.45496871784357035,0.6470367247131954,0.5002086504550816,2928,630,479,477,151,1821,0.5010460251046025,0.7603174603174603,0.6040353089533417
282,4,F2_roughness_improvement + F4_duration_plausibility + F5_n_height_ratio + F9_substation_rank_core_score,F2+F4+F5+F9,2310,471,363,230,108,1609,0.612141652613828,0.7707006369426752,0.6823308270676691,0.5289308538975007,0.7545032679738561,0.541789691263163,2928,630,452,356,178,1942,0.5594059405940595,0.7174603174603175,0.6286509040333796
274,3,F2_roughness_improvement + F5_n_height_ratio + F9_substation_rank_core_score,F2+F5+F9,2310,471,360,229,111,1610,0.6112054329371817,0.7643312101910829,0.679245283018868,0.5292819966796065,0.7461699346405228,0.5398634258123408,2928,630,448,348,182,1950,0.5628140703517588,0.7111111111111111,0.6283309957924265
248,5,F4_duration_plausibility + F5_n_height_ratio + F6_solar_strength_ratio + F7_solar_peak_alignment + F8_substation_centered_core_score,F4+F5+F6+F7+F8,2310,471,348,211,123,1628,0.6225402504472272,0.7388535031847133,0.6757281553398058,0.538544062312049,0.7214505347593583,0.5444409315059485,2928,630,428,312,202,1986,0.5783783783783784,0.6793650793650794,0.6248175182481751
78,4,F2_roughness_improvement + F3_slope_continuity_improvement + F4_duration_plausibility + F7_solar_peak_alignment,F2+F3+F4+F7,2310,471,356,228,115,1611,0.6095890410958904,0.7558386411889597,0.6748815165876777,0.47271702579538966,0.5764952237305179,0.47865551819904756,2928,630,444,397,186,1901,0.5279429250891795,0.7047619047619048,0.6036709721278042
306,4,F2_roughness_improvement + F5_n_height_ratio + F6_solar_strength_ratio + F9_substation_rank_core_score,F2+F5+F6+F9,2310,471,360,238,111,1601,0.6020066889632107,0.7643312101910829,0.6735266604303087,0.5343040134413382,0.7519881164587047,0.5419357630527254,2928,630,449,363,181,1935,0.5529556650246306,0.7126984126984127,0.622746185852982
314,5,F2_roughness_improvement + F4_duration_plausibility + F5_n_height_ratio + F6_solar_strength_ratio + F9_substation_rank_core_score,F2+F4+F5+F6+F9,2310,471,361,240,110,1599,0.6006655574043261,0.7664543524416136,0.6735074626865672,0.5290215620470302,0.7534587046939988,0.5410998010275253,2928,630,451,367,179,1931,0.5513447432762836,0.7158730158730159,0.6229281767955801
378,6,F2_roughness_improvement + F4_duration_plausibility + F5_n_height_ratio + F6_solar_strength_ratio + F7_solar_peak_alignment + F9_substation_rank_core_score,F2+F4+F5+F6+F7+F9,2310,471,338,197,133,1642,0.6317757009345795,0.7176220806794055,0.6719681908548708,0.537391683835308,0.7087078134284017,0.5368195400007052,2928,630,427,318,203,1980,0.5731543624161074,0.6777777777777778,0.6210909090909091
462,6,F2_roughness_improvement + F3_slope_continuity_improvement + F4_duration_plausibility + F7_solar_peak_alignment + F8_substation_centered_core_score + F9_substation_rank_core_score,F2+F3+F4+F7+F8+F9,2310,471,369,259,102,1580,0.5875796178343949,0.7834394904458599,0.6715195632393085,0.5273947353974529,0.7500647653000594,0.5464758421360455,2928,630,462,397,168,1901,0.5378346915017462,0.7333333333333333,0.6205507051712559
374,6,F2_roughness_improvement + F3_slope_continuity_improvement + F5_n_height_ratio + F6_solar_strength_ratio + F7_solar_peak_alignment + F9_substation_rank_core_score,F2+F3+F5+F6+F7+F9,2310,471,384,290,87,1549,0.56973293768546,0.8152866242038217,0.6707423580786027,0.5084459636074463,0.7697380527968762,0.5446895113428946,2928,630,481,452,149,1846,0.5155412647374062,0.7634920634920634,0.6154830454254638
184,4,F4_duration_plausibility + F5_n_height_ratio + F6_solar_strength_ratio + F8_substation_centered_core_score,F4+F5+F6+F8,2310,471,371,266,100,1573,0.5824175824175825,0.7876857749469215,0.6696750902527075,0.5039906100149352,0.7040187165775401,0.5215884681586053,2928,630,454,381,176,1917,0.5437125748502994,0.7206349206349206,0.6197952218430035
334,5,F2_roughness_improvement + F3_slope_continuity_improvement + F4_duration_plausibility + F7_solar_peak_alignment + F9_substation_rank_core_score,F2+F3+F4+F7+F9,2310,471,377,278,94,1561,0.5755725190839694,0.8004246284501062,0.6696269982238011,0.5198110969707277,0.7613405483405484,0.5510087694306456,2928,630,480,434,150,1864,0.5251641137855579,0.7619047619047619,0.621761658031088
54,4,F2_roughness_improvement + F3_slope_continuity_improvement + F5_n_height_ratio + F6_solar_strength_ratio,F2+F3+F5+F6,2310,471,387,298,84,1541,0.564963503649635,0.821656050955414,0.6695501730103806,0.4224552078167123,0.6068736802413273,0.4682786693910109,2928,630,477,498,153,1800,0.48923076923076925,0.7571428571428571,0.594392523364486
302,5,F2_roughness_improvement + F3_slope_continuity_improvement + F4_duration_plausibility + F6_solar_strength_ratio + F9_substation_rank_core_score,F2+F3+F4+F6+F9,2310,471,383,291,88,1548,0.5682492581602374,0.8131634819532909,0.6689956331877729,0.5071317390571152,0.7719601901366607,0.5411117936784662,2928,630,485,454,145,1844,0.516506922257721,0.7698412698412699,0.6182281708094328
486,6,F2_roughness_improvement + F3_slope_continuity_improvement + F6_solar_strength_ratio + F7_solar_peak_alignment + F8_substation_centered_core_score + F9_substation_rank_core_score,F2+F3+F6+F7+F8+F9,2310,471,363,252,108,1587,0.5902439024390244,0.7707006369426752,0.6685082872928176,0.5172967827760172,0.7463416518122401,0.5365841972201078,2928,630,456,399,174,1899,0.5333333333333333,0.7238095238095238,0.6141414141414141
6,2,F2_roughness_improvement + F3_slope_continuity_improvement,F2+F3,2310,471,351,229,120,1610,0.6051724137931035,0.7452229299363057,0.6679352997145576,0.44486450399098076,0.5500288583965054,0.4580707851433272,2928,630,437,430,193,1868,0.5040369088811996,0.6936507936507936,0.5838343353373414
310,5,F2_roughness_improvement + F3_slope_continuity_improvement + F5_n_height_ratio + F6_solar_strength_ratio + F9_substation_rank_core_score,F2+F3+F5+F6+F9,2310,471,373,278,98,1561,0.5729646697388633,0.7919320594479831,0.6648841354723708,0.5048461395045427,0.7228355614973262,0.5281392227562431,2928,630,472,433,158,1865,0.5215469613259669,0.7492063492063492,0.6149837133550489
208,3,F5_n_height_ratio + F7_solar_peak_alignment + F8_substation_centered_core_score,F5+F7+F8,2310,471,350,232,121,1607,0.6013745704467354,0.7430997876857749,0.664767331433998,0.5098536069063199,0.7192673225467343,0.525073102516731,2928,630,430,339,200,1959,0.5591677503250976,0.6825396825396826,0.6147248034310222
240,4,F5_n_height_ratio + F6_solar_strength_ratio + F7_solar_peak_alignment + F8_substation_centered_core_score,F5+F6+F7+F8,2310,471,347,227,124,1612,0.6045296167247387,0.7367303609341825,0.6641148325358851,0.521802766199318,0.724129679144385,0.5289980969764776,2928,630,431,335,199,1963,0.5626631853785901,0.6841269841269841,0.6174785100286533
152,3,F4_duration_plausibility + F5_n_height_ratio + F8_substation_centered_core_score,F4+F5+F8,2310,471,371,277,100,1562,0.5725308641975309,0.7876857749469215,0.6630920464700626,0.49827360607678395,0.7019985145573382,0.5280721142735261,2928,630,457,394,173,1904,0.5370152761457109,0.7253968253968254,0.6171505739365294
86,4,F2_roughness_improvement + F3_slope_continuity_improvement + F5_n_height_ratio + F7_solar_peak_alignment,F2+F3+F5+F7,2310,471,392,320,79,1519,0.550561797752809,0.832271762208068,0.6627218934911242,0.4153215478544484,0.6374046900811607,0.4703343033804064,2928,630,488,531,142,1767,0.478900883218842,0.7746031746031746,0.5918738629472408
176,3,F5_n_height_ratio + F6_solar_strength_ratio + F8_substation_centered_core_score,F5+F6+F8,2310,471,370,276,101,1563,0.5727554179566563,0.7855626326963907,0.6624888093106536,0.4997118015146635,0.702548128342246,0.5157560507767732,2928,630,454,394,176,1904,0.535377358490566,0.7206349206349206,0.6143437077131257
216,4,F4_duration_plausibility + F5_n_height_ratio + F7_solar_peak_alignment + F8_substation_centered_core_score,F4+F5+F7+F8,2310,471,359,256,112,1583,0.583739837398374,0.7622080679405521,0.6611418047882136,0.5098340629270605,0.7322889185977421,0.5287434236856678,2928,630,442,360,188,1938,0.5511221945137157,0.7015873015873015,0.6173184357541899
450,4,F2_roughness_improvement + F7_solar_peak_alignment + F8_substation_centered_core_score + F9_substation_rank_core_score,F2+F7+F8+F9,2310,471,403,346,68,1493,0.5380507343124166,0.8556263269639066,0.660655737704918,0.48734356163601444,0.8128086749851455,0.5355378610963144,2928,630,515,530,115,1768,0.49282296650717705,0.8174603174603174,0.6149253731343284
454,5,F2_roughness_improvement + F3_slope_continuity_improvement + F7_solar_peak_alignment + F8_substation_centered_core_score + F9_substation_rank_core_score,F2+F3+F7+F8+F9,2310,471,366,273,105,1566,0.5727699530516432,0.7770700636942676,0.6594594594594595,0.5055346487143275,0.7493273915626857,0.5300466012590264,2928,630,459,425,171,1873,0.5192307692307693,0.7285714285714285,0.6063408190224571
14,3,F2_roughness_improvement + F3_slope_continuity_improvement + F4_duration_plausibility,F2+F3+F4,2310,471,395,332,76,1507,0.5433287482806052,0.8386411889596603,0.6594323873121869,0.4157874244598824,0.5934373975697504,0.4578656823352152,2928,630,493,555,137,1743,0.47041984732824427,0.7825396825396825,0.5876042908224076
318,6,F2_roughness_improvement + F3_slope_continuity_improvement + F4_duration_plausibility + F5_n_height_ratio + F6_solar_strength_ratio + F9_substation_rank_core_score,F2+F3+F4+F5+F6+F9,2310,471,389,322,82,1517,0.5471167369901547,0.8259023354564756,0.6582064297800339,0.5003624325502265,0.7638194550547491,0.5365159320813487,2928,630,491,484,139,1814,0.5035897435897436,0.7793650793650794,0.6118380062305296
470,6,F2_roughness_improvement + F3_slope_continuity_improvement + F5_n_height_ratio + F7_solar_peak_alignment + F8_substation_centered_core_score + F9_substation_rank_core_score,F2+F3+F5+F7+F8+F9,2310,471,375,294,96,1545,0.5605381165919282,0.7961783439490446,0.6578947368421052,0.5094404643054519,0.7593636363636364,0.5382201686005157,2928,630,469,442,161,1856,0.5148188803512623,0.7444444444444445,0.6086956521739131
502,7,F2_roughness_improvement + F3_slope_continuity_improvement + F5_n_height_ratio + F6_solar_strength_ratio + F7_solar_peak_alignment + F8_substation_centered_core_score + F9_substation_rank_core_score,F2+F3+F5+F6+F7+F8+F9,2310,471,366,276,105,1563,0.5700934579439252,0.7770700636942676,0.6576819407008087,0.5104242746382339,0.7523838383838384,0.5338146201993268,2928,630,459,413,171,1885,0.5263761467889908,0.7285714285714285,0.6111850865512649
370,5,F2_roughness_improvement + F5_n_height_ratio + F6_solar_strength_ratio + F7_solar_peak_alignment + F9_substation_rank_core_score,F2+F5+F6+F7+F9,2310,471,349,242,122,1597,0.5905245346869712,0.7409766454352441,0.6572504708097928,0.5150541292288702,0.7177684194890077,0.5204153670399132,2928,630,440,374,190,1924,0.5405405405405406,0.6984126984126984,0.6094182825484765
434,5,F2_roughness_improvement + F5_n_height_ratio + F6_solar_strength_ratio + F8_substation_centered_core_score + F9_substation_rank_core_score,F2+F5+F6+F8+F9,2310,471,335,218,136,1621,0.6057866184448463,0.7112526539278131,0.654296875,0.5452826419289482,0.7192400475341652,0.5331106079874404,2928,630,415,326,215,1972,0.5600539811066126,0.6587301587301587,0.6053975200583516
358,5,F2_roughness_improvement + F3_slope_continuity_improvement + F6_solar_strength_ratio + F7_solar_peak_alignment + F9_substation_rank_core_score,F2+F3+F6+F7+F9,2310,471,369,288,102,1551,0.5616438356164384,0.7834394904458599,0.6542553191489362,0.505244747045872,0.7609595959595961,0.5342229420505938,2928,630,471,453,159,1845,0.5097402597402597,0.7476190476190476,0.6061776061776062
350,6,F2_roughness_improvement + F3_slope_continuity_improvement + F4_duration_plausibility + F5_n_height_ratio + F7_solar_peak_alignment + F9_substation_rank_core_score,F2+F3+F4+F5+F7+F9,2310,471,363,276,108,1563,0.568075117370892,0.7707006369426752,0.654054054054054,0.5121270778775446,0.7125564680417622,0.5347729901974445,2928,630,458,428,172,1870,0.5169300225733634,0.726984126984127,0.604221635883905
232,4,F4_duration_plausibility + F6_solar_strength_ratio + F7_solar_peak_alignment + F8_substation_centered_core_score,F4+F6+F7+F8,2310,471,361,273,110,1566,0.5694006309148265,0.7664543524416136,0.653393665158371,0.5385655288646483,0.7615965537730244,0.5385956548293008,2928,630,457,390,173,1908,0.5395513577331759,0.7253968253968254,0.6188219363574813
354,4,F2_roughness_improvement + F6_solar_strength_ratio + F7_solar_peak_alignment + F9_substation_rank_core_score,F2+F6+F7+F9,2310,471,399,352,72,1487,0.5312916111850865,0.8471337579617835,0.6530278232405892,0.4783962514320349,0.8062133095662507,0.5233056531292214,2928,630,513,556,117,1742,0.47988774555659497,0.8142857142857143,0.603884638022366
426,5,F2_roughness_improvement + F4_duration_plausibility + F6_solar_strength_ratio + F8_substation_centered_core_score + F9_substation_rank_core_score,F2+F4+F6+F8+F9,2310,471,331,212,140,1627,0.6095764272559853,0.70276008492569,0.6528599605522682,0.5433045044793594,0.7115799168152109,0.5163384302053773,2928,630,413,324,217,1974,0.5603799185888738,0.6555555555555556,0.6042428675932698
398,5,F2_roughness_improvement + F3_slope_continuity_improvement + F4_duration_plausibility + F8_substation_centered_core_score + F9_substation_rank_core_score,F2+F3+F4+F8+F9,2310,471,367,287,104,1552,0.5611620795107034,0.7791932059447984,0.6524444444444445,0.5057162890583625,0.7461538918597742,0.5245520314390437,2928,630,463,435,167,1863,0.5155902004454342,0.734920634920635,0.6060209424083769
62,5,F2_roughness_improvement + F3_slope_continuity_improvement + F4_duration_plausibility + F5_n_height_ratio + F6_solar_strength_ratio,F2+F3+F4+F5+F6,2310,471,411,379,60,1460,0.520253164556962,0.8726114649681529,0.6518636003172086,0.39381895864326,0.6289791042291042,0.4581433908075916,2928,630,506,598,124,1700,0.4583333333333333,0.8031746031746032,0.5836216839677048
168,3,F4_duration_plausibility + F6_solar_strength_ratio + F8_substation_centered_core_score,F4+F6+F8,2310,471,379,315,92,1524,0.5461095100864554,0.8046709129511678,0.6506437768240344,0.5258279478992125,0.7252792632204397,0.4864256373885121,2928,630,476,449,154,1849,0.5145945945945946,0.7555555555555555,0.6122186495176848
346,5,F2_roughness_improvement + F4_duration_plausibility + F5_n_height_ratio + F7_solar_peak_alignment + F9_substation_rank_core_score,F2+F4+F5+F7+F9,2310,471,339,233,132,1606,0.5926573426573427,0.7197452229299363,0.6500479386385427,0.5286998515567014,0.7397153891859773,0.5292335481939358,2928,630,429,362,201,1936,0.5423514538558787,0.680952380952381,0.6038001407459536
294,4,F2_roughness_improvement + F3_slope_continuity_improvement + F6_solar_strength_ratio + F9_substation_rank_core_score,F2+F3+F6+F9,2310,471,373,305,98,1534,0.5501474926253688,0.7919320594479831,0.6492602262837249,0.4984461027492259,0.7647076648841356,0.5278645259633291,2928,630,475,466,155,1832,0.5047821466524973,0.753968253968254,0.60471037555697
430,6,F2_roughness_improvement + F3_slope_continuity_improvement + F4_duration_plausibility + F6_solar_strength_ratio + F8_substation_centered_core_score + F9_substation_rank_core_score,F2+F3+F4+F6+F8+F9,2310,471,366,293,105,1546,0.5553869499241275,0.7770700636942676,0.6477876106194691,0.5090052170629276,0.7474165181224004,0.5220901530044225,2928,630,463,441,167,1857,0.5121681415929203,0.734920634920635,0.6036505867014341
382,7,F2_roughness_improvement + F3_slope_continuity_improvement + F4_duration_plausibility + F5_n_height_ratio + F6_solar_strength_ratio + F7_solar_peak_alignment + F9_substation_rank_core_score,F2+F3+F4+F5+F6+F7+F9,2310,471,360,283,111,1556,0.5598755832037325,0.7643312101910829,0.6463195691202873,0.5204351415921183,0.7418456837280367,0.5359142500035035,2928,630,453,437,177,1861,0.5089887640449439,0.719047619047619,0.5960526315789474
70,3,F2_roughness_improvement + F3_slope_continuity_improvement + F7_solar_peak_alignment,F2+F3+F7,2310,471,356,277,115,1562,0.5624012638230648,0.7558386411889597,0.644927536231884,0.42417009538685724,0.5827982540335481,0.4522354202904969,2928,630,453,476,177,1822,0.4876210979547901,0.719047619047619,0.5811417575368826
414,6,F2_roughness_improvement + F3_slope_continuity_improvement + F4_duration_plausibility + F5_n_height_ratio + F8_substation_centered_core_score + F9_substation_rank_core_score,F2+F3+F4+F5+F8+F9,2310,471,369,307,102,1532,0.5458579881656804,0.7834394904458599,0.6434176111595467,0.5000996605321202,0.7525412953060012,0.5233663348647173,2928,630,464,443,166,1855,0.5115766262403528,0.7365079365079366,0.6037735849056605
478,7,F2_roughness_improvement + F3_slope_continuity_improvement + F4_duration_plausibility + F5_n_height_ratio + F7_solar_peak_alignment + F8_substation_centered_core_score + F9_substation_rank_core_score,F2+F3+F4+F5+F7+F8+F9,2310,471,355,278,116,1561,0.5608214849921012,0.7537154989384289,0.6431159420289855,0.520060931540768,0.7477248960190137,0.5358577353078959,2928,630,446,418,184,1880,0.5162037037037037,0.707936507936508,0.5970548862115127
144,2,F5_n_height_ratio + F8_substation_centered_core_score,F5+F8,2310,471,371,313,100,1526,0.5423976608187134,0.7876857749469215,0.6424242424242425,0.4727480433475717,0.673526292335116,0.4977157385430306,2928,630,458,441,172,1857,0.5094549499443827,0.726984126984127,0.5990843688685416
22,3,F2_roughness_improvement + F3_slope_continuity_improvement + F5_n_height_ratio,F2+F3+F5,2310,471,387,348,84,1491,0.5265306122448979,0.821656050955414,0.6417910447761194,0.39425658479132086,0.5987734471410942,0.45593353288106325,2928,630,478,568,152,1730,0.4569789674952199,0.7587301587301587,0.5704057279236276
30,4,F2_roughness_improvement + F3_slope_continuity_improvement + F4_duration_plausibility + F5_n_height_ratio,F2+F3+F4+F5,2310,471,372,320,99,1519,0.5375722543352601,0.7898089171974523,0.6397248495270851,0.3817365851825364,0.5277857338739691,0.4326279193821809,2928,630,457,511,173,1787,0.47210743801652894,0.7253968253968254,0.571964956195244
446,7,F2_roughness_improvement + F3_slope_continuity_improvement + F4_duration_plausibility + F5_n_height_ratio + F6_solar_strength_ratio + F8_substation_centered_core_score + F9_substation_rank_core_score,F2+F3+F4+F5+F6+F8+F9,2310,471,369,316,102,1523,0.5386861313868613,0.7834394904458599,0.6384083044982699,0.5002603377219956,0.7555026737967914,0.5245984844055996,2928,630,466,466,164,1832,0.5,0.7396825396825397,0.5966709346991037
482,5,F2_roughness_improvement + F6_solar_strength_ratio + F7_solar_peak_alignment + F8_substation_centered_core_score + F9_substation_rank_core_score,F2+F6+F7+F8+F9,2310,471,374,329,97,1510,0.5320056899004267,0.7940552016985138,0.637137989778535,0.48973854896466057,0.7831099227569815,0.5201001551405846,2928,630,479,502,151,1796,0.48827726809378186,0.7603174603174603,0.5946617008069521
338,4,F2_roughness_improvement + F5_n_height_ratio + F7_solar_peak_alignment + F9_substation_rank_core_score,F2+F5+F7+F9,2310,471,343,264,128,1575,0.5650741350906096,0.7282377919320594,0.6363636363636364,0.5126357508524957,0.7437153891859773,0.5168260702155878,2928,630,433,402,197,1896,0.518562874251497,0.6873015873015873,0.5911262798634813
498,6,F2_roughness_improvement + F5_n_height_ratio + F6_solar_strength_ratio + F7_solar_peak_alignment + F8_substation_centered_core_score + F9_substation_rank_core_score,F2+F5+F6+F7+F8+F9,2310,471,320,216,151,1623,0.5970149253731343,0.6794055201698513,0.6355511420059583,0.5411494607955226,0.6986928104575164,0.5130821036569417,2928,630,397,316,233,1982,0.5568022440392707,0.6301587301587301,0.5912137006701413
342,5,F2_roughness_improvement + F3_slope_continuity_improvement + F5_n_height_ratio + F7_solar_peak_alignment + F9_substation_rank_core_score,F2+F3+F5+F7+F9,2310,471,359,300,112,1539,0.5447647951441578,0.7622080679405521,0.6353982300884955,0.5073818755007092,0.7370477039300569,0.5251003855240383,2928,630,453,455,177,1843,0.4988986784140969,0.719047619047619,0.5890767230169051
326,4,F2_roughness_improvement + F3_slope_continuity_improvement + F7_solar_peak_alignment + F9_substation_rank_core_score,F2+F3+F7+F9,2310,471,367,320,104,1519,0.5342066957787481,0.7791932059447984,0.6338514680483592,0.4925106739175191,0.7533838383838384,0.5197153204443004,2928,630,468,488,162,1810,0.4895397489539749,0.7428571428571429,0.5901639344262295
286,5,F2_roughness_improvement + F3_slope_continuity_improvement + F4_duration_plausibility + F5_n_height_ratio + F9_substation_rank_core_score,F2+F3+F4+F5+F9,2310,471,368,328,103,1511,0.5287356321839081,0.7813163481953291,0.6306769494430163,0.48820397759033457,0.7452436974789916,0.5165190528013752,2928,630,464,485,166,1813,0.48893572181243417,0.7365079365079366,0.5877137428752375
278,4,F2_roughness_improvement + F3_slope_continuity_improvement + F5_n_height_ratio + F9_substation_rank_core_score,F2+F3+F5+F9,2310,471,348,293,123,1546,0.5429017160686428,0.7388535031847133,0.6258992805755396,0.49857235232097263,0.6928016934046346,0.5050241524496628,2928,630,441,438,189,1860,0.5017064846416383,0.7,0.584493041749503
298,4,F2_roughness_improvement + F4_duration_plausibility + F6_solar_strength_ratio + F9_substation_rank_core_score,F2+F4+F6+F9,2310,471,328,256,143,1583,0.5616438356164384,0.6963906581740976,0.6218009478672987,0.5296118777412596,0.7142697563874034,0.5114646427814415,2928,630,413,383,217,1915,0.5188442211055276,0.6555555555555556,0.5792426367461431
402,4,F2_roughness_improvement + F5_n_height_ratio + F8_substation_centered_core_score + F9_substation_rank_core_score,F2+F5+F8+F9,2310,471,336,274,135,1565,0.5508196721311476,0.7133757961783439,0.6216466234967623,0.5125022737532667,0.719997623291741,0.5044745280590324,2928,630,418,397,212,1901,0.5128834355828221,0.6634920634920635,0.5785467128027683
270,4,F2_roughness_improvement + F3_slope_continuity_improvement + F4_duration_plausibility + F9_substation_rank_core_score,F2+F3+F4+F9,2310,471,354,314,117,1525,0.5299401197604791,0.7515923566878981,0.6215978928884988,0.5009733851007973,0.7316470588235294,0.5136485302670302,2928,630,450,458,180,1840,0.4955947136563877,0.7142857142857143,0.5851755526657997
136,2,F4_duration_plausibility + F8_substation_centered_core_score,F4+F8,2310,471,356,319,115,1520,0.5274074074074074,0.7558386411889597,0.6212914485165796,0.5188754467993804,0.7032917409387998,0.4633556672968655,2928,630,445,435,185,1863,0.5056818181818182,0.7063492063492064,0.5894039735099338
394,4,F2_roughness_improvement + F4_duration_plausibility + F8_substation_centered_core_score + F9_substation_rank_core_score,F2+F4+F8+F9,2310,471,332,266,139,1573,0.5551839464882943,0.7048832271762208,0.6211412535079514,0.5263093210113734,0.7125799168152109,0.5016771901567453,2928,630,416,391,214,1907,0.5154894671623296,0.6603174603174603,0.5789839944328461
290,3,F2_roughness_improvement + F6_solar_strength_ratio + F9_substation_rank_core_score,F2+F6+F9,2310,471,340,287,131,1552,0.5422647527910686,0.721868365180467,0.6193078324225865,0.5022986398461168,0.7493808674985145,0.5069930461149079,2928,630,435,442,195,1856,0.4960091220068415,0.6904761904761905,0.5773059057730591
128,1,F8_substation_centered_core_score,F8,2310,471,356,323,115,1516,0.524300441826215,0.7558386411889597,0.6191304347826087,0.4916821723737434,0.7161259655377302,0.4770725290622105,2928,630,445,467,185,1831,0.48793859649122806,0.7063492063492064,0.5771725032425422
200,3,F4_duration_plausibility + F7_solar_peak_alignment + F8_substation_centered_core_score,F4+F7+F8,2310,471,351,315,120,1524,0.527027027027027,0.7452229299363057,0.6174142480211082,0.5211543312046036,0.7313279857397506,0.5042426300972331,2928,630,442,432,188,1866,0.505720823798627,0.7015873015873015,0.5877659574468085
292,3,F3_slope_continuity_improvement + F6_solar_strength_ratio + F9_substation_rank_core_score,F3+F6+F9,2310,471,408,443,63,1396,0.4794359576968273,0.8662420382165605,0.6172465960665658,0.4807369140512266,0.8073464052287582,0.5234587422129819,2928,630,525,629,105,1669,0.45493934142114384,0.8333333333333334,0.5885650224215246
490,6,F2_roughness_improvement + F4_duration_plausibility + F6_solar_strength_ratio + F7_solar_peak_alignment + F8_substation_centered_core_score + F9_substation_rank_core_score,F2+F4+F6+F7+F8+F9,2310,471,318,244,153,1595,0.5658362989323843,0.6751592356687898,0.6156824782187802,0.5358939292283107,0.7045407011289364,0.5071824455058801,2928,630,401,351,229,1947,0.5332446808510638,0.6365079365079365,0.5803183791606368
422,5,F2_roughness_improvement + F3_slope_continuity_improvement + F6_solar_strength_ratio + F8_substation_centered_core_score + F9_substation_rank_core_score,F2+F3+F6+F8+F9,2310,471,345,311,126,1528,0.5259146341463414,0.732484076433121,0.6122448979591836,0.4936956152566522,0.7335276292335116,0.4976776425445481,2928,630,439,457,191,1841,0.48995535714285715,0.6968253968253968,0.5753604193971166
224,3,F6_solar_strength_ratio + F7_solar_peak_alignment + F8_substation_centered_core_score,F6+F7+F8,2310,471,357,341,114,1498,0.5114613180515759,0.7579617834394905,0.6107784431137725,0.5045927147062532,0.7612994652406417,0.5103801822362624,2928,630,454,485,176,1813,0.483493077742279,0.7206349206349206,0.5787125557680051
322,3,F2_roughness_improvement + F7_solar_peak_alignment + F9_substation_rank_core_score,F2+F7+F9,2310,471,365,363,106,1476,0.5013736263736264,0.7749469214437368,0.6088407005838199,0.47998014183395504,0.771486036838978,0.4989629672882797,2928,630,472,553,158,1745,0.4604878048780488,0.7492063492063492,0.5703927492447131
466,5,F2_roughness_improvement + F5_n_height_ratio + F7_solar_peak_alignment + F8_substation_centered_core_score + F9_substation_rank_core_score,F2+F5+F7+F8+F9,2310,471,308,236,163,1603,0.5661764705882353,0.6539278131634819,0.6068965517241378,0.5376336106277038,0.6886322043969103,0.4990743827078498,2928,630,383,332,247,1966,0.5356643356643357,0.6079365079365079,0.5695167286245353
362,5,F2_roughness_improvement + F4_duration_plausibility + F6_solar_strength_ratio + F7_solar_peak_alignment + F9_substation_rank_core_score,F2+F4+F6+F7+F9,2310,471,338,305,133,1534,0.5256609642301711,0.7176220806794055,0.606822262118492,0.49202459809527316,0.7524860368389781,0.4992053094909009,2928,630,435,479,195,1819,0.4759299781181619,0.6904761904761905,0.5634715025906736
496,5,F5_n_height_ratio + F6_solar_strength_ratio + F7_solar_peak_alignment + F8_substation_centered_core_score + F9_substation_rank_core_score,F5+F6+F7+F8+F9,2310,471,391,428,80,1411,0.47741147741147744,0.8301486199575372,0.6062015503875969,0.46665566874488784,0.8010796197266785,0.5025770067999356,2928,630,504,618,126,1680,0.44919786096256686,0.8,0.5753424657534246
418,4,F2_roughness_improvement + F6_solar_strength_ratio + F8_substation_centered_core_score + F9_substation_rank_core_score,F2+F6+F8+F9,2310,471,343,319,128,1520,0.5181268882175226,0.7282377919320594,0.6054721977052074,0.4998806264907909,0.730534165181224,0.4980582677862488,2928,630,437,467,193,1831,0.4834070796460177,0.6936507936507936,0.5697522816166883
438,6,F2_roughness_improvement + F3_slope_continuity_improvement + F5_n_height_ratio + F6_solar_strength_ratio + F8_substation_centered_core_score + F9_substation_rank_core_score,F2+F3+F5+F6+F8+F9,2310,471,328,296,143,1543,0.5256410256410257,0.6963906581740976,0.5990867579908676,0.5096491123162863,0.6741659239453357,0.4950025319624242,2928,630,413,419,217,1879,0.4963942307692308,0.6555555555555556,0.5649794801641587
160,2,F6_solar_strength_ratio + F8_substation_centered_core_score,F6+F8,2310,471,351,350,120,1489,0.5007132667617689,0.7452229299363057,0.598976109215017,0.5112761539347865,0.7065056446821153,0.4692583149021608,2928,630,446,485,184,1813,0.4790547798066595,0.707936507936508,0.5714285714285715
432,4,F5_n_height_ratio + F6_solar_strength_ratio + F8_substation_centered_core_score + F9_substation_rank_core_score,F5+F6+F8+F9,2310,471,387,435,84,1404,0.4708029197080292,0.821656050955414,0.5986078886310904,0.47737922005962297,0.7909524658348188,0.5064355805849636,2928,630,494,605,136,1693,0.4494995450409463,0.7841269841269841,0.5714285714285714
458,5,F2_roughness_improvement + F4_duration_plausibility + F7_solar_peak_alignment + F8_substation_centered_core_score + F9_substation_rank_core_score,F2+F4+F7+F8+F9,2310,471,318,274,153,1565,0.5371621621621622,0.6751592356687898,0.5983066792097836,0.5278503527985203,0.7002578728461082,0.49514042693654875,2928,630,401,385,229,1913,0.510178117048346,0.6365079365079365,0.5663841807909605
316,5,F3_slope_continuity_improvement + F4_duration_plausibility + F5_n_height_ratio + F6_solar_strength_ratio + F9_substation_rank_core_score,F3+F4+F5+F6+F9,2310,471,403,475,68,1364,0.45899772209567197,0.8556263269639066,0.5974796145292809,0.4605517728160877,0.7997510398098633,0.50719613315989,2928,630,513,675,117,1623,0.4318181818181818,0.8142857142857143,0.5643564356435643
440,5,F4_duration_plausibility + F5_n_height_ratio + F6_solar_strength_ratio + F8_substation_centered_core_score + F9_substation_rank_core_score,F4+F5+F6+F8+F9,2310,471,387,438,84,1401,0.4690909090909091,0.821656050955414,0.5972222222222222,0.4789617535523117,0.7909524658348188,0.5069041836237006,2928,630,494,607,136,1691,0.44868301544050865,0.7841269841269841,0.5707683419988446
364,5,F3_slope_continuity_improvement + F4_duration_plausibility + F6_solar_strength_ratio + F7_solar_peak_alignment + F9_substation_rank_core_score,F3+F4+F6+F7+F9,2310,471,406,483,65,1356,0.4566929133858268,0.861995753715499,0.5970588235294118,0.4599865332208757,0.8059263220439691,0.5085775908567618,2928,630,522,682,108,1616,0.4335548172757475,0.8285714285714286,0.569247546346783
464,4,F5_n_height_ratio + F7_solar_peak_alignment + F8_substation_centered_core_score + F9_substation_rank_core_score,F5+F7+F8+F9,2310,471,381,426,90,1413,0.4721189591078067,0.8089171974522293,0.5962441314553991,0.47724503200291973,0.7839970291146762,0.5015004987397998,2928,630,483,593,147,1705,0.44888475836431224,0.7666666666666667,0.5662368112543962
406,5,F2_roughness_improvement + F3_slope_continuity_improvement + F5_n_height_ratio + F8_substation_centered_core_score + F9_substation_rank_core_score,F2+F3+F5+F8+F9,2310,471,323,292,148,1547,0.5252032520325203,0.6857749469214437,0.5948434622467771,0.5075319650129406,0.6646739453357101,0.48845366390968453,2928,630,403,414,227,1884,0.49326805385556916,0.6396825396825396,0.5570145127850725
472,5,F4_duration_plausibility + F5_n_height_ratio + F7_solar_peak_alignment + F8_substation_centered_core_score + F9_substation_rank_core_score,F4+F5+F7+F8+F9,2310,471,369,401,102,1438,0.4792207792207792,0.7834394904458599,0.5946817082997582,0.48475395611512634,0.7734800950683304,0.5013554504699844,2928,630,467,560,163,1738,0.45472249269717624,0.7412698412698413,0.5636692818346409
386,3,F2_roughness_improvement + F8_substation_centered_core_score + F9_substation_rank_core_score,F2+F8+F9,2310,471,360,381,111,1458,0.48582995951417,0.7643312101910829,0.594059405940594,0.4794277660958712,0.7626690433749258,0.49859180532952274,2928,630,464,550,166,1748,0.45759368836291914,0.7365079365079366,0.5644768856447688
300,4,F3_slope_continuity_improvement + F4_duration_plausibility + F6_solar_strength_ratio + F9_substation_rank_core_score,F3+F4+F6+F9,2310,471,399,475,72,1364,0.45652173913043476,0.8471337579617835,0.5933085501858736,0.4670165203008175,0.8001527035056446,0.5059885781235338,2928,630,512,669,118,1629,0.43353090601185434,0.8126984126984127,0.5654334621755936
424,4,F4_duration_plausibility + F6_solar_strength_ratio + F8_substation_centered_core_score + F9_substation_rank_core_score,F4+F6+F8+F9,2310,471,404,487,67,1352,0.45342312008978675,0.8577494692144374,0.5932452276064611,0.4677815391710458,0.8097825311942959,0.508815308175292,2928,630,521,689,109,1609,0.4305785123966942,0.8269841269841269,0.5663043478260869
262,3,F2_roughness_improvement + F3_slope_continuity_improvement + F9_substation_rank_core_score,F2+F3+F9,2310,471,355,371,116,1468,0.4889807162534435,0.7537154989384289,0.5931495405179616,0.47670786940837456,0.7344248366013072,0.4905018528076167,2928,630,455,530,175,1768,0.4619289340101523,0.7222222222222222,0.5634674922600619
436,5,F3_slope_continuity_improvement + F5_n_height_ratio + F6_solar_strength_ratio + F8_substation_centered_core_score + F9_substation_rank_core_score,F3+F5+F6+F8+F9,2310,471,405,493,66,1346,0.4510022271714922,0.8598726114649682,0.5916727538349159,0.4614758953721392,0.79983541295306,0.5049316641492837,2928,630,518,692,112,1606,0.428099173553719,0.8222222222222222,0.5630434782608695
500,6,F3_slope_continuity_improvement + F5_n_height_ratio + F6_solar_strength_ratio + F7_solar_peak_alignment + F8_substation_centered_core_score + F9_substation_rank_core_score,F3+F5+F6+F7+F8+F9,2310,471,392,465,79,1374,0.4574095682613769,0.832271762208068,0.5903614457831325,0.4683857684896924,0.7817730243612596,0.5034361468264208,2928,630,499,654,131,1644,0.4327840416305291,0.792063492063492,0.5597307908020192
258,2,F2_roughness_improvement + F9_substation_rank_core_score,F2+F9,2310,471,341,346,130,1493,0.4963609898107715,0.7239915074309978,0.5889464594127807,0.4870468941284617,0.7501384432560902,0.49166426201505,2928,630,439,506,191,1792,0.46455026455026455,0.6968253968253968,0.5574603174603174
380,6,F3_slope_continuity_improvement + F4_duration_plausibility + F5_n_height_ratio + F6_solar_strength_ratio + F7_solar_peak_alignment + F9_substation_rank_core_score,F3+F4+F5+F6+F7+F9,2310,471,407,505,64,1334,0.44627192982456143,0.8641188959660298,0.5885755603759942,0.447215480471793,0.8056191325014854,0.498832271111913,2928,630,522,714,108,1584,0.4223300970873786,0.8285714285714286,0.5594855305466239
376,5,F4_duration_plausibility + F5_n_height_ratio + F6_solar_strength_ratio + F7_solar_peak_alignment + F9_substation_rank_core_score,F4+F5+F6+F7+F9,2310,471,415,526,56,1313,0.4410201912858661,0.881104033970276,0.5878186968838527,0.4511290543089014,0.8226268568033274,0.5022050811228714,2928,630,537,745,93,1553,0.41887675507020283,0.8523809523809524,0.5617154811715481
368,4,F5_n_height_ratio + F6_solar_strength_ratio + F7_solar_peak_alignment + F9_substation_rank_core_score,F5+F6+F7+F9,2310,471,415,527,56,1312,0.440552016985138,0.881104033970276,0.5874026893135174,0.45095715120935626,0.8226268568033274,0.501961926850838,2928,630,537,746,93,1552,0.4185502727981294,0.8523809523809524,0.5614218504966023
444,6,F3_slope_continuity_improvement + F4_duration_plausibility + F5_n_height_ratio + F6_solar_strength_ratio + F8_substation_centered_core_score + F9_substation_rank_core_score,F3+F4+F5+F6+F8+F9,2310,471,403,499,68,1340,0.4467849223946785,0.8556263269639066,0.5870356882738529,0.46245335005592875,0.7942798573975044,0.5019956956568246,2928,630,511,690,119,1608,0.42547876769358867,0.8111111111111111,0.5581649371927907
308,4,F3_slope_continuity_improvement + F5_n_height_ratio + F6_solar_strength_ratio + F9_substation_rank_core_score,F3+F5+F6+F9,2310,471,402,498,69,1341,0.44666666666666666,0.8535031847133758,0.5864332603938731,0.45627194376680513,0.8004194890077243,0.49994534310544964,2928,630,516,706,114,1592,0.42225859247135844,0.819047619047619,0.5572354211663066
372,5,F3_slope_continuity_improvement + F5_n_height_ratio + F6_solar_strength_ratio + F7_solar_peak_alignment + F9_substation_rank_core_score,F3+F5+F6+F7+F9,2310,471,390,472,81,1367,0.45243619489559167,0.8280254777070064,0.5851462865716429,0.4636425424009709,0.7852299465240642,0.502489926574275,2928,630,501,660,129,1638,0.4315245478036176,0.7952380952380952,0.5594639865996651
360,4,F4_duration_plausibility + F6_solar_strength_ratio + F7_solar_peak_alignment + F9_substation_rank_core_score,F4+F6+F7+F9,2310,471,425,557,46,1282,0.43279022403258655,0.9023354564755839,0.5849965588437716,0.4454029701615517,0.8316666666666667,0.4991411656815741,2928,630,550,782,80,1516,0.41291291291291293,0.873015873015873,0.5606523955147809
488,5,F4_duration_plausibility + F6_solar_strength_ratio + F7_solar_peak_alignment + F8_substation_centered_core_score + F9_substation_rank_core_score,F4+F6+F7+F8+F9,2310,471,402,503,69,1336,0.44419889502762433,0.8535031847133758,0.5843023255813954,0.4660404671913765,0.814660724896019,0.5068265501308042,2928,630,519,700,111,1598,0.4257588187038556,0.8238095238095238,0.5613845321795564
296,3,F4_duration_plausibility + F6_solar_strength_ratio + F9_substation_rank_core_score,F4+F6+F9,2310,471,425,559,46,1280,0.43191056910569103,0.9023354564755839,0.584192439862543,0.4438993173267417,0.8316666666666667,0.49831671337601086,2928,630,551,783,79,1515,0.41304347826086957,0.8746031746031746,0.5610997963340122
356,4,F3_slope_continuity_improvement + F6_solar_strength_ratio + F7_solar_peak_alignment + F9_substation_rank_core_score,F3+F6+F7+F9,2310,471,380,450,91,1389,0.4578313253012048,0.8067940552016986,0.5841660261337434,0.46678119968047505,0.7803778966131907,0.494373272393551,2928,630,487,630,143,1668,0.4359892569382274,0.773015873015873,0.5575271894676588
266,3,F2_roughness_improvement + F4_duration_plausibility + F9_substation_rank_core_score,F2+F4+F9,2310,471,318,302,153,1537,0.5129032258064516,0.6751592356687898,0.5829514207149403,0.506561014557338,0.7115757575757575,0.48678131929533025,2928,630,406,439,224,1859,0.4804733727810651,0.6444444444444445,0.5505084745762713
408,4,F4_duration_plausibility + F5_n_height_ratio + F8_substation_centered_core_score + F9_substation_rank_core_score,F4+F5+F8+F9,2310,471,389,475,82,1364,0.45023148148148145,0.8259023354564756,0.5827715355805243,0.47003220129449796,0.7924676173499703,0.49871473255201715,2928,630,496,646,134,1652,0.4343257443082312,0.7873015873015873,0.5598194130925508
392,3,F4_duration_plausibility + F8_substation_centered_core_score + F9_substation_rank_core_score,F4+F8+F9,2310,471,406,523,65,1316,0.4370290635091496,0.861995753715499,0.5800000000000001,0.45799932185082987,0.810232917409388,0.4965531271903755,2928,630,522,726,108,1572,0.4182692307692308,0.8285714285714286,0.5559105431309905
476,6,F3_slope_continuity_improvement + F4_duration_plausibility + F5_n_height_ratio + F7_solar_peak_alignment + F8_substation_centered_core_score + F9_substation_rank_core_score,F3+F4+F5+F7+F8+F9,2310,471,377,455,94,1384,0.453125,0.8004246284501062,0.5786646201074443,0.4686840084692248,0.7655086155674391,0.49076526820877686,2928,630,477,623,153,1675,0.43363636363636365,0.7571428571428571,0.5514450867052024
352,3,F6_solar_strength_ratio + F7_solar_peak_alignment + F9_substation_rank_core_score,F6+F7+F9,2310,471,424,572,47,1267,0.42570281124497994,0.9002123142250531,0.578050443081118,0.444240273645593,0.8306666666666667,0.49762346338142294,2928,630,550,796,80,1502,0.4086181277860327,0.873015873015873,0.5566801619433199
416,3,F6_solar_strength_ratio + F8_substation_centered_core_score + F9_substation_rank_core_score,F6+F8+F9,2310,471,402,518,69,1321,0.4369565217391304,0.8535031847133758,0.5780014378145218,0.45510129686562695,0.809921568627451,0.49672086698720264,2928,630,522,723,108,1575,0.41927710843373495,0.8285714285714286,0.5568000000000001
492,6,F3_slope_continuity_improvement + F4_duration_plausibility + F6_solar_strength_ratio + F7_solar_peak_alignment + F8_substation_centered_core_score + F9_substation_rank_core_score,F3+F4+F6+F7+F8+F9,2310,471,385,479,86,1360,0.44560185185185186,0.8174097664543525,0.5767790262172285,0.4618700613234672,0.7815609031491384,0.49268522446783697,2928,630,495,666,135,1632,0.4263565891472868,0.7857142857142857,0.5527638190954773
330,4,F2_roughness_improvement + F4_duration_plausibility + F7_solar_peak_alignment + F9_substation_rank_core_score,F2+F4+F7+F9,2310,471,318,315,153,1524,0.5023696682464455,0.6751592356687898,0.5760869565217391,0.5058017326876458,0.7268484848484849,0.49031828785470577,2928,630,409,468,221,1830,0.4663625997719498,0.6492063492063492,0.5428002654280026
384,2,F8_substation_centered_core_score + F9_substation_rank_core_score,F8+F9,2310,471,410,546,61,1293,0.42887029288702927,0.8704883227176221,0.5746320953048353,0.44894121607422893,0.8174224598930482,0.4948594149682395,2928,630,530,756,100,1542,0.4121306376360809,0.8412698412698413,0.5532359081419624
456,4,F4_duration_plausibility + F7_solar_peak_alignment + F8_substation_centered_core_score + F9_substation_rank_core_score,F4+F7+F8+F9,2310,471,403,530,68,1309,0.43193997856377275,0.8556263269639066,0.5740740740740741,0.45461306457248923,0.8121051693404635,0.49544463567473884,2928,630,520,730,110,1568,0.416,0.8253968253968254,0.5531914893617021
468,5,F3_slope_continuity_improvement + F5_n_height_ratio + F7_solar_peak_alignment + F8_substation_centered_core_score + F9_substation_rank_core_score,F3+F5+F7+F8+F9,2310,471,379,471,92,1368,0.44588235294117645,0.8046709129511678,0.5738077214231643,0.46283499803564504,0.7675086155674391,0.48849423941212117,2928,630,482,648,148,1650,0.4265486725663717,0.765079365079365,0.5477272727272727
260,2,F3_slope_continuity_improvement + F9_substation_rank_core_score,F3+F9,2310,471,413,558,58,1281,0.4253347064881565,0.8768577494692145,0.5728155339805826,0.44598769948777744,0.8155359477124182,0.494195690219789,2928,630,534,775,96,1523,0.4079449961802903,0.8476190476190476,0.5507993811242909
192,2,F7_solar_peak_alignment + F8_substation_centered_core_score,F7+F8,2310,471,347,395,124,1444,0.46765498652291104,0.7367303609341825,0.5721352019785655,0.48309081348125005,0.7386411170528818,0.48296251808397894,2928,630,440,542,190,1756,0.4480651731160896,0.6984126984126984,0.5459057071960298
400,3,F5_n_height_ratio + F8_substation_centered_core_score + F9_substation_rank_core_score,F5+F8+F9,2310,471,383,485,88,1354,0.4412442396313364,0.8131634819532909,0.5720687079910382,0.46393641425874954,0.7859970291146762,0.49031959061655483,2928,630,488,660,142,1638,0.4250871080139373,0.7746031746031746,0.5489313835770528
312,4,F4_duration_plausibility + F5_n_height_ratio + F6_solar_strength_ratio + F9_substation_rank_core_score,F4+F5+F6+F9,2310,471,406,545,65,1294,0.42691903259726605,0.861995753715499,0.5710267229254571,0.44000018142101893,0.8136553773024361,0.4862362146388476,2928,630,529,767,101,1531,0.408179012345679,0.8396825396825397,0.54932502596054
484,5,F3_slope_continuity_improvement + F6_solar_strength_ratio + F7_solar_peak_alignment + F8_substation_centered_core_score + F9_substation_rank_core_score,F3+F6+F7+F8+F9,2310,471,398,525,73,1314,0.4312026002166847,0.8450106157112527,0.5710186513629842,0.4493373990863443,0.7999988116458705,0.4893925195496382,2928,630,518,731,112,1567,0.41473178542834266,0.8222222222222222,0.5513571048430015
508,7,F3_slope_continuity_improvement + F4_duration_plausibility + F5_n_height_ratio + F6_solar_strength_ratio + F7_solar_peak_alignment + F8_substation_centered_core_score + F9_substation_rank_core_score,F3+F4+F5+F6+F7+F8+F9,2310,471,379,479,92,1360,0.4417249417249417,0.8046709129511678,0.5703536493604213,0.46757076802378905,0.763468211527035,0.4844584143383863,2928,630,479,651,151,1647,0.42389380530973453,0.7603174603174603,0.5443181818181818
480,4,F6_solar_strength_ratio + F7_solar_peak_alignment + F8_substation_centered_core_score + F9_substation_rank_core_score,F6+F7+F8+F9,2310,471,401,536,70,1303,0.4279615795090715,0.851380042462845,0.5696022727272728,0.4553128673364689,0.8141455733808676,0.4971443873245373,2928,630,520,736,110,1562,0.4140127388535032,0.8253968253968254,0.5514316012725345
504,6,F4_duration_plausibility + F5_n_height_ratio + F6_solar_strength_ratio + F7_solar_peak_alignment + F8_substation_centered_core_score + F9_substation_rank_core_score,F4+F5+F6+F7+F8+F9,2310,471,357,427,114,1412,0.45535714285714285,0.7579617834394905,0.5689243027888446,0.4684678415205513,0.7714575163398693,0.48387139080098196,2928,630,462,603,168,1695,0.43380281690140843,0.7333333333333333,0.5451327433628318
324,3,F3_slope_continuity_improvement + F7_solar_peak_alignment + F9_substation_rank_core_score,F3+F7+F9,2310,471,375,473,96,1366,0.44221698113207547,0.7961783439490446,0.5686125852918877,0.4677972260619062,0.7651818181818182,0.4875376449279589,2928,630,477,644,153,1654,0.4255129348795718,0.7571428571428571,0.544831524842947
288,2,F6_solar_strength_ratio + F9_substation_rank_core_score,F6+F9,2310,471,413,571,58,1268,0.41971544715447157,0.8768577494692145,0.5676975945017183,0.4436768594066839,0.8191960784313725,0.49163147547200925,2928,630,540,786,90,1512,0.4072398190045249,0.8571428571428571,0.5521472392638037
332,4,F3_slope_continuity_improvement + F4_duration_plausibility + F7_solar_peak_alignment + F9_substation_rank_core_score,F3+F4+F7+F9,2310,471,401,548,70,1291,0.422550052687039,0.851380042462845,0.5647887323943662,0.4425640281123885,0.8001182412358883,0.48669477659699056,2928,630,516,746,114,1552,0.40887480190174325,0.819047619047619,0.5454545454545454
304,3,F5_n_height_ratio + F6_solar_strength_ratio + F9_substation_rank_core_score,F5+F6+F9,2310,471,406,566,65,1273,0.4176954732510288,0.861995753715499,0.5627165627165628,0.43847292578192115,0.8136553773024361,0.48524139281398726,2928,630,531,789,99,1509,0.4022727272727273,0.8428571428571429,0.5446153846153846
268,3,F3_slope_continuity_improvement + F4_duration_plausibility + F9_substation_rank_core_score,F3+F4+F9,2310,471,411,588,60,1251,0.4114114114114114,0.8726114649681529,0.5591836734693878,0.44545248429694945,0.8151901366607248,0.4929200863531281,2928,630,533,804,97,1494,0.3986537023186238,0.846031746031746,0.5419420437214032
340,4,F3_slope_continuity_improvement + F5_n_height_ratio + F7_solar_peak_alignment + F9_substation_rank_core_score,F3+F5+F7+F9,2310,471,376,500,95,1339,0.4292237442922374,0.7983014861995754,0.5582776540460282,0.44975168065492266,0.7636482471776589,0.4795974344717932,2928,630,479,681,151,1617,0.41293103448275864,0.7603174603174603,0.535195530726257
336,3,F5_n_height_ratio + F7_solar_peak_alignment + F9_substation_rank_core_score,F5+F7+F9,2310,471,400,562,71,1277,0.4158004158004158,0.8492569002123143,0.5582693649685974,0.43822528698927293,0.8100510992275698,0.48109871128449383,2928,630,517,778,113,1520,0.3992277992277992,0.8206349206349206,0.537142857142857
448,3,F7_solar_peak_alignment + F8_substation_centered_core_score + F9_substation_rank_core_score,F7+F8+F9,2310,471,405,592,66,1247,0.4062186559679037,0.8598726114649682,0.5517711171662125,0.44585267246319416,0.817660724896019,0.49012907444292714,2928,630,524,803,106,1495,0.3948756593820648,0.8317460317460318,0.5355135411343893
256,1,F9_substation_rank_core_score,F9,2310,471,420,634,51,1205,0.3984819734345351,0.89171974522293,0.5508196721311476,0.4331430657805714,0.8264242424242425,0.4845727263446579,2928,630,551,862,79,1436,0.3899504600141543,0.8746031746031746,0.5394028389623103
264,2,F4_duration_plausibility + F9_substation_rank_core_score,F4+F9,2310,471,420,634,51,1205,0.3984819734345351,0.89171974522293,0.5508196721311476,0.4331430657805714,0.8264242424242425,0.4845727263446579,2928,630,551,862,79,1436,0.3899504600141543,0.8746031746031746,0.5394028389623103
328,3,F4_duration_plausibility + F7_solar_peak_alignment + F9_substation_rank_core_score,F4+F7+F9,2310,471,419,633,52,1206,0.3982889733840304,0.8895966029723992,0.5502298095863427,0.4330815076204217,0.8256666666666667,0.48411003756763693,2928,630,547,860,83,1438,0.38877043354655294,0.8682539682539683,0.5370643102601865
420,4,F3_slope_continuity_improvement + F6_solar_strength_ratio + F8_substation_centered_core_score + F9_substation_rank_core_score,F3+F6+F8+F9,2310,471,387,552,84,1287,0.41214057507987223,0.821656050955414,0.5489361702127661,0.4442895725058722,0.7918841354723708,0.4756529746610413,2928,630,497,762,133,1536,0.3947577442414615,0.7888888888888889,0.5262043409211223
284,4,F3_slope_continuity_improvement + F4_duration_plausibility + F5_n_height_ratio + F9_substation_rank_core_score,F3+F4+F5+F9,2310,471,406,604,65,1235,0.401980198019802,0.861995753715499,0.5482781904118839,0.4242414199280885,0.8015531788472965,0.4751880024196839,2928,630,525,832,105,1466,0.3868828297715549,0.8333333333333334,0.5284348263714141
452,4,F3_slope_continuity_improvement + F7_solar_peak_alignment + F8_substation_centered_core_score + F9_substation_rank_core_score,F3+F7+F8+F9,2310,471,395,577,76,1262,0.4063786008230453,0.8386411889596603,0.5474705474705476,0.44151299417285794,0.7898877005347593,0.47904039514796504,2928,630,514,779,116,1519,0.39752513534416084,0.8158730158730159,0.5345813832553302
390,4,F2_roughness_improvement + F3_slope_continuity_improvement + F8_substation_centered_core_score + F9_substation_rank_core_score,F2+F3+F8+F9,2310,471,311,355,160,1484,0.466966966966967,0.6602972399150743,0.5470536499560246,0.48055554516755977,0.6976690433749257,0.459754279591411,2928,630,402,496,228,1802,0.44766146993318484,0.638095238095238,0.5261780104712042
320,2,F7_solar_peak_alignment + F9_substation_rank_core_score,F7+F9,2310,471,414,634,57,1205,0.3950381679389313,0.8789808917197452,0.5450954575378538,0.43301436565187124,0.8204242424242425,0.4810631463888731,2928,630,544,856,86,1442,0.38857142857142857,0.8634920634920635,0.535960591133005
460,5,F3_slope_continuity_improvement + F4_duration_plausibility + F7_solar_peak_alignment + F8_substation_centered_core_score + F9_substation_rank_core_score,F3+F4+F7+F8+F9,2310,471,387,562,84,1277,0.4077976817702845,0.821656050955414,0.5450704225352112,0.4427697146914844,0.7859281045751634,0.4772633083994593,2928,630,502,758,128,1540,0.3984126984126984,0.7968253968253968,0.5312169312169311
344,4,F4_duration_plausibility + F5_n_height_ratio + F7_solar_peak_alignment + F9_substation_rank_core_score,F4+F5+F7+F9,2310,471,400,598,71,1241,0.40080160320641284,0.8492569002123143,0.5445881552076243,0.43866156764078534,0.8100510992275698,0.48173186928176637,2928,630,519,815,111,1483,0.38905547226386805,0.8238095238095238,0.5285132382892056
272,2,F5_n_height_ratio + F9_substation_rank_core_score,F5+F9,2310,471,401,603,70,1236,0.399402390438247,0.851380042462845,0.543728813559322,0.42110279215303403,0.8136749851455733,0.4671163257756281,2928,630,523,836,107,1462,0.38484179543782193,0.8301587301587302,0.5258924082453494
280,3,F4_duration_plausibility + F5_n_height_ratio + F9_substation_rank_core_score,F4+F5+F9,2310,471,401,603,70,1236,0.399402390438247,0.851380042462845,0.543728813559322,0.42110279215303403,0.8136749851455733,0.4671163257756281,2928,630,523,836,107,1462,0.38484179543782193,0.8301587301587302,0.5258924082453494
428,5,F3_slope_continuity_improvement + F4_duration_plausibility + F6_solar_strength_ratio + F8_substation_centered_core_score + F9_substation_rank_core_score,F3+F4+F6+F8+F9,2310,471,388,597,83,1242,0.39390862944162436,0.8237791932059448,0.5329670329670331,0.44653672158996305,0.7973761140819965,0.4797599578451923,2928,630,502,798,128,1500,0.3861538461538462,0.7968253968253968,0.5202072538860103
276,3,F3_slope_continuity_improvement + F5_n_height_ratio + F9_substation_rank_core_score,F3+F5+F9,2310,471,391,613,80,1226,0.3894422310756972,0.8301486199575372,0.5301694915254238,0.42617895536733597,0.7974432560903149,0.469284981869988,2928,630,507,837,123,1461,0.37723214285714285,0.8047619047619048,0.513677811550152
44,3,F3_slope_continuity_improvement + F4_duration_plausibility + F6_solar_strength_ratio,F3+F4+F6,2310,471,409,675,62,1164,0.3773062730627306,0.8683651804670913,0.5260450160771705,0.36608540058337763,0.7198282028429087,0.43743004937665536,2928,630,520,953,110,1345,0.3530210454854039,0.8253968253968254,0.49453162149310503
348,5,F3_slope_continuity_improvement + F4_duration_plausibility + F5_n_height_ratio + F7_solar_peak_alignment + F9_substation_rank_core_score,F3+F4+F5+F7+F9,2310,471,369,571,102,1268,0.3925531914893617,0.7834394904458599,0.523033309709426,0.43569931741294465,0.771526440879382,0.4654224068980081,2928,630,480,757,150,1541,0.3880355699272433,0.7619047619047619,0.5141938939475094
412,5,F3_slope_continuity_improvement + F4_duration_plausibility + F5_n_height_ratio + F8_substation_centered_core_score + F9_substation_rank_core_score,F3+F4+F5+F8+F9,2310,471,377,595,94,1244,0.38786008230452673,0.8004246284501062,0.5225225225225225,0.4388879675419197,0.7724010695187166,0.46611451452486263,2928,630,486,787,144,1511,0.38177533385703066,0.7714285714285715,0.51077246452969
252,6,F3_slope_continuity_improvement + F4_duration_plausibility + F5_n_height_ratio + F6_solar_strength_ratio + F7_solar_peak_alignment + F8_substation_centered_core_score,F3+F4+F5+F6+F7+F8,2310,471,344,503,127,1336,0.40613931523022434,0.7303609341825902,0.5220030349013658,0.43012830455377926,0.6645660597572361,0.44037746044324444,2928,630,435,658,195,1640,0.3979871912168344,0.6904761904761905,0.5049332559489262
220,5,F3_slope_continuity_improvement + F4_duration_plausibility + F5_n_height_ratio + F7_solar_peak_alignment + F8_substation_centered_core_score,F3+F4+F5+F7+F8,2310,471,341,508,130,1331,0.4016489988221437,0.7239915074309978,0.5166666666666666,0.4077889339398817,0.6584858458534929,0.42130817865034786,2928,630,431,663,199,1635,0.3939670932358318,0.6841269841269841,0.5
236,5,F3_slope_continuity_improvement + F4_duration_plausibility + F6_solar_strength_ratio + F7_solar_peak_alignment + F8_substation_centered_core_score,F3+F4+F6+F7+F8,2310,471,392,655,79,1184,0.3744030563514804,0.832271762208068,0.5164690382081686,0.41352752534455217,0.7402384135472371,0.4527611052425401,2928,630,509,871,121,1427,0.36884057971014494,0.807936507936508,0.5064676616915423
404,4,F3_slope_continuity_improvement + F5_n_height_ratio + F8_substation_centered_core_score + F9_substation_rank_core_score,F3+F5+F8+F9,2310,471,374,604,97,1235,0.3824130879345603,0.7940552016985138,0.5162180814354727,0.43764665029785,0.7783707664884135,0.4655637110595825,2928,630,485,811,145,1487,0.3742283950617284,0.7698412698412699,0.5036344755970925
244,5,F3_slope_continuity_improvement + F5_n_height_ratio + F6_solar_strength_ratio + F7_solar_peak_alignment + F8_substation_centered_core_score,F3+F5+F6+F7+F8,2310,471,355,552,116,1287,0.3914002205071665,0.7537154989384289,0.5152394775036284,0.4199566873549562,0.6781607461166285,0.4355549290856898,2928,630,451,727,179,1571,0.3828522920203735,0.7158730158730159,0.4988938053097345
188,5,F3_slope_continuity_improvement + F4_duration_plausibility + F5_n_height_ratio + F6_solar_strength_ratio + F8_substation_centered_core_score,F3+F4+F5+F6+F8,2310,471,399,683,72,1156,0.3687615526802218,0.8471337579617835,0.5138441725692209,0.3959558896872545,0.7276455097190391,0.4420286815088277,2928,630,508,891,122,1407,0.3631165117941387,0.8063492063492064,0.5007392804337112
36,2,F3_slope_continuity_improvement + F6_solar_strength_ratio,F3+F6,2310,471,432,780,39,1059,0.3564356435643564,0.9171974522292994,0.5133689839572192,0.3620389272033954,0.8120629468570646,0.44384935811423787,2928,630,560,1095,70,1203,0.338368580060423,0.8888888888888888,0.49015317286652077
388,3,F3_slope_continuity_improvement + F8_substation_centered_core_score + F9_substation_rank_core_score,F3+F8+F9,2310,471,396,700,75,1139,0.3613138686131387,0.8407643312101911,0.5054243777919591,0.42465272539505594,0.8025050505050505,0.4603444098382631,2928,630,516,908,114,1390,0.36235955056179775,0.819047619047619,0.5024342745861733
116,4,F3_slope_continuity_improvement + F5_n_height_ratio + F6_solar_strength_ratio + F7_solar_peak_alignment,F3+F5+F6+F7,2310,471,402,718,69,1121,0.35892857142857143,0.8535031847133758,0.5053425518541798,0.34214934376208944,0.7413051784816491,0.4185131845520898,2928,630,523,994,107,1304,0.34475939353988133,0.8301587301587302,0.4871914299021891
172,4,F3_slope_continuity_improvement + F4_duration_plausibility + F6_solar_strength_ratio + F8_substation_centered_core_score,F3+F4+F6+F8,2310,471,410,754,61,1085,0.35223367697594504,0.8704883227176221,0.5015290519877676,0.4082802615145763,0.7639099185128596,0.4573527985728481,2928,630,532,1001,98,1297,0.3470319634703196,0.8444444444444444,0.49190938511326865
228,4,F3_slope_continuity_improvement + F6_solar_strength_ratio + F7_solar_peak_alignment + F8_substation_centered_core_score,F3+F6+F7+F8,2310,471,389,700,82,1139,0.35720844811753905,0.8259023354564756,0.4987179487179487,0.40514413289924506,0.7680167218402513,0.44747047007727436,2928,630,510,938,120,1360,0.35220994475138123,0.8095238095238095,0.4908565928777671
396,4,F3_slope_continuity_improvement + F4_duration_plausibility + F8_substation_centered_core_score + F9_substation_rank_core_score,F3+F4+F8+F9,2310,471,391,707,80,1132,0.3561020036429873,0.8301486199575372,0.49840662842574895,0.42654234372901856,0.8006042780748663,0.46090713715994186,2928,630,507,911,123,1387,0.35754583921015515,0.8047619047619048,0.4951171875
112,3,F5_n_height_ratio + F6_solar_strength_ratio + F7_solar_peak_alignment,F5+F6+F7,2310,471,445,885,26,954,0.33458646616541354,0.9447983014861996,0.49416990560799556,0.3309821074750828,0.8309302266361089,0.4203224949254429,2928,630,580,1215,50,1083,0.3231197771587744,0.9206349206349206,0.4783505154639176
180,4,F3_slope_continuity_improvement + F5_n_height_ratio + F6_solar_strength_ratio + F8_substation_centered_core_score,F3+F5+F6+F8,2310,471,351,599,120,1240,0.36947368421052634,0.7452229299363057,0.49401829697396205,0.416961351969343,0.6852396019013666,0.42640180961824736,2928,630,447,772,183,1526,0.3666940114848236,0.7095238095238096,0.48350459707950233
120,4,F4_duration_plausibility + F5_n_height_ratio + F6_solar_strength_ratio + F7_solar_peak_alignment,F4+F5+F6+F7,2310,471,446,891,25,948,0.3335826477187734,0.9469214437367304,0.4933628318584071,0.3305212106193878,0.8316878023936848,0.420054140224435,2928,630,584,1225,46,1073,0.3228302929795467,0.926984126984127,0.47888478884788843
52,3,F3_slope_continuity_improvement + F5_n_height_ratio + F6_solar_strength_ratio,F3+F5+F6,2310,471,421,828,50,1011,0.33706965572457964,0.8938428874734607,0.48953488372093024,0.33204864130289224,0.7467661537808596,0.4149405896072471,2928,630,547,1134,83,1164,0.32540154669839383,0.8682539682539683,0.4733881436607529
40,2,F4_duration_plausibility + F6_solar_strength_ratio,F4+F6,2310,471,449,933,22,906,0.32489146164978294,0.9532908704883227,0.48461953588774964,0.3529507628366969,0.8534468211527035,0.43591512101848806,2928,630,594,1261,36,1037,0.3202156334231806,0.9428571428571428,0.4780684104627767
104,3,F4_duration_plausibility + F6_solar_strength_ratio + F7_solar_peak_alignment,F4+F6+F7,2310,471,451,944,20,895,0.3232974910394265,0.9575371549893843,0.4833869239013933,0.34955022646683465,0.8556749851455734,0.43335391737714307,2928,630,597,1274,33,1024,0.3190807055050775,0.9476190476190476,0.47740903638544585
60,4,F3_slope_continuity_improvement + F4_duration_plausibility + F5_n_height_ratio + F6_solar_strength_ratio,F3+F4+F5+F6,2310,471,431,894,40,945,0.32528301886792454,0.9150743099787686,0.4799554565701559,0.32288201445867665,0.7594201239936533,0.41025689355879214,2928,630,561,1215,69,1083,0.3158783783783784,0.8904761904761904,0.4663341645885286
108,4,F3_slope_continuity_improvement + F4_duration_plausibility + F6_solar_strength_ratio + F7_solar_peak_alignment,F3+F4+F6+F7,2310,471,414,846,57,993,0.32857142857142857,0.8789808917197452,0.4783362218370884,0.3251702783571609,0.7346337600308188,0.4061837825653475,2928,630,541,1157,89,1141,0.31861012956419316,0.8587301587301587,0.4647766323024055
124,5,F3_slope_continuity_improvement + F4_duration_plausibility + F5_n_height_ratio + F6_solar_strength_ratio + F7_solar_peak_alignment,F3+F4+F5+F6+F7,2310,471,415,859,56,980,0.32574568288854006,0.881104033970276,0.4756446991404012,0.3212534212049475,0.7480268016297428,0.404845663982238,2928,630,544,1158,86,1140,0.3196239717978848,0.8634920634920635,0.4665523156089194
100,3,F3_slope_continuity_improvement + F6_solar_strength_ratio + F7_solar_peak_alignment,F3+F6+F7,2310,471,412,857,59,982,0.32466509062253746,0.8747346072186837,0.4735632183908046,0.3257184761300606,0.7704867779279544,0.4057268068539581,2928,630,548,1155,82,1143,0.3217850851438638,0.8698412698412699,0.4697813973424775
32,1,F6_solar_strength_ratio,F6,2310,471,436,942,35,897,0.3164005805515239,0.9256900212314225,0.4716062736614386,0.35093723176428226,0.8423862150920974,0.4290195998793692,2928,630,581,1266,49,1032,0.31456415809420685,0.9222222222222223,0.4691158659668955
96,2,F6_solar_strength_ratio + F7_solar_peak_alignment,F6+F7,2310,471,436,942,35,897,0.3164005805515239,0.9256900212314225,0.4716062736614386,0.35086352819433947,0.8423862150920974,0.42891940145787866,2928,630,580,1268,50,1030,0.31385281385281383,0.9206349206349206,0.46811945117029863
212,4,F3_slope_continuity_improvement + F5_n_height_ratio + F7_solar_peak_alignment + F8_substation_centered_core_score,F3+F5+F7+F8,2310,471,298,498,173,1341,0.3743718592964824,0.6326963906581741,0.4704025256511445,0.4154272272789402,0.6140638952550717,0.391601760106217,2928,630,376,632,254,1666,0.373015873015873,0.5968253968253968,0.45909645909645913
204,4,F3_slope_continuity_improvement + F4_duration_plausibility + F7_solar_peak_alignment + F8_substation_centered_core_score,F3+F4+F7+F8,2310,471,375,773,96,1066,0.32665505226480834,0.7961783439490446,0.46324891908585547,0.37023696045732246,0.6956984763602411,0.41186532788116414,2928,630,478,986,152,1312,0.32650273224043713,0.7587301587301587,0.45654250238777455
164,3,F3_slope_continuity_improvement + F6_solar_strength_ratio + F8_substation_centered_core_score,F3+F6+F8,2310,471,389,821,82,1018,0.32148760330578513,0.8259023354564756,0.46281975014872095,0.4088635395006005,0.7832840166369578,0.4431269366473163,2928,630,511,1075,119,1223,0.32219419924337955,0.8111111111111111,0.46119133574007226
56,3,F4_duration_plausibility + F5_n_height_ratio + F6_solar_strength_ratio,F4+F5+F6,2310,471,440,993,31,846,0.30704815073272856,0.9341825902335457,0.4621848739495799,0.3134858062386938,0.7320496350055173,0.39461002825146635,2928,630,560,1325,70,973,0.29708222811671087,0.8888888888888888,0.4453280318091451
48,2,F5_n_height_ratio + F6_solar_strength_ratio,F5+F6,2310,471,440,995,31,844,0.30662020905923343,0.9341825902335457,0.4616998950682057,0.3134418346532931,0.7320496350055173,0.3945402219427018,2928,630,560,1327,70,971,0.296767355590885,0.8888888888888888,0.44497417560588004
148,3,F3_slope_continuity_improvement + F5_n_height_ratio + F8_substation_centered_core_score,F3+F5+F8,2310,471,356,717,115,1122,0.3317800559179869,0.7558386411889597,0.461139896373057,0.3732266405422197,0.6807524615906968,0.40233174323651155,2928,630,449,902,181,1396,0.3323464100666173,0.7126984126984127,0.4533064109035841
156,4,F3_slope_continuity_improvement + F4_duration_plausibility + F5_n_height_ratio + F8_substation_centered_core_score,F3+F4+F5+F8,2310,471,355,736,116,1103,0.32538955087076077,0.7537154989384289,0.4545454545454546,0.36952426662737414,0.6601222094898566,0.3987825414018497,2928,630,444,909,186,1389,0.328159645232816,0.7047619047619048,0.44780635400907715
196,3,F3_slope_continuity_improvement + F7_solar_peak_alignment + F8_substation_centered_core_score,F3+F7+F8,2310,471,356,856,115,983,0.29372937293729373,0.7558386411889597,0.4230540701128937,0.3667725399090069,0.7081415839062898,0.3906486226047158,2928,630,464,1066,166,1232,0.3032679738562091,0.7365079365079366,0.4296296296296296
132,2,F3_slope_continuity_improvement + F8_substation_centered_core_score,F3+F8,2310,471,376,936,95,903,0.2865853658536585,0.7983014861995754,0.42176107683679187,0.37612264967350467,0.7329561794414736,0.4132037730982826,2928,630,487,1181,143,1117,0.2919664268585132,0.773015873015873,0.42384682332463014
92,4,F3_slope_continuity_improvement + F4_duration_plausibility + F5_n_height_ratio + F7_solar_peak_alignment,F3+F4+F5+F7,2310,471,437,1257,34,582,0.2579693034238489,0.9278131634819533,0.40369515011547347,0.25552070001566174,0.7763726126814362,0.3492960449149708,2928,630,573,1606,57,692,0.262964662689307,0.9095238095238095,0.4079743681025275
84,3,F3_slope_continuity_improvement + F5_n_height_ratio + F7_solar_peak_alignment,F3+F5+F7,2310,471,406,1138,65,701,0.26295336787564766,0.861995753715499,0.4029776674937965,0.25956173091132584,0.7504857234268999,0.3453674963706901,2928,630,533,1450,97,848,0.2687846696923853,0.846031746031746,0.40796019900497515
140,3,F3_slope_continuity_improvement + F4_duration_plausibility + F8_substation_centered_core_score,F3+F4+F8,2310,471,362,969,109,870,0.27197595792637114,0.7685774946921444,0.4017758046614872,0.36605157597695204,0.7064743867243868,0.39479264228649136,2928,630,470,1192,160,1106,0.28279181708784595,0.746031746031746,0.41012216404886565
76,3,F3_slope_continuity_improvement + F4_duration_plausibility + F7_solar_peak_alignment,F3+F4+F7,2310,471,445,1434,26,405,0.2368281000532198,0.9447983014861996,0.3787234042553192,0.2423149553858512,0.7982451192598252,0.337270913450471,2928,630,591,1818,39,480,0.24533001245330013,0.9380952380952381,0.3889437314906219
68,2,F3_slope_continuity_improvement + F7_solar_peak_alignment,F3+F7,2310,471,421,1335,50,504,0.239749430523918,0.8938428874734607,0.3780871127076785,0.24457961738952855,0.7852764392470275,0.33356581909177907,2928,630,560,1674,70,624,0.25067144136078784,0.8888888888888888,0.3910614525139665
28,3,F3_slope_continuity_improvement + F4_duration_plausibility + F5_n_height_ratio,F3+F4+F5,2310,471,456,1521,15,318,0.2306525037936267,0.9681528662420382,0.37254901960784315,0.2377525217478138,0.7945880932792697,0.33255742114855535,2928,630,600,1919,30,379,0.23818975784041285,0.9523809523809523,0.38107335662114955
4,1,F3_slope_continuity_improvement,F3,2310,471,447,1485,24,354,0.23136645962732919,0.9490445859872612,0.3720349563046192,0.2436625849737031,0.8309227210697799,0.33791107015658706,2928,630,587,1866,43,432,0.2392988177741541,0.9317460317460318,0.3807979240999027
88,3,F4_duration_plausibility + F5_n_height_ratio + F7_solar_peak_alignment,F4+F5+F7,2310,471,442,1465,29,374,0.23177766124803356,0.9384288747346072,0.37174095878889823,0.23055376267037228,0.7367828495034378,0.32082669667620817,2928,630,577,1858,53,440,0.23696098562628337,0.9158730158730158,0.3765089722675367
80,2,F5_n_height_ratio + F7_solar_peak_alignment,F5+F7,2310,471,438,1464,33,375,0.2302839116719243,0.9299363057324841,0.3691529709228824,0.23119481577745238,0.7382343391902215,0.32069394326196443,2928,630,574,1859,56,439,0.23592272914097823,0.9111111111111111,0.3747959516813582
12,2,F3_slope_continuity_improvement + F4_duration_plausibility,F3+F4,2310,471,449,1525,22,314,0.22745694022289767,0.9532908704883227,0.36728016359918203,0.23930102762747224,0.795139914007561,0.33279868155804704,2928,630,593,1915,37,383,0.2364433811802233,0.9412698412698413,0.37794773741236454
20,2,F3_slope_continuity_improvement + F5_n_height_ratio,F3+F5,2310,471,449,1583,22,256,0.22096456692913385,0.9532908704883227,0.35876947662804637,0.23391170272310316,0.8341110751993105,0.32742728970122237,2928,630,595,1994,35,304,0.22981846272692158,0.9444444444444444,0.36968002485243867
24,2,F4_duration_plausibility + F5_n_height_ratio,F4+F5,2310,471,455,1716,16,123,0.20958083832335328,0.9660297239915074,0.3444360333080999,0.22406476715702206,0.7544642857142857,0.31435629172458185,2928,630,595,2146,35,152,0.21707406056183876,0.9444444444444444,0.3530109759715218
16,1,F5_n_height_ratio,F5,2310,471,455,1717,16,122,0.2094843462246777,0.9660297239915074,0.34430571320469167,0.22405077253095845,0.7544642857142857,0.3143327645271416,2928,630,595,2147,35,151,0.21699489423778265,0.9444444444444444,0.35290628706998817
64,1,F7_solar_peak_alignment,F7,2310,471,471,1837,0,2,0.20407279029462738,1.0,0.33897085282475714,0.2266516872676057,0.875,0.3219233979629917,2928,630,630,2295,0,3,0.2153846153846154,1.0,0.35443037974683544
72,2,F4_duration_plausibility + F7_solar_peak_alignment,F4+F7,2310,471,471,1837,0,2,0.20407279029462738,1.0,0.33897085282475714,0.2266516872676057,0.875,0.3219233979629917,2928,630,630,2295,0,3,0.2153846153846154,1.0,0.35443037974683544
8,1,F4_duration_plausibility,F4,2310,471,471,1839,0,0,0.2038961038961039,1.0,0.33872707659115425,0.22661951022811178,0.875,0.3218661220595866,2928,630,630,2298,0,0,0.2151639344262295,1.0,0.35413153456998314
