target_timestamp,data_condition,model,y_reference,y_pred
2024-09-01 00:00:00,raw_uncorrected,data_error_only,7.419762,7.419762
2024-09-01 00:15:00,raw_uncorrected,data_error_only,,
2024-09-01 00:30:00,raw_uncorrected,data_error_only,7.0927,7.0927
2024-09-01 00:45:00,raw_uncorrected,data_error_only,7.0927,7.0927
2024-09-01 01:00:00,raw_uncorrected,data_error_only,7.0927,7.0927
2024-09-01 01:15:00,raw_uncorrected,data_error_only,6.975753,6.975753
2024-09-01 01:30:00,raw_uncorrected,data_error_only,6.45842,6.45842
2024-09-01 01:45:00,raw_uncorrected,data_error_only,6.45842,6.45842
2024-09-01 02:00:00,raw_uncorrected,data_error_only,6.264751,6.264751
2024-09-01 02:15:00,raw_uncorrected,data_error_only,6.264751,6.264751
2024-09-01 02:30:00,raw_uncorrected,data_error_only,6.018404,6.018404
2024-09-01 02:45:00,raw_uncorrected,data_error_only,5.975326,5.975326
2024-09-01 03:00:00,raw_uncorrected,data_error_only,5.975326,5.975326
2024-09-01 03:15:00,raw_uncorrected,data_error_only,5.794437,5.794437
2024-09-01 03:30:00,raw_uncorrected,data_error_only,5.527672,5.527672
2024-09-01 03:45:00,raw_uncorrected,data_error_only,5.527672,5.527672
2024-09-01 04:00:00,raw_uncorrected,data_error_only,5.527672,5.527672
2024-09-01 04:15:00,raw_uncorrected,data_error_only,5.527672,5.527672
2024-09-01 04:30:00,raw_uncorrected,data_error_only,5.502798,5.502798
2024-09-01 04:45:00,raw_uncorrected,data_error_only,5.502798,5.502798
2024-09-01 05:00:00,raw_uncorrected,data_error_only,5.497718,5.497718
2024-09-01 05:15:00,raw_uncorrected,data_error_only,5.497718,5.497718
2024-09-01 05:30:00,raw_uncorrected,data_error_only,5.595233,5.595233
2024-09-01 05:45:00,raw_uncorrected,data_error_only,5.595233,5.595233
2024-09-01 06:00:00,raw_uncorrected,data_error_only,5.595233,5.595233
2024-09-01 06:15:00,raw_uncorrected,data_error_only,5.595233,5.595233
2024-09-01 06:30:00,raw_uncorrected,data_error_only,5.536088,5.536088
2024-09-01 06:45:00,raw_uncorrected,data_error_only,5.536088,5.536088
2024-09-01 07:00:00,raw_uncorrected,data_error_only,4.985183,4.985183
2024-09-01 07:15:00,raw_uncorrected,data_error_only,4.761029,4.761029
2024-09-01 07:30:00,raw_uncorrected,data_error_only,4.087097,4.087097
2024-09-01 07:45:00,raw_uncorrected,data_error_only,3.475191,3.475191
2024-09-01 08:00:00,raw_uncorrected,data_error_only,2.612126,2.612126
2024-09-01 08:15:00,raw_uncorrected,data_error_only,2.292951,2.292951
2024-09-01 08:30:00,raw_uncorrected,data_error_only,1.736174,1.736174
2024-09-01 08:45:00,raw_uncorrected,data_error_only,1.540038,1.540038
2024-09-01 09:00:00,raw_uncorrected,data_error_only,-1.540038,1.540038
2024-09-01 09:15:00,raw_uncorrected,data_error_only,-1.987196,1.987196
2024-09-01 09:30:00,raw_uncorrected,data_error_only,-2.639596,2.639596
2024-09-01 09:45:00,raw_uncorrected,data_error_only,-3.259874,3.259874
2024-09-01 10:00:00,raw_uncorrected,data_error_only,-3.482946,3.482946
2024-09-01 10:15:00,raw_uncorrected,data_error_only,-4.151008,4.151008
2024-09-01 10:30:00,raw_uncorrected,data_error_only,-4.694655,4.694655
2024-09-01 10:45:00,raw_uncorrected,data_error_only,-5.093699,5.093699
2024-09-01 11:00:00,raw_uncorrected,data_error_only,-5.316181,5.316181
2024-09-01 11:15:00,raw_uncorrected,data_error_only,-5.76134,5.76134
2024-09-01 11:30:00,raw_uncorrected,data_error_only,-5.991692,5.991692
2024-09-01 11:45:00,raw_uncorrected,data_error_only,-6.171315,6.171315
2024-09-01 12:00:00,raw_uncorrected,data_error_only,-6.171315,6.171315
2024-09-01 12:15:00,raw_uncorrected,data_error_only,-6.171315,6.171315
2024-09-01 12:30:00,raw_uncorrected,data_error_only,-6.228107,6.228107
2024-09-01 12:45:00,raw_uncorrected,data_error_only,-6.228107,6.228107
2024-09-01 13:00:00,raw_uncorrected,data_error_only,-6.065597,6.065597
2024-09-01 13:15:00,raw_uncorrected,data_error_only,-5.757546,5.757546
2024-09-01 13:30:00,raw_uncorrected,data_error_only,-5.290561,5.290561
2024-09-01 13:45:00,raw_uncorrected,data_error_only,-4.872121,4.872121
2024-09-01 14:00:00,raw_uncorrected,data_error_only,-4.426863,4.426863
2024-09-01 14:15:00,raw_uncorrected,data_error_only,-3.981605,3.981605
2024-09-01 14:30:00,raw_uncorrected,data_error_only,-3.328649,3.328649
2024-09-01 14:45:00,raw_uncorrected,data_error_only,-2.603608,2.603608
2024-09-01 15:00:00,raw_uncorrected,data_error_only,-1.792847,1.792847
2024-09-01 15:15:00,raw_uncorrected,data_error_only,-1.571349,1.571349
2024-09-01 15:30:00,raw_uncorrected,data_error_only,1.792166,1.792166
2024-09-01 15:45:00,raw_uncorrected,data_error_only,2.182104,2.182104
2024-09-01 16:00:00,raw_uncorrected,data_error_only,2.932575,2.932575
2024-09-01 16:15:00,raw_uncorrected,data_error_only,4.017673,4.017673
2024-09-01 16:30:00,raw_uncorrected,data_error_only,5.238444,5.238444
2024-09-01 16:45:00,raw_uncorrected,data_error_only,6.304026,6.304026
2024-09-01 17:00:00,raw_uncorrected,data_error_only,7.35497,7.35497
2024-09-01 17:15:00,raw_uncorrected,data_error_only,8.162086,8.162086
2024-09-01 17:30:00,raw_uncorrected,data_error_only,8.866188,8.866188
2024-09-01 17:45:00,raw_uncorrected,data_error_only,9.372046,9.372046
2024-09-01 18:00:00,raw_uncorrected,data_error_only,9.595905,9.595905
2024-09-01 18:15:00,raw_uncorrected,data_error_only,10.043424,10.043424
2024-09-01 18:30:00,raw_uncorrected,data_error_only,9.914177,9.914177
2024-09-01 18:45:00,raw_uncorrected,data_error_only,9.914177,9.914177
2024-09-01 19:00:00,raw_uncorrected,data_error_only,9.802342,9.802342
2024-09-01 19:15:00,raw_uncorrected,data_error_only,9.587472,9.587472
2024-09-01 19:30:00,raw_uncorrected,data_error_only,9.240528,9.240528
2024-09-01 19:45:00,raw_uncorrected,data_error_only,9.162829,9.162829
2024-09-01 20:00:00,raw_uncorrected,data_error_only,8.955914,8.955914
2024-09-01 20:15:00,raw_uncorrected,data_error_only,8.731466,8.731466
2024-09-01 20:30:00,raw_uncorrected,data_error_only,8.532222,8.532222
2024-09-01 20:45:00,raw_uncorrected,data_error_only,8.532222,8.532222
2024-09-01 21:00:00,raw_uncorrected,data_error_only,8.359114,8.359114
2024-09-01 21:15:00,raw_uncorrected,data_error_only,8.359114,8.359114
2024-09-01 21:30:00,raw_uncorrected,data_error_only,7.835255,7.835255
2024-09-01 21:45:00,raw_uncorrected,data_error_only,7.835255,7.835255
2024-09-01 22:00:00,raw_uncorrected,data_error_only,7.835255,7.835255
2024-09-01 22:15:00,raw_uncorrected,data_error_only,7.835255,7.835255
2024-09-01 22:30:00,raw_uncorrected,data_error_only,7.709251,7.709251
2024-09-01 22:45:00,raw_uncorrected,data_error_only,7.709251,7.709251
2024-09-01 23:00:00,raw_uncorrected,data_error_only,7.605523,7.605523
2024-09-01 23:15:00,raw_uncorrected,data_error_only,7.663249,7.663249
2024-09-01 23:30:00,raw_uncorrected,data_error_only,7.513606,7.513606
2024-09-01 23:45:00,raw_uncorrected,data_error_only,7.19249,7.19249
2024-09-02 00:00:00,raw_uncorrected,data_error_only,7.140671,7.140671
2024-09-02 00:15:00,raw_uncorrected,data_error_only,,
2024-09-02 00:30:00,raw_uncorrected,data_error_only,6.912183,6.912183
2024-09-02 00:45:00,raw_uncorrected,data_error_only,6.868978,6.868978
2024-09-02 01:00:00,raw_uncorrected,data_error_only,6.868978,6.868978
2024-09-02 01:15:00,raw_uncorrected,data_error_only,6.713384,6.713384
2024-09-02 01:30:00,raw_uncorrected,data_error_only,6.317566,6.317566
2024-09-02 01:45:00,raw_uncorrected,data_error_only,6.231127,6.231127
2024-09-02 02:00:00,raw_uncorrected,data_error_only,6.231127,6.231127
2024-09-02 02:15:00,raw_uncorrected,data_error_only,6.231127,6.231127
2024-09-02 02:30:00,raw_uncorrected,data_error_only,5.870005,5.870005
2024-09-02 02:45:00,raw_uncorrected,data_error_only,5.870005,5.870005
2024-09-02 03:00:00,raw_uncorrected,data_error_only,5.870005,5.870005
2024-09-02 03:15:00,raw_uncorrected,data_error_only,5.775211,5.775211
2024-09-02 03:30:00,raw_uncorrected,data_error_only,5.55922,5.55922
2024-09-02 03:45:00,raw_uncorrected,data_error_only,5.55922,5.55922
2024-09-02 04:00:00,raw_uncorrected,data_error_only,5.55922,5.55922
2024-09-02 04:15:00,raw_uncorrected,data_error_only,5.55922,5.55922
2024-09-02 04:30:00,raw_uncorrected,data_error_only,5.557769,5.557769
2024-09-02 04:45:00,raw_uncorrected,data_error_only,5.557769,5.557769
2024-09-02 05:00:00,raw_uncorrected,data_error_only,5.557769,5.557769
2024-09-02 05:15:00,raw_uncorrected,data_error_only,5.757103,5.757103
2024-09-02 05:30:00,raw_uncorrected,data_error_only,6.001531,6.001531
2024-09-02 05:45:00,raw_uncorrected,data_error_only,6.114228,6.114228
2024-09-02 06:00:00,raw_uncorrected,data_error_only,6.424685,6.424685
2024-09-02 06:15:00,raw_uncorrected,data_error_only,6.424685,6.424685
2024-09-02 06:30:00,raw_uncorrected,data_error_only,6.399819,6.399819
2024-09-02 06:45:00,raw_uncorrected,data_error_only,6.399819,6.399819
2024-09-02 07:00:00,raw_uncorrected,data_error_only,5.961478,5.961478
2024-09-02 07:15:00,raw_uncorrected,data_error_only,5.222945,5.222945
2024-09-02 07:30:00,raw_uncorrected,data_error_only,4.316673,4.316673
2024-09-02 07:45:00,raw_uncorrected,data_error_only,3.548848,3.548848
2024-09-02 08:00:00,raw_uncorrected,data_error_only,2.720227,2.720227
2024-09-02 08:15:00,raw_uncorrected,data_error_only,1.853684,1.853684
2024-09-02 08:30:00,raw_uncorrected,data_error_only,1.581858,1.581858
2024-09-02 08:45:00,raw_uncorrected,data_error_only,-1.50444,1.50444
2024-09-02 09:00:00,raw_uncorrected,data_error_only,-1.985861,1.985861
2024-09-02 09:15:00,raw_uncorrected,data_error_only,-2.683851,2.683851
2024-09-02 09:30:00,raw_uncorrected,data_error_only,-3.535526,3.535526
2024-09-02 09:45:00,raw_uncorrected,data_error_only,-4.465232,4.465232
2024-09-02 10:00:00,raw_uncorrected,data_error_only,-5.066738,5.066738
2024-09-02 10:15:00,raw_uncorrected,data_error_only,-5.509536,5.509536
2024-09-02 10:30:00,raw_uncorrected,data_error_only,-6.013331,6.013331
2024-09-02 10:45:00,raw_uncorrected,data_error_only,-6.423495,6.423495
2024-09-02 11:00:00,raw_uncorrected,data_error_only,-6.86826,6.86826
2024-09-02 11:15:00,raw_uncorrected,data_error_only,-7.090545,7.090545
2024-09-02 11:30:00,raw_uncorrected,data_error_only,-7.130858,7.130858
2024-09-02 11:45:00,raw_uncorrected,data_error_only,-7.258991,7.258991
2024-09-02 12:00:00,raw_uncorrected,data_error_only,-7.258991,7.258991
2024-09-02 12:15:00,raw_uncorrected,data_error_only,-7.036903,7.036903
2024-09-02 12:30:00,raw_uncorrected,data_error_only,-7.102094,7.102094
2024-09-02 12:45:00,raw_uncorrected,data_error_only,-6.931407,6.931407
2024-09-02 13:00:00,raw_uncorrected,data_error_only,-6.931407,6.931407
2024-09-02 13:15:00,raw_uncorrected,data_error_only,-6.410686,6.410686
2024-09-02 13:30:00,raw_uncorrected,data_error_only,-6.069425,6.069425
2024-09-02 13:45:00,raw_uncorrected,data_error_only,-5.746445,5.746445
2024-09-02 14:00:00,raw_uncorrected,data_error_only,-5.21118,5.21118
2024-09-02 14:15:00,raw_uncorrected,data_error_only,-4.483561,4.483561
2024-09-02 14:30:00,raw_uncorrected,data_error_only,-3.810072,3.810072
2024-09-02 14:45:00,raw_uncorrected,data_error_only,-3.201528,3.201528
2024-09-02 15:00:00,raw_uncorrected,data_error_only,-2.530155,2.530155
2024-09-02 15:15:00,raw_uncorrected,data_error_only,-1.95416,1.95416
2024-09-02 15:30:00,raw_uncorrected,data_error_only,-1.507167,1.507167
2024-09-02 15:45:00,raw_uncorrected,data_error_only,1.507167,1.507167
2024-09-02 16:00:00,raw_uncorrected,data_error_only,2.222536,2.222536
2024-09-02 16:15:00,raw_uncorrected,data_error_only,3.320088,3.320088
2024-09-02 16:30:00,raw_uncorrected,data_error_only,4.5355,4.5355
2024-09-02 16:45:00,raw_uncorrected,data_error_only,5.636723,5.636723
2024-09-02 17:00:00,raw_uncorrected,data_error_only,6.977897,6.977897
2024-09-02 17:15:00,raw_uncorrected,data_error_only,8.051849,8.051849
2024-09-02 17:30:00,raw_uncorrected,data_error_only,8.885612,8.885612
2024-09-02 17:45:00,raw_uncorrected,data_error_only,9.542776,9.542776
2024-09-02 18:00:00,raw_uncorrected,data_error_only,10.074515,10.074515
2024-09-02 18:15:00,raw_uncorrected,data_error_only,10.074515,10.074515
2024-09-02 18:30:00,raw_uncorrected,data_error_only,10.143349,10.143349
2024-09-02 18:45:00,raw_uncorrected,data_error_only,9.918803,9.918803
2024-09-02 19:00:00,raw_uncorrected,data_error_only,9.616796,9.616796
2024-09-02 19:15:00,raw_uncorrected,data_error_only,9.616796,9.616796
2024-09-02 19:30:00,raw_uncorrected,data_error_only,9.298083,9.298083
2024-09-02 19:45:00,raw_uncorrected,data_error_only,9.177682,9.177682
2024-09-02 20:00:00,raw_uncorrected,data_error_only,9.177682,9.177682
2024-09-02 20:15:00,raw_uncorrected,data_error_only,8.688437,8.688437
2024-09-02 20:30:00,raw_uncorrected,data_error_only,8.588947,8.588947
2024-09-02 20:45:00,raw_uncorrected,data_error_only,8.459795,8.459795
2024-09-02 21:00:00,raw_uncorrected,data_error_only,8.459795,8.459795
2024-09-02 21:15:00,raw_uncorrected,data_error_only,8.244736,8.244736
2024-09-02 21:30:00,raw_uncorrected,data_error_only,7.886482,7.886482
2024-09-02 21:45:00,raw_uncorrected,data_error_only,7.808847,7.808847
2024-09-02 22:00:00,raw_uncorrected,data_error_only,7.808847,7.808847
2024-09-02 22:15:00,raw_uncorrected,data_error_only,8.266483,8.266483
2024-09-02 22:30:00,raw_uncorrected,data_error_only,7.981574,7.981574
2024-09-02 22:45:00,raw_uncorrected,data_error_only,7.929837,7.929837
2024-09-02 23:00:00,raw_uncorrected,data_error_only,7.809189,7.809189
2024-09-02 23:15:00,raw_uncorrected,data_error_only,8.033245,8.033245
2024-09-02 23:30:00,raw_uncorrected,data_error_only,7.712044,7.712044
2024-09-02 23:45:00,raw_uncorrected,data_error_only,7.712044,7.712044
2024-09-03 00:00:00,raw_uncorrected,data_error_only,7.712044,7.712044
2024-09-03 00:15:00,raw_uncorrected,data_error_only,3.731378,3.731378
2024-09-03 00:30:00,raw_uncorrected,data_error_only,7.401765,7.401765
2024-09-03 00:45:00,raw_uncorrected,data_error_only,7.324402,7.324402
2024-09-03 01:00:00,raw_uncorrected,data_error_only,7.39531,7.39531
2024-09-03 01:15:00,raw_uncorrected,data_error_only,7.186946,7.186946
2024-09-03 01:30:00,raw_uncorrected,data_error_only,6.709822,6.709822
2024-09-03 01:45:00,raw_uncorrected,data_error_only,6.649291,6.649291
2024-09-03 02:00:00,raw_uncorrected,data_error_only,6.649291,6.649291
2024-09-03 02:15:00,raw_uncorrected,data_error_only,6.653832,6.653832
2024-09-03 02:30:00,raw_uncorrected,data_error_only,6.263836,6.263836
2024-09-03 02:45:00,raw_uncorrected,data_error_only,6.246365,6.246365
2024-09-03 03:00:00,raw_uncorrected,data_error_only,6.083713,6.083713
2024-09-03 03:15:00,raw_uncorrected,data_error_only,6.083713,6.083713
2024-09-03 03:30:00,raw_uncorrected,data_error_only,5.921563,5.921563
2024-09-03 03:45:00,raw_uncorrected,data_error_only,5.800821,5.800821
2024-09-03 04:00:00,raw_uncorrected,data_error_only,5.800821,5.800821
2024-09-03 04:15:00,raw_uncorrected,data_error_only,5.800821,5.800821
2024-09-03 04:30:00,raw_uncorrected,data_error_only,5.730634,5.730634
2024-09-03 04:45:00,raw_uncorrected,data_error_only,5.730634,5.730634
2024-09-03 05:00:00,raw_uncorrected,data_error_only,5.730634,5.730634
2024-09-03 05:15:00,raw_uncorrected,data_error_only,6.239014,6.239014
2024-09-03 05:30:00,raw_uncorrected,data_error_only,6.322711,6.322711
2024-09-03 05:45:00,raw_uncorrected,data_error_only,6.661918,6.661918
2024-09-03 06:00:00,raw_uncorrected,data_error_only,6.883875,6.883875
2024-09-03 06:15:00,raw_uncorrected,data_error_only,6.920828,6.920828
2024-09-03 06:30:00,raw_uncorrected,data_error_only,7.037734,7.037734
2024-09-03 06:45:00,raw_uncorrected,data_error_only,7.037734,7.037734
2024-09-03 07:00:00,raw_uncorrected,data_error_only,6.495311,6.495311
2024-09-03 07:15:00,raw_uncorrected,data_error_only,5.948001,5.948001
2024-09-03 07:30:00,raw_uncorrected,data_error_only,5.074307,5.074307
2024-09-03 07:45:00,raw_uncorrected,data_error_only,4.256625,4.256625
2024-09-03 08:00:00,raw_uncorrected,data_error_only,3.152997,3.152997
2024-09-03 08:15:00,raw_uncorrected,data_error_only,2.147538,2.147538
2024-09-03 08:30:00,raw_uncorrected,data_error_only,-1.583206,1.583206
2024-09-03 08:45:00,raw_uncorrected,data_error_only,-1.625447,1.625447
2024-09-03 09:00:00,raw_uncorrected,data_error_only,-2.197311,2.197311
2024-09-03 09:15:00,raw_uncorrected,data_error_only,-2.758214,2.758214
2024-09-03 09:30:00,raw_uncorrected,data_error_only,-3.748156,3.748156
2024-09-03 09:45:00,raw_uncorrected,data_error_only,-4.505136,4.505136
2024-09-03 10:00:00,raw_uncorrected,data_error_only,-5.190559,5.190559
2024-09-03 10:15:00,raw_uncorrected,data_error_only,-5.731193,5.731193
2024-09-03 10:30:00,raw_uncorrected,data_error_only,-6.338033,6.338033
2024-09-03 10:45:00,raw_uncorrected,data_error_only,-6.827823,6.827823
2024-09-03 11:00:00,raw_uncorrected,data_error_only,-6.811159,6.811159
2024-09-03 11:15:00,raw_uncorrected,data_error_only,-6.811159,6.811159
2024-09-03 11:30:00,raw_uncorrected,data_error_only,-7.311727,7.311727
2024-09-03 11:45:00,raw_uncorrected,data_error_only,-7.311727,7.311727
2024-09-03 12:00:00,raw_uncorrected,data_error_only,-7.311727,7.311727
2024-09-03 12:15:00,raw_uncorrected,data_error_only,-7.311727,7.311727
2024-09-03 12:30:00,raw_uncorrected,data_error_only,-7.391595,7.391595
2024-09-03 12:45:00,raw_uncorrected,data_error_only,-7.391595,7.391595
2024-09-03 13:00:00,raw_uncorrected,data_error_only,-7.391595,7.391595
2024-09-03 13:15:00,raw_uncorrected,data_error_only,-7.08368,7.08368
2024-09-03 13:30:00,raw_uncorrected,data_error_only,-6.680049,6.680049
2024-09-03 13:45:00,raw_uncorrected,data_error_only,-6.414937,6.414937
2024-09-03 14:00:00,raw_uncorrected,data_error_only,-5.970172,5.970172
2024-09-03 14:15:00,raw_uncorrected,data_error_only,-5.525406,5.525406
2024-09-03 14:30:00,raw_uncorrected,data_error_only,-4.89355,4.89355
2024-09-03 14:45:00,raw_uncorrected,data_error_only,-4.274619,4.274619
2024-09-03 15:00:00,raw_uncorrected,data_error_only,-3.489404,3.489404
2024-09-03 15:15:00,raw_uncorrected,data_error_only,-2.700549,2.700549
2024-09-03 15:30:00,raw_uncorrected,data_error_only,-2.113416,2.113416
2024-09-03 15:45:00,raw_uncorrected,data_error_only,-1.94862,1.94862
2024-09-03 16:00:00,raw_uncorrected,data_error_only,1.97598,1.97598
2024-09-03 16:15:00,raw_uncorrected,data_error_only,2.832183,2.832183
2024-09-03 16:30:00,raw_uncorrected,data_error_only,4.198772,4.198772
2024-09-03 16:45:00,raw_uncorrected,data_error_only,5.408571,5.408571
2024-09-03 17:00:00,raw_uncorrected,data_error_only,6.756113,6.756113
2024-09-03 17:15:00,raw_uncorrected,data_error_only,7.905604,7.905604
2024-09-03 17:30:00,raw_uncorrected,data_error_only,8.904406,8.904406
2024-09-03 17:45:00,raw_uncorrected,data_error_only,9.857162,9.857162
2024-09-03 18:00:00,raw_uncorrected,data_error_only,10.722673,10.722673
2024-09-03 18:15:00,raw_uncorrected,data_error_only,10.947909,10.947909
2024-09-03 18:30:00,raw_uncorrected,data_error_only,11.17635,11.17635
2024-09-03 18:45:00,raw_uncorrected,data_error_only,10.967315,10.967315
2024-09-03 19:00:00,raw_uncorrected,data_error_only,10.967315,10.967315
2024-09-03 19:15:00,raw_uncorrected,data_error_only,10.734234,10.734234
2024-09-03 19:30:00,raw_uncorrected,data_error_only,10.687222,10.687222
2024-09-03 19:45:00,raw_uncorrected,data_error_only,10.55777,10.55777
2024-09-03 20:00:00,raw_uncorrected,data_error_only,10.55777,10.55777
2024-09-03 20:15:00,raw_uncorrected,data_error_only,10.065691,10.065691
2024-09-03 20:30:00,raw_uncorrected,data_error_only,10.025168,10.025168
2024-09-03 20:45:00,raw_uncorrected,data_error_only,9.89524,9.89524
2024-09-03 21:00:00,raw_uncorrected,data_error_only,9.89524,9.89524
2024-09-03 21:15:00,raw_uncorrected,data_error_only,9.660933,9.660933
2024-09-03 21:30:00,raw_uncorrected,data_error_only,9.305013,9.305013
2024-09-03 21:45:00,raw_uncorrected,data_error_only,9.192733,9.192733
2024-09-03 22:00:00,raw_uncorrected,data_error_only,8.925373,8.925373
2024-09-03 22:15:00,raw_uncorrected,data_error_only,9.373384,9.373384
2024-09-03 22:30:00,raw_uncorrected,data_error_only,9.17068,9.17068
2024-09-03 22:45:00,raw_uncorrected,data_error_only,9.101928,9.101928
2024-09-03 23:00:00,raw_uncorrected,data_error_only,8.90416,8.90416
2024-09-03 23:15:00,raw_uncorrected,data_error_only,8.90416,8.90416
2024-09-03 23:30:00,raw_uncorrected,data_error_only,8.621315,8.621315
2024-09-03 23:45:00,raw_uncorrected,data_error_only,8.681816,8.681816
2024-09-04 00:00:00,raw_uncorrected,data_error_only,8.681816,8.681816
2024-09-04 00:15:00,raw_uncorrected,data_error_only,,
2024-09-04 00:30:00,raw_uncorrected,data_error_only,8.430261,8.430261
2024-09-04 00:45:00,raw_uncorrected,data_error_only,8.334581,8.334581
2024-09-04 01:00:00,raw_uncorrected,data_error_only,8.334581,8.334581
2024-09-04 01:15:00,raw_uncorrected,data_error_only,8.109021,8.109021
2024-09-04 01:30:00,raw_uncorrected,data_error_only,7.58906,7.58906
2024-09-04 01:45:00,raw_uncorrected,data_error_only,7.341726,7.341726
2024-09-04 02:00:00,raw_uncorrected,data_error_only,7.341726,7.341726
2024-09-04 02:15:00,raw_uncorrected,data_error_only,7.11826,7.11826
2024-09-04 02:30:00,raw_uncorrected,data_error_only,6.745117,6.745117
2024-09-04 02:45:00,raw_uncorrected,data_error_only,6.745117,6.745117
2024-09-04 03:00:00,raw_uncorrected,data_error_only,6.658859,6.658859
2024-09-04 03:15:00,raw_uncorrected,data_error_only,6.658859,6.658859
2024-09-04 03:30:00,raw_uncorrected,data_error_only,6.460384,6.460384
2024-09-04 03:45:00,raw_uncorrected,data_error_only,6.460384,6.460384
2024-09-04 04:00:00,raw_uncorrected,data_error_only,6.40879,6.40879
2024-09-04 04:15:00,raw_uncorrected,data_error_only,6.40879,6.40879
2024-09-04 04:30:00,raw_uncorrected,data_error_only,6.586691,6.586691
2024-09-04 04:45:00,raw_uncorrected,data_error_only,6.586691,6.586691
2024-09-04 05:00:00,raw_uncorrected,data_error_only,6.707502,6.707502
2024-09-04 05:15:00,raw_uncorrected,data_error_only,7.147765,7.147765
2024-09-04 05:30:00,raw_uncorrected,data_error_only,7.331725,7.331725
2024-09-04 05:45:00,raw_uncorrected,data_error_only,7.79379,7.79379
2024-09-04 06:00:00,raw_uncorrected,data_error_only,8.284285,8.284285
2024-09-04 06:15:00,raw_uncorrected,data_error_only,8.768672,8.768672
2024-09-04 06:30:00,raw_uncorrected,data_error_only,9.008729,9.008729
2024-09-04 06:45:00,raw_uncorrected,data_error_only,9.008729,9.008729
2024-09-04 07:00:00,raw_uncorrected,data_error_only,8.477732,8.477732
2024-09-04 07:15:00,raw_uncorrected,data_error_only,7.928161,7.928161
2024-09-04 07:30:00,raw_uncorrected,data_error_only,7.111864,7.111864
2024-09-04 07:45:00,raw_uncorrected,data_error_only,6.275423,6.275423
2024-09-04 08:00:00,raw_uncorrected,data_error_only,5.014544,5.014544
2024-09-04 08:15:00,raw_uncorrected,data_error_only,4.894676,4.894676
2024-09-04 08:30:00,raw_uncorrected,data_error_only,2.969365,2.969365
2024-09-04 08:45:00,raw_uncorrected,data_error_only,1.493849,1.493849
2024-09-04 09:00:00,raw_uncorrected,data_error_only,-1.493849,1.493849
2024-09-04 09:15:00,raw_uncorrected,data_error_only,-1.761416,1.761416
2024-09-04 09:30:00,raw_uncorrected,data_error_only,-2.56582,2.56582
2024-09-04 09:45:00,raw_uncorrected,data_error_only,-3.380482,3.380482
2024-09-04 10:00:00,raw_uncorrected,data_error_only,-4.221523,4.221523
2024-09-04 10:15:00,raw_uncorrected,data_error_only,-4.862457,4.862457
2024-09-04 10:30:00,raw_uncorrected,data_error_only,-5.623912,5.623912
2024-09-04 10:45:00,raw_uncorrected,data_error_only,-6.173283,6.173283
2024-09-04 11:00:00,raw_uncorrected,data_error_only,-6.395077,6.395077
2024-09-04 11:15:00,raw_uncorrected,data_error_only,-6.597159,6.597159
2024-09-04 11:30:00,raw_uncorrected,data_error_only,-6.79668,6.79668
2024-09-04 11:45:00,raw_uncorrected,data_error_only,-6.79668,6.79668
2024-09-04 12:00:00,raw_uncorrected,data_error_only,-6.79668,6.79668
2024-09-04 12:15:00,raw_uncorrected,data_error_only,-6.79668,6.79668
2024-09-04 12:30:00,raw_uncorrected,data_error_only,-6.942981,6.942981
2024-09-04 12:45:00,raw_uncorrected,data_error_only,-6.942981,6.942981
2024-09-04 13:00:00,raw_uncorrected,data_error_only,-6.712354,6.712354
2024-09-04 13:15:00,raw_uncorrected,data_error_only,-6.712354,6.712354
2024-09-04 13:30:00,raw_uncorrected,data_error_only,-6.28449,6.28449
2024-09-04 13:45:00,raw_uncorrected,data_error_only,-5.960907,5.960907
2024-09-04 14:00:00,raw_uncorrected,data_error_only,-5.73882,5.73882
2024-09-04 14:15:00,raw_uncorrected,data_error_only,-5.227474,5.227474
2024-09-04 14:30:00,raw_uncorrected,data_error_only,-4.393119,4.393119
2024-09-04 14:45:00,raw_uncorrected,data_error_only,-3.622981,3.622981
2024-09-04 15:00:00,raw_uncorrected,data_error_only,-2.951506,2.951506
2024-09-04 15:15:00,raw_uncorrected,data_error_only,-2.243254,2.243254
2024-09-04 15:30:00,raw_uncorrected,data_error_only,-1.627381,1.627381
2024-09-04 15:45:00,raw_uncorrected,data_error_only,1.627381,1.627381
2024-09-04 16:00:00,raw_uncorrected,data_error_only,1.973369,1.973369
2024-09-04 16:15:00,raw_uncorrected,data_error_only,2.931277,2.931277
2024-09-04 16:30:00,raw_uncorrected,data_error_only,4.11594,4.11594
2024-09-04 16:45:00,raw_uncorrected,data_error_only,5.23316,5.23316
2024-09-04 17:00:00,raw_uncorrected,data_error_only,6.600922,6.600922
2024-09-04 17:15:00,raw_uncorrected,data_error_only,7.647428,7.647428
2024-09-04 17:30:00,raw_uncorrected,data_error_only,8.615323,8.615323
2024-09-04 17:45:00,raw_uncorrected,data_error_only,9.115673,9.115673
2024-09-04 18:00:00,raw_uncorrected,data_error_only,9.713323,9.713323
2024-09-04 18:15:00,raw_uncorrected,data_error_only,10.458452,10.458452
2024-09-04 18:30:00,raw_uncorrected,data_error_only,10.439684,10.439684
2024-09-04 18:45:00,raw_uncorrected,data_error_only,10.335481,10.335481
2024-09-04 19:00:00,raw_uncorrected,data_error_only,10.118625,10.118625
2024-09-04 19:15:00,raw_uncorrected,data_error_only,9.892898,9.892898
2024-09-04 19:30:00,raw_uncorrected,data_error_only,9.845066,9.845066
2024-09-04 19:45:00,raw_uncorrected,data_error_only,9.714781,9.714781
2024-09-04 20:00:00,raw_uncorrected,data_error_only,9.714781,9.714781
2024-09-04 20:15:00,raw_uncorrected,data_error_only,9.714781,9.714781
2024-09-04 20:30:00,raw_uncorrected,data_error_only,9.34998,9.34998
2024-09-04 20:45:00,raw_uncorrected,data_error_only,9.254137,9.254137
2024-09-04 21:00:00,raw_uncorrected,data_error_only,9.029574,9.029574
2024-09-04 21:15:00,raw_uncorrected,data_error_only,9.029574,9.029574
2024-09-04 21:30:00,raw_uncorrected,data_error_only,8.658407,8.658407
2024-09-04 21:45:00,raw_uncorrected,data_error_only,8.658407,8.658407
2024-09-04 22:00:00,raw_uncorrected,data_error_only,8.443239,8.443239
2024-09-04 22:15:00,raw_uncorrected,data_error_only,8.651213,8.651213
2024-09-04 22:30:00,raw_uncorrected,data_error_only,8.591019,8.591019
2024-09-04 22:45:00,raw_uncorrected,data_error_only,8.591019,8.591019
2024-09-04 23:00:00,raw_uncorrected,data_error_only,8.462097,8.462097
2024-09-04 23:15:00,raw_uncorrected,data_error_only,8.462097,8.462097
2024-09-04 23:30:00,raw_uncorrected,data_error_only,8.290891,8.290891
2024-09-04 23:45:00,raw_uncorrected,data_error_only,8.21347,8.21347
2024-09-05 00:00:00,raw_uncorrected,data_error_only,8.015616,8.015616
2024-09-05 00:15:00,raw_uncorrected,data_error_only,,
2024-09-05 00:30:00,raw_uncorrected,data_error_only,7.741354,7.741354
2024-09-05 00:45:00,raw_uncorrected,data_error_only,7.595038,7.595038
2024-09-05 01:00:00,raw_uncorrected,data_error_only,7.595038,7.595038
2024-09-05 01:15:00,raw_uncorrected,data_error_only,7.595038,7.595038
2024-09-05 01:30:00,raw_uncorrected,data_error_only,7.112716,7.112716
2024-09-05 01:45:00,raw_uncorrected,data_error_only,6.94132,6.94132
2024-09-05 02:00:00,raw_uncorrected,data_error_only,6.700363,6.700363
2024-09-05 02:15:00,raw_uncorrected,data_error_only,6.700363,6.700363
2024-09-05 02:30:00,raw_uncorrected,data_error_only,6.306795,6.306795
2024-09-05 02:45:00,raw_uncorrected,data_error_only,6.306795,6.306795
2024-09-05 03:00:00,raw_uncorrected,data_error_only,6.306795,6.306795
2024-09-05 03:15:00,raw_uncorrected,data_error_only,6.228924,6.228924
2024-09-05 03:30:00,raw_uncorrected,data_error_only,5.984656,5.984656
2024-09-05 03:45:00,raw_uncorrected,data_error_only,5.984656,5.984656
2024-09-05 04:00:00,raw_uncorrected,data_error_only,5.984656,5.984656
2024-09-05 04:15:00,raw_uncorrected,data_error_only,5.984656,5.984656
2024-09-05 04:30:00,raw_uncorrected,data_error_only,6.093295,6.093295
2024-09-05 04:45:00,raw_uncorrected,data_error_only,6.093295,6.093295
2024-09-05 05:00:00,raw_uncorrected,data_error_only,6.22273,6.22273
2024-09-05 05:15:00,raw_uncorrected,data_error_only,6.22273,6.22273
2024-09-05 05:30:00,raw_uncorrected,data_error_only,6.609937,6.609937
2024-09-05 05:45:00,raw_uncorrected,data_error_only,6.918842,6.918842
2024-09-05 06:00:00,raw_uncorrected,data_error_only,7.143093,7.143093
2024-09-05 06:15:00,raw_uncorrected,data_error_only,7.367443,7.367443
2024-09-05 06:30:00,raw_uncorrected,data_error_only,7.53643,7.53643
2024-09-05 06:45:00,raw_uncorrected,data_error_only,7.355073,7.355073
2024-09-05 07:00:00,raw_uncorrected,data_error_only,6.899144,6.899144
2024-09-05 07:15:00,raw_uncorrected,data_error_only,6.28997,6.28997
2024-09-05 07:30:00,raw_uncorrected,data_error_only,5.341468,5.341468
2024-09-05 07:45:00,raw_uncorrected,data_error_only,4.562096,4.562096
2024-09-05 08:00:00,raw_uncorrected,data_error_only,3.474972,3.474972
2024-09-05 08:15:00,raw_uncorrected,data_error_only,2.371624,2.371624
2024-09-05 08:30:00,raw_uncorrected,data_error_only,1.789617,1.789617
2024-09-05 08:45:00,raw_uncorrected,data_error_only,-1.721083,1.721083
2024-09-05 09:00:00,raw_uncorrected,data_error_only,-1.943761,1.943761
2024-09-05 09:15:00,raw_uncorrected,data_error_only,-2.414178,2.414178
2024-09-05 09:30:00,raw_uncorrected,data_error_only,-3.187053,3.187053
2024-09-05 09:45:00,raw_uncorrected,data_error_only,-4.220487,4.220487
2024-09-05 10:00:00,raw_uncorrected,data_error_only,-4.880392,4.880392
2024-09-05 10:15:00,raw_uncorrected,data_error_only,-4.768333,4.768333
2024-09-05 10:30:00,raw_uncorrected,data_error_only,-4.590696,4.590696
2024-09-05 10:45:00,raw_uncorrected,data_error_only,-6.138558,6.138558
2024-09-05 11:00:00,raw_uncorrected,data_error_only,-6.596123,6.596123
2024-09-05 11:15:00,raw_uncorrected,data_error_only,-6.941017,6.941017
2024-09-05 11:30:00,raw_uncorrected,data_error_only,-7.05173,7.05173
2024-09-05 11:45:00,raw_uncorrected,data_error_only,-7.05173,7.05173
2024-09-05 12:00:00,raw_uncorrected,data_error_only,-7.05173,7.05173
2024-09-05 12:15:00,raw_uncorrected,data_error_only,-7.208405,7.208405
2024-09-05 12:30:00,raw_uncorrected,data_error_only,-7.067687,7.067687
2024-09-05 12:45:00,raw_uncorrected,data_error_only,-7.067687,7.067687
2024-09-05 13:00:00,raw_uncorrected,data_error_only,-6.829364,6.829364
2024-09-05 13:15:00,raw_uncorrected,data_error_only,-6.609536,6.609536
2024-09-05 13:30:00,raw_uncorrected,data_error_only,-6.405439,6.405439
2024-09-05 13:45:00,raw_uncorrected,data_error_only,-5.938485,5.938485
2024-09-05 14:00:00,raw_uncorrected,data_error_only,-5.344695,5.344695
2024-09-05 14:15:00,raw_uncorrected,data_error_only,-4.852574,4.852574
2024-09-05 14:30:00,raw_uncorrected,data_error_only,-4.390971,4.390971
2024-09-05 14:45:00,raw_uncorrected,data_error_only,-3.707155,3.707155
2024-09-05 15:00:00,raw_uncorrected,data_error_only,-2.824399,2.824399
2024-09-05 15:15:00,raw_uncorrected,data_error_only,-1.959757,1.959757
2024-09-05 15:30:00,raw_uncorrected,data_error_only,-1.771686,1.771686
2024-09-05 15:45:00,raw_uncorrected,data_error_only,1.771686,1.771686
2024-09-05 16:00:00,raw_uncorrected,data_error_only,2.388745,2.388745
2024-09-05 16:15:00,raw_uncorrected,data_error_only,3.310628,3.310628
2024-09-05 16:30:00,raw_uncorrected,data_error_only,4.519634,4.519634
2024-09-05 16:45:00,raw_uncorrected,data_error_only,5.746469,5.746469
2024-09-05 17:00:00,raw_uncorrected,data_error_only,6.823561,6.823561
2024-09-05 17:15:00,raw_uncorrected,data_error_only,7.818857,7.818857
2024-09-05 17:30:00,raw_uncorrected,data_error_only,8.474007,8.474007
2024-09-05 17:45:00,raw_uncorrected,data_error_only,9.052989,9.052989
2024-09-05 18:00:00,raw_uncorrected,data_error_only,9.593594,9.593594
2024-09-05 18:15:00,raw_uncorrected,data_error_only,9.938159,9.938159
2024-09-05 18:30:00,raw_uncorrected,data_error_only,9.938159,9.938159
2024-09-05 18:45:00,raw_uncorrected,data_error_only,9.938159,9.938159
2024-09-05 19:00:00,raw_uncorrected,data_error_only,9.938159,9.938159
2024-09-05 19:15:00,raw_uncorrected,data_error_only,9.418538,9.418538
2024-09-05 19:30:00,raw_uncorrected,data_error_only,9.418538,9.418538
2024-09-05 19:45:00,raw_uncorrected,data_error_only,9.418538,9.418538
2024-09-05 20:00:00,raw_uncorrected,data_error_only,9.221658,9.221658
2024-09-05 20:15:00,raw_uncorrected,data_error_only,8.809461,8.809461
2024-09-05 20:30:00,raw_uncorrected,data_error_only,8.809461,8.809461
2024-09-05 20:45:00,raw_uncorrected,data_error_only,8.704648,8.704648
2024-09-05 21:00:00,raw_uncorrected,data_error_only,8.455399,8.455399
2024-09-05 21:15:00,raw_uncorrected,data_error_only,8.176553,8.176553
2024-09-05 21:30:00,raw_uncorrected,data_error_only,8.021637,8.021637
2024-09-05 21:45:00,raw_uncorrected,data_error_only,8.021637,8.021637
2024-09-05 22:00:00,raw_uncorrected,data_error_only,7.795482,7.795482
2024-09-05 22:15:00,raw_uncorrected,data_error_only,8.29908,8.29908
2024-09-05 22:30:00,raw_uncorrected,data_error_only,8.29908,8.29908
2024-09-05 22:45:00,raw_uncorrected,data_error_only,8.082186,8.082186
2024-09-05 23:00:00,raw_uncorrected,data_error_only,7.77149,7.77149
2024-09-05 23:15:00,raw_uncorrected,data_error_only,7.817818,7.817818
2024-09-05 23:30:00,raw_uncorrected,data_error_only,7.884801,7.884801
2024-09-05 23:45:00,raw_uncorrected,data_error_only,7.702403,7.702403
2024-09-06 00:00:00,raw_uncorrected,data_error_only,7.702403,7.702403
2024-09-06 00:15:00,raw_uncorrected,data_error_only,7.648982,7.648982
2024-09-06 00:30:00,raw_uncorrected,data_error_only,7.648982,7.648982
2024-09-06 00:45:00,raw_uncorrected,data_error_only,7.450948,7.450948
2024-09-06 01:00:00,raw_uncorrected,data_error_only,7.450948,7.450948
2024-09-06 01:15:00,raw_uncorrected,data_error_only,7.088593,7.088593
2024-09-06 01:30:00,raw_uncorrected,data_error_only,6.703239,6.703239
2024-09-06 01:45:00,raw_uncorrected,data_error_only,6.477495,6.477495
2024-09-06 02:00:00,raw_uncorrected,data_error_only,6.477495,6.477495
2024-09-06 02:15:00,raw_uncorrected,data_error_only,6.197446,6.197446
2024-09-06 02:30:00,raw_uncorrected,data_error_only,6.016555,6.016555
2024-09-06 02:45:00,raw_uncorrected,data_error_only,6.016555,6.016555
2024-09-06 03:00:00,raw_uncorrected,data_error_only,6.016555,6.016555
2024-09-06 03:15:00,raw_uncorrected,data_error_only,5.663071,5.663071
2024-09-06 03:30:00,raw_uncorrected,data_error_only,5.663071,5.663071
2024-09-06 03:45:00,raw_uncorrected,data_error_only,5.663071,5.663071
2024-09-06 04:00:00,raw_uncorrected,data_error_only,5.568149,5.568149
2024-09-06 04:15:00,raw_uncorrected,data_error_only,5.687736,5.687736
2024-09-06 04:30:00,raw_uncorrected,data_error_only,5.687736,5.687736
2024-09-06 04:45:00,raw_uncorrected,data_error_only,5.687736,5.687736
2024-09-06 05:00:00,raw_uncorrected,data_error_only,5.808701,5.808701
2024-09-06 05:15:00,raw_uncorrected,data_error_only,6.010384,6.010384
2024-09-06 05:30:00,raw_uncorrected,data_error_only,6.010384,6.010384
2024-09-06 05:45:00,raw_uncorrected,data_error_only,6.215037,6.215037
2024-09-06 06:00:00,raw_uncorrected,data_error_only,6.444706,6.444706
2024-09-06 06:15:00,raw_uncorrected,data_error_only,6.704375,6.704375
2024-09-06 06:30:00,raw_uncorrected,data_error_only,6.704375,6.704375
2024-09-06 06:45:00,raw_uncorrected,data_error_only,6.486257,6.486257
2024-09-06 07:00:00,raw_uncorrected,data_error_only,5.879406,5.879406
2024-09-06 07:15:00,raw_uncorrected,data_error_only,5.158549,5.158549
2024-09-06 07:30:00,raw_uncorrected,data_error_only,4.563061,4.563061
2024-09-06 07:45:00,raw_uncorrected,data_error_only,3.770299,3.770299
2024-09-06 08:00:00,raw_uncorrected,data_error_only,2.90342,2.90342
2024-09-06 08:15:00,raw_uncorrected,data_error_only,2.154447,2.154447
2024-09-06 08:30:00,raw_uncorrected,data_error_only,1.752155,1.752155
2024-09-06 08:45:00,raw_uncorrected,data_error_only,-1.752155,1.752155
2024-09-06 09:00:00,raw_uncorrected,data_error_only,-1.975522,1.975522
2024-09-06 09:15:00,raw_uncorrected,data_error_only,-2.903457,2.903457
2024-09-06 09:30:00,raw_uncorrected,data_error_only,-3.17859,3.17859
2024-09-06 09:45:00,raw_uncorrected,data_error_only,-3.990378,3.990378
2024-09-06 10:00:00,raw_uncorrected,data_error_only,-4.655329,4.655329
2024-09-06 10:15:00,raw_uncorrected,data_error_only,-4.783112,4.783112
2024-09-06 10:30:00,raw_uncorrected,data_error_only,-5.60413,5.60413
2024-09-06 10:45:00,raw_uncorrected,data_error_only,-5.884124,5.884124
2024-09-06 11:00:00,raw_uncorrected,data_error_only,-6.420613,6.420613
2024-09-06 11:15:00,raw_uncorrected,data_error_only,-6.61986,6.61986
2024-09-06 11:30:00,raw_uncorrected,data_error_only,-6.841947,6.841947
2024-09-06 11:45:00,raw_uncorrected,data_error_only,-6.841947,6.841947
2024-09-06 12:00:00,raw_uncorrected,data_error_only,-6.841947,6.841947
2024-09-06 12:15:00,raw_uncorrected,data_error_only,-6.769184,6.769184
2024-09-06 12:30:00,raw_uncorrected,data_error_only,-6.769184,6.769184
2024-09-06 12:45:00,raw_uncorrected,data_error_only,-6.740683,6.740683
2024-09-06 13:00:00,raw_uncorrected,data_error_only,-6.375215,6.375215
2024-09-06 13:15:00,raw_uncorrected,data_error_only,-6.102811,6.102811
2024-09-06 13:30:00,raw_uncorrected,data_error_only,-5.925014,5.925014
2024-09-06 13:45:00,raw_uncorrected,data_error_only,-5.336887,5.336887
2024-09-06 14:00:00,raw_uncorrected,data_error_only,-5.116766,5.116766
2024-09-06 14:15:00,raw_uncorrected,data_error_only,-4.336747,4.336747
2024-09-06 14:30:00,raw_uncorrected,data_error_only,-3.894586,3.894586
2024-09-06 14:45:00,raw_uncorrected,data_error_only,-2.877799,2.877799
2024-09-06 15:00:00,raw_uncorrected,data_error_only,-2.068869,2.068869
2024-09-06 15:15:00,raw_uncorrected,data_error_only,-1.474661,1.474661
2024-09-06 15:30:00,raw_uncorrected,data_error_only,1.474661,1.474661
2024-09-06 15:45:00,raw_uncorrected,data_error_only,1.670806,1.670806
2024-09-06 16:00:00,raw_uncorrected,data_error_only,2.640825,2.640825
2024-09-06 16:15:00,raw_uncorrected,data_error_only,3.792749,3.792749
2024-09-06 16:30:00,raw_uncorrected,data_error_only,4.958687,4.958687
2024-09-06 16:45:00,raw_uncorrected,data_error_only,6.08045,6.08045
2024-09-06 17:00:00,raw_uncorrected,data_error_only,7.313576,7.313576
2024-09-06 17:15:00,raw_uncorrected,data_error_only,8.155029,8.155029
2024-09-06 17:30:00,raw_uncorrected,data_error_only,8.69608,8.69608
2024-09-06 17:45:00,raw_uncorrected,data_error_only,9.143795,9.143795
2024-09-06 18:00:00,raw_uncorrected,data_error_only,9.591512,9.591512
2024-09-06 18:15:00,raw_uncorrected,data_error_only,9.647217,9.647217
2024-09-06 18:30:00,raw_uncorrected,data_error_only,9.647217,9.647217
2024-09-06 18:45:00,raw_uncorrected,data_error_only,9.802334,9.802334
2024-09-06 19:00:00,raw_uncorrected,data_error_only,9.578279,9.578279
2024-09-06 19:15:00,raw_uncorrected,data_error_only,9.341919,9.341919
2024-09-06 19:30:00,raw_uncorrected,data_error_only,9.177823,9.177823
2024-09-06 19:45:00,raw_uncorrected,data_error_only,9.177823,9.177823
2024-09-06 20:00:00,raw_uncorrected,data_error_only,8.951191,8.951191
2024-09-06 20:15:00,raw_uncorrected,data_error_only,8.727322,8.727322
2024-09-06 20:30:00,raw_uncorrected,data_error_only,8.727322,8.727322
2024-09-06 20:45:00,raw_uncorrected,data_error_only,8.545717,8.545717
2024-09-06 21:00:00,raw_uncorrected,data_error_only,8.569796,8.569796
2024-09-06 21:15:00,raw_uncorrected,data_error_only,8.259937,8.259937
2024-09-06 21:30:00,raw_uncorrected,data_error_only,8.096505,8.096505
2024-09-06 21:45:00,raw_uncorrected,data_error_only,8.096505,8.096505
2024-09-06 22:00:00,raw_uncorrected,data_error_only,7.892354,7.892354
2024-09-06 22:15:00,raw_uncorrected,data_error_only,8.199364,8.199364
2024-09-06 22:30:00,raw_uncorrected,data_error_only,8.199364,8.199364
2024-09-06 22:45:00,raw_uncorrected,data_error_only,8.199364,8.199364
2024-09-06 23:00:00,raw_uncorrected,data_error_only,7.936307,7.936307
2024-09-06 23:15:00,raw_uncorrected,data_error_only,8.039232,8.039232
2024-09-06 23:30:00,raw_uncorrected,data_error_only,7.853962,7.853962
2024-09-06 23:45:00,raw_uncorrected,data_error_only,7.644648,7.644648
2024-09-07 00:00:00,raw_uncorrected,data_error_only,7.644648,7.644648
2024-09-07 00:15:00,raw_uncorrected,data_error_only,7.650338,7.650338
2024-09-07 00:30:00,raw_uncorrected,data_error_only,7.650338,7.650338
2024-09-07 00:45:00,raw_uncorrected,data_error_only,7.190077,7.190077
2024-09-07 01:00:00,raw_uncorrected,data_error_only,7.190077,7.190077
2024-09-07 01:15:00,raw_uncorrected,data_error_only,7.135774,7.135774
2024-09-07 01:30:00,raw_uncorrected,data_error_only,7.013685,7.013685
2024-09-07 01:45:00,raw_uncorrected,data_error_only,6.769324,6.769324
2024-09-07 02:00:00,raw_uncorrected,data_error_only,6.542613,6.542613
2024-09-07 02:15:00,raw_uncorrected,data_error_only,6.189389,6.189389
2024-09-07 02:30:00,raw_uncorrected,data_error_only,6.059775,6.059775
2024-09-07 02:45:00,raw_uncorrected,data_error_only,6.059775,6.059775
2024-09-07 03:00:00,raw_uncorrected,data_error_only,5.808701,5.808701
2024-09-07 03:15:00,raw_uncorrected,data_error_only,5.747867,5.747867
2024-09-07 03:30:00,raw_uncorrected,data_error_only,5.747867,5.747867
2024-09-07 03:45:00,raw_uncorrected,data_error_only,5.733993,5.733993
2024-09-07 04:00:00,raw_uncorrected,data_error_only,5.587881,5.587881
2024-09-07 04:15:00,raw_uncorrected,data_error_only,5.511592,5.511592
2024-09-07 04:30:00,raw_uncorrected,data_error_only,5.511592,5.511592
2024-09-07 04:45:00,raw_uncorrected,data_error_only,5.511592,5.511592
2024-09-07 05:00:00,raw_uncorrected,data_error_only,5.511592,5.511592
2024-09-07 05:15:00,raw_uncorrected,data_error_only,5.615967,5.615967
2024-09-07 05:30:00,raw_uncorrected,data_error_only,5.615967,5.615967
2024-09-07 05:45:00,raw_uncorrected,data_error_only,5.615967,5.615967
2024-09-07 06:00:00,raw_uncorrected,data_error_only,5.615967,5.615967
2024-09-07 06:15:00,raw_uncorrected,data_error_only,5.866381,5.866381
2024-09-07 06:30:00,raw_uncorrected,data_error_only,5.866381,5.866381
2024-09-07 06:45:00,raw_uncorrected,data_error_only,5.642705,5.642705
2024-09-07 07:00:00,raw_uncorrected,data_error_only,5.078393,5.078393
2024-09-07 07:15:00,raw_uncorrected,data_error_only,4.59075,4.59075
2024-09-07 07:30:00,raw_uncorrected,data_error_only,3.944383,3.944383
2024-09-07 07:45:00,raw_uncorrected,data_error_only,3.318346,3.318346
2024-09-07 08:00:00,raw_uncorrected,data_error_only,2.642883,2.642883
2024-09-07 08:15:00,raw_uncorrected,data_error_only,1.788571,1.788571
2024-09-07 08:30:00,raw_uncorrected,data_error_only,1.788571,1.788571
2024-09-07 08:45:00,raw_uncorrected,data_error_only,1.788571,1.788571
2024-09-07 09:00:00,raw_uncorrected,data_error_only,-1.556758,1.556758
2024-09-07 09:15:00,raw_uncorrected,data_error_only,-1.677693,1.677693
2024-09-07 09:30:00,raw_uncorrected,data_error_only,-2.525661,2.525661
2024-09-07 09:45:00,raw_uncorrected,data_error_only,-3.083889,3.083889
2024-09-07 10:00:00,raw_uncorrected,data_error_only,-3.529343,3.529343
2024-09-07 10:15:00,raw_uncorrected,data_error_only,-4.015105,4.015105
2024-09-07 10:30:00,raw_uncorrected,data_error_only,-4.182937,4.182937
2024-09-07 10:45:00,raw_uncorrected,data_error_only,-4.407537,4.407537
2024-09-07 11:00:00,raw_uncorrected,data_error_only,-4.629723,4.629723
2024-09-07 11:15:00,raw_uncorrected,data_error_only,-5.130921,5.130921
2024-09-07 11:30:00,raw_uncorrected,data_error_only,-5.130921,5.130921
2024-09-07 11:45:00,raw_uncorrected,data_error_only,-5.130921,5.130921
2024-09-07 12:00:00,raw_uncorrected,data_error_only,-4.912407,4.912407
2024-09-07 12:15:00,raw_uncorrected,data_error_only,-4.529665,4.529665
2024-09-07 12:30:00,raw_uncorrected,data_error_only,-3.916605,3.916605
2024-09-07 12:45:00,raw_uncorrected,data_error_only,-2.17976,2.17976
2024-09-07 13:00:00,raw_uncorrected,data_error_only,-3.354281,3.354281
2024-09-07 13:15:00,raw_uncorrected,data_error_only,-2.303228,2.303228
2024-09-07 13:30:00,raw_uncorrected,data_error_only,-4.367816,4.367816
2024-09-07 13:45:00,raw_uncorrected,data_error_only,-2.061642,2.061642
2024-09-07 14:00:00,raw_uncorrected,data_error_only,-1.37461,1.37461
2024-09-07 14:15:00,raw_uncorrected,data_error_only,-2.24993,2.24993
2024-09-07 14:30:00,raw_uncorrected,data_error_only,-1.992105,1.992105
2024-09-07 14:45:00,raw_uncorrected,data_error_only,-2.425529,2.425529
2024-09-07 15:00:00,raw_uncorrected,data_error_only,-1.699136,1.699136
2024-09-07 15:15:00,raw_uncorrected,data_error_only,-1.294253,1.294253
2024-09-07 15:30:00,raw_uncorrected,data_error_only,3.956813,3.956813
2024-09-07 15:45:00,raw_uncorrected,data_error_only,6.445189,6.445189
2024-09-07 16:00:00,raw_uncorrected,data_error_only,6.90602,6.90602
2024-09-07 16:15:00,raw_uncorrected,data_error_only,7.071056,7.071056
2024-09-07 16:30:00,raw_uncorrected,data_error_only,7.581373,7.581373
2024-09-07 16:45:00,raw_uncorrected,data_error_only,7.124496,7.124496
2024-09-07 17:00:00,raw_uncorrected,data_error_only,7.542255,7.542255
2024-09-07 17:15:00,raw_uncorrected,data_error_only,8.372659,8.372659
2024-09-07 17:30:00,raw_uncorrected,data_error_only,8.926883,8.926883
2024-09-07 17:45:00,raw_uncorrected,data_error_only,9.151234,9.151234
2024-09-07 18:00:00,raw_uncorrected,data_error_only,9.151234,9.151234
2024-09-07 18:15:00,raw_uncorrected,data_error_only,9.438947,9.438947
2024-09-07 18:30:00,raw_uncorrected,data_error_only,9.577259,9.577259
2024-09-07 18:45:00,raw_uncorrected,data_error_only,9.577259,9.577259
2024-09-07 19:00:00,raw_uncorrected,data_error_only,9.352516,9.352516
2024-09-07 19:15:00,raw_uncorrected,data_error_only,9.109158,9.109158
2024-09-07 19:30:00,raw_uncorrected,data_error_only,9.109158,9.109158
2024-09-07 19:45:00,raw_uncorrected,data_error_only,8.919488,8.919488
2024-09-07 20:00:00,raw_uncorrected,data_error_only,8.695096,8.695096
2024-09-07 20:15:00,raw_uncorrected,data_error_only,8.341159,8.341159
2024-09-07 20:30:00,raw_uncorrected,data_error_only,8.263387,8.263387
2024-09-07 20:45:00,raw_uncorrected,data_error_only,8.263387,8.263387
2024-09-07 21:00:00,raw_uncorrected,data_error_only,8.263387,8.263387
2024-09-07 21:15:00,raw_uncorrected,data_error_only,7.990425,7.990425
2024-09-07 21:30:00,raw_uncorrected,data_error_only,7.846974,7.846974
2024-09-07 21:45:00,raw_uncorrected,data_error_only,7.846974,7.846974
2024-09-07 22:00:00,raw_uncorrected,data_error_only,7.846974,7.846974
2024-09-07 22:15:00,raw_uncorrected,data_error_only,7.93347,7.93347
2024-09-07 22:30:00,raw_uncorrected,data_error_only,7.93347,7.93347
2024-09-07 22:45:00,raw_uncorrected,data_error_only,7.93347,7.93347
2024-09-07 23:00:00,raw_uncorrected,data_error_only,7.93347,7.93347
2024-09-07 23:15:00,raw_uncorrected,data_error_only,7.796623,7.796623
2024-09-07 23:30:00,raw_uncorrected,data_error_only,7.631949,7.631949
2024-09-07 23:45:00,raw_uncorrected,data_error_only,7.397326,7.397326
2024-09-08 00:00:00,raw_uncorrected,data_error_only,7.397326,7.397326
2024-09-08 00:15:00,raw_uncorrected,data_error_only,7.329743,7.329743
2024-09-08 00:30:00,raw_uncorrected,data_error_only,7.18221,7.18221
2024-09-08 00:45:00,raw_uncorrected,data_error_only,7.18221,7.18221
2024-09-08 01:00:00,raw_uncorrected,data_error_only,7.18221,7.18221
2024-09-08 01:15:00,raw_uncorrected,data_error_only,6.897548,6.897548
2024-09-08 01:30:00,raw_uncorrected,data_error_only,6.505551,6.505551
2024-09-08 01:45:00,raw_uncorrected,data_error_only,6.279627,6.279627
2024-09-08 02:00:00,raw_uncorrected,data_error_only,6.0539,6.0539
2024-09-08 02:15:00,raw_uncorrected,data_error_only,5.897814,5.897814
2024-09-08 02:30:00,raw_uncorrected,data_error_only,5.828557,5.828557
2024-09-08 02:45:00,raw_uncorrected,data_error_only,5.828557,5.828557
2024-09-08 03:00:00,raw_uncorrected,data_error_only,5.733973,5.733973
2024-09-08 03:15:00,raw_uncorrected,data_error_only,5.547183,5.547183
2024-09-08 03:30:00,raw_uncorrected,data_error_only,5.547183,5.547183
2024-09-08 03:45:00,raw_uncorrected,data_error_only,5.547183,5.547183
2024-09-08 04:00:00,raw_uncorrected,data_error_only,5.547183,5.547183
2024-09-08 04:15:00,raw_uncorrected,data_error_only,5.429918,5.429918
2024-09-08 04:30:00,raw_uncorrected,data_error_only,5.429918,5.429918
2024-09-08 04:45:00,raw_uncorrected,data_error_only,5.429918,5.429918
2024-09-08 05:00:00,raw_uncorrected,data_error_only,5.429918,5.429918
2024-09-08 05:15:00,raw_uncorrected,data_error_only,5.412788,5.412788
2024-09-08 05:30:00,raw_uncorrected,data_error_only,5.412788,5.412788
2024-09-08 05:45:00,raw_uncorrected,data_error_only,5.412788,5.412788
2024-09-08 06:00:00,raw_uncorrected,data_error_only,5.412788,5.412788
2024-09-08 06:15:00,raw_uncorrected,data_error_only,5.710014,5.710014
2024-09-08 06:30:00,raw_uncorrected,data_error_only,5.710014,5.710014
2024-09-08 06:45:00,raw_uncorrected,data_error_only,5.710014,5.710014
2024-09-08 07:00:00,raw_uncorrected,data_error_only,5.710014,5.710014
2024-09-08 07:15:00,raw_uncorrected,data_error_only,5.414749,5.414749
2024-09-08 07:30:00,raw_uncorrected,data_error_only,5.302951,5.302951
2024-09-08 07:45:00,raw_uncorrected,data_error_only,5.583615,5.583615
2024-09-08 08:00:00,raw_uncorrected,data_error_only,5.826812,5.826812
2024-09-08 08:15:00,raw_uncorrected,data_error_only,6.530727,6.530727
2024-09-08 08:30:00,raw_uncorrected,data_error_only,6.352758,6.352758
2024-09-08 08:45:00,raw_uncorrected,data_error_only,6.150438,6.150438
2024-09-08 09:00:00,raw_uncorrected,data_error_only,5.247586,5.247586
2024-09-08 09:15:00,raw_uncorrected,data_error_only,6.146547,6.146547
2024-09-08 09:30:00,raw_uncorrected,data_error_only,6.125727,6.125727
2024-09-08 09:45:00,raw_uncorrected,data_error_only,6.783381,6.783381
2024-09-08 10:00:00,raw_uncorrected,data_error_only,7.006059,7.006059
2024-09-08 10:15:00,raw_uncorrected,data_error_only,6.388117,6.388117
2024-09-08 10:30:00,raw_uncorrected,data_error_only,3.38976,3.38976
2024-09-08 10:45:00,raw_uncorrected,data_error_only,-2.53964,2.53964
2024-09-08 11:00:00,raw_uncorrected,data_error_only,-2.871868,2.871868
2024-09-08 11:15:00,raw_uncorrected,data_error_only,-2.840834,2.840834
2024-09-08 11:30:00,raw_uncorrected,data_error_only,-2.498411,2.498411
2024-09-08 11:45:00,raw_uncorrected,data_error_only,-2.476768,2.476768
2024-09-08 12:00:00,raw_uncorrected,data_error_only,3.510717,3.510717
2024-09-08 12:15:00,raw_uncorrected,data_error_only,5.957469,5.957469
2024-09-08 12:30:00,raw_uncorrected,data_error_only,4.493104,4.493104
2024-09-08 12:45:00,raw_uncorrected,data_error_only,5.641987,5.641987
2024-09-08 13:00:00,raw_uncorrected,data_error_only,5.260859,5.260859
2024-09-08 13:15:00,raw_uncorrected,data_error_only,5.264475,5.264475
2024-09-08 13:30:00,raw_uncorrected,data_error_only,6.302555,6.302555
2024-09-08 13:45:00,raw_uncorrected,data_error_only,6.727371,6.727371
2024-09-08 14:00:00,raw_uncorrected,data_error_only,6.719067,6.719067
2024-09-08 14:15:00,raw_uncorrected,data_error_only,6.879136,6.879136
2024-09-08 14:30:00,raw_uncorrected,data_error_only,6.902041,6.902041
2024-09-08 14:45:00,raw_uncorrected,data_error_only,7.350766,7.350766
2024-09-08 15:00:00,raw_uncorrected,data_error_only,6.295715,6.295715
2024-09-08 15:15:00,raw_uncorrected,data_error_only,5.060125,5.060125
2024-09-08 15:30:00,raw_uncorrected,data_error_only,7.224426,7.224426
2024-09-08 15:45:00,raw_uncorrected,data_error_only,8.056322,8.056322
2024-09-08 16:00:00,raw_uncorrected,data_error_only,7.429187,7.429187
2024-09-08 16:15:00,raw_uncorrected,data_error_only,7.800996,7.800996
2024-09-08 16:30:00,raw_uncorrected,data_error_only,8.09664,8.09664
2024-09-08 16:45:00,raw_uncorrected,data_error_only,7.814114,7.814114
2024-09-08 17:00:00,raw_uncorrected,data_error_only,8.568684,8.568684
2024-09-08 17:15:00,raw_uncorrected,data_error_only,9.5656,9.5656
2024-09-08 17:30:00,raw_uncorrected,data_error_only,9.5656,9.5656
2024-09-08 17:45:00,raw_uncorrected,data_error_only,10.070276,10.070276
2024-09-08 18:00:00,raw_uncorrected,data_error_only,10.070276,10.070276
2024-09-08 18:15:00,raw_uncorrected,data_error_only,10.315996,10.315996
2024-09-08 18:30:00,raw_uncorrected,data_error_only,10.445392,10.445392
2024-09-08 18:45:00,raw_uncorrected,data_error_only,10.22114,10.22114
2024-09-08 19:00:00,raw_uncorrected,data_error_only,10.046015,10.046015
2024-09-08 19:15:00,raw_uncorrected,data_error_only,9.877521,9.877521
2024-09-08 19:30:00,raw_uncorrected,data_error_only,9.559719,9.559719
2024-09-08 19:45:00,raw_uncorrected,data_error_only,9.559719,9.559719
2024-09-08 20:00:00,raw_uncorrected,data_error_only,9.336352,9.336352
2024-09-08 20:15:00,raw_uncorrected,data_error_only,9.00032,9.00032
2024-09-08 20:30:00,raw_uncorrected,data_error_only,8.871503,8.871503
2024-09-08 20:45:00,raw_uncorrected,data_error_only,8.66263,8.66263
2024-09-08 21:00:00,raw_uncorrected,data_error_only,8.768712,8.768712
2024-09-08 21:15:00,raw_uncorrected,data_error_only,8.482035,8.482035
2024-09-08 21:30:00,raw_uncorrected,data_error_only,8.33411,8.33411
2024-09-08 21:45:00,raw_uncorrected,data_error_only,8.56033,8.56033
2024-09-08 22:00:00,raw_uncorrected,data_error_only,8.33411,8.33411
2024-09-08 22:15:00,raw_uncorrected,data_error_only,8.200037,8.200037
2024-09-08 22:30:00,raw_uncorrected,data_error_only,8.086574,8.086574
2024-09-08 22:45:00,raw_uncorrected,data_error_only,8.086574,8.086574
2024-09-08 23:00:00,raw_uncorrected,data_error_only,7.89474,7.89474
2024-09-08 23:15:00,raw_uncorrected,data_error_only,7.786726,7.786726
2024-09-08 23:30:00,raw_uncorrected,data_error_only,7.614222,7.614222
2024-09-08 23:45:00,raw_uncorrected,data_error_only,7.355585,7.355585
2024-09-09 00:00:00,raw_uncorrected,data_error_only,7.355585,7.355585
2024-09-09 00:15:00,raw_uncorrected,data_error_only,7.525603,7.525603
2024-09-09 00:30:00,raw_uncorrected,data_error_only,7.489372,7.489372
2024-09-09 00:45:00,raw_uncorrected,data_error_only,7.350302,7.350302
2024-09-09 01:00:00,raw_uncorrected,data_error_only,7.533676,7.533676
2024-09-09 01:15:00,raw_uncorrected,data_error_only,6.941562,6.941562
2024-09-09 01:30:00,raw_uncorrected,data_error_only,6.684295,6.684295
2024-09-09 01:45:00,raw_uncorrected,data_error_only,6.46083,6.46083
2024-09-09 02:00:00,raw_uncorrected,data_error_only,6.46083,6.46083
2024-09-09 02:15:00,raw_uncorrected,data_error_only,6.135624,6.135624
2024-09-09 02:30:00,raw_uncorrected,data_error_only,6.031936,6.031936
2024-09-09 02:45:00,raw_uncorrected,data_error_only,6.031936,6.031936
2024-09-09 03:00:00,raw_uncorrected,data_error_only,5.798814,5.798814
2024-09-09 03:15:00,raw_uncorrected,data_error_only,5.638349,5.638349
2024-09-09 03:30:00,raw_uncorrected,data_error_only,5.638349,5.638349
2024-09-09 03:45:00,raw_uncorrected,data_error_only,5.560546,5.560546
2024-09-09 04:00:00,raw_uncorrected,data_error_only,5.560546,5.560546
2024-09-09 04:15:00,raw_uncorrected,data_error_only,5.72955,5.72955
2024-09-09 04:30:00,raw_uncorrected,data_error_only,5.72955,5.72955
2024-09-09 04:45:00,raw_uncorrected,data_error_only,5.82443,5.82443
2024-09-09 05:00:00,raw_uncorrected,data_error_only,6.005945,6.005945
2024-09-09 05:15:00,raw_uncorrected,data_error_only,6.120511,6.120511
2024-09-09 05:30:00,raw_uncorrected,data_error_only,6.235863,6.235863
2024-09-09 05:45:00,raw_uncorrected,data_error_only,6.505308,6.505308
2024-09-09 06:00:00,raw_uncorrected,data_error_only,6.731134,6.731134
2024-09-09 06:15:00,raw_uncorrected,data_error_only,6.998945,6.998945
2024-09-09 06:30:00,raw_uncorrected,data_error_only,6.471549,6.471549
2024-09-09 06:45:00,raw_uncorrected,data_error_only,6.471549,6.471549
2024-09-09 07:00:00,raw_uncorrected,data_error_only,5.840022,5.840022
2024-09-09 07:15:00,raw_uncorrected,data_error_only,4.274975,4.274975
2024-09-09 07:30:00,raw_uncorrected,data_error_only,5.631836,5.631836
2024-09-09 07:45:00,raw_uncorrected,data_error_only,5.948555,5.948555
2024-09-09 08:00:00,raw_uncorrected,data_error_only,5.948555,5.948555
2024-09-09 08:15:00,raw_uncorrected,data_error_only,5.234586,5.234586
2024-09-09 08:30:00,raw_uncorrected,data_error_only,4.44528,4.44528
2024-09-09 08:45:00,raw_uncorrected,data_error_only,-2.00031,2.00031
2024-09-09 09:00:00,raw_uncorrected,data_error_only,-2.0131,2.0131
2024-09-09 09:15:00,raw_uncorrected,data_error_only,-3.047593,3.047593
2024-09-09 09:30:00,raw_uncorrected,data_error_only,-4.381288,4.381288
2024-09-09 09:45:00,raw_uncorrected,data_error_only,-3.695757,3.695757
2024-09-09 10:00:00,raw_uncorrected,data_error_only,-5.332192,5.332192
2024-09-09 10:15:00,raw_uncorrected,data_error_only,-5.236009,5.236009
2024-09-09 10:30:00,raw_uncorrected,data_error_only,-6.262241,6.262241
2024-09-09 10:45:00,raw_uncorrected,data_error_only,-6.527378,6.527378
2024-09-09 11:00:00,raw_uncorrected,data_error_only,-6.644067,6.644067
2024-09-09 11:15:00,raw_uncorrected,data_error_only,-5.321354,5.321354
2024-09-09 11:30:00,raw_uncorrected,data_error_only,-7.116742,7.116742
2024-09-09 11:45:00,raw_uncorrected,data_error_only,-6.05611,6.05611
2024-09-09 12:00:00,raw_uncorrected,data_error_only,-5.865854,5.865854
2024-09-09 12:15:00,raw_uncorrected,data_error_only,-2.459867,2.459867
2024-09-09 12:30:00,raw_uncorrected,data_error_only,-1.96484,1.96484
2024-09-09 12:45:00,raw_uncorrected,data_error_only,-1.96484,1.96484
2024-09-09 13:00:00,raw_uncorrected,data_error_only,-1.96484,1.96484
2024-09-09 13:15:00,raw_uncorrected,data_error_only,-3.363677,3.363677
2024-09-09 13:30:00,raw_uncorrected,data_error_only,-6.744321,6.744321
2024-09-09 13:45:00,raw_uncorrected,data_error_only,-4.875151,4.875151
2024-09-09 14:00:00,raw_uncorrected,data_error_only,-4.341913,4.341913
2024-09-09 14:15:00,raw_uncorrected,data_error_only,-2.12219,2.12219
2024-09-09 14:30:00,raw_uncorrected,data_error_only,-2.546139,2.546139
2024-09-09 14:45:00,raw_uncorrected,data_error_only,-1.728689,1.728689
2024-09-09 15:00:00,raw_uncorrected,data_error_only,-3.922572,3.922572
2024-09-09 15:15:00,raw_uncorrected,data_error_only,-2.215074,2.215074
2024-09-09 15:30:00,raw_uncorrected,data_error_only,-1.491894,1.491894
2024-09-09 15:45:00,raw_uncorrected,data_error_only,1.491894,1.491894
2024-09-09 16:00:00,raw_uncorrected,data_error_only,2.032723,2.032723
2024-09-09 16:15:00,raw_uncorrected,data_error_only,2.936377,2.936377
2024-09-09 16:30:00,raw_uncorrected,data_error_only,4.19724,4.19724
2024-09-09 16:45:00,raw_uncorrected,data_error_only,5.431931,5.431931
2024-09-09 17:00:00,raw_uncorrected,data_error_only,6.801635,6.801635
2024-09-09 17:15:00,raw_uncorrected,data_error_only,7.974804,7.974804
2024-09-09 17:30:00,raw_uncorrected,data_error_only,8.828518,8.828518
2024-09-09 17:45:00,raw_uncorrected,data_error_only,9.454189,9.454189
2024-09-09 18:00:00,raw_uncorrected,data_error_only,10.015749,10.015749
2024-09-09 18:15:00,raw_uncorrected,data_error_only,10.337955,10.337955
2024-09-09 18:30:00,raw_uncorrected,data_error_only,10.458601,10.458601
2024-09-09 18:45:00,raw_uncorrected,data_error_only,10.234547,10.234547
2024-09-09 19:00:00,raw_uncorrected,data_error_only,10.011355,10.011355
2024-09-09 19:15:00,raw_uncorrected,data_error_only,9.621701,9.621701
2024-09-09 19:30:00,raw_uncorrected,data_error_only,9.621701,9.621701
2024-09-09 19:45:00,raw_uncorrected,data_error_only,9.159357,9.159357
2024-09-09 20:00:00,raw_uncorrected,data_error_only,9.159357,9.159357
2024-09-09 20:15:00,raw_uncorrected,data_error_only,8.816043,8.816043
2024-09-09 20:30:00,raw_uncorrected,data_error_only,8.686606,8.686606
2024-09-09 20:45:00,raw_uncorrected,data_error_only,8.686606,8.686606
2024-09-09 21:00:00,raw_uncorrected,data_error_only,8.458096,8.458096
2024-09-09 21:15:00,raw_uncorrected,data_error_only,8.148913,8.148913
2024-09-09 21:30:00,raw_uncorrected,data_error_only,8.148913,8.148913
2024-09-09 21:45:00,raw_uncorrected,data_error_only,8.148913,8.148913
2024-09-09 22:00:00,raw_uncorrected,data_error_only,7.743996,7.743996
2024-09-09 22:15:00,raw_uncorrected,data_error_only,8.235476,8.235476
2024-09-09 22:30:00,raw_uncorrected,data_error_only,8.235476,8.235476
2024-09-09 22:45:00,raw_uncorrected,data_error_only,8.235476,8.235476
2024-09-09 23:00:00,raw_uncorrected,data_error_only,7.757647,7.757647
2024-09-09 23:15:00,raw_uncorrected,data_error_only,8.009285,8.009285
2024-09-09 23:30:00,raw_uncorrected,data_error_only,8.009285,8.009285
2024-09-09 23:45:00,raw_uncorrected,data_error_only,8.009285,8.009285
2024-09-10 00:00:00,raw_uncorrected,data_error_only,7.736371,7.736371
2024-09-10 00:15:00,raw_uncorrected,data_error_only,7.632196,7.632196
2024-09-10 00:30:00,raw_uncorrected,data_error_only,7.539302,7.539302
2024-09-10 00:45:00,raw_uncorrected,data_error_only,7.384596,7.384596
2024-09-10 01:00:00,raw_uncorrected,data_error_only,7.384596,7.384596
2024-09-10 01:15:00,raw_uncorrected,data_error_only,7.190908,7.190908
2024-09-10 01:30:00,raw_uncorrected,data_error_only,6.872253,6.872253
2024-09-10 01:45:00,raw_uncorrected,data_error_only,6.424438,6.424438
2024-09-10 02:00:00,raw_uncorrected,data_error_only,6.424438,6.424438
2024-09-10 02:15:00,raw_uncorrected,data_error_only,6.619686,6.619686
2024-09-10 02:30:00,raw_uncorrected,data_error_only,6.619686,6.619686
2024-09-10 02:45:00,raw_uncorrected,data_error_only,6.619686,6.619686
2024-09-10 03:00:00,raw_uncorrected,data_error_only,6.619686,6.619686
2024-09-10 03:15:00,raw_uncorrected,data_error_only,6.078309,6.078309
2024-09-10 03:30:00,raw_uncorrected,data_error_only,5.983616,5.983616
2024-09-10 03:45:00,raw_uncorrected,data_error_only,5.983616,5.983616
2024-09-10 04:00:00,raw_uncorrected,data_error_only,5.751376,5.751376
2024-09-10 04:15:00,raw_uncorrected,data_error_only,5.71127,5.71127
2024-09-10 04:30:00,raw_uncorrected,data_error_only,5.71127,5.71127
2024-09-10 04:45:00,raw_uncorrected,data_error_only,5.901689,5.901689
2024-09-10 05:00:00,raw_uncorrected,data_error_only,6.230445,6.230445
2024-09-10 05:15:00,raw_uncorrected,data_error_only,6.327343,6.327343
2024-09-10 05:30:00,raw_uncorrected,data_error_only,6.532994,6.532994
2024-09-10 05:45:00,raw_uncorrected,data_error_only,6.706705,6.706705
2024-09-10 06:00:00,raw_uncorrected,data_error_only,6.872825,6.872825
2024-09-10 06:15:00,raw_uncorrected,data_error_only,7.382669,7.382669
2024-09-10 06:30:00,raw_uncorrected,data_error_only,7.166857,7.166857
2024-09-10 06:45:00,raw_uncorrected,data_error_only,6.896406,6.896406
2024-09-10 07:00:00,raw_uncorrected,data_error_only,6.367174,6.367174
2024-09-10 07:15:00,raw_uncorrected,data_error_only,5.570344,5.570344
2024-09-10 07:30:00,raw_uncorrected,data_error_only,4.84784,4.84784
2024-09-10 07:45:00,raw_uncorrected,data_error_only,3.945187,3.945187
2024-09-10 08:00:00,raw_uncorrected,data_error_only,2.88749,2.88749
2024-09-10 08:15:00,raw_uncorrected,data_error_only,2.009897,2.009897
2024-09-10 08:30:00,raw_uncorrected,data_error_only,1.784896,1.784896
2024-09-10 08:45:00,raw_uncorrected,data_error_only,-1.496501,1.496501
2024-09-10 09:00:00,raw_uncorrected,data_error_only,-2.352802,2.352802
2024-09-10 09:15:00,raw_uncorrected,data_error_only,-3.151745,3.151745
2024-09-10 09:30:00,raw_uncorrected,data_error_only,-3.74528,3.74528
2024-09-10 09:45:00,raw_uncorrected,data_error_only,-4.479068,4.479068
2024-09-10 10:00:00,raw_uncorrected,data_error_only,-5.025905,5.025905
2024-09-10 10:15:00,raw_uncorrected,data_error_only,-5.470206,5.470206
2024-09-10 10:30:00,raw_uncorrected,data_error_only,-5.898473,5.898473
2024-09-10 10:45:00,raw_uncorrected,data_error_only,-6.339795,6.339795
2024-09-10 11:00:00,raw_uncorrected,data_error_only,-6.560407,6.560407
2024-09-10 11:15:00,raw_uncorrected,data_error_only,-7.012453,7.012453
2024-09-10 11:30:00,raw_uncorrected,data_error_only,-7.19229,7.19229
2024-09-10 11:45:00,raw_uncorrected,data_error_only,-7.19229,7.19229
2024-09-10 12:00:00,raw_uncorrected,data_error_only,-7.416517,7.416517
2024-09-10 12:15:00,raw_uncorrected,data_error_only,-7.290709,7.290709
2024-09-10 12:30:00,raw_uncorrected,data_error_only,-7.231673,7.231673
2024-09-10 12:45:00,raw_uncorrected,data_error_only,-6.372696,6.372696
2024-09-10 13:00:00,raw_uncorrected,data_error_only,-6.035558,6.035558
2024-09-10 13:15:00,raw_uncorrected,data_error_only,-6.095175,6.095175
2024-09-10 13:30:00,raw_uncorrected,data_error_only,-4.959267,4.959267
2024-09-10 13:45:00,raw_uncorrected,data_error_only,-4.169735,4.169735
2024-09-10 14:00:00,raw_uncorrected,data_error_only,-2.914103,2.914103
2024-09-10 14:15:00,raw_uncorrected,data_error_only,-2.998417,2.998417
2024-09-10 14:30:00,raw_uncorrected,data_error_only,-3.362596,3.362596
2024-09-10 14:45:00,raw_uncorrected,data_error_only,-2.121485,2.121485
2024-09-10 15:00:00,raw_uncorrected,data_error_only,-3.119214,3.119214
2024-09-10 15:15:00,raw_uncorrected,data_error_only,-2.803413,2.803413
2024-09-10 15:30:00,raw_uncorrected,data_error_only,-1.503462,1.503462
2024-09-10 15:45:00,raw_uncorrected,data_error_only,1.503462,1.503462
2024-09-10 16:00:00,raw_uncorrected,data_error_only,2.19321,2.19321
2024-09-10 16:15:00,raw_uncorrected,data_error_only,3.099187,3.099187
2024-09-10 16:30:00,raw_uncorrected,data_error_only,4.174794,4.174794
2024-09-10 16:45:00,raw_uncorrected,data_error_only,5.447038,5.447038
2024-09-10 17:00:00,raw_uncorrected,data_error_only,6.84824,6.84824
2024-09-10 17:15:00,raw_uncorrected,data_error_only,7.65037,7.65037
2024-09-10 17:30:00,raw_uncorrected,data_error_only,8.425423,8.425423
2024-09-10 17:45:00,raw_uncorrected,data_error_only,9.155311,9.155311
2024-09-10 18:00:00,raw_uncorrected,data_error_only,9.918717,9.918717
2024-09-10 18:15:00,raw_uncorrected,data_error_only,10.150009,10.150009
2024-09-10 18:30:00,raw_uncorrected,data_error_only,10.150009,10.150009
2024-09-10 18:45:00,raw_uncorrected,data_error_only,10.288192,10.288192
2024-09-10 19:00:00,raw_uncorrected,data_error_only,10.288192,10.288192
2024-09-10 19:15:00,raw_uncorrected,data_error_only,9.94422,9.94422
2024-09-10 19:30:00,raw_uncorrected,data_error_only,9.609781,9.609781
2024-09-10 19:45:00,raw_uncorrected,data_error_only,9.609781,9.609781
2024-09-10 20:00:00,raw_uncorrected,data_error_only,9.252,9.252
2024-09-10 20:15:00,raw_uncorrected,data_error_only,9.001905,9.001905
2024-09-10 20:30:00,raw_uncorrected,data_error_only,9.001905,9.001905
2024-09-10 20:45:00,raw_uncorrected,data_error_only,8.733072,8.733072
2024-09-10 21:00:00,raw_uncorrected,data_error_only,8.733072,8.733072
2024-09-10 21:15:00,raw_uncorrected,data_error_only,8.236602,8.236602
2024-09-10 21:30:00,raw_uncorrected,data_error_only,8.236602,8.236602
2024-09-10 21:45:00,raw_uncorrected,data_error_only,7.99961,7.99961
2024-09-10 22:00:00,raw_uncorrected,data_error_only,7.995166,7.995166
2024-09-10 22:15:00,raw_uncorrected,data_error_only,8.402636,8.402636
2024-09-10 22:30:00,raw_uncorrected,data_error_only,8.402636,8.402636
2024-09-10 22:45:00,raw_uncorrected,data_error_only,8.402636,8.402636
2024-09-10 23:00:00,raw_uncorrected,data_error_only,8.116662,8.116662
2024-09-10 23:15:00,raw_uncorrected,data_error_only,8.218931,8.218931
2024-09-10 23:30:00,raw_uncorrected,data_error_only,7.776493,7.776493
2024-09-10 23:45:00,raw_uncorrected,data_error_only,7.776493,7.776493
2024-09-11 00:00:00,raw_uncorrected,data_error_only,7.776493,7.776493
2024-09-11 00:15:00,raw_uncorrected,data_error_only,7.640139,7.640139
2024-09-11 00:30:00,raw_uncorrected,data_error_only,7.528005,7.528005
2024-09-11 00:45:00,raw_uncorrected,data_error_only,7.338335,7.338335
2024-09-11 01:00:00,raw_uncorrected,data_error_only,7.338335,7.338335
2024-09-11 01:15:00,raw_uncorrected,data_error_only,7.262003,7.262003
2024-09-11 01:30:00,raw_uncorrected,data_error_only,6.874821,6.874821
2024-09-11 01:45:00,raw_uncorrected,data_error_only,6.874821,6.874821
2024-09-11 02:00:00,raw_uncorrected,data_error_only,6.65106,6.65106
2024-09-11 02:15:00,raw_uncorrected,data_error_only,6.395785,6.395785
2024-09-11 02:30:00,raw_uncorrected,data_error_only,6.395785,6.395785
2024-09-11 02:45:00,raw_uncorrected,data_error_only,6.214735,6.214735
2024-09-11 03:00:00,raw_uncorrected,data_error_only,6.214735,6.214735
2024-09-11 03:15:00,raw_uncorrected,data_error_only,6.153417,6.153417
2024-09-11 03:30:00,raw_uncorrected,data_error_only,6.016318,6.016318
2024-09-11 03:45:00,raw_uncorrected,data_error_only,6.016318,6.016318
2024-09-11 04:00:00,raw_uncorrected,data_error_only,6.016318,6.016318
2024-09-11 04:15:00,raw_uncorrected,data_error_only,5.964186,5.964186
2024-09-11 04:30:00,raw_uncorrected,data_error_only,5.964186,5.964186
2024-09-11 04:45:00,raw_uncorrected,data_error_only,5.964186,5.964186
2024-09-11 05:00:00,raw_uncorrected,data_error_only,6.15294,6.15294
2024-09-11 05:15:00,raw_uncorrected,data_error_only,6.352119,6.352119
2024-09-11 05:30:00,raw_uncorrected,data_error_only,6.352119,6.352119
2024-09-11 05:45:00,raw_uncorrected,data_error_only,6.608941,6.608941
2024-09-11 06:00:00,raw_uncorrected,data_error_only,6.876123,6.876123
2024-09-11 06:15:00,raw_uncorrected,data_error_only,7.309641,7.309641
2024-09-11 06:30:00,raw_uncorrected,data_error_only,6.835528,6.835528
2024-09-11 06:45:00,raw_uncorrected,data_error_only,6.613046,6.613046
2024-09-11 07:00:00,raw_uncorrected,data_error_only,6.168182,6.168182
2024-09-11 07:15:00,raw_uncorrected,data_error_only,5.51424,5.51424
2024-09-11 07:30:00,raw_uncorrected,data_error_only,4.742801,4.742801
2024-09-11 07:45:00,raw_uncorrected,data_error_only,3.6678,3.6678
2024-09-11 08:00:00,raw_uncorrected,data_error_only,3.008404,3.008404
2024-09-11 08:15:00,raw_uncorrected,data_error_only,2.161208,2.161208
2024-09-11 08:30:00,raw_uncorrected,data_error_only,1.974315,1.974315
2024-09-11 08:45:00,raw_uncorrected,data_error_only,-1.974315,1.974315
2024-09-11 09:00:00,raw_uncorrected,data_error_only,-2.196108,2.196108
2024-09-11 09:15:00,raw_uncorrected,data_error_only,-2.726375,2.726375
2024-09-11 09:30:00,raw_uncorrected,data_error_only,-3.494907,3.494907
2024-09-11 09:45:00,raw_uncorrected,data_error_only,-4.298329,4.298329
2024-09-11 10:00:00,raw_uncorrected,data_error_only,-4.929484,4.929484
2024-09-11 10:15:00,raw_uncorrected,data_error_only,-5.240259,5.240259
2024-09-11 10:30:00,raw_uncorrected,data_error_only,-5.692819,5.692819
2024-09-11 10:45:00,raw_uncorrected,data_error_only,-6.35682,6.35682
2024-09-11 11:00:00,raw_uncorrected,data_error_only,-6.577826,6.577826
2024-09-11 11:15:00,raw_uncorrected,data_error_only,-6.901242,6.901242
2024-09-11 11:30:00,raw_uncorrected,data_error_only,-7.028745,7.028745
2024-09-11 11:45:00,raw_uncorrected,data_error_only,-7.23532,7.23532
2024-09-11 12:00:00,raw_uncorrected,data_error_only,-7.23532,7.23532
2024-09-11 12:15:00,raw_uncorrected,data_error_only,-6.975427,6.975427
2024-09-11 12:30:00,raw_uncorrected,data_error_only,-6.975427,6.975427
2024-09-11 12:45:00,raw_uncorrected,data_error_only,-6.855943,6.855943
2024-09-11 13:00:00,raw_uncorrected,data_error_only,-6.855943,6.855943
2024-09-11 13:15:00,raw_uncorrected,data_error_only,-6.063909,6.063909
2024-09-11 13:30:00,raw_uncorrected,data_error_only,-5.304339,5.304339
2024-09-11 13:45:00,raw_uncorrected,data_error_only,-3.030055,3.030055
2024-09-11 14:00:00,raw_uncorrected,data_error_only,-5.723969,5.723969
2024-09-11 14:15:00,raw_uncorrected,data_error_only,-4.869979,4.869979
2024-09-11 14:30:00,raw_uncorrected,data_error_only,-4.018267,4.018267
2024-09-11 14:45:00,raw_uncorrected,data_error_only,-3.363071,3.363071
2024-09-11 15:00:00,raw_uncorrected,data_error_only,-2.194262,2.194262
2024-09-11 15:15:00,raw_uncorrected,data_error_only,-1.833988,1.833988
2024-09-11 15:30:00,raw_uncorrected,data_error_only,-1.492174,1.492174
2024-09-11 15:45:00,raw_uncorrected,data_error_only,2.726967,2.726967
2024-09-11 16:00:00,raw_uncorrected,data_error_only,4.860244,4.860244
2024-09-11 16:15:00,raw_uncorrected,data_error_only,5.075157,5.075157
2024-09-11 16:30:00,raw_uncorrected,data_error_only,5.536668,5.536668
2024-09-11 16:45:00,raw_uncorrected,data_error_only,6.926632,6.926632
2024-09-11 17:00:00,raw_uncorrected,data_error_only,7.66801,7.66801
2024-09-11 17:15:00,raw_uncorrected,data_error_only,7.886757,7.886757
2024-09-11 17:30:00,raw_uncorrected,data_error_only,8.493274,8.493274
2024-09-11 17:45:00,raw_uncorrected,data_error_only,9.297627,9.297627
2024-09-11 18:00:00,raw_uncorrected,data_error_only,9.82172,9.82172
2024-09-11 18:15:00,raw_uncorrected,data_error_only,10.056503,10.056503
2024-09-11 18:30:00,raw_uncorrected,data_error_only,10.056503,10.056503
2024-09-11 18:45:00,raw_uncorrected,data_error_only,10.056503,10.056503
2024-09-11 19:00:00,raw_uncorrected,data_error_only,9.834686,9.834686
2024-09-11 19:15:00,raw_uncorrected,data_error_only,9.373226,9.373226
2024-09-11 19:30:00,raw_uncorrected,data_error_only,9.261831,9.261831
2024-09-11 19:45:00,raw_uncorrected,data_error_only,9.071867,9.071867
2024-09-11 20:00:00,raw_uncorrected,data_error_only,9.071867,9.071867
2024-09-11 20:15:00,raw_uncorrected,data_error_only,8.871839,8.871839
2024-09-11 20:30:00,raw_uncorrected,data_error_only,8.871839,8.871839
2024-09-11 20:45:00,raw_uncorrected,data_error_only,8.717333,8.717333
2024-09-11 21:00:00,raw_uncorrected,data_error_only,8.422187,8.422187
2024-09-11 21:15:00,raw_uncorrected,data_error_only,8.133204,8.133204
2024-09-11 21:30:00,raw_uncorrected,data_error_only,7.961758,7.961758
2024-09-11 21:45:00,raw_uncorrected,data_error_only,7.961758,7.961758
2024-09-11 22:00:00,raw_uncorrected,data_error_only,7.738918,7.738918
2024-09-11 22:15:00,raw_uncorrected,data_error_only,8.33055,8.33055
2024-09-11 22:30:00,raw_uncorrected,data_error_only,8.33055,8.33055
2024-09-11 22:45:00,raw_uncorrected,data_error_only,8.077293,8.077293
2024-09-11 23:00:00,raw_uncorrected,data_error_only,7.745751,7.745751
2024-09-11 23:15:00,raw_uncorrected,data_error_only,7.779893,7.779893
2024-09-11 23:30:00,raw_uncorrected,data_error_only,7.598922,7.598922
2024-09-11 23:45:00,raw_uncorrected,data_error_only,7.662317,7.662317
2024-09-12 00:00:00,raw_uncorrected,data_error_only,7.393064,7.393064
2024-09-12 00:15:00,raw_uncorrected,data_error_only,7.391731,7.391731
2024-09-12 00:30:00,raw_uncorrected,data_error_only,7.391731,7.391731
2024-09-12 00:45:00,raw_uncorrected,data_error_only,7.217563,7.217563
2024-09-12 01:00:00,raw_uncorrected,data_error_only,7.217563,7.217563
2024-09-12 01:15:00,raw_uncorrected,data_error_only,6.788664,6.788664
2024-09-12 01:30:00,raw_uncorrected,data_error_only,6.659278,6.659278
2024-09-12 01:45:00,raw_uncorrected,data_error_only,6.441525,6.441525
2024-09-12 02:00:00,raw_uncorrected,data_error_only,6.441525,6.441525
2024-09-12 02:15:00,raw_uncorrected,data_error_only,5.975986,5.975986
2024-09-12 02:30:00,raw_uncorrected,data_error_only,5.975986,5.975986
2024-09-12 02:45:00,raw_uncorrected,data_error_only,5.975986,5.975986
2024-09-12 03:00:00,raw_uncorrected,data_error_only,5.78381,5.78381
2024-09-12 03:15:00,raw_uncorrected,data_error_only,5.711169,5.711169
2024-09-12 03:30:00,raw_uncorrected,data_error_only,5.711169,5.711169
2024-09-12 03:45:00,raw_uncorrected,data_error_only,5.711169,5.711169
2024-09-12 04:00:00,raw_uncorrected,data_error_only,5.590256,5.590256
2024-09-12 04:15:00,raw_uncorrected,data_error_only,5.495862,5.495862
2024-09-12 04:30:00,raw_uncorrected,data_error_only,5.495862,5.495862
2024-09-12 04:45:00,raw_uncorrected,data_error_only,5.495862,5.495862
2024-09-12 05:00:00,raw_uncorrected,data_error_only,5.69214,5.69214
2024-09-12 05:15:00,raw_uncorrected,data_error_only,5.884337,5.884337
2024-09-12 05:30:00,raw_uncorrected,data_error_only,5.961573,5.961573
2024-09-12 05:45:00,raw_uncorrected,data_error_only,5.961573,5.961573
2024-09-12 06:00:00,raw_uncorrected,data_error_only,6.184546,6.184546
2024-09-12 06:15:00,raw_uncorrected,data_error_only,6.66516,6.66516
2024-09-12 06:30:00,raw_uncorrected,data_error_only,6.837113,6.837113
2024-09-12 06:45:00,raw_uncorrected,data_error_only,6.837113,6.837113
2024-09-12 07:00:00,raw_uncorrected,data_error_only,6.837113,6.837113
2024-09-12 07:15:00,raw_uncorrected,data_error_only,6.799066,6.799066
2024-09-12 07:30:00,raw_uncorrected,data_error_only,6.799066,6.799066
2024-09-12 07:45:00,raw_uncorrected,data_error_only,7.083145,7.083145
2024-09-12 08:00:00,raw_uncorrected,data_error_only,6.858893,6.858893
2024-09-12 08:15:00,raw_uncorrected,data_error_only,6.912255,6.912255
2024-09-12 08:30:00,raw_uncorrected,data_error_only,6.060106,6.060106
2024-09-12 08:45:00,raw_uncorrected,data_error_only,4.817432,4.817432
2024-09-12 09:00:00,raw_uncorrected,data_error_only,5.428131,5.428131
2024-09-12 09:15:00,raw_uncorrected,data_error_only,5.78971,5.78971
2024-09-12 09:30:00,raw_uncorrected,data_error_only,4.713165,4.713165
2024-09-12 09:45:00,raw_uncorrected,data_error_only,3.142501,3.142501
2024-09-12 10:00:00,raw_uncorrected,data_error_only,3.07308,3.07308
2024-09-12 10:15:00,raw_uncorrected,data_error_only,2.067457,2.067457
2024-09-12 10:30:00,raw_uncorrected,data_error_only,2.098853,2.098853
2024-09-12 10:45:00,raw_uncorrected,data_error_only,2.212765,2.212765
2024-09-12 11:00:00,raw_uncorrected,data_error_only,2.278332,2.278332
2024-09-12 11:15:00,raw_uncorrected,data_error_only,2.364463,2.364463
2024-09-12 11:30:00,raw_uncorrected,data_error_only,2.818469,2.818469
2024-09-12 11:45:00,raw_uncorrected,data_error_only,2.71389,2.71389
2024-09-12 12:00:00,raw_uncorrected,data_error_only,4.742673,4.742673
2024-09-12 12:15:00,raw_uncorrected,data_error_only,2.603001,2.603001
2024-09-12 12:30:00,raw_uncorrected,data_error_only,-1.777361,1.777361
2024-09-12 12:45:00,raw_uncorrected,data_error_only,-2.456907,2.456907
2024-09-12 13:00:00,raw_uncorrected,data_error_only,-4.555342,4.555342
2024-09-12 13:15:00,raw_uncorrected,data_error_only,-3.068291,3.068291
2024-09-12 13:30:00,raw_uncorrected,data_error_only,-3.281024,3.281024
2024-09-12 13:45:00,raw_uncorrected,data_error_only,-4.394463,4.394463
2024-09-12 14:00:00,raw_uncorrected,data_error_only,-3.515498,3.515498
2024-09-12 14:15:00,raw_uncorrected,data_error_only,-3.854629,3.854629
2024-09-12 14:30:00,raw_uncorrected,data_error_only,-2.71617,2.71617
2024-09-12 14:45:00,raw_uncorrected,data_error_only,-2.000623,2.000623
2024-09-12 15:00:00,raw_uncorrected,data_error_only,2.594542,2.594542
2024-09-12 15:15:00,raw_uncorrected,data_error_only,2.0251,2.0251
2024-09-12 15:30:00,raw_uncorrected,data_error_only,3.261666,3.261666
2024-09-12 15:45:00,raw_uncorrected,data_error_only,5.435839,5.435839
2024-09-12 16:00:00,raw_uncorrected,data_error_only,3.42753,3.42753
2024-09-12 16:15:00,raw_uncorrected,data_error_only,3.952132,3.952132
2024-09-12 16:30:00,raw_uncorrected,data_error_only,4.629173,4.629173
2024-09-12 16:45:00,raw_uncorrected,data_error_only,7.131543,7.131543
2024-09-12 17:00:00,raw_uncorrected,data_error_only,8.445533,8.445533
2024-09-12 17:15:00,raw_uncorrected,data_error_only,9.107171,9.107171
2024-09-12 17:30:00,raw_uncorrected,data_error_only,9.597173,9.597173
2024-09-12 17:45:00,raw_uncorrected,data_error_only,9.597173,9.597173
2024-09-12 18:00:00,raw_uncorrected,data_error_only,10.046365,10.046365
2024-09-12 18:15:00,raw_uncorrected,data_error_only,10.381399,10.381399
2024-09-12 18:30:00,raw_uncorrected,data_error_only,10.458995,10.458995
2024-09-12 18:45:00,raw_uncorrected,data_error_only,10.458995,10.458995
2024-09-12 19:00:00,raw_uncorrected,data_error_only,10.024367,10.024367
2024-09-12 19:15:00,raw_uncorrected,data_error_only,9.934112,9.934112
2024-09-12 19:30:00,raw_uncorrected,data_error_only,9.934112,9.934112
2024-09-12 19:45:00,raw_uncorrected,data_error_only,9.795748,9.795748
2024-09-12 20:00:00,raw_uncorrected,data_error_only,9.60558,9.60558
2024-09-12 20:15:00,raw_uncorrected,data_error_only,9.522948,9.522948
2024-09-12 20:30:00,raw_uncorrected,data_error_only,9.522948,9.522948
2024-09-12 20:45:00,raw_uncorrected,data_error_only,9.37574,9.37574
2024-09-12 21:00:00,raw_uncorrected,data_error_only,9.231561,9.231561
2024-09-12 21:15:00,raw_uncorrected,data_error_only,8.660353,8.660353
2024-09-12 21:30:00,raw_uncorrected,data_error_only,8.660353,8.660353
2024-09-12 21:45:00,raw_uncorrected,data_error_only,8.660353,8.660353
2024-09-12 22:00:00,raw_uncorrected,data_error_only,8.660353,8.660353
2024-09-12 22:15:00,raw_uncorrected,data_error_only,8.811845,8.811845
2024-09-12 22:30:00,raw_uncorrected,data_error_only,8.91336,8.91336
2024-09-12 22:45:00,raw_uncorrected,data_error_only,8.6353,8.6353
2024-09-12 23:00:00,raw_uncorrected,data_error_only,8.296563,8.296563
2024-09-12 23:15:00,raw_uncorrected,data_error_only,8.496361,8.496361
2024-09-12 23:30:00,raw_uncorrected,data_error_only,8.496361,8.496361
2024-09-12 23:45:00,raw_uncorrected,data_error_only,8.200922,8.200922
2024-09-13 00:00:00,raw_uncorrected,data_error_only,8.200922,8.200922
2024-09-13 00:15:00,raw_uncorrected,data_error_only,8.055133,8.055133
2024-09-13 00:30:00,raw_uncorrected,data_error_only,7.924664,7.924664
2024-09-13 00:45:00,raw_uncorrected,data_error_only,7.628841,7.628841
2024-09-13 01:00:00,raw_uncorrected,data_error_only,7.628841,7.628841
2024-09-13 01:15:00,raw_uncorrected,data_error_only,7.409443,7.409443
2024-09-13 01:30:00,raw_uncorrected,data_error_only,6.881206,6.881206
2024-09-13 01:45:00,raw_uncorrected,data_error_only,6.64591,6.64591
2024-09-13 02:00:00,raw_uncorrected,data_error_only,6.64591,6.64591
2024-09-13 02:15:00,raw_uncorrected,data_error_only,6.364262,6.364262
2024-09-13 02:30:00,raw_uncorrected,data_error_only,6.209417,6.209417
2024-09-13 02:45:00,raw_uncorrected,data_error_only,6.209417,6.209417
2024-09-13 03:00:00,raw_uncorrected,data_error_only,6.209417,6.209417
2024-09-13 03:15:00,raw_uncorrected,data_error_only,6.11652,6.11652
2024-09-13 03:30:00,raw_uncorrected,data_error_only,6.11652,6.11652
2024-09-13 03:45:00,raw_uncorrected,data_error_only,6.021637,6.021637
2024-09-13 04:00:00,raw_uncorrected,data_error_only,6.021637,6.021637
2024-09-13 04:15:00,raw_uncorrected,data_error_only,5.963845,5.963845
2024-09-13 04:30:00,raw_uncorrected,data_error_only,5.963845,5.963845
2024-09-13 04:45:00,raw_uncorrected,data_error_only,5.963845,5.963845
2024-09-13 05:00:00,raw_uncorrected,data_error_only,5.963845,5.963845
2024-09-13 05:15:00,raw_uncorrected,data_error_only,6.133209,6.133209
2024-09-13 05:30:00,raw_uncorrected,data_error_only,6.418922,6.418922
2024-09-13 05:45:00,raw_uncorrected,data_error_only,6.642289,6.642289
2024-09-13 06:00:00,raw_uncorrected,data_error_only,6.642289,6.642289
2024-09-13 06:15:00,raw_uncorrected,data_error_only,6.908611,6.908611
2024-09-13 06:30:00,raw_uncorrected,data_error_only,6.908611,6.908611
2024-09-13 06:45:00,raw_uncorrected,data_error_only,6.908611,6.908611
2024-09-13 07:00:00,raw_uncorrected,data_error_only,6.908611,6.908611
2024-09-13 07:15:00,raw_uncorrected,data_error_only,6.717002,6.717002
2024-09-13 07:30:00,raw_uncorrected,data_error_only,6.434371,6.434371
2024-09-13 07:45:00,raw_uncorrected,data_error_only,5.640187,5.640187
2024-09-13 08:00:00,raw_uncorrected,data_error_only,5.813758,5.813758
2024-09-13 08:15:00,raw_uncorrected,data_error_only,4.868017,4.868017
2024-09-13 08:30:00,raw_uncorrected,data_error_only,6.005115,6.005115
2024-09-13 08:45:00,raw_uncorrected,data_error_only,3.468834,3.468834
2024-09-13 09:00:00,raw_uncorrected,data_error_only,2.170301,2.170301
2024-09-13 09:15:00,raw_uncorrected,data_error_only,-1.758304,1.758304
2024-09-13 09:30:00,raw_uncorrected,data_error_only,-1.792131,1.792131
2024-09-13 09:45:00,raw_uncorrected,data_error_only,-1.944533,1.944533
2024-09-13 10:00:00,raw_uncorrected,data_error_only,-2.402706,2.402706
2024-09-13 10:15:00,raw_uncorrected,data_error_only,-4.050611,4.050611
2024-09-13 10:30:00,raw_uncorrected,data_error_only,-2.730786,2.730786
2024-09-13 10:45:00,raw_uncorrected,data_error_only,-2.992112,2.992112
2024-09-13 11:00:00,raw_uncorrected,data_error_only,-3.231633,3.231633
2024-09-13 11:15:00,raw_uncorrected,data_error_only,-3.658455,3.658455
2024-09-13 11:30:00,raw_uncorrected,data_error_only,-3.602273,3.602273
2024-09-13 11:45:00,raw_uncorrected,data_error_only,-1.623776,1.623776
2024-09-13 12:00:00,raw_uncorrected,data_error_only,-1.525539,1.525539
2024-09-13 12:15:00,raw_uncorrected,data_error_only,3.64072,3.64072
2024-09-13 12:30:00,raw_uncorrected,data_error_only,3.057015,3.057015
2024-09-13 12:45:00,raw_uncorrected,data_error_only,3.711816,3.711816
2024-09-13 13:00:00,raw_uncorrected,data_error_only,2.415062,2.415062
2024-09-13 13:15:00,raw_uncorrected,data_error_only,3.503795,3.503795
2024-09-13 13:30:00,raw_uncorrected,data_error_only,2.495074,2.495074
2024-09-13 13:45:00,raw_uncorrected,data_error_only,3.700085,3.700085
2024-09-13 14:00:00,raw_uncorrected,data_error_only,2.064746,2.064746
2024-09-13 14:15:00,raw_uncorrected,data_error_only,2.305975,2.305975
2024-09-13 14:30:00,raw_uncorrected,data_error_only,2.985668,2.985668
2024-09-13 14:45:00,raw_uncorrected,data_error_only,2.915934,2.915934
2024-09-13 15:00:00,raw_uncorrected,data_error_only,1.933392,1.933392
2024-09-13 15:15:00,raw_uncorrected,data_error_only,2.607446,2.607446
2024-09-13 15:30:00,raw_uncorrected,data_error_only,1.855504,1.855504
2024-09-13 15:45:00,raw_uncorrected,data_error_only,1.855504,1.855504
2024-09-13 16:00:00,raw_uncorrected,data_error_only,2.278839,2.278839
2024-09-13 16:15:00,raw_uncorrected,data_error_only,3.185736,3.185736
2024-09-13 16:30:00,raw_uncorrected,data_error_only,4.265948,4.265948
2024-09-13 16:45:00,raw_uncorrected,data_error_only,5.664974,5.664974
2024-09-13 17:00:00,raw_uncorrected,data_error_only,7.283908,7.283908
2024-09-13 17:15:00,raw_uncorrected,data_error_only,8.122145,8.122145
2024-09-13 17:30:00,raw_uncorrected,data_error_only,8.791395,8.791395
2024-09-13 17:45:00,raw_uncorrected,data_error_only,9.331482,9.331482
2024-09-13 18:00:00,raw_uncorrected,data_error_only,9.926883,9.926883
2024-09-13 18:15:00,raw_uncorrected,data_error_only,10.541953,10.541953
2024-09-13 18:30:00,raw_uncorrected,data_error_only,10.720881,10.720881
2024-09-13 18:45:00,raw_uncorrected,data_error_only,10.720881,10.720881
2024-09-13 19:00:00,raw_uncorrected,data_error_only,10.720881,10.720881
2024-09-13 19:15:00,raw_uncorrected,data_error_only,10.62079,10.62079
2024-09-13 19:30:00,raw_uncorrected,data_error_only,10.62079,10.62079
2024-09-13 19:45:00,raw_uncorrected,data_error_only,10.62079,10.62079
2024-09-13 20:00:00,raw_uncorrected,data_error_only,10.345029,10.345029
2024-09-13 20:15:00,raw_uncorrected,data_error_only,10.169785,10.169785
2024-09-13 20:30:00,raw_uncorrected,data_error_only,10.083338,10.083338
2024-09-13 20:45:00,raw_uncorrected,data_error_only,10.083338,10.083338
2024-09-13 21:00:00,raw_uncorrected,data_error_only,10.083338,10.083338
2024-09-13 21:15:00,raw_uncorrected,data_error_only,9.598302,9.598302
2024-09-13 21:30:00,raw_uncorrected,data_error_only,9.612545,9.612545
2024-09-13 21:45:00,raw_uncorrected,data_error_only,9.612545,9.612545
2024-09-13 22:00:00,raw_uncorrected,data_error_only,9.204069,9.204069
2024-09-13 22:15:00,raw_uncorrected,data_error_only,9.812466,9.812466
2024-09-13 22:30:00,raw_uncorrected,data_error_only,9.812466,9.812466
2024-09-13 22:45:00,raw_uncorrected,data_error_only,9.812466,9.812466
2024-09-13 23:00:00,raw_uncorrected,data_error_only,9.506103,9.506103
2024-09-13 23:15:00,raw_uncorrected,data_error_only,9.315937,9.315937
2024-09-13 23:30:00,raw_uncorrected,data_error_only,8.860814,8.860814
2024-09-13 23:45:00,raw_uncorrected,data_error_only,8.978047,8.978047
2024-09-14 00:00:00,raw_uncorrected,data_error_only,8.712106,8.712106
2024-09-14 00:15:00,raw_uncorrected,data_error_only,8.644213,8.644213
2024-09-14 00:30:00,raw_uncorrected,data_error_only,8.48026,8.48026
2024-09-14 00:45:00,raw_uncorrected,data_error_only,8.23876,8.23876
2024-09-14 01:00:00,raw_uncorrected,data_error_only,8.23876,8.23876
2024-09-14 01:15:00,raw_uncorrected,data_error_only,7.945016,7.945016
2024-09-14 01:30:00,raw_uncorrected,data_error_only,7.592349,7.592349
2024-09-14 01:45:00,raw_uncorrected,data_error_only,7.36731,7.36731
2024-09-14 02:00:00,raw_uncorrected,data_error_only,7.142174,7.142174
2024-09-14 02:15:00,raw_uncorrected,data_error_only,7.089625,7.089625
2024-09-14 02:30:00,raw_uncorrected,data_error_only,6.959955,6.959955
2024-09-14 02:45:00,raw_uncorrected,data_error_only,6.959955,6.959955
2024-09-14 03:00:00,raw_uncorrected,data_error_only,6.683226,6.683226
2024-09-14 03:15:00,raw_uncorrected,data_error_only,6.430556,6.430556
2024-09-14 03:30:00,raw_uncorrected,data_error_only,6.392961,6.392961
2024-09-14 03:45:00,raw_uncorrected,data_error_only,6.392961,6.392961
2024-09-14 04:00:00,raw_uncorrected,data_error_only,6.392961,6.392961
2024-09-14 04:15:00,raw_uncorrected,data_error_only,6.176399,6.176399
2024-09-14 04:30:00,raw_uncorrected,data_error_only,6.176399,6.176399
2024-09-14 04:45:00,raw_uncorrected,data_error_only,6.176399,6.176399
2024-09-14 05:00:00,raw_uncorrected,data_error_only,6.176399,6.176399
2024-09-14 05:15:00,raw_uncorrected,data_error_only,6.464277,6.464277
2024-09-14 05:30:00,raw_uncorrected,data_error_only,6.464277,6.464277
2024-09-14 05:45:00,raw_uncorrected,data_error_only,6.905047,6.905047
2024-09-14 06:00:00,raw_uncorrected,data_error_only,6.905047,6.905047
2024-09-14 06:15:00,raw_uncorrected,data_error_only,6.973072,6.973072
2024-09-14 06:30:00,raw_uncorrected,data_error_only,6.973072,6.973072
2024-09-14 06:45:00,raw_uncorrected,data_error_only,6.245944,6.245944
2024-09-14 07:00:00,raw_uncorrected,data_error_only,5.73091,5.73091
2024-09-14 07:15:00,raw_uncorrected,data_error_only,5.289236,5.289236
2024-09-14 07:30:00,raw_uncorrected,data_error_only,4.761798,4.761798
2024-09-14 07:45:00,raw_uncorrected,data_error_only,3.992389,3.992389
2024-09-14 08:00:00,raw_uncorrected,data_error_only,3.159552,3.159552
2024-09-14 08:15:00,raw_uncorrected,data_error_only,2.334467,2.334467
2024-09-14 08:30:00,raw_uncorrected,data_error_only,1.552349,1.552349
2024-09-14 08:45:00,raw_uncorrected,data_error_only,-1.552349,1.552349
2024-09-14 09:00:00,raw_uncorrected,data_error_only,-1.730184,1.730184
2024-09-14 09:15:00,raw_uncorrected,data_error_only,-2.238858,2.238858
2024-09-14 09:30:00,raw_uncorrected,data_error_only,-2.969266,2.969266
2024-09-14 09:45:00,raw_uncorrected,data_error_only,-3.572124,3.572124
2024-09-14 10:00:00,raw_uncorrected,data_error_only,-4.235538,4.235538
2024-09-14 10:15:00,raw_uncorrected,data_error_only,-4.950159,4.950159
2024-09-14 10:30:00,raw_uncorrected,data_error_only,-5.647918,5.647918
2024-09-14 10:45:00,raw_uncorrected,data_error_only,-5.869514,5.869514
2024-09-14 11:00:00,raw_uncorrected,data_error_only,-6.365229,6.365229
2024-09-14 11:15:00,raw_uncorrected,data_error_only,-6.668963,6.668963
2024-09-14 11:30:00,raw_uncorrected,data_error_only,-7.001731,7.001731
2024-09-14 11:45:00,raw_uncorrected,data_error_only,-6.781119,6.781119
2024-09-14 12:00:00,raw_uncorrected,data_error_only,-6.781119,6.781119
2024-09-14 12:15:00,raw_uncorrected,data_error_only,-7.112097,7.112097
2024-09-14 12:30:00,raw_uncorrected,data_error_only,-7.112097,7.112097
2024-09-14 12:45:00,raw_uncorrected,data_error_only,-6.902075,6.902075
2024-09-14 13:00:00,raw_uncorrected,data_error_only,-6.902075,6.902075
2024-09-14 13:15:00,raw_uncorrected,data_error_only,-6.584549,6.584549
2024-09-14 13:30:00,raw_uncorrected,data_error_only,-6.388343,6.388343
2024-09-14 13:45:00,raw_uncorrected,data_error_only,-5.930026,5.930026
2024-09-14 14:00:00,raw_uncorrected,data_error_only,-5.486341,5.486341
2024-09-14 14:15:00,raw_uncorrected,data_error_only,-5.051047,5.051047
2024-09-14 14:30:00,raw_uncorrected,data_error_only,-4.153481,4.153481
2024-09-14 14:45:00,raw_uncorrected,data_error_only,-3.873935,3.873935
2024-09-14 15:00:00,raw_uncorrected,data_error_only,-3.174797,3.174797
2024-09-14 15:15:00,raw_uncorrected,data_error_only,-2.285767,2.285767
2024-09-14 15:30:00,raw_uncorrected,data_error_only,4.171182,4.171182
2024-09-14 15:45:00,raw_uncorrected,data_error_only,3.712777,3.712777
2024-09-14 16:00:00,raw_uncorrected,data_error_only,2.988115,2.988115
2024-09-14 16:15:00,raw_uncorrected,data_error_only,2.645689,2.645689
2024-09-14 16:30:00,raw_uncorrected,data_error_only,5.051918,5.051918
2024-09-14 16:45:00,raw_uncorrected,data_error_only,5.356652,5.356652
2024-09-14 17:00:00,raw_uncorrected,data_error_only,6.3222,6.3222
2024-09-14 17:15:00,raw_uncorrected,data_error_only,7.052126,7.052126
2024-09-14 17:30:00,raw_uncorrected,data_error_only,8.03829,8.03829
2024-09-14 17:45:00,raw_uncorrected,data_error_only,8.844279,8.844279
2024-09-14 18:00:00,raw_uncorrected,data_error_only,9.068629,9.068629
2024-09-14 18:15:00,raw_uncorrected,data_error_only,9.587802,9.587802
2024-09-14 18:30:00,raw_uncorrected,data_error_only,9.587802,9.587802
2024-09-14 18:45:00,raw_uncorrected,data_error_only,9.587802,9.587802
2024-09-14 19:00:00,raw_uncorrected,data_error_only,9.587802,9.587802
2024-09-14 19:15:00,raw_uncorrected,data_error_only,9.41164,9.41164
2024-09-14 19:30:00,raw_uncorrected,data_error_only,9.307998,9.307998
2024-09-14 19:45:00,raw_uncorrected,data_error_only,9.143976,9.143976
2024-09-14 20:00:00,raw_uncorrected,data_error_only,9.143976,9.143976
2024-09-14 20:15:00,raw_uncorrected,data_error_only,8.721618,8.721618
2024-09-14 20:30:00,raw_uncorrected,data_error_only,8.721618,8.721618
2024-09-14 20:45:00,raw_uncorrected,data_error_only,8.721618,8.721618
2024-09-14 21:00:00,raw_uncorrected,data_error_only,8.721618,8.721618
2024-09-14 21:15:00,raw_uncorrected,data_error_only,8.511085,8.511085
2024-09-14 21:30:00,raw_uncorrected,data_error_only,8.407574,8.407574
2024-09-14 21:45:00,raw_uncorrected,data_error_only,8.631826,8.631826
2024-09-14 22:00:00,raw_uncorrected,data_error_only,8.407574,8.407574
2024-09-14 22:15:00,raw_uncorrected,data_error_only,8.375493,8.375493
2024-09-14 22:30:00,raw_uncorrected,data_error_only,8.271895,8.271895
2024-09-14 22:45:00,raw_uncorrected,data_error_only,8.271895,8.271895
2024-09-14 23:00:00,raw_uncorrected,data_error_only,8.271895,8.271895
2024-09-14 23:15:00,raw_uncorrected,data_error_only,8.270481,8.270481
2024-09-14 23:30:00,raw_uncorrected,data_error_only,8.080309,8.080309
2024-09-14 23:45:00,raw_uncorrected,data_error_only,7.803824,7.803824
2024-09-15 00:00:00,raw_uncorrected,data_error_only,7.803824,7.803824
2024-09-15 00:15:00,raw_uncorrected,data_error_only,7.826126,7.826126
2024-09-15 00:30:00,raw_uncorrected,data_error_only,7.826126,7.826126
2024-09-15 00:45:00,raw_uncorrected,data_error_only,7.645459,7.645459
2024-09-15 01:00:00,raw_uncorrected,data_error_only,7.660848,7.660848
2024-09-15 01:15:00,raw_uncorrected,data_error_only,7.283098,7.283098
2024-09-15 01:30:00,raw_uncorrected,data_error_only,6.941315,6.941315
2024-09-15 01:45:00,raw_uncorrected,data_error_only,6.715391,6.715391
2024-09-15 02:00:00,raw_uncorrected,data_error_only,6.489566,6.489566
2024-09-15 02:15:00,raw_uncorrected,data_error_only,6.350547,6.350547
2024-09-15 02:30:00,raw_uncorrected,data_error_only,6.237586,6.237586
2024-09-15 02:45:00,raw_uncorrected,data_error_only,6.037817,6.037817
2024-09-15 03:00:00,raw_uncorrected,data_error_only,6.037817,6.037817
2024-09-15 03:15:00,raw_uncorrected,data_error_only,6.190874,6.190874
2024-09-15 03:30:00,raw_uncorrected,data_error_only,6.190874,6.190874
2024-09-15 03:45:00,raw_uncorrected,data_error_only,6.190874,6.190874
2024-09-15 04:00:00,raw_uncorrected,data_error_only,6.190874,6.190874
2024-09-15 04:15:00,raw_uncorrected,data_error_only,5.884029,5.884029
2024-09-15 04:30:00,raw_uncorrected,data_error_only,5.82124,5.82124
2024-09-15 04:45:00,raw_uncorrected,data_error_only,5.82124,5.82124
2024-09-15 05:00:00,raw_uncorrected,data_error_only,5.82124,5.82124
2024-09-15 05:15:00,raw_uncorrected,data_error_only,6.009088,6.009088
2024-09-15 05:30:00,raw_uncorrected,data_error_only,6.009088,6.009088
2024-09-15 05:45:00,raw_uncorrected,data_error_only,6.009088,6.009088
2024-09-15 06:00:00,raw_uncorrected,data_error_only,6.009088,6.009088
2024-09-15 06:15:00,raw_uncorrected,data_error_only,6.27975,6.27975
2024-09-15 06:30:00,raw_uncorrected,data_error_only,6.27975,6.27975
2024-09-15 06:45:00,raw_uncorrected,data_error_only,6.27975,6.27975
2024-09-15 07:00:00,raw_uncorrected,data_error_only,5.761277,5.761277
2024-09-15 07:15:00,raw_uncorrected,data_error_only,5.890403,5.890403
2024-09-15 07:30:00,raw_uncorrected,data_error_only,4.234735,4.234735
2024-09-15 07:45:00,raw_uncorrected,data_error_only,3.092587,3.092587
2024-09-15 08:00:00,raw_uncorrected,data_error_only,2.409049,2.409049
2024-09-15 08:15:00,raw_uncorrected,data_error_only,1.859076,1.859076
2024-09-15 08:30:00,raw_uncorrected,data_error_only,1.702546,1.702546
2024-09-15 08:45:00,raw_uncorrected,data_error_only,-1.702546,1.702546
2024-09-15 09:00:00,raw_uncorrected,data_error_only,-1.926011,1.926011
2024-09-15 09:15:00,raw_uncorrected,data_error_only,-2.359466,2.359466
2024-09-15 09:30:00,raw_uncorrected,data_error_only,-2.927327,2.927327
2024-09-15 09:45:00,raw_uncorrected,data_error_only,-2.045016,2.045016
2024-09-15 10:00:00,raw_uncorrected,data_error_only,-1.855782,1.855782
2024-09-15 10:15:00,raw_uncorrected,data_error_only,-2.708373,2.708373
2024-09-15 10:30:00,raw_uncorrected,data_error_only,-2.010871,2.010871
2024-09-15 10:45:00,raw_uncorrected,data_error_only,-1.921936,1.921936
2024-09-15 11:00:00,raw_uncorrected,data_error_only,-2.711255,2.711255
2024-09-15 11:15:00,raw_uncorrected,data_error_only,-2.719456,2.719456
2024-09-15 11:30:00,raw_uncorrected,data_error_only,-2.613298,2.613298
2024-09-15 11:45:00,raw_uncorrected,data_error_only,-4.199278,4.199278
2024-09-15 12:00:00,raw_uncorrected,data_error_only,-3.018104,3.018104
2024-09-15 12:15:00,raw_uncorrected,data_error_only,-3.196952,3.196952
2024-09-15 12:30:00,raw_uncorrected,data_error_only,-4.92868,4.92868
2024-09-15 12:45:00,raw_uncorrected,data_error_only,-5.821066,5.821066
2024-09-15 13:00:00,raw_uncorrected,data_error_only,-4.355795,4.355795
2024-09-15 13:15:00,raw_uncorrected,data_error_only,-3.318898,3.318898
2024-09-15 13:30:00,raw_uncorrected,data_error_only,-2.76229,2.76229
2024-09-15 13:45:00,raw_uncorrected,data_error_only,-4.163969,4.163969
2024-09-15 14:00:00,raw_uncorrected,data_error_only,-2.530858,2.530858
2024-09-15 14:15:00,raw_uncorrected,data_error_only,-1.686617,1.686617
2024-09-15 14:30:00,raw_uncorrected,data_error_only,-1.577574,1.577574
2024-09-15 14:45:00,raw_uncorrected,data_error_only,2.189354,2.189354
2024-09-15 15:00:00,raw_uncorrected,data_error_only,1.740963,1.740963
2024-09-15 15:15:00,raw_uncorrected,data_error_only,2.545078,2.545078
2024-09-15 15:30:00,raw_uncorrected,data_error_only,2.210872,2.210872
2024-09-15 15:45:00,raw_uncorrected,data_error_only,4.317189,4.317189
2024-09-15 16:00:00,raw_uncorrected,data_error_only,6.524398,6.524398
2024-09-15 16:15:00,raw_uncorrected,data_error_only,5.485592,5.485592
2024-09-15 16:30:00,raw_uncorrected,data_error_only,6.788345,6.788345
2024-09-15 16:45:00,raw_uncorrected,data_error_only,7.425226,7.425226
2024-09-15 17:00:00,raw_uncorrected,data_error_only,8.836473,8.836473
2024-09-15 17:15:00,raw_uncorrected,data_error_only,9.863977,9.863977
2024-09-15 17:30:00,raw_uncorrected,data_error_only,10.745535,10.745535
2024-09-15 17:45:00,raw_uncorrected,data_error_only,11.737349,11.737349
2024-09-15 18:00:00,raw_uncorrected,data_error_only,12.564694,12.564694
2024-09-15 18:15:00,raw_uncorrected,data_error_only,13.266768,13.266768
2024-09-15 18:30:00,raw_uncorrected,data_error_only,13.73547,13.73547
2024-09-15 18:45:00,raw_uncorrected,data_error_only,13.509251,13.509251
2024-09-15 19:00:00,raw_uncorrected,data_error_only,13.283131,13.283131
2024-09-15 19:15:00,raw_uncorrected,data_error_only,13.262794,13.262794
2024-09-15 19:30:00,raw_uncorrected,data_error_only,12.836375,12.836375
2024-09-15 19:45:00,raw_uncorrected,data_error_only,12.38384,12.38384
2024-09-15 20:00:00,raw_uncorrected,data_error_only,12.38384,12.38384
2024-09-15 20:15:00,raw_uncorrected,data_error_only,11.849331,11.849331
2024-09-15 20:30:00,raw_uncorrected,data_error_only,11.849331,11.849331
2024-09-15 20:45:00,raw_uncorrected,data_error_only,11.453818,11.453818
2024-09-15 21:00:00,raw_uncorrected,data_error_only,11.227993,11.227993
2024-09-15 21:15:00,raw_uncorrected,data_error_only,10.68982,10.68982
2024-09-15 21:30:00,raw_uncorrected,data_error_only,10.151957,10.151957
2024-09-15 21:45:00,raw_uncorrected,data_error_only,10.378865,10.378865
2024-09-15 22:00:00,raw_uncorrected,data_error_only,10.109568,10.109568
2024-09-15 22:15:00,raw_uncorrected,data_error_only,9.868703,9.868703
2024-09-15 22:30:00,raw_uncorrected,data_error_only,9.584565,9.584565
2024-09-15 22:45:00,raw_uncorrected,data_error_only,9.135964,9.135964
2024-09-15 23:00:00,raw_uncorrected,data_error_only,8.911614,8.911614
2024-09-15 23:15:00,raw_uncorrected,data_error_only,9.03342,9.03342
2024-09-15 23:30:00,raw_uncorrected,data_error_only,8.842916,8.842916
2024-09-15 23:45:00,raw_uncorrected,data_error_only,8.625194,8.625194
2024-09-16 00:00:00,raw_uncorrected,data_error_only,8.39917,8.39917
2024-09-16 00:15:00,raw_uncorrected,data_error_only,8.243417,8.243417
2024-09-16 00:30:00,raw_uncorrected,data_error_only,8.243417,8.243417
2024-09-16 00:45:00,raw_uncorrected,data_error_only,7.868726,7.868726
2024-09-16 01:00:00,raw_uncorrected,data_error_only,7.762762,7.762762
2024-09-16 01:15:00,raw_uncorrected,data_error_only,7.766039,7.766039
2024-09-16 01:30:00,raw_uncorrected,data_error_only,7.347996,7.347996
2024-09-16 01:45:00,raw_uncorrected,data_error_only,7.12345,7.12345
2024-09-16 02:00:00,raw_uncorrected,data_error_only,7.092368,7.092368
2024-09-16 02:15:00,raw_uncorrected,data_error_only,6.981142,6.981142
2024-09-16 02:30:00,raw_uncorrected,data_error_only,6.895062,6.895062
2024-09-16 02:45:00,raw_uncorrected,data_error_only,6.653984,6.653984
2024-09-16 03:00:00,raw_uncorrected,data_error_only,6.653984,6.653984
2024-09-16 03:15:00,raw_uncorrected,data_error_only,6.496101,6.496101
2024-09-16 03:30:00,raw_uncorrected,data_error_only,6.496101,6.496101
2024-09-16 03:45:00,raw_uncorrected,data_error_only,6.496101,6.496101
2024-09-16 04:00:00,raw_uncorrected,data_error_only,6.496101,6.496101
2024-09-16 04:15:00,raw_uncorrected,data_error_only,6.565115,6.565115
2024-09-16 04:30:00,raw_uncorrected,data_error_only,6.565115,6.565115
2024-09-16 04:45:00,raw_uncorrected,data_error_only,6.565115,6.565115
2024-09-16 05:00:00,raw_uncorrected,data_error_only,6.711382,6.711382
2024-09-16 05:15:00,raw_uncorrected,data_error_only,7.154009,7.154009
2024-09-16 05:30:00,raw_uncorrected,data_error_only,7.265966,7.265966
2024-09-16 05:45:00,raw_uncorrected,data_error_only,7.792416,7.792416
2024-09-16 06:00:00,raw_uncorrected,data_error_only,8.016079,8.016079
2024-09-16 06:15:00,raw_uncorrected,data_error_only,8.348802,8.348802
2024-09-16 06:30:00,raw_uncorrected,data_error_only,8.366568,8.366568
2024-09-16 06:45:00,raw_uncorrected,data_error_only,7.821074,7.821074
2024-09-16 07:00:00,raw_uncorrected,data_error_only,7.172586,7.172586
2024-09-16 07:15:00,raw_uncorrected,data_error_only,6.19693,6.19693
2024-09-16 07:30:00,raw_uncorrected,data_error_only,5.347866,5.347866
2024-09-16 07:45:00,raw_uncorrected,data_error_only,4.316364,4.316364
2024-09-16 08:00:00,raw_uncorrected,data_error_only,3.302288,3.302288
2024-09-16 08:15:00,raw_uncorrected,data_error_only,2.215284,2.215284
2024-09-16 08:30:00,raw_uncorrected,data_error_only,1.509072,1.509072
2024-09-16 08:45:00,raw_uncorrected,data_error_only,-1.499966,1.499966
2024-09-16 09:00:00,raw_uncorrected,data_error_only,-2.190898,2.190898
2024-09-16 09:15:00,raw_uncorrected,data_error_only,-3.123465,3.123465
2024-09-16 09:30:00,raw_uncorrected,data_error_only,-3.929793,3.929793
2024-09-16 09:45:00,raw_uncorrected,data_error_only,-4.597936,4.597936
2024-09-16 10:00:00,raw_uncorrected,data_error_only,-5.305223,5.305223
2024-09-16 10:15:00,raw_uncorrected,data_error_only,-5.890396,5.890396
2024-09-16 10:30:00,raw_uncorrected,data_error_only,-6.463582,6.463582
2024-09-16 10:45:00,raw_uncorrected,data_error_only,-7.155466,7.155466
2024-09-16 11:00:00,raw_uncorrected,data_error_only,-7.155466,7.155466
2024-09-16 11:15:00,raw_uncorrected,data_error_only,-7.296793,7.296793
2024-09-16 11:30:00,raw_uncorrected,data_error_only,-7.62619,7.62619
2024-09-16 11:45:00,raw_uncorrected,data_error_only,-7.845721,7.845721
2024-09-16 12:00:00,raw_uncorrected,data_error_only,-7.845721,7.845721
2024-09-16 12:15:00,raw_uncorrected,data_error_only,-7.858061,7.858061
2024-09-16 12:30:00,raw_uncorrected,data_error_only,-7.858061,7.858061
2024-09-16 12:45:00,raw_uncorrected,data_error_only,-7.714259,7.714259
2024-09-16 13:00:00,raw_uncorrected,data_error_only,-7.714259,7.714259
2024-09-16 13:15:00,raw_uncorrected,data_error_only,-7.18459,7.18459
2024-09-16 13:30:00,raw_uncorrected,data_error_only,-6.952115,6.952115
2024-09-16 13:45:00,raw_uncorrected,data_error_only,-6.722131,6.722131
2024-09-16 14:00:00,raw_uncorrected,data_error_only,-6.168123,6.168123
2024-09-16 14:15:00,raw_uncorrected,data_error_only,-5.439457,5.439457
2024-09-16 14:30:00,raw_uncorrected,data_error_only,-5.01022,5.01022
2024-09-16 14:45:00,raw_uncorrected,data_error_only,-4.569388,4.569388
2024-09-16 15:00:00,raw_uncorrected,data_error_only,-3.863672,3.863672
2024-09-16 15:15:00,raw_uncorrected,data_error_only,-2.975073,2.975073
2024-09-16 15:30:00,raw_uncorrected,data_error_only,-2.196825,2.196825
2024-09-16 15:45:00,raw_uncorrected,data_error_only,-1.969994,1.969994
2024-09-16 16:00:00,raw_uncorrected,data_error_only,2.191893,2.191893
2024-09-16 16:15:00,raw_uncorrected,data_error_only,2.912556,2.912556
2024-09-16 16:30:00,raw_uncorrected,data_error_only,4.003428,4.003428
2024-09-16 16:45:00,raw_uncorrected,data_error_only,5.338772,5.338772
2024-09-16 17:00:00,raw_uncorrected,data_error_only,6.900519,6.900519
2024-09-16 17:15:00,raw_uncorrected,data_error_only,8.031447,8.031447
2024-09-16 17:30:00,raw_uncorrected,data_error_only,9.12956,9.12956
2024-09-16 17:45:00,raw_uncorrected,data_error_only,10.274532,10.274532
2024-09-16 18:00:00,raw_uncorrected,data_error_only,11.000289,11.000289
2024-09-16 18:15:00,raw_uncorrected,data_error_only,11.714166,11.714166
2024-09-16 18:30:00,raw_uncorrected,data_error_only,11.714166,11.714166
2024-09-16 18:45:00,raw_uncorrected,data_error_only,11.714166,11.714166
2024-09-16 19:00:00,raw_uncorrected,data_error_only,11.546317,11.546317
2024-09-16 19:15:00,raw_uncorrected,data_error_only,11.283048,11.283048
2024-09-16 19:30:00,raw_uncorrected,data_error_only,11.128,11.128
2024-09-16 19:45:00,raw_uncorrected,data_error_only,10.904964,10.904964
2024-09-16 20:00:00,raw_uncorrected,data_error_only,10.904964,10.904964
2024-09-16 20:15:00,raw_uncorrected,data_error_only,10.652787,10.652787
2024-09-16 20:30:00,raw_uncorrected,data_error_only,10.652787,10.652787
2024-09-16 20:45:00,raw_uncorrected,data_error_only,10.50661,10.50661
2024-09-16 21:00:00,raw_uncorrected,data_error_only,10.217334,10.217334
2024-09-16 21:15:00,raw_uncorrected,data_error_only,9.848489,9.848489
2024-09-16 21:30:00,raw_uncorrected,data_error_only,9.580142,9.580142
2024-09-16 21:45:00,raw_uncorrected,data_error_only,9.580142,9.580142
2024-09-16 22:00:00,raw_uncorrected,data_error_only,9.131343,9.131343
2024-09-16 22:15:00,raw_uncorrected,data_error_only,9.573923,9.573923
2024-09-16 22:30:00,raw_uncorrected,data_error_only,9.453165,9.453165
2024-09-16 22:45:00,raw_uncorrected,data_error_only,9.226609,9.226609
2024-09-16 23:00:00,raw_uncorrected,data_error_only,9.226609,9.226609
2024-09-16 23:15:00,raw_uncorrected,data_error_only,9.094065,9.094065
2024-09-16 23:30:00,raw_uncorrected,data_error_only,8.938122,8.938122
2024-09-16 23:45:00,raw_uncorrected,data_error_only,8.712985,8.712985
2024-09-17 00:00:00,raw_uncorrected,data_error_only,8.48775,8.48775
2024-09-17 00:15:00,raw_uncorrected,data_error_only,8.346928,8.346928
2024-09-17 00:30:00,raw_uncorrected,data_error_only,8.260438,8.260438
2024-09-17 00:45:00,raw_uncorrected,data_error_only,8.026847,8.026847
2024-09-17 01:00:00,raw_uncorrected,data_error_only,8.026847,8.026847
2024-09-17 01:15:00,raw_uncorrected,data_error_only,7.82557,7.82557
2024-09-17 01:30:00,raw_uncorrected,data_error_only,7.634818,7.634818
2024-09-17 01:45:00,raw_uncorrected,data_error_only,7.341824,7.341824
2024-09-17 02:00:00,raw_uncorrected,data_error_only,7.341824,7.341824
2024-09-17 02:15:00,raw_uncorrected,data_error_only,7.054974,7.054974
2024-09-17 02:30:00,raw_uncorrected,data_error_only,6.925588,6.925588
2024-09-17 02:45:00,raw_uncorrected,data_error_only,6.925588,6.925588
2024-09-17 03:00:00,raw_uncorrected,data_error_only,6.659979,6.659979
2024-09-17 03:15:00,raw_uncorrected,data_error_only,6.463145,6.463145
2024-09-17 03:30:00,raw_uncorrected,data_error_only,6.402804,6.402804
2024-09-17 03:45:00,raw_uncorrected,data_error_only,6.402804,6.402804
2024-09-17 04:00:00,raw_uncorrected,data_error_only,6.402804,6.402804
2024-09-17 04:15:00,raw_uncorrected,data_error_only,6.564044,6.564044
2024-09-17 04:30:00,raw_uncorrected,data_error_only,6.564044,6.564044
2024-09-17 04:45:00,raw_uncorrected,data_error_only,6.564044,6.564044
2024-09-17 05:00:00,raw_uncorrected,data_error_only,6.6583,6.6583
2024-09-17 05:15:00,raw_uncorrected,data_error_only,6.937359,6.937359
2024-09-17 05:30:00,raw_uncorrected,data_error_only,7.065836,7.065836
2024-09-17 05:45:00,raw_uncorrected,data_error_only,7.281485,7.281485
2024-09-17 06:00:00,raw_uncorrected,data_error_only,7.504163,7.504163
2024-09-17 06:15:00,raw_uncorrected,data_error_only,7.775129,7.775129
2024-09-17 06:30:00,raw_uncorrected,data_error_only,7.775129,7.775129
2024-09-17 06:45:00,raw_uncorrected,data_error_only,7.990378,7.990378
2024-09-17 07:00:00,raw_uncorrected,data_error_only,7.543926,7.543926
2024-09-17 07:15:00,raw_uncorrected,data_error_only,7.220908,7.220908
2024-09-17 07:30:00,raw_uncorrected,data_error_only,6.83923,6.83923
2024-09-17 07:45:00,raw_uncorrected,data_error_only,4.162057,4.162057
2024-09-17 08:00:00,raw_uncorrected,data_error_only,3.017195,3.017195
2024-09-17 08:15:00,raw_uncorrected,data_error_only,2.047578,2.047578
2024-09-17 08:30:00,raw_uncorrected,data_error_only,1.767455,1.767455
2024-09-17 08:45:00,raw_uncorrected,data_error_only,-1.590189,1.590189
2024-09-17 09:00:00,raw_uncorrected,data_error_only,-2.303617,2.303617
2024-09-17 09:15:00,raw_uncorrected,data_error_only,-3.08517,3.08517
2024-09-17 09:30:00,raw_uncorrected,data_error_only,-3.753012,3.753012
2024-09-17 09:45:00,raw_uncorrected,data_error_only,-3.532286,3.532286
2024-09-17 10:00:00,raw_uncorrected,data_error_only,-3.051019,3.051019
2024-09-17 10:15:00,raw_uncorrected,data_error_only,-4.132179,4.132179
2024-09-17 10:30:00,raw_uncorrected,data_error_only,-5.303406,5.303406
2024-09-17 10:45:00,raw_uncorrected,data_error_only,-5.208009,5.208009
2024-09-17 11:00:00,raw_uncorrected,data_error_only,-5.690659,5.690659
2024-09-17 11:15:00,raw_uncorrected,data_error_only,-6.067993,6.067993
2024-09-17 11:30:00,raw_uncorrected,data_error_only,-6.139841,6.139841
2024-09-17 11:45:00,raw_uncorrected,data_error_only,-6.108469,6.108469
2024-09-17 12:00:00,raw_uncorrected,data_error_only,-5.081984,5.081984
2024-09-17 12:15:00,raw_uncorrected,data_error_only,-3.455323,3.455323
2024-09-17 12:30:00,raw_uncorrected,data_error_only,-2.96018,2.96018
2024-09-17 12:45:00,raw_uncorrected,data_error_only,-4.80324,4.80324
2024-09-17 13:00:00,raw_uncorrected,data_error_only,-5.213974,5.213974
2024-09-17 13:15:00,raw_uncorrected,data_error_only,-6.45435,6.45435
2024-09-17 13:30:00,raw_uncorrected,data_error_only,-5.479703,5.479703
2024-09-17 13:45:00,raw_uncorrected,data_error_only,-6.315659,6.315659
2024-09-17 14:00:00,raw_uncorrected,data_error_only,-5.675471,5.675471
2024-09-17 14:15:00,raw_uncorrected,data_error_only,-4.642018,4.642018
2024-09-17 14:30:00,raw_uncorrected,data_error_only,-4.24031,4.24031
2024-09-17 14:45:00,raw_uncorrected,data_error_only,-3.472844,3.472844
2024-09-17 15:00:00,raw_uncorrected,data_error_only,-2.298824,2.298824
2024-09-17 15:15:00,raw_uncorrected,data_error_only,-2.627884,2.627884
2024-09-17 15:30:00,raw_uncorrected,data_error_only,-1.704933,1.704933
2024-09-17 15:45:00,raw_uncorrected,data_error_only,1.704933,1.704933
2024-09-17 16:00:00,raw_uncorrected,data_error_only,1.926627,1.926627
2024-09-17 16:15:00,raw_uncorrected,data_error_only,2.794094,2.794094
2024-09-17 16:30:00,raw_uncorrected,data_error_only,4.08503,4.08503
2024-09-17 16:45:00,raw_uncorrected,data_error_only,5.326678,5.326678
2024-09-17 17:00:00,raw_uncorrected,data_error_only,6.587014,6.587014
2024-09-17 17:15:00,raw_uncorrected,data_error_only,7.517662,7.517662
2024-09-17 17:30:00,raw_uncorrected,data_error_only,8.438535,8.438535
2024-09-17 17:45:00,raw_uncorrected,data_error_only,9.440287,9.440287
2024-09-17 18:00:00,raw_uncorrected,data_error_only,10.193012,10.193012
2024-09-17 18:15:00,raw_uncorrected,data_error_only,10.402959,10.402959
2024-09-17 18:30:00,raw_uncorrected,data_error_only,10.402959,10.402959
2024-09-17 18:45:00,raw_uncorrected,data_error_only,10.402959,10.402959
2024-09-17 19:00:00,raw_uncorrected,data_error_only,10.402959,10.402959
2024-09-17 19:15:00,raw_uncorrected,data_error_only,10.124726,10.124726
2024-09-17 19:30:00,raw_uncorrected,data_error_only,10.004212,10.004212
2024-09-17 19:45:00,raw_uncorrected,data_error_only,10.004212,10.004212
2024-09-17 20:00:00,raw_uncorrected,data_error_only,9.778705,9.778705
2024-09-17 20:15:00,raw_uncorrected,data_error_only,9.705214,9.705214
2024-09-17 20:30:00,raw_uncorrected,data_error_only,9.610248,9.610248
2024-09-17 20:45:00,raw_uncorrected,data_error_only,9.610248,9.610248
2024-09-17 21:00:00,raw_uncorrected,data_error_only,9.610248,9.610248
2024-09-17 21:15:00,raw_uncorrected,data_error_only,9.084197,9.084197
2024-09-17 21:30:00,raw_uncorrected,data_error_only,8.860684,8.860684
2024-09-17 21:45:00,raw_uncorrected,data_error_only,8.625456,8.625456
2024-09-17 22:00:00,raw_uncorrected,data_error_only,8.625456,8.625456
2024-09-17 22:15:00,raw_uncorrected,data_error_only,9.051477,9.051477
2024-09-17 22:30:00,raw_uncorrected,data_error_only,8.865797,8.865797
2024-09-17 22:45:00,raw_uncorrected,data_error_only,8.621652,8.621652
2024-09-17 23:00:00,raw_uncorrected,data_error_only,8.567801,8.567801
2024-09-17 23:15:00,raw_uncorrected,data_error_only,8.809962,8.809962
2024-09-17 23:30:00,raw_uncorrected,data_error_only,8.809962,8.809962
2024-09-17 23:45:00,raw_uncorrected,data_error_only,8.58439,8.58439
2024-09-18 00:00:00,raw_uncorrected,data_error_only,8.280662,8.280662
2024-09-18 00:15:00,raw_uncorrected,data_error_only,8.245168,8.245168
2024-09-18 00:30:00,raw_uncorrected,data_error_only,8.047137,8.047137
2024-09-18 00:45:00,raw_uncorrected,data_error_only,7.755849,7.755849
2024-09-18 01:00:00,raw_uncorrected,data_error_only,7.755849,7.755849
2024-09-18 01:15:00,raw_uncorrected,data_error_only,7.466827,7.466827
2024-09-18 01:30:00,raw_uncorrected,data_error_only,7.312183,7.312183
2024-09-18 01:45:00,raw_uncorrected,data_error_only,7.312183,7.312183
2024-09-18 02:00:00,raw_uncorrected,data_error_only,6.857162,6.857162
2024-09-18 02:15:00,raw_uncorrected,data_error_only,6.639404,6.639404
2024-09-18 02:30:00,raw_uncorrected,data_error_only,6.562079,6.562079
2024-09-18 02:45:00,raw_uncorrected,data_error_only,6.562079,6.562079
2024-09-18 03:00:00,raw_uncorrected,data_error_only,6.407507,6.407507
2024-09-18 03:15:00,raw_uncorrected,data_error_only,6.349156,6.349156
2024-09-18 03:30:00,raw_uncorrected,data_error_only,6.349156,6.349156
2024-09-18 03:45:00,raw_uncorrected,data_error_only,6.349156,6.349156
2024-09-18 04:00:00,raw_uncorrected,data_error_only,6.349156,6.349156
2024-09-18 04:15:00,raw_uncorrected,data_error_only,6.375322,6.375322
2024-09-18 04:30:00,raw_uncorrected,data_error_only,6.375322,6.375322
2024-09-18 04:45:00,raw_uncorrected,data_error_only,6.361916,6.361916
2024-09-18 05:00:00,raw_uncorrected,data_error_only,6.361916,6.361916
2024-09-18 05:15:00,raw_uncorrected,data_error_only,6.782441,6.782441
2024-09-18 05:30:00,raw_uncorrected,data_error_only,6.996667,6.996667
2024-09-18 05:45:00,raw_uncorrected,data_error_only,7.306429,7.306429
2024-09-18 06:00:00,raw_uncorrected,data_error_only,7.534167,7.534167
2024-09-18 06:15:00,raw_uncorrected,data_error_only,7.477104,7.477104
2024-09-18 06:30:00,raw_uncorrected,data_error_only,7.477104,7.477104
2024-09-18 06:45:00,raw_uncorrected,data_error_only,6.998873,6.998873
2024-09-18 07:00:00,raw_uncorrected,data_error_only,6.306566,6.306566
2024-09-18 07:15:00,raw_uncorrected,data_error_only,5.409718,5.409718
2024-09-18 07:30:00,raw_uncorrected,data_error_only,4.638074,4.638074
2024-09-18 07:45:00,raw_uncorrected,data_error_only,3.604865,3.604865
2024-09-18 08:00:00,raw_uncorrected,data_error_only,2.501221,2.501221
2024-09-18 08:15:00,raw_uncorrected,data_error_only,1.587158,1.587158
2024-09-18 08:30:00,raw_uncorrected,data_error_only,-1.540337,1.540337
2024-09-18 08:45:00,raw_uncorrected,data_error_only,-2.170661,2.170661
2024-09-18 09:00:00,raw_uncorrected,data_error_only,-2.9826,2.9826
2024-09-18 09:15:00,raw_uncorrected,data_error_only,-3.805287,3.805287
2024-09-18 09:30:00,raw_uncorrected,data_error_only,-4.812121,4.812121
2024-09-18 09:45:00,raw_uncorrected,data_error_only,-5.47538,5.47538
2024-09-18 10:00:00,raw_uncorrected,data_error_only,-5.997102,5.997102
2024-09-18 10:15:00,raw_uncorrected,data_error_only,-6.497142,6.497142
2024-09-18 10:30:00,raw_uncorrected,data_error_only,-7.179525,7.179525
2024-09-18 10:45:00,raw_uncorrected,data_error_only,-7.679014,7.679014
2024-09-18 11:00:00,raw_uncorrected,data_error_only,-7.900709,7.900709
2024-09-18 11:15:00,raw_uncorrected,data_error_only,-8.068451,8.068451
2024-09-18 11:30:00,raw_uncorrected,data_error_only,-8.068451,8.068451
2024-09-18 11:45:00,raw_uncorrected,data_error_only,-8.068451,8.068451
2024-09-18 12:00:00,raw_uncorrected,data_error_only,-8.068451,8.068451
2024-09-18 12:15:00,raw_uncorrected,data_error_only,-8.245311,8.245311
2024-09-18 12:30:00,raw_uncorrected,data_error_only,-8.232415,8.232415
2024-09-18 12:45:00,raw_uncorrected,data_error_only,-8.232415,8.232415
2024-09-18 13:00:00,raw_uncorrected,data_error_only,-8.232415,8.232415
2024-09-18 13:15:00,raw_uncorrected,data_error_only,-7.700438,7.700438
2024-09-18 13:30:00,raw_uncorrected,data_error_only,-7.452543,7.452543
2024-09-18 13:45:00,raw_uncorrected,data_error_only,-7.173746,7.173746
2024-09-18 14:00:00,raw_uncorrected,data_error_only,-6.680453,6.680453
2024-09-18 14:15:00,raw_uncorrected,data_error_only,-6.071165,6.071165
2024-09-18 14:30:00,raw_uncorrected,data_error_only,-5.443808,5.443808
2024-09-18 14:45:00,raw_uncorrected,data_error_only,-4.775669,4.775669
2024-09-18 15:00:00,raw_uncorrected,data_error_only,-3.876002,3.876002
2024-09-18 15:15:00,raw_uncorrected,data_error_only,-3.136553,3.136553
2024-09-18 15:30:00,raw_uncorrected,data_error_only,-2.07701,2.07701
2024-09-18 15:45:00,raw_uncorrected,data_error_only,-1.744898,1.744898
2024-09-18 16:00:00,raw_uncorrected,data_error_only,1.966691,1.966691
2024-09-18 16:15:00,raw_uncorrected,data_error_only,2.279343,2.279343
2024-09-18 16:30:00,raw_uncorrected,data_error_only,3.353865,3.353865
2024-09-18 16:45:00,raw_uncorrected,data_error_only,4.696926,4.696926
2024-09-18 17:00:00,raw_uncorrected,data_error_only,6.098098,6.098098
2024-09-18 17:15:00,raw_uncorrected,data_error_only,7.024817,7.024817
2024-09-18 17:30:00,raw_uncorrected,data_error_only,8.006594,8.006594
2024-09-18 17:45:00,raw_uncorrected,data_error_only,8.930612,8.930612
2024-09-18 18:00:00,raw_uncorrected,data_error_only,9.484853,9.484853
2024-09-18 18:15:00,raw_uncorrected,data_error_only,9.924033,9.924033
2024-09-18 18:30:00,raw_uncorrected,data_error_only,9.963577,9.963577
2024-09-18 18:45:00,raw_uncorrected,data_error_only,9.963577,9.963577
2024-09-18 19:00:00,raw_uncorrected,data_error_only,9.963577,9.963577
2024-09-18 19:15:00,raw_uncorrected,data_error_only,9.768539,9.768539
2024-09-18 19:30:00,raw_uncorrected,data_error_only,9.578954,9.578954
2024-09-18 19:45:00,raw_uncorrected,data_error_only,9.343388,9.343388
2024-09-18 20:00:00,raw_uncorrected,data_error_only,9.119333,9.119333
2024-09-18 20:15:00,raw_uncorrected,data_error_only,9.121397,9.121397
2024-09-18 20:30:00,raw_uncorrected,data_error_only,8.948441,8.948441
2024-09-18 20:45:00,raw_uncorrected,data_error_only,8.948441,8.948441
2024-09-18 21:00:00,raw_uncorrected,data_error_only,8.697765,8.697765
2024-09-18 21:15:00,raw_uncorrected,data_error_only,8.463824,8.463824
2024-09-18 21:30:00,raw_uncorrected,data_error_only,8.223277,8.223277
2024-09-18 21:45:00,raw_uncorrected,data_error_only,8.223277,8.223277
2024-09-18 22:00:00,raw_uncorrected,data_error_only,8.223277,8.223277
2024-09-18 22:15:00,raw_uncorrected,data_error_only,8.23343,8.23343
2024-09-18 22:30:00,raw_uncorrected,data_error_only,8.0936,8.0936
2024-09-18 22:45:00,raw_uncorrected,data_error_only,8.0936,8.0936
2024-09-18 23:00:00,raw_uncorrected,data_error_only,8.0936,8.0936
2024-09-18 23:15:00,raw_uncorrected,data_error_only,8.189042,8.189042
2024-09-18 23:30:00,raw_uncorrected,data_error_only,8.008555,8.008555
2024-09-18 23:45:00,raw_uncorrected,data_error_only,8.10045,8.10045
2024-09-19 00:00:00,raw_uncorrected,data_error_only,7.765306,7.765306
2024-09-19 00:15:00,raw_uncorrected,data_error_only,7.798927,7.798927
2024-09-19 00:30:00,raw_uncorrected,data_error_only,7.798927,7.798927
2024-09-19 00:45:00,raw_uncorrected,data_error_only,7.300777,7.300777
2024-09-19 01:00:00,raw_uncorrected,data_error_only,7.524045,7.524045
2024-09-19 01:15:00,raw_uncorrected,data_error_only,7.305365,7.305365
2024-09-19 01:30:00,raw_uncorrected,data_error_only,6.86018,6.86018
2024-09-19 01:45:00,raw_uncorrected,data_error_only,6.86018,6.86018
2024-09-19 02:00:00,raw_uncorrected,data_error_only,6.636616,6.636616
2024-09-19 02:15:00,raw_uncorrected,data_error_only,6.408562,6.408562
2024-09-19 02:30:00,raw_uncorrected,data_error_only,6.210271,6.210271
2024-09-19 02:45:00,raw_uncorrected,data_error_only,6.210271,6.210271
2024-09-19 03:00:00,raw_uncorrected,data_error_only,5.981875,5.981875
2024-09-19 03:15:00,raw_uncorrected,data_error_only,6.084668,6.084668
2024-09-19 03:30:00,raw_uncorrected,data_error_only,6.084668,6.084668
2024-09-19 03:45:00,raw_uncorrected,data_error_only,6.084668,6.084668
2024-09-19 04:00:00,raw_uncorrected,data_error_only,6.084668,6.084668
2024-09-19 04:15:00,raw_uncorrected,data_error_only,5.755643,5.755643
2024-09-19 04:30:00,raw_uncorrected,data_error_only,5.755643,5.755643
2024-09-19 04:45:00,raw_uncorrected,data_error_only,5.739508,5.739508
2024-09-19 05:00:00,raw_uncorrected,data_error_only,5.739508,5.739508
2024-09-19 05:15:00,raw_uncorrected,data_error_only,6.196814,6.196814
2024-09-19 05:30:00,raw_uncorrected,data_error_only,6.376841,6.376841
2024-09-19 05:45:00,raw_uncorrected,data_error_only,6.376841,6.376841
2024-09-19 06:00:00,raw_uncorrected,data_error_only,6.376841,6.376841
2024-09-19 06:15:00,raw_uncorrected,data_error_only,6.723708,6.723708
2024-09-19 06:30:00,raw_uncorrected,data_error_only,6.166467,6.166467
2024-09-19 06:45:00,raw_uncorrected,data_error_only,5.583926,5.583926
2024-09-19 07:00:00,raw_uncorrected,data_error_only,4.980999,4.980999
2024-09-19 07:15:00,raw_uncorrected,data_error_only,4.286427,4.286427
2024-09-19 07:30:00,raw_uncorrected,data_error_only,3.568125,3.568125
2024-09-19 07:45:00,raw_uncorrected,data_error_only,2.601005,2.601005
2024-09-19 08:00:00,raw_uncorrected,data_error_only,1.932022,1.932022
2024-09-19 08:15:00,raw_uncorrected,data_error_only,-1.698366,1.698366
2024-09-19 08:30:00,raw_uncorrected,data_error_only,-1.886913,1.886913
2024-09-19 08:45:00,raw_uncorrected,data_error_only,-2.535695,2.535695
2024-09-19 09:00:00,raw_uncorrected,data_error_only,-3.439808,3.439808
2024-09-19 09:15:00,raw_uncorrected,data_error_only,-4.007761,4.007761
2024-09-19 09:30:00,raw_uncorrected,data_error_only,-4.83223,4.83223
2024-09-19 09:45:00,raw_uncorrected,data_error_only,-5.446236,5.446236
2024-09-19 10:00:00,raw_uncorrected,data_error_only,-6.025325,6.025325
2024-09-19 10:15:00,raw_uncorrected,data_error_only,-6.297486,6.297486
2024-09-19 10:30:00,raw_uncorrected,data_error_only,-6.958779,6.958779
2024-09-19 10:45:00,raw_uncorrected,data_error_only,-7.480965,7.480965
2024-09-19 11:00:00,raw_uncorrected,data_error_only,-7.703053,7.703053
2024-09-19 11:15:00,raw_uncorrected,data_error_only,-7.85523,7.85523
2024-09-19 11:30:00,raw_uncorrected,data_error_only,-8.049779,8.049779
2024-09-19 11:45:00,raw_uncorrected,data_error_only,-8.049779,8.049779
2024-09-19 12:00:00,raw_uncorrected,data_error_only,-8.049779,8.049779
2024-09-19 12:15:00,raw_uncorrected,data_error_only,-7.961774,7.961774
2024-09-19 12:30:00,raw_uncorrected,data_error_only,-7.961774,7.961774
2024-09-19 12:45:00,raw_uncorrected,data_error_only,-7.63991,7.63991
2024-09-19 13:00:00,raw_uncorrected,data_error_only,-7.419691,7.419691
2024-09-19 13:15:00,raw_uncorrected,data_error_only,-7.143882,7.143882
2024-09-19 13:30:00,raw_uncorrected,data_error_only,-7.143882,7.143882
2024-09-19 13:45:00,raw_uncorrected,data_error_only,-6.606545,6.606545
2024-09-19 14:00:00,raw_uncorrected,data_error_only,-6.386523,6.386523
2024-09-19 14:15:00,raw_uncorrected,data_error_only,-5.950395,5.950395
2024-09-19 14:30:00,raw_uncorrected,data_error_only,-5.214797,5.214797
2024-09-19 14:45:00,raw_uncorrected,data_error_only,-4.461789,4.461789
2024-09-19 15:00:00,raw_uncorrected,data_error_only,-3.699192,3.699192
2024-09-19 15:15:00,raw_uncorrected,data_error_only,-2.902397,2.902397
2024-09-19 15:30:00,raw_uncorrected,data_error_only,-1.801681,1.801681
2024-09-19 15:45:00,raw_uncorrected,data_error_only,-1.559279,1.559279
2024-09-19 16:00:00,raw_uncorrected,data_error_only,1.818677,1.818677
2024-09-19 16:15:00,raw_uncorrected,data_error_only,2.587066,2.587066
2024-09-19 16:30:00,raw_uncorrected,data_error_only,3.648781,3.648781
2024-09-19 16:45:00,raw_uncorrected,data_error_only,4.859026,4.859026
2024-09-19 17:00:00,raw_uncorrected,data_error_only,6.053887,6.053887
2024-09-19 17:15:00,raw_uncorrected,data_error_only,6.885486,6.885486
2024-09-19 17:30:00,raw_uncorrected,data_error_only,7.967465,7.967465
2024-09-19 17:45:00,raw_uncorrected,data_error_only,8.659595,8.659595
2024-09-19 18:00:00,raw_uncorrected,data_error_only,9.107213,9.107213
2024-09-19 18:15:00,raw_uncorrected,data_error_only,9.498787,9.498787
2024-09-19 18:30:00,raw_uncorrected,data_error_only,9.498787,9.498787
2024-09-19 18:45:00,raw_uncorrected,data_error_only,9.498787,9.498787
2024-09-19 19:00:00,raw_uncorrected,data_error_only,9.498787,9.498787
2024-09-19 19:15:00,raw_uncorrected,data_error_only,9.193083,9.193083
2024-09-19 19:30:00,raw_uncorrected,data_error_only,9.193083,9.193083
2024-09-19 19:45:00,raw_uncorrected,data_error_only,8.935167,8.935167
2024-09-19 20:00:00,raw_uncorrected,data_error_only,8.674929,8.674929
2024-09-19 20:15:00,raw_uncorrected,data_error_only,8.715147,8.715147
2024-09-19 20:30:00,raw_uncorrected,data_error_only,8.199478,8.199478
2024-09-19 20:45:00,raw_uncorrected,data_error_only,8.199478,8.199478
2024-09-19 21:00:00,raw_uncorrected,data_error_only,8.199478,8.199478
2024-09-19 21:15:00,raw_uncorrected,data_error_only,8.047397,8.047397
2024-09-19 21:30:00,raw_uncorrected,data_error_only,8.047397,8.047397
2024-09-19 21:45:00,raw_uncorrected,data_error_only,7.788358,7.788358
2024-09-19 22:00:00,raw_uncorrected,data_error_only,7.788358,7.788358
2024-09-19 22:15:00,raw_uncorrected,data_error_only,7.851774,7.851774
2024-09-19 22:30:00,raw_uncorrected,data_error_only,7.997239,7.997239
2024-09-19 22:45:00,raw_uncorrected,data_error_only,7.729964,7.729964
2024-09-19 23:00:00,raw_uncorrected,data_error_only,7.729964,7.729964
2024-09-19 23:15:00,raw_uncorrected,data_error_only,7.890209,7.890209
2024-09-19 23:30:00,raw_uncorrected,data_error_only,7.890209,7.890209
2024-09-19 23:45:00,raw_uncorrected,data_error_only,7.329714,7.329714
2024-09-20 00:00:00,raw_uncorrected,data_error_only,7.329714,7.329714
2024-09-20 00:15:00,raw_uncorrected,data_error_only,7.704418,7.704418
2024-09-20 00:30:00,raw_uncorrected,data_error_only,7.704418,7.704418
2024-09-20 00:45:00,raw_uncorrected,data_error_only,7.489048,7.489048
2024-09-20 01:00:00,raw_uncorrected,data_error_only,7.489048,7.489048
2024-09-20 01:15:00,raw_uncorrected,data_error_only,7.098521,7.098521
2024-09-20 01:30:00,raw_uncorrected,data_error_only,6.917314,6.917314
2024-09-20 01:45:00,raw_uncorrected,data_error_only,6.662902,6.662902
2024-09-20 02:00:00,raw_uncorrected,data_error_only,6.438552,6.438552
2024-09-20 02:15:00,raw_uncorrected,data_error_only,6.45896,6.45896
2024-09-20 02:30:00,raw_uncorrected,data_error_only,6.243901,6.243901
2024-09-20 02:45:00,raw_uncorrected,data_error_only,5.968748,5.968748
2024-09-20 03:00:00,raw_uncorrected,data_error_only,5.968748,5.968748
2024-09-20 03:15:00,raw_uncorrected,data_error_only,5.78461,5.78461
2024-09-20 03:30:00,raw_uncorrected,data_error_only,5.689899,5.689899
2024-09-20 03:45:00,raw_uncorrected,data_error_only,5.689899,5.689899
2024-09-20 04:00:00,raw_uncorrected,data_error_only,5.689899,5.689899
2024-09-20 04:15:00,raw_uncorrected,data_error_only,5.734222,5.734222
2024-09-20 04:30:00,raw_uncorrected,data_error_only,5.734222,5.734222
2024-09-20 04:45:00,raw_uncorrected,data_error_only,5.734222,5.734222
2024-09-20 05:00:00,raw_uncorrected,data_error_only,5.734222,5.734222
2024-09-20 05:15:00,raw_uncorrected,data_error_only,5.957882,5.957882
2024-09-20 05:30:00,raw_uncorrected,data_error_only,6.415935,6.415935
2024-09-20 05:45:00,raw_uncorrected,data_error_only,6.415935,6.415935
2024-09-20 06:00:00,raw_uncorrected,data_error_only,6.415935,6.415935
2024-09-20 06:15:00,raw_uncorrected,data_error_only,6.344575,6.344575
2024-09-20 06:30:00,raw_uncorrected,data_error_only,5.958245,5.958245
2024-09-20 06:45:00,raw_uncorrected,data_error_only,5.511808,5.511808
2024-09-20 07:00:00,raw_uncorrected,data_error_only,5.062275,5.062275
2024-09-20 07:15:00,raw_uncorrected,data_error_only,4.249898,4.249898
2024-09-20 07:30:00,raw_uncorrected,data_error_only,3.421324,3.421324
2024-09-20 07:45:00,raw_uncorrected,data_error_only,2.541375,2.541375
2024-09-20 08:00:00,raw_uncorrected,data_error_only,1.925213,1.925213
2024-09-20 08:15:00,raw_uncorrected,data_error_only,-1.716566,1.716566
2024-09-20 08:30:00,raw_uncorrected,data_error_only,-1.895897,1.895897
2024-09-20 08:45:00,raw_uncorrected,data_error_only,-2.646298,2.646298
2024-09-20 09:00:00,raw_uncorrected,data_error_only,-3.334023,3.334023
2024-09-20 09:15:00,raw_uncorrected,data_error_only,-4.047357,4.047357
2024-09-20 09:30:00,raw_uncorrected,data_error_only,-5.055824,5.055824
2024-09-20 09:45:00,raw_uncorrected,data_error_only,-5.782052,5.782052
2024-09-20 10:00:00,raw_uncorrected,data_error_only,-6.352458,6.352458
2024-09-20 10:15:00,raw_uncorrected,data_error_only,-6.277482,6.277482
2024-09-20 10:30:00,raw_uncorrected,data_error_only,-6.778672,6.778672
2024-09-20 10:45:00,raw_uncorrected,data_error_only,-7.220388,7.220388
2024-09-20 11:00:00,raw_uncorrected,data_error_only,-7.662106,7.662106
2024-09-20 11:15:00,raw_uncorrected,data_error_only,-7.678934,7.678934
2024-09-20 11:30:00,raw_uncorrected,data_error_only,-7.678934,7.678934
2024-09-20 11:45:00,raw_uncorrected,data_error_only,-7.856883,7.856883
2024-09-20 12:00:00,raw_uncorrected,data_error_only,-7.856883,7.856883
2024-09-20 12:15:00,raw_uncorrected,data_error_only,-8.129718,8.129718
2024-09-20 12:30:00,raw_uncorrected,data_error_only,-7.909832,7.909832
2024-09-20 12:45:00,raw_uncorrected,data_error_only,-7.65528,7.65528
2024-09-20 13:00:00,raw_uncorrected,data_error_only,-7.65528,7.65528
2024-09-20 13:15:00,raw_uncorrected,data_error_only,-7.398582,7.398582
2024-09-20 13:30:00,raw_uncorrected,data_error_only,-6.858306,6.858306
2024-09-20 13:45:00,raw_uncorrected,data_error_only,-6.637497,6.637497
2024-09-20 14:00:00,raw_uncorrected,data_error_only,-6.03947,6.03947
2024-09-20 14:15:00,raw_uncorrected,data_error_only,-5.528621,5.528621
2024-09-20 14:30:00,raw_uncorrected,data_error_only,-4.963004,4.963004
2024-09-20 14:45:00,raw_uncorrected,data_error_only,-4.110681,4.110681
2024-09-20 15:00:00,raw_uncorrected,data_error_only,-3.317189,3.317189
2024-09-20 15:15:00,raw_uncorrected,data_error_only,-2.650257,2.650257
2024-09-20 15:30:00,raw_uncorrected,data_error_only,-1.742956,1.742956
2024-09-20 15:45:00,raw_uncorrected,data_error_only,-1.521557,1.521557
2024-09-20 16:00:00,raw_uncorrected,data_error_only,1.924918,1.924918
2024-09-20 16:15:00,raw_uncorrected,data_error_only,2.709363,2.709363
2024-09-20 16:30:00,raw_uncorrected,data_error_only,3.842129,3.842129
2024-09-20 16:45:00,raw_uncorrected,data_error_only,4.824944,4.824944
2024-09-20 17:00:00,raw_uncorrected,data_error_only,5.932135,5.932135
2024-09-20 17:15:00,raw_uncorrected,data_error_only,6.845088,6.845088
2024-09-20 17:30:00,raw_uncorrected,data_error_only,7.847978,7.847978
2024-09-20 17:45:00,raw_uncorrected,data_error_only,8.391362,8.391362
2024-09-20 18:00:00,raw_uncorrected,data_error_only,8.705544,8.705544
2024-09-20 18:15:00,raw_uncorrected,data_error_only,9.06913,9.06913
2024-09-20 18:30:00,raw_uncorrected,data_error_only,9.06913,9.06913
2024-09-20 18:45:00,raw_uncorrected,data_error_only,9.06913,9.06913
2024-09-20 19:00:00,raw_uncorrected,data_error_only,9.06913,9.06913
2024-09-20 19:15:00,raw_uncorrected,data_error_only,9.003391,9.003391
2024-09-20 19:30:00,raw_uncorrected,data_error_only,8.919338,8.919338
2024-09-20 19:45:00,raw_uncorrected,data_error_only,8.755847,8.755847
2024-09-20 20:00:00,raw_uncorrected,data_error_only,8.533599,8.533599
2024-09-20 20:15:00,raw_uncorrected,data_error_only,8.252382,8.252382
2024-09-20 20:30:00,raw_uncorrected,data_error_only,8.252382,8.252382
2024-09-20 20:45:00,raw_uncorrected,data_error_only,8.209273,8.209273
2024-09-20 21:00:00,raw_uncorrected,data_error_only,8.209273,8.209273
2024-09-20 21:15:00,raw_uncorrected,data_error_only,8.064225,8.064225
2024-09-20 21:30:00,raw_uncorrected,data_error_only,7.79301,7.79301
2024-09-20 21:45:00,raw_uncorrected,data_error_only,7.79301,7.79301
2024-09-20 22:00:00,raw_uncorrected,data_error_only,7.79301,7.79301
2024-09-20 22:15:00,raw_uncorrected,data_error_only,8.193092,8.193092
2024-09-20 22:30:00,raw_uncorrected,data_error_only,8.193092,8.193092
2024-09-20 22:45:00,raw_uncorrected,data_error_only,8.193092,8.193092
2024-09-20 23:00:00,raw_uncorrected,data_error_only,8.193092,8.193092
2024-09-20 23:15:00,raw_uncorrected,data_error_only,8.165078,8.165078
2024-09-20 23:30:00,raw_uncorrected,data_error_only,7.984506,7.984506
2024-09-20 23:45:00,raw_uncorrected,data_error_only,7.752548,7.752548
2024-09-21 00:00:00,raw_uncorrected,data_error_only,7.783423,7.783423
2024-09-21 00:15:00,raw_uncorrected,data_error_only,7.640794,7.640794
2024-09-21 00:30:00,raw_uncorrected,data_error_only,7.640794,7.640794
2024-09-21 00:45:00,raw_uncorrected,data_error_only,7.305618,7.305618
2024-09-21 01:00:00,raw_uncorrected,data_error_only,7.305618,7.305618
2024-09-21 01:15:00,raw_uncorrected,data_error_only,7.176672,7.176672
2024-09-21 01:30:00,raw_uncorrected,data_error_only,6.927095,6.927095
2024-09-21 01:45:00,raw_uncorrected,data_error_only,6.645377,6.645377
2024-09-21 02:00:00,raw_uncorrected,data_error_only,6.421618,6.421618
2024-09-21 02:15:00,raw_uncorrected,data_error_only,6.365951,6.365951
2024-09-21 02:30:00,raw_uncorrected,data_error_only,6.365951,6.365951
2024-09-21 02:45:00,raw_uncorrected,data_error_only,6.202647,6.202647
2024-09-21 03:00:00,raw_uncorrected,data_error_only,6.202647,6.202647
2024-09-21 03:15:00,raw_uncorrected,data_error_only,5.961832,5.961832
2024-09-21 03:30:00,raw_uncorrected,data_error_only,5.961832,5.961832
2024-09-21 03:45:00,raw_uncorrected,data_error_only,5.961832,5.961832
2024-09-21 04:00:00,raw_uncorrected,data_error_only,5.755103,5.755103
2024-09-21 04:15:00,raw_uncorrected,data_error_only,5.703538,5.703538
2024-09-21 04:30:00,raw_uncorrected,data_error_only,5.703538,5.703538
2024-09-21 04:45:00,raw_uncorrected,data_error_only,5.582943,5.582943
2024-09-21 05:00:00,raw_uncorrected,data_error_only,5.559936,5.559936
2024-09-21 05:15:00,raw_uncorrected,data_error_only,5.807871,5.807871
2024-09-21 05:30:00,raw_uncorrected,data_error_only,5.971375,5.971375
2024-09-21 05:45:00,raw_uncorrected,data_error_only,5.971375,5.971375
2024-09-21 06:00:00,raw_uncorrected,data_error_only,5.971375,5.971375
2024-09-21 06:15:00,raw_uncorrected,data_error_only,5.931924,5.931924
2024-09-21 06:30:00,raw_uncorrected,data_error_only,5.402083,5.402083
2024-09-21 06:45:00,raw_uncorrected,data_error_only,4.742436,4.742436
2024-09-21 07:00:00,raw_uncorrected,data_error_only,4.196397,4.196397
2024-09-21 07:15:00,raw_uncorrected,data_error_only,3.623643,3.623643
2024-09-21 07:30:00,raw_uncorrected,data_error_only,2.946166,2.946166
2024-09-21 07:45:00,raw_uncorrected,data_error_only,2.242216,2.242216
2024-09-21 08:00:00,raw_uncorrected,data_error_only,2.018849,2.018849
2024-09-21 08:15:00,raw_uncorrected,data_error_only,1.598358,1.598358
2024-09-21 08:30:00,raw_uncorrected,data_error_only,-1.598358,1.598358
2024-09-21 08:45:00,raw_uncorrected,data_error_only,-2.31106,2.31106
2024-09-21 09:00:00,raw_uncorrected,data_error_only,-2.894673,2.894673
2024-09-21 09:15:00,raw_uncorrected,data_error_only,-3.385866,3.385866
2024-09-21 09:30:00,raw_uncorrected,data_error_only,-4.248305,4.248305
2024-09-21 09:45:00,raw_uncorrected,data_error_only,-4.900849,4.900849
2024-09-21 10:00:00,raw_uncorrected,data_error_only,-5.612366,5.612366
2024-09-21 10:15:00,raw_uncorrected,data_error_only,-5.78869,5.78869
2024-09-21 10:30:00,raw_uncorrected,data_error_only,-6.469517,6.469517
2024-09-21 10:45:00,raw_uncorrected,data_error_only,-6.681972,6.681972
2024-09-21 11:00:00,raw_uncorrected,data_error_only,-7.162437,7.162437
2024-09-21 11:15:00,raw_uncorrected,data_error_only,-7.115132,7.115132
2024-09-21 11:30:00,raw_uncorrected,data_error_only,-7.115132,7.115132
2024-09-21 11:45:00,raw_uncorrected,data_error_only,-7.325841,7.325841
2024-09-21 12:00:00,raw_uncorrected,data_error_only,-7.325841,7.325841
2024-09-21 12:15:00,raw_uncorrected,data_error_only,-7.300596,7.300596
2024-09-21 12:30:00,raw_uncorrected,data_error_only,-7.300596,7.300596
2024-09-21 12:45:00,raw_uncorrected,data_error_only,-7.199456,7.199456
2024-09-21 13:00:00,raw_uncorrected,data_error_only,-6.063136,6.063136
2024-09-21 13:15:00,raw_uncorrected,data_error_only,-6.388214,6.388214
2024-09-21 13:30:00,raw_uncorrected,data_error_only,-6.417929,6.417929
2024-09-21 13:45:00,raw_uncorrected,data_error_only,-6.065688,6.065688
2024-09-21 14:00:00,raw_uncorrected,data_error_only,-5.555271,5.555271
2024-09-21 14:15:00,raw_uncorrected,data_error_only,-5.190353,5.190353
2024-09-21 14:30:00,raw_uncorrected,data_error_only,-4.452826,4.452826
2024-09-21 14:45:00,raw_uncorrected,data_error_only,-3.799806,3.799806
2024-09-21 15:00:00,raw_uncorrected,data_error_only,-3.103595,3.103595
2024-09-21 15:15:00,raw_uncorrected,data_error_only,-2.488938,2.488938
2024-09-21 15:30:00,raw_uncorrected,data_error_only,-1.911239,1.911239
2024-09-21 15:45:00,raw_uncorrected,data_error_only,1.911239,1.911239
2024-09-21 16:00:00,raw_uncorrected,data_error_only,1.911239,1.911239
2024-09-21 16:15:00,raw_uncorrected,data_error_only,2.612664,2.612664
2024-09-21 16:30:00,raw_uncorrected,data_error_only,4.152258,4.152258
2024-09-21 16:45:00,raw_uncorrected,data_error_only,5.271748,5.271748
2024-09-21 17:00:00,raw_uncorrected,data_error_only,5.998329,5.998329
2024-09-21 17:15:00,raw_uncorrected,data_error_only,6.704423,6.704423
2024-09-21 17:30:00,raw_uncorrected,data_error_only,7.805948,7.805948
2024-09-21 17:45:00,raw_uncorrected,data_error_only,8.152333,8.152333
2024-09-21 18:00:00,raw_uncorrected,data_error_only,8.659709,8.659709
2024-09-21 18:15:00,raw_uncorrected,data_error_only,9.102704,9.102704
2024-09-21 18:30:00,raw_uncorrected,data_error_only,9.102704,9.102704
2024-09-21 18:45:00,raw_uncorrected,data_error_only,9.102704,9.102704
2024-09-21 19:00:00,raw_uncorrected,data_error_only,9.102704,9.102704
2024-09-21 19:15:00,raw_uncorrected,data_error_only,8.96735,8.96735
2024-09-21 19:30:00,raw_uncorrected,data_error_only,8.855123,8.855123
2024-09-21 19:45:00,raw_uncorrected,data_error_only,8.682545,8.682545
2024-09-21 20:00:00,raw_uncorrected,data_error_only,8.458096,8.458096
2024-09-21 20:15:00,raw_uncorrected,data_error_only,8.471477,8.471477
2024-09-21 20:30:00,raw_uncorrected,data_error_only,8.308098,8.308098
2024-09-21 20:45:00,raw_uncorrected,data_error_only,8.308098,8.308098
2024-09-21 21:00:00,raw_uncorrected,data_error_only,8.308098,8.308098
2024-09-21 21:15:00,raw_uncorrected,data_error_only,7.944979,7.944979
2024-09-21 21:30:00,raw_uncorrected,data_error_only,7.781316,7.781316
2024-09-21 21:45:00,raw_uncorrected,data_error_only,7.781316,7.781316
2024-09-21 22:00:00,raw_uncorrected,data_error_only,7.781316,7.781316
2024-09-21 22:15:00,raw_uncorrected,data_error_only,7.976152,7.976152
2024-09-21 22:30:00,raw_uncorrected,data_error_only,7.976152,7.976152
2024-09-21 22:45:00,raw_uncorrected,data_error_only,7.976152,7.976152
2024-09-21 23:00:00,raw_uncorrected,data_error_only,7.976152,7.976152
2024-09-21 23:15:00,raw_uncorrected,data_error_only,7.950665,7.950665
2024-09-21 23:30:00,raw_uncorrected,data_error_only,7.950665,7.950665
2024-09-21 23:45:00,raw_uncorrected,data_error_only,7.674299,7.674299
2024-09-22 00:00:00,raw_uncorrected,data_error_only,7.674299,7.674299
2024-09-22 00:15:00,raw_uncorrected,data_error_only,7.448335,7.448335
2024-09-22 00:30:00,raw_uncorrected,data_error_only,7.362047,7.362047
2024-09-22 00:45:00,raw_uncorrected,data_error_only,7.111701,7.111701
2024-09-22 01:00:00,raw_uncorrected,data_error_only,7.111701,7.111701
2024-09-22 01:15:00,raw_uncorrected,data_error_only,6.985351,6.985351
2024-09-22 01:30:00,raw_uncorrected,data_error_only,6.683209,6.683209
2024-09-22 01:45:00,raw_uncorrected,data_error_only,6.438552,6.438552
2024-09-22 02:00:00,raw_uncorrected,data_error_only,6.438552,6.438552
2024-09-22 02:15:00,raw_uncorrected,data_error_only,6.11843,6.11843
2024-09-22 02:30:00,raw_uncorrected,data_error_only,6.014512,6.014512
2024-09-22 02:45:00,raw_uncorrected,data_error_only,6.014512,6.014512
2024-09-22 03:00:00,raw_uncorrected,data_error_only,6.014512,6.014512
2024-09-22 03:15:00,raw_uncorrected,data_error_only,5.881642,5.881642
2024-09-22 03:30:00,raw_uncorrected,data_error_only,5.763308,5.763308
2024-09-22 03:45:00,raw_uncorrected,data_error_only,5.759566,5.759566
2024-09-22 04:00:00,raw_uncorrected,data_error_only,5.568898,5.568898
2024-09-22 04:15:00,raw_uncorrected,data_error_only,5.487205,5.487205
2024-09-22 04:30:00,raw_uncorrected,data_error_only,5.487205,5.487205
2024-09-22 04:45:00,raw_uncorrected,data_error_only,5.487205,5.487205
2024-09-22 05:00:00,raw_uncorrected,data_error_only,5.487205,5.487205
2024-09-22 05:15:00,raw_uncorrected,data_error_only,5.690297,5.690297
2024-09-22 05:30:00,raw_uncorrected,data_error_only,5.690297,5.690297
2024-09-22 05:45:00,raw_uncorrected,data_error_only,5.811686,5.811686
2024-09-22 06:00:00,raw_uncorrected,data_error_only,5.811686,5.811686
2024-09-22 06:15:00,raw_uncorrected,data_error_only,5.601134,5.601134
2024-09-22 06:30:00,raw_uncorrected,data_error_only,5.006829,5.006829
2024-09-22 06:45:00,raw_uncorrected,data_error_only,4.518824,4.518824
2024-09-22 07:00:00,raw_uncorrected,data_error_only,3.737325,3.737325
2024-09-22 07:15:00,raw_uncorrected,data_error_only,3.225114,3.225114
2024-09-22 07:30:00,raw_uncorrected,data_error_only,2.469864,2.469864
2024-09-22 07:45:00,raw_uncorrected,data_error_only,1.942017,1.942017
2024-09-22 08:00:00,raw_uncorrected,data_error_only,-1.718552,1.718552
2024-09-22 08:15:00,raw_uncorrected,data_error_only,-1.74507,1.74507
2024-09-22 08:30:00,raw_uncorrected,data_error_only,-1.873659,1.873659
2024-09-22 08:45:00,raw_uncorrected,data_error_only,-2.382537,2.382537
2024-09-22 09:00:00,raw_uncorrected,data_error_only,-3.010048,3.010048
2024-09-22 09:15:00,raw_uncorrected,data_error_only,-3.510339,3.510339
2024-09-22 09:30:00,raw_uncorrected,data_error_only,-4.361738,4.361738
2024-09-22 09:45:00,raw_uncorrected,data_error_only,-5.038315,5.038315
2024-09-22 10:00:00,raw_uncorrected,data_error_only,-5.552953,5.552953
2024-09-22 10:15:00,raw_uncorrected,data_error_only,-5.819821,5.819821
2024-09-22 10:30:00,raw_uncorrected,data_error_only,-6.368,6.368
2024-09-22 10:45:00,raw_uncorrected,data_error_only,-6.368,6.368
2024-09-22 11:00:00,raw_uncorrected,data_error_only,-6.811881,6.811881
2024-09-22 11:15:00,raw_uncorrected,data_error_only,-7.054146,7.054146
2024-09-22 11:30:00,raw_uncorrected,data_error_only,-7.054146,7.054146
2024-09-22 11:45:00,raw_uncorrected,data_error_only,-7.226591,7.226591
2024-09-22 12:00:00,raw_uncorrected,data_error_only,-7.012531,7.012531
2024-09-22 12:15:00,raw_uncorrected,data_error_only,-6.846164,6.846164
2024-09-22 12:30:00,raw_uncorrected,data_error_only,-6.365856,6.365856
2024-09-22 12:45:00,raw_uncorrected,data_error_only,-6.706531,6.706531
2024-09-22 13:00:00,raw_uncorrected,data_error_only,-6.597354,6.597354
2024-09-22 13:15:00,raw_uncorrected,data_error_only,-6.476132,6.476132
2024-09-22 13:30:00,raw_uncorrected,data_error_only,-6.337914,6.337914
2024-09-22 13:45:00,raw_uncorrected,data_error_only,-5.492078,5.492078
2024-09-22 14:00:00,raw_uncorrected,data_error_only,-5.158504,5.158504
2024-09-22 14:15:00,raw_uncorrected,data_error_only,-4.737183,4.737183
2024-09-22 14:30:00,raw_uncorrected,data_error_only,-4.122855,4.122855
2024-09-22 14:45:00,raw_uncorrected,data_error_only,-3.430103,3.430103
2024-09-22 15:00:00,raw_uncorrected,data_error_only,-2.574361,2.574361
2024-09-22 15:15:00,raw_uncorrected,data_error_only,-1.757047,1.757047
2024-09-22 15:30:00,raw_uncorrected,data_error_only,1.757047,1.757047
2024-09-22 15:45:00,raw_uncorrected,data_error_only,1.757047,1.757047
2024-09-22 16:00:00,raw_uncorrected,data_error_only,2.348981,2.348981
2024-09-22 16:15:00,raw_uncorrected,data_error_only,3.412319,3.412319
2024-09-22 16:30:00,raw_uncorrected,data_error_only,4.403154,4.403154
2024-09-22 16:45:00,raw_uncorrected,data_error_only,5.617927,5.617927
2024-09-22 17:00:00,raw_uncorrected,data_error_only,6.806347,6.806347
2024-09-22 17:15:00,raw_uncorrected,data_error_only,7.701844,7.701844
2024-09-22 17:30:00,raw_uncorrected,data_error_only,8.54616,8.54616
2024-09-22 17:45:00,raw_uncorrected,data_error_only,9.234896,9.234896
2024-09-22 18:00:00,raw_uncorrected,data_error_only,9.458558,9.458558
2024-09-22 18:15:00,raw_uncorrected,data_error_only,9.994154,9.994154
2024-09-22 18:30:00,raw_uncorrected,data_error_only,9.994154,9.994154
2024-09-22 18:45:00,raw_uncorrected,data_error_only,9.794874,9.794874
2024-09-22 19:00:00,raw_uncorrected,data_error_only,9.57594,9.57594
2024-09-22 19:15:00,raw_uncorrected,data_error_only,9.633864,9.633864
2024-09-22 19:30:00,raw_uncorrected,data_error_only,9.468423,9.468423
2024-09-22 19:45:00,raw_uncorrected,data_error_only,9.1744,9.1744
2024-09-22 20:00:00,raw_uncorrected,data_error_only,8.957707,8.957707
2024-09-22 20:15:00,raw_uncorrected,data_error_only,8.734362,8.734362
2024-09-22 20:30:00,raw_uncorrected,data_error_only,8.734362,8.734362
2024-09-22 20:45:00,raw_uncorrected,data_error_only,8.491908,8.491908
2024-09-22 21:00:00,raw_uncorrected,data_error_only,8.259006,8.259006
2024-09-22 21:15:00,raw_uncorrected,data_error_only,8.248014,8.248014
2024-09-22 21:30:00,raw_uncorrected,data_error_only,8.091533,8.091533
2024-09-22 21:45:00,raw_uncorrected,data_error_only,8.091533,8.091533
2024-09-22 22:00:00,raw_uncorrected,data_error_only,8.091533,8.091533
2024-09-22 22:15:00,raw_uncorrected,data_error_only,8.03362,8.03362
2024-09-22 22:30:00,raw_uncorrected,data_error_only,7.86089,7.86089
2024-09-22 22:45:00,raw_uncorrected,data_error_only,7.86089,7.86089
2024-09-22 23:00:00,raw_uncorrected,data_error_only,7.567124,7.567124
2024-09-22 23:15:00,raw_uncorrected,data_error_only,7.814604,7.814604
2024-09-22 23:30:00,raw_uncorrected,data_error_only,7.597984,7.597984
2024-09-22 23:45:00,raw_uncorrected,data_error_only,7.32881,7.32881
2024-09-23 00:00:00,raw_uncorrected,data_error_only,7.32881,7.32881
2024-09-23 00:15:00,raw_uncorrected,data_error_only,7.3104,7.3104
2024-09-23 00:30:00,raw_uncorrected,data_error_only,7.3104,7.3104
2024-09-23 00:45:00,raw_uncorrected,data_error_only,7.138351,7.138351
2024-09-23 01:00:00,raw_uncorrected,data_error_only,7.138351,7.138351
2024-09-23 01:15:00,raw_uncorrected,data_error_only,6.942954,6.942954
2024-09-23 01:30:00,raw_uncorrected,data_error_only,6.424438,6.424438
2024-09-23 01:45:00,raw_uncorrected,data_error_only,6.424438,6.424438
2024-09-23 02:00:00,raw_uncorrected,data_error_only,6.200482,6.200482
2024-09-23 02:15:00,raw_uncorrected,data_error_only,6.138571,6.138571
2024-09-23 02:30:00,raw_uncorrected,data_error_only,6.017548,6.017548
2024-09-23 02:45:00,raw_uncorrected,data_error_only,6.017548,6.017548
2024-09-23 03:00:00,raw_uncorrected,data_error_only,6.017548,6.017548
2024-09-23 03:15:00,raw_uncorrected,data_error_only,5.798305,5.798305
2024-09-23 03:30:00,raw_uncorrected,data_error_only,5.712128,5.712128
2024-09-23 03:45:00,raw_uncorrected,data_error_only,5.712128,5.712128
2024-09-23 04:00:00,raw_uncorrected,data_error_only,5.712128,5.712128
2024-09-23 04:15:00,raw_uncorrected,data_error_only,5.593985,5.593985
2024-09-23 04:30:00,raw_uncorrected,data_error_only,5.593985,5.593985
2024-09-23 04:45:00,raw_uncorrected,data_error_only,5.593985,5.593985
2024-09-23 05:00:00,raw_uncorrected,data_error_only,5.593985,5.593985
2024-09-23 05:15:00,raw_uncorrected,data_error_only,5.957133,5.957133
2024-09-23 05:30:00,raw_uncorrected,data_error_only,5.957133,5.957133
2024-09-23 05:45:00,raw_uncorrected,data_error_only,5.957133,5.957133
2024-09-23 06:00:00,raw_uncorrected,data_error_only,6.172005,6.172005
2024-09-23 06:15:00,raw_uncorrected,data_error_only,6.191438,6.191438
2024-09-23 06:30:00,raw_uncorrected,data_error_only,6.044874,6.044874
2024-09-23 06:45:00,raw_uncorrected,data_error_only,5.28118,5.28118
2024-09-23 07:00:00,raw_uncorrected,data_error_only,4.588136,4.588136
2024-09-23 07:15:00,raw_uncorrected,data_error_only,3.868244,3.868244
2024-09-23 07:30:00,raw_uncorrected,data_error_only,3.072877,3.072877
2024-09-23 07:45:00,raw_uncorrected,data_error_only,2.070497,2.070497
2024-09-23 08:00:00,raw_uncorrected,data_error_only,2.070497,2.070497
2024-09-23 08:15:00,raw_uncorrected,data_error_only,1.989805,1.989805
2024-09-23 08:30:00,raw_uncorrected,data_error_only,-1.989805,1.989805
2024-09-23 08:45:00,raw_uncorrected,data_error_only,-2.601288,2.601288
2024-09-23 09:00:00,raw_uncorrected,data_error_only,-3.376506,3.376506
2024-09-23 09:15:00,raw_uncorrected,data_error_only,-4.048626,4.048626
2024-09-23 09:30:00,raw_uncorrected,data_error_only,-4.983896,4.983896
2024-09-23 09:45:00,raw_uncorrected,data_error_only,-5.485096,5.485096
2024-09-23 10:00:00,raw_uncorrected,data_error_only,-5.92937,5.92937
2024-09-23 10:15:00,raw_uncorrected,data_error_only,-6.240825,6.240825
2024-09-23 10:30:00,raw_uncorrected,data_error_only,-6.799804,6.799804
2024-09-23 10:45:00,raw_uncorrected,data_error_only,-6.933235,6.933235
2024-09-23 11:00:00,raw_uncorrected,data_error_only,-7.455957,7.455957
2024-09-23 11:15:00,raw_uncorrected,data_error_only,-7.401493,7.401493
2024-09-23 11:30:00,raw_uncorrected,data_error_only,-7.580399,7.580399
2024-09-23 11:45:00,raw_uncorrected,data_error_only,-7.570047,7.570047
2024-09-23 12:00:00,raw_uncorrected,data_error_only,-7.570047,7.570047
2024-09-23 12:15:00,raw_uncorrected,data_error_only,-7.546422,7.546422
2024-09-23 12:30:00,raw_uncorrected,data_error_only,-7.427303,7.427303
2024-09-23 12:45:00,raw_uncorrected,data_error_only,-7.231628,7.231628
2024-09-23 13:00:00,raw_uncorrected,data_error_only,-6.789222,6.789222
2024-09-23 13:15:00,raw_uncorrected,data_error_only,-6.825679,6.825679
2024-09-23 13:30:00,raw_uncorrected,data_error_only,-6.621673,6.621673
2024-09-23 13:45:00,raw_uncorrected,data_error_only,-5.997976,5.997976
2024-09-23 14:00:00,raw_uncorrected,data_error_only,-5.457145,5.457145
2024-09-23 14:15:00,raw_uncorrected,data_error_only,-4.927861,4.927861
2024-09-23 14:30:00,raw_uncorrected,data_error_only,-4.353054,4.353054
2024-09-23 14:45:00,raw_uncorrected,data_error_only,-3.70038,3.70038
2024-09-23 15:00:00,raw_uncorrected,data_error_only,-2.729767,2.729767
2024-09-23 15:15:00,raw_uncorrected,data_error_only,-1.772014,1.772014
2024-09-23 15:30:00,raw_uncorrected,data_error_only,-1.531047,1.531047
2024-09-23 15:45:00,raw_uncorrected,data_error_only,1.531047,1.531047
2024-09-23 16:00:00,raw_uncorrected,data_error_only,2.213105,2.213105
2024-09-23 16:15:00,raw_uncorrected,data_error_only,3.500348,3.500348
2024-09-23 16:30:00,raw_uncorrected,data_error_only,4.577646,4.577646
2024-09-23 16:45:00,raw_uncorrected,data_error_only,5.762485,5.762485
2024-09-23 17:00:00,raw_uncorrected,data_error_only,6.837753,6.837753
2024-09-23 17:15:00,raw_uncorrected,data_error_only,7.581233,7.581233
2024-09-23 17:30:00,raw_uncorrected,data_error_only,8.467048,8.467048
2024-09-23 17:45:00,raw_uncorrected,data_error_only,9.304914,9.304914
2024-09-23 18:00:00,raw_uncorrected,data_error_only,9.529658,9.529658
2024-09-23 18:15:00,raw_uncorrected,data_error_only,9.981888,9.981888
2024-09-23 18:30:00,raw_uncorrected,data_error_only,10.224148,10.224148
2024-09-23 18:45:00,raw_uncorrected,data_error_only,10.000092,10.000092
2024-09-23 19:00:00,raw_uncorrected,data_error_only,10.000092,10.000092
2024-09-23 19:15:00,raw_uncorrected,data_error_only,9.751215,9.751215
2024-09-23 19:30:00,raw_uncorrected,data_error_only,9.587336,9.587336
2024-09-23 19:45:00,raw_uncorrected,data_error_only,9.35159,9.35159
2024-09-23 20:00:00,raw_uncorrected,data_error_only,9.182755,9.182755
2024-09-23 20:15:00,raw_uncorrected,data_error_only,8.887432,8.887432
2024-09-23 20:30:00,raw_uncorrected,data_error_only,8.714322,8.714322
2024-09-23 20:45:00,raw_uncorrected,data_error_only,8.714322,8.714322
2024-09-23 21:00:00,raw_uncorrected,data_error_only,8.484045,8.484045
2024-09-23 21:15:00,raw_uncorrected,data_error_only,8.203006,8.203006
2024-09-23 21:30:00,raw_uncorrected,data_error_only,8.07249,8.07249
2024-09-23 21:45:00,raw_uncorrected,data_error_only,7.846364,7.846364
2024-09-23 22:00:00,raw_uncorrected,data_error_only,7.846364,7.846364
2024-09-23 22:15:00,raw_uncorrected,data_error_only,7.910962,7.910962
2024-09-23 22:30:00,raw_uncorrected,data_error_only,7.981997,7.981997
2024-09-23 22:45:00,raw_uncorrected,data_error_only,7.756467,7.756467
2024-09-23 23:00:00,raw_uncorrected,data_error_only,7.756467,7.756467
2024-09-23 23:15:00,raw_uncorrected,data_error_only,7.799843,7.799843
2024-09-23 23:30:00,raw_uncorrected,data_error_only,7.63496,7.63496
2024-09-23 23:45:00,raw_uncorrected,data_error_only,7.63496,7.63496
2024-09-24 00:00:00,raw_uncorrected,data_error_only,7.63496,7.63496
2024-09-24 00:15:00,raw_uncorrected,data_error_only,7.472299,7.472299
2024-09-24 00:30:00,raw_uncorrected,data_error_only,7.385324,7.385324
2024-09-24 00:45:00,raw_uncorrected,data_error_only,7.167806,7.167806
2024-09-24 01:00:00,raw_uncorrected,data_error_only,7.167806,7.167806
2024-09-24 01:15:00,raw_uncorrected,data_error_only,6.874758,6.874758
2024-09-24 01:30:00,raw_uncorrected,data_error_only,6.62886,6.62886
2024-09-24 01:45:00,raw_uncorrected,data_error_only,6.405691,6.405691
2024-09-24 02:00:00,raw_uncorrected,data_error_only,6.181415,6.181415
2024-09-24 02:15:00,raw_uncorrected,data_error_only,6.005186,6.005186
2024-09-24 02:30:00,raw_uncorrected,data_error_only,6.005186,6.005186
2024-09-24 02:45:00,raw_uncorrected,data_error_only,6.005186,6.005186
2024-09-24 03:00:00,raw_uncorrected,data_error_only,5.772617,5.772617
2024-09-24 03:15:00,raw_uncorrected,data_error_only,5.812012,5.812012
2024-09-24 03:30:00,raw_uncorrected,data_error_only,5.812012,5.812012
2024-09-24 03:45:00,raw_uncorrected,data_error_only,5.812012,5.812012
2024-09-24 04:00:00,raw_uncorrected,data_error_only,5.812012,5.812012
2024-09-24 04:15:00,raw_uncorrected,data_error_only,5.614908,5.614908
2024-09-24 04:30:00,raw_uncorrected,data_error_only,5.614908,5.614908
2024-09-24 04:45:00,raw_uncorrected,data_error_only,5.614908,5.614908
2024-09-24 05:00:00,raw_uncorrected,data_error_only,5.614908,5.614908
2024-09-24 05:15:00,raw_uncorrected,data_error_only,5.963146,5.963146
2024-09-24 05:30:00,raw_uncorrected,data_error_only,5.963146,5.963146
2024-09-24 05:45:00,raw_uncorrected,data_error_only,5.963146,5.963146
2024-09-24 06:00:00,raw_uncorrected,data_error_only,5.963146,5.963146
2024-09-24 06:15:00,raw_uncorrected,data_error_only,6.089136,6.089136
2024-09-24 06:30:00,raw_uncorrected,data_error_only,5.521523,5.521523
2024-09-24 06:45:00,raw_uncorrected,data_error_only,4.69248,4.69248
2024-09-24 07:00:00,raw_uncorrected,data_error_only,4.844885,4.844885
2024-09-24 07:15:00,raw_uncorrected,data_error_only,4.922935,4.922935
2024-09-24 07:30:00,raw_uncorrected,data_error_only,4.07172,4.07172
2024-09-24 07:45:00,raw_uncorrected,data_error_only,3.535613,3.535613
2024-09-24 08:00:00,raw_uncorrected,data_error_only,2.530258,2.530258
2024-09-24 08:15:00,raw_uncorrected,data_error_only,2.050875,2.050875
2024-09-24 08:30:00,raw_uncorrected,data_error_only,2.287282,2.287282
2024-09-24 08:45:00,raw_uncorrected,data_error_only,1.897086,1.897086
2024-09-24 09:00:00,raw_uncorrected,data_error_only,-1.860049,1.860049
2024-09-24 09:15:00,raw_uncorrected,data_error_only,-2.830731,2.830731
2024-09-24 09:30:00,raw_uncorrected,data_error_only,-3.814328,3.814328
2024-09-24 09:45:00,raw_uncorrected,data_error_only,-4.867734,4.867734
2024-09-24 10:00:00,raw_uncorrected,data_error_only,-4.709795,4.709795
2024-09-24 10:15:00,raw_uncorrected,data_error_only,-5.659966,5.659966
2024-09-24 10:30:00,raw_uncorrected,data_error_only,-4.230643,4.230643
2024-09-24 10:45:00,raw_uncorrected,data_error_only,-4.453319,4.453319
2024-09-24 11:00:00,raw_uncorrected,data_error_only,-2.556932,2.556932
2024-09-24 11:15:00,raw_uncorrected,data_error_only,-5.826739,5.826739
2024-09-24 11:30:00,raw_uncorrected,data_error_only,-5.401349,5.401349
2024-09-24 11:45:00,raw_uncorrected,data_error_only,-4.413378,4.413378
2024-09-24 12:00:00,raw_uncorrected,data_error_only,-4.487985,4.487985
2024-09-24 12:15:00,raw_uncorrected,data_error_only,-3.168412,3.168412
2024-09-24 12:30:00,raw_uncorrected,data_error_only,-2.510739,2.510739
2024-09-24 12:45:00,raw_uncorrected,data_error_only,-3.413151,3.413151
2024-09-24 13:00:00,raw_uncorrected,data_error_only,-2.564168,2.564168
2024-09-24 13:15:00,raw_uncorrected,data_error_only,-1.93681,1.93681
2024-09-24 13:30:00,raw_uncorrected,data_error_only,-1.93681,1.93681
2024-09-24 13:45:00,raw_uncorrected,data_error_only,-1.871383,1.871383
2024-09-24 14:00:00,raw_uncorrected,data_error_only,-1.453887,1.453887
2024-09-24 14:15:00,raw_uncorrected,data_error_only,1.583451,1.583451
2024-09-24 14:30:00,raw_uncorrected,data_error_only,2.695884,2.695884
2024-09-24 14:45:00,raw_uncorrected,data_error_only,2.530519,2.530519
2024-09-24 15:00:00,raw_uncorrected,data_error_only,1.823846,1.823846
2024-09-24 15:15:00,raw_uncorrected,data_error_only,2.979171,2.979171
2024-09-24 15:30:00,raw_uncorrected,data_error_only,4.360745,4.360745
2024-09-24 15:45:00,raw_uncorrected,data_error_only,5.16398,5.16398
2024-09-24 16:00:00,raw_uncorrected,data_error_only,5.714262,5.714262
2024-09-24 16:15:00,raw_uncorrected,data_error_only,6.032474,6.032474
2024-09-24 16:30:00,raw_uncorrected,data_error_only,6.696221,6.696221
2024-09-24 16:45:00,raw_uncorrected,data_error_only,7.56909,7.56909
2024-09-24 17:00:00,raw_uncorrected,data_error_only,7.632205,7.632205
2024-09-24 17:15:00,raw_uncorrected,data_error_only,7.666404,7.666404
2024-09-24 17:30:00,raw_uncorrected,data_error_only,8.659238,8.659238
2024-09-24 17:45:00,raw_uncorrected,data_error_only,8.954216,8.954216
2024-09-24 18:00:00,raw_uncorrected,data_error_only,9.52494,9.52494
2024-09-24 18:15:00,raw_uncorrected,data_error_only,10.029065,10.029065
2024-09-24 18:30:00,raw_uncorrected,data_error_only,10.029065,10.029065
2024-09-24 18:45:00,raw_uncorrected,data_error_only,10.029065,10.029065
2024-09-24 19:00:00,raw_uncorrected,data_error_only,9.8126,9.8126
2024-09-24 19:15:00,raw_uncorrected,data_error_only,9.551767,9.551767
2024-09-24 19:30:00,raw_uncorrected,data_error_only,9.551767,9.551767
2024-09-24 19:45:00,raw_uncorrected,data_error_only,9.091463,9.091463
2024-09-24 20:00:00,raw_uncorrected,data_error_only,8.867408,8.867408
2024-09-24 20:15:00,raw_uncorrected,data_error_only,8.688102,8.688102
2024-09-24 20:30:00,raw_uncorrected,data_error_only,8.688102,8.688102
2024-09-24 20:45:00,raw_uncorrected,data_error_only,8.479574,8.479574
2024-09-24 21:00:00,raw_uncorrected,data_error_only,8.479574,8.479574
2024-09-24 21:15:00,raw_uncorrected,data_error_only,8.073374,8.073374
2024-09-24 21:30:00,raw_uncorrected,data_error_only,8.073374,8.073374
2024-09-24 21:45:00,raw_uncorrected,data_error_only,8.073374,8.073374
2024-09-24 22:00:00,raw_uncorrected,data_error_only,7.941416,7.941416
2024-09-24 22:15:00,raw_uncorrected,data_error_only,8.119015,8.119015
2024-09-24 22:30:00,raw_uncorrected,data_error_only,8.119015,8.119015
2024-09-24 22:45:00,raw_uncorrected,data_error_only,7.905465,7.905465
2024-09-24 23:00:00,raw_uncorrected,data_error_only,7.725052,7.725052
2024-09-24 23:15:00,raw_uncorrected,data_error_only,7.969295,7.969295
2024-09-24 23:30:00,raw_uncorrected,data_error_only,7.969295,7.969295
2024-09-24 23:45:00,raw_uncorrected,data_error_only,7.676559,7.676559
2024-09-25 00:00:00,raw_uncorrected,data_error_only,7.676559,7.676559
2024-09-25 00:15:00,raw_uncorrected,data_error_only,7.365247,7.365247
2024-09-25 00:30:00,raw_uncorrected,data_error_only,7.064072,7.064072
2024-09-25 00:45:00,raw_uncorrected,data_error_only,7.064072,7.064072
2024-09-25 01:00:00,raw_uncorrected,data_error_only,7.064072,7.064072
2024-09-25 01:15:00,raw_uncorrected,data_error_only,6.891699,6.891699
2024-09-25 01:30:00,raw_uncorrected,data_error_only,6.650727,6.650727
2024-09-25 01:45:00,raw_uncorrected,data_error_only,6.392989,6.392989
2024-09-25 02:00:00,raw_uncorrected,data_error_only,6.392989,6.392989
2024-09-25 02:15:00,raw_uncorrected,data_error_only,6.142905,6.142905
2024-09-25 02:30:00,raw_uncorrected,data_error_only,5.970325,5.970325
2024-09-25 02:45:00,raw_uncorrected,data_error_only,5.970325,5.970325
2024-09-25 03:00:00,raw_uncorrected,data_error_only,5.739419,5.739419
2024-09-25 03:15:00,raw_uncorrected,data_error_only,5.605046,5.605046
2024-09-25 03:30:00,raw_uncorrected,data_error_only,5.605046,5.605046
2024-09-25 03:45:00,raw_uncorrected,data_error_only,5.605046,5.605046
2024-09-25 04:00:00,raw_uncorrected,data_error_only,5.605046,5.605046
2024-09-25 04:15:00,raw_uncorrected,data_error_only,5.661766,5.661766
2024-09-25 04:30:00,raw_uncorrected,data_error_only,5.661766,5.661766
2024-09-25 04:45:00,raw_uncorrected,data_error_only,5.661766,5.661766
2024-09-25 05:00:00,raw_uncorrected,data_error_only,5.661766,5.661766
2024-09-25 05:15:00,raw_uncorrected,data_error_only,5.94566,5.94566
2024-09-25 05:30:00,raw_uncorrected,data_error_only,5.94566,5.94566
2024-09-25 05:45:00,raw_uncorrected,data_error_only,5.94566,5.94566
2024-09-25 06:00:00,raw_uncorrected,data_error_only,6.178846,6.178846
2024-09-25 06:15:00,raw_uncorrected,data_error_only,6.476783,6.476783
2024-09-25 06:30:00,raw_uncorrected,data_error_only,6.663948,6.663948
2024-09-25 06:45:00,raw_uncorrected,data_error_only,6.663948,6.663948
2024-09-25 07:00:00,raw_uncorrected,data_error_only,6.498516,6.498516
2024-09-25 07:15:00,raw_uncorrected,data_error_only,5.95957,5.95957
2024-09-25 07:30:00,raw_uncorrected,data_error_only,6.349567,6.349567
2024-09-25 07:45:00,raw_uncorrected,data_error_only,6.27454,6.27454
2024-09-25 08:00:00,raw_uncorrected,data_error_only,5.464299,5.464299
2024-09-25 08:15:00,raw_uncorrected,data_error_only,5.544016,5.544016
2024-09-25 08:30:00,raw_uncorrected,data_error_only,5.971197,5.971197
2024-09-25 08:45:00,raw_uncorrected,data_error_only,6.528148,6.528148
2024-09-25 09:00:00,raw_uncorrected,data_error_only,5.622834,5.622834
2024-09-25 09:15:00,raw_uncorrected,data_error_only,5.301888,5.301888
2024-09-25 09:30:00,raw_uncorrected,data_error_only,4.202118,4.202118
2024-09-25 09:45:00,raw_uncorrected,data_error_only,5.046296,5.046296
2024-09-25 10:00:00,raw_uncorrected,data_error_only,5.270646,5.270646
2024-09-25 10:15:00,raw_uncorrected,data_error_only,5.846995,5.846995
2024-09-25 10:30:00,raw_uncorrected,data_error_only,4.961074,4.961074
2024-09-25 10:45:00,raw_uncorrected,data_error_only,2.29531,2.29531
2024-09-25 11:00:00,raw_uncorrected,data_error_only,2.222041,2.222041
2024-09-25 11:15:00,raw_uncorrected,data_error_only,1.407884,1.407884
2024-09-25 11:30:00,raw_uncorrected,data_error_only,2.325775,2.325775
2024-09-25 11:45:00,raw_uncorrected,data_error_only,1.715012,1.715012
2024-09-25 12:00:00,raw_uncorrected,data_error_only,2.37105,2.37105
2024-09-25 12:15:00,raw_uncorrected,data_error_only,3.297634,3.297634
2024-09-25 12:30:00,raw_uncorrected,data_error_only,5.441793,5.441793
2024-09-25 12:45:00,raw_uncorrected,data_error_only,6.911098,6.911098
2024-09-25 13:00:00,raw_uncorrected,data_error_only,5.44232,5.44232
2024-09-25 13:15:00,raw_uncorrected,data_error_only,2.01467,2.01467
2024-09-25 13:30:00,raw_uncorrected,data_error_only,2.589174,2.589174
2024-09-25 13:45:00,raw_uncorrected,data_error_only,6.211157,6.211157
2024-09-25 14:00:00,raw_uncorrected,data_error_only,4.261666,4.261666
2024-09-25 14:15:00,raw_uncorrected,data_error_only,3.532303,3.532303
2024-09-25 14:30:00,raw_uncorrected,data_error_only,2.909088,2.909088
2024-09-25 14:45:00,raw_uncorrected,data_error_only,2.083272,2.083272
2024-09-25 15:00:00,raw_uncorrected,data_error_only,1.701108,1.701108
2024-09-25 15:15:00,raw_uncorrected,data_error_only,2.30945,2.30945
2024-09-25 15:30:00,raw_uncorrected,data_error_only,4.521613,4.521613
2024-09-25 15:45:00,raw_uncorrected,data_error_only,4.041833,4.041833
2024-09-25 16:00:00,raw_uncorrected,data_error_only,5.847597,5.847597
2024-09-25 16:15:00,raw_uncorrected,data_error_only,4.893353,4.893353
2024-09-25 16:30:00,raw_uncorrected,data_error_only,7.034026,7.034026
2024-09-25 16:45:00,raw_uncorrected,data_error_only,7.034026,7.034026
2024-09-25 17:00:00,raw_uncorrected,data_error_only,7.776564,7.776564
2024-09-25 17:15:00,raw_uncorrected,data_error_only,8.498938,8.498938
2024-09-25 17:30:00,raw_uncorrected,data_error_only,8.794645,8.794645
2024-09-25 17:45:00,raw_uncorrected,data_error_only,9.486432,9.486432
2024-09-25 18:00:00,raw_uncorrected,data_error_only,9.710487,9.710487
2024-09-25 18:15:00,raw_uncorrected,data_error_only,10.151994,10.151994
2024-09-25 18:30:00,raw_uncorrected,data_error_only,10.151994,10.151994
2024-09-25 18:45:00,raw_uncorrected,data_error_only,10.000914,10.000914
2024-09-25 19:00:00,raw_uncorrected,data_error_only,10.000914,10.000914
2024-09-25 19:15:00,raw_uncorrected,data_error_only,9.628301,9.628301
2024-09-25 19:30:00,raw_uncorrected,data_error_only,9.628301,9.628301
2024-09-25 19:45:00,raw_uncorrected,data_error_only,9.396631,9.396631
2024-09-25 20:00:00,raw_uncorrected,data_error_only,9.124731,9.124731
2024-09-25 20:15:00,raw_uncorrected,data_error_only,8.98067,8.98067
2024-09-25 20:30:00,raw_uncorrected,data_error_only,8.85986,8.85986
2024-09-25 20:45:00,raw_uncorrected,data_error_only,8.85986,8.85986
2024-09-25 21:00:00,raw_uncorrected,data_error_only,8.644233,8.644233
2024-09-25 21:15:00,raw_uncorrected,data_error_only,8.723679,8.723679
2024-09-25 21:30:00,raw_uncorrected,data_error_only,8.491989,8.491989
2024-09-25 21:45:00,raw_uncorrected,data_error_only,8.256811,8.256811
2024-09-25 22:00:00,raw_uncorrected,data_error_only,8.256811,8.256811
2024-09-25 22:15:00,raw_uncorrected,data_error_only,8.260721,8.260721
2024-09-25 22:30:00,raw_uncorrected,data_error_only,8.260721,8.260721
2024-09-25 22:45:00,raw_uncorrected,data_error_only,8.092372,8.092372
2024-09-25 23:00:00,raw_uncorrected,data_error_only,8.036243,8.036243
2024-09-25 23:15:00,raw_uncorrected,data_error_only,8.190728,8.190728
2024-09-25 23:30:00,raw_uncorrected,data_error_only,7.947321,7.947321
2024-09-25 23:45:00,raw_uncorrected,data_error_only,7.582056,7.582056
2024-09-26 00:00:00,raw_uncorrected,data_error_only,7.582056,7.582056
2024-09-26 00:15:00,raw_uncorrected,data_error_only,7.433174,7.433174
2024-09-26 00:30:00,raw_uncorrected,data_error_only,7.433174,7.433174
2024-09-26 00:45:00,raw_uncorrected,data_error_only,7.191673,7.191673
2024-09-26 01:00:00,raw_uncorrected,data_error_only,7.191673,7.191673
2024-09-26 01:15:00,raw_uncorrected,data_error_only,6.851854,6.851854
2024-09-26 01:30:00,raw_uncorrected,data_error_only,6.627897,6.627897
2024-09-26 01:45:00,raw_uncorrected,data_error_only,6.445079,6.445079
2024-09-26 02:00:00,raw_uncorrected,data_error_only,6.445079,6.445079
2024-09-26 02:15:00,raw_uncorrected,data_error_only,6.096743,6.096743
2024-09-26 02:30:00,raw_uncorrected,data_error_only,5.933657,5.933657
2024-09-26 02:45:00,raw_uncorrected,data_error_only,5.933657,5.933657
2024-09-26 03:00:00,raw_uncorrected,data_error_only,5.700639,5.700639
2024-09-26 03:15:00,raw_uncorrected,data_error_only,5.611211,5.611211
2024-09-26 03:30:00,raw_uncorrected,data_error_only,5.611211,5.611211
2024-09-26 03:45:00,raw_uncorrected,data_error_only,5.82646,5.82646
2024-09-26 04:00:00,raw_uncorrected,data_error_only,5.82646,5.82646
2024-09-26 04:15:00,raw_uncorrected,data_error_only,5.87755,5.87755
2024-09-26 04:30:00,raw_uncorrected,data_error_only,5.87755,5.87755
2024-09-26 04:45:00,raw_uncorrected,data_error_only,5.87755,5.87755
2024-09-26 05:00:00,raw_uncorrected,data_error_only,5.87755,5.87755
2024-09-26 05:15:00,raw_uncorrected,data_error_only,5.739449,5.739449
2024-09-26 05:30:00,raw_uncorrected,data_error_only,5.739449,5.739449
2024-09-26 05:45:00,raw_uncorrected,data_error_only,6.024198,6.024198
2024-09-26 06:00:00,raw_uncorrected,data_error_only,6.404033,6.404033
2024-09-26 06:15:00,raw_uncorrected,data_error_only,6.70371,6.70371
2024-09-26 06:30:00,raw_uncorrected,data_error_only,6.841779,6.841779
2024-09-26 06:45:00,raw_uncorrected,data_error_only,7.074077,7.074077
2024-09-26 07:00:00,raw_uncorrected,data_error_only,7.074077,7.074077
2024-09-26 07:15:00,raw_uncorrected,data_error_only,7.273978,7.273978
2024-09-26 07:30:00,raw_uncorrected,data_error_only,7.498033,7.498033
2024-09-26 07:45:00,raw_uncorrected,data_error_only,7.740234,7.740234
2024-09-26 08:00:00,raw_uncorrected,data_error_only,7.516081,7.516081
2024-09-26 08:15:00,raw_uncorrected,data_error_only,7.053419,7.053419
2024-09-26 08:30:00,raw_uncorrected,data_error_only,7.264547,7.264547
2024-09-26 08:45:00,raw_uncorrected,data_error_only,7.519378,7.519378
2024-09-26 09:00:00,raw_uncorrected,data_error_only,7.167394,7.167394
2024-09-26 09:15:00,raw_uncorrected,data_error_only,7.062294,7.062294
2024-09-26 09:30:00,raw_uncorrected,data_error_only,7.215144,7.215144
2024-09-26 09:45:00,raw_uncorrected,data_error_only,7.077506,7.077506
2024-09-26 10:00:00,raw_uncorrected,data_error_only,7.313213,7.313213
2024-09-26 10:15:00,raw_uncorrected,data_error_only,7.279179,7.279179
2024-09-26 10:30:00,raw_uncorrected,data_error_only,7.455103,7.455103
2024-09-26 10:45:00,raw_uncorrected,data_error_only,6.636974,6.636974
2024-09-26 11:00:00,raw_uncorrected,data_error_only,7.46014,7.46014
2024-09-26 11:15:00,raw_uncorrected,data_error_only,8.083162,8.083162
2024-09-26 11:30:00,raw_uncorrected,data_error_only,8.069519,8.069519
2024-09-26 11:45:00,raw_uncorrected,data_error_only,8.362985,8.362985
2024-09-26 12:00:00,raw_uncorrected,data_error_only,8.341927,8.341927
2024-09-26 12:15:00,raw_uncorrected,data_error_only,8.266295,8.266295
2024-09-26 12:30:00,raw_uncorrected,data_error_only,8.594744,8.594744
2024-09-26 12:45:00,raw_uncorrected,data_error_only,8.284438,8.284438
2024-09-26 13:00:00,raw_uncorrected,data_error_only,8.655603,8.655603
2024-09-26 13:15:00,raw_uncorrected,data_error_only,8.051427,8.051427
2024-09-26 13:30:00,raw_uncorrected,data_error_only,7.18327,7.18327
2024-09-26 13:45:00,raw_uncorrected,data_error_only,6.321434,6.321434
2024-09-26 14:00:00,raw_uncorrected,data_error_only,5.963858,5.963858
2024-09-26 14:15:00,raw_uncorrected,data_error_only,7.055324,7.055324
2024-09-26 14:30:00,raw_uncorrected,data_error_only,7.501667,7.501667
2024-09-26 14:45:00,raw_uncorrected,data_error_only,6.766789,6.766789
2024-09-26 15:00:00,raw_uncorrected,data_error_only,7.403086,7.403086
2024-09-26 15:15:00,raw_uncorrected,data_error_only,7.780951,7.780951
2024-09-26 15:30:00,raw_uncorrected,data_error_only,8.663186,8.663186
2024-09-26 15:45:00,raw_uncorrected,data_error_only,8.764117,8.764117
2024-09-26 16:00:00,raw_uncorrected,data_error_only,9.169884,9.169884
2024-09-26 16:15:00,raw_uncorrected,data_error_only,8.913513,8.913513
2024-09-26 16:30:00,raw_uncorrected,data_error_only,9.533185,9.533185
2024-09-26 16:45:00,raw_uncorrected,data_error_only,10.027297,10.027297
2024-09-26 17:00:00,raw_uncorrected,data_error_only,10.252335,10.252335
2024-09-26 17:15:00,raw_uncorrected,data_error_only,10.653223,10.653223
2024-09-26 17:30:00,raw_uncorrected,data_error_only,11.447923,11.447923
2024-09-26 17:45:00,raw_uncorrected,data_error_only,11.84669,11.84669
2024-09-26 18:00:00,raw_uncorrected,data_error_only,12.302781,12.302781
2024-09-26 18:15:00,raw_uncorrected,data_error_only,12.194345,12.194345
2024-09-26 18:30:00,raw_uncorrected,data_error_only,12.618467,12.618467
2024-09-26 18:45:00,raw_uncorrected,data_error_only,12.400014,12.400014
2024-09-26 19:00:00,raw_uncorrected,data_error_only,12.174036,12.174036
2024-09-26 19:15:00,raw_uncorrected,data_error_only,12.037666,12.037666
2024-09-26 19:30:00,raw_uncorrected,data_error_only,11.796272,11.796272
2024-09-26 19:45:00,raw_uncorrected,data_error_only,11.33087,11.33087
2024-09-26 20:00:00,raw_uncorrected,data_error_only,11.106617,11.106617
2024-09-26 20:15:00,raw_uncorrected,data_error_only,10.936683,10.936683
2024-09-26 20:30:00,raw_uncorrected,data_error_only,10.736332,10.736332
2024-09-26 20:45:00,raw_uncorrected,data_error_only,10.498144,10.498144
2024-09-26 21:00:00,raw_uncorrected,data_error_only,10.272515,10.272515
2024-09-26 21:15:00,raw_uncorrected,data_error_only,10.019393,10.019393
2024-09-26 21:30:00,raw_uncorrected,data_error_only,9.828558,9.828558
2024-09-26 21:45:00,raw_uncorrected,data_error_only,9.541432,9.541432
2024-09-26 22:00:00,raw_uncorrected,data_error_only,9.048972,9.048972
2024-09-26 22:15:00,raw_uncorrected,data_error_only,9.5042,9.5042
2024-09-26 22:30:00,raw_uncorrected,data_error_only,9.144668,9.144668
2024-09-26 22:45:00,raw_uncorrected,data_error_only,8.919039,8.919039
2024-09-26 23:00:00,raw_uncorrected,data_error_only,8.919039,8.919039
2024-09-26 23:15:00,raw_uncorrected,data_error_only,9.001078,9.001078
2024-09-26 23:30:00,raw_uncorrected,data_error_only,8.801482,8.801482
2024-09-26 23:45:00,raw_uncorrected,data_error_only,8.471574,8.471574
2024-09-27 00:00:00,raw_uncorrected,data_error_only,8.471574,8.471574
2024-09-27 00:15:00,raw_uncorrected,data_error_only,8.166516,8.166516
2024-09-27 00:30:00,raw_uncorrected,data_error_only,8.04459,8.04459
2024-09-27 00:45:00,raw_uncorrected,data_error_only,7.818367,7.818367
2024-09-27 01:00:00,raw_uncorrected,data_error_only,8.044684,8.044684
2024-09-27 01:15:00,raw_uncorrected,data_error_only,7.789897,7.789897
2024-09-27 01:30:00,raw_uncorrected,data_error_only,7.333725,7.333725
2024-09-27 01:45:00,raw_uncorrected,data_error_only,6.816784,6.816784
2024-09-27 02:00:00,raw_uncorrected,data_error_only,6.816784,6.816784
2024-09-27 02:15:00,raw_uncorrected,data_error_only,6.95835,6.95835
2024-09-27 02:30:00,raw_uncorrected,data_error_only,6.95835,6.95835
2024-09-27 02:45:00,raw_uncorrected,data_error_only,6.72578,6.72578
2024-09-27 03:00:00,raw_uncorrected,data_error_only,6.389995,6.389995
2024-09-27 03:15:00,raw_uncorrected,data_error_only,6.346374,6.346374
2024-09-27 03:30:00,raw_uncorrected,data_error_only,6.346374,6.346374
2024-09-27 03:45:00,raw_uncorrected,data_error_only,6.346374,6.346374
2024-09-27 04:00:00,raw_uncorrected,data_error_only,6.346374,6.346374
2024-09-27 04:15:00,raw_uncorrected,data_error_only,6.365296,6.365296
2024-09-27 04:30:00,raw_uncorrected,data_error_only,6.365296,6.365296
2024-09-27 04:45:00,raw_uncorrected,data_error_only,6.365296,6.365296
2024-09-27 05:00:00,raw_uncorrected,data_error_only,6.365296,6.365296
2024-09-27 05:15:00,raw_uncorrected,data_error_only,6.496156,6.496156
2024-09-27 05:30:00,raw_uncorrected,data_error_only,6.601832,6.601832
2024-09-27 05:45:00,raw_uncorrected,data_error_only,6.819668,6.819668
2024-09-27 06:00:00,raw_uncorrected,data_error_only,6.819668,6.819668
2024-09-27 06:15:00,raw_uncorrected,data_error_only,6.831759,6.831759
2024-09-27 06:30:00,raw_uncorrected,data_error_only,6.847594,6.847594
2024-09-27 06:45:00,raw_uncorrected,data_error_only,6.050374,6.050374
2024-09-27 07:00:00,raw_uncorrected,data_error_only,6.085079,6.085079
2024-09-27 07:15:00,raw_uncorrected,data_error_only,6.209725,6.209725
2024-09-27 07:30:00,raw_uncorrected,data_error_only,6.627086,6.627086
2024-09-27 07:45:00,raw_uncorrected,data_error_only,3.841139,3.841139
2024-09-27 08:00:00,raw_uncorrected,data_error_only,4.73851,4.73851
2024-09-27 08:15:00,raw_uncorrected,data_error_only,2.757848,2.757848
2024-09-27 08:30:00,raw_uncorrected,data_error_only,2.169953,2.169953
2024-09-27 08:45:00,raw_uncorrected,data_error_only,3.272464,3.272464
2024-09-27 09:00:00,raw_uncorrected,data_error_only,3.334024,3.334024
2024-09-27 09:15:00,raw_uncorrected,data_error_only,3.507666,3.507666
2024-09-27 09:30:00,raw_uncorrected,data_error_only,2.837195,2.837195
2024-09-27 09:45:00,raw_uncorrected,data_error_only,3.246916,3.246916
2024-09-27 10:00:00,raw_uncorrected,data_error_only,2.669795,2.669795
2024-09-27 10:15:00,raw_uncorrected,data_error_only,2.853429,2.853429
2024-09-27 10:30:00,raw_uncorrected,data_error_only,2.976934,2.976934
2024-09-27 10:45:00,raw_uncorrected,data_error_only,2.204342,2.204342
2024-09-27 11:00:00,raw_uncorrected,data_error_only,1.935918,1.935918
2024-09-27 11:15:00,raw_uncorrected,data_error_only,4.236267,4.236267
2024-09-27 11:30:00,raw_uncorrected,data_error_only,3.214807,3.214807
2024-09-27 11:45:00,raw_uncorrected,data_error_only,2.671536,2.671536
2024-09-27 12:00:00,raw_uncorrected,data_error_only,2.50519,2.50519
2024-09-27 12:15:00,raw_uncorrected,data_error_only,5.582839,5.582839
2024-09-27 12:30:00,raw_uncorrected,data_error_only,3.116416,3.116416
2024-09-27 12:45:00,raw_uncorrected,data_error_only,1.950507,1.950507
2024-09-27 13:00:00,raw_uncorrected,data_error_only,2.583491,2.583491
2024-09-27 13:15:00,raw_uncorrected,data_error_only,2.278551,2.278551
2024-09-27 13:30:00,raw_uncorrected,data_error_only,2.376469,2.376469
2024-09-27 13:45:00,raw_uncorrected,data_error_only,2.48193,2.48193
2024-09-27 14:00:00,raw_uncorrected,data_error_only,3.094483,3.094483
2024-09-27 14:15:00,raw_uncorrected,data_error_only,2.260198,2.260198
2024-09-27 14:30:00,raw_uncorrected,data_error_only,3.020356,3.020356
2024-09-27 14:45:00,raw_uncorrected,data_error_only,3.558955,3.558955
2024-09-27 15:00:00,raw_uncorrected,data_error_only,3.79493,3.79493
2024-09-27 15:15:00,raw_uncorrected,data_error_only,4.122748,4.122748
2024-09-27 15:30:00,raw_uncorrected,data_error_only,4.322241,4.322241
2024-09-27 15:45:00,raw_uncorrected,data_error_only,4.456959,4.456959
2024-09-27 16:00:00,raw_uncorrected,data_error_only,5.095023,5.095023
2024-09-27 16:15:00,raw_uncorrected,data_error_only,4.939011,4.939011
2024-09-27 16:30:00,raw_uncorrected,data_error_only,6.4012,6.4012
2024-09-27 16:45:00,raw_uncorrected,data_error_only,7.447639,7.447639
2024-09-27 17:00:00,raw_uncorrected,data_error_only,8.123755,8.123755
2024-09-27 17:15:00,raw_uncorrected,data_error_only,8.418288,8.418288
2024-09-27 17:30:00,raw_uncorrected,data_error_only,9.197606,9.197606
2024-09-27 17:45:00,raw_uncorrected,data_error_only,9.879386,9.879386
2024-09-27 18:00:00,raw_uncorrected,data_error_only,10.512738,10.512738
2024-09-27 18:15:00,raw_uncorrected,data_error_only,10.897559,10.897559
2024-09-27 18:30:00,raw_uncorrected,data_error_only,11.350754,11.350754
2024-09-27 18:45:00,raw_uncorrected,data_error_only,11.350754,11.350754
2024-09-27 19:00:00,raw_uncorrected,data_error_only,11.302992,11.302992
2024-09-27 19:15:00,raw_uncorrected,data_error_only,11.019821,11.019821
2024-09-27 19:30:00,raw_uncorrected,data_error_only,10.916042,10.916042
2024-09-27 19:45:00,raw_uncorrected,data_error_only,10.916042,10.916042
2024-09-27 20:00:00,raw_uncorrected,data_error_only,10.690944,10.690944
2024-09-27 20:15:00,raw_uncorrected,data_error_only,10.523656,10.523656
2024-09-27 20:30:00,raw_uncorrected,data_error_only,10.290345,10.290345
2024-09-27 20:45:00,raw_uncorrected,data_error_only,10.055748,10.055748
2024-09-27 21:00:00,raw_uncorrected,data_error_only,10.055748,10.055748
2024-09-27 21:15:00,raw_uncorrected,data_error_only,9.953057,9.953057
2024-09-27 21:30:00,raw_uncorrected,data_error_only,9.600013,9.600013
2024-09-27 21:45:00,raw_uncorrected,data_error_only,9.555171,9.555171
2024-09-27 22:00:00,raw_uncorrected,data_error_only,9.148658,9.148658
2024-09-27 22:15:00,raw_uncorrected,data_error_only,9.554414,9.554414
2024-09-27 22:30:00,raw_uncorrected,data_error_only,9.554414,9.554414
2024-09-27 22:45:00,raw_uncorrected,data_error_only,9.128716,9.128716
2024-09-27 23:00:00,raw_uncorrected,data_error_only,8.903481,8.903481
2024-09-27 23:15:00,raw_uncorrected,data_error_only,9.106066,9.106066
2024-09-27 23:30:00,raw_uncorrected,data_error_only,8.821565,8.821565
2024-09-27 23:45:00,raw_uncorrected,data_error_only,8.416188,8.416188
2024-09-28 00:00:00,raw_uncorrected,data_error_only,8.416188,8.416188
2024-09-28 00:15:00,raw_uncorrected,data_error_only,8.236911,8.236911
2024-09-28 00:30:00,raw_uncorrected,data_error_only,8.033995,8.033995
2024-09-28 00:45:00,raw_uncorrected,data_error_only,8.033995,8.033995
2024-09-28 01:00:00,raw_uncorrected,data_error_only,8.033995,8.033995
2024-09-28 01:15:00,raw_uncorrected,data_error_only,7.572244,7.572244
2024-09-28 01:30:00,raw_uncorrected,data_error_only,7.327166,7.327166
2024-09-28 01:45:00,raw_uncorrected,data_error_only,6.816784,6.816784
2024-09-28 02:00:00,raw_uncorrected,data_error_only,6.816784,6.816784
2024-09-28 02:15:00,raw_uncorrected,data_error_only,6.616551,6.616551
2024-09-28 02:30:00,raw_uncorrected,data_error_only,6.616551,6.616551
2024-09-28 02:45:00,raw_uncorrected,data_error_only,6.375963,6.375963
2024-09-28 03:00:00,raw_uncorrected,data_error_only,6.152498,6.152498
2024-09-28 03:15:00,raw_uncorrected,data_error_only,6.384535,6.384535
2024-09-28 03:30:00,raw_uncorrected,data_error_only,6.42751,6.42751
2024-09-28 03:45:00,raw_uncorrected,data_error_only,6.42751,6.42751
2024-09-28 04:00:00,raw_uncorrected,data_error_only,6.204045,6.204045
2024-09-28 04:15:00,raw_uncorrected,data_error_only,5.892984,5.892984
2024-09-28 04:30:00,raw_uncorrected,data_error_only,5.892984,5.892984
2024-09-28 04:45:00,raw_uncorrected,data_error_only,5.892984,5.892984
2024-09-28 05:00:00,raw_uncorrected,data_error_only,5.892984,5.892984
2024-09-28 05:15:00,raw_uncorrected,data_error_only,6.09391,6.09391
2024-09-28 05:30:00,raw_uncorrected,data_error_only,6.19732,6.19732
2024-09-28 05:45:00,raw_uncorrected,data_error_only,6.19732,6.19732
2024-09-28 06:00:00,raw_uncorrected,data_error_only,6.19732,6.19732
2024-09-28 06:15:00,raw_uncorrected,data_error_only,6.023635,6.023635
2024-09-28 06:30:00,raw_uncorrected,data_error_only,5.929132,5.929132
2024-09-28 06:45:00,raw_uncorrected,data_error_only,5.705667,5.705667
2024-09-28 07:00:00,raw_uncorrected,data_error_only,5.705667,5.705667
2024-09-28 07:15:00,raw_uncorrected,data_error_only,5.745116,5.745116
2024-09-28 07:30:00,raw_uncorrected,data_error_only,4.746841,4.746841
2024-09-28 07:45:00,raw_uncorrected,data_error_only,6.594538,6.594538
2024-09-28 08:00:00,raw_uncorrected,data_error_only,6.07486,6.07486
2024-09-28 08:15:00,raw_uncorrected,data_error_only,2.296532,2.296532
2024-09-28 08:30:00,raw_uncorrected,data_error_only,2.296532,2.296532
2024-09-28 08:45:00,raw_uncorrected,data_error_only,5.476926,5.476926
2024-09-28 09:00:00,raw_uncorrected,data_error_only,3.936206,3.936206
2024-09-28 09:15:00,raw_uncorrected,data_error_only,1.918531,1.918531
2024-09-28 09:30:00,raw_uncorrected,data_error_only,2.757763,2.757763
2024-09-28 09:45:00,raw_uncorrected,data_error_only,1.920557,1.920557
2024-09-28 10:00:00,raw_uncorrected,data_error_only,2.584805,2.584805
2024-09-28 10:15:00,raw_uncorrected,data_error_only,2.511192,2.511192
2024-09-28 10:30:00,raw_uncorrected,data_error_only,3.485972,3.485972
2024-09-28 10:45:00,raw_uncorrected,data_error_only,4.008236,4.008236
2024-09-28 11:00:00,raw_uncorrected,data_error_only,4.121363,4.121363
2024-09-28 11:15:00,raw_uncorrected,data_error_only,1.480739,1.480739
2024-09-28 11:30:00,raw_uncorrected,data_error_only,3.547994,3.547994
2024-09-28 11:45:00,raw_uncorrected,data_error_only,1.666683,1.666683
2024-09-28 12:00:00,raw_uncorrected,data_error_only,3.651065,3.651065
2024-09-28 12:15:00,raw_uncorrected,data_error_only,2.386907,2.386907
2024-09-28 12:30:00,raw_uncorrected,data_error_only,2.772442,2.772442
2024-09-28 12:45:00,raw_uncorrected,data_error_only,2.697678,2.697678
2024-09-28 13:00:00,raw_uncorrected,data_error_only,5.501539,5.501539
2024-09-28 13:15:00,raw_uncorrected,data_error_only,4.119562,4.119562
2024-09-28 13:30:00,raw_uncorrected,data_error_only,2.011089,2.011089
2024-09-28 13:45:00,raw_uncorrected,data_error_only,1.873439,1.873439
2024-09-28 14:00:00,raw_uncorrected,data_error_only,3.576658,3.576658
2024-09-28 14:15:00,raw_uncorrected,data_error_only,3.499718,3.499718
2024-09-28 14:30:00,raw_uncorrected,data_error_only,3.089577,3.089577
2024-09-28 14:45:00,raw_uncorrected,data_error_only,2.633714,2.633714
2024-09-28 15:00:00,raw_uncorrected,data_error_only,3.744818,3.744818
2024-09-28 15:15:00,raw_uncorrected,data_error_only,4.938024,4.938024
2024-09-28 15:30:00,raw_uncorrected,data_error_only,4.151595,4.151595
2024-09-28 15:45:00,raw_uncorrected,data_error_only,4.924085,4.924085
2024-09-28 16:00:00,raw_uncorrected,data_error_only,3.498837,3.498837
2024-09-28 16:15:00,raw_uncorrected,data_error_only,2.917866,2.917866
2024-09-28 16:30:00,raw_uncorrected,data_error_only,5.210471,5.210471
2024-09-28 16:45:00,raw_uncorrected,data_error_only,7.496439,7.496439
2024-09-28 17:00:00,raw_uncorrected,data_error_only,8.030428,8.030428
2024-09-28 17:15:00,raw_uncorrected,data_error_only,8.177835,8.177835
2024-09-28 17:30:00,raw_uncorrected,data_error_only,8.908394,8.908394
2024-09-28 17:45:00,raw_uncorrected,data_error_only,9.457358,9.457358
2024-09-28 18:00:00,raw_uncorrected,data_error_only,9.457358,9.457358
2024-09-28 18:15:00,raw_uncorrected,data_error_only,9.993515,9.993515
2024-09-28 18:30:00,raw_uncorrected,data_error_only,10.223155,10.223155
2024-09-28 18:45:00,raw_uncorrected,data_error_only,10.223155,10.223155
2024-09-28 19:00:00,raw_uncorrected,data_error_only,10.223155,10.223155
2024-09-28 19:15:00,raw_uncorrected,data_error_only,9.960075,9.960075
2024-09-28 19:30:00,raw_uncorrected,data_error_only,9.753072,9.753072
2024-09-28 19:45:00,raw_uncorrected,data_error_only,9.753072,9.753072
2024-09-28 20:00:00,raw_uncorrected,data_error_only,9.519999,9.519999
2024-09-28 20:15:00,raw_uncorrected,data_error_only,9.2062,9.2062
2024-09-28 20:30:00,raw_uncorrected,data_error_only,9.026104,9.026104
2024-09-28 20:45:00,raw_uncorrected,data_error_only,9.026104,9.026104
2024-09-28 21:00:00,raw_uncorrected,data_error_only,9.026104,9.026104
2024-09-28 21:15:00,raw_uncorrected,data_error_only,8.817962,8.817962
2024-09-28 21:30:00,raw_uncorrected,data_error_only,8.611841,8.611841
2024-09-28 21:45:00,raw_uncorrected,data_error_only,8.611841,8.611841
2024-09-28 22:00:00,raw_uncorrected,data_error_only,8.611841,8.611841
2024-09-28 22:15:00,raw_uncorrected,data_error_only,8.48638,8.48638
2024-09-28 22:30:00,raw_uncorrected,data_error_only,8.365732,8.365732
2024-09-28 22:45:00,raw_uncorrected,data_error_only,8.365732,8.365732
2024-09-28 23:00:00,raw_uncorrected,data_error_only,8.167616,8.167616
2024-09-28 23:15:00,raw_uncorrected,data_error_only,8.126741,8.126741
2024-09-28 23:30:00,raw_uncorrected,data_error_only,7.946486,7.946486
2024-09-28 23:45:00,raw_uncorrected,data_error_only,7.689096,7.689096
2024-09-29 00:00:00,raw_uncorrected,data_error_only,7.689096,7.689096
2024-09-29 00:15:00,raw_uncorrected,data_error_only,7.391571,7.391571
2024-09-29 00:30:00,raw_uncorrected,data_error_only,7.271082,7.271082
2024-09-29 00:45:00,raw_uncorrected,data_error_only,7.271082,7.271082
2024-09-29 01:00:00,raw_uncorrected,data_error_only,7.271082,7.271082
2024-09-29 01:15:00,raw_uncorrected,data_error_only,7.013433,7.013433
2024-09-29 01:30:00,raw_uncorrected,data_error_only,6.592313,6.592313
2024-09-29 01:45:00,raw_uncorrected,data_error_only,6.368553,6.368553
2024-09-29 02:00:00,raw_uncorrected,data_error_only,6.368553,6.368553
2024-09-29 02:15:00,raw_uncorrected,data_error_only,6.241396,6.241396
2024-09-29 02:30:00,raw_uncorrected,data_error_only,6.129171,6.129171
2024-09-29 02:45:00,raw_uncorrected,data_error_only,5.939252,5.939252
2024-09-29 03:00:00,raw_uncorrected,data_error_only,5.939252,5.939252
2024-09-29 03:15:00,raw_uncorrected,data_error_only,5.767864,5.767864
2024-09-29 03:30:00,raw_uncorrected,data_error_only,5.767864,5.767864
2024-09-29 03:45:00,raw_uncorrected,data_error_only,5.767864,5.767864
2024-09-29 04:00:00,raw_uncorrected,data_error_only,5.767864,5.767864
2024-09-29 04:15:00,raw_uncorrected,data_error_only,5.767864,5.767864
2024-09-29 04:30:00,raw_uncorrected,data_error_only,5.671641,5.671641
2024-09-29 04:45:00,raw_uncorrected,data_error_only,5.671641,5.671641
2024-09-29 05:00:00,raw_uncorrected,data_error_only,5.671641,5.671641
2024-09-29 05:15:00,raw_uncorrected,data_error_only,5.675292,5.675292
2024-09-29 05:30:00,raw_uncorrected,data_error_only,5.675292,5.675292
2024-09-29 05:45:00,raw_uncorrected,data_error_only,5.675292,5.675292
2024-09-29 06:00:00,raw_uncorrected,data_error_only,5.675292,5.675292
2024-09-29 06:15:00,raw_uncorrected,data_error_only,5.469925,5.469925
2024-09-29 06:30:00,raw_uncorrected,data_error_only,5.469925,5.469925
2024-09-29 06:45:00,raw_uncorrected,data_error_only,5.25458,5.25458
2024-09-29 07:00:00,raw_uncorrected,data_error_only,4.706972,4.706972
2024-09-29 07:15:00,raw_uncorrected,data_error_only,4.929966,4.929966
2024-09-29 07:30:00,raw_uncorrected,data_error_only,5.5914,5.5914
2024-09-29 07:45:00,raw_uncorrected,data_error_only,5.504791,5.504791
2024-09-29 08:00:00,raw_uncorrected,data_error_only,4.081329,4.081329
2024-09-29 08:15:00,raw_uncorrected,data_error_only,5.830674,5.830674
2024-09-29 08:30:00,raw_uncorrected,data_error_only,5.922741,5.922741
2024-09-29 08:45:00,raw_uncorrected,data_error_only,4.87018,4.87018
2024-09-29 09:00:00,raw_uncorrected,data_error_only,1.859933,1.859933
2024-09-29 09:15:00,raw_uncorrected,data_error_only,3.514771,3.514771
2024-09-29 09:30:00,raw_uncorrected,data_error_only,6.255557,6.255557
2024-09-29 09:45:00,raw_uncorrected,data_error_only,2.420698,2.420698
2024-09-29 10:00:00,raw_uncorrected,data_error_only,4.144349,4.144349
2024-09-29 10:15:00,raw_uncorrected,data_error_only,3.029209,3.029209
2024-09-29 10:30:00,raw_uncorrected,data_error_only,1.933301,1.933301
2024-09-29 10:45:00,raw_uncorrected,data_error_only,2.387394,2.387394
2024-09-29 11:00:00,raw_uncorrected,data_error_only,3.799093,3.799093
2024-09-29 11:15:00,raw_uncorrected,data_error_only,2.317319,2.317319
2024-09-29 11:30:00,raw_uncorrected,data_error_only,2.672672,2.672672
2024-09-29 11:45:00,raw_uncorrected,data_error_only,3.23172,3.23172
2024-09-29 12:00:00,raw_uncorrected,data_error_only,3.235169,3.235169
2024-09-29 12:15:00,raw_uncorrected,data_error_only,3.445348,3.445348
2024-09-29 12:30:00,raw_uncorrected,data_error_only,3.149287,3.149287
2024-09-29 12:45:00,raw_uncorrected,data_error_only,2.335091,2.335091
2024-09-29 13:00:00,raw_uncorrected,data_error_only,1.984729,1.984729
2024-09-29 13:15:00,raw_uncorrected,data_error_only,1.934935,1.934935
2024-09-29 13:30:00,raw_uncorrected,data_error_only,4.098381,4.098381
2024-09-29 13:45:00,raw_uncorrected,data_error_only,3.45661,3.45661
2024-09-29 14:00:00,raw_uncorrected,data_error_only,5.485788,5.485788
2024-09-29 14:15:00,raw_uncorrected,data_error_only,4.498162,4.498162
2024-09-29 14:30:00,raw_uncorrected,data_error_only,5.712925,5.712925
2024-09-29 14:45:00,raw_uncorrected,data_error_only,6.510514,6.510514
2024-09-29 15:00:00,raw_uncorrected,data_error_only,5.439777,5.439777
2024-09-29 15:15:00,raw_uncorrected,data_error_only,4.295758,4.295758
2024-09-29 15:30:00,raw_uncorrected,data_error_only,6.056924,6.056924
2024-09-29 15:45:00,raw_uncorrected,data_error_only,6.293606,6.293606
2024-09-29 16:00:00,raw_uncorrected,data_error_only,6.353171,6.353171
2024-09-29 16:15:00,raw_uncorrected,data_error_only,6.401396,6.401396
2024-09-29 16:30:00,raw_uncorrected,data_error_only,6.823581,6.823581
2024-09-29 16:45:00,raw_uncorrected,data_error_only,7.888126,7.888126
2024-09-29 17:00:00,raw_uncorrected,data_error_only,8.281865,8.281865
2024-09-29 17:15:00,raw_uncorrected,data_error_only,8.613673,8.613673
2024-09-29 17:30:00,raw_uncorrected,data_error_only,9.414592,9.414592
2024-09-29 17:45:00,raw_uncorrected,data_error_only,9.990275,9.990275
2024-09-29 18:00:00,raw_uncorrected,data_error_only,9.990275,9.990275
2024-09-29 18:15:00,raw_uncorrected,data_error_only,10.402283,10.402283
2024-09-29 18:30:00,raw_uncorrected,data_error_only,10.402283,10.402283
2024-09-29 18:45:00,raw_uncorrected,data_error_only,10.402283,10.402283
2024-09-29 19:00:00,raw_uncorrected,data_error_only,10.18351,10.18351
2024-09-29 19:15:00,raw_uncorrected,data_error_only,10.092427,10.092427
2024-09-29 19:30:00,raw_uncorrected,data_error_only,10.092427,10.092427
2024-09-29 19:45:00,raw_uncorrected,data_error_only,9.532532,9.532532
2024-09-29 20:00:00,raw_uncorrected,data_error_only,9.356497,9.356497
2024-09-29 20:15:00,raw_uncorrected,data_error_only,9.174232,9.174232
2024-09-29 20:30:00,raw_uncorrected,data_error_only,9.174232,9.174232
2024-09-29 20:45:00,raw_uncorrected,data_error_only,8.888483,8.888483
2024-09-29 21:00:00,raw_uncorrected,data_error_only,8.657238,8.657238
2024-09-29 21:15:00,raw_uncorrected,data_error_only,8.439647,8.439647
2024-09-29 21:30:00,raw_uncorrected,data_error_only,8.189132,8.189132
2024-09-29 21:45:00,raw_uncorrected,data_error_only,8.189132,8.189132
2024-09-29 22:00:00,raw_uncorrected,data_error_only,8.189132,8.189132
2024-09-29 22:15:00,raw_uncorrected,data_error_only,8.172971,8.172971
2024-09-29 22:30:00,raw_uncorrected,data_error_only,8.172971,8.172971
2024-09-29 22:45:00,raw_uncorrected,data_error_only,7.983303,7.983303
2024-09-29 23:00:00,raw_uncorrected,data_error_only,7.724665,7.724665
2024-09-29 23:15:00,raw_uncorrected,data_error_only,7.835024,7.835024
2024-09-29 23:30:00,raw_uncorrected,data_error_only,7.835024,7.835024
2024-09-29 23:45:00,raw_uncorrected,data_error_only,7.274783,7.274783
2024-09-30 00:00:00,raw_uncorrected,data_error_only,7.249241,7.249241
2024-09-30 00:15:00,raw_uncorrected,data_error_only,7.377117,7.377117
2024-09-30 00:30:00,raw_uncorrected,data_error_only,7.377117,7.377117
2024-09-30 00:45:00,raw_uncorrected,data_error_only,7.176546,7.176546
2024-09-30 01:00:00,raw_uncorrected,data_error_only,7.176546,7.176546
2024-09-30 01:15:00,raw_uncorrected,data_error_only,6.833666,6.833666
2024-09-30 01:30:00,raw_uncorrected,data_error_only,6.388149,6.388149
2024-09-30 01:45:00,raw_uncorrected,data_error_only,6.355972,6.355972
2024-09-30 02:00:00,raw_uncorrected,data_error_only,6.355972,6.355972
2024-09-30 02:15:00,raw_uncorrected,data_error_only,5.916375,5.916375
2024-09-30 02:30:00,raw_uncorrected,data_error_only,5.677098,5.677098
2024-09-30 02:45:00,raw_uncorrected,data_error_only,5.677098,5.677098
2024-09-30 03:00:00,raw_uncorrected,data_error_only,5.677098,5.677098
2024-09-30 03:15:00,raw_uncorrected,data_error_only,5.698524,5.698524
2024-09-30 03:30:00,raw_uncorrected,data_error_only,5.698524,5.698524
2024-09-30 03:45:00,raw_uncorrected,data_error_only,5.698524,5.698524
2024-09-30 04:00:00,raw_uncorrected,data_error_only,5.698524,5.698524
2024-09-30 04:15:00,raw_uncorrected,data_error_only,5.555913,5.555913
2024-09-30 04:30:00,raw_uncorrected,data_error_only,5.607228,5.607228
2024-09-30 04:45:00,raw_uncorrected,data_error_only,5.607228,5.607228
2024-09-30 05:00:00,raw_uncorrected,data_error_only,5.832955,5.832955
2024-09-30 05:15:00,raw_uncorrected,data_error_only,6.145239,6.145239
2024-09-30 05:30:00,raw_uncorrected,data_error_only,6.145239,6.145239
2024-09-30 05:45:00,raw_uncorrected,data_error_only,6.145239,6.145239
2024-09-30 06:00:00,raw_uncorrected,data_error_only,6.327608,6.327608
2024-09-30 06:15:00,raw_uncorrected,data_error_only,6.568006,6.568006
2024-09-30 06:30:00,raw_uncorrected,data_error_only,6.756094,6.756094
2024-09-30 06:45:00,raw_uncorrected,data_error_only,6.756094,6.756094
2024-09-30 07:00:00,raw_uncorrected,data_error_only,6.32518,6.32518
2024-09-30 07:15:00,raw_uncorrected,data_error_only,6.194439,6.194439
2024-09-30 07:30:00,raw_uncorrected,data_error_only,5.901531,5.901531
2024-09-30 07:45:00,raw_uncorrected,data_error_only,5.159443,5.159443
2024-09-30 08:00:00,raw_uncorrected,data_error_only,5.284565,5.284565
2024-09-30 08:15:00,raw_uncorrected,data_error_only,3.66899,3.66899
2024-09-30 08:30:00,raw_uncorrected,data_error_only,2.582023,2.582023
2024-09-30 08:45:00,raw_uncorrected,data_error_only,3.132251,3.132251
2024-09-30 09:00:00,raw_uncorrected,data_error_only,4.85936,4.85936
2024-09-30 09:15:00,raw_uncorrected,data_error_only,3.416198,3.416198
2024-09-30 09:30:00,raw_uncorrected,data_error_only,4.557761,4.557761
2024-09-30 09:45:00,raw_uncorrected,data_error_only,2.469335,2.469335
2024-09-30 10:00:00,raw_uncorrected,data_error_only,4.281586,4.281586
2024-09-30 10:15:00,raw_uncorrected,data_error_only,4.588939,4.588939
2024-09-30 10:30:00,raw_uncorrected,data_error_only,2.786135,2.786135
2024-09-30 10:45:00,raw_uncorrected,data_error_only,2.203743,2.203743
2024-09-30 11:00:00,raw_uncorrected,data_error_only,3.09733,3.09733
2024-09-30 11:15:00,raw_uncorrected,data_error_only,2.237374,2.237374
2024-09-30 11:30:00,raw_uncorrected,data_error_only,2.99687,2.99687
2024-09-30 11:45:00,raw_uncorrected,data_error_only,2.287579,2.287579
2024-09-30 12:00:00,raw_uncorrected,data_error_only,2.097089,2.097089
2024-09-30 12:15:00,raw_uncorrected,data_error_only,2.623801,2.623801
2024-09-30 12:30:00,raw_uncorrected,data_error_only,6.511866,6.511866
2024-09-30 12:45:00,raw_uncorrected,data_error_only,3.437506,3.437506
2024-09-30 13:00:00,raw_uncorrected,data_error_only,2.123237,2.123237
2024-09-30 13:15:00,raw_uncorrected,data_error_only,4.923136,4.923136
2024-09-30 13:30:00,raw_uncorrected,data_error_only,3.557742,3.557742
2024-09-30 13:45:00,raw_uncorrected,data_error_only,3.17781,3.17781
2024-09-30 14:00:00,raw_uncorrected,data_error_only,2.801415,2.801415
2024-09-30 14:15:00,raw_uncorrected,data_error_only,3.198132,3.198132
2024-09-30 14:30:00,raw_uncorrected,data_error_only,2.779272,2.779272
2024-09-30 14:45:00,raw_uncorrected,data_error_only,2.174797,2.174797
2024-09-30 15:00:00,raw_uncorrected,data_error_only,2.177198,2.177198
2024-09-30 15:15:00,raw_uncorrected,data_error_only,2.042673,2.042673
2024-09-30 15:30:00,raw_uncorrected,data_error_only,2.178807,2.178807
2024-09-30 15:45:00,raw_uncorrected,data_error_only,2.355797,2.355797
2024-09-30 16:00:00,raw_uncorrected,data_error_only,4.13272,4.13272
2024-09-30 16:15:00,raw_uncorrected,data_error_only,3.906629,3.906629
2024-09-30 16:30:00,raw_uncorrected,data_error_only,6.04644,6.04644
2024-09-30 16:45:00,raw_uncorrected,data_error_only,6.137624,6.137624
2024-09-30 17:00:00,raw_uncorrected,data_error_only,7.637628,7.637628
2024-09-30 17:15:00,raw_uncorrected,data_error_only,8.139658,8.139658
2024-09-30 17:30:00,raw_uncorrected,data_error_only,8.828132,8.828132
2024-09-30 17:45:00,raw_uncorrected,data_error_only,9.552136,9.552136
2024-09-30 18:00:00,raw_uncorrected,data_error_only,10.173052,10.173052
2024-09-30 18:15:00,raw_uncorrected,data_error_only,10.548728,10.548728
2024-09-30 18:30:00,raw_uncorrected,data_error_only,10.548728,10.548728
2024-09-30 18:45:00,raw_uncorrected,data_error_only,10.724346,10.724346
2024-09-30 19:00:00,raw_uncorrected,data_error_only,10.498619,10.498619
2024-09-30 19:15:00,raw_uncorrected,data_error_only,10.037317,10.037317
2024-09-30 19:30:00,raw_uncorrected,data_error_only,10.037317,10.037317
2024-09-30 19:45:00,raw_uncorrected,data_error_only,10.037317,10.037317
2024-09-30 20:00:00,raw_uncorrected,data_error_only,9.807588,9.807588
2024-09-30 20:15:00,raw_uncorrected,data_error_only,9.678557,9.678557
2024-09-30 20:30:00,raw_uncorrected,data_error_only,9.38235,9.38235
2024-09-30 20:45:00,raw_uncorrected,data_error_only,9.38235,9.38235
2024-09-30 21:00:00,raw_uncorrected,data_error_only,9.143741,9.143741
2024-09-30 21:15:00,raw_uncorrected,data_error_only,9.059639,9.059639
2024-09-30 21:30:00,raw_uncorrected,data_error_only,8.658927,8.658927
2024-09-30 21:45:00,raw_uncorrected,data_error_only,8.658927,8.658927
2024-09-30 22:00:00,raw_uncorrected,data_error_only,8.405284,8.405284
2024-09-30 22:15:00,raw_uncorrected,data_error_only,8.457618,8.457618
2024-09-30 22:30:00,raw_uncorrected,data_error_only,8.457618,8.457618
2024-09-30 22:45:00,raw_uncorrected,data_error_only,8.24288,8.24288
2024-09-30 23:00:00,raw_uncorrected,data_error_only,8.139649,8.139649
2024-09-30 23:15:00,raw_uncorrected,data_error_only,8.317368,8.317368
2024-09-30 23:30:00,raw_uncorrected,data_error_only,8.317368,8.317368
2024-09-30 23:45:00,raw_uncorrected,data_error_only,8.317368,8.317368
