weight_id,search_origin,weight_F1,weight_F3,weight_F4,excluded_outer_substation,inner_substations,inner_macro_precision,inner_macro_recall,inner_macro_f1,inner_pooled_tp,inner_pooled_fp,inner_pooled_fn,mean_inner_threshold,minimum_inner_threshold,maximum_inner_threshold,selection_context
weight_0001,grid,0.05,0.05,0.9,beta_A,7,0.6082786490042501,0.7014798404210169,0.6414786289265605,406,88,39,0.9306027293205261,0.9296267628669739,0.9357056021690369,outer_holdout_beta_A
weight_0002,grid,0.05,0.1,0.8500000000000001,beta_A,7,0.5660699539161308,0.6194654831629622,0.5772496310846912,356,105,89,0.9134128008569989,0.9104521870613098,0.9150007367134094,outer_holdout_beta_A
weight_0003,grid,0.05,0.15000000000000002,0.8,beta_A,7,0.47577607966549806,0.5082101931681764,0.4787678022150836,318,156,127,0.9015082035745893,0.9008641839027405,0.9024952054023743,outer_holdout_beta_A
weight_0004,grid,0.05,0.2,0.75,beta_A,7,0.4763058834752435,0.40445254465422537,0.38169715270980625,258,172,187,0.9003412212644305,0.8839787244796753,0.9096294641494751,outer_holdout_beta_A
weight_0005,grid,0.05,0.25,0.7000000000000001,beta_A,7,0.39568289411406915,0.5770789042889884,0.3387246124049992,284,687,161,0.8620272959981646,0.8438960313796997,0.9073852896690369,outer_holdout_beta_A
weight_0006,grid,0.05,0.30000000000000004,0.65,beta_A,7,0.29374906012929547,0.6756793141499023,0.37520966935545,374,803,71,0.8366213526044574,0.8365354537963867,0.8371367454528809,outer_holdout_beta_A
weight_0007,grid,0.05,0.35000000000000003,0.6000000000000001,beta_A,7,0.27639572359902004,0.6892138431130027,0.3615768227080712,385,890,60,0.8094121984073094,0.7780866622924805,0.823493480682373,outer_holdout_beta_A
weight_0008,grid,0.05,0.4,0.55,beta_A,7,0.27290301497018965,0.7281499508894466,0.35940682934449597,393,1108,52,0.7712266445159912,0.7545084953308105,0.8074491024017334,outer_holdout_beta_A
weight_0009,grid,0.05,0.45,0.5,beta_A,7,0.2703511247809128,0.71770882898614,0.3557239521665236,390,1118,55,0.751322363104139,0.733985960483551,0.7930527925491333,outer_holdout_beta_A
weight_0010,grid,0.05,0.5,0.45,beta_A,7,0.26658180542877646,0.7168939575830332,0.3520543808170763,390,1154,55,0.7225143909454346,0.6966210007667542,0.7808544635772705,outer_holdout_beta_A
weight_0011,grid,0.05,0.55,0.4,beta_A,7,0.2661808482611928,0.7871926225035468,0.36405849908971816,427,1208,18,0.6861452886036464,0.6755639314651489,0.6903778314590454,outer_holdout_beta_A
weight_0012,grid,0.05,0.6000000000000001,0.35000000000000003,beta_A,7,0.2643873677039637,0.74333507948634,0.35671697917530004,407,1187,38,0.6742207663399833,0.6540828943252563,0.7520595788955688,outer_holdout_beta_A
weight_0013,grid,0.05,0.65,0.30000000000000004,beta_A,7,0.2640853196018894,0.7310407071919676,0.35241423705884073,396,1187,49,0.6679998465946743,0.6281253695487976,0.7350348830223083,outer_holdout_beta_A
weight_0014,grid,0.05,0.7000000000000001,0.25,beta_A,7,0.2664018191859389,0.7256863230140541,0.35533427096148396,397,1144,48,0.6678783297538757,0.6434876322746277,0.7180147171020508,outer_holdout_beta_A
weight_0015,grid,0.05,0.75,0.2,beta_A,7,0.2666489034602871,0.7437099203317691,0.3591882232321022,407,1132,38,0.6572821821485247,0.6478754281997681,0.6668049693107605,outer_holdout_beta_A
weight_0016,grid,0.05,0.8,0.15000000000000002,beta_A,7,0.26724177577693636,0.7369363017934446,0.35828904707421333,402,1119,43,0.6492924860545567,0.6220690011978149,0.6717190742492676,outer_holdout_beta_A
weight_0017,grid,0.05,0.8500000000000001,0.1,beta_A,7,0.26481550337465765,0.7548870457273819,0.35786820072096265,409,1190,36,0.6199077027184623,0.5993176102638245,0.6613640189170837,outer_holdout_beta_A
weight_0018,grid,0.05,0.9,0.05,beta_A,7,0.2618985536368293,0.7975338499035978,0.3552072686612234,413,1238,32,0.6031905668122428,0.543681263923645,0.6169618368148804,outer_holdout_beta_A
weight_0019,grid,0.1,0.05,0.8500000000000001,beta_A,7,0.613911448676106,0.6639998302351243,0.6047667478502563,376,92,69,0.9008583681924003,0.8742861151695251,0.914734959602356,outer_holdout_beta_A
weight_0020,grid,0.1,0.1,0.8,beta_A,7,0.6082786490042501,0.7014798404210169,0.6414786289265605,406,88,39,0.861205518245697,0.8592535853385925,0.8714112639427185,outer_holdout_beta_A
weight_0021,grid,0.1,0.15000000000000002,0.75,beta_A,7,0.6171059138544951,0.6654668170298422,0.6325752614493295,375,75,70,0.844802703176226,0.8383680582046509,0.8462893962860107,outer_holdout_beta_A
weight_0022,grid,0.1,0.2,0.7000000000000001,beta_A,7,0.5660699539161308,0.6194654831629622,0.5772496310846912,356,105,89,0.8268255591392517,0.8209043741226196,0.8300014138221741,outer_holdout_beta_A
weight_0023,grid,0.1,0.25,0.65,beta_A,7,0.5325432115820254,0.5642520280839608,0.5208957372987969,327,121,118,0.8151462929589408,0.8052577972412109,0.8173491954803467,outer_holdout_beta_A
weight_0024,grid,0.1,0.30000000000000004,0.6000000000000001,beta_A,7,0.47577607966549806,0.5082101931681764,0.4787678022150836,318,156,127,0.8030164156641278,0.8017284274101257,0.8049904108047485,outer_holdout_beta_A
weight_0025,grid,0.1,0.35000000000000003,0.55,beta_A,7,0.46853558627752173,0.41680470976269296,0.40649882365905626,276,191,169,0.8016863209860665,0.791785717010498,0.8301527500152588,outer_holdout_beta_A
weight_0026,grid,0.1,0.4,0.5,beta_A,7,0.47579724710844,0.40445254465422537,0.38138828612324743,258,173,187,0.8006824680737087,0.7679575085639954,0.8192589282989502,outer_holdout_beta_A
weight_0027,grid,0.1,0.45,0.45,beta_A,7,0.40542056619131966,0.5163664011058968,0.3660644543680257,276,344,169,0.7691111734935215,0.7061963081359863,0.8093661069869995,outer_holdout_beta_A
weight_0028,grid,0.1,0.5,0.4,beta_A,7,0.38412288037760767,0.5871629379024338,0.3458771262016909,290,698,155,0.7215483954974583,0.687792181968689,0.8147705793380737,outer_holdout_beta_A
weight_0029,grid,0.1,0.55,0.35000000000000003,beta_A,7,0.34024169827442,0.638871378854572,0.35255811404194054,328,822,117,0.690505862236023,0.6718562841415405,0.7996925115585327,outer_holdout_beta_A
weight_0030,grid,0.1,0.6000000000000001,0.30000000000000004,beta_A,7,0.2919476634384441,0.6886669091879176,0.3756183258282185,379,826,66,0.6710616946220398,0.6590057015419006,0.673071026802063,outer_holdout_beta_A
weight_0031,grid,0.1,0.65,0.25,beta_A,7,0.2933353269315901,0.6849775789103519,0.37576463973826096,376,828,69,0.6592792017119271,0.658627986907959,0.6631287932395935,outer_holdout_beta_A
weight_0032,grid,0.1,0.7000000000000001,0.2,beta_A,7,0.2892603360554724,0.6859670656141245,0.37207410802425667,376,862,69,0.6438944339752197,0.6391218900680542,0.6477923393249512,outer_holdout_beta_A
weight_0033,grid,0.1,0.75,0.15000000000000002,beta_A,7,0.2886469420416372,0.6648496732026145,0.36472009452127924,362,867,83,0.6382901668548584,0.629286527633667,0.6588554382324219,outer_holdout_beta_A
weight_0034,grid,0.1,0.8,0.1,beta_A,7,0.2815698603206845,0.6672881758764111,0.3555532439962195,359,922,86,0.619741405759539,0.5434108972549438,0.6571804285049438,outer_holdout_beta_A
weight_0035,grid,0.1,0.8500000000000001,0.05,beta_A,7,0.2788515976867104,0.6726928104575164,0.35438718821129667,364,944,81,0.6072022063391549,0.5241266489028931,0.6480235457420349,outer_holdout_beta_A
weight_0036,grid,0.15000000000000002,0.05,0.8,beta_A,7,0.6995552045061972,0.6746889058653764,0.6745457862473104,383,41,62,0.8848818710872105,0.8820061087608337,0.8854808211326599,outer_holdout_beta_A
weight_0037,grid,0.15000000000000002,0.1,0.75,beta_A,7,0.6154063912224128,0.6611763008233597,0.6052573419470503,374,91,71,0.8320755447660174,0.7906278371810913,0.8519694209098816,outer_holdout_beta_A
weight_0038,grid,0.15000000000000002,0.15000000000000002,0.7000000000000001,beta_A,7,0.6082786490042501,0.7014798404210169,0.6414786289265605,406,88,39,0.7918082475662231,0.7888803482055664,0.8071168661117554,outer_holdout_beta_A
weight_0039,grid,0.15000000000000002,0.2,0.65,beta_A,7,0.6039222896365752,0.6996281664180825,0.6407022028858217,395,93,50,0.7648867453847613,0.7595040798187256,0.7707851529121399,outer_holdout_beta_A
weight_0040,grid,0.15000000000000002,0.25,0.6000000000000001,beta_A,7,0.5880817781658118,0.6487668036911735,0.6030201488279676,369,85,76,0.7550243479864938,0.7401446104049683,0.7599555253982544,outer_holdout_beta_A
weight_0041,grid,0.15000000000000002,0.30000000000000004,0.55,beta_A,7,0.5654251212029868,0.6194654831629622,0.5768865682216282,356,106,89,0.7402383599962506,0.7313565611839294,0.7450021505355835,outer_holdout_beta_A
weight_0042,grid,0.15000000000000002,0.35000000000000003,0.5,beta_A,7,0.5429381175091613,0.5926481622952211,0.5448803923681229,341,118,104,0.7241854752813067,0.7164047360420227,0.7256577014923096,outer_holdout_beta_A
weight_0043,grid,0.15000000000000002,0.4,0.45,beta_A,7,0.5197452787818186,0.5214130500685122,0.5094808125343173,322,119,123,0.7189253228051322,0.7184961438179016,0.7212076783180237,outer_holdout_beta_A
weight_0044,grid,0.15000000000000002,0.45,0.4,beta_A,7,0.4763312619235652,0.5113847963427796,0.480330464490597,319,157,126,0.7045245681490216,0.7025926113128662,0.707485556602478,outer_holdout_beta_A
weight_0045,grid,0.15000000000000002,0.5,0.35000000000000003,beta_A,7,0.4718312384004246,0.4273742709204894,0.4182650096120904,283,180,162,0.706733933516911,0.6886905431747437,0.7451849579811096,outer_holdout_beta_A
weight_0046,grid,0.15000000000000002,0.55,0.30000000000000004,beta_A,7,0.45864385919801187,0.3845251312646271,0.3745025992321459,262,203,183,0.7010882071086338,0.6743563413619995,0.7402010560035706,outer_holdout_beta_A
weight_0047,grid,0.15000000000000002,0.6000000000000001,0.25,beta_A,7,0.4971068553410009,0.4007217917470018,0.3943789312248614,248,136,197,0.7087507758821759,0.6519362926483154,0.7277705073356628,outer_holdout_beta_A
weight_0048,grid,0.15000000000000002,0.65,0.2,beta_A,7,0.4841557341260415,0.38713594528720574,0.3713860474953273,240,178,205,0.6994303379740033,0.6291545629501343,0.72493577003479,outer_holdout_beta_A
weight_0049,grid,0.15000000000000002,0.7000000000000001,0.15000000000000002,beta_A,7,0.427111640412133,0.4539153358313022,0.36519472690567817,279,296,166,0.6639582514762878,0.5984745025634766,0.709267258644104,outer_holdout_beta_A
weight_0050,grid,0.15000000000000002,0.75,0.1,beta_A,7,0.3675018756165488,0.5235277868723246,0.3519779043715214,279,502,166,0.6287243281091962,0.5835592746734619,0.7221559286117554,outer_holdout_beta_A
weight_0051,grid,0.15000000000000002,0.8,0.05,beta_A,7,0.3684141665464469,0.5350876108018965,0.343279910958012,270,487,175,0.6261280689920697,0.580493152141571,0.7164387106895447,outer_holdout_beta_A
weight_0052,grid,0.2,0.05,0.75,beta_A,7,0.6896293437355144,0.6706552924199983,0.6654326882564882,379,46,66,0.8618628212383815,0.8570452928543091,0.8649996519088745,outer_holdout_beta_A
weight_0053,grid,0.2,0.1,0.7000000000000001,beta_A,7,0.613911448676106,0.6639998302351243,0.6047667478502563,376,92,69,0.801716685295105,0.7485722303390503,0.8294697999954224,outer_holdout_beta_A
weight_0054,grid,0.2,0.15000000000000002,0.65,beta_A,7,0.6322449052442621,0.6642768865121805,0.6212953800574426,376,77,69,0.7705591065543038,0.7359888553619385,0.7849624156951904,outer_holdout_beta_A
weight_0055,grid,0.2,0.2,0.6000000000000001,beta_A,7,0.6082786490042501,0.7014798404210169,0.6414786289265605,406,88,39,0.7224109939166478,0.7185071110725403,0.742822527885437,outer_holdout_beta_A
weight_0056,grid,0.2,0.25,0.55,beta_A,7,0.617994642641626,0.7015987000860952,0.6495733839844868,392,86,53,0.6977229544094631,0.6937099695205688,0.7060814499855042,outer_holdout_beta_A
weight_0057,grid,0.2,0.30000000000000004,0.5,beta_A,7,0.6163608280984467,0.6654668170298422,0.6321837763743863,375,76,70,0.6896054233823504,0.6767361164093018,0.6925787329673767,outer_holdout_beta_A
weight_0058,grid,0.2,0.35000000000000003,0.45,beta_A,7,0.6082542558926215,0.6456825154304145,0.6186074940081532,367,83,78,0.6730591569628034,0.6701197624206543,0.6735490560531616,outer_holdout_beta_A
weight_0059,grid,0.2,0.4,0.4,beta_A,7,0.5726464279666162,0.618311082008561,0.5800503704283184,352,96,93,0.6559619648115975,0.6418087482452393,0.6600028276443481,outer_holdout_beta_A
weight_0060,grid,0.2,0.45,0.35000000000000003,beta_A,7,0.5445833070417081,0.6050524452205125,0.5512421059842597,345,119,100,0.6355933121272496,0.6228777170181274,0.6457456350326538,outer_holdout_beta_A
weight_0061,grid,0.2,0.5,0.30000000000000004,beta_A,7,0.5329252447674097,0.5674266312585641,0.5223717579760674,328,122,117,0.6302926880972726,0.6105155944824219,0.6346985101699829,outer_holdout_beta_A
weight_0062,grid,0.2,0.55,0.25,beta_A,7,0.5207155939298796,0.5651572144009119,0.5211060910578247,326,129,119,0.6195093648774284,0.6180036664009094,0.6201116442680359,outer_holdout_beta_A
weight_0063,grid,0.2,0.6000000000000001,0.2,beta_A,7,0.47725668508872143,0.5194146749608934,0.4838680900328308,322,159,123,0.6060328142983573,0.6034567952156067,0.6099807620048523,outer_holdout_beta_A
weight_0064,grid,0.2,0.65,0.15000000000000002,beta_A,7,0.48695663630997554,0.4258070015885142,0.4232947831661762,279,141,166,0.6206830143928528,0.6035332679748535,0.6650047302246094,outer_holdout_beta_A
weight_0065,grid,0.2,0.7000000000000001,0.1,beta_A,7,0.47386479101897777,0.4424392059854245,0.41862398867436645,286,199,159,0.6030408229146685,0.5829907655715942,0.6603055000305176,outer_holdout_beta_A
weight_0066,grid,0.2,0.75,0.05,beta_A,7,0.47167767334099014,0.4224226660361114,0.39193972252525844,276,185,169,0.6086553335189819,0.5581746101379395,0.6460915207862854,outer_holdout_beta_A
weight_0067,grid,0.25,0.05,0.7000000000000001,beta_A,7,0.6846677454885911,0.6541942110177404,0.6522451141312336,368,46,77,0.8426529850278582,0.8342684507369995,0.8496255874633789,outer_holdout_beta_A
weight_0068,grid,0.25,0.1,0.65,beta_A,7,0.7097760975547663,0.6647474747474746,0.6743316665717808,375,38,70,0.7969510129519871,0.7965697050094604,0.7992388606071472,outer_holdout_beta_A
weight_0069,grid,0.25,0.15000000000000002,0.6000000000000001,beta_A,7,0.6213079989932476,0.6571589848060436,0.6069255013134001,370,86,75,0.742893499987466,0.6743689775466919,0.7703033089637756,outer_holdout_beta_A
weight_0070,grid,0.25,0.2,0.55,beta_A,7,0.6364490508679105,0.6530499957558781,0.6172669171721548,369,74,76,0.7141503010477338,0.6663267612457275,0.7359240055084229,outer_holdout_beta_A
weight_0071,grid,0.25,0.25,0.5,beta_A,7,0.6072840739590422,0.7014798404210169,0.6406675690187262,406,89,39,0.6544782093593052,0.6481338739395142,0.6785280704498291,outer_holdout_beta_A
weight_0072,grid,0.25,0.30000000000000004,0.45,beta_A,7,0.6185781816843416,0.7092775049413704,0.6530217349016565,396,87,49,0.6265028033937726,0.6245065331459045,0.6374284625053406,outer_holdout_beta_A
weight_0073,grid,0.25,0.35000000000000003,0.4,beta_A,7,0.6065501166437208,0.6798580280597087,0.632955753220641,381,87,64,0.6127687181745257,0.5909045934677124,0.6218490600585938,outer_holdout_beta_A
weight_0074,grid,0.25,0.4,0.35000000000000003,beta_A,7,0.6086711766960377,0.6447263996507695,0.6166049926270544,367,77,78,0.6043173841067723,0.5827648639678955,0.6084883809089661,outer_holdout_beta_A
weight_0075,grid,0.25,0.45,0.30000000000000004,beta_A,7,0.606343252034356,0.6393563971042963,0.6149996950345169,363,84,82,0.5876067365918841,0.5871425867080688,0.5903916358947754,outer_holdout_beta_A
weight_0076,grid,0.25,0.5,0.25,beta_A,7,0.5548334876680757,0.6256279481489565,0.5702415175221357,357,117,88,0.5626708524567741,0.5522609353065491,0.5788599252700806,outer_holdout_beta_A
weight_0077,grid,0.25,0.55,0.2,beta_A,7,0.5500578527452643,0.6147629961075339,0.5619913075438118,349,118,96,0.5483258281435285,0.5443254709243774,0.5592834949493408,outer_holdout_beta_A
weight_0078,grid,0.25,0.6000000000000001,0.15000000000000002,beta_A,7,0.5224046678524678,0.5879057077376404,0.5231225972456902,338,152,107,0.5339941297258649,0.5165811777114868,0.5506081581115723,outer_holdout_beta_A
weight_0079,grid,0.25,0.65,0.1,beta_A,7,0.5339496995008196,0.5792361550680879,0.5335650653041958,333,123,112,0.5358018364225116,0.5337845087051392,0.5361380577087402,outer_holdout_beta_A
weight_0080,grid,0.25,0.7000000000000001,0.05,beta_A,7,0.5030645140067633,0.5407214279651255,0.5037757392669447,328,145,117,0.5246279750551496,0.5207682847976685,0.5401421189308167,outer_holdout_beta_A
weight_0081,grid,0.30000000000000004,0.05,0.65,beta_A,7,0.6892826283928406,0.6553370681605976,0.6548103206416406,369,43,76,0.8230244943073818,0.8070807456970215,0.8274883031845093,outer_holdout_beta_A
weight_0082,grid,0.30000000000000004,0.1,0.6000000000000001,beta_A,7,0.6995552045061972,0.6746889058653764,0.6745457862473104,383,41,62,0.7697636995996747,0.7640122175216675,0.7709616422653198,outer_holdout_beta_A
weight_0083,grid,0.30000000000000004,0.15000000000000002,0.55,beta_A,7,0.6115052333519512,0.6639998302351243,0.6028871675372178,376,94,69,0.7025750534875053,0.6228583455085754,0.7442047595977783,outer_holdout_beta_A
weight_0084,grid,0.30000000000000004,0.2,0.5,beta_A,7,0.6128320371736814,0.6611763008233597,0.6032793946827892,374,93,71,0.6641510639871869,0.5812556743621826,0.7039388418197632,outer_holdout_beta_A
weight_0085,grid,0.30000000000000004,0.25,0.45,beta_A,7,0.6372303226786963,0.651907138613021,0.6172470753442437,368,75,77,0.6512748343603951,0.5967482924461365,0.6773931384086609,outer_holdout_beta_A
weight_0086,grid,0.30000000000000004,0.30000000000000004,0.4,beta_A,7,0.6031298435236153,0.7014798404210169,0.6379292713875351,406,91,39,0.5836164951324463,0.5777606964111328,0.6142337322235107,outer_holdout_beta_A
weight_0087,grid,0.30000000000000004,0.35000000000000003,0.35000000000000003,beta_A,7,0.6117975193861903,0.6726071034474396,0.63229106192294,395,83,50,0.5724830968039376,0.5678081512451172,0.6005327701568604,outer_holdout_beta_A
weight_0088,grid,0.30000000000000004,0.4,0.30000000000000004,beta_A,7,0.5895429301157064,0.6950567378466539,0.6276940335167037,391,99,54,0.5315218312399728,0.519008219242096,0.5415704250335693,outer_holdout_beta_A
weight_0089,grid,0.30000000000000004,0.45,0.25,beta_A,7,0.6005127937153291,0.6654668170298422,0.6215722585981694,375,83,70,0.5344081095286778,0.5151041746139526,0.5388680696487427,outer_holdout_beta_A
weight_0090,grid,0.30000000000000004,0.5,0.2,beta_A,7,0.5955902318051896,0.6455922005165703,0.609986898209969,368,86,77,0.51933182988848,0.5132511854171753,0.522516667842865,outer_holdout_beta_A
weight_0091,grid,0.30000000000000004,0.55,0.15000000000000002,beta_A,7,0.5819168435349242,0.6322256902761103,0.5939094083867846,361,97,84,0.5024643284933907,0.500586748123169,0.5072817802429199,outer_holdout_beta_A
weight_0092,grid,0.30000000000000004,0.6000000000000001,0.1,beta_A,7,0.548024995513232,0.6246487443462233,0.5679030956383441,359,121,86,0.4808913256440844,0.4627131223678589,0.4929064214229584,outer_holdout_beta_A
weight_0093,grid,0.30000000000000004,0.65,0.05,beta_A,7,0.5386602037721626,0.6189901415111498,0.5586592222883227,352,121,93,0.46798323733466013,0.45694780349731445,0.4730333685874939,outer_holdout_beta_A
weight_0094,grid,0.35000000000000003,0.05,0.6000000000000001,beta_A,7,0.673674282832889,0.6510196078431373,0.6399658084370825,367,49,78,0.7959198270525251,0.7211166620254517,0.8095748424530029,outer_holdout_beta_A
weight_0095,grid,0.35000000000000003,0.1,0.55,beta_A,7,0.6898160350869711,0.6667561327561328,0.6631290927309532,377,45,68,0.7477138979094369,0.7381187677383423,0.7524968981742859,outer_holdout_beta_A
weight_0096,grid,0.35000000000000003,0.15000000000000002,0.5,beta_A,7,0.703172301812354,0.6633275613275613,0.6695158972994469,374,42,71,0.7045790212494987,0.7026408910751343,0.7155183553695679,outer_holdout_beta_A
weight_0097,grid,0.35000000000000003,0.2,0.45,beta_A,7,0.6142260138946601,0.6578149562855444,0.6016919558656892,372,91,73,0.6407581227166312,0.5554139018058777,0.686664342880249,outer_holdout_beta_A
weight_0098,grid,0.35000000000000003,0.25,0.4,beta_A,7,0.6147154058212939,0.6657708174178761,0.6064337839016581,376,93,69,0.5954960754939488,0.4989267587661743,0.6345939636230469,outer_holdout_beta_A
weight_0099,grid,0.35000000000000003,0.30000000000000004,0.35000000000000003,beta_A,7,0.6320981277126235,0.6541928528987352,0.6142442353733065,370,77,75,0.5874857221330915,0.517447829246521,0.6162970066070557,outer_holdout_beta_A
weight_0100,grid,0.35000000000000003,0.35000000000000003,0.30000000000000004,beta_A,7,0.5925936972909023,0.6613453866395043,0.6076196056575316,377,89,68,0.5342998078891209,0.5073874592781067,0.5807216167449951,outer_holdout_beta_A
weight_0101,grid,0.35000000000000003,0.4,0.25,beta_A,7,0.5837592097599656,0.6771113051281119,0.6184752060870272,398,96,47,0.5016056299209595,0.4957466125488281,0.5273396968841553,outer_holdout_beta_A
weight_0102,grid,0.35000000000000003,0.45,0.2,beta_A,7,0.5672023929741047,0.6579388361405167,0.5988127076524512,389,110,56,0.4699101618358067,0.4538462162017822,0.504933774471283,outer_holdout_beta_A
weight_0103,grid,0.35000000000000003,0.5,0.15000000000000002,beta_A,7,0.5825152086736806,0.684175488377169,0.6175992211903674,383,104,62,0.45955788663455416,0.4515102803707123,0.4630447030067444,outer_holdout_beta_A
weight_0104,grid,0.35000000000000003,0.55,0.1,beta_A,7,0.564779388056699,0.6734445050747572,0.6028309936077287,384,118,61,0.4321708381175995,0.4239674508571625,0.452679306268692,outer_holdout_beta_A
weight_0105,grid,0.35000000000000003,0.6000000000000001,0.05,beta_A,7,0.5673614502436558,0.6550929220172917,0.5963471449185735,373,108,72,0.4333392764840807,0.43321335315704346,0.4340948164463043,outer_holdout_beta_A
weight_0106,grid,0.4,0.05,0.55,beta_A,7,0.6572719889962172,0.6537304133774722,0.631836135263822,367,65,78,0.7712614195687431,0.6896905899047852,0.7960174083709717,outer_holdout_beta_A
weight_0107,grid,0.4,0.1,0.5,beta_A,7,0.6875885274089838,0.6706552924199983,0.6641879923583268,379,47,66,0.7237256424767631,0.7140905857086182,0.729999303817749,outer_holdout_beta_A
weight_0108,grid,0.4,0.15000000000000002,0.45,beta_A,7,0.6942386588546787,0.6681760461760461,0.6670981330921908,378,43,67,0.677259019442967,0.6683207750320435,0.6878024935722351,outer_holdout_beta_A
weight_0109,grid,0.4,0.2,0.4,beta_A,7,0.6087156839020194,0.6673611747729395,0.6024943133644871,378,97,67,0.6011611563818795,0.4971444606781006,0.6430338621139526,outer_holdout_beta_A
weight_0110,grid,0.4,0.25,0.35000000000000003,beta_A,7,0.6151041262894215,0.6554783125371361,0.6011288642684877,369,91,76,0.5794636692319598,0.46769285202026367,0.6266117691993713,outer_holdout_beta_A
weight_0111,grid,0.4,0.30000000000000004,0.30000000000000004,beta_A,7,0.6241132989166723,0.6513693234869705,0.6044556558366568,368,85,77,0.5478585277284894,0.47197777032852173,0.6048506498336792,outer_holdout_beta_A
weight_0112,grid,0.4,0.35000000000000003,0.25,beta_A,7,0.6244525433783744,0.6553357100415924,0.6095183482160744,371,83,74,0.5248962470463344,0.4430083632469177,0.5576514005661011,outer_holdout_beta_A
weight_0113,grid,0.4,0.4,0.2,beta_A,7,0.5797090725144806,0.7014798404210169,0.6213260670636505,406,112,39,0.44911016310964313,0.43701422214508057,0.5156623721122742,outer_holdout_beta_A
weight_0114,grid,0.4,0.45,0.15000000000000002,beta_A,7,0.575298602606628,0.6819665805716226,0.6143042718460422,400,108,45,0.4288599065371922,0.4285675883293152,0.43061381578445435,outer_holdout_beta_A
weight_0115,grid,0.4,0.5,0.1,beta_A,7,0.5590357150403867,0.6664222294978597,0.5961238561149701,391,118,54,0.40079509360449656,0.3809289038181305,0.4380512833595276,outer_holdout_beta_A
weight_0116,grid,0.4,0.55,0.05,beta_A,7,0.5537491622440041,0.6835473583372743,0.5982731644172007,384,119,61,0.3822576403617859,0.34798091650009155,0.3996275067329407,outer_holdout_beta_A
weight_0117,grid,0.45,0.05,0.5,beta_A,7,0.6859894581701284,0.6575324675324675,0.6547796541372481,372,45,73,0.761550281729017,0.7474388480186462,0.7646627426147461,outer_holdout_beta_A
weight_0118,grid,0.45,0.1,0.45,beta_A,7,0.673237731218105,0.6499507681860622,0.642021891567332,365,51,80,0.7070801683834621,0.6887598633766174,0.7247822284698486,outer_holdout_beta_A
weight_0119,grid,0.45,0.15000000000000002,0.4,beta_A,7,0.6895378556280811,0.6586889058653764,0.6572170247409309,369,46,76,0.6578678573880877,0.6460182666778564,0.6789988279342651,outer_holdout_beta_A
weight_0120,grid,0.45,0.2,0.35000000000000003,beta_A,7,0.6081770033843767,0.6684368050250403,0.6023048594376091,378,98,67,0.5665205546787807,0.4457676410675049,0.6205894947052002,outer_holdout_beta_A
weight_0121,grid,0.45,0.25,0.30000000000000004,beta_A,7,0.6130616578794184,0.6605203293438587,0.6024360362531624,372,93,73,0.549294284411839,0.4312976002693176,0.596714973449707,outer_holdout_beta_A
weight_0122,grid,0.45,0.30000000000000004,0.25,beta_A,7,0.6092426837669149,0.6643509039979628,0.6015184356803402,375,99,70,0.5022618855748858,0.3755902647972107,0.5559082627296448,outer_holdout_beta_A
weight_0123,grid,0.45,0.35000000000000003,0.2,beta_A,7,0.6220017740437642,0.6410836092012563,0.5962166347003419,359,89,86,0.499804036957877,0.40235745906829834,0.5598999261856079,outer_holdout_beta_A
weight_0124,grid,0.45,0.4,0.15000000000000002,beta_A,7,0.5535570498668098,0.6807067311773194,0.5899738239858742,385,126,60,0.401692522423608,0.36856892704963684,0.5330424904823303,outer_holdout_beta_A
weight_0125,grid,0.45,0.45,0.1,beta_A,7,0.5607839101295659,0.7031605126899245,0.6119421605609451,407,121,38,0.3694493089403425,0.36664098501205444,0.3795228898525238,outer_holdout_beta_A
weight_0126,grid,0.45,0.5,0.05,beta_A,7,0.5689544141840142,0.7193615385548159,0.6236492970216477,402,118,43,0.35393706815583365,0.32604357600212097,0.3589473366737366,outer_holdout_beta_A
weight_0127,grid,0.5,0.05,0.45,beta_A,7,0.6766979926034278,0.6514446990917578,0.6434893153309696,365,50,80,0.7408470170838493,0.7247203588485718,0.7617450952529907,outer_holdout_beta_A
weight_0128,grid,0.5,0.1,0.4,beta_A,7,0.6746524315055176,0.6541942110177404,0.6459649681549278,368,51,77,0.685306021145412,0.6685369610786438,0.6992512345314026,outer_holdout_beta_A
weight_0129,grid,0.5,0.15000000000000002,0.35000000000000003,beta_A,7,0.6861227025759045,0.6689746201510908,0.6619459448919703,378,47,67,0.6346523336001805,0.6256711483001709,0.636671781539917,outer_holdout_beta_A
weight_0130,grid,0.5,0.2,0.30000000000000004,beta_A,7,0.6763820470717022,0.6647474747474746,0.6531073994627512,375,54,70,0.5926924092429025,0.5715183019638062,0.598477840423584,outer_holdout_beta_A
weight_0131,grid,0.5,0.25,0.25,beta_A,7,0.604506579755624,0.6705357779475427,0.600121389615498,379,104,66,0.501451449734824,0.37143057584762573,0.5537922978401184,outer_holdout_beta_A
weight_0132,grid,0.5,0.30000000000000004,0.2,beta_A,7,0.6109674782154974,0.6536108989050166,0.5957072715383075,367,97,78,0.4867351991789682,0.34873783588409424,0.5472444891929626,outer_holdout_beta_A
weight_0133,grid,0.5,0.35000000000000003,0.15000000000000002,beta_A,7,0.5737381181320053,0.6591846193022664,0.5816792895570287,375,122,70,0.4220700945172991,0.29225069284439087,0.5194641351699829,outer_holdout_beta_A
weight_0134,grid,0.5,0.4,0.1,beta_A,7,0.5871593625175258,0.6420512689924455,0.5823784695657126,362,107,83,0.39216049228395733,0.3326534926891327,0.5045472383499146,outer_holdout_beta_A
weight_0135,grid,0.5,0.45,0.05,beta_A,7,0.552751024735404,0.7082697563874033,0.6079870624643285,411,128,34,0.32392832211085726,0.31703415513038635,0.36406034231185913,outer_holdout_beta_A
weight_0136,grid,0.55,0.05,0.4,beta_A,7,0.6533377006598845,0.6554110856463797,0.6299375380860432,368,69,77,0.7025884730475289,0.5999398231506348,0.730588436126709,outer_holdout_beta_A
weight_0137,grid,0.55,0.1,0.35000000000000003,beta_A,7,0.672614878724712,0.65365639589169,0.64365416892213,368,51,77,0.6679541894367763,0.643871545791626,0.6785231828689575,outer_holdout_beta_A
weight_0138,grid,0.55,0.15000000000000002,0.30000000000000004,beta_A,7,0.6890555503146302,0.6757645361174773,0.6685870535013743,383,49,62,0.6120854531015668,0.6119771599769592,0.6127352118492126,outer_holdout_beta_A
weight_0139,grid,0.55,0.2,0.25,beta_A,7,0.6679023772036511,0.6521760461760461,0.6386688005388,364,57,81,0.5719602959496635,0.5482801198959351,0.6144801378250122,outer_holdout_beta_A
weight_0140,grid,0.55,0.25,0.2,beta_A,7,0.6018288740705465,0.6637458619811561,0.5927457084503539,374,108,71,0.47331210545131136,0.32099711894989014,0.5459192395210266,outer_holdout_beta_A
weight_0141,grid,0.55,0.30000000000000004,0.15000000000000002,beta_A,7,0.5747041690052396,0.6561064425770308,0.5799169072615655,368,111,77,0.44361956630434307,0.2835395336151123,0.5173099040985107,outer_holdout_beta_A
weight_0142,grid,0.55,0.35000000000000003,0.1,beta_A,7,0.5402276833733383,0.7012014260249554,0.585019051937333,400,152,45,0.3233621971947806,0.2610167860984802,0.47960129380226135,outer_holdout_beta_A
weight_0143,grid,0.55,0.4,0.05,beta_A,7,0.5556307884599623,0.6912599949070538,0.5910235951348107,392,135,53,0.31976838197026936,0.277586966753006,0.4697292745113373,outer_holdout_beta_A
weight_0144,grid,0.6000000000000001,0.05,0.35000000000000003,beta_A,7,0.6801234059660333,0.6464617604617605,0.6414265409611586,359,50,86,0.7042353408677238,0.690295398235321,0.7437773942947388,outer_holdout_beta_A
weight_0145,grid,0.6000000000000001,0.1,0.30000000000000004,beta_A,7,0.673969805297575,0.6553370681605976,0.6455536653128039,369,51,76,0.6479574612208775,0.6275207996368408,0.6549766063690186,outer_holdout_beta_A
weight_0146,grid,0.6000000000000001,0.15000000000000002,0.25,beta_A,7,0.6612081298492448,0.6480833545539427,0.6317841919376445,363,59,82,0.5962611181395394,0.5711358785629272,0.6179147958755493,outer_holdout_beta_A
weight_0147,grid,0.6000000000000001,0.2,0.2,beta_A,7,0.6249986740871177,0.6468569730922672,0.602451835534983,361,82,84,0.5195709722382682,0.3458530902862549,0.5975029468536377,outer_holdout_beta_A
weight_0148,grid,0.6000000000000001,0.25,0.15000000000000002,beta_A,7,0.5627329380781431,0.6526615737203973,0.5718237470655291,365,117,80,0.45134662304605755,0.2658468782901764,0.5430678129196167,outer_holdout_beta_A
weight_0149,grid,0.6000000000000001,0.30000000000000004,0.1,beta_A,7,0.535410954255996,0.7009243697478992,0.5796754183243592,400,158,45,0.31157784376825604,0.24571669101715088,0.48840945959091187,outer_holdout_beta_A
weight_0150,grid,0.6000000000000001,0.35000000000000003,0.05,beta_A,7,0.5216634389877878,0.7023442831678126,0.5739063144118494,401,158,44,0.27311384677886963,0.19564849138259888,0.43746280670166016,outer_holdout_beta_A
weight_0151,grid,0.65,0.05,0.30000000000000004,beta_A,7,0.6759646757813887,0.6664281470163822,0.6537309253267759,376,52,69,0.6755448154040745,0.6692643165588379,0.6796483397483826,outer_holdout_beta_A
weight_0152,grid,0.65,0.1,0.25,beta_A,7,0.663877977689691,0.6573688141923436,0.6389289863772529,369,56,76,0.6273758666855949,0.5952524542808533,0.6381446123123169,outer_holdout_beta_A
weight_0153,grid,0.65,0.15000000000000002,0.2,beta_A,7,0.6263247193532812,0.6415609880315764,0.5977913348187223,356,96,89,0.5480493903160095,0.35809844732284546,0.6266515254974365,outer_holdout_beta_A
weight_0154,grid,0.65,0.2,0.15000000000000002,beta_A,7,0.6268682922785068,0.6317309226720991,0.5942459085083308,352,82,93,0.5095883011817932,0.3623918890953064,0.5934461355209351,outer_holdout_beta_A
weight_0155,grid,0.65,0.25,0.1,beta_A,7,0.5953118682791612,0.6553506493506494,0.582665142464185,365,117,80,0.42509433201381136,0.2574639618396759,0.5329922437667847,outer_holdout_beta_A
weight_0156,grid,0.65,0.30000000000000004,0.05,beta_A,7,0.5533674945387991,0.660594346829641,0.5692047491724842,371,124,74,0.37457482729639324,0.1962265968322754,0.46366387605667114,outer_holdout_beta_A
weight_0157,grid,0.7000000000000001,0.05,0.25,beta_A,7,0.6718242352346381,0.6545289873525167,0.6428993216823756,367,54,78,0.6608995028904506,0.652744472026825,0.6793216466903687,outer_holdout_beta_A
weight_0158,grid,0.7000000000000001,0.1,0.2,beta_A,7,0.6162344939572633,0.6485702402172989,0.5958639012579994,362,90,83,0.5816420231546674,0.4395313858985901,0.639515221118927,outer_holdout_beta_A
weight_0159,grid,0.7000000000000001,0.15000000000000002,0.15000000000000002,beta_A,7,0.6008661547740344,0.6280646804176216,0.568469159304388,347,111,98,0.5106305394853864,0.32034897804260254,0.6140263080596924,outer_holdout_beta_A
weight_0160,grid,0.7000000000000001,0.2,0.1,beta_A,7,0.6180315615531563,0.657478821831763,0.6051113440659924,367,91,78,0.47434607573917936,0.33586814999580383,0.562386691570282,outer_holdout_beta_A
weight_0161,grid,0.7000000000000001,0.25,0.05,beta_A,7,0.5642384402556193,0.6596450216450217,0.573809065762816,369,123,76,0.3934888264962605,0.21486185491085052,0.4914853870868683,outer_holdout_beta_A
weight_0162,grid,0.75,0.05,0.2,beta_A,7,0.6238167240038253,0.63945047109753,0.5933458959822625,352,94,93,0.6240423917770386,0.3864213228225708,0.694247841835022,outer_holdout_beta_A
weight_0163,grid,0.75,0.1,0.15000000000000002,beta_A,7,0.6131165069770398,0.6488472964943554,0.5940806370831104,362,94,83,0.560460490839822,0.4094562828540802,0.6215161085128784,outer_holdout_beta_A
weight_0164,grid,0.75,0.15000000000000002,0.1,beta_A,7,0.6021865163997833,0.6240752058399117,0.569264486839444,346,108,99,0.4950547048023769,0.35819488763809204,0.6033432483673096,outer_holdout_beta_A
weight_0165,grid,0.75,0.2,0.05,beta_A,7,0.6086279971061732,0.6746216789746201,0.6093343518164765,382,99,63,0.4286581895181111,0.22560854256153107,0.47717729210853577,outer_holdout_beta_A
weight_0166,grid,0.8,0.05,0.15000000000000002,beta_A,7,0.5936949427658387,0.6361909854851031,0.5802838676890315,352,104,93,0.5933514407702855,0.34896695613861084,0.6770670413970947,outer_holdout_beta_A
weight_0167,grid,0.8,0.1,0.1,beta_A,7,0.6057305562687887,0.6428559545030134,0.5843764876217447,357,104,88,0.5339400853429522,0.3793811798095703,0.6058536767959595,outer_holdout_beta_A
weight_0168,grid,0.8,0.15000000000000002,0.05,beta_A,7,0.5951066311567862,0.631694932518462,0.5656701254450794,345,115,100,0.47517500604901997,0.3260844945907593,0.6360693573951721,outer_holdout_beta_A
weight_0169,grid,0.8500000000000001,0.05,0.1,beta_A,7,0.6153359561529722,0.6527878787878788,0.5964243352778384,363,109,82,0.56670224240848,0.31151261925697327,0.6538168787956238,outer_holdout_beta_A
weight_0170,grid,0.8500000000000001,0.1,0.05,beta_A,7,0.5993415398024251,0.641713097360156,0.578966188325001,356,110,89,0.5160160745893206,0.3493061363697052,0.5904657244682312,outer_holdout_beta_A
weight_0171,grid,0.9,0.05,0.05,beta_A,7,0.6117237821249563,0.6256132756132756,0.574311957615924,341,106,104,0.5682271335806165,0.38130244612693787,0.7051010727882385,outer_holdout_beta_A
weight_0001,grid,0.05,0.05,0.9,beta_B,7,0.6220979617046692,0.6541070973844084,0.6144679648370327,299,71,47,0.9392501882144383,0.9303796887397766,0.9434530735015869,outer_holdout_beta_B
weight_0002,grid,0.05,0.1,0.8500000000000001,beta_B,7,0.5127751083025371,0.6329386766361557,0.5524796171869907,279,109,67,0.9142743859972272,0.9104521870613098,0.9151499271392822,outer_holdout_beta_B
weight_0003,grid,0.05,0.15000000000000002,0.8,beta_B,7,0.4427151352748983,0.4485027111077531,0.4211869327524103,228,117,118,0.9078133021082196,0.9014396071434021,0.9169080257415771,outer_holdout_beta_B
weight_0004,grid,0.05,0.2,0.75,beta_B,7,0.48736476101883897,0.37014959830085875,0.4047528032473364,190,60,156,0.9090367555618286,0.9049077033996582,0.9102914929389954,outer_holdout_beta_B
weight_0005,grid,0.05,0.25,0.7000000000000001,beta_B,7,0.4916154633896569,0.3152260904361745,0.3592375101060608,166,60,180,0.9060283132961818,0.8975881338119507,0.9076836109161377,outer_holdout_beta_B
weight_0006,grid,0.05,0.30000000000000004,0.65,beta_B,7,0.3665046403713963,0.3147983202605052,0.26280736933336,149,181,197,0.8948940975325448,0.8365354537963867,0.9083656072616577,outer_holdout_beta_B
weight_0007,grid,0.05,0.35000000000000003,0.6000000000000001,beta_B,7,0.3525267304989628,0.29094635523206946,0.2391675269329522,134,180,212,0.8913801397596087,0.823493480682373,0.9050247669219971,outer_holdout_beta_B
weight_0008,grid,0.05,0.4,0.55,beta_B,7,0.334221486624141,0.39314359776544655,0.2561112945501304,147,383,199,0.869438784463065,0.8074491024017334,0.8934760093688965,outer_holdout_beta_B
weight_0009,grid,0.05,0.45,0.5,beta_B,7,0.2846848886589305,0.4469663389831457,0.23968576807855296,152,695,194,0.8334555881364005,0.7912658452987671,0.888242244720459,outer_holdout_beta_B
weight_0010,grid,0.05,0.5,0.45,beta_B,7,0.21490644041120782,0.6515669671131856,0.2930655532904912,284,947,62,0.7777718816484723,0.7767988443374634,0.7836101055145264,outer_holdout_beta_B
weight_0011,grid,0.05,0.55,0.4,beta_B,7,0.21145579124883285,0.6855764683495776,0.2900527309626565,293,1042,53,0.7514669724873134,0.6903778314590454,0.7621060609817505,outer_holdout_beta_B
weight_0012,grid,0.05,0.6000000000000001,0.35000000000000003,beta_B,7,0.20619135074307698,0.6868836578920613,0.28538225251581106,292,1046,54,0.7340414183480399,0.6649878025054932,0.7516858577728271,outer_holdout_beta_B
weight_0013,grid,0.05,0.65,0.30000000000000004,beta_B,7,0.2064497871100275,0.6804841750219902,0.2875650792616703,295,1064,51,0.719546207359859,0.7146241664886475,0.7297925353050232,outer_holdout_beta_B
weight_0014,grid,0.05,0.7000000000000001,0.25,beta_B,7,0.2020227862724573,0.7108696625503349,0.28219402910489005,300,1164,46,0.6913228375571114,0.6434876322746277,0.7121478915214539,outer_holdout_beta_B
weight_0015,grid,0.05,0.75,0.2,beta_B,7,0.20055835917968554,0.7041130204995751,0.28105068515149095,298,1193,48,0.6734611732619149,0.6635146737098694,0.7196128368377686,outer_holdout_beta_B
weight_0016,grid,0.05,0.8,0.15000000000000002,beta_B,7,0.20272931653847506,0.7254975183546611,0.2859936236525925,307,1218,39,0.6594739471163068,0.6502518653869629,0.6718720197677612,outer_holdout_beta_B
weight_0017,grid,0.05,0.8500000000000001,0.1,beta_B,7,0.2022878958674664,0.7221070712667351,0.2854223128123587,309,1216,37,0.6531415155955723,0.6157344579696655,0.6593760251998901,outer_holdout_beta_B
weight_0018,grid,0.05,0.9,0.05,beta_B,7,0.19528211759078504,0.7014321346254119,0.2777387760181242,308,1260,38,0.6336226974214826,0.6169618368148804,0.6793889403343201,outer_holdout_beta_B
weight_0019,grid,0.1,0.05,0.8500000000000001,beta_B,7,0.5916254923021841,0.6633451515804457,0.6205098448916734,310,50,36,0.9141670720917838,0.9106753468513489,0.918878972530365,outer_holdout_beta_B
weight_0020,grid,0.1,0.1,0.8,beta_B,7,0.6220979617046692,0.6541070973844084,0.6144679648370327,299,71,47,0.8785004360335213,0.860759437084198,0.8869062066078186,outer_holdout_beta_B
weight_0021,grid,0.1,0.15000000000000002,0.75,beta_B,7,0.5600879422557977,0.6594668170298422,0.5952711726960309,301,89,45,0.8475028617041451,0.8460736870765686,0.8558622002601624,outer_holdout_beta_B
weight_0022,grid,0.1,0.2,0.7000000000000001,beta_B,7,0.5127751083025371,0.6329386766361557,0.5524796171869907,279,109,67,0.8285487634795052,0.8209043741226196,0.8302998542785645,outer_holdout_beta_B
weight_0023,grid,0.1,0.25,0.65,beta_B,7,0.4598387230880632,0.4945890244209572,0.4603360588819757,251,118,95,0.8209915501730782,0.8173491954803467,0.8415380716323853,outer_holdout_beta_B
weight_0024,grid,0.1,0.30000000000000004,0.6000000000000001,beta_B,7,0.4427151352748983,0.4485027111077531,0.4211869327524103,228,117,118,0.8156265701566424,0.8028792142868042,0.8338159918785095,outer_holdout_beta_B
weight_0025,grid,0.1,0.35000000000000003,0.55,beta_B,7,0.5381741123289652,0.3691299829955292,0.4230111587254444,193,41,153,0.8305049453462873,0.8301527500152588,0.8319541215896606,outer_holdout_beta_B
weight_0026,grid,0.1,0.4,0.5,beta_B,7,0.48736476101883897,0.37014959830085875,0.4047528032473364,190,60,156,0.8180735111236572,0.8098154067993164,0.8205829858779907,outer_holdout_beta_B
weight_0027,grid,0.1,0.45,0.45,beta_B,7,0.4776770212217118,0.34084295722951186,0.37293953806228913,175,64,171,0.8135949288095746,0.7965660691261292,0.8182036876678467,outer_holdout_beta_B
weight_0028,grid,0.1,0.5,0.4,beta_B,7,0.4916154633896569,0.3152260904361745,0.3592375101060608,166,60,180,0.8120566351073129,0.7951762676239014,0.8153672814369202,outer_holdout_beta_B
weight_0029,grid,0.1,0.55,0.35000000000000003,beta_B,7,0.4515976028540278,0.2910456956675444,0.3364150190956642,147,66,199,0.8051631961550031,0.7986980676651001,0.8188949823379517,outer_holdout_beta_B
weight_0030,grid,0.1,0.6000000000000001,0.30000000000000004,beta_B,7,0.3661019197700002,0.3147983202605052,0.26222291579741613,149,184,197,0.789788271699633,0.673071026802063,0.8167312145233154,outer_holdout_beta_B
weight_0031,grid,0.1,0.65,0.25,beta_B,7,0.37226588911426634,0.302027151186815,0.25000857783232716,139,202,207,0.7817483374050685,0.6586856842041016,0.812472939491272,outer_holdout_beta_B
weight_0032,grid,0.1,0.7000000000000001,0.2,beta_B,7,0.3473223923534482,0.29094635523206946,0.23158106577506246,134,205,212,0.7805239983967373,0.6469869613647461,0.8100494742393494,outer_holdout_beta_B
weight_0033,grid,0.1,0.75,0.15000000000000002,beta_B,7,0.34268055033048916,0.35480928968323927,0.2268579763921379,137,329,209,0.7593153374535697,0.6588554382324219,0.8079155683517456,outer_holdout_beta_B
weight_0034,grid,0.1,0.8,0.1,beta_B,7,0.33942116442116443,0.3925043677144518,0.2622447631896176,148,370,198,0.7465582915714809,0.6458371877670288,0.786952018737793,outer_holdout_beta_B
weight_0035,grid,0.1,0.8500000000000001,0.05,beta_B,7,0.32267652298440475,0.3645786986123121,0.24424741335389386,139,395,207,0.7398442540849958,0.6142500638961792,0.7853863835334778,outer_holdout_beta_B
weight_0036,grid,0.15000000000000002,0.05,0.8,beta_B,7,0.6799613530828384,0.6656497097673568,0.6600966551048291,295,40,51,0.8960618802479335,0.8854808211326599,0.9005894660949707,outer_holdout_beta_B
weight_0037,grid,0.15000000000000002,0.1,0.75,beta_B,7,0.6012763792983574,0.6446976925968523,0.6159807199370952,305,47,41,0.8550539016723633,0.8490437865257263,0.8647635579109192,outer_holdout_beta_B
weight_0038,grid,0.15000000000000002,0.15000000000000002,0.7000000000000001,beta_B,7,0.6220979617046692,0.6541070973844084,0.6144679648370327,299,71,47,0.8177506327629089,0.7911391258239746,0.8303593397140503,outer_holdout_beta_B
weight_0039,grid,0.15000000000000002,0.2,0.65,beta_B,7,0.545646211726024,0.6753519589654042,0.5905037693663993,307,103,39,0.7764631169182914,0.7646662592887878,0.7987775802612305,outer_holdout_beta_B
weight_0040,grid,0.15000000000000002,0.25,0.6000000000000001,beta_B,7,0.5396341295138745,0.6427668036911734,0.5766179648132871,295,97,51,0.7601550051144191,0.7566256523132324,0.7646817564964294,outer_holdout_beta_B
weight_0041,grid,0.15000000000000002,0.30000000000000004,0.55,beta_B,7,0.51203682849449,0.6329386766361557,0.5520960809831916,279,110,67,0.7428231494767326,0.7313565611839294,0.7454497814178467,outer_holdout_beta_B
weight_0042,grid,0.15000000000000002,0.35000000000000003,0.5,beta_B,7,0.4754939970038163,0.5756790361832379,0.4970466320091906,266,132,80,0.7296783583504813,0.7164047360420227,0.7638973593711853,outer_holdout_beta_B
weight_0043,grid,0.15000000000000002,0.4,0.45,beta_B,7,0.4375588676319929,0.4727160328000664,0.431495349839295,244,130,102,0.7253327625138419,0.7184961438179016,0.7633482217788696,outer_holdout_beta_B
weight_0044,grid,0.15000000000000002,0.45,0.4,beta_B,7,0.4340358043974529,0.44169999001931776,0.4126087273887015,227,118,119,0.7243298207010541,0.7043187618255615,0.7569539546966553,outer_holdout_beta_B
weight_0045,grid,0.15000000000000002,0.5,0.35000000000000003,beta_B,7,0.5162969498735922,0.4003521688395638,0.42976936841735763,203,58,143,0.7404652067593166,0.7117446660995483,0.7455869913101196,outer_holdout_beta_B
weight_0046,grid,0.15000000000000002,0.55,0.30000000000000004,beta_B,7,0.5138567572778099,0.38165378039327613,0.4272637535926296,197,50,149,0.7382522395678929,0.7363963723182678,0.7402095198631287,outer_holdout_beta_B
weight_0047,grid,0.15000000000000002,0.6000000000000001,0.25,beta_B,7,0.47778672872657835,0.3788187069699674,0.4045922762369711,192,64,154,0.725086680480412,0.7147231101989746,0.7308744192123413,outer_holdout_beta_B
weight_0048,grid,0.15000000000000002,0.65,0.2,beta_B,7,0.4884158462086922,0.3434403598269144,0.3804013009009147,178,62,168,0.722684519631522,0.7020399570465088,0.7340804934501648,outer_holdout_beta_B
weight_0049,grid,0.15000000000000002,0.7000000000000001,0.15000000000000002,beta_B,7,0.4742323019647596,0.35792130371962305,0.38611384869949034,185,74,161,0.713344863482884,0.7088192701339722,0.7246588468551636,outer_holdout_beta_B
weight_0050,grid,0.15000000000000002,0.75,0.1,beta_B,7,0.4901363869105805,0.3215752967853808,0.36336019518112683,168,62,178,0.718294654573713,0.6942319869995117,0.7230509519577026,outer_holdout_beta_B
weight_0051,grid,0.15000000000000002,0.8,0.05,beta_B,7,0.44231782803211367,0.30530072168727634,0.3409364876281654,166,78,180,0.7079041855675834,0.6878998875617981,0.7265195250511169,outer_holdout_beta_B
weight_0052,grid,0.2,0.05,0.75,beta_B,7,0.6793910191428083,0.6580612198259256,0.6547776392023598,290,40,56,0.8758849671908787,0.8649996519088745,0.8856954574584961,outer_holdout_beta_B
weight_0053,grid,0.2,0.1,0.7000000000000001,beta_B,7,0.5916254923021841,0.6633451515804457,0.6205098448916734,310,50,36,0.8283340590340751,0.821350634098053,0.83775794506073,outer_holdout_beta_B
weight_0054,grid,0.2,0.15000000000000002,0.65,beta_B,7,0.665127616687018,0.6884529569403518,0.6625746871957505,309,52,37,0.7864840200969151,0.7849624156951904,0.7902880311012268,outer_holdout_beta_B
weight_0055,grid,0.2,0.2,0.6000000000000001,beta_B,7,0.6213087238538402,0.6541070973844084,0.6140673921473033,299,72,47,0.7570008635520935,0.721518874168396,0.7738124132156372,outer_holdout_beta_B
weight_0056,grid,0.2,0.25,0.55,beta_B,7,0.5519783197831979,0.6683333939636461,0.5902232391105426,309,104,37,0.7094465919903347,0.6976398229598999,0.7354226112365723,outer_holdout_beta_B
weight_0057,grid,0.2,0.30000000000000004,0.5,beta_B,7,0.5593428564997492,0.6594668170298422,0.5948796876210877,301,90,45,0.6950057659830365,0.692147433757782,0.7117244601249695,outer_holdout_beta_B
weight_0058,grid,0.2,0.35000000000000003,0.45,beta_B,7,0.5420013588959611,0.6632649330128321,0.5875097403332246,291,104,55,0.6714475154876709,0.6701197624206543,0.6735490560531616,outer_holdout_beta_B
weight_0059,grid,0.2,0.4,0.4,beta_B,7,0.5129511727268065,0.6361132798107588,0.5538267836484738,280,110,66,0.6570975354739598,0.6418087482452393,0.6605997085571289,outer_holdout_beta_B
weight_0060,grid,0.2,0.45,0.35000000000000003,beta_B,7,0.4981293311934784,0.6295773320983404,0.5418295508510208,277,126,69,0.6365325621196202,0.6351994872093201,0.6379950642585754,outer_holdout_beta_B
weight_0061,grid,0.2,0.5,0.30000000000000004,beta_B,7,0.46434386893314544,0.49776362759556037,0.4652171322180301,252,118,94,0.6437402537890843,0.6346985101699829,0.6830761432647705,outer_holdout_beta_B
weight_0062,grid,0.2,0.55,0.25,beta_B,7,0.4492824116902049,0.4638203533161517,0.43576794423476345,240,116,106,0.6394067321504865,0.6201116442680359,0.6846700310707092,outer_holdout_beta_B
weight_0063,grid,0.2,0.6000000000000001,0.2,beta_B,7,0.4336327873986912,0.4512237995431273,0.4157920609293774,230,121,116,0.6314233371189663,0.6057584285736084,0.6688234210014343,outer_holdout_beta_B
weight_0064,grid,0.2,0.65,0.15000000000000002,beta_B,7,0.501061605926935,0.4062478604495411,0.42147253697668935,206,69,140,0.6551404850823539,0.6035332679748535,0.6650404930114746,outer_holdout_beta_B
weight_0065,grid,0.2,0.7000000000000001,0.1,beta_B,7,0.5303185329317733,0.38182839569394184,0.427109325943401,197,47,149,0.6610098481178284,0.6603055000305176,0.6639082431793213,outer_holdout_beta_B
weight_0066,grid,0.2,0.75,0.05,beta_B,7,0.5108637002615387,0.4028355864490319,0.43768511116557823,203,59,143,0.6455620442117963,0.6452039480209351,0.6477106213569641,outer_holdout_beta_B
weight_0067,grid,0.25,0.05,0.7000000000000001,beta_B,7,0.6860959758704119,0.6543094160741221,0.6569500989368222,291,39,55,0.8543169839041573,0.8496255874633789,0.8683996200561523,outer_holdout_beta_B
weight_0068,grid,0.25,0.1,0.65,beta_B,7,0.6129883409992474,0.6438731203437086,0.6230753735101562,301,39,45,0.8109083686556134,0.7992388606071472,0.8170328140258789,outer_holdout_beta_B
weight_0069,grid,0.25,0.15000000000000002,0.6000000000000001,beta_B,7,0.6910477363642326,0.684226837588182,0.6783080291329425,307,40,39,0.7703097973551069,0.7703033089637756,0.7703487277030945,outer_holdout_beta_B
weight_0070,grid,0.25,0.2,0.55,beta_B,7,0.6890217704540096,0.6385299574375204,0.6506422422723722,288,35,58,0.7476781606674194,0.7328253984451294,0.7539740800857544,outer_holdout_beta_B
weight_0071,grid,0.25,0.25,0.5,beta_B,7,0.6213087238538402,0.6541070973844084,0.6140673921473033,299,72,47,0.6962510517665318,0.6518985033035278,0.7172655463218689,outer_holdout_beta_B
weight_0072,grid,0.25,0.30000000000000004,0.45,beta_B,7,0.5711448390966464,0.625843670801654,0.5744563954710953,293,84,53,0.666742171560015,0.6255584955215454,0.7022148370742798,outer_holdout_beta_B
weight_0073,grid,0.25,0.35000000000000003,0.4,beta_B,7,0.5542043101825711,0.6704966835218935,0.59625648434768,305,96,41,0.6261335100446429,0.6218490600585938,0.6507308483123779,outer_holdout_beta_B
weight_0074,grid,0.25,0.4,0.35000000000000003,beta_B,7,0.5435545601715447,0.6387263996507694,0.5770469603849442,293,93,53,0.6094414166041783,0.6084883809089661,0.6151596307754517,outer_holdout_beta_B
weight_0075,grid,0.25,0.45,0.30000000000000004,beta_B,7,0.5275606563978656,0.6158417213039061,0.5585007508516592,286,102,60,0.5921422157968793,0.5871425867080688,0.6073196530342102,outer_holdout_beta_B
weight_0076,grid,0.25,0.5,0.25,beta_B,7,0.5062616013183924,0.521795431459297,0.48490472783604527,264,102,82,0.5917479225567409,0.5724805593490601,0.6679813265800476,outer_holdout_beta_B
weight_0077,grid,0.25,0.55,0.2,beta_B,7,0.4672395300966729,0.5509325408485072,0.4616635041785475,265,134,81,0.5643942441259112,0.5469343662261963,0.6568043828010559,outer_holdout_beta_B
weight_0078,grid,0.25,0.6000000000000001,0.15000000000000002,beta_B,7,0.4889687693259122,0.519899148470577,0.46923291545865703,242,108,104,0.5681390932628086,0.5226062536239624,0.6052392721176147,outer_holdout_beta_B
weight_0079,grid,0.25,0.65,0.1,beta_B,7,0.43627966236661886,0.49368199494249915,0.438396497721835,253,135,93,0.5478785974638802,0.5361380577087402,0.6092585325241089,outer_holdout_beta_B
weight_0080,grid,0.25,0.7000000000000001,0.05,beta_B,7,0.44402162732162015,0.4839205145927835,0.440408456019873,248,126,98,0.5487220713070461,0.5401421189308167,0.5984575152397156,outer_holdout_beta_B
weight_0081,grid,0.30000000000000004,0.05,0.65,beta_B,7,0.6967944297322405,0.6354485383897149,0.6498166712520799,286,36,60,0.8350522433008466,0.8253204822540283,0.8700152635574341,outer_holdout_beta_B
weight_0082,grid,0.30000000000000004,0.1,0.6000000000000001,beta_B,7,0.6799613530828384,0.6656497097673568,0.6600966551048291,295,40,51,0.7921237690108163,0.7709616422653198,0.8011789321899414,outer_holdout_beta_B
weight_0083,grid,0.30000000000000004,0.15000000000000002,0.55,beta_B,7,0.5908726411821359,0.6633451515804457,0.6201187388943783,310,51,36,0.7425011311258588,0.7320259809494019,0.756636917591095,outer_holdout_beta_B
weight_0084,grid,0.30000000000000004,0.2,0.5,beta_B,7,0.6005056568081778,0.6446976925968523,0.6155849230447392,305,48,41,0.7101078033447266,0.6980875730514526,0.7295271158218384,outer_holdout_beta_B
weight_0085,grid,0.30000000000000004,0.25,0.45,beta_B,7,0.6822538171955409,0.6341936774709884,0.6465660460482746,292,39,54,0.6835813266890389,0.6773931384086609,0.6994825005531311,outer_holdout_beta_B
weight_0086,grid,0.30000000000000004,0.30000000000000004,0.4,beta_B,7,0.6184716604139212,0.6541070973844084,0.6118629932080546,299,74,47,0.6355012910706657,0.5822782516479492,0.6607186794281006,outer_holdout_beta_B
weight_0087,grid,0.30000000000000004,0.35000000000000003,0.35000000000000003,beta_B,7,0.5702330325009922,0.6190700522633296,0.568652966413046,288,84,58,0.6133745568139213,0.5678081512451172,0.6483069658279419,outer_holdout_beta_B
weight_0088,grid,0.30000000000000004,0.4,0.30000000000000004,beta_B,7,0.5771176739926739,0.6005947833678926,0.5635420287603212,278,77,68,0.589193412235805,0.5415704250335693,0.6245637536048889,outer_holdout_beta_B
weight_0089,grid,0.30000000000000004,0.45,0.25,beta_B,7,0.5458887701928765,0.6594668170298422,0.5847619183894655,301,101,45,0.5425086191722325,0.5382211208343506,0.5675866603851318,outer_holdout_beta_B
weight_0090,grid,0.30000000000000004,0.5,0.2,beta_B,7,0.5197181677136866,0.6395922005165703,0.5617420019306857,294,108,52,0.5217919775417873,0.519910991191864,0.5293635129928589,outer_holdout_beta_B
weight_0091,grid,0.30000000000000004,0.55,0.15000000000000002,beta_B,7,0.5175707015660873,0.5562979037768954,0.4989009594510689,278,116,68,0.5222153833934239,0.5018763542175293,0.6178091764450073,outer_holdout_beta_B
weight_0092,grid,0.30000000000000004,0.6000000000000001,0.1,beta_B,7,0.4877086056506455,0.5332375840779202,0.47634145719078347,270,122,76,0.5065258698804038,0.48697665333747864,0.601577639579773,outer_holdout_beta_B
weight_0093,grid,0.30000000000000004,0.65,0.05,beta_B,7,0.46874937045963205,0.55198508307752,0.4647904710781315,267,135,79,0.48984444992882864,0.4722384214401245,0.5910415649414062,outer_holdout_beta_B
weight_0094,grid,0.35000000000000003,0.05,0.6000000000000001,beta_B,7,0.6921303842356473,0.6236838325073618,0.6373027753721802,279,36,67,0.8207634346825736,0.8044794797897339,0.8541333675384521,outer_holdout_beta_B
weight_0095,grid,0.35000000000000003,0.1,0.55,beta_B,7,0.6799973737389762,0.6664645811704635,0.6608001689386004,295,40,51,0.7745290143149239,0.7510849237442017,0.7811933755874634,outer_holdout_beta_B
weight_0096,grid,0.35000000000000003,0.15000000000000002,0.5,beta_B,7,0.6024752470222839,0.6608496079084315,0.6254858718703112,309,46,37,0.7194518361772809,0.7099142074584961,0.7363194823265076,outer_holdout_beta_B
weight_0097,grid,0.35000000000000003,0.2,0.45,beta_B,7,0.6719296931992037,0.6808654930503669,0.6647519654391464,305,46,41,0.6844733612877982,0.6719536781311035,0.6869182586669922,outer_holdout_beta_B
weight_0098,grid,0.35000000000000003,0.25,0.4,beta_B,7,0.6677493247456115,0.6884529569403518,0.6644189624415542,309,51,37,0.6428217717579433,0.6340062618255615,0.645482063293457,outer_holdout_beta_B
weight_0099,grid,0.35000000000000003,0.30000000000000004,0.35000000000000003,beta_B,7,0.6815703620051446,0.6299665320673723,0.6424634637569644,289,38,57,0.6284323079245431,0.6162970066070557,0.6435822248458862,outer_holdout_beta_B
weight_0100,grid,0.35000000000000003,0.35000000000000003,0.30000000000000004,beta_B,7,0.6453973903616291,0.6541070973844084,0.6340397750654752,299,59,47,0.584735597882952,0.5807216167449951,0.6041717529296875,outer_holdout_beta_B
weight_0101,grid,0.35000000000000003,0.4,0.25,beta_B,7,0.5877998567848192,0.6042495786193266,0.5739778079672426,285,73,61,0.5598544904163906,0.4974913001060486,0.5942811965942383,outer_holdout_beta_B
weight_0102,grid,0.35000000000000003,0.45,0.2,beta_B,7,0.5623163866001025,0.5635908909018152,0.5375722862971151,268,77,78,0.5357482177870614,0.46681976318359375,0.5775002241134644,outer_holdout_beta_B
weight_0103,grid,0.35000000000000003,0.5,0.15000000000000002,beta_B,7,0.5202804470661614,0.6334418615931222,0.5463220963146931,286,109,60,0.48271146416664124,0.4630447030067444,0.555435061454773,outer_holdout_beta_B
weight_0104,grid,0.35000000000000003,0.55,0.1,beta_B,7,0.4952540295397438,0.6429535450543854,0.5470209710300549,296,120,50,0.4569892244679587,0.452679306268692,0.4735963046550751,outer_holdout_beta_B
weight_0105,grid,0.35000000000000003,0.6000000000000001,0.05,beta_B,7,0.48065558145546255,0.6468072077315775,0.5380742441904298,297,136,49,0.437576813357217,0.43321335315704346,0.4628761112689972,outer_holdout_beta_B
weight_0106,grid,0.4,0.05,0.55,beta_B,7,0.6959876343156742,0.6280467898114956,0.6430221816728452,282,35,64,0.8038201246942792,0.7851428985595703,0.8399844765663147,outer_holdout_beta_B
weight_0107,grid,0.4,0.1,0.5,beta_B,7,0.6793910191428083,0.6580612198259256,0.6547776392023598,290,40,56,0.7570431317601886,0.729999303817749,0.7713908553123474,outer_holdout_beta_B
weight_0108,grid,0.4,0.15000000000000002,0.45,beta_B,7,0.6936823190975534,0.6736795883854708,0.6723444771359589,298,38,48,0.7116296887397766,0.6878024935722351,0.716994047164917,outer_holdout_beta_B
weight_0109,grid,0.4,0.2,0.4,beta_B,7,0.5908726411821359,0.6633451515804457,0.6201187388943783,310,51,36,0.6574069772447858,0.6427013278007507,0.6806875467300415,outer_holdout_beta_B
weight_0110,grid,0.4,0.25,0.35000000000000003,beta_B,7,0.6824370258470215,0.6789180474054424,0.6702430463710908,306,44,40,0.6261448519570487,0.6232210993766785,0.6267340183258057,outer_holdout_beta_B
weight_0111,grid,0.4,0.30000000000000004,0.30000000000000004,beta_B,7,0.6638685927489555,0.652921168467387,0.6438553171381404,294,46,52,0.6009872470583234,0.5805760622024536,0.611851692199707,outer_holdout_beta_B
weight_0112,grid,0.4,0.35000000000000003,0.25,beta_B,7,0.6687910523173028,0.627420058932664,0.6328328054379628,287,43,59,0.5747446673257011,0.5576514005661011,0.5876820087432861,outer_holdout_beta_B
weight_0113,grid,0.4,0.4,0.2,beta_B,7,0.5715379020929402,0.602755647713631,0.5656911860655633,285,79,61,0.5297199615410396,0.44303765892982483,0.5643976926803589,outer_holdout_beta_B
weight_0114,grid,0.4,0.45,0.15000000000000002,beta_B,7,0.5412673933924937,0.6281524731104563,0.5533846618937858,293,110,53,0.48859683104923796,0.4285675883293152,0.5384891033172607,outer_holdout_beta_B
weight_0115,grid,0.4,0.5,0.1,beta_B,7,0.5343163869226623,0.6066432633659524,0.5319115750150233,284,117,62,0.4572774129254477,0.4121628701686859,0.531816303730011,outer_holdout_beta_B
weight_0116,grid,0.4,0.55,0.05,beta_B,7,0.4831019774253486,0.6747238289255096,0.5492609510118104,308,141,38,0.40169436165264677,0.3875313997268677,0.4261915981769562,outer_holdout_beta_B
weight_0117,grid,0.45,0.05,0.5,beta_B,7,0.6858324070931143,0.6473320796850208,0.6523557844429081,282,35,64,0.7783477306365967,0.7637500762939453,0.7978843450546265,outer_holdout_beta_B
weight_0118,grid,0.45,0.1,0.45,beta_B,7,0.6878959642514858,0.6516610840140252,0.6573762057874105,287,37,59,0.7348666872297015,0.7247822284698486,0.7504221200942993,outer_holdout_beta_B
weight_0119,grid,0.45,0.15000000000000002,0.4,beta_B,7,0.6861312190592559,0.6656497097673568,0.6644348675906281,295,39,51,0.6934380871909005,0.6789988279342651,0.7017683982849121,outer_holdout_beta_B
weight_0120,grid,0.45,0.2,0.35000000000000003,beta_B,7,0.585200683780559,0.6591180061768298,0.6139045031681144,307,53,39,0.6376040492738996,0.6205894947052002,0.6544433832168579,outer_holdout_beta_B
weight_0121,grid,0.45,0.25,0.30000000000000004,beta_B,7,0.5835316950678688,0.6483258105106844,0.6083751677770662,305,54,41,0.6042090654373169,0.596714973449707,0.6326448917388916,outer_holdout_beta_B
weight_0122,grid,0.45,0.30000000000000004,0.25,beta_B,7,0.5723071444225291,0.6277721344948236,0.5910894037486489,298,54,48,0.5763460738318307,0.5559082627296448,0.5942906141281128,outer_holdout_beta_B
weight_0123,grid,0.45,0.35000000000000003,0.2,beta_B,7,0.5891529254242702,0.6055377862100552,0.5911937376394114,290,44,56,0.5607728617531913,0.5598999261856079,0.5660104751586914,outer_holdout_beta_B
weight_0124,grid,0.45,0.4,0.15000000000000002,beta_B,7,0.6089963883122868,0.5937140823695446,0.5928123728404503,282,54,64,0.5314226235662188,0.5173159837722778,0.537429928779602,outer_holdout_beta_B
weight_0125,grid,0.45,0.45,0.1,beta_B,7,0.5281419952296804,0.6285768852995745,0.550368887894697,296,113,50,0.4566370504243033,0.37341734766960144,0.5176211595535278,outer_holdout_beta_B
weight_0126,grid,0.45,0.5,0.05,beta_B,7,0.5183832832436723,0.6281524731104563,0.5391879725382717,293,125,53,0.4297961805547987,0.3585137128829956,0.48570355772972107,outer_holdout_beta_B
weight_0127,grid,0.5,0.05,0.45,beta_B,7,0.6783609502231801,0.6465172082819143,0.6472868283993296,282,37,64,0.7742260864802769,0.7435972690582275,0.7834509611129761,outer_holdout_beta_B
weight_0128,grid,0.5,0.1,0.4,beta_B,7,0.6798480996767411,0.6508462126109185,0.6517491556118558,287,39,59,0.7184874500547137,0.6992512345314026,0.7367992401123047,outer_holdout_beta_B
weight_0129,grid,0.5,0.15000000000000002,0.35000000000000003,beta_B,7,0.6628760075188647,0.6578744784627137,0.6441535536348753,289,47,57,0.6744529264313834,0.636671781539917,0.6972965002059937,outer_holdout_beta_B
weight_0130,grid,0.5,0.2,0.30000000000000004,beta_B,7,0.5913003663003663,0.6438731203437086,0.609629410441843,301,50,45,0.6277873005185809,0.598477840423584,0.6439131498336792,outer_holdout_beta_B
weight_0131,grid,0.5,0.25,0.25,beta_B,7,0.555204278243089,0.6601705484058425,0.5953362906529284,309,65,37,0.5765139886311123,0.5533766746520996,0.6138484477996826,outer_holdout_beta_B
weight_0132,grid,0.5,0.30000000000000004,0.2,beta_B,7,0.5605911330049261,0.6417898627982661,0.5906784109005913,302,63,44,0.5457212839807782,0.5406065583229065,0.5696808099746704,outer_holdout_beta_B
weight_0133,grid,0.5,0.35000000000000003,0.15000000000000002,beta_B,7,0.5448051612280516,0.6307599963062148,0.572936644950644,298,71,48,0.5225458315440586,0.5080932378768921,0.5543712377548218,outer_holdout_beta_B
weight_0134,grid,0.5,0.4,0.1,beta_B,7,0.6976862964020899,0.6425592614668245,0.6264456561856345,290,63,56,0.5063978603907994,0.5042961835861206,0.5079481601715088,outer_holdout_beta_B
weight_0135,grid,0.5,0.45,0.05,beta_B,7,0.5412841733532271,0.6322341057635175,0.556564241298684,292,109,54,0.4407713455813272,0.31703415513038635,0.4787258505821228,outer_holdout_beta_B
weight_0136,grid,0.55,0.05,0.4,beta_B,7,0.6752439440656268,0.6441574765104177,0.6450754304408423,281,38,65,0.7563627702849252,0.730588436126709,0.7690816521644592,outer_holdout_beta_B
weight_0137,grid,0.55,0.1,0.35000000000000003,beta_B,7,0.6738391008577345,0.6375366463601758,0.6392177305975542,279,39,67,0.7127129435539246,0.6706569194793701,0.751629114151001,outer_holdout_beta_B
weight_0138,grid,0.55,0.15000000000000002,0.30000000000000004,beta_B,7,0.6548659504452188,0.6400321900321899,0.6282325750649784,280,46,66,0.6680207337651934,0.6127352118492126,0.6853480339050293,outer_holdout_beta_B
weight_0139,grid,0.55,0.2,0.25,beta_B,7,0.5992504061475206,0.6362846304022776,0.610831324042744,296,46,50,0.6193900619234357,0.6144801378250122,0.6225213408470154,outer_holdout_beta_B
weight_0140,grid,0.55,0.25,0.2,beta_B,7,0.5378384112797227,0.6608496079084315,0.5825422251280374,309,77,37,0.5487097842352731,0.5274798274040222,0.5783000588417053,outer_holdout_beta_B
weight_0141,grid,0.55,0.30000000000000004,0.15000000000000002,beta_B,7,0.5366220738257613,0.6506346128194868,0.5779136271002534,305,78,41,0.5217552866254535,0.5156738758087158,0.5508995652198792,outer_holdout_beta_B
weight_0142,grid,0.55,0.35000000000000003,0.1,beta_B,7,0.5313908313908314,0.6334932108041352,0.5676313070419057,301,81,45,0.4895887758050646,0.47960129380226135,0.5219718813896179,outer_holdout_beta_B
weight_0143,grid,0.55,0.4,0.05,beta_B,7,0.5371294886506457,0.6307599963062148,0.5683219518177337,298,78,48,0.4708045423030853,0.4697292745113373,0.4772561490535736,outer_holdout_beta_B
weight_0144,grid,0.6000000000000001,0.05,0.35000000000000003,beta_B,7,0.6967415895883728,0.6133451515804457,0.6352547884142214,268,31,78,0.7527740512575422,0.7205572128295898,0.7851413488388062,outer_holdout_beta_B
weight_0145,grid,0.6000000000000001,0.1,0.30000000000000004,beta_B,7,0.6788072829426213,0.6153144241379536,0.626877030196229,264,32,82,0.7070723090853009,0.6506409645080566,0.7408459782600403,outer_holdout_beta_B
weight_0146,grid,0.6000000000000001,0.15000000000000002,0.25,beta_B,7,0.6578588669810701,0.6385891885891886,0.6311011981186198,281,47,65,0.6462922777448382,0.6172260642051697,0.6743462085723877,outer_holdout_beta_B
weight_0147,grid,0.6000000000000001,0.2,0.2,beta_B,7,0.5826143344107416,0.633738157267569,0.5987420105395413,294,51,52,0.6088937520980835,0.5975029468536377,0.6134061217308044,outer_holdout_beta_B
weight_0148,grid,0.6000000000000001,0.25,0.15000000000000002,beta_B,7,0.5501591907534491,0.6519029989618225,0.5879231576921554,304,69,42,0.5442784173148019,0.5430678129196167,0.5515420436859131,outer_holdout_beta_B
weight_0149,grid,0.6000000000000001,0.30000000000000004,0.1,beta_B,7,0.5222819332905263,0.6633451515804457,0.5746084636772137,310,88,36,0.4952964186668396,0.48840945959091187,0.536618173122406,outer_holdout_beta_B
weight_0150,grid,0.6000000000000001,0.35000000000000003,0.05,beta_B,7,0.5010034768243724,0.6506855422821809,0.5528002780059392,306,102,40,0.4566709228924343,0.43746280670166016,0.5083900690078735,outer_holdout_beta_B
weight_0151,grid,0.65,0.05,0.30000000000000004,beta_B,7,0.6482286543032056,0.6167064961182608,0.6086068164932156,270,48,76,0.727573641708919,0.6796483397483826,0.7678700685501099,outer_holdout_beta_B
weight_0152,grid,0.65,0.1,0.25,beta_B,7,0.674533778669117,0.6153144241379536,0.6242174557281439,264,33,82,0.697070334638868,0.631838858127594,0.7277339696884155,outer_holdout_beta_B
weight_0153,grid,0.65,0.15000000000000002,0.2,beta_B,7,0.6661840097135077,0.6466190672073024,0.6416881280078123,284,46,62,0.6327329703739711,0.6266515254974365,0.6493051648139954,outer_holdout_beta_B
weight_0154,grid,0.65,0.2,0.15000000000000002,beta_B,7,0.557454160722396,0.6352320881732646,0.5828808902443265,294,62,52,0.5875614030020577,0.5593435168266296,0.6172205209732056,outer_holdout_beta_B
weight_0155,grid,0.65,0.25,0.1,beta_B,7,0.5426694815857378,0.6502223266929149,0.5811788593152466,303,73,43,0.5357175043651036,0.5329922437667847,0.5520690679550171,outer_holdout_beta_B
weight_0156,grid,0.65,0.30000000000000004,0.05,beta_B,7,0.5139951780440998,0.6625302801773391,0.5671013183328454,310,93,36,0.47200383033071247,0.46366387605667114,0.5214826464653015,outer_holdout_beta_B
weight_0157,grid,0.7000000000000001,0.05,0.25,beta_B,7,0.6608298917543232,0.6095424183659477,0.614124332620315,260,37,86,0.7279002581323896,0.6793216466903687,0.7579047679901123,outer_holdout_beta_B
weight_0158,grid,0.7000000000000001,0.1,0.2,beta_B,7,0.6560872392141742,0.6314760402995698,0.6248970355655062,280,48,66,0.6598147749900818,0.639515221118927,0.7082667350769043,outer_holdout_beta_B
weight_0159,grid,0.7000000000000001,0.15000000000000002,0.15000000000000002,beta_B,7,0.6693735373614196,0.6386910475145768,0.636919725100061,275,39,71,0.6460098709378924,0.6088836193084717,0.6531499624252319,outer_holdout_beta_B
weight_0160,grid,0.7000000000000001,0.2,0.1,beta_B,7,0.6379354772211915,0.6593174799057151,0.6291251063881899,288,57,58,0.5806773560387748,0.562386691570282,0.5863310694694519,outer_holdout_beta_B
weight_0161,grid,0.7000000000000001,0.25,0.05,beta_B,7,0.5211782802107695,0.6426338367514839,0.5614410884479214,298,85,48,0.510979733296803,0.46492964029312134,0.5287761688232422,outer_holdout_beta_B
weight_0162,grid,0.75,0.05,0.2,beta_B,7,0.6534041534074728,0.6131584102172337,0.6124211880539604,267,45,79,0.7045520118304661,0.6639621257781982,0.7514423131942749,outer_holdout_beta_B
weight_0163,grid,0.75,0.1,0.15000000000000002,beta_B,7,0.6620214790251658,0.624838233661763,0.6239189428252769,267,40,79,0.6785164049693516,0.6206986904144287,0.6960573196411133,outer_holdout_beta_B
weight_0164,grid,0.75,0.15000000000000002,0.1,beta_B,7,0.6345053839611797,0.6549035931388872,0.6230574094478177,284,58,62,0.6047089781079974,0.5910739302635193,0.6441446542739868,outer_holdout_beta_B
weight_0165,grid,0.75,0.2,0.05,beta_B,7,0.5928116480964919,0.6671717171717172,0.5994403798063421,290,83,56,0.5406592530863625,0.47717729210853577,0.5777590870857239,outer_holdout_beta_B
weight_0166,grid,0.8,0.05,0.15000000000000002,beta_B,7,0.643549851742031,0.6133960810431399,0.6051074948072087,261,43,85,0.6964950050626483,0.6477982997894287,0.7335032224655151,outer_holdout_beta_B
weight_0167,grid,0.8,0.1,0.1,beta_B,7,0.6543577959435388,0.6240233622586564,0.6183430852269971,267,44,79,0.6664761560303825,0.6058536767959595,0.6819605827331543,outer_holdout_beta_B
weight_0168,grid,0.8,0.15000000000000002,0.05,beta_B,7,0.654122163613855,0.6238473477969276,0.6219983871256215,271,44,75,0.6338633213724408,0.6195201873779297,0.6371762752532959,outer_holdout_beta_B
weight_0169,grid,0.8500000000000001,0.05,0.1,beta_B,7,0.6569161423168391,0.6176232264467558,0.6176950027211895,264,42,82,0.7037013598850795,0.6538168787956238,0.7172242999076843,outer_holdout_beta_B
weight_0170,grid,0.8500000000000001,0.1,0.05,beta_B,7,0.714020723428398,0.6199829582182523,0.6178532510812813,265,48,81,0.6597018837928772,0.5904657244682312,0.6713703870773315,outer_holdout_beta_B
weight_0171,grid,0.9,0.05,0.05,beta_B,7,0.7123833078477498,0.6018070165128988,0.606699399044676,255,43,91,0.6949062091963631,0.6201782822608948,0.7175604104995728,outer_holdout_beta_B
weight_0001,grid,0.05,0.05,0.9,beta_C,7,0.7397824837088931,0.7862680829907721,0.7317689266622928,396,90,75,0.9370417765208653,0.9296267628669739,0.9401030540466309,outer_holdout_beta_C
weight_0002,grid,0.05,0.1,0.8500000000000001,beta_C,7,0.6471456882176715,0.7415101052075841,0.6725807549872436,374,109,97,0.9142530730792454,0.9104521870613098,0.9150007367134094,outer_holdout_beta_C
weight_0003,grid,0.05,0.15000000000000002,0.8,beta_C,7,0.5717856153566144,0.5465344571394991,0.5309487203990971,312,119,159,0.907437401158469,0.9014396071434021,0.9169080257415771,outer_holdout_beta_C
weight_0004,grid,0.05,0.2,0.75,beta_C,7,0.62085053626407,0.4473126257496006,0.4972149714085198,249,64,222,0.9077169980321612,0.9049077033996582,0.9096294641494751,outer_holdout_beta_C
weight_0005,grid,0.05,0.25,0.7000000000000001,beta_C,7,0.48294821625327033,0.4541055191307292,0.39187369753495854,239,231,232,0.891446053981781,0.8438960313796997,0.9073852896690369,outer_holdout_beta_C
weight_0006,grid,0.05,0.30000000000000004,0.65,beta_C,7,0.44199643621041257,0.40610378790210727,0.341651792590768,212,242,259,0.885817391531808,0.8365354537963867,0.9062255620956421,outer_holdout_beta_C
weight_0007,grid,0.05,0.35000000000000003,0.6000000000000001,beta_C,7,0.3612650010497833,0.6013783583363416,0.324346252292589,269,620,202,0.845498970576695,0.823493480682373,0.9049458503723145,outer_holdout_beta_C
weight_0008,grid,0.05,0.4,0.55,beta_C,7,0.3458571979856703,0.7116725869835114,0.3516292564187508,324,806,147,0.8125236119542804,0.7573099732398987,0.8934102058410645,outer_holdout_beta_C
weight_0009,grid,0.05,0.45,0.5,beta_C,7,0.2979341324926856,0.7874454415798953,0.3887339879044261,391,880,80,0.784549491746085,0.733985960483551,0.7930527925491333,outer_holdout_beta_C
weight_0010,grid,0.05,0.5,0.45,beta_C,7,0.2888478753421667,0.8166561002023187,0.38177906185831084,399,944,72,0.7545961482184274,0.6966210007667542,0.7817356586456299,outer_holdout_beta_C
weight_0011,grid,0.05,0.55,0.4,beta_C,7,0.2838250580437497,0.8380246476212863,0.3825374117053559,414,1034,57,0.7187907610620771,0.6755639314651489,0.7628418803215027,outer_holdout_beta_C
weight_0012,grid,0.05,0.6000000000000001,0.35000000000000003,beta_C,7,0.2824257204773009,0.8618232579745184,0.37964052703478346,415,1103,56,0.6922980121203831,0.6540828943252563,0.7516858577728271,outer_holdout_beta_C
weight_0013,grid,0.05,0.65,0.30000000000000004,beta_C,7,0.28599338961017595,0.8447836178760548,0.38200361437136277,408,1031,63,0.6992545042719159,0.6379086375236511,0.7192097902297974,outer_holdout_beta_C
weight_0014,grid,0.05,0.7000000000000001,0.25,beta_C,7,0.2807845233975355,0.8452881329688051,0.37943084922941245,416,1076,55,0.6746633734021869,0.6434876322746277,0.7121478915214539,outer_holdout_beta_C
weight_0015,grid,0.05,0.75,0.2,beta_C,7,0.28192734431914374,0.8628574394792882,0.3853914224962055,427,1068,44,0.6592899901526315,0.6478754281997681,0.6668049693107605,outer_holdout_beta_C
weight_0016,grid,0.05,0.8,0.15000000000000002,beta_C,7,0.2839475906501502,0.8534975183546611,0.3853725056401701,419,1047,52,0.6594739471163068,0.6502518653869629,0.6718720197677612,outer_holdout_beta_C
weight_0017,grid,0.05,0.8500000000000001,0.1,beta_C,7,0.28499466278475966,0.8478213569810208,0.3851955554427442,419,1047,52,0.6531415155955723,0.6157344579696655,0.6593760251998901,outer_holdout_beta_C
weight_0018,grid,0.05,0.9,0.05,beta_C,7,0.2778274297922992,0.8780072980241046,0.38083909260486987,427,1117,44,0.6230619294302804,0.5988447666168213,0.6435448527336121,outer_holdout_beta_C
weight_0019,grid,0.1,0.05,0.8500000000000001,beta_C,7,0.7274604039530236,0.7604880087233028,0.7326949221155964,395,54,76,0.9130080001694816,0.9099361300468445,0.9155642986297607,outer_holdout_beta_C
weight_0020,grid,0.1,0.1,0.8,beta_C,7,0.7397824837088931,0.7862680829907721,0.7317689266622928,396,90,75,0.8740835785865784,0.8592535853385925,0.8802061676979065,outer_holdout_beta_C
weight_0021,grid,0.1,0.15000000000000002,0.75,beta_C,7,0.6961332694775954,0.7726096741726993,0.7180099832832684,400,93,71,0.8473018663270133,0.8446667194366455,0.8558622002601624,outer_holdout_beta_C
weight_0022,grid,0.1,0.2,0.7000000000000001,beta_C,7,0.6471456882176715,0.7415101052075841,0.6725807549872436,374,109,97,0.8285061291285923,0.8209043741226196,0.8300014138221741,outer_holdout_beta_C
weight_0023,grid,0.1,0.25,0.65,beta_C,7,0.6116663242417234,0.6439223577542906,0.613849336648985,347,118,124,0.8170604365212577,0.8166834115982056,0.8186568021774292,outer_holdout_beta_C
weight_0024,grid,0.1,0.30000000000000004,0.6000000000000001,beta_C,7,0.5717856153566144,0.5465344571394991,0.5309487203990971,312,119,159,0.8148747767720904,0.8028792142868042,0.8338159918785095,outer_holdout_beta_C
weight_0025,grid,0.1,0.35000000000000003,0.55,beta_C,7,0.591168736752161,0.44091020277574905,0.4547732353743283,252,79,219,0.8214527283396039,0.791785717010498,0.8319541215896606,outer_holdout_beta_C
weight_0026,grid,0.1,0.4,0.5,beta_C,7,0.62085053626407,0.4473126257496006,0.4972149714085198,249,64,222,0.8154339960643223,0.8098154067993164,0.8192589282989502,outer_holdout_beta_C
weight_0027,grid,0.1,0.45,0.45,beta_C,7,0.58700517018642,0.4281073268468227,0.46075412993640413,240,85,231,0.8075479779924665,0.7955460548400879,0.8180404901504517,outer_holdout_beta_C
weight_0028,grid,0.1,0.5,0.4,beta_C,7,0.4844879225292216,0.4572801223053324,0.3941556707474626,240,232,231,0.7828921335084098,0.687792181968689,0.8147705793380737,outer_holdout_beta_C
weight_0029,grid,0.1,0.55,0.35000000000000003,beta_C,7,0.4664102603301376,0.43988315885794876,0.3785703192528643,236,241,235,0.7749272414616176,0.6718562841415405,0.7986980676651001,outer_holdout_beta_C
weight_0030,grid,0.1,0.6000000000000001,0.30000000000000004,beta_C,7,0.44330344205278543,0.40927839107671043,0.3434716668448462,213,245,258,0.7716348426682609,0.673071026802063,0.812451183795929,outer_holdout_beta_C
weight_0031,grid,0.1,0.65,0.25,beta_C,7,0.40638224396850325,0.5238537242402789,0.35064965802784237,264,471,207,0.7284268311091832,0.658627986907959,0.7902954816818237,outer_holdout_beta_C
weight_0032,grid,0.1,0.7000000000000001,0.2,beta_C,7,0.36453175704133123,0.6261882823059294,0.33071185592853386,275,639,196,0.6909979156085423,0.6469869613647461,0.8098915815353394,outer_holdout_beta_C
weight_0033,grid,0.1,0.75,0.15000000000000002,beta_C,7,0.3523238563335681,0.6871664675194087,0.35561556958083934,309,701,162,0.669589672769819,0.6302584409713745,0.7910614013671875,outer_holdout_beta_C
weight_0034,grid,0.1,0.8,0.1,beta_C,7,0.3465402903734432,0.6994234915411387,0.3512749090865689,315,759,156,0.6576177988733564,0.6151145696640015,0.7868204116821289,outer_holdout_beta_C
weight_0035,grid,0.1,0.8500000000000001,0.05,beta_C,7,0.3430395064709158,0.6575825612296201,0.332198799225333,291,738,180,0.653528766972678,0.6142500638961792,0.7825743556022644,outer_holdout_beta_C
weight_0036,grid,0.15000000000000002,0.05,0.8,beta_C,7,0.8113682775615063,0.7892616272616272,0.7816121519712201,389,48,82,0.8882841382707868,0.885337233543396,0.8991312980651855,outer_holdout_beta_C
weight_0037,grid,0.15000000000000002,0.1,0.75,beta_C,7,0.8063379570118171,0.785335055234215,0.777600542149291,394,52,77,0.852044131074633,0.8443601131439209,0.8551939725875854,outer_holdout_beta_C
weight_0038,grid,0.15000000000000002,0.15000000000000002,0.7000000000000001,beta_C,7,0.7397824837088931,0.7862680829907721,0.7317689266622928,396,90,75,0.8111253551074437,0.7888803482055664,0.8203092217445374,outer_holdout_beta_C
weight_0039,grid,0.15000000000000002,0.2,0.65,beta_C,7,0.6801392060168603,0.7979215201232008,0.7162263493212759,412,110,59,0.7733452490397862,0.7646662592887878,0.789804220199585,outer_holdout_beta_C
weight_0040,grid,0.15000000000000002,0.25,0.6000000000000001,beta_C,7,0.6775530212084834,0.7559096608340307,0.7008354534539035,394,99,77,0.7596793089594159,0.7566256523132324,0.7646817564964294,outer_holdout_beta_C
weight_0041,grid,0.15000000000000002,0.30000000000000004,0.55,beta_C,7,0.6464074084096243,0.7415101052075841,0.6721972187834445,374,110,97,0.7427592022078378,0.7313565611839294,0.7450021505355835,outer_holdout_beta_C
weight_0042,grid,0.15000000000000002,0.35000000000000003,0.5,beta_C,7,0.6143666889377328,0.7080327776798364,0.63311568648577,362,131,109,0.7241854752813067,0.7164047360420227,0.7256577014923096,outer_holdout_beta_C
weight_0043,grid,0.15000000000000002,0.4,0.45,beta_C,7,0.5714874390605643,0.5755731756572092,0.5478495838405879,334,125,137,0.7251348921230861,0.7184961438179016,0.7619631290435791,outer_holdout_beta_C
weight_0044,grid,0.15000000000000002,0.45,0.4,beta_C,7,0.5631062844791689,0.5397317360510637,0.5223705150353883,311,120,160,0.7224397914750236,0.7043187618255615,0.7516175508499146,outer_holdout_beta_C
weight_0045,grid,0.15000000000000002,0.5,0.35000000000000003,beta_C,7,0.5861892966675512,0.486515783003178,0.48430696184834504,269,104,202,0.728220956666129,0.6886905431747437,0.7451849579811096,outer_holdout_beta_C
weight_0046,grid,0.15000000000000002,0.55,0.30000000000000004,beta_C,7,0.5733457616820684,0.45343400017349594,0.46130579850423975,256,93,215,0.7264840347426278,0.6743563413619995,0.7402010560035706,outer_holdout_beta_C
weight_0047,grid,0.15000000000000002,0.6000000000000001,0.25,beta_C,7,0.6118595330551868,0.4614031104283205,0.5033261339220642,259,75,212,0.7201728820800781,0.7147231101989746,0.7288884520530701,outer_holdout_beta_C
weight_0048,grid,0.15000000000000002,0.65,0.2,beta_C,7,0.5744369200970639,0.46190072299316,0.48175531320576953,263,102,208,0.7058108448982239,0.6986052989959717,0.72493577003479,outer_holdout_beta_C
weight_0049,grid,0.15000000000000002,0.7000000000000001,0.15000000000000002,beta_C,7,0.5961427328037618,0.4348288667448331,0.4831013520909347,249,76,222,0.7088832684925624,0.7088192701339722,0.709267258644104,outer_holdout_beta_C
weight_0050,grid,0.15000000000000002,0.75,0.1,beta_C,7,0.4962570410804271,0.4470948827083281,0.41103786867978576,238,166,233,0.6873862147331238,0.6167206168174744,0.7221559286117554,outer_holdout_beta_C
weight_0051,grid,0.15000000000000002,0.8,0.05,beta_C,7,0.47547467931698945,0.4448635901913213,0.40195350442528455,241,179,230,0.6799610342298236,0.610525369644165,0.7081189751625061,outer_holdout_beta_C
weight_0052,grid,0.2,0.05,0.75,beta_C,7,0.8019378366503803,0.7871775936481819,0.7754914436314891,390,52,81,0.8647047536713737,0.8601057529449463,0.8726382255554199,outer_holdout_beta_C
weight_0053,grid,0.2,0.1,0.7000000000000001,beta_C,7,0.7274604039530236,0.7604880087233028,0.7326949221155964,395,54,76,0.8260159237044198,0.819872260093689,0.8311285376548767,outer_holdout_beta_C
weight_0054,grid,0.2,0.15000000000000002,0.65,beta_C,7,0.8032768091917556,0.7935285871924528,0.7817001151447078,400,55,71,0.784925103187561,0.7841598987579346,0.7882684469223022,outer_holdout_beta_C
weight_0055,grid,0.2,0.2,0.6000000000000001,beta_C,7,0.7389975543525351,0.7862680829907721,0.7313681837465797,396,91,75,0.7481671742030552,0.7185071110725403,0.760412335395813,outer_holdout_beta_C
weight_0056,grid,0.2,0.25,0.55,beta_C,7,0.6809770987819768,0.8087415572289521,0.7229818658345272,417,109,54,0.7034876431737628,0.6937099695205688,0.732610821723938,outer_holdout_beta_C
weight_0057,grid,0.2,0.30000000000000004,0.5,beta_C,7,0.6953881837215469,0.7726096741726993,0.7176184982083252,400,94,71,0.6946037581988743,0.6893333792686462,0.7117244601249695,outer_holdout_beta_C
weight_0058,grid,0.2,0.35000000000000003,0.45,beta_C,7,0.6793639962585984,0.7775506472985464,0.712275803963917,391,105,80,0.6714475154876709,0.6701197624206543,0.6735490560531616,outer_holdout_beta_C
weight_0059,grid,0.2,0.4,0.4,beta_C,7,0.6473217526419408,0.7446847083821873,0.6739279214487267,375,110,96,0.657012266772134,0.6418087482452393,0.6600028276443481,outer_holdout_beta_C
weight_0060,grid,0.2,0.45,0.35000000000000003,beta_C,7,0.6324999111086128,0.738148760669769,0.6619306886512736,372,124,99,0.6365325621196202,0.6351994872093201,0.6379950642585754,outer_holdout_beta_C
weight_0061,grid,0.2,0.5,0.30000000000000004,beta_C,7,0.6162585781007429,0.6470969609288938,0.6187703173998369,348,118,123,0.6358780435153416,0.6333669424057007,0.649613082408905,outer_holdout_beta_C
weight_0062,grid,0.2,0.55,0.25,beta_C,7,0.5854828227353365,0.582514230867172,0.5667005392215381,329,119,142,0.6348639045442853,0.6201116442680359,0.6574978232383728,outer_holdout_beta_C
weight_0063,grid,0.2,0.6000000000000001,0.2,beta_C,7,0.5604693848450517,0.5527187490380767,0.5258556768778945,318,127,153,0.6284078444753375,0.6057584285736084,0.6688234210014343,outer_holdout_beta_C
weight_0064,grid,0.2,0.65,0.15000000000000002,beta_C,7,0.5931423695256894,0.5061521466395417,0.5040495770418117,284,109,187,0.6368262682642255,0.6035332679748535,0.6650047302246094,outer_holdout_beta_C
weight_0065,grid,0.2,0.7000000000000001,0.1,beta_C,7,0.5740621409369261,0.4536086154741617,0.4472809657004418,256,114,215,0.6379295417240688,0.5829907655715942,0.6639082431793213,outer_holdout_beta_C
weight_0066,grid,0.2,0.75,0.05,beta_C,7,0.6258687186623416,0.47140701502046045,0.51000973994182,263,67,208,0.6400961535317558,0.6085618138313293,0.6460915207862854,outer_holdout_beta_C
weight_0067,grid,0.25,0.05,0.7000000000000001,beta_C,7,0.7897097622953139,0.7915568483803778,0.7712927331788526,393,55,78,0.8426529850278582,0.8342684507369995,0.8496255874633789,outer_holdout_beta_C
weight_0068,grid,0.25,0.1,0.65,beta_C,7,0.8144855500830496,0.792967254967255,0.7866671668096118,392,47,79,0.7992328916277204,0.7965697050094604,0.8152120113372803,outer_holdout_beta_C
weight_0069,grid,0.25,0.15000000000000002,0.6000000000000001,beta_C,7,0.8306208069717859,0.7813696947310393,0.7928632851976326,392,42,79,0.7703097973551069,0.7703033089637756,0.7703487277030945,outer_holdout_beta_C
weight_0070,grid,0.25,0.2,0.55,beta_C,7,0.8071438115391435,0.7665556646901185,0.7671017529037519,381,53,90,0.7352393865585327,0.7270222306251526,0.7535305619239807,outer_holdout_beta_C
weight_0071,grid,0.25,0.25,0.5,beta_C,7,0.7380029793073273,0.7862680829907721,0.7305571238387457,396,92,75,0.685575042452131,0.6481338739395142,0.7005153894424438,outer_holdout_beta_C
weight_0072,grid,0.25,0.30000000000000004,0.45,beta_C,7,0.681275074132217,0.7969917906556561,0.7138828314770388,404,110,67,0.6393955264772687,0.6245065331459045,0.6765828728675842,outer_holdout_beta_C
weight_0073,grid,0.25,0.35000000000000003,0.4,beta_C,7,0.6870481458049361,0.7853202129336584,0.7171262483051679,405,103,66,0.620868810585567,0.6131124496459961,0.6362647414207458,outer_holdout_beta_C
weight_0074,grid,0.25,0.4,0.35000000000000003,beta_C,7,0.6806308192466032,0.7518692567936266,0.7003151499086403,392,95,79,0.6093711086681911,0.6079962253570557,0.6151596307754517,outer_holdout_beta_C
weight_0075,grid,0.25,0.45,0.30000000000000004,beta_C,7,0.6766648525317648,0.7624131498753347,0.7025589050868045,384,104,87,0.5894726514816284,0.5871425867080688,0.5904568433761597,outer_holdout_beta_C
weight_0076,grid,0.25,0.5,0.25,beta_C,7,0.6342736866904428,0.7384600049810134,0.6584046767846441,370,118,101,0.5713585444859096,0.5522609353065491,0.5795482397079468,outer_holdout_beta_C
weight_0077,grid,0.25,0.55,0.2,beta_C,7,0.6089694173711148,0.7071230170389835,0.6257817359958944,367,136,104,0.5566486631120954,0.5443254709243774,0.6051942110061646,outer_holdout_beta_C
weight_0078,grid,0.25,0.6000000000000001,0.15000000000000002,beta_C,7,0.6002810986567019,0.6536476222190508,0.5803830331961016,341,132,130,0.5565589921815055,0.5226062536239624,0.6039540767669678,outer_holdout_beta_C
weight_0079,grid,0.25,0.65,0.1,beta_C,7,0.5867837974068364,0.6248928792962406,0.5833316386001809,348,133,123,0.5447386758668082,0.5361380577087402,0.5872790813446045,outer_holdout_beta_C
weight_0080,grid,0.25,0.7000000000000001,0.05,beta_C,7,0.5675561475126752,0.584491943164212,0.5469807287645873,336,131,135,0.5454897369657244,0.521668016910553,0.5943052768707275,outer_holdout_beta_C
weight_0081,grid,0.30000000000000004,0.05,0.65,beta_C,7,0.806598645708858,0.792699705523235,0.7824116436567223,394,48,77,0.8241670046533857,0.8150783181190491,0.8274883031845093,outer_holdout_beta_C
weight_0082,grid,0.30000000000000004,0.1,0.6000000000000001,beta_C,7,0.8113682775615063,0.7892616272616272,0.7816121519712201,389,48,82,0.7765682680266244,0.7706744074821472,0.7982625961303711,outer_holdout_beta_C
weight_0083,grid,0.30000000000000004,0.15000000000000002,0.55,beta_C,7,0.7267075528329754,0.7604880087233028,0.7323038161183014,395,55,76,0.7390239238739014,0.7298083901405334,0.7466928362846375,outer_holdout_beta_C
weight_0084,grid,0.30000000000000004,0.2,0.5,beta_C,7,0.8055672345216376,0.785335055234215,0.7772047452569348,394,53,77,0.7040882621492658,0.6887202858924866,0.7103879451751709,outer_holdout_beta_C
weight_0085,grid,0.30000000000000004,0.25,0.45,beta_C,7,0.8111624018181739,0.7748096329440868,0.7767049542406346,390,51,81,0.6726575749261039,0.668806791305542,0.6773931384086609,outer_holdout_beta_C
weight_0086,grid,0.30000000000000004,0.30000000000000004,0.4,beta_C,7,0.7367523780567259,0.7862680829907721,0.7294107393590279,396,93,75,0.6222507527896336,0.5777606964111328,0.6406185030937195,outer_holdout_beta_C
weight_0087,grid,0.30000000000000004,0.35000000000000003,0.35000000000000003,beta_C,7,0.6813020888907598,0.7937499605902968,0.7117516595573877,402,109,69,0.5813268678528922,0.5678081512451172,0.6297145485877991,outer_holdout_beta_C
weight_0088,grid,0.30000000000000004,0.4,0.30000000000000004,beta_C,7,0.6736553640844385,0.7867469169485977,0.7058471145224086,404,112,67,0.5541153379849025,0.5293325781822205,0.5796084403991699,outer_holdout_beta_C
weight_0089,grid,0.30000000000000004,0.45,0.25,beta_C,7,0.6845442323777505,0.7726096741726993,0.7093685892516429,400,103,71,0.5425086191722325,0.5382211208343506,0.5675866603851318,outer_holdout_beta_C
weight_0090,grid,0.30000000000000004,0.5,0.2,beta_C,7,0.6583736298985606,0.7527350576594275,0.6863486727928632,393,109,78,0.5216335909707206,0.519910991191864,0.5293635129928589,outer_holdout_beta_C
weight_0091,grid,0.30000000000000004,0.55,0.15000000000000002,beta_C,7,0.6466068704891021,0.7640938221442423,0.6807086850594789,385,123,86,0.5024643284933907,0.500586748123169,0.5072817802429199,outer_holdout_beta_C
weight_0092,grid,0.30000000000000004,0.6000000000000001,0.1,beta_C,7,0.6196886704038194,0.7466933663908453,0.6553433437767876,377,130,94,0.48435754435403006,0.4627131223678589,0.4929064214229584,outer_holdout_beta_C
weight_0093,grid,0.30000000000000004,0.65,0.05,beta_C,7,0.6156510402184445,0.744220910741919,0.6524627328113227,374,139,97,0.47283996854509625,0.4722384214401245,0.4732694625854492,outer_holdout_beta_C
weight_0094,grid,0.35000000000000003,0.05,0.6000000000000001,beta_C,7,0.8068993910579972,0.7883822452057746,0.7803175868255704,392,47,79,0.8062937259674072,0.7937339544296265,0.8095748424530029,outer_holdout_beta_C
weight_0095,grid,0.35000000000000003,0.1,0.55,beta_C,7,0.7999295015884876,0.7729927196986021,0.7641658834065838,379,52,92,0.7564477579934257,0.7427151203155518,0.7800612449645996,outer_holdout_beta_C
weight_0096,grid,0.35000000000000003,0.15000000000000002,0.5,beta_C,7,0.7326058475883387,0.7624294398412045,0.7363953802472548,396,52,75,0.7124520199639457,0.7026408910751343,0.7363194823265076,outer_holdout_beta_C
weight_0097,grid,0.35000000000000003,0.2,0.45,beta_C,7,0.8008418662974233,0.7832146993995733,0.7745125922188073,391,54,80,0.680253096989223,0.6573764085769653,0.686664342880249,outer_holdout_beta_C
weight_0098,grid,0.35000000000000003,0.25,0.4,beta_C,7,0.8073961947295603,0.7878815283689233,0.7805738356057732,396,53,75,0.6407799891063145,0.6340062618255615,0.645482063293457,outer_holdout_beta_C
weight_0099,grid,0.35000000000000003,0.30000000000000004,0.35000000000000003,beta_C,7,0.8021810042119649,0.7770953472298011,0.7729742735797928,392,52,79,0.614260366984776,0.6097939014434814,0.6162970066070557,outer_holdout_beta_C
weight_0100,grid,0.35000000000000003,0.35000000000000003,0.30000000000000004,beta_C,7,0.7526298749233062,0.7773724035068572,0.7378751377427258,392,79,79,0.570996173790523,0.5073874592781067,0.5829360485076904,outer_holdout_beta_C
weight_0101,grid,0.35000000000000003,0.4,0.25,beta_C,7,0.6768309775660661,0.7797667673129858,0.6977388127990082,394,111,77,0.5249720386096409,0.4957466125488281,0.5631320476531982,outer_holdout_beta_C
weight_0102,grid,0.35000000000000003,0.45,0.2,beta_C,7,0.6345571852819456,0.7907873209890016,0.6822197652193343,406,134,65,0.4852788874081203,0.4544042944908142,0.5205581784248352,outer_holdout_beta_C
weight_0103,grid,0.35000000000000003,0.5,0.15000000000000002,beta_C,7,0.6391543729211321,0.7864630700765155,0.6870977110693283,406,128,65,0.4678075185843876,0.4586711823940277,0.5025703310966492,outer_holdout_beta_C
weight_0104,grid,0.35000000000000003,0.55,0.1,beta_C,7,0.6275715967651452,0.7583821164829568,0.6668579452178651,397,128,74,0.4528875308377402,0.4239674508571625,0.4735963046550751,outer_holdout_beta_C
weight_0105,grid,0.35000000000000003,0.6000000000000001,0.05,beta_C,7,0.6303154454010408,0.7979500648744348,0.6837421029017667,399,139,72,0.4333392764840807,0.43321335315704346,0.4340948164463043,outer_holdout_beta_C
weight_0106,grid,0.4,0.05,0.55,beta_C,7,0.8134935134039251,0.7766630363100951,0.7777016395733122,386,44,85,0.7914179733821324,0.7744196653366089,0.7984485626220703,outer_holdout_beta_C
weight_0107,grid,0.4,0.1,0.5,beta_C,7,0.799413086913087,0.7757490222196105,0.7653486103867244,380,53,91,0.7320461188043866,0.7202115058898926,0.7632735967636108,outer_holdout_beta_C
weight_0108,grid,0.4,0.15000000000000002,0.45,beta_C,7,0.8070062583187066,0.7789168347991877,0.7726512400030986,383,50,88,0.6910730259759086,0.676849365234375,0.7158154249191284,outer_holdout_beta_C
weight_0109,grid,0.4,0.2,0.4,beta_C,7,0.7298714355675724,0.7622196104549045,0.7351951529771718,397,54,74,0.6501345293862479,0.6427013278007507,0.6622570753097534,outer_holdout_beta_C
weight_0110,grid,0.4,0.25,0.35000000000000003,beta_C,7,0.8156913826258068,0.782863625636735,0.7840765046394181,392,49,79,0.6240933452333722,0.6225454807281494,0.6266117691993713,outer_holdout_beta_C
weight_0111,grid,0.4,0.30000000000000004,0.30000000000000004,beta_C,7,0.7899419648959407,0.7726210241672427,0.758388017979178,385,60,86,0.5803149938583374,0.56854248046875,0.6066473722457886,outer_holdout_beta_C
weight_0112,grid,0.4,0.35000000000000003,0.25,beta_C,7,0.7824247587276393,0.7714354832842228,0.7586426433791361,392,59,79,0.5570795961788723,0.5533823370933533,0.5579178333282471,outer_holdout_beta_C
weight_0113,grid,0.4,0.4,0.2,beta_C,7,0.686919771964135,0.7601456340111803,0.6902902086655404,388,113,83,0.5032371665750232,0.43701422214508057,0.5476248264312744,outer_holdout_beta_C
weight_0114,grid,0.4,0.45,0.15000000000000002,beta_C,7,0.637924939606741,0.8031094377144796,0.6874117531256598,407,140,64,0.44957066008022856,0.4285675883293152,0.5055606365203857,outer_holdout_beta_C
weight_0115,grid,0.4,0.5,0.1,beta_C,7,0.6201436259466847,0.8084135714892017,0.6800384475925867,416,149,55,0.40636071137019564,0.3874199092388153,0.44577664136886597,outer_holdout_beta_C
weight_0116,grid,0.4,0.55,0.05,beta_C,7,0.6204758700052417,0.7890095432112239,0.673932660224963,408,144,63,0.3978205110345568,0.38127797842025757,0.42590025067329407,outer_holdout_beta_C
weight_0117,grid,0.45,0.05,0.5,beta_C,7,0.8151742278372992,0.7786486062956651,0.7816257357845278,390,46,81,0.7679211071559361,0.7637500762939453,0.7795450687408447,outer_holdout_beta_C
weight_0118,grid,0.45,0.1,0.45,beta_C,7,0.801761488558287,0.7830862601450838,0.7737924293084509,387,50,84,0.7157888923372541,0.6993720531463623,0.7281900644302368,outer_holdout_beta_C
weight_0119,grid,0.45,0.15000000000000002,0.4,beta_C,7,0.8021719584495376,0.7724549045725516,0.7653453633580852,379,52,92,0.6708199637276786,0.6560115814208984,0.7017683982849121,outer_holdout_beta_C
weight_0120,grid,0.45,0.2,0.35000000000000003,beta_C,7,0.7174365924776434,0.7561773390008684,0.7223105570478611,391,58,80,0.6306403790201459,0.6133797764778137,0.6544433832168579,outer_holdout_beta_C
weight_0121,grid,0.45,0.25,0.30000000000000004,beta_C,7,0.7231047656754223,0.7454686676535417,0.7229304238417563,390,56,81,0.6027711118970599,0.5964374542236328,0.6323795318603516,outer_holdout_beta_C
weight_0122,grid,0.45,0.30000000000000004,0.25,beta_C,7,0.6937051121026446,0.7426391237147539,0.702050519124606,390,70,81,0.5624164853777204,0.5330804586410522,0.5942906141281128,outer_holdout_beta_C
weight_0123,grid,0.45,0.35000000000000003,0.2,beta_C,7,0.7833046601922514,0.7370322917045607,0.7385789052987082,371,54,100,0.5511909212384906,0.529418408870697,0.5598999261856079,outer_holdout_beta_C
weight_0124,grid,0.45,0.4,0.15000000000000002,beta_C,7,0.6920053527410204,0.751874592261147,0.6860632900642322,379,107,92,0.488385409116745,0.36856892704963684,0.5330424904823303,outer_holdout_beta_C
weight_0125,grid,0.45,0.45,0.1,beta_C,7,0.6430260669146843,0.8042025294966472,0.6803452668350894,403,147,68,0.40964745197977337,0.36664098501205444,0.46092772483825684,outer_holdout_beta_C
weight_0126,grid,0.45,0.5,0.05,beta_C,7,0.6199745683026993,0.8036472528405302,0.6732253330811006,407,156,64,0.38165220618247986,0.3585137128829956,0.4514605700969696,outer_holdout_beta_C
weight_0127,grid,0.5,0.05,0.45,beta_C,7,0.7998522795297706,0.7378072515719575,0.7425971694316728,358,47,113,0.7579012768609183,0.7353339791297913,0.7834509611129761,outer_holdout_beta_C
weight_0128,grid,0.5,0.1,0.4,beta_C,7,0.7769244369574675,0.7789854198089492,0.7538938342124307,382,60,89,0.6923494594437736,0.6685369610786438,0.7222425937652588,outer_holdout_beta_C
weight_0129,grid,0.5,0.15000000000000002,0.35000000000000003,beta_C,7,0.7914932993847953,0.7452022095551508,0.7443130906407832,364,52,107,0.6681171911103385,0.6286761164665222,0.6908789873123169,outer_holdout_beta_C
weight_0130,grid,0.5,0.2,0.30000000000000004,beta_C,7,0.7166519837405915,0.7318731203437087,0.7091392143634118,378,55,93,0.6213427611759731,0.5964277982711792,0.6348476409912109,outer_holdout_beta_C
weight_0131,grid,0.5,0.25,0.25,beta_C,7,0.6890996931729868,0.7604880087233028,0.7071704582822445,395,71,76,0.5730539900915963,0.5496806502342224,0.6136223673820496,outer_holdout_beta_C
weight_0132,grid,0.5,0.30000000000000004,0.2,beta_C,7,0.771592775041051,0.7746470056554091,0.7528527145843288,388,65,83,0.5415678194590977,0.5406065583229065,0.5472444891929626,outer_holdout_beta_C
weight_0133,grid,0.5,0.35000000000000003,0.15000000000000002,beta_C,7,0.7283122883784311,0.7599115114577301,0.7239414612564101,381,78,90,0.5091296434402466,0.49132537841796875,0.5218157768249512,outer_holdout_beta_C
weight_0134,grid,0.5,0.4,0.1,beta_C,7,0.7011085238132025,0.7394151114991452,0.6860941550210438,370,99,101,0.4761945477553776,0.3326534926891327,0.5070611238479614,outer_holdout_beta_C
weight_0135,grid,0.5,0.45,0.05,beta_C,7,0.6541632813047363,0.7709275467762863,0.6707294508935816,388,140,83,0.4044886018548693,0.31703415513038635,0.4579278826713562,outer_holdout_beta_C
weight_0136,grid,0.55,0.05,0.4,beta_C,7,0.796293364054835,0.7405913955325721,0.7424933506968794,362,50,109,0.7392925194331578,0.7173973321914673,0.7654308080673218,outer_holdout_beta_C
weight_0137,grid,0.55,0.1,0.35000000000000003,beta_C,7,0.8040281119199115,0.7553215542627308,0.7547346952979347,366,51,105,0.6871916311127799,0.6706569194793701,0.7159098982810974,outer_holdout_beta_C
weight_0138,grid,0.55,0.15000000000000002,0.30000000000000004,beta_C,7,0.7900355111916609,0.7212096792096793,0.7274010456980775,352,52,119,0.6490895662988935,0.6119771599769592,0.684361457824707,outer_holdout_beta_C
weight_0139,grid,0.55,0.2,0.25,beta_C,7,0.7075068794685563,0.7197132018308489,0.6946934243663258,369,58,102,0.605434272970472,0.5681923627853394,0.6225213408470154,outer_holdout_beta_C
weight_0140,grid,0.55,0.25,0.2,beta_C,7,0.6757328589133912,0.7602109524462465,0.6969800879375764,395,80,76,0.545358419418335,0.5274798274040222,0.5783000588417053,outer_holdout_beta_C
weight_0141,grid,0.55,0.30000000000000004,0.15000000000000002,beta_C,7,0.6761951444333147,0.747777469962344,0.6924688831649435,390,80,81,0.5216456566538129,0.5156738758087158,0.5508995652198792,outer_holdout_beta_C
weight_0142,grid,0.55,0.35000000000000003,0.1,beta_C,7,0.678927813332738,0.7763490608364557,0.6895487500754571,391,126,80,0.45075287563460215,0.2610167860984802,0.4898574948310852,outer_holdout_beta_C
weight_0143,grid,0.55,0.4,0.05,beta_C,7,0.6213712736930778,0.7351751367213553,0.6353184937076343,382,128,89,0.42578794275011334,0.277586966753006,0.4772561490535736,outer_holdout_beta_C
weight_0144,grid,0.6000000000000001,0.05,0.35000000000000003,beta_C,7,0.7931446423267223,0.7302296265825678,0.7351442260056491,353,48,118,0.728366093976157,0.699028491973877,0.7494365572929382,outer_holdout_beta_C
weight_0145,grid,0.6000000000000001,0.1,0.30000000000000004,beta_C,7,0.7769454385034368,0.7408453637865404,0.7315487201491006,364,58,107,0.6662725039890834,0.6329635381698608,0.6931382417678833,outer_holdout_beta_C
weight_0146,grid,0.6000000000000001,0.15000000000000002,0.25,beta_C,7,0.7775246192331579,0.7470078287725348,0.7350176925555109,365,60,106,0.6272866640772138,0.5949989557266235,0.6558188199996948,outer_holdout_beta_C
weight_0147,grid,0.6000000000000001,0.2,0.2,beta_C,7,0.7578891160487579,0.7537699032993151,0.7254668801540893,367,66,104,0.5911591138158526,0.5413488149642944,0.6102685332298279,outer_holdout_beta_C
weight_0148,grid,0.6000000000000001,0.25,0.15000000000000002,beta_C,7,0.664975967615071,0.7421887132475369,0.6794893168979919,383,81,88,0.5292346818106515,0.4774826765060425,0.5515420436859131,outer_holdout_beta_C
weight_0149,grid,0.6000000000000001,0.30000000000000004,0.1,beta_C,7,0.6246977167407924,0.7659825142178083,0.653723005279692,396,132,75,0.4605872631072998,0.24571669101715088,0.5363468527793884,outer_holdout_beta_C
weight_0150,grid,0.6000000000000001,0.35000000000000003,0.05,beta_C,7,0.5802341784086206,0.7618062982768866,0.6165372374581278,394,157,77,0.39144851905958994,0.2297828644514084,0.5083900690078735,outer_holdout_beta_C
weight_0151,grid,0.65,0.05,0.30000000000000004,beta_C,7,0.7779318429532377,0.7352947314123786,0.727993396319378,354,55,117,0.7162882600511823,0.6759802103042603,0.7311046123504639,outer_holdout_beta_C
weight_0152,grid,0.65,0.1,0.25,beta_C,7,0.7901428187706101,0.7615885944121238,0.7454322658266845,365,57,106,0.6461473873683384,0.631838858127594,0.7256928086280823,outer_holdout_beta_C
weight_0153,grid,0.65,0.15000000000000002,0.2,beta_C,7,0.7633303717184627,0.7393174799057152,0.7206035351948891,358,63,113,0.6142747317041669,0.5713549256324768,0.645571768283844,outer_holdout_beta_C
weight_0154,grid,0.65,0.2,0.15000000000000002,beta_C,7,0.7308593673383232,0.7627558976970742,0.7099382337207869,370,85,101,0.5522543277059283,0.5079634189605713,0.5934461355209351,outer_holdout_beta_C
weight_0155,grid,0.65,0.25,0.1,beta_C,7,0.6516469775458286,0.7437403642109525,0.6678154384514724,382,96,89,0.5028023677212852,0.46811190247535706,0.5520690679550171,outer_holdout_beta_C
weight_0156,grid,0.65,0.30000000000000004,0.05,beta_C,7,0.6943593751620162,0.7947823810176751,0.7165901909322259,395,102,76,0.45193266017096384,0.42588990926742554,0.46366387605667114,outer_holdout_beta_C
weight_0157,grid,0.7000000000000001,0.05,0.25,beta_C,7,0.7692823377140365,0.7539097895568484,0.7263341475194943,361,64,110,0.681507238319942,0.6563619375228882,0.7554354071617126,outer_holdout_beta_C
weight_0158,grid,0.7000000000000001,0.1,0.2,beta_C,7,0.7889959971229322,0.7758943409531645,0.7617798165356157,382,56,89,0.6403143746512276,0.6375535726547241,0.6413286328315735,outer_holdout_beta_C
weight_0159,grid,0.7000000000000001,0.15000000000000002,0.15000000000000002,beta_C,7,0.7436925392626802,0.7280532408767703,0.6960792685510687,346,75,125,0.60080885887146,0.5470587015151978,0.6531499624252319,outer_holdout_beta_C
weight_0160,grid,0.7000000000000001,0.2,0.1,beta_C,7,0.7208365067878729,0.7666552924199984,0.7028954345921771,372,100,99,0.5128196094717298,0.484764963388443,0.5830281376838684,outer_holdout_beta_C
weight_0161,grid,0.7000000000000001,0.25,0.05,beta_C,7,0.7168915490431883,0.7770836092012564,0.7068425354116833,379,102,92,0.4778286133493696,0.44279712438583374,0.5229167342185974,outer_holdout_beta_C
weight_0162,grid,0.75,0.05,0.2,beta_C,7,0.7769673304280184,0.7504655997597175,0.7375416667508504,361,56,110,0.675582298210689,0.6535820364952087,0.694247841835022,outer_holdout_beta_C
weight_0163,grid,0.75,0.1,0.15000000000000002,beta_C,7,0.7647724321715493,0.7333397191044249,0.713494512160315,349,66,122,0.6358422381537301,0.6206986904144287,0.6960573196411133,outer_holdout_beta_C
weight_0164,grid,0.75,0.15000000000000002,0.1,beta_C,7,0.7242465219435539,0.7614951192598252,0.7017345720327685,367,96,104,0.5451742240360805,0.5181919932365417,0.6051988005638123,outer_holdout_beta_C
weight_0165,grid,0.75,0.2,0.05,beta_C,7,0.7126890142021721,0.7677981495628554,0.697359497790626,373,107,98,0.49128911750657217,0.45956429839134216,0.5598015189170837,outer_holdout_beta_C
weight_0166,grid,0.8,0.05,0.15000000000000002,beta_C,7,0.7453890651587313,0.740941790235908,0.7096310994270177,358,70,113,0.6622606090136937,0.6166136860847473,0.6794089078903198,outer_holdout_beta_C
weight_0167,grid,0.8,0.1,0.1,beta_C,7,0.7379118298839142,0.7252643434996376,0.6893156666363623,345,81,126,0.615334119115557,0.5691644549369812,0.6802189350128174,outer_holdout_beta_C
weight_0168,grid,0.8,0.15000000000000002,0.05,beta_C,7,0.7188146400977296,0.7411253713606654,0.6822558891804416,352,99,119,0.5412610684122358,0.5014793872833252,0.6371762752532959,outer_holdout_beta_C
weight_0169,grid,0.8500000000000001,0.05,0.1,beta_C,7,0.7328751919146087,0.6972649180884475,0.6685708092676697,334,83,137,0.6547987120492118,0.6003172397613525,0.7172242999076843,outer_holdout_beta_C
weight_0170,grid,0.8500000000000001,0.1,0.05,beta_C,7,0.7249529986075668,0.7284731347084288,0.6793096631147991,344,89,127,0.5988867197717939,0.5276765823364258,0.6712154150009155,outer_holdout_beta_C
weight_0171,grid,0.9,0.05,0.05,beta_C,7,0.7113978031165067,0.7339911722264664,0.6688546089600887,346,102,125,0.6145682249750409,0.5779406428337097,0.7051010727882385,outer_holdout_beta_C
weight_0001,grid,0.05,0.05,0.9,beta_D,7,0.63541284913099,0.6645199898141074,0.6236257904921498,359,67,67,0.9340825762067523,0.9296267628669739,0.9401030540466309,outer_holdout_beta_D
weight_0002,grid,0.05,0.1,0.8500000000000001,beta_D,7,0.5620040575486119,0.6206884432094516,0.5718457065955128,335,89,91,0.9143830622945514,0.910453200340271,0.9159096479415894,outer_holdout_beta_D
weight_0003,grid,0.05,0.15000000000000002,0.8,beta_D,7,0.49136160496812226,0.46428337488841687,0.4527882650289081,289,107,137,0.9067191226141793,0.9014396071434021,0.9145259261131287,outer_holdout_beta_D
weight_0004,grid,0.05,0.2,0.75,beta_D,7,0.5278580801524931,0.3889413499665601,0.4221864106273883,236,65,190,0.9064946004322597,0.9008475542068481,0.9092568159103394,outer_holdout_beta_D
weight_0005,grid,0.05,0.25,0.7000000000000001,beta_D,7,0.41363834561449603,0.3812539785144827,0.317583912133692,214,223,212,0.8920277186802456,0.8438960313796997,0.9076836109161377,outer_holdout_beta_D
weight_0006,grid,0.05,0.30000000000000004,0.65,beta_D,7,0.39303026786377254,0.32442990622822554,0.2715442557408561,171,234,255,0.8874209267752511,0.8365354537963867,0.9063305854797363,outer_holdout_beta_D
weight_0007,grid,0.05,0.35000000000000003,0.6000000000000001,beta_D,7,0.3892846907295021,0.45279948622805766,0.2424989866088283,167,638,259,0.8552445343562535,0.7784899473190308,0.9049458503723145,outer_holdout_beta_D
weight_0008,grid,0.05,0.4,0.55,beta_D,7,0.29989876236696356,0.5773036879087299,0.28144901927345434,275,899,151,0.815395074231284,0.7573099732398987,0.8934102058410645,outer_holdout_beta_D
weight_0009,grid,0.05,0.45,0.5,beta_D,7,0.29429801400139466,0.5832461376158855,0.27586646674937226,280,931,146,0.7964215959821429,0.733985960483551,0.8878982067108154,outer_holdout_beta_D
weight_0010,grid,0.05,0.5,0.45,beta_D,7,0.24254981547354196,0.7250048942653985,0.3180023690455363,372,1270,54,0.7201938714299884,0.6966210007667542,0.7801672220230103,outer_holdout_beta_D
weight_0011,grid,0.05,0.55,0.4,beta_D,7,0.24403924746860856,0.7359838312947556,0.3204938565642392,375,1277,51,0.7025116426604134,0.6755639314651489,0.7628418803215027,outer_holdout_beta_D
weight_0012,grid,0.05,0.6000000000000001,0.35000000000000003,beta_D,7,0.24225370293582354,0.7354113841340731,0.31907078214817636,374,1292,52,0.6852040035384042,0.6540828943252563,0.7516858577728271,outer_holdout_beta_D
weight_0013,grid,0.05,0.65,0.30000000000000004,beta_D,7,0.24437231848471336,0.7377541394180049,0.319983677228043,372,1218,54,0.6870226434298924,0.6281253695487976,0.7192097902297974,outer_holdout_beta_D
weight_0014,grid,0.05,0.7000000000000001,0.25,beta_D,7,0.24020316820673002,0.7162722599529322,0.31839017512434165,376,1231,50,0.6732337389673505,0.6447403430938721,0.7008877396583557,outer_holdout_beta_D
weight_0015,grid,0.05,0.75,0.2,beta_D,7,0.24091965730717896,0.7305653394224824,0.3219753007087996,384,1243,42,0.6561621172087533,0.6478754281997681,0.678466796875,outer_holdout_beta_D
weight_0016,grid,0.05,0.8,0.15000000000000002,beta_D,7,0.2420708209315053,0.7310303981732552,0.3203820125611719,378,1223,48,0.6557437351771763,0.6093888282775879,0.6718720197677612,outer_holdout_beta_D
weight_0017,grid,0.05,0.8500000000000001,0.1,beta_D,7,0.2435355908930922,0.7208372299968938,0.322760138305996,379,1199,47,0.6526724866458348,0.6157344579696655,0.6593760251998901,outer_holdout_beta_D
weight_0018,grid,0.05,0.9,0.05,beta_D,7,0.2385025100552342,0.7435311075479143,0.3192712509292158,384,1303,42,0.6204880390848432,0.5988447666168213,0.6435448527336121,outer_holdout_beta_D
weight_0019,grid,0.1,0.05,0.8500000000000001,beta_D,7,0.5236021440810871,0.6314601476954417,0.5389964397270071,357,93,69,0.9016611320631844,0.8742861151695251,0.918878972530365,outer_holdout_beta_D
weight_0020,grid,0.1,0.1,0.8,beta_D,7,0.63541284913099,0.6645199898141074,0.6236257904921498,359,67,67,0.8681651949882507,0.8592535853385925,0.8802061676979065,outer_holdout_beta_D
weight_0021,grid,0.1,0.15000000000000002,0.75,beta_D,7,0.608428344760284,0.6433167448797701,0.613419915891183,360,69,66,0.8466680645942688,0.8446667194366455,0.8558622002601624,outer_holdout_beta_D
weight_0022,grid,0.1,0.2,0.7000000000000001,beta_D,7,0.5620040575486119,0.6206884432094516,0.5718457065955128,335,89,91,0.8287661075592041,0.8209063410758972,0.8318192958831787,outer_holdout_beta_D
weight_0023,grid,0.1,0.25,0.65,beta_D,7,0.520513049848587,0.4915414053733381,0.4903767400631807,307,95,119,0.8216332197189331,0.8166834115982056,0.8425431847572327,outer_holdout_beta_D
weight_0024,grid,0.1,0.30000000000000004,0.6000000000000001,beta_D,7,0.49136160496812226,0.46428337488841687,0.4527882650289081,289,107,137,0.8134382281984601,0.8028792142868042,0.8290518522262573,outer_holdout_beta_D
weight_0025,grid,0.1,0.35000000000000003,0.55,beta_D,7,0.5188743644577888,0.3978263025489917,0.40561808944498884,235,69,191,0.8206563336508614,0.791785717010498,0.8302855491638184,outer_holdout_beta_D
weight_0026,grid,0.1,0.4,0.5,beta_D,7,0.5278580801524931,0.3889413499665601,0.4221864106273883,236,65,190,0.8129892093794686,0.8016951084136963,0.8185136318206787,outer_holdout_beta_D
weight_0027,grid,0.1,0.45,0.45,beta_D,7,0.4682310390339587,0.3677156401021947,0.3469545156402748,219,121,207,0.8024261508669172,0.7545877695083618,0.8169071674346924,outer_holdout_beta_D
weight_0028,grid,0.1,0.5,0.4,beta_D,7,0.41351692232234105,0.3812539785144827,0.317402831159004,214,224,212,0.7840554629053388,0.687792181968689,0.8153672814369202,outer_holdout_beta_D
weight_0029,grid,0.1,0.55,0.35000000000000003,beta_D,7,0.3958548984765687,0.35378792076271065,0.2879518090007907,198,238,228,0.7776449152401516,0.6745671033859253,0.8188949823379517,outer_holdout_beta_D
weight_0030,grid,0.1,0.6000000000000001,0.30000000000000004,beta_D,7,0.3926275472623764,0.32442990622822554,0.2709598022049122,171,237,255,0.7748418876102993,0.673071026802063,0.8126611709594727,outer_holdout_beta_D
weight_0031,grid,0.1,0.65,0.25,beta_D,7,0.38365785152536513,0.388049972436527,0.257306569202026,164,388,262,0.7549207465989249,0.6631287932395935,0.8129063248634338,outer_holdout_beta_D
weight_0032,grid,0.1,0.7000000000000001,0.2,beta_D,7,0.3942597441035178,0.44992141192141194,0.2501219480681157,166,588,260,0.7222235713686261,0.6391218900680542,0.8098915815353394,outer_holdout_beta_D
weight_0033,grid,0.1,0.75,0.15000000000000002,beta_D,7,0.3538939845406504,0.503046953046953,0.2587305059832103,228,690,198,0.6928012030465263,0.629286527633667,0.8068767786026001,outer_holdout_beta_D
weight_0034,grid,0.1,0.8,0.1,beta_D,7,0.2994479047748656,0.5984466905643376,0.28302755572530863,281,904,145,0.647327048437936,0.5434108972549438,0.7868204116821289,outer_holdout_beta_D
weight_0035,grid,0.1,0.8500000000000001,0.05,beta_D,7,0.29690748502781533,0.5506076276664512,0.2615915559808483,254,927,172,0.6416776009968349,0.5241266489028931,0.7853863835334778,outer_holdout_beta_D
weight_0036,grid,0.15000000000000002,0.05,0.8,beta_D,7,0.6979933100881782,0.6327723648900119,0.6456519390753123,335,36,91,0.8904760735375541,0.885337233543396,0.9005894660949707,outer_holdout_beta_D
weight_0037,grid,0.15000000000000002,0.1,0.75,beta_D,7,0.6326724388656676,0.6654937611408199,0.6145340741356092,357,79,69,0.8375194668769836,0.7933239340782166,0.8501728773117065,outer_holdout_beta_D
weight_0038,grid,0.15000000000000002,0.15000000000000002,0.7000000000000001,beta_D,7,0.63541284913099,0.6645199898141074,0.6236257904921498,359,67,67,0.802247771195003,0.7888803482055664,0.8203092217445374,outer_holdout_beta_D
weight_0039,grid,0.15000000000000002,0.2,0.65,beta_D,7,0.5945018468603375,0.6630942558841718,0.6134371125087942,370,83,56,0.772520933832441,0.7646662592887878,0.789804220199585,outer_holdout_beta_D
weight_0040,grid,0.15000000000000002,0.25,0.6000000000000001,beta_D,7,0.6028052273540995,0.6669255338499036,0.6213753656574263,357,76,69,0.756838287625994,0.7566256523132324,0.7581140995025635,outer_holdout_beta_D
weight_0041,grid,0.15000000000000002,0.30000000000000004,0.55,beta_D,7,0.5612657777405647,0.6206884432094516,0.5714621703917139,335,90,91,0.7431491698537555,0.7313595414161682,0.7477289438247681,outer_holdout_beta_D
weight_0042,grid,0.15000000000000002,0.35000000000000003,0.5,beta_D,7,0.5364937981268366,0.5529040595259083,0.5139793094969659,313,101,113,0.7330040676253182,0.7164047360420227,0.7624424695968628,outer_holdout_beta_D
weight_0043,grid,0.15000000000000002,0.4,0.45,beta_D,7,0.5039671373482252,0.4739858740699077,0.46852262149475754,302,103,124,0.7266198566981724,0.7184961438179016,0.7619631290435791,outer_holdout_beta_D
weight_0044,grid,0.15000000000000002,0.45,0.4,beta_D,7,0.4906670390960778,0.46428337488841687,0.4524274382055973,289,108,137,0.7201573252677917,0.7043187618255615,0.743577778339386,outer_holdout_beta_D
weight_0045,grid,0.15000000000000002,0.5,0.35000000000000003,beta_D,7,0.51648771426924,0.4117687522561472,0.4186402522128453,247,78,179,0.7286173105239868,0.6966084241867065,0.7455869913101196,outer_holdout_beta_D
weight_0046,grid,0.15000000000000002,0.55,0.30000000000000004,beta_D,7,0.4935838569201638,0.39357005459526473,0.38882988428603876,236,86,190,0.7243487749780927,0.675378680229187,0.7391060590744019,outer_holdout_beta_D
weight_0047,grid,0.15000000000000002,0.6000000000000001,0.25,beta_D,7,0.5269646074280344,0.3889413499665601,0.4218026622213039,236,66,190,0.7194838609014239,0.7025426626205444,0.7277705073356628,outer_holdout_beta_D
weight_0048,grid,0.15000000000000002,0.65,0.2,beta_D,7,0.5012445002719911,0.3756785007709378,0.3989482131705045,232,93,194,0.7079822591372898,0.6986052989959717,0.733712375164032,outer_holdout_beta_D
weight_0049,grid,0.15000000000000002,0.7000000000000001,0.15000000000000002,beta_D,7,0.4447748685849036,0.3837910157069821,0.3546696875245468,230,157,196,0.693119730268206,0.5984745025634766,0.709267258644104,outer_holdout_beta_D
weight_0050,grid,0.15000000000000002,0.75,0.1,beta_D,7,0.4255588039515287,0.36471953256827205,0.33129471405214855,210,155,216,0.6891312003135681,0.6167206168174744,0.7230509519577026,outer_holdout_beta_D
weight_0051,grid,0.15000000000000002,0.8,0.05,beta_D,7,0.4071272104593165,0.3526731140008451,0.31090108810420597,203,170,223,0.6825896842139108,0.610525369644165,0.7265195250511169,outer_holdout_beta_D
weight_0052,grid,0.2,0.05,0.75,beta_D,7,0.6862427985548286,0.6226211043858102,0.6314356939441748,328,41,98,0.8678280200277056,0.8601057529449463,0.8852729797363281,outer_holdout_beta_D
weight_0053,grid,0.2,0.1,0.7000000000000001,beta_D,7,0.5236021440810871,0.6314601476954417,0.5389964397270071,357,93,69,0.8033222556114197,0.7485722303390503,0.83775794506073,outer_holdout_beta_D
weight_0054,grid,0.2,0.15000000000000002,0.65,beta_D,7,0.6174946148842156,0.6674514896867837,0.6086864910522892,358,73,68,0.7705591065543038,0.7359888553619385,0.7849624156951904,outer_holdout_beta_D
weight_0055,grid,0.2,0.2,0.6000000000000001,beta_D,7,0.6221314958866396,0.6863687293099057,0.6288288874749756,372,79,54,0.7304119723183768,0.7185071110725403,0.760412335395813,outer_holdout_beta_D
weight_0056,grid,0.2,0.25,0.55,beta_D,7,0.5977246279823362,0.6722336207210157,0.6193953679442317,374,79,52,0.7025039536612374,0.6937099695205688,0.730754017829895,outer_holdout_beta_D
weight_0057,grid,0.2,0.30000000000000004,0.5,beta_D,7,0.6076870827382337,0.6433167448797701,0.6130282548019687,360,70,66,0.6933361206735883,0.6893333792686462,0.7117244601249695,outer_holdout_beta_D
weight_0058,grid,0.2,0.35000000000000003,0.45,beta_D,7,0.5981067963513483,0.6641020044381388,0.6175378902371056,355,81,71,0.6702412111418588,0.6701197624206543,0.6709699034690857,outer_holdout_beta_D
weight_0059,grid,0.2,0.4,0.4,beta_D,7,0.5612657777405647,0.6206884432094516,0.5714621703917139,335,90,91,0.6575322236333575,0.6418126821517944,0.6636385917663574,outer_holdout_beta_D
weight_0060,grid,0.2,0.45,0.35000000000000003,beta_D,7,0.5494033346218444,0.5866748377672747,0.5475882850231557,330,100,96,0.6435730627604893,0.6365066766738892,0.684482991695404,outer_holdout_beta_D
weight_0061,grid,0.2,0.5,0.30000000000000004,beta_D,7,0.5180952812956805,0.4915414053733381,0.48869688615818135,307,97,119,0.6432665416172573,0.6333669424057007,0.6850864291191101,outer_holdout_beta_D
weight_0062,grid,0.2,0.55,0.25,beta_D,7,0.5067569134690934,0.4660021714979698,0.46374797145684743,295,94,131,0.6400053330830165,0.6201116442680359,0.6829662919044495,outer_holdout_beta_D
weight_0063,grid,0.2,0.6000000000000001,0.2,beta_D,7,0.48783015966345367,0.45748065379998154,0.443438094460312,288,109,138,0.6284078444753375,0.6057584285736084,0.6688234210014343,outer_holdout_beta_D
weight_0064,grid,0.2,0.65,0.15000000000000002,beta_D,7,0.5083609906338635,0.432501352988748,0.4278553319104715,264,92,162,0.6355931333133152,0.6036869287490845,0.6622062921524048,outer_holdout_beta_D
weight_0065,grid,0.2,0.7000000000000001,0.1,beta_D,7,0.5151547139231869,0.3978263025489917,0.40269231270968825,235,74,191,0.6403601765632629,0.5835714340209961,0.6605710387229919,outer_holdout_beta_D
weight_0066,grid,0.2,0.75,0.05,beta_D,7,0.47434163019095715,0.3975364411498865,0.3794762407616211,239,112,187,0.625663527420589,0.5581746101379395,0.6460915207862854,outer_holdout_beta_D
weight_0067,grid,0.25,0.05,0.7000000000000001,beta_D,7,0.6735716345802946,0.6200237017884077,0.6207444564247208,325,44,101,0.8474599633898053,0.8342684507369995,0.8677810430526733,outer_holdout_beta_D
weight_0068,grid,0.25,0.1,0.65,beta_D,7,0.7015429371404366,0.6432006816712699,0.6552992565881983,342,35,84,0.8018960782459804,0.7965697050094604,0.8152120113372803,outer_holdout_beta_D
weight_0069,grid,0.25,0.15000000000000002,0.6000000000000001,beta_D,7,0.6361483176217819,0.6569722434428317,0.6117135683852416,350,75,76,0.752721769469125,0.6743689775466919,0.7711780071258545,outer_holdout_beta_D
weight_0070,grid,0.25,0.2,0.55,beta_D,7,0.6267075973914169,0.63861115355233,0.5954764456758117,337,67,89,0.717099836894444,0.6663267612457275,0.7535305619239807,outer_holdout_beta_D
weight_0071,grid,0.25,0.25,0.5,beta_D,7,0.6221314958866396,0.6863687293099057,0.6288288874749756,372,79,54,0.6630149398531232,0.6481338739395142,0.7005153894424438,outer_holdout_beta_D
weight_0072,grid,0.25,0.30000000000000004,0.45,beta_D,7,0.5989507908112559,0.6772756375277383,0.623092171538908,377,79,49,0.6324877228055682,0.6245065331459045,0.6637312173843384,outer_holdout_beta_D
weight_0073,grid,0.25,0.35000000000000003,0.4,beta_D,7,0.6039637717614762,0.6551614827749281,0.6159103850191422,364,75,62,0.6176722645759583,0.6131124496459961,0.6362647414207458,outer_holdout_beta_D
weight_0074,grid,0.25,0.4,0.35000000000000003,beta_D,7,0.5962152348310188,0.6280597329841028,0.59992904952254,353,70,73,0.6092264396803719,0.6069835424423218,0.6151596307754517,outer_holdout_beta_D
weight_0075,grid,0.25,0.45,0.30000000000000004,beta_D,7,0.5805359422483191,0.6386036260658111,0.5933305224760941,345,82,81,0.5877206240381513,0.5771225690841675,0.5904568433761597,outer_holdout_beta_D
weight_0076,grid,0.25,0.5,0.25,beta_D,7,0.5526410336292183,0.6241742906952991,0.5631665815465489,334,94,92,0.5717532805034092,0.5522658824920654,0.5795482397079468,outer_holdout_beta_D
weight_0077,grid,0.25,0.55,0.2,beta_D,7,0.5336798420815393,0.5833134932294596,0.5321442810139017,328,109,98,0.5565679328782218,0.5443254709243774,0.6051942110061646,outer_holdout_beta_D
weight_0078,grid,0.25,0.6000000000000001,0.15000000000000002,beta_D,7,0.5310554675529613,0.5299650825365111,0.4843131265179711,295,103,131,0.5640812686511448,0.5226062536239624,0.6039540767669678,outer_holdout_beta_D
weight_0079,grid,0.25,0.65,0.1,beta_D,7,0.4968875825106215,0.4802216774821817,0.4651595244848618,307,106,119,0.5478785974638802,0.5361380577087402,0.6092585325241089,outer_holdout_beta_D
weight_0080,grid,0.25,0.7000000000000001,0.05,beta_D,7,0.4936773925411874,0.4717001597841934,0.4564614208478696,300,105,126,0.5458886793681553,0.5207682847976685,0.5909521579742432,outer_holdout_beta_D
weight_0081,grid,0.30000000000000004,0.05,0.65,beta_D,7,0.6835047539298312,0.6073850463262228,0.615918478988024,313,40,113,0.8332777959959847,0.8150783181190491,0.8700152635574341,outer_holdout_beta_D
weight_0082,grid,0.30000000000000004,0.1,0.6000000000000001,beta_D,7,0.6979933100881782,0.6327723648900119,0.6456519390753123,335,36,91,0.7809521385601589,0.7706744074821472,0.8011789321899414,outer_holdout_beta_D
weight_0083,grid,0.30000000000000004,0.15000000000000002,0.55,beta_D,7,0.5211959287569323,0.6314601476954417,0.5371168594139686,357,95,69,0.7049833876746041,0.6228583455085754,0.756636917591095,outer_holdout_beta_D
weight_0084,grid,0.30000000000000004,0.2,0.5,beta_D,7,0.631927353109619,0.6654937611408199,0.614142589060666,357,80,69,0.6750389592988151,0.5866478681564331,0.7003457546234131,outer_holdout_beta_D
weight_0085,grid,0.30000000000000004,0.25,0.45,beta_D,7,0.6257152254470275,0.6481573720397249,0.6026020534898002,343,68,83,0.6536329984664917,0.5967482924461365,0.698112964630127,outer_holdout_beta_D
weight_0086,grid,0.30000000000000004,0.30000000000000004,0.4,beta_D,7,0.6300080174449619,0.6645199898141074,0.6197411083812409,359,70,67,0.6044955679348537,0.5777606964111328,0.6406185030937195,outer_holdout_beta_D
weight_0087,grid,0.30000000000000004,0.35000000000000003,0.35000000000000003,beta_D,7,0.5986758262644971,0.6789563097966459,0.6227672523991304,378,79,48,0.5724830968039376,0.5678081512451172,0.6005327701568604,outer_holdout_beta_D
weight_0088,grid,0.30000000000000004,0.4,0.30000000000000004,beta_D,7,0.5899133758709055,0.6517329113463567,0.6022111453644713,361,83,65,0.554944498198373,0.5293325781822205,0.5796084403991699,outer_holdout_beta_D
weight_0089,grid,0.30000000000000004,0.45,0.25,beta_D,7,0.6008707629899953,0.6424509440139693,0.6075052352143759,359,75,67,0.5425086191722325,0.5382211208343506,0.5675866603851318,outer_holdout_beta_D
weight_0090,grid,0.30000000000000004,0.5,0.2,beta_D,7,0.5856041240435171,0.6634969624213322,0.6059468585409858,354,82,72,0.5213514140674046,0.5132511854171753,0.523625373840332,outer_holdout_beta_D
weight_0091,grid,0.30000000000000004,0.55,0.15000000000000002,beta_D,7,0.5463687752510069,0.6470870194231539,0.5735171339957874,347,99,79,0.4953020470482962,0.4772597551345825,0.5018763542175293,outer_holdout_beta_D
weight_0092,grid,0.30000000000000004,0.6000000000000001,0.1,beta_D,7,0.5450360361814379,0.6243777734870172,0.5618749275235612,338,102,88,0.4847228867667062,0.46271902322769165,0.4954579174518585,outer_holdout_beta_D
weight_0093,grid,0.30000000000000004,0.65,0.05,beta_D,7,0.5432948250050866,0.6204113869323953,0.5611278381977397,335,108,91,0.4728849530220032,0.4722384214401245,0.4735843539237976,outer_holdout_beta_D
weight_0094,grid,0.35000000000000003,0.05,0.6000000000000001,beta_D,7,0.6840827531584596,0.604561516914458,0.6139932306777076,311,39,115,0.8167993681771415,0.7937339544296265,0.8541333675384521,outer_holdout_beta_D
weight_0095,grid,0.35000000000000003,0.1,0.55,beta_D,7,0.6873331235074576,0.6282681632093396,0.636132963496517,332,40,94,0.7574892640113831,0.7427151203155518,0.7862196564674377,outer_holdout_beta_D
weight_0096,grid,0.35000000000000003,0.15000000000000002,0.5,beta_D,7,0.6119365731428063,0.6298648018648019,0.6116498437198968,358,42,68,0.7068333285195487,0.6903465986251831,0.7363194823265076,outer_holdout_beta_D
weight_0097,grid,0.35000000000000003,0.2,0.45,beta_D,7,0.5263220511949643,0.6183834988540872,0.5346001081256935,346,88,80,0.6479517136301313,0.5554139018058777,0.7057962417602539,outer_holdout_beta_D
weight_0098,grid,0.35000000000000003,0.25,0.4,beta_D,7,0.6338193140417611,0.664627960275019,0.6141106177931918,356,79,70,0.6154977764402118,0.4989267587661743,0.6383358240127563,outer_holdout_beta_D
weight_0099,grid,0.35000000000000003,0.30000000000000004,0.35000000000000003,beta_D,7,0.6606948292277846,0.6158916657572119,0.609055534402866,340,59,86,0.6067456177302769,0.517447829246521,0.6435822248458862,outer_holdout_beta_D
weight_0100,grid,0.35000000000000003,0.35000000000000003,0.30000000000000004,beta_D,7,0.6262290579982958,0.6576445123503947,0.6126873050261772,352,67,74,0.5604329620088849,0.5073874592781067,0.5829360485076904,outer_holdout_beta_D
weight_0101,grid,0.35000000000000003,0.4,0.25,beta_D,7,0.5916341164334743,0.6606033686201753,0.6060230925881569,361,84,65,0.516999363899231,0.4974913001060486,0.5691165924072266,outer_holdout_beta_D
weight_0102,grid,0.35000000000000003,0.45,0.2,beta_D,7,0.5588175353010799,0.6368594710611518,0.5732622203784582,348,97,78,0.48970210552215576,0.4538462162017822,0.5667427778244019,outer_holdout_beta_D
weight_0103,grid,0.35000000000000003,0.5,0.15000000000000002,beta_D,7,0.5641645618967283,0.6588508130524937,0.5927455143524468,367,93,59,0.4645442920071738,0.4515102803707123,0.5025703310966492,outer_holdout_beta_D
weight_0104,grid,0.35000000000000003,0.55,0.1,beta_D,7,0.5532858824794309,0.634572592673433,0.5740008023607223,358,93,68,0.4528875308377402,0.4239674508571625,0.4735963046550751,outer_holdout_beta_D
weight_0105,grid,0.35000000000000003,0.6000000000000001,0.05,beta_D,7,0.5580050397573018,0.6677913347157044,0.5907715813598167,358,101,68,0.4333392764840807,0.43321335315704346,0.4340948164463043,outer_holdout_beta_D
weight_0106,grid,0.4,0.05,0.55,beta_D,7,0.6447885867946298,0.6020150437797496,0.5821547336475429,309,59,117,0.7879612956728254,0.6896905899047852,0.8399844765663147,outer_holdout_beta_D
weight_0107,grid,0.4,0.1,0.5,beta_D,7,0.6862427985548286,0.6226211043858102,0.6314356939441748,328,41,98,0.735656031540462,0.7202115058898926,0.7705458998680115,outer_holdout_beta_D
weight_0108,grid,0.4,0.15000000000000002,0.45,beta_D,7,0.6947613603595231,0.639234295116648,0.648181650186974,339,38,87,0.6910730259759086,0.676849365234375,0.7158154249191284,outer_holdout_beta_D
weight_0109,grid,0.4,0.2,0.4,beta_D,7,0.5182044939187797,0.6314601476954417,0.534549867378459,357,98,69,0.607489321913038,0.4971444606781006,0.67551589012146,outer_holdout_beta_D
weight_0110,grid,0.4,0.25,0.35000000000000003,beta_D,7,0.5961808016740798,0.6597957728545963,0.5838468097023511,352,92,74,0.5789999280657087,0.46769285202026367,0.6247293949127197,outer_holdout_beta_D
weight_0111,grid,0.4,0.30000000000000004,0.30000000000000004,beta_D,7,0.6338073436896892,0.6464638946487685,0.608325929351708,346,69,80,0.5621957353183201,0.47197777032852173,0.611851692199707,outer_holdout_beta_D
weight_0112,grid,0.4,0.35000000000000003,0.25,beta_D,7,0.6484904825301854,0.6323334424678962,0.6094628002002767,340,64,86,0.5427626286234174,0.4430083632469177,0.587525486946106,outer_holdout_beta_D
weight_0113,grid,0.4,0.4,0.2,beta_D,7,0.584229186054877,0.6576628469569645,0.5919521109235634,353,89,73,0.47922605701855253,0.43701422214508057,0.5487116575241089,outer_holdout_beta_D
weight_0114,grid,0.4,0.45,0.15000000000000002,beta_D,7,0.5768585369251832,0.6851411837462258,0.6105469549658017,382,98,44,0.43956659521375385,0.4285675883293152,0.5055606365203857,outer_holdout_beta_D
weight_0115,grid,0.4,0.5,0.1,beta_D,7,0.5486738485160253,0.672771435847066,0.5873387981262089,374,109,52,0.40282600266592844,0.3874199092388153,0.44577664136886597,outer_holdout_beta_D
weight_0116,grid,0.4,0.55,0.05,beta_D,7,0.5515683069800316,0.6588508130524937,0.5838227701150728,367,101,59,0.3987138569355011,0.3875313997268677,0.42590025067329407,outer_holdout_beta_D
weight_0117,grid,0.45,0.05,0.5,beta_D,7,0.6886584445876067,0.617410001762943,0.6286414160697315,322,37,104,0.7791488000324794,0.7551941871643066,0.7977747321128845,outer_holdout_beta_D
weight_0118,grid,0.45,0.1,0.45,beta_D,7,0.6844294007063729,0.6259315194609313,0.6321564585353293,329,41,97,0.7160329137529645,0.6993720531463623,0.7472900152206421,outer_holdout_beta_D
weight_0119,grid,0.45,0.15000000000000002,0.4,beta_D,7,0.6918962692264801,0.6327723648900119,0.6420960636381973,335,39,91,0.6714282035827637,0.6560115814208984,0.7017683982849121,outer_holdout_beta_D
weight_0120,grid,0.45,0.2,0.35000000000000003,beta_D,7,0.566005177088921,0.6299893048128341,0.5682785732606468,355,81,71,0.6040346963065011,0.4457676410675049,0.6514604091644287,outer_holdout_beta_D
weight_0121,grid,0.45,0.25,0.30000000000000004,beta_D,7,0.5207150074961903,0.621257957728546,0.5309077401808331,349,96,77,0.5550435015133449,0.4312976002693176,0.6285659670829773,outer_holdout_beta_D
weight_0122,grid,0.45,0.30000000000000004,0.25,beta_D,7,0.5495726887999511,0.6279643493761141,0.5559094745194143,353,92,73,0.5262853162629264,0.3799717426300049,0.5942906141281128,outer_holdout_beta_D
weight_0123,grid,0.45,0.35000000000000003,0.2,beta_D,7,0.6199673252582778,0.6195719742442432,0.5902816468656596,334,68,92,0.5292723604610988,0.40235745906829834,0.5598999261856079,outer_holdout_beta_D
weight_0124,grid,0.45,0.4,0.15000000000000002,beta_D,7,0.606027105463809,0.5932778202189967,0.5684065043907699,332,78,94,0.4923617286341531,0.36856892704963684,0.5333578586578369,outer_holdout_beta_D
weight_0125,grid,0.45,0.45,0.1,beta_D,7,0.5582955088389872,0.6880494015788133,0.5920227469607785,373,115,53,0.39729911514690947,0.36664098501205444,0.46092772483825684,outer_holdout_beta_D
weight_0126,grid,0.45,0.5,0.05,beta_D,7,0.5486634703706345,0.6868218560151333,0.5934760117929943,383,112,43,0.36837408372334074,0.3585137128829956,0.4271026849746704,outer_holdout_beta_D
weight_0127,grid,0.5,0.05,0.45,beta_D,7,0.673348181736881,0.6156784000313412,0.6176690543330263,320,42,106,0.7596248643738883,0.7307761907577515,0.782697319984436,outer_holdout_beta_D
weight_0128,grid,0.5,0.1,0.4,beta_D,7,0.6669986765605852,0.6200237017884077,0.616312415585349,325,47,101,0.6949199863842556,0.6685369610786438,0.7355622053146362,outer_holdout_beta_D
weight_0129,grid,0.5,0.15000000000000002,0.35000000000000003,beta_D,7,0.6750188255827353,0.6163506689389041,0.6207297615275003,322,43,104,0.669033978666578,0.6286761164665222,0.6972965002059937,outer_holdout_beta_D
weight_0130,grid,0.5,0.2,0.30000000000000004,beta_D,7,0.5982432606807054,0.6048889933595815,0.5849484492044709,338,47,88,0.6177842617034912,0.5715183019638062,0.6348476409912109,outer_holdout_beta_D
weight_0131,grid,0.5,0.25,0.25,beta_D,7,0.512839731715306,0.6280315762668705,0.5275383212579446,354,106,72,0.5147419912474496,0.37143057584762573,0.6136223673820496,outer_holdout_beta_D
weight_0132,grid,0.5,0.30000000000000004,0.2,beta_D,7,0.5177251130433076,0.6178966131907309,0.5256773904269844,347,102,79,0.4909276195934841,0.34873783588409424,0.5696808099746704,outer_holdout_beta_D
weight_0133,grid,0.5,0.35000000000000003,0.15000000000000002,beta_D,7,0.5660833237314222,0.6513924115100586,0.5647228759836739,347,108,79,0.4528665031705584,0.29225069284439087,0.5194641351699829,outer_holdout_beta_D
weight_0134,grid,0.5,0.4,0.1,beta_D,7,0.5800558922342552,0.6360137509549275,0.5673809070099749,334,89,92,0.45135222162519184,0.3326534926891327,0.5070611238479614,outer_holdout_beta_D
weight_0135,grid,0.5,0.45,0.05,beta_D,7,0.5659476603093878,0.655982174688057,0.5747328492123414,352,107,74,0.37077038628714426,0.31703415513038635,0.4579278826713562,outer_holdout_beta_D
weight_0136,grid,0.55,0.05,0.4,beta_D,7,0.6418809884375761,0.6093407376936789,0.5876230178681159,313,61,113,0.7305153438023159,0.5999398231506348,0.7690816521644592,outer_holdout_beta_D
weight_0137,grid,0.55,0.1,0.35000000000000003,beta_D,7,0.6923398002315998,0.6188136177547943,0.6318775524407919,323,39,103,0.687839823109763,0.6706569194793701,0.7159420251846313,outer_holdout_beta_D
weight_0138,grid,0.55,0.15000000000000002,0.30000000000000004,beta_D,7,0.6648311739757263,0.6083669663669663,0.6066445520936643,315,44,111,0.6584189789635795,0.5986600518226624,0.684361457824707,outer_holdout_beta_D
weight_0139,grid,0.55,0.2,0.25,beta_D,7,0.5872481059839764,0.5927290748467219,0.5698087361532135,329,49,97,0.6025896668434143,0.5482801198959351,0.6225213408470154,outer_holdout_beta_D
weight_0140,grid,0.55,0.25,0.2,beta_D,7,0.5142681159217541,0.6376450216450217,0.534479307467076,361,108,65,0.4844409397670201,0.32099711894989014,0.5848137140274048,outer_holdout_beta_D
weight_0141,grid,0.55,0.30000000000000004,0.15000000000000002,beta_D,7,0.5066252680918925,0.6203921568627451,0.5173644890340006,348,114,78,0.45514510359082905,0.2835395336151123,0.5508995652198792,outer_holdout_beta_D
weight_0142,grid,0.55,0.35000000000000003,0.1,beta_D,7,0.5574930956617471,0.649921568627451,0.5568164302537791,345,114,81,0.4230934849807194,0.2610167860984802,0.49119818210601807,outer_holdout_beta_D
weight_0143,grid,0.55,0.4,0.05,beta_D,7,0.5647723983246401,0.6474097275273747,0.5627807994741618,344,109,82,0.376682311296463,0.277586966753006,0.4697292745113373,outer_holdout_beta_D
weight_0144,grid,0.6000000000000001,0.05,0.35000000000000003,beta_D,7,0.6759750327277636,0.5928029225676285,0.6010729770476332,299,40,127,0.740266570023128,0.699028491973877,0.7830415964126587,outer_holdout_beta_D
weight_0145,grid,0.6000000000000001,0.1,0.30000000000000004,beta_D,7,0.6602087471792222,0.5904255352490646,0.5889671774687472,300,46,126,0.6914676598140171,0.6301566362380981,0.7400306463241577,outer_holdout_beta_D
weight_0146,grid,0.6000000000000001,0.15000000000000002,0.25,beta_D,7,0.6550320727951638,0.6026526806526807,0.5952064361850915,310,50,116,0.6356792875698635,0.5803173184394836,0.6743462085723877,outer_holdout_beta_D
weight_0147,grid,0.6000000000000001,0.2,0.2,beta_D,7,0.6449168275662653,0.6236111731405849,0.6029584965189452,326,56,100,0.5883376513208661,0.5215940475463867,0.6102730631828308,outer_holdout_beta_D
weight_0148,grid,0.6000000000000001,0.25,0.15000000000000002,beta_D,7,0.5359578226394793,0.6143498854087089,0.5356937549337204,342,100,84,0.4953061214515141,0.2658468782901764,0.5515420436859131,outer_holdout_beta_D
weight_0149,grid,0.6000000000000001,0.30000000000000004,0.1,beta_D,7,0.5015684650401122,0.6262999745352688,0.517668267178918,352,121,74,0.424083948135376,0.24571669101715088,0.5235164165496826,outer_holdout_beta_D
weight_0150,grid,0.6000000000000001,0.35000000000000003,0.05,beta_D,7,0.5411033980453923,0.6693929208046855,0.5571366786261988,359,130,67,0.3630863364253725,0.19564849138259888,0.43746280670166016,outer_holdout_beta_D
weight_0151,grid,0.65,0.05,0.30000000000000004,beta_D,7,0.6608251686418802,0.5852144326261973,0.5854088862490182,294,46,132,0.7268100295748029,0.6759802103042603,0.7678700685501099,outer_holdout_beta_D
weight_0152,grid,0.65,0.1,0.25,beta_D,7,0.6552246603970742,0.5933346261581555,0.5863178456809359,304,51,122,0.6548658353941781,0.6089531183242798,0.7256928086280823,outer_holdout_beta_D
weight_0153,grid,0.65,0.15000000000000002,0.2,beta_D,7,0.6171039199315734,0.612113572701808,0.5652151896082626,314,86,112,0.5884089810507638,0.35809844732284546,0.6493051648139954,outer_holdout_beta_D
weight_0154,grid,0.65,0.2,0.15000000000000002,beta_D,7,0.6352829738605601,0.6265874909404321,0.5987790794319395,331,68,95,0.5319866963795253,0.5079634189605713,0.5962586998939514,outer_holdout_beta_D
weight_0155,grid,0.65,0.25,0.1,beta_D,7,0.5575765260952513,0.6452666157372039,0.5529024994284859,340,114,86,0.4340483844280243,0.2574639618396759,0.5329922437667847,outer_holdout_beta_D
weight_0156,grid,0.65,0.30000000000000004,0.05,beta_D,7,0.5452491634951853,0.6614601476954418,0.5534450767006478,353,132,73,0.37923004371779306,0.1962265968322754,0.46366387605667114,outer_holdout_beta_D
weight_0157,grid,0.7000000000000001,0.05,0.25,beta_D,7,0.6618512124848815,0.5748757516992811,0.5784267933931598,283,40,143,0.7037585633141654,0.6552866697311401,0.7555444240570068,outer_holdout_beta_D
weight_0158,grid,0.7000000000000001,0.1,0.2,beta_D,7,0.6017867986355381,0.5982403870639165,0.5422490502363758,304,84,122,0.6043583835874285,0.44223326444625854,0.7082667350769043,outer_holdout_beta_D
weight_0159,grid,0.7000000000000001,0.15000000000000002,0.15000000000000002,beta_D,7,0.5826650251120045,0.6054092182327476,0.5325614651143319,311,108,115,0.5331054585320609,0.32034897804260254,0.6531499624252319,outer_holdout_beta_D
weight_0160,grid,0.7000000000000001,0.2,0.1,beta_D,7,0.6308487370320831,0.6269727527374587,0.593251643071279,328,74,98,0.5125828768525805,0.4831078350543976,0.5830281376838684,outer_holdout_beta_D
weight_0161,grid,0.7000000000000001,0.25,0.05,beta_D,7,0.5823867863593891,0.6542077922077922,0.5688107492266624,345,108,81,0.419351475579398,0.27818694710731506,0.5229167342185974,outer_holdout_beta_D
weight_0162,grid,0.75,0.05,0.2,beta_D,7,0.6177458269682606,0.5840371785077666,0.5416547101688968,292,85,134,0.6499746101243156,0.3864213228225708,0.7540925145149231,outer_holdout_beta_D
weight_0163,grid,0.75,0.1,0.15000000000000002,beta_D,7,0.5913996487086187,0.5970975299210594,0.5334694685132596,303,94,123,0.5826976299285889,0.4094562828540802,0.6960573196411133,outer_holdout_beta_D
weight_0164,grid,0.75,0.15000000000000002,0.1,beta_D,7,0.5859949939567988,0.6263840081487141,0.5531104890084274,327,105,99,0.4968644976615906,0.35819488763809204,0.6033432483673096,outer_holdout_beta_D
weight_0165,grid,0.75,0.2,0.05,beta_D,7,0.6288794903926483,0.6281156098803157,0.5925975930287211,329,76,97,0.49042515669550213,0.45956429839134216,0.5619880557060242,outer_holdout_beta_D
weight_0166,grid,0.8,0.05,0.15000000000000002,beta_D,7,0.6063600057807036,0.5862047364400305,0.5363182866962032,292,90,134,0.6402852705546788,0.34896695613861084,0.7317885160446167,outer_holdout_beta_D
weight_0167,grid,0.8,0.1,0.1,beta_D,7,0.5871741393322305,0.5974255156608097,0.5306568761107683,304,100,122,0.5610733755997249,0.3793811798095703,0.6802189350128174,outer_holdout_beta_D
weight_0168,grid,0.8,0.15000000000000002,0.05,beta_D,7,0.5806827499250231,0.6014428316781258,0.5293737954287826,308,109,118,0.4909543054444449,0.3260844945907593,0.6371762752532959,outer_holdout_beta_D
weight_0169,grid,0.8500000000000001,0.05,0.1,beta_D,7,0.6112453994806936,0.5792783295136237,0.5336347125840577,284,85,142,0.6253723459584373,0.31151261925697327,0.71823650598526,outer_holdout_beta_D
weight_0170,grid,0.8500000000000001,0.1,0.05,beta_D,7,0.5993916609706084,0.5934591291061879,0.5378969945466109,301,97,125,0.5656232110091618,0.3493061363697052,0.6715381741523743,outer_holdout_beta_D
weight_0171,grid,0.9,0.05,0.05,beta_D,7,0.5572677513132152,0.5943086325439266,0.5159317952049338,302,110,124,0.5564099379948207,0.38130244612693787,0.7051010727882385,outer_holdout_beta_D
weight_0001,grid,0.05,0.05,0.9,beta_E,7,0.616227378144792,0.6513020965962142,0.6015793230426739,372,87,78,0.9375203507287162,0.9296267628669739,0.9434530735015869,outer_holdout_beta_E
weight_0002,grid,0.05,0.1,0.8500000000000001,beta_E,7,0.5429403697266387,0.6394692888810536,0.5681589862797606,359,110,91,0.9140764474868774,0.9092158079147339,0.9150007367134094,outer_holdout_beta_E
weight_0003,grid,0.05,0.15000000000000002,0.8,beta_E,7,0.5238556562189537,0.46644462726815666,0.46578585668265626,276,82,174,0.9120833277702332,0.9008641839027405,0.9169080257415771,outer_holdout_beta_E
weight_0004,grid,0.05,0.2,0.75,beta_E,7,0.5653265974694547,0.41346437875849634,0.45515667810489846,243,63,207,0.9082137857164655,0.9008475542068481,0.9102914929389954,outer_holdout_beta_E
weight_0005,grid,0.05,0.25,0.7000000000000001,beta_E,7,0.44705078035583445,0.421852617970265,0.35608654561877445,232,233,218,0.8919851013592311,0.8438960313796997,0.9073852896690369,outer_holdout_beta_E
weight_0006,grid,0.05,0.30000000000000004,0.65,beta_E,7,0.4198734448734448,0.37881539375657025,0.3162770299231577,205,238,245,0.8869905131203788,0.8365354537963867,0.9083656072616577,outer_holdout_beta_E
weight_0007,grid,0.05,0.35000000000000003,0.6000000000000001,beta_E,7,0.35018434672415927,0.5419679274973392,0.30724824914514487,264,692,186,0.8433716808046613,0.8212248086929321,0.9050247669219971,outer_holdout_beta_E
weight_0008,grid,0.05,0.4,0.55,beta_E,7,0.33112531958203,0.630039933922287,0.3271097298614708,312,884,138,0.8118411728313991,0.7545084953308105,0.8934102058410645,outer_holdout_beta_E
weight_0009,grid,0.05,0.45,0.5,beta_E,7,0.2831024353513008,0.7058127885186708,0.364728181228806,379,955,71,0.784538209438324,0.7372983694076538,0.7930527925491333,outer_holdout_beta_E
weight_0010,grid,0.05,0.5,0.45,beta_E,7,0.27621808269453285,0.7295289416465887,0.3598090289831526,386,1006,64,0.7571859274591718,0.697907030582428,0.7817356586456299,outer_holdout_beta_E
weight_0011,grid,0.05,0.55,0.4,beta_E,7,0.26984081232898144,0.7462279289338113,0.3578251382678897,399,1111,51,0.7180725591523307,0.6755639314651489,0.7681434750556946,outer_holdout_beta_E
weight_0012,grid,0.05,0.6000000000000001,0.35000000000000003,beta_E,7,0.27054713319442464,0.7415482948424125,0.3583345247028933,398,1164,52,0.6974219083786011,0.6540828943252563,0.7516858577728271,outer_holdout_beta_E
weight_0013,grid,0.05,0.65,0.30000000000000004,beta_E,7,0.2695985528557708,0.7488760259348494,0.3591553868106158,403,1182,47,0.6769060407366071,0.6281253695487976,0.7325149774551392,outer_holdout_beta_E
weight_0014,grid,0.05,0.7000000000000001,0.25,beta_E,7,0.26781737821475243,0.752251630722219,0.36077815945027697,412,1199,38,0.6543133173670087,0.6434876322746277,0.7180147171020508,outer_holdout_beta_E
weight_0015,grid,0.05,0.75,0.2,beta_E,7,0.2684492756254887,0.7544372882019941,0.3623111888114326,413,1178,37,0.6528138262884957,0.6478754281997681,0.6668049693107605,outer_holdout_beta_E
weight_0016,grid,0.05,0.8,0.15000000000000002,beta_E,7,0.26876167726177363,0.745982997394762,0.3607616994733848,407,1147,43,0.6479793276105609,0.6093888282775879,0.6752071380615234,outer_holdout_beta_E
weight_0017,grid,0.05,0.8500000000000001,0.1,beta_E,7,0.2714466016980221,0.7389778195660549,0.36107525326877754,403,1146,47,0.650796251637595,0.5993176102638245,0.6593760251998901,outer_holdout_beta_E
weight_0018,grid,0.05,0.9,0.05,beta_E,7,0.2681031928309213,0.7771324361912598,0.3552119959060088,399,1235,51,0.6142228330884661,0.543681263923645,0.6811105608940125,outer_holdout_beta_E
weight_0019,grid,0.1,0.05,0.8500000000000001,beta_E,7,0.5209833580328784,0.6231253713606656,0.5328963344315206,375,119,75,0.9027900099754333,0.8742861151695251,0.9160776138305664,outer_holdout_beta_E
weight_0020,grid,0.1,0.1,0.8,beta_E,7,0.616227378144792,0.6513020965962142,0.6015793230426739,372,87,78,0.8750407270022801,0.8592535853385925,0.8869062066078186,outer_holdout_beta_E
weight_0021,grid,0.1,0.15000000000000002,0.75,beta_E,7,0.5905432073657942,0.6569634156692981,0.6076203728936581,383,88,67,0.8473311577524457,0.8446667194366455,0.8560672402381897,outer_holdout_beta_E
weight_0022,grid,0.1,0.2,0.7000000000000001,beta_E,7,0.5429403697266387,0.6394692888810536,0.5681589862797606,359,110,91,0.8281528694289071,0.818431556224823,0.8300014138221741,outer_holdout_beta_E
weight_0023,grid,0.1,0.25,0.65,beta_E,7,0.5355260122299705,0.49910603122367825,0.5023759938904772,306,100,144,0.8253728917666844,0.8166834115982056,0.8425431847572327,outer_holdout_beta_E
weight_0024,grid,0.1,0.30000000000000004,0.6000000000000001,beta_E,7,0.5238556562189537,0.46644462726815666,0.46578585668265626,276,82,174,0.824166647025517,0.8017284274101257,0.8338159918785095,outer_holdout_beta_E
weight_0025,grid,0.1,0.35000000000000003,0.55,beta_E,7,0.5751657637050093,0.4252734585675762,0.4631548670607536,253,57,197,0.8245541793959481,0.8036190867424011,0.8319541215896606,outer_holdout_beta_E
weight_0026,grid,0.1,0.4,0.5,beta_E,7,0.5653265974694547,0.41346437875849634,0.45515667810489846,243,63,207,0.8164275714329311,0.8016951084136963,0.8205829858779907,outer_holdout_beta_E
weight_0027,grid,0.1,0.45,0.45,beta_E,7,0.4794095741913579,0.41690499043440216,0.36689555629731113,230,188,220,0.7982378346579415,0.7061963081359863,0.8180404901504517,outer_holdout_beta_E
weight_0028,grid,0.1,0.5,0.4,beta_E,7,0.44639268443398356,0.43006923795159085,0.36240963900143086,236,237,214,0.7828921335084098,0.687792181968689,0.8147705793380737,outer_holdout_beta_E
weight_0029,grid,0.1,0.55,0.35000000000000003,beta_E,7,0.4362152843595676,0.41370298982063686,0.3513143652854089,229,240,221,0.7757909723690578,0.6718562841415405,0.7986980676651001,outer_holdout_beta_E
weight_0030,grid,0.1,0.6000000000000001,0.30000000000000004,beta_E,7,0.42129999256473166,0.3819899969311734,0.31827221289297886,206,241,244,0.7739810943603516,0.673071026802063,0.8167312145233154,outer_holdout_beta_E
weight_0031,grid,0.1,0.65,0.25,beta_E,7,0.40661847189807804,0.45565335318276495,0.31053811279807064,209,428,241,0.7483590500695365,0.658627986907959,0.8103613257408142,outer_holdout_beta_E
weight_0032,grid,0.1,0.7000000000000001,0.2,beta_E,7,0.351305619481224,0.5531724092900563,0.30986335404102505,268,717,182,0.6867433275495257,0.6424494981765747,0.8100494742393494,outer_holdout_beta_E
weight_0033,grid,0.1,0.75,0.15000000000000002,beta_E,7,0.34496461287949015,0.5651978740214034,0.3093912827387962,275,779,175,0.669438362121582,0.6296190023422241,0.8079155683517456,outer_holdout_beta_E
weight_0034,grid,0.1,0.8,0.1,beta_E,7,0.3319466888334585,0.576021403433168,0.31587179866222626,284,827,166,0.6548175811767578,0.6151145696640015,0.7868204116821289,outer_holdout_beta_E
weight_0035,grid,0.1,0.8500000000000001,0.05,beta_E,7,0.330034799815369,0.5863263664440135,0.31642778123141796,289,836,161,0.6475163187299456,0.600610077381134,0.7825743556022644,outer_holdout_beta_E
weight_0036,grid,0.15000000000000002,0.05,0.8,beta_E,7,0.683837875200925,0.6601187701187702,0.6559580352632801,380,47,70,0.8862722941807338,0.8820061087608337,0.8883795142173767,outer_holdout_beta_E
weight_0037,grid,0.15000000000000002,0.1,0.75,beta_E,7,0.6217285443733154,0.6560833545539427,0.6012208576900916,375,91,75,0.8431494150842939,0.7906278371810913,0.8551939725875854,outer_holdout_beta_E
weight_0038,grid,0.15000000000000002,0.15000000000000002,0.7000000000000001,beta_E,7,0.616227378144792,0.6513020965962142,0.6015793230426739,372,87,78,0.8125610862459455,0.7888803482055664,0.8303593397140503,outer_holdout_beta_E
weight_0039,grid,0.15000000000000002,0.2,0.65,beta_E,7,0.5817720885054654,0.6722979373567609,0.6083041455458865,393,97,57,0.7760202544076102,0.7707851529121399,0.7926576733589172,outer_holdout_beta_E
weight_0040,grid,0.15000000000000002,0.25,0.6000000000000001,beta_E,7,0.5671302806837021,0.6470661234190647,0.5906534347004563,378,97,72,0.7585296545709882,0.7519079446792603,0.7646817564964294,outer_holdout_beta_E
weight_0041,grid,0.15000000000000002,0.30000000000000004,0.55,beta_E,7,0.5422020899185915,0.6394692888810536,0.5677754500759615,359,111,91,0.7422293169157845,0.7276473641395569,0.7450021505355835,outer_holdout_beta_E
weight_0042,grid,0.15000000000000002,0.35000000000000003,0.5,beta_E,7,0.5392767310246457,0.537993561993562,0.5023220234340035,310,103,140,0.7406509263174874,0.71797776222229,0.7638973593711853,outer_holdout_beta_E
weight_0043,grid,0.15000000000000002,0.4,0.45,beta_E,7,0.575201870822605,0.46728734011086953,0.4942278507007502,279,59,171,0.7528425199644906,0.7184961438179016,0.7633482217788696,outer_holdout_beta_E
weight_0044,grid,0.15000000000000002,0.45,0.4,beta_E,7,0.5246588556371165,0.4586870515105809,0.46026916184867844,268,82,182,0.7381575873919896,0.7025926113128662,0.7569539546966553,outer_holdout_beta_E
weight_0045,grid,0.15000000000000002,0.5,0.35000000000000003,beta_E,7,0.5686940688212337,0.44151316657199013,0.47573058749661606,262,61,188,0.737319929259164,0.7085541486740112,0.7451849579811096,outer_holdout_beta_E
weight_0046,grid,0.15000000000000002,0.55,0.30000000000000004,beta_E,7,0.5886330691593848,0.4252456171279701,0.4733598236700539,250,49,200,0.7363904799733844,0.7146135568618774,0.7402095198631287,outer_holdout_beta_E
weight_0047,grid,0.15000000000000002,0.6000000000000001,0.25,beta_E,7,0.5659595417114215,0.4166389819330996,0.45732360449581194,244,64,206,0.7246413741792951,0.7025426626205444,0.7308744192123413,outer_holdout_beta_E
weight_0048,grid,0.15000000000000002,0.65,0.2,beta_E,7,0.571146244487077,0.3976316363375187,0.44567177214670484,234,60,216,0.721249886921474,0.6986052989959717,0.7254650592803955,outer_holdout_beta_E
weight_0049,grid,0.15000000000000002,0.7000000000000001,0.15000000000000002,beta_E,7,0.5476506693116984,0.39351314045431696,0.4293791548219394,231,77,219,0.7115383999688285,0.6943820714950562,0.7246588468551636,outer_holdout_beta_E
weight_0050,grid,0.15000000000000002,0.75,0.1,beta_E,7,0.46270624640765456,0.41657358327946564,0.3800335055752363,233,160,217,0.6897816743169513,0.628472626209259,0.7221559286117554,outer_holdout_beta_E
weight_0051,grid,0.15000000000000002,0.8,0.05,beta_E,7,0.43887438867970563,0.4264294529000412,0.3720021714354322,239,214,211,0.6752202595983233,0.580493152141571,0.7001142501831055,outer_holdout_beta_E
weight_0052,grid,0.2,0.05,0.75,beta_E,7,0.6827708716187535,0.644320450791039,0.6450025677532689,369,49,81,0.8632164597511292,0.8570452928543091,0.8726382255554199,outer_holdout_beta_E
weight_0053,grid,0.2,0.1,0.7000000000000001,beta_E,7,0.5209833580328784,0.6231253713606656,0.5328963344315206,375,119,75,0.8055799603462219,0.7485722303390503,0.8321552276611328,outer_holdout_beta_E
weight_0054,grid,0.2,0.15000000000000002,0.65,beta_E,7,0.6123496809934929,0.6597726848315083,0.6002290533499611,378,95,72,0.7739084448133197,0.7359888553619385,0.7902880311012268,outer_holdout_beta_E
weight_0055,grid,0.2,0.2,0.6000000000000001,beta_E,7,0.615442448788434,0.6513020965962142,0.601178580126961,372,88,78,0.7500814710344587,0.7185071110725403,0.7738124132156372,outer_holdout_beta_E
weight_0056,grid,0.2,0.25,0.55,beta_E,7,0.574984627798727,0.6612041422629658,0.5943981799129497,382,105,68,0.7075334106172834,0.6937099695205688,0.7354226112365723,outer_holdout_beta_E
weight_0057,grid,0.2,0.30000000000000004,0.5,beta_E,7,0.5897981216097457,0.6569634156692981,0.6072288878187149,383,89,67,0.69466233253479,0.6893333792686462,0.7121344804763794,outer_holdout_beta_E
weight_0058,grid,0.2,0.35000000000000003,0.45,beta_E,7,0.5705204588436324,0.6687071098835805,0.603432266548951,375,103,75,0.6714475154876709,0.6701197624206543,0.6735490560531616,outer_holdout_beta_E
weight_0059,grid,0.2,0.4,0.4,beta_E,7,0.5601232368719965,0.6426438920556568,0.5857399189750099,360,106,90,0.6595856547355652,0.6579844355583191,0.6600028276443481,outer_holdout_beta_E
weight_0060,grid,0.2,0.45,0.35000000000000003,beta_E,7,0.550411983920232,0.5744832944832945,0.534996375971171,331,100,119,0.6499803066253662,0.6351994872093201,0.684482991695404,outer_holdout_beta_E
weight_0061,grid,0.2,0.5,0.30000000000000004,beta_E,7,0.5479779771323237,0.4888352562470209,0.4971650110139064,299,91,151,0.6564234239714486,0.6333669424057007,0.6850864291191101,outer_holdout_beta_E
weight_0062,grid,0.2,0.55,0.25,beta_E,7,0.547688531120325,0.469891533303298,0.4847928595203554,280,75,170,0.6593758974756513,0.6180036664009094,0.6846700310707092,outer_holdout_beta_E
weight_0063,grid,0.2,0.6000000000000001,0.2,beta_E,7,0.5442186763840791,0.4716903619256561,0.47287425652086695,275,76,175,0.6532731822558812,0.6034567952156067,0.670648992061615,outer_holdout_beta_E
weight_0064,grid,0.2,0.65,0.15000000000000002,beta_E,7,0.5747195772112715,0.45162572068454426,0.4840744873391777,266,58,184,0.6545228106634957,0.620874285697937,0.6650404930114746,outer_holdout_beta_E
weight_0065,grid,0.2,0.7000000000000001,0.1,beta_E,7,0.5718205194380255,0.43364286693698456,0.4679393608653837,252,55,198,0.6537309459277562,0.6208009123802185,0.6642413139343262,outer_holdout_beta_E
weight_0066,grid,0.2,0.75,0.05,beta_E,7,0.562212309880825,0.4396247020952904,0.4676606911411583,255,65,195,0.6406169789178031,0.6061506271362305,0.6477106213569641,outer_holdout_beta_E
weight_0067,grid,0.25,0.05,0.7000000000000001,beta_E,7,0.6835966881675338,0.6518743086978381,0.6514736891766314,373,49,77,0.8394025904791695,0.8342684507369995,0.8496255874633789,outer_holdout_beta_E
weight_0068,grid,0.25,0.1,0.65,beta_E,7,0.694818114361489,0.6592529692529692,0.6629445030107043,379,43,71,0.7969510129519871,0.7965697050094604,0.7992388606071472,outer_holdout_beta_E
weight_0069,grid,0.25,0.15000000000000002,0.6000000000000001,beta_E,7,0.6235605061614852,0.6571589848060437,0.6042448265317996,375,89,75,0.7525708590235028,0.6743689775466919,0.7703033089637756,outer_holdout_beta_E
weight_0070,grid,0.25,0.2,0.55,beta_E,7,0.6193524308359238,0.6354365503777268,0.5885004604251339,360,89,90,0.7194687638963971,0.6663267612457275,0.7535305619239807,outer_holdout_beta_E
weight_0071,grid,0.25,0.25,0.5,beta_E,7,0.6144478737432261,0.6513020965962142,0.6003675202191269,372,89,78,0.6879679220063346,0.6481338739395142,0.7172655463218689,outer_holdout_beta_E
weight_0072,grid,0.25,0.30000000000000004,0.45,beta_E,7,0.5759640529755472,0.6596728630846279,0.5916320567772216,377,105,73,0.6440643072128296,0.6245065331459045,0.7022148370742798,outer_holdout_beta_E
weight_0073,grid,0.25,0.35000000000000003,0.4,beta_E,7,0.579905288662079,0.6628712333418215,0.6028405340194538,387,98,63,0.6229353972843715,0.6131124496459961,0.6507308483123779,outer_holdout_beta_E
weight_0074,grid,0.25,0.4,0.35000000000000003,beta_E,7,0.5717872818316373,0.6430257193786606,0.5914716124936744,376,92,74,0.6093711086681911,0.6079962253570557,0.6151596307754517,outer_holdout_beta_E
weight_0075,grid,0.25,0.45,0.30000000000000004,beta_E,7,0.5535924024296117,0.6592294764059469,0.5841176542734406,368,105,82,0.587143966129848,0.5721362829208374,0.5922157764434814,outer_holdout_beta_E
weight_0076,grid,0.25,0.5,0.25,beta_E,7,0.547952843418069,0.55978182601712,0.5316581774312026,322,99,128,0.5922737206731524,0.5783067941665649,0.6679813265800476,outer_holdout_beta_E
weight_0077,grid,0.25,0.55,0.2,beta_E,7,0.560855203731888,0.5454385614385614,0.5111136379446879,295,80,155,0.5958774941308158,0.5443254709243774,0.6568043828010559,outer_holdout_beta_E
weight_0078,grid,0.25,0.6000000000000001,0.15000000000000002,beta_E,7,0.583178989513139,0.5023532937650584,0.5201570252152689,300,67,150,0.5951439227376666,0.5506081581115723,0.6052392721176147,outer_holdout_beta_E
weight_0079,grid,0.25,0.65,0.1,beta_E,7,0.5602048431827372,0.4834489562724857,0.49786833223689275,287,72,163,0.586445323058537,0.5361380577087402,0.6092585325241089,outer_holdout_beta_E
weight_0080,grid,0.25,0.7000000000000001,0.05,beta_E,7,0.5474906964732681,0.47540278022630966,0.4785791792126686,276,75,174,0.5776935390063694,0.521668016910553,0.6040244102478027,outer_holdout_beta_E
weight_0081,grid,0.30000000000000004,0.05,0.65,beta_E,7,0.6816180866619792,0.650708363531893,0.6493187452575947,374,50,76,0.8171718290873936,0.8070807456970215,0.8274883031845093,outer_holdout_beta_E
weight_0082,grid,0.30000000000000004,0.1,0.6000000000000001,beta_E,7,0.683837875200925,0.6601187701187702,0.6559580352632801,380,47,70,0.7725445968764169,0.7640122175216675,0.7767590880393982,outer_holdout_beta_E
weight_0083,grid,0.30000000000000004,0.15000000000000002,0.55,beta_E,7,0.5202305069128302,0.6231253713606656,0.5325052284342255,375,120,75,0.7083699703216553,0.6228583455085754,0.7482328414916992,outer_holdout_beta_E
weight_0084,grid,0.30000000000000004,0.2,0.5,beta_E,7,0.6209578218831358,0.6560833545539427,0.6008250607977356,375,92,75,0.6862988301685878,0.5812556743621826,0.7103879451751709,outer_holdout_beta_E
weight_0085,grid,0.30000000000000004,0.25,0.45,beta_E,7,0.6176483639419396,0.6354365503777268,0.5873212150796363,360,91,90,0.6577282973698207,0.5967482924461365,0.6994825005531311,outer_holdout_beta_E
weight_0086,grid,0.30000000000000004,0.30000000000000004,0.4,beta_E,7,0.6127916449180615,0.6478898225957049,0.5971640154095704,369,90,81,0.6266812937600272,0.5777606964111328,0.6607186794281006,outer_holdout_beta_E
weight_0087,grid,0.30000000000000004,0.35000000000000003,0.35000000000000003,beta_E,7,0.5746372316487259,0.6564982599100248,0.5894253204241439,376,105,74,0.5833977120263236,0.5665128827095032,0.6483069658279419,outer_holdout_beta_E
weight_0088,grid,0.30000000000000004,0.4,0.30000000000000004,beta_E,7,0.5750929473611022,0.6448693659281896,0.5844423185311888,369,102,81,0.5631010617528643,0.5415704250335693,0.6245637536048889,outer_holdout_beta_E
weight_0089,grid,0.30000000000000004,0.45,0.25,beta_E,7,0.564301139242219,0.6569634156692981,0.5914345341566476,383,101,67,0.5407759462084089,0.534000039100647,0.5596790313720703,outer_holdout_beta_E
weight_0090,grid,0.30000000000000004,0.5,0.2,beta_E,7,0.5443863974998402,0.6470661234190647,0.5748276412268194,378,111,72,0.5204257369041443,0.5132511854171753,0.54051673412323,outer_holdout_beta_E
weight_0091,grid,0.30000000000000004,0.55,0.15000000000000002,beta_E,7,0.53253811574551,0.622318962083668,0.5388369286391264,335,123,115,0.5148078628948757,0.47939008474349976,0.6178091764450073,outer_holdout_beta_E
weight_0092,grid,0.30000000000000004,0.6000000000000001,0.1,beta_E,7,0.5262927893241148,0.6069382643500292,0.5277020014084705,329,126,121,0.4996693347181593,0.455294668674469,0.601577639579773,outer_holdout_beta_E
weight_0093,grid,0.30000000000000004,0.65,0.05,beta_E,7,0.529452139725632,0.584297741474212,0.5072650938348987,314,127,136,0.49379081811223713,0.45694780349731445,0.5910415649414062,outer_holdout_beta_E
weight_0094,grid,0.35000000000000003,0.05,0.6000000000000001,beta_E,7,0.6537127982506133,0.656101454101454,0.6297127296306586,376,67,74,0.7862746034349714,0.7211166620254517,0.8044794797897339,outer_holdout_beta_E
weight_0095,grid,0.35000000000000003,0.1,0.55,beta_E,7,0.6809305094079531,0.6374633079338962,0.639514690143833,363,50,87,0.7487296036311558,0.7381187677383423,0.7691798210144043,outer_holdout_beta_E
weight_0096,grid,0.35000000000000003,0.15000000000000002,0.5,beta_E,7,0.6802962600601964,0.6552865826983474,0.6512094664168396,376,50,74,0.7069235103470939,0.6903465986251831,0.7155183553695679,outer_holdout_beta_E
weight_0097,grid,0.35000000000000003,0.2,0.45,beta_E,7,0.5971444276848646,0.6537976402682285,0.5825304980075001,373,112,77,0.6486457075391497,0.5554139018058777,0.6865552663803101,outer_holdout_beta_E
weight_0098,grid,0.35000000000000003,0.25,0.4,beta_E,7,0.6163369295551565,0.6586298276886512,0.5994755216927492,377,96,73,0.6206022330692836,0.4989267587661743,0.645482063293457,outer_holdout_beta_E
weight_0099,grid,0.35000000000000003,0.30000000000000004,0.35000000000000003,beta_E,7,0.6528237967800858,0.6111825821237586,0.6007584731756193,353,64,97,0.6110823154449463,0.517447829246521,0.6435822248458862,outer_holdout_beta_E
weight_0100,grid,0.35000000000000003,0.35000000000000003,0.30000000000000004,beta_E,7,0.613079340585424,0.643662677192089,0.592325511321309,366,92,84,0.5669286932264056,0.5073874592781067,0.6041717529296875,outer_holdout_beta_E
weight_0101,grid,0.35000000000000003,0.4,0.25,beta_E,7,0.5849361093353457,0.6285318733554028,0.5733788045500251,360,100,90,0.533020521913256,0.4957466125488281,0.5950238704681396,outer_holdout_beta_E
weight_0102,grid,0.35000000000000003,0.45,0.2,beta_E,7,0.5583500985535572,0.6466240556828792,0.5761763330982672,369,110,81,0.5003674881798881,0.4837178587913513,0.5775002241134644,outer_holdout_beta_E
weight_0103,grid,0.35000000000000003,0.5,0.15000000000000002,beta_E,7,0.5468579739588143,0.661190561072914,0.5803499715857271,386,119,64,0.4691035917827061,0.4586711823940277,0.5025703310966492,outer_holdout_beta_E
weight_0104,grid,0.35000000000000003,0.55,0.1,beta_E,7,0.5425617218474361,0.6495385790679908,0.5736558133094765,381,114,69,0.4546671083995274,0.452679306268692,0.4573414921760559,outer_holdout_beta_E
weight_0105,grid,0.35000000000000003,0.6000000000000001,0.05,beta_E,7,0.5388868739724694,0.6891065274594687,0.5843632209141891,383,132,67,0.4333392764840807,0.43321335315704346,0.4340948164463043,outer_holdout_beta_E
weight_0106,grid,0.4,0.05,0.55,beta_E,7,0.6787980657295362,0.656101454101454,0.6510833890518233,376,52,74,0.7762785979679653,0.7709022760391235,0.7851428985595703,outer_holdout_beta_E
weight_0107,grid,0.4,0.1,0.5,beta_E,7,0.6807300552922229,0.644320450791039,0.6437578718551077,369,50,81,0.7264329280172076,0.7140905857086182,0.7452765107154846,outer_holdout_beta_E
weight_0108,grid,0.4,0.15000000000000002,0.45,beta_E,7,0.6805447921532932,0.6478243978243977,0.6453948115379186,369,49,81,0.6850783143724714,0.6683207750320435,0.7153222560882568,outer_holdout_beta_E
weight_0109,grid,0.4,0.2,0.4,beta_E,7,0.5182361880284347,0.6248569730922673,0.5316161618869663,377,123,73,0.6088401930672782,0.4971444606781006,0.6643104553222656,outer_holdout_beta_E
weight_0110,grid,0.4,0.25,0.35000000000000003,beta_E,7,0.592657241675634,0.6537976402682285,0.5782850403161047,373,118,77,0.5798231107848031,0.46769285202026367,0.6269787549972534,outer_holdout_beta_E
weight_0111,grid,0.4,0.30000000000000004,0.30000000000000004,beta_E,7,0.6230959037703155,0.6569491554197436,0.6068746796734991,376,86,74,0.5621993626867022,0.47197777032852173,0.5878934860229492,outer_holdout_beta_E
weight_0112,grid,0.4,0.35000000000000003,0.25,beta_E,7,0.6288387159076417,0.6364150751209575,0.5992937239934647,363,79,87,0.545083931514195,0.4430083632469177,0.587525486946106,outer_holdout_beta_E
weight_0113,grid,0.4,0.4,0.2,beta_E,7,0.60829503797862,0.6284021729904082,0.5748166068878893,355,100,95,0.5164216714245933,0.43701422214508057,0.5643976926803589,outer_holdout_beta_E
weight_0114,grid,0.4,0.45,0.15000000000000002,beta_E,7,0.5607341161580128,0.6333871487989136,0.5601378969036823,362,116,88,0.4687864865575518,0.4285675883293152,0.5398890972137451,outer_holdout_beta_E
weight_0115,grid,0.4,0.5,0.1,beta_E,7,0.5304318769178572,0.6468848145318733,0.5526308477397377,369,142,81,0.4237769501549857,0.3874199092388153,0.531816303730011,outer_holdout_beta_E
weight_0116,grid,0.4,0.55,0.05,beta_E,7,0.5289581366684507,0.6759872676343265,0.574202348644764,396,141,54,0.38878102387700764,0.3766701817512512,0.42590025067329407,outer_holdout_beta_E
weight_0117,grid,0.45,0.05,0.5,beta_E,7,0.6809411731218432,0.6583871683871684,0.6529571491568487,378,50,72,0.7601976309503827,0.7474388480186462,0.7637500762939453,outer_holdout_beta_E
weight_0118,grid,0.45,0.1,0.45,beta_E,7,0.6762736105616014,0.6442695213283448,0.6410210605550787,368,52,82,0.7056314093726022,0.6887598633766174,0.7281900644302368,outer_holdout_beta_E
weight_0119,grid,0.45,0.15000000000000002,0.4,beta_E,7,0.6755573916476172,0.6498330558330558,0.6434070176415697,371,52,79,0.6607969147818429,0.6460182666778564,0.6789988279342651,outer_holdout_beta_E
weight_0120,grid,0.45,0.2,0.35000000000000003,beta_E,7,0.6301429337554133,0.6545289873525169,0.6045019730132906,372,90,78,0.6026606730052403,0.4457676410675049,0.640499472618103,outer_holdout_beta_E
weight_0121,grid,0.45,0.25,0.30000000000000004,beta_E,7,0.5905562773374601,0.6537976402682285,0.5764103856834785,373,121,77,0.5504537139620099,0.4312976002693176,0.6019326448440552,outer_holdout_beta_E
weight_0122,grid,0.45,0.30000000000000004,0.25,beta_E,7,0.6121155612636632,0.6492934385875563,0.5882532261004616,370,103,80,0.5358619093894958,0.3755902647972107,0.5745715498924255,outer_holdout_beta_E
weight_0123,grid,0.45,0.35000000000000003,0.2,beta_E,7,0.6376898925460626,0.6145833121127239,0.5914794465597,353,75,97,0.5363765358924866,0.40235745906829834,0.5598999261856079,outer_holdout_beta_E
weight_0124,grid,0.45,0.4,0.15000000000000002,beta_E,7,0.5977321591177068,0.604805534334946,0.5697950981083688,348,88,102,0.4985779992171696,0.36856892704963684,0.537429928779602,outer_holdout_beta_E
weight_0125,grid,0.45,0.45,0.1,beta_E,7,0.5639383281402448,0.6201353026058909,0.545075262808656,353,128,97,0.4324289049421038,0.36664098501205444,0.5314102172851562,outer_holdout_beta_E
weight_0126,grid,0.45,0.5,0.05,beta_E,7,0.5292608105157708,0.6675384093031153,0.5618449164523138,382,145,68,0.38685514671461924,0.3585137128829956,0.48570355772972107,outer_holdout_beta_E
weight_0127,grid,0.5,0.05,0.45,beta_E,7,0.6823303878115506,0.6583871683871684,0.6538427659404352,378,50,72,0.7367160831178937,0.7247203588485718,0.7435972690582275,outer_holdout_beta_E
weight_0128,grid,0.5,0.1,0.4,beta_E,7,0.6757868892427622,0.6536059104294398,0.6473854609755616,375,54,75,0.6769998669624329,0.6685369610786438,0.6992512345314026,outer_holdout_beta_E
weight_0129,grid,0.5,0.15000000000000002,0.35000000000000003,beta_E,7,0.6689117591938406,0.6256986020515433,0.6229058876641508,356,55,94,0.6422081759997776,0.6256711483001709,0.6908789873123169,outer_holdout_beta_E
weight_0130,grid,0.5,0.2,0.30000000000000004,beta_E,7,0.5919256160001108,0.6076731373201961,0.5840449408909203,366,58,84,0.6080608282770429,0.5931395292282104,0.6348476409912109,outer_holdout_beta_E
weight_0131,grid,0.5,0.25,0.25,beta_E,7,0.5129220294032759,0.6262999745352688,0.5260178696890074,376,132,74,0.5168496285166059,0.37143057584762573,0.5803880095481873,outer_holdout_beta_E
weight_0132,grid,0.5,0.30000000000000004,0.2,beta_E,7,0.5842891698121978,0.6603335879806469,0.5728116693584983,376,132,74,0.4857869233403887,0.34873783588409424,0.5406065583229065,outer_holdout_beta_E
weight_0133,grid,0.5,0.35000000000000003,0.15000000000000002,beta_E,7,0.5573537170141201,0.6456781257957729,0.5531252232901654,366,139,84,0.4556503508772169,0.29225069284439087,0.5218157768249512,outer_holdout_beta_E
weight_0134,grid,0.5,0.4,0.1,beta_E,7,0.5694315051796623,0.6328391477803244,0.5574482441019316,357,120,93,0.45041764633996145,0.3326534926891327,0.5070611238479614,outer_holdout_beta_E
weight_0135,grid,0.5,0.45,0.05,beta_E,7,0.5638729157337969,0.6259575587810883,0.5484204496546584,355,127,95,0.415999425309045,0.31703415513038635,0.4929066598415375,outer_holdout_beta_E
weight_0136,grid,0.55,0.05,0.4,beta_E,7,0.6838550219448376,0.6467419769772711,0.6475291630477598,371,48,79,0.7231870719364711,0.705852746963501,0.730588436126709,outer_holdout_beta_E
weight_0137,grid,0.55,0.1,0.35000000000000003,beta_E,7,0.6723253295012173,0.6283299576240753,0.6272401236202141,357,53,93,0.680359423160553,0.643871545791626,0.7030328512191772,outer_holdout_beta_E
weight_0138,grid,0.55,0.15000000000000002,0.30000000000000004,beta_E,7,0.6595098343956848,0.6251607869254928,0.6165261567918227,356,61,94,0.6231763533183506,0.5986600518226624,0.6727589964866638,outer_holdout_beta_E
weight_0139,grid,0.55,0.2,0.25,beta_E,7,0.6453972730191249,0.6287319608496079,0.6085820315514124,357,70,93,0.5772972788129535,0.5482801198959351,0.6203485131263733,outer_holdout_beta_E
weight_0140,grid,0.55,0.25,0.2,beta_E,7,0.5138426570459748,0.6228483150836092,0.5252525886326879,375,132,75,0.49393393312181744,0.32099711894989014,0.5783000588417053,outer_holdout_beta_E
weight_0141,grid,0.55,0.30000000000000004,0.15000000000000002,beta_E,7,0.5036078234902894,0.6203921568627451,0.5145180204341073,372,146,78,0.45514510359082905,0.2835395336151123,0.5508995652198792,outer_holdout_beta_E
weight_0142,grid,0.55,0.35000000000000003,0.1,beta_E,7,0.5529398047297185,0.6532829131652661,0.5546430068303557,371,146,79,0.42251979453223093,0.2610167860984802,0.48824408650398254,outer_holdout_beta_E
weight_0143,grid,0.55,0.4,0.05,beta_E,7,0.5115659587439768,0.610829640947288,0.5157859644409638,366,137,84,0.40620411719594685,0.277586966753006,0.4772561490535736,outer_holdout_beta_E
weight_0144,grid,0.6000000000000001,0.05,0.35000000000000003,beta_E,7,0.6768848948388966,0.6321089237559826,0.6351869899378524,364,51,86,0.7072251013347081,0.690295398235321,0.7205572128295898,outer_holdout_beta_E
weight_0145,grid,0.6000000000000001,0.1,0.30000000000000004,beta_E,7,0.6643130520757173,0.619582313111725,0.6162072037640397,351,59,99,0.6484231437955584,0.6275207996368408,0.6912597417831421,outer_holdout_beta_E
weight_0146,grid,0.6000000000000001,0.15000000000000002,0.25,beta_E,7,0.6493151549922371,0.6417230481936365,0.6201911274121311,366,66,84,0.6054674642426627,0.5711358785629272,0.6179147958755493,outer_holdout_beta_E
weight_0147,grid,0.6000000000000001,0.2,0.2,beta_E,7,0.6148609594460102,0.6311258806552925,0.5781642580651464,356,101,94,0.5361867206437247,0.3458530902862549,0.6102685332298279,outer_holdout_beta_E
weight_0148,grid,0.6000000000000001,0.25,0.15000000000000002,beta_E,7,0.5323883229355867,0.6146384856973093,0.5378881812803997,369,111,81,0.487554703439985,0.3427572250366211,0.5515420436859131,outer_holdout_beta_E
weight_0149,grid,0.6000000000000001,0.30000000000000004,0.1,beta_E,7,0.54433403280568,0.6620142602495545,0.553865052177237,377,157,73,0.4155890302998679,0.24571669101715088,0.48840945959091187,outer_holdout_beta_E
weight_0150,grid,0.6000000000000001,0.35000000000000003,0.05,beta_E,7,0.5313237179732804,0.6647644512350395,0.5442833824978142,383,181,67,0.3171676056725638,0.19564849138259888,0.45696762204170227,outer_holdout_beta_E
weight_0151,grid,0.65,0.05,0.30000000000000004,beta_E,7,0.6695384641004505,0.6555636389754037,0.6434088449628437,376,56,74,0.6812256744929722,0.6692643165588379,0.684313178062439,outer_holdout_beta_E
weight_0152,grid,0.65,0.1,0.25,beta_E,7,0.6466261617090614,0.6518743086978381,0.6246460112058181,373,69,77,0.6242436596325466,0.5952524542808533,0.6381446123123169,outer_holdout_beta_E
weight_0153,grid,0.65,0.15000000000000002,0.2,beta_E,7,0.6431744218437331,0.6143535549417903,0.5968878042935658,347,71,103,0.5874108757291522,0.5531767010688782,0.645571768283844,outer_holdout_beta_E
weight_0154,grid,0.65,0.2,0.15000000000000002,beta_E,7,0.6094648590311237,0.6328737798149564,0.5779817488207598,358,105,92,0.5067193167550224,0.3623918890953064,0.5934461355209351,outer_holdout_beta_E
weight_0155,grid,0.65,0.25,0.1,beta_E,7,0.581909717712984,0.6553506493506494,0.5688718101418571,370,135,80,0.4374318037714277,0.30661359429359436,0.5329922437667847,outer_holdout_beta_E
weight_0156,grid,0.65,0.30000000000000004,0.05,beta_E,7,0.5453471587449071,0.660594346829641,0.5522106951790727,376,159,74,0.3895532786846161,0.1962265968322754,0.46366387605667114,outer_holdout_beta_E
weight_0157,grid,0.7000000000000001,0.05,0.25,beta_E,7,0.6644816153694545,0.6407669324139913,0.6312511994408759,366,58,84,0.6683169433048793,0.652744472026825,0.6793216466903687,outer_holdout_beta_E
weight_0158,grid,0.7000000000000001,0.1,0.2,beta_E,7,0.6041757717886309,0.6448809099397336,0.581883118892071,364,106,86,0.5847522360937936,0.4395313858985901,0.6413286328315735,outer_holdout_beta_E
weight_0159,grid,0.7000000000000001,0.15000000000000002,0.15000000000000002,beta_E,7,0.5907198154575408,0.6215878108819285,0.5539070774936744,346,123,104,0.5295512846537999,0.3899787664413452,0.6520071029663086,outer_holdout_beta_E
weight_0160,grid,0.7000000000000001,0.2,0.1,beta_E,7,0.6036814187252506,0.6237981495628555,0.5669796015561853,351,112,99,0.4915486361299242,0.33586814999580383,0.5830281376838684,outer_holdout_beta_E
weight_0161,grid,0.7000000000000001,0.25,0.05,beta_E,7,0.5708239550133613,0.6640229182582124,0.5640224617591343,379,154,71,0.40303677533354076,0.21486185491085052,0.4711517095565796,outer_holdout_beta_E
weight_0162,grid,0.75,0.05,0.2,beta_E,7,0.6526641380824202,0.6399011315481903,0.6220599832980713,365,64,85,0.651397100516728,0.6317790746688843,0.6639621257781982,outer_holdout_beta_E
weight_0163,grid,0.75,0.1,0.15000000000000002,beta_E,7,0.5908734056538373,0.6217304133774721,0.5511432952586064,344,122,106,0.5674833229609898,0.4094562828540802,0.6960573196411133,outer_holdout_beta_E
weight_0164,grid,0.75,0.15000000000000002,0.1,beta_E,7,0.5821698708400105,0.6249410067057125,0.5502853341455025,352,135,98,0.4941564457757132,0.35819488763809204,0.6033432483673096,outer_holdout_beta_E
weight_0165,grid,0.75,0.2,0.05,beta_E,7,0.5877019107408357,0.6514956285544521,0.5725467102483882,371,133,79,0.4417174735239574,0.22560854256153107,0.5040885806083679,outer_holdout_beta_E
weight_0166,grid,0.8,0.05,0.15000000000000002,beta_E,7,0.6440535782752441,0.6353969298675181,0.6133856961778584,362,72,88,0.6332256879125323,0.6108136773109436,0.6478338241577148,outer_holdout_beta_E
weight_0167,grid,0.8,0.1,0.1,beta_E,7,0.5834783783525976,0.6237390713861303,0.5473250262544066,346,133,104,0.5329516657761165,0.38420671224594116,0.6799689531326294,outer_holdout_beta_E
weight_0168,grid,0.8,0.15000000000000002,0.05,beta_E,7,0.5766206946036228,0.6325607333842628,0.5477444494261832,351,141,99,0.4733255207538605,0.3260844945907593,0.6360693573951721,outer_holdout_beta_E
weight_0169,grid,0.8500000000000001,0.05,0.1,beta_E,7,0.628071732069132,0.6177130973601562,0.582965859901777,340,85,110,0.6233170202800206,0.5980921983718872,0.7148613929748535,outer_holdout_beta_E
weight_0170,grid,0.8500000000000001,0.1,0.05,beta_E,7,0.5976322905557757,0.6214533571004159,0.5574457336172192,344,118,106,0.5291996555668967,0.3493061363697052,0.6712154150009155,outer_holdout_beta_E
weight_0171,grid,0.9,0.05,0.05,beta_E,7,0.5738872854694933,0.6521760461760462,0.5784266002631532,369,120,81,0.5536945079054151,0.38130244612693787,0.6201782822608948,outer_holdout_beta_E
weight_0001,grid,0.05,0.05,0.9,beta_F,7,0.606855399831864,0.6495224756569293,0.5967809429348133,239,78,67,0.9371164015361241,0.9296267628669739,0.9404194355010986,outer_holdout_beta_F
weight_0002,grid,0.05,0.1,0.8500000000000001,beta_F,7,0.5140576651296483,0.6154028791003581,0.5396770671963377,223,101,83,0.9136753678321838,0.9104521870613098,0.9150007367134094,outer_holdout_beta_F
weight_0003,grid,0.05,0.15000000000000002,0.8,beta_F,7,0.44996265304285454,0.4261881367931788,0.4098685810262748,173,103,133,0.9074415564537048,0.9014396071434021,0.9169080257415771,outer_holdout_beta_F
weight_0004,grid,0.05,0.2,0.75,beta_F,7,0.43050500491968086,0.34603656847354325,0.33313774796247314,127,106,179,0.9048144136156354,0.8839787244796753,0.9099128842353821,outer_holdout_beta_F
weight_0005,grid,0.05,0.25,0.7000000000000001,beta_F,7,0.3624376922944705,0.3476629420999169,0.2785981258947958,117,223,189,0.8914835367883954,0.8438960313796997,0.9073852896690369,outer_holdout_beta_F
weight_0006,grid,0.05,0.30000000000000004,0.65,beta_F,7,0.3438987413101508,0.28721201301033233,0.2280701236366261,91,220,215,0.8883706075804574,0.8365354537963867,0.906407356262207,outer_holdout_beta_F
weight_0007,grid,0.05,0.35000000000000003,0.6000000000000001,beta_F,7,0.3269154377750691,0.4118182452468167,0.19225644803375896,93,694,213,0.8520546640668597,0.7780866622924805,0.9049458503723145,outer_holdout_beta_F
weight_0008,grid,0.05,0.4,0.55,beta_F,7,0.2894570970750525,0.49505260565764775,0.22018437840632502,124,795,182,0.8258578607014248,0.7573099732398987,0.8944069147109985,outer_holdout_beta_F
weight_0009,grid,0.05,0.45,0.5,beta_F,7,0.24794159051927173,0.5747239408583946,0.2327260122563746,166,930,140,0.7956875222069877,0.733985960483551,0.8878982067108154,outer_holdout_beta_F
weight_0010,grid,0.05,0.5,0.45,beta_F,7,0.1978647317469015,0.6841885677347862,0.2732851154841226,246,1119,60,0.743409948689597,0.6966210007667542,0.7836101055145264,outer_holdout_beta_F
weight_0011,grid,0.05,0.55,0.4,beta_F,7,0.19893445136416596,0.726685566534306,0.27628070537775934,253,1242,53,0.7120373163904462,0.6903778314590454,0.7685726284980774,outer_holdout_beta_F
weight_0012,grid,0.05,0.6000000000000001,0.35000000000000003,beta_F,7,0.19648247876982056,0.7134365335877941,0.27368096708641226,253,1245,53,0.6960023897034782,0.6607308387756348,0.7516858577728271,outer_holdout_beta_F
weight_0013,grid,0.05,0.65,0.30000000000000004,beta_F,7,0.19898214823419294,0.706821579914017,0.2772468334111822,254,1138,52,0.7028041396822248,0.662756085395813,0.7192097902297974,outer_holdout_beta_F
weight_0014,grid,0.05,0.7000000000000001,0.25,beta_F,7,0.19604806139094214,0.7058941935748658,0.27413217385286087,255,1224,51,0.6750266296522958,0.6434876322746277,0.7121478915214539,outer_holdout_beta_F
weight_0015,grid,0.05,0.75,0.2,beta_F,7,0.19507730688482772,0.7247817896389324,0.2772946041212053,265,1232,41,0.6586935945919582,0.6478754281997681,0.6781029105186462,outer_holdout_beta_F
weight_0016,grid,0.05,0.8,0.15000000000000002,beta_F,7,0.19892181920042804,0.7161468690040118,0.28045535522775017,261,1174,45,0.6656948328018188,0.6502518653869629,0.6718720197677612,outer_holdout_beta_F
weight_0017,grid,0.05,0.8500000000000001,0.1,beta_F,7,0.1983670554679687,0.7076634756466689,0.2786047610955305,259,1189,47,0.654056693826403,0.6157344579696655,0.6657822728157043,outer_holdout_beta_F
weight_0018,grid,0.05,0.9,0.05,beta_F,7,0.19556199788585346,0.7337186977355045,0.277288701309202,266,1256,40,0.6327240296772548,0.5988447666168213,0.6435448527336121,outer_holdout_beta_F
weight_0019,grid,0.1,0.05,0.8500000000000001,beta_F,7,0.5979700113047361,0.6262888745241686,0.600892201027161,240,38,66,0.913592415196555,0.9099361300468445,0.9155955910682678,outer_holdout_beta_F
weight_0020,grid,0.1,0.1,0.8,beta_F,7,0.606855399831864,0.6495224756569293,0.5967809429348133,239,78,67,0.8742328371320452,0.8592535853385925,0.8808388710021973,outer_holdout_beta_F
weight_0021,grid,0.1,0.15000000000000002,0.75,beta_F,7,0.5664883479251595,0.6366789382419634,0.5852965428775204,243,78,63,0.8474251287324088,0.8446667194366455,0.8558622002601624,outer_holdout_beta_F
weight_0022,grid,0.1,0.2,0.7000000000000001,beta_F,7,0.5140576651296483,0.6154028791003581,0.5396770671963377,223,101,83,0.8273507271494184,0.8209043741226196,0.8300014138221741,outer_holdout_beta_F
weight_0023,grid,0.1,0.25,0.65,beta_F,7,0.49140805144107774,0.5149180287499615,0.48937147532901826,198,98,108,0.8170604365212577,0.8166834115982056,0.8186568021774292,outer_holdout_beta_F
weight_0024,grid,0.1,0.30000000000000004,0.6000000000000001,beta_F,7,0.44996265304285454,0.4261881367931788,0.4098685810262748,173,103,133,0.8148831043924604,0.8028792142868042,0.8338159918785095,outer_holdout_beta_F
weight_0025,grid,0.1,0.35000000000000003,0.55,beta_F,7,0.4629045557616986,0.35309325781594697,0.34949163331853267,130,98,176,0.8182052203587123,0.791785717010498,0.8302855491638184,outer_holdout_beta_F
weight_0026,grid,0.1,0.4,0.5,beta_F,7,0.43050500491968086,0.34603656847354325,0.33313774796247314,127,106,179,0.8096288357462201,0.7679575085639954,0.8198257684707642,outer_holdout_beta_F
weight_0027,grid,0.1,0.45,0.45,beta_F,7,0.42089542036910454,0.3273346877212423,0.30244428801650425,117,121,189,0.8028369460787091,0.7543579339981079,0.8182036876678467,outer_holdout_beta_F
weight_0028,grid,0.1,0.5,0.4,beta_F,7,0.36397739857042183,0.35083754527452005,0.2808800991072999,118,224,188,0.7829670906066895,0.687792181968689,0.8147705793380737,outer_holdout_beta_F
weight_0029,grid,0.1,0.55,0.35000000000000003,beta_F,7,0.3505693771258574,0.3182900852648752,0.24723195557435987,101,236,205,0.7778125149863107,0.6718562841415405,0.8188949823379517,outer_holdout_beta_F
weight_0030,grid,0.1,0.6000000000000001,0.30000000000000004,beta_F,7,0.3434960207087547,0.28721201301033233,0.2274856701006822,91,223,215,0.7767412832805088,0.673071026802063,0.8128148317337036,outer_holdout_beta_F
weight_0031,grid,0.1,0.65,0.25,beta_F,7,0.3255207370304444,0.34533712972368436,0.20635157616371616,88,547,218,0.7367749214172363,0.658627986907959,0.8129063248634338,outer_holdout_beta_F
weight_0032,grid,0.1,0.7000000000000001,0.2,beta_F,7,0.2984522959975625,0.42070487682252383,0.20497479467593724,99,666,207,0.7109533633504596,0.6477923393249512,0.8098915815353394,outer_holdout_beta_F
weight_0033,grid,0.1,0.75,0.15000000000000002,beta_F,7,0.2640430894813726,0.5567422250951662,0.24632877352621568,159,775,147,0.6701647383826119,0.6302584409713745,0.7950868606567383,outer_holdout_beta_F
weight_0034,grid,0.1,0.8,0.1,beta_F,7,0.2972226324400237,0.5010591108238167,0.23282139453415843,127,705,179,0.682834769998278,0.618407130241394,0.7888137698173523,outer_holdout_beta_F
weight_0035,grid,0.1,0.8500000000000001,0.05,beta_F,7,0.25474473696361133,0.5225685556273791,0.22511261412717,136,844,170,0.6541687164987836,0.6142500638961792,0.7825743556022644,outer_holdout_beta_F
weight_0036,grid,0.15000000000000002,0.05,0.8,beta_F,7,0.6826341028214564,0.6365241686418157,0.6386527843838499,222,31,84,0.8903380972998483,0.885337233543396,0.9010818004608154,outer_holdout_beta_F
weight_0037,grid,0.15000000000000002,0.1,0.75,beta_F,7,0.6753151336813014,0.6511359210350806,0.6450085832100266,239,38,67,0.852044131074633,0.8443601131439209,0.8551939725875854,outer_holdout_beta_F
weight_0038,grid,0.15000000000000002,0.15000000000000002,0.7000000000000001,beta_F,7,0.606855399831864,0.6495224756569293,0.5967809429348133,239,78,67,0.8113492386681693,0.7888803482055664,0.8212583065032959,outer_holdout_beta_F
weight_0039,grid,0.15000000000000002,0.2,0.65,beta_F,7,0.556622129531977,0.6579503801520608,0.5865883037839617,253,88,53,0.7747384905815125,0.7646662592887878,0.789804220199585,outer_holdout_beta_F
weight_0040,grid,0.15000000000000002,0.25,0.6000000000000001,beta_F,7,0.5493897559023609,0.6199789249032948,0.5689026803446599,237,83,69,0.7587279166494098,0.7566256523132324,0.7646817564964294,outer_holdout_beta_F
weight_0041,grid,0.15000000000000002,0.30000000000000004,0.55,beta_F,7,0.5140576651296483,0.6154028791003581,0.5396770671963377,223,101,83,0.7410260949816022,0.7313565611839294,0.7450021505355835,outer_holdout_beta_F
weight_0042,grid,0.15000000000000002,0.35000000000000003,0.5,beta_F,7,0.4951875255596744,0.5772968469439057,0.5084253479225991,211,109,95,0.7241854752813067,0.7164047360420227,0.7256577014923096,outer_holdout_beta_F
weight_0043,grid,0.15000000000000002,0.4,0.45,beta_F,7,0.45350991097067667,0.448300448384482,0.42540060424875115,187,105,119,0.7251348921230861,0.7184961438179016,0.7619631290435791,outer_holdout_beta_F
weight_0044,grid,0.15000000000000002,0.45,0.4,beta_F,7,0.4420261451063466,0.41938541570474347,0.4016584004023012,172,103,134,0.7232146177973066,0.7043187618255615,0.7569539546966553,outer_holdout_beta_F
weight_0045,grid,0.15000000000000002,0.5,0.35000000000000003,beta_F,7,0.4545010509387916,0.3756932721806671,0.36491043757997643,141,94,165,0.7288655808993748,0.689239501953125,0.7451849579811096,outer_holdout_beta_F
weight_0046,grid,0.15000000000000002,0.55,0.30000000000000004,beta_F,7,0.43233848157704413,0.3443430910825868,0.3343954232717169,130,93,176,0.724476294858115,0.6743563413619995,0.7402010560035706,outer_holdout_beta_F
weight_0047,grid,0.15000000000000002,0.6000000000000001,0.25,beta_F,7,0.48645034682430355,0.34857194159715166,0.38410143596808444,129,64,177,0.7204806804656982,0.7147231101989746,0.729738712310791,outer_holdout_beta_F
weight_0048,grid,0.15000000000000002,0.65,0.2,beta_F,7,0.46280590158141177,0.34529489744615793,0.3627834304666484,128,85,178,0.7092203753335136,0.6986052989959717,0.7254650592803955,outer_holdout_beta_F
weight_0049,grid,0.15000000000000002,0.7000000000000001,0.15000000000000002,beta_F,7,0.3997838972987569,0.3529107848267512,0.31755279240672757,133,158,173,0.693119730268206,0.5984745025634766,0.709267258644104,outer_holdout_beta_F
weight_0050,grid,0.15000000000000002,0.75,0.1,beta_F,7,0.3752964951964275,0.3423839074091175,0.29856064006261634,118,157,188,0.6875576462064471,0.6167206168174744,0.7221559286117554,outer_holdout_beta_F
weight_0051,grid,0.15000000000000002,0.8,0.05,beta_F,7,0.35543657023248854,0.3418332871610183,0.2894195784885644,122,178,184,0.6794312596321106,0.6068169474601746,0.7081189751625061,outer_holdout_beta_F
weight_0052,grid,0.2,0.05,0.75,beta_F,7,0.6740188383045526,0.6398182862888745,0.6350474328035284,223,33,83,0.8660230551447187,0.8601057529449463,0.8816367983818054,outer_holdout_beta_F
weight_0053,grid,0.2,0.1,0.7000000000000001,beta_F,7,0.5979700113047361,0.6262888745241686,0.600892201027161,240,38,66,0.8271847367286682,0.819872260093689,0.8311910629272461,outer_holdout_beta_F
weight_0054,grid,0.2,0.15000000000000002,0.65,beta_F,7,0.6729509946554147,0.6584636521275176,0.6490470539202181,244,40,62,0.784925103187561,0.7841598987579346,0.7882684469223022,outer_holdout_beta_F
weight_0055,grid,0.2,0.2,0.6000000000000001,beta_F,7,0.606855399831864,0.6495224756569293,0.5967809429348133,239,78,67,0.7484656742640904,0.7185071110725403,0.7616777420043945,outer_holdout_beta_F
weight_0056,grid,0.2,0.25,0.55,beta_F,7,0.5539929717978499,0.6702134187008136,0.5904766898510904,257,90,49,0.7034876431737628,0.6937099695205688,0.732610821723938,outer_holdout_beta_F
weight_0057,grid,0.2,0.30000000000000004,0.5,beta_F,7,0.5664883479251595,0.6366789382419634,0.5852965428775204,243,78,63,0.6948502148900714,0.6893333792686462,0.7117244601249695,outer_holdout_beta_F
weight_0058,grid,0.2,0.35000000000000003,0.45,beta_F,7,0.5520170574830883,0.6424857122336114,0.5811833669891271,235,89,71,0.6714475154876709,0.6701197624206543,0.6735490560531616,outer_holdout_beta_F
weight_0059,grid,0.2,0.4,0.4,beta_F,7,0.521075905465861,0.6130829767804558,0.5450597569722536,223,96,83,0.657012266772134,0.6418087482452393,0.6600028276443481,outer_holdout_beta_F
weight_0060,grid,0.2,0.45,0.35000000000000003,beta_F,7,0.509284728501165,0.6065470290680375,0.5338068765059916,220,105,86,0.6362463406154087,0.6345031261444092,0.6379950642585754,outer_holdout_beta_F
weight_0061,grid,0.2,0.5,0.30000000000000004,beta_F,7,0.4966759135742582,0.5180926319245647,0.4946553652965466,199,97,107,0.6358780435153416,0.6333669424057007,0.649613082408905,outer_holdout_beta_F
weight_0062,grid,0.2,0.55,0.25,beta_F,7,0.462369178440607,0.46404007756948934,0.4467149372511656,189,106,117,0.6296524150030953,0.6180036664009094,0.6574978232383728,outer_holdout_beta_F
weight_0063,grid,0.2,0.6000000000000001,0.2,beta_F,7,0.439317668344498,0.42890922522855296,0.4017983153732427,175,112,131,0.6278033682278225,0.6057584285736084,0.670648992061615,outer_holdout_beta_F
weight_0064,grid,0.2,0.65,0.15000000000000002,beta_F,7,0.4624542124542125,0.4031218436092386,0.38456331109536873,149,109,157,0.6297163622719901,0.6035332679748535,0.6650047302246094,outer_holdout_beta_F
weight_0065,grid,0.2,0.7000000000000001,0.1,beta_F,7,0.4426702297662288,0.34538350724905353,0.3288429867973465,131,106,175,0.6389295714242118,0.5829907655715942,0.6642413139343262,outer_holdout_beta_F
weight_0066,grid,0.2,0.75,0.05,beta_F,7,0.42175804356481733,0.3678106114240568,0.3390832054291702,138,120,168,0.6256738901138306,0.5581746101379395,0.6460915207862854,outer_holdout_beta_F
weight_0067,grid,0.25,0.05,0.7000000000000001,beta_F,7,0.6841767476221258,0.6582235150470445,0.655567245684227,239,30,67,0.8436033214841571,0.8409208059310913,0.8496255874633789,outer_holdout_beta_F
weight_0068,grid,0.25,0.1,0.65,beta_F,7,0.6862605451138586,0.6478182862888745,0.648754110339788,230,30,76,0.8018960782459804,0.7965697050094604,0.8152120113372803,outer_holdout_beta_F
weight_0069,grid,0.25,0.15000000000000002,0.6000000000000001,beta_F,7,0.7003687061314497,0.6471705605319051,0.6606671231507243,237,27,69,0.7703097973551069,0.7703033089637756,0.7703487277030945,outer_holdout_beta_F
weight_0070,grid,0.25,0.2,0.55,beta_F,7,0.6773177304782825,0.6365327464319062,0.6378548581020305,228,38,78,0.7347573467663356,0.7270222306251526,0.7535305619239807,outer_holdout_beta_F
weight_0071,grid,0.25,0.25,0.5,beta_F,7,0.605860824786656,0.6495224756569293,0.5959698830269792,239,79,67,0.6859481760433742,0.6481338739395142,0.7020971775054932,outer_holdout_beta_F
weight_0072,grid,0.25,0.30000000000000004,0.45,beta_F,7,0.55429094714809,0.6584636521275176,0.5813776554936018,244,91,62,0.6393955264772687,0.6245065331459045,0.6765828728675842,outer_holdout_beta_F
weight_0073,grid,0.25,0.35000000000000003,0.4,beta_F,7,0.558801392558183,0.6485236761371215,0.584742503018197,247,86,59,0.620868810585567,0.6131124496459961,0.6362647414207458,outer_holdout_beta_F
weight_0074,grid,0.25,0.4,0.35000000000000003,beta_F,7,0.5510627129343109,0.6168043217286916,0.5680557179459443,236,81,70,0.6094692860330854,0.6079962253570557,0.6158468723297119,outer_holdout_beta_F
weight_0075,grid,0.25,0.45,0.30000000000000004,beta_F,7,0.5487578757875787,0.6290798165420014,0.57199510686722,230,89,76,0.5894726514816284,0.5871425867080688,0.5904568433761597,outer_holdout_beta_F
weight_0076,grid,0.25,0.5,0.25,beta_F,7,0.5081249815943693,0.6077240742450826,0.5300033162404264,219,101,87,0.5713585444859096,0.5522609353065491,0.5795482397079468,outer_holdout_beta_F
weight_0077,grid,0.25,0.55,0.2,beta_F,7,0.4896601552047096,0.5755212854372518,0.5006273514755156,215,114,91,0.5567430853843689,0.5443254709243774,0.6051942110061646,outer_holdout_beta_F
weight_0078,grid,0.25,0.6000000000000001,0.15000000000000002,beta_F,7,0.46292088942149257,0.5364079990970747,0.4594342266443507,199,124,107,0.5503110545022147,0.5226062536239624,0.6039540767669678,outer_holdout_beta_F
weight_0079,grid,0.25,0.65,0.1,beta_F,7,0.4639510745741136,0.4890858292034763,0.4533153633153633,198,111,108,0.5450247781617301,0.5361380577087402,0.588421642780304,outer_holdout_beta_F
weight_0080,grid,0.25,0.7000000000000001,0.05,beta_F,7,0.4495786194227876,0.4572192158914848,0.42453174917275055,189,108,117,0.5468781845910209,0.521668016910553,0.6040244102478027,outer_holdout_beta_F
weight_0081,grid,0.30000000000000004,0.05,0.65,beta_F,7,0.6786916689646719,0.6593663721899016,0.6518478454371378,240,30,66,0.8241670046533857,0.8150783181190491,0.8274883031845093,outer_holdout_beta_F
weight_0082,grid,0.30000000000000004,0.1,0.6000000000000001,beta_F,7,0.6826341028214564,0.6365241686418157,0.6386527843838499,222,31,84,0.7806761860847473,0.7706744074821472,0.8021636009216309,outer_holdout_beta_F
weight_0083,grid,0.30000000000000004,0.15000000000000002,0.55,beta_F,7,0.5979700113047361,0.6262888745241686,0.600892201027161,240,38,66,0.7407771519252232,0.7298083901405334,0.7467866539955139,outer_holdout_beta_F
weight_0084,grid,0.30000000000000004,0.2,0.5,beta_F,7,0.6753151336813014,0.6511359210350806,0.6450085832100266,239,38,67,0.7040882621492658,0.6887202858924866,0.7103879451751709,outer_holdout_beta_F
weight_0085,grid,0.30000000000000004,0.25,0.45,beta_F,7,0.6781460196438126,0.6397446978791516,0.6422263821947208,234,37,72,0.6711768252508981,0.668806791305542,0.6779012680053711,outer_holdout_beta_F
weight_0086,grid,0.30000000000000004,0.30000000000000004,0.4,beta_F,7,0.6026621715880028,0.6359170334800587,0.5870445503258855,237,80,69,0.6234780464853559,0.5777606964111328,0.6453606486320496,outer_holdout_beta_F
weight_0087,grid,0.30000000000000004,0.35000000000000003,0.35000000000000003,beta_F,7,0.5497420495094915,0.6552218220621582,0.5764550124472818,242,92,64,0.5811418294906616,0.5665128827095032,0.6297145485877991,outer_holdout_beta_F
weight_0088,grid,0.30000000000000004,0.4,0.30000000000000004,beta_F,7,0.5472875699200342,0.6408075230092037,0.5683449982128084,238,93,68,0.5562899368149894,0.5293325781822205,0.5948306322097778,outer_holdout_beta_F
weight_0089,grid,0.30000000000000004,0.45,0.25,beta_F,7,0.5578291395609628,0.6366789382419634,0.5782073528272488,243,84,63,0.5429707254682269,0.5388680696487427,0.5675866603851318,outer_holdout_beta_F
weight_0090,grid,0.30000000000000004,0.5,0.2,beta_F,7,0.5316585370817728,0.6168043217286916,0.5551874363684688,236,91,70,0.5216335909707206,0.519910991191864,0.5293635129928589,outer_holdout_beta_F
weight_0091,grid,0.30000000000000004,0.55,0.15000000000000002,beta_F,7,0.5223130851783676,0.630760488810909,0.5520537142992451,231,103,75,0.5026853084564209,0.500586748123169,0.5088286399841309,outer_holdout_beta_F
weight_0092,grid,0.30000000000000004,0.6000000000000001,0.1,beta_F,7,0.49018788889999537,0.6197203394178185,0.5234383823787386,225,120,81,0.4808913256440844,0.4627131223678589,0.4929064214229584,outer_holdout_beta_F
weight_0093,grid,0.30000000000000004,0.65,0.05,beta_F,7,0.49246711115049857,0.6128962354172438,0.5240813051919991,222,118,84,0.47187982712473187,0.4689333140850067,0.4730333685874939,outer_holdout_beta_F
weight_0094,grid,0.35000000000000003,0.05,0.6000000000000001,beta_F,7,0.6782444202977633,0.6550489118724413,0.6493652058731894,238,30,68,0.8062937259674072,0.7937339544296265,0.8095748424530029,outer_holdout_beta_F
weight_0095,grid,0.35000000000000003,0.1,0.55,beta_F,7,0.6717662362823652,0.6370619837678662,0.6322331102973401,222,34,84,0.7564477579934257,0.7427151203155518,0.7800612449645996,outer_holdout_beta_F
weight_0096,grid,0.35000000000000003,0.15000000000000002,0.5,beta_F,7,0.6037866898674469,0.6273645047762695,0.6045272483791229,240,35,66,0.7124520199639457,0.7026408910751343,0.7363194823265076,outer_holdout_beta_F
weight_0097,grid,0.35000000000000003,0.2,0.45,beta_F,7,0.6842366277107607,0.6426663588512328,0.6479819799739094,234,31,72,0.6846028992107936,0.6719536781311035,0.6878250241279602,outer_holdout_beta_F
weight_0098,grid,0.35000000000000003,0.25,0.4,beta_F,7,0.6778280884172679,0.6528165933039881,0.6483144036430771,240,37,66,0.6407799891063145,0.6340062618255615,0.645482063293457,outer_holdout_beta_F
weight_0099,grid,0.35000000000000003,0.30000000000000004,0.35000000000000003,beta_F,7,0.6707859438708683,0.6328875550220088,0.6334641016069343,228,38,78,0.6169651321002415,0.6097939014434814,0.6352303624153137,outer_holdout_beta_F
weight_0100,grid,0.35000000000000003,0.35000000000000003,0.30000000000000004,beta_F,7,0.6185311800958664,0.622765106042417,0.5933230459130961,234,65,72,0.5727272033691406,0.5073874592781067,0.5934471487998962,outer_holdout_beta_F
weight_0101,grid,0.35000000000000003,0.4,0.25,beta_F,7,0.5512058001752387,0.64009577164199,0.5652013018290886,233,90,73,0.5250995670046125,0.4957466125488281,0.5640247464179993,outer_holdout_beta_F
weight_0102,grid,0.35000000000000003,0.45,0.2,beta_F,7,0.5097534176210352,0.653124983326664,0.5513016919381486,247,112,59,0.4852788874081203,0.4544042944908142,0.5205581784248352,outer_holdout_beta_F
weight_0103,grid,0.35000000000000003,0.5,0.15000000000000002,beta_F,7,0.5163414715368021,0.6496665332799786,0.5581214457794806,248,104,58,0.4682672790118626,0.4586711823940277,0.5025703310966492,outer_holdout_beta_F
weight_0104,grid,0.35000000000000003,0.55,0.1,beta_F,7,0.5029684221619706,0.6224513805522209,0.5368372412841177,240,106,66,0.4528875308377402,0.4239674508571625,0.4735963046550751,outer_holdout_beta_F
weight_0105,grid,0.35000000000000003,0.6000000000000001,0.05,beta_F,7,0.5083077233933188,0.6611535280778978,0.554762511065032,241,114,65,0.43336550678525654,0.43321335315704346,0.4342784285545349,outer_holdout_beta_F
weight_0106,grid,0.4,0.05,0.55,beta_F,7,0.6849220848324965,0.6441955038425627,0.6472112344560415,233,27,73,0.7910234587533134,0.7744196653366089,0.7984485626220703,outer_holdout_beta_F
weight_0107,grid,0.4,0.1,0.5,beta_F,7,0.6710526315789475,0.626372908137614,0.6243594102789418,215,34,91,0.735656031540462,0.7202115058898926,0.7705458998680115,outer_holdout_beta_F
weight_0108,grid,0.4,0.15000000000000002,0.45,beta_F,7,0.6781871005978148,0.6438518997342527,0.6407831081349668,227,33,79,0.6910730259759086,0.676849365234375,0.7158154249191284,outer_holdout_beta_F
weight_0109,grid,0.4,0.2,0.4,beta_F,7,0.60170817026145,0.6262888745241686,0.6032623798679281,240,36,66,0.6501524022647313,0.6427013278007507,0.662382185459137,outer_holdout_beta_F
weight_0110,grid,0.4,0.25,0.35000000000000003,beta_F,7,0.6869538410975675,0.6486644914376007,0.6526648895482777,237,32,69,0.6240933452333722,0.6225454807281494,0.6266117691993713,outer_holdout_beta_F
weight_0111,grid,0.4,0.30000000000000004,0.30000000000000004,beta_F,7,0.661122807175049,0.6375560891023077,0.626519886111046,229,43,77,0.5803149938583374,0.56854248046875,0.6066473722457886,outer_holdout_beta_F
weight_0112,grid,0.4,0.35000000000000003,0.25,beta_F,7,0.6509105749542908,0.6237991196478591,0.6166646319680567,225,45,81,0.5613696830613273,0.5533823370933533,0.5876820087432861,outer_holdout_beta_F
weight_0113,grid,0.4,0.4,0.2,beta_F,7,0.5639063714287812,0.6211815392823796,0.5583359877205372,230,92,76,0.5037643015384674,0.43701422214508057,0.5358183979988098,outer_holdout_beta_F
weight_0114,grid,0.4,0.45,0.15000000000000002,beta_F,7,0.516344392494279,0.6645812991863412,0.5579095273061536,247,113,59,0.44957066008022856,0.4285675883293152,0.5055606365203857,outer_holdout_beta_F
weight_0115,grid,0.4,0.5,0.1,beta_F,7,0.496265152269824,0.6707512338268641,0.5488179772416816,257,125,49,0.4054334248815264,0.3809289038181305,0.44577664136886597,outer_holdout_beta_F
weight_0116,grid,0.4,0.55,0.05,beta_F,7,0.49283632765237745,0.6530278778177939,0.5420911500198888,250,123,56,0.3933889738151005,0.3766701817512512,0.42590025067329407,outer_holdout_beta_F
weight_0117,grid,0.45,0.05,0.5,beta_F,7,0.6890996600791616,0.6238780435251023,0.6356199426982062,217,26,89,0.7727974312646049,0.7637500762939453,0.7978843450546265,outer_holdout_beta_F
weight_0118,grid,0.45,0.1,0.45,beta_F,7,0.6726689110699053,0.6400050276520864,0.634769059138807,224,33,82,0.7174903920718602,0.6995715498924255,0.7472257614135742,outer_holdout_beta_F
weight_0119,grid,0.45,0.15000000000000002,0.4,beta_F,7,0.6740086931434152,0.6365241686418157,0.6334125902488416,222,34,84,0.6710309641701835,0.6560115814208984,0.7032454013824463,outer_holdout_beta_F
weight_0120,grid,0.45,0.2,0.35000000000000003,beta_F,7,0.5889922554015881,0.6160703871292107,0.587593483175627,232,40,74,0.6323804429599217,0.6133797764778137,0.6546347141265869,outer_holdout_beta_F
weight_0121,grid,0.45,0.25,0.30000000000000004,beta_F,7,0.5951113717860744,0.6112695334544075,0.5919076005112406,235,38,71,0.6027711118970599,0.5964374542236328,0.6323795318603516,outer_holdout_beta_F
weight_0122,grid,0.45,0.30000000000000004,0.25,beta_F,7,0.5619789776375665,0.6130686941443244,0.5696177345179084,235,55,71,0.559663610798972,0.5330804586410522,0.5942906141281128,outer_holdout_beta_F
weight_0123,grid,0.45,0.35000000000000003,0.2,beta_F,7,0.6524235652393002,0.6045647592370281,0.606909370014715,218,40,88,0.5511909212384906,0.529418408870697,0.5598999261856079,outer_holdout_beta_F
weight_0124,grid,0.45,0.4,0.15000000000000002,beta_F,7,0.5660973624262505,0.616809657196212,0.5557374755278913,223,86,83,0.4888842446463449,0.37206077575683594,0.5330424904823303,outer_holdout_beta_F
weight_0125,grid,0.45,0.45,0.1,beta_F,7,0.5250773489659665,0.6648085901027078,0.5525674890573117,242,113,64,0.4097591979163034,0.36664098501205444,0.4617099463939667,outer_holdout_beta_F
weight_0126,grid,0.45,0.5,0.05,beta_F,7,0.5009269492550803,0.6651191143123916,0.5451741125929053,247,124,59,0.38165220618247986,0.3585137128829956,0.4514605700969696,outer_holdout_beta_F
weight_0127,grid,0.5,0.05,0.45,beta_F,7,0.6736832490433244,0.6070713208360267,0.6146004048558049,207,30,99,0.7607720409120832,0.7362744212150574,0.7835284471511841,outer_holdout_beta_F
weight_0128,grid,0.5,0.1,0.4,beta_F,7,0.6504012752133053,0.6254840192487252,0.6107092447132291,216,40,90,0.6980399574552264,0.6692041158676147,0.7355622053146362,outer_holdout_beta_F
weight_0129,grid,0.5,0.15000000000000002,0.35000000000000003,beta_F,7,0.6635686590058406,0.6211889678948503,0.6195392923975972,217,35,89,0.6665854624339512,0.6286761164665222,0.6807498931884766,outer_holdout_beta_F
weight_0130,grid,0.5,0.2,0.30000000000000004,beta_F,7,0.5880805551691628,0.5994055878761761,0.5786488092461409,225,38,81,0.6213427611759731,0.5964277982711792,0.6348476409912109,outer_holdout_beta_F
weight_0131,grid,0.5,0.25,0.25,beta_F,7,0.5611062992836392,0.6262888745241686,0.5761476349517288,240,53,66,0.5706130521638053,0.5496806502342224,0.5965358018875122,outer_holdout_beta_F
weight_0132,grid,0.5,0.30000000000000004,0.2,beta_F,7,0.6443349753694582,0.6404478714562749,0.622216389257738,233,46,73,0.5415678194590977,0.5406065583229065,0.5472444891929626,outer_holdout_beta_F
weight_0133,grid,0.5,0.35000000000000003,0.15000000000000002,beta_F,7,0.5703479723534135,0.6312068827531012,0.565217114156777,227,86,79,0.48562327453068327,0.34328097105026245,0.5218157768249512,outer_holdout_beta_F
weight_0134,grid,0.5,0.4,0.1,beta_F,7,0.5748559572543022,0.6092332933173269,0.5584888531197352,219,79,87,0.47737857699394226,0.33273717761039734,0.5068635940551758,outer_holdout_beta_F
weight_0135,grid,0.5,0.45,0.05,beta_F,7,0.5310377880134973,0.6358626117113513,0.5419102931726897,232,115,74,0.4044886018548693,0.31703415513038635,0.4579278826713562,outer_holdout_beta_F
weight_0136,grid,0.55,0.05,0.4,beta_F,7,0.667756096762182,0.6024027867557279,0.6088537269295592,206,32,100,0.7416083216667175,0.7174596786499023,0.7655858397483826,outer_holdout_beta_F
weight_0137,grid,0.55,0.1,0.35000000000000003,beta_F,7,0.6773216832918326,0.6287109100050277,0.6292761852240399,216,32,90,0.6863597546304975,0.6706569194793701,0.7159098982810974,outer_holdout_beta_F
weight_0138,grid,0.55,0.15000000000000002,0.30000000000000004,beta_F,7,0.6616341506474432,0.5904737484737484,0.597842916139948,201,35,105,0.65635427406856,0.6119771599769592,0.684361457824707,outer_holdout_beta_F
weight_0139,grid,0.55,0.2,0.25,beta_F,7,0.5790199817508893,0.5881114702291174,0.5646677614065311,217,41,89,0.605434272970472,0.5681923627853394,0.6225213408470154,outer_holdout_beta_F
weight_0140,grid,0.55,0.25,0.2,beta_F,7,0.5498248685986213,0.6251460173813115,0.5666542734012355,239,59,67,0.545358419418335,0.5274798274040222,0.5783000588417053,outer_holdout_beta_F
weight_0141,grid,0.55,0.30000000000000004,0.15000000000000002,beta_F,7,0.5511951444333146,0.6144441366290107,0.5634366251004274,236,58,70,0.5216456566538129,0.5156738758087158,0.5508995652198792,outer_holdout_beta_F
weight_0142,grid,0.55,0.35000000000000003,0.1,beta_F,7,0.5559119403168651,0.6421499266373216,0.5611843608415026,236,101,70,0.45075287563460215,0.2610167860984802,0.4898574948310852,outer_holdout_beta_F
weight_0143,grid,0.55,0.4,0.05,beta_F,7,0.49707748838234334,0.601841803388022,0.5066635229474004,228,105,78,0.42578794275011334,0.277586966753006,0.4772561490535736,outer_holdout_beta_F
weight_0144,grid,0.6000000000000001,0.05,0.35000000000000003,beta_F,7,0.662806091812177,0.6024027867557279,0.6053651520124129,206,34,100,0.7324351583208356,0.699028491973877,0.7494365572929382,outer_holdout_beta_F
weight_0145,grid,0.6000000000000001,0.1,0.30000000000000004,beta_F,7,0.6499233267314465,0.5892263161674928,0.585428679212372,194,38,112,0.6731160112789699,0.6329635381698608,0.7408459782600403,outer_holdout_beta_F
weight_0146,grid,0.6000000000000001,0.15000000000000002,0.25,beta_F,7,0.6532295023272467,0.6104998922645982,0.6051290516168838,210,40,96,0.629236774785178,0.5949989557266235,0.6558188199996948,outer_holdout_beta_F
weight_0147,grid,0.6000000000000001,0.2,0.2,beta_F,7,0.6222401030931336,0.6230339725633843,0.5901529887736785,216,54,90,0.5892556224550519,0.5280243754386902,0.6102685332298279,outer_holdout_beta_F
weight_0148,grid,0.6000000000000001,0.25,0.15000000000000002,beta_F,7,0.5386341013888118,0.6097211807800044,0.5501571106427087,230,61,76,0.5292346818106515,0.4774826765060425,0.5515420436859131,outer_holdout_beta_F
weight_0149,grid,0.6000000000000001,0.30000000000000004,0.1,beta_F,7,0.5023614894321895,0.6317833800186742,0.5257296113903444,241,106,65,0.4587543436459133,0.24571669101715088,0.5235164165496826,outer_holdout_beta_F
weight_0150,grid,0.6000000000000001,0.35000000000000003,0.05,beta_F,7,0.4598446573216954,0.6290270774976657,0.4907899157821465,240,128,66,0.38915173070771353,0.2297828644514084,0.5083900690078735,outer_holdout_beta_F
weight_0151,grid,0.65,0.05,0.30000000000000004,beta_F,7,0.648551789044882,0.6106194067370538,0.6010092693352511,210,40,96,0.7162882600511823,0.6759802103042603,0.7311046123504639,outer_holdout_beta_F
weight_0152,grid,0.65,0.1,0.25,beta_F,7,0.6616754590438801,0.599683832507362,0.5953795569322619,194,37,112,0.6592374614306858,0.631838858127594,0.7277339696884155,outer_holdout_beta_F
weight_0153,grid,0.65,0.15000000000000002,0.2,beta_F,7,0.628034540766181,0.6103131509013863,0.5863166367500705,209,50,97,0.6116778424807957,0.5531767010688782,0.645571768283844,outer_holdout_beta_F
weight_0154,grid,0.65,0.2,0.15000000000000002,beta_F,7,0.6039686110358023,0.6320199669611435,0.5811535855331537,219,66,87,0.5522543277059283,0.5079634189605713,0.5934461355209351,outer_holdout_beta_F
weight_0155,grid,0.65,0.25,0.1,beta_F,7,0.5305289651234683,0.6086754291460174,0.540103608733912,226,68,80,0.5012300738266536,0.46811190247535706,0.5410630106925964,outer_holdout_beta_F
weight_0156,grid,0.65,0.30000000000000004,0.05,beta_F,7,0.5725795156772386,0.6597174459527401,0.5885113731982358,239,75,67,0.45193266017096384,0.42588990926742554,0.46366387605667114,outer_holdout_beta_F
weight_0157,grid,0.7000000000000001,0.05,0.25,beta_F,7,0.6483097785642762,0.5529536737772032,0.5602627567246904,178,38,128,0.7049899016107831,0.6563619375228882,0.7579047679901123,outer_holdout_beta_F
weight_0158,grid,0.7000000000000001,0.1,0.2,beta_F,7,0.6612649046859573,0.6442926093514328,0.6321422898831637,230,38,76,0.6403143746512276,0.6375535726547241,0.6413286328315735,outer_holdout_beta_F
weight_0159,grid,0.7000000000000001,0.15000000000000002,0.15000000000000002,beta_F,7,0.6011896123107393,0.6053981182216477,0.5590115764684811,199,65,107,0.5928057602473668,0.5335694551467896,0.6531499624252319,outer_holdout_beta_F
weight_0160,grid,0.7000000000000001,0.2,0.1,beta_F,7,0.6020325524576028,0.6290438842203548,0.574924580255918,214,68,92,0.5132749634129661,0.484764963388443,0.5851887464523315,outer_holdout_beta_F
weight_0161,grid,0.7000000000000001,0.25,0.05,beta_F,7,0.596428228579868,0.6420186741363212,0.5794955966361732,223,73,83,0.4778286133493696,0.44279712438583374,0.5229167342185974,outer_holdout_beta_F
weight_0162,grid,0.75,0.05,0.2,beta_F,7,0.6469652570297184,0.6226156719097896,0.6088443360758216,216,41,90,0.6835732545171466,0.6535820364952087,0.694247841835022,outer_holdout_beta_F
weight_0163,grid,0.75,0.1,0.15000000000000002,beta_F,7,0.6259874000424915,0.6017379875026935,0.5757374587949531,197,50,109,0.6318605457033429,0.5903745889663696,0.6960573196411133,outer_holdout_beta_F
weight_0164,grid,0.75,0.15000000000000002,0.1,beta_F,7,0.5941387355857675,0.627295985060691,0.567259570512796,212,70,94,0.5426896895681109,0.5038061738014221,0.6051988005638123,outer_holdout_beta_F
weight_0165,grid,0.75,0.2,0.05,beta_F,7,0.5946439014202173,0.6318674136321195,0.5710013488972658,216,74,90,0.4907516709395817,0.45956429839134216,0.5598015189170837,outer_holdout_beta_F
weight_0166,grid,0.8,0.05,0.15000000000000002,beta_F,7,0.6147421508285854,0.5968378941320118,0.5650646801484791,197,55,109,0.6700550317764282,0.6167604923248291,0.7314811944961548,outer_holdout_beta_F
weight_0167,grid,0.8,0.1,0.1,beta_F,7,0.6106100813531155,0.5927968110321051,0.5582710007079755,192,57,114,0.6117183566093445,0.548839271068573,0.6802189350128174,outer_holdout_beta_F
weight_0168,grid,0.8,0.15000000000000002,0.05,beta_F,7,0.5952088341389824,0.6069262371615313,0.5524759469004994,197,69,109,0.5415675001485007,0.4953603446483612,0.6371762752532959,outer_holdout_beta_F
weight_0169,grid,0.8500000000000001,0.05,0.1,beta_F,7,0.612117496571278,0.5647973856209151,0.5422289430414104,181,55,125,0.6547987120492118,0.6003172397613525,0.7172242999076843,outer_holdout_beta_F
weight_0170,grid,0.8500000000000001,0.1,0.05,beta_F,7,0.6035244271789953,0.5960056022408963,0.5526015885806378,191,62,115,0.5988867197717939,0.5276765823364258,0.6712154150009155,outer_holdout_beta_F
weight_0171,grid,0.9,0.05,0.05,beta_F,7,0.5928567696818563,0.5989262371615313,0.5425899387860702,190,70,116,0.6164737939834595,0.5794238448143005,0.7062004804611206,outer_holdout_beta_F
weight_0001,grid,0.05,0.05,0.9,beta_G,7,0.6342924310602639,0.678212739641311,0.6318193030101729,333,65,53,0.938628784247807,0.9296267628669739,0.9404194355010986,outer_holdout_beta_G
weight_0002,grid,0.05,0.1,0.8500000000000001,beta_G,7,0.5503863983930429,0.6499844282701426,0.5797619047619048,321,90,65,0.914502101285117,0.9104521870613098,0.9159096479415894,outer_holdout_beta_G
weight_0003,grid,0.05,0.15000000000000002,0.8,beta_G,7,0.4739237454257789,0.4828556522842237,0.45828756576425833,275,102,111,0.9072990076882499,0.9014396071434021,0.9125909209251404,outer_holdout_beta_G
weight_0004,grid,0.05,0.2,0.75,beta_G,7,0.5256124410259748,0.4036151467580039,0.4373071373071373,223,54,163,0.9077169980321612,0.9049077033996582,0.9096294641494751,outer_holdout_beta_G
weight_0005,grid,0.05,0.25,0.7000000000000001,beta_G,7,0.5088267494033734,0.33889878375592664,0.3788726264916741,197,79,189,0.9020437513078962,0.897571861743927,0.9073852896690369,outer_holdout_beta_G
weight_0006,grid,0.05,0.30000000000000004,0.65,beta_G,7,0.3835546510280783,0.3659543948115377,0.2995785449274582,189,221,197,0.8873777389526367,0.8371367454528809,0.9062255620956421,outer_holdout_beta_G
weight_0007,grid,0.05,0.35000000000000003,0.6000000000000001,beta_G,7,0.386079344042611,0.30683751169465456,0.25019119091983427,146,243,240,0.8833808898925781,0.8201320171356201,0.9049458503723145,outer_holdout_beta_G
weight_0008,grid,0.05,0.4,0.55,beta_G,7,0.326072078296269,0.5098397792683507,0.26680785956658504,183,725,203,0.8343688590185983,0.8073890209197998,0.8944069147109985,outer_holdout_beta_G
weight_0009,grid,0.05,0.45,0.5,beta_G,7,0.2992754641624688,0.5777070231355944,0.2833143116126541,252,803,134,0.8076276012829372,0.7930527925491333,0.888242244720459,outer_holdout_beta_G
weight_0010,grid,0.05,0.5,0.45,beta_G,7,0.2537287632357758,0.6634674848960563,0.327573092521041,323,875,63,0.7819212675094604,0.7801672220230103,0.7836101055145264,outer_holdout_beta_G
weight_0011,grid,0.05,0.55,0.4,beta_G,7,0.24703853935394346,0.6888740783026497,0.3208565034723764,330,977,56,0.7538823655673436,0.6903778314590454,0.7685726284980774,outer_holdout_beta_G
weight_0012,grid,0.05,0.6000000000000001,0.35000000000000003,beta_G,7,0.25095914024920435,0.6644413681556538,0.32582582364944573,327,897,59,0.7517392465046474,0.7516858577728271,0.7520595788955688,outer_holdout_beta_G
weight_0013,grid,0.05,0.65,0.30000000000000004,beta_G,7,0.24135407881715976,0.6698674975817832,0.31853292561591273,332,982,54,0.7231269649096898,0.7174997329711914,0.7350348830223083,outer_holdout_beta_G
weight_0014,grid,0.05,0.7000000000000001,0.25,beta_G,7,0.24070812581944526,0.6798448218448218,0.3188549854201237,334,1010,52,0.7061444180352348,0.7008877396583557,0.7180147171020508,outer_holdout_beta_G
weight_0015,grid,0.05,0.75,0.2,beta_G,7,0.24037704073375807,0.7133998382569811,0.31497294563989414,334,1123,52,0.6776289173534938,0.6668049693107605,0.7196128368377686,outer_holdout_beta_G
weight_0016,grid,0.05,0.8,0.15000000000000002,beta_G,7,0.23972391330816994,0.7178261421118564,0.32060488638736884,346,1096,40,0.6722392184393746,0.6717190742492676,0.6752071380615234,outer_holdout_beta_G
weight_0017,grid,0.05,0.8500000000000001,0.1,beta_G,7,0.23953650038450197,0.7246288632002917,0.32033978449635997,347,1117,39,0.6601061735834394,0.6560928225517273,0.6657822728157043,outer_holdout_beta_G
weight_0018,grid,0.05,0.9,0.05,beta_G,7,0.2321440812715041,0.7080726575012289,0.3128741534369343,349,1163,37,0.6413325071334839,0.6161475777626038,0.6811105608940125,outer_holdout_beta_G
weight_0019,grid,0.1,0.05,0.8500000000000001,beta_G,7,0.6078620938191772,0.6480697080697081,0.6199385029075642,329,43,57,0.9153649296079364,0.9136291146278381,0.9202505946159363,outer_holdout_beta_G
weight_0020,grid,0.1,0.1,0.8,beta_G,7,0.6342924310602639,0.678212739641311,0.6318193030101729,333,65,53,0.8772575770105634,0.8592535853385925,0.8808388710021973,outer_holdout_beta_G
weight_0021,grid,0.1,0.15000000000000002,0.75,beta_G,7,0.5892814378358479,0.6734500103071531,0.6158214061684376,341,74,45,0.8475028617041451,0.8460736870765686,0.8558622002601624,outer_holdout_beta_G
weight_0022,grid,0.1,0.2,0.7000000000000001,beta_G,7,0.5503863983930429,0.6499844282701426,0.5797619047619048,321,90,65,0.829004168510437,0.8209043741226196,0.8318192958831787,outer_holdout_beta_G
weight_0023,grid,0.1,0.25,0.65,beta_G,7,0.5226994875070295,0.5750147947290805,0.5373944716035158,306,102,80,0.8172957130840847,0.8166834115982056,0.820303738117218,outer_holdout_beta_G
weight_0024,grid,0.1,0.30000000000000004,0.6000000000000001,beta_G,7,0.4739237454257789,0.4828556522842237,0.45828756576425833,275,102,111,0.8145979983466012,0.8028792142868042,0.8251818418502808,outer_holdout_beta_G
weight_0025,grid,0.1,0.35000000000000003,0.55,beta_G,7,0.48504628777256914,0.3972127237841524,0.3928684734695664,226,71,160,0.8212144459996905,0.791785717010498,0.8319541215896606,outer_holdout_beta_G
weight_0026,grid,0.1,0.4,0.5,beta_G,7,0.5256124410259748,0.4036151467580039,0.4373071373071373,223,54,163,0.8154339960643223,0.8098154067993164,0.8192589282989502,outer_holdout_beta_G
weight_0027,grid,0.1,0.45,0.45,beta_G,7,0.5148298028888975,0.36019615305329594,0.3965344085241217,203,63,183,0.811899083001273,0.7955460548400879,0.8180404901504517,outer_holdout_beta_G
weight_0028,grid,0.1,0.5,0.4,beta_G,7,0.47667255439203554,0.36218502132787844,0.386133712744357,201,89,185,0.8005031432424273,0.795143723487854,0.8147705793380737,outer_holdout_beta_G
weight_0029,grid,0.1,0.55,0.35000000000000003,beta_G,7,0.38717930706326176,0.39263216148930435,0.32167896328030077,207,232,179,0.7773466450827462,0.6718562841415405,0.8025656938552856,outer_holdout_beta_G
weight_0030,grid,0.1,0.6000000000000001,0.30000000000000004,beta_G,7,0.38404875694387103,0.3746235034806463,0.30043492196103033,191,238,195,0.7725744247436523,0.6590057015419006,0.812451183795929,outer_holdout_beta_G
weight_0031,grid,0.1,0.65,0.25,beta_G,7,0.37270254655358126,0.36597748283462567,0.29075304275393327,187,252,199,0.7652553660529,0.658627986907959,0.8103613257408142,outer_holdout_beta_G
weight_0032,grid,0.1,0.7000000000000001,0.2,beta_G,7,0.3661590133670513,0.3319457368028797,0.2597455044723596,175,274,211,0.7605173587799072,0.6402640342712402,0.8098915815353394,outer_holdout_beta_G
weight_0033,grid,0.1,0.75,0.15000000000000002,beta_G,7,0.32226320109522105,0.43092206206491923,0.25382967618992464,212,577,174,0.7094792297908238,0.6588554382324219,0.8068767786026001,outer_holdout_beta_G
weight_0034,grid,0.1,0.8,0.1,beta_G,7,0.32638279048223023,0.46115671629957344,0.2652460080259084,179,614,207,0.697620017187936,0.6455056071281433,0.7888137698173523,outer_holdout_beta_G
weight_0035,grid,0.1,0.8500000000000001,0.05,beta_G,7,0.31704660450177785,0.4573459873459873,0.27223171932105805,195,511,191,0.7093183483396258,0.6480235457420349,0.7848445773124695,outer_holdout_beta_G
weight_0036,grid,0.15000000000000002,0.05,0.8,beta_G,7,0.6116717208971941,0.6150192030192031,0.6027923944002137,308,39,78,0.8950229968343463,0.885337233543396,0.9041548371315002,outer_holdout_beta_G
weight_0037,grid,0.15000000000000002,0.1,0.75,beta_G,7,0.6084997405876109,0.6399245833531548,0.6159736723982393,330,44,56,0.855433966432299,0.8501728773117065,0.8651195764541626,outer_holdout_beta_G
weight_0038,grid,0.15000000000000002,0.15000000000000002,0.7000000000000001,beta_G,7,0.6342924310602639,0.678212739641311,0.6318193030101729,333,65,53,0.8158863612583706,0.7888803482055664,0.8212583065032959,outer_holdout_beta_G
weight_0039,grid,0.15000000000000002,0.2,0.65,beta_G,7,0.5702653474844877,0.6886105957534528,0.6063587882808728,346,92,40,0.7739731073379517,0.765252947807312,0.7899268269538879,outer_holdout_beta_G
weight_0040,grid,0.15000000000000002,0.25,0.6000000000000001,beta_G,7,0.5747819199733418,0.6634726860441146,0.603913366034865,339,79,47,0.7603676404271807,0.7581140995025635,0.7646817564964294,outer_holdout_beta_G
weight_0041,grid,0.15000000000000002,0.30000000000000004,0.55,beta_G,7,0.5496481185849956,0.6499844282701426,0.5793783685581058,321,91,65,0.743506269795554,0.7313565611839294,0.7477289438247681,outer_holdout_beta_G
weight_0042,grid,0.15000000000000002,0.35000000000000003,0.5,beta_G,7,0.5288851886453082,0.5407191855763285,0.5248592107795922,302,95,84,0.7372400845800128,0.7254471778869629,0.7638973593711853,outer_holdout_beta_G
weight_0043,grid,0.15000000000000002,0.4,0.45,beta_G,7,0.4844338676319929,0.5100269571698143,0.4730653077140299,295,111,91,0.7253021597862244,0.7187888622283936,0.7619631290435791,outer_holdout_beta_G
weight_0044,grid,0.15000000000000002,0.45,0.4,beta_G,7,0.4731809224848414,0.4828556522842237,0.4579195410245233,275,103,111,0.7218969464302063,0.7043187618255615,0.7377727031707764,outer_holdout_beta_G
weight_0045,grid,0.15000000000000002,0.5,0.35000000000000003,beta_G,7,0.48432469467578426,0.4395078889364603,0.419229738544157,242,95,144,0.7275987608092171,0.6886905431747437,0.7451849579811096,outer_holdout_beta_G
weight_0046,grid,0.15000000000000002,0.55,0.30000000000000004,beta_G,7,0.5489223293638994,0.4025613434184863,0.4526383669742059,228,41,158,0.73578599521092,0.7294585704803467,0.7402010560035706,outer_holdout_beta_G
weight_0047,grid,0.15000000000000002,0.6000000000000001,0.25,beta_G,7,0.5272575567825889,0.4142933574362146,0.4446339447969235,230,61,156,0.7218125717980521,0.7147231101989746,0.7288884520530701,outer_holdout_beta_G
weight_0048,grid,0.15000000000000002,0.65,0.2,beta_G,7,0.5109452484062132,0.383295720152863,0.40960008222450695,214,79,172,0.7133163980075291,0.6986052989959717,0.7340804934501648,outer_holdout_beta_G
weight_0049,grid,0.15000000000000002,0.7000000000000001,0.15000000000000002,beta_G,7,0.5160180162504738,0.3769465138036566,0.41238979497543665,212,65,174,0.713344863482884,0.7088192701339722,0.7246588468551636,outer_holdout_beta_G
weight_0050,grid,0.15000000000000002,0.75,0.1,beta_G,7,0.43846495925801626,0.3837095285666714,0.34825079788288643,206,148,180,0.6915154457092285,0.6167206168174744,0.7221559286117554,outer_holdout_beta_G
weight_0051,grid,0.15000000000000002,0.8,0.05,beta_G,7,0.40063269355361186,0.381321250178393,0.3493137750204718,210,146,176,0.6853337798799787,0.6483571529388428,0.7081189751625061,outer_holdout_beta_G
weight_0052,grid,0.2,0.05,0.75,beta_G,7,0.6922689075630252,0.6424102564102565,0.6486004370054415,306,36,80,0.8749622191701617,0.8632141947746277,0.8856954574584961,outer_holdout_beta_G
weight_0053,grid,0.2,0.1,0.7000000000000001,beta_G,7,0.6078620938191772,0.6480697080697081,0.6199385029075642,329,43,57,0.8307297655514309,0.8272582292556763,0.8405011296272278,outer_holdout_beta_G
weight_0054,grid,0.2,0.15000000000000002,0.65,beta_G,7,0.6724572151930871,0.683142032570604,0.6618711499669054,334,49,52,0.785910793713161,0.7841598987579346,0.7902880311012268,outer_holdout_beta_G
weight_0055,grid,0.2,0.2,0.6000000000000001,beta_G,7,0.6147085410883666,0.6845619459905173,0.6195936716298949,335,82,51,0.7485967789377485,0.7185071110725403,0.7616777420043945,outer_holdout_beta_G
weight_0056,grid,0.2,0.25,0.55,beta_G,7,0.579202516052532,0.6929049680478252,0.6163161915483897,350,85,36,0.7099333490644183,0.7049822807312012,0.733176589012146,outer_holdout_beta_G
weight_0057,grid,0.2,0.30000000000000004,0.5,beta_G,7,0.5885363520797994,0.6734500103071531,0.6154299210934945,341,75,45,0.6950057659830365,0.692147433757782,0.7117244601249695,outer_holdout_beta_G
weight_0058,grid,0.2,0.35000000000000003,0.45,beta_G,7,0.5817260481032006,0.6884750170464456,0.6195105100818392,338,83,48,0.6718934859548297,0.6709699034690857,0.6735490560531616,outer_holdout_beta_G
weight_0059,grid,0.2,0.4,0.4,beta_G,7,0.5506239187411237,0.6531590314447457,0.5811753137512774,322,91,64,0.658008337020874,0.6418087482452393,0.6636385917663574,outer_holdout_beta_G
weight_0060,grid,0.2,0.45,0.35000000000000003,beta_G,7,0.5276131201910028,0.6124738753310182,0.5470175515632965,317,107,69,0.6452969057219369,0.6351994872093201,0.6841529607772827,outer_holdout_beta_G
weight_0061,grid,0.2,0.5,0.30000000000000004,beta_G,7,0.5188330947495078,0.5509785135499421,0.5207631950878249,303,102,83,0.641613074711391,0.6333669424057007,0.6731098890304565,outer_holdout_beta_G
weight_0062,grid,0.2,0.55,0.25,beta_G,7,0.49784109937932736,0.5186486846486846,0.4935381490908994,291,102,95,0.6353421381541661,0.6201116442680359,0.6574978232383728,outer_holdout_beta_G
weight_0063,grid,0.2,0.6000000000000001,0.2,beta_G,7,0.4781891608973351,0.48557674071959783,0.4546784082269397,277,105,109,0.6314312219619751,0.6057584285736084,0.6688234210014343,outer_holdout_beta_G
weight_0064,grid,0.2,0.65,0.15000000000000002,beta_G,7,0.5196318715011967,0.4406627340913055,0.44369438062291183,241,70,145,0.6463369386536735,0.6035332679748535,0.6650047302246094,outer_holdout_beta_G
weight_0065,grid,0.2,0.7000000000000001,0.1,beta_G,7,0.47182916606802217,0.40991113648256505,0.3871883451427049,230,104,156,0.6388819898877826,0.5829907655715942,0.6639082431793213,outer_holdout_beta_G
weight_0066,grid,0.2,0.75,0.05,beta_G,7,0.5192303292147837,0.42434819149104863,0.44261322906484196,235,63,151,0.6388656837599618,0.6019235849380493,0.6460915207862854,outer_holdout_beta_G
weight_0067,grid,0.25,0.05,0.7000000000000001,beta_G,7,0.6972387253141378,0.6358070818070818,0.6473334912446924,302,35,84,0.8538814783096313,0.8481979370117188,0.8683996200561523,outer_holdout_beta_G
weight_0068,grid,0.25,0.1,0.65,beta_G,7,0.6159651110646251,0.6276714396714398,0.61282327266982,316,38,70,0.8081859605652946,0.7965697050094604,0.8219565749168396,outer_holdout_beta_G
weight_0069,grid,0.25,0.15000000000000002,0.6000000000000001,beta_G,7,0.6981156309883491,0.6738066695209552,0.6741248807449425,328,37,58,0.7704282658440726,0.7703033089637756,0.7711780071258545,outer_holdout_beta_G
weight_0070,grid,0.25,0.2,0.55,beta_G,7,0.6899744841307608,0.6383710575139148,0.6496163599386175,314,38,72,0.7427417125020709,0.7325497269630432,0.7539740800857544,outer_holdout_beta_G
weight_0071,grid,0.25,0.25,0.5,beta_G,7,0.6137139660431586,0.6845619459905173,0.618782611722061,335,83,51,0.6861120632716587,0.6481338739395142,0.7020971775054932,outer_holdout_beta_G
weight_0072,grid,0.25,0.30000000000000004,0.45,beta_G,7,0.5741595065185506,0.6845734900020614,0.605788985459587,338,88,48,0.6454051307269505,0.631626307964325,0.6771047711372375,outer_holdout_beta_G
weight_0073,grid,0.25,0.35000000000000003,0.4,beta_G,7,0.5733275252815945,0.6811185322613894,0.6066041599517543,343,88,43,0.6214780637196132,0.6073733568191528,0.6507308483123779,outer_holdout_beta_G
weight_0074,grid,0.25,0.4,0.35000000000000003,beta_G,7,0.5729987253131394,0.6594322820037106,0.6008576453878447,337,79,49,0.6089694414819989,0.6079962253570557,0.6123479604721069,outer_holdout_beta_G
weight_0075,grid,0.25,0.45,0.30000000000000004,beta_G,7,0.5696347504519049,0.6853235018949305,0.6085778252276912,335,88,51,0.585767890725817,0.5797638893127441,0.5871425867080688,outer_holdout_beta_G
weight_0076,grid,0.25,0.5,0.25,beta_G,7,0.5500951667976374,0.6165789448646591,0.5717394730687492,320,85,66,0.5796211106436593,0.5788599252700806,0.5834999084472656,outer_holdout_beta_G
weight_0077,grid,0.25,0.55,0.2,beta_G,7,0.5207000982086735,0.6104994053565482,0.5389297800669283,313,108,73,0.5656855191503253,0.5557897090911865,0.6074956059455872,outer_holdout_beta_G
weight_0078,grid,0.25,0.6000000000000001,0.15000000000000002,beta_G,7,0.5261227006658901,0.5262166087880373,0.5111563388222271,292,84,94,0.5799119813101632,0.5506081581115723,0.6039540767669678,outer_holdout_beta_G
weight_0079,grid,0.25,0.65,0.1,beta_G,7,0.4920951527181917,0.5491825951825952,0.4986155703547007,306,118,80,0.5449931876999992,0.5361380577087402,0.5890606641769409,outer_holdout_beta_G
weight_0080,grid,0.25,0.7000000000000001,0.05,beta_G,7,0.4768531996668703,0.5172650524079094,0.46976065154451013,296,116,90,0.5454995036125183,0.521668016910553,0.5943052768707275,outer_holdout_beta_G
weight_0081,grid,0.30000000000000004,0.05,0.65,beta_G,7,0.6944035311429406,0.6366959706959708,0.6459135168902016,301,36,85,0.8332512293543134,0.8274883031845093,0.8487480282783508,outer_holdout_beta_G
weight_0082,grid,0.30000000000000004,0.1,0.6000000000000001,beta_G,7,0.6116717208971941,0.6150192030192031,0.6027923944002137,308,39,78,0.790045976638794,0.7706744074821472,0.8083096146583557,outer_holdout_beta_G
weight_0083,grid,0.30000000000000004,0.15000000000000002,0.55,beta_G,7,0.607109242699129,0.6480697080697081,0.6195473969102692,329,44,57,0.7460946951593671,0.7408873438835144,0.7607517242431641,outer_holdout_beta_G
weight_0084,grid,0.30000000000000004,0.2,0.5,beta_G,7,0.6077290180974313,0.6399245833531548,0.6155778755058833,330,45,56,0.7108679328645978,0.7003457546234131,0.7302391529083252,outer_holdout_beta_G
weight_0085,grid,0.30000000000000004,0.25,0.45,beta_G,7,0.6794984251064397,0.6552418058132343,0.6527221427855141,328,43,58,0.6789033838680812,0.6715878844261169,0.6991364359855652,outer_holdout_beta_G
weight_0086,grid,0.30000000000000004,0.30000000000000004,0.4,beta_G,7,0.6287180778214639,0.6646072974644402,0.6214353831598187,331,68,55,0.6325523001807076,0.5777606964111328,0.6453606486320496,outer_holdout_beta_G
weight_0087,grid,0.30000000000000004,0.35000000000000003,0.35000000000000003,beta_G,7,0.566139903961133,0.68114491857349,0.5973988448966222,335,92,51,0.5811418294906616,0.5665128827095032,0.6297145485877991,outer_holdout_beta_G
weight_0088,grid,0.30000000000000004,0.4,0.30000000000000004,beta_G,7,0.5647009339917971,0.6614359925788497,0.5851837454017239,324,93,62,0.5608416880880084,0.5305060148239136,0.6245637536048889,outer_holdout_beta_G
weight_0089,grid,0.30000000000000004,0.45,0.25,beta_G,7,0.5750822657729268,0.6734500103071531,0.6053121518618723,341,86,45,0.5425086191722325,0.5382211208343506,0.5675866603851318,outer_holdout_beta_G
weight_0090,grid,0.30000000000000004,0.5,0.2,beta_G,7,0.5486642916177937,0.6602980828695114,0.5856031420224154,338,92,48,0.5211074607712882,0.5162280797958374,0.5293635129928589,outer_holdout_beta_G
weight_0091,grid,0.30000000000000004,0.55,0.15000000000000002,beta_G,7,0.5392784845892876,0.6376232339089482,0.5695975739483679,330,101,56,0.5062102845736912,0.5018763542175293,0.531499445438385,outer_holdout_beta_G
weight_0092,grid,0.30000000000000004,0.6000000000000001,0.1,beta_G,7,0.5236033807462379,0.6217622060479203,0.5555353957345803,323,102,63,0.49449265003204346,0.4929064214229584,0.5014585256576538,outer_holdout_beta_G
weight_0093,grid,0.30000000000000004,0.65,0.05,beta_G,7,0.519480398219894,0.6295350363921793,0.5460724000343183,321,118,65,0.48127187149865286,0.4730333685874939,0.5304667949676514,outer_holdout_beta_G
weight_0094,grid,0.35000000000000003,0.05,0.6000000000000001,beta_G,7,0.6879310121791324,0.6232356532356532,0.6305036810116873,291,37,95,0.8173643350601196,0.8033902645111084,0.8541333675384521,outer_holdout_beta_G
weight_0095,grid,0.35000000000000003,0.1,0.55,beta_G,7,0.6887917154961805,0.6495906315906316,0.6528067895140144,308,37,78,0.774558527129037,0.7524968981742859,0.7862196564674377,outer_holdout_beta_G
weight_0096,grid,0.35000000000000003,0.15000000000000002,0.5,beta_G,7,0.5976310021467713,0.6452529692529693,0.6103296290774815,325,48,61,0.7145331416811261,0.7033303380012512,0.7365672588348389,outer_holdout_beta_G
weight_0097,grid,0.35000000000000003,0.2,0.45,beta_G,7,0.6916692085240194,0.6726638123780981,0.6699000239727881,327,39,59,0.6866850342069354,0.6865552663803101,0.6869182586669922,outer_holdout_beta_G
weight_0098,grid,0.35000000000000003,0.25,0.4,beta_G,7,0.6750432535530896,0.6819991754277469,0.6629267767822438,333,48,53,0.642905729157584,0.6345939636230469,0.645482063293457,outer_holdout_beta_G
weight_0099,grid,0.35000000000000003,0.30000000000000004,0.35000000000000003,beta_G,7,0.6737894558817333,0.6483846629560915,0.6443482251980085,322,46,64,0.6217920354434422,0.6125242710113525,0.6435822248458862,outer_holdout_beta_G
weight_0100,grid,0.35000000000000003,0.35000000000000003,0.30000000000000004,beta_G,7,0.6545159882202997,0.657804576376005,0.6394309803482499,330,53,56,0.58400217124394,0.5798878073692322,0.5934471487998962,outer_holdout_beta_G
weight_0101,grid,0.35000000000000003,0.4,0.25,beta_G,7,0.5855787473400784,0.6283310657596372,0.5762812706950848,322,85,64,0.5491972480501447,0.4981878995895386,0.5950238704681396,outer_holdout_beta_G
weight_0102,grid,0.35000000000000003,0.45,0.2,beta_G,7,0.5307685286887334,0.6631906823335395,0.5649147679142884,324,110,62,0.498924800327846,0.4712449312210083,0.5775002241134644,outer_holdout_beta_G
weight_0103,grid,0.35000000000000003,0.5,0.15000000000000002,beta_G,7,0.5285508362889315,0.6514586683158112,0.5608761128951967,322,109,64,0.4820931426116398,0.4586711823940277,0.555435061454773,outer_holdout_beta_G
weight_0104,grid,0.35000000000000003,0.55,0.1,beta_G,7,0.5246758438693923,0.6625837971552258,0.5684003231753374,340,111,46,0.4537669505391802,0.4239674508571625,0.4785124659538269,outer_holdout_beta_G
weight_0105,grid,0.35000000000000003,0.6000000000000001,0.05,beta_G,7,0.5274847643563821,0.7046472892187178,0.5860580877664773,343,119,43,0.43412104674748014,0.4340948164463043,0.4342784285545349,outer_holdout_beta_G
weight_0106,grid,0.4,0.05,0.55,beta_G,7,0.6916160228660229,0.6337984237984238,0.6425423914651588,300,36,86,0.799732642514365,0.7802263498306274,0.8175438642501831,outer_holdout_beta_G
weight_0107,grid,0.4,0.1,0.5,beta_G,7,0.6950665483584738,0.6380812520812522,0.647844357630188,301,32,85,0.753534368106297,0.7264283895492554,0.7713908553123474,outer_holdout_beta_G
weight_0108,grid,0.4,0.15000000000000002,0.45,beta_G,7,0.6091363413599856,0.6233770673770673,0.6054702327755017,312,41,74,0.7065826909882682,0.6772924065589905,0.7219650745391846,outer_holdout_beta_G
weight_0109,grid,0.4,0.2,0.4,beta_G,7,0.6012735750987555,0.6480697080697081,0.6157071511345394,329,46,57,0.6591873168945312,0.6430338621139526,0.6810022592544556,outer_holdout_beta_G
weight_0110,grid,0.4,0.25,0.35000000000000003,beta_G,7,0.6182285838495327,0.6344642658928373,0.6195321959932037,327,41,59,0.6303715876170567,0.6247293949127197,0.6544458866119385,outer_holdout_beta_G
weight_0111,grid,0.4,0.30000000000000004,0.30000000000000004,beta_G,7,0.6689705637640234,0.6583921158206872,0.6484511633370011,321,46,65,0.6002030542918614,0.5876857042312622,0.6066473722457886,outer_holdout_beta_G
weight_0112,grid,0.4,0.35000000000000003,0.25,beta_G,7,0.6539720265210461,0.6597043908472481,0.6384108872147343,322,52,64,0.5616177320480347,0.5552752017974854,0.587525486946106,outer_holdout_beta_G
weight_0113,grid,0.4,0.4,0.2,beta_G,7,0.5741093501731003,0.623147804576376,0.5714455058445301,319,84,67,0.5205743142536708,0.43701422214508057,0.5643976926803589,outer_holdout_beta_G
weight_0114,grid,0.4,0.45,0.15000000000000002,beta_G,7,0.5382024309757252,0.6367004741290455,0.5548562565616798,329,115,57,0.4658038743904659,0.4285675883293152,0.5398890972137451,outer_holdout_beta_G
weight_0115,grid,0.4,0.5,0.1,beta_G,7,0.5203148869029252,0.6609049680478253,0.5546381917000154,322,122,64,0.44046044775417875,0.4121628701686859,0.531816303730011,outer_holdout_beta_G
weight_0116,grid,0.4,0.55,0.05,beta_G,7,0.5098774875506803,0.6839929911358483,0.565529779905075,346,128,40,0.39207246048109873,0.3766701817512512,0.42590025067329407,outer_holdout_beta_G
weight_0117,grid,0.45,0.05,0.5,beta_G,7,0.6886639504286564,0.6392587412587414,0.6443690197052857,303,37,83,0.7792152166366577,0.7637500762939453,0.7977747321128845,outer_holdout_beta_G
weight_0118,grid,0.45,0.1,0.45,beta_G,7,0.6887263058481803,0.6424102564102565,0.6480536044648056,306,38,80,0.7315918547766549,0.7177407741546631,0.7504221200942993,outer_holdout_beta_G
weight_0119,grid,0.45,0.15000000000000002,0.4,beta_G,7,0.6036557040856517,0.6150192030192031,0.5982989345436913,308,42,78,0.6911980850355965,0.6560115814208984,0.7137121558189392,outer_holdout_beta_G
weight_0120,grid,0.45,0.2,0.35000000000000003,beta_G,7,0.5825708739368188,0.6435213675213676,0.5997362287636326,323,54,63,0.6341526082583836,0.6133797764778137,0.6642735004425049,outer_holdout_beta_G
weight_0121,grid,0.45,0.25,0.30000000000000004,beta_G,7,0.5927084535888524,0.6392583289726147,0.6063114213424734,326,50,60,0.606108478137425,0.5964374542236328,0.6358308792114258,outer_holdout_beta_G
weight_0122,grid,0.45,0.30000000000000004,0.25,beta_G,7,0.5630928672046853,0.63507609850467,0.5840781688941912,326,64,60,0.564021212714059,0.5330804586410522,0.595358669757843,outer_holdout_beta_G
weight_0123,grid,0.45,0.35000000000000003,0.2,beta_G,7,0.5770121431854488,0.6000251811680383,0.5776259974898166,312,49,74,0.5587526134082249,0.5457581877708435,0.5660104751586914,outer_holdout_beta_G
weight_0124,grid,0.45,0.4,0.15000000000000002,beta_G,7,0.5699684266735278,0.6280820449391877,0.5712418371476239,311,90,75,0.4983801117965153,0.36856892704963684,0.5330424904823303,outer_holdout_beta_G
weight_0125,grid,0.45,0.45,0.1,beta_G,7,0.5372683123078249,0.6378086992372706,0.5515774362856309,329,120,57,0.4445661987577166,0.36664098501205444,0.5314102172851562,outer_holdout_beta_G
weight_0126,grid,0.45,0.5,0.05,beta_G,7,0.5117515443358139,0.6843195217480932,0.5601288755624358,336,133,50,0.3818999912057604,0.3589473366737366,0.4514605700969696,outer_holdout_beta_G
weight_0127,grid,0.5,0.05,0.45,beta_G,7,0.6807174797219568,0.6314665334665336,0.6359569945385771,294,36,92,0.7744499615260533,0.7435972690582275,0.7835284471511841,outer_holdout_beta_G
weight_0128,grid,0.5,0.1,0.4,beta_G,7,0.6902876930233409,0.632921078921079,0.6424145137189331,296,33,90,0.7133581638336182,0.6963958740234375,0.7367992401123047,outer_holdout_beta_G
weight_0129,grid,0.5,0.15000000000000002,0.35000000000000003,beta_G,7,0.6855875454682254,0.640955710955711,0.6448974000227718,304,41,82,0.683347361428397,0.6360446810722351,0.6972965002059937,outer_holdout_beta_G
weight_0130,grid,0.5,0.2,0.30000000000000004,beta_G,7,0.5803882474768551,0.6276714396714398,0.5910439762681737,316,52,70,0.6243954641478402,0.5964277982711792,0.6439131498336792,outer_holdout_beta_G
weight_0131,grid,0.5,0.25,0.25,beta_G,7,0.5621242876261527,0.6480697080697081,0.5900758785148535,329,62,57,0.5765410661697388,0.5537922978401184,0.6136223673820496,outer_holdout_beta_G
weight_0132,grid,0.5,0.30000000000000004,0.2,beta_G,7,0.5706019771845551,0.6360837257980115,0.5911631464361558,325,58,61,0.5495014020374843,0.5406065583229065,0.5696808099746704,outer_holdout_beta_G
weight_0133,grid,0.5,0.35000000000000003,0.15000000000000002,beta_G,7,0.5591500738023584,0.6226778301064015,0.577244102901154,320,63,66,0.523222063268934,0.5194641351699829,0.5434179902076721,outer_holdout_beta_G
weight_0134,grid,0.5,0.4,0.1,beta_G,7,0.605511057483386,0.6398029589458162,0.6086737182889591,313,64,73,0.5016110624585833,0.47329509258270264,0.5079481601715088,outer_holdout_beta_G
weight_0135,grid,0.5,0.45,0.05,beta_G,7,0.5397361650738729,0.6277769532055247,0.5502558109777574,322,112,64,0.42967972585133146,0.3182671368122101,0.4929066598415375,outer_holdout_beta_G
weight_0136,grid,0.55,0.05,0.4,beta_G,7,0.6805009104651563,0.6271490731490731,0.6333996062650179,292,36,94,0.7556864874703544,0.729483962059021,0.7690816521644592,outer_holdout_beta_G
weight_0137,grid,0.55,0.1,0.35000000000000003,beta_G,7,0.6808549501978438,0.6243669663669664,0.6292066612610735,289,39,97,0.7100549765995571,0.6785231828689575,0.751629114151001,outer_holdout_beta_G
weight_0138,grid,0.55,0.15000000000000002,0.30000000000000004,beta_G,7,0.6745905069344812,0.6308893328893329,0.630921275326087,296,41,90,0.6725042888096401,0.6119771599769592,0.6853480339050293,outer_holdout_beta_G
weight_0139,grid,0.55,0.2,0.25,beta_G,7,0.5845326405926781,0.6222342102342102,0.5891762919624411,311,52,75,0.6133553556033543,0.5681923627853394,0.6235525608062744,outer_holdout_beta_G
weight_0140,grid,0.55,0.25,0.2,beta_G,7,0.5462000768718486,0.6463958263958264,0.57704039160739,326,73,60,0.5500311596052987,0.5288451313972473,0.5848137140274048,outer_holdout_beta_G
weight_0141,grid,0.55,0.30000000000000004,0.15000000000000002,beta_G,7,0.5458484427362676,0.6424329321472179,0.5765952019567081,327,74,59,0.5245133893830436,0.5173099040985107,0.5669668912887573,outer_holdout_beta_G
weight_0142,grid,0.55,0.35000000000000003,0.1,beta_G,7,0.4988803186477605,0.6324667078952793,0.5294706209665276,325,120,61,0.4583393335342407,0.2610167860984802,0.5219718813896179,outer_holdout_beta_G
weight_0143,grid,0.55,0.4,0.05,beta_G,7,0.5058939073866189,0.6313469387755102,0.5346851366282432,322,110,64,0.4433871720518385,0.277586966753006,0.4774768650531769,outer_holdout_beta_G
weight_0144,grid,0.6000000000000001,0.05,0.35000000000000003,beta_G,7,0.6622631376051161,0.6091173271173271,0.6070017962475306,278,42,108,0.7436996187482562,0.6994606256484985,0.7851413488388062,outer_holdout_beta_G
weight_0145,grid,0.6000000000000001,0.1,0.30000000000000004,beta_G,7,0.6765083623510177,0.6041995781995781,0.6118423433203067,280,40,106,0.7008302467209953,0.6549766063690186,0.7408459782600403,outer_holdout_beta_G
weight_0146,grid,0.6000000000000001,0.15000000000000002,0.25,beta_G,7,0.6659232417750165,0.6248749028749029,0.6226852249169923,293,42,93,0.650269729750497,0.6179147958755493,0.6743462085723877,outer_holdout_beta_G
weight_0147,grid,0.6000000000000001,0.2,0.2,beta_G,7,0.5770996153143318,0.6222572982572983,0.583813707054514,309,54,77,0.604405769280025,0.5613247156143188,0.6195670366287231,outer_holdout_beta_G
weight_0148,grid,0.6000000000000001,0.25,0.15000000000000002,beta_G,7,0.5551606385409665,0.6363063603063603,0.579072146669453,320,67,66,0.5459585019520351,0.5430678129196167,0.5633026361465454,outer_holdout_beta_G
weight_0149,grid,0.6000000000000001,0.30000000000000004,0.1,beta_G,7,0.49391300849129555,0.6567388167388167,0.5346753862320729,331,126,55,0.4605872631072998,0.24571669101715088,0.5363468527793884,outer_holdout_beta_G
weight_0150,grid,0.6000000000000001,0.35000000000000003,0.05,beta_G,7,0.4797160490252482,0.6487932385075242,0.5213597371204204,329,135,57,0.4274110645055771,0.2297828644514084,0.5083900690078735,outer_holdout_beta_G
weight_0151,grid,0.65,0.05,0.30000000000000004,beta_G,7,0.6515954046951352,0.5932443112443112,0.5881163237390644,273,47,113,0.7268100295748029,0.6759802103042603,0.7678700685501099,outer_holdout_beta_G
weight_0152,grid,0.65,0.1,0.25,beta_G,7,0.6701888754520333,0.5946757686757687,0.603740239250136,269,34,117,0.6755750008991787,0.6381446123123169,0.7277339696884155,outer_holdout_beta_G
weight_0153,grid,0.65,0.15000000000000002,0.2,beta_G,7,0.6642749849652835,0.6413020313020313,0.6311941329075196,298,45,88,0.6395656211035592,0.6025325059890747,0.6465680003166199,outer_holdout_beta_G
weight_0154,grid,0.65,0.2,0.15000000000000002,beta_G,7,0.5793789587907234,0.617050949050949,0.5849201469353869,308,54,78,0.5974876284599304,0.5934461355209351,0.6189240217208862,outer_holdout_beta_G
weight_0155,grid,0.65,0.25,0.1,beta_G,7,0.52445815775703,0.6305920745920746,0.5525833253515596,315,82,71,0.520423161131995,0.4742548167705536,0.5679913759231567,outer_holdout_beta_G
weight_0156,grid,0.65,0.30000000000000004,0.05,beta_G,7,0.5197562005588415,0.6498243978243978,0.5603618071598367,329,91,57,0.47089488591466633,0.46202123165130615,0.5219332575798035,outer_holdout_beta_G
weight_0157,grid,0.7000000000000001,0.05,0.25,beta_G,7,0.6604377373694283,0.5877609057609057,0.5924070357503648,264,37,122,0.7095147115843636,0.669857919216156,0.7555444240570068,outer_holdout_beta_G
weight_0158,grid,0.7000000000000001,0.1,0.2,beta_G,7,0.6617779770477693,0.611980241980242,0.6095265126335848,286,46,100,0.6599145105906895,0.6375535726547241,0.7082667350769043,outer_holdout_beta_G
weight_0159,grid,0.7000000000000001,0.15000000000000002,0.15000000000000002,beta_G,7,0.6563797307158322,0.6237666777666778,0.6149249617766873,285,42,101,0.6390613998685565,0.593653678894043,0.6531499624252319,outer_holdout_beta_G
weight_0160,grid,0.7000000000000001,0.2,0.1,beta_G,7,0.6266460523603381,0.6551313131313131,0.612155609719445,305,65,81,0.5696888608591897,0.484764963388443,0.5863310694694519,outer_holdout_beta_G
weight_0161,grid,0.7000000000000001,0.25,0.05,beta_G,7,0.5147049985821173,0.6404271284271285,0.5478640062446692,316,93,70,0.5017900935241154,0.4540036618709564,0.5545826554298401,outer_holdout_beta_G
weight_0162,grid,0.75,0.05,0.2,beta_G,7,0.6459095179860073,0.5866411366411367,0.5827637640137641,269,47,117,0.7008317879268101,0.6535820364952087,0.7540925145149231,outer_holdout_beta_G
weight_0163,grid,0.75,0.1,0.15000000000000002,beta_G,7,0.6422442450623461,0.611991785991786,0.5978171238746207,281,51,105,0.6550134931291852,0.6206986904144287,0.6960573196411133,outer_holdout_beta_G
weight_0164,grid,0.75,0.15000000000000002,0.1,beta_G,7,0.6472695376639559,0.6393741813741813,0.6168570622590208,293,54,93,0.609172020639692,0.6033432483673096,0.6441446542739868,outer_holdout_beta_G
weight_0165,grid,0.75,0.2,0.05,beta_G,7,0.5990353440858966,0.6525685425685426,0.5912989050721956,303,79,83,0.5404006540775299,0.45956429839134216,0.5777590870857239,outer_holdout_beta_G
weight_0166,grid,0.8,0.05,0.15000000000000002,beta_G,7,0.6401919393912939,0.5993395493395494,0.5876911400419884,273,50,113,0.6887705326080322,0.6478338241577148,0.7335032224655151,outer_holdout_beta_G
weight_0167,grid,0.8,0.1,0.1,beta_G,7,0.6325456627836529,0.605065379065379,0.5862144555826375,273,50,113,0.6532003624098641,0.5920347571372986,0.6819605827331543,outer_holdout_beta_G
weight_0168,grid,0.8,0.15000000000000002,0.05,beta_G,7,0.6202629735809466,0.6261096681096682,0.5883319742987115,283,59,103,0.5977680683135986,0.526721179485321,0.6371762752532959,outer_holdout_beta_G
weight_0169,grid,0.8500000000000001,0.05,0.1,beta_G,7,0.6124227468765283,0.6001933621933622,0.5657904334018521,268,60,118,0.6808349405016217,0.6003172397613525,0.71823650598526,outer_holdout_beta_G
weight_0170,grid,0.8500000000000001,0.1,0.05,beta_G,7,0.6255536968352491,0.6053766233766235,0.5797189654915631,271,54,115,0.6314101985522679,0.5731697082519531,0.6715381741523743,outer_holdout_beta_G
weight_0171,grid,0.9,0.05,0.05,beta_G,7,0.6078746580218731,0.5976536796536797,0.5584586316186829,264,63,122,0.6601813605853489,0.5779406428337097,0.7175604104995728,outer_holdout_beta_G
weight_0001,grid,0.05,0.05,0.9,beta_H,7,0.7047442331598495,0.7442045909272801,0.7107782503631934,393,62,74,0.9393897822925023,0.9357056021690369,0.9401030540466309,outer_holdout_beta_H
weight_0002,grid,0.05,0.1,0.8500000000000001,beta_H,7,0.597511308054972,0.7182947995048836,0.6403424597258087,394,134,73,0.9102757062230792,0.9092158079147339,0.910453200340271,outer_holdout_beta_H
weight_0003,grid,0.05,0.15000000000000002,0.8,beta_H,7,0.570291663308411,0.5545490811709299,0.549112149033512,325,124,142,0.9049851638930184,0.9024952054023743,0.9058781862258911,outer_holdout_beta_H
weight_0004,grid,0.05,0.2,0.75,beta_H,7,0.5015984059998472,0.4493473958347908,0.4394433037065039,269,141,198,0.9007578066417149,0.8839787244796753,0.9049077033996582,outer_holdout_beta_H
weight_0005,grid,0.05,0.25,0.7000000000000001,beta_H,7,0.46475032886933637,0.4411811493828301,0.3978391606432789,257,238,210,0.8899062105587551,0.8438960313796997,0.8975881338119507,outer_holdout_beta_H
weight_0006,grid,0.05,0.30000000000000004,0.65,beta_H,7,0.42768880474047644,0.3955669913653107,0.356957836718761,234,256,233,0.8831862551825387,0.8365354537963867,0.894273579120636,outer_holdout_beta_H
weight_0007,grid,0.05,0.35000000000000003,0.6000000000000001,beta_H,7,0.35295463817163153,0.5079497869077702,0.3348106084542749,278,622,189,0.8428727303232465,0.8186963200569153,0.8913593292236328,outer_holdout_beta_H
weight_0008,grid,0.05,0.4,0.55,beta_H,7,0.2980728684940237,0.6788154441263685,0.38564526357216805,386,865,81,0.800822947706495,0.7573099732398987,0.8115055561065674,outer_holdout_beta_H
weight_0009,grid,0.05,0.45,0.5,beta_H,7,0.2957475435714028,0.6803025844370382,0.38444827361871187,388,878,79,0.784549491746085,0.733985960483551,0.7930527925491333,outer_holdout_beta_H
weight_0010,grid,0.05,0.5,0.45,beta_H,7,0.2808007907810071,0.7199028534490719,0.3763240114642138,408,967,59,0.7431421705654689,0.6966210007667542,0.7817356586456299,outer_holdout_beta_H
weight_0011,grid,0.05,0.55,0.4,beta_H,7,0.2815080772607732,0.764895395920606,0.37908401542146924,416,1100,51,0.7091023666518075,0.6755639314651489,0.7628418803215027,outer_holdout_beta_H
weight_0012,grid,0.05,0.6000000000000001,0.35000000000000003,beta_H,7,0.2806515858523225,0.7564120025632631,0.37686013257026324,414,1115,53,0.6883337412561689,0.6540828943252563,0.7516858577728271,outer_holdout_beta_H
weight_0013,grid,0.05,0.65,0.30000000000000004,beta_H,7,0.28144473590867436,0.7471645702570072,0.37628351353600215,408,1052,59,0.693367498261588,0.6379086375236511,0.7192097902297974,outer_holdout_beta_H
weight_0014,grid,0.05,0.7000000000000001,0.25,beta_H,7,0.27817190625580185,0.7502771439578162,0.3761190456183308,416,1103,51,0.6696794373648507,0.6434876322746277,0.7008877396583557,outer_holdout_beta_H
weight_0015,grid,0.05,0.75,0.2,beta_H,7,0.2802333861034464,0.755714582336431,0.38205623628164187,424,1070,43,0.6592899901526315,0.6478754281997681,0.6668049693107605,outer_holdout_beta_H
weight_0016,grid,0.05,0.8,0.15000000000000002,beta_H,7,0.28224013475942733,0.7463546612118039,0.382011161102355,416,1055,51,0.6594739471163068,0.6502518653869629,0.6718720197677612,outer_holdout_beta_H
weight_0017,grid,0.05,0.8500000000000001,0.1,beta_H,7,0.283252502506014,0.7406784998381637,0.38176698401417275,416,1053,51,0.6531415155955723,0.6157344579696655,0.6593760251998901,outer_holdout_beta_H
weight_0018,grid,0.05,0.9,0.05,beta_H,7,0.27700171952848535,0.7665469805637872,0.3776546550595626,422,1117,45,0.629462616784232,0.5988447666168213,0.6435448527336121,outer_holdout_beta_H
weight_0019,grid,0.1,0.05,0.8500000000000001,beta_H,7,0.7469334271550812,0.7198185530622506,0.7211939640922946,375,43,92,0.9165601985795158,0.9106753468513489,0.9202505946159363,outer_holdout_beta_H
weight_0020,grid,0.1,0.1,0.8,beta_H,7,0.7047442331598495,0.7442045909272801,0.7107782503631934,393,62,74,0.878779581614903,0.8714112639427185,0.8802061676979065,outer_holdout_beta_H
weight_0021,grid,0.1,0.15000000000000002,0.75,beta_H,7,0.661228670019751,0.6825186316951023,0.6533149084939615,375,79,92,0.8533923285348075,0.8383680582046509,0.8560672402381897,outer_holdout_beta_H
weight_0022,grid,0.1,0.2,0.7000000000000001,beta_H,7,0.597511308054972,0.7182947995048836,0.6403424597258087,394,134,73,0.8205513954162598,0.818431556224823,0.8209063410758972,outer_holdout_beta_H
weight_0023,grid,0.1,0.25,0.65,beta_H,7,0.5717852754750655,0.5728217963175946,0.5563282439969222,335,124,132,0.819019113268171,0.8052577972412109,0.8267953395843506,outer_holdout_beta_H
weight_0024,grid,0.1,0.30000000000000004,0.6000000000000001,beta_H,7,0.570291663308411,0.5545490811709299,0.549112149033512,325,124,142,0.8099703448159354,0.8049904108047485,0.811756432056427,outer_holdout_beta_H
weight_0025,grid,0.1,0.35000000000000003,0.55,beta_H,7,0.5118145295564651,0.476681480984002,0.4655938681821633,287,153,180,0.8044423801558358,0.791785717010498,0.8302855491638184,outer_holdout_beta_H
weight_0026,grid,0.1,0.4,0.5,beta_H,7,0.5015984059998472,0.4493473958347908,0.4394433037065039,269,141,198,0.8015156217983791,0.7679575085639954,0.8098154067993164,outer_holdout_beta_H
weight_0027,grid,0.1,0.45,0.45,beta_H,7,0.4785469329497127,0.4570771301527604,0.43526904396011373,274,174,193,0.7898077539035252,0.7543579339981079,0.7965660691261292,outer_holdout_beta_H
weight_0028,grid,0.1,0.5,0.4,beta_H,7,0.4662900351452878,0.44435575255743326,0.40012113385578296,258,239,209,0.7798124381474086,0.687792181968689,0.7951762676239014,outer_holdout_beta_H
weight_0029,grid,0.1,0.55,0.35000000000000003,beta_H,7,0.44746474591423985,0.40921088995038574,0.367832155374174,238,253,229,0.7733921664101737,0.6718562841415405,0.7986980676651001,outer_holdout_beta_H
weight_0030,grid,0.1,0.6000000000000001,0.30000000000000004,beta_H,7,0.42899581058284936,0.3987415945399139,0.35877771097283917,235,259,232,0.7663725529398236,0.673071026802063,0.7885472774505615,outer_holdout_beta_H
weight_0031,grid,0.1,0.65,0.25,beta_H,7,0.35990484717835586,0.567168916984043,0.36457095825562585,303,629,164,0.6931636759213039,0.658627986907959,0.7776027917861938,outer_holdout_beta_H
weight_0032,grid,0.1,0.7000000000000001,0.2,beta_H,7,0.34189831065618603,0.5487597108773579,0.3546289351308851,298,652,169,0.6837562833513532,0.6391218900680542,0.7670652270317078,outer_holdout_beta_H
weight_0033,grid,0.1,0.75,0.15000000000000002,beta_H,7,0.3073590437018387,0.6520236103765515,0.39014206792721345,369,746,98,0.6507031066077096,0.6302584409713745,0.6589831113815308,outer_holdout_beta_H
weight_0034,grid,0.1,0.8,0.1,beta_H,7,0.30187890204116885,0.6665663486839958,0.3871171355659352,377,800,90,0.6371422154562814,0.6151145696640015,0.6464176177978516,outer_holdout_beta_H
weight_0035,grid,0.1,0.8500000000000001,0.05,beta_H,7,0.29514335402157166,0.6690770667241255,0.3818988259927845,380,852,87,0.6203096423830304,0.600610077381134,0.6703070998191833,outer_holdout_beta_H
weight_0036,grid,0.15000000000000002,0.05,0.8,beta_H,7,0.7403574170769617,0.7300179297826356,0.7188961532186197,374,46,93,0.8907771025385175,0.885337233543396,0.9041548371315002,outer_holdout_beta_H
weight_0037,grid,0.15000000000000002,0.1,0.75,beta_H,7,0.735774549564476,0.7281753913686687,0.7155863623953014,378,50,89,0.8548851268632072,0.8443601131439209,0.8651195764541626,outer_holdout_beta_H
weight_0038,grid,0.15000000000000002,0.15000000000000002,0.7000000000000001,beta_H,7,0.7047442331598495,0.7442045909272801,0.7107782503631934,393,62,74,0.8181693639074054,0.8071168661117554,0.8203092217445374,outer_holdout_beta_H
weight_0039,grid,0.15000000000000002,0.2,0.65,beta_H,7,0.6595972936880109,0.7060790861799265,0.6612235889675463,381,84,86,0.7871826887130737,0.7595040798187256,0.7987775802612305,outer_holdout_beta_H
weight_0040,grid,0.15000000000000002,0.25,0.6000000000000001,beta_H,7,0.6352325088451222,0.7113621691100683,0.6525794604230111,385,100,82,0.760025577885764,0.7401446104049683,0.7646817564964294,outer_holdout_beta_H
weight_0041,grid,0.15000000000000002,0.30000000000000004,0.55,beta_H,7,0.5968664753418282,0.7182947995048836,0.6399793968627459,394,135,73,0.730827101639339,0.7276473641395569,0.7313595414161682,outer_holdout_beta_H
weight_0042,grid,0.15000000000000002,0.35000000000000003,0.5,beta_H,7,0.5742609228804287,0.6548359688863891,0.5946229287184519,363,148,104,0.7207779288291931,0.7164047360420227,0.7454440593719482,outer_holdout_beta_H
weight_0043,grid,0.15000000000000002,0.4,0.45,beta_H,7,0.5773525511899675,0.5579994795120846,0.557145632029533,333,118,134,0.7254059399877276,0.7212076783180237,0.7402007579803467,outer_holdout_beta_H
weight_0044,grid,0.15000000000000002,0.45,0.4,beta_H,7,0.5695970974363666,0.5545490811709299,0.5487513222102011,325,125,142,0.7149554831641061,0.707485556602478,0.7176345586776733,outer_holdout_beta_H
weight_0045,grid,0.15000000000000002,0.5,0.35000000000000003,beta_H,7,0.5267141785337864,0.5303569632981399,0.5133194913511143,318,171,149,0.7005691017423358,0.6966084241867065,0.7117446660995483,outer_holdout_beta_H
weight_0046,grid,0.15000000000000002,0.55,0.30000000000000004,beta_H,7,0.5288171491184627,0.4558330931440175,0.45164606278933495,274,129,193,0.7122165560722351,0.675634503364563,0.7363963723182678,outer_holdout_beta_H
weight_0047,grid,0.15000000000000002,0.6000000000000001,0.25,beta_H,7,0.5032546989112403,0.4556966021839971,0.44301481573187323,271,143,196,0.7022734369550433,0.6519362926483154,0.7147231101989746,outer_holdout_beta_H
weight_0048,grid,0.15000000000000002,0.65,0.2,beta_H,7,0.48643056813099017,0.45992374758761306,0.4379875948574234,274,172,193,0.6891744307109288,0.6291545629501343,0.7020399570465088,outer_holdout_beta_H
weight_0049,grid,0.15000000000000002,0.7000000000000001,0.15000000000000002,beta_H,7,0.4991539372855545,0.42789532409700476,0.41809685603964064,253,155,214,0.693358872617994,0.6150336861610413,0.7088192701339722,outer_holdout_beta_H
weight_0050,grid,0.15000000000000002,0.75,0.1,beta_H,7,0.4673419542643165,0.43139791301135844,0.40212946538852695,255,212,212,0.677759221621922,0.5835592746734619,0.6956609487533569,outer_holdout_beta_H
weight_0051,grid,0.15000000000000002,0.8,0.05,beta_H,7,0.4602137375096559,0.4240064473341784,0.4016941410194218,253,184,214,0.6767804026603699,0.6097397804260254,0.6882236003875732,outer_holdout_beta_H
weight_0052,grid,0.2,0.05,0.75,beta_H,7,0.7305092652218088,0.7514633079338962,0.7278723960124415,389,51,78,0.8647047536713737,0.8601057529449463,0.8726382255554199,outer_holdout_beta_H
weight_0053,grid,0.2,0.1,0.7000000000000001,beta_H,7,0.7469334271550812,0.7198185530622506,0.7211939640922946,375,43,92,0.8331203545842852,0.821350634098053,0.8405011296272278,outer_holdout_beta_H
weight_0054,grid,0.2,0.15000000000000002,0.65,beta_H,7,0.7318482377631842,0.757814301478167,0.7340810675256603,399,54,68,0.784925103187561,0.7841598987579346,0.7882684469223022,outer_holdout_beta_H
weight_0055,grid,0.2,0.2,0.6000000000000001,beta_H,7,0.7039593038034916,0.7442045909272801,0.7103775074474804,393,63,74,0.7575592058045524,0.742822527885437,0.760412335395813,outer_holdout_beta_H
weight_0056,grid,0.2,0.25,0.55,beta_H,7,0.6735357192730465,0.709507657608498,0.6729674025815869,384,75,83,0.7278322151729039,0.6976398229598999,0.7354226112365723,outer_holdout_beta_H
weight_0057,grid,0.2,0.30000000000000004,0.5,beta_H,7,0.6604262204368138,0.6825186316951023,0.6529149032307343,375,80,92,0.7067846996443612,0.6767361164093018,0.7121344804763794,outer_holdout_beta_H
weight_0058,grid,0.2,0.35000000000000003,0.45,beta_H,7,0.6317449486395509,0.706122075869975,0.6551329468210598,389,104,78,0.6714475154876709,0.6701197624206543,0.6735490560531616,outer_holdout_beta_H
weight_0059,grid,0.2,0.4,0.4,beta_H,7,0.6017644345255017,0.7046893573280129,0.6364301510774751,392,133,75,0.6443826981953212,0.6418087482452393,0.6598224639892578,outer_holdout_beta_H
weight_0060,grid,0.2,0.45,0.35000000000000003,beta_H,7,0.5926806994725887,0.6684008615101051,0.6129989254143533,371,134,96,0.6336259756769452,0.6228777170181274,0.6365066766738892,outer_holdout_beta_H
weight_0061,grid,0.2,0.5,0.30000000000000004,beta_H,7,0.5766191611110704,0.5789333318408948,0.5601308843414107,335,119,132,0.6446534224918911,0.6105155944824219,0.6535906791687012,outer_holdout_beta_H
weight_0062,grid,0.2,0.55,0.25,beta_H,7,0.5690864336712362,0.5459341442870855,0.5424222949904266,327,114,140,0.6373002188546317,0.6201116442680359,0.6574978232383728,outer_holdout_beta_H
weight_0063,grid,0.2,0.6000000000000001,0.2,beta_H,7,0.5679937681207934,0.565753562963647,0.5520394985763354,329,131,138,0.6186568907329014,0.6099807620048523,0.6235128045082092,outer_holdout_beta_H
weight_0064,grid,0.2,0.65,0.15000000000000002,beta_H,7,0.540930809300106,0.5493348742760508,0.5283388037556442,327,155,140,0.6060325077601841,0.6035332679748535,0.620874285697937,outer_holdout_beta_H
weight_0065,grid,0.2,0.7000000000000001,0.1,beta_H,7,0.5098515165848169,0.49121820476442324,0.4679966505843561,297,194,170,0.6032519851412091,0.5829907655715942,0.6605710387229919,outer_holdout_beta_H
weight_0066,grid,0.2,0.75,0.05,beta_H,7,0.49900816735162046,0.4851514871682938,0.4555580982979013,287,168,180,0.6040420617376056,0.562534749507904,0.6452039480209351,outer_holdout_beta_H
weight_0067,grid,0.25,0.05,0.7000000000000001,beta_H,7,0.7182811908667424,0.7558425626660921,0.723673685559805,392,54,75,0.8426529850278582,0.8342684507369995,0.8496255874633789,outer_holdout_beta_H
weight_0068,grid,0.25,0.1,0.65,beta_H,7,0.7437295640728262,0.7370849020260785,0.7264103676993096,379,45,88,0.8031197019985744,0.7965697050094604,0.8219565749168396,outer_holdout_beta_H
weight_0069,grid,0.25,0.15000000000000002,0.6000000000000001,beta_H,7,0.7591922355432145,0.7456554090167536,0.745244237578585,391,41,76,0.7703097973551069,0.7703033089637756,0.7703487277030945,outer_holdout_beta_H
weight_0070,grid,0.25,0.2,0.55,beta_H,7,0.7361572734639978,0.7434128075472614,0.7285830896244868,391,52,76,0.732281506061554,0.7270222306251526,0.7359240055084229,outer_holdout_beta_H
weight_0071,grid,0.25,0.25,0.5,beta_H,7,0.7039593038034916,0.7442045909272801,0.7103775074474804,393,63,74,0.696948937007359,0.6785280704498291,0.7005153894424438,outer_holdout_beta_H
weight_0072,grid,0.25,0.30000000000000004,0.45,beta_H,7,0.670635735030593,0.7262816884329489,0.6799317613162825,389,80,78,0.6617995926312038,0.6245065331459045,0.6765828728675842,outer_holdout_beta_H
weight_0073,grid,0.25,0.35000000000000003,0.4,beta_H,7,0.6544277372596851,0.7067513550874897,0.6583180809973715,383,90,84,0.635984480381012,0.5909045934677124,0.6507308483123779,outer_holdout_beta_H
weight_0074,grid,0.25,0.4,0.35000000000000003,beta_H,7,0.6422148288383666,0.7080972510216208,0.6573159950435111,385,94,82,0.610228317124503,0.5827648639678955,0.6158468723297119,outer_holdout_beta_H
weight_0075,grid,0.25,0.45,0.30000000000000004,beta_H,7,0.6111790493118205,0.6952476169955162,0.6357913092759505,379,114,88,0.5863240361213684,0.5721362829208374,0.6073196530342102,outer_holdout_beta_H
weight_0076,grid,0.25,0.5,0.25,beta_H,7,0.6007054034753132,0.6798154077481808,0.6177192239577628,374,134,93,0.5659562945365906,0.5522609353065491,0.5856455564498901,outer_holdout_beta_H
weight_0077,grid,0.25,0.55,0.2,beta_H,7,0.5900575315465507,0.6713887233214964,0.6121957494267182,371,138,96,0.5463359185627529,0.5443254709243774,0.5557897090911865,outer_holdout_beta_H
weight_0078,grid,0.25,0.6000000000000001,0.15000000000000002,beta_H,7,0.5611800152404275,0.6260056246274733,0.5650638957259858,361,167,106,0.5388897231646946,0.5165811777114868,0.5943437218666077,outer_holdout_beta_H
weight_0079,grid,0.25,0.65,0.1,beta_H,7,0.5756550214030576,0.5882515803524208,0.5627694559248176,343,128,124,0.5494788885116577,0.5337845087051392,0.5857007503509521,outer_holdout_beta_H
weight_0080,grid,0.25,0.7000000000000001,0.05,beta_H,7,0.5747840386691377,0.6031994261574093,0.5727555069531586,343,133,124,0.5382014768464225,0.5248133540153503,0.5418863892555237,outer_holdout_beta_H
weight_0081,grid,0.30000000000000004,0.05,0.65,beta_H,7,0.7351700742802866,0.7569854198089493,0.7347925960376748,393,47,74,0.8241670046533857,0.8150783181190491,0.8274883031845093,outer_holdout_beta_H
weight_0082,grid,0.30000000000000004,0.1,0.6000000000000001,beta_H,7,0.7403574170769617,0.7300179297826356,0.7188961532186197,374,46,93,0.7815541880471366,0.7706744074821472,0.8083096146583557,outer_holdout_beta_H
weight_0083,grid,0.30000000000000004,0.15000000000000002,0.55,beta_H,7,0.7461766332094326,0.7198185530622506,0.7208030614625861,375,44,92,0.7496805531638009,0.7320259809494019,0.7607517242431641,outer_holdout_beta_H
weight_0084,grid,0.30000000000000004,0.2,0.5,beta_H,7,0.7350038270742966,0.7281753913686687,0.7151905655029455,378,51,89,0.7097702537264142,0.6887202858924866,0.7302391529083252,outer_holdout_beta_H
weight_0085,grid,0.30000000000000004,0.25,0.45,beta_H,7,0.7397338303896025,0.7390953472298011,0.729085906621587,389,50,78,0.6726575749261039,0.668806791305542,0.6773931384086609,outer_holdout_beta_H
weight_0086,grid,0.30000000000000004,0.30000000000000004,0.4,beta_H,7,0.7004096884882299,0.7442045909272801,0.7077814864809989,393,65,74,0.6363387789045062,0.6142337322235107,0.6406185030937195,outer_holdout_beta_H
weight_0087,grid,0.30000000000000004,0.35000000000000003,0.35000000000000003,beta_H,7,0.6883833771644585,0.7351161555531304,0.6986220360039859,390,70,77,0.6031779476574489,0.5990267992019653,0.6205549836158752,outer_holdout_beta_H
weight_0088,grid,0.30000000000000004,0.4,0.30000000000000004,beta_H,7,0.6505724974334968,0.7152219433227838,0.6603026875588706,389,92,78,0.5718015772955758,0.519008219242096,0.5853153467178345,outer_holdout_beta_H
weight_0089,grid,0.30000000000000004,0.45,0.25,beta_H,7,0.6487216844215692,0.696124073871973,0.6516986235537428,377,88,90,0.5589595011302403,0.5151041746139526,0.5675866603851318,outer_holdout_beta_H
weight_0090,grid,0.30000000000000004,0.5,0.2,beta_H,7,0.6317303149678447,0.7013848448470298,0.6471478858803154,383,102,84,0.5286283493041992,0.519910991191864,0.54051673412323,outer_holdout_beta_H
weight_0091,grid,0.30000000000000004,0.55,0.15000000000000002,beta_H,7,0.604822114462152,0.6871953294138168,0.6197790804036388,373,119,94,0.5026037522724697,0.4772597551345825,0.531499445438385,outer_holdout_beta_H
weight_0092,grid,0.30000000000000004,0.6000000000000001,0.1,beta_H,7,0.5705106167969204,0.7002847833772202,0.6070875409900511,380,153,87,0.47298599992479595,0.455294668674469,0.5032904148101807,outer_holdout_beta_H
weight_0093,grid,0.30000000000000004,0.65,0.05,beta_H,7,0.5693273081804269,0.6727923393133476,0.5988874891348187,372,148,95,0.4682892986706325,0.45694780349731445,0.4732694625854492,outer_holdout_beta_H
weight_0094,grid,0.35000000000000003,0.05,0.6000000000000001,beta_H,7,0.7354708196294258,0.7526679594914889,0.7326985392065228,391,46,76,0.8062937259674072,0.7937339544296265,0.8095748424530029,outer_holdout_beta_H
weight_0095,grid,0.35000000000000003,0.1,0.55,beta_H,7,0.7285009301599162,0.7372784339843163,0.7165468357875362,378,51,89,0.7564477579934257,0.7427151203155518,0.7800612449645996,outer_holdout_beta_H
weight_0096,grid,0.35000000000000003,0.15000000000000002,0.5,beta_H,7,0.7455033303392745,0.7307974900916079,0.7261470107570006,378,43,89,0.7277714695249285,0.7026408910751343,0.7365672588348389,outer_holdout_beta_H
weight_0097,grid,0.35000000000000003,0.2,0.45,beta_H,7,0.7442527190106016,0.7221035882884622,0.724048770326414,382,44,85,0.6871702160154071,0.6719536781311035,0.7057962417602539,outer_holdout_beta_H
weight_0098,grid,0.35000000000000003,0.25,0.4,beta_H,7,0.7359676233009889,0.7521672426546376,0.7329547879867256,395,52,72,0.6407799891063145,0.6340062618255615,0.645482063293457,outer_holdout_beta_H
weight_0099,grid,0.35000000000000003,0.30000000000000004,0.35000000000000003,beta_H,7,0.7307524327833935,0.7413810615155153,0.7253552259607451,391,51,76,0.614260366984776,0.6097939014434814,0.6162970066070557,outer_holdout_beta_H
weight_0100,grid,0.35000000000000003,0.35000000000000003,0.30000000000000004,beta_H,7,0.6956201144973969,0.7416581177925715,0.702838358803508,391,68,76,0.5770750216075352,0.5499393939971924,0.5829360485076904,outer_holdout_beta_H
weight_0101,grid,0.35000000000000003,0.4,0.25,beta_H,7,0.6796923266133853,0.7125538215286115,0.679968863370633,381,69,86,0.5563546589442662,0.5273396968841553,0.5631320476531982,outer_holdout_beta_H
weight_0102,grid,0.35000000000000003,0.45,0.2,beta_H,7,0.651940953912214,0.7237562661428207,0.6714360195563203,392,89,75,0.5119615026882717,0.504933774471283,0.521329939365387,outer_holdout_beta_H
weight_0103,grid,0.35000000000000003,0.5,0.15000000000000002,beta_H,7,0.6411332704454145,0.7029880073241418,0.6503119520715339,381,96,86,0.49667490805898395,0.45982638001441956,0.5040463209152222,outer_holdout_beta_H
weight_0104,grid,0.35000000000000003,0.55,0.1,beta_H,7,0.6072555004406455,0.7015613033092024,0.6293767855212017,382,115,85,0.46488666108676363,0.4239674508571625,0.4785124659538269,outer_holdout_beta_H
weight_0105,grid,0.35000000000000003,0.6000000000000001,0.05,beta_H,7,0.5904770100268911,0.7173786363030061,0.6265609209124007,389,135,78,0.437576813357217,0.43321335315704346,0.4628761112689972,outer_holdout_beta_H
weight_0106,grid,0.4,0.05,0.55,beta_H,7,0.7420649419753537,0.7409487505958093,0.7300825919542646,385,43,82,0.7914179733821324,0.7744196653366089,0.7984485626220703,outer_holdout_beta_H
weight_0107,grid,0.4,0.1,0.5,beta_H,7,0.7279845154845156,0.7400347365053248,0.7177295627676769,379,52,88,0.7320461188043866,0.7202115058898926,0.7632735967636108,outer_holdout_beta_H
weight_0108,grid,0.4,0.15000000000000002,0.45,beta_H,7,0.7351312583187067,0.7364798600092718,0.7203771852759081,378,49,89,0.6919515473502023,0.676849365234375,0.7219650745391846,outer_holdout_beta_H
weight_0109,grid,0.4,0.2,0.4,beta_H,7,0.7437470899635629,0.7198185530622506,0.7194957437516994,375,45,92,0.6669795342854091,0.6427013278007507,0.6810022592544556,outer_holdout_beta_H
weight_0110,grid,0.4,0.25,0.35000000000000003,beta_H,7,0.7495722076831024,0.7303426172333735,0.7269736635029637,381,45,86,0.6280696477208819,0.6225454807281494,0.6544458866119385,outer_holdout_beta_H
weight_0111,grid,0.4,0.30000000000000004,0.30000000000000004,beta_H,7,0.7185133934673693,0.736906738452957,0.7107689703601304,384,59,83,0.5803149938583374,0.56854248046875,0.6066473722457886,outer_holdout_beta_H
weight_0112,grid,0.4,0.35000000000000003,0.25,beta_H,7,0.7109961872990678,0.7357211975699371,0.7110235957600886,391,58,76,0.5570795961788723,0.5533823370933533,0.5579178333282471,outer_holdout_beta_H
weight_0113,grid,0.4,0.4,0.2,beta_H,7,0.6822706636467059,0.7237964276619738,0.6875969774804448,390,75,77,0.5216203246797834,0.5156623721122742,0.5353681445121765,outer_holdout_beta_H
weight_0114,grid,0.4,0.45,0.15000000000000002,beta_H,7,0.637761526294234,0.7102450192198092,0.649351591076714,381,98,86,0.489482866866248,0.43061381578445435,0.5055606365203857,outer_holdout_beta_H
weight_0115,grid,0.4,0.5,0.1,beta_H,7,0.6240586959900919,0.707109219445354,0.6385379304599393,380,109,87,0.4605059964316232,0.4380512833595276,0.48865780234336853,outer_holdout_beta_H
weight_0116,grid,0.4,0.55,0.05,beta_H,7,0.6039245289931553,0.7313841415354021,0.6371120062437505,395,130,72,0.41481053829193115,0.34798091650009155,0.4261915981769562,outer_holdout_beta_H
weight_0117,grid,0.45,0.05,0.5,beta_H,7,0.7437456564087278,0.7429343205813794,0.7340066881654802,389,45,78,0.7679211071559361,0.7637500762939453,0.7795450687408447,outer_holdout_beta_H
weight_0118,grid,0.45,0.1,0.45,beta_H,7,0.7303329171297156,0.747371974430798,0.7261733816894033,386,49,81,0.7157888923372541,0.6993720531463623,0.7281900644302368,outer_holdout_beta_H
weight_0119,grid,0.45,0.15000000000000002,0.4,beta_H,7,0.7301160869205982,0.728337257513728,0.7116195302676356,373,51,94,0.6725262148039681,0.6560115814208984,0.7137121558189392,outer_holdout_beta_H
weight_0120,grid,0.45,0.2,0.35000000000000003,beta_H,7,0.7246553452985439,0.7232090001501766,0.7085572519176766,373,51,94,0.6455475347382682,0.6133797764778137,0.6642735004425049,outer_holdout_beta_H
weight_0121,grid,0.45,0.25,0.30000000000000004,beta_H,7,0.7357465157292531,0.6995547384454947,0.7024801899392797,364,44,103,0.6220965300287519,0.5964374542236328,0.6358308792114258,outer_holdout_beta_H
weight_0122,grid,0.45,0.30000000000000004,0.25,beta_H,7,0.7181841482304746,0.695552458745736,0.6918014909930148,367,49,100,0.5846908433096749,0.5559082627296448,0.595358669757843,outer_holdout_beta_H
weight_0123,grid,0.45,0.35000000000000003,0.2,beta_H,7,0.6852483690123606,0.7188098997174627,0.6780917695234717,375,77,92,0.5394434673445565,0.5030494332313538,0.5660104751586914,outer_holdout_beta_H
weight_0124,grid,0.45,0.4,0.15000000000000002,beta_H,7,0.6602228031013435,0.7388413789758328,0.6741527061007143,387,90,80,0.4881861167294638,0.4324686825275421,0.5173159837722778,outer_holdout_beta_H
weight_0125,grid,0.45,0.45,0.1,beta_H,7,0.6307975783519261,0.7237964276619738,0.6487011242994173,390,111,77,0.4529930523463658,0.3795228898525238,0.4910779297351837,outer_holdout_beta_H
weight_0126,grid,0.45,0.5,0.05,beta_H,7,0.6087141892224007,0.7277083924478882,0.633375099161877,388,129,79,0.41645645243780954,0.32604357600212097,0.4514605700969696,outer_holdout_beta_H
weight_0127,grid,0.5,0.05,0.45,beta_H,7,0.7284237081011992,0.7020929658576718,0.6949781218126251,357,46,110,0.7579012768609183,0.7353339791297913,0.7834509611129761,outer_holdout_beta_H
weight_0128,grid,0.5,0.1,0.4,beta_H,7,0.705495865528896,0.7432711340946635,0.7062747865933832,381,59,86,0.6923494594437736,0.6685369610786438,0.7222425937652588,outer_holdout_beta_H
weight_0129,grid,0.5,0.15000000000000002,0.35000000000000003,beta_H,7,0.7200647279562239,0.7094879238408651,0.6966940430217357,363,51,104,0.6681171911103385,0.6286761164665222,0.6908789873123169,outer_holdout_beta_H
weight_0130,grid,0.5,0.2,0.30000000000000004,beta_H,7,0.7318321774602932,0.7172176581588348,0.7081582927851585,368,50,99,0.6319492374147687,0.5964277982711792,0.6439131498336792,outer_holdout_beta_H
weight_0131,grid,0.5,0.25,0.25,beta_H,7,0.7084037991766172,0.6997414798087067,0.6861448938346515,365,55,102,0.59785943371909,0.5533766746520996,0.6138484477996826,outer_holdout_beta_H
weight_0132,grid,0.5,0.30000000000000004,0.2,beta_H,7,0.71037944601163,0.7126544753099375,0.6954944436317476,373,57,94,0.5530669518879482,0.5406065583229065,0.5696808099746704,outer_holdout_beta_H
weight_0133,grid,0.5,0.35000000000000003,0.15000000000000002,beta_H,7,0.6740456767727172,0.7205033771084192,0.6700387846475065,372,84,95,0.5085972164358411,0.49132537841796875,0.5543712377548218,outer_holdout_beta_H
weight_0134,grid,0.5,0.4,0.1,beta_H,7,0.650257175237732,0.7259351740696278,0.6599335020151637,377,94,90,0.46871523346219746,0.40558236837387085,0.5070611238479614,outer_holdout_beta_H
weight_0135,grid,0.5,0.45,0.05,beta_H,7,0.6301557411211866,0.7320386578873974,0.6506548124608684,386,110,81,0.4280109064919608,0.36406034231185913,0.4579278826713562,outer_holdout_beta_H
weight_0136,grid,0.55,0.05,0.4,beta_H,7,0.7248647926262636,0.7048771098182864,0.6948743030778318,361,49,106,0.7392925194331578,0.7173973321914673,0.7654308080673218,outer_holdout_beta_H
weight_0137,grid,0.55,0.1,0.35000000000000003,beta_H,7,0.7325995404913401,0.719607268548445,0.7071156476788871,365,50,102,0.6871916311127799,0.6706569194793701,0.7159098982810974,outer_holdout_beta_H
weight_0138,grid,0.55,0.15000000000000002,0.30000000000000004,beta_H,7,0.7186069397630895,0.6854953934953935,0.67978199807903,351,51,116,0.6490895662988935,0.6119771599769592,0.684361457824707,outer_holdout_beta_H
weight_0139,grid,0.55,0.2,0.25,beta_H,7,0.707389783449821,0.7180325295619413,0.6935057598815427,368,57,99,0.6071460928235736,0.5681923627853394,0.6235525608062744,outer_holdout_beta_H
weight_0140,grid,0.55,0.25,0.2,beta_H,7,0.7088687334454147,0.7149123481560457,0.694638542721995,372,59,95,0.5729010701179504,0.5274798274040222,0.5848137140274048,outer_holdout_beta_H
weight_0141,grid,0.55,0.30000000000000004,0.15000000000000002,beta_H,7,0.6979600433700579,0.6985634085802153,0.6764850252558058,365,63,102,0.542198726109096,0.4739263653755188,0.5669668912887573,outer_holdout_beta_H
weight_0142,grid,0.55,0.35000000000000003,0.1,beta_H,7,0.6753242788957075,0.7187144993195412,0.67209756220351,374,81,93,0.491710432938167,0.4788501560688019,0.5219718813896179,outer_holdout_beta_H
weight_0143,grid,0.55,0.4,0.05,beta_H,7,0.6506321846552551,0.7250110710951049,0.6560139173449022,379,101,88,0.44970437032835825,0.3807145655155182,0.4774768650531769,outer_holdout_beta_H
weight_0144,grid,0.6000000000000001,0.05,0.35000000000000003,beta_H,7,0.7217160708981509,0.6945153408682821,0.6875251783866015,352,47,115,0.728366093976157,0.699028491973877,0.7494365572929382,outer_holdout_beta_H
weight_0145,grid,0.6000000000000001,0.1,0.30000000000000004,beta_H,7,0.7055168670748654,0.7051310780722547,0.683929672530053,363,57,104,0.6662725039890834,0.6329635381698608,0.6931382417678833,outer_holdout_beta_H
weight_0146,grid,0.6000000000000001,0.15000000000000002,0.25,beta_H,7,0.7060960478045865,0.7112935430582491,0.6873986449364633,364,59,103,0.6272866640772138,0.5949989557266235,0.6558188199996948,outer_holdout_beta_H
weight_0147,grid,0.6000000000000001,0.2,0.2,beta_H,7,0.6859503405385539,0.7113329285093991,0.6729287115484226,362,65,105,0.592985485281263,0.5413488149642944,0.6195670366287231,outer_holdout_beta_H
weight_0148,grid,0.6000000000000001,0.25,0.15000000000000002,beta_H,7,0.6762366410235098,0.727787219316631,0.6754874302523625,375,79,92,0.5398579835891724,0.4579930305480957,0.5633026361465454,outer_holdout_beta_H
weight_0149,grid,0.6000000000000001,0.30000000000000004,0.1,beta_H,7,0.6676124203779625,0.722417216770158,0.6683125834501469,371,80,96,0.5120640993118286,0.4640519917011261,0.536618173122406,outer_holdout_beta_H
weight_0150,grid,0.6000000000000001,0.35000000000000003,0.05,beta_H,7,0.6401015169801296,0.7261286090193652,0.6442473795464811,371,103,96,0.46689096093177795,0.3595541715621948,0.5083900690078735,outer_holdout_beta_H
weight_0151,grid,0.65,0.05,0.30000000000000004,beta_H,7,0.7065032715246663,0.6995804456980929,0.6803743487003304,353,54,114,0.7162882600511823,0.6759802103042603,0.7311046123504639,outer_holdout_beta_H
weight_0152,grid,0.65,0.1,0.25,beta_H,7,0.718890342433388,0.7304457372692666,0.7021610442945935,368,56,99,0.6440487333706447,0.631838858127594,0.7110022306442261,outer_holdout_beta_H
weight_0153,grid,0.65,0.15000000000000002,0.2,beta_H,7,0.6919018002898912,0.7036031941914295,0.6729844875758415,357,62,110,0.6142747317041669,0.5713549256324768,0.645571768283844,outer_holdout_beta_H
weight_0154,grid,0.65,0.2,0.15000000000000002,beta_H,7,0.6581122833748884,0.7084197632432927,0.6477292464956595,356,84,111,0.5600925173078265,0.5079634189605713,0.6189240217208862,outer_holdout_beta_H
weight_0155,grid,0.65,0.25,0.1,beta_H,7,0.6487230501410262,0.7183611943611943,0.6481121678519638,364,93,103,0.5162902218954903,0.4537763297557831,0.5679913759231567,outer_holdout_beta_H
weight_0156,grid,0.65,0.30000000000000004,0.05,beta_H,7,0.6288932250102656,0.7349746201510907,0.6403261811015613,375,116,92,0.44668836678777424,0.3798430263996124,0.5219332575798035,outer_holdout_beta_H
weight_0157,grid,0.7000000000000001,0.05,0.25,beta_H,7,0.6984288755562265,0.7353383609854198,0.6942654080269227,375,63,92,0.6753661121640887,0.6563619375228882,0.7124475240707397,outer_holdout_beta_H
weight_0158,grid,0.7000000000000001,0.1,0.2,beta_H,7,0.7175674256943607,0.7401800552388788,0.7141607689165681,381,55,86,0.6403143746512276,0.6375535726547241,0.6413286328315735,outer_holdout_beta_H
weight_0159,grid,0.7000000000000001,0.15000000000000002,0.15000000000000002,beta_H,7,0.6722639678341088,0.6923389551624846,0.6484602209320212,345,74,122,0.60080885887146,0.5470587015151978,0.6531499624252319,outer_holdout_beta_H
weight_0160,grid,0.7000000000000001,0.2,0.1,beta_H,7,0.6494079353593014,0.7309410067057127,0.6552763869731295,371,99,96,0.5128196094717298,0.484764963388443,0.5830281376838684,outer_holdout_beta_H
weight_0161,grid,0.7000000000000001,0.25,0.05,beta_H,7,0.6404020109580333,0.7256382310499958,0.6438802724156704,368,104,99,0.4814026015145438,0.43028968572616577,0.5545826554298401,outer_holdout_beta_H
weight_0162,grid,0.75,0.05,0.2,beta_H,7,0.705538758999447,0.7147513140454318,0.6899226191318029,360,55,107,0.675582298210689,0.6535820364952087,0.694247841835022,outer_holdout_beta_H
weight_0163,grid,0.75,0.1,0.15000000000000002,beta_H,7,0.6942442208870355,0.7113397191044248,0.6783401418214486,360,65,107,0.6290668419429234,0.6206986904144287,0.6505274772644043,outer_holdout_beta_H
weight_0164,grid,0.75,0.15000000000000002,0.1,beta_H,7,0.6528179505149824,0.7257808335455395,0.6541155244137208,366,95,101,0.5451742240360805,0.5181919932365417,0.6051988005638123,outer_holdout_beta_H
weight_0165,grid,0.75,0.2,0.05,beta_H,7,0.6412604427736007,0.7320838638485697,0.6497404501715784,372,106,95,0.49128911750657217,0.45956429839134216,0.5598015189170837,outer_holdout_beta_H
weight_0166,grid,0.8,0.05,0.15000000000000002,beta_H,7,0.6739604937301599,0.7052275045216223,0.6620120518079702,357,69,110,0.6607688239642552,0.606171190738678,0.6794089078903198,outer_holdout_beta_H
weight_0167,grid,0.8,0.1,0.1,beta_H,7,0.6670509929970244,0.6963399737517383,0.6476090119958384,349,80,118,0.6100728000913348,0.5691644549369812,0.6657156348228455,outer_holdout_beta_H
weight_0168,grid,0.8,0.15000000000000002,0.05,beta_H,7,0.6485590417148116,0.719461505814447,0.6458070988540834,360,98,107,0.5310472931180682,0.5014793872833252,0.6195201873779297,outer_holdout_beta_H
weight_0169,grid,0.8500000000000001,0.05,0.1,beta_H,7,0.6459936517948768,0.7109399881164588,0.636750294771805,353,96,114,0.6313205531665257,0.5980921983718872,0.6954227685928345,outer_holdout_beta_H
weight_0170,grid,0.8500000000000001,0.1,0.05,beta_H,7,0.6535244271789954,0.7196496052966641,0.6503647518169468,359,89,108,0.5859643220901489,0.5276765823364258,0.6712154150009155,outer_holdout_beta_H
weight_0171,grid,0.9,0.05,0.05,beta_H,7,0.6351682068003683,0.7184449537390715,0.6314175140157346,357,105,110,0.6003878031458173,0.5590327978134155,0.7051010727882385,outer_holdout_beta_H
weight_0001,grid,0.05,0.05,0.9,none_full_beta_loso,8,0.6473096732452814,0.6879845726169256,0.6402978108295063,396,90,75,0.9374095499515533,0.9296267628669739,0.9401030540466309,full_beta_model_selection
weight_0002,grid,0.05,0.1,0.8500000000000001,none_full_beta_loso,8,0.5662524771904626,0.6488213420566362,0.5885081606138381,374,115,97,0.9143408909440041,0.9104521870613098,0.9150007367134094,full_beta_model_selection
weight_0003,grid,0.05,0.15000000000000002,0.8,none_full_beta_loso,8,0.5003124134370376,0.47821764999706173,0.46458013034921,312,127,159,0.9074817821383476,0.9014396071434021,0.9169080257415771,full_beta_model_selection
weight_0004,grid,0.05,0.2,0.75,none_full_beta_loso,8,0.5432442192310614,0.3913985475309005,0.43506309998245485,249,71,222,0.9073658362030983,0.9049077033996582,0.9096294641494751,full_beta_model_selection
weight_0005,grid,0.05,0.25,0.7000000000000001,none_full_beta_loso,8,0.42257968922161154,0.39734232923938806,0.3428894853430887,239,247,232,0.8922117799520493,0.8438960313796997,0.9073852896690369,full_beta_model_selection
weight_0006,grid,0.05,0.30000000000000004,0.65,none_full_beta_loso,8,0.386746881684111,0.35534081441434384,0.2989453185169221,212,258,259,0.8868744149804115,0.8365354537963867,0.9062255620956421,full_beta_model_selection
weight_0007,grid,0.05,0.35000000000000003,0.6000000000000001,none_full_beta_loso,8,0.31610687591856046,0.5262060635442989,0.28380297075601546,269,795,202,0.8427482843399048,0.823493480682373,0.9049458503723145,full_beta_model_selection
weight_0008,grid,0.05,0.4,0.55,none_full_beta_loso,8,0.3026250482374615,0.6227135136105725,0.307675599366407,324,994,147,0.8118817880749702,0.7573099732398987,0.8934102058410645,full_beta_model_selection
weight_0009,grid,0.05,0.45,0.5,none_full_beta_loso,8,0.2606923659310999,0.6890147613824085,0.3401422394163729,391,1071,80,0.7856009975075722,0.733985960483551,0.7930527925491333,full_beta_model_selection
weight_0010,grid,0.05,0.5,0.45,none_full_beta_loso,8,0.2527418909243959,0.7145740876770288,0.334056679126022,399,1139,72,0.7573714852333069,0.6966210007667542,0.7817356586456299,full_beta_model_selection
weight_0011,grid,0.05,0.55,0.4,none_full_beta_loso,8,0.24834692578828094,0.7332715666686255,0.3347202352421864,414,1236,57,0.7239967957139015,0.6755639314651489,0.7628418803215027,full_beta_model_selection
weight_0012,grid,0.05,0.6000000000000001,0.35000000000000003,none_full_beta_loso,8,0.2471225054176383,0.7540953507277037,0.33218546115543546,415,1381,56,0.688831590116024,0.6540828943252563,0.7516858577728271,full_beta_model_selection
weight_0013,grid,0.05,0.65,0.30000000000000004,none_full_beta_loso,8,0.25024421590890394,0.7391856656415481,0.3342531625749424,408,1251,63,0.7016885355114937,0.6379086375236511,0.7192097902297974,full_beta_model_selection
weight_0014,grid,0.05,0.7000000000000001,0.25,none_full_beta_loso,8,0.24568645797284358,0.7396271163477046,0.3320019930757359,416,1335,55,0.673622339963913,0.6434876322746277,0.7121478915214539,full_beta_model_selection
weight_0015,grid,0.05,0.75,0.2,none_full_beta_loso,8,0.24668642627925075,0.7550002595443772,0.3372174946841798,427,1320,44,0.6598180755972862,0.6478754281997681,0.6668049693107605,full_beta_model_selection
weight_0016,grid,0.05,0.8,0.15000000000000002,none_full_beta_loso,8,0.24845414181888137,0.7468103285603286,0.33720094243514886,419,1303,52,0.6583211869001389,0.6502518653869629,0.6718720197677612,full_beta_model_selection
weight_0017,grid,0.05,0.8500000000000001,0.1,none_full_beta_loso,8,0.2493703299366647,0.7418436873583932,0.3370461110124012,419,1296,52,0.6539208292961121,0.6157344579696655,0.6593760251998901,full_beta_model_selection
weight_0018,grid,0.05,0.9,0.05,none_full_beta_loso,8,0.24309900106826182,0.7682563857710916,0.3332342060292612,427,1391,44,0.6221976354718208,0.5988447666168213,0.6435448527336121,full_beta_model_selection
weight_0019,grid,0.1,0.05,0.8500000000000001,none_full_beta_loso,8,0.6365278534588956,0.66542700763289,0.6411080568511468,395,54,76,0.912716418504715,0.9099361300468445,0.9155642986297607,full_beta_model_selection
weight_0020,grid,0.1,0.1,0.8,none_full_beta_loso,8,0.6473096732452814,0.6879845726169256,0.6402978108295063,396,90,75,0.8748191222548485,0.8592535853385925,0.8802061676979065,full_beta_model_selection
weight_0021,grid,0.1,0.15000000000000002,0.75,none_full_beta_loso,8,0.609116610792896,0.6760334649011119,0.6282587353728599,400,94,71,0.8471483439207077,0.8446667194366455,0.8558622002601624,full_beta_model_selection
weight_0022,grid,0.1,0.2,0.7000000000000001,none_full_beta_loso,8,0.5662524771904626,0.6488213420566362,0.5885081606138381,374,115,97,0.8286817669868469,0.8209043741226196,0.8300014138221741,full_beta_model_selection
weight_0023,grid,0.1,0.25,0.65,none_full_beta_loso,8,0.5352080337115079,0.5634320630350043,0.5371181695678617,347,126,124,0.8170133084058762,0.8166834115982056,0.8186568021774292,full_beta_model_selection
weight_0024,grid,0.1,0.30000000000000004,0.6000000000000001,none_full_beta_loso,8,0.5003124134370376,0.47821764999706173,0.46458013034921,312,127,159,0.8149635344743729,0.8028792142868042,0.8338159918785095,full_beta_model_selection
weight_0025,grid,0.1,0.35000000000000003,0.55,none_full_beta_loso,8,0.5172726446581408,0.3857964274287804,0.39792658095253725,252,80,219,0.8225568309426308,0.791785717010498,0.8319541215896606,full_beta_model_selection
weight_0026,grid,0.1,0.4,0.5,none_full_beta_loso,8,0.5432442192310614,0.3913985475309005,0.43506309998245485,249,71,222,0.8147316724061966,0.8098154067993164,0.8192589282989502,full_beta_model_selection
weight_0027,grid,0.1,0.45,0.45,none_full_beta_loso,8,0.5136295239131174,0.37459391099096984,0.40315986369435364,240,91,231,0.8077752441167831,0.7955460548400879,0.8180404901504517,full_beta_model_selection
weight_0028,grid,0.1,0.5,0.4,none_full_beta_loso,8,0.423926932213069,0.4001201070171658,0.3448862119040298,240,248,231,0.7844235822558403,0.687792181968689,0.8147705793380737,full_beta_model_selection
weight_0029,grid,0.1,0.55,0.35000000000000003,none_full_beta_loso,8,0.4081089777888704,0.3848977640007052,0.3312490293462562,236,263,235,0.776617169380188,0.6718562841415405,0.7986980676651001,full_beta_model_selection
weight_0030,grid,0.1,0.6000000000000001,0.30000000000000004,none_full_beta_loso,8,0.3878905117961873,0.3581185921921216,0.30053770848924044,213,261,258,0.7737488970160484,0.673071026802063,0.812451183795929,full_beta_model_selection
weight_0031,grid,0.1,0.65,0.25,none_full_beta_loso,8,0.3555844634724403,0.45837200871024397,0.3068184507743621,264,650,207,0.7197019755840302,0.658627986907959,0.7902954816818237,full_beta_model_selection
weight_0032,grid,0.1,0.7000000000000001,0.2,none_full_beta_loso,8,0.3189652874111648,0.5479147470176882,0.28937287393746713,275,822,196,0.6854965463280678,0.6469869613647461,0.8098915815353394,full_beta_model_selection
weight_0033,grid,0.1,0.75,0.15000000000000002,none_full_beta_loso,8,0.308283374291872,0.6012706590794825,0.31116362338323444,309,859,162,0.6682478934526443,0.6302584409713745,0.7910614013671875,full_beta_model_selection
weight_0034,grid,0.1,0.8,0.1,none_full_beta_loso,8,0.3032227540767628,0.6119955550984962,0.3073655454507478,315,925,156,0.6561452224850655,0.6151145696640015,0.7868204116821289,full_beta_model_selection
weight_0035,grid,0.1,0.8500000000000001,0.05,none_full_beta_loso,8,0.30015956816205125,0.5753847410759176,0.2906739493221664,291,941,180,0.6486189290881157,0.6142500638961792,0.7825743556022644,full_beta_model_selection
weight_0036,grid,0.15000000000000002,0.05,0.8,none_full_beta_loso,8,0.709947242866318,0.6906039238539239,0.6839106329748177,389,48,82,0.8880866318941116,0.885337233543396,0.8991312980651855,full_beta_model_selection
weight_0037,grid,0.15000000000000002,0.1,0.75,none_full_beta_loso,8,0.7055457123853399,0.687168173329938,0.6804004743806296,394,52,77,0.8523888885974884,0.8443601131439209,0.8551939725875854,full_beta_model_selection
weight_0038,grid,0.15000000000000002,0.15000000000000002,0.7000000000000001,none_full_beta_loso,8,0.6473096732452814,0.6879845726169256,0.6402978108295063,396,90,75,0.8122286722064018,0.7888803482055664,0.8203092217445374,full_beta_model_selection
weight_0039,grid,0.15000000000000002,0.2,0.65,none_full_beta_loso,8,0.5951218052647528,0.6981813301078007,0.6266980556561166,412,111,59,0.7733733430504799,0.7646662592887878,0.789804220199585,full_beta_model_selection
weight_0040,grid,0.15000000000000002,0.25,0.6000000000000001,none_full_beta_loso,8,0.592858893557423,0.6614209532297768,0.6132310217721656,394,101,77,0.7597138360142708,0.7566256523132324,0.7646817564964294,full_beta_model_selection
weight_0041,grid,0.15000000000000002,0.30000000000000004,0.55,none_full_beta_loso,8,0.5656064823584213,0.6488213420566362,0.588172566435514,374,116,97,0.743022657930851,0.7313565611839294,0.7450021505355835,full_beta_model_selection
weight_0042,grid,0.15000000000000002,0.35000000000000003,0.5,none_full_beta_loso,8,0.5375708528205162,0.619528680469857,0.5539762256750487,362,139,109,0.7243431881070137,0.7164047360420227,0.7256577014923096,full_beta_model_selection
weight_0043,grid,0.15000000000000002,0.4,0.45,none_full_beta_loso,8,0.5000515091779938,0.5036265287000581,0.4793683858605144,334,136,137,0.724305048584938,0.7184961438179016,0.7619631290435791,full_beta_model_selection
weight_0044,grid,0.15000000000000002,0.45,0.4,none_full_beta_loso,8,0.4927179989192728,0.4722652690446808,0.4570742006559648,311,128,160,0.722556971013546,0.7043187618255615,0.7516175508499146,full_beta_model_selection
weight_0045,grid,0.15000000000000002,0.5,0.35000000000000003,none_full_beta_loso,8,0.5129156345841073,0.4257013101277807,0.4237685916173018,269,105,202,0.7303414568305016,0.6886905431747437,0.7451849579811096,full_beta_model_selection
weight_0046,grid,0.15000000000000002,0.55,0.30000000000000004,none_full_beta_loso,8,0.50167754147181,0.39675475015180894,0.4036425736912098,256,95,215,0.7278881892561913,0.6743563413619995,0.7402010560035706,full_beta_model_selection
weight_0047,grid,0.15000000000000002,0.6000000000000001,0.25,none_full_beta_loso,8,0.5353770914232886,0.40372772162478043,0.44041036718180615,259,82,212,0.7194916605949402,0.7147231101989746,0.7288884520530701,full_beta_model_selection
weight_0048,grid,0.15000000000000002,0.65,0.2,none_full_beta_loso,8,0.5026323050849311,0.40416313261901493,0.42153589905504835,263,117,208,0.7049101516604424,0.6986052989959717,0.72493577003479,full_beta_model_selection
weight_0049,grid,0.15000000000000002,0.7000000000000001,0.15000000000000002,none_full_beta_loso,8,0.5216248912032916,0.38047525840172897,0.42271368307956786,249,84,222,0.7088752686977386,0.7088192701339722,0.709267258644104,full_beta_model_selection
weight_0050,grid,0.15000000000000002,0.75,0.1,none_full_beta_loso,8,0.43422491094537374,0.3912080223697871,0.35965813509481254,238,181,233,0.6884205564856529,0.6167206168174744,0.7221559286117554,full_beta_model_selection
weight_0051,grid,0.15000000000000002,0.8,0.05,none_full_beta_loso,8,0.41604034440236576,0.3892556414174061,0.351709316372124,241,196,230,0.6809533908963203,0.610525369644165,0.7081189751625061,full_beta_model_selection
weight_0052,grid,0.2,0.05,0.75,none_full_beta_loso,8,0.7016956070690827,0.6887803944421591,0.6785550131775531,390,52,81,0.8643598034977913,0.8601057529449463,0.8726382255554199,full_beta_model_selection
weight_0053,grid,0.2,0.1,0.7000000000000001,none_full_beta_loso,8,0.6365278534588956,0.66542700763289,0.6411080568511468,395,54,76,0.825432762503624,0.819872260093689,0.8311285376548767,full_beta_model_selection
weight_0054,grid,0.2,0.15000000000000002,0.65,none_full_beta_loso,8,0.7028672080427862,0.6943375137933961,0.6839876007516195,400,55,71,0.7848433703184128,0.7841598987579346,0.7882684469223022,full_beta_model_selection
weight_0055,grid,0.2,0.2,0.6000000000000001,none_full_beta_loso,8,0.6466228600584683,0.6879845726169256,0.6399471607782574,396,91,75,0.7496382668614388,0.7185071110725403,0.760412335395813,full_beta_model_selection
weight_0056,grid,0.2,0.25,0.55,none_full_beta_loso,8,0.5958549614342297,0.7076488625753332,0.6326091326052112,417,110,54,0.7028171643614769,0.6937099695205688,0.732610821723938,full_beta_model_selection
weight_0057,grid,0.2,0.30000000000000004,0.5,none_full_beta_loso,8,0.6084646607563536,0.6760334649011119,0.6279161859322846,400,95,71,0.6942967176437378,0.6893333792686462,0.7117244601249695,full_beta_model_selection
weight_0058,grid,0.2,0.35000000000000003,0.45,none_full_beta_loso,8,0.5944434967262737,0.6803568163862281,0.6232413284684273,391,108,80,0.6714139729738235,0.6701197624206543,0.6735490560531616,full_beta_model_selection
weight_0059,grid,0.2,0.4,0.4,none_full_beta_loso,8,0.5664065335616981,0.651599119834414,0.5896869312676358,375,116,96,0.6573635414242744,0.6418087482452393,0.6600028276443481,full_beta_model_selection
weight_0060,grid,0.2,0.45,0.35000000000000003,none_full_beta_loso,8,0.5534374222200362,0.645880165586048,0.5791893525698644,372,132,99,0.6365293264389038,0.6351994872093201,0.6379950642585754,full_beta_model_selection
weight_0061,grid,0.2,0.5,0.30000000000000004,none_full_beta_loso,8,0.5392262558381501,0.566209840812782,0.5414240277248572,348,126,123,0.6355641558766365,0.6333669424057007,0.649613082408905,full_beta_model_selection
weight_0062,grid,0.2,0.55,0.25,none_full_beta_loso,8,0.5122974698934194,0.5096999520087755,0.49586297181884587,329,132,142,0.6330198720097542,0.6201116442680359,0.6574978232383728,full_beta_model_selection
weight_0063,grid,0.2,0.6000000000000001,0.2,none_full_beta_loso,8,0.4904107117394203,0.48362890540831716,0.4601237172681577,318,138,153,0.6274374350905418,0.6057584285736084,0.6688234210014343,full_beta_model_selection
weight_0064,grid,0.2,0.65,0.15000000000000002,none_full_beta_loso,8,0.5189995733349784,0.4428831283095989,0.4410433799115852,284,110,187,0.639998771250248,0.6035332679748535,0.6650047302246094,full_beta_model_selection
weight_0065,grid,0.2,0.7000000000000001,0.1,none_full_beta_loso,8,0.5023043733198104,0.3969075385398915,0.39137084498788655,256,115,215,0.6407597288489342,0.5829907655715942,0.6639082431793213,full_beta_model_selection
weight_0066,grid,0.2,0.75,0.05,none_full_beta_loso,8,0.5476351288295489,0.4124811381429029,0.4462585224490924,263,70,208,0.6407346278429031,0.6085618138313293,0.6460915207862854,full_beta_model_selection
weight_0067,grid,0.25,0.05,0.7000000000000001,none_full_beta_loso,8,0.6909960420083996,0.6926122423328306,0.674881141531496,393,55,78,0.8425238281488419,0.8342684507369995,0.8496255874633789,full_beta_model_selection
weight_0068,grid,0.25,0.1,0.65,none_full_beta_loso,8,0.7126748563226684,0.693846348096348,0.6883337709584103,392,47,79,0.7988999933004379,0.7965697050094604,0.8152120113372803,full_beta_model_selection
weight_0069,grid,0.25,0.15000000000000002,0.6000000000000001,none_full_beta_loso,8,0.7267932061003126,0.6836984828896594,0.6937553745479286,392,42,79,0.7703089863061905,0.7703033089637756,0.7703487277030945,full_beta_model_selection
weight_0070,grid,0.25,0.2,0.55,none_full_beta_loso,8,0.7062508350967507,0.6707362066038537,0.671214033790783,381,53,90,0.7349031791090965,0.7270222306251526,0.7535305619239807,full_beta_model_selection
weight_0071,grid,0.25,0.25,0.5,none_full_beta_loso,8,0.6457526068939112,0.6879845726169256,0.6392374833589025,396,92,75,0.6873681396245956,0.6481338739395142,0.7005153894424438,full_beta_model_selection
weight_0072,grid,0.25,0.30000000000000004,0.45,none_full_beta_loso,8,0.5961156898656899,0.6973678168236992,0.6246474775424089,404,111,67,0.6375344023108482,0.6245065331459045,0.6765828728675842,full_beta_model_selection
weight_0073,grid,0.25,0.35000000000000003,0.4,none_full_beta_loso,8,0.6011671275793192,0.687155186316951,0.627485467267022,405,104,66,0.6205994412302971,0.6131124496459961,0.6362647414207458,full_beta_model_selection
weight_0074,grid,0.25,0.4,0.35000000000000003,none_full_beta_loso,8,0.5955519668407778,0.6578855996944233,0.6127757561700603,392,97,79,0.609260767698288,0.6079962253570557,0.6151596307754517,full_beta_model_selection
weight_0075,grid,0.25,0.45,0.30000000000000004,none_full_beta_loso,8,0.5920817459652942,0.6671115061409179,0.614739041950954,384,107,87,0.5895875245332718,0.5871425867080688,0.5904568433761597,full_beta_model_selection
weight_0076,grid,0.25,0.5,0.25,none_full_beta_loso,8,0.5549894758541375,0.6461525043583867,0.5761040921865636,370,121,101,0.572296217083931,0.5522609353065491,0.5795482397079468,full_beta_model_selection
weight_0077,grid,0.25,0.55,0.2,none_full_beta_loso,8,0.5328482401997253,0.6187326399091104,0.5475590189964076,367,144,104,0.555434376001358,0.5443254709243774,0.6051942110061646,full_beta_model_selection
weight_0078,grid,0.25,0.6000000000000001,0.15000000000000002,none_full_beta_loso,8,0.5252459613246141,0.5719416694416695,0.5078351540465889,341,139,130,0.5558151379227638,0.5226062536239624,0.6039540767669678,full_beta_model_selection
weight_0079,grid,0.25,0.65,0.1,none_full_beta_loso,8,0.5134358227309819,0.5467812693842106,0.5104151837751582,348,142,123,0.5436635985970497,0.5361380577087402,0.5872790813446045,full_beta_model_selection
weight_0080,grid,0.25,0.7000000000000001,0.05,none_full_beta_loso,8,0.4966116290735909,0.5114304502686855,0.4786081376690139,336,139,135,0.5448212847113609,0.521668016910553,0.5943052768707275,full_beta_model_selection
weight_0081,grid,0.30000000000000004,0.05,0.65,none_full_beta_loso,8,0.7057738149952508,0.6936122423328306,0.684610188199632,394,48,77,0.824311189353466,0.8150783181190491,0.8274883031845093,full_beta_model_selection
weight_0082,grid,0.30000000000000004,0.1,0.6000000000000001,none_full_beta_loso,8,0.709947242866318,0.6906039238539239,0.6839106329748177,389,48,82,0.7761732563376427,0.7706744074821472,0.7982625961303711,full_beta_model_selection
weight_0083,grid,0.30000000000000004,0.15000000000000002,0.55,none_full_beta_loso,8,0.6358691087288535,0.66542700763289,0.6407658391035136,395,55,76,0.7381491810083389,0.7298083901405334,0.7466928362846375,full_beta_model_selection
weight_0084,grid,0.30000000000000004,0.2,0.5,none_full_beta_loso,8,0.7048713302064329,0.687168173329938,0.6800541520998181,394,53,77,0.7047777771949768,0.6887202858924866,0.7103879451751709,full_beta_model_selection
weight_0085,grid,0.30000000000000004,0.25,0.45,none_full_beta_loso,8,0.7097671015909022,0.6779584288260758,0.6796168349605552,390,51,81,0.6725238636136055,0.668806791305542,0.6773931384086609,full_beta_model_selection
weight_0086,grid,0.30000000000000004,0.30000000000000004,0.4,none_full_beta_loso,8,0.6446583307996352,0.6879845726169256,0.6382343969391495,396,93,75,0.6244573891162872,0.5777606964111328,0.6406185030937195,full_beta_model_selection
weight_0087,grid,0.30000000000000004,0.35000000000000003,0.35000000000000003,none_full_beta_loso,8,0.5961393277794149,0.6945312155165095,0.6227827021127141,402,110,69,0.5796370282769203,0.5678081512451172,0.6297145485877991,full_beta_model_selection
weight_0088,grid,0.30000000000000004,0.4,0.30000000000000004,none_full_beta_loso,8,0.5894484435738836,0.6884035523300229,0.6176162252071076,404,113,67,0.5532434210181236,0.5293325781822205,0.5796084403991699,full_beta_model_selection
weight_0089,grid,0.30000000000000004,0.45,0.25,none_full_beta_loso,8,0.5989762033305317,0.6760334649011119,0.6206975155951877,400,104,71,0.5419726818799973,0.5382211208343506,0.5675866603851318,full_beta_model_selection
weight_0090,grid,0.30000000000000004,0.5,0.2,none_full_beta_loso,8,0.5760769261612404,0.658643175451999,0.6005550886937552,393,111,78,0.5214182659983635,0.519910991191864,0.5293635129928589,full_beta_model_selection
weight_0091,grid,0.30000000000000004,0.55,0.15000000000000002,none_full_beta_loso,8,0.5657810116779642,0.668582094376212,0.5956200994270442,385,126,86,0.5023908317089081,0.500586748123169,0.5072817802429199,full_beta_model_selection
weight_0092,grid,0.30000000000000004,0.6000000000000001,0.1,none_full_beta_loso,8,0.5422275866033419,0.6533566955919897,0.5734254258046891,377,137,94,0.48468493297696114,0.4627131223678589,0.4929064214229584,full_beta_model_selection
weight_0093,grid,0.30000000000000004,0.65,0.05,none_full_beta_loso,8,0.5386946601911391,0.6511932968991793,0.5709048912099074,374,146,97,0.47286414355039597,0.4722384214401245,0.4732694625854492,full_beta_model_selection
weight_0094,grid,0.35000000000000003,0.05,0.6000000000000001,none_full_beta_loso,8,0.7060369671757476,0.6898344645550528,0.6827778884723742,392,47,79,0.8065256923437119,0.7937339544296265,0.8095748424530029,full_beta_model_selection
weight_0095,grid,0.35000000000000003,0.1,0.55,none_full_beta_loso,8,0.6999383138899268,0.6763686297362768,0.6686451479807609,379,52,92,0.7554010599851608,0.7427151203155518,0.7800612449645996,full_beta_model_selection
weight_0096,grid,0.35000000000000003,0.15000000000000002,0.5,none_full_beta_loso,8,0.6410301166397964,0.6671257598610539,0.644345957716348,396,52,75,0.7121347934007645,0.7026408910751343,0.7363194823265076,full_beta_model_selection
weight_0097,grid,0.35000000000000003,0.2,0.45,none_full_beta_loso,8,0.7007366330102454,0.6853128619746267,0.6776985181914564,391,54,80,0.6810545027256012,0.6573764085769653,0.686664342880249,full_beta_model_selection
weight_0098,grid,0.35000000000000003,0.25,0.4,none_full_beta_loso,8,0.7064716703883652,0.6893963373228079,0.6830021061550515,396,53,75,0.6404744684696198,0.6340062618255615,0.645482063293457,full_beta_model_selection
weight_0099,grid,0.35000000000000003,0.30000000000000004,0.35000000000000003,none_full_beta_loso,8,0.7019083786854693,0.6799584288260758,0.6763524893823187,392,52,79,0.6143905520439148,0.6097939014434814,0.6162970066070557,full_beta_model_selection
weight_0100,grid,0.35000000000000003,0.35000000000000003,0.30000000000000004,none_full_beta_loso,8,0.658551140557893,0.6802008530685001,0.6456407455248853,392,79,79,0.5722878947854042,0.5073874592781067,0.5829360485076904,full_beta_model_selection
weight_0101,grid,0.35000000000000003,0.4,0.25,none_full_beta_loso,8,0.5922271053703079,0.6822959213988625,0.6105214611991322,394,111,77,0.529566265642643,0.4957466125488281,0.5631320476531982,full_beta_model_selection
weight_0102,grid,0.35000000000000003,0.45,0.2,none_full_beta_loso,8,0.5552375371217024,0.6919389058653764,0.5969422945669175,406,135,65,0.48508375883102417,0.4544042944908142,0.5205581784248352,full_beta_model_selection
weight_0103,grid,0.35000000000000003,0.5,0.15000000000000002,none_full_beta_loso,8,0.5592600763059905,0.688155186316951,0.6012104971856622,406,129,65,0.46721216663718224,0.4586711823940277,0.5025703310966492,full_beta_model_selection
weight_0104,grid,0.35000000000000003,0.55,0.1,none_full_beta_loso,8,0.549125147169502,0.6635843519225872,0.583500702065632,397,129,74,0.4530850648880005,0.4239674508571625,0.4735963046550751,full_beta_model_selection
weight_0105,grid,0.35000000000000003,0.6000000000000001,0.05,none_full_beta_loso,8,0.5515260147259107,0.6982063067651303,0.598274340039046,399,141,72,0.43332353606820107,0.43321335315704346,0.4340948164463043,full_beta_model_selection
weight_0106,grid,0.4,0.05,0.55,none_full_beta_loso,8,0.7118068242284343,0.6795801567713333,0.6804889346266483,386,44,85,0.7919929027557373,0.7744196653366089,0.7984485626220703,full_beta_model_selection
weight_0107,grid,0.4,0.1,0.5,none_full_beta_loso,8,0.6994864510489511,0.6787803944421592,0.669680034088384,380,53,91,0.7310266420245171,0.7202115058898926,0.7632735967636108,full_beta_model_selection
weight_0108,grid,0.4,0.15000000000000002,0.45,none_full_beta_loso,8,0.7061304760288684,0.6815522304492893,0.6760698350027112,383,50,88,0.689986526966095,0.676849365234375,0.7158154249191284,full_beta_model_selection
weight_0109,grid,0.4,0.2,0.4,none_full_beta_loso,8,0.6386375061216258,0.6669421591480416,0.6432957588550252,397,54,74,0.6492053791880608,0.6427013278007507,0.6622570753097534,full_beta_model_selection
weight_0110,grid,0.4,0.25,0.35000000000000003,none_full_beta_loso,8,0.7137299597975808,0.685005672432143,0.6860669415594909,392,49,79,0.6239843145012856,0.6225454807281494,0.6266117691993713,full_beta_model_selection
weight_0111,grid,0.4,0.30000000000000004,0.30000000000000004,none_full_beta_loso,8,0.6911992192839481,0.6760433961463373,0.6635895157317808,385,60,86,0.578843429684639,0.56854248046875,0.6066473722457886,full_beta_model_selection
weight_0112,grid,0.4,0.35000000000000003,0.25,none_full_beta_loso,8,0.6846216638866842,0.6750060478736949,0.6638123129567441,392,59,79,0.5571510717272758,0.5533823370933533,0.5579178333282471,full_beta_model_selection
weight_0113,grid,0.4,0.4,0.2,none_full_beta_loso,8,0.6010548004686183,0.6651274297597827,0.6040039325823479,388,113,83,0.5053164921700954,0.43701422214508057,0.5476248264312744,full_beta_model_selection
weight_0114,grid,0.4,0.45,0.15000000000000002,none_full_beta_loso,8,0.5581843221558984,0.7027207580001698,0.6014852839849524,407,141,64,0.44694527611136436,0.4285675883293152,0.5055606365203857,full_beta_model_selection
weight_0115,grid,0.4,0.5,0.1,none_full_beta_loso,8,0.5426256727033492,0.7073618750530515,0.5950336416435134,416,150,55,0.40708598122000694,0.3874199092388153,0.44577664136886597,full_beta_model_selection
weight_0116,grid,0.4,0.55,0.05,none_full_beta_loso,8,0.5429163862545865,0.6903833503098209,0.5896910776968427,408,145,63,0.3974035046994686,0.38127797842025757,0.42590025067329407,full_beta_model_selection
weight_0117,grid,0.45,0.05,0.5,none_full_beta_loso,8,0.7132774493576368,0.681317530508707,0.6839225188114619,390,46,81,0.7673997282981873,0.7637500762939453,0.7795450687408447,full_beta_model_selection
weight_0118,grid,0.45,0.1,0.45,none_full_beta_loso,8,0.701541302488501,0.6852004776269482,0.6770683756448945,387,50,84,0.7169130593538284,0.6993720531463623,0.7281900644302368,full_beta_model_selection
weight_0119,grid,0.45,0.15000000000000002,0.4,none_full_beta_loso,8,0.7019004636433455,0.6758980415009826,0.6696771929383247,379,52,92,0.6694815009832382,0.6560115814208984,0.7017683982849121,full_beta_model_selection
weight_0120,grid,0.45,0.2,0.35000000000000003,none_full_beta_loso,8,0.627757018417938,0.6616551716257598,0.6320217374168784,391,58,80,0.6300850287079811,0.6133797764778137,0.6544433832168579,full_beta_model_selection
weight_0121,grid,0.45,0.25,0.30000000000000004,none_full_beta_loso,8,0.6327166699659944,0.6522850841968488,0.6325641208615367,390,56,81,0.6019794046878815,0.5964374542236328,0.6323795318603516,full_beta_model_selection
weight_0122,grid,0.45,0.30000000000000004,0.25,none_full_beta_loso,8,0.6069919730898139,0.6498092332504097,0.6142942042340302,390,70,81,0.561602957546711,0.5330804586410522,0.5942906141281128,full_beta_model_selection
weight_0123,grid,0.45,0.35000000000000003,0.2,none_full_beta_loso,8,0.68539157766822,0.6449032552414906,0.6462565421363696,371,54,100,0.5522795468568802,0.529418408870697,0.5598999261856079,full_beta_model_selection
weight_0124,grid,0.45,0.4,0.15000000000000002,none_full_beta_loso,8,0.6055046836483929,0.6578902682285035,0.6003053788062032,379,107,92,0.4889422468841076,0.36856892704963684,0.5330424904823303,full_beta_model_selection
weight_0125,grid,0.45,0.45,0.1,none_full_beta_loso,8,0.5626478085503488,0.7036772133095662,0.5953021084807033,403,147,68,0.41592348366975784,0.36664098501205444,0.46092772483825684,full_beta_model_selection
weight_0126,grid,0.45,0.5,0.05,none_full_beta_loso,8,0.5424777472648619,0.7031913462354639,0.5890721664459629,407,156,64,0.3787598945200443,0.3585137128829956,0.4514605700969696,full_beta_model_selection
weight_0127,grid,0.5,0.05,0.45,none_full_beta_loso,8,0.6998707445885491,0.6455813451254628,0.6497725232527137,358,47,113,0.756113275885582,0.7353339791297913,0.7834509611129761,full_beta_model_selection
weight_0128,grid,0.5,0.1,0.4,none_full_beta_loso,8,0.6798088823377841,0.6816122423328306,0.659657104935877,382,60,89,0.6928552612662315,0.6685369610786438,0.7222425937652588,full_beta_model_selection
weight_0129,grid,0.5,0.15000000000000002,0.35000000000000003,none_full_beta_loso,8,0.6925566369616959,0.6520519333607568,0.6512739543106854,364,52,107,0.669622153043747,0.6286761164665222,0.6908789873123169,full_beta_model_selection
weight_0130,grid,0.5,0.2,0.30000000000000004,none_full_beta_loso,8,0.6270704857730174,0.640388980300745,0.6204968125679853,378,55,93,0.6224779188632965,0.5964277982711792,0.6348476409912109,full_beta_model_selection
weight_0131,grid,0.5,0.25,0.25,none_full_beta_loso,8,0.6029622315263634,0.66542700763289,0.6187741509969639,395,71,76,0.5731315612792969,0.5496806502342224,0.6136223673820496,full_beta_model_selection
weight_0132,grid,0.5,0.30000000000000004,0.2,none_full_beta_loso,8,0.6751436781609196,0.6778161299484828,0.6587461252612878,388,65,83,0.5414476618170738,0.5406065583229065,0.5472444891929626,full_beta_model_selection
weight_0133,grid,0.5,0.35000000000000003,0.15000000000000002,none_full_beta_loso,8,0.6372732523311273,0.6649225725255137,0.6334487785993589,381,78,90,0.5089666321873665,0.49132537841796875,0.5218157768249512,full_beta_model_selection
weight_0134,grid,0.5,0.4,0.1,none_full_beta_loso,8,0.6134699583365524,0.646988222561752,0.6003323856434133,370,99,101,0.4797072522342205,0.3326534926891327,0.5070611238479614,full_beta_model_selection
weight_0135,grid,0.5,0.45,0.05,none_full_beta_loso,8,0.5723928711416444,0.6745616034292505,0.5868882695318839,388,140,83,0.4082605391740799,0.31703415513038635,0.4579278826713562,full_beta_model_selection
weight_0136,grid,0.55,0.05,0.4,none_full_beta_loso,8,0.6967566935479808,0.6480174710910005,0.6496816818597696,362,50,109,0.7380664497613907,0.7173973321914673,0.7654308080673218,full_beta_model_selection
weight_0137,grid,0.55,0.1,0.35000000000000003,none_full_beta_loso,8,0.7035245979299226,0.6609063599798894,0.660392858385693,366,51,105,0.6860999241471291,0.6706569194793701,0.7159098982810974,full_beta_model_selection
weight_0138,grid,0.55,0.15000000000000002,0.30000000000000004,none_full_beta_loso,8,0.6912810722927033,0.6310584693084693,0.6364759149858179,352,52,119,0.6444505155086517,0.6119771599769592,0.684361457824707,full_beta_model_selection
weight_0139,grid,0.55,0.2,0.25,none_full_beta_loso,8,0.6190685195349868,0.6297490516019928,0.6078567463205351,369,58,102,0.6072043776512146,0.5681923627853394,0.6225213408470154,full_beta_model_selection
weight_0140,grid,0.55,0.25,0.2,none_full_beta_loso,8,0.5912662515492173,0.6651845833904657,0.6098575769453793,395,80,76,0.5454285219311714,0.5274798274040222,0.5783000588417053,full_beta_model_selection
weight_0141,grid,0.55,0.30000000000000004,0.15000000000000002,none_full_beta_loso,8,0.5916707513791504,0.6543052862170509,0.6059102727693255,390,80,81,0.5210535824298859,0.5156738758087158,0.5508995652198792,full_beta_model_selection
weight_0142,grid,0.55,0.35000000000000003,0.1,none_full_beta_loso,8,0.5940618366661459,0.6793054282318989,0.603355156316025,391,126,80,0.4542650356888771,0.2610167860984802,0.4898574948310852,full_beta_model_selection
weight_0143,grid,0.55,0.4,0.05,none_full_beta_loso,8,0.543699864481443,0.6432782446311858,0.55590368199418,382,128,89,0.43128060922026634,0.277586966753006,0.4772561490535736,full_beta_model_selection
weight_0144,grid,0.6000000000000001,0.05,0.35000000000000003,none_full_beta_loso,8,0.6940015620358821,0.6389509232597468,0.643251197754943,353,48,118,0.7273180112242699,0.699028491973877,0.7494365572929382,full_beta_model_selection
weight_0145,grid,0.6000000000000001,0.1,0.30000000000000004,none_full_beta_loso,8,0.6798272586905072,0.6482396933132228,0.640105130130463,364,58,107,0.6643185615539551,0.6329635381698608,0.6931382417678833,full_beta_model_selection
weight_0146,grid,0.6000000000000001,0.15000000000000002,0.25,none_full_beta_loso,8,0.6803340418290131,0.6536318501759678,0.6431404809860721,365,60,106,0.6260290890932083,0.5949989557266235,0.6558188199996948,full_beta_model_selection
weight_0147,grid,0.6000000000000001,0.2,0.2,none_full_beta_loso,8,0.6631529765426631,0.6595486653869007,0.6347835201348282,367,66,104,0.5935042276978493,0.5413488149642944,0.6102685332298279,full_beta_model_selection
weight_0148,grid,0.6000000000000001,0.25,0.15000000000000002,none_full_beta_loso,8,0.5818539716631872,0.6494151240915946,0.5945531522857429,383,81,88,0.5309638231992722,0.4774826765060425,0.5515420436859131,full_beta_model_selection
weight_0149,grid,0.6000000000000001,0.30000000000000004,0.1,none_full_beta_loso,8,0.5466105021481934,0.6702346999405824,0.5720076296197305,396,132,75,0.4640650376677513,0.24571669101715088,0.5363468527793884,full_beta_model_selection
weight_0150,grid,0.6000000000000001,0.35000000000000003,0.05,none_full_beta_loso,8,0.507704906107543,0.6665805109922758,0.5394700827758618,394,157,77,0.3975291959941387,0.2297828644514084,0.5083900690078735,full_beta_model_selection
weight_0151,grid,0.65,0.05,0.30000000000000004,none_full_beta_loso,8,0.680690362584083,0.6433828899858312,0.6369942217794557,354,55,117,0.718125119805336,0.6759802103042603,0.7311046123504639,full_beta_model_selection
weight_0152,grid,0.65,0.1,0.25,none_full_beta_loso,8,0.6913749664242839,0.6663900201106083,0.6522532325983491,365,57,106,0.6443588212132454,0.631838858127594,0.7256928086280823,full_beta_model_selection
weight_0153,grid,0.65,0.15000000000000002,0.2,none_full_beta_loso,8,0.6679140752536549,0.6469027949175008,0.6305280932955281,358,63,113,0.6158218309283257,0.5713549256324768,0.645571768283844,full_beta_model_selection
weight_0154,grid,0.65,0.2,0.15000000000000002,none_full_beta_loso,8,0.639501946421033,0.6674114104849398,0.6211959545056885,370,85,101,0.5557608380913734,0.5079634189605713,0.5934461355209351,full_beta_model_selection
weight_0155,grid,0.65,0.25,0.1,none_full_beta_loso,8,0.5701911053525999,0.6507728186845834,0.5843385086450383,382,96,89,0.49982092157006264,0.46811190247535706,0.5520690679550171,full_beta_model_selection
weight_0156,grid,0.65,0.30000000000000004,0.05,none_full_beta_loso,8,0.6075644532667641,0.6954345833904657,0.6270164170656977,395,102,76,0.4531937316060066,0.42588990926742554,0.46366387605667114,full_beta_model_selection
weight_0157,grid,0.7000000000000001,0.05,0.25,none_full_beta_loso,8,0.6731220454997819,0.6596710658622424,0.6355423790795576,361,64,110,0.6800510734319687,0.6563619375228882,0.7554354071617126,full_beta_model_selection
weight_0158,grid,0.7000000000000001,0.1,0.2,none_full_beta_loso,8,0.6903714974825657,0.678907548334019,0.6665573394686637,382,56,89,0.6403580382466316,0.6375535726547241,0.6413286328315735,full_beta_model_selection
weight_0159,grid,0.7000000000000001,0.15000000000000002,0.15000000000000002,none_full_beta_loso,8,0.6507309718548452,0.637046585767174,0.6090693599821853,346,75,125,0.5988664925098419,0.5470587015151978,0.6531499624252319,full_beta_model_selection
weight_0160,grid,0.7000000000000001,0.2,0.1,none_full_beta_loso,8,0.6307319434393888,0.6708233808674986,0.615033505268155,372,100,99,0.509312778711319,0.484764963388443,0.5830281376838684,full_beta_model_selection
weight_0161,grid,0.7000000000000001,0.25,0.05,none_full_beta_loso,8,0.6272801054127899,0.6799481580510993,0.6184872184852229,379,102,92,0.47610533982515335,0.44279712438583374,0.5229167342185974,full_beta_model_selection
weight_0162,grid,0.75,0.05,0.2,none_full_beta_loso,8,0.6798464141245161,0.6566573997897527,0.6453489584069941,361,56,110,0.6741297766566277,0.6535820364952087,0.694247841835022,full_beta_model_selection
weight_0163,grid,0.75,0.1,0.15000000000000002,none_full_beta_loso,8,0.6691758781501056,0.6416722542163719,0.6243076981402758,349,66,122,0.6339492946863174,0.6206986904144287,0.6960573196411133,full_beta_model_selection
weight_0164,grid,0.75,0.15000000000000002,0.1,none_full_beta_loso,8,0.6337157067006096,0.666308229352347,0.6140177505286724,367,96,104,0.5423075705766678,0.5181919932365417,0.6051988005638123,full_beta_model_selection
weight_0165,grid,0.75,0.2,0.05,none_full_beta_loso,8,0.6236028874269006,0.6718233808674985,0.6101895605667977,373,107,98,0.48799849301576614,0.45956429839134216,0.5598015189170837,full_beta_model_selection
weight_0166,grid,0.8,0.05,0.15000000000000002,none_full_beta_loso,8,0.6522154320138898,0.6483240664564194,0.6209272119986405,358,70,113,0.6641114130616188,0.6166136860847473,0.6794089078903198,full_beta_model_selection
weight_0167,grid,0.8,0.1,0.1,none_full_beta_loso,8,0.645672851148425,0.6346063005621829,0.6031512083068171,345,81,126,0.6124216988682747,0.5691644549369812,0.6802189350128174,full_beta_model_selection
weight_0168,grid,0.8,0.15000000000000002,0.05,none_full_beta_loso,8,0.6289628100855134,0.6484846999405822,0.5969739030328864,352,99,119,0.5364580526947975,0.5014793872833252,0.6371762752532959,full_beta_model_selection
weight_0169,grid,0.8500000000000001,0.05,0.1,none_full_beta_loso,8,0.6412657929252826,0.6101068033273915,0.584999458109211,334,83,137,0.6494624838232994,0.6003172397613525,0.7172242999076843,full_beta_model_selection
weight_0170,grid,0.8500000000000001,0.1,0.05,none_full_beta_loso,8,0.6343338737816209,0.6374139928698752,0.5943959552254493,344,89,127,0.5966207087039948,0.5276765823364258,0.6712154150009155,full_beta_model_selection
weight_0171,grid,0.9,0.05,0.05,none_full_beta_loso,8,0.6224730777269434,0.6422422756981581,0.5852477828400776,346,102,125,0.6099897772073746,0.5779406428337097,0.7051010727882385,full_beta_model_selection
